timestamp,air_temp,air_pressure,wind_speed,wind_direction,wind_gust,water_level,etss_tide,surge_residual,storm_block_id
2021-01-01 02:00:00,6.72,1028.06,5.47,11.2,6.99,3.108,0.0,3.108,0
2021-01-01 03:00:00,6.36,1028.96,6.31,14.1,8.12,2.572,0.0,2.572,0
2021-01-01 04:00:00,6.05,1029.42,5.17,19.4,7.52,1.688,0.0,1.688,0
2021-01-01 05:00:00,6.2,1029.82,4.52,26.8,6.9,0.666,0.0,0.666,0
2021-01-01 06:00:00,6.33,1030.27,4.18,34.9,7.14,0.134,0.0,0.134,0
2021-01-01 07:00:00,6.08,1031.14,4.08,36.2,7.62,0.027,0.0,0.027,0
2021-01-01 08:00:00,5.53,1031.28,3.74,40.1,6.8,0.585,0.0,0.585,0
2021-01-01 09:00:00,5.1,1031.54,4.05,35.1,7.23,1.489,0.0,1.489,0
2021-01-01 10:00:00,5.09,1031.63,4.28,31.5,6.64,2.718,0.0,2.718,0
2021-01-01 11:00:00,5.23,1031.94,4.11,34.6,6.55,3.947,0.0,3.947,0
2021-01-01 12:00:00,5.3,1032.43,3.69,56.8,5.19,4.682,0.0,4.682,0
2021-01-01 13:00:00,6.14,1032.49,3.42,50.2,5.11,5.069,0.0,5.069,0
2021-01-01 14:00:00,7.48,1032.8,3.87,77.0,5.82,4.892,0.0,4.892,0
2021-01-01 15:00:00,7.74,1031.84,4.74,80.8,7.23,4.256,0.0,4.256,0
2021-01-01 16:00:00,8.01,1030.77,4.55,84.6,6.8,3.221,0.0,3.221,0
2021-01-01 17:00:00,8.21,1029.58,3.79,81.7,6.12,2.009,0.0,2.009,0
2021-01-01 18:00:00,8.58,1028.14,3.64,83.4,5.77,1.177,0.0,1.177,0
2021-01-01 19:00:00,8.82,1027.14,3.4,79.4,5.6,0.613,0.0,0.613,0
2021-01-01 20:00:00,9.09,1025.88,3.75,82.0,5.87,0.465,0.0,0.465,0
2021-01-01 21:00:00,9.31,1025.23,2.96,89.4,4.65,0.819,0.0,0.819,0
2021-01-01 22:00:00,9.33,1023.96,3.02,93.9,4.61,1.794,0.0,1.794,0
2021-01-01 23:00:00,9.45,1022.96,2.79,102.3,4.73,2.853,0.0,2.853,0
2021-01-02 00:00:00,9.49,1021.48,2.78,101.6,4.59,3.511,0.0,3.511,0
2021-01-02 01:00:00,10.19,1019.82,3.24,128.5,5.0,4.108,0.0,4.108,0
2021-01-02 02:00:00,10.64,1018.27,2.76,181.2,4.18,4.337,0.0,4.337,0
2021-01-02 03:00:00,10.47,1017.2,2.79,215.4,3.37,4.014,0.0,4.014,0
2021-01-02 04:00:00,10.97,1015.91,3.34,240.6,4.09,3.341,0.0,3.341,0
2021-01-02 05:00:00,10.01,1012.86,3.31,180.7,4.56,2.412,0.0,2.412,0
2021-01-02 06:00:00,10.86,1012.58,5.45,224.4,7.03,1.473,0.0,1.473,0
2021-01-02 07:00:00,11.98,1012.44,6.7,264.8,9.01,0.941,0.0,0.941,0
2021-01-02 08:00:00,10.35,1011.64,7.49,271.8,10.18,1.196,0.0,1.196,0
2021-01-02 09:00:00,9.02,1011.61,6.73,273.9,9.5,1.406,0.0,1.406,0
2021-01-02 10:00:00,8.51,1011.08,7.92,264.8,10.45,2.289,0.0,2.289,0
2021-01-02 11:00:00,8.77,1011.35,8.42,261.0,11.05,3.455,0.0,3.455,0
2021-01-02 12:00:00,8.45,1012.27,7.84,274.7,10.69,4.389,0.0,4.389,0
2021-01-02 13:00:00,7.75,1014.01,5.42,308.0,8.54,4.942,0.0,4.942,0
2021-01-02 14:00:00,7.48,1014.45,4.52,272.8,6.38,5.027,0.0,5.027,0
2021-01-02 15:00:00,8.39,1014.55,3.68,280.8,5.08,4.635,0.0,4.635,0
2021-01-02 16:00:00,9.89,1014.7,3.83,304.9,5.51,4.018,0.0,4.018,0
2021-01-02 17:00:00,11.1,1014.7,5.15,315.3,7.01,2.83,0.0,2.83,0
2021-01-02 18:00:00,12.07,1015.08,6.05,321.9,8.4,1.473,0.0,1.473,0
2021-01-02 19:00:00,12.34,1015.48,5.32,322.0,7.56,0.67,0.0,0.67,0
2021-01-02 20:00:00,12.33,1016.4,4.24,319.9,6.23,0.155,0.0,0.155,0
2021-01-02 21:00:00,11.76,1017.41,3.45,319.3,4.78,0.284,0.0,0.284,0
2021-01-02 22:00:00,11.31,1017.79,5.03,344.6,6.43,0.567,0.0,0.567,0
2021-01-02 23:00:00,10.86,1018.29,4.47,346.2,5.84,1.33,0.0,1.33,0
2021-01-03 00:00:00,10.21,1018.75,3.52,245.2,4.39,2.156,0.0,2.156,0
2021-01-03 01:00:00,9.45,1018.96,4.9,11.0,6.4,2.812,0.0,2.812,0
2021-01-03 02:00:00,8.86,1019.53,5.0,17.1,6.91,3.193,0.0,3.193,0
2021-01-03 03:00:00,8.34,1019.87,4.04,28.9,5.78,3.378,0.0,3.378,0
2021-01-03 04:00:00,8.03,1019.39,4.13,34.3,6.47,2.977,0.0,2.977,0
2021-01-03 05:00:00,7.76,1018.99,2.51,55.8,5.31,2.182,0.0,2.182,0
2021-01-03 06:00:00,7.53,1019.17,3.28,71.1,5.23,1.458,0.0,1.458,0
2021-01-03 07:00:00,7.59,1019.26,3.97,76.7,5.95,0.862,0.0,0.862,0
2021-01-03 08:00:00,7.99,1019.05,3.04,75.3,4.95,0.517,0.0,0.517,0
2021-01-03 09:00:00,8.31,1016.99,4.47,101.2,6.55,0.635,0.0,0.635,0
2021-01-03 10:00:00,8.32,1016.14,4.36,94.0,6.81,1.499,0.0,1.499,0
2021-01-03 11:00:00,8.53,1017.42,2.38,90.2,3.95,2.699,0.0,2.699,0
2021-01-03 12:00:00,7.99,1018.1,2.58,24.8,3.73,4.025,0.0,4.025,0
2021-01-03 13:00:00,8.25,1016.65,3.11,66.8,5.14,5.085,0.0,5.085,0
2021-01-03 14:00:00,8.66,1016.18,3.68,71.6,5.95,5.238,0.0,5.238,0
2021-01-03 15:00:00,9.03,1014.45,4.15,75.0,6.61,5.423,0.0,5.423,0
2021-01-03 16:00:00,9.36,1012.6,3.81,73.8,5.87,5.219,0.0,5.219,0
2021-01-03 17:00:00,9.64,1010.99,3.04,67.9,5.27,4.469,0.0,4.469,0
2021-01-03 18:00:00,9.89,1010.6,2.24,44.2,4.18,3.651,0.0,3.651,0
2021-01-03 19:00:00,9.4,1010.72,3.48,47.6,4.36,2.708,0.0,2.708,0
2021-01-03 20:00:00,9.02,1010.87,3.88,16.0,5.31,2.178,0.0,2.178,0
2021-01-03 21:00:00,8.8,1010.87,4.43,8.7,5.52,1.682,0.0,1.682,0
2021-01-03 22:00:00,8.88,1011.29,4.64,108.9,5.74,1.73,0.0,1.73,0
2021-01-03 23:00:00,7.94,1011.71,6.14,277.9,7.57,2.224,0.0,2.224,0
2021-01-04 00:00:00,6.94,1012.27,6.98,311.7,9.0,3.105,0.0,3.105,0
2021-01-04 01:00:00,6.07,1012.48,7.79,315.3,9.62,4.243,0.0,4.243,0
2021-01-04 02:00:00,5.75,1012.97,5.76,343.6,7.43,4.863,0.0,4.863,0
2021-01-04 03:00:00,5.64,1013.42,5.79,341.6,7.51,5.347,0.0,5.347,0
2021-01-04 04:00:00,5.44,1013.42,6.08,341.8,7.51,5.433,0.0,5.433,0
2021-01-04 05:00:00,5.34,1013.47,5.87,340.1,7.6,4.889,0.0,4.889,0
2021-01-04 06:00:00,5.11,1013.74,5.67,337.0,7.72,3.985,0.0,3.985,0
2021-01-04 07:00:00,5.01,1013.76,5.68,341.8,7.54,2.847,0.0,2.847,0
2021-01-04 08:00:00,4.8,1014.04,5.79,346.2,7.33,2.256,0.0,2.256,0
2021-01-04 09:00:00,4.62,1014.36,5.8,349.5,7.45,1.909,0.0,1.909,0
2021-01-04 10:00:00,4.48,1014.81,5.8,246.7,7.31,1.955,0.0,1.955,0
2021-01-04 11:00:00,4.31,1015.47,5.94,178.2,7.47,2.485,0.0,2.485,0
2021-01-04 12:00:00,4.32,1015.99,6.06,75.5,7.32,3.44,0.0,3.44,0
2021-01-04 13:00:00,4.39,1016.68,5.3,39.3,6.59,4.502,0.0,4.502,0
2021-01-04 14:00:00,4.59,1017.21,5.11,39.9,6.25,5.388,0.0,5.388,0
2021-01-04 15:00:00,4.65,1017.12,4.6,247.8,5.87,5.741,0.0,5.741,0
2021-01-04 16:00:00,4.56,1016.46,5.17,246.2,6.56,5.731,0.0,5.731,0
2021-01-04 17:00:00,4.75,1016.01,4.52,311.9,5.76,5.245,0.0,5.245,0
2021-01-04 18:00:00,4.99,1015.62,4.44,208.4,5.74,4.251,0.0,4.251,0
2021-01-04 19:00:00,5.03,1015.46,4.45,77.2,5.63,3.287,0.0,3.287,0
2021-01-04 20:00:00,5.09,1015.72,3.69,8.5,4.6,2.419,0.0,2.419,0
2021-01-04 21:00:00,5.18,1015.78,3.8,77.9,4.56,1.857,0.0,1.857,0
2021-01-04 22:00:00,5.16,1015.87,4.25,11.1,5.24,1.568,0.0,1.568,0
2021-01-04 23:00:00,5.19,1016.19,3.55,75.9,4.22,1.649,0.0,1.649,0
2021-01-05 00:00:00,5.23,1016.08,3.03,284.1,4.19,2.376,0.0,2.376,0
2021-01-05 01:00:00,5.01,1015.93,2.45,337.4,3.15,3.371,0.0,3.371,0
2021-01-05 02:00:00,5.08,1015.72,2.3,337.1,2.95,4.149,0.0,4.149,0
2021-01-05 03:00:00,4.81,1015.4,1.8,311.1,2.33,4.839,0.0,4.839,0
2021-01-05 04:00:00,4.79,1014.93,1.63,324.5,2.17,5.261,0.0,5.261,0
2021-01-05 05:00:00,4.91,1014.39,1.4,220.6,1.93,5.181,0.0,5.181,0
2021-01-05 06:00:00,4.68,1014.22,1.87,315.6,2.34,4.677,0.0,4.677,0
2021-01-05 07:00:00,4.56,1014.47,1.83,306.4,2.55,3.838,0.0,3.838,0
2021-01-05 08:00:00,4.57,1013.95,1.89,321.7,2.53,2.981,0.0,2.981,0
2021-01-05 09:00:00,4.49,1014.0,2.89,302.9,3.84,2.207,0.0,2.207,0
2021-01-05 10:00:00,4.58,1014.19,2.2,313.5,2.96,1.734,0.0,1.734,0
2021-01-05 11:00:00,4.74,1014.35,1.8,335.9,2.28,2.072,0.0,2.072,0
2021-01-05 12:00:00,4.67,1014.36,1.18,326.2,1.5,2.631,0.0,2.631,0
2021-01-05 13:00:00,4.72,1014.72,1.64,319.6,2.05,3.539,0.0,3.539,0
2021-01-05 14:00:00,5.0,1014.66,1.77,175.3,2.24,4.454,0.0,4.454,0
2021-01-05 15:00:00,5.31,1014.11,2.05,14.8,2.58,5.21,0.0,5.21,0
2021-01-05 16:00:00,5.53,1013.15,2.53,13.6,3.03,5.662,0.0,5.662,0
2021-01-05 17:00:00,5.84,1012.5,2.48,20.3,3.38,5.593,0.0,5.593,0
2021-01-05 18:00:00,5.81,1012.39,2.72,28.7,3.88,5.034,0.0,5.034,0
2021-01-05 19:00:00,5.43,1012.45,3.11,26.0,4.52,4.283,0.0,4.283,0
2021-01-05 20:00:00,5.6,1012.93,3.45,15.9,4.38,3.429,0.0,3.429,0
2021-01-05 21:00:00,5.48,1013.61,3.46,15.6,4.58,2.714,0.0,2.714,0
2021-01-05 22:00:00,5.25,1014.27,4.15,40.5,5.09,2.083,0.0,2.083,0
2021-01-05 23:00:00,5.04,1014.76,3.79,280.5,4.75,1.739,0.0,1.739,0
2021-01-06 00:00:00,4.98,1015.06,3.62,341.2,4.83,1.942,0.0,1.942,0
2021-01-06 01:00:00,4.98,1015.17,4.68,312.6,5.97,2.656,0.0,2.656,0
2021-01-06 02:00:00,4.82,1015.31,4.28,335.9,5.71,3.608,0.0,3.608,0
2021-01-06 03:00:00,4.7,1015.42,4.26,334.0,5.77,4.583,0.0,4.583,0
2021-01-06 04:00:00,4.56,1015.28,4.56,334.1,5.92,5.315,0.0,5.315,0
2021-01-06 05:00:00,4.34,1015.3,5.06,321.4,6.3,5.674,0.0,5.674,0
2021-01-06 06:00:00,4.33,1015.5,5.33,321.9,6.81,5.635,0.0,5.635,0
2021-01-06 07:00:00,4.27,1016.08,5.04,321.2,6.44,5.064,0.0,5.064,0
2021-01-06 08:00:00,4.18,1016.45,4.97,324.0,6.64,4.289,0.0,4.289,0
2021-01-06 09:00:00,4.06,1016.59,4.85,331.7,6.65,3.241,0.0,3.241,0
2021-01-06 10:00:00,4.07,1016.82,4.78,336.2,6.39,2.389,0.0,2.389,0
2021-01-06 11:00:00,4.06,1017.31,5.07,331.5,6.76,2.102,0.0,2.102,0
2021-01-06 12:00:00,4.04,1017.99,5.13,333.5,6.95,2.194,0.0,2.194,0
2021-01-06 13:00:00,4.156,1018.733,5.511,333.778,7.511,2.757,0.0,2.757,0
2021-01-06 14:00:00,4.42,1019.1,6.42,338.7,8.81,3.423,0.0,3.423,0
2021-01-06 15:00:00,4.9,1018.97,7.02,337.3,9.66,4.116,0.0,4.116,0
2021-01-06 16:00:00,5.44,1018.53,6.74,334.5,9.61,4.865,0.0,4.865,0
2021-01-06 17:00:00,5.56,1017.89,7.41,334.6,9.69,5.353,0.0,5.353,0
2021-01-06 18:00:00,5.5,1017.44,7.63,332.7,10.27,5.254,0.0,5.254,0
2021-01-06 19:00:00,5.41,1017.9,7.86,333.7,10.76,4.75,0.0,4.75,0
2021-01-06 20:00:00,4.93,1018.59,8.47,337.4,10.95,4.13,0.0,4.13,0
2021-01-06 21:00:00,4.74,1019.19,7.97,331.0,10.89,3.332,0.0,3.332,0
2021-01-06 22:00:00,4.53,1019.93,7.61,338.1,10.21,2.381,0.0,2.381,0
2021-01-06 23:00:00,4.34,1020.46,6.69,337.2,9.19,1.609,0.0,1.609,0
2021-01-07 00:00:00,4.07,1020.72,6.49,334.9,9.41,1.317,0.0,1.317,0
2021-01-07 01:00:00,3.8,1020.83,6.01,335.5,8.87,1.66,0.0,1.66,0
2021-01-07 02:00:00,3.44,1020.9,4.89,329.6,6.81,2.522,0.0,2.522,0
2021-01-07 03:00:00,3.12,1021.02,4.01,332.5,5.81,3.52,0.0,3.52,0
2021-01-07 04:00:00,2.8,1021.02,3.94,325.0,5.15,4.459,0.0,4.459,0
2021-01-07 05:00:00,2.62,1020.61,4.64,331.7,6.27,5.121,0.0,5.121,0
2021-01-07 06:00:00,2.64,1020.67,5.36,335.9,7.4,5.487,0.0,5.487,0
2021-01-07 07:00:00,2.39,1020.95,5.03,336.0,7.38,5.317,0.0,5.317,0
2021-01-07 08:00:00,2.34,1021.18,5.14,338.2,7.17,4.846,0.0,4.846,0
2021-01-07 09:00:00,2.02,1020.91,5.42,340.2,7.0,3.983,0.0,3.983,0
2021-01-07 10:00:00,2.04,1021.24,5.51,338.7,7.39,2.936,0.0,2.936,0
2021-01-07 11:00:00,1.65,1021.78,4.56,336.1,6.11,2.183,0.0,2.183,0
2021-01-07 12:00:00,1.15,1022.46,4.08,330.8,5.39,1.822,0.0,1.822,0
2021-01-07 13:00:00,1.57,1022.82,5.13,337.5,6.94,1.973,0.0,1.973,0
2021-01-07 14:00:00,2.24,1023.07,6.49,344.3,8.43,2.279,0.0,2.279,0
2021-01-07 15:00:00,2.8,1022.67,6.2,273.1,8.01,2.927,0.0,2.927,0
2021-01-07 16:00:00,3.38,1021.87,4.43,171.0,6.05,3.859,0.0,3.859,0
2021-01-07 17:00:00,4.39,1021.01,4.32,324.8,6.08,4.549,0.0,4.549,0
2021-01-07 18:00:00,5.29,1020.59,4.69,318.2,6.49,4.883,0.0,4.883,0
2021-01-07 19:00:00,5.91,1020.4,5.09,319.2,6.74,4.791,0.0,4.791,0
2021-01-07 20:00:00,6.18,1020.4,5.14,329.8,6.93,4.445,0.0,4.445,0
2021-01-07 21:00:00,5.93,1020.66,4.28,325.4,5.96,3.679,0.0,3.679,0
2021-01-07 22:00:00,4.92,1020.97,2.5,311.3,3.72,2.792,0.0,2.792,0
2021-01-07 23:00:00,4.12,1021.43,2.05,295.9,2.77,1.815,0.0,1.815,0
2021-01-08 00:00:00,3.32,1021.64,2.12,285.1,2.68,1.186,0.0,1.186,0
2021-01-08 01:00:00,2.7,1021.44,2.41,286.5,3.04,0.997,0.0,0.997,0
2021-01-08 02:00:00,2.37,1021.01,2.23,316.1,2.86,1.379,0.0,1.379,0
2021-01-08 03:00:00,2.04,1020.77,1.14,322.2,1.8,2.203,0.0,2.203,0
2021-01-08 04:00:00,1.83,1020.76,2.15,328.0,2.84,3.219,0.0,3.219,0
2021-01-08 05:00:00,1.5,1020.73,2.32,328.4,3.15,4.201,0.0,4.201,0
2021-01-08 06:00:00,1.64,1020.15,3.14,309.4,3.94,4.915,0.0,4.915,0
2021-01-08 07:00:00,2.35,1019.6,3.58,180.8,4.64,5.231,0.0,5.231,0
2021-01-08 08:00:00,2.58,1018.55,4.36,15.2,5.44,5.22,0.0,5.22,0
2021-01-08 09:00:00,2.84,1018.31,3.38,46.9,4.72,4.622,0.0,4.622,0
2021-01-08 10:00:00,2.1,1018.86,2.17,318.9,2.71,3.817,0.0,3.817,0
2021-01-08 11:00:00,1.76,1018.14,2.99,240.0,3.69,2.83,0.0,2.83,0
2021-01-08 12:00:00,2.34,1018.25,2.78,143.3,4.32,1.819,0.0,1.819,0
2021-01-08 13:00:00,1.46,1018.75,2.61,318.8,3.27,1.396,0.0,1.396,0
2021-01-08 14:00:00,1.63,1019.05,3.04,198.7,3.88,1.452,0.0,1.452,0
2021-01-08 15:00:00,2.04,1018.11,3.38,14.3,4.65,1.801,0.0,1.801,0
2021-01-08 16:00:00,2.03,1016.78,3.15,18.2,4.31,2.389,0.0,2.389,0
2021-01-08 17:00:00,2.41,1015.63,2.26,90.1,3.56,3.387,0.0,3.387,0
2021-01-08 18:00:00,2.47,1014.96,2.31,17.2,3.34,3.994,0.0,3.994,0
2021-01-08 19:00:00,2.92,1014.16,3.03,52.2,3.89,4.519,0.0,4.519,0
2021-01-08 20:00:00,3.1,1013.7,3.4,18.4,4.61,4.402,0.0,4.402,0
2021-01-08 21:00:00,3.21,1013.35,4.02,19.8,5.52,4.142,0.0,4.142,0
2021-01-08 22:00:00,2.83,1013.11,5.17,19.4,7.18,3.434,0.0,3.434,0
2021-01-08 23:00:00,2.45,1012.23,7.37,14.3,9.1,2.486,0.0,2.486,0
2021-01-09 00:00:00,2.3,1012.07,5.46,145.5,7.03,1.572,0.0,1.572,0
2021-01-09 01:00:00,2.68,1011.29,7.05,39.2,9.05,0.996,0.0,0.996,0
2021-01-09 02:00:00,2.66,1011.03,6.49,9.5,8.43,0.86,0.0,0.86,0
2021-01-09 03:00:00,2.18,1010.82,5.02,285.2,6.49,1.413,0.0,1.413,0
2021-01-09 04:00:00,1.83,1010.17,5.13,353.4,6.42,2.278,0.0,2.278,0
2021-01-09 05:00:00,1.31,1009.4,5.41,315.6,6.79,3.443,0.0,3.443,0
2021-01-09 06:00:00,2.03,1009.12,6.79,221.7,8.83,4.505,0.0,4.505,0
2021-01-09 07:00:00,2.79,1009.1,8.35,24.1,12.5,5.458,0.0,5.458,0
2021-01-09 08:00:00,2.45,1009.21,8.6,25.0,12.62,5.801,0.0,5.801,0
2021-01-09 09:00:00,2.33,1009.3,8.68,21.2,12.55,5.695,0.0,5.695,0
2021-01-09 10:00:00,2.17,1009.75,9.57,17.5,13.48,5.114,0.0,5.114,0
2021-01-09 11:00:00,1.71,1010.54,9.54,7.2,12.57,4.186,0.0,4.186,0
2021-01-09 12:00:00,1.14,1011.79,7.82,179.0,10.15,3.226,0.0,3.226,0
2021-01-09 13:00:00,0.12,1012.53,7.68,344.4,9.68,2.43,0.0,2.43,0
2021-01-09 14:00:00,0.21,1013.13,8.08,352.4,10.17,1.76,0.0,1.76,0
2021-01-09 15:00:00,1.06,1013.55,7.23,343.7,9.07,1.48,0.0,1.48,0
2021-01-09 16:00:00,1.73,1013.37,6.65,313.9,8.72,1.845,0.0,1.845,0
2021-01-09 17:00:00,2.56,1013.09,6.18,349.5,8.03,2.625,0.0,2.625,0
2021-01-09 18:00:00,3.13,1013.23,5.82,335.1,7.9,3.324,0.0,3.324,0
2021-01-09 19:00:00,3.8,1013.41,6.2,329.6,8.71,4.092,0.0,4.092,0
2021-01-09 20:00:00,4.22,1013.94,6.25,328.5,8.31,4.636,0.0,4.636,0
2021-01-09 21:00:00,4.34,1014.43,5.78,338.7,8.03,4.784,0.0,4.784,0
2021-01-09 22:00:00,4.28,1015.12,3.96,326.7,5.51,4.528,0.0,4.528,0
2021-01-09 23:00:00,4.05,1015.49,3.53,315.9,4.57,3.636,0.0,3.636,0
2021-01-10 00:00:00,3.95,1015.97,4.31,324.7,5.68,2.572,0.0,2.572,0
2021-01-10 01:00:00,4.38,1016.29,5.2,333.8,7.25,1.645,0.0,1.645,0
2021-01-10 02:00:00,4.3,1016.75,5.77,333.4,7.61,1.03,0.0,1.03,0
2021-01-10 03:00:00,3.93,1017.27,4.74,330.3,6.3,0.85,0.0,0.85,0
2021-01-10 04:00:00,3.57,1017.76,4.48,330.1,5.84,1.308,0.0,1.308,0
2021-01-10 05:00:00,3.45,1018.17,4.86,333.5,6.51,2.237,0.0,2.237,0
2021-01-10 06:00:00,2.97,1018.85,3.81,325.1,4.94,3.464,0.0,3.464,0
2021-01-10 07:00:00,3.15,1019.72,4.54,334.2,5.94,4.584,0.0,4.584,0
2021-01-10 08:00:00,3.28,1020.15,5.71,343.8,7.36,5.344,0.0,5.344,0
2021-01-10 09:00:00,2.98,1020.37,6.0,349.4,7.66,5.76,0.0,5.76,0
2021-01-10 10:00:00,2.55,1021.09,5.15,347.2,6.93,5.545,0.0,5.545,0
2021-01-10 11:00:00,1.9,1021.87,4.16,337.1,5.33,4.957,0.0,4.957,0
2021-01-10 12:00:00,1.47,1022.83,4.14,333.2,5.44,3.977,0.0,3.977,0
2021-01-10 13:00:00,1.82,1024.14,4.1,330.1,5.41,2.775,0.0,2.775,0
2021-01-10 14:00:00,2.8,1024.86,5.96,347.0,7.67,1.689,0.0,1.689,0
2021-01-10 15:00:00,3.43,1025.41,5.88,282.8,7.51,0.869,0.0,0.869,0
2021-01-10 16:00:00,3.84,1024.72,4.5,46.1,5.9,0.639,0.0,0.639,0
2021-01-10 17:00:00,4.58,1024.23,3.25,47.1,4.59,1.075,0.0,1.075,0
2021-01-10 18:00:00,5.67,1024.06,3.07,25.4,4.42,1.885,0.0,1.885,0
2021-01-10 19:00:00,6.39,1024.15,2.57,37.1,3.88,3.014,0.0,3.014,0
2021-01-10 20:00:00,5.76,1024.52,3.4,67.6,4.91,3.846,0.0,3.846,0
2021-01-10 21:00:00,5.62,1025.23,2.47,68.3,3.5,4.427,0.0,4.427,0
2021-01-10 22:00:00,5.08,1026.02,0.78,102.6,1.41,4.598,0.0,4.598,0
2021-01-10 23:00:00,4.32,1026.66,1.03,274.7,1.33,4.113,0.0,4.113,0
2021-01-11 00:00:00,3.59,1027.08,0.65,310.3,1.03,3.249,0.0,3.249,0
2021-01-11 01:00:00,3.05,1027.44,0.34,315.9,0.69,2.133,0.0,2.133,0
2021-01-11 02:00:00,2.78,1027.81,1.2,287.5,1.63,1.249,0.0,1.249,0
2021-01-11 03:00:00,2.3,1027.79,0.69,262.3,1.01,0.674,0.0,0.674,0
2021-01-11 04:00:00,1.95,1028.0,0.97,277.5,1.34,0.532,0.0,0.532,0
2021-01-11 05:00:00,1.5,1027.86,0.59,278.7,0.97,1.087,0.0,1.087,0
2021-01-11 06:00:00,0.84,1027.9,0.78,280.6,1.14,2.03,0.0,2.03,0
2021-01-11 07:00:00,0.55,1028.13,1.22,287.4,1.71,3.306,0.0,3.306,0
2021-01-11 08:00:00,0.69,1027.92,0.71,316.9,1.16,4.585,0.0,4.585,0
2021-01-11 09:00:00,0.82,1028.06,0.94,311.2,1.35,5.26,0.0,5.26,0
2021-01-11 10:00:00,0.81,1028.09,1.02,296.2,1.48,5.533,0.0,5.533,0
2021-01-11 11:00:00,0.7,1027.93,0.94,299.2,1.4,5.446,0.0,5.446,0
2021-01-11 12:00:00,1.06,1028.04,1.27,280.0,1.6,4.771,0.0,4.771,0
2021-01-11 13:00:00,2.03,1028.33,0.66,291.6,1.08,3.678,0.0,3.678,0
2021-01-11 14:00:00,3.59,1028.98,1.13,280.1,1.48,2.289,0.0,2.289,0
2021-01-11 15:00:00,5.07,1028.98,2.08,246.1,2.71,1.126,0.0,1.126,0
2021-01-11 16:00:00,5.73,1027.7,3.18,216.5,4.19,0.354,0.0,0.354,0
2021-01-11 17:00:00,5.99,1026.61,4.31,208.5,5.12,0.103,0.0,0.103,0
2021-01-11 18:00:00,6.06,1025.79,4.51,212.2,5.37,0.582,0.0,0.582,0
2021-01-11 19:00:00,6.14,1025.32,5.08,208.4,6.04,1.551,0.0,1.551,0
2021-01-11 20:00:00,6.23,1025.34,4.49,221.7,5.52,2.68,0.0,2.68,0
2021-01-11 21:00:00,6.08,1025.0,2.73,227.8,3.4,3.689,0.0,3.689,0
2021-01-11 22:00:00,6.16,1024.64,2.44,232.2,2.98,4.049,0.0,4.049,0
2021-01-11 23:00:00,5.78,1024.63,1.8,225.3,2.18,4.155,0.0,4.155,0
2021-01-12 00:00:00,5.73,1024.71,2.25,230.5,2.79,3.688,0.0,3.688,0
2021-01-12 01:00:00,6.0,1024.59,2.56,255.0,3.26,2.767,0.0,2.767,0
2021-01-12 02:00:00,5.65,1024.52,2.74,228.1,3.4,1.634,0.0,1.634,0
2021-01-12 03:00:00,5.33,1024.53,2.3,230.0,2.82,0.708,0.0,0.708,0
2021-01-12 04:00:00,5.63,1024.27,2.5,257.5,3.11,0.148,0.0,0.148,0
2021-01-12 05:00:00,5.2,1023.82,2.49,244.1,3.05,0.104,0.0,0.104,0
2021-01-12 06:00:00,5.37,1023.41,3.28,251.6,4.12,0.682,0.0,0.682,0
2021-01-12 07:00:00,4.83,1023.25,2.47,275.7,3.23,1.784,0.0,1.784,0
2021-01-12 08:00:00,4.7,1022.76,2.8,283.0,3.58,2.995,0.0,2.995,0
2021-01-12 09:00:00,4.27,1022.52,2.16,297.9,3.36,4.228,0.0,4.228,0
2021-01-12 10:00:00,3.38,1022.43,2.19,319.0,2.82,5.034,0.0,5.034,0
2021-01-12 11:00:00,2.82,1022.35,2.14,296.0,2.77,5.49,0.0,5.49,0
2021-01-12 12:00:00,2.27,1022.66,2.19,332.9,2.92,5.226,0.0,5.226,0
2021-01-12 13:00:00,2.55,1022.78,3.43,243.4,4.18,4.493,0.0,4.493,0
2021-01-12 14:00:00,3.68,1023.28,3.63,247.0,4.32,3.212,0.0,3.212,0
2021-01-12 15:00:00,4.88,1023.28,4.36,315.3,5.24,1.779,0.0,1.779,0
2021-01-12 16:00:00,5.61,1022.22,4.2,182.6,5.47,0.652,0.0,0.652,0
2021-01-12 17:00:00,6.01,1021.24,3.13,36.7,4.45,-0.028,0.0,-0.028,0
2021-01-12 18:00:00,5.43,1020.52,3.88,75.9,5.4,-0.187,0.0,-0.187,0
2021-01-12 19:00:00,5.18,1019.98,4.05,74.1,5.81,0.466,0.0,0.466,0
2021-01-12 20:00:00,5.07,1019.94,3.34,70.3,5.34,1.712,0.0,1.712,0
2021-01-12 21:00:00,4.73,1019.97,2.35,81.8,3.74,2.994,0.0,2.994,0
2021-01-12 22:00:00,4.25,1020.24,0.85,88.2,1.44,3.754,0.0,3.754,0
2021-01-12 23:00:00,3.82,1020.55,0.8,221.8,1.18,4.193,0.0,4.193,0
2021-01-13 00:00:00,2.69,1020.93,1.92,311.0,2.32,4.117,0.0,4.117,0
2021-01-13 01:00:00,2.22,1021.26,1.09,322.8,1.53,3.518,0.0,3.518,0
2021-01-13 02:00:00,1.91,1021.62,0.71,305.7,1.13,2.565,0.0,2.565,0
2021-01-13 03:00:00,2.029,1021.457,1.6,287.429,2.243,1.454,0.0,1.454,0
2021-01-13 04:00:00,1.92,1021.0,1.611,300.778,2.2,0.508,0.0,0.508,0
2021-01-13 05:00:00,1.84,1020.58,0.933,194.333,1.389,-0.021,0.0,-0.021,0
2021-01-13 06:00:00,2.06,1020.58,1.15,145.9,1.44,0.09,0.0,0.09,0
2021-01-13 07:00:00,1.85,1020.74,1.01,85.7,1.37,0.896,0.0,0.896,0
2021-01-13 08:00:00,1.1,1020.39,0.87,312.6,1.18,2.208,0.0,2.208,0
2021-01-13 09:00:00,0.88,1020.35,0.84,324.7,1.1,3.514,0.0,3.514,0
2021-01-13 10:00:00,0.56,1020.79,1.08,315.3,1.64,4.685,0.0,4.685,0
2021-01-13 11:00:00,0.86,1020.88,0.7,285.9,1.1,5.626,0.0,5.626,0
2021-01-13 12:00:00,1.68,1020.73,0.83,296.6,1.12,5.945,0.0,5.945,0
2021-01-13 13:00:00,2.68,1021.18,0.94,303.8,1.3,5.562,0.0,5.562,0
2021-01-13 14:00:00,4.63,1021.3,1.21,263.2,1.57,4.631,0.0,4.631,0
2021-01-13 15:00:00,5.75,1020.92,2.29,216.3,2.89,3.16,0.0,3.16,0
2021-01-13 16:00:00,6.61,1019.74,2.52,197.2,3.25,1.797,0.0,1.797,0
2021-01-13 17:00:00,7.1,1018.5,2.6,180.9,3.43,0.759,0.0,0.759,0
2021-01-13 18:00:00,7.18,1017.68,3.19,188.4,4.6,0.089,0.0,0.089,0
2021-01-13 19:00:00,7.47,1017.21,3.46,189.2,4.87,0.15,0.0,0.15,0
2021-01-13 20:00:00,7.3,1016.5,3.92,192.0,5.44,0.97,0.0,0.97,0
2021-01-13 21:00:00,6.73,1015.93,4.3,201.9,5.25,2.27,0.0,2.27,0
2021-01-13 22:00:00,6.3,1015.96,3.44,216.9,4.18,3.376,0.0,3.376,0
2021-01-13 23:00:00,6.38,1015.83,3.39,214.4,4.09,4.062,0.0,4.062,0
2021-01-14 00:00:00,5.59,1015.72,2.66,227.6,3.17,4.397,0.0,4.397,0
2021-01-14 01:00:00,5.71,1015.37,2.89,217.7,3.38,4.212,0.0,4.212,0
2021-01-14 02:00:00,5.63,1015.21,3.02,222.1,3.57,3.63,0.0,3.63,0
2021-01-14 03:00:00,5.44,1014.85,2.33,218.4,2.69,2.71,0.0,2.71,0
2021-01-14 04:00:00,5.61,1013.92,2.41,212.9,2.92,1.639,0.0,1.639,0
2021-01-14 05:00:00,5.25,1012.95,2.41,220.5,2.94,0.762,0.0,0.762,0
2021-01-14 06:00:00,4.87,1012.97,2.67,223.5,3.22,0.267,0.0,0.267,0
2021-01-14 07:00:00,4.85,1012.91,2.72,228.5,3.34,0.626,0.0,0.626,0
2021-01-14 08:00:00,4.74,1012.5,3.45,224.1,4.03,1.579,0.0,1.579,0
2021-01-14 09:00:00,4.38,1011.95,1.96,223.2,2.54,2.69,0.0,2.69,0
2021-01-14 10:00:00,4.4,1011.85,2.36,222.5,2.8,3.919,0.0,3.919,0
2021-01-14 11:00:00,5.1,1011.51,2.18,236.6,2.78,5.115,0.0,5.115,0
2021-01-14 12:00:00,5.26,1010.98,1.54,253.3,2.0,5.947,0.0,5.947,0
2021-01-14 13:00:00,5.33,1011.56,1.95,249.0,2.44,6.015,0.0,6.015,0
2021-01-14 14:00:00,5.78,1011.86,2.29,265.2,3.24,5.452,0.0,5.452,0
2021-01-14 15:00:00,6.62,1011.85,2.04,278.5,2.8,4.335,0.0,4.335,0
2021-01-14 16:00:00,7.8,1011.21,2.02,151.9,2.77,2.958,0.0,2.958,0
2021-01-14 17:00:00,8.38,1010.33,1.87,64.6,2.75,1.699,0.0,1.699,0
2021-01-14 18:00:00,7.55,1009.81,2.15,130.6,2.98,0.757,0.0,0.757,0
2021-01-14 19:00:00,7.46,1009.84,2.2,111.5,3.16,0.292,0.0,0.292,0
2021-01-14 20:00:00,7.18,1010.04,2.29,94.9,3.23,0.705,0.0,0.705,0
2021-01-14 21:00:00,6.52,1010.31,1.33,95.8,1.9,1.591,0.0,1.591,0
2021-01-14 22:00:00,5.86,1010.7,0.74,114.2,1.04,2.808,0.0,2.808,0
2021-01-14 23:00:00,5.67,1010.93,0.79,128.3,1.12,3.759,0.0,3.759,0
2021-01-15 00:00:00,5.48,1011.12,0.38,151.2,0.62,4.356,0.0,4.356,0
2021-01-15 01:00:00,4.85,1011.71,1.45,49.1,1.82,4.617,0.0,4.617,0
2021-01-15 02:00:00,4.34,1012.38,1.28,285.3,1.69,4.404,0.0,4.404,0
2021-01-15 03:00:00,4.1,1012.43,0.51,229.1,0.78,3.747,0.0,3.747,0
2021-01-15 04:00:00,3.84,1012.53,0.35,275.4,0.63,2.695,0.0,2.695,0
2021-01-15 05:00:00,3.7,1013.04,0.53,141.8,0.8,1.721,0.0,1.721,0
2021-01-15 06:00:00,3.52,1013.25,0.65,209.6,0.86,0.993,0.0,0.993,0
2021-01-15 07:00:00,3.04,1013.64,1.25,12.2,1.55,0.71,0.0,0.71,0
2021-01-15 08:00:00,2.98,1013.68,1.55,12.6,1.86,1.085,0.0,1.085,0
2021-01-15 09:00:00,3.01,1013.84,2.05,25.2,2.65,1.975,0.0,1.975,0
2021-01-15 10:00:00,4.05,1013.49,1.06,67.1,1.73,3.178,0.0,3.178,0
2021-01-15 11:00:00,5.05,1013.37,1.58,87.5,2.47,4.526,0.0,4.526,0
2021-01-15 12:00:00,5.59,1013.57,1.87,95.9,2.77,5.487,0.0,5.487,0
2021-01-15 13:00:00,6.9,1014.04,2.32,122.7,3.59,6.088,0.0,6.088,0
2021-01-15 14:00:00,7.58,1014.25,2.5,124.9,3.52,6.051,0.0,6.051,0
2021-01-15 15:00:00,8.43,1013.99,2.37,119.4,3.53,5.28,0.0,5.28,0
2021-01-15 16:00:00,9.05,1013.05,2.21,139.5,3.53,4.142,0.0,4.142,0
2021-01-15 17:00:00,9.47,1011.41,2.38,140.8,3.87,2.947,0.0,2.947,0
2021-01-15 18:00:00,9.51,1010.41,3.02,155.0,4.64,1.785,0.0,1.785,0
2021-01-15 19:00:00,9.73,1010.14,2.97,161.1,4.48,1.097,0.0,1.097,0
2021-01-15 20:00:00,9.55,1010.21,4.03,155.8,5.6,1.026,0.0,1.026,0
2021-01-15 21:00:00,9.64,1010.14,3.52,160.1,5.24,1.454,0.0,1.454,0
2021-01-15 22:00:00,9.34,1009.59,3.1,155.0,4.44,2.306,0.0,2.306,0
2021-01-15 23:00:00,8.96,1009.36,2.81,171.4,4.12,3.48,0.0,3.48,0
2021-01-16 00:00:00,8.53,1009.17,1.88,223.7,2.49,4.411,0.0,4.411,0
2021-01-16 01:00:00,8.37,1008.29,0.91,241.9,1.37,5.015,0.0,5.015,0
2021-01-16 02:00:00,8.76,1006.81,0.53,106.4,0.9,5.188,0.0,5.188,0
2021-01-16 03:00:00,8.22,1006.27,0.73,163.5,1.44,4.902,0.0,4.902,0
2021-01-16 04:00:00,7.92,1006.17,1.17,191.1,2.02,4.34,0.0,4.34,0
2021-01-16 05:00:00,8.1,1005.02,1.55,211.3,1.95,3.465,0.0,3.465,0
2021-01-16 06:00:00,8.13,1004.69,2.9,295.2,3.96,2.339,0.0,2.339,0
2021-01-16 07:00:00,7.69,1004.77,0.53,139.7,1.03,1.634,0.0,1.634,0
2021-01-16 08:00:00,7.35,1003.62,0.68,200.2,1.08,1.561,0.0,1.561,0
2021-01-16 09:00:00,6.93,1001.55,2.47,136.2,3.8,1.901,0.0,1.901,0
2021-01-16 10:00:00,6.76,1001.23,0.87,217.8,1.39,2.806,0.0,2.806,0
2021-01-16 11:00:00,6.38,1001.18,2.39,236.4,2.73,4.082,0.0,4.082,0
2021-01-16 12:00:00,6.2,1001.04,3.51,238.4,4.25,5.502,0.0,5.502,0
2021-01-16 13:00:00,6.01,1001.23,4.58,260.8,5.94,6.163,0.0,6.163,0
2021-01-16 14:00:00,6.24,1001.66,3.93,270.6,5.93,6.34,0.0,6.34,0
2021-01-16 15:00:00,6.8,1001.42,4.97,272.2,6.79,5.898,0.0,5.898,0
2021-01-16 16:00:00,6.59,1000.44,4.93,282.5,6.53,5.307,0.0,5.307,0
2021-01-16 17:00:00,7.6,999.25,5.35,274.5,7.41,4.247,0.0,4.247,0
2021-01-16 18:00:00,8.47,998.52,4.47,270.8,6.51,2.813,0.0,2.813,0
2021-01-16 19:00:00,8.01,998.66,5.63,278.3,7.41,1.81,0.0,1.81,0
2021-01-16 20:00:00,7.45,998.83,4.0,294.0,5.49,1.284,0.0,1.284,0
2021-01-16 21:00:00,6.91,999.6,3.71,268.0,4.95,1.244,0.0,1.244,0
2021-01-16 22:00:00,6.43,1000.35,3.88,282.5,5.29,1.708,0.0,1.708,0
2021-01-16 23:00:00,5.92,1001.42,4.51,283.1,6.35,2.41,0.0,2.41,0
2021-01-17 00:00:00,5.69,1002.02,5.53,281.7,8.1,3.17,0.0,3.17,0
2021-01-17 01:00:00,4.81,1002.48,6.13,278.9,8.26,3.724,0.0,3.724,0
2021-01-17 02:00:00,3.94,1003.1,5.75,276.1,7.88,4.266,0.0,4.266,0
2021-01-17 03:00:00,3.76,1003.92,5.77,278.9,8.09,4.306,0.0,4.306,0
2021-01-17 04:00:00,3.54,1004.77,5.68,284.1,7.76,3.986,0.0,3.986,0
2021-01-17 05:00:00,3.39,1005.51,4.85,278.0,6.82,3.166,0.0,3.166,0
2021-01-17 06:00:00,3.26,1006.64,4.93,272.4,6.62,2.035,0.0,2.035,0
2021-01-17 07:00:00,2.67,1007.42,4.38,268.5,5.56,1.066,0.0,1.066,0
2021-01-17 08:00:00,2.45,1007.74,4.48,270.1,6.11,0.662,0.0,0.662,0
2021-01-17 09:00:00,2.18,1008.06,4.38,266.1,5.7,0.409,0.0,0.409,0
2021-01-17 10:00:00,2.1,1008.62,4.72,258.8,5.91,0.586,0.0,0.586,0
2021-01-17 11:00:00,2.17,1008.89,4.97,247.4,6.17,1.426,0.0,1.426,0
2021-01-17 12:00:00,2.63,1009.26,5.34,251.0,7.26,2.494,0.0,2.494,0
2021-01-17 13:00:00,2.89,1010.08,6.26,254.7,7.99,3.365,0.0,3.365,0
2021-01-17 14:00:00,3.93,1010.7,6.34,263.9,8.68,3.869,0.0,3.869,0
2021-01-17 15:00:00,5.21,1010.78,6.19,263.0,8.52,3.803,0.0,3.803,0
2021-01-17 16:00:00,6.28,1010.03,6.67,271.3,9.2,3.451,0.0,3.451,0
2021-01-17 17:00:00,6.84,1009.18,7.31,277.9,10.2,2.713,0.0,2.713,0
2021-01-17 18:00:00,7.32,1009.05,6.61,278.0,9.08,1.635,0.0,1.635,0
2021-01-17 19:00:00,7.65,1008.88,7.03,268.1,9.15,0.69,0.0,0.69,0
2021-01-17 20:00:00,7.81,1009.17,6.37,272.1,8.4,-0.137,0.0,-0.137,0
2021-01-17 21:00:00,7.68,1009.7,4.61,276.1,6.23,-0.5,0.0,-0.5,0
2021-01-17 22:00:00,6.94,1010.01,1.97,261.8,2.76,-0.263,0.0,-0.263,0
2021-01-17 23:00:00,6.17,1010.37,1.74,240.6,2.09,0.305,0.0,0.305,0
2021-01-18 00:00:00,6.09,1010.8,2.85,225.1,3.29,1.131,0.0,1.131,0
2021-01-18 01:00:00,6.02,1010.5,2.8,223.2,3.38,1.977,0.0,1.977,0
2021-01-18 02:00:00,5.54,1010.47,2.94,230.5,3.51,2.606,0.0,2.606,0
2021-01-18 03:00:00,5.93,1010.38,3.22,241.8,4.12,3.05,0.0,3.05,0
2021-01-18 04:00:00,6.05,1009.93,4.35,244.7,5.6,3.112,0.0,3.112,0
2021-01-18 05:00:00,6.27,1009.5,4.99,244.7,6.3,2.599,0.0,2.599,0
2021-01-18 06:00:00,6.42,1009.72,4.16,246.3,5.54,1.843,0.0,1.843,0
2021-01-18 07:00:00,6.51,1009.92,4.63,255.1,6.14,1.032,0.0,1.032,0
2021-01-18 08:00:00,6.35,1009.52,4.47,260.4,6.01,0.352,0.0,0.352,0
2021-01-18 09:00:00,5.58,1009.59,3.69,259.6,4.78,-0.099,0.0,-0.099,0
2021-01-18 10:00:00,4.79,1009.86,2.83,259.1,3.57,-0.36,0.0,-0.36,0
2021-01-18 11:00:00,4.26,1010.41,3.39,259.1,4.18,0.204,0.0,0.204,0
2021-01-18 12:00:00,4.04,1010.65,3.96,257.4,4.97,1.194,0.0,1.194,0
2021-01-18 13:00:00,4.37,1010.91,3.87,258.4,4.78,2.239,0.0,2.239,0
2021-01-18 14:00:00,5.11,1011.31,4.16,271.5,5.45,2.903,0.0,2.903,0
2021-01-18 15:00:00,5.71,1011.34,4.37,269.4,5.95,3.327,0.0,3.327,0
2021-01-18 16:00:00,6.14,1010.7,5.1,274.8,7.17,3.564,0.0,3.564,0
2021-01-18 17:00:00,6.84,1010.04,5.64,289.4,8.63,3.183,0.0,3.183,0
2021-01-18 18:00:00,6.98,1009.95,6.13,301.1,8.86,2.326,0.0,2.326,0
2021-01-18 19:00:00,7.12,1010.5,6.19,292.1,9.24,1.325,0.0,1.325,0
2021-01-18 20:00:00,6.94,1011.51,6.5,299.7,9.45,0.552,0.0,0.552,0
2021-01-18 21:00:00,6.83,1012.77,5.76,304.3,8.26,0.085,0.0,0.085,0
2021-01-18 22:00:00,5.87,1014.02,4.04,304.3,5.75,-0.059,0.0,-0.059,0
2021-01-18 23:00:00,4.96,1015.21,2.4,293.8,3.05,0.018,0.0,0.018,0
2021-01-19 00:00:00,4.17,1016.34,2.52,281.6,3.27,0.544,0.0,0.544,0
2021-01-19 01:00:00,3.59,1017.36,2.74,283.9,3.58,1.479,0.0,1.479,0
2021-01-19 02:00:00,3.04,1018.24,2.77,289.2,3.84,2.197,0.0,2.197,0
2021-01-19 03:00:00,2.99,1019.08,3.09,287.5,4.16,2.773,0.0,2.773,0
2021-01-19 04:00:00,3.15,1019.47,2.67,294.5,3.81,3.185,0.0,3.185,0
2021-01-19 05:00:00,2.72,1019.65,2.6,277.8,3.32,2.977,0.0,2.977,0
2021-01-19 06:00:00,2.15,1019.8,2.66,270.2,3.21,2.573,0.0,2.573,0
2021-01-19 07:00:00,1.81,1020.35,2.76,267.4,3.47,1.937,0.0,1.937,0
2021-01-19 08:00:00,1.47,1020.57,2.85,275.2,3.51,1.237,0.0,1.237,0
2021-01-19 09:00:00,1.38,1021.39,3.48,275.6,4.47,0.605,0.0,0.605,0
2021-01-19 10:00:00,1.61,1022.15,3.62,289.8,4.86,0.254,0.0,0.254,0
2021-01-19 11:00:00,1.44,1022.77,3.07,287.8,4.34,0.352,0.0,0.352,0
2021-01-19 12:00:00,1.23,1023.16,3.03,261.2,3.74,0.887,0.0,0.887,0
2021-01-19 13:00:00,2.21,1023.62,4.08,262.3,5.27,1.643,0.0,1.643,0
2021-01-19 14:00:00,4.01,1023.99,5.33,265.3,6.98,2.435,0.0,2.435,0
2021-01-19 15:00:00,5.41,1023.98,6.41,262.1,8.41,3.093,0.0,3.093,0
2021-01-19 16:00:00,6.31,1023.02,6.99,257.9,9.06,3.384,0.0,3.384,0
2021-01-19 17:00:00,7.2,1021.67,7.03,267.3,9.58,3.284,0.0,3.284,0
2021-01-19 18:00:00,7.9,1020.62,7.59,255.6,10.12,2.814,0.0,2.814,0
2021-01-19 19:00:00,8.55,1020.63,7.47,267.4,9.93,2.188,0.0,2.188,0
2021-01-19 20:00:00,8.83,1021.17,6.44,282.2,9.22,1.384,0.0,1.384,0
2021-01-19 21:00:00,8.88,1021.82,4.72,278.6,6.96,0.861,0.0,0.861,0
2021-01-19 22:00:00,7.88,1022.37,2.2,252.7,3.16,0.407,0.0,0.407,0
2021-01-19 23:00:00,6.56,1022.85,1.31,253.0,1.59,0.169,0.0,0.169,0
2021-01-20 00:00:00,5.49,1022.91,2.48,242.7,2.89,0.583,0.0,0.583,0
2021-01-20 01:00:00,5.35,1022.43,2.95,240.1,3.68,1.226,0.0,1.226,0
2021-01-20 02:00:00,5.49,1021.87,3.32,237.6,4.16,2.085,0.0,2.085,0
2021-01-20 03:00:00,5.5,1021.3,2.93,244.6,3.63,2.758,0.0,2.758,0
2021-01-20 04:00:00,5.65,1020.69,3.41,241.5,4.21,3.193,0.0,3.193,0
2021-01-20 05:00:00,6.18,1019.46,2.69,248.8,3.42,3.397,0.0,3.397,0
2021-01-20 06:00:00,5.99,1018.45,1.93,229.3,2.52,3.28,0.0,3.28,0
2021-01-20 07:00:00,5.66,1017.4,1.82,237.0,2.21,2.843,0.0,2.843,0
2021-01-20 08:00:00,5.18,1016.11,1.39,243.2,1.78,2.247,0.0,2.247,0
2021-01-20 09:00:00,4.8,1014.44,0.84,267.5,1.17,1.75,0.0,1.75,0
2021-01-20 10:00:00,4.24,1013.58,1.02,303.8,1.29,1.286,0.0,1.286,0
2021-01-20 11:00:00,4.46,1013.56,2.71,267.4,3.69,1.23,0.0,1.23,0
2021-01-20 12:00:00,4.22,1014.96,6.84,341.0,9.01,1.335,0.0,1.335,0
2021-01-20 13:00:00,4.32,1015.83,5.13,322.0,7.19,1.717,0.0,1.717,0
2021-01-20 14:00:00,5.59,1016.41,7.99,314.4,10.67,1.933,0.0,1.933,0
2021-01-20 15:00:00,6.21,1016.51,8.85,316.2,13.15,2.321,0.0,2.321,0
2021-01-20 16:00:00,6.39,1016.33,10.38,318.3,14.83,3.073,0.0,3.073,0
2021-01-20 17:00:00,6.43,1016.17,10.66,319.1,15.08,3.326,0.0,3.326,0
2021-01-20 18:00:00,6.14,1015.98,10.05,319.9,14.1,3.332,0.0,3.332,0
2021-01-20 19:00:00,6.17,1016.7,9.89,324.4,13.23,2.74,0.0,2.74,0
2021-01-20 20:00:00,6.19,1017.45,9.82,326.2,13.06,2.247,0.0,2.247,0
2021-01-20 21:00:00,5.74,1018.45,9.19,333.9,12.99,1.688,0.0,1.688,0
2021-01-20 22:00:00,4.88,1019.65,6.28,328.4,9.11,1.387,0.0,1.387,0
2021-01-20 23:00:00,4.21,1020.17,5.5,330.3,7.49,0.89,0.0,0.89,0
2021-01-21 00:00:00,3.32,1020.25,3.51,327.0,4.7,0.901,0.0,0.901,0
2021-01-21 01:00:00,2.63,1020.11,2.98,328.6,4.02,1.536,0.0,1.536,0
2021-01-21 02:00:00,1.67,1020.06,2.55,324.2,3.25,2.317,0.0,2.317,0
2021-01-21 03:00:00,1.73,1020.17,3.67,344.4,4.74,3.173,0.0,3.173,0
2021-01-21 04:00:00,1.81,1019.84,4.6,79.6,5.61,3.661,0.0,3.661,0
2021-01-21 05:00:00,1.12,1019.4,2.89,272.4,3.9,3.909,0.0,3.909,0
2021-01-21 06:00:00,0.43,1018.82,1.76,273.4,2.49,3.843,0.0,3.843,0
2021-01-21 07:00:00,-0.26,1018.45,1.59,276.7,1.96,3.829,0.0,3.829,0
2021-01-21 08:00:00,-0.46,1017.97,1.46,292.7,1.98,3.443,0.0,3.443,0
2021-01-21 09:00:00,-0.25,1017.02,1.4,261.8,1.82,2.853,0.0,2.853,0
2021-01-21 10:00:00,0.3,1015.71,1.05,246.6,1.64,2.178,0.0,2.178,0
2021-01-21 11:00:00,1.96,1015.2,2.62,214.7,3.73,1.862,0.0,1.862,0
2021-01-21 12:00:00,3.92,1015.05,4.86,192.9,6.38,1.897,0.0,1.897,0
2021-01-21 13:00:00,4.91,1014.15,6.69,200.2,8.15,2.013,0.0,2.013,0
2021-01-21 14:00:00,5.87,1013.07,8.12,208.0,9.82,2.195,0.0,2.195,0
2021-01-21 15:00:00,6.27,1012.17,7.3,223.6,8.91,2.776,0.0,2.776,0
2021-01-21 16:00:00,6.4,1010.54,7.38,220.7,8.82,3.196,0.0,3.196,0
2021-01-21 17:00:00,6.49,1009.12,6.17,215.6,7.23,3.511,0.0,3.511,0
2021-01-21 18:00:00,7.83,1007.54,5.8,221.9,7.17,3.559,0.0,3.559,0
2021-01-21 19:00:00,9.24,1006.24,4.59,236.8,6.09,3.456,0.0,3.456,0
2021-01-21 20:00:00,9.49,1005.76,5.44,257.2,7.25,3.015,0.0,3.015,0
2021-01-21 21:00:00,9.22,1005.77,4.67,268.2,6.19,2.5,0.0,2.5,0
2021-01-21 22:00:00,8.31,1006.17,2.19,291.1,3.25,1.953,0.0,1.953,0
2021-01-21 23:00:00,6.65,1006.36,1.44,255.1,1.77,1.53,0.0,1.53,0
2021-01-22 00:00:00,5.71,1006.23,2.16,238.1,2.58,1.359,0.0,1.359,0
2021-01-22 01:00:00,5.52,1006.29,1.75,231.4,2.07,1.441,0.0,1.441,0
2021-01-22 02:00:00,5.28,1006.31,2.31,236.7,2.69,2.029,0.0,2.029,0
2021-01-22 03:00:00,5.77,1006.37,3.58,274.0,4.48,2.717,0.0,2.717,0
2021-01-22 04:00:00,5.7,1006.54,3.94,288.5,5.13,3.42,0.0,3.42,0
2021-01-22 05:00:00,4.93,1007.18,3.21,303.8,4.34,3.899,0.0,3.899,0
2021-01-22 06:00:00,4.77,1007.41,3.26,305.4,4.09,4.169,0.0,4.169,0
2021-01-22 07:00:00,4.69,1007.72,3.33,316.8,4.42,4.151,0.0,4.151,0
2021-01-22 08:00:00,4.1,1007.6,2.0,299.5,2.64,3.951,0.0,3.951,0
2021-01-22 09:00:00,3.47,1007.63,2.64,278.5,3.45,3.379,0.0,3.379,0
2021-01-22 10:00:00,2.93,1008.18,3.15,281.6,3.86,2.725,0.0,2.725,0
2021-01-22 11:00:00,2.73,1008.84,3.29,277.6,4.21,2.245,0.0,2.245,0
2021-01-22 12:00:00,2.62,1009.42,3.79,268.6,4.85,1.81,0.0,1.81,0
2021-01-22 13:00:00,3.52,1010.05,4.22,269.2,5.24,1.622,0.0,1.622,0
2021-01-22 14:00:00,5.39,1010.78,4.31,278.8,5.78,1.712,0.0,1.712,0
2021-01-22 15:00:00,7.28,1011.03,4.32,303.0,6.25,1.996,0.0,1.996,0
2021-01-22 16:00:00,8.32,1010.09,4.92,309.7,6.81,2.53,0.0,2.53,0
2021-01-22 17:00:00,9.06,1009.66,5.17,290.8,7.33,2.909,0.0,2.909,0
2021-01-22 18:00:00,9.08,1009.47,6.35,321.7,8.56,3.171,0.0,3.171,0
2021-01-22 19:00:00,9.14,1009.9,6.49,323.2,8.81,3.302,0.0,3.302,0
2021-01-22 20:00:00,8.75,1010.65,5.14,331.3,6.87,3.187,0.0,3.187,0
2021-01-22 21:00:00,8.19,1011.25,4.57,344.2,6.15,2.835,0.0,2.835,0
2021-01-22 22:00:00,7.35,1012.13,2.67,331.1,3.57,2.289,0.0,2.289,0
2021-01-22 23:00:00,6.71,1013.24,3.51,333.6,4.47,1.695,0.0,1.695,0
2021-01-23 00:00:00,6.05,1014.03,4.09,340.7,5.37,1.177,0.0,1.177,0
2021-01-23 01:00:00,5.36,1014.55,4.1,339.8,5.17,0.963,0.0,0.963,0
2021-01-23 02:00:00,4.38,1015.06,3.14,328.9,4.09,1.04,0.0,1.04,0
2021-01-23 03:00:00,3.61,1015.57,2.15,300.7,2.88,1.629,0.0,1.629,0
2021-01-23 04:00:00,3.19,1015.82,2.34,305.2,3.24,2.371,0.0,2.371,0
2021-01-23 05:00:00,2.61,1016.08,2.47,284.3,3.13,3.055,0.0,3.055,0
2021-01-23 06:00:00,2.06,1016.19,2.57,278.0,3.16,3.649,0.0,3.649,0
2021-01-23 07:00:00,1.64,1016.52,2.35,290.9,3.2,3.938,0.0,3.938,0
2021-01-23 08:00:00,1.22,1016.53,1.89,311.1,2.69,4.019,0.0,4.019,0
2021-01-23 09:00:00,1.47,1016.5,2.25,314.5,3.15,3.656,0.0,3.656,0
2021-01-23 10:00:00,1.74,1017.28,3.83,333.5,5.14,2.935,0.0,2.935,0
2021-01-23 11:00:00,1.35,1018.25,5.5,338.7,6.96,2.267,0.0,2.267,0
2021-01-23 12:00:00,0.77,1019.11,5.41,334.4,7.37,1.557,0.0,1.557,0
2021-01-23 13:00:00,0.76,1020.08,5.52,334.6,7.79,1.257,0.0,1.257,0
2021-01-23 14:00:00,0.84,1021.1,9.04,347.5,11.79,1.05,0.0,1.05,0
2021-01-23 15:00:00,0.4,1022.19,8.93,341.8,12.41,0.983,0.0,0.983,0
2021-01-23 16:00:00,0.31,1022.0,9.5,334.6,13.17,1.481,0.0,1.481,0
2021-01-23 17:00:00,0.38,1021.82,10.02,332.2,13.79,1.94,0.0,1.94,0
2021-01-23 18:00:00,0.63,1021.78,8.99,337.5,12.65,2.492,0.0,2.492,0
2021-01-23 19:00:00,0.92,1022.07,9.13,334.2,12.32,2.835,0.0,2.835,0
2021-01-23 20:00:00,1.21,1022.51,8.03,335.9,11.11,3.051,0.0,3.051,0
2021-01-23 21:00:00,1.18,1023.25,7.18,337.7,10.02,2.82,0.0,2.82,0
2021-01-23 22:00:00,0.6,1023.87,5.86,328.8,7.78,2.451,0.0,2.451,0
2021-01-23 23:00:00,0.05,1024.76,4.65,330.3,6.15,1.833,0.0,1.833,0
2021-01-24 00:00:00,-0.45,1025.36,4.26,328.2,5.59,1.075,0.0,1.075,0
2021-01-24 01:00:00,-0.95,1025.79,4.5,329.2,5.94,0.63,0.0,0.63,0
2021-01-24 02:00:00,-1.28,1026.08,5.26,334.4,6.87,0.445,0.0,0.445,0
2021-01-24 03:00:00,-1.54,1026.27,6.58,333.6,8.67,0.713,0.0,0.713,0
2021-01-24 04:00:00,-1.84,1026.16,5.38,326.8,7.23,1.343,0.0,1.343,0
2021-01-24 05:00:00,-2.35,1025.95,5.16,315.5,7.21,2.119,0.0,2.119,0
2021-01-24 06:00:00,-2.48,1026.03,4.88,315.1,6.64,2.882,0.0,2.882,0
2021-01-24 07:00:00,-2.88,1026.09,4.29,308.9,5.69,3.346,0.0,3.346,0
2021-01-24 08:00:00,-2.88,1026.05,4.89,313.1,6.83,3.623,0.0,3.623,0
2021-01-24 09:00:00,-2.78,1025.93,5.99,322.2,7.98,3.418,0.0,3.418,0
2021-01-24 10:00:00,-2.8,1025.84,5.45,325.9,7.33,2.872,0.0,2.872,0
2021-01-24 11:00:00,-2.79,1026.31,5.2,326.6,6.75,2.34,0.0,2.34,0
2021-01-24 12:00:00,-2.94,1026.84,5.47,321.2,7.27,1.584,0.0,1.584,0
2021-01-24 13:00:00,-2.25,1026.78,7.22,330.5,9.38,1.124,0.0,1.124,0
2021-01-24 14:00:00,-1.78,1026.67,7.88,345.3,10.37,0.618,0.0,0.618,0
2021-01-24 15:00:00,-1.08,1025.9,6.91,344.2,9.1,0.192,0.0,0.192,0
2021-01-24 16:00:00,-0.09,1025.23,5.35,323.4,7.84,0.419,0.0,0.419,0
2021-01-24 17:00:00,0.86,1024.41,5.14,317.8,7.28,0.849,0.0,0.849,0
2021-01-24 18:00:00,1.61,1024.06,5.22,309.4,7.41,1.449,0.0,1.449,0
2021-01-24 19:00:00,1.87,1023.71,5.6,318.4,7.6,1.872,0.0,1.872,0
2021-01-24 20:00:00,1.88,1023.49,4.46,310.9,6.54,2.115,0.0,2.115,0
2021-01-24 21:00:00,1.45,1023.27,3.46,309.1,5.21,2.291,0.0,2.291,0
2021-01-24 22:00:00,0.94,1023.31,3.13,302.5,4.61,2.173,0.0,2.173,0
2021-01-24 23:00:00,0.64,1023.6,3.4,304.1,4.52,1.699,0.0,1.699,0
2021-01-25 00:00:00,0.65,1023.5,3.19,314.1,4.86,0.988,0.0,0.988,0
2021-01-25 01:00:00,0.87,1023.07,3.61,317.8,4.94,0.25,0.0,0.25,0
2021-01-25 02:00:00,0.68,1022.87,2.55,302.4,3.73,-0.136,0.0,-0.136,0
2021-01-25 03:00:00,0.93,1022.74,2.72,320.5,3.57,-0.072,0.0,-0.072,0
2021-01-25 04:00:00,1.07,1022.66,2.13,318.0,2.98,0.249,0.0,0.249,0
2021-01-25 05:00:00,0.92,1022.36,1.57,286.6,2.27,0.963,0.0,0.963,0
2021-01-25 06:00:00,0.93,1021.94,0.88,299.4,1.34,1.82,0.0,1.82,0
2021-01-25 07:00:00,1.2,1021.92,0.68,141.3,1.19,2.71,0.0,2.71,0
2021-01-25 08:00:00,1.35,1021.89,1.06,303.0,1.48,3.513,0.0,3.513,0
2021-01-25 09:00:00,1.57,1021.46,1.12,269.3,1.64,3.913,0.0,3.913,0
2021-01-25 10:00:00,1.68,1021.42,1.7,144.0,2.39,3.773,0.0,3.773,0
2021-01-25 11:00:00,1.85,1021.63,1.21,61.4,1.92,3.378,0.0,3.378,0
2021-01-25 12:00:00,2.02,1022.05,1.09,44.6,1.8,2.774,0.0,2.774,0
2021-01-25 13:00:00,2.27,1021.9,1.51,28.8,2.23,2.145,0.0,2.145,0
2021-01-25 14:00:00,2.97,1021.73,1.64,71.9,2.55,1.407,0.0,1.407,0
2021-01-25 15:00:00,3.4,1021.46,2.0,79.6,3.18,0.971,0.0,0.971,0
2021-01-25 16:00:00,3.36,1022.08,1.79,63.8,2.89,0.994,0.0,0.994,0
2021-01-25 17:00:00,3.6,1020.85,1.74,78.9,2.81,1.484,0.0,1.484,0
2021-01-25 18:00:00,3.73,1020.21,1.27,85.8,2.1,2.013,0.0,2.013,0
2021-01-25 19:00:00,3.63,1019.81,1.29,83.0,2.21,2.713,0.0,2.713,0
2021-01-25 20:00:00,3.57,1019.23,1.91,80.3,3.06,3.451,0.0,3.451,0
2021-01-25 21:00:00,3.51,1019.03,2.04,70.1,3.23,4.034,0.0,4.034,0
2021-01-25 22:00:00,3.49,1018.57,2.43,73.4,3.99,4.112,0.0,4.112,0
2021-01-25 23:00:00,3.52,1019.51,2.21,72.6,3.63,3.808,0.0,3.808,0
2021-01-26 00:00:00,3.01,1019.77,2.19,70.7,3.71,3.135,0.0,3.135,0
2021-01-26 01:00:00,1.87,1020.09,1.39,62.1,2.74,2.406,0.0,2.406,0
2021-01-26 02:00:00,1.52,1019.15,3.06,73.8,4.41,1.822,0.0,1.822,0
2021-01-26 03:00:00,2.02,1018.54,3.73,63.4,5.95,1.322,0.0,1.322,0
2021-01-26 04:00:00,1.98,1019.19,2.71,45.7,5.16,1.383,0.0,1.383,0
2021-01-26 05:00:00,2.27,1017.67,4.07,68.5,6.88,1.806,0.0,1.806,0
2021-01-26 06:00:00,2.87,1017.25,4.81,75.2,7.56,2.598,0.0,2.598,0
2021-01-26 07:00:00,3.32,1016.87,4.56,78.9,6.78,3.45,0.0,3.45,0
2021-01-26 08:00:00,4.0,1016.12,4.6,81.7,7.06,4.379,0.0,4.379,0
2021-01-26 09:00:00,4.64,1015.17,4.77,87.1,7.32,5.069,0.0,5.069,0
2021-01-26 10:00:00,5.22,1014.45,4.99,86.2,7.47,5.102,0.0,5.102,0
2021-01-26 11:00:00,5.76,1015.03,3.47,81.3,5.66,4.987,0.0,4.987,0
2021-01-26 12:00:00,5.57,1015.0,3.27,78.4,4.87,4.382,0.0,4.382,0
2021-01-26 13:00:00,6.11,1014.41,2.64,85.2,4.06,3.546,0.0,3.546,0
2021-01-26 14:00:00,6.65,1013.73,2.2,91.7,3.36,2.627,0.0,2.627,0
2021-01-26 15:00:00,6.88,1013.6,1.95,61.7,3.45,1.608,0.0,1.608,0
2021-01-26 16:00:00,6.95,1012.27,2.77,69.5,4.48,1.355,0.0,1.355,0
2021-01-26 17:00:00,7.4,1011.15,1.75,52.9,3.17,1.385,0.0,1.385,0
2021-01-26 18:00:00,7.53,1010.02,1.91,25.6,2.92,1.885,0.0,1.885,0
2021-01-26 19:00:00,6.48,1009.96,2.43,18.2,3.16,2.444,0.0,2.444,0
2021-01-26 20:00:00,6.7,1009.61,2.8,14.9,3.67,3.249,0.0,3.249,0
2021-01-26 21:00:00,6.87,1009.91,2.46,169.9,3.03,4.034,0.0,4.034,0
2021-01-26 22:00:00,6.98,1009.71,1.83,53.4,2.39,4.529,0.0,4.529,0
2021-01-26 23:00:00,7.26,1010.2,3.2,258.0,4.04,4.336,0.0,4.336,0
2021-01-27 00:00:00,7.12,1010.47,2.78,318.3,4.22,3.859,0.0,3.859,0
2021-01-27 01:00:00,6.31,1011.33,4.54,317.2,6.06,3.216,0.0,3.216,0
2021-01-27 02:00:00,5.49,1012.39,4.36,318.9,5.79,2.39,0.0,2.39,0
2021-01-27 03:00:00,5.06,1012.66,4.24,329.4,5.41,1.767,0.0,1.767,0
2021-01-27 04:00:00,4.59,1013.06,3.21,327.7,4.32,1.238,0.0,1.238,0
2021-01-27 05:00:00,4.21,1013.16,2.69,315.3,3.7,1.563,0.0,1.563,0
2021-01-27 06:00:00,3.93,1013.56,3.02,323.8,3.97,2.308,0.0,2.308,0
2021-01-27 07:00:00,3.56,1014.49,1.96,303.0,3.7,3.232,0.0,3.232,0
2021-01-27 08:00:00,3.36,1014.85,1.96,292.4,4.09,4.169,0.0,4.169,0
2021-01-27 09:00:00,3.17,1015.21,2.29,300.6,4.22,4.894,0.0,4.894,0
2021-01-27 10:00:00,3.16,1015.49,4.36,325.2,5.8,5.482,0.0,5.482,0
2021-01-27 11:00:00,3.28,1016.47,3.39,313.1,4.82,5.467,0.0,5.467,0
2021-01-27 12:00:00,3.29,1017.49,3.04,304.8,4.64,5.13,0.0,5.13,0
2021-01-27 13:00:00,3.59,1018.41,4.14,314.9,6.04,4.302,0.0,4.302,0
2021-01-27 14:00:00,4.37,1019.0,5.25,334.6,7.26,3.367,0.0,3.367,0
2021-01-27 15:00:00,5.23,1019.01,6.65,347.8,8.56,2.237,0.0,2.237,0
2021-01-27 16:00:00,5.83,1018.67,7.89,349.9,9.63,1.439,0.0,1.439,0
2021-01-27 17:00:00,6.03,1017.67,7.46,211.1,9.68,1.261,0.0,1.261,0
2021-01-27 18:00:00,6.05,1017.78,6.54,313.1,8.89,1.181,0.0,1.181,0
2021-01-27 19:00:00,5.91,1018.84,6.9,343.0,9.02,1.835,0.0,1.835,0
2021-01-27 20:00:00,5.42,1019.02,5.5,287.1,7.54,2.642,0.0,2.642,0
2021-01-27 21:00:00,4.71,1018.95,4.25,29.2,6.57,3.453,0.0,3.453,0
2021-01-27 22:00:00,4.35,1019.51,4.89,21.6,7.04,4.02,0.0,4.02,0
2021-01-27 23:00:00,4.06,1020.35,5.15,17.1,7.26,4.459,0.0,4.459,0
2021-01-28 00:00:00,3.83,1020.64,5.77,8.8,7.24,4.299,0.0,4.299,0
2021-01-28 01:00:00,3.49,1019.99,4.97,22.6,7.61,3.509,0.0,3.509,0
2021-01-28 02:00:00,3.26,1020.04,5.05,17.1,7.0,2.616,0.0,2.616,0
2021-01-28 03:00:00,2.91,1020.19,5.42,83.0,7.72,1.948,0.0,1.948,0
2021-01-28 04:00:00,2.32,1020.19,5.31,89.6,7.57,1.275,0.0,1.275,0
2021-01-28 05:00:00,1.74,1019.11,5.92,18.9,9.13,0.996,0.0,0.996,0
2021-01-28 06:00:00,1.49,1017.68,5.34,27.3,8.34,1.156,0.0,1.156,0
2021-01-28 07:00:00,1.44,1017.33,7.01,21.2,9.76,1.864,0.0,1.864,0
2021-01-28 08:00:00,1.07,1017.15,8.14,76.6,10.65,3.344,0.0,3.344,0
2021-01-28 09:00:00,0.84,1017.02,8.57,42.3,11.24,4.432,0.0,4.432,0
2021-01-28 10:00:00,0.23,1017.71,8.72,213.4,11.27,5.038,0.0,5.038,0
2021-01-28 11:00:00,-1.23,1018.6,7.78,339.4,9.99,5.446,0.0,5.446,0
2021-01-28 12:00:00,-0.59,1018.75,7.78,309.7,9.98,5.434,0.0,5.434,0
2021-01-28 13:00:00,-0.11,1018.89,9.54,351.7,12.54,5.0,0.0,5.0,0
2021-01-28 14:00:00,-0.52,1019.2,11.21,317.9,14.94,3.92,0.0,3.92,0
2021-01-28 15:00:00,-0.86,1019.68,11.19,318.3,14.66,2.674,0.0,2.674,0
2021-01-28 16:00:00,-0.91,1019.58,10.55,344.7,14.58,1.79,0.0,1.79,0
2021-01-28 17:00:00,-0.74,1019.18,11.27,243.6,14.07,1.104,0.0,1.104,0
2021-01-28 18:00:00,-0.35,1018.96,9.96,308.7,13.02,0.788,0.0,0.788,0
2021-01-28 19:00:00,0.49,1019.03,9.66,338.1,13.12,1.1,0.0,1.1,0
2021-01-28 20:00:00,0.83,1019.98,11.15,336.8,13.99,1.763,0.0,1.763,0
2021-01-28 21:00:00,0.95,1020.36,10.46,341.7,13.96,2.719,0.0,2.719,0
2021-01-28 22:00:00,0.78,1021.31,9.04,335.3,12.15,3.484,0.0,3.484,0
2021-01-28 23:00:00,0.62,1022.32,7.95,336.3,10.89,3.849,0.0,3.849,0
2021-01-29 00:00:00,0.44,1022.78,8.29,339.5,10.74,4.057,0.0,4.057,0
2021-01-29 01:00:00,0.33,1023.25,9.16,340.1,12.27,3.71,0.0,3.71,0
2021-01-29 02:00:00,-0.1,1023.5,7.59,337.8,10.79,3.002,0.0,3.002,0
2021-01-29 03:00:00,-0.73,1023.9,8.07,334.7,11.09,2.159,0.0,2.159,0
2021-01-29 04:00:00,-1.57,1024.09,9.01,334.7,12.66,1.324,0.0,1.324,0
2021-01-29 05:00:00,-2.43,1024.1,8.63,335.0,12.09,0.635,0.0,0.635,0
2021-01-29 06:00:00,-2.94,1024.21,6.74,338.4,8.87,0.238,0.0,0.238,0
2021-01-29 07:00:00,-3.28,1024.3,4.76,338.6,6.42,0.568,0.0,0.568,0
2021-01-29 08:00:00,-3.46,1024.11,4.27,340.4,5.61,1.565,0.0,1.565,0
2021-01-29 09:00:00,-3.12,1023.93,6.43,327.7,8.77,2.875,0.0,2.875,0
2021-01-29 10:00:00,-3.16,1023.87,6.89,326.1,9.43,3.964,0.0,3.964,0
2021-01-29 11:00:00,-3.32,1024.25,6.32,314.7,9.04,4.652,0.0,4.652,0
2021-01-29 12:00:00,-3.28,1024.64,6.77,320.1,9.43,4.831,0.0,4.831,0
2021-01-29 13:00:00,-2.65,1024.7,8.21,328.3,12.2,4.613,0.0,4.613,0
2021-01-29 14:00:00,-2.21,1024.45,9.69,333.4,13.56,3.668,0.0,3.668,0
2021-01-29 15:00:00,-1.88,1024.31,9.55,330.9,12.84,2.413,0.0,2.413,0
2021-01-29 16:00:00,-1.59,1023.84,10.93,333.8,14.97,1.26,0.0,1.26,0
2021-01-29 17:00:00,-1.26,1023.02,10.22,337.3,14.52,0.567,0.0,0.567,0
2021-01-29 18:00:00,-0.94,1022.34,9.98,333.7,13.61,-0.24,0.0,-0.24,0
2021-01-29 19:00:00,-0.53,1022.37,9.81,332.1,13.73,-0.488,0.0,-0.488,0
2021-01-29 20:00:00,-0.39,1022.74,9.49,327.4,12.98,-0.1,0.0,-0.1,0
2021-01-29 21:00:00,-0.5,1023.24,9.56,331.1,13.48,0.934,0.0,0.934,0
2021-01-29 22:00:00,-0.94,1023.95,7.33,334.0,9.99,2.185,0.0,2.185,0
2021-01-29 23:00:00,-1.22,1024.62,4.37,329.7,5.79,3.05,0.0,3.05,0
2021-01-30 00:00:00,-1.47,1025.04,3.6,323.2,4.75,3.708,0.0,3.708,0
2021-01-30 01:00:00,-1.35,1025.07,3.92,304.9,4.89,3.917,0.0,3.917,0
2021-01-30 02:00:00,-1.57,1025.36,5.98,109.1,7.51,3.526,0.0,3.526,0
2021-01-30 03:00:00,-1.65,1025.74,6.28,314.7,8.95,2.635,0.0,2.635,0
2021-01-30 04:00:00,-1.82,1026.12,6.27,348.8,8.45,1.584,0.0,1.584,0
2021-01-30 05:00:00,-2.44,1026.41,4.43,337.7,5.82,0.813,0.0,0.813,0
2021-01-30 06:00:00,-2.8,1026.58,4.18,338.8,5.56,0.36,0.0,0.36,0
2021-01-30 07:00:00,-3.18,1026.99,4.14,339.3,5.44,0.451,0.0,0.451,0
2021-01-30 08:00:00,-3.23,1026.78,4.74,212.1,6.02,1.097,0.0,1.097,0
2021-01-30 09:00:00,-3.32,1027.0,4.22,213.4,5.44,2.189,0.0,2.189,0
2021-01-30 10:00:00,-3.33,1027.42,3.61,314.7,4.59,3.38,0.0,3.38,0
2021-01-30 11:00:00,-3.89,1027.83,2.64,321.5,3.54,4.655,0.0,4.655,0
2021-01-30 12:00:00,-4.91,1028.33,2.32,296.1,2.99,5.488,0.0,5.488,0
2021-01-30 13:00:00,-3.79,1028.89,2.42,295.8,3.18,5.962,0.0,5.962,0
2021-01-30 14:00:00,-2.9,1029.19,2.21,310.8,3.36,5.655,0.0,5.655,0
2021-01-30 15:00:00,-1.66,1029.07,4.12,296.7,6.26,4.634,0.0,4.634,0
2021-01-30 16:00:00,-0.67,1028.84,5.1,343.3,7.09,3.398,0.0,3.398,0
2021-01-30 17:00:00,0.27,1028.22,3.94,299.4,6.18,2.311,0.0,2.311,0
2021-01-30 18:00:00,0.99,1027.64,4.54,141.9,6.19,1.406,0.0,1.406,0
2021-01-30 19:00:00,1.72,1026.92,2.97,28.8,4.7,0.89,0.0,0.89,0
2021-01-30 20:00:00,1.38,1027.16,3.03,89.5,4.35,1.006,0.0,1.006,0
2021-01-30 21:00:00,1.24,1027.5,2.17,84.1,3.3,1.807,0.0,1.807,0
2021-01-30 22:00:00,0.63,1027.68,0.93,77.4,1.45,2.924,0.0,2.924,0
2021-01-30 23:00:00,0.28,1028.26,0.62,183.7,0.93,3.928,0.0,3.928,0
2021-01-31 00:00:00,0.23,1028.77,1.53,287.1,2.14,4.614,0.0,4.614,0
2021-01-31 01:00:00,-0.45,1028.86,1.54,288.9,2.14,4.94,0.0,4.94,0
2021-01-31 02:00:00,-0.88,1028.55,1.51,295.9,1.95,4.889,0.0,4.889,0
2021-01-31 03:00:00,-0.89,1028.32,1.89,287.2,2.42,4.323,0.0,4.323,0
2021-01-31 04:00:00,-0.83,1028.15,2.1,285.7,2.82,3.285,0.0,3.285,0
2021-01-31 05:00:00,-0.42,1027.73,1.09,274.3,1.61,2.102,0.0,2.102,0
2021-01-31 06:00:00,-0.01,1027.42,0.84,174.6,1.14,1.165,0.0,1.165,0
2021-01-31 07:00:00,0.05,1028.1,1.4,297.5,1.75,0.569,0.0,0.569,0
2021-01-31 08:00:00,-0.1,1028.02,1.08,209.3,1.53,0.729,0.0,0.729,0
2021-01-31 09:00:00,0.4,1027.69,0.98,247.0,1.4,1.42,0.0,1.42,0
2021-01-31 10:00:00,0.19,1027.66,1.61,139.9,2.49,2.358,0.0,2.358,0
2021-01-31 11:00:00,-0.13,1027.07,2.73,76.3,3.9,3.64,0.0,3.64,0
2021-01-31 12:00:00,0.48,1026.24,2.74,88.1,4.2,4.651,0.0,4.651,0
2021-01-31 13:00:00,1.18,1026.23,2.76,135.1,4.51,5.296,0.0,5.296,0
2021-01-31 14:00:00,0.37,1025.93,3.2,145.8,4.83,5.45,0.0,5.45,0
2021-01-31 15:00:00,0.122,1025.64,2.88,141.4,4.35,4.93,0.0,4.93,0
2021-01-31 16:00:00,0.73,1024.72,3.11,121.9,4.75,3.8,0.0,3.8,0
2021-01-31 17:00:00,0.81,1023.43,3.44,106.3,5.15,2.635,0.0,2.635,0
2021-01-31 18:00:00,0.68,1022.36,3.53,94.8,5.3,1.42,0.0,1.42,0
2021-01-31 19:00:00,0.77,1021.16,4.55,83.0,6.67,0.638,0.0,0.638,0
2021-01-31 20:00:00,0.96,1019.62,6.8,81.0,9.57,0.454,0.0,0.454,0
2021-01-31 21:00:00,2.08,1018.27,7.28,85.2,11.32,0.796,0.0,0.796,0
2021-01-31 22:00:00,3.79,1017.1,7.3,96.6,11.02,1.841,0.0,1.841,0
2021-01-31 23:00:00,4.92,1015.94,7.52,104.3,11.25,3.316,0.0,3.316,0
2021-02-01 00:00:00,5.57,1014.79,7.59,104.2,10.95,4.403,0.0,4.403,0
2021-02-01 01:00:00,5.83,1014.11,5.52,95.2,8.44,5.19,0.0,5.19,0
2021-02-01 02:00:00,6.05,1012.82,4.85,77.4,7.66,5.691,0.0,5.691,0
2021-02-01 03:00:00,6.27,1011.01,3.67,49.2,6.08,5.63,0.0,5.63,0
2021-02-01 04:00:00,6.67,1009.5,4.69,29.4,7.3,4.988,0.0,4.988,0
2021-02-01 05:00:00,6.81,1007.9,3.83,34.9,6.0,3.992,0.0,3.992,0
2021-02-01 06:00:00,7.08,1006.3,3.6,61.3,6.98,2.836,0.0,2.836,0
2021-02-01 07:00:00,7.47,1005.28,3.55,54.4,7.28,2.105,0.0,2.105,0
2021-02-01 08:00:00,6.9,1004.58,3.46,48.5,6.7,1.685,0.0,1.685,0
2021-02-01 09:00:00,6.67,1004.28,3.61,47.3,7.17,2.09,0.0,2.09,0
2021-02-01 10:00:00,6.4,1003.98,4.29,39.8,8.0,2.989,0.0,2.989,0
2021-02-01 11:00:00,6.31,1003.75,6.7,27.6,9.65,4.228,0.0,4.228,0
2021-02-01 12:00:00,5.63,1003.41,5.82,19.4,8.54,5.276,0.0,5.276,0
2021-02-01 13:00:00,5.83,1002.56,7.39,25.0,11.29,6.312,0.0,6.312,0
2021-02-01 14:00:00,5.41,1002.27,8.23,20.7,11.69,7.046,0.0,7.046,0
2021-02-01 15:00:00,5.01,1002.24,9.49,21.4,13.61,7.157,0.0,7.157,0
2021-02-01 16:00:00,4.65,1002.32,10.42,45.2,14.3,6.615,0.0,6.615,0
2021-02-01 17:00:00,4.07,1001.6,11.51,8.0,14.5,5.667,0.0,5.667,0
2021-02-01 18:00:00,4.22,1000.88,11.77,44.0,15.58,4.446,0.0,4.446,0
2021-02-01 19:00:00,3.67,1000.75,10.88,248.0,13.93,3.67,0.0,3.67,0
2021-02-01 20:00:00,2.69,1001.68,9.96,342.0,12.99,3.044,0.0,3.044,0
2021-02-01 21:00:00,2.04,1002.32,9.39,340.6,12.18,3.024,0.0,3.024,0
2021-02-01 22:00:00,1.55,1002.19,9.29,341.8,11.61,3.432,0.0,3.432,0
2021-02-01 23:00:00,1.17,1002.49,8.64,337.8,11.18,4.121,0.0,4.121,0
2021-02-02 00:00:00,1.04,1002.03,9.24,340.9,11.81,4.964,0.0,4.964,0
2021-02-02 01:00:00,1.09,1001.6,8.98,342.2,11.8,5.974,0.0,5.974,0
2021-02-02 02:00:00,1.09,1001.57,8.12,339.3,10.36,6.883,0.0,6.883,0
2021-02-02 03:00:00,1.01,1001.05,7.94,339.2,10.91,7.244,0.0,7.244,0
2021-02-02 04:00:00,0.84,1000.62,7.74,338.0,10.32,7.024,0.0,7.024,0
2021-02-02 05:00:00,0.75,1000.34,7.3,338.1,9.82,6.286,0.0,6.286,0
2021-02-02 06:00:00,0.87,999.97,6.87,339.7,8.99,5.265,0.0,5.265,0
2021-02-02 07:00:00,0.91,999.64,7.63,339.9,9.63,4.235,0.0,4.235,0
2021-02-02 08:00:00,0.91,999.28,7.41,339.0,9.64,3.169,0.0,3.169,0
2021-02-02 09:00:00,1.04,999.35,7.17,338.6,9.25,2.945,0.0,2.945,0
2021-02-02 10:00:00,0.98,999.22,6.77,336.1,8.92,2.951,0.0,2.951,0
2021-02-02 11:00:00,0.93,999.12,6.88,336.0,9.15,3.552,0.0,3.552,0
2021-02-02 12:00:00,0.79,999.27,6.53,335.4,8.65,4.49,0.0,4.49,0
2021-02-02 13:00:00,0.76,999.27,6.87,336.0,9.31,5.511,0.0,5.511,0
2021-02-02 14:00:00,0.71,999.3,6.56,336.2,8.96,6.366,0.0,6.366,0
2021-02-02 15:00:00,0.77,999.13,6.33,336.3,8.95,6.672,0.0,6.672,0
2021-02-02 16:00:00,0.94,998.43,7.52,339.1,9.76,6.626,0.0,6.626,0
2021-02-02 17:00:00,1.02,997.69,7.39,337.2,9.27,6.036,0.0,6.036,0
2021-02-02 18:00:00,1.19,997.47,6.19,329.3,8.91,4.977,0.0,4.977,0
2021-02-02 19:00:00,1.24,997.72,5.99,324.7,7.95,3.74,0.0,3.74,0
2021-02-02 20:00:00,1.01,997.99,5.56,326.1,7.73,2.819,0.0,2.819,0
2021-02-02 21:00:00,1.22,998.12,5.66,317.5,7.73,2.275,0.0,2.275,0
2021-02-02 22:00:00,0.86,998.6,6.03,317.8,7.93,2.162,0.0,2.162,0
2021-02-02 23:00:00,0.83,999.11,7.26,324.7,9.95,2.658,0.0,2.658,0
2021-02-03 00:00:00,0.55,999.59,7.01,325.0,9.66,3.532,0.0,3.532,0
2021-02-03 01:00:00,0.16,999.82,7.44,323.7,10.37,4.534,0.0,4.534,0
2021-02-03 02:00:00,-0.43,1000.1,7.48,321.2,10.21,5.341,0.0,5.341,0
2021-02-03 03:00:00,-0.76,1000.31,7.6,319.0,10.19,5.993,0.0,5.993,0
2021-02-03 04:00:00,-0.76,1000.42,6.929,316.286,9.157,6.314,0.0,6.314,0
2021-02-03 05:00:00,-0.81,1000.43,7.15,320.0,9.32,5.969,0.0,5.969,0
2021-02-03 06:00:00,-0.99,1000.64,6.44,316.0,8.53,5.197,0.0,5.197,0
2021-02-03 07:00:00,-0.64,1000.79,5.49,316.5,7.6,4.226,0.0,4.226,0
2021-02-03 08:00:00,-0.48,1000.82,5.98,317.6,8.21,3.269,0.0,3.269,0
2021-02-03 09:00:00,-0.55,1000.85,5.44,308.6,7.78,2.507,0.0,2.507,0
2021-02-03 10:00:00,-0.51,1001.22,5.16,309.4,7.44,2.034,0.0,2.034,0
2021-02-03 11:00:00,-0.38,1001.72,4.92,310.1,6.93,2.254,0.0,2.254,0
2021-02-03 12:00:00,-0.01,1002.28,4.21,308.5,6.02,3.009,0.0,3.009,0
2021-02-03 13:00:00,0.45,1002.94,4.37,307.4,6.19,4.005,0.0,4.005,0
2021-02-03 14:00:00,1.23,1003.18,6.04,313.3,8.4,4.94,0.0,4.94,0
2021-02-03 15:00:00,1.78,1003.55,6.55,323.6,9.31,5.461,0.0,5.461,0
2021-02-03 16:00:00,2.22,1003.45,6.76,329.2,9.13,5.752,0.0,5.752,0
2021-02-03 17:00:00,2.4,1003.2,6.63,318.4,9.46,5.612,0.0,5.612,0
2021-02-03 18:00:00,2.39,1003.21,7.03,323.5,9.9,4.837,0.0,4.837,0
2021-02-03 19:00:00,2.53,1003.75,6.83,315.9,9.82,3.748,0.0,3.748,0
2021-02-03 20:00:00,2.64,1004.43,7.53,326.9,10.39,2.732,0.0,2.732,0
2021-02-03 21:00:00,2.52,1005.4,6.7,325.6,9.56,1.898,0.0,1.898,0
2021-02-03 22:00:00,2.33,1006.54,7.49,327.7,10.24,1.466,0.0,1.466,0
2021-02-03 23:00:00,2.07,1007.45,5.03,325.3,7.04,1.389,0.0,1.389,0
2021-02-04 00:00:00,1.99,1008.07,3.28,318.9,4.77,1.733,0.0,1.733,0
2021-02-04 01:00:00,1.43,1008.67,2.54,277.0,3.16,2.567,0.0,2.567,0
2021-02-04 02:00:00,1.39,1009.36,2.16,297.7,2.91,3.535,0.0,3.535,0
2021-02-04 03:00:00,1.88,1010.02,2.6,324.5,3.27,4.401,0.0,4.401,0
2021-02-04 04:00:00,2.37,1010.6,3.48,336.9,4.6,5.052,0.0,5.052,0
2021-02-04 05:00:00,2.27,1011.05,3.01,318.7,4.05,5.105,0.0,5.105,0
2021-02-04 06:00:00,1.76,1011.48,3.13,289.7,4.12,4.83,0.0,4.83,0
2021-02-04 07:00:00,1.7,1012.21,4.8,301.1,6.57,4.22,0.0,4.22,0
2021-02-04 08:00:00,1.18,1012.9,4.87,303.4,7.45,3.227,0.0,3.227,0
2021-02-04 09:00:00,0.81,1013.37,5.06,308.8,7.02,2.033,0.0,2.033,0
2021-02-04 10:00:00,0.4,1013.92,4.75,303.1,7.05,1.025,0.0,1.025,0
2021-02-04 11:00:00,0.04,1014.49,4.78,302.1,6.83,0.665,0.0,0.665,0
2021-02-04 12:00:00,-0.09,1015.51,4.94,300.6,7.32,1.124,0.0,1.124,0
2021-02-04 13:00:00,0.33,1016.15,5.19,306.4,7.48,1.81,0.0,1.81,0
2021-02-04 14:00:00,1.16,1016.27,6.13,319.2,8.16,2.575,0.0,2.575,0
2021-02-04 15:00:00,2.04,1016.29,6.2,328.5,8.71,3.232,0.0,3.232,0
2021-02-04 16:00:00,2.99,1015.88,6.75,336.5,9.24,4.051,0.0,4.051,0
2021-02-04 17:00:00,3.95,1015.46,6.08,327.9,8.01,4.426,0.0,4.426,0
2021-02-04 18:00:00,4.82,1014.98,5.04,321.0,7.87,4.127,0.0,4.127,0
2021-02-04 19:00:00,5.59,1014.95,4.78,319.7,6.67,3.572,0.0,3.572,0
2021-02-04 20:00:00,6.29,1014.92,4.01,311.9,5.56,2.717,0.0,2.717,0
2021-02-04 21:00:00,6.87,1015.31,3.53,303.8,5.12,1.985,0.0,1.985,0
2021-02-04 22:00:00,5.94,1015.62,2.61,291.9,3.71,1.412,0.0,1.412,0
2021-02-04 23:00:00,4.4,1015.64,1.37,270.2,1.79,0.904,0.0,0.904,0
2021-02-05 00:00:00,3.56,1016.36,1.69,265.4,2.26,0.929,0.0,0.929,0
2021-02-05 01:00:00,3.0,1015.93,1.24,211.3,1.69,1.44,0.0,1.44,0
2021-02-05 02:00:00,3.12,1015.75,2.73,218.7,3.21,2.375,0.0,2.375,0
2021-02-05 03:00:00,3.66,1015.19,2.5,199.4,3.18,3.439,0.0,3.439,0
2021-02-05 04:00:00,4.55,1014.68,3.81,198.2,4.77,4.313,0.0,4.313,0
2021-02-05 05:00:00,4.71,1013.75,3.64,209.3,4.32,4.904,0.0,4.904,0
2021-02-05 06:00:00,5.11,1012.77,4.86,205.7,5.59,5.032,0.0,5.032,0
2021-02-05 07:00:00,5.24,1012.67,5.48,211.7,6.6,4.673,0.0,4.673,0
2021-02-05 08:00:00,5.3,1011.59,5.25,199.4,6.62,3.983,0.0,3.983,0
2021-02-05 09:00:00,5.32,1010.68,6.21,205.5,7.3,3.003,0.0,3.003,0
2021-02-05 10:00:00,5.41,1010.18,6.83,206.3,8.27,2.097,0.0,2.097,0
2021-02-05 11:00:00,5.43,1010.22,6.63,219.6,8.35,1.43,0.0,1.43,0
2021-02-05 12:00:00,5.46,1010.01,5.17,238.9,6.83,1.08,0.0,1.08,0
2021-02-05 13:00:00,5.25,1009.68,5.13,228.5,6.82,1.079,0.0,1.079,0
2021-02-05 14:00:00,4.72,1009.27,6.03,215.3,7.09,1.542,0.0,1.542,0
2021-02-05 15:00:00,4.95,1008.44,7.41,204.6,8.9,2.375,0.0,2.375,0
2021-02-05 16:00:00,5.57,1007.68,8.03,222.8,9.86,3.25,0.0,3.25,0
2021-02-05 17:00:00,5.94,1006.47,9.26,218.5,10.96,3.699,0.0,3.699,0
2021-02-05 18:00:00,7.8,1005.57,6.8,250.5,8.61,3.833,0.0,3.833,0
2021-02-05 19:00:00,8.35,1005.38,6.0,257.6,8.16,3.547,0.0,3.547,0
2021-02-05 20:00:00,8.19,1005.21,4.82,245.7,6.07,3.317,0.0,3.317,0
2021-02-05 21:00:00,7.84,1005.6,4.42,257.0,5.72,2.632,0.0,2.632,0
2021-02-05 22:00:00,7.35,1005.99,3.53,242.3,4.35,1.95,0.0,1.95,0
2021-02-05 23:00:00,7.0,1007.36,3.68,250.3,4.83,1.341,0.0,1.341,0
2021-02-06 00:00:00,5.81,1007.84,3.12,222.1,3.67,0.849,0.0,0.849,0
2021-02-06 01:00:00,5.01,1008.4,3.51,222.4,4.06,0.84,0.0,0.84,0
2021-02-06 02:00:00,6.09,1009.88,3.55,286.6,4.72,1.488,0.0,1.488,0
2021-02-06 03:00:00,5.89,1011.23,3.48,312.3,4.68,2.702,0.0,2.702,0
2021-02-06 04:00:00,5.89,1011.95,4.29,329.4,5.78,3.561,0.0,3.561,0
2021-02-06 05:00:00,5.47,1012.8,3.93,333.4,5.17,4.186,0.0,4.186,0
2021-02-06 06:00:00,5.01,1013.83,4.02,329.5,5.45,4.734,0.0,4.734,0
2021-02-06 07:00:00,3.97,1015.06,1.77,293.9,2.36,5.045,0.0,5.045,0
2021-02-06 08:00:00,2.81,1015.51,0.68,228.5,1.05,4.745,0.0,4.745,0
2021-02-06 09:00:00,2.34,1016.29,2.16,226.1,2.52,3.925,0.0,3.925,0
2021-02-06 10:00:00,2.35,1017.39,2.76,233.7,3.38,2.937,0.0,2.937,0
2021-02-06 11:00:00,2.54,1018.06,3.39,225.1,3.97,2.306,0.0,2.306,0
2021-02-06 12:00:00,2.96,1019.17,3.06,234.0,3.87,1.396,0.0,1.396,0
2021-02-06 13:00:00,4.48,1020.39,3.3,224.7,4.29,0.857,0.0,0.857,0
2021-02-06 14:00:00,5.73,1020.79,4.2,231.3,5.6,0.749,0.0,0.749,0
2021-02-06 15:00:00,7.2,1021.16,4.93,245.5,6.39,0.757,0.0,0.757,0
2021-02-06 16:00:00,6.76,1021.4,5.02,208.7,6.86,1.328,0.0,1.328,0
2021-02-06 17:00:00,9.26,1020.75,6.07,279.9,9.11,2.203,0.0,2.203,0
2021-02-06 18:00:00,9.84,1020.15,6.72,284.4,10.16,2.612,0.0,2.612,0
2021-02-06 19:00:00,9.93,1020.71,7.25,285.2,10.43,2.77,0.0,2.77,0
2021-02-06 20:00:00,9.94,1021.09,6.53,279.9,8.67,2.837,0.0,2.837,0
2021-02-06 21:00:00,8.53,1021.64,4.94,254.3,7.08,2.386,0.0,2.386,0
2021-02-06 22:00:00,6.91,1022.18,2.42,241.5,3.66,1.655,0.0,1.655,0
2021-02-06 23:00:00,5.81,1022.32,3.1,209.2,3.86,0.921,0.0,0.921,0
2021-02-07 00:00:00,5.61,1022.53,2.14,200.0,2.81,0.152,0.0,0.152,0
2021-02-07 01:00:00,5.37,1022.76,2.45,219.8,3.03,-0.18,0.0,-0.18,0
2021-02-07 02:00:00,5.58,1022.92,3.17,214.0,3.83,-0.176,0.0,-0.176,0
2021-02-07 03:00:00,5.06,1021.96,1.78,212.8,2.31,0.493,0.0,0.493,0
2021-02-07 04:00:00,5.0,1020.52,0.9,200.1,1.15,1.527,0.0,1.527,0
2021-02-07 05:00:00,5.08,1020.63,1.56,201.4,2.06,2.583,0.0,2.583,0
2021-02-07 06:00:00,5.31,1019.62,1.48,189.7,2.04,3.664,0.0,3.664,0
2021-02-07 07:00:00,5.85,1019.0,1.91,161.6,2.75,4.37,0.0,4.37,0
2021-02-07 08:00:00,6.82,1017.15,4.04,153.1,6.06,4.643,0.0,4.643,0
2021-02-07 09:00:00,6.39,1016.6,3.21,148.0,5.05,4.438,0.0,4.438,0
2021-02-07 10:00:00,5.42,1014.77,2.02,122.8,3.15,3.885,0.0,3.885,0
2021-02-07 11:00:00,5.13,1013.51,2.24,107.1,3.45,3.047,0.0,3.047,0
2021-02-07 12:00:00,5.08,1012.14,2.69,73.2,4.6,2.052,0.0,2.052,0
2021-02-07 13:00:00,5.22,1011.06,3.06,45.7,5.12,1.341,0.0,1.341,0
2021-02-07 14:00:00,5.48,1009.87,4.78,30.9,7.43,1.002,0.0,1.002,0
2021-02-07 15:00:00,4.71,1008.55,8.67,14.6,11.29,0.943,0.0,0.943,0
2021-02-07 16:00:00,3.24,1008.14,10.45,179.8,13.39,1.254,0.0,1.254,0
2021-02-07 17:00:00,2.63,1008.24,9.26,320.0,12.11,2.285,0.0,2.285,0
2021-02-07 18:00:00,2.24,1008.01,9.04,180.5,11.29,2.969,0.0,2.969,0
2021-02-07 19:00:00,1.93,1008.86,8.75,348.9,11.38,3.221,0.0,3.221,0
2021-02-07 20:00:00,2.13,1010.36,9.24,351.9,12.22,3.907,0.0,3.907,0
2021-02-07 21:00:00,2.82,1011.99,8.4,317.0,10.91,4.242,0.0,4.242,0
2021-02-07 22:00:00,3.09,1013.53,5.97,341.1,7.73,4.126,0.0,4.126,0
2021-02-07 23:00:00,3.0,1015.6,5.36,328.5,7.67,2.931,0.0,2.931,0
2021-02-08 00:00:00,2.33,1017.32,3.27,309.5,4.33,2.212,0.0,2.212,0
2021-02-08 01:00:00,1.96,1019.05,3.37,302.0,4.82,1.653,0.0,1.653,0
2021-02-08 02:00:00,2.14,1020.37,5.08,310.7,8.05,0.831,0.0,0.831,0
2021-02-08 03:00:00,1.5,1021.41,6.14,313.3,8.5,0.609,0.0,0.609,0
2021-02-08 04:00:00,0.97,1022.42,5.99,320.7,8.38,1.013,0.0,1.013,0
2021-02-08 05:00:00,0.4,1023.52,5.62,325.3,7.4,2.028,0.0,2.028,0
2021-02-08 06:00:00,0.06,1024.86,5.04,325.8,6.99,2.916,0.0,2.916,0
2021-02-08 07:00:00,-0.27,1025.97,5.49,335.1,7.21,3.925,0.0,3.925,0
2021-02-08 08:00:00,-0.63,1026.73,6.18,339.9,8.13,4.763,0.0,4.763,0
2021-02-08 09:00:00,-1.07,1027.52,7.44,246.8,9.2,4.916,0.0,4.916,0
2021-02-08 10:00:00,-1.62,1028.28,7.31,5.1,8.91,4.574,0.0,4.574,0
2021-02-08 11:00:00,-1.94,1029.19,6.59,41.5,8.51,3.987,0.0,3.987,0
2021-02-08 12:00:00,-2.18,1030.34,5.67,115.1,7.27,2.912,0.0,2.912,0
2021-02-08 13:00:00,-1.75,1031.1,4.8,25.2,7.71,2.004,0.0,2.004,0
2021-02-08 14:00:00,-1.76,1031.71,4.81,29.0,7.8,1.174,0.0,1.174,0
2021-02-08 15:00:00,-1.78,1032.67,3.56,36.1,5.56,0.391,0.0,0.391,0
2021-02-08 16:00:00,-1.39,1032.99,2.37,49.9,4.14,0.44,0.0,0.44,0
2021-02-08 17:00:00,-0.99,1032.2,2.57,55.1,4.46,0.846,0.0,0.846,0
2021-02-08 18:00:00,-1.01,1031.78,2.9,79.0,4.14,1.318,0.0,1.318,0
2021-02-08 19:00:00,-0.34,1031.78,3.19,96.1,4.3,2.32,0.0,2.32,0
2021-02-08 20:00:00,0.18,1031.77,3.34,128.5,4.78,3.209,0.0,3.209,0
2021-02-08 21:00:00,0.45,1031.63,3.3,148.6,4.92,3.721,0.0,3.721,0
2021-02-08 22:00:00,0.42,1031.44,2.76,151.5,3.94,3.7,0.0,3.7,0
2021-02-08 23:00:00,0.67,1031.31,2.52,147.9,3.82,3.341,0.0,3.341,0
2021-02-09 00:00:00,1.11,1031.22,2.5,150.6,4.02,2.468,0.0,2.468,0
2021-02-09 01:00:00,1.56,1031.06,2.83,150.6,4.15,1.58,0.0,1.58,0
2021-02-09 02:00:00,2.09,1030.98,3.23,156.2,4.53,0.765,0.0,0.765,0
2021-02-09 03:00:00,2.69,1030.57,2.6,147.0,3.97,0.398,0.0,0.398,0
2021-02-09 04:00:00,3.26,1030.11,2.02,135.2,2.99,0.439,0.0,0.439,0
2021-02-09 05:00:00,4.05,1029.15,2.17,136.4,3.42,0.999,0.0,0.999,0
2021-02-09 06:00:00,4.46,1028.57,1.56,130.4,2.52,1.987,0.0,1.987,0
2021-02-09 07:00:00,4.66,1027.93,1.76,120.6,2.68,3.116,0.0,3.116,0
2021-02-09 08:00:00,4.89,1026.72,2.3,64.8,3.58,4.195,0.0,4.195,0
2021-02-09 09:00:00,5.39,1025.73,2.46,77.7,4.06,4.796,0.0,4.796,0
2021-02-09 10:00:00,5.62,1024.96,2.83,63.0,4.41,5.031,0.0,5.031,0
2021-02-09 11:00:00,5.69,1024.41,2.5,37.0,3.79,4.854,0.0,4.854,0
2021-02-09 12:00:00,5.29,1024.52,2.78,123.5,4.11,4.091,0.0,4.091,0
2021-02-09 13:00:00,5.31,1023.82,2.36,27.0,3.61,2.963,0.0,2.963,0
2021-02-09 14:00:00,5.26,1023.47,3.56,176.6,4.74,1.847,0.0,1.847,0
2021-02-09 15:00:00,5.25,1022.83,3.72,76.7,4.61,0.824,0.0,0.824,0
2021-02-09 16:00:00,5.43,1022.14,1.06,151.9,2.26,0.213,0.0,0.213,0
2021-02-09 17:00:00,5.77,1020.54,0.57,180.9,1.19,0.335,0.0,0.335,0
2021-02-09 18:00:00,5.4,1019.4,2.1,188.4,2.78,0.787,0.0,0.787,0
2021-02-09 19:00:00,5.64,1018.54,2.17,197.0,2.9,1.699,0.0,1.699,0
2021-02-09 20:00:00,7.32,1018.49,2.16,263.5,3.4,2.849,0.0,2.849,0
2021-02-09 21:00:00,8.65,1019.5,4.27,340.5,5.76,3.429,0.0,3.429,0
2021-02-09 22:00:00,6.19,1020.32,3.68,29.9,5.36,3.855,0.0,3.855,0
2021-02-09 23:00:00,5.57,1021.43,5.21,6.9,6.64,3.634,0.0,3.634,0
2021-02-10 00:00:00,4.79,1022.19,4.49,178.2,5.75,3.091,0.0,3.091,0
2021-02-10 01:00:00,4.2,1022.45,4.4,249.6,5.57,2.25,0.0,2.25,0
2021-02-10 02:00:00,3.57,1022.93,4.32,14.1,5.55,1.448,0.0,1.448,0
2021-02-10 03:00:00,3.02,1023.43,4.43,11.3,5.78,0.848,0.0,0.848,0
2021-02-10 04:00:00,2.59,1023.77,5.71,39.2,6.99,0.311,0.0,0.311,0
2021-02-10 05:00:00,2.08,1024.13,5.51,109.3,6.92,0.325,0.0,0.325,0
2021-02-10 06:00:00,1.78,1024.81,4.63,213.1,5.8,0.977,0.0,0.977,0
2021-02-10 07:00:00,1.62,1025.25,3.88,109.2,5.08,2.08,0.0,2.08,0
2021-02-10 08:00:00,1.51,1025.71,3.54,145.8,4.39,3.289,0.0,3.289,0
2021-02-10 09:00:00,1.51,1026.37,3.72,8.1,4.78,4.382,0.0,4.382,0
2021-02-10 10:00:00,1.56,1027.13,3.31,24.1,4.66,5.076,0.0,5.076,0
2021-02-10 11:00:00,1.5,1027.81,4.51,29.5,6.55,5.34,0.0,5.34,0
2021-02-10 12:00:00,1.32,1028.38,3.93,34.3,6.01,4.885,0.0,4.885,0
2021-02-10 13:00:00,1.56,1029.2,2.25,41.9,4.15,3.913,0.0,3.913,0
2021-02-10 14:00:00,1.77,1029.61,3.13,33.9,5.22,2.765,0.0,2.765,0
2021-02-10 15:00:00,1.82,1030.05,2.98,49.1,5.18,1.538,0.0,1.538,0
2021-02-10 16:00:00,1.622,1029.633,2.967,64.667,5.578,0.51,0.0,0.51,0
2021-02-10 17:00:00,1.55,1029.24,3.22,72.0,5.02,-0.068,0.0,-0.068,0
2021-02-10 18:00:00,1.74,1028.0,3.54,68.7,5.97,0.017,0.0,0.017,0
2021-02-10 19:00:00,1.411,1027.944,2.811,65.667,5.2,0.656,0.0,0.656,0
2021-02-10 20:00:00,1.1,1028.12,2.9,64.0,5.0,1.678,0.0,1.678,0
2021-02-10 21:00:00,1.22,1027.78,2.24,65.9,4.1,2.789,0.0,2.789,0
2021-02-10 22:00:00,1.26,1027.55,2.33,72.2,3.7,3.405,0.0,3.405,0
2021-02-10 23:00:00,1.51,1027.32,2.41,83.6,3.73,3.761,0.0,3.761,0
2021-02-11 00:00:00,2.13,1026.83,2.5,91.7,3.72,3.769,0.0,3.769,0
2021-02-11 01:00:00,2.47,1026.45,2.27,96.6,3.25,3.303,0.0,3.303,0
2021-02-11 02:00:00,2.87,1026.03,2.01,90.9,3.16,2.322,0.0,2.322,0
2021-02-11 03:00:00,2.98,1025.56,2.46,101.7,3.68,1.345,0.0,1.345,0
2021-02-11 04:00:00,3.08,1024.78,2.55,80.2,4.08,0.562,0.0,0.562,0
2021-02-11 05:00:00,2.91,1024.09,2.75,44.9,4.61,0.154,0.0,0.154,0
2021-02-11 06:00:00,1.93,1023.45,3.14,42.1,5.25,0.494,0.0,0.494,0
2021-02-11 07:00:00,1.66,1023.05,2.9,50.5,5.69,1.314,0.0,1.314,0
2021-02-11 08:00:00,1.91,1022.57,3.08,65.0,5.76,2.484,0.0,2.484,0
2021-02-11 09:00:00,2.29,1022.07,3.73,72.5,5.72,3.822,0.0,3.822,0
2021-02-11 10:00:00,2.96,1021.77,3.5,76.7,5.77,4.752,0.0,4.752,0
2021-02-11 11:00:00,3.28,1021.79,2.75,62.3,5.06,5.49,0.0,5.49,0
2021-02-11 12:00:00,3.02,1022.34,3.23,39.3,5.89,5.605,0.0,5.605,0
2021-02-11 13:00:00,3.06,1022.65,3.27,45.9,5.83,5.15,0.0,5.15,0
2021-02-11 14:00:00,3.21,1022.69,3.61,35.5,6.07,4.121,0.0,4.121,0
2021-02-11 15:00:00,3.18,1022.86,3.87,36.9,6.83,2.668,0.0,2.668,0
2021-02-11 16:00:00,2.96,1022.81,4.82,32.2,7.61,1.467,0.0,1.467,0
2021-02-11 17:00:00,2.84,1022.66,5.45,32.1,8.75,0.73,0.0,0.73,0
2021-02-11 18:00:00,2.64,1022.57,4.89,32.3,7.87,0.213,0.0,0.213,0
2021-02-11 19:00:00,2.27,1022.52,5.3,31.5,8.42,0.276,0.0,0.276,0
2021-02-11 20:00:00,2.15,1023.18,5.01,32.8,7.83,1.036,0.0,1.036,0
2021-02-11 21:00:00,2.18,1024.04,5.29,33.0,7.92,2.266,0.0,2.266,0
2021-02-11 22:00:00,1.85,1024.79,4.86,32.4,7.86,3.254,0.0,3.254,0
2021-02-11 23:00:00,1.36,1025.18,4.69,34.2,7.76,3.899,0.0,3.899,0
2021-02-12 00:00:00,1.16,1025.51,4.28,34.6,6.94,4.053,0.0,4.053,0
2021-02-12 01:00:00,1.26,1025.86,4.03,33.4,6.2,3.896,0.0,3.896,0
2021-02-12 02:00:00,1.12,1026.41,5.33,27.7,7.77,3.323,0.0,3.323,0
2021-02-12 03:00:00,0.76,1026.37,5.75,31.3,8.27,2.177,0.0,2.177,0
2021-02-12 04:00:00,0.7,1026.73,5.14,33.5,8.31,1.007,0.0,1.007,0
2021-02-12 05:00:00,0.43,1026.13,4.57,35.8,7.28,0.175,0.0,0.175,0
2021-02-12 06:00:00,-0.1,1026.27,4.55,34.9,7.5,0.078,0.0,0.078,0
2021-02-12 07:00:00,-1.08,1026.14,5.22,29.2,7.97,0.333,0.0,0.333,0
2021-02-12 08:00:00,-1.26,1025.48,4.82,32.2,7.35,1.154,0.0,1.154,0
2021-02-12 09:00:00,-0.73,1025.08,4.34,34.9,7.46,2.301,0.0,2.301,0
2021-02-12 10:00:00,-0.24,1025.33,4.29,37.6,8.05,3.506,0.0,3.506,0
2021-02-12 11:00:00,0.2,1025.71,3.65,45.2,7.72,4.551,0.0,4.551,0
2021-02-12 12:00:00,0.14,1026.53,4.3,38.3,7.66,5.043,0.0,5.043,0
2021-02-12 13:00:00,0.93,1026.79,5.1,67.6,8.2,5.066,0.0,5.066,0
2021-02-12 14:00:00,1.36,1026.88,5.06,69.1,8.35,4.469,0.0,4.469,0
2021-02-12 15:00:00,1.66,1026.98,4.39,66.0,7.35,3.27,0.0,3.27,0
2021-02-12 16:00:00,1.77,1026.69,4.53,67.4,7.19,2.038,0.0,2.038,0
2021-02-12 17:00:00,2.0,1026.35,3.0,57.6,6.14,0.933,0.0,0.933,0
2021-02-12 18:00:00,2.09,1025.57,2.9,61.4,5.95,0.128,0.0,0.128,0
2021-02-12 19:00:00,1.98,1025.36,3.38,48.1,6.3,-0.122,0.0,-0.122,0
2021-02-12 20:00:00,1.45,1025.3,3.62,45.7,6.96,0.239,0.0,0.239,0
2021-02-12 21:00:00,1.08,1025.44,4.98,34.4,8.01,1.246,0.0,1.246,0
2021-02-12 22:00:00,1.05,1025.3,3.25,48.2,6.87,2.523,0.0,2.523,0
2021-02-12 23:00:00,1.36,1025.48,3.59,48.5,7.31,3.324,0.0,3.324,0
2021-02-13 00:00:00,1.7,1025.99,3.37,41.0,7.03,3.856,0.0,3.856,0
2021-02-13 01:00:00,1.81,1025.93,4.1,34.9,6.69,4.018,0.0,4.018,0
2021-02-13 02:00:00,1.72,1025.86,3.27,42.2,6.26,3.673,0.0,3.673,0
2021-02-13 03:00:00,2.15,1025.84,3.74,38.7,6.45,2.879,0.0,2.879,0
2021-02-13 04:00:00,2.25,1025.88,4.31,35.0,7.43,1.788,0.0,1.788,0
2021-02-13 05:00:00,1.9,1025.59,4.47,31.2,7.15,0.823,0.0,0.823,0
2021-02-13 06:00:00,1.54,1025.09,4.89,30.3,7.35,0.256,0.0,0.256,0
2021-02-13 07:00:00,2.67,1024.83,3.15,40.3,6.16,0.123,0.0,0.123,0
2021-02-13 08:00:00,2.74,1024.46,3.75,35.4,6.67,0.66,0.0,0.66,0
2021-02-13 09:00:00,2.4,1024.34,5.23,32.9,8.21,1.73,0.0,1.73,0
2021-02-13 10:00:00,2.46,1024.43,4.69,36.2,8.11,2.892,0.0,2.892,0
2021-02-13 11:00:00,2.27,1024.19,4.06,39.4,7.58,3.989,0.0,3.989,0
2021-02-13 12:00:00,2.7,1024.29,3.59,59.7,7.07,4.841,0.0,4.841,0
2021-02-13 13:00:00,2.89,1024.58,4.29,63.0,7.31,5.28,0.0,5.28,0
2021-02-13 14:00:00,3.31,1024.1,4.69,66.2,7.92,5.183,0.0,5.183,0
2021-02-13 15:00:00,3.53,1023.44,5.64,68.2,8.57,4.329,0.0,4.329,0
2021-02-13 16:00:00,3.66,1023.09,4.97,67.0,8.25,3.173,0.0,3.173,0
2021-02-13 17:00:00,3.53,1022.24,3.32,55.5,7.21,2.033,0.0,2.033,0
2021-02-13 18:00:00,3.29,1021.52,4.29,40.6,8.3,1.189,0.0,1.189,0
2021-02-13 19:00:00,2.85,1021.29,4.95,36.8,8.82,0.624,0.0,0.624,0
2021-02-13 20:00:00,2.48,1020.78,5.43,36.6,9.33,0.72,0.0,0.72,0
2021-02-13 21:00:00,2.5,1020.49,4.9,39.9,9.13,1.384,0.0,1.384,0
2021-02-13 22:00:00,2.7,1020.19,4.48,41.3,8.42,2.524,0.0,2.524,0
2021-02-13 23:00:00,3.06,1019.78,4.37,41.9,8.54,3.671,0.0,3.671,0
2021-02-14 00:00:00,3.48,1019.59,4.34,38.8,7.94,4.407,0.0,4.407,0
2021-02-14 01:00:00,3.72,1019.73,5.27,34.7,8.37,4.888,0.0,4.888,0
2021-02-14 02:00:00,3.53,1019.5,4.57,35.5,8.3,4.952,0.0,4.952,0
2021-02-14 03:00:00,3.5,1018.8,6.15,30.7,9.1,4.459,0.0,4.459,0
2021-02-14 04:00:00,1.9,1019.51,7.3,22.9,10.99,3.508,0.0,3.508,0
2021-02-14 05:00:00,1.76,1019.44,6.47,25.4,9.7,2.429,0.0,2.429,0
2021-02-14 06:00:00,1.53,1019.92,7.39,18.6,10.05,1.621,0.0,1.621,0
2021-02-14 07:00:00,0.91,1020.11,6.3,22.7,9.55,1.153,0.0,1.153,0
2021-02-14 08:00:00,0.65,1020.11,6.68,17.0,9.28,1.215,0.0,1.215,0
2021-02-14 09:00:00,0.67,1020.68,6.53,9.5,8.3,1.766,0.0,1.766,0
2021-02-14 10:00:00,0.78,1021.15,6.55,11.3,8.11,2.785,0.0,2.785,0
2021-02-14 11:00:00,1.0,1021.54,5.93,7.6,7.46,3.795,0.0,3.795,0
2021-02-14 12:00:00,0.98,1022.29,6.71,8.0,8.23,4.669,0.0,4.669,0
2021-02-14 13:00:00,0.8,1023.45,6.41,181.4,7.76,5.207,0.0,5.207,0
2021-02-14 14:00:00,0.53,1023.9,6.27,40.7,7.76,5.318,0.0,5.318,0
2021-02-14 15:00:00,1.0,1024.25,6.37,10.0,7.82,4.847,0.0,4.847,0
2021-02-14 16:00:00,1.5,1024.25,5.81,15.0,7.43,3.909,0.0,3.909,0
2021-02-14 17:00:00,1.71,1024.16,4.75,18.2,6.47,2.897,0.0,2.897,0
2021-02-14 18:00:00,2.26,1023.76,4.77,21.5,6.65,1.85,0.0,1.85,0
2021-02-14 19:00:00,2.36,1023.61,4.28,27.4,6.17,1.079,0.0,1.079,0
2021-02-14 20:00:00,1.91,1023.49,4.88,22.8,7.25,0.71,0.0,0.71,0
2021-02-14 21:00:00,1.83,1023.73,4.49,23.7,6.74,0.915,0.0,0.915,0
2021-02-14 22:00:00,1.73,1023.75,4.82,21.3,7.26,1.821,0.0,1.821,0
2021-02-14 23:00:00,1.84,1024.27,4.71,24.4,6.54,2.93,0.0,2.93,0
2021-02-15 00:00:00,2.4,1023.95,3.74,36.0,5.88,3.792,0.0,3.792,0
2021-02-15 01:00:00,2.53,1023.59,4.42,32.9,7.24,4.377,0.0,4.377,0
2021-02-15 02:00:00,2.82,1023.71,3.21,39.0,6.15,4.667,0.0,4.667,0
2021-02-15 03:00:00,2.7,1023.24,4.88,30.5,7.4,4.573,0.0,4.573,0
2021-02-15 04:00:00,2.89,1021.99,3.81,37.5,6.65,3.875,0.0,3.875,0
2021-02-15 05:00:00,3.15,1021.04,5.24,29.9,8.22,2.992,0.0,2.992,0
2021-02-15 06:00:00,3.0,1021.13,5.36,29.2,7.87,1.994,0.0,1.994,0
2021-02-15 07:00:00,2.75,1021.01,5.65,24.0,8.26,1.5,0.0,1.5,0
2021-02-15 08:00:00,2.62,1020.78,6.69,18.3,9.39,1.356,0.0,1.356,0
2021-02-15 09:00:00,2.32,1020.66,6.21,21.3,9.06,1.281,0.0,1.281,0
2021-02-15 10:00:00,2.57,1021.08,5.24,26.5,8.16,1.785,0.0,1.785,0
2021-02-15 11:00:00,2.7,1021.14,4.98,24.7,7.72,2.862,0.0,2.862,0
2021-02-15 12:00:00,2.89,1021.77,4.9,24.1,7.21,3.997,0.0,3.997,0
2021-02-15 13:00:00,3.14,1022.35,4.66,26.9,6.96,4.748,0.0,4.748,0
2021-02-15 14:00:00,3.61,1022.1,5.07,29.9,7.63,5.204,0.0,5.204,0
2021-02-15 15:00:00,3.93,1022.05,5.05,30.3,7.8,4.962,0.0,4.962,0
2021-02-15 16:00:00,3.76,1022.13,5.88,20.7,7.78,4.349,0.0,4.349,0
2021-02-15 17:00:00,3.66,1021.55,5.13,24.5,7.41,3.614,0.0,3.614,0
2021-02-15 18:00:00,3.69,1020.86,4.99,30.4,7.72,2.577,0.0,2.577,0
2021-02-15 19:00:00,3.35,1020.4,5.03,28.5,7.49,1.651,0.0,1.651,0
2021-02-15 20:00:00,3.28,1020.0,4.66,30.8,7.22,1.185,0.0,1.185,0
2021-02-15 21:00:00,3.35,1019.78,4.52,30.0,6.64,1.171,0.0,1.171,0
2021-02-15 22:00:00,3.33,1019.63,5.22,30.6,7.07,1.828,0.0,1.828,0
2021-02-15 23:00:00,3.48,1019.22,4.83,32.0,6.92,2.662,0.0,2.662,0
2021-02-16 00:00:00,4.06,1018.47,3.12,37.3,5.74,3.416,0.0,3.416,0
2021-02-16 01:00:00,4.71,1017.5,3.15,37.0,5.1,4.311,0.0,4.311,0
2021-02-16 02:00:00,5.37,1016.64,1.81,47.8,3.62,4.998,0.0,4.998,0
2021-02-16 03:00:00,5.94,1015.08,2.31,66.5,3.92,5.154,0.0,5.154,0
2021-02-16 04:00:00,6.33,1012.3,3.63,103.7,5.59,5.006,0.0,5.006,0
2021-02-16 05:00:00,7.22,1011.15,3.24,136.3,4.83,4.235,0.0,4.235,0
2021-02-16 06:00:00,7.14,1009.87,3.87,167.5,5.45,3.651,0.0,3.651,0
2021-02-16 07:00:00,7.14,1008.68,4.11,206.7,5.18,2.736,0.0,2.736,0
2021-02-16 08:00:00,7.85,1006.84,4.59,217.4,6.26,2.286,0.0,2.286,0
2021-02-16 09:00:00,10.45,1005.29,8.37,216.6,11.29,2.0,0.0,2.0,0
2021-02-16 10:00:00,9.1,1004.18,7.17,219.4,8.59,2.303,0.0,2.303,0
2021-02-16 11:00:00,9.66,1004.2,7.2,220.7,8.72,3.01,0.0,3.01,0
2021-02-16 12:00:00,8.76,1005.26,7.77,219.1,9.36,3.845,0.0,3.845,0
2021-02-16 13:00:00,8.6,1006.02,5.57,215.8,6.85,4.339,0.0,4.339,0
2021-02-16 14:00:00,7.62,1006.0,5.84,217.4,7.48,4.773,0.0,4.773,0
2021-02-16 15:00:00,11.32,1005.74,8.76,266.5,11.9,4.941,0.0,4.941,0
2021-02-16 16:00:00,11.27,1005.65,7.64,256.2,9.7,4.595,0.0,4.595,0
2021-02-16 17:00:00,12.32,1004.98,9.03,255.4,12.69,3.846,0.0,3.846,0
2021-02-16 18:00:00,12.58,1005.1,9.4,261.4,12.25,2.971,0.0,2.971,0
2021-02-16 19:00:00,12.11,1005.9,7.97,274.8,11.45,1.99,0.0,1.99,0
2021-02-16 20:00:00,10.22,1007.99,7.42,285.6,10.59,1.448,0.0,1.448,0
2021-02-16 21:00:00,8.54,1009.54,6.69,294.2,9.38,0.986,0.0,0.986,0
2021-02-16 22:00:00,8.18,1010.97,5.4,291.8,7.76,1.134,0.0,1.134,0
2021-02-16 23:00:00,8.06,1012.49,4.04,300.0,5.94,1.649,0.0,1.649,0
2021-02-17 00:00:00,7.87,1014.11,4.49,312.6,6.42,2.378,0.0,2.378,0
2021-02-17 01:00:00,6.09,1015.92,7.4,329.4,9.9,3.049,0.0,3.049,0
2021-02-17 02:00:00,4.28,1017.64,8.21,327.0,11.33,3.555,0.0,3.555,0
2021-02-17 03:00:00,2.88,1018.9,7.24,329.3,9.83,3.671,0.0,3.671,0
2021-02-17 04:00:00,1.66,1019.37,9.11,331.7,11.69,3.413,0.0,3.413,0
2021-02-17 05:00:00,0.75,1020.4,8.88,335.5,11.89,2.825,0.0,2.825,0
2021-02-17 06:00:00,-0.14,1022.02,7.54,336.0,10.46,2.198,0.0,2.198,0
2021-02-17 07:00:00,-0.54,1022.9,6.54,335.6,9.82,1.503,0.0,1.503,0
2021-02-17 08:00:00,-0.82,1023.6,6.5,336.5,9.01,0.904,0.0,0.904,0
2021-02-17 09:00:00,-1.07,1024.56,6.35,338.1,8.35,0.428,0.0,0.428,0
2021-02-17 10:00:00,-1.29,1025.63,7.54,345.5,9.94,0.323,0.0,0.323,0
2021-02-17 11:00:00,-1.59,1027.18,6.65,344.8,9.06,0.526,0.0,0.526,0
2021-02-17 12:00:00,-1.69,1028.12,7.25,346.1,9.3,1.246,0.0,1.246,0
2021-02-17 13:00:00,-1.72,1029.17,7.11,246.2,9.18,2.009,0.0,2.009,0
2021-02-17 14:00:00,-1.43,1030.68,5.45,210.5,7.31,2.689,0.0,2.689,0
2021-02-17 15:00:00,-1.32,1030.68,3.72,14.9,5.46,3.425,0.0,3.425,0
2021-02-17 16:00:00,-0.59,1030.44,4.86,212.8,6.52,3.382,0.0,3.382,0
2021-02-17 17:00:00,0.25,1029.98,4.41,20.4,6.41,2.97,0.0,2.97,0
2021-02-17 18:00:00,0.59,1029.86,4.01,32.2,6.54,2.265,0.0,2.265,0
2021-02-17 19:00:00,0.17,1029.96,4.44,62.1,6.67,1.502,0.0,1.502,0
2021-02-17 20:00:00,0.08,1030.28,4.36,68.2,7.05,0.775,0.0,0.775,0
2021-02-17 21:00:00,0.27,1030.16,3.89,70.3,6.16,0.302,0.0,0.302,0
2021-02-17 22:00:00,-0.14,1030.62,2.77,68.1,4.63,0.33,0.0,0.33,0
2021-02-17 23:00:00,-0.23,1031.56,2.09,74.6,3.76,0.759,0.0,0.759,0
2021-02-18 00:00:00,-0.01,1032.44,1.95,92.0,3.02,1.528,0.0,1.528,0
2021-02-18 01:00:00,0.25,1032.23,1.85,81.6,2.86,2.206,0.0,2.206,0
2021-02-18 02:00:00,0.45,1031.87,1.67,69.1,2.67,2.825,0.0,2.825,0
2021-02-18 03:00:00,0.63,1031.39,1.58,65.2,2.96,3.469,0.0,3.469,0
2021-02-18 04:00:00,0.95,1030.75,1.69,56.3,3.42,3.678,0.0,3.678,0
2021-02-18 05:00:00,1.24,1030.8,1.96,64.6,3.74,3.477,0.0,3.477,0
2021-02-18 06:00:00,1.525,1030.263,3.413,69.875,5.263,2.982,0.0,2.982,0
2021-02-18 07:00:00,1.867,1030.178,3.222,69.778,5.644,2.35,0.0,2.35,0
2021-02-18 08:00:00,2.08,1029.24,3.8,69.0,5.96,1.696,0.0,1.696,0
2021-02-18 09:00:00,1.8,1029.07,3.93,67.7,7.19,1.171,0.0,1.171,0
2021-02-18 10:00:00,1.31,1028.84,3.5,57.6,7.09,0.741,0.0,0.741,0
2021-02-18 11:00:00,0.95,1028.96,4.03,57.8,7.52,0.99,0.0,0.99,0
2021-02-18 12:00:00,1.29,1028.33,4.97,66.1,7.98,1.529,0.0,1.529,0
2021-02-18 13:00:00,2.02,1027.26,5.9,69.4,9.0,2.365,0.0,2.365,0
2021-02-18 14:00:00,2.81,1025.69,5.83,67.5,9.07,3.042,0.0,3.042,0
2021-02-18 15:00:00,3.11,1025.22,4.5,55.0,8.32,3.63,0.0,3.63,0
2021-02-18 16:00:00,2.85,1025.88,7.01,32.1,9.96,4.031,0.0,4.031,0
2021-02-18 17:00:00,2.2,1025.06,5.72,37.6,9.38,3.965,0.0,3.965,0
2021-02-18 18:00:00,2.76,1023.22,3.85,53.5,7.61,3.466,0.0,3.466,0
2021-02-18 19:00:00,3.87,1021.1,5.39,70.8,8.33,2.901,0.0,2.901,0
2021-02-18 20:00:00,4.98,1020.9,4.2,47.8,7.35,2.488,0.0,2.488,0
2021-02-18 21:00:00,4.66,1021.4,5.45,24.6,7.75,2.456,0.0,2.456,0
2021-02-18 22:00:00,2.47,1021.36,8.18,12.3,10.44,2.371,0.0,2.371,0
2021-02-18 23:00:00,2.32,1021.43,7.15,18.9,10.48,2.026,0.0,2.026,0
2021-02-19 00:00:00,3.31,1021.91,5.86,24.7,8.55,2.091,0.0,2.091,0
2021-02-19 01:00:00,4.0,1021.75,6.1,28.8,9.58,2.82,0.0,2.82,0
2021-02-19 02:00:00,3.88,1021.98,6.87,30.7,9.74,3.639,0.0,3.639,0
2021-02-19 03:00:00,3.69,1021.49,6.78,30.1,9.84,4.354,0.0,4.354,0
2021-02-19 04:00:00,3.62,1020.99,6.09,30.9,8.99,4.781,0.0,4.781,0
2021-02-19 05:00:00,3.5,1020.69,5.58,32.9,9.05,4.822,0.0,4.822,0
2021-02-19 06:00:00,3.57,1019.53,4.08,40.3,7.71,4.651,0.0,4.651,0
2021-02-19 07:00:00,3.6,1019.52,4.98,34.9,8.13,4.187,0.0,4.187,0
2021-02-19 08:00:00,3.64,1018.8,5.95,31.5,9.01,3.642,0.0,3.642,0
2021-02-19 09:00:00,2.86,1017.86,6.75,28.6,9.8,2.991,0.0,2.991,0
2021-02-19 10:00:00,2.25,1018.7,6.69,23.2,10.23,2.441,0.0,2.441,0
2021-02-19 11:00:00,1.98,1018.22,6.77,25.5,10.69,2.235,0.0,2.235,0
2021-02-19 12:00:00,1.8,1017.76,7.01,26.1,9.84,2.567,0.0,2.567,0
2021-02-19 13:00:00,1.65,1017.87,8.14,44.9,10.16,3.039,0.0,3.039,0
2021-02-19 14:00:00,1.44,1017.57,7.71,146.0,9.95,3.62,0.0,3.62,0
2021-02-19 15:00:00,1.59,1017.8,7.8,249.1,9.79,4.175,0.0,4.175,0
2021-02-19 16:00:00,1.12,1017.68,8.08,143.3,10.1,4.537,0.0,4.537,0
2021-02-19 17:00:00,1.24,1017.04,7.8,177.7,10.0,4.614,0.0,4.614,0
2021-02-19 18:00:00,1.07,1016.2,8.74,248.5,11.05,4.448,0.0,4.448,0
2021-02-19 19:00:00,1.33,1016.13,8.02,110.1,9.81,4.111,0.0,4.111,0
2021-02-19 20:00:00,1.62,1016.7,7.37,213.3,9.11,3.721,0.0,3.721,0
2021-02-19 21:00:00,1.39,1017.41,6.96,281.3,9.06,3.109,0.0,3.109,0
2021-02-19 22:00:00,1.25,1017.86,6.92,281.9,8.67,2.657,0.0,2.657,0
2021-02-19 23:00:00,0.91,1018.64,6.89,349.0,8.81,2.295,0.0,2.295,0
2021-02-20 00:00:00,1.0,1018.95,6.34,346.8,8.3,2.272,0.0,2.272,0
2021-02-20 01:00:00,1.03,1018.91,6.94,346.4,9.12,2.685,0.0,2.685,0
2021-02-20 02:00:00,0.94,1019.62,6.34,347.5,8.33,3.209,0.0,3.209,0
2021-02-20 03:00:00,0.71,1019.92,5.27,338.3,6.91,3.841,0.0,3.841,0
2021-02-20 04:00:00,0.82,1019.85,6.74,330.9,8.87,4.474,0.0,4.474,0
2021-02-20 05:00:00,0.88,1019.96,7.06,330.2,9.62,4.724,0.0,4.724,0
2021-02-20 06:00:00,0.71,1020.66,6.51,331.8,9.01,4.71,0.0,4.71,0
2021-02-20 07:00:00,0.42,1020.89,6.2,327.5,8.37,4.451,0.0,4.451,0
2021-02-20 08:00:00,0.0,1021.0,6.77,326.1,9.05,3.808,0.0,3.808,0
2021-02-20 09:00:00,-0.51,1021.43,7.19,328.0,10.1,3.048,0.0,3.048,0
2021-02-20 10:00:00,-0.96,1021.86,7.37,329.9,10.55,2.382,0.0,2.382,0
2021-02-20 11:00:00,-1.35,1022.14,7.38,332.3,9.61,1.924,0.0,1.924,0
2021-02-20 12:00:00,-1.52,1022.94,6.96,328.8,9.42,1.848,0.0,1.848,0
2021-02-20 13:00:00,-1.15,1023.87,8.28,332.7,11.3,1.984,0.0,1.984,0
2021-02-20 14:00:00,-0.73,1024.17,7.72,327.9,10.34,2.268,0.0,2.268,0
2021-02-20 15:00:00,-0.63,1024.34,8.07,328.0,11.06,2.519,0.0,2.519,0
2021-02-20 16:00:00,-0.8,1024.42,7.15,318.9,10.35,2.844,0.0,2.844,0
2021-02-20 17:00:00,-0.65,1024.04,7.92,319.8,10.28,3.216,0.0,3.216,0
2021-02-20 18:00:00,-0.26,1023.73,7.28,310.3,10.31,3.466,0.0,3.466,0
2021-02-20 19:00:00,-0.3,1023.87,7.41,310.6,10.68,3.265,0.0,3.265,0
2021-02-20 20:00:00,-0.58,1024.25,6.38,306.9,9.07,2.872,0.0,2.872,0
2021-02-20 21:00:00,-0.63,1024.67,7.05,307.5,10.12,2.261,0.0,2.261,0
2021-02-20 22:00:00,-0.54,1025.44,7.08,318.4,9.97,1.702,0.0,1.702,0
2021-02-20 23:00:00,-0.64,1026.65,6.34,324.5,8.89,1.225,0.0,1.225,0
2021-02-21 00:00:00,-0.94,1027.93,5.83,313.5,8.77,0.931,0.0,0.931,0
2021-02-21 01:00:00,-1.37,1028.88,6.37,317.8,8.86,0.902,0.0,0.902,0
2021-02-21 02:00:00,-1.77,1029.78,6.04,320.5,8.33,1.275,0.0,1.275,0
2021-02-21 03:00:00,-2.13,1030.34,5.67,318.6,7.79,1.965,0.0,1.965,0
2021-02-21 04:00:00,-2.4,1030.88,5.92,320.3,8.23,2.793,0.0,2.793,0
2021-02-21 05:00:00,-2.49,1031.7,5.82,320.9,8.3,3.287,0.0,3.287,0
2021-02-21 06:00:00,-2.6,1032.58,6.12,323.4,8.41,3.597,0.0,3.597,0
2021-02-21 07:00:00,-2.75,1032.99,6.55,327.0,8.95,3.612,0.0,3.612,0
2021-02-21 08:00:00,-2.95,1033.41,5.61,324.2,7.8,3.355,0.0,3.355,0
2021-02-21 09:00:00,-3.15,1033.74,5.4,327.2,7.51,2.879,0.0,2.879,0
2021-02-21 10:00:00,-3.22,1034.45,5.12,325.4,6.93,2.277,0.0,2.277,0
2021-02-21 11:00:00,-3.78,1035.4,3.45,311.8,4.88,1.748,0.0,1.748,0
2021-02-21 12:00:00,-3.56,1036.07,4.21,326.9,5.6,1.435,0.0,1.435,0
2021-02-21 13:00:00,-2.4,1036.33,6.44,346.6,8.63,1.223,0.0,1.223,0
2021-02-21 14:00:00,-1.81,1036.85,6.65,216.9,8.5,1.293,0.0,1.293,0
2021-02-21 15:00:00,-1.06,1037.24,5.07,280.5,6.64,1.577,0.0,1.577,0
2021-02-21 16:00:00,-0.3,1037.35,4.67,282.5,6.32,2.07,0.0,2.07,0
2021-02-21 17:00:00,0.52,1036.66,3.37,17.0,4.67,2.552,0.0,2.552,0
2021-02-21 18:00:00,1.23,1035.82,2.84,58.4,4.37,2.751,0.0,2.751,0
2021-02-21 19:00:00,1.19,1035.46,3.74,75.4,5.11,2.832,0.0,2.832,0
2021-02-21 20:00:00,1.42,1035.57,2.52,98.4,3.69,2.929,0.0,2.929,0
2021-02-21 21:00:00,1.77,1035.37,1.63,148.5,2.58,2.607,0.0,2.607,0
2021-02-21 22:00:00,1.04,1035.0,1.63,160.6,2.46,2.088,0.0,2.088,0
2021-02-21 23:00:00,0.7,1035.06,2.48,224.5,3.13,1.51,0.0,1.51,0
2021-02-22 00:00:00,0.43,1035.27,2.78,238.3,3.52,1.186,0.0,1.186,0
2021-02-22 01:00:00,0.51,1034.85,2.82,231.8,3.57,1.1,0.0,1.1,0
2021-02-22 02:00:00,0.35,1034.73,2.99,244.7,3.7,1.2,0.0,1.2,0
2021-02-22 03:00:00,-0.22,1034.21,2.23,231.0,2.82,1.801,0.0,1.801,0
2021-02-22 04:00:00,0.25,1033.48,2.15,238.6,2.9,2.57,0.0,2.57,0
2021-02-22 05:00:00,0.9,1032.94,3.34,230.3,4.25,3.218,0.0,3.218,0
2021-02-22 06:00:00,1.34,1032.39,4.94,223.0,5.86,3.791,0.0,3.791,0
2021-02-22 07:00:00,1.96,1031.16,5.79,209.8,7.05,4.145,0.0,4.145,0
2021-02-22 08:00:00,2.42,1030.24,6.98,212.0,8.74,4.162,0.0,4.162,0
2021-02-22 09:00:00,2.16,1029.35,5.64,220.7,6.72,3.882,0.0,3.882,0
2021-02-22 10:00:00,3.06,1027.69,6.07,198.6,7.6,3.308,0.0,3.308,0
2021-02-22 11:00:00,3.14,1026.79,4.76,213.3,5.78,2.757,0.0,2.757,0
2021-02-22 12:00:00,3.59,1025.53,3.66,197.7,4.55,2.126,0.0,2.126,0
2021-02-22 13:00:00,4.07,1023.89,3.95,189.8,5.26,1.736,0.0,1.736,0
2021-02-22 14:00:00,4.32,1021.84,3.26,187.2,4.35,1.354,0.0,1.354,0
2021-02-22 15:00:00,5.59,1019.51,5.62,186.5,7.18,1.366,0.0,1.366,0
2021-02-22 16:00:00,6.67,1017.41,9.03,187.2,11.44,1.754,0.0,1.754,0
2021-02-22 17:00:00,6.63,1015.09,9.3,202.6,11.04,2.503,0.0,2.503,0
2021-02-22 18:00:00,6.8,1012.39,9.77,201.8,11.88,2.992,0.0,2.992,0
2021-02-22 19:00:00,6.89,1011.11,10.19,235.1,12.51,3.154,0.0,3.154,0
2021-02-22 20:00:00,4.35,1012.14,5.49,288.0,8.62,3.06,0.0,3.06,0
2021-02-22 21:00:00,4.7,1011.22,5.61,235.3,7.24,3.036,0.0,3.036,0
2021-02-22 22:00:00,4.27,1009.51,5.78,208.9,7.28,2.603,0.0,2.603,0
2021-02-22 23:00:00,4.55,1010.38,5.17,246.4,6.48,1.724,0.0,1.724,0
2021-02-23 00:00:00,4.97,1010.76,4.56,271.4,5.83,1.584,0.0,1.584,0
2021-02-23 01:00:00,4.71,1011.14,4.21,278.2,5.55,1.24,0.0,1.24,0
2021-02-23 02:00:00,4.19,1011.97,3.51,279.8,4.49,0.821,0.0,0.821,0
2021-02-23 03:00:00,3.89,1012.09,3.45,295.9,4.73,0.586,0.0,0.586,0
2021-02-23 04:00:00,3.58,1011.76,3.27,288.1,4.3,1.566,0.0,1.566,0
2021-02-23 05:00:00,3.54,1011.65,3.28,289.1,4.37,2.392,0.0,2.392,0
2021-02-23 06:00:00,3.64,1011.73,2.81,300.2,4.04,3.072,0.0,3.072,0
2021-02-23 07:00:00,3.56,1011.02,2.59,317.3,3.46,3.714,0.0,3.714,0
2021-02-23 08:00:00,3.35,1010.64,2.52,303.8,3.4,4.213,0.0,4.213,0
2021-02-23 09:00:00,2.84,1010.76,2.43,281.4,3.35,4.155,0.0,4.155,0
2021-02-23 10:00:00,2.4,1010.95,1.91,259.3,2.54,4.001,0.0,4.001,0
2021-02-23 11:00:00,1.87,1010.98,2.06,253.3,2.43,3.235,0.0,3.235,0
2021-02-23 12:00:00,1.93,1011.34,2.73,243.8,3.25,2.395,0.0,2.395,0
2021-02-23 13:00:00,3.44,1011.33,3.49,242.5,4.48,1.649,0.0,1.649,0
2021-02-23 14:00:00,3.67,1010.82,5.55,223.3,6.58,1.243,0.0,1.243,0
2021-02-23 15:00:00,4.73,1009.76,6.08,214.9,7.4,0.751,0.0,0.751,0
2021-02-23 16:00:00,5.37,1009.01,6.88,208.3,8.36,0.929,0.0,0.929,0
2021-02-23 17:00:00,6.66,1007.64,7.96,215.9,9.75,1.2,0.0,1.2,0
2021-02-23 18:00:00,9.49,1007.02,8.24,258.0,11.13,1.838,0.0,1.838,0
2021-02-23 19:00:00,11.03,1006.75,7.47,265.1,10.82,2.204,0.0,2.204,0
2021-02-23 20:00:00,12.34,1006.84,7.88,280.8,12.36,2.58,0.0,2.58,0
2021-02-23 21:00:00,12.85,1007.67,7.45,285.9,9.77,2.728,0.0,2.728,0
2021-02-23 22:00:00,12.48,1009.0,5.56,284.9,8.17,2.799,0.0,2.799,0
2021-02-23 23:00:00,11.84,1010.94,5.29,309.2,7.79,2.426,0.0,2.426,0
2021-02-24 00:00:00,10.77,1012.44,4.25,310.5,6.01,1.75,0.0,1.75,0
2021-02-24 01:00:00,10.05,1013.52,3.51,287.2,4.94,1.175,0.0,1.175,0
2021-02-24 02:00:00,9.75,1014.55,3.26,290.3,4.69,0.65,0.0,0.65,0
2021-02-24 03:00:00,9.26,1015.52,2.98,294.4,4.32,0.559,0.0,0.559,0
2021-02-24 04:00:00,8.5,1016.67,2.55,313.0,3.44,0.939,0.0,0.939,0
2021-02-24 05:00:00,7.45,1017.31,2.37,347.5,2.99,1.495,0.0,1.495,0
2021-02-24 06:00:00,7.49,1018.38,3.24,330.6,4.24,2.275,0.0,2.275,0
2021-02-24 07:00:00,6.19,1019.32,1.42,295.3,1.91,3.234,0.0,3.234,0
2021-02-24 08:00:00,4.46,1019.7,0.58,219.3,0.97,4.093,0.0,4.093,0
2021-02-24 09:00:00,3.53,1019.99,0.59,191.6,0.86,4.406,0.0,4.406,0
2021-02-24 10:00:00,3.97,1020.55,1.44,18.7,1.79,4.416,0.0,4.416,0
2021-02-24 11:00:00,3.6,1021.08,1.44,49.5,1.84,3.947,0.0,3.947,0
2021-02-24 12:00:00,4.0,1021.5,0.68,110.4,0.96,3.26,0.0,3.26,0
2021-02-24 13:00:00,4.77,1022.2,3.42,199.2,4.24,2.258,0.0,2.258,0
2021-02-24 14:00:00,5.65,1021.95,4.44,213.0,5.44,1.373,0.0,1.373,0
2021-02-24 15:00:00,5.94,1021.53,3.82,208.9,4.51,0.662,0.0,0.662,0
2021-02-24 16:00:00,5.99,1021.44,2.72,203.1,3.4,0.19,0.0,0.19,0
2021-02-24 17:00:00,6.31,1020.4,2.97,207.2,3.6,0.43,0.0,0.43,0
2021-02-24 18:00:00,7.72,1019.79,6.58,211.1,7.52,0.928,0.0,0.928,0
2021-02-24 19:00:00,8.04,1018.99,5.63,204.4,6.64,1.635,0.0,1.635,0
2021-02-24 20:00:00,7.61,1017.76,5.5,204.5,6.15,2.413,0.0,2.413,0
2021-02-24 21:00:00,7.35,1016.7,4.61,202.3,5.42,2.918,0.0,2.918,0
2021-02-24 22:00:00,7.05,1015.68,4.12,201.7,5.1,3.278,0.0,3.278,0
2021-02-24 23:00:00,6.33,1014.65,5.3,216.6,6.07,3.297,0.0,3.297,0
2021-02-25 00:00:00,7.01,1014.01,5.47,223.6,6.57,2.706,0.0,2.706,0
2021-02-25 01:00:00,7.09,1013.35,6.16,217.6,7.17,1.934,0.0,1.934,0
2021-02-25 02:00:00,7.15,1013.22,6.23,210.4,7.2,1.117,0.0,1.117,0
2021-02-25 03:00:00,7.93,1012.78,6.71,217.0,7.68,0.639,0.0,0.639,0
2021-02-25 04:00:00,8.38,1012.05,5.17,220.3,5.99,0.504,0.0,0.504,0
2021-02-25 05:00:00,9.82,1011.71,6.34,227.1,7.64,0.749,0.0,0.749,0
2021-02-25 06:00:00,9.86,1011.98,4.29,253.8,5.5,1.651,0.0,1.651,0
2021-02-25 07:00:00,12.1,1012.79,3.29,286.5,4.86,2.841,0.0,2.841,0
2021-02-25 08:00:00,11.23,1013.43,3.24,310.0,4.42,3.772,0.0,3.772,0
2021-02-25 09:00:00,10.9,1014.79,5.38,336.9,7.18,4.442,0.0,4.442,0
2021-02-25 10:00:00,10.17,1016.19,6.68,342.6,9.43,4.747,0.0,4.747,0
2021-02-25 11:00:00,9.34,1017.57,7.62,341.9,10.18,4.609,0.0,4.609,0
2021-02-25 12:00:00,8.2,1018.99,5.59,344.7,7.59,4.182,0.0,4.182,0
2021-02-25 13:00:00,8.17,1020.41,7.41,350.3,10.5,3.116,0.0,3.116,0
2021-02-25 14:00:00,8.21,1021.48,7.96,350.8,10.5,2.107,0.0,2.107,0
2021-02-25 15:00:00,8.5,1022.3,6.57,350.2,8.65,1.093,0.0,1.093,0
2021-02-25 16:00:00,8.96,1022.84,6.09,319.2,7.84,0.377,0.0,0.377,0
2021-02-25 17:00:00,9.23,1022.78,4.07,87.7,5.84,0.366,0.0,0.366,0
2021-02-25 18:00:00,9.57,1022.74,3.38,46.8,4.91,0.605,0.0,0.605,0
2021-02-25 19:00:00,9.52,1022.79,3.29,50.2,4.98,1.319,0.0,1.319,0
2021-02-25 20:00:00,9.36,1023.12,2.4,51.3,3.8,2.213,0.0,2.213,0
2021-02-25 21:00:00,8.29,1023.52,2.35,75.0,3.68,2.957,0.0,2.957,0
2021-02-25 22:00:00,7.09,1024.05,2.01,69.3,3.31,3.419,0.0,3.419,0
2021-02-25 23:00:00,6.09,1024.96,1.4,83.2,2.03,3.445,0.0,3.445,0
2021-02-26 00:00:00,5.14,1025.98,0.96,166.6,1.41,2.983,0.0,2.983,0
2021-02-26 01:00:00,4.48,1026.25,0.81,216.0,1.16,2.148,0.0,2.148,0
2021-02-26 02:00:00,3.76,1026.84,0.56,272.3,0.87,1.147,0.0,1.147,0
2021-02-26 03:00:00,3.6,1027.07,0.54,262.9,1.04,0.211,0.0,0.211,0
2021-02-26 04:00:00,3.4,1026.95,0.7,246.1,1.08,-0.321,0.0,-0.321,0
2021-02-26 05:00:00,3.4,1027.22,0.5,285.7,1.07,-0.453,0.0,-0.453,0
2021-02-26 06:00:00,2.98,1027.44,0.8,296.6,1.68,0.156,0.0,0.156,0
2021-02-26 07:00:00,2.22,1027.62,1.06,297.9,1.64,1.236,0.0,1.236,0
2021-02-26 08:00:00,2.2,1028.01,1.13,294.3,1.55,2.427,0.0,2.427,0
2021-02-26 09:00:00,2.7,1028.59,1.59,174.1,2.25,3.537,0.0,3.537,0
2021-02-26 10:00:00,2.27,1029.6,1.14,276.1,1.54,4.271,0.0,4.271,0
2021-02-26 11:00:00,2.88,1030.4,1.68,284.1,2.07,4.652,0.0,4.652,0
2021-02-26 12:00:00,3.01,1031.61,2.07,110.4,2.53,4.269,0.0,4.269,0
2021-02-26 13:00:00,4.67,1032.86,3.44,117.9,4.78,3.497,0.0,3.497,0
2021-02-26 14:00:00,5.66,1033.19,4.38,35.6,7.56,2.542,0.0,2.542,0
2021-02-26 15:00:00,5.35,1032.89,4.1,64.4,6.85,1.235,0.0,1.235,0
2021-02-26 16:00:00,5.52,1033.35,3.73,66.6,6.36,0.189,0.0,0.189,0
2021-02-26 17:00:00,5.95,1032.93,3.57,77.4,5.7,-0.249,0.0,-0.249,0
2021-02-26 18:00:00,6.35,1031.82,3.34,87.1,5.28,-0.207,0.0,-0.207,0
2021-02-26 19:00:00,6.73,1031.16,2.77,91.1,4.36,0.311,0.0,0.311,0
2021-02-26 20:00:00,6.21,1031.76,2.48,89.3,3.59,1.316,0.0,1.316,0
2021-02-26 21:00:00,5.97,1031.89,2.39,76.6,3.93,2.531,0.0,2.531,0
2021-02-26 22:00:00,5.8,1031.76,3.02,72.7,4.62,3.325,0.0,3.325,0
2021-02-26 23:00:00,6.02,1031.63,2.83,82.9,4.41,3.706,0.0,3.706,0
2021-02-27 00:00:00,6.08,1032.07,2.75,82.9,4.26,3.678,0.0,3.678,0
2021-02-27 01:00:00,6.14,1031.87,2.15,75.3,3.64,3.134,0.0,3.134,0
2021-02-27 02:00:00,6.42,1031.63,3.4,102.0,5.04,2.195,0.0,2.195,0
2021-02-27 03:00:00,6.4,1030.9,3.43,123.3,5.16,1.155,0.0,1.155,0
2021-02-27 04:00:00,6.38,1029.81,3.22,111.1,4.92,0.261,0.0,0.261,0
2021-02-27 05:00:00,6.44,1028.35,3.933,105.111,5.778,-0.275,0.0,-0.275,0
2021-02-27 06:00:00,6.87,1027.16,4.52,114.4,6.6,-0.254,0.0,-0.254,0
2021-02-27 07:00:00,7.04,1025.56,4.24,117.2,6.58,0.552,0.0,0.552,0
2021-02-27 08:00:00,7.2,1024.36,4.17,124.2,6.15,1.852,0.0,1.852,0
2021-02-27 09:00:00,7.47,1023.74,3.26,139.8,4.98,3.31,0.0,3.31,0
2021-02-27 10:00:00,8.21,1022.8,4.33,147.2,6.33,4.558,0.0,4.558,0
2021-02-27 11:00:00,9.53,1021.48,6.13,153.2,9.56,5.285,0.0,5.285,0
2021-02-27 12:00:00,8.89,1020.64,5.98,164.9,8.21,5.513,0.0,5.513,0
2021-02-27 13:00:00,8.54,1021.01,4.9,207.5,6.69,5.249,0.0,5.249,0
2021-02-27 14:00:00,8.74,1020.7,3.6,208.7,4.51,4.471,0.0,4.471,0
2021-02-27 15:00:00,8.28,1019.68,5.67,206.9,6.69,2.964,0.0,2.964,0
2021-02-27 16:00:00,10.53,1019.36,5.93,238.0,7.81,1.457,0.0,1.457,0
2021-02-27 17:00:00,11.79,1018.98,6.73,261.0,9.45,0.502,0.0,0.502,0
2021-02-27 18:00:00,11.38,1018.62,8.65,265.1,10.69,0.031,0.0,0.031,0
2021-02-27 19:00:00,10.27,1019.09,6.35,280.7,8.65,0.155,0.0,0.155,0
2021-02-27 20:00:00,9.37,1020.07,5.85,284.5,8.51,0.87,0.0,0.87,0
2021-02-27 21:00:00,9.63,1020.79,4.47,298.8,6.84,2.032,0.0,2.032,0
2021-02-27 22:00:00,9.52,1021.51,3.56,295.3,5.38,3.304,0.0,3.304,0
2021-02-27 23:00:00,9.01,1022.37,3.18,290.0,4.59,3.947,0.0,3.947,0
2021-02-28 00:00:00,8.76,1023.28,2.92,299.8,4.12,4.4,0.0,4.4,0
2021-02-28 01:00:00,8.5,1024.32,2.22,294.3,3.4,4.331,0.0,4.331,0
2021-02-28 02:00:00,7.54,1025.34,1.22,241.6,1.68,3.429,0.0,3.429,0
2021-02-28 03:00:00,7.41,1025.98,0.72,209.6,1.18,2.194,0.0,2.194,0
2021-02-28 04:00:00,7.17,1026.53,0.55,290.9,0.91,0.902,0.0,0.902,0
2021-02-28 05:00:00,7.13,1026.73,0.75,214.1,0.98,0.117,0.0,0.117,0
2021-02-28 06:00:00,7.1,1026.3,1.0,124.1,1.35,-0.47,0.0,-0.47,0
2021-02-28 07:00:00,6.87,1026.38,0.59,274.4,0.87,-0.13,0.0,-0.13,0
2021-02-28 08:00:00,7.12,1026.57,0.48,275.9,0.77,0.832,0.0,0.832,0
2021-02-28 09:00:00,7.38,1026.39,0.5,95.7,0.81,2.07,0.0,2.07,0
2021-02-28 10:00:00,7.07,1026.49,0.84,174.9,1.23,3.361,0.0,3.361,0
2021-02-28 11:00:00,6.8,1026.15,0.69,153.8,1.18,4.429,0.0,4.429,0
2021-02-28 12:00:00,7.06,1026.3,1.18,138.8,1.99,5.095,0.0,5.095,0
2021-02-28 13:00:00,7.18,1026.06,2.33,84.7,3.8,5.11,0.0,5.11,0
2021-02-28 14:00:00,7.04,1025.56,2.4,68.0,4.13,4.485,0.0,4.485,0
2021-02-28 15:00:00,6.83,1024.41,2.85,84.5,4.3,3.321,0.0,3.321,0
2021-02-28 16:00:00,7.0,1024.27,2.08,94.6,3.21,1.86,0.0,1.86,0
2021-02-28 17:00:00,6.96,1022.87,2.99,96.7,4.61,0.805,0.0,0.805,0
2021-02-28 18:00:00,6.98,1021.43,3.05,82.9,4.66,-0.057,0.0,-0.057,0
2021-02-28 19:00:00,7.09,1020.22,4.26,75.1,6.28,-0.403,0.0,-0.403,0
2021-02-28 20:00:00,7.01,1018.91,3.26,92.0,5.28,0.064,0.0,0.064,0
2021-02-28 21:00:00,7.58,1018.73,2.91,79.3,4.64,1.322,0.0,1.322,0
2021-02-28 22:00:00,7.5,1018.11,2.14,64.6,4.0,2.957,0.0,2.957,0
2021-02-28 23:00:00,8.09,1017.04,3.25,117.9,4.94,4.113,0.0,4.113,0
2021-03-01 00:00:00,7.84,1015.9,4.09,141.2,5.89,4.78,0.0,4.78,0
2021-03-01 01:00:00,7.37,1015.06,3.7,186.6,5.26,5.056,0.0,5.056,0
2021-03-01 02:00:00,7.18,1014.24,4.0,213.0,4.85,4.868,0.0,4.868,0
2021-03-01 03:00:00,7.31,1013.26,3.22,212.5,3.82,4.014,0.0,4.014,0
2021-03-01 04:00:00,7.11,1012.47,2.81,207.2,3.19,2.466,0.0,2.466,0
2021-03-01 05:00:00,7.74,1011.89,1.41,220.0,1.85,1.105,0.0,1.105,0
2021-03-01 06:00:00,7.64,1011.04,1.36,203.0,1.83,0.29,0.0,0.29,0
2021-03-01 07:00:00,7.64,1009.75,1.14,205.7,1.6,0.019,0.0,0.019,0
2021-03-01 08:00:00,7.49,1008.63,1.8,193.4,2.4,0.475,0.0,0.475,0
2021-03-01 09:00:00,6.97,1008.14,1.48,205.3,2.15,1.33,0.0,1.33,0
2021-03-01 10:00:00,7.03,1007.75,1.79,200.4,2.51,2.758,0.0,2.758,0
2021-03-01 11:00:00,7.57,1007.62,0.62,208.7,1.09,3.937,0.0,3.937,0
2021-03-01 12:00:00,9.12,1007.81,0.83,274.1,1.41,4.893,0.0,4.893,0
2021-03-01 13:00:00,10.15,1008.0,1.64,301.0,2.57,5.465,0.0,5.465,0
2021-03-01 14:00:00,10.1,1007.85,2.74,272.0,3.79,5.243,0.0,5.243,0
2021-03-01 15:00:00,10.28,1007.75,3.28,266.3,4.37,4.463,0.0,4.463,0
2021-03-01 16:00:00,10.94,1007.06,3.92,252.3,5.03,3.055,0.0,3.055,0
2021-03-01 17:00:00,10.04,1005.57,3.52,244.5,4.93,1.953,0.0,1.953,0
2021-03-01 18:00:00,11.98,1006.83,7.05,301.1,9.29,0.798,0.0,0.798,0
2021-03-01 19:00:00,9.81,1007.6,6.72,329.3,9.71,0.079,0.0,0.079,0
2021-03-01 20:00:00,10.09,1008.94,6.78,321.5,9.83,-0.241,0.0,-0.241,0
2021-03-01 21:00:00,9.57,1010.11,7.13,322.8,10.36,0.372,0.0,0.372,0
2022-01-01 00:00:00,10.25,1015.28,4.45,199.2,5.77,3.565,0.0,3.565,1
2022-01-01 01:00:00,10.22,1015.59,4.54,213.4,5.44,2.451,0.0,2.451,1
2022-01-01 02:00:00,10.45,1015.81,5.69,220.0,6.88,1.534,0.0,1.534,1
2022-01-01 03:00:00,10.2,1015.69,5.71,213.5,6.56,0.917,0.0,0.917,1
2022-01-01 04:00:00,10.21,1015.26,4.37,212.2,5.27,0.647,0.0,0.647,1
2022-01-01 05:00:00,10.19,1014.39,5.46,210.5,6.47,1.17,0.0,1.17,1
2022-01-01 06:00:00,10.33,1013.63,4.57,210.8,5.41,2.3,0.0,2.3,1
2022-01-01 07:00:00,11.11,1013.53,5.81,222.8,7.01,3.783,0.0,3.783,1
2022-01-01 08:00:00,11.56,1013.06,6.41,220.3,7.67,5.022,0.0,5.022,1
2022-01-01 09:00:00,11.17,1012.33,4.82,222.6,5.6,5.968,0.0,5.968,1
2022-01-01 10:00:00,11.12,1011.85,5.23,225.4,6.2,6.388,0.0,6.388,1
2022-01-01 11:00:00,11.39,1011.78,4.91,232.3,6.22,6.296,0.0,6.296,1
2022-01-01 12:00:00,11.74,1011.77,3.81,234.3,4.65,5.649,0.0,5.649,1
2022-01-01 13:00:00,11.38,1012.66,3.34,228.6,4.02,4.411,0.0,4.411,1
2022-01-01 14:00:00,11.28,1012.42,1.8,227.0,2.38,3.007,0.0,3.007,1
2022-01-01 15:00:00,10.95,1012.2,2.54,218.4,3.15,1.772,0.0,1.772,1
2022-01-01 16:00:00,10.93,1010.63,0.83,220.0,1.25,0.781,0.0,0.781,1
2022-01-01 17:00:00,11.02,1009.01,3.62,194.3,4.95,0.67,0.0,0.67,1
2022-01-01 18:00:00,12.39,1009.17,1.68,135.5,2.37,1.162,0.0,1.162,1
2022-01-01 19:00:00,13.09,1008.84,1.22,79.0,1.76,2.196,0.0,2.196,1
2022-01-01 20:00:00,12.91,1007.81,2.7,104.3,3.6,3.405,0.0,3.405,1
2022-01-01 21:00:00,11.95,1007.27,3.87,157.7,5.46,4.371,0.0,4.371,1
2022-01-01 22:00:00,11.82,1006.8,3.84,165.1,5.52,5.132,0.0,5.132,1
2022-01-01 23:00:00,11.45,1006.43,3.71,182.7,4.93,5.236,0.0,5.236,1
2022-01-02 00:00:00,10.72,1006.04,3.1,200.3,3.99,4.799,0.0,4.799,1
2022-01-02 01:00:00,11.37,1005.2,5.75,211.6,6.72,3.797,0.0,3.797,1
2022-01-02 02:00:00,13.11,1004.28,7.1,228.7,8.8,2.855,0.0,2.855,1
2022-01-02 03:00:00,14.6,1003.61,8.43,227.5,10.54,1.855,0.0,1.855,1
2022-01-02 04:00:00,15.31,1003.39,8.19,228.3,9.9,1.097,0.0,1.097,1
2022-01-02 05:00:00,14.72,1003.39,7.79,223.9,9.34,0.845,0.0,0.845,1
2022-01-02 06:00:00,14.27,1003.68,7.01,223.1,8.34,1.355,0.0,1.355,1
2022-01-02 07:00:00,14.57,1004.03,6.43,230.2,7.99,2.397,0.0,2.397,1
2022-01-02 08:00:00,15.09,1003.89,3.47,246.7,4.34,4.022,0.0,4.022,1
2022-01-02 09:00:00,17.11,1004.0,3.46,287.4,4.73,5.278,0.0,5.278,1
2022-01-02 10:00:00,16.24,1005.09,2.97,294.2,3.87,6.044,0.0,6.044,1
2022-01-02 11:00:00,15.44,1005.8,2.63,324.0,3.48,6.791,0.0,6.791,1
2022-01-02 12:00:00,13.22,1005.11,3.54,198.4,4.38,6.609,0.0,6.609,1
2022-01-02 13:00:00,12.15,1005.06,5.97,209.5,7.3,5.779,0.0,5.779,1
2022-01-02 14:00:00,13.4,1006.14,6.55,234.2,8.13,4.457,0.0,4.457,1
2022-01-02 15:00:00,14.13,1006.76,5.33,245.9,6.94,2.963,0.0,2.963,1
2022-01-02 16:00:00,14.2,1006.89,3.24,248.2,4.09,1.536,0.0,1.536,1
2022-01-02 17:00:00,15.66,1006.87,4.5,266.4,6.01,0.623,0.0,0.623,1
2022-01-02 18:00:00,16.19,1007.34,6.29,269.1,8.1,0.324,0.0,0.324,1
2022-01-02 19:00:00,15.35,1007.38,5.45,258.1,6.9,0.865,0.0,0.865,1
2022-01-02 20:00:00,15.44,1008.17,4.17,251.2,5.21,2.128,0.0,2.128,1
2022-01-02 21:00:00,15.46,1009.32,4.34,251.7,5.47,3.338,0.0,3.338,1
2022-01-02 22:00:00,15.39,1009.96,3.53,266.2,4.35,4.273,0.0,4.273,1
2022-01-02 23:00:00,15.28,1011.32,2.45,280.3,3.18,4.713,0.0,4.713,1
2022-01-03 00:00:00,14.83,1011.56,1.65,289.7,2.15,4.844,0.0,4.844,1
2022-01-03 01:00:00,15.18,1012.16,2.53,313.6,3.33,4.501,0.0,4.501,1
2022-01-03 02:00:00,14.62,1012.94,3.67,108.4,4.87,3.238,0.0,3.238,1
2022-01-03 03:00:00,12.73,1014.8,5.31,18.4,7.19,1.973,0.0,1.973,1
2022-01-03 04:00:00,10.5,1015.28,6.62,29.4,10.17,0.619,0.0,0.619,1
2022-01-03 05:00:00,9.09,1016.13,8.52,20.7,11.89,0.124,0.0,0.124,1
2022-01-03 06:00:00,6.94,1016.98,7.52,28.9,11.55,0.145,0.0,0.145,1
2022-01-03 07:00:00,6.25,1017.49,5.74,34.1,8.82,1.115,0.0,1.115,1
2022-01-03 08:00:00,5.73,1017.27,5.75,35.7,8.97,2.614,0.0,2.614,1
2022-01-03 09:00:00,4.81,1016.77,4.89,43.2,8.96,3.99,0.0,3.99,1
2022-01-03 10:00:00,4.26,1015.14,5.25,45.8,10.37,5.309,0.0,5.309,1
2022-01-03 11:00:00,4.27,1014.39,5.58,44.2,10.72,6.259,0.0,6.259,1
2022-01-03 12:00:00,4.06,1014.77,6.57,39.2,12.0,6.834,0.0,6.834,1
2022-01-03 13:00:00,3.52,1016.05,7.17,38.0,11.9,6.976,0.0,6.976,1
2022-01-03 14:00:00,2.97,1015.48,8.2,39.6,13.87,6.191,0.0,6.191,1
2022-01-03 15:00:00,2.23,1014.14,10.29,37.0,15.95,4.498,0.0,4.498,1
2022-01-03 16:00:00,1.27,1012.22,10.26,37.3,16.2,2.618,0.0,2.618,1
2022-01-03 17:00:00,1.08,1010.46,10.81,37.3,17.01,1.777,0.0,1.777,1
2022-01-03 18:00:00,1.03,1010.71,11.21,30.2,17.27,1.3,0.0,1.3,1
2022-01-03 19:00:00,0.3,1012.15,12.54,15.1,16.61,1.415,0.0,1.415,1
2022-01-03 20:00:00,-0.14,1014.94,11.72,38.8,14.85,1.818,0.0,1.818,1
2022-01-03 21:00:00,-0.64,1017.47,11.47,280.2,15.0,2.603,0.0,2.603,1
2022-01-03 22:00:00,-1.11,1019.03,9.38,176.9,11.99,3.925,0.0,3.925,1
2022-01-03 23:00:00,-1.6,1020.19,9.05,349.8,11.74,4.679,0.0,4.679,1
2022-01-04 00:00:00,-2.11,1021.6,8.52,345.3,11.01,5.317,0.0,5.317,1
2022-01-04 01:00:00,-2.57,1022.82,7.87,341.6,10.67,5.602,0.0,5.602,1
2022-01-04 02:00:00,-2.82,1024.21,7.94,340.9,10.4,5.241,0.0,5.241,1
2022-01-04 03:00:00,-2.66,1024.9,7.88,343.2,10.14,4.227,0.0,4.227,1
2022-01-04 04:00:00,-2.91,1026.1,7.63,341.9,9.58,2.856,0.0,2.856,1
2022-01-04 05:00:00,-2.79,1026.5,7.77,353.4,10.05,1.77,0.0,1.77,1
2022-01-04 06:00:00,-3.07,1027.6,7.02,348.5,9.05,1.199,0.0,1.199,1
2022-01-04 07:00:00,-3.49,1029.05,6.72,341.6,8.93,0.808,0.0,0.808,1
2022-01-04 08:00:00,-3.4,1029.67,6.73,345.1,8.8,1.379,0.0,1.379,1
2022-01-04 09:00:00,-3.36,1030.39,7.17,345.8,9.24,2.429,0.0,2.429,1
2022-01-04 10:00:00,-3.48,1030.91,7.27,350.3,9.47,3.905,0.0,3.905,1
2022-01-04 11:00:00,-3.38,1031.17,7.66,109.2,9.82,5.354,0.0,5.354,1
2022-01-04 12:00:00,-3.32,1031.38,6.94,144.2,8.73,6.292,0.0,6.292,1
2022-01-04 13:00:00,-3.02,1032.24,4.56,340.8,6.1,6.647,0.0,6.647,1
2022-01-04 14:00:00,-2.31,1033.37,3.72,337.3,4.81,6.333,0.0,6.333,1
2022-01-04 15:00:00,-1.56,1033.16,4.91,10.6,6.27,5.327,0.0,5.327,1
2022-01-04 16:00:00,-0.87,1032.42,4.58,11.0,5.99,3.971,0.0,3.971,1
2022-01-04 17:00:00,0.13,1031.59,4.38,26.0,5.97,2.541,0.0,2.541,1
2022-01-04 18:00:00,0.44,1031.47,2.88,26.7,4.27,1.233,0.0,1.233,1
2022-01-04 19:00:00,0.83,1031.17,2.01,23.3,3.09,0.472,0.0,0.472,1
2022-01-04 20:00:00,2.05,1031.16,0.39,17.0,0.96,0.468,0.0,0.468,1
2022-01-04 21:00:00,1.69,1031.32,1.43,129.3,1.92,1.214,0.0,1.214,1
2022-01-04 22:00:00,0.86,1031.43,2.13,245.4,2.68,2.34,0.0,2.34,1
2022-01-04 23:00:00,0.8,1031.24,1.81,236.6,2.28,3.47,0.0,3.47,1
2022-01-05 00:00:00,0.91,1030.8,2.07,254.0,2.64,4.291,0.0,4.291,1
2022-01-05 01:00:00,1.29,1030.13,2.12,242.9,2.63,4.701,0.0,4.701,1
2022-01-05 02:00:00,2.3,1028.66,3.13,160.0,4.66,4.775,0.0,4.775,1
2022-01-05 03:00:00,3.4,1028.28,3.34,168.8,5.05,4.324,0.0,4.324,1
2022-01-05 04:00:00,4.79,1027.59,4.91,183.6,6.51,3.426,0.0,3.426,1
2022-01-05 05:00:00,6.09,1026.28,5.59,177.3,7.85,2.125,0.0,2.125,1
2022-01-05 06:00:00,7.09,1024.88,5.74,167.7,8.58,1.175,0.0,1.175,1
2022-01-05 07:00:00,8.08,1023.63,5.37,168.8,8.34,0.714,0.0,0.714,1
2022-01-05 08:00:00,8.72,1022.78,4.56,212.8,6.56,0.85,0.0,0.85,1
2022-01-05 09:00:00,1.93,1021.98,3.67,333.3,4.85,1.553,0.0,1.553,1
2022-01-05 10:00:00,1.82,1021.3,2.93,340.8,3.7,2.651,0.0,2.651,1
2022-01-05 11:00:00,3.13,1020.56,1.3,167.3,1.84,3.811,0.0,3.811,1
2022-01-05 12:00:00,5.02,1019.56,1.36,125.1,1.93,5.095,0.0,5.095,1
2022-01-05 13:00:00,5.17,1019.22,1.89,249.6,2.57,5.738,0.0,5.738,1
2022-01-05 14:00:00,5.41,1018.71,2.83,288.6,3.75,5.999,0.0,5.999,1
2022-01-05 15:00:00,5.28,1017.93,2.98,277.9,3.75,5.51,0.0,5.51,1
2022-01-05 16:00:00,5.9,1016.47,3.38,259.2,4.29,4.529,0.0,4.529,1
2022-01-05 17:00:00,6.7,1014.88,2.95,257.2,3.81,3.221,0.0,3.221,1
2022-01-05 18:00:00,7.05,1013.69,2.44,256.7,3.18,1.724,0.0,1.724,1
2022-01-05 19:00:00,7.24,1012.45,3.68,220.7,4.36,0.694,0.0,0.694,1
2022-01-05 20:00:00,7.37,1011.89,4.34,229.8,5.38,0.264,0.0,0.264,1
2022-01-05 21:00:00,7.56,1011.72,4.33,222.2,5.08,0.424,0.0,0.424,1
2022-01-05 22:00:00,7.51,1010.95,5.24,215.6,6.13,1.263,0.0,1.263,1
2022-01-05 23:00:00,7.69,1010.39,4.35,228.4,5.32,2.238,0.0,2.238,1
2022-01-06 00:00:00,7.6,1010.41,4.42,227.3,5.42,3.308,0.0,3.308,1
2022-01-06 01:00:00,7.29,1009.8,3.27,222.5,3.87,4.204,0.0,4.204,1
2022-01-06 02:00:00,7.36,1009.58,3.28,233.1,4.05,4.617,0.0,4.617,1
2022-01-06 03:00:00,7.51,1009.18,3.65,254.5,4.65,4.521,0.0,4.521,1
2022-01-06 04:00:00,8.24,1009.0,5.46,267.2,7.14,3.904,0.0,3.904,1
2022-01-06 05:00:00,7.84,1009.01,5.35,283.3,7.12,2.883,0.0,2.883,1
2022-01-06 06:00:00,7.48,1009.41,4.12,285.4,5.35,1.651,0.0,1.651,1
2022-01-06 07:00:00,7.32,1010.14,4.0,281.3,5.13,0.769,0.0,0.769,1
2022-01-06 08:00:00,6.81,1010.96,4.03,285.8,5.35,0.255,0.0,0.255,1
2022-01-06 09:00:00,6.12,1011.74,3.26,288.7,4.2,0.424,0.0,0.424,1
2022-01-06 10:00:00,5.43,1012.57,2.71,280.6,3.28,1.007,0.0,1.007,1
2022-01-06 11:00:00,5.24,1013.72,2.93,288.0,3.59,2.142,0.0,2.142,1
2022-01-06 12:00:00,5.07,1014.62,2.6,295.2,3.28,3.506,0.0,3.506,1
2022-01-06 13:00:00,5.55,1015.94,2.87,299.4,3.71,4.585,0.0,4.585,1
2022-01-06 14:00:00,5.95,1017.09,3.52,328.4,4.52,5.046,0.0,5.046,1
2022-01-06 15:00:00,6.36,1017.39,4.42,178.2,5.42,4.981,0.0,4.981,1
2022-01-06 16:00:00,6.37,1016.92,2.97,25.1,3.97,4.47,0.0,4.47,1
2022-01-06 17:00:00,6.7,1015.79,3.53,20.1,4.62,3.571,0.0,3.571,1
2022-01-06 18:00:00,7.32,1015.07,3.04,27.9,4.18,2.299,0.0,2.299,1
2022-01-06 19:00:00,7.52,1014.85,2.28,61.2,3.45,1.088,0.0,1.088,1
2022-01-06 20:00:00,6.78,1015.33,2.82,86.4,4.12,0.35,0.0,0.35,1
2022-01-06 21:00:00,6.08,1015.26,2.43,77.7,3.82,-0.014,0.0,-0.014,1
2022-01-06 22:00:00,5.82,1015.55,1.79,69.2,3.26,0.23,0.0,0.23,1
2022-01-06 23:00:00,5.75,1015.97,1.65,66.2,3.36,0.924,0.0,0.924,1
2022-01-07 00:00:00,5.52,1015.35,3.05,73.7,4.9,2.068,0.0,2.068,1
2022-01-07 01:00:00,5.33,1013.09,4.45,74.1,7.23,3.103,0.0,3.103,1
2022-01-07 02:00:00,5.83,1011.2,5.08,80.5,7.95,3.834,0.0,3.834,1
2022-01-07 03:00:00,6.37,1010.71,3.93,75.0,6.66,4.319,0.0,4.319,1
2022-01-07 04:00:00,5.75,1009.06,5.36,80.6,8.52,4.519,0.0,4.519,1
2022-01-07 05:00:00,5.5,1008.1,4.89,79.0,8.23,3.926,0.0,3.926,1
2022-01-07 06:00:00,4.72,1007.42,3.4,71.4,6.34,2.94,0.0,2.94,1
2022-01-07 07:00:00,4.39,1006.46,4.19,60.7,7.39,1.992,0.0,1.992,1
2022-01-07 08:00:00,4.49,1005.1,4.84,60.3,8.31,1.448,0.0,1.448,1
2022-01-07 09:00:00,2.07,1006.48,8.66,277.9,12.16,1.38,0.0,1.38,1
2022-01-07 10:00:00,-0.22,1008.57,9.3,340.5,12.13,1.418,0.0,1.418,1
2022-01-07 11:00:00,-0.14,1010.27,9.24,338.8,12.1,1.887,0.0,1.887,1
2022-01-07 12:00:00,-0.11,1012.08,8.96,333.3,12.06,2.867,0.0,2.867,1
2022-01-07 13:00:00,-0.16,1013.94,8.1,334.1,10.94,3.179,0.0,3.179,1
2022-01-07 14:00:00,0.25,1015.06,9.28,327.8,12.47,4.697,0.0,4.697,1
2022-01-07 15:00:00,0.36,1015.31,8.92,323.9,12.24,5.243,0.0,5.243,1
2022-01-07 16:00:00,0.31,1015.88,8.81,321.0,12.16,5.117,0.0,5.117,1
2022-01-07 17:00:00,0.17,1016.92,7.41,314.3,10.09,4.041,0.0,4.041,1
2022-01-07 18:00:00,-0.15,1017.22,7.46,316.4,10.18,3.687,0.0,3.687,1
2022-01-07 19:00:00,-0.03,1018.1,7.86,319.4,10.3,2.789,0.0,2.789,1
2022-01-07 20:00:00,0.39,1019.36,6.53,323.0,8.84,1.558,0.0,1.558,1
2022-01-07 21:00:00,0.13,1020.75,7.3,321.8,10.13,0.626,0.0,0.626,1
2022-01-07 22:00:00,-0.46,1022.45,4.95,320.9,7.0,0.329,0.0,0.329,1
2022-01-07 23:00:00,-0.87,1023.82,6.3,321.9,8.75,0.502,0.0,0.502,1
2022-01-08 00:00:00,-1.38,1024.98,7.99,327.4,11.11,1.11,0.0,1.11,1
2022-01-08 01:00:00,-1.81,1026.01,7.86,328.2,10.67,1.927,0.0,1.927,1
2022-01-08 02:00:00,-2.25,1027.14,7.56,325.9,10.24,2.726,0.0,2.726,1
2022-01-08 03:00:00,-2.54,1028.49,6.84,330.2,9.24,3.363,0.0,3.363,1
2022-01-08 04:00:00,-2.84,1029.37,5.66,323.2,7.54,3.637,0.0,3.637,1
2022-01-08 05:00:00,-3.16,1029.74,5.37,323.2,7.15,3.353,0.0,3.353,1
2022-01-08 06:00:00,-3.45,1030.65,5.59,316.7,7.27,2.979,0.0,2.979,1
2022-01-08 07:00:00,-3.5,1031.82,5.38,314.4,7.02,2.26,0.0,2.26,1
2022-01-08 08:00:00,-3.41,1032.28,6.48,325.6,8.3,1.253,0.0,1.253,1
2022-01-08 09:00:00,-3.52,1032.48,7.16,333.5,9.17,0.429,0.0,0.429,1
2022-01-08 10:00:00,-3.62,1033.35,6.52,335.2,8.49,-0.119,0.0,-0.119,1
2022-01-08 11:00:00,-3.72,1034.56,5.96,341.0,7.84,0.108,0.0,0.108,1
2022-01-08 12:00:00,-3.88,1035.95,5.64,343.2,7.39,0.891,0.0,0.891,1
2022-01-08 13:00:00,-3.45,1037.26,7.03,346.0,9.28,2.008,0.0,2.008,1
2022-01-08 14:00:00,-2.96,1038.38,7.53,312.4,9.64,2.85,0.0,2.85,1
2022-01-08 15:00:00,-2.07,1038.88,6.77,353.4,8.37,3.549,0.0,3.549,1
2022-01-08 16:00:00,-1.55,1039.18,5.98,281.8,7.56,4.065,0.0,4.065,1
2022-01-08 17:00:00,-1.15,1038.46,4.17,78.5,5.3,3.958,0.0,3.958,1
2022-01-08 18:00:00,-0.31,1038.08,3.2,18.1,4.47,3.314,0.0,3.314,1
2022-01-08 19:00:00,0.33,1037.62,1.67,38.0,2.73,2.391,0.0,2.391,1
2022-01-08 20:00:00,0.99,1037.6,0.93,34.0,1.64,1.583,0.0,1.583,1
2022-01-08 21:00:00,0.8,1038.19,1.04,85.6,1.75,0.925,0.0,0.925,1
2022-01-08 22:00:00,0.18,1038.69,1.14,163.9,1.77,0.319,0.0,0.319,1
2022-01-08 23:00:00,0.59,1039.41,2.42,233.2,3.06,0.073,0.0,0.073,1
2022-01-09 00:00:00,0.35,1039.32,2.76,246.7,3.43,0.266,0.0,0.266,1
2022-01-09 01:00:00,0.62,1038.55,2.27,228.7,3.09,1.109,0.0,1.109,1
2022-01-09 02:00:00,1.57,1037.83,3.72,190.3,5.27,1.906,0.0,1.906,1
2022-01-09 03:00:00,2.22,1036.71,5.34,188.7,7.32,2.78,0.0,2.78,1
2022-01-09 04:00:00,2.54,1036.84,5.07,233.1,6.25,3.5,0.0,3.5,1
2022-01-09 05:00:00,0.26,1036.56,2.0,282.1,2.65,3.616,0.0,3.616,1
2022-01-09 06:00:00,0.125,1035.475,2.5,255.625,3.263,3.299,0.0,3.299,1
2022-01-09 07:00:00,0.32,1035.3,2.91,263.2,3.72,2.647,0.0,2.647,1
2022-01-09 08:00:00,1.04,1034.34,3.75,256.4,4.63,1.864,0.0,1.864,1
2022-01-09 09:00:00,1.5,1033.02,4.23,239.7,5.33,1.237,0.0,1.237,1
2022-01-09 10:00:00,2.21,1031.96,5.34,234.1,6.8,0.501,0.0,0.501,1
2022-01-09 11:00:00,2.83,1030.99,5.36,226.7,6.42,0.149,0.0,0.149,1
2022-01-09 12:00:00,3.38,1030.21,5.99,228.2,7.24,0.652,0.0,0.652,1
2022-01-09 13:00:00,4.01,1029.67,6.62,230.5,8.39,1.104,0.0,1.104,1
2022-01-09 14:00:00,5.11,1029.1,7.13,239.1,9.1,1.853,0.0,1.853,1
2022-01-09 15:00:00,6.78,1028.48,6.68,238.1,8.66,2.344,0.0,2.344,1
2022-01-09 16:00:00,6.57,1026.89,8.96,226.5,10.96,2.898,0.0,2.898,1
2022-01-09 17:00:00,7.18,1025.0,9.7,231.2,12.1,3.249,0.0,3.249,1
2022-01-09 18:00:00,8.44,1023.33,9.75,233.8,12.06,3.14,0.0,3.14,1
2022-01-09 19:00:00,9.3,1022.41,7.86,237.8,10.21,2.82,0.0,2.82,1
2022-01-09 20:00:00,8.71,1021.35,6.7,226.3,8.23,2.171,0.0,2.171,1
2022-01-09 21:00:00,8.85,1020.23,7.03,225.7,8.47,1.531,0.0,1.531,1
2022-01-09 22:00:00,9.29,1019.68,7.27,231.7,9.03,0.768,0.0,0.768,1
2022-01-09 23:00:00,9.47,1019.34,6.87,236.4,8.83,0.231,0.0,0.231,1
2022-01-10 00:00:00,10.81,1019.04,6.61,240.3,8.17,0.039,0.0,0.039,1
2022-01-10 01:00:00,10.3,1018.55,4.6,248.7,5.86,0.387,0.0,0.387,1
2022-01-10 02:00:00,10.64,1018.21,4.28,261.6,5.13,1.054,0.0,1.054,1
2022-01-10 03:00:00,11.73,1017.84,5.33,292.2,7.25,1.983,0.0,1.983,1
2022-01-10 04:00:00,9.66,1018.32,6.28,318.2,8.6,2.811,0.0,2.811,1
2022-01-10 05:00:00,8.62,1018.49,5.0,321.8,6.47,3.171,0.0,3.171,1
2022-01-10 06:00:00,8.08,1018.5,5.58,335.3,7.28,3.179,0.0,3.179,1
2022-01-10 07:00:00,6.89,1019.13,7.47,347.6,9.91,2.864,0.0,2.864,1
2022-01-10 08:00:00,5.67,1019.41,7.64,346.5,10.01,2.232,0.0,2.232,1
2022-01-10 09:00:00,4.71,1019.94,8.0,339.8,10.82,1.472,0.0,1.472,1
2022-01-10 10:00:00,3.71,1020.74,7.16,339.8,9.34,0.841,0.0,0.841,1
2022-01-10 11:00:00,2.78,1022.11,7.01,349.5,9.54,0.31,0.0,0.31,1
2022-01-10 12:00:00,1.86,1023.48,7.19,343.1,9.33,0.306,0.0,0.306,1
2022-01-10 13:00:00,1.36,1024.22,7.41,343.5,9.87,0.469,0.0,0.469,1
2022-01-10 14:00:00,0.95,1024.93,7.98,349.5,10.46,0.688,0.0,0.688,1
2022-01-10 15:00:00,1.05,1025.34,8.17,344.6,10.91,1.408,0.0,1.408,1
2022-01-10 16:00:00,1.15,1025.11,8.57,306.6,11.63,2.217,0.0,2.217,1
2022-01-10 17:00:00,1.43,1024.24,7.45,333.4,10.12,2.832,0.0,2.832,1
2022-01-10 18:00:00,1.65,1023.8,6.77,328.8,9.03,3.129,0.0,3.129,1
2022-01-10 19:00:00,1.34,1023.87,7.06,320.0,9.62,2.921,0.0,2.921,1
2022-01-10 20:00:00,1.04,1024.12,5.8,311.3,7.96,2.495,0.0,2.495,1
2022-01-10 21:00:00,0.89,1024.31,4.68,326.9,5.99,1.761,0.0,1.761,1
2022-01-10 22:00:00,0.4,1024.46,3.09,345.6,4.08,1.112,0.0,1.112,1
2022-01-10 23:00:00,0.07,1024.39,3.15,176.9,4.0,0.469,0.0,0.469,1
2022-01-11 00:00:00,-0.37,1024.63,2.73,238.7,3.43,0.064,0.0,0.064,1
2022-01-11 01:00:00,-0.97,1024.85,1.71,322.9,2.13,0.118,0.0,0.118,1
2022-01-11 02:00:00,-1.56,1025.37,2.16,300.6,2.77,0.46,0.0,0.46,1
2022-01-11 03:00:00,-1.54,1025.96,3.23,296.6,4.44,1.162,0.0,1.162,1
2022-01-11 04:00:00,-1.18,1026.48,6.45,323.2,8.51,1.861,0.0,1.861,1
2022-01-11 05:00:00,-1.25,1027.5,8.3,327.3,11.4,2.505,0.0,2.505,1
2022-01-11 06:00:00,-1.51,1028.35,6.71,327.4,8.89,2.903,0.0,2.903,1
2022-01-11 07:00:00,-1.66,1029.01,6.9,326.4,9.37,2.835,0.0,2.835,1
2022-01-11 08:00:00,-1.85,1029.71,6.05,339.2,8.14,2.862,0.0,2.862,1
2022-01-11 09:00:00,-2.21,1030.42,6.12,342.1,8.05,2.551,0.0,2.551,1
2022-01-11 10:00:00,-2.61,1031.5,5.78,340.1,7.84,1.702,0.0,1.702,1
2022-01-11 11:00:00,-2.94,1032.92,5.74,241.1,7.51,0.867,0.0,0.867,1
2022-01-11 12:00:00,-4.17,1034.15,8.09,6.3,10.17,0.411,0.0,0.411,1
2022-01-11 13:00:00,-4.61,1034.93,7.55,75.1,9.38,0.406,0.0,0.406,1
2022-01-11 14:00:00,-4.75,1035.98,8.34,143.3,10.62,0.599,0.0,0.599,1
2022-01-11 15:00:00,-4.69,1036.48,6.5,248.8,8.33,0.98,0.0,0.98,1
2022-01-11 16:00:00,-4.23,1036.04,5.43,347.2,7.32,1.641,0.0,1.641,1
2022-01-11 17:00:00,-3.81,1035.21,4.58,208.9,6.63,2.281,0.0,2.281,1
2022-01-11 18:00:00,-3.18,1034.67,4.96,245.4,6.71,2.716,0.0,2.716,1
2022-01-11 19:00:00,-2.62,1034.83,5.76,335.1,8.02,3.103,0.0,3.103,1
2022-01-11 20:00:00,-2.39,1034.93,5.49,266.5,6.99,3.119,0.0,3.119,1
2022-01-11 21:00:00,-2.64,1034.9,5.67,146.7,7.23,2.752,0.0,2.752,1
2022-01-11 22:00:00,-2.93,1035.38,5.23,110.5,6.6,2.009,0.0,2.009,1
2022-01-11 23:00:00,-3.31,1036.32,2.74,327.4,3.61,1.341,0.0,1.341,1
2022-01-12 00:00:00,-3.78,1036.4,2.02,305.1,2.45,0.985,0.0,0.985,1
2022-01-12 01:00:00,-4.34,1036.4,2.3,305.1,3.01,0.719,0.0,0.719,1
2022-01-12 02:00:00,-4.91,1036.12,1.87,309.9,2.59,0.744,0.0,0.744,1
2022-01-12 03:00:00,-4.76,1035.63,1.74,276.9,2.17,1.358,0.0,1.358,1
2022-01-12 04:00:00,-4.39,1035.09,1.64,257.3,1.97,2.227,0.0,2.227,1
2022-01-12 05:00:00,-3.71,1033.99,2.13,257.4,2.69,3.185,0.0,3.185,1
2022-01-12 06:00:00,-3.72,1033.46,2.68,257.5,3.2,3.945,0.0,3.945,1
2022-01-12 07:00:00,-2.21,1032.92,3.97,239.6,4.75,4.295,0.0,4.295,1
2022-01-12 08:00:00,-1.4,1031.83,4.35,235.2,5.34,4.383,0.0,4.383,1
2022-01-12 09:00:00,-0.13,1030.56,6.02,229.5,7.24,4.178,0.0,4.178,1
2022-01-12 10:00:00,0.82,1029.77,5.9,238.2,7.36,3.624,0.0,3.624,1
2022-01-12 11:00:00,1.01,1029.72,5.22,242.9,6.75,3.028,0.0,3.028,1
2022-01-12 12:00:00,-0.3,1029.16,4.61,243.4,5.8,2.223,0.0,2.223,1
2022-01-12 13:00:00,1.03,1028.49,6.79,232.1,8.52,1.578,0.0,1.578,1
2022-01-12 14:00:00,1.92,1028.09,9.43,232.7,11.94,1.045,0.0,1.045,1
2022-01-12 15:00:00,2.35,1027.48,8.86,230.9,10.69,0.85,0.0,0.85,1
2022-01-12 16:00:00,2.82,1026.02,9.24,225.0,10.89,1.145,0.0,1.145,1
2022-01-12 17:00:00,3.96,1024.28,8.85,230.5,11.02,1.574,0.0,1.574,1
2022-01-12 18:00:00,5.11,1022.73,8.73,232.5,10.74,1.904,0.0,1.904,1
2022-01-12 19:00:00,5.27,1022.16,8.06,231.2,10.21,2.284,0.0,2.284,1
2022-01-12 20:00:00,5.24,1021.74,7.77,230.4,9.47,2.591,0.0,2.591,1
2022-01-12 21:00:00,5.31,1021.68,5.88,231.6,7.02,2.46,0.0,2.46,1
2022-01-12 22:00:00,4.48,1021.48,5.35,240.0,6.61,2.11,0.0,2.11,1
2022-01-12 23:00:00,4.46,1021.64,4.33,236.0,5.19,1.311,0.0,1.311,1
2022-01-13 00:00:00,4.62,1021.46,5.02,235.5,6.07,0.675,0.0,0.675,1
2022-01-13 01:00:00,4.15,1021.3,5.2,229.2,6.14,0.277,0.0,0.277,1
2022-01-13 02:00:00,3.8,1021.14,4.96,228.5,5.81,0.159,0.0,0.159,1
2022-01-13 03:00:00,3.53,1020.92,3.87,225.2,4.48,0.447,0.0,0.447,1
2022-01-13 04:00:00,3.48,1020.66,4.44,227.9,5.28,0.974,0.0,0.974,1
2022-01-13 05:00:00,3.05,1020.34,3.44,232.9,3.95,1.874,0.0,1.874,1
2022-01-13 06:00:00,3.16,1020.1,3.67,231.0,4.28,2.771,0.0,2.771,1
2022-01-13 07:00:00,2.99,1019.75,2.6,239.7,3.25,3.522,0.0,3.522,1
2022-01-13 08:00:00,2.98,1018.97,1.93,243.6,2.32,4.034,0.0,4.034,1
2022-01-13 09:00:00,2.98,1018.51,1.18,248.6,1.69,4.029,0.0,4.029,1
2022-01-13 10:00:00,3.21,1018.21,1.4,267.4,1.84,3.661,0.0,3.661,1
2022-01-13 11:00:00,2.53,1018.04,1.41,229.6,1.65,3.167,0.0,3.167,1
2022-01-13 12:00:00,2.24,1018.11,0.67,241.9,0.97,2.427,0.0,2.427,1
2022-01-13 13:00:00,3.12,1018.16,0.1,247.0,0.32,1.848,0.0,1.848,1
2022-01-13 14:00:00,4.7,1018.03,0.31,247.0,0.51,1.378,0.0,1.378,1
2022-01-13 15:00:00,5.38,1017.63,1.55,85.3,1.97,1.008,0.0,1.008,1
2022-01-13 16:00:00,6.2,1016.76,1.02,40.8,1.59,1.127,0.0,1.127,1
2022-01-13 17:00:00,6.04,1015.56,1.48,84.9,2.17,1.58,0.0,1.58,1
2022-01-13 18:00:00,6.15,1014.43,1.48,72.8,2.33,2.216,0.0,2.216,1
2022-01-13 19:00:00,6.23,1013.67,1.67,76.4,2.44,2.853,0.0,2.853,1
2022-01-13 20:00:00,6.54,1013.13,1.16,78.9,1.93,3.325,0.0,3.325,1
2022-01-13 21:00:00,6.37,1012.6,1.13,76.1,1.72,3.606,0.0,3.606,1
2022-01-13 22:00:00,5.76,1012.43,0.83,66.2,1.29,3.548,0.0,3.548,1
2022-01-13 23:00:00,4.99,1012.23,2.36,24.0,3.31,3.064,0.0,3.064,1
2022-01-14 00:00:00,4.75,1011.68,2.82,16.5,3.42,2.427,0.0,2.427,1
2022-01-14 01:00:00,4.93,1011.16,2.86,12.1,3.49,1.873,0.0,1.873,1
2022-01-14 02:00:00,5.26,1010.54,2.65,22.3,3.59,1.431,0.0,1.431,1
2022-01-14 03:00:00,4.91,1010.05,2.93,26.7,4.15,1.419,0.0,1.419,1
2022-01-14 04:00:00,4.81,1009.23,3.04,26.2,4.46,1.808,0.0,1.808,1
2022-01-14 05:00:00,4.62,1008.58,4.09,15.4,5.11,2.544,0.0,2.544,1
2022-01-14 06:00:00,4.78,1008.08,3.67,20.9,5.22,3.498,0.0,3.498,1
2022-01-14 07:00:00,4.84,1007.97,4.7,14.5,5.93,4.39,0.0,4.39,1
2022-01-14 08:00:00,4.45,1007.14,5.95,180.3,7.31,5.071,0.0,5.071,1
2022-01-14 09:00:00,4.51,1006.79,5.99,211.7,7.56,5.394,0.0,5.394,1
2022-01-14 10:00:00,4.2,1006.7,6.64,286.9,8.16,5.321,0.0,5.321,1
2022-01-14 11:00:00,4.38,1006.45,7.17,40.4,8.9,4.913,0.0,4.913,1
2022-01-14 12:00:00,4.66,1006.68,7.26,40.9,8.9,4.27,0.0,4.27,1
2022-01-14 13:00:00,4.88,1006.9,8.35,10.0,10.49,3.445,0.0,3.445,1
2022-01-14 14:00:00,5.26,1007.31,7.99,181.1,10.09,2.806,0.0,2.806,1
2022-01-14 15:00:00,6.32,1007.42,9.68,10.9,12.24,2.256,0.0,2.256,1
2022-01-14 16:00:00,6.82,1007.66,9.62,7.6,12.43,2.148,0.0,2.148,1
2022-01-14 17:00:00,7.25,1007.35,10.03,6.0,12.61,2.213,0.0,2.213,1
2022-01-14 18:00:00,7.81,1007.36,10.8,76.5,13.55,2.709,0.0,2.709,1
2022-01-14 19:00:00,8.44,1007.53,9.75,109.1,12.14,3.38,0.0,3.38,1
2022-01-14 20:00:00,8.17,1008.38,9.43,278.0,11.87,4.032,0.0,4.032,1
2022-01-14 21:00:00,7.32,1009.37,8.16,345.7,10.68,4.452,0.0,4.452,1
2022-01-14 22:00:00,6.54,1010.19,7.76,339.6,10.56,4.592,0.0,4.592,1
2022-01-14 23:00:00,5.07,1011.42,8.36,337.0,11.39,4.264,0.0,4.264,1
2022-01-15 00:00:00,3.78,1012.61,8.94,340.0,11.6,3.554,0.0,3.554,1
2022-01-15 01:00:00,2.85,1013.63,8.71,346.9,11.35,2.713,0.0,2.713,1
2022-01-15 02:00:00,1.8,1014.49,8.44,341.9,11.3,2.044,0.0,2.044,1
2022-01-15 03:00:00,0.58,1015.43,8.82,341.3,11.17,1.606,0.0,1.606,1
2022-01-15 04:00:00,-0.14,1016.17,9.07,344.3,12.09,1.691,0.0,1.691,1
2022-01-15 05:00:00,-0.93,1016.88,8.53,346.4,11.65,2.201,0.0,2.201,1
2022-01-15 06:00:00,-1.58,1017.8,7.94,344.8,10.6,2.876,0.0,2.876,1
2022-01-15 07:00:00,-2.08,1018.76,7.69,345.6,9.69,3.793,0.0,3.793,1
2022-01-15 08:00:00,-2.69,1019.54,7.59,348.6,9.6,4.531,0.0,4.531,1
2022-01-15 09:00:00,-3.41,1019.74,9.26,317.4,11.16,5.127,0.0,5.127,1
2022-01-15 10:00:00,-4.0,1020.68,9.21,176.7,11.66,5.434,0.0,5.434,1
2022-01-15 11:00:00,-4.42,1021.93,8.17,350.0,10.2,5.34,0.0,5.34,1
2022-01-15 12:00:00,-4.91,1023.0,8.24,348.7,10.47,4.839,0.0,4.839,1
2022-01-15 13:00:00,-4.97,1024.15,8.14,145.0,10.75,4.203,0.0,4.203,1
2022-01-15 14:00:00,-4.54,1025.5,7.79,8.2,9.51,3.246,0.0,3.246,1
2022-01-15 15:00:00,-4.39,1026.54,6.76,50.2,9.14,2.378,0.0,2.378,1
2022-01-15 16:00:00,-4.32,1026.47,6.09,24.1,8.63,1.901,0.0,1.901,1
2022-01-15 17:00:00,-4.1,1026.57,5.55,23.1,8.03,1.79,0.0,1.79,1
2022-01-15 18:00:00,-3.95,1026.65,4.46,19.0,6.32,1.991,0.0,1.991,1
2022-01-15 19:00:00,-3.82,1026.5,5.18,22.9,7.29,2.687,0.0,2.687,1
2022-01-15 20:00:00,-3.82,1027.11,5.1,83.9,6.85,3.365,0.0,3.365,1
2022-01-15 21:00:00,-3.74,1027.66,5.13,45.5,6.57,4.094,0.0,4.094,1
2022-01-15 22:00:00,-3.69,1028.27,5.06,181.5,6.35,4.489,0.0,4.489,1
2022-01-15 23:00:00,-3.64,1028.61,5.0,284.3,6.29,4.445,0.0,4.445,1
2022-01-16 00:00:00,-3.62,1028.82,4.17,309.3,5.36,3.902,0.0,3.902,1
2022-01-16 01:00:00,-3.56,1029.18,5.03,347.4,6.22,3.294,0.0,3.294,1
2022-01-16 02:00:00,-3.48,1029.67,4.64,244.8,5.99,2.528,0.0,2.528,1
2022-01-16 03:00:00,-3.26,1029.67,4.68,188.1,6.02,1.895,0.0,1.895,1
2022-01-16 04:00:00,-3.25,1029.68,3.58,52.7,4.81,1.542,0.0,1.542,1
2022-01-16 05:00:00,-3.53,1029.07,3.73,179.0,4.81,1.347,0.0,1.347,1
2022-01-16 06:00:00,-3.08,1028.93,2.91,36.6,4.64,1.911,0.0,1.911,1
2022-01-16 07:00:00,-2.98,1029.36,3.78,36.2,6.0,2.449,0.0,2.449,1
2022-01-16 08:00:00,-2.51,1028.82,3.08,59.0,5.33,3.73,0.0,3.73,1
2022-01-16 09:00:00,-1.78,1028.35,3.36,75.1,5.54,4.277,0.0,4.277,1
2022-01-16 10:00:00,-1.05,1028.1,3.6,75.4,5.59,4.865,0.0,4.865,1
2022-01-16 11:00:00,-0.2,1027.8,4.39,79.8,6.85,5.037,0.0,5.037,1
2022-01-16 12:00:00,0.39,1027.94,4.02,84.6,6.66,4.654,0.0,4.654,1
2022-01-16 13:00:00,1.12,1027.83,3.33,76.7,5.13,3.909,0.0,3.909,1
2022-01-16 14:00:00,2.19,1026.85,4.25,85.3,6.77,2.933,0.0,2.933,1
2022-01-16 15:00:00,3.19,1026.2,4.42,99.0,6.71,1.916,0.0,1.916,1
2022-01-16 16:00:00,3.94,1024.68,4.86,94.4,7.49,0.991,0.0,0.991,1
2022-01-16 17:00:00,4.66,1022.23,4.85,83.5,7.27,0.787,0.0,0.787,1
2022-01-16 18:00:00,5.69,1020.18,5.11,97.0,8.09,0.968,0.0,0.968,1
2022-01-16 19:00:00,6.17,1017.93,5.43,100.5,8.66,1.211,0.0,1.211,1
2022-01-16 20:00:00,6.68,1016.44,6.37,102.7,9.54,2.331,0.0,2.331,1
2022-01-16 21:00:00,7.03,1014.71,6.41,101.8,9.84,3.184,0.0,3.184,1
2022-01-16 22:00:00,7.47,1012.39,6.14,99.4,10.16,4.036,0.0,4.036,1
2022-01-16 23:00:00,8.2,1009.62,6.81,100.1,11.19,4.316,0.0,4.316,1
2022-01-17 00:00:00,8.8,1006.85,7.28,109.2,10.87,4.175,0.0,4.175,1
2022-01-17 01:00:00,9.75,1003.24,8.85,115.8,13.02,4.132,0.0,4.132,1
2022-01-17 02:00:00,10.29,999.59,9.14,119.4,13.66,3.867,0.0,3.867,1
2022-01-17 03:00:00,10.72,995.23,10.52,119.9,16.04,3.174,0.0,3.174,1
2022-01-17 04:00:00,10.2,993.52,9.65,172.8,14.26,2.903,0.0,2.903,1
2022-01-17 05:00:00,8.47,992.44,6.81,173.1,9.92,2.869,0.0,2.869,1
2022-01-17 06:00:00,7.62,991.83,11.22,219.1,13.83,3.792,0.0,3.792,1
2022-01-17 07:00:00,6.44,991.65,9.28,214.1,11.22,2.436,0.0,2.436,1
2022-01-17 08:00:00,6.26,990.2,8.46,221.4,10.39,3.963,0.0,3.963,1
2022-01-17 09:00:00,5.61,989.4,10.06,230.2,12.74,4.726,0.0,4.726,1
2022-01-17 10:00:00,4.33,989.83,9.93,234.2,12.98,5.443,0.0,5.443,1
2022-01-17 11:00:00,3.68,990.37,10.53,241.9,14.02,5.436,0.0,5.436,1
2022-01-17 12:00:00,4.0,990.72,9.48,250.5,12.61,4.708,0.0,4.708,1
2022-01-17 13:00:00,4.11,991.22,10.16,253.0,13.8,4.282,0.0,4.282,1
2022-01-17 14:00:00,4.52,991.88,10.21,254.9,13.81,3.408,0.0,3.408,1
2022-01-17 15:00:00,4.94,992.64,8.36,255.8,10.64,2.402,0.0,2.402,1
2022-01-17 16:00:00,5.44,992.68,8.47,262.4,11.33,1.911,0.0,1.911,1
2022-01-17 17:00:00,5.77,992.44,8.42,267.4,11.6,1.014,0.0,1.014,1
2022-01-17 18:00:00,5.73,992.44,7.11,282.7,9.68,0.324,0.0,0.324,1
2022-01-17 19:00:00,5.52,993.59,8.66,281.6,12.05,0.769,0.0,0.769,1
2022-01-17 20:00:00,5.49,994.66,8.28,286.8,11.27,1.275,0.0,1.275,1
2022-01-17 21:00:00,4.7,995.83,8.52,294.1,11.84,2.071,0.0,2.071,1
2022-01-17 22:00:00,3.49,997.54,8.48,304.2,12.36,2.383,0.0,2.383,1
2022-01-17 23:00:00,2.83,999.31,7.7,306.8,10.89,2.566,0.0,2.566,1
2022-01-18 00:00:00,2.4,1000.57,8.51,304.9,12.33,2.404,0.0,2.404,1
2022-01-18 01:00:00,2.16,1001.7,7.3,299.2,10.82,2.116,0.0,2.116,1
2022-01-18 02:00:00,2.16,1002.8,8.11,302.2,11.9,1.423,0.0,1.423,1
2022-01-18 03:00:00,1.98,1003.98,6.91,305.5,10.46,0.834,0.0,0.834,1
2022-01-18 04:00:00,1.64,1005.03,6.87,305.1,9.92,0.023,0.0,0.023,1
2022-01-18 05:00:00,1.41,1005.88,7.74,306.4,11.37,-0.46,0.0,-0.46,1
2022-01-18 06:00:00,1.21,1006.86,8.11,311.8,12.13,-0.666,0.0,-0.666,1
2022-01-18 07:00:00,1.16,1008.12,7.31,311.0,10.53,-0.213,0.0,-0.213,1
2022-01-18 08:00:00,1.39,1009.44,7.32,316.5,10.18,0.607,0.0,0.607,1
2022-01-18 09:00:00,1.6,1010.8,7.16,317.3,10.22,1.825,0.0,1.825,1
2022-01-18 10:00:00,1.65,1012.28,6.63,314.9,9.23,2.808,0.0,2.808,1
2022-01-18 11:00:00,1.63,1013.86,5.43,313.0,7.81,3.532,0.0,3.532,1
2022-01-18 12:00:00,1.32,1015.13,4.5,307.9,6.28,3.917,0.0,3.917,1
2022-01-18 13:00:00,2.02,1016.29,5.28,307.2,7.79,3.92,0.0,3.92,1
2022-01-18 14:00:00,2.84,1017.5,5.44,297.4,7.69,3.241,0.0,3.241,1
2022-01-18 15:00:00,3.42,1018.33,7.32,302.0,10.12,2.179,0.0,2.179,1
2022-01-18 16:00:00,3.77,1018.68,7.15,303.6,10.45,1.083,0.0,1.083,1
2022-01-18 17:00:00,3.79,1018.61,6.71,297.2,9.14,0.138,0.0,0.138,1
2022-01-18 18:00:00,3.85,1019.04,6.4,294.7,8.57,-0.549,0.0,-0.549,1
2022-01-18 19:00:00,4.06,1019.6,6.78,316.1,9.75,-0.683,0.0,-0.683,1
2022-01-18 20:00:00,3.91,1020.03,7.79,317.9,10.62,-0.289,0.0,-0.289,1
2022-01-18 21:00:00,3.63,1020.94,6.8,328.2,9.52,0.648,0.0,0.648,1
2022-01-18 22:00:00,2.89,1022.23,3.27,319.6,4.44,1.631,0.0,1.631,1
2022-01-18 23:00:00,2.2,1023.2,1.95,306.0,2.45,2.25,0.0,2.25,1
2022-01-19 00:00:00,1.39,1023.94,1.41,275.9,1.77,2.546,0.0,2.546,1
2022-01-19 01:00:00,0.7,1024.35,1.77,249.6,2.27,2.459,0.0,2.459,1
2022-01-19 02:00:00,0.7,1024.79,2.07,259.0,2.49,2.049,0.0,2.049,1
2022-01-19 03:00:00,0.65,1025.15,1.6,257.9,2.05,1.344,0.0,1.344,1
2022-01-19 04:00:00,0.69,1025.09,0.5,268.6,0.83,0.594,0.0,0.594,1
2022-01-19 05:00:00,0.47,1025.02,0.36,279.2,0.73,-0.23,0.0,-0.23,1
2022-01-19 06:00:00,0.25,1024.83,0.5,250.7,0.97,-0.62,0.0,-0.62,1
2022-01-19 07:00:00,0.37,1025.16,2.47,231.3,2.95,-0.399,0.0,-0.399,1
2022-01-19 08:00:00,1.48,1024.95,3.32,228.7,4.22,0.311,0.0,0.311,1
2022-01-19 09:00:00,4.02,1024.65,6.31,214.9,7.95,1.366,0.0,1.366,1
2022-01-19 10:00:00,3.17,1024.54,5.11,228.9,6.01,2.42,0.0,2.42,1
2022-01-19 11:00:00,4.76,1024.38,7.05,221.4,8.35,3.413,0.0,3.413,1
2022-01-19 12:00:00,4.57,1024.26,6.87,227.8,8.37,4.071,0.0,4.071,1
2022-01-19 13:00:00,4.4,1024.19,6.69,233.9,8.26,4.231,0.0,4.231,1
2022-01-19 14:00:00,4.85,1024.23,8.14,232.1,10.15,3.808,0.0,3.808,1
2022-01-19 15:00:00,5.7,1023.99,9.77,229.3,12.21,2.719,0.0,2.719,1
2022-01-19 16:00:00,6.01,1022.87,10.2,227.2,12.51,1.702,0.0,1.702,1
2022-01-19 17:00:00,6.4,1021.23,9.13,222.0,10.99,0.683,0.0,0.683,1
2022-01-19 18:00:00,6.95,1020.2,9.5,225.2,11.55,-0.227,0.0,-0.227,1
2022-01-19 19:00:00,7.3,1019.83,8.73,228.0,10.6,-0.467,0.0,-0.467,1
2022-01-19 20:00:00,7.23,1019.69,6.83,224.7,8.04,-0.238,0.0,-0.238,1
2022-01-19 21:00:00,6.79,1019.42,5.89,218.0,6.87,0.409,0.0,0.409,1
2022-01-19 22:00:00,6.8,1019.32,5.53,228.5,7.08,1.259,0.0,1.259,1
2022-01-19 23:00:00,6.73,1019.65,7.07,228.9,8.82,2.118,0.0,2.118,1
2022-01-20 00:00:00,6.76,1019.64,6.52,229.1,7.88,2.699,0.0,2.699,1
2022-01-20 01:00:00,7.06,1019.48,6.05,226.9,7.35,3.066,0.0,3.066,1
2022-01-20 02:00:00,7.46,1019.26,6.22,226.5,7.58,2.827,0.0,2.827,1
2022-01-20 03:00:00,6.99,1019.14,6.95,220.7,7.95,2.31,0.0,2.31,1
2022-01-20 04:00:00,6.86,1019.02,5.91,222.6,6.88,1.627,0.0,1.627,1
2022-01-20 05:00:00,6.91,1018.79,4.57,222.5,5.33,0.773,0.0,0.773,1
2022-01-20 06:00:00,6.01,1018.68,4.9,223.0,5.73,0.015,0.0,0.015,1
2022-01-20 07:00:00,5.92,1018.29,4.76,223.7,5.58,-0.301,0.0,-0.301,1
2022-01-20 08:00:00,5.36,1018.02,4.11,220.7,4.76,0.078,0.0,0.078,1
2022-01-20 09:00:00,5.47,1017.58,3.93,227.3,4.55,0.941,0.0,0.941,1
2022-01-20 10:00:00,4.8,1017.96,1.44,240.9,1.72,1.983,0.0,1.983,1
2022-01-20 11:00:00,4.97,1018.21,0.84,206.6,1.02,3.037,0.0,3.037,1
2022-01-20 12:00:00,5.05,1018.82,0.47,230.4,0.68,3.706,0.0,3.706,1
2022-01-20 13:00:00,5.84,1019.57,1.83,212.6,2.32,4.256,0.0,4.256,1
2022-01-20 14:00:00,5.97,1020.44,3.53,45.7,4.3,4.172,0.0,4.172,1
2022-01-20 15:00:00,5.98,1021.12,4.35,22.4,5.84,3.522,0.0,3.522,1
2022-01-20 16:00:00,4.94,1021.11,5.03,23.5,7.36,2.599,0.0,2.599,1
2022-01-20 17:00:00,4.37,1021.41,6.24,45.6,7.8,1.529,0.0,1.529,1
2022-01-20 18:00:00,3.5,1021.42,6.57,8.3,8.01,0.657,0.0,0.657,1
2022-01-20 19:00:00,2.91,1021.33,7.13,6.4,8.79,0.082,0.0,0.082,1
2022-01-20 20:00:00,2.06,1022.38,7.12,8.0,8.87,-0.108,0.0,-0.108,1
2022-01-20 21:00:00,1.05,1023.3,6.91,6.3,8.64,0.511,0.0,0.511,1
2022-01-20 22:00:00,0.66,1024.26,7.59,6.6,9.69,1.409,0.0,1.409,1
2022-01-20 23:00:00,0.19,1025.17,8.0,39.5,10.32,2.303,0.0,2.303,1
2022-01-21 00:00:00,-0.31,1026.21,7.47,16.2,10.32,3.006,0.0,3.006,1
2022-01-21 01:00:00,-0.52,1027.01,6.82,21.3,9.74,3.566,0.0,3.566,1
2022-01-21 02:00:00,-0.3,1027.56,5.8,24.9,8.69,3.82,0.0,3.82,1
2022-01-21 03:00:00,0.02,1027.93,6.77,42.9,8.68,3.539,0.0,3.539,1
2022-01-21 04:00:00,-0.73,1027.97,8.03,180.7,9.96,2.843,0.0,2.843,1
2022-01-21 05:00:00,-1.6,1027.96,8.74,74.7,10.94,1.963,0.0,1.963,1
2022-01-21 06:00:00,-2.05,1028.07,8.92,10.1,11.61,1.246,0.0,1.246,1
2022-01-21 07:00:00,-2.31,1028.62,8.09,19.0,11.58,0.82,0.0,0.82,1
2022-01-21 08:00:00,-2.53,1029.04,7.85,19.9,11.74,0.879,0.0,0.879,1
2022-01-21 09:00:00,-3.06,1029.41,6.8,26.7,10.82,1.386,0.0,1.386,1
2022-01-21 10:00:00,-3.6,1030.21,7.43,25.4,11.22,2.147,0.0,2.147,1
2022-01-21 11:00:00,-3.92,1031.09,7.31,24.9,11.31,3.229,0.0,3.229,1
2022-01-21 12:00:00,-4.41,1032.11,8.01,26.1,11.94,4.109,0.0,4.109,1
2022-01-21 13:00:00,-4.52,1032.52,7.57,27.5,11.37,4.744,0.0,4.744,1
2022-01-21 14:00:00,-4.26,1033.02,7.92,25.2,12.16,5.052,0.0,5.052,1
2022-01-21 15:00:00,-4.12,1033.49,7.67,25.1,11.25,4.699,0.0,4.699,1
2022-01-21 16:00:00,-3.88,1033.38,7.71,25.1,11.21,4.086,0.0,4.086,1
2022-01-21 17:00:00,-3.45,1032.7,7.35,25.2,11.38,3.046,0.0,3.046,1
2022-01-21 18:00:00,-3.27,1032.21,7.78,23.9,11.85,1.963,0.0,1.963,1
2022-01-21 19:00:00,-3.14,1032.1,6.99,29.8,10.72,1.061,0.0,1.061,1
2022-01-21 20:00:00,-2.92,1032.37,6.92,30.1,10.3,0.715,0.0,0.715,1
2022-01-21 21:00:00,-2.89,1032.3,6.97,29.6,10.31,0.795,0.0,0.795,1
2022-01-21 22:00:00,-2.7,1032.41,6.9,28.1,10.22,1.344,0.0,1.344,1
2022-01-21 23:00:00,-2.38,1032.72,6.57,27.1,10.15,2.171,0.0,2.171,1
2022-01-22 00:00:00,-2.22,1032.53,6.81,28.8,10.04,2.982,0.0,2.982,1
2022-01-22 01:00:00,-2.34,1032.1,6.98,27.0,10.61,3.769,0.0,3.769,1
2022-01-22 02:00:00,-2.72,1031.93,6.61,28.8,10.06,4.241,0.0,4.241,1
2022-01-22 03:00:00,-2.67,1031.53,7.55,18.6,10.36,4.35,0.0,4.35,1
2022-01-22 04:00:00,-3.07,1030.8,8.62,11.2,10.61,3.999,0.0,3.999,1
2022-01-22 05:00:00,-3.22,1029.66,8.85,8.0,11.04,3.263,0.0,3.263,1
2022-01-22 06:00:00,-3.08,1028.7,8.3,7.9,10.42,2.44,0.0,2.44,1
2022-01-22 07:00:00,-2.98,1028.02,8.28,7.0,10.17,1.716,0.0,1.716,1
2022-01-22 08:00:00,-2.72,1027.35,8.46,8.6,10.62,1.458,0.0,1.458,1
2022-01-22 09:00:00,-2.75,1027.46,8.61,9.6,11.06,1.434,0.0,1.434,1
2022-01-22 10:00:00,-2.54,1027.91,8.77,9.9,11.3,1.736,0.0,1.736,1
2022-01-22 11:00:00,-3.41,1028.77,8.24,3.7,10.43,2.666,0.0,2.666,1
2022-01-22 12:00:00,-3.22,1028.93,8.02,4.7,9.85,3.594,0.0,3.594,1
2022-01-22 13:00:00,-3.07,1029.08,8.03,7.9,10.01,4.418,0.0,4.418,1
2022-01-22 14:00:00,-2.92,1029.2,8.73,8.9,10.71,4.91,0.0,4.91,1
2022-01-22 15:00:00,-2.41,1029.34,7.79,14.8,10.04,5.008,0.0,5.008,1
2022-01-22 16:00:00,-1.89,1028.69,6.4,18.8,8.74,4.469,0.0,4.469,1
2022-01-22 17:00:00,-1.38,1027.61,5.33,17.7,7.45,3.629,0.0,3.629,1
2022-01-22 18:00:00,-0.85,1026.64,4.25,26.8,6.0,2.618,0.0,2.618,1
2022-01-22 19:00:00,-0.23,1025.99,3.5,27.9,5.04,1.722,0.0,1.722,1
2022-01-22 20:00:00,0.15,1025.34,3.43,29.8,5.12,1.148,0.0,1.148,1
2022-01-22 21:00:00,0.05,1024.91,2.59,34.4,3.9,0.896,0.0,0.896,1
2022-01-22 22:00:00,-0.76,1024.72,1.59,44.5,2.59,1.153,0.0,1.153,1
2022-01-22 23:00:00,-1.25,1024.7,1.22,51.6,1.86,1.818,0.0,1.818,1
2022-01-23 00:00:00,-1.44,1024.55,1.33,298.5,1.67,2.542,0.0,2.542,1
2022-01-23 01:00:00,-1.85,1024.22,1.23,310.9,1.48,3.427,0.0,3.427,1
2022-01-23 02:00:00,-2.04,1024.09,1.66,306.7,2.14,4.024,0.0,4.024,1
2022-01-23 03:00:00,-2.38,1023.54,1.54,284.9,1.89,4.455,0.0,4.455,1
2022-01-23 04:00:00,-2.36,1022.73,1.64,266.7,2.0,4.299,0.0,4.299,1
2022-01-23 05:00:00,-2.46,1021.63,1.73,261.8,2.09,3.709,0.0,3.709,1
2022-01-23 06:00:00,-2.54,1021.0,1.81,268.1,2.26,2.917,0.0,2.917,1
2022-01-23 07:00:00,-2.55,1020.57,1.92,266.9,2.41,1.989,0.0,1.989,1
2022-01-23 08:00:00,-2.69,1019.85,1.72,244.7,2.22,1.327,0.0,1.327,1
2022-01-23 09:00:00,-3.03,1019.24,1.89,236.0,2.35,0.884,0.0,0.884,1
2022-01-23 10:00:00,-2.93,1018.99,1.69,234.0,2.26,0.998,0.0,0.998,1
2022-01-23 11:00:00,-2.95,1018.92,1.66,227.1,2.19,1.58,0.0,1.58,1
2022-01-23 12:00:00,-2.85,1019.0,2.07,251.0,2.54,2.485,0.0,2.485,1
2022-01-23 13:00:00,-2.56,1018.67,2.19,273.7,2.69,3.409,0.0,3.409,1
2022-01-23 14:00:00,-0.97,1017.99,2.27,301.2,3.02,4.145,0.0,4.145,1
2022-01-23 15:00:00,0.08,1017.08,1.44,82.7,2.1,4.445,0.0,4.445,1
2022-01-23 16:00:00,0.68,1016.2,1.53,49.4,2.0,4.372,0.0,4.372,1
2022-01-23 17:00:00,1.15,1014.76,1.84,112.9,2.48,3.87,0.0,3.87,1
2022-01-23 18:00:00,1.37,1013.49,1.92,158.1,2.66,2.971,0.0,2.971,1
2022-01-23 19:00:00,1.47,1012.79,2.06,181.6,2.89,2.023,0.0,2.023,1
2022-01-23 20:00:00,1.76,1012.02,2.94,187.9,4.36,1.271,0.0,1.271,1
2022-01-23 21:00:00,1.57,1011.53,3.45,212.8,4.29,0.822,0.0,0.822,1
2022-01-23 22:00:00,1.0,1011.39,3.3,228.3,3.98,0.765,0.0,0.765,1
2022-01-23 23:00:00,0.94,1011.15,2.84,237.2,3.5,1.007,0.0,1.007,1
2022-01-24 00:00:00,1.06,1010.96,2.79,239.7,3.6,1.755,0.0,1.755,1
2022-01-24 01:00:00,1.32,1010.94,2.44,236.7,3.0,2.652,0.0,2.652,1
2022-01-24 02:00:00,1.43,1010.83,1.28,235.2,1.68,3.387,0.0,3.387,1
2022-01-24 03:00:00,1.51,1010.44,1.72,222.8,2.13,3.938,0.0,3.938,1
2022-01-24 04:00:00,1.54,1010.06,2.78,249.7,3.61,4.105,0.0,4.105,1
2022-01-24 05:00:00,1.83,1010.28,4.26,282.5,5.44,3.969,0.0,3.969,1
2022-01-24 06:00:00,1.64,1010.65,4.39,302.8,5.7,3.447,0.0,3.447,1
2022-01-24 07:00:00,1.62,1010.86,4.13,323.7,5.05,2.58,0.0,2.58,1
2022-01-24 08:00:00,1.13,1011.32,3.6,328.2,4.44,1.708,0.0,1.708,1
2022-01-24 09:00:00,0.59,1011.84,3.39,334.3,4.15,1.117,0.0,1.117,1
2022-01-24 10:00:00,0.21,1012.54,3.38,335.7,4.09,0.86,0.0,0.86,1
2022-01-24 11:00:00,0.14,1013.57,3.82,317.8,4.79,1.063,0.0,1.063,1
2022-01-24 12:00:00,-0.01,1014.54,4.01,143.8,4.99,1.786,0.0,1.786,1
2022-01-24 13:00:00,0.03,1015.12,4.13,5.4,5.08,2.74,0.0,2.74,1
2022-01-24 14:00:00,0.19,1015.45,4.32,11.8,5.42,3.517,0.0,3.517,1
2022-01-24 15:00:00,1.07,1015.75,3.15,18.9,4.17,4.075,0.0,4.075,1
2022-01-24 16:00:00,1.7,1015.27,2.8,31.8,3.93,4.47,0.0,4.47,1
2022-01-24 17:00:00,1.94,1014.57,2.82,83.4,4.0,4.343,0.0,4.343,1
2022-01-24 18:00:00,2.12,1014.3,2.44,113.6,3.37,3.728,0.0,3.728,1
2022-01-24 19:00:00,2.64,1014.13,2.17,148.5,3.13,2.973,0.0,2.973,1
2022-01-24 20:00:00,2.81,1013.9,2.96,153.1,4.16,2.227,0.0,2.227,1
2022-01-24 21:00:00,2.76,1013.75,2.94,173.2,4.24,1.595,0.0,1.595,1
2022-01-24 22:00:00,2.76,1013.69,3.43,185.0,4.71,1.24,0.0,1.24,1
2022-01-24 23:00:00,3.57,1013.93,4.44,199.3,5.8,1.294,0.0,1.294,1
2022-01-25 00:00:00,4.15,1013.8,5.19,197.3,6.62,1.554,0.0,1.554,1
2022-01-25 01:00:00,4.4,1013.46,4.46,194.5,6.2,2.279,0.0,2.279,1
2022-01-25 02:00:00,4.72,1013.44,5.45,198.0,7.17,3.107,0.0,3.107,1
2022-01-25 03:00:00,4.91,1013.64,7.03,213.6,8.28,3.949,0.0,3.949,1
2022-01-25 04:00:00,4.77,1013.49,6.2,224.9,7.51,4.524,0.0,4.524,1
2022-01-25 05:00:00,4.73,1012.68,6.08,225.9,7.34,4.571,0.0,4.571,1
2022-01-25 06:00:00,4.52,1012.65,5.85,222.7,6.98,4.21,0.0,4.21,1
2022-01-25 07:00:00,4.41,1012.66,5.49,218.8,6.49,3.622,0.0,3.622,1
2022-01-25 08:00:00,4.69,1012.5,5.51,225.9,6.77,2.922,0.0,2.922,1
2022-01-25 09:00:00,4.57,1012.5,4.4,224.8,5.3,1.991,0.0,1.991,1
2022-01-25 10:00:00,4.21,1013.02,4.62,217.9,5.28,1.3,0.0,1.3,1
2022-01-25 11:00:00,4.02,1013.51,5.57,219.0,6.45,1.04,0.0,1.04,1
2022-01-25 12:00:00,4.0,1014.17,4.16,218.7,4.83,1.336,0.0,1.336,1
2022-01-25 13:00:00,4.06,1014.93,3.96,221.1,4.64,1.944,0.0,1.944,1
2022-01-25 14:00:00,4.7,1015.66,2.48,238.8,3.11,2.688,0.0,2.688,1
2022-01-25 15:00:00,4.99,1016.1,1.81,238.8,2.26,3.379,0.0,3.379,1
2022-01-25 16:00:00,5.28,1015.89,0.93,219.8,1.23,3.92,0.0,3.92,1
2022-01-25 17:00:00,5.07,1015.79,0.41,237.4,0.58,4.083,0.0,4.083,1
2022-01-25 18:00:00,5.66,1015.58,0.85,136.5,1.12,3.896,0.0,3.896,1
2022-01-25 19:00:00,6.16,1015.82,1.43,32.5,1.81,3.326,0.0,3.326,1
2022-01-25 20:00:00,5.79,1016.33,1.32,62.1,2.29,2.619,0.0,2.619,1
2022-01-25 21:00:00,5.06,1017.1,2.47,21.2,3.31,1.895,0.0,1.895,1
2022-01-25 22:00:00,4.71,1018.08,3.1,15.5,4.07,1.352,0.0,1.352,1
2022-01-25 23:00:00,4.97,1019.38,5.86,111.8,7.22,0.891,0.0,0.891,1
2022-01-26 00:00:00,3.96,1020.33,6.38,9.6,7.83,0.882,0.0,0.882,1
2022-01-26 01:00:00,3.19,1020.77,6.82,8.7,8.53,1.131,0.0,1.131,1
2022-01-26 02:00:00,2.51,1021.43,6.08,7.7,7.68,1.801,0.0,1.801,1
2022-01-26 03:00:00,1.69,1022.18,7.13,5.4,9.18,2.759,0.0,2.759,1
2022-01-26 04:00:00,1.03,1022.59,6.96,143.8,8.8,3.662,0.0,3.662,1
2022-01-26 05:00:00,0.53,1022.83,6.8,38.8,8.55,4.317,0.0,4.317,1
2022-01-26 06:00:00,0.25,1022.97,7.7,3.6,9.63,4.417,0.0,4.417,1
2022-01-26 07:00:00,0.0,1023.69,7.65,111.0,9.51,4.206,0.0,4.206,1
2022-01-26 08:00:00,-0.44,1024.37,7.98,178.7,9.92,3.65,0.0,3.65,1
2022-01-26 09:00:00,-0.89,1024.81,7.87,215.0,10.23,2.83,0.0,2.83,1
2022-01-26 10:00:00,-1.51,1025.68,8.84,215.5,10.81,1.852,0.0,1.852,1
2022-01-26 11:00:00,-2.07,1026.76,8.62,318.0,10.69,1.178,0.0,1.178,1
2022-01-26 12:00:00,-2.92,1027.86,8.54,348.8,10.74,0.997,0.0,0.997,1
2022-01-26 13:00:00,-3.0,1028.8,7.71,351.5,9.95,1.31,0.0,1.31,1
2022-01-26 14:00:00,-2.65,1029.4,7.76,111.0,10.07,1.724,0.0,1.724,1
2022-01-26 15:00:00,-2.29,1029.63,7.91,42.1,10.12,2.281,0.0,2.281,1
2022-01-26 16:00:00,-2.18,1029.28,6.93,81.6,9.2,2.97,0.0,2.97,1
2022-01-26 17:00:00,-1.49,1028.56,6.67,216.4,8.43,3.391,0.0,3.391,1
2022-01-26 18:00:00,-0.9,1028.27,6.94,146.7,8.54,3.555,0.0,3.555,1
2022-01-26 19:00:00,-0.59,1028.29,6.29,78.7,7.92,3.323,0.0,3.323,1
2022-01-26 20:00:00,-0.95,1028.71,5.64,23.4,7.6,2.941,0.0,2.941,1
2022-01-26 21:00:00,-1.2,1029.24,4.55,28.0,6.84,2.307,0.0,2.307,1
2022-01-26 22:00:00,-1.28,1030.13,4.58,22.4,6.54,1.569,0.0,1.569,1
2022-01-26 23:00:00,-1.35,1031.05,5.48,15.3,7.51,0.866,0.0,0.866,1
2022-01-27 00:00:00,-1.54,1031.73,5.5,77.9,6.88,0.284,0.0,0.284,1
2022-01-27 01:00:00,-2.08,1032.21,4.45,350.9,5.66,0.246,0.0,0.246,1
2022-01-27 02:00:00,-2.27,1032.66,5.12,317.8,6.49,0.726,0.0,0.726,1
2022-01-27 03:00:00,-2.54,1032.92,4.23,349.2,5.57,1.674,0.0,1.674,1
2022-01-27 04:00:00,-2.6,1032.96,4.21,249.6,5.17,2.77,0.0,2.77,1
2022-01-27 05:00:00,-2.83,1032.95,3.7,341.2,4.61,3.612,0.0,3.612,1
2022-01-27 06:00:00,-3.33,1032.79,3.36,333.4,4.12,4.235,0.0,4.235,1
2022-01-27 07:00:00,-3.07,1032.7,2.45,61.6,3.74,4.495,0.0,4.495,1
2022-01-27 08:00:00,-2.69,1032.33,2.38,29.7,3.77,4.242,0.0,4.242,1
2022-01-27 09:00:00,-3.18,1032.29,1.88,270.8,2.77,3.579,0.0,3.579,1
2022-01-27 10:00:00,-3.99,1032.45,2.39,333.8,2.97,2.638,0.0,2.638,1
2022-01-27 11:00:00,-4.36,1032.71,2.44,342.1,3.05,1.762,0.0,1.762,1
2022-01-27 12:00:00,-4.32,1032.79,1.93,338.6,2.46,1.1,0.0,1.1,1
2022-01-27 13:00:00,-3.17,1032.86,1.87,213.6,2.34,0.847,0.0,0.847,1
2022-01-27 14:00:00,-1.31,1032.87,1.15,113.3,1.67,0.891,0.0,0.891,1
2022-01-27 15:00:00,-0.23,1033.13,1.01,129.8,1.82,1.161,0.0,1.161,1
2022-01-27 16:00:00,-0.11,1032.54,0.9,197.5,1.49,1.81,0.0,1.81,1
2022-01-27 17:00:00,0.44,1031.08,1.16,130.2,2.12,2.504,0.0,2.504,1
2022-01-27 18:00:00,0.86,1029.89,0.76,119.1,1.58,3.032,0.0,3.032,1
2022-01-27 19:00:00,1.07,1028.81,1.58,154.0,2.25,3.372,0.0,3.372,1
2022-01-27 20:00:00,0.98,1028.24,1.62,131.4,2.45,3.431,0.0,3.431,1
2022-01-27 21:00:00,1.12,1028.18,1.51,158.3,2.19,3.02,0.0,3.02,1
2022-01-27 22:00:00,0.32,1027.89,1.8,166.4,2.59,2.364,0.0,2.364,1
2022-01-27 23:00:00,0.44,1027.74,1.5,193.4,2.26,1.601,0.0,1.601,1
2022-01-28 00:00:00,-0.06,1027.68,0.5,285.7,1.09,0.823,0.0,0.823,1
2022-01-28 01:00:00,-0.61,1027.63,1.13,278.7,1.62,0.414,0.0,0.414,1
2022-01-28 02:00:00,-0.61,1026.85,1.15,271.2,1.5,0.366,0.0,0.366,1
2022-01-28 03:00:00,-0.5,1026.41,1.79,264.9,2.2,0.924,0.0,0.924,1
2022-01-28 04:00:00,-0.35,1025.88,1.3,262.9,1.62,1.84,0.0,1.84,1
2022-01-28 05:00:00,-0.21,1025.01,0.91,261.0,1.21,2.875,0.0,2.875,1
2022-01-28 06:00:00,0.1,1024.66,1.26,280.2,1.59,3.752,0.0,3.752,1
2022-01-28 07:00:00,0.29,1024.41,1.33,252.2,1.63,4.391,0.0,4.391,1
2022-01-28 08:00:00,0.55,1023.63,1.15,224.8,1.42,4.721,0.0,4.721,1
2022-01-28 09:00:00,1.23,1022.75,1.81,224.5,2.31,4.414,0.0,4.414,1
2022-01-28 10:00:00,1.1,1022.35,0.65,246.0,0.95,3.705,0.0,3.705,1
2022-01-28 11:00:00,1.52,1022.25,1.31,197.8,1.76,2.848,0.0,2.848,1
2022-01-28 12:00:00,2.39,1022.05,1.61,164.3,2.24,1.856,0.0,1.856,1
2022-01-28 13:00:00,2.5,1021.83,1.1,202.3,1.47,1.028,0.0,1.028,1
2022-01-28 14:00:00,2.0,1021.58,1.41,25.1,1.71,0.451,0.0,0.451,1
2022-01-28 15:00:00,2.72,1021.77,0.97,11.9,1.19,0.304,0.0,0.304,1
2022-01-28 16:00:00,3.07,1021.03,2.02,17.0,2.42,0.781,0.0,0.781,1
2022-01-28 17:00:00,3.3,1019.79,2.29,21.2,3.0,1.635,0.0,1.635,1
2022-01-28 18:00:00,3.72,1018.36,2.51,47.7,4.04,2.42,0.0,2.42,1
2022-01-28 19:00:00,3.3,1017.54,2.89,51.8,4.81,3.086,0.0,3.086,1
2022-01-28 20:00:00,3.43,1016.78,2.67,55.9,4.97,3.615,0.0,3.615,1
2022-01-28 21:00:00,3.52,1016.14,3.51,42.1,5.97,3.76,0.0,3.76,1
2022-01-28 22:00:00,3.23,1015.01,4.92,32.2,7.58,3.51,0.0,3.51,1
2022-01-28 23:00:00,3.31,1014.48,3.62,45.3,6.51,2.668,0.0,2.668,1
2022-01-29 00:00:00,3.21,1014.68,3.66,39.4,6.65,1.913,0.0,1.913,1
2022-01-29 01:00:00,1.96,1013.77,5.04,34.8,8.96,1.282,0.0,1.282,1
2022-01-29 02:00:00,0.9,1012.2,6.7,24.1,10.25,0.911,0.0,0.911,1
2022-01-29 03:00:00,0.56,1011.01,6.7,19.4,9.94,1.001,0.0,1.001,1
2022-01-29 04:00:00,0.1,1009.79,8.22,13.4,10.58,1.649,0.0,1.649,1
2022-01-29 05:00:00,0.02,1008.36,9.75,13.0,12.45,2.851,0.0,2.851,1
2022-01-29 06:00:00,-0.1,1006.91,10.81,12.4,13.71,4.068,0.0,4.068,1
2022-01-29 07:00:00,-0.11,1005.41,11.22,13.3,14.48,5.108,0.0,5.108,1
2022-01-29 08:00:00,-0.33,1004.58,11.63,7.8,14.95,6.033,0.0,6.033,1
2022-01-29 09:00:00,-0.84,1003.74,11.94,215.8,14.74,6.457,0.0,6.457,1
2022-01-29 10:00:00,-1.46,1003.61,12.37,214.4,15.9,6.286,0.0,6.286,1
2022-01-29 11:00:00,-1.86,1004.02,12.11,353.0,15.74,5.717,0.0,5.717,1
2022-01-29 12:00:00,-2.5,1004.69,11.82,349.6,14.92,4.718,0.0,4.718,1
2022-01-29 13:00:00,-3.04,1005.31,11.68,344.7,14.81,3.577,0.0,3.577,1
2022-01-29 14:00:00,-3.95,1006.11,11.85,341.6,15.38,2.679,0.0,2.679,1
2022-01-29 15:00:00,-4.19,1007.11,10.51,338.8,13.39,1.939,0.0,1.939,1
2022-01-29 16:00:00,-4.58,1007.7,10.71,338.4,14.27,1.745,0.0,1.745,1
2022-01-29 17:00:00,-5.35,1007.74,10.28,332.8,13.59,1.999,0.0,1.999,1
2022-01-29 18:00:00,-5.4,1007.81,10.41,334.2,13.68,2.619,0.0,2.619,1
2022-01-29 19:00:00,-5.41,1008.05,10.51,334.5,13.98,3.51,0.0,3.51,1
2022-01-29 20:00:00,-4.97,1008.51,9.7,333.8,12.92,4.313,0.0,4.313,1
2022-01-29 21:00:00,-5.16,1009.08,8.82,328.7,11.54,4.945,0.0,4.945,1
2022-01-29 22:00:00,-5.24,1009.72,8.48,327.0,11.12,5.122,0.0,5.122,1
2022-01-29 23:00:00,-5.05,1010.69,7.59,326.0,9.71,4.748,0.0,4.748,1
2022-01-30 00:00:00,-5.3,1011.68,6.53,315.3,9.3,3.817,0.0,3.817,1
2022-01-30 01:00:00,-5.24,1012.35,6.79,319.2,9.45,2.731,0.0,2.731,1
2022-01-30 02:00:00,-5.7,1012.81,5.52,321.2,7.18,1.486,0.0,1.486,1
2022-01-30 03:00:00,-5.87,1013.26,6.73,328.7,8.83,0.713,0.0,0.713,1
2022-01-30 04:00:00,-5.83,1014.06,8.06,332.8,10.56,0.695,0.0,0.695,1
2022-01-30 05:00:00,-6.16,1014.84,7.3,336.4,9.67,1.192,0.0,1.192,1
2022-01-30 06:00:00,-6.57,1015.79,7.28,336.9,9.15,2.21,0.0,2.21,1
2022-01-30 07:00:00,-6.72,1016.68,7.0,336.8,9.31,3.38,0.0,3.38,1
2022-01-30 08:00:00,-7.08,1017.35,5.69,334.8,7.15,4.514,0.0,4.514,1
2022-01-30 09:00:00,-7.73,1018.24,4.18,327.7,5.42,5.401,0.0,5.401,1
2022-01-30 10:00:00,-8.54,1019.17,3.25,317.3,4.17,5.766,0.0,5.766,1
2022-01-30 11:00:00,-9.15,1020.31,3.6,311.5,4.67,5.512,0.0,5.512,1
2022-01-30 12:00:00,-9.08,1021.21,3.36,308.5,4.88,4.729,0.0,4.729,1
2022-01-30 13:00:00,-7.81,1021.64,3.98,314.1,5.43,3.478,0.0,3.478,1
2022-01-30 14:00:00,-6.25,1021.74,4.41,317.5,5.98,2.04,0.0,2.04,1
2022-01-30 15:00:00,-5.28,1021.79,4.69,321.6,5.94,0.855,0.0,0.855,1
2022-01-30 16:00:00,-4.38,1021.35,4.06,301.1,5.49,0.005,0.0,0.005,1
2022-01-30 17:00:00,-3.42,1020.58,4.3,289.2,5.72,-0.08,0.0,-0.08,1
2022-01-30 18:00:00,-2.27,1019.74,3.3,282.8,5.1,0.296,0.0,0.296,1
2022-01-30 19:00:00,-1.55,1019.45,3.47,297.7,4.7,1.077,0.0,1.077,1
2022-01-30 20:00:00,-1.19,1019.2,3.55,250.1,4.63,2.043,0.0,2.043,1
2022-01-30 21:00:00,-1.71,1019.23,4.7,231.6,5.49,2.759,0.0,2.759,1
2022-01-30 22:00:00,-2.09,1019.95,5.09,230.1,6.16,3.229,0.0,3.229,1
2022-01-30 23:00:00,-2.07,1020.99,2.93,243.1,3.5,3.191,0.0,3.191,1
2022-01-31 00:00:00,-1.94,1021.76,1.3,279.8,1.73,2.669,0.0,2.669,1
2022-01-31 01:00:00,-1.91,1022.37,1.23,312.1,1.58,1.691,0.0,1.691,1
2022-01-31 02:00:00,-1.75,1022.98,1.49,50.7,1.89,0.465,0.0,0.465,1
2022-01-31 03:00:00,-1.83,1023.29,0.67,68.8,0.96,-0.48,0.0,-0.48,1
2022-01-31 04:00:00,-1.31,1023.27,0.69,52.9,1.03,-1.179,0.0,-1.179,1
2022-01-31 05:00:00,-0.43,1023.02,1.38,79.3,2.15,-1.251,0.0,-1.251,1
2022-01-31 06:00:00,-0.01,1022.73,2.19,81.0,3.27,-0.482,0.0,-0.482,1
2022-01-31 07:00:00,0.22,1022.62,2.82,79.8,4.12,0.81,0.0,0.81,1
2022-01-31 08:00:00,0.47,1022.51,3.12,79.5,4.68,2.294,0.0,2.294,1
2022-01-31 09:00:00,0.75,1022.94,3.04,75.6,4.67,3.547,0.0,3.547,1
2022-01-31 10:00:00,1.03,1023.62,3.26,80.9,5.17,4.371,0.0,4.371,1
2022-01-31 11:00:00,1.36,1024.32,3.99,82.6,5.9,4.854,0.0,4.854,1
2022-01-31 12:00:00,1.63,1024.99,4.05,85.3,6.18,4.598,0.0,4.598,1
2022-01-31 13:00:00,2.14,1025.66,4.33,93.2,6.88,3.838,0.0,3.838,1
2022-01-31 14:00:00,2.59,1026.54,3.96,85.8,6.16,2.609,0.0,2.609,1
2022-01-31 15:00:00,2.92,1026.92,3.96,84.0,5.95,1.191,0.0,1.191,1
2022-01-31 16:00:00,3.22,1027.15,3.37,74.0,5.5,0.139,0.0,0.139,1
2022-01-31 17:00:00,3.11,1026.73,3.14,70.9,5.66,-0.644,0.0,-0.644,1
2022-01-31 18:00:00,2.79,1026.22,3.43,72.8,6.37,-0.666,0.0,-0.666,1
2022-01-31 19:00:00,2.73,1026.36,2.95,70.9,5.74,0.031,0.0,0.031,1
2022-01-31 20:00:00,2.74,1026.74,2.79,66.7,5.46,1.238,0.0,1.238,1
2022-01-31 21:00:00,2.27,1026.89,2.71,53.4,5.18,2.505,0.0,2.505,1
2022-01-31 22:00:00,1.88,1027.23,2.58,52.2,5.37,3.416,0.0,3.416,1
2022-01-31 23:00:00,1.96,1028.05,3.02,60.1,6.05,3.95,0.0,3.95,1
2022-02-01 00:00:00,2.09,1028.9,3.62,70.7,6.58,4.033,0.0,4.033,1
2022-02-01 01:00:00,2.29,1029.41,4.66,72.2,7.12,3.485,0.0,3.485,1
2022-02-01 02:00:00,2.5,1029.81,3.74,74.4,6.45,2.427,0.0,2.427,1
2022-02-01 03:00:00,2.88,1030.05,4.24,74.9,6.61,1.27,0.0,1.27,1
2022-02-01 04:00:00,3.01,1030.19,3.02,65.5,5.19,0.35,0.0,0.35,1
2022-02-01 05:00:00,2.77,1030.09,2.6,49.1,5.07,-0.22,0.0,-0.22,1
2022-02-01 06:00:00,2.62,1030.16,2.72,45.8,4.78,-0.247,0.0,-0.247,1
2022-02-01 07:00:00,1.29,1030.5,3.33,26.6,5.02,0.513,0.0,0.513,1
2022-02-01 08:00:00,-0.04,1030.51,4.26,13.0,5.42,1.913,0.0,1.913,1
2022-02-01 09:00:00,0.17,1030.63,4.12,20.1,5.49,3.361,0.0,3.361,1
2022-02-01 10:00:00,0.01,1031.26,4.2,146.9,5.1,4.573,0.0,4.573,1
2022-02-01 11:00:00,-0.94,1032.32,3.88,73.6,4.67,5.473,0.0,5.473,1
2022-02-01 12:00:00,-0.83,1032.96,4.66,8.6,5.65,5.783,0.0,5.783,1
2022-02-01 13:00:00,-0.07,1033.11,4.77,18.0,6.04,5.44,0.0,5.44,1
2022-02-01 14:00:00,1.54,1033.48,4.18,113.3,5.13,4.403,0.0,4.403,1
2022-02-01 15:00:00,2.59,1033.42,3.8,23.3,5.3,3.035,0.0,3.035,1
2022-02-01 16:00:00,3.49,1033.45,3.91,37.8,6.03,1.753,0.0,1.753,1
2022-02-01 17:00:00,3.46,1033.11,4.0,33.3,6.14,0.741,0.0,0.741,1
2022-02-01 18:00:00,2.84,1032.99,5.15,20.1,6.7,0.033,0.0,0.033,1
2022-02-01 19:00:00,3.29,1032.46,3.98,25.3,6.04,0.155,0.0,0.155,1
2022-02-01 20:00:00,3.51,1032.26,3.95,28.8,6.06,0.95,0.0,0.95,1
2022-02-01 21:00:00,3.45,1032.19,2.89,37.8,5.16,2.222,0.0,2.222,1
2022-02-01 22:00:00,3.38,1032.4,2.24,33.4,3.55,3.441,0.0,3.441,1
2022-02-01 23:00:00,3.07,1033.04,2.14,87.5,2.87,4.306,0.0,4.306,1
2022-02-02 00:00:00,2.64,1033.74,2.8,13.4,3.41,4.705,0.0,4.705,1
2022-02-02 01:00:00,2.59,1033.87,2.36,29.0,3.34,4.62,0.0,4.62,1
2022-02-02 02:00:00,3.24,1033.71,2.56,26.6,3.69,3.871,0.0,3.871,1
2022-02-02 03:00:00,2.7,1033.57,2.11,19.6,2.84,2.826,0.0,2.826,1
2022-02-02 04:00:00,2.73,1033.18,1.67,23.2,2.4,1.624,0.0,1.624,1
2022-02-02 05:00:00,1.9,1032.77,2.5,12.4,3.1,0.605,0.0,0.605,1
2022-02-02 06:00:00,1.63,1032.27,2.98,10.3,3.52,0.078,0.0,0.078,1
2022-02-02 07:00:00,1.45,1031.98,3.0,12.1,3.59,0.164,0.0,0.164,1
2022-02-02 08:00:00,1.42,1031.58,3.14,13.4,3.7,1.082,0.0,1.082,1
2022-02-02 09:00:00,1.3,1031.54,2.93,16.0,3.58,2.336,0.0,2.336,1
2022-02-02 10:00:00,1.11,1031.48,3.37,8.8,3.93,3.634,0.0,3.634,1
2022-02-02 11:00:00,1.1,1031.37,2.99,11.2,3.59,4.764,0.0,4.764,1
2022-02-02 12:00:00,1.33,1031.44,3.03,11.4,3.68,5.569,0.0,5.569,1
2022-02-02 13:00:00,2.17,1031.46,3.33,14.3,3.96,5.816,0.0,5.816,1
2022-02-02 14:00:00,2.67,1031.91,3.64,43.2,4.38,5.326,0.0,5.326,1
2022-02-02 15:00:00,3.32,1032.19,3.31,11.0,4.01,4.125,0.0,4.125,1
2022-02-02 16:00:00,4.07,1031.8,2.9,7.7,3.4,2.65,0.0,2.65,1
2022-02-02 17:00:00,4.76,1030.88,2.15,13.6,2.56,1.311,0.0,1.311,1
2022-02-02 18:00:00,5.18,1030.48,2.61,78.0,3.06,0.325,0.0,0.325,1
2022-02-02 19:00:00,5.4,1030.09,2.07,19.9,2.62,-0.245,0.0,-0.245,1
2022-02-02 20:00:00,5.81,1029.52,2.08,55.8,2.82,0.021,0.0,0.021,1
2022-02-02 21:00:00,5.58,1028.97,2.08,84.6,2.93,0.943,0.0,0.943,1
2022-02-02 22:00:00,5.2,1028.81,1.43,88.0,2.06,2.316,0.0,2.316,1
2022-02-02 23:00:00,4.64,1028.69,1.09,121.4,1.65,3.409,0.0,3.409,1
2022-02-03 00:00:00,4.08,1028.74,0.65,123.6,1.05,4.165,0.0,4.165,1
2022-02-03 01:00:00,3.63,1028.37,0.21,174.7,0.46,4.425,0.0,4.425,1
2022-02-03 02:00:00,3.35,1028.14,0.21,307.0,0.48,4.21,0.0,4.21,1
2022-02-03 03:00:00,3.21,1027.83,0.0,297.3,0.06,3.455,0.0,3.455,1
2022-02-03 04:00:00,3.12,1027.84,1.19,318.7,1.43,2.338,0.0,2.338,1
2022-02-03 05:00:00,3.13,1027.56,0.46,302.9,0.74,1.183,0.0,1.183,1
2022-02-03 06:00:00,3.19,1027.38,0.33,306.2,0.63,0.335,0.0,0.335,1
2022-02-03 07:00:00,3.25,1027.08,0.57,219.7,0.78,-0.133,0.0,-0.133,1
2022-02-03 08:00:00,3.32,1026.8,0.91,159.5,1.25,0.179,0.0,0.179,1
2022-02-03 09:00:00,3.42,1026.58,0.19,147.1,0.31,1.058,0.0,1.058,1
2022-02-03 10:00:00,3.24,1026.85,0.9,72.4,1.11,2.317,0.0,2.317,1
2022-02-03 11:00:00,3.12,1027.24,1.1,55.1,1.58,3.689,0.0,3.689,1
2022-02-03 12:00:00,3.48,1027.45,1.94,64.9,2.39,4.678,0.0,4.678,1
2022-02-03 13:00:00,3.4,1027.64,2.39,20.1,2.84,5.306,0.0,5.306,1
2022-02-03 14:00:00,4.19,1027.73,1.49,46.2,2.16,5.319,0.0,5.319,1
2022-02-03 15:00:00,5.14,1027.09,1.55,102.5,2.22,4.592,0.0,4.592,1
2022-02-03 16:00:00,6.35,1026.54,0.86,144.6,1.45,3.428,0.0,3.428,1
2022-02-03 17:00:00,6.7,1025.34,1.56,180.7,2.02,2.047,0.0,2.047,1
2022-02-03 18:00:00,7.35,1024.28,3.07,189.0,3.86,0.878,0.0,0.878,1
2022-02-03 19:00:00,6.66,1023.6,3.03,190.3,3.82,-0.044,0.0,-0.044,1
2022-02-03 20:00:00,5.99,1023.24,3.43,206.5,3.93,-0.204,0.0,-0.204,1
2022-02-03 21:00:00,6.54,1022.49,2.85,210.3,3.62,0.255,0.0,0.255,1
2022-02-03 22:00:00,7.4,1022.77,3.51,219.0,4.24,1.376,0.0,1.376,1
2022-02-03 23:00:00,6.78,1022.21,4.24,213.7,5.06,2.537,0.0,2.537,1
2022-02-04 00:00:00,7.54,1022.11,5.91,216.9,6.98,3.563,0.0,3.563,1
2022-02-04 01:00:00,6.99,1021.69,5.22,214.3,5.93,4.096,0.0,4.096,1
2022-02-04 02:00:00,7.94,1020.88,6.22,217.4,7.46,4.336,0.0,4.336,1
2022-02-04 03:00:00,8.09,1020.56,5.73,218.2,6.66,4.031,0.0,4.031,1
2022-02-04 04:00:00,8.77,1020.25,6.23,229.7,7.7,3.316,0.0,3.316,1
2022-02-04 05:00:00,7.92,1019.39,5.36,226.9,6.47,2.141,0.0,2.141,1
2022-02-04 06:00:00,7.19,1018.61,5.95,215.8,6.9,0.906,0.0,0.906,1
2022-02-04 07:00:00,6.9,1017.66,6.43,205.8,7.9,0.171,0.0,0.171,1
2022-02-04 08:00:00,7.17,1016.46,7.51,209.5,8.94,0.011,0.0,0.011,1
2022-02-04 09:00:00,7.3,1015.16,8.63,212.1,10.24,0.339,0.0,0.339,1
2022-02-04 10:00:00,8.83,1014.64,9.89,221.0,11.86,1.071,0.0,1.071,1
2022-02-04 11:00:00,10.09,1015.09,9.15,234.4,11.77,2.364,0.0,2.364,1
2022-02-04 12:00:00,8.56,1015.33,8.21,225.6,9.87,3.475,0.0,3.475,1
2022-02-04 13:00:00,8.33,1015.32,7.2,230.3,9.11,4.222,0.0,4.222,1
2022-02-04 14:00:00,8.34,1015.22,7.22,222.1,8.84,4.443,0.0,4.443,1
2022-02-04 15:00:00,7.9,1014.97,6.57,222.2,7.98,4.045,0.0,4.045,1
2022-02-04 16:00:00,7.98,1014.2,7.03,224.4,8.63,3.377,0.0,3.377,1
2022-02-04 17:00:00,7.82,1012.61,7.0,221.6,8.4,2.297,0.0,2.297,1
2022-02-04 18:00:00,9.4,1011.91,7.61,227.9,9.38,0.837,0.0,0.837,1
2022-02-04 19:00:00,10.95,1011.39,7.27,232.7,9.61,-0.036,0.0,-0.036,1
2022-02-04 20:00:00,10.54,1011.51,6.79,229.0,8.51,-0.426,0.0,-0.426,1
2022-02-04 21:00:00,7.14,1013.55,6.54,244.5,8.61,-0.427,0.0,-0.427,1
2022-02-04 22:00:00,5.78,1014.68,6.09,311.8,7.99,0.011,0.0,0.011,1
2022-02-04 23:00:00,5.16,1015.7,5.36,313.5,6.98,0.939,0.0,0.939,1
2022-02-05 00:00:00,4.59,1016.2,4.65,270.1,5.9,2.214,0.0,2.214,1
2022-02-05 01:00:00,3.38,1016.87,5.65,341.4,7.34,3.333,0.0,3.333,1
2022-02-05 02:00:00,2.51,1017.37,5.19,340.8,6.73,4.022,0.0,4.022,1
2022-02-05 03:00:00,1.58,1017.53,6.69,346.8,8.59,4.21,0.0,4.21,1
2022-02-05 04:00:00,0.89,1017.74,6.19,347.1,7.81,3.786,0.0,3.786,1
2022-02-05 05:00:00,0.59,1017.49,6.83,345.5,8.77,2.941,0.0,2.941,1
2022-02-05 06:00:00,0.34,1017.61,7.05,343.5,8.96,1.971,0.0,1.971,1
2022-02-05 07:00:00,0.17,1018.0,8.07,344.6,10.31,1.126,0.0,1.126,1
2022-02-05 08:00:00,0.02,1018.39,7.78,344.2,10.53,0.532,0.0,0.532,1
2022-02-05 09:00:00,-0.11,1019.51,8.24,347.0,10.78,0.357,0.0,0.357,1
2022-02-05 10:00:00,-0.16,1020.86,7.25,348.6,9.56,0.727,0.0,0.727,1
2022-02-05 11:00:00,-0.06,1022.04,6.89,347.5,9.27,1.608,0.0,1.608,1
2022-02-05 12:00:00,-0.15,1023.58,6.77,344.8,9.18,2.606,0.0,2.606,1
2022-02-05 13:00:00,-0.03,1025.02,7.42,344.7,9.75,3.55,0.0,3.55,1
2022-02-05 14:00:00,0.24,1026.06,9.3,329.4,12.04,3.893,0.0,3.893,1
2022-02-05 15:00:00,0.56,1026.92,9.91,329.2,12.93,4.1,0.0,4.1,1
2022-02-05 16:00:00,0.8,1027.74,9.53,334.0,12.76,3.799,0.0,3.799,1
2022-02-05 17:00:00,0.5,1028.13,9.81,345.8,12.54,2.984,0.0,2.984,1
2022-02-05 18:00:00,0.29,1027.92,9.55,345.6,12.97,1.867,0.0,1.867,1
2022-02-05 19:00:00,0.33,1028.34,9.38,315.4,11.98,0.73,0.0,0.73,1
2022-02-05 20:00:00,0.41,1029.2,7.64,316.9,9.85,0.006,0.0,0.006,1
2022-02-05 21:00:00,0.34,1030.49,6.8,246.7,9.03,-0.255,0.0,-0.255,1
2022-02-05 22:00:00,-0.06,1031.81,6.06,344.2,7.83,-0.126,0.0,-0.126,1
2022-02-05 23:00:00,-0.62,1033.27,5.56,311.9,7.25,0.56,0.0,0.56,1
2022-02-06 00:00:00,-1.14,1034.4,5.99,111.7,7.54,1.349,0.0,1.349,1
2022-02-06 01:00:00,-1.7,1034.79,6.88,77.5,8.54,2.428,0.0,2.428,1
2022-02-06 02:00:00,-2.06,1035.18,6.28,142.5,7.99,3.197,0.0,3.197,1
2022-02-06 03:00:00,-2.38,1035.5,6.23,319.6,7.91,3.654,0.0,3.654,1
2022-02-06 04:00:00,-2.66,1035.78,5.62,179.6,6.94,3.648,0.0,3.648,1
2022-02-06 05:00:00,-2.75,1035.7,5.13,5.2,6.42,3.178,0.0,3.178,1
2022-02-06 06:00:00,-2.76,1035.62,3.94,41.4,6.35,2.443,0.0,2.443,1
2022-02-06 07:00:00,-3.13,1035.76,3.65,43.9,5.99,1.499,0.0,1.499,1
2022-02-06 08:00:00,-3.22,1035.71,2.8,45.2,4.72,0.829,0.0,0.829,1
2022-02-06 09:00:00,-3.16,1036.15,3.03,39.2,4.77,0.353,0.0,0.353,1
2022-02-06 10:00:00,-3.09,1036.88,2.45,40.2,4.1,0.316,0.0,0.316,1
2022-02-06 11:00:00,-2.98,1037.55,2.8,29.6,3.86,0.845,0.0,0.845,1
2022-02-06 12:00:00,-3.72,1037.89,2.88,264.8,3.72,1.669,0.0,1.669,1
2022-02-06 13:00:00,-2.82,1037.97,3.54,118.2,4.52,2.771,0.0,2.771,1
2022-02-06 14:00:00,-1.2,1037.8,2.64,73.0,4.63,3.563,0.0,3.563,1
2022-02-06 15:00:00,-1.09,1037.33,3.56,50.9,6.13,3.985,0.0,3.985,1
2022-02-06 16:00:00,-0.29,1036.85,2.82,58.6,5.22,4.09,0.0,4.09,1
2022-02-06 17:00:00,0.47,1035.93,2.83,48.2,4.71,3.728,0.0,3.728,1
2022-02-06 18:00:00,1.92,1034.76,2.29,49.0,3.95,2.861,0.0,2.861,1
2022-02-06 19:00:00,2.72,1034.25,2.24,78.0,3.66,1.93,0.0,1.93,1
2022-02-06 20:00:00,2.83,1034.07,2.63,81.4,3.97,1.163,0.0,1.163,1
2022-02-06 21:00:00,2.73,1033.61,2.92,72.8,4.82,0.736,0.0,0.736,1
2022-02-06 22:00:00,2.71,1033.28,2.66,70.9,4.64,0.611,0.0,0.611,1
2022-02-06 23:00:00,2.89,1033.18,3.44,77.5,5.54,0.828,0.0,0.828,1
2022-02-07 00:00:00,3.29,1032.75,3.04,78.3,4.82,1.477,0.0,1.477,1
2022-02-07 01:00:00,3.67,1032.45,2.62,73.6,3.9,2.509,0.0,2.509,1
2022-02-07 02:00:00,3.8,1031.92,2.01,67.0,3.78,3.303,0.0,3.303,1
2022-02-07 03:00:00,3.71,1031.4,2.09,64.5,3.77,3.983,0.0,3.983,1
2022-02-07 04:00:00,3.76,1030.95,2.59,38.7,4.4,4.224,0.0,4.224,1
2022-02-07 05:00:00,3.7,1030.54,2.78,31.2,3.94,4.142,0.0,4.142,1
2022-02-07 06:00:00,4.21,1029.86,2.16,42.2,3.65,3.648,0.0,3.648,1
2022-02-07 07:00:00,4.59,1029.0,1.6,42.9,2.59,2.95,0.0,2.95,1
2022-02-07 08:00:00,4.85,1028.1,2.09,41.2,3.43,2.003,0.0,2.003,1
2022-02-07 09:00:00,3.98,1027.64,3.18,25.4,4.38,1.374,0.0,1.374,1
2022-02-07 10:00:00,3.91,1027.09,3.83,19.3,4.87,0.929,0.0,0.929,1
2022-02-07 11:00:00,3.85,1026.86,4.05,23.4,5.49,1.029,0.0,1.029,1
2022-02-07 12:00:00,3.86,1026.61,4.19,15.2,5.17,1.581,0.0,1.581,1
2022-02-07 13:00:00,3.9,1026.29,4.33,15.7,5.27,2.322,0.0,2.322,1
2022-02-07 14:00:00,4.04,1025.9,4.15,18.5,5.4,3.093,0.0,3.093,1
2022-02-07 15:00:00,4.07,1025.21,4.62,14.1,5.85,3.617,0.0,3.617,1
2022-02-07 16:00:00,4.8,1024.27,3.55,18.3,4.84,3.948,0.0,3.948,1
2022-02-07 17:00:00,5.25,1023.23,4.0,213.6,4.78,3.922,0.0,3.922,1
2022-02-07 18:00:00,5.18,1022.28,3.34,185.5,4.05,3.409,0.0,3.409,1
2022-02-07 19:00:00,5.21,1021.54,4.42,250.3,5.24,2.764,0.0,2.764,1
2022-02-07 20:00:00,4.84,1021.24,4.46,144.6,5.37,1.964,0.0,1.964,1
2022-02-07 21:00:00,4.47,1020.74,4.3,6.6,5.2,1.524,0.0,1.524,1
2022-02-07 22:00:00,4.17,1019.59,6.01,7.3,7.33,1.155,0.0,1.155,1
2022-02-07 23:00:00,3.83,1019.34,4.85,8.2,6.03,1.016,0.0,1.016,1
2022-02-08 00:00:00,3.59,1018.43,4.8,13.5,6.45,1.308,0.0,1.308,1
2022-02-08 01:00:00,3.57,1017.22,6.45,6.2,8.08,2.01,0.0,2.01,1
2022-02-08 02:00:00,3.55,1016.34,6.57,6.9,8.44,2.787,0.0,2.787,1
2022-02-08 03:00:00,3.41,1015.77,5.48,40.6,6.79,3.816,0.0,3.816,1
2022-02-08 04:00:00,3.55,1015.14,5.3,212.4,6.46,4.495,0.0,4.495,1
2022-02-08 05:00:00,3.84,1015.16,4.41,317.3,5.26,4.597,0.0,4.597,1
2022-02-08 06:00:00,3.87,1014.4,4.79,339.2,5.92,4.451,0.0,4.451,1
2022-02-08 07:00:00,3.54,1014.11,5.6,324.9,7.18,3.958,0.0,3.958,1
2022-02-08 08:00:00,3.69,1014.63,5.25,324.7,6.82,3.086,0.0,3.086,1
2022-02-08 09:00:00,3.69,1015.16,4.44,326.7,5.83,2.589,0.0,2.589,1
2022-02-08 10:00:00,3.44,1015.94,4.67,320.7,6.13,1.872,0.0,1.872,1
2022-02-08 11:00:00,2.89,1017.19,4.46,319.4,5.96,1.463,0.0,1.463,1
2022-02-08 12:00:00,2.41,1017.79,2.79,310.9,3.76,1.477,0.0,1.477,1
2022-02-08 13:00:00,2.68,1018.28,3.88,308.1,5.05,2.042,0.0,2.042,1
2022-02-08 14:00:00,3.39,1018.61,5.19,325.1,6.59,2.427,0.0,2.427,1
2022-02-08 15:00:00,4.88,1018.53,3.51,324.9,4.55,2.871,0.0,2.871,1
2022-02-08 16:00:00,6.42,1018.2,4.64,319.2,5.97,3.344,0.0,3.344,1
2022-02-08 17:00:00,6.98,1017.82,4.65,306.9,6.1,3.623,0.0,3.623,1
2022-02-08 18:00:00,7.17,1017.29,4.49,301.1,6.45,3.556,0.0,3.556,1
2022-02-08 19:00:00,7.21,1017.04,4.56,308.7,6.14,3.004,0.0,3.004,1
2022-02-08 20:00:00,6.9,1017.31,3.25,300.7,4.52,2.365,0.0,2.365,1
2022-02-08 21:00:00,6.79,1017.72,2.47,293.8,3.21,1.68,0.0,1.68,1
2022-02-08 22:00:00,6.18,1018.42,2.92,273.2,3.68,1.092,0.0,1.092,1
2022-02-08 23:00:00,5.02,1019.35,2.57,274.3,3.28,0.689,0.0,0.689,1
2022-02-09 00:00:00,4.17,1020.33,2.42,298.1,3.1,0.581,0.0,0.581,1
2022-02-09 01:00:00,3.57,1021.0,2.4,317.4,3.06,0.897,0.0,0.897,1
2022-02-09 02:00:00,3.36,1021.45,2.02,309.3,2.48,1.513,0.0,1.513,1
2022-02-09 03:00:00,2.45,1021.21,1.49,342.3,1.89,2.282,0.0,2.282,1
2022-02-09 04:00:00,1.82,1021.15,0.37,139.6,0.61,2.904,0.0,2.904,1
2022-02-09 05:00:00,1.25,1021.26,0.42,269.3,0.6,3.294,0.0,3.294,1
2022-02-09 06:00:00,0.85,1020.9,0.2,92.5,0.39,3.533,0.0,3.533,1
2022-02-09 07:00:00,0.83,1020.99,0.08,74.8,0.21,3.166,0.0,3.166,1
2022-02-09 08:00:00,0.89,1021.0,0.89,35.5,1.17,2.655,0.0,2.655,1
2022-02-09 09:00:00,0.91,1020.66,1.19,39.7,1.62,2.186,0.0,2.186,1
2022-02-09 10:00:00,1.87,1020.82,1.19,91.5,1.78,1.476,0.0,1.476,1
2022-02-09 11:00:00,2.36,1021.22,1.33,141.8,1.77,1.046,0.0,1.046,1
2022-02-09 12:00:00,3.25,1021.29,1.41,127.5,1.87,0.824,0.0,0.824,1
2022-02-09 13:00:00,4.56,1021.59,1.83,134.8,2.61,0.909,0.0,0.909,1
2022-02-09 14:00:00,5.04,1021.67,1.92,157.1,2.84,1.326,0.0,1.326,1
2022-02-09 15:00:00,5.08,1021.53,2.11,189.6,2.95,1.643,0.0,1.643,1
2022-02-09 16:00:00,5.37,1020.77,1.34,191.1,1.94,2.133,0.0,2.133,1
2022-02-09 17:00:00,5.92,1019.74,1.3,191.8,1.75,2.607,0.0,2.607,1
2022-02-09 18:00:00,6.86,1018.62,1.62,190.9,2.13,2.744,0.0,2.744,1
2022-02-09 19:00:00,7.6,1017.83,2.25,193.8,3.1,2.677,0.0,2.677,1
2022-02-09 20:00:00,7.5,1017.13,1.63,190.5,2.33,2.464,0.0,2.464,1
2022-02-09 21:00:00,6.95,1016.73,1.7,197.7,2.01,2.071,0.0,2.071,1
2022-02-09 22:00:00,6.07,1016.43,1.68,200.6,1.96,1.493,0.0,1.493,1
2022-02-09 23:00:00,5.14,1016.46,1.05,202.1,1.36,1.06,0.0,1.06,1
2022-02-10 00:00:00,6.23,1016.41,2.89,165.0,4.45,0.811,0.0,0.811,1
2022-02-10 01:00:00,7.02,1016.02,3.62,153.0,5.19,0.819,0.0,0.819,1
2022-02-10 02:00:00,7.05,1016.05,2.68,151.9,3.85,1.227,0.0,1.227,1
2022-02-10 03:00:00,6.96,1015.62,1.81,140.2,2.72,1.94,0.0,1.94,1
2022-02-10 04:00:00,6.46,1015.21,0.23,221.5,0.43,2.7,0.0,2.7,1
2022-02-10 05:00:00,4.8,1014.62,0.07,192.0,0.2,3.25,0.0,3.25,1
2022-02-10 06:00:00,3.86,1014.28,0.15,199.5,0.25,3.759,0.0,3.759,1
2022-02-10 07:00:00,4.98,1013.96,2.45,251.3,2.9,3.811,0.0,3.811,1
2022-02-10 08:00:00,5.45,1013.35,2.93,245.2,3.67,3.574,0.0,3.574,1
2022-02-10 09:00:00,5.55,1013.15,3.6,239.2,4.47,3.205,0.0,3.205,1
2022-02-10 10:00:00,6.15,1013.77,4.1,266.6,5.29,2.544,0.0,2.544,1
2022-02-10 11:00:00,6.15,1014.46,5.38,284.3,7.0,1.949,0.0,1.949,1
2022-02-10 12:00:00,5.53,1015.18,4.87,289.0,6.24,1.395,0.0,1.395,1
2022-02-10 13:00:00,6.5,1015.75,5.02,295.1,6.39,1.114,0.0,1.114,1
2022-02-10 14:00:00,7.79,1016.0,3.17,279.6,4.2,1.07,0.0,1.07,1
2022-02-10 15:00:00,8.1,1016.14,4.06,223.1,4.8,1.179,0.0,1.179,1
2022-02-10 16:00:00,10.45,1015.65,4.87,250.1,6.6,1.595,0.0,1.595,1
2022-02-10 17:00:00,7.47,1014.55,4.95,199.6,6.66,2.176,0.0,2.176,1
2022-02-10 18:00:00,10.91,1013.46,6.98,240.1,9.54,2.421,0.0,2.421,1
2022-02-10 19:00:00,13.38,1013.03,8.22,263.2,10.53,2.613,0.0,2.613,1
2022-02-10 20:00:00,13.11,1013.16,7.17,258.3,9.45,2.779,0.0,2.779,1
2022-02-10 21:00:00,7.4,1013.62,4.17,203.0,5.42,2.58,0.0,2.58,1
2022-02-10 22:00:00,6.85,1014.23,5.8,219.3,6.92,2.166,0.0,2.166,1
2022-02-10 23:00:00,7.69,1015.06,3.55,221.7,4.19,1.576,0.0,1.576,1
2022-02-11 00:00:00,6.15,1015.39,2.51,203.6,2.83,1.169,0.0,1.169,1
2022-02-11 01:00:00,5.73,1015.4,2.57,222.5,2.81,0.996,0.0,0.996,1
2022-02-11 02:00:00,5.92,1015.39,2.92,222.9,3.45,1.128,0.0,1.128,1
2022-02-11 03:00:00,6.45,1015.36,2.52,236.4,3.07,1.578,0.0,1.578,1
2022-02-11 04:00:00,6.9,1015.55,2.16,120.3,2.83,2.277,0.0,2.277,1
2022-02-11 05:00:00,6.1,1015.56,0.72,120.7,1.1,2.951,0.0,2.951,1
2022-02-11 06:00:00,5.3,1015.62,0.77,266.7,1.24,3.613,0.0,3.613,1
2022-02-11 07:00:00,6.2,1015.81,1.38,215.3,1.74,4.022,0.0,4.022,1
2022-02-11 08:00:00,4.43,1016.16,1.08,51.6,1.23,4.09,0.0,4.09,1
2022-02-11 09:00:00,3.51,1017.05,1.0,41.6,1.22,3.898,0.0,3.898,1
2022-02-11 10:00:00,4.35,1017.73,1.41,91.2,1.91,3.398,0.0,3.398,1
2022-02-11 11:00:00,5.57,1018.15,1.71,80.0,2.73,2.721,0.0,2.721,1
2022-02-11 12:00:00,4.76,1018.81,0.26,195.9,0.8,2.056,0.0,2.056,1
2022-02-11 13:00:00,6.36,1019.46,1.21,175.3,1.63,1.687,0.0,1.687,1
2022-02-11 14:00:00,6.5,1019.71,1.1,203.1,1.68,1.407,0.0,1.407,1
2022-02-11 15:00:00,6.31,1019.76,2.11,203.2,2.54,1.156,0.0,1.156,1
2022-02-11 16:00:00,6.53,1019.19,2.33,192.8,3.23,1.279,0.0,1.279,1
2022-02-11 17:00:00,6.58,1018.14,2.43,190.7,3.4,1.717,0.0,1.717,1
2022-02-11 18:00:00,6.15,1017.12,2.65,203.8,3.22,2.2,0.0,2.2,1
2022-02-11 19:00:00,6.31,1016.55,4.93,215.8,5.63,2.653,0.0,2.653,1
2022-02-11 20:00:00,6.25,1016.35,5.6,207.9,6.54,2.929,0.0,2.929,1
2022-02-11 21:00:00,6.46,1016.01,5.71,218.3,6.57,2.952,0.0,2.952,1
2022-02-11 22:00:00,6.82,1016.12,6.58,221.8,7.76,2.759,0.0,2.759,1
2022-02-11 23:00:00,7.14,1016.57,6.59,218.2,7.56,2.189,0.0,2.189,1
2022-02-12 00:00:00,7.59,1016.86,7.78,213.6,9.16,1.67,0.0,1.67,1
2022-02-12 01:00:00,6.92,1017.05,6.02,215.5,7.04,1.15,0.0,1.15,1
2022-02-12 02:00:00,8.36,1016.95,5.84,228.6,7.04,0.904,0.0,0.904,1
2022-02-12 03:00:00,7.24,1016.9,4.52,218.3,5.5,1.104,0.0,1.104,1
2022-02-12 04:00:00,7.24,1016.68,5.03,215.0,6.0,1.557,0.0,1.557,1
2022-02-12 05:00:00,6.81,1016.52,4.86,213.7,6.01,2.267,0.0,2.267,1
2022-02-12 06:00:00,8.24,1016.41,7.17,223.0,8.5,2.962,0.0,2.962,1
2022-02-12 07:00:00,8.46,1016.23,7.53,227.3,9.23,3.533,0.0,3.533,1
2022-02-12 08:00:00,7.96,1015.97,6.39,226.2,7.58,3.969,0.0,3.969,1
2022-02-12 09:00:00,6.56,1015.87,5.19,219.9,5.9,3.948,0.0,3.948,1
2022-02-12 10:00:00,6.31,1015.89,4.7,212.6,5.47,3.562,0.0,3.562,1
2022-02-12 11:00:00,6.93,1016.04,4.9,222.8,5.89,3.011,0.0,3.011,1
2022-02-12 12:00:00,7.31,1016.24,5.1,223.6,6.09,2.27,0.0,2.27,1
2022-02-12 13:00:00,7.63,1016.67,6.04,220.4,7.14,1.602,0.0,1.602,1
2022-02-12 14:00:00,9.67,1017.19,4.56,231.1,5.58,0.989,0.0,0.989,1
2022-02-12 15:00:00,10.81,1017.16,4.72,234.6,6.18,0.52,0.0,0.52,1
2022-02-12 16:00:00,15.14,1017.23,4.86,288.1,6.54,0.525,0.0,0.525,1
2022-02-12 17:00:00,15.55,1016.64,4.39,300.5,6.01,0.81,0.0,0.81,1
2022-02-12 18:00:00,16.1,1016.35,4.26,302.4,5.85,1.333,0.0,1.333,1
2022-02-12 19:00:00,16.58,1016.39,4.16,319.3,5.8,1.953,0.0,1.953,1
2022-02-12 20:00:00,15.4,1016.7,2.68,284.8,3.57,2.33,0.0,2.33,1
2022-02-12 21:00:00,10.8,1017.38,0.96,118.4,1.69,2.724,0.0,2.724,1
2022-02-12 22:00:00,10.92,1018.3,2.66,91.1,4.04,2.719,0.0,2.719,1
2022-02-12 23:00:00,8.7,1019.25,2.07,119.0,3.04,2.398,0.0,2.398,1
2022-02-13 00:00:00,8.51,1019.83,2.31,110.6,3.12,1.747,0.0,1.747,1
2022-02-13 01:00:00,8.59,1019.93,1.35,42.9,1.83,1.108,0.0,1.108,1
2022-02-13 02:00:00,8.16,1019.76,1.84,22.8,2.32,0.636,0.0,0.636,1
2022-02-13 03:00:00,8.82,1019.58,2.82,27.8,4.08,0.607,0.0,0.607,1
2022-02-13 04:00:00,8.98,1019.3,3.53,25.1,5.14,0.821,0.0,0.821,1
2022-02-13 05:00:00,9.13,1018.87,3.98,28.8,5.76,1.321,0.0,1.321,1
2022-02-13 06:00:00,7.95,1019.12,5.01,37.3,7.42,2.158,0.0,2.158,1
2022-02-13 07:00:00,6.96,1019.35,5.32,37.6,8.19,3.081,0.0,3.081,1
2022-02-13 08:00:00,6.12,1019.32,6.94,31.0,10.42,3.851,0.0,3.851,1
2022-02-13 09:00:00,5.09,1019.95,6.97,28.2,10.79,4.134,0.0,4.134,1
2022-02-13 10:00:00,4.49,1020.52,7.57,29.3,11.57,4.101,0.0,4.101,1
2022-02-13 11:00:00,4.14,1020.3,6.68,34.5,9.89,3.801,0.0,3.801,1
2022-02-13 12:00:00,3.96,1021.0,5.73,38.3,9.32,3.427,0.0,3.427,1
2022-02-13 13:00:00,3.92,1021.63,4.74,37.7,7.81,2.791,0.0,2.791,1
2022-02-13 14:00:00,4.15,1021.22,4.71,36.0,7.24,2.058,0.0,2.058,1
2022-02-13 15:00:00,4.19,1020.97,5.13,35.6,7.68,1.412,0.0,1.412,1
2022-02-13 16:00:00,4.03,1020.25,5.04,34.4,7.7,1.019,0.0,1.019,1
2022-02-13 17:00:00,4.06,1019.18,5.18,33.9,7.5,1.203,0.0,1.203,1
2022-02-13 18:00:00,3.83,1018.01,5.68,33.8,8.52,1.514,0.0,1.514,1
2022-02-13 19:00:00,3.4,1017.34,6.71,15.3,8.42,2.069,0.0,2.069,1
2022-02-13 20:00:00,3.02,1017.23,6.41,43.4,7.93,2.717,0.0,2.717,1
2022-02-13 21:00:00,2.43,1017.06,6.38,41.0,7.83,3.276,0.0,3.276,1
2022-02-13 22:00:00,1.64,1017.49,6.04,315.8,7.7,3.539,0.0,3.539,1
2022-02-13 23:00:00,1.1,1017.57,6.48,314.1,8.11,3.481,0.0,3.481,1
2022-02-14 00:00:00,0.53,1018.11,5.76,340.9,7.24,3.007,0.0,3.007,1
2022-02-14 01:00:00,0.19,1018.36,5.15,337.8,6.83,2.249,0.0,2.249,1
2022-02-14 02:00:00,0.05,1018.61,5.63,334.9,7.14,1.673,0.0,1.673,1
2022-02-14 03:00:00,0.17,1018.7,6.32,339.0,8.39,1.198,0.0,1.198,1
2022-02-14 04:00:00,0.34,1018.53,6.36,343.3,8.3,0.983,0.0,0.983,1
2022-02-14 05:00:00,0.16,1018.32,6.17,311.8,7.97,1.22,0.0,1.22,1
2022-02-14 06:00:00,-0.38,1018.6,4.82,337.4,6.12,1.902,0.0,1.902,1
2022-02-14 07:00:00,-1.18,1018.97,4.8,332.9,6.02,2.895,0.0,2.895,1
2022-02-14 08:00:00,-1.42,1019.23,4.55,341.7,5.91,3.82,0.0,3.82,1
2022-02-14 09:00:00,-2.19,1019.6,3.26,326.6,4.12,4.331,0.0,4.331,1
2022-02-14 10:00:00,-2.93,1020.32,3.24,325.3,4.09,4.579,0.0,4.579,1
2022-02-14 11:00:00,-3.4,1021.23,3.58,322.8,4.38,4.515,0.0,4.515,1
2022-02-14 12:00:00,-3.59,1022.25,4.11,332.6,5.07,4.134,0.0,4.134,1
2022-02-14 13:00:00,-3.55,1023.59,6.69,173.8,8.55,3.222,0.0,3.222,1
2022-02-14 14:00:00,-3.8,1024.54,6.38,112.7,7.96,2.211,0.0,2.211,1
2022-02-14 15:00:00,-3.96,1025.48,5.38,178.5,6.87,1.14,0.0,1.14,1
2022-02-14 16:00:00,-3.35,1025.59,5.71,311.2,7.7,0.498,0.0,0.498,1
2022-02-14 17:00:00,-2.55,1024.81,6.37,333.0,8.45,0.274,0.0,0.274,1
2022-02-14 18:00:00,-1.84,1024.34,7.14,320.1,9.57,0.438,0.0,0.438,1
2022-02-14 19:00:00,-1.33,1024.47,7.1,327.9,9.36,0.936,0.0,0.936,1
2022-02-14 20:00:00,-1.28,1025.02,7.18,333.5,9.55,1.744,0.0,1.744,1
2022-02-14 21:00:00,-1.28,1026.32,6.18,318.9,8.4,2.442,0.0,2.442,1
2022-02-14 22:00:00,-1.58,1027.81,5.34,320.0,6.96,2.795,0.0,2.795,1
2022-02-14 23:00:00,-2.02,1029.12,3.28,313.9,4.39,2.933,0.0,2.933,1
2022-02-15 00:00:00,-2.34,1030.01,1.65,306.8,2.2,2.501,0.0,2.501,1
2022-02-15 01:00:00,-2.55,1030.67,1.34,328.8,1.76,1.833,0.0,1.833,1
2022-02-15 02:00:00,-2.48,1031.43,1.6,341.0,1.94,1.095,0.0,1.095,1
2022-02-15 03:00:00,-2.21,1031.96,3.11,105.7,3.86,0.409,0.0,0.409,1
2022-02-15 04:00:00,-3.38,1032.58,2.34,297.4,2.94,0.061,0.0,0.061,1
2022-02-15 05:00:00,-3.94,1033.54,2.57,302.8,3.11,-0.154,0.0,-0.154,1
2022-02-15 06:00:00,-4.14,1034.09,2.86,326.5,3.69,0.279,0.0,0.279,1
2022-02-15 07:00:00,-4.41,1034.62,2.6,322.2,3.26,1.228,0.0,1.228,1
2022-02-15 08:00:00,-4.87,1035.17,2.46,317.3,3.13,2.324,0.0,2.324,1
2022-02-15 09:00:00,-4.76,1036.04,2.53,322.4,3.2,3.232,0.0,3.232,1
2022-02-15 10:00:00,-4.35,1036.32,3.06,345.3,3.93,3.802,0.0,3.802,1
2022-02-15 11:00:00,-3.7,1037.12,3.87,177.0,4.79,3.986,0.0,3.986,1
2022-02-15 12:00:00,-3.36,1038.2,4.14,75.8,5.14,3.816,0.0,3.816,1
2022-02-15 13:00:00,-2.78,1039.41,5.6,16.2,7.24,3.346,0.0,3.346,1
2022-02-15 14:00:00,-2.32,1040.11,5.77,20.7,7.93,2.3,0.0,2.3,1
2022-02-15 15:00:00,-1.87,1040.77,4.27,22.6,5.86,1.082,0.0,1.082,1
2022-02-15 16:00:00,-1.27,1041.0,2.75,35.9,4.18,0.314,0.0,0.314,1
2022-02-15 17:00:00,-0.85,1040.45,3.73,77.0,5.18,-0.036,0.0,-0.036,1
2022-02-15 18:00:00,-0.91,1040.18,3.56,101.0,5.18,-0.139,0.0,-0.139,1
2022-02-15 19:00:00,-0.68,1040.09,2.74,122.4,3.87,0.271,0.0,0.271,1
2022-02-15 20:00:00,-0.5,1040.12,2.56,143.3,3.87,1.168,0.0,1.168,1
2022-02-15 21:00:00,-0.32,1040.34,2.45,160.6,3.66,2.11,0.0,2.11,1
2022-02-15 22:00:00,-0.76,1040.71,2.81,165.9,4.03,2.75,0.0,2.75,1
2022-02-15 23:00:00,-0.69,1041.27,2.83,173.3,4.11,3.166,0.0,3.166,1
2022-02-16 00:00:00,-0.41,1041.44,2.48,169.5,3.62,3.163,0.0,3.163,1
2022-02-16 01:00:00,-0.01,1041.76,3.01,183.0,4.08,2.635,0.0,2.635,1
2022-02-16 02:00:00,0.16,1042.17,2.35,167.1,3.18,1.692,0.0,1.692,1
2022-02-16 03:00:00,0.52,1042.32,2.86,162.0,4.17,0.742,0.0,0.742,1
2022-02-16 04:00:00,0.9,1042.2,3.36,159.1,4.82,0.031,0.0,0.031,1
2022-02-16 05:00:00,1.31,1042.08,3.25,166.8,4.74,-0.26,0.0,-0.26,1
2022-02-16 06:00:00,1.75,1041.98,3.85,172.4,5.49,-0.179,0.0,-0.179,1
2022-02-16 07:00:00,2.06,1041.58,4.26,166.7,6.0,0.552,0.0,0.552,1
2022-02-16 08:00:00,2.42,1040.98,4.72,160.8,6.49,1.643,0.0,1.643,1
2022-02-16 09:00:00,2.75,1040.71,4.23,157.6,6.18,2.695,0.0,2.695,1
2022-02-16 10:00:00,3.17,1040.6,4.14,162.1,6.15,3.436,0.0,3.436,1
2022-02-16 11:00:00,3.45,1040.86,3.06,165.5,4.38,4.062,0.0,4.062,1
2022-02-16 12:00:00,4.11,1040.97,3.14,158.3,4.61,4.168,0.0,4.168,1
2022-02-16 13:00:00,4.92,1041.15,2.91,161.3,4.38,3.785,0.0,3.785,1
2022-02-16 14:00:00,5.46,1041.15,2.55,173.6,3.67,2.915,0.0,2.915,1
2022-02-16 15:00:00,5.66,1040.83,2.06,182.5,2.96,1.73,0.0,1.73,1
2022-02-16 16:00:00,5.8,1040.29,2.5,213.8,3.05,0.657,0.0,0.657,1
2022-02-16 17:00:00,6.11,1039.05,3.23,212.4,3.89,-0.088,0.0,-0.088,1
2022-02-16 18:00:00,6.88,1037.56,3.33,207.9,4.16,-0.414,0.0,-0.414,1
2022-02-16 19:00:00,7.26,1036.38,3.47,212.2,4.09,-0.131,0.0,-0.131,1
2022-02-16 20:00:00,7.37,1035.53,3.38,210.3,3.94,0.662,0.0,0.662,1
2022-02-16 21:00:00,6.93,1034.89,3.38,208.6,4.27,1.775,0.0,1.775,1
2022-02-16 22:00:00,5.85,1034.61,3.09,200.9,4.04,2.795,0.0,2.795,1
2022-02-16 23:00:00,5.2,1034.57,3.17,214.8,3.61,3.345,0.0,3.345,1
2022-02-17 00:00:00,5.15,1034.13,3.53,214.2,4.02,3.51,0.0,3.51,1
2022-02-17 01:00:00,5.84,1033.9,4.13,221.7,4.86,3.222,0.0,3.222,1
2022-02-17 02:00:00,6.08,1033.33,4.56,221.6,5.33,2.535,0.0,2.535,1
2022-02-17 03:00:00,6.54,1032.9,4.96,227.5,5.98,1.756,0.0,1.756,1
2022-02-17 04:00:00,7.13,1032.79,5.56,228.8,6.69,0.803,0.0,0.803,1
2022-02-17 05:00:00,6.59,1032.5,4.44,225.3,5.32,0.031,0.0,0.031,1
2022-02-17 06:00:00,7.27,1032.08,5.21,225.6,6.02,-0.344,0.0,-0.344,1
2022-02-17 07:00:00,6.37,1031.3,3.75,214.3,4.6,-0.061,0.0,-0.061,1
2022-02-17 08:00:00,5.82,1030.41,3.9,214.6,4.58,0.8,0.0,0.8,1
2022-02-17 09:00:00,6.32,1029.74,4.32,209.1,5.02,2.004,0.0,2.004,1
2022-02-17 10:00:00,6.28,1029.22,4.0,214.1,4.75,3.056,0.0,3.056,1
2022-02-17 11:00:00,5.94,1028.76,3.78,217.7,4.45,3.882,0.0,3.882,1
2022-02-17 12:00:00,6.76,1028.36,4.1,221.4,5.09,4.231,0.0,4.231,1
2022-02-17 13:00:00,7.96,1028.08,5.44,225.6,6.7,4.116,0.0,4.116,1
2022-02-17 14:00:00,7.69,1027.59,5.94,216.5,7.02,3.441,0.0,3.441,1
2022-02-17 15:00:00,9.12,1027.1,6.7,213.7,7.97,2.353,0.0,2.353,1
2022-02-17 16:00:00,6.69,1025.86,5.29,211.8,6.2,1.206,0.0,1.206,1
2022-02-17 17:00:00,6.66,1024.31,4.85,204.6,6.08,0.242,0.0,0.242,1
2022-02-17 18:00:00,7.68,1022.78,7.05,216.0,8.31,-0.322,0.0,-0.322,1
2022-02-17 19:00:00,7.92,1021.0,5.16,208.7,6.36,-0.395,0.0,-0.395,1
2022-02-17 20:00:00,7.52,1019.56,2.94,205.0,4.09,0.03,0.0,0.03,1
2022-02-17 21:00:00,8.04,1018.12,7.61,219.8,9.18,0.954,0.0,0.954,1
2022-02-17 22:00:00,8.14,1017.23,7.08,222.8,8.38,2.041,0.0,2.041,1
2022-02-17 23:00:00,6.77,1016.2,6.77,214.6,7.83,2.924,0.0,2.924,1
2022-02-18 00:00:00,7.25,1014.62,8.39,217.5,9.66,3.452,0.0,3.452,1
2022-02-18 01:00:00,7.45,1012.9,8.43,218.6,9.8,3.531,0.0,3.531,1
2022-02-18 02:00:00,8.59,1012.38,10.19,218.6,11.89,3.157,0.0,3.157,1
2022-02-18 03:00:00,10.75,1011.85,9.37,233.0,11.5,2.342,0.0,2.342,1
2022-02-18 04:00:00,10.53,1011.14,8.75,232.7,11.0,1.26,0.0,1.26,1
2022-02-18 05:00:00,9.02,1009.82,10.82,212.6,13.13,0.135,0.0,0.135,1
2022-02-18 06:00:00,8.31,1008.27,9.68,218.6,11.6,-0.58,0.0,-0.58,1
2022-02-18 07:00:00,9.64,1006.4,11.84,219.1,14.12,-0.5,0.0,-0.5,1
2022-02-18 08:00:00,9.94,1004.43,12.39,220.1,14.92,0.007,0.0,0.007,1
2022-02-18 09:00:00,9.76,1002.66,12.52,219.4,14.8,1.05,0.0,1.05,1
2022-02-18 10:00:00,12.16,1002.5,11.7,231.7,14.71,1.804,0.0,1.804,1
2022-02-18 11:00:00,12.3,1002.51,11.95,234.1,15.58,2.734,0.0,2.734,1
2022-02-18 12:00:00,11.7,1003.61,9.38,229.3,11.73,3.284,0.0,3.284,1
2022-02-18 13:00:00,12.07,1005.32,6.91,260.3,8.51,2.989,0.0,2.989,1
2022-02-18 14:00:00,12.07,1008.26,9.15,337.1,12.27,2.545,0.0,2.545,1
2022-02-18 15:00:00,9.47,1010.35,12.06,336.5,15.53,1.812,0.0,1.812,1
2022-02-18 16:00:00,8.44,1011.77,11.86,334.1,15.92,0.661,0.0,0.661,1
2022-02-18 17:00:00,7.79,1012.03,11.71,331.2,15.58,-0.288,0.0,-0.288,1
2022-02-18 18:00:00,7.62,1012.54,10.77,331.8,14.75,-1.202,0.0,-1.202,1
2022-02-18 19:00:00,7.29,1013.23,10.12,331.5,13.81,-1.35,0.0,-1.35,1
2022-02-18 20:00:00,7.12,1014.49,8.68,323.0,11.74,-0.837,0.0,-0.837,2
2022-02-18 21:00:00,6.84,1015.33,7.46,326.5,9.92,-0.249,0.0,-0.249,2
2022-02-18 22:00:00,5.66,1016.55,7.52,324.9,9.94,0.865,0.0,0.865,2
2022-02-18 23:00:00,4.73,1018.45,5.6,332.9,7.69,2.102,0.0,2.102,2
2022-02-19 00:00:00,3.91,1020.01,5.51,336.1,7.08,2.817,0.0,2.817,2
2022-02-19 01:00:00,3.25,1020.77,4.73,338.0,6.16,3.063,0.0,3.063,2
2022-02-19 02:00:00,2.64,1021.44,3.77,340.5,5.17,3.009,0.0,3.009,2
2022-02-19 03:00:00,2.11,1021.93,3.43,337.4,4.32,2.524,0.0,2.524,2
2022-02-19 04:00:00,1.47,1021.89,3.17,334.5,3.89,1.66,0.0,1.66,2
2022-02-19 05:00:00,1.18,1021.69,2.68,338.2,3.3,0.714,0.0,0.714,2
2022-02-19 06:00:00,0.56,1021.46,2.39,333.2,2.97,-0.164,0.0,-0.164,2
2022-02-19 07:00:00,0.51,1021.05,2.87,345.6,3.65,-0.613,0.0,-0.613,2
2022-02-19 08:00:00,-0.44,1020.84,1.86,318.8,2.39,-0.699,0.0,-0.699,2
2022-02-19 09:00:00,-0.83,1020.81,1.2,306.7,1.61,0.101,0.0,0.101,2
2022-02-19 10:00:00,-1.23,1020.85,1.67,302.3,2.09,1.22,0.0,1.22,2
2022-02-19 11:00:00,-1.36,1020.82,1.74,284.3,2.11,2.406,0.0,2.406,2
2022-02-19 12:00:00,-1.34,1021.02,2.19,274.2,2.63,3.518,0.0,3.518,2
2022-02-19 13:00:00,0.42,1021.26,2.99,253.3,3.65,4.15,0.0,4.15,2
2022-02-19 14:00:00,1.66,1020.56,5.08,249.5,6.4,4.186,0.0,4.186,2
2022-02-19 15:00:00,2.76,1019.38,6.53,227.2,7.85,3.404,0.0,3.404,2
2022-02-19 16:00:00,4.93,1017.92,7.03,235.6,8.97,2.341,0.0,2.341,2
2022-02-19 17:00:00,4.99,1015.72,9.5,215.5,11.53,1.352,0.0,1.352,2
2022-02-19 18:00:00,6.26,1014.63,9.05,232.9,11.15,0.319,0.0,0.319,2
2022-02-19 19:00:00,8.44,1014.45,8.09,273.7,11.09,-0.377,0.0,-0.377,2
2022-02-19 20:00:00,8.96,1014.94,8.11,302.6,11.9,-0.625,0.0,-0.625,2
2022-02-19 21:00:00,7.79,1016.78,10.08,329.2,14.05,-0.564,0.0,-0.564,2
2022-02-19 22:00:00,5.61,1019.26,10.33,332.5,14.21,0.118,0.0,0.118,2
2022-02-19 23:00:00,4.29,1021.72,10.22,327.1,14.33,1.083,0.0,1.083,2
2022-02-20 00:00:00,2.91,1024.08,10.83,334.9,14.38,1.483,0.0,1.483,2
2022-02-20 01:00:00,1.04,1025.91,11.2,337.5,15.16,2.347,0.0,2.347,2
2022-02-20 02:00:00,-0.09,1027.95,8.86,340.3,11.88,2.97,0.0,2.97,2
2022-02-20 03:00:00,-0.92,1029.68,8.37,347.3,11.55,2.95,0.0,2.95,2
2022-02-20 04:00:00,-1.51,1030.57,7.37,341.4,9.9,2.76,0.0,2.76,2
2022-02-20 05:00:00,-2.0,1031.44,5.77,340.9,7.46,1.525,0.0,1.525,2
2022-02-20 06:00:00,-2.48,1032.27,5.05,343.9,6.74,0.584,0.0,0.584,2
2022-02-20 07:00:00,-2.95,1032.86,5.39,346.3,7.13,-0.353,0.0,-0.353,2
2022-02-20 08:00:00,-3.26,1032.87,5.41,210.7,7.0,-0.565,0.0,-0.565,2
2022-02-20 09:00:00,-3.68,1033.29,4.62,208.8,6.14,-0.453,0.0,-0.453,2
2022-02-20 10:00:00,-3.76,1033.51,5.0,344.8,6.52,-0.042,0.0,-0.042,2
2022-02-20 11:00:00,-4.41,1034.05,3.54,325.8,4.59,1.364,0.0,1.364,2
2022-02-20 12:00:00,-4.09,1035.13,3.52,330.5,4.48,2.635,0.0,2.635,2
2022-02-20 13:00:00,-3.33,1035.88,3.78,281.5,4.83,3.423,0.0,3.423,2
2022-02-20 14:00:00,-2.78,1035.61,2.74,25.2,3.86,3.515,0.0,3.515,2
2022-02-20 15:00:00,-1.99,1035.54,1.88,78.0,2.99,3.176,0.0,3.176,2
2022-02-20 16:00:00,-1.42,1035.67,2.12,123.8,2.93,2.501,0.0,2.501,2
2022-02-20 17:00:00,-0.81,1035.38,2.14,154.9,3.14,1.66,0.0,1.66,2
2022-02-20 18:00:00,0.09,1034.29,3.28,181.3,4.62,0.502,0.0,0.502,2
2022-02-20 19:00:00,0.8,1033.55,4.45,184.5,6.17,-0.523,0.0,-0.523,2
2022-02-20 20:00:00,1.4,1032.77,5.73,193.1,7.93,-0.732,0.0,-0.732,2
2022-02-20 21:00:00,1.84,1032.21,6.85,201.8,8.95,-0.515,0.0,-0.515,2
2022-02-20 22:00:00,2.18,1031.5,7.78,208.8,9.77,0.136,0.0,0.136,2
2022-02-20 23:00:00,2.52,1031.67,7.28,210.2,8.89,1.084,0.0,1.084,2
2022-02-21 00:00:00,3.06,1031.69,7.41,208.4,8.88,2.038,0.0,2.038,2
2022-02-21 01:00:00,3.5,1031.32,7.51,214.1,9.05,2.911,0.0,2.911,2
2022-02-21 02:00:00,3.23,1031.3,6.03,225.9,7.39,3.463,0.0,3.463,2
2022-02-21 03:00:00,3.17,1031.04,5.87,228.1,6.87,3.646,0.0,3.646,2
2022-02-21 04:00:00,3.55,1030.65,5.54,230.9,6.83,3.394,0.0,3.394,2
2022-02-21 05:00:00,3.61,1030.33,5.23,229.7,6.48,2.618,0.0,2.618,2
2022-02-21 06:00:00,3.49,1030.11,4.48,228.0,5.28,1.57,0.0,1.57,2
2022-02-21 07:00:00,3.24,1029.64,4.22,225.6,4.98,0.55,0.0,0.55,2
2022-02-21 08:00:00,3.4,1029.27,3.91,221.5,4.57,-0.081,0.0,-0.081,2
2022-02-21 09:00:00,3.37,1029.31,3.99,233.5,4.88,-0.34,0.0,-0.34,2
2022-02-21 10:00:00,3.44,1029.48,3.96,227.3,4.64,-0.055,0.0,-0.055,2
2022-02-21 11:00:00,3.58,1029.76,3.65,223.7,4.36,0.689,0.0,0.689,2
2022-02-21 12:00:00,4.28,1030.07,3.95,218.0,4.59,1.684,0.0,1.684,2
2022-02-21 13:00:00,5.27,1030.64,5.5,225.3,6.61,2.676,0.0,2.676,2
2022-02-21 14:00:00,5.69,1030.61,6.63,218.9,7.47,3.322,0.0,3.322,2
2022-02-21 15:00:00,6.63,1030.28,6.31,216.9,7.08,3.409,0.0,3.409,2
2022-02-21 16:00:00,6.24,1029.82,4.77,202.7,6.03,2.989,0.0,2.989,2
2022-02-21 17:00:00,6.38,1028.99,5.99,202.1,7.41,2.286,0.0,2.286,2
2022-02-21 18:00:00,6.71,1028.24,5.2,202.5,6.55,1.292,0.0,1.292,2
2022-02-21 19:00:00,6.93,1027.95,5.03,209.7,5.99,0.378,0.0,0.378,2
2022-02-21 20:00:00,7.21,1027.91,5.36,216.9,6.48,-0.307,0.0,-0.307,2
2022-02-21 21:00:00,6.97,1027.73,4.68,213.2,5.59,-0.524,0.0,-0.524,2
2022-02-21 22:00:00,6.62,1028.14,4.18,217.6,5.0,-0.268,0.0,-0.268,2
2022-02-21 23:00:00,6.89,1028.58,3.23,225.1,3.82,0.344,0.0,0.344,2
2022-02-22 00:00:00,7.55,1028.79,3.61,225.2,4.23,1.199,0.0,1.199,2
2022-02-22 01:00:00,8.17,1028.91,3.96,220.9,4.54,2.164,0.0,2.164,2
2022-02-22 02:00:00,7.41,1029.22,3.34,213.5,3.81,2.981,0.0,2.981,2
2022-02-22 03:00:00,6.72,1029.16,3.0,201.7,3.59,3.573,0.0,3.573,2
2022-02-22 04:00:00,6.57,1029.2,2.72,194.0,3.32,3.745,0.0,3.745,2
2022-02-22 05:00:00,6.2,1028.98,2.88,188.4,3.61,3.328,0.0,3.328,2
2022-02-22 06:00:00,5.9,1028.53,2.8,207.9,3.35,2.637,0.0,2.637,2
2022-02-22 07:00:00,6.3,1028.1,3.58,204.4,4.1,1.699,0.0,1.699,2
2022-02-22 08:00:00,6.75,1027.82,4.09,206.4,4.51,0.765,0.0,0.765,2
2022-02-22 09:00:00,7.39,1028.02,4.51,216.5,5.2,0.157,0.0,0.157,2
2022-02-22 10:00:00,7.99,1028.1,4.81,221.7,5.74,-0.029,0.0,-0.029,2
2022-02-22 11:00:00,7.1,1028.08,4.41,215.8,5.15,0.437,0.0,0.437,2
2022-02-22 12:00:00,7.32,1028.43,4.7,216.6,5.35,1.187,0.0,1.187,2
2022-02-22 13:00:00,7.57,1028.73,4.76,213.0,5.65,2.182,0.0,2.182,2
2022-02-22 14:00:00,8.02,1028.57,4.71,204.2,5.95,3.0,0.0,3.0,2
2022-02-22 15:00:00,8.99,1028.05,6.84,217.2,7.92,3.341,0.0,3.341,2
2022-02-22 16:00:00,9.16,1027.56,6.28,217.2,7.19,3.505,0.0,3.505,2
2022-02-22 17:00:00,9.23,1026.46,7.29,214.6,8.42,3.307,0.0,3.307,2
2022-02-22 18:00:00,9.02,1025.02,8.08,214.8,9.33,2.659,0.0,2.659,2
2022-02-22 19:00:00,9.14,1024.2,8.29,213.4,9.68,1.83,0.0,1.83,2
2022-02-22 20:00:00,8.96,1023.86,6.46,211.1,7.77,1.13,0.0,1.13,2
2022-02-22 21:00:00,9.23,1023.21,6.29,223.1,7.6,0.656,0.0,0.656,2
2022-02-22 22:00:00,9.42,1023.25,8.49,209.1,10.4,0.511,0.0,0.511,2
2022-02-22 23:00:00,8.87,1022.51,6.86,223.8,8.32,0.727,0.0,0.727,2
2022-02-23 00:00:00,9.91,1022.5,9.66,223.1,11.47,1.276,0.0,1.276,2
2022-02-23 01:00:00,9.35,1022.29,9.7,218.2,11.33,2.192,0.0,2.192,2
2022-02-23 02:00:00,10.05,1021.56,9.08,226.0,11.11,3.17,0.0,3.17,2
2022-02-23 03:00:00,11.1,1020.81,9.18,233.7,11.83,3.829,0.0,3.829,2
2022-02-23 04:00:00,12.62,1020.64,10.36,229.2,12.87,4.084,0.0,4.084,2
2022-02-23 05:00:00,10.66,1020.27,8.44,221.1,10.43,4.033,0.0,4.033,2
2022-02-23 06:00:00,11.44,1019.53,9.06,225.9,11.31,3.475,0.0,3.475,2
2022-02-23 07:00:00,11.1,1018.56,9.39,223.8,11.5,2.615,0.0,2.615,2
2022-02-23 08:00:00,13.99,1018.01,9.24,235.4,11.74,1.74,0.0,1.74,2
2022-02-23 09:00:00,12.78,1017.97,8.98,231.4,11.06,0.875,0.0,0.875,2
2022-02-23 10:00:00,12.81,1018.58,6.01,230.4,7.09,0.322,0.0,0.322,2
2022-02-23 11:00:00,13.86,1019.28,6.03,247.4,7.7,0.222,0.0,0.222,2
2022-02-23 12:00:00,15.36,1019.75,8.26,249.1,10.7,0.467,0.0,0.467,2
2022-02-23 13:00:00,14.94,1020.34,7.65,250.2,9.85,1.154,0.0,1.154,2
2022-02-23 14:00:00,14.58,1020.0,7.85,251.0,10.09,1.96,0.0,1.96,2
2022-02-23 15:00:00,15.42,1019.7,7.54,248.6,9.71,2.635,0.0,2.635,2
2022-02-23 16:00:00,15.76,1019.6,7.01,259.3,8.96,2.988,0.0,2.988,2
2022-02-23 17:00:00,16.55,1019.07,8.1,264.6,10.6,3.239,0.0,3.239,2
2022-02-23 18:00:00,17.17,1018.59,6.64,265.9,8.55,2.897,0.0,2.897,2
2022-02-23 19:00:00,17.7,1017.94,5.76,265.0,7.71,2.238,0.0,2.238,2
2022-02-23 20:00:00,15.72,1018.03,4.09,236.2,5.67,1.446,0.0,1.446,2
2022-02-23 21:00:00,17.27,1018.76,4.7,246.8,5.85,0.816,0.0,0.816,2
2022-02-23 22:00:00,16.75,1019.11,4.14,252.4,5.01,0.39,0.0,0.39,2
2022-02-23 23:00:00,16.07,1019.64,2.89,275.9,3.52,0.146,0.0,0.146,2
2022-02-24 00:00:00,16.06,1020.78,2.89,298.9,3.8,0.291,0.0,0.291,2
2022-02-24 01:00:00,15.75,1021.94,3.41,313.7,4.72,0.803,0.0,0.803,2
2022-02-24 02:00:00,12.63,1023.5,5.79,25.7,8.53,1.72,0.0,1.72,2
2022-02-24 03:00:00,10.95,1024.32,6.1,85.7,8.12,2.609,0.0,2.609,2
2022-02-24 04:00:00,9.87,1024.97,7.65,248.1,9.86,3.245,0.0,3.245,2
2022-02-24 05:00:00,8.03,1026.2,7.43,73.1,9.4,3.629,0.0,3.629,2
2022-02-24 06:00:00,7.09,1026.73,6.67,43.3,8.55,3.556,0.0,3.556,2
2022-02-24 07:00:00,6.35,1026.68,6.98,74.8,8.74,3.294,0.0,3.294,2
2022-02-24 08:00:00,5.79,1027.01,6.62,7.3,8.2,2.589,0.0,2.589,2
2022-02-24 09:00:00,5.58,1027.5,5.16,20.9,7.47,1.601,0.0,1.601,2
2022-02-24 10:00:00,5.2,1028.02,3.95,41.3,6.86,0.929,0.0,0.929,2
2022-02-24 11:00:00,4.49,1028.35,3.54,47.5,6.91,0.351,0.0,0.351,2
2022-02-24 12:00:00,3.87,1030.31,5.0,31.5,8.18,0.012,0.0,0.012,2
2022-02-24 13:00:00,3.59,1031.32,3.86,37.4,7.24,0.203,0.0,0.203,2
2022-02-24 14:00:00,3.47,1031.54,3.18,61.0,5.94,1.079,0.0,1.079,2
2022-02-24 15:00:00,3.53,1031.55,3.81,64.0,6.15,1.786,0.0,1.786,2
2022-02-24 16:00:00,3.74,1031.24,3.21,62.0,6.15,2.437,0.0,2.437,2
2022-02-24 17:00:00,4.06,1030.83,3.98,66.7,6.93,2.964,0.0,2.964,2
2022-02-24 18:00:00,3.76,1030.19,3.74,54.1,6.93,3.088,0.0,3.088,2
2022-02-24 19:00:00,3.21,1030.18,4.5,56.2,7.87,2.703,0.0,2.703,2
2022-02-24 20:00:00,2.71,1030.06,4.55,59.6,9.06,2.069,0.0,2.069,2
2022-02-24 21:00:00,2.7,1029.76,4.92,70.0,8.81,1.593,0.0,1.593,2
2022-02-24 22:00:00,2.85,1029.6,5.09,71.5,9.08,1.076,0.0,1.076,2
2022-02-24 23:00:00,3.32,1029.1,4.81,72.3,8.0,0.721,0.0,0.721,2
2022-02-25 00:00:00,4.08,1029.31,4.21,73.8,6.71,0.442,0.0,0.442,2
2022-02-25 01:00:00,4.3,1028.55,3.85,72.4,6.89,0.695,0.0,0.695,2
2022-02-25 02:00:00,4.55,1028.66,3.0,54.9,5.58,1.196,0.0,1.196,2
2022-02-25 03:00:00,4.57,1027.92,3.31,49.2,5.98,2.123,0.0,2.123,2
2022-02-25 04:00:00,4.48,1026.78,2.84,62.3,5.66,3.285,0.0,3.285,2
2022-02-25 05:00:00,4.79,1025.7,3.21,51.6,5.81,4.049,0.0,4.049,2
2022-02-25 06:00:00,5.08,1025.5,4.32,29.7,6.14,4.764,0.0,4.764,2
2022-02-25 07:00:00,4.87,1024.05,3.87,33.7,5.72,5.029,0.0,5.029,2
2022-02-25 08:00:00,4.78,1022.28,3.55,32.4,5.37,4.58,0.0,4.58,2
2022-02-25 09:00:00,5.16,1020.76,3.22,34.2,4.76,3.816,0.0,3.816,2
2022-02-25 10:00:00,5.21,1019.48,2.2,56.6,3.05,2.936,0.0,2.936,2
2022-02-25 11:00:00,5.33,1018.39,1.36,237.6,1.81,2.132,0.0,2.132,2
2022-02-25 12:00:00,5.24,1018.33,2.59,258.9,3.19,1.713,0.0,1.713,2
2022-02-25 13:00:00,5.13,1017.75,5.09,246.3,6.37,1.412,0.0,1.412,2
2022-02-25 14:00:00,5.05,1017.78,6.35,262.9,8.35,1.539,0.0,1.539,2
2022-02-25 15:00:00,5.07,1018.84,6.39,288.7,8.37,1.977,0.0,1.977,2
2022-02-25 16:00:00,5.62,1017.63,6.69,263.1,8.73,2.508,0.0,2.508,2
2022-02-25 17:00:00,6.97,1017.68,6.38,284.9,8.66,2.762,0.0,2.762,2
2022-02-25 18:00:00,7.02,1018.07,6.1,303.0,8.53,3.027,0.0,3.027,2
2022-02-25 19:00:00,8.18,1018.27,5.0,320.0,6.73,3.431,0.0,3.431,2
2022-02-25 20:00:00,9.87,1019.2,4.92,327.4,6.44,3.416,0.0,3.416,2
2022-02-25 21:00:00,10.6,1020.32,4.08,329.4,5.44,3.163,0.0,3.163,2
2022-02-25 22:00:00,10.2,1021.49,1.8,277.5,2.26,2.392,0.0,2.392,2
2022-02-25 23:00:00,8.66,1023.02,0.61,301.0,1.14,1.569,0.0,1.569,2
2022-02-26 00:00:00,8.29,1024.39,3.42,321.3,4.45,0.74,0.0,0.74,2
2022-02-26 01:00:00,8.35,1025.59,4.34,140.5,5.55,0.335,0.0,0.335,2
2022-02-26 02:00:00,6.44,1026.86,5.98,26.1,8.88,0.27,0.0,0.27,2
2022-02-26 03:00:00,5.21,1027.83,7.37,19.8,10.14,0.766,0.0,0.766,2
2022-02-26 04:00:00,4.07,1028.41,8.06,12.4,10.64,1.795,0.0,1.795,2
2022-02-26 05:00:00,3.13,1028.9,8.08,40.4,10.05,2.994,0.0,2.994,2
2022-02-26 06:00:00,2.5,1029.66,7.3,74.1,9.15,3.792,0.0,3.792,2
2022-02-26 07:00:00,1.98,1029.62,6.94,37.5,8.78,4.408,0.0,4.408,2
2022-02-26 08:00:00,1.66,1029.62,6.79,39.3,8.54,4.34,0.0,4.34,2
2022-02-26 09:00:00,1.52,1030.83,5.58,310.1,7.12,4.039,0.0,4.039,2
2022-02-26 10:00:00,1.33,1031.83,6.37,350.2,8.14,3.349,0.0,3.349,2
2022-02-26 11:00:00,1.03,1032.64,5.59,247.6,7.09,2.405,0.0,2.405,2
2022-02-26 12:00:00,0.87,1033.42,5.19,214.7,6.2,1.461,0.0,1.461,2
2022-02-26 13:00:00,0.84,1033.76,4.66,8.3,5.93,0.703,0.0,0.703,2
2022-02-26 14:00:00,0.93,1033.69,5.4,47.0,7.1,0.222,0.0,0.222,2
2022-02-26 15:00:00,1.04,1033.75,4.02,145.9,5.52,0.218,0.0,0.218,2
2022-02-26 16:00:00,1.4,1033.6,3.54,244.2,5.0,0.759,0.0,0.759,2
2022-02-26 17:00:00,2.13,1032.51,2.79,289.5,4.21,1.625,0.0,1.625,2
2022-02-26 18:00:00,2.52,1031.22,2.51,191.9,3.83,2.362,0.0,2.362,2
2022-02-26 19:00:00,2.23,1030.35,2.25,131.9,3.33,2.928,0.0,2.928,2
2022-02-26 20:00:00,2.35,1029.84,2.58,131.1,3.64,3.461,0.0,3.461,2
2022-02-26 21:00:00,2.28,1029.15,2.08,140.6,2.96,3.475,0.0,3.475,2
2022-02-26 22:00:00,2.17,1029.2,0.61,194.3,1.11,3.098,0.0,3.098,2
2022-02-26 23:00:00,2.5,1029.53,1.02,238.2,1.65,2.287,0.0,2.287,2
2022-02-27 00:00:00,2.67,1029.84,1.05,293.0,1.87,1.536,0.0,1.536,2
2022-02-27 01:00:00,2.45,1029.4,1.04,311.5,1.5,0.923,0.0,0.923,2
2022-02-27 02:00:00,2.43,1028.98,1.27,259.5,1.77,0.554,0.0,0.554,2
2022-02-27 03:00:00,2.39,1028.47,1.74,251.4,2.35,0.62,0.0,0.62,2
2022-02-27 04:00:00,2.49,1027.39,1.83,247.0,2.51,1.17,0.0,1.17,2
2022-02-27 05:00:00,2.65,1026.65,1.79,256.3,2.32,2.067,0.0,2.067,2
2022-02-27 06:00:00,2.4,1026.18,1.75,245.8,2.32,3.074,0.0,3.074,2
2022-02-27 07:00:00,2.56,1025.55,2.25,256.5,3.14,4.055,0.0,4.055,2
2022-02-27 08:00:00,2.39,1025.17,2.94,250.0,3.88,4.663,0.0,4.663,2
2022-02-27 09:00:00,2.25,1024.87,2.46,260.1,3.34,4.775,0.0,4.775,2
2022-02-27 10:00:00,2.15,1024.64,1.16,265.3,1.82,4.381,0.0,4.381,2
2022-02-27 11:00:00,1.99,1024.72,1.38,293.0,1.96,3.459,0.0,3.459,2
2022-02-27 12:00:00,1.99,1024.66,1.86,308.1,2.39,2.263,0.0,2.263,2
2022-02-27 13:00:00,2.65,1024.56,1.75,279.2,2.26,1.054,0.0,1.054,2
2022-02-27 14:00:00,3.77,1023.91,2.03,328.5,2.63,0.181,0.0,0.181,2
2022-02-27 15:00:00,4.68,1022.99,1.31,19.6,1.83,-0.51,0.0,-0.51,2
2022-02-27 16:00:00,4.95,1022.1,2.78,175.5,3.82,-0.434,0.0,-0.434,2
2022-02-27 17:00:00,5.08,1020.77,5.15,204.2,6.55,0.079,0.0,0.079,2
2022-02-27 18:00:00,5.14,1019.29,6.64,210.7,7.91,0.911,0.0,0.911,2
2022-02-27 19:00:00,5.51,1018.28,5.82,210.1,6.95,1.592,0.0,1.592,2
2022-02-27 20:00:00,5.94,1017.06,5.88,206.6,7.26,2.294,0.0,2.294,2
2022-02-27 21:00:00,8.43,1016.19,5.27,259.2,7.05,2.779,0.0,2.779,2
2022-02-27 22:00:00,8.4,1016.24,4.39,278.2,5.9,2.888,0.0,2.888,2
2022-02-27 23:00:00,6.9,1016.57,2.49,249.6,3.17,2.549,0.0,2.549,2
2022-02-28 00:00:00,5.97,1016.93,3.86,253.6,5.21,1.721,0.0,1.721,2
2022-02-28 01:00:00,5.42,1017.01,4.29,257.2,5.6,0.776,0.0,0.776,2
2022-02-28 02:00:00,5.38,1017.51,3.95,268.0,5.4,-0.081,0.0,-0.081,2
2022-02-28 03:00:00,5.51,1017.81,3.62,284.5,5.49,-0.482,0.0,-0.482,2
2022-02-28 04:00:00,5.23,1018.02,2.53,299.4,4.45,-0.58,0.0,-0.58,2
2022-02-28 05:00:00,4.74,1018.44,3.7,315.2,5.23,-0.085,0.0,-0.085,2
2022-02-28 06:00:00,5.2,1019.23,4.44,230.5,5.88,0.878,0.0,0.878,2
2022-02-28 07:00:00,4.83,1020.07,4.8,3.4,5.92,2.211,0.0,2.211,2
2022-02-28 08:00:00,4.5,1020.6,5.17,7.8,6.46,3.255,0.0,3.255,2
2022-02-28 09:00:00,4.06,1021.42,4.62,13.1,6.1,4.026,0.0,4.026,2
2022-02-28 10:00:00,3.73,1022.5,3.85,33.8,6.0,4.267,0.0,4.267,2
2022-02-28 11:00:00,3.5,1023.36,5.93,25.2,8.85,4.026,0.0,4.026,2
2022-02-28 12:00:00,3.16,1024.56,6.02,29.4,9.2,3.246,0.0,3.246,2
2022-02-28 13:00:00,2.95,1025.74,5.49,30.5,8.5,2.099,0.0,2.099,2
2022-02-28 14:00:00,2.85,1026.44,5.24,29.6,7.76,0.966,0.0,0.966,2
2022-02-28 15:00:00,3.02,1026.86,4.59,41.9,7.46,-0.043,0.0,-0.043,2
2022-02-28 16:00:00,3.31,1027.27,4.28,73.4,7.11,-0.574,0.0,-0.574,2
2022-02-28 17:00:00,3.28,1027.01,4.52,71.7,6.86,-0.334,0.0,-0.334,2
2022-02-28 18:00:00,3.49,1026.63,4.74,79.4,7.44,0.4,0.0,0.4,2
2022-02-28 19:00:00,3.81,1026.37,3.88,73.2,6.68,1.435,0.0,1.435,2
2022-02-28 20:00:00,3.75,1026.43,3.54,78.1,5.66,2.449,0.0,2.449,2
2022-02-28 21:00:00,3.61,1026.94,3.03,96.5,4.59,3.231,0.0,3.231,2
2022-02-28 22:00:00,2.93,1027.3,2.46,115.1,3.51,3.671,0.0,3.671,2
2022-02-28 23:00:00,2.55,1027.55,2.2,134.1,3.28,3.649,0.0,3.649,2
2022-03-01 00:00:00,2.64,1027.53,2.56,131.4,3.69,3.053,0.0,3.053,2
2022-03-01 01:00:00,2.88,1027.23,3.53,133.5,5.25,2.141,0.0,2.141,2
2022-03-01 02:00:00,2.97,1026.97,3.67,146.9,5.56,1.161,0.0,1.161,2
2022-03-01 03:00:00,3.23,1026.88,3.59,147.4,5.76,0.392,0.0,0.392,2
2022-03-01 04:00:00,3.57,1026.82,4.23,158.8,6.53,-0.018,0.0,-0.018,2
2022-03-01 05:00:00,3.81,1026.89,4.17,156.5,6.14,-0.025,0.0,-0.025,2
2022-03-01 06:00:00,4.04,1026.75,3.7,157.4,5.4,0.721,0.0,0.721,2
2022-03-01 07:00:00,4.37,1026.23,2.94,157.2,4.6,1.98,0.0,1.98,2
2022-03-01 08:00:00,4.76,1025.87,3.3,162.9,4.5,3.376,0.0,3.376,2
2022-03-01 09:00:00,4.85,1025.42,2.13,150.2,3.37,4.41,0.0,4.41,2
2022-03-01 10:00:00,4.86,1024.87,1.97,128.7,2.97,5.074,0.0,5.074,2
2022-03-01 11:00:00,4.78,1025.02,1.58,125.0,2.09,5.279,0.0,5.279,2
2022-03-01 12:00:00,5.68,1025.25,2.34,157.1,3.28,4.889,0.0,4.889,2
2022-03-01 13:00:00,6.85,1024.84,2.04,157.9,3.12,4.051,0.0,4.051,2
2022-03-01 14:00:00,7.41,1024.35,2.08,172.3,3.0,2.682,0.0,2.682,2
2022-03-01 15:00:00,7.08,1023.7,1.82,194.9,2.57,1.407,0.0,1.407,2
2022-03-01 16:00:00,7.22,1022.81,2.61,212.6,3.15,0.495,0.0,0.495,2
2022-03-01 17:00:00,7.75,1021.6,3.86,211.1,4.73,0.103,0.0,0.103,2
2022-03-01 18:00:00,8.17,1020.1,4.34,209.8,5.22,0.225,0.0,0.225,2
2022-03-01 19:00:00,7.93,1019.2,3.63,200.0,4.7,0.928,0.0,0.928,2
2023-01-01 00:00:00,9.18,1011.98,1.9,183.7,2.51,1.036,0.0,1.036,3
2023-01-01 01:00:00,8.59,1011.07,2.76,202.9,3.51,0.712,0.0,0.712,3
2023-01-01 02:00:00,11.52,1010.64,4.24,264.7,5.72,0.895,0.0,0.895,3
2023-01-01 03:00:00,14.02,1009.97,2.98,284.1,4.13,1.653,0.0,1.653,3
2023-01-01 04:00:00,13.58,1010.1,3.46,283.8,4.67,2.559,0.0,2.559,3
2023-01-01 05:00:00,13.7,1010.72,4.35,290.8,5.8,3.357,0.0,3.357,3
2023-01-01 06:00:00,13.9,1011.29,4.31,291.2,6.23,3.9,0.0,3.9,3
2023-01-01 07:00:00,13.54,1011.92,4.57,295.6,6.17,4.372,0.0,4.372,3
2023-01-01 08:00:00,13.07,1011.94,4.07,296.5,5.43,4.389,0.0,4.389,3
2023-01-01 09:00:00,12.49,1012.5,3.69,295.8,4.64,4.015,0.0,4.015,3
2023-01-01 10:00:00,12.0,1013.41,3.29,304.2,4.36,3.189,0.0,3.189,3
2023-01-01 11:00:00,11.43,1013.81,3.07,311.7,4.0,2.353,0.0,2.353,3
2023-01-01 12:00:00,11.01,1014.69,3.18,311.6,4.35,1.597,0.0,1.597,3
2023-01-01 13:00:00,11.3,1015.76,4.86,324.0,6.27,1.046,0.0,1.046,3
2023-01-01 14:00:00,12.12,1016.33,5.9,329.0,7.82,0.869,0.0,0.869,3
2023-01-01 15:00:00,13.08,1016.8,6.82,332.3,8.65,0.917,0.0,0.917,3
2023-01-01 16:00:00,13.87,1016.25,6.64,330.3,8.55,1.429,0.0,1.429,3
2023-01-01 17:00:00,14.56,1016.17,6.0,326.5,7.89,2.213,0.0,2.213,3
2023-01-01 18:00:00,15.07,1016.14,4.4,323.7,5.56,2.898,0.0,2.898,3
2023-01-01 19:00:00,15.39,1015.99,3.64,321.4,4.89,3.366,0.0,3.366,3
2023-01-01 20:00:00,15.86,1016.24,2.66,309.6,3.85,3.659,0.0,3.659,3
2023-01-01 21:00:00,14.61,1016.69,0.57,303.2,0.96,3.571,0.0,3.571,3
2023-01-01 22:00:00,9.21,1017.09,1.47,197.0,1.96,2.976,0.0,2.976,3
2023-01-01 23:00:00,8.25,1017.58,3.54,215.0,4.22,2.076,0.0,2.076,3
2023-01-02 00:00:00,8.29,1018.4,1.28,228.1,1.76,1.252,0.0,1.252,3
2023-01-02 01:00:00,8.82,1019.3,1.22,280.2,1.53,0.742,0.0,0.742,3
2023-01-02 02:00:00,8.04,1019.25,1.57,241.5,1.88,0.46,0.0,0.46,3
2023-01-02 03:00:00,7.45,1019.28,2.22,210.1,2.58,0.734,0.0,0.734,3
2023-01-02 04:00:00,8.56,1019.0,3.98,220.0,4.56,1.375,0.0,1.375,3
2023-01-02 05:00:00,9.57,1018.8,3.35,237.4,4.05,2.48,0.0,2.48,3
2023-01-02 06:00:00,8.76,1018.52,2.66,235.8,3.21,3.364,0.0,3.364,3
2023-01-02 07:00:00,8.56,1018.9,2.28,249.0,2.57,4.06,0.0,4.06,3
2023-01-02 08:00:00,9.57,1019.31,2.27,277.2,2.8,4.412,0.0,4.412,3
2023-01-02 09:00:00,9.94,1019.54,2.89,288.3,3.81,4.367,0.0,4.367,3
2023-01-02 10:00:00,9.43,1020.17,0.19,296.8,0.53,3.854,0.0,3.854,3
2023-01-02 11:00:00,8.98,1020.7,0.42,323.5,0.76,3.254,0.0,3.254,3
2023-01-02 12:00:00,9.04,1021.27,0.81,322.5,1.23,2.488,0.0,2.488,3
2023-01-02 13:00:00,9.47,1021.78,0.81,318.2,1.08,1.69,0.0,1.69,3
2023-01-02 14:00:00,10.74,1022.21,0.71,181.0,1.18,1.059,0.0,1.059,3
2023-01-02 15:00:00,11.49,1022.35,0.76,41.9,1.08,0.789,0.0,0.789,3
2023-01-02 16:00:00,11.14,1021.91,0.22,45.5,0.5,0.974,0.0,0.974,3
2023-01-02 17:00:00,9.66,1021.41,0.5,116.3,0.8,1.493,0.0,1.493,3
2023-01-02 18:00:00,11.44,1021.41,2.02,185.0,2.36,2.255,0.0,2.255,3
2023-01-02 19:00:00,11.05,1020.99,2.57,191.7,3.38,3.028,0.0,3.028,3
2023-01-02 20:00:00,9.62,1020.95,2.59,206.0,3.07,3.477,0.0,3.477,3
2023-01-02 21:00:00,9.36,1020.86,3.71,214.3,4.33,3.707,0.0,3.707,3
2023-01-02 22:00:00,9.12,1021.03,3.04,220.9,3.61,3.471,0.0,3.471,3
2023-01-02 23:00:00,9.8,1021.5,2.74,230.1,3.34,2.739,0.0,2.739,3
2023-01-03 00:00:00,9.77,1021.63,3.13,224.2,3.7,1.997,0.0,1.997,3
2023-01-03 01:00:00,9.0,1021.41,2.97,215.1,3.45,1.176,0.0,1.176,3
2023-01-03 02:00:00,8.81,1021.49,2.53,217.1,3.0,0.756,0.0,0.756,3
2023-01-03 03:00:00,8.37,1021.64,2.88,206.8,3.25,0.731,0.0,0.731,3
2023-01-03 04:00:00,8.36,1021.12,2.17,199.7,2.62,1.143,0.0,1.143,3
2023-01-03 05:00:00,8.39,1020.65,2.61,202.1,3.2,1.903,0.0,1.903,3
2023-01-03 06:00:00,8.3,1020.54,2.87,207.2,3.35,2.85,0.0,2.85,3
2023-01-03 07:00:00,8.24,1020.69,3.5,208.3,4.04,3.737,0.0,3.737,3
2023-01-03 08:00:00,8.17,1020.32,3.94,206.4,4.47,4.543,0.0,4.543,3
2023-01-03 09:00:00,8.61,1019.94,4.43,219.3,5.04,4.941,0.0,4.941,3
2023-01-03 10:00:00,9.43,1019.74,5.45,219.6,6.58,4.768,0.0,4.768,3
2023-01-03 11:00:00,8.42,1019.25,5.73,217.2,6.71,4.362,0.0,4.362,3
2023-01-03 12:00:00,9.13,1019.18,6.14,224.7,7.3,3.615,0.0,3.615,3
2023-01-03 13:00:00,9.0,1019.01,5.64,222.6,6.73,2.742,0.0,2.742,3
2023-01-03 14:00:00,8.95,1018.73,7.9,220.7,9.16,1.938,0.0,1.938,3
2023-01-03 15:00:00,9.82,1018.59,7.69,221.7,9.27,1.188,0.0,1.188,3
2023-01-03 16:00:00,9.52,1017.81,6.58,207.8,8.02,0.966,0.0,0.966,3
2023-01-03 17:00:00,10.08,1017.01,6.21,212.4,7.34,1.162,0.0,1.162,3
2023-01-03 18:00:00,9.69,1016.36,5.37,213.0,6.47,1.765,0.0,1.765,3
2023-01-03 19:00:00,9.05,1015.55,5.31,210.4,6.32,2.508,0.0,2.508,3
2023-01-03 20:00:00,9.19,1015.01,7.19,216.9,8.2,3.085,0.0,3.085,3
2023-01-03 21:00:00,9.34,1014.63,8.33,216.9,9.48,3.481,0.0,3.481,3
2023-01-03 22:00:00,9.82,1014.31,7.19,215.7,8.37,3.664,0.0,3.664,3
2023-01-03 23:00:00,9.76,1013.8,7.58,219.7,8.77,3.366,0.0,3.366,3
2023-01-04 00:00:00,10.61,1013.24,8.67,222.3,10.3,2.619,0.0,2.619,3
2023-01-04 01:00:00,13.22,1013.25,9.64,233.3,12.16,1.677,0.0,1.677,3
2023-01-04 02:00:00,12.69,1013.23,8.08,226.8,10.52,0.938,0.0,0.938,3
2023-01-04 03:00:00,12.25,1012.87,9.42,225.1,11.55,0.542,0.0,0.542,3
2023-01-04 04:00:00,10.33,1011.78,7.4,217.8,8.93,0.386,0.0,0.386,3
2023-01-04 05:00:00,11.15,1010.95,7.42,224.4,9.15,0.964,0.0,0.964,3
2023-01-04 06:00:00,14.02,1011.57,6.35,233.1,8.04,1.867,0.0,1.867,3
2023-01-04 07:00:00,17.61,1012.04,7.26,261.9,9.55,2.909,0.0,2.909,3
2023-01-04 08:00:00,17.21,1012.71,6.37,260.0,8.12,3.737,0.0,3.737,3
2023-01-04 09:00:00,16.55,1012.72,4.96,242.4,6.36,4.311,0.0,4.311,3
2023-01-04 10:00:00,12.24,1013.39,4.91,216.6,5.68,4.564,0.0,4.564,3
2023-01-04 11:00:00,10.19,1013.95,4.44,218.6,4.99,4.493,0.0,4.493,3
2023-01-04 12:00:00,10.7,1014.29,3.91,221.4,4.37,3.966,0.0,3.966,3
2023-01-04 13:00:00,10.14,1014.47,4.03,212.9,4.71,3.119,0.0,3.119,3
2023-01-04 14:00:00,9.67,1014.66,4.91,211.7,5.59,2.031,0.0,2.031,3
2023-01-04 15:00:00,11.58,1014.76,6.47,217.9,7.66,1.197,0.0,1.197,3
2023-01-04 16:00:00,13.09,1013.79,7.58,217.3,8.89,0.752,0.0,0.752,3
2023-01-04 17:00:00,10.86,1012.73,5.61,207.2,6.82,0.586,0.0,0.586,3
2023-01-04 18:00:00,10.33,1012.44,5.81,210.1,6.88,0.92,0.0,0.92,3
2023-01-04 19:00:00,10.26,1012.22,4.6,203.9,5.73,1.648,0.0,1.648,3
2023-01-04 20:00:00,10.1,1012.03,5.2,212.2,6.02,2.645,0.0,2.645,3
2023-01-04 21:00:00,9.81,1011.44,5.46,210.7,6.35,3.384,0.0,3.384,3
2023-01-04 22:00:00,11.03,1010.0,6.0,211.0,7.84,3.608,0.0,3.608,3
2023-01-04 23:00:00,12.8,1010.07,5.14,220.8,6.28,3.634,0.0,3.634,3
2023-01-05 00:00:00,13.23,1010.43,6.29,227.1,7.66,3.272,0.0,3.272,3
2023-01-05 01:00:00,10.58,1010.6,4.73,213.5,5.32,2.65,0.0,2.65,3
2023-01-05 02:00:00,11.98,1010.85,6.39,222.3,7.93,1.739,0.0,1.739,3
2023-01-05 03:00:00,17.08,1011.01,9.92,263.4,12.96,1.193,0.0,1.193,3
2023-01-05 04:00:00,17.14,1011.5,8.15,249.0,10.83,0.932,0.0,0.932,3
2023-01-05 05:00:00,11.49,1011.8,6.23,214.1,7.48,1.101,0.0,1.101,3
2023-01-05 06:00:00,13.18,1012.37,5.81,224.5,7.08,1.749,0.0,1.749,3
2023-01-05 07:00:00,12.61,1012.93,4.92,224.3,5.81,2.522,0.0,2.522,3
2023-01-05 08:00:00,11.67,1013.51,2.8,225.3,3.15,3.551,0.0,3.551,3
2023-01-05 09:00:00,11.18,1013.76,2.46,234.6,3.05,4.256,0.0,4.256,3
2023-01-05 10:00:00,10.03,1013.63,2.16,220.0,2.56,4.861,0.0,4.861,3
2023-01-05 11:00:00,9.56,1013.89,1.72,196.8,2.13,5.213,0.0,5.213,3
2023-01-05 12:00:00,10.24,1014.38,0.72,250.5,0.97,4.904,0.0,4.904,3
2023-01-05 13:00:00,11.77,1014.8,0.38,272.7,0.57,4.274,0.0,4.274,3
2023-01-05 14:00:00,12.73,1015.05,2.3,179.5,2.66,3.308,0.0,3.308,3
2023-01-05 15:00:00,13.12,1015.14,2.58,21.7,3.23,2.222,0.0,2.222,3
2023-01-05 16:00:00,13.45,1014.64,3.49,25.0,4.96,1.509,0.0,1.509,3
2023-01-05 17:00:00,13.52,1014.29,2.65,25.0,3.6,1.25,0.0,1.25,3
2023-01-05 18:00:00,14.24,1013.9,2.09,30.8,3.17,1.18,0.0,1.18,3
2023-01-05 19:00:00,14.96,1013.26,2.33,49.6,3.91,1.694,0.0,1.694,3
2023-01-05 20:00:00,13.07,1013.24,1.44,94.8,2.11,2.572,0.0,2.572,3
2023-01-05 21:00:00,11.86,1013.54,0.77,102.5,1.16,3.532,0.0,3.532,3
2023-01-05 22:00:00,11.08,1013.32,0.89,75.5,1.29,4.102,0.0,4.102,3
2023-01-05 23:00:00,10.13,1013.68,1.73,28.2,2.18,4.298,0.0,4.298,3
2023-01-06 00:00:00,9.66,1014.09,1.21,55.6,1.84,4.044,0.0,4.044,3
2023-01-06 01:00:00,7.95,1014.26,1.53,55.7,2.79,3.606,0.0,3.606,3
2023-01-06 02:00:00,8.12,1014.48,1.94,48.0,2.88,2.909,0.0,2.909,3
2023-01-06 03:00:00,8.42,1014.45,1.42,100.6,2.26,2.192,0.0,2.192,3
2023-01-06 04:00:00,8.06,1014.17,1.08,108.3,1.6,1.6,0.0,1.6,3
2023-01-06 05:00:00,7.63,1013.77,0.99,76.2,1.76,1.518,0.0,1.518,3
2023-01-06 06:00:00,7.61,1013.51,1.45,61.3,2.39,1.783,0.0,1.783,3
2023-01-06 07:00:00,8.61,1013.82,3.75,30.6,5.44,2.532,0.0,2.532,3
2023-01-06 08:00:00,8.24,1013.83,4.32,36.7,6.07,3.507,0.0,3.507,3
2023-01-06 09:00:00,8.08,1014.42,4.25,48.3,5.35,4.563,0.0,4.563,3
2023-01-06 10:00:00,7.97,1014.71,2.97,39.5,4.53,5.306,0.0,5.306,3
2023-01-06 11:00:00,7.26,1014.72,2.7,38.6,4.04,5.78,0.0,5.78,3
2023-01-06 12:00:00,7.39,1015.01,1.47,131.9,2.05,5.721,0.0,5.721,3
2023-01-06 13:00:00,7.73,1015.8,1.68,322.1,2.14,5.309,0.0,5.309,3
2023-01-06 14:00:00,8.42,1016.41,2.95,323.3,3.66,4.415,0.0,4.415,3
2023-01-06 15:00:00,9.22,1017.02,6.18,326.9,8.0,3.324,0.0,3.324,3
2023-01-06 16:00:00,10.05,1016.77,6.76,331.7,8.88,2.418,0.0,2.418,3
2023-01-06 17:00:00,10.56,1016.49,6.75,331.3,8.8,1.576,0.0,1.576,3
2023-01-06 18:00:00,9.93,1016.78,6.53,310.6,9.1,1.229,0.0,1.229,3
2023-01-06 19:00:00,9.24,1017.4,6.37,317.3,8.33,1.477,0.0,1.477,3
2023-01-06 20:00:00,9.03,1018.29,5.1,321.9,6.96,2.138,0.0,2.138,3
2023-01-06 21:00:00,8.88,1019.13,4.23,323.7,5.44,3.008,0.0,3.008,3
2023-01-06 22:00:00,8.06,1019.96,1.74,299.5,2.11,3.642,0.0,3.642,3
2023-01-06 23:00:00,7.47,1020.95,2.07,304.7,2.68,4.119,0.0,4.119,3
2023-01-07 00:00:00,7.39,1021.73,2.39,303.3,3.19,4.258,0.0,4.258,3
2023-01-07 01:00:00,7.38,1021.92,2.63,323.3,3.45,3.897,0.0,3.897,3
2023-01-07 02:00:00,7.08,1022.3,2.67,307.6,3.68,3.245,0.0,3.245,3
2023-01-07 03:00:00,6.79,1022.67,4.36,331.6,5.69,2.406,0.0,2.406,3
2023-01-07 04:00:00,5.98,1022.99,4.21,328.8,5.63,1.663,0.0,1.663,3
2023-01-07 05:00:00,5.29,1022.97,3.4,328.0,4.41,1.146,0.0,1.146,3
2023-01-07 06:00:00,4.5,1023.09,2.37,305.3,3.06,1.095,0.0,1.095,3
2023-01-07 07:00:00,4.33,1023.26,2.61,300.3,3.39,1.515,0.0,1.515,3
2023-01-07 08:00:00,4.8,1023.24,3.48,314.8,4.56,2.503,0.0,2.503,3
2023-01-07 09:00:00,5.4,1022.84,4.52,340.6,5.66,3.519,0.0,3.519,3
2023-01-07 10:00:00,5.36,1023.28,3.34,322.7,4.13,4.389,0.0,4.389,3
2023-01-07 11:00:00,4.98,1023.57,3.09,311.5,4.14,5.064,0.0,5.064,3
2023-01-07 12:00:00,4.5,1023.89,2.52,294.5,3.12,5.366,0.0,5.366,3
2023-01-07 13:00:00,4.78,1024.3,2.84,293.0,3.78,5.1,0.0,5.1,3
2023-01-07 14:00:00,5.88,1024.77,4.19,308.3,5.49,4.345,0.0,4.345,3
2023-01-07 15:00:00,6.78,1024.7,4.91,310.4,6.97,3.283,0.0,3.283,3
2023-01-07 16:00:00,7.24,1023.78,5.22,309.9,6.95,2.298,0.0,2.298,3
2023-01-07 17:00:00,7.53,1022.91,4.14,311.2,5.59,1.413,0.0,1.413,3
2023-01-07 18:00:00,7.95,1022.19,5.21,319.5,7.09,0.89,0.0,0.89,3
2023-01-07 19:00:00,7.95,1022.08,5.07,303.3,6.87,0.829,0.0,0.829,3
2023-01-07 20:00:00,8.28,1022.42,4.76,320.2,6.66,1.246,0.0,1.246,3
2023-01-07 21:00:00,8.07,1023.09,3.78,336.6,4.81,2.104,0.0,2.104,3
2023-01-07 22:00:00,7.4,1023.93,2.68,319.0,3.37,2.831,0.0,2.831,3
2023-01-07 23:00:00,6.88,1024.71,2.53,314.4,3.23,3.44,0.0,3.44,3
2023-01-08 00:00:00,6.06,1025.45,2.06,315.0,2.55,3.735,0.0,3.735,3
2023-01-08 01:00:00,5.47,1026.09,1.82,323.7,2.3,3.781,0.0,3.781,3
2023-01-08 02:00:00,4.6,1026.38,2.28,312.3,2.84,3.414,0.0,3.414,3
2023-01-08 03:00:00,3.99,1026.67,2.67,312.2,3.43,2.71,0.0,2.71,3
2023-01-08 04:00:00,3.66,1026.79,3.43,310.5,4.36,1.866,0.0,1.866,3
2023-01-08 05:00:00,3.33,1026.94,4.0,314.6,5.04,1.208,0.0,1.208,3
2023-01-08 06:00:00,3.5,1026.9,4.27,332.5,5.32,0.827,0.0,0.827,3
2023-01-08 07:00:00,3.01,1027.32,3.5,325.5,4.34,0.958,0.0,0.958,3
2023-01-08 08:00:00,2.47,1027.63,3.79,324.7,4.76,1.571,0.0,1.571,3
2023-01-08 09:00:00,2.21,1027.58,3.86,329.0,4.97,2.619,0.0,2.619,3
2023-01-08 10:00:00,2.2,1027.31,4.16,347.4,5.15,3.528,0.0,3.528,3
2023-01-08 11:00:00,2.3,1027.8,3.75,345.9,4.84,4.38,0.0,4.38,3
2023-01-08 12:00:00,1.97,1028.19,3.39,346.2,4.13,4.973,0.0,4.973,3
2023-01-08 13:00:00,2.29,1028.63,2.77,270.9,3.38,5.215,0.0,5.215,3
2023-01-08 14:00:00,3.03,1028.89,2.65,112.7,3.24,4.695,0.0,4.695,3
2023-01-08 15:00:00,3.9,1028.5,1.74,48.5,2.33,3.834,0.0,3.834,3
2023-01-08 16:00:00,4.83,1028.33,0.86,217.3,1.24,2.83,0.0,2.83,3
2023-01-08 17:00:00,5.47,1027.14,1.66,134.7,2.51,1.907,0.0,1.907,3
2023-01-08 18:00:00,5.46,1026.22,1.87,119.6,2.52,1.205,0.0,1.205,3
2023-01-08 19:00:00,5.73,1025.97,1.44,161.5,2.09,0.644,0.0,0.644,3
2023-01-08 20:00:00,5.41,1025.7,2.89,195.1,3.82,0.851,0.0,0.851,3
2023-01-08 21:00:00,5.45,1025.03,2.61,197.0,3.48,1.586,0.0,1.586,3
2023-01-08 22:00:00,5.66,1024.64,3.31,199.6,4.39,2.342,0.0,2.342,3
2023-01-08 23:00:00,5.92,1024.52,5.2,220.3,6.16,3.122,0.0,3.122,3
2023-01-09 00:00:00,5.09,1024.17,4.82,230.3,5.75,3.728,0.0,3.728,3
2023-01-09 01:00:00,4.54,1024.15,2.49,246.7,3.13,3.996,0.0,3.996,3
2023-01-09 02:00:00,4.84,1023.17,3.62,222.7,4.42,3.906,0.0,3.906,3
2023-01-09 03:00:00,5.77,1022.1,6.62,205.0,8.03,3.299,0.0,3.299,3
2023-01-09 04:00:00,6.39,1020.75,7.21,211.3,8.65,2.522,0.0,2.522,3
2023-01-09 05:00:00,6.63,1019.47,7.16,218.2,8.69,1.754,0.0,1.754,3
2023-01-09 06:00:00,6.96,1017.86,5.57,213.4,6.63,1.308,0.0,1.308,3
2023-01-09 07:00:00,7.06,1016.87,3.85,223.0,4.55,1.125,0.0,1.125,3
2023-01-09 08:00:00,6.99,1015.69,3.34,220.4,3.92,1.475,0.0,1.475,3
2023-01-09 09:00:00,7.18,1015.31,2.84,226.6,3.34,2.343,0.0,2.343,3
2023-01-09 10:00:00,7.25,1014.83,1.63,259.2,2.04,3.175,0.0,3.175,3
2023-01-09 11:00:00,7.18,1014.89,1.99,291.8,2.73,4.088,0.0,4.088,3
2023-01-09 12:00:00,6.82,1014.83,3.69,321.9,5.0,4.837,0.0,4.837,3
2023-01-09 13:00:00,6.26,1015.07,5.37,329.3,6.92,5.234,0.0,5.234,3
2023-01-09 14:00:00,5.31,1015.74,6.31,308.2,8.19,5.012,0.0,5.012,3
2023-01-09 15:00:00,4.83,1016.24,5.26,311.9,6.66,4.343,0.0,4.343,3
2023-01-09 16:00:00,5.3,1015.77,5.64,181.0,7.11,3.508,0.0,3.508,3
2023-01-09 17:00:00,6.38,1014.86,5.03,175.1,6.44,2.571,0.0,2.571,3
2023-01-09 18:00:00,7.21,1014.32,5.68,274.5,7.21,1.784,0.0,1.784,3
2023-01-09 19:00:00,7.81,1014.1,6.47,332.0,8.77,1.13,0.0,1.13,3
2023-01-09 20:00:00,8.03,1014.6,6.9,326.1,8.75,1.076,0.0,1.076,3
2023-01-09 21:00:00,7.63,1015.06,5.51,322.8,7.45,1.423,0.0,1.423,3
2023-01-09 22:00:00,6.89,1015.74,5.05,320.7,6.81,1.906,0.0,1.906,3
2023-01-09 23:00:00,6.19,1016.41,4.75,322.1,6.11,2.65,0.0,2.65,3
2023-01-10 00:00:00,5.78,1016.89,4.76,320.1,6.11,3.23,0.0,3.23,3
2023-01-10 01:00:00,5.27,1016.96,4.25,326.4,5.38,3.69,0.0,3.69,3
2023-01-10 02:00:00,4.96,1016.88,3.89,325.6,5.13,3.858,0.0,3.858,3
2023-01-10 03:00:00,4.92,1017.26,4.5,326.3,5.77,3.593,0.0,3.593,3
2023-01-10 04:00:00,4.35,1017.56,2.82,320.3,3.89,3.048,0.0,3.048,3
2023-01-10 05:00:00,3.79,1017.62,2.48,323.5,3.13,2.165,0.0,2.165,3
2023-01-10 06:00:00,3.16,1017.92,2.17,328.2,2.87,1.482,0.0,1.482,3
2023-01-10 07:00:00,2.68,1018.29,2.0,322.9,2.55,1.016,0.0,1.016,3
2023-01-10 08:00:00,2.12,1018.57,2.0,328.8,2.63,1.007,0.0,1.007,3
2023-01-10 09:00:00,1.46,1019.19,2.31,304.7,3.01,1.409,0.0,1.409,3
2023-01-10 10:00:00,1.22,1019.57,1.77,310.2,2.3,2.125,0.0,2.125,3
2023-01-10 11:00:00,0.86,1019.84,1.7,319.7,2.1,3.1,0.0,3.1,3
2023-01-10 12:00:00,1.12,1020.26,2.13,327.6,2.72,3.895,0.0,3.895,3
2023-01-10 13:00:00,1.91,1020.55,2.14,328.9,2.72,4.566,0.0,4.566,3
2023-01-10 14:00:00,3.03,1020.79,3.21,142.1,4.04,4.731,0.0,4.731,3
2023-01-10 15:00:00,3.69,1020.49,2.15,22.0,2.8,4.339,0.0,4.339,3
2023-01-10 16:00:00,4.18,1019.72,1.32,28.0,1.83,3.638,0.0,3.638,3
2023-01-10 17:00:00,5.16,1019.25,1.7,25.3,2.35,2.779,0.0,2.779,3
2023-01-10 18:00:00,5.72,1018.66,2.2,22.7,2.89,1.937,0.0,1.937,3
2023-01-10 19:00:00,5.74,1018.01,1.9,98.2,2.69,1.174,0.0,1.174,3
2023-01-10 20:00:00,5.3,1018.22,1.5,166.3,2.22,0.744,0.0,0.744,3
2023-01-10 21:00:00,5.16,1018.66,1.51,181.4,2.01,0.956,0.0,0.956,3
2023-01-10 22:00:00,5.12,1018.99,2.1,200.3,2.66,1.582,0.0,1.582,3
2023-01-10 23:00:00,4.92,1019.09,1.6,212.5,2.02,2.266,0.0,2.266,3
2023-01-11 00:00:00,4.24,1019.43,0.77,255.0,1.08,2.974,0.0,2.974,3
2023-01-11 01:00:00,4.2,1019.66,1.71,260.9,2.05,3.54,0.0,3.54,3
2023-01-11 02:00:00,3.68,1019.92,0.95,290.4,1.3,3.916,0.0,3.916,3
2023-01-11 03:00:00,3.42,1019.98,0.89,26.1,1.21,3.963,0.0,3.963,3
2023-01-11 04:00:00,3.28,1020.25,1.35,4.7,1.71,3.475,0.0,3.475,3
2023-01-11 05:00:00,2.45,1020.31,1.61,212.8,1.89,2.828,0.0,2.828,3
2023-01-11 06:00:00,2.14,1020.65,1.98,110.9,2.36,2.216,0.0,2.216,3
2023-01-11 07:00:00,2.09,1020.92,2.07,80.2,2.48,1.66,0.0,1.66,3
2023-01-11 08:00:00,1.87,1021.1,2.13,153.2,2.61,1.437,0.0,1.437,3
2023-01-11 09:00:00,1.76,1021.44,2.22,250.2,2.84,1.551,0.0,1.551,3
2023-01-11 10:00:00,3.0,1021.19,1.87,85.9,2.63,2.01,0.0,2.01,3
2023-01-11 11:00:00,1.72,1022.17,1.84,303.4,2.21,2.944,0.0,2.944,3
2023-01-11 12:00:00,2.2,1023.07,1.8,50.3,2.35,3.949,0.0,3.949,3
2023-01-11 13:00:00,4.52,1023.02,2.04,50.3,3.24,4.747,0.0,4.747,3
2023-01-11 14:00:00,6.34,1023.22,3.32,87.2,5.04,5.148,0.0,5.148,3
2023-01-11 15:00:00,6.82,1024.12,2.72,89.1,4.12,5.032,0.0,5.032,3
2023-01-11 16:00:00,7.02,1023.57,2.82,87.9,4.45,4.708,0.0,4.708,3
2023-01-11 17:00:00,7.19,1023.29,2.39,72.9,3.78,3.884,0.0,3.884,3
2023-01-11 18:00:00,7.25,1022.72,2.63,80.0,4.04,2.805,0.0,2.805,3
2023-01-11 19:00:00,7.07,1023.0,2.44,85.5,3.71,2.059,0.0,2.059,3
2023-01-11 20:00:00,6.72,1023.27,3.28,88.5,4.81,1.514,0.0,1.514,3
2023-01-11 21:00:00,6.53,1023.5,3.14,80.8,4.7,1.365,0.0,1.365,3
2023-01-11 22:00:00,6.59,1023.46,2.52,82.5,3.84,1.585,0.0,1.585,3
2023-01-11 23:00:00,6.67,1023.65,2.3,106.3,3.22,2.065,0.0,2.065,3
2023-01-12 00:00:00,6.84,1023.61,2.67,116.2,3.79,2.947,0.0,2.947,3
2023-01-12 01:00:00,7.04,1023.62,2.38,127.4,3.45,3.529,0.0,3.529,3
2023-01-12 02:00:00,7.29,1023.24,2.55,128.5,3.68,3.927,0.0,3.927,3
2023-01-12 03:00:00,7.41,1023.53,1.43,119.0,2.06,4.354,0.0,4.354,3
2023-01-12 04:00:00,7.38,1023.31,0.79,118.2,1.12,4.152,0.0,4.152,3
2023-01-12 05:00:00,7.65,1022.73,1.21,98.8,1.8,3.569,0.0,3.569,3
2023-01-12 06:00:00,7.65,1022.37,1.93,98.4,2.69,2.832,0.0,2.832,3
2023-01-12 07:00:00,7.93,1021.76,3.05,124.2,4.38,2.212,0.0,2.212,3
2023-01-12 08:00:00,8.24,1021.28,2.91,134.0,4.13,1.885,0.0,1.885,3
2023-01-12 09:00:00,8.34,1020.64,2.4,149.3,3.59,1.688,0.0,1.688,3
2023-01-12 10:00:00,8.61,1020.42,2.41,151.0,3.59,1.927,0.0,1.927,3
2023-01-12 11:00:00,8.67,1020.61,2.26,176.0,3.1,2.718,0.0,2.718,3
2023-01-12 12:00:00,8.91,1020.26,2.13,181.8,2.96,3.531,0.0,3.531,3
2023-01-12 13:00:00,9.65,1020.03,3.72,166.4,5.42,4.301,0.0,4.301,3
2023-01-12 14:00:00,10.14,1019.97,4.55,169.2,6.47,4.828,0.0,4.828,3
2023-01-12 15:00:00,10.27,1019.8,5.05,181.4,6.61,5.002,0.0,5.002,3
2023-01-12 16:00:00,9.93,1018.33,4.29,191.9,5.49,4.789,0.0,4.789,3
2023-01-12 17:00:00,9.53,1016.63,3.46,205.7,4.03,4.235,0.0,4.235,3
2023-01-12 18:00:00,9.46,1015.62,3.39,215.9,3.95,3.361,0.0,3.361,3
2023-01-12 19:00:00,9.25,1014.93,3.45,203.9,4.25,2.582,0.0,2.582,3
2023-01-12 20:00:00,9.73,1013.94,4.82,201.0,6.27,1.933,0.0,1.933,3
2023-01-12 21:00:00,9.75,1013.23,4.42,212.1,5.44,1.605,0.0,1.605,3
2023-01-12 22:00:00,10.46,1012.28,6.06,196.0,8.07,1.531,0.0,1.531,3
2023-01-12 23:00:00,10.25,1012.01,5.24,225.3,6.29,1.855,0.0,1.855,3
2023-01-13 00:00:00,10.06,1011.23,5.13,221.6,6.08,2.4,0.0,2.4,3
2023-01-13 01:00:00,10.74,1010.26,6.81,219.8,8.23,3.051,0.0,3.051,3
2023-01-13 02:00:00,12.11,1009.69,11.66,213.2,14.54,3.689,0.0,3.689,3
2023-01-13 03:00:00,10.53,1008.54,7.17,216.4,8.59,4.325,0.0,4.325,3
2023-01-13 04:00:00,10.7,1007.48,8.3,221.2,9.96,4.2,0.0,4.2,3
2023-01-13 05:00:00,12.44,1006.86,8.6,236.5,10.94,3.763,0.0,3.763,3
2023-01-13 06:00:00,12.78,1006.22,5.92,252.5,7.9,3.438,0.0,3.438,3
2023-01-13 07:00:00,9.68,1005.56,5.06,214.0,5.97,2.71,0.0,2.71,3
2023-01-13 08:00:00,8.9,1004.93,6.52,214.4,7.6,2.054,0.0,2.054,3
2023-01-13 09:00:00,8.97,1004.23,6.37,216.7,7.45,1.474,0.0,1.474,3
2023-01-13 10:00:00,9.18,1003.73,6.49,220.3,7.76,1.531,0.0,1.531,3
2023-01-13 11:00:00,9.34,1003.23,5.36,221.8,6.41,2.067,0.0,2.067,3
2023-01-13 12:00:00,9.93,1003.42,6.83,223.9,8.23,2.51,0.0,2.51,3
2023-01-13 13:00:00,10.29,1003.61,7.26,227.9,9.16,3.295,0.0,3.295,3
2023-01-13 14:00:00,10.34,1003.96,6.38,227.3,7.84,4.132,0.0,4.132,3
2023-01-13 15:00:00,10.12,1004.69,6.11,293.8,8.11,4.466,0.0,4.466,3
2023-01-13 16:00:00,9.73,1004.22,5.28,315.8,6.93,4.433,0.0,4.433,3
2023-01-13 17:00:00,9.47,1004.16,5.57,321.9,7.19,4.118,0.0,4.118,3
2023-01-13 18:00:00,9.34,1003.73,5.4,326.7,7.23,3.466,0.0,3.466,3
2023-01-13 19:00:00,9.26,1003.37,5.64,334.2,7.48,2.704,0.0,2.704,3
2023-01-13 20:00:00,9.03,1004.07,5.34,341.1,6.9,2.008,0.0,2.008,3
2023-01-13 21:00:00,8.71,1004.91,5.6,314.1,7.09,1.34,0.0,1.34,3
2023-01-13 22:00:00,8.06,1005.3,6.59,42.9,8.47,1.225,0.0,1.225,3
2023-01-13 23:00:00,7.5,1006.55,7.11,316.5,9.13,1.356,0.0,1.356,3
2023-01-14 00:00:00,6.93,1006.28,7.36,353.2,9.35,1.723,0.0,1.723,3
2023-01-14 01:00:00,6.45,1006.57,6.83,352.2,8.68,2.226,0.0,2.226,3
2023-01-14 02:00:00,6.1,1006.22,7.22,209.2,9.38,2.961,0.0,2.961,3
2023-01-14 03:00:00,5.34,1006.18,8.54,353.5,10.85,3.747,0.0,3.747,3
2023-01-14 04:00:00,4.86,1006.17,7.59,316.1,9.65,4.232,0.0,4.232,3
2023-01-14 05:00:00,4.58,1006.25,8.87,109.4,11.27,4.338,0.0,4.338,3
2023-01-14 06:00:00,4.27,1007.05,8.99,250.1,11.41,4.1,0.0,4.1,3
2023-01-14 07:00:00,3.85,1007.32,9.13,110.4,11.68,3.477,0.0,3.477,3
2023-01-14 08:00:00,3.33,1007.37,9.16,110.3,12.0,2.808,0.0,2.808,3
2023-01-14 09:00:00,2.8,1007.8,9.11,284.9,11.72,2.099,0.0,2.099,3
2023-01-14 10:00:00,2.36,1008.14,8.59,280.9,11.35,1.745,0.0,1.745,3
2023-01-14 11:00:00,2.16,1008.38,8.31,318.3,10.57,1.859,0.0,1.859,3
2023-01-14 12:00:00,1.99,1009.57,6.88,350.2,9.0,2.286,0.0,2.286,3
2023-01-14 13:00:00,1.97,1010.26,7.43,347.4,9.47,2.887,0.0,2.887,3
2023-01-14 14:00:00,1.87,1010.51,8.49,349.6,10.93,3.697,0.0,3.697,3
2023-01-14 15:00:00,1.86,1010.55,8.46,279.1,10.58,4.096,0.0,4.096,3
2023-01-14 16:00:00,1.88,1010.48,9.15,245.9,11.41,4.592,0.0,4.592,3
2023-01-14 17:00:00,1.95,1010.48,8.25,141.5,10.51,4.513,0.0,4.513,3
2023-01-14 18:00:00,1.86,1009.75,9.75,107.7,11.94,4.11,0.0,4.11,3
2023-01-14 19:00:00,2.05,1009.96,9.2,213.3,11.61,3.51,0.0,3.51,3
2023-01-14 20:00:00,2.04,1010.09,9.01,282.8,11.58,2.827,0.0,2.827,3
2023-01-14 21:00:00,1.73,1010.42,9.75,146.0,12.2,2.247,0.0,2.247,3
2023-01-14 22:00:00,1.42,1010.83,9.67,249.9,12.13,1.786,0.0,1.786,3
2023-01-14 23:00:00,1.12,1010.83,10.72,216.2,13.43,1.596,0.0,1.596,3
2023-01-15 00:00:00,0.98,1010.73,11.7,214.4,15.2,1.578,0.0,1.578,3
2023-01-15 01:00:00,0.54,1012.37,9.39,214.2,12.37,2.212,0.0,2.212,3
2023-01-15 02:00:00,0.36,1013.01,9.05,313.5,11.67,2.989,0.0,2.989,3
2023-01-15 03:00:00,0.22,1012.61,9.82,349.7,12.67,3.73,0.0,3.73,3
2023-01-15 04:00:00,0.13,1012.14,10.85,315.6,14.2,4.498,0.0,4.498,3
2023-01-15 05:00:00,-0.19,1012.36,10.9,318.0,14.2,4.965,0.0,4.965,3
2023-01-15 06:00:00,-0.21,1012.59,10.57,349.2,13.5,4.853,0.0,4.853,3
2023-01-15 07:00:00,-0.27,1013.12,10.4,351.2,13.18,4.773,0.0,4.773,3
2023-01-15 08:00:00,-0.35,1013.85,10.44,318.9,13.12,4.228,0.0,4.228,3
2023-01-15 09:00:00,-0.3,1014.52,9.64,249.0,12.29,3.555,0.0,3.555,3
2023-01-15 10:00:00,-0.4,1014.72,9.54,318.3,12.25,2.825,0.0,2.825,3
2023-01-15 11:00:00,-0.51,1015.16,9.05,349.8,11.94,2.489,0.0,2.489,3
2023-01-15 12:00:00,-0.69,1015.78,8.59,350.1,11.08,2.581,0.0,2.581,3
2023-01-15 13:00:00,-0.5,1016.23,9.18,284.7,11.52,3.018,0.0,3.018,3
2023-01-15 14:00:00,0.11,1016.94,8.89,214.2,11.49,3.599,0.0,3.599,3
2023-01-15 15:00:00,1.12,1017.1,9.31,351.1,11.79,4.18,0.0,4.18,3
2023-01-15 16:00:00,1.95,1016.71,8.91,317.1,11.21,4.725,0.0,4.725,3
2023-01-15 17:00:00,3.15,1016.02,8.33,316.0,10.35,5.135,0.0,5.135,3
2023-01-15 18:00:00,4.32,1015.48,8.99,352.4,11.15,5.086,0.0,5.086,3
2023-01-15 19:00:00,5.34,1015.17,8.37,318.0,10.62,4.789,0.0,4.789,3
2023-01-15 20:00:00,6.04,1015.21,8.34,280.9,10.88,4.322,0.0,4.322,3
2023-01-15 21:00:00,5.92,1015.57,7.36,282.4,9.19,3.728,0.0,3.728,3
2023-01-15 22:00:00,5.21,1016.0,6.88,340.3,9.14,3.092,0.0,3.092,3
2023-01-15 23:00:00,4.5,1016.55,6.52,348.2,8.68,2.603,0.0,2.603,3
2023-01-16 00:00:00,3.97,1016.58,5.71,345.0,7.36,2.407,0.0,2.407,3
2023-01-16 01:00:00,3.38,1016.55,5.31,342.0,6.58,2.577,0.0,2.577,3
2023-01-16 02:00:00,3.16,1016.36,6.42,352.7,8.27,3.044,0.0,3.044,3
2023-01-16 03:00:00,2.75,1016.41,6.61,213.6,8.44,3.935,0.0,3.935,3
2023-01-16 04:00:00,2.21,1016.4,6.66,346.9,8.2,4.817,0.0,4.817,3
2023-01-16 05:00:00,1.42,1016.25,6.21,341.4,7.95,5.46,0.0,5.46,3
2023-01-16 06:00:00,0.8,1016.26,6.21,336.0,7.97,5.819,0.0,5.819,3
2023-01-16 07:00:00,0.64,1016.44,6.26,341.2,8.22,5.794,0.0,5.794,3
2023-01-16 08:00:00,0.33,1016.3,6.2,309.9,7.98,5.375,0.0,5.375,3
2023-01-16 09:00:00,0.45,1016.01,6.95,107.8,8.78,4.694,0.0,4.694,3
2023-01-16 10:00:00,0.22,1016.07,6.29,346.4,7.97,3.822,0.0,3.822,3
2023-01-16 11:00:00,-0.2,1016.18,5.45,339.7,6.8,3.126,0.0,3.126,3
2023-01-16 12:00:00,-0.79,1016.44,5.67,335.1,7.24,2.753,0.0,2.753,3
2023-01-16 13:00:00,-0.02,1016.5,6.42,343.2,7.98,2.723,0.0,2.723,3
2023-01-16 14:00:00,0.99,1016.62,6.12,342.0,8.06,2.858,0.0,2.858,3
2023-01-16 15:00:00,2.16,1015.93,5.76,344.4,7.39,3.376,0.0,3.376,3
2023-01-16 16:00:00,3.68,1015.04,5.14,347.0,6.79,3.959,0.0,3.959,3
2023-01-16 17:00:00,5.34,1014.19,4.98,330.4,6.49,4.46,0.0,4.46,3
2023-01-16 18:00:00,6.8,1013.02,4.57,324.3,6.09,4.76,0.0,4.76,3
2023-01-16 19:00:00,8.09,1011.96,5.58,320.8,7.11,4.717,0.0,4.717,3
2023-01-16 20:00:00,9.1,1011.93,4.83,318.1,6.44,4.519,0.0,4.519,3
2023-01-16 21:00:00,9.17,1012.2,4.52,311.5,6.17,4.052,0.0,4.052,3
2023-01-16 22:00:00,8.26,1012.27,2.94,306.6,3.98,3.271,0.0,3.271,3
2023-01-16 23:00:00,7.53,1012.29,3.26,303.3,4.4,2.482,0.0,2.482,3
2023-01-17 00:00:00,7.15,1012.17,3.57,306.3,4.93,1.739,0.0,1.739,3
2023-01-17 01:00:00,6.61,1012.38,2.94,307.5,4.11,1.604,0.0,1.604,3
2023-01-17 02:00:00,7.15,1012.37,4.43,312.3,5.99,1.861,0.0,1.861,3
2023-01-17 03:00:00,7.4,1012.04,4.68,312.4,6.33,2.575,0.0,2.575,3
2023-01-17 04:00:00,6.93,1012.09,3.64,310.5,4.76,3.298,0.0,3.298,3
2023-01-17 05:00:00,6.14,1011.64,2.76,310.3,3.85,4.059,0.0,4.059,3
2023-01-17 06:00:00,5.48,1011.48,2.86,303.6,3.78,4.75,0.0,4.75,3
2023-01-17 07:00:00,5.29,1011.11,1.42,300.9,1.96,5.116,0.0,5.116,3
2023-01-17 08:00:00,5.12,1010.93,1.65,269.9,2.09,4.99,0.0,4.99,3
2023-01-17 09:00:00,4.88,1010.65,1.44,257.2,2.05,4.538,0.0,4.538,3
2023-01-17 10:00:00,4.78,1010.42,1.21,226.7,1.55,3.757,0.0,3.757,3
2023-01-17 11:00:00,4.73,1010.41,1.6,219.5,1.94,2.946,0.0,2.946,3
2023-01-17 12:00:00,5.39,1010.47,2.37,225.4,2.96,2.244,0.0,2.244,3
2023-01-17 13:00:00,5.96,1010.24,3.64,212.2,4.24,1.707,0.0,1.707,3
2023-01-17 14:00:00,6.37,1009.77,3.96,225.1,4.71,1.524,0.0,1.524,3
2023-01-17 15:00:00,6.62,1009.11,5.46,225.1,6.56,1.746,0.0,1.746,3
2023-01-17 16:00:00,7.62,1008.51,4.55,256.5,5.64,2.271,0.0,2.271,3
2023-01-17 17:00:00,7.98,1007.48,3.6,276.0,4.76,2.985,0.0,2.985,3
2023-01-17 18:00:00,7.77,1006.56,2.87,258.2,3.64,3.455,0.0,3.455,3
2023-01-17 19:00:00,7.19,1006.05,5.45,216.1,6.41,3.661,0.0,3.661,3
2023-01-17 20:00:00,7.79,1006.43,3.91,250.1,4.88,3.758,0.0,3.758,3
2023-01-17 21:00:00,8.23,1006.12,3.55,240.9,4.36,3.664,0.0,3.664,3
2023-01-17 22:00:00,7.28,1006.12,4.03,230.2,4.84,3.079,0.0,3.079,3
2023-01-17 23:00:00,7.33,1006.37,3.12,238.2,3.89,2.363,0.0,2.363,3
2023-01-18 00:00:00,6.97,1006.78,3.19,234.8,3.97,1.499,0.0,1.499,3
2023-01-18 01:00:00,7.3,1007.23,2.93,252.0,3.49,0.954,0.0,0.954,3
2023-01-18 02:00:00,6.76,1007.56,2.38,247.6,2.95,0.843,0.0,0.843,3
2023-01-18 03:00:00,6.43,1007.81,2.8,247.2,3.51,1.111,0.0,1.111,3
2023-01-18 04:00:00,6.22,1007.5,2.68,242.7,3.33,1.842,0.0,1.842,3
2023-01-18 05:00:00,5.73,1007.21,2.89,240.3,3.44,2.735,0.0,2.735,3
2023-01-18 06:00:00,6.11,1007.32,3.22,226.9,4.14,3.667,0.0,3.667,3
2023-01-18 07:00:00,6.3,1007.95,1.69,170.0,2.71,4.421,0.0,4.421,3
2023-01-18 08:00:00,6.27,1007.97,2.53,254.3,3.35,4.799,0.0,4.799,3
2023-01-18 09:00:00,7.42,1008.24,4.48,280.2,5.9,4.632,0.0,4.632,3
2023-01-18 10:00:00,8.17,1008.78,4.75,279.8,6.21,4.116,0.0,4.116,3
2023-01-18 11:00:00,8.49,1009.42,4.95,279.0,6.36,3.287,0.0,3.287,3
2023-01-18 12:00:00,8.2,1010.33,4.48,280.3,5.81,2.243,0.0,2.243,3
2023-01-18 13:00:00,8.6,1011.35,5.25,281.8,7.09,1.371,0.0,1.371,3
2023-01-18 14:00:00,9.65,1012.13,5.39,287.6,7.14,0.77,0.0,0.77,3
2023-01-18 15:00:00,11.05,1012.42,4.21,277.3,5.74,0.469,0.0,0.469,3
2023-01-18 16:00:00,13.06,1012.15,5.38,302.1,7.57,0.751,0.0,0.751,3
2023-01-18 17:00:00,13.49,1011.7,5.87,305.4,8.13,1.378,0.0,1.378,3
2023-01-18 18:00:00,14.12,1011.54,6.77,308.1,9.39,2.187,0.0,2.187,3
2023-01-18 19:00:00,14.06,1012.03,7.45,317.1,10.01,2.818,0.0,2.818,3
2023-01-18 20:00:00,13.5,1013.2,6.48,330.4,8.49,3.248,0.0,3.248,3
2023-01-18 21:00:00,13.14,1014.51,4.78,323.9,6.43,3.466,0.0,3.466,3
2023-01-18 22:00:00,12.07,1015.78,3.84,331.7,5.14,3.224,0.0,3.224,3
2023-01-18 23:00:00,11.07,1016.84,2.72,334.1,3.35,2.546,0.0,2.546,3
2023-01-19 00:00:00,10.02,1017.28,2.93,175.2,3.43,1.642,0.0,1.642,3
2023-01-19 01:00:00,8.96,1017.33,3.29,143.5,3.84,0.788,0.0,0.788,3
2023-01-19 02:00:00,8.7,1017.95,3.31,345.2,3.94,0.299,0.0,0.299,3
2023-01-19 03:00:00,8.07,1018.11,2.23,184.0,2.91,0.209,0.0,0.209,3
2023-01-19 04:00:00,7.25,1018.09,1.04,12.5,1.4,0.725,0.0,0.725,3
2023-01-19 05:00:00,6.8,1018.4,1.12,245.2,1.44,1.527,0.0,1.527,3
2023-01-19 06:00:00,6.73,1018.13,0.89,28.0,1.36,2.767,0.0,2.767,3
2023-01-19 07:00:00,6.74,1018.15,0.33,111.2,0.7,3.912,0.0,3.912,3
2023-01-19 08:00:00,6.62,1018.13,0.22,301.3,0.58,4.707,0.0,4.707,3
2023-01-19 09:00:00,6.21,1018.05,0.0,346.0,0.05,5.202,0.0,5.202,3
2023-01-19 10:00:00,6.08,1018.25,0.09,346.0,0.15,4.967,0.0,4.967,3
2023-01-19 11:00:00,6.15,1017.46,0.94,167.0,1.56,4.429,0.0,4.429,3
2023-01-19 12:00:00,6.27,1017.78,0.57,171.4,0.87,3.467,0.0,3.467,3
2023-01-19 13:00:00,6.79,1017.75,0.64,152.9,0.99,2.417,0.0,2.417,3
2023-01-19 14:00:00,7.16,1016.65,2.71,120.3,4.0,1.415,0.0,1.415,3
2023-01-19 15:00:00,7.95,1015.78,2.3,126.9,3.33,0.507,0.0,0.507,3
2023-01-19 16:00:00,8.19,1014.25,2.56,77.7,3.65,0.333,0.0,0.333,3
2023-01-19 17:00:00,8.48,1012.25,1.71,68.0,2.5,0.813,0.0,0.813,3
2023-01-19 18:00:00,9.3,1010.36,2.42,132.7,3.23,1.581,0.0,1.581,3
2023-01-19 19:00:00,9.12,1009.23,5.26,210.8,6.16,2.621,0.0,2.621,3
2023-01-19 20:00:00,8.77,1008.31,5.29,215.9,6.2,3.559,0.0,3.559,3
2023-01-19 21:00:00,9.02,1007.79,5.33,219.9,6.44,4.118,0.0,4.118,3
2023-01-19 22:00:00,8.57,1006.52,4.95,212.4,5.85,4.442,0.0,4.442,3
2023-01-19 23:00:00,8.89,1005.29,6.06,212.0,7.04,3.989,0.0,3.989,3
2023-01-20 00:00:00,9.42,1004.49,5.16,221.4,6.14,3.26,0.0,3.26,3
2023-01-20 01:00:00,10.08,1003.54,7.25,230.6,8.62,2.243,0.0,2.243,3
2023-01-20 02:00:00,11.1,1002.99,7.51,234.7,9.57,1.548,0.0,1.548,3
2023-01-20 03:00:00,11.78,1002.97,7.84,234.3,9.87,0.94,0.0,0.94,3
2023-01-20 04:00:00,10.84,1003.28,3.57,238.9,4.49,0.792,0.0,0.792,3
2023-01-20 05:00:00,9.36,1003.34,1.56,251.3,2.05,1.251,0.0,1.251,3
2023-01-20 06:00:00,10.71,1003.48,3.07,298.9,4.39,2.098,0.0,2.098,3
2023-01-20 07:00:00,10.13,1004.06,4.84,325.1,6.46,3.39,0.0,3.39,3
2023-01-20 08:00:00,9.07,1004.62,4.32,335.6,5.98,4.711,0.0,4.711,3
2023-01-20 09:00:00,8.35,1005.19,1.35,339.8,1.97,5.506,0.0,5.506,3
2023-01-20 10:00:00,8.07,1006.12,1.7,323.0,2.35,5.965,0.0,5.965,3
2023-01-20 11:00:00,7.32,1007.1,0.4,330.0,0.7,5.988,0.0,5.988,3
2023-01-20 12:00:00,6.52,1007.88,0.94,298.6,1.17,5.318,0.0,5.318,3
2023-01-20 13:00:00,6.95,1008.78,2.7,256.3,3.19,4.003,0.0,4.003,3
2023-01-20 14:00:00,8.23,1009.73,4.45,302.6,6.21,2.657,0.0,2.657,3
2023-01-20 15:00:00,8.75,1009.89,5.73,313.9,7.83,1.352,0.0,1.352,3
2023-01-20 16:00:00,10.19,1009.21,8.74,321.0,12.04,0.286,0.0,0.286,3
2023-01-20 17:00:00,10.4,1008.96,9.16,306.8,12.97,-0.098,0.0,-0.098,3
2023-01-20 18:00:00,10.48,1008.92,9.27,315.4,13.1,0.305,0.0,0.305,3
2023-01-20 19:00:00,10.55,1009.53,8.87,318.7,12.53,0.964,0.0,0.964,3
2023-01-20 20:00:00,10.14,1010.64,8.7,318.6,12.1,2.008,0.0,2.008,3
2023-01-20 21:00:00,9.51,1011.94,8.24,325.1,11.46,2.965,0.0,2.965,3
2023-01-20 22:00:00,8.71,1013.17,8.0,328.2,10.81,3.565,0.0,3.565,3
2023-01-20 23:00:00,7.77,1014.41,6.89,325.3,9.13,3.7,0.0,3.7,3
2023-01-21 00:00:00,7.12,1015.15,6.49,323.0,8.82,3.234,0.0,3.234,3
2023-01-21 01:00:00,6.65,1015.95,5.43,318.3,7.54,2.336,0.0,2.336,3
2023-01-21 02:00:00,6.34,1016.78,6.17,320.5,8.33,1.33,0.0,1.33,3
2023-01-21 03:00:00,5.97,1017.14,5.89,320.1,8.22,0.347,0.0,0.347,3
2023-01-21 04:00:00,5.53,1017.24,5.92,321.5,7.75,-0.325,0.0,-0.325,3
2023-01-21 05:00:00,4.82,1017.34,3.85,304.5,5.27,-0.407,0.0,-0.407,3
2023-01-21 06:00:00,4.37,1017.41,4.87,319.0,6.4,0.281,0.0,0.281,3
2023-01-21 07:00:00,4.05,1018.01,4.83,317.6,6.6,1.539,0.0,1.539,3
2023-01-21 08:00:00,3.7,1018.25,4.17,318.8,5.8,3.017,0.0,3.017,3
2023-01-21 09:00:00,3.38,1018.78,4.4,315.3,5.69,4.282,0.0,4.282,3
2023-01-21 10:00:00,2.75,1019.27,3.61,306.5,4.85,5.284,0.0,5.284,3
2023-01-21 11:00:00,2.39,1020.05,3.69,307.2,5.01,6.013,0.0,6.013,3
2023-01-21 12:00:00,2.18,1020.84,3.9,306.0,4.87,5.917,0.0,5.917,3
2023-01-21 13:00:00,3.01,1021.58,4.81,309.6,6.23,5.188,0.0,5.188,3
2023-01-21 14:00:00,4.53,1022.16,6.15,327.9,7.68,3.985,0.0,3.985,3
2023-01-21 15:00:00,5.78,1022.69,6.86,348.3,8.75,2.574,0.0,2.574,3
2023-01-21 16:00:00,6.01,1022.65,5.74,212.7,7.21,1.428,0.0,1.428,3
2023-01-21 17:00:00,5.99,1022.29,5.2,113.3,6.46,0.624,0.0,0.624,3
2023-01-21 18:00:00,5.65,1022.17,4.65,93.6,6.41,0.33,0.0,0.33,3
2023-01-21 19:00:00,5.41,1022.38,3.98,31.4,5.81,0.703,0.0,0.703,3
2023-01-21 20:00:00,5.47,1022.85,4.05,20.9,5.33,1.736,0.0,1.736,3
2023-01-21 21:00:00,5.43,1023.44,3.52,23.1,4.76,3.188,0.0,3.188,3
2023-01-21 22:00:00,5.35,1024.04,3.26,178.7,4.23,4.123,0.0,4.123,3
2023-01-21 23:00:00,5.1,1024.47,3.39,175.9,4.13,4.659,0.0,4.659,3
2023-01-22 00:00:00,4.96,1024.51,3.27,46.9,4.16,4.69,0.0,4.69,3
2023-01-22 01:00:00,4.84,1024.78,2.86,78.8,3.63,4.101,0.0,4.101,3
2023-01-22 02:00:00,4.72,1025.28,1.58,263.7,2.17,3.206,0.0,3.206,3
2023-01-22 03:00:00,4.57,1024.65,1.67,33.0,2.49,2.096,0.0,2.096,3
2023-01-22 04:00:00,4.38,1024.44,0.46,70.6,0.87,0.833,0.0,0.833,3
2023-01-22 05:00:00,4.43,1024.72,1.18,253.0,1.64,0.086,0.0,0.086,3
2023-01-22 06:00:00,4.15,1024.41,0.22,230.4,0.51,0.047,0.0,0.047,3
2023-01-22 07:00:00,4.03,1024.4,0.62,160.8,0.94,0.612,0.0,0.612,3
2023-01-22 08:00:00,3.83,1023.94,0.6,132.2,1.02,1.87,0.0,1.87,3
2023-01-22 09:00:00,4.03,1023.48,1.09,168.3,1.74,3.221,0.0,3.221,3
2023-01-22 10:00:00,4.52,1022.99,1.84,157.3,2.56,4.558,0.0,4.558,3
2023-01-22 11:00:00,4.84,1022.79,2.46,155.4,3.51,5.57,0.0,5.57,3
2023-01-22 12:00:00,5.39,1022.2,3.42,161.3,4.65,5.99,0.0,5.99,3
2023-01-22 13:00:00,5.85,1021.61,2.76,152.2,4.15,5.832,0.0,5.832,3
2023-01-22 14:00:00,6.31,1021.71,2.45,162.0,3.44,4.902,0.0,4.902,3
2023-01-22 15:00:00,6.59,1021.24,2.22,153.7,3.09,3.421,0.0,3.421,3
2023-01-22 16:00:00,6.76,1020.09,3.4,157.5,4.81,2.009,0.0,2.009,3
2023-01-22 17:00:00,6.85,1018.62,2.46,143.1,3.52,0.687,0.0,0.687,3
2023-01-22 18:00:00,6.82,1017.41,1.7,121.2,2.39,-0.074,0.0,-0.074,3
2023-01-22 19:00:00,6.89,1016.21,1.77,104.8,2.65,-0.219,0.0,-0.219,3
2023-01-22 20:00:00,7.23,1014.7,2.88,94.1,4.5,0.634,0.0,0.634,3
2023-01-22 21:00:00,6.96,1013.65,3.54,81.6,5.22,2.047,0.0,2.047,3
2023-01-22 22:00:00,6.67,1011.99,3.74,77.0,5.52,3.483,0.0,3.483,3
2023-01-22 23:00:00,7.36,1011.29,2.1,65.7,3.2,4.49,0.0,4.49,3
2023-01-23 00:00:00,8.52,1009.59,2.09,97.3,2.89,5.0,0.0,5.0,3
2023-01-23 01:00:00,9.16,1007.2,3.24,98.5,4.55,5.101,0.0,5.101,3
2023-01-23 02:00:00,9.56,1005.4,2.7,124.1,4.15,4.488,0.0,4.488,3
2023-01-23 03:00:00,9.55,1004.21,4.03,217.9,5.59,3.65,0.0,3.65,3
2023-01-23 04:00:00,10.9,1003.48,6.32,239.0,7.88,2.54,0.0,2.54,3
2023-01-23 05:00:00,11.67,1002.69,4.98,260.5,6.31,1.39,0.0,1.39,3
2023-01-23 06:00:00,10.09,1002.54,4.55,306.5,6.26,0.66,0.0,0.66,3
2023-01-23 07:00:00,7.25,1001.94,2.3,257.6,3.09,0.543,0.0,0.543,3
2023-01-23 08:00:00,6.7,1001.15,1.47,305.7,1.96,1.247,0.0,1.247,3
2023-01-23 09:00:00,6.19,1001.89,2.81,312.5,3.81,2.496,0.0,2.496,3
2023-01-23 10:00:00,5.62,1002.32,3.18,294.9,4.18,4.022,0.0,4.022,3
2023-01-23 11:00:00,5.29,1002.8,3.27,295.2,4.4,5.173,0.0,5.173,3
2023-01-23 12:00:00,5.07,1003.68,5.36,293.9,7.45,5.922,0.0,5.922,3
2023-01-23 13:00:00,4.95,1004.56,5.43,294.8,7.28,6.376,0.0,6.376,3
2023-01-23 14:00:00,5.39,1005.01,5.32,298.1,7.74,6.072,0.0,6.072,3
2023-01-23 15:00:00,5.83,1005.23,6.23,300.2,9.08,4.851,0.0,4.851,3
2023-01-23 16:00:00,5.83,1005.71,6.59,300.0,9.64,3.195,0.0,3.195,3
2023-01-23 17:00:00,6.26,1005.77,7.75,304.8,11.13,1.89,0.0,1.89,3
2023-01-23 18:00:00,6.7,1006.31,8.23,305.5,11.41,0.546,0.0,0.546,3
2023-01-23 19:00:00,6.94,1007.31,8.15,310.9,11.34,-0.676,0.0,-0.676,3
2023-01-23 20:00:00,7.0,1008.78,7.28,311.5,9.8,-0.729,0.0,-0.729,3
2023-01-23 21:00:00,7.0,1010.43,7.05,314.1,9.81,0.364,0.0,0.364,3
2023-01-23 22:00:00,6.92,1012.16,4.94,309.4,7.12,1.886,0.0,1.886,3
2023-01-23 23:00:00,6.92,1013.51,5.63,308.6,7.84,3.001,0.0,3.001,3
2023-01-24 00:00:00,6.73,1014.58,6.37,312.6,8.55,3.524,0.0,3.524,3
2023-01-24 01:00:00,6.12,1015.91,7.8,320.0,11.15,4.039,0.0,4.039,3
2023-01-24 02:00:00,5.61,1017.13,7.12,317.6,9.79,4.295,0.0,4.295,3
2023-01-24 03:00:00,5.24,1018.22,7.65,318.9,10.37,3.668,0.0,3.668,3
2023-01-24 04:00:00,4.7,1018.95,8.44,329.6,11.31,2.388,0.0,2.388,3
2023-01-24 05:00:00,4.22,1019.74,5.84,330.7,7.69,1.084,0.0,1.084,3
2023-01-24 06:00:00,3.92,1020.26,3.99,317.8,5.43,0.063,0.0,0.063,3
2023-01-24 07:00:00,3.49,1020.89,2.85,303.2,3.83,-0.426,0.0,-0.426,3
2023-01-24 08:00:00,2.93,1021.12,2.44,283.5,3.08,-0.38,0.0,-0.38,3
2023-01-24 09:00:00,2.43,1021.87,3.22,289.7,4.44,0.294,0.0,0.294,3
2023-01-24 10:00:00,2.82,1022.34,3.82,308.7,5.29,1.3,0.0,1.3,3
2023-01-24 11:00:00,2.0,1022.95,2.56,291.5,3.28,2.671,0.0,2.671,3
2023-01-24 12:00:00,1.64,1023.85,2.9,278.3,3.72,3.772,0.0,3.772,3
2023-01-24 13:00:00,2.64,1024.71,3.41,284.6,4.41,4.537,0.0,4.537,3
2023-01-24 14:00:00,4.3,1025.34,3.88,291.7,5.2,4.818,0.0,4.818,3
2023-01-24 15:00:00,5.77,1025.19,5.49,296.5,7.74,4.23,0.0,4.23,3
2023-01-24 16:00:00,6.64,1024.6,6.08,300.8,8.22,3.191,0.0,3.191,3
2023-01-24 17:00:00,7.55,1023.79,5.92,298.8,7.65,1.844,0.0,1.844,3
2023-01-24 18:00:00,8.34,1023.41,5.0,295.4,6.84,0.425,0.0,0.425,3
2023-01-24 19:00:00,8.9,1023.56,4.88,294.9,6.73,-0.739,0.0,-0.739,3
2023-01-24 20:00:00,9.11,1023.46,4.43,301.1,5.93,-1.144,0.0,-1.144,3
2023-01-24 21:00:00,9.07,1024.03,3.61,299.0,4.76,-0.882,0.0,-0.882,3
2023-01-24 22:00:00,8.03,1024.74,2.08,297.6,2.69,0.116,0.0,0.116,3
2023-01-24 23:00:00,6.27,1025.35,0.76,289.9,0.92,1.471,0.0,1.471,3
2023-01-25 00:00:00,5.26,1025.87,0.78,300.4,0.99,2.635,0.0,2.635,3
2023-01-25 01:00:00,4.75,1026.77,1.35,275.4,1.7,3.366,0.0,3.366,3
2023-01-25 02:00:00,4.53,1027.25,1.13,273.1,1.49,3.79,0.0,3.79,3
2023-01-25 03:00:00,4.29,1026.7,0.53,278.6,0.86,3.823,0.0,3.823,3
2023-01-25 04:00:00,3.68,1026.27,0.49,242.6,0.74,3.214,0.0,3.214,3
2023-01-25 05:00:00,3.23,1025.8,0.11,240.0,0.2,2.172,0.0,2.172,3
2023-01-25 06:00:00,3.32,1026.13,2.14,110.2,2.92,1.026,0.0,1.026,3
2023-01-25 07:00:00,2.95,1026.19,1.05,84.1,1.51,0.094,0.0,0.094,3
2023-01-25 08:00:00,3.49,1025.89,1.55,50.6,1.94,-0.3,0.0,-0.3,3
2023-01-25 09:00:00,5.22,1026.03,1.87,109.0,2.65,-0.306,0.0,-0.306,3
2023-01-25 10:00:00,6.17,1026.44,3.07,100.5,4.52,0.43,0.0,0.43,3
2023-01-25 11:00:00,6.26,1025.78,3.38,99.3,5.01,1.786,0.0,1.786,3
2023-01-25 12:00:00,6.56,1024.42,3.8,109.7,5.47,3.209,0.0,3.209,3
2023-01-25 13:00:00,6.97,1023.87,3.95,107.6,5.7,4.361,0.0,4.361,3
2023-01-25 14:00:00,7.75,1023.05,3.75,115.4,5.46,5.028,0.0,5.028,3
2023-01-25 15:00:00,8.18,1022.72,2.78,119.8,4.09,5.214,0.0,5.214,3
2023-01-25 16:00:00,8.54,1021.91,1.92,125.2,2.79,4.709,0.0,4.709,3
2023-01-25 17:00:00,8.59,1018.71,3.97,115.0,5.87,3.642,0.0,3.642,3
2023-01-25 18:00:00,8.96,1016.85,4.82,128.5,7.03,2.306,0.0,2.306,3
2023-01-25 19:00:00,9.08,1015.83,4.56,133.7,6.91,1.153,0.0,1.153,3
2023-01-25 20:00:00,9.25,1014.42,6.18,134.0,9.05,0.752,0.0,0.752,3
2023-01-25 21:00:00,9.76,1011.9,6.59,141.5,10.13,0.588,0.0,0.588,3
2023-01-25 22:00:00,10.21,1010.32,6.37,152.6,9.21,0.91,0.0,0.91,3
2023-01-25 23:00:00,10.43,1008.86,8.46,179.8,11.91,2.113,0.0,2.113,3
2023-01-26 00:00:00,10.34,1007.53,8.79,195.6,11.68,3.68,0.0,3.68,3
2023-01-26 01:00:00,10.51,1006.48,9.34,209.4,11.99,4.633,0.0,4.633,3
2023-01-26 02:00:00,10.37,1005.07,7.63,228.9,9.51,5.406,0.0,5.406,3
2023-01-26 03:00:00,10.1,1003.42,7.92,221.7,9.43,5.365,0.0,5.365,3
2023-01-26 04:00:00,10.57,1002.32,6.58,225.0,7.92,5.128,0.0,5.128,3
2023-01-26 05:00:00,9.57,1001.35,5.12,219.0,6.06,4.465,0.0,4.465,3
2023-01-26 06:00:00,10.15,1000.54,6.54,224.1,8.04,3.471,0.0,3.471,3
2023-01-26 07:00:00,10.76,1000.08,7.5,229.3,9.32,2.436,0.0,2.436,3
2023-01-26 08:00:00,11.7,1000.31,7.0,265.1,9.64,1.347,0.0,1.347,3
2023-01-26 09:00:00,11.02,1001.68,5.3,310.6,7.15,0.77,0.0,0.77,3
2023-01-26 10:00:00,9.65,1003.07,4.36,309.9,6.02,0.897,0.0,0.897,3
2023-01-26 11:00:00,8.61,1004.45,5.88,319.7,7.7,1.481,0.0,1.481,3
2023-01-26 12:00:00,7.88,1006.17,5.46,305.7,7.75,2.289,0.0,2.289,3
2023-01-26 13:00:00,7.88,1007.74,5.18,299.9,7.2,3.354,0.0,3.354,3
2023-01-26 14:00:00,8.05,1008.69,5.84,300.8,7.78,4.107,0.0,4.107,3
2023-01-26 15:00:00,8.37,1009.27,5.78,282.3,7.83,4.436,0.0,4.436,3
2023-01-26 16:00:00,9.17,1009.03,7.19,295.8,10.68,4.415,0.0,4.415,3
2023-01-26 17:00:00,9.27,1008.77,8.3,302.3,11.61,4.066,0.0,4.066,3
2023-01-26 18:00:00,9.26,1009.12,7.81,304.7,11.12,2.887,0.0,2.887,3
2023-01-26 19:00:00,9.41,1009.82,7.09,310.0,9.79,1.611,0.0,1.611,3
2023-01-26 20:00:00,9.22,1010.87,4.87,300.6,6.83,0.488,0.0,0.488,3
2023-01-26 21:00:00,9.02,1011.82,3.73,284.4,4.95,-0.333,0.0,-0.333,3
2023-01-26 22:00:00,8.65,1012.44,2.86,275.0,3.71,-0.551,0.0,-0.551,3
2023-01-26 23:00:00,7.96,1013.35,2.62,259.3,3.21,-0.043,0.0,-0.043,3
2023-01-27 00:00:00,7.74,1014.17,3.82,257.5,4.73,0.754,0.0,0.754,3
2023-01-27 01:00:00,7.43,1014.72,3.91,257.5,4.88,1.79,0.0,1.79,3
2023-01-27 02:00:00,6.94,1015.51,3.22,290.0,4.06,2.463,0.0,2.463,3
2023-01-27 03:00:00,6.35,1015.89,2.23,274.6,2.72,3.034,0.0,3.034,3
2023-01-27 04:00:00,6.18,1016.5,2.4,280.2,2.92,3.239,0.0,3.239,3
2023-01-27 05:00:00,6.04,1016.99,3.15,277.0,3.96,3.019,0.0,3.019,3
2023-01-27 06:00:00,5.45,1017.53,2.92,299.1,3.75,2.422,0.0,2.422,3
2023-01-27 07:00:00,4.63,1017.71,2.34,308.0,3.05,1.476,0.0,1.476,3
2023-01-27 08:00:00,3.77,1018.04,2.07,326.3,2.55,0.519,0.0,0.519,3
2023-01-27 09:00:00,3.49,1018.42,2.63,321.1,3.25,-0.254,0.0,-0.254,3
2023-01-27 10:00:00,3.31,1019.18,2.61,322.2,3.3,-0.794,0.0,-0.794,3
2023-01-27 11:00:00,2.73,1020.29,2.53,313.0,3.38,-0.624,0.0,-0.624,3
2023-01-27 12:00:00,2.6,1021.16,2.16,300.7,2.73,0.096,0.0,0.096,3
2023-01-27 13:00:00,2.83,1022.11,2.55,294.2,3.02,1.187,0.0,1.187,3
2023-01-27 14:00:00,4.04,1022.74,3.05,316.5,3.95,2.154,0.0,2.154,3
2023-01-27 15:00:00,4.74,1022.88,3.52,316.9,4.62,2.97,0.0,2.97,3
2023-01-27 16:00:00,5.24,1022.39,3.83,306.1,5.13,3.434,0.0,3.434,3
2023-01-27 17:00:00,5.39,1021.49,3.23,270.5,4.47,3.491,0.0,3.491,3
2023-01-27 18:00:00,5.11,1021.38,4.44,322.9,5.59,2.992,0.0,2.992,3
2023-01-27 19:00:00,5.27,1021.53,2.75,298.2,3.74,2.039,0.0,2.039,3
2023-01-27 20:00:00,5.82,1021.93,2.01,265.8,2.85,1.24,0.0,1.24,3
2023-01-27 21:00:00,6.35,1022.43,2.08,274.3,2.82,0.55,0.0,0.55,3
2023-01-27 22:00:00,5.6,1022.8,2.65,266.3,3.45,0.162,0.0,0.162,3
2023-01-27 23:00:00,4.83,1023.3,1.63,242.7,2.04,0.12,0.0,0.12,3
2023-01-28 00:00:00,4.09,1024.18,1.66,257.2,2.04,0.516,0.0,0.516,3
2023-01-28 01:00:00,3.8,1024.66,2.13,252.3,2.62,1.381,0.0,1.381,3
2023-01-28 02:00:00,3.66,1024.84,2.17,244.8,2.6,2.388,0.0,2.388,3
2023-01-28 03:00:00,3.57,1024.62,1.77,228.0,2.11,3.237,0.0,3.237,3
2023-01-28 04:00:00,3.87,1024.4,2.63,231.6,3.13,3.968,0.0,3.968,3
2023-01-28 05:00:00,4.86,1024.18,4.38,229.9,5.48,4.183,0.0,4.183,3
2023-01-28 06:00:00,4.88,1024.64,4.14,234.2,4.93,3.958,0.0,3.958,3
2023-01-28 07:00:00,4.73,1025.03,3.67,228.4,4.43,3.325,0.0,3.325,3
2023-01-28 08:00:00,5.05,1025.07,4.33,230.6,5.23,2.487,0.0,2.487,3
2023-01-28 09:00:00,5.3,1024.97,5.7,251.0,7.01,1.582,0.0,1.582,3
2023-01-28 10:00:00,5.21,1025.14,6.35,260.4,7.81,0.875,0.0,0.875,3
2023-01-28 11:00:00,5.1,1025.63,5.75,265.0,7.22,0.544,0.0,0.544,3
2023-01-28 12:00:00,4.99,1026.22,5.51,266.0,6.86,0.784,0.0,0.784,3
2023-01-28 13:00:00,5.89,1027.11,5.49,273.8,7.26,1.275,0.0,1.275,3
2023-01-28 14:00:00,7.67,1027.54,5.4,278.3,7.03,1.971,0.0,1.971,3
2023-01-28 15:00:00,9.16,1027.91,4.67,284.2,6.04,2.585,0.0,2.585,3
2023-01-28 16:00:00,10.49,1027.4,4.43,280.2,5.62,3.067,0.0,3.067,3
2023-01-28 17:00:00,10.86,1026.51,3.75,229.3,4.84,3.369,0.0,3.369,3
2023-01-28 18:00:00,8.79,1025.83,4.54,201.4,5.77,3.227,0.0,3.227,3
2023-01-28 19:00:00,8.36,1025.98,4.54,206.1,5.55,2.816,0.0,2.816,3
2023-01-28 20:00:00,8.58,1026.63,4.22,204.9,5.17,2.212,0.0,2.212,3
2023-01-28 21:00:00,8.35,1026.88,4.89,209.9,5.72,1.522,0.0,1.522,3
2023-01-28 22:00:00,8.06,1027.44,3.67,225.8,4.32,0.87,0.0,0.87,3
2023-01-28 23:00:00,7.51,1028.2,3.09,227.6,3.7,0.453,0.0,0.453,3
2023-01-29 00:00:00,6.87,1028.59,2.24,223.9,2.66,0.445,0.0,0.445,3
2023-01-29 01:00:00,6.58,1028.75,2.35,220.5,2.69,0.859,0.0,0.859,3
2023-01-29 02:00:00,6.59,1028.83,3.08,222.6,3.56,1.612,0.0,1.612,3
2023-01-29 03:00:00,6.81,1028.86,3.28,215.4,3.7,2.638,0.0,2.638,3
2023-01-29 04:00:00,6.58,1028.64,2.52,213.4,2.91,3.392,0.0,3.392,3
2023-01-29 05:00:00,7.02,1028.43,3.27,209.0,3.92,3.851,0.0,3.851,3
2023-01-29 06:00:00,7.07,1028.04,4.07,222.3,4.73,3.946,0.0,3.946,3
2023-01-29 07:00:00,6.87,1027.63,3.74,220.1,4.3,3.696,0.0,3.696,3
2023-01-29 08:00:00,7.03,1027.56,3.29,230.7,3.86,3.226,0.0,3.226,3
2023-01-29 09:00:00,6.58,1027.84,3.62,220.5,4.18,2.484,0.0,2.484,3
2023-01-29 10:00:00,6.28,1027.54,3.41,219.8,4.0,1.677,0.0,1.677,3
2023-01-29 11:00:00,5.92,1027.35,2.65,222.3,3.06,1.189,0.0,1.189,3
2023-01-29 12:00:00,6.63,1027.24,2.78,208.9,3.35,0.932,0.0,0.932,3
2023-01-29 13:00:00,7.37,1027.32,3.07,207.8,3.72,1.13,0.0,1.13,3
2023-01-29 14:00:00,7.7,1027.14,5.05,214.0,5.99,1.586,0.0,1.586,3
2023-01-29 15:00:00,7.94,1026.69,5.85,211.5,7.01,2.157,0.0,2.157,3
2023-01-29 16:00:00,8.34,1026.16,5.73,208.8,6.95,2.801,0.0,2.801,3
2023-01-29 17:00:00,8.37,1024.97,6.01,205.2,7.16,3.334,0.0,3.334,3
2023-01-29 18:00:00,8.18,1023.92,6.22,206.1,7.58,3.571,0.0,3.571,3
2023-01-29 19:00:00,9.25,1023.16,6.14,222.0,7.46,3.384,0.0,3.384,3
2023-01-29 20:00:00,10.19,1022.85,5.45,232.6,6.95,3.099,0.0,3.099,3
2023-01-29 21:00:00,9.65,1022.56,6.21,223.4,7.35,2.549,0.0,2.549,3
2023-01-29 22:00:00,9.59,1022.38,5.45,231.4,6.74,1.886,0.0,1.886,3
2023-01-29 23:00:00,10.09,1023.17,4.47,264.5,6.53,1.387,0.0,1.387,3
2023-01-30 00:00:00,9.87,1023.32,5.26,254.5,7.47,0.944,0.0,0.944,3
2023-01-30 01:00:00,9.72,1023.77,3.99,275.2,5.95,0.803,0.0,0.803,3
2023-01-30 02:00:00,9.79,1023.82,3.19,275.5,4.87,1.268,0.0,1.268,3
2023-01-30 03:00:00,9.69,1023.77,2.39,276.6,3.53,2.083,0.0,2.083,3
2023-01-30 04:00:00,9.46,1023.62,1.65,291.7,3.44,2.824,0.0,2.824,3
2023-01-30 05:00:00,8.98,1023.12,1.47,280.6,2.43,3.686,0.0,3.686,3
2023-01-30 06:00:00,8.63,1022.97,1.11,280.6,1.71,3.993,0.0,3.993,3
2023-01-30 07:00:00,8.11,1022.32,0.86,249.9,1.16,4.008,0.0,4.008,3
2023-01-30 08:00:00,7.68,1022.72,1.06,247.8,1.42,3.84,0.0,3.84,3
2023-01-30 09:00:00,7.85,1022.62,0.05,270.0,0.15,3.294,0.0,3.294,3
2023-01-30 10:00:00,7.64,1023.36,0.09,270.0,0.3,2.45,0.0,2.45,3
2023-01-30 11:00:00,7.44,1023.4,0.62,188.6,0.91,1.749,0.0,1.749,3
2023-01-30 12:00:00,7.36,1022.75,0.88,203.9,1.46,1.202,0.0,1.202,3
2023-01-30 13:00:00,7.41,1023.23,0.32,351.0,0.63,0.919,0.0,0.919,3
2023-01-30 14:00:00,7.96,1023.79,1.31,243.2,1.94,0.971,0.0,0.971,3
2023-01-30 15:00:00,8.61,1023.3,0.7,103.3,1.44,1.196,0.0,1.196,3
2023-01-30 16:00:00,9.04,1022.61,1.08,108.5,1.74,1.765,0.0,1.765,3
2023-01-30 17:00:00,8.47,1021.8,1.06,186.3,1.36,2.375,0.0,2.375,3
2023-01-30 18:00:00,9.16,1020.91,1.67,190.8,2.24,2.834,0.0,2.834,3
2023-01-30 19:00:00,9.78,1020.61,1.5,185.6,2.02,3.033,0.0,3.033,3
2023-01-30 20:00:00,9.58,1020.35,1.88,130.9,2.53,3.092,0.0,3.092,3
2023-01-30 21:00:00,8.78,1020.42,2.11,110.3,2.84,2.891,0.0,2.891,3
2023-01-30 22:00:00,7.87,1020.48,1.99,150.8,2.83,2.402,0.0,2.402,3
2023-01-30 23:00:00,7.33,1021.0,1.39,198.0,1.77,1.843,0.0,1.843,3
2023-01-31 00:00:00,7.05,1021.29,1.42,221.3,1.69,1.222,0.0,1.222,3
2023-01-31 01:00:00,6.84,1021.1,1.13,220.5,1.41,1.017,0.0,1.017,3
2023-01-31 02:00:00,6.6,1020.96,2.21,225.5,2.65,1.154,0.0,1.154,3
2023-01-31 03:00:00,6.88,1020.96,2.53,230.5,3.11,1.759,0.0,1.759,3
2023-01-31 04:00:00,7.09,1020.82,1.54,242.1,1.85,2.578,0.0,2.578,3
2023-01-31 05:00:00,7.2,1020.24,2.77,211.5,3.21,3.297,0.0,3.297,3
2023-01-31 06:00:00,7.22,1019.96,3.61,221.9,4.11,3.898,0.0,3.898,3
2023-01-31 07:00:00,7.61,1019.82,2.63,234.1,3.18,4.404,0.0,4.404,3
2023-01-31 08:00:00,7.41,1019.32,4.43,221.1,5.1,4.581,0.0,4.581,3
2023-01-31 09:00:00,7.25,1019.38,4.39,225.9,5.1,4.277,0.0,4.277,3
2023-01-31 10:00:00,7.4,1019.59,4.89,223.5,5.58,3.627,0.0,3.627,3
2023-01-31 11:00:00,7.66,1019.86,5.64,225.7,6.71,2.913,0.0,2.913,3
2023-01-31 12:00:00,8.12,1021.02,3.58,289.9,4.45,2.234,0.0,2.234,3
2023-01-31 13:00:00,8.94,1022.14,2.89,283.0,3.91,1.742,0.0,1.742,3
2023-01-31 14:00:00,7.49,1023.53,4.78,54.9,6.98,1.213,0.0,1.213,3
2023-01-31 15:00:00,7.13,1024.12,3.9,32.9,5.94,1.026,0.0,1.026,3
2023-01-31 16:00:00,6.43,1023.15,4.06,50.1,6.43,1.442,0.0,1.442,3
2023-01-31 17:00:00,5.88,1023.45,4.78,30.4,7.21,2.117,0.0,2.117,3
2023-01-31 18:00:00,5.25,1022.74,2.96,53.1,5.59,2.704,0.0,2.704,3
2023-01-31 19:00:00,5.09,1022.51,4.23,36.0,6.79,3.305,0.0,3.305,3
2023-01-31 20:00:00,4.32,1022.86,4.42,35.0,6.53,3.544,0.0,3.544,3
2023-01-31 21:00:00,4.07,1023.16,4.01,30.2,5.99,3.576,0.0,3.576,3
2023-01-31 22:00:00,4.04,1022.62,3.01,61.0,5.47,3.223,0.0,3.223,3
2023-01-31 23:00:00,4.1,1022.99,3.03,69.4,5.03,2.74,0.0,2.74,3
2023-02-01 00:00:00,4.08,1023.31,3.1,68.6,5.34,2.048,0.0,2.048,3
2023-02-01 01:00:00,3.96,1022.8,2.61,68.7,4.87,1.665,0.0,1.665,3
2023-02-01 02:00:00,4.12,1022.91,3.23,37.2,5.0,1.287,0.0,1.287,3
2023-02-01 03:00:00,3.77,1022.78,3.7,35.8,5.45,1.478,0.0,1.478,3
2023-02-01 04:00:00,3.64,1022.31,4.3,35.8,6.44,2.011,0.0,2.011,3
2023-02-01 05:00:00,3.87,1021.53,3.87,36.3,5.87,2.72,0.0,2.72,3
2023-02-01 06:00:00,3.94,1021.04,3.53,34.7,5.28,3.491,0.0,3.491,3
2023-02-01 07:00:00,3.88,1021.35,4.6,31.7,6.69,4.227,0.0,4.227,3
2023-02-01 08:00:00,3.22,1021.21,6.09,25.9,8.56,4.731,0.0,4.731,3
2023-02-01 09:00:00,2.76,1021.77,7.02,19.3,9.36,4.727,0.0,4.727,3
2023-02-01 10:00:00,2.3,1022.39,6.59,19.8,8.66,4.318,0.0,4.318,3
2023-02-01 11:00:00,1.76,1022.67,5.9,26.1,8.4,3.816,0.0,3.816,3
2023-02-01 12:00:00,1.52,1023.63,6.37,8.5,7.92,3.104,0.0,3.104,3
2023-02-01 13:00:00,1.28,1024.55,5.03,109.8,6.19,2.551,0.0,2.551,3
2023-02-01 14:00:00,1.17,1025.03,4.25,212.4,5.25,1.872,0.0,1.872,3
2023-02-01 15:00:00,1.42,1025.82,5.28,313.2,6.66,1.473,0.0,1.473,3
2023-02-01 16:00:00,1.76,1025.87,6.22,143.8,7.63,1.461,0.0,1.461,3
2023-02-01 17:00:00,2.08,1025.23,6.49,110.4,8.23,1.794,0.0,1.794,3
2023-02-01 18:00:00,2.22,1025.07,6.0,214.4,7.47,2.363,0.0,2.363,3
2023-02-01 19:00:00,2.46,1025.1,5.79,140.5,7.07,2.883,0.0,2.883,3
2023-02-01 20:00:00,2.78,1025.18,3.69,85.4,5.09,3.46,0.0,3.46,3
2023-02-01 21:00:00,3.18,1025.5,3.89,141.2,4.86,3.716,0.0,3.716,3
2023-02-01 22:00:00,2.94,1026.13,2.7,333.3,3.31,3.786,0.0,3.786,3
2023-02-01 23:00:00,2.35,1026.52,1.67,318.9,2.07,3.328,0.0,3.328,3
2023-02-02 00:00:00,1.39,1026.73,1.75,311.6,2.15,2.576,0.0,2.576,3
2023-02-02 01:00:00,1.01,1026.9,2.28,331.1,2.76,1.903,0.0,1.903,3
2023-02-02 02:00:00,0.62,1027.31,2.08,325.4,2.62,1.306,0.0,1.306,3
2023-02-02 03:00:00,0.0,1026.99,0.82,337.6,1.21,1.123,0.0,1.123,3
2023-02-02 04:00:00,-0.14,1027.25,1.21,334.4,1.55,1.316,0.0,1.316,3
2023-02-02 05:00:00,0.35,1026.82,0.82,81.4,1.22,1.874,0.0,1.874,3
2023-02-02 06:00:00,0.31,1026.23,0.57,69.6,0.95,2.761,0.0,2.761,3
2023-02-02 07:00:00,-0.18,1026.61,1.09,306.1,1.45,3.543,0.0,3.543,3
2023-02-02 08:00:00,-0.51,1026.23,0.69,295.0,1.19,4.303,0.0,4.303,3
2023-02-02 09:00:00,-0.13,1025.8,1.07,300.5,1.51,4.641,0.0,4.641,3
2023-02-02 10:00:00,0.43,1025.16,1.83,271.7,2.3,4.592,0.0,4.592,3
2023-02-02 11:00:00,0.4,1025.52,2.05,335.9,2.62,4.408,0.0,4.408,3
2023-02-02 12:00:00,0.51,1025.39,1.62,333.3,2.05,3.802,0.0,3.802,3
2023-02-02 13:00:00,0.86,1025.24,1.56,326.8,2.01,2.978,0.0,2.978,3
2023-02-02 14:00:00,1.21,1025.52,1.71,243.7,2.14,2.191,0.0,2.191,3
2023-02-02 15:00:00,1.86,1024.88,1.62,112.4,2.12,1.539,0.0,1.539,3
2023-02-02 16:00:00,2.26,1024.37,1.99,43.0,2.57,1.049,0.0,1.049,3
2023-02-02 17:00:00,2.8,1022.6,0.32,9.1,0.63,1.127,0.0,1.127,3
2023-02-02 18:00:00,3.35,1020.88,1.19,246.0,1.81,1.433,0.0,1.433,3
2023-02-02 19:00:00,3.37,1019.86,2.4,204.7,3.15,2.12,0.0,2.12,3
2023-02-02 20:00:00,3.54,1018.87,4.14,214.5,5.0,2.7,0.0,2.7,3
2023-02-02 21:00:00,3.36,1018.57,3.42,242.6,4.12,3.302,0.0,3.302,3
2023-02-02 22:00:00,3.29,1018.02,2.81,237.3,3.42,3.546,0.0,3.546,3
2023-02-02 23:00:00,3.02,1017.68,3.28,270.8,4.14,3.382,0.0,3.382,3
2023-02-03 00:00:00,2.46,1017.1,3.28,269.2,4.07,2.913,0.0,2.913,3
2023-02-03 01:00:00,2.43,1016.56,3.57,254.7,4.57,1.967,0.0,1.967,3
2023-02-03 02:00:00,2.53,1015.71,4.52,256.7,5.56,1.34,0.0,1.34,3
2023-02-03 03:00:00,2.42,1015.01,3.83,255.2,4.73,0.935,0.0,0.935,3
2023-02-03 04:00:00,2.71,1014.56,4.84,270.3,6.29,0.737,0.0,0.737,3
2023-02-03 05:00:00,2.87,1013.45,4.47,282.5,6.0,0.965,0.0,0.965,3
2023-02-03 06:00:00,3.08,1012.46,3.94,281.9,5.13,1.524,0.0,1.524,3
2023-02-03 07:00:00,3.36,1012.61,4.24,299.6,5.72,2.387,0.0,2.387,3
2023-02-03 08:00:00,3.49,1012.24,3.69,303.0,5.13,3.233,0.0,3.233,3
2023-02-03 09:00:00,3.61,1012.04,4.02,312.1,5.36,3.804,0.0,3.804,3
2023-02-03 10:00:00,4.08,1012.93,5.52,331.3,7.25,4.05,0.0,4.05,3
2023-02-03 11:00:00,3.7,1013.07,4.84,323.6,6.43,3.987,0.0,3.987,3
2023-02-03 12:00:00,3.87,1013.76,5.6,327.0,7.74,3.634,0.0,3.634,3
2023-02-03 13:00:00,4.27,1014.77,7.0,324.1,9.57,2.994,0.0,2.994,3
2023-02-03 14:00:00,3.26,1015.8,9.67,310.0,12.49,2.069,0.0,2.069,3
2023-02-03 15:00:00,1.81,1017.41,9.57,314.8,12.09,1.038,0.0,1.038,3
2023-02-03 16:00:00,1.37,1018.21,9.25,336.2,12.66,0.231,0.0,0.231,3
2023-02-03 17:00:00,0.81,1018.41,9.31,332.1,12.68,-0.003,0.0,-0.003,3
2023-02-03 18:00:00,0.39,1018.88,8.74,322.1,12.03,0.409,0.0,0.409,3
2023-02-03 19:00:00,0.25,1019.58,9.32,324.9,12.37,0.765,0.0,0.765,3
2023-02-03 20:00:00,-0.17,1020.94,9.78,324.7,13.27,1.577,0.0,1.577,3
2023-02-03 21:00:00,-0.98,1022.85,10.52,326.7,14.6,1.954,0.0,1.954,3
2023-02-03 22:00:00,-1.6,1024.47,9.08,336.3,12.21,2.163,0.0,2.163,3
2023-02-03 23:00:00,-2.03,1025.9,8.79,332.2,12.04,2.083,0.0,2.083,3
2023-02-04 00:00:00,-2.57,1027.31,9.18,335.2,12.54,1.553,0.0,1.553,3
2023-02-04 01:00:00,-3.25,1028.73,9.41,333.4,13.1,1.103,0.0,1.103,3
2023-02-04 02:00:00,-3.91,1029.85,7.42,335.6,10.0,0.18,0.0,0.18,3
2023-02-04 03:00:00,-4.68,1031.07,7.83,335.0,10.83,-0.711,0.0,-0.711,3
2023-02-04 04:00:00,-5.3,1031.94,7.34,337.8,10.09,-1.155,0.0,-1.155,3
2023-02-04 05:00:00,-5.71,1033.0,7.36,341.1,9.85,-1.293,0.0,-1.293,3
2023-02-04 06:00:00,-6.21,1033.87,7.57,343.5,10.2,-0.941,0.0,-0.941,3
2023-02-04 07:00:00,-6.71,1034.64,7.09,342.5,9.46,-0.089,0.0,-0.089,3
2023-02-04 08:00:00,-7.17,1035.42,7.68,344.0,10.07,0.952,0.0,0.952,3
2023-02-04 09:00:00,-7.5,1036.64,6.09,333.8,7.93,1.866,0.0,1.866,3
2023-02-04 10:00:00,-7.44,1038.08,5.16,328.6,6.68,2.566,0.0,2.566,3
2023-02-04 11:00:00,-7.57,1038.72,5.05,329.9,6.75,2.83,0.0,2.83,3
2023-02-04 12:00:00,-7.25,1039.42,5.68,338.0,7.65,2.719,0.0,2.719,3
2023-02-04 13:00:00,-7.02,1039.8,5.96,341.6,7.67,2.381,0.0,2.381,3
2023-02-04 14:00:00,-6.83,1039.85,5.38,278.9,7.08,1.536,0.0,1.536,3
2023-02-04 15:00:00,-6.48,1040.35,3.17,158.4,4.83,0.562,0.0,0.562,3
2023-02-04 16:00:00,-5.7,1039.45,1.8,72.9,2.94,-0.263,0.0,-0.263,3
2023-02-04 17:00:00,-5.14,1038.21,2.06,157.8,3.32,-0.796,0.0,-0.796,3
2023-02-04 18:00:00,-4.25,1037.36,2.36,174.6,3.66,-1.044,0.0,-1.044,3
2023-02-04 19:00:00,-3.37,1036.5,3.92,187.5,5.51,-0.517,0.0,-0.517,3
2023-02-04 20:00:00,-3.16,1035.96,5.07,205.2,6.96,0.458,0.0,0.458,3
2023-02-04 21:00:00,-2.68,1035.76,6.12,210.8,7.85,1.352,0.0,1.352,3
2023-02-04 22:00:00,-2.49,1035.31,6.47,229.4,8.03,2.053,0.0,2.053,3
2023-02-04 23:00:00,-2.35,1035.08,6.49,232.8,7.86,2.495,0.0,2.495,3
2023-02-05 00:00:00,-1.66,1034.67,6.64,232.0,8.34,2.524,0.0,2.524,3
2023-02-05 01:00:00,-1.05,1034.1,6.68,230.9,8.34,2.043,0.0,2.043,3
2023-02-05 02:00:00,-0.37,1033.61,7.32,230.5,9.19,1.294,0.0,1.294,3
2023-02-05 03:00:00,0.47,1033.18,7.73,229.1,9.54,0.474,0.0,0.474,3
2023-02-05 04:00:00,1.12,1032.5,6.68,235.6,8.8,-0.222,0.0,-0.222,3
2023-02-05 05:00:00,1.19,1031.82,7.96,228.0,9.71,-0.647,0.0,-0.647,3
2023-02-05 06:00:00,1.26,1031.22,8.47,224.1,10.45,-0.642,0.0,-0.642,3
2023-02-05 07:00:00,1.46,1030.46,8.81,225.0,10.66,0.03,0.0,0.03,3
2023-02-05 08:00:00,1.33,1029.71,7.51,228.6,9.08,0.931,0.0,0.931,3
2023-02-05 09:00:00,1.31,1029.21,6.71,230.8,8.0,1.953,0.0,1.953,3
2023-02-05 10:00:00,2.21,1028.85,8.54,234.4,10.71,2.579,0.0,2.579,3
2023-02-05 11:00:00,2.27,1028.62,7.43,236.7,9.35,3.117,0.0,3.117,3
2023-02-05 12:00:00,2.26,1028.16,6.11,239.6,7.75,3.129,0.0,3.129,3
2023-02-05 13:00:00,2.55,1027.7,6.65,229.0,8.12,2.927,0.0,2.927,3
2023-02-05 14:00:00,3.1,1027.24,8.95,225.6,10.68,2.223,0.0,2.223,3
2023-02-05 15:00:00,4.37,1026.64,9.24,225.4,11.18,1.153,0.0,1.153,3
2023-02-05 16:00:00,5.55,1025.69,8.96,226.7,10.71,0.226,0.0,0.226,3
2023-02-05 17:00:00,6.54,1024.41,8.51,228.7,10.32,-0.569,0.0,-0.569,3
2023-02-05 18:00:00,6.79,1022.96,7.37,221.2,8.99,-1.112,0.0,-1.112,3
2023-02-05 19:00:00,6.49,1021.74,7.38,215.6,8.54,-0.951,0.0,-0.951,3
2023-02-05 20:00:00,6.81,1021.23,6.83,218.1,7.94,-0.261,0.0,-0.261,3
2023-02-05 21:00:00,6.92,1020.77,5.7,222.7,6.92,0.655,0.0,0.655,3
2023-02-05 22:00:00,6.48,1020.39,7.55,220.3,8.8,1.58,0.0,1.58,3
2023-02-05 23:00:00,6.42,1020.39,7.63,230.4,9.44,2.172,0.0,2.172,3
2023-02-06 00:00:00,7.34,1019.7,7.79,232.9,9.7,2.492,0.0,2.492,3
2023-02-06 01:00:00,7.4,1018.78,7.75,233.3,9.72,2.461,0.0,2.461,3
2023-02-06 02:00:00,7.31,1018.5,7.14,242.1,9.03,1.907,0.0,1.907,3
2023-02-06 03:00:00,8.03,1018.44,6.34,241.8,7.75,1.178,0.0,1.178,3
2023-02-06 04:00:00,8.04,1017.74,4.13,229.2,4.84,0.417,0.0,0.417,3
2023-02-06 05:00:00,7.51,1016.71,4.01,226.0,4.69,-0.167,0.0,-0.167,3
2023-02-06 06:00:00,7.5,1015.41,1.33,228.1,1.8,-0.208,0.0,-0.208,3
2023-02-06 07:00:00,6.63,1014.45,1.64,199.1,2.05,0.298,0.0,0.298,3
2023-02-06 08:00:00,6.54,1013.69,0.34,239.0,0.66,1.337,0.0,1.337,3
2023-02-06 09:00:00,7.63,1013.22,1.92,327.1,2.29,2.527,0.0,2.527,3
2023-02-06 10:00:00,7.35,1013.38,2.85,335.4,3.53,3.461,0.0,3.461,3
2023-02-06 11:00:00,6.64,1013.64,3.72,339.1,4.62,4.336,0.0,4.336,3
2023-02-06 12:00:00,6.53,1013.97,5.15,318.5,6.57,4.692,0.0,4.692,3
2023-02-06 13:00:00,6.78,1014.46,6.37,285.1,7.81,4.709,0.0,4.709,3
2023-02-06 14:00:00,7.51,1015.03,6.47,252.1,8.29,4.267,0.0,4.267,3
2023-02-06 15:00:00,8.88,1015.32,6.93,179.2,8.79,3.246,0.0,3.246,3
2023-02-06 16:00:00,9.92,1015.46,8.92,80.4,11.22,2.368,0.0,2.368,3
2023-02-06 17:00:00,9.64,1015.16,7.14,23.2,10.47,1.636,0.0,1.636,3
2023-02-06 18:00:00,10.31,1015.04,8.65,13.6,11.74,1.016,0.0,1.016,3
2023-02-06 19:00:00,10.44,1015.64,8.46,40.7,10.62,0.891,0.0,0.891,3
2023-02-06 20:00:00,9.52,1016.75,7.52,10.0,9.31,1.227,0.0,1.227,3
2023-02-06 21:00:00,8.44,1018.33,8.71,12.1,11.17,1.996,0.0,1.996,3
2023-02-06 22:00:00,7.72,1019.66,8.45,15.6,11.16,2.887,0.0,2.887,3
2023-02-06 23:00:00,7.11,1020.95,8.22,12.6,10.75,3.562,0.0,3.562,3
2023-02-07 00:00:00,6.67,1022.48,6.02,73.9,7.63,3.925,0.0,3.925,3
2023-02-07 01:00:00,6.49,1023.41,4.55,248.0,5.7,3.975,0.0,3.975,3
2023-02-07 02:00:00,6.23,1024.03,3.91,355.4,4.93,3.649,0.0,3.649,3
2023-02-07 03:00:00,5.61,1024.7,3.37,342.2,4.11,2.898,0.0,2.898,3
2023-02-07 04:00:00,5.07,1025.17,3.58,311.7,4.44,2.097,0.0,2.097,3
2023-02-07 05:00:00,4.78,1025.2,4.26,79.1,5.32,1.312,0.0,1.312,3
2023-02-07 06:00:00,4.11,1025.54,3.04,245.4,3.88,0.791,0.0,0.791,3
2023-02-07 07:00:00,3.38,1025.99,3.34,209.6,4.12,0.705,0.0,0.705,3
2023-02-07 08:00:00,2.76,1026.64,3.11,238.6,3.84,1.443,0.0,1.443,3
2023-02-07 09:00:00,1.89,1027.51,2.71,341.0,3.38,2.464,0.0,2.464,3
2023-02-07 10:00:00,1.53,1027.92,2.27,314.2,2.78,3.4,0.0,3.4,3
2023-02-07 11:00:00,1.11,1028.32,2.11,302.5,2.68,4.325,0.0,4.325,3
2023-02-07 12:00:00,0.75,1028.68,1.97,342.7,2.42,5.051,0.0,5.051,3
2023-02-07 13:00:00,1.96,1029.13,1.76,175.8,2.22,5.428,0.0,5.428,3
2023-02-07 14:00:00,3.51,1029.58,0.58,1.0,0.82,5.23,0.0,5.23,3
2023-02-07 15:00:00,4.72,1029.68,0.51,84.7,0.97,4.318,0.0,4.318,3
2023-02-07 16:00:00,4.96,1029.43,1.17,168.7,1.68,3.153,0.0,3.153,3
2023-02-07 17:00:00,5.7,1028.55,2.88,190.1,3.77,2.296,0.0,2.296,3
2023-02-07 18:00:00,5.87,1027.51,3.94,197.1,5.14,1.515,0.0,1.515,3
2023-02-07 19:00:00,6.05,1026.38,5.21,199.0,6.94,1.115,0.0,1.115,3
2023-02-07 20:00:00,5.93,1025.91,6.32,210.4,7.65,1.279,0.0,1.279,3
2023-02-07 21:00:00,6.02,1025.38,7.28,214.3,8.43,1.911,0.0,1.911,3
2023-02-07 22:00:00,6.06,1024.63,7.44,213.7,8.78,2.812,0.0,2.812,3
2023-02-07 23:00:00,6.1,1023.89,6.13,219.8,7.31,3.761,0.0,3.761,3
2023-02-08 00:00:00,6.21,1023.76,5.01,221.9,5.97,4.446,0.0,4.446,3
2023-02-08 01:00:00,6.31,1023.22,5.21,219.4,6.02,4.698,0.0,4.698,3
2023-02-08 02:00:00,6.52,1022.88,4.35,223.1,5.22,4.598,0.0,4.598,3
2023-02-08 03:00:00,7.16,1022.49,6.07,222.9,7.35,3.972,0.0,3.972,3
2023-02-08 04:00:00,6.67,1021.88,5.32,219.0,6.07,3.133,0.0,3.133,3
2023-02-08 05:00:00,6.46,1021.46,4.37,217.8,4.9,2.309,0.0,2.309,3
2023-02-08 06:00:00,6.55,1020.85,4.01,214.8,4.36,1.665,0.0,1.665,3
2023-02-08 07:00:00,6.83,1020.37,3.41,224.5,4.0,1.263,0.0,1.263,3
2023-02-08 08:00:00,9.85,1020.1,3.47,270.0,4.48,1.472,0.0,1.472,3
2023-02-08 09:00:00,9.77,1020.66,2.01,288.8,2.73,2.094,0.0,2.094,3
2023-02-08 10:00:00,9.79,1021.06,2.39,296.2,3.26,2.992,0.0,2.992,3
2023-02-08 11:00:00,9.52,1021.69,2.02,301.9,2.74,3.997,0.0,3.997,3
2023-02-08 12:00:00,9.33,1022.57,3.48,330.0,4.34,4.698,0.0,4.698,3
2023-02-08 13:00:00,9.81,1023.26,2.19,308.0,2.86,5.168,0.0,5.168,3
2023-02-08 14:00:00,10.78,1023.74,2.14,306.2,2.97,5.181,0.0,5.181,3
2023-02-08 15:00:00,11.79,1024.28,3.11,207.2,4.14,4.529,0.0,4.529,3
2023-02-08 16:00:00,13.86,1024.19,4.3,45.5,5.69,3.611,0.0,3.611,3
2023-02-08 17:00:00,14.6,1023.73,4.86,9.3,6.2,2.613,0.0,2.613,3
2023-02-08 18:00:00,14.04,1023.47,3.24,180.7,4.47,1.554,0.0,1.554,3
2023-02-08 19:00:00,12.31,1023.6,2.96,101.8,4.1,0.973,0.0,0.973,3
2023-02-08 20:00:00,11.66,1024.26,1.4,117.9,2.23,0.687,0.0,0.687,3
2023-02-08 21:00:00,11.35,1025.01,1.14,113.7,1.87,1.144,0.0,1.144,3
2023-02-08 22:00:00,10.15,1025.42,0.47,180.7,0.8,1.887,0.0,1.887,3
2023-02-08 23:00:00,8.36,1026.13,0.52,167.7,0.77,2.641,0.0,2.641,3
2023-02-09 00:00:00,7.74,1026.55,0.4,200.5,0.64,3.327,0.0,3.327,3
2023-02-09 01:00:00,6.89,1026.95,0.78,219.7,1.2,3.741,0.0,3.741,3
2023-02-09 02:00:00,6.83,1027.12,0.41,227.5,0.77,3.886,0.0,3.886,3
2023-02-09 03:00:00,6.61,1027.03,1.11,134.8,1.32,3.574,0.0,3.574,3
2023-02-09 04:00:00,6.05,1027.4,1.02,29.2,1.15,2.916,0.0,2.916,3
2023-02-09 05:00:00,5.31,1027.06,0.22,29.6,0.36,1.899,0.0,1.899,3
2023-02-09 06:00:00,5.56,1026.54,0.86,88.5,1.06,1.025,0.0,1.025,3
2023-02-09 07:00:00,5.89,1026.59,0.47,127.7,0.73,0.431,0.0,0.431,3
2023-02-09 08:00:00,5.88,1026.3,0.63,130.7,0.95,0.368,0.0,0.368,3
2023-02-09 09:00:00,6.66,1025.76,0.98,153.0,1.4,0.855,0.0,0.855,3
2023-02-09 10:00:00,7.13,1025.66,1.26,144.1,1.87,1.544,0.0,1.544,3
2023-02-09 11:00:00,7.67,1025.53,3.01,158.3,4.23,2.551,0.0,2.551,3
2023-02-09 12:00:00,8.82,1025.47,4.37,161.3,6.11,3.407,0.0,3.407,3
2023-02-09 13:00:00,8.94,1025.19,4.05,158.6,5.83,4.147,0.0,4.147,3
2023-02-09 14:00:00,9.14,1024.5,4.59,153.3,6.54,4.405,0.0,4.405,3
2023-02-09 15:00:00,9.69,1024.04,5.78,161.1,8.02,4.082,0.0,4.082,3
2023-02-09 16:00:00,9.57,1022.9,4.62,172.5,6.4,3.481,0.0,3.481,3
2023-02-09 17:00:00,9.3,1021.52,3.78,205.9,4.98,2.579,0.0,2.579,3
2023-02-09 18:00:00,9.41,1020.23,4.44,213.9,5.2,1.625,0.0,1.625,3
2023-02-09 19:00:00,8.94,1019.12,3.7,209.0,4.41,0.945,0.0,0.945,3
2023-02-09 20:00:00,8.76,1018.47,3.69,205.4,4.43,0.668,0.0,0.668,3
2023-02-09 21:00:00,8.5,1017.78,3.75,211.3,4.45,0.814,0.0,0.814,3
2023-02-09 22:00:00,8.6,1016.96,3.44,207.5,4.22,1.516,0.0,1.516,3
2023-02-09 23:00:00,8.63,1016.59,3.21,219.5,3.78,2.398,0.0,2.398,3
2023-02-10 00:00:00,8.8,1015.88,4.67,206.1,5.76,3.321,0.0,3.321,3
2023-02-10 01:00:00,9.09,1015.3,5.25,213.5,6.28,3.98,0.0,3.98,3
2023-02-10 02:00:00,11.54,1014.85,8.11,229.6,10.03,4.393,0.0,4.393,3
2023-02-10 03:00:00,12.66,1014.37,10.38,229.4,12.96,4.41,0.0,4.41,3
2023-02-10 04:00:00,12.55,1013.8,10.56,230.0,12.94,3.87,0.0,3.87,3
2023-02-10 05:00:00,12.79,1013.58,9.33,232.4,11.92,3.041,0.0,3.041,3
2023-02-10 06:00:00,12.41,1012.95,10.36,229.8,13.07,2.135,0.0,2.135,3
2023-02-10 07:00:00,12.07,1012.71,9.33,233.1,11.74,1.221,0.0,1.221,3
2023-02-10 08:00:00,11.66,1012.72,7.8,230.7,9.46,0.777,0.0,0.777,3
2023-02-10 09:00:00,11.65,1012.61,6.32,234.1,7.76,0.741,0.0,0.741,3
2023-02-10 10:00:00,11.68,1012.83,6.73,232.6,8.45,1.162,0.0,1.162,3
2023-02-10 11:00:00,11.56,1013.14,5.89,231.1,7.09,1.974,0.0,1.974,3
2023-02-10 12:00:00,11.61,1013.77,4.33,233.6,5.17,2.998,0.0,2.998,3
2023-02-10 13:00:00,13.66,1014.27,5.04,245.0,6.36,3.839,0.0,3.839,3
2023-02-10 14:00:00,16.44,1014.45,6.29,271.5,8.26,4.263,0.0,4.263,3
2023-02-10 15:00:00,16.98,1014.84,6.6,323.0,9.01,4.233,0.0,4.233,3
2023-02-10 16:00:00,15.46,1015.31,5.86,165.9,8.01,3.815,0.0,3.815,3
2023-02-10 17:00:00,15.74,1015.4,5.8,328.1,7.61,3.1,0.0,3.1,3
2023-02-10 18:00:00,16.06,1015.32,5.69,319.4,7.55,2.138,0.0,2.138,3
2023-02-10 19:00:00,16.06,1015.56,5.53,306.7,7.82,1.365,0.0,1.365,3
2023-02-10 20:00:00,15.61,1016.14,5.46,332.8,7.16,0.953,0.0,0.953,3
2023-02-10 21:00:00,14.81,1016.8,5.75,341.1,7.21,0.916,0.0,0.916,3
2023-02-10 22:00:00,13.92,1017.97,5.53,340.0,7.23,1.195,0.0,1.195,3
2023-02-10 23:00:00,12.68,1018.28,4.45,275.5,5.5,1.738,0.0,1.738,3
2023-02-11 00:00:00,11.93,1018.87,3.24,341.6,4.15,2.456,0.0,2.456,3
2023-02-11 01:00:00,11.31,1019.38,5.33,351.1,6.89,3.176,0.0,3.176,3
2023-02-11 02:00:00,10.38,1019.97,6.29,243.7,8.1,3.73,0.0,3.73,3
2023-02-11 03:00:00,9.42,1020.62,7.35,343.8,9.6,3.998,0.0,3.998,3
2023-02-11 04:00:00,8.73,1020.8,6.07,340.0,7.95,3.751,0.0,3.751,3
2023-02-11 05:00:00,8.48,1021.28,5.23,338.7,6.76,3.132,0.0,3.132,3
2023-02-11 06:00:00,8.34,1021.51,5.52,333.3,7.54,2.35,0.0,2.35,3
2023-02-11 07:00:00,7.99,1021.67,4.5,327.0,5.79,1.414,0.0,1.414,3
2023-02-11 08:00:00,7.46,1022.0,2.97,318.8,3.95,0.741,0.0,0.741,3
2023-02-11 09:00:00,7.21,1022.43,2.76,331.7,3.54,0.483,0.0,0.483,3
2023-02-11 10:00:00,7.33,1023.57,5.11,342.8,6.74,0.318,0.0,0.318,3
2023-02-11 11:00:00,6.93,1024.77,6.11,340.8,8.17,0.723,0.0,0.723,3
2023-02-11 12:00:00,6.32,1025.93,6.04,342.1,8.31,1.711,0.0,1.711,3
2023-02-11 13:00:00,6.04,1026.87,5.35,338.9,7.27,2.644,0.0,2.644,3
2023-02-11 14:00:00,6.0,1027.27,5.96,243.3,7.75,3.271,0.0,3.271,3
2023-02-11 15:00:00,5.98,1027.71,5.61,177.1,7.43,3.602,0.0,3.602,3
2023-02-11 16:00:00,6.29,1027.71,4.23,59.2,5.96,3.457,0.0,3.457,3
2023-02-11 17:00:00,6.41,1027.18,3.86,41.4,5.83,3.057,0.0,3.057,3
2023-02-11 18:00:00,6.2,1026.94,4.5,71.8,7.0,2.295,0.0,2.295,3
2023-02-11 19:00:00,6.38,1027.13,4.25,75.8,6.53,1.527,0.0,1.527,3
2023-02-11 20:00:00,6.25,1026.66,4.02,81.7,5.92,0.821,0.0,0.821,3
2023-02-11 21:00:00,5.87,1026.42,3.65,83.2,5.54,0.314,0.0,0.314,3
2023-02-11 22:00:00,5.57,1026.9,2.4,93.3,3.42,0.291,0.0,0.291,3
2023-02-11 23:00:00,5.44,1027.04,1.96,94.1,2.88,0.797,0.0,0.797,3
2023-02-12 00:00:00,5.6,1027.53,1.92,130.5,2.71,1.459,0.0,1.459,3
2023-02-12 01:00:00,5.72,1027.91,2.36,163.3,3.32,2.284,0.0,2.284,3
2023-02-12 02:00:00,5.64,1027.57,1.98,147.6,2.98,3.018,0.0,3.018,3
2023-02-12 03:00:00,5.52,1027.29,1.85,147.0,2.71,3.607,0.0,3.607,3
2023-02-12 04:00:00,5.53,1026.35,2.13,147.4,3.12,3.807,0.0,3.807,3
2023-02-12 05:00:00,5.62,1025.52,2.16,136.6,3.38,3.489,0.0,3.489,3
2023-02-12 06:00:00,5.87,1024.87,2.22,128.1,3.12,2.886,0.0,2.886,3
2023-02-12 07:00:00,6.08,1023.9,1.96,102.2,2.78,2.235,0.0,2.235,3
2023-02-12 08:00:00,6.32,1023.71,1.96,87.7,2.82,1.507,0.0,1.507,3
2023-02-12 09:00:00,6.31,1022.29,2.7,90.1,4.17,1.085,0.0,1.085,3
2023-02-12 10:00:00,6.25,1021.83,2.98,77.5,4.69,0.748,0.0,0.748,3
2023-02-12 11:00:00,6.24,1021.26,3.18,78.4,4.7,1.069,0.0,1.069,3
2023-02-12 12:00:00,6.13,1020.89,3.48,81.8,5.47,1.717,0.0,1.717,3
2023-02-12 13:00:00,6.16,1020.07,4.26,73.1,6.44,2.612,0.0,2.612,3
2023-02-12 14:00:00,6.02,1019.0,4.26,73.4,6.99,3.377,0.0,3.377,3
2023-02-12 15:00:00,5.94,1017.86,4.04,70.3,7.19,3.912,0.0,3.912,3
2023-02-12 16:00:00,6.16,1017.2,3.55,49.0,6.34,4.075,0.0,4.075,3
2023-02-12 17:00:00,6.24,1015.46,3.47,57.6,7.16,4.017,0.0,4.017,3
2023-02-12 18:00:00,5.96,1012.13,5.0,55.3,9.4,3.459,0.0,3.459,3
2023-02-12 19:00:00,6.3,1011.25,4.11,65.6,7.95,2.623,0.0,2.623,3
2023-02-12 20:00:00,6.95,1009.39,5.25,71.9,9.18,2.115,0.0,2.115,3
2023-02-12 21:00:00,7.2,1007.69,4.2,59.1,8.16,1.739,0.0,1.739,3
2023-02-12 22:00:00,7.07,1006.33,5.63,42.8,10.34,1.375,0.0,1.375,3
2023-02-12 23:00:00,6.78,1005.14,5.11,43.6,9.56,1.389,0.0,1.389,3
2023-02-13 00:00:00,7.02,1004.02,5.7,41.9,10.58,1.957,0.0,1.957,3
2023-02-13 01:00:00,6.9,1003.08,6.29,38.1,11.34,2.762,0.0,2.762,3
2023-02-13 02:00:00,6.57,1002.44,7.68,32.8,11.91,3.568,0.0,3.568,3
2023-02-13 03:00:00,6.02,1001.35,9.06,33.7,13.42,4.475,0.0,4.475,3
2023-02-13 04:00:00,5.84,1000.27,9.26,34.4,13.95,5.177,0.0,5.177,3
2023-02-13 05:00:00,5.71,999.64,8.74,27.9,13.55,5.319,0.0,5.319,3
2023-02-13 06:00:00,4.82,998.98,9.89,17.1,12.52,5.081,0.0,5.081,3
2023-02-13 07:00:00,4.67,998.99,8.85,10.1,11.29,4.506,0.0,4.506,3
2023-02-13 08:00:00,4.95,998.78,9.19,39.0,11.8,3.959,0.0,3.959,3
2023-02-13 09:00:00,4.92,998.83,10.7,355.0,13.36,3.424,0.0,3.424,3
2023-02-13 10:00:00,3.78,1000.23,11.33,352.1,14.26,2.872,0.0,2.872,3
2023-02-13 11:00:00,3.97,1001.69,10.52,250.6,13.01,2.41,0.0,2.41,3
2023-02-13 12:00:00,5.0,1003.14,8.54,350.1,10.99,2.562,0.0,2.562,3
2023-02-13 13:00:00,5.81,1004.41,7.89,348.6,10.2,3.09,0.0,3.09,3
2023-02-13 14:00:00,6.67,1005.5,6.21,348.5,8.12,3.739,0.0,3.739,3
2023-02-13 15:00:00,7.98,1006.37,6.51,336.4,8.44,4.282,0.0,4.282,3
2023-02-13 16:00:00,9.05,1006.68,6.19,334.8,7.87,4.691,0.0,4.691,3
2023-02-13 17:00:00,10.67,1005.93,6.06,336.7,8.0,4.938,0.0,4.938,3
2023-02-13 18:00:00,12.04,1005.41,5.72,330.3,7.63,4.688,0.0,4.688,3
2023-02-13 19:00:00,13.05,1005.02,5.22,316.9,7.11,4.229,0.0,4.229,3
2023-02-13 20:00:00,13.24,1005.28,6.22,308.5,8.4,3.58,0.0,3.58,3
2023-02-13 21:00:00,13.01,1005.7,5.79,302.2,7.9,2.975,0.0,2.975,3
2023-02-13 22:00:00,11.87,1006.2,3.83,276.3,4.89,2.397,0.0,2.397,3
2023-02-13 23:00:00,10.16,1006.63,3.41,253.3,4.06,1.924,0.0,1.924,3
2023-02-14 00:00:00,9.5,1006.96,4.19,246.9,5.29,1.95,0.0,1.95,3
2023-02-14 01:00:00,8.92,1007.3,4.38,253.4,5.28,2.401,0.0,2.401,3
2023-02-14 02:00:00,8.59,1007.94,3.64,254.6,4.51,3.137,0.0,3.137,3
2023-02-14 03:00:00,9.49,1008.44,5.32,281.5,7.06,3.803,0.0,3.803,3
2023-02-14 04:00:00,8.92,1009.22,4.24,290.3,5.66,4.442,0.0,4.442,3
2023-02-14 05:00:00,8.3,1010.28,3.8,293.2,4.76,4.731,0.0,4.731,3
2023-02-14 06:00:00,8.27,1011.5,3.21,303.2,4.32,4.813,0.0,4.813,3
2023-02-14 07:00:00,8.23,1012.72,3.37,302.8,4.39,4.547,0.0,4.547,3
2023-02-14 08:00:00,7.64,1013.58,2.56,310.4,3.47,3.997,0.0,3.997,3
2023-02-14 09:00:00,6.94,1014.62,2.02,308.7,2.62,3.106,0.0,3.106,3
2023-02-14 10:00:00,5.95,1016.04,1.83,294.5,2.27,2.338,0.0,2.338,3
2023-02-14 11:00:00,5.47,1017.39,2.53,297.9,3.21,1.806,0.0,1.806,3
2023-02-14 12:00:00,5.67,1018.77,3.16,314.3,4.09,1.579,0.0,1.579,3
2023-02-14 13:00:00,7.47,1019.78,3.97,272.1,4.82,1.823,0.0,1.823,3
2023-02-14 14:00:00,8.38,1020.42,4.32,108.2,5.32,2.219,0.0,2.219,3
2023-02-14 15:00:00,9.05,1021.18,4.25,108.9,5.48,2.728,0.0,2.728,3
2023-02-14 16:00:00,9.85,1021.35,2.82,79.4,3.82,3.328,0.0,3.328,3
2023-02-14 17:00:00,9.7,1020.97,2.35,134.1,3.37,3.783,0.0,3.783,3
2023-02-14 18:00:00,9.53,1020.68,2.47,149.6,3.72,3.812,0.0,3.812,3
2023-02-14 19:00:00,9.43,1020.53,2.3,161.1,3.46,3.718,0.0,3.718,3
2023-02-14 20:00:00,9.36,1020.9,2.03,184.1,2.89,3.304,0.0,3.304,3
2023-02-14 21:00:00,8.78,1021.55,2.21,196.6,2.89,2.662,0.0,2.662,3
2023-02-14 22:00:00,7.72,1022.15,2.98,203.0,3.69,2.135,0.0,2.135,3
2023-02-14 23:00:00,7.3,1022.99,2.26,196.1,2.71,1.461,0.0,1.461,3
2023-02-15 00:00:00,7.19,1023.83,2.25,198.8,2.85,1.144,0.0,1.144,3
2023-02-15 01:00:00,7.36,1024.11,3.06,209.9,3.64,1.178,0.0,1.178,3
2023-02-15 02:00:00,7.4,1024.26,3.32,208.1,3.92,1.573,0.0,1.573,3
2023-02-15 03:00:00,7.4,1024.23,4.33,215.0,4.96,2.425,0.0,2.425,3
2023-02-15 04:00:00,7.45,1023.86,4.78,209.5,5.51,3.305,0.0,3.305,3
2023-02-15 05:00:00,7.31,1023.36,3.12,196.4,4.06,3.981,0.0,3.981,3
2023-02-15 06:00:00,7.59,1022.77,3.72,198.9,4.77,4.557,0.0,4.557,3
2023-02-15 07:00:00,7.85,1022.68,3.24,211.4,4.15,4.652,0.0,4.652,3
2023-02-15 08:00:00,8.06,1022.69,4.04,221.2,4.85,4.469,0.0,4.469,3
2023-02-15 09:00:00,7.93,1021.88,4.23,209.2,5.15,3.956,0.0,3.956,3
2023-02-15 10:00:00,8.38,1021.68,2.64,230.0,3.5,3.017,0.0,3.017,3
2023-02-15 11:00:00,8.72,1021.68,4.39,221.9,5.58,2.301,0.0,2.301,3
2023-02-15 12:00:00,8.86,1021.7,4.21,226.6,5.27,1.709,0.0,1.709,3
2023-02-15 13:00:00,9.28,1021.76,5.01,218.4,5.98,1.442,0.0,1.442,3
2023-02-15 14:00:00,10.32,1021.33,5.62,224.4,6.81,1.442,0.0,1.442,3
2023-02-15 15:00:00,12.11,1021.05,7.06,230.4,9.12,1.818,0.0,1.818,3
2023-02-15 16:00:00,10.58,1020.4,6.91,218.1,8.21,2.504,0.0,2.504,3
2023-02-15 17:00:00,9.98,1019.18,7.58,214.5,8.96,3.068,0.0,3.068,3
2023-02-15 18:00:00,9.43,1017.9,7.87,214.7,8.94,3.367,0.0,3.367,3
2023-02-15 19:00:00,9.65,1016.89,8.58,215.2,10.05,3.591,0.0,3.591,3
2023-02-15 20:00:00,10.07,1016.56,9.26,221.2,10.86,3.427,0.0,3.427,3
2023-02-15 21:00:00,9.81,1016.51,7.38,218.3,8.44,2.998,0.0,2.998,3
2023-02-15 22:00:00,10.83,1016.85,6.21,219.3,7.45,2.428,0.0,2.428,3
2023-02-15 23:00:00,10.79,1017.18,5.81,213.5,6.73,1.638,0.0,1.638,3
2023-02-16 00:00:00,9.45,1017.42,5.06,203.7,6.06,0.963,0.0,0.963,3
2023-02-16 01:00:00,8.77,1017.76,4.24,203.3,5.03,0.624,0.0,0.624,3
2023-02-16 02:00:00,8.95,1017.85,3.45,203.5,4.12,0.596,0.0,0.596,3
2023-02-16 03:00:00,9.34,1018.02,2.62,206.5,3.17,1.082,0.0,1.082,3
2023-02-16 04:00:00,13.35,1018.04,4.49,242.7,5.66,1.893,0.0,1.893,3
2023-02-16 05:00:00,15.55,1018.14,5.65,252.4,7.01,2.89,0.0,2.89,3
2023-02-16 06:00:00,13.87,1018.23,5.16,236.8,6.51,3.76,0.0,3.76,3
2023-02-16 07:00:00,9.84,1018.36,3.93,210.6,4.55,4.275,0.0,4.275,3
2023-02-16 08:00:00,9.01,1018.11,4.06,210.2,4.57,4.508,0.0,4.508,3
2023-02-16 09:00:00,8.66,1018.41,3.4,213.0,3.81,4.187,0.0,4.187,3
2023-02-16 10:00:00,8.92,1018.68,3.73,225.4,4.25,3.608,0.0,3.608,3
2023-02-16 11:00:00,8.73,1018.81,3.5,224.3,4.12,2.752,0.0,2.752,3
2023-02-16 12:00:00,10.64,1019.15,3.58,230.1,4.41,1.777,0.0,1.777,3
2023-02-16 13:00:00,10.48,1019.09,3.07,214.6,3.51,1.101,0.0,1.101,3
2023-02-16 14:00:00,9.08,1019.14,5.41,212.3,6.19,0.591,0.0,0.591,3
2023-02-16 15:00:00,9.84,1019.15,4.97,212.9,5.93,0.395,0.0,0.395,3
2023-02-16 16:00:00,11.77,1018.62,6.74,218.7,8.06,0.882,0.0,0.882,3
2023-02-16 17:00:00,10.48,1017.4,5.2,210.8,6.33,1.569,0.0,1.569,3
2023-02-16 18:00:00,9.93,1016.37,5.75,211.1,6.77,2.286,0.0,2.286,3
2023-02-16 19:00:00,10.1,1015.83,5.73,212.6,6.62,2.914,0.0,2.914,3
2023-02-16 20:00:00,11.4,1016.11,4.51,206.6,5.33,3.227,0.0,3.227,3
2023-02-16 21:00:00,9.63,1015.9,2.54,198.6,3.17,3.391,0.0,3.391,3
2023-02-16 22:00:00,9.44,1015.09,3.98,195.3,5.27,3.013,0.0,3.013,3
2023-02-16 23:00:00,9.62,1014.55,7.66,215.0,8.9,2.351,0.0,2.351,3
2023-02-17 00:00:00,10.09,1014.44,7.12,216.1,8.12,1.614,0.0,1.614,3
2023-02-17 01:00:00,10.63,1014.22,6.5,215.4,7.6,0.937,0.0,0.937,3
2023-02-17 02:00:00,12.86,1014.21,8.06,231.1,10.36,0.502,0.0,0.502,3
2023-02-17 03:00:00,12.35,1013.88,7.39,226.2,8.99,0.693,0.0,0.693,3
2023-02-17 04:00:00,13.47,1013.5,8.8,229.4,11.29,1.228,0.0,1.228,3
2023-02-17 05:00:00,13.01,1012.85,8.71,222.8,10.55,2.256,0.0,2.256,3
2023-02-17 06:00:00,11.65,1011.82,7.37,218.8,9.14,3.208,0.0,3.208,3
2023-02-17 07:00:00,12.82,1010.43,8.9,225.7,11.06,4.327,0.0,4.327,3
2023-02-17 08:00:00,13.22,1009.23,9.51,231.2,11.9,4.911,0.0,4.911,3
2023-02-17 09:00:00,13.31,1008.64,9.95,230.7,12.49,5.282,0.0,5.282,3
2023-02-17 10:00:00,13.08,1008.66,11.03,226.6,13.41,5.075,0.0,5.075,3
2023-02-17 11:00:00,13.27,1008.27,9.54,230.0,12.01,4.26,0.0,4.26,3
2023-02-17 12:00:00,12.59,1007.97,9.09,226.7,11.35,3.123,0.0,3.123,3
2023-02-17 13:00:00,13.05,1007.69,9.61,228.8,11.95,1.911,0.0,1.911,3
2023-02-17 14:00:00,13.05,1007.22,9.27,229.9,11.32,1.134,0.0,1.134,3
2023-02-17 15:00:00,13.23,1006.6,8.18,236.8,10.39,0.508,0.0,0.508,3
2023-02-17 16:00:00,12.8,1005.26,8.26,231.8,10.5,0.494,0.0,0.494,3
2023-02-17 17:00:00,13.32,1003.97,8.81,235.9,11.38,0.993,0.0,0.993,3
2023-02-17 18:00:00,14.48,1003.37,5.63,244.2,7.37,1.723,0.0,1.723,3
2023-02-17 19:00:00,16.9,1002.9,6.83,257.8,8.74,2.634,0.0,2.634,3
2023-02-17 20:00:00,13.21,1003.45,7.46,302.2,9.48,3.062,0.0,3.062,3
2023-02-17 21:00:00,9.94,1005.5,10.52,342.3,13.35,3.567,0.0,3.567,3
2023-02-17 22:00:00,8.42,1007.43,10.02,339.0,13.5,3.624,0.0,3.624,3
2023-02-17 23:00:00,8.26,1009.19,10.46,340.6,14.49,2.909,0.0,2.909,3
2023-02-18 00:00:00,7.38,1011.15,8.34,339.0,11.68,2.166,0.0,2.166,3
2023-02-18 01:00:00,6.2,1013.03,10.11,339.3,13.23,1.282,0.0,1.282,3
2023-02-18 02:00:00,4.88,1015.07,10.05,336.2,13.36,0.52,0.0,0.52,3
2023-02-18 03:00:00,4.22,1016.69,8.97,334.0,12.03,0.075,0.0,0.075,3
2023-02-18 04:00:00,3.46,1018.01,9.37,336.8,12.46,-0.244,0.0,-0.244,3
2023-02-18 05:00:00,2.85,1019.47,8.67,339.5,12.32,0.68,0.0,0.68,3
2023-02-18 06:00:00,2.47,1020.82,7.27,340.5,9.97,1.748,0.0,1.748,3
2023-02-18 07:00:00,2.06,1022.34,6.06,338.1,8.25,3.142,0.0,3.142,3
2023-02-18 08:00:00,1.41,1023.62,6.76,337.4,9.0,4.3,0.0,4.3,3
2023-02-18 09:00:00,1.07,1025.01,6.53,335.7,8.48,5.181,0.0,5.181,3
2023-02-18 10:00:00,0.53,1026.3,6.12,334.5,8.22,5.324,0.0,5.324,3
2023-02-18 11:00:00,-0.2,1027.57,5.84,330.7,7.73,4.98,0.0,4.98,3
2023-02-18 12:00:00,-0.47,1028.93,6.48,334.4,8.31,4.453,0.0,4.453,3
2023-02-18 13:00:00,-0.12,1029.87,6.48,341.7,8.61,3.159,0.0,3.159,3
2023-02-18 14:00:00,0.05,1030.76,6.34,344.7,8.12,1.731,0.0,1.731,3
2023-02-18 15:00:00,0.45,1031.07,5.42,304.9,7.13,0.612,0.0,0.612,3
2023-02-18 16:00:00,1.36,1030.82,3.63,301.3,5.22,-0.053,0.0,-0.053,3
2023-02-18 17:00:00,2.37,1030.17,3.04,208.3,4.65,-0.049,0.0,-0.049,3
2023-02-18 18:00:00,3.64,1029.65,3.17,332.3,4.68,0.366,0.0,0.366,3
2023-02-18 19:00:00,4.94,1029.0,2.55,278.3,4.1,1.321,0.0,1.321,3
2023-02-18 20:00:00,5.56,1029.34,2.98,255.9,4.15,2.642,0.0,2.642,3
2023-02-18 21:00:00,5.93,1029.48,3.33,217.6,4.52,3.373,0.0,3.373,3
2023-02-18 22:00:00,4.84,1029.93,5.5,227.4,6.34,3.879,0.0,3.879,3
2023-02-18 23:00:00,4.39,1030.31,2.48,296.4,3.16,3.837,0.0,3.837,3
2023-02-19 00:00:00,3.45,1030.97,1.96,265.0,2.41,3.332,0.0,3.332,3
2023-02-19 01:00:00,2.96,1031.18,1.66,247.9,2.06,2.301,0.0,2.301,3
2023-02-19 02:00:00,2.49,1031.42,1.73,257.3,2.27,1.194,0.0,1.194,3
2023-02-19 03:00:00,2.41,1031.21,2.71,246.7,3.19,0.153,0.0,0.153,3
2023-02-19 04:00:00,3.05,1030.74,2.48,245.0,3.04,-0.281,0.0,-0.281,3
2023-02-19 05:00:00,3.5,1030.99,2.06,239.9,2.66,-0.214,0.0,-0.214,3
2023-02-19 06:00:00,3.59,1031.06,2.0,254.4,2.43,0.583,0.0,0.583,3
2023-02-19 07:00:00,3.52,1031.08,1.83,230.6,2.28,1.817,0.0,1.817,3
2023-02-19 08:00:00,4.2,1030.44,2.16,230.6,2.6,3.238,0.0,3.238,3
2023-02-19 09:00:00,4.99,1030.24,3.89,229.3,4.68,4.45,0.0,4.45,3
2023-02-19 10:00:00,5.33,1030.06,4.09,228.5,4.89,5.291,0.0,5.291,3
2023-02-19 11:00:00,5.6,1030.33,5.01,224.9,5.87,5.563,0.0,5.563,3
2023-02-19 12:00:00,5.96,1030.15,5.75,223.3,6.89,5.289,0.0,5.289,3
2023-02-19 13:00:00,6.4,1030.44,6.58,223.3,7.9,4.335,0.0,4.335,3
2023-02-19 14:00:00,6.94,1030.13,7.72,223.8,9.02,2.97,0.0,2.97,3
2023-02-19 15:00:00,7.23,1029.77,7.72,221.9,9.25,1.484,0.0,1.484,3
2023-02-19 16:00:00,7.86,1028.74,8.25,218.1,9.75,0.29,0.0,0.29,3
2023-02-19 17:00:00,7.92,1026.95,5.92,194.6,8.48,-0.302,0.0,-0.302,3
2023-02-19 18:00:00,8.16,1025.18,6.84,192.3,9.4,-0.444,0.0,-0.444,3
2023-02-19 19:00:00,7.99,1024.18,6.37,200.8,8.51,0.291,0.0,0.291,3
2023-02-19 20:00:00,7.93,1023.08,7.49,204.0,9.44,1.662,0.0,1.662,3
2023-02-19 21:00:00,7.83,1021.86,6.92,201.4,9.13,3.058,0.0,3.058,3
2023-02-19 22:00:00,7.85,1020.81,6.32,196.5,8.47,3.953,0.0,3.953,3
2023-02-19 23:00:00,8.12,1020.32,5.22,199.9,7.05,4.3,0.0,4.3,3
2023-02-20 00:00:00,8.32,1019.87,5.98,216.7,6.9,4.198,0.0,4.198,3
2023-02-20 01:00:00,8.74,1018.97,5.85,221.4,7.14,3.563,0.0,3.563,3
2023-02-20 02:00:00,9.3,1018.27,6.67,221.0,7.81,2.442,0.0,2.442,3
2023-02-20 03:00:00,9.0,1017.59,6.94,216.5,8.05,1.218,0.0,1.218,3
2023-02-20 04:00:00,9.34,1016.73,6.64,223.6,7.97,0.157,0.0,0.157,3
2023-02-20 05:00:00,9.97,1015.93,7.46,228.5,9.2,-0.531,0.0,-0.531,3
2023-02-20 06:00:00,9.24,1015.11,6.58,224.9,7.98,-0.464,0.0,-0.464,3
2023-02-20 07:00:00,9.07,1014.15,6.32,223.4,7.48,0.375,0.0,0.375,3
2023-02-20 08:00:00,9.4,1013.13,6.04,222.6,7.05,1.694,0.0,1.694,3
2023-02-20 09:00:00,9.03,1012.63,5.36,215.5,6.14,3.168,0.0,3.168,3
2023-02-20 10:00:00,8.6,1011.99,4.8,212.1,5.72,4.349,0.0,4.349,3
2023-02-20 11:00:00,8.633,1011.475,5.156,216.222,5.878,5.287,0.0,5.287,3
2023-02-21 13:00:00,8.633,1011.475,2.25,175.5,2.65,6.04,0.0,6.04,3
2023-02-21 14:00:00,8.633,1011.475,2.02,88.2,2.56,5.487,0.0,5.487,3
2023-02-21 15:00:00,8.633,1011.475,2.56,36.4,3.24,4.427,0.0,4.427,3
2023-02-21 16:00:00,8.633,1011.475,2.84,95.3,3.76,2.878,0.0,2.878,3
2023-02-21 17:00:00,8.633,1011.475,2.75,144.6,3.95,1.489,0.0,1.489,3
2023-02-21 18:00:00,8.633,1011.475,2.81,158.1,4.0,0.61,0.0,0.61,3
2023-02-21 19:00:00,8.633,1011.475,3.15,191.1,4.58,0.243,0.0,0.243,3
2023-02-21 20:00:00,8.633,1011.475,5.98,206.5,7.76,0.595,0.0,0.595,3
2023-02-21 21:00:00,8.633,1011.475,4.89,208.5,6.08,1.737,0.0,1.737,3
2023-02-21 22:00:00,8.633,1011.475,2.79,179.1,3.88,3.191,0.0,3.191,3
2023-02-21 23:00:00,8.633,1011.475,1.01,58.1,1.57,4.393,0.0,4.393,3
2023-02-22 00:00:00,8.633,1011.475,0.82,41.0,1.12,5.339,0.0,5.339,3
2023-02-22 01:00:00,8.633,1011.475,0.31,194.5,0.75,5.426,0.0,5.426,3
2023-02-22 02:00:00,8.633,1011.475,0.51,280.5,0.85,5.09,0.0,5.09,3
2023-02-22 03:00:00,8.633,1011.475,0.65,292.1,0.98,4.136,0.0,4.136,3
2023-02-22 04:00:00,8.633,1011.475,0.52,204.4,0.83,2.76,0.0,2.76,3
2023-02-22 05:00:00,8.633,1011.475,0.64,158.8,0.94,1.48,0.0,1.48,3
2023-02-22 06:00:00,8.633,1011.475,0.86,121.2,1.41,0.323,0.0,0.323,3
2023-02-22 07:00:00,8.633,1011.475,0.91,29.0,1.53,-0.158,0.0,-0.158,3
2023-02-22 08:00:00,8.633,1011.475,0.68,59.1,1.37,0.116,0.0,0.116,3
2023-02-22 09:00:00,8.633,1011.475,0.45,168.6,0.74,1.11,0.0,1.11,3
2023-02-22 10:00:00,8.633,1011.475,0.95,22.4,1.22,2.377,0.0,2.377,3
2023-02-22 11:00:00,8.633,1011.475,1.71,67.7,2.62,3.885,0.0,3.885,3
2023-02-22 12:00:00,8.633,1011.475,1.93,105.5,3.06,4.902,0.0,4.902,3
2023-02-22 13:00:00,8.633,1011.475,1.88,117.0,2.82,5.51,0.0,5.51,3
2023-02-22 14:00:00,8.633,1011.475,1.74,110.2,2.87,5.567,0.0,5.567,3
2023-02-22 15:00:00,8.633,1011.475,1.77,81.9,2.48,4.639,0.0,4.639,3
2023-02-22 16:00:00,8.633,1011.475,1.81,93.9,2.81,3.313,0.0,3.313,3
2023-02-22 17:00:00,8.633,1011.475,2.05,86.1,3.25,1.961,0.0,1.961,3
2023-02-22 18:00:00,8.633,1011.475,3.3,106.9,4.82,0.712,0.0,0.712,3
2023-02-22 19:00:00,8.633,1011.475,3.011,113.111,4.333,-0.084,0.0,-0.084,3
2023-02-22 20:00:00,8.633,1011.475,2.75,85.3,4.32,-0.115,0.0,-0.115,3
2023-02-22 21:00:00,8.633,1011.475,3.52,70.0,5.45,0.547,0.0,0.547,3
2023-02-22 22:00:00,8.633,1011.475,2.76,67.2,4.61,1.788,0.0,1.788,3
2023-02-22 23:00:00,8.633,1011.475,2.84,72.7,4.65,3.358,0.0,3.358,3
2023-02-23 00:00:00,8.633,1011.475,4.15,93.3,5.98,4.452,0.0,4.452,3
2023-02-23 01:00:00,8.633,1011.475,3.48,124.5,4.7,5.268,0.0,5.268,3
2023-02-23 02:00:00,8.633,1011.475,3.64,158.6,4.78,5.46,0.0,5.46,3
2023-02-23 03:00:00,8.633,1011.475,2.38,214.8,3.01,5.18,0.0,5.18,3
2023-02-23 04:00:00,8.633,1011.475,1.65,204.0,1.9,4.172,0.0,4.172,3
2023-02-23 05:00:00,8.633,1011.475,3.17,201.8,3.64,2.984,0.0,2.984,3
2023-02-23 06:00:00,8.633,1011.475,3.778,203.778,4.633,1.621,0.0,1.621,3
2023-02-23 07:00:00,8.633,1011.475,3.85,204.5,4.42,0.743,0.0,0.743,3
2023-02-23 08:00:00,8.633,1011.475,6.31,223.3,7.96,0.571,0.0,0.571,3
2023-02-23 09:00:00,8.633,1011.475,7.77,224.5,9.63,0.83,0.0,0.83,3
2023-02-23 10:00:00,8.633,1011.475,7.19,224.8,8.86,1.864,0.0,1.864,3
2023-02-23 11:00:00,8.633,1011.475,5.3,221.3,6.67,3.114,0.0,3.114,3
2023-02-23 12:00:00,8.633,1011.475,7.25,252.6,10.04,4.225,0.0,4.225,3
2023-02-23 13:00:00,8.633,1011.475,5.86,269.8,7.95,5.277,0.0,5.277,3
2023-02-23 14:00:00,8.633,1011.475,3.22,139.0,4.81,5.569,0.0,5.569,3
2023-02-23 15:00:00,8.633,1011.475,3.04,78.7,4.52,5.303,0.0,5.303,3
2023-02-23 16:00:00,8.633,1011.475,2.37,112.5,3.36,4.481,0.0,4.481,3
2023-02-23 17:00:00,8.633,1011.475,1.87,138.3,2.89,3.514,0.0,3.514,3
2023-02-23 18:00:00,8.633,1011.475,1.98,130.5,2.92,2.185,0.0,2.185,3
2023-02-23 19:00:00,8.633,1011.475,3.35,104.9,5.0,1.266,0.0,1.266,3
2023-02-23 20:00:00,8.633,1011.475,4.17,74.6,6.25,0.696,0.0,0.696,3
2023-02-23 21:00:00,8.633,1011.475,3.45,69.9,5.51,0.727,0.0,0.727,3
2023-02-23 22:00:00,8.633,1011.475,2.74,79.5,4.44,1.531,0.0,1.531,3
2023-02-23 23:00:00,8.633,1011.475,3.0,102.0,4.48,2.688,0.0,2.688,3
2023-02-24 00:00:00,8.633,1011.475,2.64,108.5,4.02,3.987,0.0,3.987,3
2023-02-24 01:00:00,8.633,1011.475,1.63,173.4,2.37,5.012,0.0,5.012,3
2023-02-24 02:00:00,8.633,1011.475,2.42,213.3,2.96,5.51,0.0,5.51,3
2023-02-24 03:00:00,8.633,1011.475,3.48,217.2,4.15,5.701,0.0,5.701,3
2023-02-24 04:00:00,8.633,1011.475,4.53,220.6,5.47,5.031,0.0,5.031,3
2023-02-24 05:00:00,8.633,1011.475,4.46,218.8,5.45,3.969,0.0,3.969,3
2023-02-24 06:00:00,8.633,1011.475,4.21,224.7,4.99,2.766,0.0,2.766,3
2023-02-24 07:00:00,8.633,1011.475,5.69,263.3,7.06,1.712,0.0,1.712,3
2023-02-24 08:00:00,8.633,1011.475,5.37,267.2,7.08,1.048,0.0,1.048,3
2023-02-24 09:00:00,8.633,1011.475,5.31,275.1,7.16,0.725,0.0,0.725,3
2023-02-24 10:00:00,8.633,1011.475,4.34,285.0,6.15,0.817,0.0,0.817,3
2023-02-24 11:00:00,8.633,1011.475,6.03,326.2,8.01,1.633,0.0,1.633,3
2023-02-24 12:00:00,8.633,1011.475,5.5,284.4,7.02,2.795,0.0,2.795,3
2023-02-24 13:00:00,8.633,1011.475,6.19,344.2,8.55,3.837,0.0,3.837,3
2023-02-24 14:00:00,8.633,1011.475,7.55,331.0,11.09,4.616,0.0,4.616,3
2023-02-24 15:00:00,8.633,1011.475,8.15,320.4,12.29,4.665,0.0,4.665,3
2023-02-24 16:00:00,8.633,1011.475,7.49,334.2,10.98,4.342,0.0,4.342,3
2023-02-24 17:00:00,8.633,1011.475,9.14,330.1,12.41,3.402,0.0,3.402,3
2023-02-24 18:00:00,8.633,1011.475,8.84,319.2,11.48,2.301,0.0,2.301,3
2023-02-24 19:00:00,8.633,1011.475,8.75,320.0,11.83,1.05,0.0,1.05,3
2023-02-24 20:00:00,8.633,1011.475,7.59,322.4,10.33,0.51,0.0,0.51,3
2023-02-24 21:00:00,8.633,1011.475,6.41,330.1,9.25,0.222,0.0,0.222,3
2023-02-24 22:00:00,8.633,1011.475,6.28,337.0,8.9,0.508,0.0,0.508,3
2023-02-24 23:00:00,8.633,1011.475,6.13,342.7,8.38,1.194,0.0,1.194,3
2023-02-25 00:00:00,8.633,1011.475,4.66,277.2,5.97,2.133,0.0,2.133,3
2023-02-25 01:00:00,8.633,1011.475,6.74,41.8,8.94,2.987,0.0,2.987,3
2023-02-25 02:00:00,8.633,1011.475,6.59,108.6,8.49,3.616,0.0,3.616,3
2023-02-25 03:00:00,8.633,1011.475,6.04,112.6,8.13,4.225,0.0,4.225,3
2023-02-25 04:00:00,8.633,1011.475,4.96,181.9,6.84,4.322,0.0,4.322,3
2023-02-25 05:00:00,8.633,1011.475,4.12,65.1,6.56,3.773,0.0,3.773,3
2023-02-25 06:00:00,8.633,1011.475,3.88,66.6,6.43,2.955,0.0,2.955,3
2023-02-25 07:00:00,8.633,1011.475,4.02,64.7,6.9,1.849,0.0,1.849,3
2023-02-25 08:00:00,8.633,1011.475,4.28,70.7,6.81,0.975,0.0,0.975,3
2023-02-25 09:00:00,8.633,1011.475,4.23,75.3,6.79,0.467,0.0,0.467,3
2023-02-25 10:00:00,8.633,1011.475,4.33,71.4,6.95,0.333,0.0,0.333,3
2023-02-25 11:00:00,8.633,1011.475,4.08,87.5,6.59,0.75,0.0,0.75,3
2023-02-25 12:00:00,8.633,1011.475,4.21,84.2,6.36,1.715,0.0,1.715,3
2023-02-25 13:00:00,8.633,1011.475,3.74,76.9,6.0,2.816,0.0,2.816,3
2023-02-25 14:00:00,8.633,1011.475,3.76,79.6,6.13,3.566,0.0,3.566,3
2023-02-25 15:00:00,8.633,1011.475,3.45,80.4,5.16,4.067,0.0,4.067,3
2023-02-25 16:00:00,8.633,1011.475,3.78,79.9,6.02,4.121,0.0,4.121,3
2023-02-25 17:00:00,8.633,1011.475,3.36,53.9,5.72,3.988,0.0,3.988,3
2023-02-25 18:00:00,8.633,1011.475,2.23,61.4,4.38,3.431,0.0,3.431,3
2023-02-25 19:00:00,8.633,1011.475,3.36,74.7,5.05,2.64,0.0,2.64,3
2023-02-25 20:00:00,8.633,1011.475,3.33,72.2,5.41,1.875,0.0,1.875,3
2023-02-25 21:00:00,8.633,1011.475,3.51,74.3,5.21,1.147,0.0,1.147,3
2023-02-25 22:00:00,8.633,1011.475,3.69,84.4,5.66,1.197,0.0,1.197,3
2023-02-25 23:00:00,8.633,1011.475,3.16,99.8,4.86,1.577,0.0,1.577,3
2023-02-26 00:00:00,8.633,1011.475,1.58,77.4,2.89,2.286,0.0,2.286,3
2023-02-26 01:00:00,8.633,1011.475,1.58,50.2,2.45,3.082,0.0,3.082,3
2023-02-26 02:00:00,8.633,1011.475,2.44,87.3,3.59,3.736,0.0,3.736,3
2023-02-26 03:00:00,8.633,1011.475,3.25,246.3,3.97,4.508,0.0,4.508,3
2023-02-26 04:00:00,8.633,1011.475,2.38,326.9,3.01,4.862,0.0,4.862,3
2023-02-26 05:00:00,8.633,1011.475,2.49,324.1,3.21,4.734,0.0,4.734,3
2023-02-26 06:00:00,8.633,1011.475,2.81,334.7,3.51,4.178,0.0,4.178,3
2023-02-26 07:00:00,8.633,1011.475,2.74,334.2,3.55,3.346,0.0,3.346,3
2023-02-26 08:00:00,8.633,1011.475,2.28,328.3,3.07,2.497,0.0,2.497,3
2023-02-26 09:00:00,8.633,1011.475,2.84,314.2,3.63,1.757,0.0,1.757,3
2023-02-26 10:00:00,8.633,1011.475,2.26,299.4,2.91,1.29,0.0,1.29,3
2023-02-26 11:00:00,8.633,1011.475,1.92,323.4,2.62,0.94,0.0,0.94,3
2023-02-26 12:00:00,8.633,1011.475,2.01,317.4,2.62,1.397,0.0,1.397,3
2023-02-26 13:00:00,8.633,1011.475,2.48,292.0,3.19,1.846,0.0,1.846,3
2023-02-26 14:00:00,8.633,1011.475,2.9,250.9,3.65,2.682,0.0,2.682,3
2023-02-26 15:00:00,8.633,1011.475,6.58,220.2,7.94,3.155,0.0,3.155,3
2023-02-26 16:00:00,8.633,1011.475,7.27,219.9,9.22,3.518,0.0,3.518,3
2023-02-26 17:00:00,8.633,1011.475,6.32,215.0,7.94,3.64,0.0,3.64,3
2023-02-26 18:00:00,8.633,1011.475,8.07,214.1,9.28,3.109,0.0,3.109,3
2023-02-26 19:00:00,8.633,1011.475,7.52,211.9,8.61,2.559,0.0,2.559,3
2023-02-26 20:00:00,8.633,1011.475,6.09,210.5,7.56,1.764,0.0,1.764,3
2023-02-26 21:00:00,8.633,1011.475,4.98,250.4,6.31,1.234,0.0,1.234,3
2023-02-26 22:00:00,8.633,1011.475,5.69,264.9,7.16,0.885,0.0,0.885,3
2023-02-26 23:00:00,8.633,1011.475,4.38,259.6,5.96,0.747,0.0,0.747,3
2023-02-27 00:00:00,8.633,1011.475,4.16,260.0,5.11,1.064,0.0,1.064,3
2023-02-27 01:00:00,8.633,1011.475,4.02,260.4,4.88,1.657,0.0,1.657,3
2023-02-27 02:00:00,8.633,1011.475,4.57,263.8,5.6,2.374,0.0,2.374,3
2023-02-27 03:00:00,8.633,1011.475,4.07,268.7,5.34,3.182,0.0,3.182,3
2023-02-27 04:00:00,8.633,1011.475,3.18,279.2,4.05,3.816,0.0,3.816,3
2023-02-27 05:00:00,8.633,1011.475,3.21,282.1,4.07,4.177,0.0,4.177,3
2023-02-27 06:00:00,8.633,1011.475,3.02,282.8,3.83,4.114,0.0,4.114,3
2023-02-27 07:00:00,8.633,1011.475,2.68,292.4,3.54,3.742,0.0,3.742,3
2023-02-27 08:00:00,8.633,1011.475,2.21,292.4,2.99,3.172,0.0,3.172,3
2023-02-27 09:00:00,8.633,1011.475,3.26,304.4,4.11,2.451,0.0,2.451,3
2023-02-27 10:00:00,8.633,1011.475,3.02,334.3,3.84,1.76,0.0,1.76,3
2023-02-27 11:00:00,8.633,1011.475,2.96,209.4,3.74,1.414,0.0,1.414,3
2023-02-27 12:00:00,8.633,1011.475,2.69,19.8,3.84,1.414,0.0,1.414,3
2023-02-27 13:00:00,8.633,1011.475,2.63,61.8,4.46,1.781,0.0,1.781,3
2023-02-27 14:00:00,8.633,1011.475,3.42,87.6,5.35,2.516,0.0,2.516,3
2023-02-27 15:00:00,8.633,1011.475,3.75,85.2,5.78,3.075,0.0,3.075,3
2023-02-27 16:00:00,8.633,1011.475,3.84,90.6,5.79,3.545,0.0,3.545,3
2023-02-27 17:00:00,8.633,1011.475,4.14,91.7,6.02,3.892,0.0,3.892,3
2023-02-27 18:00:00,8.633,1011.475,4.26,97.7,6.45,3.931,0.0,3.931,3
2023-02-27 19:00:00,8.633,1011.475,3.94,109.7,5.71,3.593,0.0,3.593,3
2023-02-27 20:00:00,8.633,1011.475,5.01,121.2,7.11,3.205,0.0,3.205,3
2023-02-27 21:00:00,8.633,1011.475,5.72,122.7,8.79,2.815,0.0,2.815,3
2023-02-27 22:00:00,8.633,1011.475,5.64,129.7,8.46,2.428,0.0,2.428,3
2023-02-27 23:00:00,8.633,1011.475,6.28,123.8,9.18,2.303,0.0,2.303,3
2023-02-28 00:00:00,8.633,1011.475,6.72,123.9,9.56,2.359,0.0,2.359,3
2023-02-28 01:00:00,8.633,1011.475,6.18,125.1,9.26,2.618,0.0,2.618,3
2023-02-28 02:00:00,8.633,1011.475,3.8,68.2,6.19,3.331,0.0,3.331,3
2023-02-28 03:00:00,8.633,1011.475,5.13,68.1,8.75,4.47,0.0,4.47,3
2023-02-28 04:00:00,8.633,1011.475,6.69,105.8,11.5,5.245,0.0,5.245,3
2023-02-28 05:00:00,8.633,1011.475,3.62,84.3,6.12,5.978,0.0,5.978,3
2023-02-28 06:00:00,8.633,1011.475,2.01,212.0,3.25,6.757,0.0,6.757,3
2023-02-28 07:00:00,8.633,1011.475,1.56,283.5,2.03,6.264,0.0,6.264,3
2023-02-28 08:00:00,8.633,1011.475,3.94,326.3,4.97,5.793,0.0,5.793,3
2023-02-28 09:00:00,8.633,1011.475,4.57,338.7,6.03,4.984,0.0,4.984,3
2023-02-28 10:00:00,8.633,1011.475,4.85,344.6,5.97,4.116,0.0,4.116,3
2023-02-28 11:00:00,8.633,1011.475,4.46,343.3,5.57,3.425,0.0,3.425,3
2023-02-28 12:00:00,8.633,1011.475,4.14,310.4,5.05,2.997,0.0,2.997,3
2023-02-28 13:00:00,8.633,1011.475,3.85,248.1,4.81,3.152,0.0,3.152,3
2023-02-28 14:00:00,8.633,1011.475,4.333,10.667,5.233,3.471,0.0,3.471,3
2023-02-28 15:00:00,7.171,1005.729,2.757,42.429,4.571,3.864,0.0,3.864,3
2023-02-28 16:00:00,7.12,1006.31,3.12,28.8,4.38,4.338,0.0,4.338,3
2023-02-28 17:00:00,7.21,1006.91,2.84,29.5,3.83,4.658,0.0,4.658,3
2023-02-28 18:00:00,8.17,1007.36,2.36,38.6,3.49,4.777,0.0,4.777,3
2023-02-28 19:00:00,9.04,1008.04,3.4,65.4,4.67,4.646,0.0,4.646,3
2023-02-28 20:00:00,12.35,1009.15,7.32,278.5,9.63,4.536,0.0,4.536,3
2023-02-28 21:00:00,12.22,1010.26,6.44,108.3,8.17,4.237,0.0,4.237,3
2023-02-28 22:00:00,9.17,1011.65,3.24,65.5,4.84,3.751,0.0,3.751,3
2023-02-28 23:00:00,8.28,1013.17,2.44,50.8,4.28,3.044,0.0,3.044,3
2023-03-01 00:00:00,7.7,1014.53,1.97,46.6,3.17,2.551,0.0,2.551,3
2023-03-01 01:00:00,7.96,1015.76,3.89,33.8,5.58,2.338,0.0,2.338,3
2023-03-01 02:00:00,7.7,1016.7,3.87,35.1,5.39,2.569,0.0,2.569,3
2023-03-01 03:00:00,7.44,1017.29,2.8,36.9,4.49,3.165,0.0,3.165,3
2023-03-01 04:00:00,7.1,1018.16,1.48,47.0,2.79,3.792,0.0,3.792,3
2023-03-01 05:00:00,6.69,1018.37,1.1,51.7,2.2,4.43,0.0,4.43,3
2023-03-01 06:00:00,6.74,1018.61,2.26,62.5,3.81,5.037,0.0,5.037,3
2023-03-01 07:00:00,6.79,1018.68,3.28,84.5,4.99,5.169,0.0,5.169,3
2023-03-01 08:00:00,6.99,1018.39,4.51,78.4,7.09,4.969,0.0,4.969,3
2023-03-01 09:00:00,6.55,1019.06,5.04,83.5,7.68,4.534,0.0,4.534,3
2023-03-01 10:00:00,6.43,1019.99,4.79,86.1,7.4,3.951,0.0,3.951,3
2023-03-01 11:00:00,6.48,1020.35,3.95,89.7,6.35,3.318,0.0,3.318,3
2023-03-01 12:00:00,6.85,1021.07,3.82,88.1,6.12,2.723,0.0,2.723,3
2023-03-01 13:00:00,7.33,1021.82,3.23,85.5,4.77,2.285,0.0,2.285,3
2023-03-01 14:00:00,7.71,1022.26,2.76,91.7,4.12,2.1,0.0,2.1,3
2023-03-01 15:00:00,8.23,1021.98,3.04,121.3,4.25,2.051,0.0,2.051,3
2023-03-01 16:00:00,8.5,1021.39,2.65,141.6,3.97,2.352,0.0,2.352,3
2023-03-01 17:00:00,8.72,1020.56,1.43,167.2,2.42,2.823,0.0,2.823,3
2023-03-01 18:00:00,8.69,1019.45,0.98,145.4,1.73,3.232,0.0,3.232,3
2023-03-01 19:00:00,8.8,1017.62,2.32,112.1,3.3,3.52,0.0,3.52,3
2023-03-01 20:00:00,8.61,1017.06,1.16,79.9,2.0,3.615,0.0,3.615,3
2023-03-01 21:00:00,9.08,1016.55,1.0,97.4,1.7,3.538,0.0,3.538,3
2023-03-01 22:00:00,9.11,1015.66,0.79,85.7,1.38,3.385,0.0,3.385,3
2023-03-01 23:00:00,8.72,1015.07,0.23,132.3,0.53,2.812,0.0,2.812,3
2024-01-01 00:00:00,5.42,1015.68,1.41,259.7,1.81,2.595,0.0,2.595,3
2024-01-01 01:00:00,5.56,1015.71,2.09,246.1,2.62,3.266,0.0,3.266,3
2024-01-01 02:00:00,5.89,1015.79,1.95,247.6,2.38,3.859,0.0,3.859,3
2024-01-01 03:00:00,6.39,1015.77,1.66,236.5,2.07,4.13,0.0,4.13,3
2024-01-01 04:00:00,6.94,1015.56,2.69,225.5,3.34,3.953,0.0,3.953,3
2024-01-01 05:00:00,7.48,1014.99,3.75,218.0,4.47,3.422,0.0,3.422,3
2024-01-01 06:00:00,7.51,1014.51,3.12,227.8,3.76,2.762,0.0,2.762,3
2024-01-01 07:00:00,7.52,1014.51,3.31,227.5,3.97,2.176,0.0,2.176,3
2024-01-01 08:00:00,7.45,1014.02,2.73,215.7,3.11,1.839,0.0,1.839,3
2024-01-01 09:00:00,7.36,1013.65,2.69,222.8,3.22,1.627,0.0,1.627,3
2024-01-01 10:00:00,7.79,1013.65,3.27,216.3,3.89,1.783,0.0,1.783,3
2024-01-01 11:00:00,7.87,1013.9,2.97,231.4,3.61,2.427,0.0,2.427,3
2024-01-01 12:00:00,6.96,1014.14,1.67,260.6,2.13,3.172,0.0,3.172,3
2024-01-01 13:00:00,6.64,1014.36,1.3,237.9,1.58,3.994,0.0,3.994,3
2024-01-01 14:00:00,6.8,1014.82,2.02,280.7,2.62,4.574,0.0,4.574,3
2024-01-01 15:00:00,8.01,1015.0,3.2,298.6,4.02,4.761,0.0,4.761,3
2024-01-01 16:00:00,8.9,1014.41,3.24,142.1,3.91,4.659,0.0,4.659,3
2024-01-01 17:00:00,9.76,1013.63,3.13,14.9,3.93,4.173,0.0,4.173,3
2024-01-01 18:00:00,9.26,1013.26,3.5,61.3,4.8,3.336,0.0,3.336,3
2024-01-01 19:00:00,9.38,1013.34,3.79,112.2,4.7,2.495,0.0,2.495,3
2024-01-01 20:00:00,8.27,1013.59,5.29,11.5,6.76,1.856,0.0,1.856,3
2024-01-01 21:00:00,7.57,1014.38,4.92,13.4,6.62,1.524,0.0,1.524,3
2024-01-01 22:00:00,7.43,1015.04,4.77,247.5,6.05,1.509,0.0,1.509,3
2024-01-01 23:00:00,6.94,1015.57,3.58,342.0,4.57,1.77,0.0,1.77,3
2024-01-02 00:00:00,6.73,1015.7,4.89,280.9,6.15,2.299,0.0,2.299,3
2024-01-02 01:00:00,6.29,1015.92,4.74,345.9,5.86,3.001,0.0,3.001,3
2024-01-02 02:00:00,6.1,1016.01,4.73,345.4,5.83,3.63,0.0,3.63,3
2024-01-02 03:00:00,5.89,1015.94,5.13,349.0,6.46,4.134,0.0,4.134,3
2024-01-02 04:00:00,5.67,1015.92,5.31,314.0,6.58,4.247,0.0,4.247,3
2024-01-02 05:00:00,5.5,1015.59,5.52,318.2,6.72,4.031,0.0,4.031,3
2024-01-02 06:00:00,5.94,1015.42,5.95,42.5,7.64,3.514,0.0,3.514,3
2024-01-02 07:00:00,6.4,1015.55,8.19,13.9,10.78,2.878,0.0,2.878,3
2024-01-02 08:00:00,6.0,1015.72,8.01,6.5,10.02,2.315,0.0,2.315,3
2024-01-02 09:00:00,5.17,1015.91,8.65,8.0,10.77,1.89,0.0,1.89,3
2024-01-02 10:00:00,4.33,1016.49,8.16,8.1,10.29,1.754,0.0,1.754,3
2024-01-02 11:00:00,3.49,1017.41,8.05,6.9,9.75,2.106,0.0,2.106,3
2024-01-02 12:00:00,3.15,1018.23,7.34,6.3,9.09,2.873,0.0,2.873,3
2024-01-02 13:00:00,3.09,1018.97,6.83,5.9,8.35,3.684,0.0,3.684,3
2024-01-02 14:00:00,3.66,1019.35,7.95,43.7,9.88,4.29,0.0,4.29,3
2024-01-02 15:00:00,4.01,1018.94,8.23,74.3,10.48,4.62,0.0,4.62,3
2024-01-02 16:00:00,3.92,1017.85,7.72,309.4,9.85,4.759,0.0,4.759,3
2024-01-02 17:00:00,4.06,1016.76,7.83,342.8,10.43,4.55,0.0,4.55,3
2024-01-02 18:00:00,4.4,1016.09,7.69,343.6,9.94,4.097,0.0,4.097,3
2024-01-02 19:00:00,4.94,1016.2,6.63,342.9,8.53,3.432,0.0,3.432,3
2024-01-02 20:00:00,5.19,1016.55,4.91,331.2,6.43,2.732,0.0,2.732,3
2024-01-02 21:00:00,5.0,1016.77,3.31,318.1,4.31,2.353,0.0,2.353,3
2024-01-02 22:00:00,4.16,1017.02,2.02,300.5,2.67,1.877,0.0,1.877,3
2024-01-02 23:00:00,3.56,1017.24,1.71,289.3,2.19,1.77,0.0,1.77,3
2024-01-03 00:00:00,2.89,1017.35,1.82,279.2,2.2,2.019,0.0,2.019,3
2024-01-03 01:00:00,2.27,1017.46,2.51,280.2,3.12,2.541,0.0,2.541,3
2024-01-03 02:00:00,2.17,1017.41,2.32,295.0,3.02,3.227,0.0,3.227,3
2024-01-03 03:00:00,2.05,1017.49,2.32,293.0,3.03,3.82,0.0,3.82,3
2024-01-03 04:00:00,2.13,1017.21,2.41,294.2,3.03,4.145,0.0,4.145,3
2024-01-03 05:00:00,1.65,1016.91,2.57,289.8,3.14,4.122,0.0,4.122,3
2024-01-03 06:00:00,1.31,1016.92,2.11,302.8,2.86,3.852,0.0,3.852,3
2024-01-03 07:00:00,1.47,1016.96,2.49,315.0,3.32,3.254,0.0,3.254,3
2024-01-03 08:00:00,1.03,1016.97,2.59,304.2,3.37,2.657,0.0,2.657,3
2024-01-03 09:00:00,0.73,1017.1,2.36,307.8,3.06,2.105,0.0,2.105,3
2024-01-03 10:00:00,0.49,1017.35,1.91,309.5,2.39,1.715,0.0,1.715,3
2024-01-03 11:00:00,0.37,1017.93,2.28,303.4,2.86,1.756,0.0,1.756,3
2024-01-03 12:00:00,0.3,1018.41,2.27,299.7,2.85,2.167,0.0,2.167,3
2024-01-03 13:00:00,1.4,1018.32,2.19,312.5,2.73,2.759,0.0,2.759,3
2024-01-03 14:00:00,3.07,1018.14,2.72,244.1,3.49,3.38,0.0,3.38,3
2024-01-03 15:00:00,3.95,1018.24,3.11,111.4,3.87,3.868,0.0,3.868,3
2024-01-03 16:00:00,4.64,1017.78,3.1,13.0,4.02,4.25,0.0,4.25,3
2024-01-03 17:00:00,5.46,1016.98,2.42,20.8,3.37,4.332,0.0,4.332,3
2024-01-03 18:00:00,6.01,1016.05,2.07,76.3,2.99,3.921,0.0,3.921,3
2024-01-03 19:00:00,5.78,1015.35,2.52,140.5,3.57,3.418,0.0,3.418,3
2024-01-03 20:00:00,5.54,1015.48,2.27,170.8,3.24,2.848,0.0,2.848,3
2024-01-03 21:00:00,5.0,1015.33,1.76,190.2,2.35,2.381,0.0,2.381,3
2024-01-03 22:00:00,5.15,1015.85,3.38,223.4,4.05,1.899,0.0,1.899,3
2024-01-03 23:00:00,5.34,1015.52,2.9,228.9,3.51,1.588,0.0,1.588,3
2024-01-04 00:00:00,5.36,1015.16,1.53,230.7,1.91,1.63,0.0,1.63,3
2024-01-04 01:00:00,5.31,1015.24,2.29,244.4,2.89,2.138,0.0,2.138,3
2024-01-04 02:00:00,5.08,1015.08,2.01,242.0,2.48,2.872,0.0,2.872,3
2024-01-04 03:00:00,4.9,1014.95,1.32,271.7,1.78,3.563,0.0,3.563,3
2024-01-04 04:00:00,4.8,1014.69,1.52,276.9,1.95,4.034,0.0,4.034,3
2024-01-04 05:00:00,4.8,1013.59,1.28,202.0,1.61,4.38,0.0,4.38,3
2024-01-04 06:00:00,4.87,1013.46,0.82,230.5,1.15,4.414,0.0,4.414,3
2024-01-04 07:00:00,5.31,1012.7,1.52,102.7,1.96,4.24,0.0,4.24,3
2024-01-04 08:00:00,5.13,1012.39,1.59,237.8,1.99,3.684,0.0,3.684,3
2024-01-04 09:00:00,4.89,1011.84,1.02,189.9,1.3,2.979,0.0,2.979,3
2024-01-04 10:00:00,4.48,1012.03,2.15,202.7,2.5,2.516,0.0,2.516,3
2024-01-04 11:00:00,4.4,1012.44,3.14,242.6,3.95,2.246,0.0,2.246,3
2024-01-04 12:00:00,4.33,1012.82,4.18,211.7,5.11,2.242,0.0,2.242,3
2024-01-04 13:00:00,4.32,1013.31,5.31,179.0,6.44,2.486,0.0,2.486,3
2024-01-04 14:00:00,4.49,1014.05,4.46,283.3,5.56,3.05,0.0,3.05,3
2024-01-04 15:00:00,4.86,1014.14,4.18,313.3,5.24,3.517,0.0,3.517,3
2024-01-04 16:00:00,5.86,1013.97,5.87,314.2,7.53,3.844,0.0,3.844,3
2024-01-04 17:00:00,6.27,1013.62,7.67,109.0,10.0,4.106,0.0,4.106,3
2024-01-04 18:00:00,6.48,1013.73,7.01,348.0,9.22,4.099,0.0,4.099,3
2024-01-04 19:00:00,6.52,1014.04,7.56,302.5,9.9,3.766,0.0,3.766,3
2024-01-04 20:00:00,6.56,1014.92,7.46,341.8,9.78,3.085,0.0,3.085,3
2024-01-04 21:00:00,6.33,1015.93,7.31,344.3,9.29,2.491,0.0,2.491,3
2024-01-04 22:00:00,5.84,1017.34,6.42,340.5,8.49,2.036,0.0,2.036,3
2024-01-04 23:00:00,5.25,1018.45,6.06,336.1,7.97,1.576,0.0,1.576,3
2024-01-05 00:00:00,4.72,1019.24,6.32,336.0,8.5,1.354,0.0,1.354,3
2024-01-05 01:00:00,3.96,1020.13,5.73,339.7,7.39,1.365,0.0,1.365,3
2024-01-05 02:00:00,3.27,1020.81,5.22,338.6,6.85,1.872,0.0,1.872,3
2024-01-05 03:00:00,2.78,1021.51,5.51,343.2,7.39,2.795,0.0,2.795,3
2024-01-05 04:00:00,2.22,1022.0,5.82,344.5,7.43,3.493,0.0,3.493,3
2024-01-05 05:00:00,1.79,1021.91,6.92,350.4,8.78,4.115,0.0,4.115,3
2024-01-05 06:00:00,1.39,1022.21,7.07,346.0,9.16,4.339,0.0,4.339,3
2024-01-05 07:00:00,0.97,1023.19,6.54,342.9,8.46,4.294,0.0,4.294,3
2024-01-05 08:00:00,0.55,1023.53,7.46,347.7,9.35,3.982,0.0,3.982,3
2024-01-05 09:00:00,-0.07,1024.16,6.89,343.7,8.65,3.371,0.0,3.371,3
2024-01-05 10:00:00,-0.53,1024.8,5.51,307.7,7.13,2.581,0.0,2.581,3
2024-01-05 11:00:00,-0.98,1025.52,5.51,337.8,7.16,2.122,0.0,2.122,3
2024-01-05 12:00:00,-1.25,1026.65,6.03,339.1,7.69,1.813,0.0,1.813,3
2024-01-05 13:00:00,-1.11,1027.49,5.99,346.4,7.75,1.907,0.0,1.907,3
2024-01-05 14:00:00,-0.76,1027.94,5.48,246.9,7.0,2.002,0.0,2.002,3
2024-01-05 15:00:00,-0.55,1027.85,5.07,181.6,6.48,2.42,0.0,2.42,3
2024-01-05 16:00:00,0.07,1027.11,3.71,43.6,4.77,3.029,0.0,3.029,3
2024-01-05 17:00:00,1.14,1026.04,2.61,139.9,3.8,3.401,0.0,3.401,3
2024-01-05 18:00:00,2.13,1025.14,2.5,252.5,3.37,3.617,0.0,3.617,3
2024-01-05 19:00:00,3.06,1024.39,2.35,304.2,3.26,3.607,0.0,3.607,3
2024-01-05 20:00:00,3.8,1024.05,2.5,287.9,3.23,3.437,0.0,3.437,3
2024-01-05 21:00:00,3.78,1023.98,2.4,266.5,3.05,3.078,0.0,3.078,3
2024-01-05 22:00:00,2.53,1024.07,3.05,234.6,3.64,2.4,0.0,2.4,3
2024-01-05 23:00:00,2.4,1024.53,2.92,237.7,3.53,1.71,0.0,1.71,3
2024-01-06 00:00:00,1.72,1024.61,1.67,278.8,2.21,1.282,0.0,1.282,3
2024-01-06 01:00:00,1.1,1024.52,2.51,272.2,3.14,1.179,0.0,1.179,3
2024-01-06 02:00:00,0.53,1024.3,1.39,278.8,1.94,1.413,0.0,1.413,3
2024-01-06 03:00:00,0.97,1023.2,0.54,241.1,0.85,2.029,0.0,2.029,3
2024-01-06 04:00:00,1.55,1023.02,1.07,258.3,1.38,2.814,0.0,2.814,3
2024-01-06 05:00:00,1.87,1022.79,1.36,240.5,1.71,3.642,0.0,3.642,3
2024-01-06 06:00:00,2.13,1023.02,1.27,233.1,1.61,4.22,0.0,4.22,3
2024-01-06 07:00:00,2.25,1022.27,0.95,214.2,1.24,4.382,0.0,4.382,3
2024-01-06 08:00:00,3.09,1021.54,1.41,241.4,1.76,4.258,0.0,4.258,3
2024-01-06 09:00:00,3.18,1021.2,1.01,234.2,1.42,3.923,0.0,3.923,3
2024-01-06 10:00:00,3.76,1020.55,0.74,230.0,1.04,3.264,0.0,3.264,3
2024-01-06 11:00:00,4.96,1020.15,2.7,180.3,4.06,2.48,0.0,2.48,3
2024-01-06 12:00:00,5.9,1019.83,4.23,171.8,5.89,1.907,0.0,1.907,3
2024-01-06 13:00:00,6.27,1018.8,4.47,153.4,6.37,1.661,0.0,1.661,3
2024-01-06 14:00:00,6.77,1017.91,3.84,144.6,5.87,1.657,0.0,1.657,3
2024-01-06 15:00:00,7.3,1016.52,4.27,133.5,6.43,1.938,0.0,1.938,3
2024-01-06 16:00:00,7.95,1014.08,4.83,126.6,6.76,2.406,0.0,2.406,3
2024-01-06 17:00:00,8.26,1011.6,4.57,124.1,6.51,2.986,0.0,2.986,3
2024-01-06 18:00:00,8.61,1008.8,4.73,131.0,6.91,3.467,0.0,3.467,3
2024-01-06 19:00:00,9.14,1007.25,4.68,140.6,7.35,3.856,0.0,3.856,3
2024-01-06 20:00:00,9.22,1005.95,5.89,132.7,8.88,4.171,0.0,4.171,3
2024-01-06 21:00:00,9.32,1003.93,7.63,127.7,10.96,4.118,0.0,4.118,3
2024-01-06 22:00:00,9.57,1002.4,7.21,115.9,10.25,3.758,0.0,3.758,3
2024-01-06 23:00:00,9.85,1001.15,5.56,108.1,8.27,3.168,0.0,3.168,3
2024-01-07 00:00:00,9.96,999.01,5.83,115.0,8.53,2.89,0.0,2.89,3
2024-01-07 01:00:00,9.56,998.12,3.69,188.9,5.17,2.991,0.0,2.991,3
2024-01-07 02:00:00,10.41,997.81,5.34,256.9,7.17,2.856,0.0,2.856,3
2024-01-07 03:00:00,10.19,998.36,7.33,282.6,9.85,3.553,0.0,3.553,3
2024-01-07 04:00:00,7.59,999.38,6.6,288.1,9.13,4.284,0.0,4.284,3
2024-01-07 05:00:00,5.87,1000.1,7.12,291.2,9.84,4.929,0.0,4.929,3
2024-01-07 06:00:00,5.3,1000.36,6.43,299.0,8.78,5.569,0.0,5.569,3
2024-01-07 07:00:00,4.67,1000.89,5.99,295.0,8.09,5.813,0.0,5.813,3
2024-01-07 08:00:00,4.38,1001.11,5.97,288.4,8.52,6.169,0.0,6.169,3
2024-01-07 09:00:00,4.32,1001.17,5.35,291.7,7.39,5.957,0.0,5.957,3
2024-01-07 10:00:00,3.99,1001.66,5.37,287.0,7.08,5.453,0.0,5.453,3
2024-01-07 11:00:00,3.58,1002.57,5.71,282.3,7.69,4.792,0.0,4.792,3
2024-01-07 12:00:00,3.43,1003.49,5.9,279.9,7.85,4.024,0.0,4.024,3
2024-01-07 13:00:00,3.58,1003.9,6.32,278.5,8.15,3.335,0.0,3.335,3
2024-01-07 14:00:00,4.24,1004.13,6.6,290.6,8.66,2.613,0.0,2.613,3
2024-01-07 15:00:00,5.79,1004.05,6.54,294.1,9.2,2.239,0.0,2.239,3
2024-01-07 16:00:00,7.26,1003.48,6.13,288.3,8.29,2.466,0.0,2.466,3
2024-01-07 17:00:00,8.56,1003.39,7.12,300.6,9.69,3.167,0.0,3.167,3
2024-01-07 18:00:00,9.24,1003.28,7.75,308.3,11.16,3.857,0.0,3.857,3
2024-01-07 19:00:00,9.37,1003.99,8.66,305.8,11.83,4.29,0.0,4.29,3
2024-01-07 20:00:00,9.07,1005.32,7.27,307.1,10.41,4.624,0.0,4.624,3
2024-01-07 21:00:00,8.71,1007.03,6.03,306.9,8.35,4.64,0.0,4.64,3
2024-01-07 22:00:00,8.18,1008.96,5.71,318.0,7.71,4.401,0.0,4.401,3
2024-01-07 23:00:00,7.52,1010.93,4.04,321.3,5.31,3.553,0.0,3.553,3
2024-01-08 00:00:00,6.95,1012.32,3.35,333.6,4.26,2.782,0.0,2.782,3
2024-01-08 01:00:00,6.15,1013.64,2.39,312.1,3.07,2.151,0.0,2.151,3
2024-01-08 02:00:00,5.16,1014.71,2.22,309.6,2.78,1.719,0.0,1.719,3
2024-01-08 03:00:00,4.71,1015.83,2.69,309.1,3.45,1.862,0.0,1.862,3
2024-01-08 04:00:00,5.05,1017.02,3.21,298.4,4.19,2.243,0.0,2.243,3
2024-01-08 05:00:00,5.34,1017.85,4.39,309.3,5.9,2.883,0.0,2.883,3
2024-01-08 06:00:00,5.02,1018.99,4.23,305.5,5.77,3.67,0.0,3.67,3
2024-01-08 07:00:00,4.93,1019.55,5.34,324.2,7.11,4.319,0.0,4.319,3
2024-01-08 08:00:00,4.79,1020.4,5.35,325.3,6.81,4.978,0.0,4.978,3
2024-01-08 09:00:00,4.38,1021.46,4.81,323.0,6.19,5.125,0.0,5.125,3
2024-01-08 10:00:00,3.65,1022.89,3.98,304.0,5.36,4.941,0.0,4.941,3
2024-01-08 11:00:00,3.62,1024.29,4.07,303.9,5.24,4.466,0.0,4.466,3
2024-01-08 12:00:00,3.57,1025.51,3.33,303.3,4.38,3.626,0.0,3.626,3
2024-01-08 13:00:00,4.11,1026.69,3.74,326.4,4.86,2.815,0.0,2.815,3
2024-01-08 14:00:00,5.4,1027.65,5.27,311.5,6.81,1.927,0.0,1.927,3
2024-01-08 15:00:00,6.09,1028.13,5.53,11.7,7.15,1.299,0.0,1.299,3
2024-01-08 16:00:00,6.85,1028.25,4.57,22.4,6.69,1.346,0.0,1.346,3
2024-01-08 17:00:00,7.15,1028.1,4.22,26.7,6.54,1.867,0.0,1.867,3
2024-01-08 18:00:00,7.16,1028.35,4.27,26.9,6.02,2.715,0.0,2.715,3
2024-01-08 19:00:00,7.49,1028.54,3.49,51.6,5.32,3.57,0.0,3.57,3
2024-01-08 20:00:00,7.45,1028.67,3.35,70.6,4.96,4.21,0.0,4.21,3
2024-01-08 21:00:00,6.96,1028.89,2.8,67.3,4.3,4.676,0.0,4.676,3
2024-01-08 22:00:00,6.38,1030.01,1.14,57.4,2.04,4.652,0.0,4.652,3
2024-01-08 23:00:00,6.12,1030.61,1.57,94.2,2.21,4.29,0.0,4.29,3
2024-01-09 00:00:00,6.07,1029.9,2.27,100.6,3.32,3.642,0.0,3.642,3
2024-01-09 01:00:00,6.04,1029.53,2.57,107.4,3.58,2.802,0.0,2.802,3
2024-01-09 02:00:00,6.12,1029.16,3.1,118.7,4.38,2.217,0.0,2.217,3
2024-01-09 03:00:00,6.13,1029.01,3.0,144.7,4.64,1.915,0.0,1.915,3
2024-01-09 04:00:00,6.33,1029.21,3.36,161.0,4.92,1.865,0.0,1.865,3
2024-01-09 05:00:00,6.42,1028.34,4.17,153.2,5.9,2.305,0.0,2.305,3
2024-01-09 06:00:00,6.31,1027.6,2.54,145.2,3.86,3.054,0.0,3.054,3
2024-01-09 07:00:00,6.5,1027.41,3.45,150.9,4.95,4.18,0.0,4.18,3
2024-01-09 08:00:00,6.62,1026.39,3.5,130.1,5.16,5.213,0.0,5.213,3
2024-01-09 09:00:00,6.9,1025.88,2.87,112.7,4.07,5.698,0.0,5.698,3
2024-01-09 10:00:00,7.35,1024.6,3.89,107.0,5.38,5.733,0.0,5.733,3
2024-01-09 11:00:00,7.77,1023.06,4.95,108.9,7.59,5.571,0.0,5.571,3
2024-01-09 12:00:00,8.01,1022.18,5.26,107.8,8.16,4.952,0.0,4.952,3
2024-01-09 13:00:00,8.42,1022.19,4.53,108.5,6.92,4.014,0.0,4.014,3
2024-01-09 14:00:00,8.98,1020.78,5.39,111.0,7.91,2.938,0.0,2.938,3
2024-01-09 15:00:00,9.68,1018.6,6.6,121.0,9.17,2.036,0.0,2.036,3
2024-01-09 16:00:00,10.24,1016.08,6.34,136.2,9.59,1.551,0.0,1.551,3
2024-01-09 17:00:00,10.15,1013.76,6.09,140.4,9.48,1.798,0.0,1.798,3
2024-01-09 18:00:00,10.62,1010.78,6.92,141.7,10.49,2.417,0.0,2.417,3
2024-01-09 19:00:00,11.42,1007.68,8.48,146.1,12.85,3.142,0.0,3.142,3
2024-01-09 20:00:00,11.89,1005.43,9.46,154.0,13.69,4.075,0.0,4.075,3
2024-01-09 21:00:00,11.69,1003.28,9.22,156.1,13.37,5.151,0.0,5.151,3
2024-01-09 22:00:00,12.52,999.99,10.66,159.8,15.44,5.781,0.0,5.781,3
2024-01-09 23:00:00,12.59,997.53,12.51,167.1,18.91,5.782,0.0,5.782,3
2024-01-10 00:00:00,12.95,995.49,13.42,169.8,19.45,5.518,0.0,5.518,3
2024-01-10 01:00:00,12.77,993.1,13.47,174.0,20.02,4.844,0.0,4.844,3
2024-01-10 02:00:00,12.92,989.99,14.03,172.8,20.84,4.186,0.0,4.186,3
2024-01-10 03:00:00,12.78,988.91,13.19,195.3,18.23,3.328,0.0,3.328,3
2024-01-10 04:00:00,11.66,987.83,9.87,193.9,13.28,2.806,0.0,2.806,3
2024-01-10 05:00:00,11.54,986.4,9.34,210.1,12.07,2.83,0.0,2.83,3
2024-01-10 06:00:00,11.78,985.92,7.95,229.0,10.16,3.399,0.0,3.399,3
2024-01-10 07:00:00,11.75,986.34,6.54,227.9,8.87,3.526,0.0,3.526,3
2024-01-10 08:00:00,12.69,986.75,8.32,248.3,10.79,4.908,0.0,4.908,3
2024-01-10 09:00:00,12.05,987.3,9.59,253.3,12.84,5.956,0.0,5.956,3
2024-01-10 10:00:00,11.65,987.76,8.81,252.7,11.4,6.542,0.0,6.542,3
2024-01-10 11:00:00,11.18,989.11,8.42,251.3,11.52,6.081,0.0,6.081,3
2024-01-10 12:00:00,10.78,990.61,7.53,263.8,9.95,6.068,0.0,6.068,3
2024-01-10 13:00:00,10.35,992.18,6.73,272.1,9.29,5.273,0.0,5.273,3
2024-01-10 14:00:00,10.35,994.43,9.89,274.3,13.66,3.966,0.0,3.966,3
2024-01-10 15:00:00,10.18,995.33,9.28,278.2,12.79,2.454,0.0,2.454,3
2024-01-10 16:00:00,10.13,996.25,9.37,277.2,13.09,1.704,0.0,1.704,3
2024-01-10 17:00:00,10.08,997.22,9.4,272.7,13.1,1.369,0.0,1.369,3
2024-01-10 18:00:00,10.4,998.07,9.75,277.0,13.66,1.193,0.0,1.193,3
2024-01-10 19:00:00,10.58,998.88,8.94,280.9,12.39,1.659,0.0,1.659,3
2024-01-10 20:00:00,10.6,1000.27,8.31,273.3,11.22,2.438,0.0,2.438,3
2024-01-10 21:00:00,10.35,1001.62,6.18,275.8,8.52,3.453,0.0,3.453,3
2024-01-10 22:00:00,9.41,1002.97,5.03,266.1,6.92,3.887,0.0,3.887,3
2024-01-10 23:00:00,8.81,1004.21,4.67,261.1,5.69,4.059,0.0,4.059,3
2024-01-11 00:00:00,8.48,1005.09,4.72,258.6,6.22,3.585,0.0,3.585,3
2024-01-11 01:00:00,8.02,1005.82,4.15,262.6,5.59,3.023,0.0,3.023,3
2024-01-11 02:00:00,7.55,1006.53,4.05,267.9,5.25,2.15,0.0,2.15,3
2024-01-11 03:00:00,7.01,1007.05,3.14,269.4,4.12,1.099,0.0,1.099,3
2024-01-11 04:00:00,6.29,1007.61,2.62,273.6,3.35,0.18,0.0,0.18,3
2024-01-11 05:00:00,5.58,1008.02,2.22,293.1,2.88,-0.24,0.0,-0.24,3
2024-01-11 06:00:00,5.04,1008.79,2.33,267.9,2.84,0.119,0.0,0.119,3
2024-01-11 07:00:00,4.68,1009.45,2.64,268.8,3.15,1.052,0.0,1.052,3
2024-01-11 08:00:00,4.2,1009.75,2.31,281.7,2.91,2.324,0.0,2.324,3
2024-01-11 09:00:00,3.87,1009.99,2.35,276.6,2.88,3.549,0.0,3.549,3
2024-01-11 10:00:00,3.81,1010.2,2.21,271.8,2.74,4.633,0.0,4.633,3
2024-01-11 11:00:00,3.39,1010.9,2.0,252.3,2.47,5.333,0.0,5.333,3
2024-01-11 12:00:00,3.15,1011.53,1.96,259.6,2.41,5.515,0.0,5.515,3
2024-01-11 13:00:00,3.91,1012.19,2.48,277.4,3.05,5.114,0.0,5.114,3
2024-01-11 14:00:00,5.5,1012.65,2.95,274.8,3.64,4.216,0.0,4.216,3
2024-01-11 15:00:00,6.57,1013.05,2.79,300.0,3.74,2.853,0.0,2.853,3
2024-01-11 16:00:00,7.63,1012.31,1.72,226.1,2.54,1.677,0.0,1.677,3
2024-01-11 17:00:00,7.74,1011.25,3.97,190.0,5.23,0.765,0.0,0.765,3
2024-01-11 18:00:00,7.83,1010.6,4.74,197.7,6.1,0.344,0.0,0.344,3
2024-01-11 19:00:00,8.4,1010.38,6.48,212.2,7.62,0.743,0.0,0.743,3
2024-01-11 20:00:00,8.91,1010.77,6.27,218.3,7.37,1.656,0.0,1.656,3
2024-01-11 21:00:00,8.52,1011.62,5.35,229.3,6.45,2.953,0.0,2.953,3
2024-01-11 22:00:00,7.61,1012.59,2.98,243.3,3.63,3.82,0.0,3.82,3
2024-01-11 23:00:00,7.03,1013.46,2.74,217.8,3.17,4.376,0.0,4.376,3
2024-01-12 00:00:00,7.42,1014.05,4.92,217.1,5.77,4.465,0.0,4.465,3
2024-01-12 01:00:00,7.1,1014.44,3.88,221.1,4.6,4.081,0.0,4.081,3
2024-01-12 02:00:00,7.16,1014.96,3.67,219.7,4.28,3.274,0.0,3.274,3
2024-01-12 03:00:00,7.21,1015.48,2.77,225.1,3.33,2.341,0.0,2.341,3
2024-01-12 04:00:00,7.63,1015.98,3.83,252.0,4.82,1.246,0.0,1.246,3
2024-01-12 05:00:00,6.85,1016.73,3.25,276.9,4.11,0.421,0.0,0.421,3
2024-01-12 06:00:00,6.05,1017.42,3.14,287.8,3.85,0.153,0.0,0.153,3
2024-01-12 07:00:00,5.51,1018.56,1.57,318.1,2.05,0.595,0.0,0.595,3
2024-01-12 08:00:00,5.49,1019.04,2.22,10.2,2.83,1.597,0.0,1.597,3
2024-01-12 09:00:00,6.39,1019.15,2.78,28.8,4.21,2.815,0.0,2.815,3
2024-01-12 10:00:00,6.75,1019.1,1.92,40.0,3.54,4.138,0.0,4.138,3
2024-01-12 11:00:00,6.7,1019.64,2.11,62.9,3.83,5.346,0.0,5.346,3
2024-01-12 12:00:00,6.81,1020.5,2.38,62.8,4.08,6.075,0.0,6.075,3
2024-01-12 13:00:00,7.53,1020.99,2.9,68.6,4.82,6.211,0.0,6.211,3
2024-01-12 14:00:00,8.05,1020.98,3.77,83.8,5.74,5.388,0.0,5.388,3
2024-01-12 15:00:00,8.59,1020.72,3.82,86.2,5.86,4.129,0.0,4.129,3
2024-01-12 16:00:00,9.13,1019.99,3.83,93.8,5.72,2.721,0.0,2.721,3
2024-01-12 17:00:00,9.46,1019.18,3.58,111.2,5.09,1.556,0.0,1.556,3
2024-01-12 18:00:00,9.27,1017.99,3.65,117.6,5.23,0.648,0.0,0.648,3
2024-01-12 19:00:00,9.03,1016.64,3.32,110.3,5.15,0.344,0.0,0.344,3
2024-01-12 20:00:00,8.79,1015.27,4.0,108.9,5.95,0.861,0.0,0.861,3
2024-01-12 21:00:00,8.98,1013.35,5.19,119.4,7.2,2.052,0.0,2.052,3
2024-01-12 22:00:00,9.8,1010.81,5.73,129.1,8.3,3.415,0.0,3.415,3
2024-01-12 23:00:00,10.56,1009.32,5.17,137.7,8.15,4.468,0.0,4.468,3
2024-01-13 00:00:00,10.55,1006.9,5.98,130.9,8.52,5.08,0.0,5.08,3
2024-01-13 01:00:00,10.91,1004.97,5.74,142.5,8.72,5.343,0.0,5.343,3
2024-01-13 02:00:00,11.16,1002.73,6.69,146.2,10.06,5.143,0.0,5.143,3
2024-01-13 03:00:00,11.4,1001.14,8.23,157.5,11.9,4.436,0.0,4.436,3
2024-01-13 04:00:00,11.9,998.32,8.92,161.3,13.25,3.479,0.0,3.479,3
2024-01-13 05:00:00,12.02,995.42,10.25,168.9,15.56,2.803,0.0,2.803,3
2024-01-13 06:00:00,12.33,994.65,11.55,197.7,16.05,2.315,0.0,2.315,3
2024-01-13 07:00:00,12.18,993.86,9.98,208.6,12.54,2.342,0.0,2.342,3
2024-01-13 08:00:00,12.27,992.7,9.46,214.1,11.99,2.528,0.0,2.528,3
2024-01-13 09:00:00,11.61,992.02,8.2,216.8,9.78,3.122,0.0,3.122,3
2024-01-13 10:00:00,10.9,991.56,6.28,213.5,7.36,4.324,0.0,4.324,3
2024-01-13 11:00:00,10.46,991.06,7.38,214.4,8.53,5.791,0.0,5.791,3
2024-01-13 12:00:00,10.54,990.82,7.68,218.5,9.21,6.807,0.0,6.807,3
2024-01-13 13:00:00,12.15,991.53,5.57,247.7,7.03,7.017,0.0,7.017,3
2024-01-13 14:00:00,13.76,992.6,9.1,262.8,12.12,6.83,0.0,6.83,3
2024-01-13 15:00:00,13.35,993.3,9.5,261.7,13.03,5.95,0.0,5.95,3
2024-01-13 16:00:00,13.13,993.35,9.97,273.3,13.83,4.75,0.0,4.75,3
2024-01-13 17:00:00,12.46,993.5,11.03,267.4,15.9,3.316,0.0,3.316,3
2024-01-13 18:00:00,12.2,994.16,9.43,276.1,13.72,1.865,0.0,1.865,3
2024-01-13 19:00:00,12.03,995.72,10.7,277.7,14.87,0.886,0.0,0.886,3
2024-01-13 20:00:00,10.98,997.93,9.32,279.3,12.92,0.65,0.0,0.65,3
2024-01-13 21:00:00,10.06,1000.11,8.22,283.7,11.58,1.088,0.0,1.088,3
2024-01-13 22:00:00,9.06,1001.88,6.9,277.4,9.53,2.185,0.0,2.185,3
2024-01-13 23:00:00,8.44,1003.71,7.25,279.5,10.0,3.222,0.0,3.222,3
2024-01-14 00:00:00,7.93,1005.38,7.63,276.3,10.72,3.883,0.0,3.883,3
2024-01-14 01:00:00,7.3,1006.71,7.32,284.0,10.16,4.126,0.0,4.126,3
2024-01-14 02:00:00,6.54,1007.78,6.06,284.8,8.09,4.197,0.0,4.197,3
2024-01-14 03:00:00,5.8,1009.11,4.72,285.0,6.22,3.581,0.0,3.581,3
2024-01-14 04:00:00,5.07,1010.33,3.4,275.0,4.32,2.807,0.0,2.807,3
2024-01-14 05:00:00,4.32,1011.07,3.71,287.7,4.74,1.738,0.0,1.738,3
2024-01-14 06:00:00,3.75,1011.52,3.32,282.6,4.23,0.452,0.0,0.452,3
2024-01-14 07:00:00,3.4,1012.2,2.8,273.3,3.68,-0.509,0.0,-0.509,3
2024-01-14 08:00:00,2.84,1012.81,2.27,267.0,2.9,-0.604,0.0,-0.604,3
2024-01-14 09:00:00,2.44,1013.3,2.37,269.5,3.01,-0.089,0.0,-0.089,3
2024-01-14 10:00:00,2.3,1013.87,2.96,266.3,3.77,0.854,0.0,0.854,3
2024-01-14 11:00:00,2.93,1014.55,3.94,251.2,4.87,2.203,0.0,2.203,3
2024-01-14 12:00:00,3.36,1014.42,4.61,239.5,5.86,3.57,0.0,3.57,3
2024-01-14 13:00:00,4.71,1013.86,8.2,225.2,10.21,4.622,0.0,4.622,3
2024-01-14 14:00:00,5.7,1013.77,7.45,229.9,9.4,4.973,0.0,4.973,3
2024-01-14 15:00:00,6.57,1012.58,8.73,224.9,10.84,4.671,0.0,4.671,3
2024-01-14 16:00:00,7.73,1011.3,10.39,220.9,12.86,3.858,0.0,3.858,3
2024-01-14 17:00:00,8.82,1010.28,10.69,226.7,13.66,2.492,0.0,2.492,3
2024-01-14 18:00:00,10.02,1009.79,10.4,258.0,13.84,0.965,0.0,0.965,3
2024-01-14 19:00:00,10.84,1010.24,9.19,261.3,12.52,-0.523,0.0,-0.523,3
2024-01-14 20:00:00,6.88,1012.01,8.93,335.8,11.57,-1.213,0.0,-1.213,3
2024-01-14 21:00:00,4.65,1014.42,7.92,335.9,10.0,-1.216,0.0,-1.216,3
2024-01-14 22:00:00,4.32,1016.06,6.32,327.2,7.95,-1.004,0.0,-1.004,3
2024-01-14 23:00:00,4.25,1017.82,6.28,331.8,8.28,0.033,0.0,0.033,3
2024-01-15 00:00:00,3.58,1018.56,7.02,341.6,8.94,1.724,0.0,1.724,3
2024-01-15 01:00:00,2.8,1019.58,6.11,340.6,8.08,2.522,0.0,2.522,3
2024-01-15 02:00:00,2.3,1020.21,5.32,311.3,7.06,3.56,0.0,3.56,3
2024-01-15 03:00:00,1.83,1020.57,3.55,237.9,4.62,3.927,0.0,3.927,3
2024-01-15 04:00:00,1.46,1020.72,4.29,77.8,5.33,3.299,0.0,3.299,3
2024-01-15 05:00:00,1.29,1021.36,3.77,114.7,4.81,2.53,0.0,2.53,3
2024-01-15 06:00:00,1.06,1021.38,3.36,13.9,4.44,1.335,0.0,1.335,3
2024-01-15 07:00:00,0.78,1022.32,4.01,310.8,5.1,0.426,0.0,0.426,3
2024-01-15 08:00:00,0.57,1022.29,4.71,76.2,5.89,-0.233,0.0,-0.233,3
2024-01-15 09:00:00,0.41,1022.45,4.89,78.3,6.06,-0.193,0.0,-0.193,3
2024-01-15 10:00:00,0.21,1022.94,4.23,77.5,5.18,0.379,0.0,0.379,3
2024-01-15 11:00:00,0.08,1023.39,4.34,42.6,5.15,1.468,0.0,1.468,3
2024-01-15 12:00:00,0.08,1023.41,4.58,7.8,5.38,2.898,0.0,2.898,3
2024-01-15 13:00:00,0.2,1023.64,4.35,13.2,5.55,4.125,0.0,4.125,3
2024-01-15 14:00:00,0.38,1024.06,3.33,25.1,4.89,4.725,0.0,4.725,3
2024-01-15 15:00:00,0.8,1024.23,2.92,35.2,4.22,4.867,0.0,4.867,3
2024-01-15 16:00:00,1.39,1023.42,2.32,64.5,3.75,4.642,0.0,4.642,3
2024-01-15 17:00:00,1.61,1022.26,2.54,79.7,3.86,3.72,0.0,3.72,3
2024-01-15 18:00:00,1.12,1021.52,2.46,77.9,3.68,2.413,0.0,2.413,3
2024-01-15 19:00:00,0.53,1020.95,2.74,77.8,4.12,1.24,0.0,1.24,3
2024-01-15 20:00:00,0.09,1021.01,2.35,67.5,3.97,0.459,0.0,0.459,3
2024-01-15 21:00:00,0.02,1020.92,2.56,72.7,4.17,0.02,0.0,0.02,3
2024-01-15 22:00:00,0.54,1020.73,3.08,73.3,4.78,0.209,0.0,0.209,3
2024-01-15 23:00:00,1.43,1020.46,3.1,70.4,4.93,1.197,0.0,1.197,3
2024-01-16 00:00:00,2.22,1020.21,3.33,70.4,4.97,2.469,0.0,2.469,3
2024-01-16 01:00:00,2.95,1019.53,3.39,72.1,5.38,3.637,0.0,3.637,3
2024-01-16 02:00:00,3.69,1018.98,3.28,72.5,5.22,4.385,0.0,4.385,3
2024-01-16 03:00:00,4.24,1018.37,2.92,66.6,4.77,5.035,0.0,5.035,3
2024-01-16 04:00:00,4.71,1016.98,3.11,65.9,5.42,5.081,0.0,5.081,3
2024-01-16 05:00:00,5.27,1015.72,3.02,64.6,5.09,4.514,0.0,4.514,3
2024-01-16 06:00:00,5.78,1014.56,3.44,68.4,5.82,3.571,0.0,3.571,3
2024-01-16 07:00:00,6.21,1013.44,3.68,68.7,6.1,2.625,0.0,2.625,3
2024-01-16 08:00:00,6.68,1012.44,3.03,62.5,5.09,1.94,0.0,1.94,3
2024-01-16 09:00:00,6.91,1011.51,3.36,63.0,5.87,1.377,0.0,1.377,3
2024-01-16 10:00:00,6.99,1010.62,2.86,48.3,5.44,1.308,0.0,1.308,3
2024-01-16 11:00:00,7.19,1009.33,3.96,68.9,6.48,1.839,0.0,1.839,3
2024-01-16 12:00:00,7.56,1008.35,3.19,63.8,5.42,3.016,0.0,3.016,3
2024-01-16 13:00:00,7.9,1007.39,2.18,58.8,3.63,4.317,0.0,4.317,3
2024-01-16 14:00:00,7.99,1007.1,2.23,115.6,2.99,5.345,0.0,5.345,3
2024-01-16 15:00:00,7.72,1005.71,2.72,11.5,3.42,5.739,0.0,5.739,3
2024-01-16 16:00:00,7.65,1004.19,2.72,251.0,3.4,5.861,0.0,5.861,3
2024-01-16 17:00:00,8.13,1003.81,2.94,277.7,3.79,5.555,0.0,5.555,3
2024-01-16 18:00:00,4.1,1004.55,7.19,311.6,9.5,4.697,0.0,4.697,3
2024-01-16 19:00:00,1.4,1005.22,8.12,329.1,11.25,3.324,0.0,3.324,3
2024-01-16 20:00:00,0.81,1006.12,9.15,340.4,11.61,1.935,0.0,1.935,3
2024-01-16 21:00:00,0.63,1007.63,8.25,341.7,10.97,0.967,0.0,0.967,3
2024-01-16 22:00:00,0.12,1008.44,8.21,336.1,11.12,0.78,0.0,0.78,3
2024-01-16 23:00:00,-0.32,1008.61,8.37,339.6,11.4,1.165,0.0,1.165,3
2024-01-17 00:00:00,-0.9,1009.19,8.17,338.4,10.81,1.926,0.0,1.926,3
2024-01-17 01:00:00,-1.85,1010.31,8.32,334.5,11.06,3.024,0.0,3.024,3
2024-01-17 02:00:00,-2.39,1011.67,8.05,337.2,10.37,3.924,0.0,3.924,3
2024-01-17 03:00:00,-3.09,1012.66,8.16,339.3,11.0,4.893,0.0,4.893,3
2024-01-17 04:00:00,-3.62,1013.1,7.36,336.0,9.56,5.499,0.0,5.499,3
2024-01-17 05:00:00,-4.08,1013.14,8.3,336.1,10.75,5.236,0.0,5.236,3
2024-01-17 06:00:00,-4.62,1013.42,8.22,333.1,11.1,4.517,0.0,4.517,3
2024-01-17 07:00:00,-5.17,1014.18,8.46,333.6,11.46,3.437,0.0,3.437,3
2024-01-17 08:00:00,-5.55,1014.56,8.25,334.2,10.76,2.63,0.0,2.63,3
2024-01-17 09:00:00,-5.95,1015.21,6.67,326.8,8.8,1.721,0.0,1.721,3
2024-01-17 10:00:00,-6.22,1016.23,5.9,320.3,7.61,1.1,0.0,1.1,3
2024-01-17 11:00:00,-6.55,1017.12,4.95,313.4,7.1,0.94,0.0,0.94,3
2024-01-17 12:00:00,-6.733,1017.911,4.96,310.3,6.54,1.319,0.0,1.319,3
2024-01-17 13:00:00,-6.22,1018.62,5.08,311.5,7.09,2.182,0.0,2.182,3
2024-01-17 14:00:00,-5.34,1019.43,6.69,317.2,9.17,2.994,0.0,2.994,3
2024-01-17 15:00:00,-4.5,1019.88,6.43,306.8,8.56,3.727,0.0,3.727,3
2024-01-17 16:00:00,-3.49,1019.46,6.07,302.2,8.54,4.172,0.0,4.172,3
2024-01-17 17:00:00,-2.57,1018.62,6.2,310.3,8.47,4.182,0.0,4.182,3
2024-01-17 18:00:00,-1.62,1017.67,5.45,293.8,7.33,3.795,0.0,3.795,3
2024-01-17 19:00:00,-0.69,1017.3,4.93,286.3,6.89,2.856,0.0,2.856,3
2024-01-17 20:00:00,-0.46,1017.74,5.16,271.1,7.3,1.854,0.0,1.854,3
2024-01-17 21:00:00,-0.85,1018.59,5.58,262.2,7.4,0.809,0.0,0.809,3
2024-01-17 22:00:00,-1.35,1019.36,4.21,270.5,5.27,0.185,0.0,0.185,3
2024-01-17 23:00:00,-1.87,1020.38,2.41,272.1,3.06,-0.115,0.0,-0.115,3
2024-01-18 00:00:00,-2.11,1021.09,2.13,246.3,2.73,0.026,0.0,0.026,3
2024-01-18 01:00:00,-2.11,1021.47,3.16,257.1,3.9,0.78,0.0,0.78,3
2024-01-18 02:00:00,-1.65,1021.37,4.73,250.2,5.72,1.621,0.0,1.621,3
2024-01-18 03:00:00,-1.34,1021.44,4.85,254.7,6.11,2.601,0.0,2.601,3
2024-01-18 04:00:00,-1.28,1021.82,3.73,265.8,4.75,3.243,0.0,3.243,3
2024-01-18 05:00:00,-1.71,1021.97,2.95,270.7,3.9,3.591,0.0,3.591,3
2024-01-18 06:00:00,-1.9,1022.24,2.95,272.9,3.66,3.479,0.0,3.479,3
2024-01-18 07:00:00,-1.85,1022.48,2.57,280.5,3.39,3.044,0.0,3.044,3
2024-01-18 08:00:00,-1.63,1022.16,2.09,277.1,2.72,2.242,0.0,2.242,3
2024-01-18 09:00:00,-1.6,1022.05,1.65,260.2,2.09,1.318,0.0,1.318,3
2024-01-18 10:00:00,-1.64,1022.22,2.31,257.4,2.8,0.581,0.0,0.581,3
2024-01-18 11:00:00,-1.67,1022.46,2.35,267.6,2.91,0.162,0.0,0.162,3
2024-01-18 12:00:00,-1.67,1022.46,2.16,265.1,2.76,0.067,0.0,0.067,3
2024-01-18 13:00:00,-0.58,1022.39,2.23,245.2,2.81,0.416,0.0,0.416,3
2024-01-18 14:00:00,0.85,1022.94,3.48,252.0,4.3,1.105,0.0,1.105,3
2024-01-18 15:00:00,1.84,1023.0,2.31,259.4,3.05,2.042,0.0,2.042,3
2024-01-18 16:00:00,2.77,1022.48,1.96,258.8,2.72,2.734,0.0,2.734,3
2024-01-18 17:00:00,3.72,1021.27,0.95,235.4,1.61,3.111,0.0,3.111,3
2024-01-18 18:00:00,4.0,1019.95,2.58,185.0,3.7,3.076,0.0,3.076,3
2024-01-18 19:00:00,4.28,1018.68,3.0,181.4,4.33,2.914,0.0,2.914,3
2024-01-18 20:00:00,5.19,1017.98,4.14,191.3,5.78,2.284,0.0,2.284,3
2024-01-18 21:00:00,5.18,1017.69,6.44,211.5,7.89,1.52,0.0,1.52,3
2024-01-18 22:00:00,4.41,1017.57,3.85,232.4,4.75,0.798,0.0,0.798,3
2024-01-18 23:00:00,4.26,1017.2,3.76,229.0,4.58,0.298,0.0,0.298,3
2024-01-19 00:00:00,4.41,1016.9,3.12,223.6,3.81,0.035,0.0,0.035,3
2024-01-19 01:00:00,4.98,1016.35,2.72,233.7,3.43,0.3,0.0,0.3,3
2024-01-19 02:00:00,4.61,1015.73,1.35,212.4,1.56,1.011,0.0,1.011,3
2024-01-19 03:00:00,4.37,1015.0,0.41,228.4,0.52,2.041,0.0,2.041,3
2024-01-19 04:00:00,4.3,1014.23,0.61,130.4,0.85,3.182,0.0,3.182,3
2024-01-19 05:00:00,4.83,1013.26,1.59,118.9,2.31,3.975,0.0,3.975,3
2024-01-19 06:00:00,4.64,1011.89,1.47,61.6,2.28,4.403,0.0,4.403,3
2024-01-19 07:00:00,5.58,1010.36,2.38,84.0,3.42,4.457,0.0,4.457,3
2024-01-19 08:00:00,5.83,1009.45,2.63,90.5,3.82,4.128,0.0,4.128,3
2024-01-19 09:00:00,6.13,1009.23,2.26,83.3,3.35,3.352,0.0,3.352,3
2024-01-19 10:00:00,5.88,1008.44,3.54,119.6,4.51,2.299,0.0,2.299,3
2024-01-19 11:00:00,5.14,1007.57,2.8,78.8,3.63,1.534,0.0,1.534,3
2024-01-19 12:00:00,2.84,1007.48,4.99,43.8,5.99,0.982,0.0,0.982,3
2024-01-19 13:00:00,1.77,1006.97,3.57,19.2,4.7,1.042,0.0,1.042,3
2024-01-19 14:00:00,1.73,1005.94,2.06,32.8,3.31,1.483,0.0,1.483,3
2024-01-19 15:00:00,2.42,1005.01,1.99,49.4,3.59,2.057,0.0,2.057,3
2024-01-19 16:00:00,2.86,1003.96,1.49,77.2,2.47,2.926,0.0,2.926,3
2024-01-19 17:00:00,2.78,1002.59,1.96,139.4,2.54,3.76,0.0,3.76,3
2024-01-19 18:00:00,1.69,1002.51,4.45,330.6,5.34,4.145,0.0,4.145,3
2024-01-19 19:00:00,1.22,1002.59,4.91,338.1,6.39,4.08,0.0,4.08,3
2024-01-19 20:00:00,0.93,1003.78,5.89,331.0,7.72,3.856,0.0,3.856,3
2024-01-19 21:00:00,0.32,1005.6,6.61,332.6,8.63,3.268,0.0,3.268,3
2024-01-19 22:00:00,-0.18,1007.32,6.31,333.0,8.54,2.547,0.0,2.547,3
2024-01-19 23:00:00,-0.71,1008.9,7.13,333.8,9.21,1.6,0.0,1.6,3
2024-01-20 00:00:00,-0.74,1010.24,6.41,332.1,8.69,0.987,0.0,0.987,3
2024-01-20 01:00:00,-0.75,1011.01,6.03,334.6,8.07,0.817,0.0,0.817,3
2024-01-20 02:00:00,-0.95,1011.74,5.73,327.5,7.45,1.319,0.0,1.319,3
2024-01-20 03:00:00,-1.05,1012.47,5.22,326.7,7.15,2.25,0.0,2.25,3
2024-01-20 04:00:00,-1.44,1013.29,4.86,321.6,6.44,3.217,0.0,3.217,3
2024-01-20 05:00:00,-1.93,1013.45,4.55,317.1,6.06,3.992,0.0,3.992,3
2024-01-20 06:00:00,-2.36,1013.61,3.83,307.4,5.1,4.475,0.0,4.475,3
2024-01-20 07:00:00,-2.53,1014.29,3.31,298.3,4.46,4.848,0.0,4.848,3
2024-01-20 08:00:00,-2.18,1014.54,4.54,311.5,6.07,4.748,0.0,4.748,3
2024-01-20 09:00:00,-2.19,1014.77,5.35,323.0,7.07,4.144,0.0,4.144,3
2024-01-20 10:00:00,-2.42,1015.46,5.28,330.6,6.71,3.131,0.0,3.131,3
2024-01-20 11:00:00,-2.82,1016.35,4.99,330.8,6.72,2.206,0.0,2.206,3
2024-01-20 12:00:00,-3.24,1017.02,5.73,326.8,7.89,1.551,0.0,1.551,3
2024-01-20 13:00:00,-3.72,1017.65,5.94,331.2,7.88,1.176,0.0,1.176,3
2024-01-20 14:00:00,-3.6,1017.85,7.19,328.8,9.43,0.888,0.0,0.888,3
2024-01-20 15:00:00,-3.59,1017.9,7.73,320.9,10.06,0.847,0.0,0.847,3
2024-01-20 16:00:00,-3.58,1017.46,7.87,310.8,10.95,1.505,0.0,1.505,3
2024-01-20 17:00:00,-4.05,1016.89,9.12,321.1,12.08,2.208,0.0,2.208,3
2024-01-20 18:00:00,-4.1,1016.82,8.8,322.0,12.02,2.826,0.0,2.826,3
2024-01-20 19:00:00,-3.88,1017.06,8.44,320.1,11.46,3.047,0.0,3.047,3
2024-01-20 20:00:00,-3.75,1017.39,8.49,315.9,11.67,3.069,0.0,3.069,3
2024-01-20 21:00:00,-3.48,1017.81,8.05,314.1,10.65,2.836,0.0,2.836,3
2024-01-20 22:00:00,-4.04,1018.92,6.23,316.4,8.34,2.246,0.0,2.246,3
2024-01-20 23:00:00,-4.21,1019.64,5.8,318.0,7.97,1.514,0.0,1.514,3
2024-01-21 00:00:00,-4.59,1020.39,5.3,307.0,7.47,0.687,0.0,0.687,3
2024-01-21 01:00:00,-4.54,1020.94,6.78,311.4,9.66,0.14,0.0,0.14,3
2024-01-21 02:00:00,-4.92,1021.31,6.87,305.3,9.64,0.084,0.0,0.084,3
2024-01-21 03:00:00,-5.13,1021.48,6.87,304.4,9.95,0.547,0.0,0.547,3
2024-01-21 04:00:00,-5.28,1021.83,7.66,308.6,10.98,1.43,0.0,1.43,3
2024-01-21 05:00:00,-5.2,1022.32,7.29,311.8,10.35,2.348,0.0,2.348,3
2024-01-21 06:00:00,-5.09,1022.79,7.26,309.9,9.97,3.271,0.0,3.271,3
2024-01-21 07:00:00,-5.05,1023.36,6.48,312.2,8.53,3.887,0.0,3.887,3
2024-01-21 08:00:00,-5.02,1023.57,6.52,316.8,8.64,4.316,0.0,4.316,3
2024-01-21 09:00:00,-5.17,1024.13,6.52,317.7,8.83,4.283,0.0,4.283,3
2024-01-21 10:00:00,-5.25,1025.21,5.82,316.6,7.78,3.886,0.0,3.886,3
2024-01-21 11:00:00,-5.03,1026.42,5.32,314.3,7.49,3.137,0.0,3.137,3
2024-01-21 12:00:00,-4.92,1027.28,4.8,315.0,6.52,2.263,0.0,2.263,3
2024-01-21 13:00:00,-4.14,1028.23,5.52,315.9,7.07,1.659,0.0,1.659,3
2024-01-21 14:00:00,-3.08,1029.04,7.48,327.8,9.85,1.032,0.0,1.032,3
2024-01-21 15:00:00,-2.22,1029.2,8.43,328.5,11.25,0.714,0.0,0.714,3
2024-01-21 16:00:00,-1.5,1029.12,7.89,334.7,10.81,0.948,0.0,0.948,3
2024-01-21 17:00:00,-1.1,1028.83,7.96,325.7,10.72,1.514,0.0,1.514,3
2024-01-21 18:00:00,-0.67,1028.58,7.0,323.7,9.81,2.18,0.0,2.18,3
2024-01-21 19:00:00,-0.18,1028.49,7.56,323.9,9.89,2.796,0.0,2.796,3
2024-01-21 20:00:00,0.29,1028.98,6.79,320.8,9.06,3.185,0.0,3.185,3
2024-01-21 21:00:00,0.34,1029.91,5.61,316.2,7.66,3.409,0.0,3.409,3
2024-01-21 22:00:00,-0.14,1030.72,4.85,322.9,6.3,3.155,0.0,3.155,3
2024-01-21 23:00:00,-0.56,1031.66,4.43,313.2,5.72,2.407,0.0,2.407,3
2024-01-22 00:00:00,-1.05,1032.51,3.71,317.5,4.93,1.512,0.0,1.512,3
2024-01-22 01:00:00,-1.32,1032.81,3.75,313.5,5.16,0.783,0.0,0.783,3
2024-01-22 02:00:00,-1.43,1033.19,4.36,327.6,5.53,0.327,0.0,0.327,3
2024-01-22 03:00:00,-1.62,1033.25,5.42,331.6,6.84,0.347,0.0,0.347,3
2024-01-22 04:00:00,-1.99,1033.46,5.13,328.1,6.45,0.76,0.0,0.76,3
2024-01-22 05:00:00,-2.12,1033.44,5.06,335.3,6.5,1.555,0.0,1.555,3
2024-01-22 06:00:00,-2.45,1033.85,4.16,326.4,5.31,2.62,0.0,2.62,3
2024-01-22 07:00:00,-2.96,1034.46,3.39,317.6,4.42,3.467,0.0,3.467,3
2024-01-22 08:00:00,-3.24,1034.61,3.54,327.5,4.51,4.292,0.0,4.292,3
2024-01-22 09:00:00,-3.55,1034.73,2.49,330.0,3.35,4.498,0.0,4.498,3
2024-01-22 10:00:00,-3.98,1035.29,1.93,329.4,2.62,4.379,0.0,4.379,3
2024-01-22 11:00:00,-4.35,1035.8,2.18,325.2,2.92,3.956,0.0,3.956,3
2024-01-22 12:00:00,-3.69,1035.47,2.46,109.2,3.16,3.08,0.0,3.08,3
2024-01-22 13:00:00,-2.72,1035.42,3.01,237.4,3.68,2.306,0.0,2.306,3
2024-01-22 14:00:00,-2.03,1036.51,2.52,329.0,3.13,1.427,0.0,1.427,3
2024-01-22 15:00:00,-0.11,1036.31,1.3,256.2,1.9,0.795,0.0,0.795,3
2024-01-22 16:00:00,0.65,1035.73,3.46,202.9,4.34,0.516,0.0,0.516,3
2024-01-22 17:00:00,1.11,1034.69,5.85,212.2,6.81,0.656,0.0,0.656,3
2024-01-22 18:00:00,1.95,1033.67,4.34,205.7,5.29,1.246,0.0,1.246,3
2024-01-22 19:00:00,2.57,1033.41,5.37,211.8,6.08,1.961,0.0,1.961,3
2024-01-22 20:00:00,3.38,1032.98,5.44,220.2,6.34,2.631,0.0,2.631,3
2024-01-22 21:00:00,2.83,1033.21,6.64,227.6,8.06,3.063,0.0,3.063,3
2024-01-22 22:00:00,2.04,1032.97,4.88,225.0,5.9,3.224,0.0,3.224,3
2024-01-22 23:00:00,2.11,1032.91,3.91,229.8,4.82,2.965,0.0,2.965,3
2024-01-23 00:00:00,2.37,1033.1,3.51,232.1,4.36,2.278,0.0,2.278,3
2024-01-23 01:00:00,2.35,1033.11,2.77,242.4,3.67,1.462,0.0,1.462,3
2024-01-23 02:00:00,2.07,1033.35,2.68,246.9,3.32,0.733,0.0,0.733,3
2024-01-23 03:00:00,2.21,1033.47,3.37,235.0,4.34,0.208,0.0,0.208,3
2024-01-23 04:00:00,1.81,1033.11,3.11,231.0,3.77,0.015,0.0,0.015,3
2024-01-23 05:00:00,2.06,1032.5,2.98,229.9,3.77,0.514,0.0,0.514,3
2024-01-23 06:00:00,2.25,1032.17,3.14,229.1,3.86,1.334,0.0,1.334,3
2024-01-23 07:00:00,2.41,1031.96,3.06,240.4,3.86,2.381,0.0,2.381,3
2024-01-23 08:00:00,2.61,1031.32,3.06,229.2,3.73,3.272,0.0,3.272,3
2024-01-23 09:00:00,2.18,1030.79,3.15,229.1,3.81,3.798,0.0,3.798,3
2024-01-23 10:00:00,1.19,1030.94,3.58,221.2,4.16,4.001,0.0,4.001,3
2024-01-23 11:00:00,1.74,1031.22,2.74,225.1,3.32,3.8,0.0,3.8,3
2024-01-23 12:00:00,1.83,1031.29,2.19,231.5,2.77,3.258,0.0,3.258,3
2024-01-23 13:00:00,2.27,1031.62,2.09,226.4,2.63,2.335,0.0,2.335,3
2024-01-23 14:00:00,3.63,1032.04,3.52,225.3,4.18,1.342,0.0,1.342,3
2024-01-23 15:00:00,5.11,1032.33,1.62,263.0,2.11,0.447,0.0,0.447,3
2024-01-23 16:00:00,5.82,1031.88,1.57,153.5,2.1,-0.085,0.0,-0.085,3
2024-01-23 17:00:00,5.45,1031.32,2.06,195.3,2.67,-0.219,0.0,-0.219,3
2024-01-23 18:00:00,6.26,1030.7,1.32,182.9,1.92,0.015,0.0,0.015,3
2024-01-23 19:00:00,6.03,1030.77,1.63,169.5,2.27,0.64,0.0,0.64,3
2024-01-23 20:00:00,5.93,1031.04,1.08,150.9,1.64,1.614,0.0,1.614,3
2024-01-23 21:00:00,5.67,1031.87,1.24,170.0,1.62,2.33,0.0,2.33,3
2024-01-23 22:00:00,5.56,1032.22,1.34,191.2,1.74,2.792,0.0,2.792,3
2024-01-23 23:00:00,5.26,1032.17,0.79,169.2,1.0,2.956,0.0,2.956,3
2024-01-24 00:00:00,5.57,1031.55,1.37,131.4,1.89,2.65,0.0,2.65,3
2024-01-24 01:00:00,5.81,1031.52,1.26,142.2,1.7,2.007,0.0,2.007,3
2024-01-24 02:00:00,5.77,1031.59,1.23,100.1,1.66,1.223,0.0,1.223,3
2024-01-24 03:00:00,5.86,1031.78,1.72,128.3,2.48,0.597,0.0,0.597,3
2024-01-24 04:00:00,5.8,1031.7,1.8,155.3,2.51,0.244,0.0,0.244,3
2024-01-24 05:00:00,5.43,1031.97,1.2,153.3,1.59,0.409,0.0,0.409,3
2024-01-24 06:00:00,6.06,1031.76,2.11,144.1,2.77,1.057,0.0,1.057,3
2024-01-24 07:00:00,5.91,1031.99,1.93,182.5,2.5,2.081,0.0,2.081,3
2024-01-24 08:00:00,5.26,1031.75,1.93,190.3,2.39,3.297,0.0,3.297,3
2024-01-24 09:00:00,5.52,1031.26,0.91,155.4,1.22,4.174,0.0,4.174,3
2024-01-24 10:00:00,5.9,1031.14,1.28,136.7,1.77,4.772,0.0,4.772,3
2024-01-24 11:00:00,5.98,1031.17,2.11,144.1,3.0,5.005,0.0,5.005,3
2024-01-24 12:00:00,5.94,1031.13,1.08,191.6,1.58,4.696,0.0,4.696,3
2024-01-24 13:00:00,6.42,1031.09,1.86,212.6,2.07,4.188,0.0,4.188,3
2024-01-24 14:00:00,7.29,1030.68,2.03,201.6,2.44,3.152,0.0,3.152,3
2024-01-24 15:00:00,8.65,1030.66,2.63,213.3,3.07,2.122,0.0,2.122,3
2024-01-24 16:00:00,9.28,1030.52,4.1,203.1,4.85,1.293,0.0,1.293,3
2024-01-24 17:00:00,8.71,1029.53,4.45,199.6,5.21,0.821,0.0,0.821,3
2024-01-24 18:00:00,8.46,1028.26,4.55,209.8,5.16,0.759,0.0,0.759,3
2024-01-24 19:00:00,8.62,1027.95,3.68,206.3,4.39,1.149,0.0,1.149,3
2024-01-24 20:00:00,8.5,1027.57,3.54,202.6,4.06,2.074,0.0,2.074,3
2024-01-24 21:00:00,8.5,1026.78,2.17,193.5,2.66,3.03,0.0,3.03,3
2024-01-24 22:00:00,8.98,1026.39,3.5,220.6,4.37,3.73,0.0,3.73,3
2024-01-24 23:00:00,9.67,1026.62,4.5,215.2,5.57,4.15,0.0,4.15,3
2024-01-25 00:00:00,7.62,1026.36,3.54,203.5,4.05,4.054,0.0,4.054,3
2024-01-25 01:00:00,7.53,1025.82,4.56,212.6,5.41,3.428,0.0,3.428,3
2024-01-25 02:00:00,9.02,1025.51,5.87,220.8,7.03,2.639,0.0,2.639,3
2024-01-25 03:00:00,9.91,1025.05,6.64,226.4,8.56,1.906,0.0,1.906,3
2024-01-25 04:00:00,10.51,1024.34,7.1,228.3,9.04,1.273,0.0,1.273,3
2024-01-25 05:00:00,9.45,1023.36,7.35,225.7,8.98,0.972,0.0,0.972,3
2024-01-25 06:00:00,9.44,1022.56,6.66,220.3,8.13,1.197,0.0,1.197,3
2024-01-25 07:00:00,10.26,1022.17,7.11,222.0,8.77,1.839,0.0,1.839,3
2024-01-25 08:00:00,8.78,1021.72,6.58,216.0,7.9,2.789,0.0,2.789,3
2024-01-25 09:00:00,10.8,1021.35,7.37,220.7,9.11,3.808,0.0,3.808,3
2024-01-25 10:00:00,11.11,1021.28,8.1,220.6,9.81,4.562,0.0,4.562,3
2024-01-25 11:00:00,10.42,1021.37,8.08,219.9,9.62,5.047,0.0,5.047,3
2024-01-25 12:00:00,8.02,1021.26,5.82,211.3,6.87,5.139,0.0,5.139,3
2024-01-25 13:00:00,8.49,1021.01,7.35,208.8,8.38,4.722,0.0,4.722,3
2024-01-25 14:00:00,8.66,1020.94,6.91,212.2,7.88,3.802,0.0,3.802,3
2024-01-25 15:00:00,10.54,1020.62,6.8,219.5,8.04,2.58,0.0,2.58,3
2024-01-25 16:00:00,11.08,1019.88,6.74,218.9,8.07,1.576,0.0,1.576,3
2024-01-25 17:00:00,10.64,1019.02,6.62,214.2,7.7,0.846,0.0,0.846,3
2024-01-25 18:00:00,9.52,1018.33,6.08,209.1,7.09,0.453,0.0,0.453,3
2024-01-25 19:00:00,9.6,1018.21,5.61,213.0,6.63,0.558,0.0,0.558,3
2024-01-25 20:00:00,8.73,1018.26,3.97,210.5,4.6,1.181,0.0,1.181,3
2024-01-25 21:00:00,10.58,1018.36,4.66,220.7,5.4,2.154,0.0,2.154,3
2024-01-25 22:00:00,9.68,1018.61,2.75,215.0,3.22,2.929,0.0,2.929,3
2024-01-25 23:00:00,9.61,1019.0,4.31,217.0,5.05,3.495,0.0,3.495,3
2024-01-26 00:00:00,9.27,1019.16,3.5,215.3,4.02,3.69,0.0,3.69,3
2024-01-26 01:00:00,7.88,1019.05,3.34,208.5,3.78,3.538,0.0,3.538,3
2024-01-26 02:00:00,7.53,1019.12,2.93,198.3,3.55,3.059,0.0,3.059,3
2024-01-26 03:00:00,7.82,1018.87,3.57,200.3,4.24,2.336,0.0,2.336,3
2024-01-26 04:00:00,9.33,1018.41,4.1,215.6,4.64,1.512,0.0,1.512,3
2024-01-26 05:00:00,9.33,1017.76,3.45,210.5,4.0,1.025,0.0,1.025,3
2024-01-26 06:00:00,9.03,1016.97,4.02,209.9,4.59,0.913,0.0,0.913,3
2024-01-26 07:00:00,8.92,1016.28,3.14,204.3,3.86,1.401,0.0,1.401,3
2024-01-26 08:00:00,8.12,1016.07,3.8,202.3,4.51,2.435,0.0,2.435,3
2024-01-26 09:00:00,8.17,1015.83,3.75,210.3,4.35,3.527,0.0,3.527,3
2024-01-26 10:00:00,7.83,1015.75,4.21,197.6,5.04,4.521,0.0,4.521,3
2024-01-26 11:00:00,7.32,1016.09,4.94,201.0,5.62,5.286,0.0,5.286,3
2024-01-26 12:00:00,7.52,1016.08,4.59,199.2,5.28,5.793,0.0,5.793,3
2024-01-26 13:00:00,8.71,1015.9,5.79,206.1,6.66,5.76,0.0,5.76,3
2024-01-26 14:00:00,9.86,1016.0,7.06,216.2,8.51,5.093,0.0,5.093,3
2024-01-26 15:00:00,10.1,1015.94,5.94,213.1,6.89,4.032,0.0,4.032,3
2024-01-26 16:00:00,9.76,1015.04,5.93,198.4,7.24,2.972,0.0,2.972,3
2024-01-26 17:00:00,10.0,1013.91,4.96,199.8,6.05,1.999,0.0,1.999,3
2024-01-26 18:00:00,13.76,1013.0,5.43,209.3,7.1,1.285,0.0,1.285,3
2024-01-26 19:00:00,11.05,1012.8,3.45,191.2,4.75,1.11,0.0,1.11,3
2024-01-26 20:00:00,10.01,1012.95,3.34,203.0,4.28,1.488,0.0,1.488,3
2024-01-26 21:00:00,9.4,1013.18,3.53,210.8,4.31,2.35,0.0,2.35,3
2024-01-26 22:00:00,8.78,1013.93,3.78,210.4,4.44,3.475,0.0,3.475,3
2024-01-26 23:00:00,9.68,1014.55,2.96,218.0,3.54,4.186,0.0,4.186,3
2024-01-27 00:00:00,10.91,1014.82,2.74,226.3,3.11,4.655,0.0,4.655,3
2024-01-27 01:00:00,11.08,1014.75,1.85,229.1,2.22,4.697,0.0,4.697,3
2024-01-27 02:00:00,9.66,1015.46,4.51,35.9,5.85,4.354,0.0,4.354,3
2024-01-27 03:00:00,7.66,1016.49,4.46,17.3,5.93,3.715,0.0,3.715,3
2024-01-27 04:00:00,7.83,1016.57,2.41,13.6,3.01,2.929,0.0,2.929,3
2024-01-27 05:00:00,8.36,1017.04,3.51,20.2,4.89,2.117,0.0,2.117,3
2024-01-27 06:00:00,8.48,1017.27,2.9,17.6,3.76,1.591,0.0,1.591,3
2024-01-27 07:00:00,8.12,1017.61,3.83,19.7,5.43,1.497,0.0,1.497,3
2024-01-27 08:00:00,7.73,1018.01,3.06,28.9,4.45,2.005,0.0,2.005,3
2024-01-27 09:00:00,7.01,1018.53,1.73,49.9,2.75,2.901,0.0,2.901,3
2024-01-27 10:00:00,5.88,1019.24,2.45,37.5,3.65,3.801,0.0,3.801,3
2024-01-27 11:00:00,5.68,1020.17,2.62,15.8,3.49,4.702,0.0,4.702,3
2024-01-27 12:00:00,5.55,1020.8,2.08,13.7,2.56,5.282,0.0,5.282,3
2024-01-27 13:00:00,5.69,1020.96,2.0,17.9,2.47,5.55,0.0,5.55,3
2024-01-27 14:00:00,6.45,1021.38,2.29,18.1,2.75,5.261,0.0,5.261,3
2024-01-27 15:00:00,7.3,1021.74,1.87,18.7,2.19,4.363,0.0,4.363,3
2024-01-27 16:00:00,7.33,1021.74,3.45,55.3,5.51,3.387,0.0,3.387,3
2024-01-27 17:00:00,5.85,1021.66,3.34,73.8,4.91,2.362,0.0,2.362,3
2024-01-27 18:00:00,5.35,1020.78,4.03,74.4,6.14,1.556,0.0,1.556,3
2024-01-27 19:00:00,5.23,1020.75,2.85,65.4,5.5,1.078,0.0,1.078,3
2024-01-27 20:00:00,5.55,1020.83,2.47,64.7,4.63,1.169,0.0,1.169,3
2024-01-27 21:00:00,5.81,1020.62,2.37,75.3,3.68,1.895,0.0,1.895,3
2024-01-27 22:00:00,5.87,1020.53,2.17,67.3,3.33,2.757,0.0,2.757,3
2024-01-27 23:00:00,6.15,1020.68,2.13,69.0,3.24,3.543,0.0,3.543,3
2024-01-28 00:00:00,6.47,1020.63,2.29,70.9,3.49,4.142,0.0,4.142,3
2024-01-28 01:00:00,6.96,1019.99,2.5,83.7,3.86,4.592,0.0,4.592,3
2024-01-28 02:00:00,7.12,1019.84,2.95,81.4,4.61,4.417,0.0,4.417,3
2024-01-28 03:00:00,7.09,1019.02,4.07,83.7,5.94,3.912,0.0,3.912,3
2024-01-28 04:00:00,6.63,1017.88,3.76,82.9,5.9,3.172,0.0,3.172,3
2024-01-28 05:00:00,6.35,1016.46,3.74,79.3,5.75,2.462,0.0,2.462,3
2024-01-28 06:00:00,6.61,1014.64,3.81,95.3,5.77,1.755,0.0,1.755,3
2024-01-28 07:00:00,7.08,1012.47,4.33,101.5,6.45,1.514,0.0,1.514,3
2024-01-28 08:00:00,7.5,1010.39,4.89,96.0,7.61,1.812,0.0,1.812,3
2024-01-28 09:00:00,7.61,1008.82,3.75,71.6,6.55,2.524,0.0,2.524,3
2024-01-28 10:00:00,7.58,1007.68,3.96,66.5,6.57,3.616,0.0,3.616,3
2024-01-28 11:00:00,7.59,1006.06,4.52,72.0,6.91,4.696,0.0,4.696,3
2024-01-28 12:00:00,7.97,1005.33,3.88,86.8,6.29,5.544,0.0,5.544,3
2024-01-28 13:00:00,7.84,1004.49,3.99,25.7,5.92,5.932,0.0,5.932,3
2024-01-28 14:00:00,7.54,1003.41,3.57,29.8,5.33,6.117,0.0,6.117,3
2024-01-28 15:00:00,7.61,1002.55,3.3,38.2,5.7,5.795,0.0,5.795,3
2024-01-28 16:00:00,7.76,1001.76,2.75,37.6,4.62,5.088,0.0,5.088,3
2024-01-28 17:00:00,7.54,1000.72,3.15,18.4,4.22,4.165,0.0,4.165,3
2024-01-28 18:00:00,7.44,1000.05,4.36,144.7,5.17,3.233,0.0,3.233,3
2024-01-28 19:00:00,7.54,999.72,4.69,250.0,5.74,2.612,0.0,2.612,3
2024-01-28 20:00:00,7.1,999.83,4.9,7.0,5.84,2.384,0.0,2.384,3
2024-01-28 21:00:00,7.12,1000.36,3.89,214.9,4.96,2.645,0.0,2.645,3
2024-01-28 22:00:00,6.98,1000.22,5.34,215.5,6.63,3.21,0.0,3.21,3
2024-01-28 23:00:00,6.9,1000.09,7.29,108.2,9.19,4.021,0.0,4.021,3
2024-01-29 00:00:00,6.75,1000.84,6.04,278.8,7.95,4.753,0.0,4.753,3
2024-01-29 01:00:00,6.54,1001.55,5.01,245.4,6.42,5.366,0.0,5.366,3
2024-01-29 02:00:00,6.01,1001.82,5.78,282.9,7.03,5.627,0.0,5.627,3
2024-01-29 03:00:00,5.46,1002.12,5.96,279.3,7.39,5.443,0.0,5.443,3
2024-01-29 04:00:00,5.19,1002.41,4.84,345.0,5.95,4.902,0.0,4.902,3
2024-01-29 05:00:00,5.09,1002.32,4.47,334.6,5.71,4.034,0.0,4.034,3
2024-01-29 06:00:00,5.05,1002.45,6.39,347.7,8.27,3.237,0.0,3.237,3
2024-01-29 07:00:00,4.92,1003.02,6.69,346.0,8.41,2.68,0.0,2.68,3
2024-01-29 08:00:00,4.76,1003.58,6.21,346.1,8.06,2.475,0.0,2.475,3
2024-01-29 09:00:00,4.56,1004.29,6.17,343.6,7.93,2.793,0.0,2.793,3
2024-01-29 10:00:00,4.6,1005.0,5.42,345.0,6.98,3.315,0.0,3.315,3
2024-01-29 11:00:00,5.25,1005.77,7.12,317.0,8.97,4.244,0.0,4.244,3
2024-01-29 12:00:00,5.26,1006.66,7.09,246.3,8.85,5.065,0.0,5.065,3
2024-01-29 13:00:00,5.33,1007.52,6.77,342.6,8.73,5.711,0.0,5.711,3
2024-01-29 14:00:00,5.52,1008.2,8.31,347.5,10.71,5.936,0.0,5.936,3
2024-01-29 15:00:00,5.61,1008.93,7.86,349.5,10.03,5.573,0.0,5.573,3
2024-01-29 16:00:00,5.62,1009.32,8.17,346.7,10.41,4.927,0.0,4.927,3
2024-01-29 17:00:00,5.81,1009.55,8.13,248.7,10.49,4.05,0.0,4.05,3
2024-01-29 18:00:00,5.73,1009.91,7.66,244.7,10.0,3.036,0.0,3.036,3
2024-01-29 19:00:00,5.55,1010.36,7.93,212.4,9.71,2.281,0.0,2.281,3
2024-01-29 20:00:00,5.63,1011.31,7.03,176.2,9.12,1.787,0.0,1.787,3
2024-01-29 21:00:00,5.57,1012.07,7.61,350.4,9.55,1.918,0.0,1.918,3
2024-01-29 22:00:00,5.6,1013.09,7.46,248.4,9.74,2.459,0.0,2.459,3
2024-01-29 23:00:00,5.62,1014.16,6.62,145.0,8.48,3.258,0.0,3.258,3
2024-01-30 00:00:00,5.65,1014.82,5.73,178.2,7.18,3.969,0.0,3.969,3
2024-01-30 01:00:00,5.6,1015.67,4.46,344.4,5.62,4.589,0.0,4.589,3
2024-01-30 02:00:00,5.5,1016.34,4.89,278.2,6.03,5.076,0.0,5.076,3
2024-01-30 03:00:00,4.98,1016.95,4.46,62.6,6.59,5.265,0.0,5.265,3
2024-01-30 04:00:00,4.68,1017.39,5.25,29.3,7.95,4.863,0.0,4.863,3
2024-01-30 05:00:00,4.37,1017.73,5.07,31.5,7.8,4.22,0.0,4.22,3
2024-01-30 06:00:00,4.26,1017.95,4.7,27.1,7.3,3.524,0.0,3.524,3
2024-01-30 07:00:00,4.26,1018.31,4.02,25.1,5.92,2.896,0.0,2.896,3
2024-01-30 08:00:00,4.04,1018.66,4.76,10.6,5.9,2.518,0.0,2.518,3
2024-01-30 09:00:00,3.89,1018.98,4.23,112.6,5.15,2.557,0.0,2.557,3
2024-01-30 10:00:00,3.84,1019.65,3.92,79.9,5.08,2.952,0.0,2.952,3
2024-01-30 11:00:00,3.58,1020.12,2.93,36.8,4.69,3.762,0.0,3.762,3
2024-01-30 12:00:00,3.58,1020.83,2.78,36.9,4.23,4.618,0.0,4.618,3
2024-01-30 13:00:00,3.64,1021.5,2.24,52.2,3.82,5.323,0.0,5.323,3
2024-01-30 14:00:00,3.72,1021.75,2.32,38.6,3.82,5.762,0.0,5.762,3
2024-01-30 15:00:00,4.01,1021.66,2.59,28.5,3.86,5.778,0.0,5.778,3
2024-01-30 16:00:00,4.13,1021.45,2.79,28.3,3.9,5.376,0.0,5.376,3
2024-01-30 17:00:00,4.55,1020.93,2.12,72.4,3.34,4.789,0.0,4.789,3
2024-01-30 18:00:00,4.59,1020.13,1.97,65.1,3.3,3.957,0.0,3.957,3
2024-01-30 19:00:00,4.61,1019.26,2.79,72.5,4.3,3.024,0.0,3.024,3
2024-01-30 20:00:00,4.27,1019.44,2.5,66.9,4.09,2.459,0.0,2.459,3
2024-01-30 21:00:00,4.13,1019.64,2.42,67.8,3.76,2.342,0.0,2.342,3
2024-01-30 22:00:00,4.19,1019.63,2.11,64.0,3.44,2.718,0.0,2.718,3
2024-01-30 23:00:00,4.33,1019.95,1.43,50.8,2.46,3.243,0.0,3.243,3
2024-01-31 00:00:00,4.31,1019.89,1.93,70.1,3.02,3.878,0.0,3.878,3
2024-01-31 01:00:00,4.42,1019.48,1.05,52.1,1.64,4.575,0.0,4.575,3
2024-01-31 02:00:00,4.39,1019.03,0.62,176.7,1.08,5.209,0.0,5.209,3
2024-01-31 03:00:00,4.84,1018.78,1.64,130.7,2.52,5.58,0.0,5.58,3
2024-01-31 04:00:00,4.72,1018.29,1.02,224.4,1.63,5.415,0.0,5.415,3
2024-01-31 05:00:00,5.38,1017.68,1.54,87.5,2.35,4.785,0.0,4.785,3
2024-01-31 06:00:00,5.6,1017.29,1.95,80.8,2.88,4.067,0.0,4.067,3
2024-01-31 07:00:00,5.78,1017.06,1.43,69.9,2.25,3.343,0.0,3.343,3
2024-01-31 08:00:00,5.82,1016.26,3.05,98.5,4.62,2.793,0.0,2.793,3
2024-01-31 09:00:00,5.69,1015.96,3.75,88.0,6.0,2.464,0.0,2.464,3
2024-01-31 10:00:00,5.81,1015.84,3.53,80.6,5.79,2.418,0.0,2.418,3
2024-01-31 11:00:00,5.92,1016.35,3.89,91.6,6.01,2.88,0.0,2.88,3
2024-01-31 12:00:00,5.98,1016.89,3.7,86.3,5.76,3.677,0.0,3.677,3
2024-01-31 13:00:00,6.04,1016.83,4.53,78.3,7.2,4.374,0.0,4.374,3
2024-01-31 14:00:00,5.87,1017.36,4.81,73.3,7.47,4.87,0.0,4.87,3
2024-01-31 15:00:00,6.24,1017.6,4.26,69.3,6.62,5.005,0.0,5.005,3
2024-01-31 16:00:00,6.68,1016.83,4.01,70.6,6.38,4.908,0.0,4.908,3
2024-01-31 17:00:00,6.86,1016.38,3.66,70.5,6.08,4.428,0.0,4.428,3
2024-01-31 18:00:00,6.97,1016.31,3.2,56.2,5.97,3.695,0.0,3.695,3
2024-01-31 19:00:00,6.47,1016.42,4.14,47.8,6.69,2.836,0.0,2.836,3
2024-01-31 20:00:00,6.18,1016.8,3.53,43.3,6.26,2.127,0.0,2.127,3
2024-01-31 21:00:00,5.55,1016.97,3.68,36.5,5.93,1.789,0.0,1.789,3
2024-01-31 22:00:00,5.19,1017.0,4.03,31.5,6.4,1.818,0.0,1.818,3
2024-01-31 23:00:00,5.09,1017.21,3.9,30.5,6.13,2.121,0.0,2.121,3
2024-02-01 00:00:00,5.02,1017.28,2.42,49.3,4.89,2.803,0.0,2.803,3
2024-02-01 01:00:00,5.05,1017.44,2.54,42.4,4.48,3.459,0.0,3.459,3
2024-02-01 02:00:00,4.95,1017.39,2.39,39.9,4.32,4.15,0.0,4.15,3
2024-02-01 03:00:00,4.7,1017.52,1.52,36.9,2.7,4.649,0.0,4.649,3
2024-02-01 04:00:00,4.53,1017.58,2.4,155.2,3.12,4.79,0.0,4.79,3
2024-02-01 05:00:00,3.36,1017.14,1.72,333.6,2.07,4.552,0.0,4.552,3
2024-02-01 06:00:00,2.5,1016.89,1.72,331.8,2.12,3.93,0.0,3.93,3
2024-02-01 07:00:00,2.02,1016.8,1.19,337.0,1.44,3.229,0.0,3.229,3
2024-02-01 08:00:00,1.46,1016.67,1.58,335.8,1.84,2.622,0.0,2.622,3
2024-02-01 09:00:00,1.58,1016.61,1.26,339.3,1.48,2.203,0.0,2.203,3
2024-02-01 10:00:00,1.25,1017.11,1.67,309.9,1.96,1.854,0.0,1.854,3
2024-02-01 11:00:00,0.87,1017.48,1.25,339.2,1.62,2.074,0.0,2.074,3
2024-02-01 12:00:00,1.26,1018.0,0.98,316.3,1.35,2.546,0.0,2.546,3
2024-02-01 13:00:00,2.91,1018.66,2.16,299.2,2.75,3.319,0.0,3.319,3
2024-02-01 14:00:00,4.53,1018.43,2.54,274.3,3.1,3.962,0.0,3.962,3
2024-02-01 15:00:00,5.83,1018.03,2.75,259.2,3.46,4.134,0.0,4.134,3
2024-02-01 16:00:00,7.11,1016.91,1.97,257.2,2.84,4.295,0.0,4.295,3
2024-02-01 17:00:00,7.88,1015.74,2.4,236.3,3.51,4.184,0.0,4.184,3
2024-02-01 18:00:00,7.31,1014.47,3.8,185.9,5.36,3.68,0.0,3.68,3
2024-02-01 19:00:00,6.94,1013.76,4.57,196.8,5.72,2.932,0.0,2.932,3
2024-02-01 20:00:00,6.48,1013.48,5.7,210.2,6.64,2.242,0.0,2.242,3
2024-02-01 21:00:00,6.48,1013.4,4.99,210.3,5.94,1.896,0.0,1.896,3
2024-02-01 22:00:00,6.32,1013.09,4.67,204.6,5.58,1.643,0.0,1.643,3
2024-02-01 23:00:00,6.59,1012.89,4.7,222.8,5.64,1.734,0.0,1.734,3
2024-02-02 00:00:00,6.26,1012.83,3.4,220.3,4.15,2.058,0.0,2.058,3
2024-02-02 01:00:00,6.23,1012.63,4.46,212.7,5.26,2.767,0.0,2.767,3
2024-02-02 02:00:00,6.29,1012.31,5.14,208.3,5.97,3.474,0.0,3.474,3
2024-02-02 03:00:00,6.19,1012.01,5.22,205.6,6.1,4.145,0.0,4.145,3
2024-02-02 04:00:00,6.1,1011.4,5.22,207.6,5.97,4.573,0.0,4.573,3
2024-02-02 05:00:00,6.1,1010.89,4.89,207.0,5.65,4.622,0.0,4.622,3
2024-02-02 06:00:00,6.16,1010.21,4.49,199.6,5.37,4.376,0.0,4.376,3
2024-02-02 07:00:00,6.22,1009.45,4.58,202.0,5.5,3.845,0.0,3.845,3
2024-02-02 08:00:00,6.19,1008.47,4.77,213.7,5.53,3.253,0.0,3.253,3
2024-02-02 09:00:00,6.43,1008.2,2.43,235.9,3.01,2.626,0.0,2.626,3
2024-02-02 10:00:00,6.55,1008.29,1.72,284.6,2.24,2.193,0.0,2.193,3
2024-02-02 11:00:00,6.9,1008.28,3.5,336.2,4.55,2.098,0.0,2.098,3
2024-02-02 12:00:00,6.71,1008.43,3.91,352.3,4.75,2.31,0.0,2.31,3
2024-02-02 13:00:00,6.63,1008.67,3.81,250.0,4.57,2.962,0.0,2.962,3
2024-02-02 14:00:00,6.94,1008.86,3.94,318.3,4.76,3.589,0.0,3.589,3
2024-02-02 15:00:00,7.8,1008.93,4.4,351.5,5.37,4.09,0.0,4.09,3
2024-02-02 16:00:00,8.15,1008.91,4.32,337.4,5.33,4.377,0.0,4.377,3
2024-02-02 17:00:00,7.78,1008.68,4.74,335.0,5.83,4.442,0.0,4.442,3
2024-02-02 18:00:00,7.54,1008.44,5.57,344.6,6.83,4.139,0.0,4.139,3
2024-02-02 19:00:00,7.41,1008.45,6.94,354.7,8.52,3.64,0.0,3.64,3
2024-02-02 20:00:00,7.01,1009.08,7.07,74.7,8.97,3.027,0.0,3.027,3
2024-02-02 21:00:00,6.99,1010.01,7.65,5.7,9.79,2.464,0.0,2.464,3
2024-02-02 22:00:00,6.79,1010.88,8.56,8.4,10.77,2.144,0.0,2.144,3
2024-02-02 23:00:00,6.72,1011.75,7.46,10.3,9.49,1.978,0.0,1.978,3
2024-02-03 00:00:00,6.89,1012.25,6.72,7.8,8.73,2.156,0.0,2.156,3
2024-02-03 01:00:00,6.79,1012.73,5.67,6.1,7.08,2.7,0.0,2.7,3
2024-02-03 02:00:00,6.62,1013.0,5.99,6.5,7.74,3.457,0.0,3.457,3
2024-02-03 03:00:00,6.52,1013.18,7.17,9.0,8.88,4.245,0.0,4.245,3
2024-02-03 04:00:00,6.46,1013.28,8.11,10.8,10.29,4.814,0.0,4.814,3
2024-02-03 05:00:00,6.18,1013.42,7.71,11.9,9.92,5.136,0.0,5.136,3
2024-02-03 06:00:00,5.91,1013.7,6.96,12.4,8.94,5.193,0.0,5.193,3
2024-02-03 07:00:00,5.57,1013.99,6.28,9.2,7.85,4.902,0.0,4.902,3
2024-02-03 08:00:00,5.36,1014.24,5.94,11.3,7.46,4.439,0.0,4.439,3
2024-02-03 09:00:00,5.09,1014.42,6.23,10.0,7.76,3.771,0.0,3.771,3
2024-02-03 10:00:00,4.71,1014.87,5.88,9.2,7.48,3.101,0.0,3.101,3
2024-02-03 11:00:00,4.02,1015.47,4.73,75.5,5.81,2.686,0.0,2.686,3
2024-02-03 12:00:00,3.2,1016.08,4.33,178.2,5.39,2.566,0.0,2.566,3
2024-02-03 13:00:00,3.15,1016.48,4.63,42.9,5.68,2.765,0.0,2.765,3
2024-02-03 14:00:00,3.81,1016.58,4.57,9.0,5.69,3.241,0.0,3.241,3
2024-02-03 15:00:00,4.31,1016.59,4.08,21.5,5.76,3.741,0.0,3.741,3
2024-02-03 16:00:00,4.61,1016.62,4.15,27.5,6.07,4.191,0.0,4.191,3
2024-02-03 17:00:00,4.71,1016.09,4.25,25.7,6.2,4.552,0.0,4.552,3
2024-02-03 18:00:00,4.98,1015.5,4.11,26.2,6.13,4.626,0.0,4.626,3
2024-02-03 19:00:00,5.43,1015.09,3.95,23.9,5.4,4.313,0.0,4.313,3
2024-02-03 20:00:00,6.07,1015.02,3.88,25.9,5.42,3.855,0.0,3.855,3
2024-02-03 21:00:00,6.13,1014.9,3.85,19.8,5.29,3.357,0.0,3.357,3
2024-02-03 22:00:00,5.9,1015.05,2.97,79.5,3.68,2.872,0.0,2.872,3
2024-02-03 23:00:00,5.5,1015.47,1.8,274.4,2.21,2.372,0.0,2.372,3
2024-02-04 00:00:00,4.55,1015.72,1.94,326.0,2.3,2.209,0.0,2.209,3
2024-02-04 01:00:00,3.79,1015.91,0.59,314.9,0.93,2.419,0.0,2.419,3
2024-02-04 02:00:00,3.43,1016.03,1.26,309.9,1.71,2.996,0.0,2.996,3
2024-02-04 03:00:00,3.03,1015.92,1.01,300.4,1.37,3.697,0.0,3.697,3
2024-02-04 04:00:00,2.77,1015.75,1.01,302.8,1.27,4.48,0.0,4.48,3
2024-02-04 05:00:00,1.96,1015.4,1.52,297.6,1.96,5.029,0.0,5.029,3
2024-02-04 06:00:00,1.94,1015.1,1.83,338.6,2.35,5.401,0.0,5.401,3
2024-02-04 07:00:00,2.06,1014.8,2.43,306.9,3.0,5.465,0.0,5.465,3
2024-02-04 08:00:00,2.33,1014.52,3.01,108.9,3.69,5.156,0.0,5.156,3
2024-02-04 09:00:00,2.58,1014.3,2.67,109.3,3.27,4.598,0.0,4.598,3
2024-02-04 10:00:00,1.53,1014.66,1.52,303.7,1.93,3.884,0.0,3.884,3
2024-02-04 11:00:00,0.54,1015.37,2.0,329.0,2.44,3.242,0.0,3.242,3
2024-02-04 12:00:00,0.92,1015.82,2.52,245.0,3.01,2.845,0.0,2.845,3
2024-02-04 13:00:00,2.65,1016.07,3.61,9.5,4.38,2.796,0.0,2.796,3
2024-02-04 14:00:00,3.93,1015.83,4.02,22.5,5.71,2.925,0.0,2.925,3
2024-02-04 15:00:00,4.34,1015.38,3.86,30.2,5.82,3.26,0.0,3.26,3
2024-02-04 16:00:00,4.53,1015.12,3.42,39.9,5.04,3.839,0.0,3.839,3
2024-02-04 17:00:00,4.65,1014.39,4.03,68.3,5.65,4.335,0.0,4.335,3
2024-02-04 18:00:00,4.99,1013.69,3.16,70.5,4.95,4.581,0.0,4.581,3
2024-02-04 19:00:00,5.17,1013.04,3.21,77.8,4.82,4.615,0.0,4.615,3
2024-02-04 20:00:00,5.31,1012.72,2.91,78.4,4.34,4.497,0.0,4.497,3
2024-02-04 21:00:00,5.33,1012.51,1.9,75.0,2.99,4.083,0.0,4.083,3
2024-02-04 22:00:00,4.45,1012.81,0.89,141.9,1.25,3.573,0.0,3.573,3
2024-02-04 23:00:00,4.2,1012.99,1.5,212.0,1.85,2.938,0.0,2.938,3
2024-02-05 00:00:00,3.66,1012.61,0.58,175.4,0.8,2.446,0.0,2.446,3
2024-02-05 01:00:00,3.06,1012.12,0.64,159.7,0.87,2.169,0.0,2.169,3
2024-02-05 02:00:00,2.54,1012.19,1.52,238.1,1.89,2.392,0.0,2.392,3
2024-02-05 03:00:00,2.84,1011.85,1.01,101.9,1.34,3.111,0.0,3.111,3
2024-02-05 04:00:00,2.44,1011.35,1.2,233.0,1.53,3.9,0.0,3.9,3
2024-02-05 05:00:00,1.67,1011.13,1.33,260.9,1.75,4.549,0.0,4.549,3
2024-02-05 06:00:00,2.17,1011.03,1.12,261.2,1.43,5.315,0.0,5.315,3
2024-02-05 07:00:00,1.77,1010.86,2.83,276.8,3.55,5.762,0.0,5.762,3
2024-02-05 08:00:00,1.52,1010.46,2.85,301.1,3.81,5.705,0.0,5.705,3
2024-02-05 09:00:00,1.6,1010.05,3.17,316.0,3.98,5.379,0.0,5.379,3
2024-02-05 10:00:00,1.96,1009.97,3.22,338.1,3.98,4.704,0.0,4.704,3
2024-02-05 11:00:00,1.61,1010.37,2.61,337.2,3.18,3.937,0.0,3.937,3
2024-02-05 12:00:00,1.84,1010.84,3.92,6.8,4.7,3.218,0.0,3.218,3
2024-02-05 13:00:00,2.7,1011.54,4.23,10.9,5.1,2.802,0.0,2.802,3
2024-02-05 14:00:00,4.37,1011.84,4.29,23.6,6.19,2.652,0.0,2.652,3
2024-02-05 15:00:00,4.87,1012.28,4.22,35.4,6.48,2.685,0.0,2.685,3
2024-02-05 16:00:00,4.67,1012.35,3.99,33.7,6.0,3.139,0.0,3.139,3
2024-02-05 17:00:00,4.99,1011.69,3.36,58.9,5.48,3.766,0.0,3.766,3
2024-02-05 18:00:00,5.08,1011.25,3.74,68.3,6.11,4.371,0.0,4.371,3
2024-02-05 19:00:00,5.11,1011.21,4.0,66.9,6.52,4.768,0.0,4.768,3
2024-02-05 20:00:00,5.35,1011.53,3.26,69.0,5.36,4.977,0.0,4.977,3
2024-02-05 21:00:00,5.23,1011.88,2.62,66.4,4.48,4.779,0.0,4.779,3
2024-02-05 22:00:00,4.67,1012.19,1.78,52.0,3.05,4.391,0.0,4.391,3
2024-02-05 23:00:00,4.38,1012.78,1.54,61.9,2.6,3.754,0.0,3.754,3
2024-02-06 00:00:00,4.35,1013.09,1.94,59.7,3.27,3.068,0.0,3.068,3
2024-02-06 01:00:00,4.32,1013.45,1.89,67.0,3.31,2.579,0.0,2.579,3
2024-02-06 02:00:00,4.43,1013.75,2.38,67.9,3.92,2.446,0.0,2.446,3
2024-02-06 03:00:00,4.57,1013.85,2.22,66.8,3.63,2.678,0.0,2.678,3
2024-02-06 04:00:00,4.68,1014.1,2.11,65.0,4.07,3.338,0.0,3.338,3
2024-02-06 05:00:00,4.9,1014.53,2.72,63.1,5.19,4.222,0.0,4.222,3
2024-02-06 06:00:00,4.4,1014.69,2.95,40.2,5.67,5.14,0.0,5.14,3
2024-02-06 07:00:00,4.1,1014.77,2.86,38.6,5.22,5.881,0.0,5.881,3
2024-02-06 08:00:00,3.63,1014.93,3.22,93.8,5.04,6.314,0.0,6.314,3
2024-02-06 09:00:00,3.16,1015.09,4.95,22.0,7.23,6.26,0.0,6.26,3
2024-02-06 10:00:00,3.24,1015.63,5.35,31.4,8.02,5.799,0.0,5.799,3
2024-02-06 11:00:00,3.24,1016.27,5.25,31.9,8.5,5.015,0.0,5.015,3
2024-02-06 12:00:00,3.48,1017.13,5.57,31.9,8.63,4.072,0.0,4.072,3
2024-02-06 13:00:00,3.24,1017.7,5.85,28.5,8.62,3.328,0.0,3.328,3
2024-02-06 14:00:00,3.07,1018.07,6.58,25.4,9.69,2.702,0.0,2.702,3
2024-02-06 15:00:00,3.5,1018.51,5.91,32.2,9.43,2.258,0.0,2.258,3
2024-02-06 16:00:00,4.08,1018.47,6.03,35.4,10.28,2.423,0.0,2.423,3
2024-02-06 17:00:00,4.38,1018.44,5.58,36.9,9.18,3.01,0.0,3.01,3
2024-02-06 18:00:00,4.67,1018.42,4.12,50.8,8.01,3.678,0.0,3.678,3
2024-02-06 19:00:00,4.17,1018.77,4.08,51.4,7.53,4.323,0.0,4.323,3
2024-02-06 20:00:00,4.5,1019.09,3.33,57.2,6.89,4.825,0.0,4.825,3
2024-02-06 21:00:00,4.47,1019.69,3.46,58.7,5.93,4.997,0.0,4.997,3
2024-02-06 22:00:00,3.79,1020.21,3.16,64.4,5.62,4.879,0.0,4.879,3
2024-02-06 23:00:00,3.6,1020.67,2.94,49.4,5.47,4.383,0.0,4.383,3
2024-02-07 00:00:00,3.54,1020.84,2.82,54.0,5.97,3.491,0.0,3.491,3
2024-02-07 01:00:00,3.44,1020.75,3.27,61.9,6.32,2.719,0.0,2.719,3
2024-02-07 02:00:00,3.59,1020.75,3.72,63.3,7.05,2.26,0.0,2.26,3
2024-02-07 03:00:00,3.62,1021.03,3.01,45.6,5.87,2.143,0.0,2.143,3
2024-02-07 04:00:00,3.69,1021.17,3.15,44.2,5.53,2.505,0.0,2.505,3
2024-02-07 05:00:00,3.74,1021.27,2.52,47.2,5.21,3.113,0.0,3.113,3
2024-02-07 06:00:00,3.82,1021.18,2.64,47.5,5.52,4.038,0.0,4.038,3
2024-02-07 07:00:00,3.97,1021.12,2.58,52.6,5.18,5.051,0.0,5.051,3
2024-02-07 08:00:00,3.92,1021.23,4.47,29.3,6.32,5.868,0.0,5.868,3
2024-02-07 09:00:00,3.41,1021.59,4.26,21.8,5.96,6.325,0.0,6.325,3
2024-02-07 10:00:00,2.89,1022.05,4.46,115.1,5.85,6.307,0.0,6.307,3
2024-02-07 11:00:00,2.25,1022.57,4.56,347.5,5.68,5.837,0.0,5.837,3
2024-02-07 12:00:00,1.91,1023.4,5.45,215.7,6.67,4.94,0.0,4.94,3
2024-02-07 13:00:00,2.59,1023.99,5.39,5.9,6.69,3.893,0.0,3.893,3
2024-02-07 14:00:00,3.55,1024.35,5.55,48.3,7.34,2.837,0.0,2.837,3
2024-02-07 15:00:00,4.26,1024.6,4.69,31.4,7.81,2.014,0.0,2.014,3
2024-02-07 16:00:00,4.22,1024.66,5.26,25.8,7.64,1.665,0.0,1.665,3
2024-02-07 17:00:00,4.24,1024.16,5.81,15.6,7.65,1.935,0.0,1.935,3
2024-02-07 18:00:00,4.6,1023.5,4.59,27.0,6.74,2.544,0.0,2.544,3
2024-02-07 19:00:00,4.89,1023.54,3.81,43.7,6.18,3.384,0.0,3.384,3
2024-02-07 20:00:00,5.13,1023.17,3.29,70.0,5.13,4.21,0.0,4.21,3
2024-02-07 21:00:00,5.13,1023.76,2.48,66.4,4.33,4.795,0.0,4.795,3
2024-02-07 22:00:00,4.6,1024.19,1.79,62.2,3.07,5.058,0.0,5.058,3
2024-02-07 23:00:00,4.35,1024.17,2.44,74.5,3.72,4.771,0.0,4.771,3
2024-02-08 00:00:00,4.51,1024.55,2.28,80.3,3.46,4.002,0.0,4.002,3
2024-02-08 01:00:00,4.64,1024.92,2.13,83.1,3.15,3.061,0.0,3.061,3
2024-02-08 02:00:00,4.75,1025.22,1.77,79.6,2.49,2.186,0.0,2.186,3
2024-02-08 03:00:00,4.7,1025.13,1.3,85.8,1.94,1.561,0.0,1.561,3
2024-02-08 04:00:00,2.69,1024.94,1.06,250.6,1.46,1.34,0.0,1.34,3
2024-02-08 05:00:00,1.44,1024.9,0.88,330.5,1.19,1.696,0.0,1.696,3
2024-02-08 06:00:00,1.41,1025.25,0.81,291.1,1.21,2.58,0.0,2.58,3
2024-02-08 07:00:00,1.63,1025.12,0.98,273.7,1.22,3.631,0.0,3.631,3
2024-02-08 08:00:00,1.27,1025.19,0.74,308.6,1.05,4.715,0.0,4.715,3
2024-02-08 09:00:00,1.52,1024.95,0.73,294.2,1.16,5.522,0.0,5.522,3
2024-02-08 10:00:00,1.45,1025.14,0.94,338.9,1.27,6.014,0.0,6.014,3
2024-02-08 11:00:00,1.38,1025.46,0.85,292.0,1.16,5.929,0.0,5.929,3
2024-02-08 12:00:00,1.37,1026.16,1.08,299.5,1.47,5.33,0.0,5.33,3
2024-02-08 13:00:00,3.25,1026.58,0.15,279.0,0.4,4.363,0.0,4.363,3
2024-02-08 14:00:00,5.28,1026.04,0.64,171.2,0.91,3.065,0.0,3.065,3
2024-02-08 15:00:00,5.05,1026.18,1.25,169.6,1.7,1.822,0.0,1.822,3
2024-02-08 16:00:00,5.83,1025.9,1.7,162.0,2.36,0.982,0.0,0.982,3
2024-02-08 17:00:00,6.31,1025.33,2.27,174.9,3.05,0.769,0.0,0.769,3
2024-02-08 18:00:00,6.75,1024.34,2.62,164.2,3.61,1.112,0.0,1.112,3
2024-02-08 19:00:00,6.96,1024.03,2.8,178.4,3.84,1.885,0.0,1.885,3
2024-02-08 20:00:00,6.94,1024.07,2.87,187.9,3.83,3.064,0.0,3.064,3
2024-02-08 21:00:00,6.28,1024.2,3.04,192.6,3.71,4.005,0.0,4.005,3
2024-02-08 22:00:00,6.09,1023.93,3.2,196.6,3.93,4.615,0.0,4.615,3
2024-02-08 23:00:00,5.98,1024.07,3.66,203.6,4.35,4.707,0.0,4.707,3
2024-02-09 00:00:00,5.9,1024.03,3.43,195.9,4.41,4.308,0.0,4.308,3
2024-02-09 01:00:00,5.78,1023.55,3.11,185.6,4.18,3.504,0.0,3.504,3
2024-02-09 02:00:00,5.78,1023.1,3.16,187.2,4.43,2.446,0.0,2.446,3
2024-02-09 03:00:00,5.88,1023.44,4.06,204.7,4.97,1.499,0.0,1.499,3
2024-02-09 04:00:00,5.49,1023.35,2.47,211.3,2.99,0.935,0.0,0.935,3
2024-02-09 05:00:00,5.65,1022.91,2.24,199.0,2.83,0.695,0.0,0.695,3
2024-02-09 06:00:00,5.77,1021.65,2.82,189.3,3.76,1.065,0.0,1.065,3
2024-02-09 07:00:00,6.02,1020.94,2.76,191.5,3.82,2.192,0.0,2.192,3
2024-02-09 08:00:00,5.99,1021.24,3.03,219.9,3.63,3.683,0.0,3.683,3
2024-02-09 09:00:00,6.1,1020.64,2.56,194.8,3.22,4.925,0.0,4.925,3
2024-02-09 10:00:00,6.05,1020.51,2.45,194.1,3.42,5.818,0.0,5.818,3
2024-02-09 11:00:00,6.44,1020.29,3.82,178.5,5.18,6.242,0.0,6.242,3
2024-02-09 12:00:00,6.5,1020.5,4.01,197.2,4.93,6.263,0.0,6.263,3
2024-02-09 13:00:00,6.59,1020.22,3.97,195.9,4.96,5.485,0.0,5.485,3
2024-02-09 14:00:00,6.99,1020.85,4.73,211.2,5.65,4.086,0.0,4.086,3
2024-02-09 15:00:00,6.82,1019.88,4.82,203.4,5.78,2.644,0.0,2.644,3
2024-02-09 16:00:00,7.46,1018.77,6.05,211.1,7.33,1.445,0.0,1.445,3
2024-02-09 17:00:00,7.22,1017.51,6.26,211.6,7.55,0.663,0.0,0.663,3
2024-02-09 18:00:00,7.91,1016.77,5.99,210.2,7.47,0.527,0.0,0.527,3
2024-02-09 19:00:00,7.72,1015.79,4.35,194.6,5.92,1.13,0.0,1.13,3
2024-02-09 20:00:00,7.6,1015.44,4.93,206.1,5.82,2.124,0.0,2.124,3
2024-02-09 21:00:00,8.65,1015.39,5.65,218.9,6.58,3.489,0.0,3.489,3
2024-02-09 22:00:00,7.77,1015.06,5.51,216.8,6.35,4.47,0.0,4.47,3
2024-02-09 23:00:00,7.68,1015.21,3.59,229.9,4.32,5.062,0.0,5.062,3
2024-02-10 00:00:00,7.17,1015.28,2.77,221.2,3.2,5.1,0.0,5.1,3
2024-02-10 01:00:00,7.25,1015.17,3.12,222.1,3.67,4.578,0.0,4.578,3
2024-02-10 02:00:00,7.12,1015.24,2.11,224.0,2.45,3.692,0.0,3.692,3
2024-02-10 03:00:00,7.59,1014.88,2.09,226.7,2.48,2.481,0.0,2.481,3
2024-02-10 04:00:00,7.38,1014.25,2.09,200.7,2.51,1.494,0.0,1.494,3
2024-02-10 05:00:00,7.41,1013.96,3.43,210.6,4.14,0.719,0.0,0.719,3
2024-02-10 06:00:00,7.11,1013.25,3.07,206.8,3.83,0.605,0.0,0.605,3
2024-02-10 07:00:00,6.91,1012.77,3.24,205.1,3.83,1.309,0.0,1.309,3
2024-02-10 08:00:00,7.32,1012.36,1.66,224.0,2.04,2.517,0.0,2.517,3
2024-02-10 09:00:00,7.07,1012.06,1.83,216.2,2.26,3.954,0.0,3.954,3
2024-02-10 10:00:00,8.11,1012.47,1.92,232.5,2.44,5.223,0.0,5.223,3
2024-02-10 11:00:00,8.15,1012.35,2.08,225.0,2.42,6.233,0.0,6.233,3
2024-02-10 12:00:00,7.98,1012.42,2.09,215.3,2.35,6.599,0.0,6.599,3
2024-02-10 13:00:00,8.14,1012.68,2.78,211.5,3.12,6.212,0.0,6.212,3
2024-02-10 14:00:00,11.96,1012.22,3.51,254.2,4.72,5.343,0.0,5.343,3
2024-02-10 15:00:00,12.5,1012.2,3.51,242.1,4.43,3.91,0.0,3.91,3
2024-02-10 16:00:00,10.11,1012.25,3.36,200.2,4.41,2.333,0.0,2.333,3
2024-02-10 17:00:00,11.81,1011.45,2.45,212.9,3.63,1.11,0.0,1.11,3
2024-02-10 18:00:00,15.15,1010.7,3.09,265.7,4.31,0.344,0.0,0.344,3
2024-02-10 19:00:00,16.36,1010.88,4.58,280.9,6.12,0.294,0.0,0.294,3
2024-02-10 20:00:00,12.18,1009.78,3.83,213.0,4.79,1.128,0.0,1.128,3
2024-02-10 21:00:00,10.98,1009.13,4.22,220.6,5.08,2.486,0.0,2.486,3
2024-02-10 22:00:00,11.44,1009.84,3.3,236.8,4.14,3.827,0.0,3.827,3
2024-02-10 23:00:00,9.16,1010.0,3.94,213.8,4.37,4.862,0.0,4.862,3
2024-02-11 00:00:00,10.01,1009.91,3.67,219.5,4.4,5.22,0.0,5.22,3
2024-02-11 01:00:00,9.33,1010.09,2.4,224.6,2.89,5.221,0.0,5.221,3
2024-02-11 02:00:00,8.78,1010.47,2.64,220.6,3.09,4.603,0.0,4.603,3
2024-02-11 03:00:00,10.9,1010.47,3.13,257.8,3.95,3.638,0.0,3.638,3
2024-02-11 04:00:00,12.76,1010.18,4.14,270.8,5.37,2.36,0.0,2.36,3
2024-02-11 05:00:00,11.99,1009.99,3.04,252.0,3.89,1.062,0.0,1.062,3
2024-02-11 06:00:00,9.08,1010.21,2.65,215.7,3.09,0.411,0.0,0.411,3
2024-02-11 07:00:00,10.18,1010.51,1.45,240.9,1.98,0.404,0.0,0.404,3
2024-02-11 08:00:00,11.78,1010.18,2.76,273.3,3.76,1.201,0.0,1.201,3
2024-02-11 09:00:00,11.4,1010.22,3.05,253.0,4.0,2.424,0.0,2.424,3
2024-02-11 10:00:00,10.71,1010.78,2.67,227.4,3.29,4.008,0.0,4.008,3
2024-02-11 11:00:00,11.25,1010.9,0.96,274.8,1.22,5.269,0.0,5.269,3
2024-02-11 12:00:00,11.39,1011.11,1.17,263.3,1.38,6.148,0.0,6.148,3
2024-02-11 13:00:00,10.53,1011.74,2.19,14.5,2.38,6.472,0.0,6.472,3
2024-02-11 14:00:00,10.33,1012.27,2.42,16.6,2.76,6.083,0.0,6.083,3
2024-02-11 15:00:00,10.13,1012.26,2.5,27.1,3.54,4.885,0.0,4.885,3
2024-02-11 16:00:00,10.87,1011.88,2.39,61.6,4.55,3.31,0.0,3.31,3
2024-02-11 17:00:00,8.8,1010.59,3.74,73.0,5.88,1.888,0.0,1.888,3
2024-02-11 18:00:00,7.6,1009.66,3.41,66.1,5.45,0.833,0.0,0.833,3
2024-02-11 19:00:00,7.5,1010.83,2.62,32.3,3.98,0.281,0.0,0.281,3
2024-02-11 20:00:00,7.1,1011.54,3.71,27.3,5.52,0.397,0.0,0.397,3
2024-02-11 21:00:00,6.46,1010.36,3.49,60.8,5.49,1.308,0.0,1.308,3
2024-02-11 22:00:00,6.77,1010.38,1.89,57.6,3.53,2.704,0.0,2.704,3
2024-02-11 23:00:00,7.08,1011.09,2.38,51.8,3.79,4.152,0.0,4.152,3
2024-02-12 00:00:00,7.31,1011.67,2.55,29.3,3.9,5.048,0.0,5.048,3
2024-02-12 01:00:00,7.09,1011.79,1.54,54.4,2.62,5.486,0.0,5.486,3
2024-02-12 02:00:00,7.06,1011.9,1.37,28.6,2.05,5.351,0.0,5.351,3
2024-02-12 03:00:00,7.05,1012.31,1.82,80.4,2.23,4.634,0.0,4.634,3
2024-02-12 04:00:00,7.02,1012.11,0.98,15.8,1.32,3.44,0.0,3.44,3
2024-02-12 05:00:00,7.06,1011.1,1.07,61.1,1.61,2.19,0.0,2.19,3
2024-02-12 06:00:00,7.0,1011.35,2.08,112.6,2.58,1.034,0.0,1.034,3
2024-02-12 07:00:00,6.68,1011.37,0.59,220.3,0.81,0.269,0.0,0.269,3
2024-02-12 08:00:00,6.45,1011.27,0.82,139.9,1.13,0.489,0.0,0.489,3
2024-02-12 09:00:00,6.75,1011.36,0.87,131.4,1.23,1.294,0.0,1.294,3
2024-02-12 10:00:00,6.82,1011.85,0.76,135.4,1.0,2.511,0.0,2.511,3
2024-02-12 11:00:00,6.87,1011.75,2.38,43.8,2.88,4.055,0.0,4.055,3
2024-02-12 12:00:00,6.78,1011.67,2.03,17.9,2.65,5.217,0.0,5.217,3
2024-02-12 13:00:00,6.92,1012.67,1.49,44.4,1.82,5.985,0.0,5.985,3
2024-02-12 14:00:00,7.22,1012.15,1.47,58.0,2.17,6.158,0.0,6.158,3
2024-02-12 15:00:00,7.26,1011.49,1.56,64.0,2.64,5.495,0.0,5.495,3
2024-02-12 16:00:00,7.54,1011.23,1.49,72.0,2.47,4.396,0.0,4.396,3
2024-02-12 17:00:00,7.39,1010.17,1.95,68.7,3.2,3.136,0.0,3.136,3
2024-02-12 18:00:00,7.27,1009.68,1.87,61.8,3.36,1.703,0.0,1.703,3
2024-02-12 19:00:00,6.91,1009.17,1.9,72.2,3.02,0.566,0.0,0.566,3
2024-02-12 20:00:00,6.72,1009.09,1.54,92.9,2.26,0.26,0.0,0.26,3
2024-02-12 21:00:00,6.49,1008.4,1.96,118.7,2.77,0.719,0.0,0.719,3
2024-02-12 22:00:00,6.52,1008.47,1.55,89.0,2.27,1.816,0.0,1.816,3
2024-02-12 23:00:00,6.62,1007.86,1.46,52.1,2.42,3.304,0.0,3.304,3
2024-02-13 00:00:00,6.67,1006.66,2.86,72.3,4.4,4.445,0.0,4.445,3
2024-02-13 01:00:00,6.66,1006.74,3.78,87.4,5.88,5.429,0.0,5.429,3
2024-02-13 02:00:00,6.39,1005.28,3.95,88.1,5.96,5.814,0.0,5.814,3
2024-02-13 03:00:00,6.23,1003.78,4.17,88.1,6.44,5.697,0.0,5.697,3
2024-02-13 04:00:00,6.25,1002.26,3.9,85.1,6.07,4.904,0.0,4.904,3
2024-02-13 05:00:00,6.28,1001.19,4.07,81.6,6.35,3.862,0.0,3.862,3
2024-02-13 06:00:00,6.34,998.83,4.35,84.7,6.66,2.818,0.0,2.818,3
2024-02-13 07:00:00,6.41,997.0,4.62,85.9,7.12,1.732,0.0,1.732,3
2024-02-13 08:00:00,6.5,993.93,5.05,87.0,8.4,1.362,0.0,1.362,3
2024-02-13 09:00:00,6.58,991.75,4.58,78.0,7.87,1.62,0.0,1.62,3
2024-02-13 10:00:00,6.56,990.79,3.21,46.6,5.93,2.618,0.0,2.618,3
2024-02-13 11:00:00,6.26,990.67,5.02,32.2,7.79,4.177,0.0,4.177,3
2024-02-13 12:00:00,5.7,989.78,7.78,29.6,12.2,5.373,0.0,5.373,3
2024-02-13 13:00:00,5.36,990.54,8.3,26.5,12.52,6.25,0.0,6.25,3
2024-02-13 14:00:00,4.94,992.36,10.24,85.0,13.94,6.924,0.0,6.924,3
2024-02-13 15:00:00,3.61,995.6,10.99,347.1,13.95,6.884,0.0,6.884,3
2024-02-13 16:00:00,3.5,998.09,10.27,342.6,13.24,6.285,0.0,6.285,3
2024-02-13 17:00:00,3.79,1000.25,9.82,339.1,12.56,4.785,0.0,4.785,3
2024-02-13 18:00:00,4.43,1001.58,9.75,340.9,12.88,3.12,0.0,3.12,3
2024-02-13 19:00:00,5.14,1002.96,7.98,334.1,10.47,1.93,0.0,1.93,3
2024-02-13 20:00:00,5.71,1004.17,10.21,330.9,13.81,1.504,0.0,1.504,3
2024-02-13 21:00:00,6.01,1005.55,9.16,336.1,11.8,1.275,0.0,1.275,3
2024-02-13 22:00:00,5.92,1007.41,6.57,332.7,8.72,1.741,0.0,1.741,3
2024-02-13 23:00:00,5.62,1009.27,2.81,314.8,4.13,2.707,0.0,2.707,3
2024-02-14 00:00:00,5.62,1010.48,4.86,314.7,6.65,3.99,0.0,3.99,3
2024-02-14 01:00:00,4.93,1011.48,2.18,289.8,3.53,5.067,0.0,5.067,3
2024-02-14 02:00:00,4.07,1011.99,1.89,279.8,3.0,5.904,0.0,5.904,3
2024-02-14 03:00:00,3.72,1012.2,2.32,273.3,3.56,6.171,0.0,6.171,3
2024-02-14 04:00:00,3.62,1012.44,1.38,285.9,2.73,5.689,0.0,5.689,3
2024-02-14 05:00:00,3.92,1012.75,1.42,286.2,2.69,4.821,0.0,4.821,3
2024-02-14 06:00:00,3.98,1013.38,1.7,292.5,3.27,3.728,0.0,3.728,3
2024-02-14 07:00:00,4.33,1013.72,3.3,310.9,4.42,2.457,0.0,2.457,3
2024-02-14 08:00:00,4.74,1013.96,4.22,315.0,5.72,1.471,0.0,1.471,3
2024-02-14 09:00:00,4.8,1014.39,5.13,322.7,6.9,0.749,0.0,0.749,3
2024-02-14 10:00:00,4.76,1014.95,5.22,331.1,7.13,0.775,0.0,0.775,3
2024-02-14 11:00:00,4.25,1015.43,5.78,333.1,7.33,1.728,0.0,1.728,3
2024-02-14 12:00:00,4.23,1016.21,7.81,340.0,10.17,2.853,0.0,2.853,3
2024-02-14 13:00:00,4.49,1016.97,8.35,331.8,11.11,3.964,0.0,3.964,3
2024-02-14 14:00:00,4.79,1017.09,9.31,335.9,12.83,4.66,0.0,4.66,3
2024-02-14 15:00:00,4.83,1017.46,9.26,332.5,12.78,4.892,0.0,4.892,3
2024-02-14 16:00:00,4.83,1017.63,8.41,295.9,11.12,4.68,0.0,4.68,3
2024-02-14 17:00:00,4.9,1017.29,8.59,327.3,11.32,4.31,0.0,4.31,3
2024-02-14 18:00:00,5.21,1017.09,8.13,324.1,10.96,3.289,0.0,3.289,3
2024-02-14 19:00:00,5.44,1017.19,7.63,327.3,10.13,2.033,0.0,2.033,3
2024-02-14 20:00:00,5.53,1017.5,7.35,325.7,9.81,1.129,0.0,1.129,3
2024-02-14 21:00:00,5.55,1018.12,7.3,329.4,9.95,0.615,0.0,0.615,3
2024-02-14 22:00:00,5.11,1018.85,5.34,330.2,7.12,0.585,0.0,0.585,3
2024-02-14 23:00:00,4.42,1019.94,3.8,305.2,4.65,1.01,0.0,1.01,3
2024-02-15 00:00:00,3.72,1020.56,3.17,260.4,3.83,1.847,0.0,1.847,3
2024-02-15 01:00:00,3.08,1020.93,2.94,328.5,3.51,2.857,0.0,2.857,3
2024-02-15 02:00:00,3.09,1020.89,3.13,276.9,4.09,3.901,0.0,3.901,3
2024-02-15 03:00:00,2.48,1021.02,3.17,305.0,3.85,4.603,0.0,4.603,3
2024-02-15 04:00:00,1.9,1021.42,3.0,330.9,3.74,4.736,0.0,4.736,3
2024-02-15 05:00:00,2.31,1021.54,5.42,250.1,6.77,4.299,0.0,4.299,3
2024-02-15 06:00:00,1.84,1021.97,5.01,345.9,6.22,3.402,0.0,3.402,3
2024-02-15 07:00:00,1.05,1022.74,3.73,335.4,4.59,2.299,0.0,2.299,3
2024-02-15 08:00:00,1.14,1022.91,3.94,340.9,5.02,1.189,0.0,1.189,3
2024-02-15 09:00:00,1.17,1022.98,4.22,311.9,5.28,0.434,0.0,0.434,3
2024-02-15 10:00:00,0.83,1023.3,3.72,341.0,4.51,-0.031,0.0,-0.031,3
2024-02-15 11:00:00,0.29,1023.0,2.41,341.3,2.95,0.263,0.0,0.263,3
2024-02-15 12:00:00,0.03,1022.95,2.12,331.0,2.7,1.073,0.0,1.073,3
2024-02-15 13:00:00,0.99,1023.8,2.3,327.6,2.98,2.161,0.0,2.161,3
2024-02-15 14:00:00,1.52,1023.21,2.65,76.8,3.45,3.171,0.0,3.171,3
2024-02-15 15:00:00,2.3,1023.18,2.75,53.0,3.95,3.678,0.0,3.678,3
2024-02-15 16:00:00,3.26,1022.17,1.58,76.1,2.28,3.993,0.0,3.993,3
2024-02-15 17:00:00,3.46,1020.65,2.66,170.8,3.85,3.953,0.0,3.953,3
2024-02-15 18:00:00,3.85,1018.87,3.83,182.4,5.27,3.564,0.0,3.564,3
2024-02-15 19:00:00,3.46,1017.35,5.56,196.4,7.56,2.714,0.0,2.714,3
2024-02-15 20:00:00,3.81,1016.37,7.32,202.4,9.06,1.837,0.0,1.837,3
2024-02-15 21:00:00,4.56,1014.17,7.85,196.4,10.45,1.256,0.0,1.256,3
2024-02-15 22:00:00,4.8,1013.6,9.32,202.9,11.65,0.996,0.0,0.996,3
2024-02-15 23:00:00,5.46,1012.84,10.03,205.9,12.37,1.112,0.0,1.112,3
2024-02-16 00:00:00,6.04,1011.42,9.72,208.3,12.0,1.605,0.0,1.605,3
2024-02-16 01:00:00,6.26,1010.16,8.03,214.4,9.48,2.351,0.0,2.351,3
2024-02-16 02:00:00,6.47,1009.26,5.52,226.3,6.66,3.331,0.0,3.331,3
2024-02-16 03:00:00,7.45,1008.18,6.28,231.5,8.07,4.248,0.0,4.248,3
2024-02-16 04:00:00,7.23,1007.6,3.57,251.1,4.48,4.958,0.0,4.958,3
2024-02-16 05:00:00,7.17,1007.98,3.11,283.7,4.11,4.991,0.0,4.991,3
2024-02-16 06:00:00,7.2,1008.51,3.91,293.6,5.42,4.607,0.0,4.607,3
2024-02-16 07:00:00,8.1,1009.35,5.75,320.4,7.54,3.774,0.0,3.774,3
2024-02-16 08:00:00,7.08,1010.2,5.17,331.1,6.75,2.855,0.0,2.855,3
2024-02-16 09:00:00,6.28,1011.08,4.67,336.5,6.02,1.805,0.0,1.805,3
2024-02-16 10:00:00,6.57,1011.75,9.09,342.3,11.82,0.849,0.0,0.849,3
2024-02-16 11:00:00,6.36,1012.65,7.44,328.4,10.42,0.383,0.0,0.383,3
2024-02-16 12:00:00,5.93,1013.81,6.79,333.2,9.34,0.704,0.0,0.704,3
2024-02-16 13:00:00,5.63,1014.72,7.43,326.2,10.07,1.292,0.0,1.292,3
2024-02-16 14:00:00,5.55,1015.37,6.65,323.4,8.9,1.982,0.0,1.982,3
2024-02-16 15:00:00,5.52,1015.56,6.41,324.2,8.43,2.62,0.0,2.62,3
2024-02-16 16:00:00,5.7,1015.28,6.03,315.8,8.08,3.018,0.0,3.018,3
2024-02-16 17:00:00,5.78,1014.68,4.95,313.2,6.67,3.399,0.0,3.399,3
2024-02-16 18:00:00,5.97,1013.8,5.06,308.0,6.84,3.403,0.0,3.403,3
2024-02-16 19:00:00,6.29,1013.51,5.22,315.8,6.79,3.034,0.0,3.034,3
2024-02-16 20:00:00,6.48,1013.73,4.51,310.3,5.85,2.241,0.0,2.241,3
2024-02-16 21:00:00,6.28,1013.8,3.76,288.2,5.0,1.396,0.0,1.396,3
2024-02-16 22:00:00,5.86,1013.8,2.35,290.7,3.02,0.824,0.0,0.824,3
2024-02-16 23:00:00,5.64,1013.46,1.3,205.9,1.93,0.394,0.0,0.394,3
2024-02-17 00:00:00,5.23,1012.88,1.26,119.6,1.69,0.635,0.0,0.635,3
2024-02-17 01:00:00,5.59,1012.05,2.15,71.5,3.36,1.164,0.0,1.164,3
2024-02-17 02:00:00,5.45,1011.39,2.64,111.7,3.94,2.045,0.0,2.045,3
2024-02-17 03:00:00,5.47,1010.55,3.5,152.6,4.99,3.166,0.0,3.166,3
2024-02-17 04:00:00,5.8,1009.39,5.44,156.3,7.42,4.012,0.0,4.012,3
2024-02-17 05:00:00,6.01,1008.28,5.08,164.0,7.65,4.695,0.0,4.695,3
2024-02-17 06:00:00,6.1,1006.27,4.45,147.2,6.91,4.941,0.0,4.941,3
2024-02-17 07:00:00,6.08,1003.99,4.77,120.5,6.74,4.657,0.0,4.657,3
2024-02-17 08:00:00,5.12,1003.05,4.36,53.5,6.84,4.024,0.0,4.024,3
2024-02-17 09:00:00,2.41,1003.5,5.55,31.1,8.28,3.313,0.0,3.313,3
2024-02-17 10:00:00,2.1,1003.13,4.61,33.8,7.69,2.655,0.0,2.655,3
2024-02-17 11:00:00,2.61,1003.48,4.25,31.6,6.41,1.903,0.0,1.903,3
2024-02-17 12:00:00,2.86,1004.78,4.89,154.7,6.66,1.778,0.0,1.778,3
2024-02-17 13:00:00,2.5,1006.38,5.23,342.3,6.69,2.037,0.0,2.037,3
2024-02-17 14:00:00,2.17,1007.35,5.65,340.7,7.3,2.698,0.0,2.698,3
2024-02-17 15:00:00,2.17,1008.33,6.01,330.7,7.98,3.264,0.0,3.264,3
2024-02-17 16:00:00,2.86,1008.41,7.63,338.4,10.06,3.62,0.0,3.62,3
2024-02-17 17:00:00,3.16,1008.13,7.69,339.6,10.08,4.162,0.0,4.162,3
2024-02-17 18:00:00,3.22,1008.21,7.52,335.2,9.89,4.24,0.0,4.24,3
2024-02-17 19:00:00,2.98,1008.59,8.72,336.3,11.65,4.289,0.0,4.289,3
2024-02-17 20:00:00,3.18,1009.07,7.41,334.4,10.05,3.739,0.0,3.739,3
2024-02-17 21:00:00,2.9,1009.87,8.09,334.4,10.54,3.032,0.0,3.032,3
2024-02-17 22:00:00,2.39,1010.95,5.55,326.6,8.04,2.486,0.0,2.486,3
2024-02-17 23:00:00,1.93,1012.07,4.1,316.7,5.69,2.084,0.0,2.084,3
2024-02-18 00:00:00,1.52,1013.21,2.83,304.5,3.9,1.685,0.0,1.685,3
2024-02-18 01:00:00,1.06,1013.87,3.96,313.4,5.29,1.479,0.0,1.479,3
2024-02-18 02:00:00,0.63,1014.56,2.94,312.5,3.77,1.832,0.0,1.832,3
2024-02-18 03:00:00,0.03,1014.72,2.01,306.4,2.58,2.657,0.0,2.657,3
2024-02-18 04:00:00,-0.15,1014.6,2.09,285.1,2.67,3.634,0.0,3.634,3
2024-02-18 05:00:00,-0.6,1014.5,2.05,288.8,2.56,4.415,0.0,4.415,3
2024-02-18 06:00:00,-0.97,1014.92,2.19,294.1,2.8,4.819,0.0,4.819,3
2024-02-18 07:00:00,-1.09,1015.32,1.98,305.9,2.44,4.878,0.0,4.878,3
2024-02-18 08:00:00,-1.09,1015.55,1.56,283.6,1.97,4.613,0.0,4.613,3
2024-02-18 09:00:00,-1.29,1015.39,1.73,257.4,2.21,4.03,0.0,4.03,3
2024-02-18 10:00:00,-1.35,1015.36,1.91,254.5,2.37,3.156,0.0,3.156,3
2024-02-18 11:00:00,-1.58,1015.56,2.62,251.4,3.21,2.381,0.0,2.381,3
2024-02-18 12:00:00,-0.92,1016.05,2.2,246.4,2.83,1.698,0.0,1.698,3
2024-02-18 13:00:00,-0.03,1016.35,2.42,248.1,3.08,1.277,0.0,1.277,3
2024-02-18 14:00:00,1.27,1016.18,4.29,246.7,5.57,1.152,0.0,1.152,3
2024-02-18 15:00:00,2.42,1015.55,5.89,241.0,7.45,1.308,0.0,1.308,3
2024-02-18 16:00:00,3.48,1014.9,6.27,254.1,7.86,1.738,0.0,1.738,3
2024-02-18 17:00:00,4.36,1013.57,6.51,242.6,8.41,2.215,0.0,2.215,3
2024-02-18 18:00:00,4.91,1012.41,6.83,241.2,8.81,2.636,0.0,2.636,3
2024-02-18 19:00:00,5.07,1011.81,7.37,239.7,9.51,2.883,0.0,2.883,3
2024-02-18 20:00:00,5.56,1011.26,7.37,232.2,9.31,2.864,0.0,2.864,3
2024-02-18 21:00:00,5.54,1010.84,6.59,238.7,8.33,2.55,0.0,2.55,3
2024-02-18 22:00:00,5.06,1010.7,5.42,247.8,6.66,2.044,0.0,2.044,3
2024-02-18 23:00:00,4.66,1011.3,3.79,234.8,4.75,1.276,0.0,1.276,3
2024-02-19 00:00:00,4.83,1012.05,4.58,233.2,5.94,0.647,0.0,0.647,3
2024-02-19 01:00:00,4.87,1012.35,4.22,238.3,5.2,0.21,0.0,0.21,3
2024-02-19 02:00:00,4.49,1012.91,3.86,244.6,5.0,0.204,0.0,0.204,3
2024-02-19 03:00:00,4.37,1013.59,3.59,244.4,4.56,0.542,0.0,0.542,3
2024-02-19 04:00:00,3.93,1014.41,2.87,263.6,3.66,1.347,0.0,1.347,3
2024-02-19 05:00:00,3.03,1014.93,2.54,276.4,3.18,2.151,0.0,2.151,3
2024-02-19 06:00:00,2.78,1015.25,2.67,272.1,3.34,2.814,0.0,2.814,3
2024-02-19 07:00:00,3.38,1015.21,4.18,324.9,5.54,3.233,0.0,3.233,3
2024-02-19 08:00:00,2.99,1015.97,2.9,322.4,3.69,3.384,0.0,3.384,3
2024-02-19 09:00:00,2.71,1016.58,2.56,314.4,3.24,3.289,0.0,3.289,3
2024-02-19 10:00:00,2.95,1017.46,4.14,314.3,5.28,2.919,0.0,2.919,3
2024-02-19 11:00:00,2.4,1018.53,2.87,144.8,3.57,2.337,0.0,2.337,3
2024-02-19 12:00:00,2.13,1019.52,1.01,179.0,1.49,1.737,0.0,1.737,3
2024-02-19 13:00:00,3.15,1020.38,3.71,112.5,4.8,1.313,0.0,1.313,3
2024-02-19 14:00:00,3.83,1020.84,4.99,11.5,6.47,0.932,0.0,0.932,3
2024-02-19 15:00:00,4.34,1021.15,4.14,45.5,5.33,0.69,0.0,0.69,3
2024-02-19 16:00:00,4.88,1021.01,3.21,23.9,4.59,0.896,0.0,0.896,3
2024-02-19 17:00:00,5.24,1020.58,3.98,57.5,6.33,1.592,0.0,1.592,3
2024-02-19 18:00:00,5.22,1020.2,4.27,69.7,6.64,2.317,0.0,2.317,3
2024-02-19 19:00:00,5.45,1020.12,3.62,69.1,6.17,2.881,0.0,2.881,3
2024-02-19 20:00:00,5.65,1020.32,3.08,74.6,4.82,3.32,0.0,3.32,3
2024-02-19 21:00:00,5.66,1020.77,3.18,79.7,4.84,3.324,0.0,3.324,3
2024-02-19 22:00:00,5.12,1021.46,2.23,100.5,3.17,3.077,0.0,3.077,3
2024-02-19 23:00:00,4.54,1022.61,1.65,135.1,2.41,2.466,0.0,2.466,3
2024-02-20 00:00:00,4.38,1023.51,1.16,162.3,1.55,1.744,0.0,1.744,3
2024-02-20 01:00:00,3.1,1024.45,1.06,248.7,1.34,1.091,0.0,1.091,3
2024-02-20 02:00:00,2.94,1024.96,0.5,195.5,0.72,0.864,0.0,0.864,3
2024-02-20 03:00:00,1.98,1024.91,1.05,176.7,1.23,0.985,0.0,0.985,3
2024-02-20 04:00:00,1.5,1025.2,0.51,315.1,0.71,1.473,0.0,1.473,3
2024-02-20 05:00:00,1.37,1025.17,1.59,47.0,2.03,2.383,0.0,2.383,3
2024-02-20 06:00:00,1.46,1025.02,1.85,81.3,2.27,3.232,0.0,3.232,3
2024-02-20 07:00:00,2.18,1025.2,1.19,89.1,1.68,3.863,0.0,3.863,3
2024-02-20 08:00:00,1.57,1025.41,1.2,42.3,1.5,4.422,0.0,4.422,3
2024-02-20 09:00:00,3.03,1025.81,2.09,57.2,3.48,4.635,0.0,4.635,3
2024-02-20 10:00:00,4.38,1026.37,3.21,82.2,4.95,4.359,0.0,4.359,3
2024-02-20 11:00:00,4.39,1027.47,3.51,78.1,5.26,3.986,0.0,3.986,3
2024-02-20 12:00:00,4.67,1028.17,3.58,79.3,5.45,3.321,0.0,3.321,3
2024-02-20 13:00:00,5.38,1029.14,3.98,88.1,5.92,2.372,0.0,2.372,3
2024-02-20 14:00:00,5.62,1029.69,4.1,82.1,6.08,1.743,0.0,1.743,3
2024-02-20 15:00:00,5.79,1030.01,4.2,74.8,6.35,1.198,0.0,1.198,3
2024-02-20 16:00:00,5.93,1030.02,3.86,74.8,5.82,1.106,0.0,1.106,3
2024-02-20 17:00:00,6.3,1029.74,3.38,79.6,4.98,1.471,0.0,1.471,3
2024-02-20 18:00:00,6.08,1029.15,3.8,76.4,5.87,2.022,0.0,2.022,3
2024-02-20 19:00:00,5.69,1029.06,4.19,75.8,6.55,2.751,0.0,2.751,3
2024-02-20 20:00:00,5.02,1028.99,4.47,76.2,6.96,3.287,0.0,3.287,3
2024-02-20 21:00:00,4.41,1028.83,4.17,71.2,6.52,3.675,0.0,3.675,3
2024-02-20 22:00:00,3.73,1028.56,4.34,73.0,6.82,3.664,0.0,3.664,3
2024-02-20 23:00:00,3.5,1028.7,4.47,79.0,6.9,3.397,0.0,3.397,3
2024-02-21 00:00:00,3.5,1029.05,3.77,73.5,5.76,2.794,0.0,2.794,3
2024-02-21 01:00:00,3.5,1029.37,4.06,76.5,5.96,2.135,0.0,2.135,3
2024-02-21 02:00:00,3.5,1029.71,4.48,77.0,6.51,1.558,0.0,1.558,3
2024-02-21 03:00:00,3.51,1029.66,4.3,77.7,6.49,1.274,0.0,1.274,3
2024-02-21 04:00:00,3.38,1029.34,4.22,75.8,6.42,1.297,0.0,1.297,3
2024-02-21 05:00:00,3.25,1029.07,4.22,76.2,6.49,1.795,0.0,1.795,3
2024-02-21 06:00:00,3.22,1028.76,4.27,77.5,6.39,2.59,0.0,2.59,3
2024-02-21 07:00:00,3.2,1028.67,3.6,72.6,5.81,3.532,0.0,3.532,3
2024-02-21 08:00:00,3.22,1028.27,3.34,70.3,5.27,4.325,0.0,4.325,3
2024-02-21 09:00:00,3.34,1028.02,3.95,73.7,5.9,4.876,0.0,4.876,3
2024-02-21 10:00:00,3.51,1028.2,3.79,72.4,5.75,4.858,0.0,4.858,3
2024-02-21 11:00:00,3.87,1028.05,3.87,73.5,5.88,4.565,0.0,4.565,3
2024-02-21 12:00:00,4.16,1028.06,3.89,72.8,5.99,3.98,0.0,3.98,3
2024-02-21 13:00:00,4.86,1028.52,3.17,69.5,5.06,3.101,0.0,3.101,3
2024-02-21 14:00:00,5.57,1028.53,3.66,70.8,5.68,2.229,0.0,2.229,3
2024-02-21 15:00:00,5.97,1028.63,3.38,66.3,5.58,1.444,0.0,1.444,3
2024-02-21 16:00:00,6.04,1027.76,4.34,71.5,6.64,0.97,0.0,0.97,3
2024-02-21 17:00:00,5.99,1026.98,3.55,67.4,6.0,1.02,0.0,1.02,3
2024-02-21 18:00:00,5.78,1026.13,3.36,67.5,5.87,1.441,0.0,1.441,3
2024-02-21 19:00:00,5.73,1025.16,3.51,70.3,6.11,2.1,0.0,2.1,3
2024-02-21 20:00:00,5.25,1025.09,3.52,69.2,5.77,2.819,0.0,2.819,3
2024-02-21 21:00:00,4.86,1025.2,2.67,67.8,4.65,3.485,0.0,3.485,3
2024-02-21 22:00:00,4.62,1024.95,2.82,73.8,4.65,3.902,0.0,3.902,3
2024-02-21 23:00:00,4.38,1024.38,3.71,82.9,5.81,3.919,0.0,3.919,3
2024-02-22 00:00:00,4.31,1024.42,3.52,85.0,5.31,3.464,0.0,3.464,3
2024-02-22 01:00:00,4.13,1024.15,3.35,100.2,5.0,2.71,0.0,2.71,3
2024-02-22 02:00:00,4.11,1023.84,2.9,91.2,4.27,2.004,0.0,2.004,3
2024-02-22 03:00:00,4.03,1023.16,2.55,98.5,3.75,1.427,0.0,1.427,3
2024-02-22 04:00:00,3.83,1022.56,2.09,101.1,2.98,1.196,0.0,1.196,3
2024-02-22 05:00:00,3.74,1022.04,1.42,79.9,2.02,1.388,0.0,1.388,3
2024-02-22 06:00:00,3.58,1021.61,1.06,71.4,1.66,2.105,0.0,2.105,3
2024-02-22 07:00:00,2.71,1020.71,0.33,193.5,0.72,3.005,0.0,3.005,3
2024-02-22 08:00:00,1.85,1019.96,1.1,155.2,1.53,4.026,0.0,4.026,3
2024-02-22 09:00:00,1.49,1019.69,1.04,78.6,1.33,4.813,0.0,4.813,3
2024-02-22 10:00:00,1.21,1019.81,0.67,261.3,0.91,5.297,0.0,5.297,3
2024-02-22 11:00:00,1.04,1019.65,0.87,234.3,1.07,5.362,0.0,5.362,3
2024-02-22 12:00:00,2.14,1019.09,0.35,132.7,0.6,4.963,0.0,4.963,3
2024-02-22 13:00:00,4.61,1018.39,2.66,147.8,3.75,4.2,0.0,4.2,3
2024-02-22 14:00:00,5.34,1017.67,3.07,165.4,4.54,3.275,0.0,3.275,3
2024-02-22 15:00:00,5.81,1017.08,3.57,185.6,4.68,2.324,0.0,2.324,3
2024-02-22 16:00:00,6.13,1015.96,3.95,188.2,5.78,1.578,0.0,1.578,3
2024-02-22 17:00:00,6.03,1014.56,4.52,195.0,6.15,1.232,0.0,1.232,3
2024-02-22 18:00:00,6.04,1013.0,5.15,191.2,7.03,1.362,0.0,1.362,3
2024-02-22 19:00:00,6.12,1011.16,5.23,193.3,7.23,1.883,0.0,1.883,3
2024-02-22 20:00:00,6.39,1009.95,5.31,190.8,7.38,2.855,0.0,2.855,3
2024-02-22 21:00:00,6.49,1009.15,4.95,192.3,6.72,3.677,0.0,3.677,3
2024-02-22 22:00:00,6.31,1008.22,4.5,191.7,5.94,4.199,0.0,4.199,3
2024-02-22 23:00:00,6.51,1008.27,4.51,199.4,5.6,4.454,0.0,4.454,3
2024-02-23 00:00:00,6.94,1007.87,6.14,206.4,7.38,4.183,0.0,4.183,3
2024-02-23 01:00:00,7.13,1006.9,6.52,212.2,7.48,3.568,0.0,3.568,3
2024-02-23 02:00:00,7.3,1005.73,6.41,214.6,7.53,2.798,0.0,2.798,3
2024-02-23 03:00:00,7.38,1004.65,7.21,213.7,8.47,2.013,0.0,2.013,3
2024-02-23 04:00:00,7.43,1003.92,8.07,211.6,9.61,1.708,0.0,1.708,3
2024-02-23 05:00:00,7.69,1002.82,9.44,213.7,11.33,1.498,0.0,1.498,3
2024-02-23 06:00:00,7.28,1001.79,7.52,210.1,8.99,1.753,0.0,1.753,3
2024-02-23 07:00:00,7.32,1000.71,7.72,212.5,9.04,2.584,0.0,2.584,3
2024-02-23 08:00:00,7.61,999.99,6.45,217.0,7.77,3.541,0.0,3.541,3
2024-02-23 09:00:00,8.29,999.57,7.13,219.2,8.87,4.433,0.0,4.433,3
2024-02-23 10:00:00,7.67,999.57,5.91,214.6,7.03,5.104,0.0,5.104,3
2024-02-23 11:00:00,7.52,999.25,5.0,218.7,6.08,5.434,0.0,5.434,3
2024-02-23 12:00:00,7.68,999.14,4.9,217.0,5.88,5.372,0.0,5.372,3
2024-02-23 13:00:00,8.06,999.15,5.35,219.4,6.55,4.848,0.0,4.848,3
2024-02-23 14:00:00,8.14,998.88,5.29,222.9,6.58,3.942,0.0,3.942,3
2024-02-23 15:00:00,8.06,997.95,3.8,222.8,4.42,2.826,0.0,2.826,3
2024-02-23 16:00:00,7.69,997.39,3.37,209.8,3.91,1.873,0.0,1.873,3
2024-02-23 17:00:00,7.54,996.5,3.55,209.9,4.33,1.451,0.0,1.451,3
2024-02-23 18:00:00,7.37,995.65,3.22,208.1,3.6,1.424,0.0,1.424,3
2024-02-23 19:00:00,7.92,995.27,1.42,229.9,1.88,1.731,0.0,1.731,3
2024-02-23 20:00:00,8.87,995.1,3.48,319.0,4.61,2.502,0.0,2.502,3
2024-02-23 21:00:00,8.52,995.26,4.52,331.4,5.88,3.477,0.0,3.477,3
2024-02-23 22:00:00,7.8,995.73,3.74,145.3,4.67,4.296,0.0,4.296,3
2024-02-23 23:00:00,7.46,996.23,3.47,5.3,4.2,4.65,0.0,4.65,3
2024-02-24 00:00:00,7.44,996.74,4.27,311.7,5.33,4.759,0.0,4.759,3
2024-02-24 01:00:00,7.18,997.61,3.8,322.5,4.88,4.337,0.0,4.337,3
2024-02-24 02:00:00,6.96,997.86,3.86,335.7,4.94,3.747,0.0,3.747,3
2024-02-24 03:00:00,6.71,997.89,3.58,330.5,4.34,2.817,0.0,2.817,3
2024-02-24 04:00:00,6.38,998.06,3.14,324.2,3.95,1.901,0.0,1.901,3
2024-02-24 05:00:00,6.08,998.15,2.77,323.7,3.48,1.492,0.0,1.492,3
2024-02-24 06:00:00,5.58,998.36,3.36,316.0,4.4,1.468,0.0,1.468,3
2024-02-24 07:00:00,5.33,998.57,3.44,319.8,4.29,1.928,0.0,1.928,3
2024-02-24 08:00:00,5.12,998.7,2.84,318.7,3.53,2.895,0.0,2.895,3
2024-02-24 09:00:00,4.89,999.15,1.19,299.1,1.71,4.027,0.0,4.027,3
2024-02-24 10:00:00,4.87,999.48,1.17,183.2,1.48,4.891,0.0,4.891,3
2024-02-24 11:00:00,5.12,1000.26,2.09,280.5,2.79,5.498,0.0,5.498,3
2024-02-24 12:00:00,5.64,1001.42,2.75,285.6,3.68,5.701,0.0,5.701,3
2024-02-24 13:00:00,5.85,1002.3,5.04,144.4,6.22,5.377,0.0,5.377,3
2024-02-24 14:00:00,6.05,1003.22,6.05,8.5,7.45,4.615,0.0,4.615,3
2024-02-24 15:00:00,5.79,1004.05,5.37,13.0,7.0,3.317,0.0,3.317,3
2024-02-24 16:00:00,5.74,1004.57,4.74,18.9,6.61,2.297,0.0,2.297,3
2024-02-24 17:00:00,5.51,1004.69,4.82,21.8,6.65,1.616,0.0,1.616,3
2024-02-24 18:00:00,5.77,1004.84,4.51,23.0,6.16,1.371,0.0,1.371,3
2024-02-24 19:00:00,6.06,1004.95,4.17,65.6,5.96,1.395,0.0,1.395,3
2024-02-24 20:00:00,5.68,1005.55,3.51,66.3,5.27,2.046,0.0,2.046,3
2024-02-24 21:00:00,5.76,1006.43,2.82,75.7,4.48,3.037,0.0,3.037,3
2024-02-24 22:00:00,5.61,1007.4,2.35,70.4,3.6,3.934,0.0,3.934,3
2024-02-24 23:00:00,5.68,1008.61,2.48,40.7,3.64,4.497,0.0,4.497,3
2024-02-25 00:00:00,6.0,1009.77,6.75,9.1,8.67,4.721,0.0,4.721,3
2024-02-25 01:00:00,5.14,1011.18,5.88,6.4,7.45,4.498,0.0,4.498,3
2024-02-25 02:00:00,4.29,1012.45,6.07,6.5,7.59,3.823,0.0,3.823,3
2024-02-25 03:00:00,3.34,1013.44,5.87,110.4,7.29,2.969,0.0,2.969,3
2024-02-25 04:00:00,2.62,1014.04,6.18,40.6,7.52,2.138,0.0,2.138,3
2024-02-25 05:00:00,2.3,1014.75,5.09,20.9,7.22,1.451,0.0,1.451,3
2024-02-25 06:00:00,2.0,1015.51,6.8,12.4,9.31,1.142,0.0,1.142,3
2024-02-25 07:00:00,1.62,1016.17,6.51,19.3,9.62,1.348,0.0,1.348,3
2024-02-25 08:00:00,1.12,1016.97,6.41,13.2,8.58,2.105,0.0,2.105,3
2024-02-25 09:00:00,0.6,1017.75,6.3,17.2,8.64,3.033,0.0,3.033,3
2024-02-25 10:00:00,0.27,1018.36,5.49,16.4,7.68,3.988,0.0,3.988,3
2024-02-25 11:00:00,-0.42,1019.06,3.76,35.4,6.0,4.77,0.0,4.77,3
2024-02-25 12:00:00,-0.2,1019.99,4.22,30.7,6.5,5.311,0.0,5.311,3
2024-02-25 13:00:00,0.09,1020.82,4.1,24.5,5.63,5.373,0.0,5.373,3
2024-02-25 14:00:00,0.3,1021.34,3.81,17.9,4.88,4.881,0.0,4.881,3
2024-02-25 15:00:00,0.74,1021.56,2.83,21.5,3.82,3.834,0.0,3.834,3
2024-02-25 16:00:00,1.54,1021.2,2.55,47.0,3.76,2.645,0.0,2.645,3
2024-02-25 17:00:00,1.9,1020.46,3.31,82.0,4.6,1.641,0.0,1.641,3
2024-02-25 18:00:00,2.32,1019.97,3.52,92.2,4.82,1.061,0.0,1.061,3
2024-02-25 19:00:00,2.5,1019.91,2.64,125.8,3.78,0.822,0.0,0.822,3
2024-02-25 20:00:00,2.65,1019.64,2.29,139.8,3.32,1.109,0.0,1.109,3
2024-02-25 21:00:00,2.8,1019.46,2.21,159.0,3.16,1.952,0.0,1.952,3
2024-02-25 22:00:00,2.73,1019.45,2.45,176.6,3.54,2.985,0.0,2.985,3
2024-02-25 23:00:00,2.85,1019.61,3.76,188.5,5.11,3.79,0.0,3.79,3
2024-02-26 00:00:00,3.48,1019.71,4.79,196.9,6.31,4.234,0.0,4.234,3
2024-02-26 01:00:00,3.75,1019.92,5.43,212.0,6.45,4.283,0.0,4.283,3
2024-02-26 02:00:00,3.83,1020.13,5.93,219.3,7.0,3.949,0.0,3.949,3
2024-02-26 03:00:00,3.7,1019.76,4.85,220.3,5.99,3.247,0.0,3.247,3
2024-02-26 04:00:00,4.66,1019.36,6.69,205.9,7.95,2.289,0.0,2.289,3
2024-02-26 05:00:00,4.24,1019.09,5.83,220.5,7.46,1.344,0.0,1.344,3
2024-02-26 06:00:00,4.6,1018.64,6.43,220.7,7.96,0.678,0.0,0.678,3
2024-02-26 07:00:00,4.53,1018.3,6.33,221.7,7.6,0.558,0.0,0.558,3
2024-02-26 08:00:00,4.98,1018.05,6.98,217.7,8.17,0.951,0.0,0.951,3
2024-02-26 09:00:00,5.36,1017.61,7.81,214.6,9.31,1.783,0.0,1.783,3
2024-02-26 10:00:00,5.57,1017.35,7.13,217.4,8.53,2.754,0.0,2.754,3
2024-02-26 11:00:00,5.87,1017.38,6.66,218.2,8.08,3.748,0.0,3.748,3
2024-02-26 12:00:00,6.08,1017.53,5.82,218.9,7.05,4.424,0.0,4.424,3
2024-02-26 13:00:00,6.47,1017.57,7.66,219.9,9.35,4.663,0.0,4.663,3
2024-02-26 14:00:00,7.06,1017.54,8.67,221.7,10.73,4.365,0.0,4.365,3
2024-02-26 15:00:00,7.71,1017.11,9.01,221.6,11.22,3.593,0.0,3.593,3
2024-02-26 16:00:00,7.37,1016.78,7.35,213.7,8.84,2.473,0.0,2.473,3
2024-02-26 17:00:00,7.46,1016.34,6.99,205.6,8.5,1.463,0.0,1.463,3
2024-02-26 18:00:00,7.37,1015.58,7.15,207.3,8.64,0.678,0.0,0.678,3
2024-02-26 19:00:00,7.6,1015.24,6.77,208.0,8.04,0.221,0.0,0.221,3
2024-02-26 20:00:00,7.69,1015.11,6.19,207.3,7.41,0.412,0.0,0.412,3
2024-02-26 21:00:00,7.71,1015.21,5.25,209.0,6.29,1.173,0.0,1.173,3
2024-02-26 22:00:00,7.56,1015.49,4.73,212.9,5.63,2.203,0.0,2.203,3
2024-02-26 23:00:00,7.27,1015.87,3.73,210.4,4.28,3.194,0.0,3.194,3
2024-02-27 00:00:00,7.0,1015.99,2.99,205.8,3.56,3.86,0.0,3.86,3
2024-02-27 01:00:00,6.74,1016.03,2.09,182.6,2.63,4.152,0.0,4.152,3
2024-02-27 02:00:00,7.0,1016.09,2.94,186.3,3.91,4.144,0.0,4.144,3
2024-02-27 03:00:00,7.11,1016.05,1.98,187.7,2.49,3.677,0.0,3.677,3
2024-02-27 04:00:00,7.01,1015.88,2.81,188.4,3.56,2.893,0.0,2.893,3
2024-02-27 05:00:00,7.2,1015.81,3.47,210.0,4.05,1.901,0.0,1.901,3
2024-02-27 06:00:00,7.3,1015.51,3.64,200.4,4.35,1.176,0.0,1.176,3
2024-02-27 07:00:00,7.34,1015.24,3.8,205.1,4.51,0.706,0.0,0.706,3
2024-02-27 08:00:00,7.45,1015.13,4.68,209.6,5.35,0.837,0.0,0.837,3
2024-02-27 09:00:00,7.35,1015.18,4.95,211.4,5.56,1.452,0.0,1.452,3
2024-02-27 10:00:00,7.24,1015.29,4.16,208.4,4.75,2.306,0.0,2.306,3
2024-02-27 11:00:00,7.21,1015.63,4.4,217.5,5.15,3.332,0.0,3.332,3
2024-02-27 12:00:00,7.37,1015.73,5.51,212.0,6.21,4.095,0.0,4.095,3
2024-02-27 13:00:00,7.6,1015.93,6.76,213.3,7.65,4.589,0.0,4.589,3
2024-02-27 14:00:00,7.81,1015.79,6.47,207.4,7.37,4.633,0.0,4.633,3
2024-02-27 15:00:00,8.11,1015.44,7.26,206.9,8.36,4.163,0.0,4.163,3
2024-02-27 16:00:00,8.48,1015.18,7.38,209.2,8.62,3.247,0.0,3.247,3
2024-02-27 17:00:00,8.51,1014.92,7.55,210.8,8.72,2.416,0.0,2.416,3
2024-02-27 18:00:00,8.5,1014.59,7.16,209.6,8.49,1.56,0.0,1.56,3
2024-02-27 19:00:00,8.29,1013.99,5.14,208.3,6.12,0.875,0.0,0.875,3
2024-02-27 20:00:00,9.21,1013.1,6.19,214.5,7.04,0.844,0.0,0.844,3
2024-02-27 21:00:00,9.55,1012.66,6.95,218.1,8.27,1.231,0.0,1.231,3
2024-02-27 22:00:00,8.72,1012.7,6.7,208.7,7.95,2.143,0.0,2.143,3
2024-02-27 23:00:00,8.37,1012.78,5.05,204.0,6.1,3.087,0.0,3.087,3
2024-02-28 00:00:00,9.04,1012.7,4.83,202.1,6.21,3.933,0.0,3.933,3
2024-02-28 01:00:00,9.96,1012.31,8.02,203.9,9.71,4.44,0.0,4.44,3
2024-02-28 02:00:00,10.28,1012.62,7.99,204.9,10.02,4.538,0.0,4.538,3
2024-02-28 03:00:00,9.66,1012.49,7.33,204.7,9.08,4.395,0.0,4.395,3
2024-02-28 04:00:00,9.17,1011.33,7.33,211.4,8.51,3.587,0.0,3.587,3
2024-02-28 05:00:00,9.43,1010.58,7.65,212.0,8.99,2.579,0.0,2.579,3
2024-02-28 06:00:00,11.7,1009.84,9.26,220.7,11.49,1.625,0.0,1.625,3
2024-02-28 07:00:00,11.71,1009.05,8.86,220.2,11.1,1.05,0.0,1.05,3
2024-02-28 08:00:00,10.29,1008.55,7.86,213.1,9.63,0.993,0.0,0.993,3
2024-02-28 09:00:00,9.37,1008.28,7.48,207.6,8.74,1.043,0.0,1.043,3
2024-02-28 10:00:00,10.96,1007.93,9.21,220.1,11.4,1.516,0.0,1.516,3
2024-02-28 11:00:00,11.07,1008.11,10.07,212.9,12.38,2.344,0.0,2.344,3
2024-02-28 12:00:00,9.32,1007.97,7.98,199.9,9.76,3.335,0.0,3.335,3
2024-02-28 13:00:00,9.15,1008.17,7.64,208.5,8.81,4.103,0.0,4.103,3
2024-02-28 14:00:00,11.06,1008.03,9.8,216.2,11.84,4.279,0.0,4.279,3
2024-02-28 15:00:00,10.98,1007.61,9.86,213.3,11.81,4.014,0.0,4.014,3
2024-02-28 16:00:00,10.71,1006.87,11.33,213.5,13.48,3.413,0.0,3.413,3
2024-02-28 17:00:00,10.36,1006.08,10.24,216.0,12.2,2.531,0.0,2.531,3
2024-02-28 18:00:00,9.83,1005.32,8.37,213.9,9.8,1.887,0.0,1.887,3
2024-02-28 19:00:00,9.88,1004.8,8.45,211.2,9.86,1.197,0.0,1.197,3
2024-02-28 20:00:00,10.67,1004.07,10.94,213.3,13.43,0.772,0.0,0.772,3
2024-02-28 21:00:00,11.9,1004.49,7.99,224.3,9.84,0.727,0.0,0.727,3
2024-02-28 22:00:00,13.45,1005.68,6.48,220.8,8.13,1.21,0.0,1.21,3
2024-02-28 23:00:00,10.89,1005.88,4.49,210.7,5.58,2.048,0.0,2.048,3
2024-02-29 00:00:00,12.73,1005.45,7.16,221.4,8.77,2.862,0.0,2.862,3
2024-02-29 01:00:00,12.44,1005.74,6.43,225.4,7.92,3.463,0.0,3.463,3
2024-02-29 02:00:00,14.73,1005.98,6.83,269.3,9.09,3.949,0.0,3.949,3
2024-02-29 03:00:00,11.15,1008.5,10.95,321.8,15.32,4.107,0.0,4.107,3
2024-02-29 04:00:00,9.81,1010.82,9.15,323.2,12.49,3.429,0.0,3.429,3
2024-02-29 05:00:00,8.43,1013.23,8.3,311.7,11.28,2.391,0.0,2.391,3
2024-02-29 06:00:00,6.94,1015.28,9.18,323.4,13.11,0.689,0.0,0.689,3
2024-02-29 07:00:00,5.64,1017.04,8.18,326.4,11.41,-0.111,0.0,-0.111,3
2024-02-29 08:00:00,4.6,1019.03,6.8,324.8,9.17,-0.253,0.0,-0.253,3
2024-02-29 09:00:00,3.71,1020.81,6.89,317.0,9.55,-0.097,0.0,-0.097,3
2024-02-29 10:00:00,2.71,1022.91,6.29,317.7,8.32,0.325,0.0,0.325,3
2024-02-29 11:00:00,2.11,1024.49,6.23,321.7,8.72,1.172,0.0,1.172,3
2024-02-29 12:00:00,2.03,1026.17,5.67,325.9,7.64,1.812,0.0,1.812,3
2024-02-29 13:00:00,2.44,1027.3,6.49,325.4,8.76,2.525,0.0,2.525,3
2024-02-29 14:00:00,2.89,1027.6,7.24,320.5,9.36,2.881,0.0,2.881,3
2024-02-29 15:00:00,3.45,1027.63,6.83,319.9,9.1,2.892,0.0,2.892,3
2024-02-29 16:00:00,3.77,1027.77,7.44,318.2,10.21,2.38,0.0,2.38,3
2024-02-29 17:00:00,4.14,1027.49,6.51,323.5,8.71,2.004,0.0,2.004,3
2024-02-29 18:00:00,4.7,1027.3,6.45,303.0,8.73,1.228,0.0,1.228,3
2024-02-29 19:00:00,5.37,1026.64,6.06,308.3,8.23,0.258,0.0,0.258,3
2024-02-29 20:00:00,6.08,1026.93,5.28,306.1,7.8,-0.312,0.0,-0.312,3
2024-02-29 21:00:00,6.52,1027.26,5.5,306.3,7.6,-0.524,0.0,-0.524,3
2024-02-29 22:00:00,6.44,1027.88,3.7,280.1,4.87,-0.068,0.0,-0.068,3
2024-02-29 23:00:00,5.53,1028.44,2.18,256.1,2.74,0.543,0.0,0.543,3
2024-03-01 00:00:00,5.23,1029.0,1.88,269.7,2.33,1.339,0.0,1.339,3
2024-03-01 01:00:00,4.63,1029.7,2.71,254.9,3.24,2.257,0.0,2.257,3
2024-03-01 02:00:00,4.02,1030.51,2.45,271.3,3.0,2.989,0.0,2.989,3
2024-03-01 03:00:00,3.74,1030.85,2.54,286.7,3.18,3.342,0.0,3.342,3
2024-03-01 04:00:00,3.25,1031.21,2.66,314.9,3.49,3.008,0.0,3.008,3
2024-03-01 05:00:00,2.92,1031.26,2.34,301.5,2.9,2.393,0.0,2.393,3
2024-03-01 06:00:00,3.06,1031.55,1.85,295.6,2.32,1.711,0.0,1.711,3
2024-03-01 07:00:00,2.44,1031.97,0.94,302.4,1.3,0.965,0.0,0.965,3
2024-03-01 08:00:00,2.81,1032.5,1.28,239.4,1.68,0.402,0.0,0.402,3
2024-03-01 09:00:00,1.76,1033.4,1.04,313.6,1.27,0.035,0.0,0.035,3
2024-03-01 10:00:00,1.83,1034.29,0.61,143.9,0.87,0.215,0.0,0.215,3
2024-03-01 11:00:00,2.78,1034.92,1.37,43.3,2.12,0.72,0.0,0.72,3
2024-03-01 12:00:00,4.94,1035.56,3.06,83.2,4.74,1.389,0.0,1.389,3
2024-03-01 13:00:00,5.54,1036.06,3.93,94.7,5.63,2.172,0.0,2.172,3
2024-03-01 14:00:00,6.0,1036.57,3.71,100.3,5.5,2.738,0.0,2.738,3
2024-03-01 15:00:00,6.19,1036.89,3.78,101.4,5.47,2.984,0.0,2.984,3
2024-03-01 16:00:00,6.23,1036.41,3.41,106.0,5.03,2.921,0.0,2.921,3
2024-03-01 17:00:00,6.19,1035.98,3.48,124.5,4.84,2.544,0.0,2.544,3
2024-03-01 18:00:00,6.61,1035.61,3.07,144.5,4.57,1.858,0.0,1.858,3
2024-03-01 19:00:00,6.5,1034.68,3.18,141.5,4.9,1.093,0.0,1.093,3
2024-03-01 20:00:00,6.44,1034.42,2.92,151.6,4.25,0.361,0.0,0.361,3
2024-03-01 21:00:00,6.18,1033.95,2.66,142.2,3.95,-0.013,0.0,-0.013,3
2024-03-01 22:00:00,6.08,1033.64,2.7,137.9,4.02,0.156,0.0,0.156,3
2024-03-01 23:00:00,6.1,1033.53,2.73,135.9,4.21,0.721,0.0,0.721,3
2025-01-01 00:00:00,11.0,999.85,4.86,173.6,7.07,4.45,0.0,4.45,4
2025-01-01 01:00:00,10.81,999.76,3.41,234.8,4.4,4.617,0.0,4.617,4
2025-01-01 02:00:00,11.76,999.82,2.95,171.4,3.74,4.03,0.0,4.03,4
2025-01-01 03:00:00,11.17,999.7,1.91,162.1,2.46,3.08,0.0,3.08,4
2025-01-01 04:00:00,10.02,999.16,2.31,214.5,2.92,2.374,0.0,2.374,4
2025-01-01 05:00:00,10.67,999.33,3.44,245.6,4.31,1.605,0.0,1.605,4
2025-01-01 06:00:00,10.4,999.47,3.34,256.2,3.92,1.336,0.0,1.336,4
2025-01-01 07:00:00,10.39,999.83,3.09,279.9,4.07,1.473,0.0,1.473,4
2025-01-01 08:00:00,9.62,999.86,2.65,278.0,3.32,1.995,0.0,1.995,4
2025-01-01 09:00:00,9.24,1000.17,2.35,270.9,2.89,2.93,0.0,2.93,4
2025-01-01 10:00:00,9.72,1000.47,2.78,274.3,3.54,4.244,0.0,4.244,4
2025-01-01 11:00:00,10.28,1000.76,4.17,279.5,5.43,5.264,0.0,5.264,4
2025-01-01 12:00:00,9.92,1001.47,5.8,303.4,7.64,6.04,0.0,6.04,4
2025-01-01 13:00:00,9.78,1002.74,6.4,305.3,9.02,5.955,0.0,5.955,4
2025-01-01 14:00:00,9.84,1003.84,8.87,298.1,12.83,5.435,0.0,5.435,4
2025-01-01 15:00:00,9.61,1004.39,10.12,305.7,14.81,4.26,0.0,4.26,4
2025-01-01 16:00:00,9.47,1004.29,10.72,305.4,15.09,2.984,0.0,2.984,4
2025-01-01 17:00:00,9.71,1004.23,11.45,308.0,16.64,1.732,0.0,1.732,4
2025-01-01 18:00:00,9.93,1004.69,11.88,305.2,17.72,0.883,0.0,0.883,4
2025-01-01 19:00:00,10.03,1005.66,10.39,301.6,15.37,0.223,0.0,0.223,4
2025-01-01 20:00:00,9.65,1006.54,9.94,308.2,14.37,0.091,0.0,0.091,4
2025-01-01 21:00:00,8.93,1007.95,8.42,308.1,11.97,0.777,0.0,0.777,4
2025-01-01 22:00:00,7.91,1009.44,6.73,308.4,9.72,1.615,0.0,1.615,4
2025-01-01 23:00:00,7.23,1010.88,5.9,310.7,8.88,2.343,0.0,2.343,4
2025-01-02 00:00:00,6.94,1011.71,7.05,308.0,9.51,2.923,0.0,2.923,4
2025-01-02 01:00:00,6.3,1012.29,5.56,290.5,7.76,3.188,0.0,3.188,4
2025-01-02 02:00:00,5.82,1012.57,4.85,286.6,6.4,2.989,0.0,2.989,4
2025-01-02 03:00:00,5.49,1012.9,4.43,284.4,5.96,2.511,0.0,2.511,4
2025-01-02 04:00:00,5.11,1013.28,3.56,272.2,4.57,1.772,0.0,1.772,4
2025-01-02 05:00:00,4.57,1013.44,3.34,271.3,4.3,0.607,0.0,0.607,4
2025-01-02 06:00:00,4.19,1014.02,3.24,282.0,4.29,-0.442,0.0,-0.442,4
2025-01-02 07:00:00,4.09,1014.85,5.64,301.4,7.85,-0.814,0.0,-0.814,4
2025-01-02 08:00:00,3.63,1015.3,7.37,313.5,10.07,-0.606,0.0,-0.606,4
2025-01-02 09:00:00,3.22,1015.83,6.82,313.9,9.99,0.191,0.0,0.191,4
2025-01-02 10:00:00,2.97,1016.3,5.09,313.8,6.69,1.074,0.0,1.074,4
2025-01-02 11:00:00,2.56,1017.08,4.39,299.0,6.25,2.197,0.0,2.197,4
2025-01-02 12:00:00,2.2,1017.76,3.89,294.3,5.31,3.233,0.0,3.233,4
2025-01-02 13:00:00,2.82,1018.25,4.51,294.6,6.37,3.845,0.0,3.845,4
2025-01-02 14:00:00,3.62,1019.09,5.99,302.6,8.55,3.687,0.0,3.687,4
2025-01-02 15:00:00,4.49,1018.98,9.5,319.2,13.01,2.909,0.0,2.909,4
2025-01-02 16:00:00,4.94,1018.29,8.32,309.0,11.5,2.043,0.0,2.043,4
2025-01-02 17:00:00,5.08,1017.23,7.96,315.6,10.83,0.822,0.0,0.822,4
2025-01-02 18:00:00,5.04,1016.97,7.64,307.3,11.17,-0.29,0.0,-0.29,4
2025-01-02 19:00:00,4.98,1017.14,7.47,310.0,10.49,-1.083,0.0,-1.083,4
2025-01-02 20:00:00,4.72,1017.35,7.16,315.1,10.06,-1.466,0.0,-1.466,4
2025-01-03 07:00:00,0.6,1018.52,2.84,304.2,3.77,-1.066,0.0,-1.066,5
2025-01-03 08:00:00,0.42,1018.5,2.67,312.7,3.51,-1.33,0.0,-1.33,5
2025-01-03 09:00:00,0.08,1018.58,2.33,291.7,3.13,-0.947,0.0,-0.947,5
2025-01-03 10:00:00,-0.3,1018.43,2.39,283.7,3.07,-0.159,0.0,-0.159,5
2025-01-03 11:00:00,-0.56,1018.42,2.24,290.4,2.89,1.119,0.0,1.119,5
2025-01-03 12:00:00,-0.75,1018.35,2.57,275.8,3.27,2.354,0.0,2.354,5
2025-01-03 13:00:00,-0.04,1018.07,2.29,281.2,3.02,3.334,0.0,3.334,5
2025-01-03 14:00:00,1.24,1017.57,2.39,292.2,3.15,3.799,0.0,3.799,5
2025-01-03 15:00:00,2.42,1016.48,3.06,230.5,4.07,3.671,0.0,3.671,5
2025-01-03 16:00:00,3.2,1014.2,4.92,214.1,5.87,2.985,0.0,2.985,5
2025-01-03 17:00:00,3.98,1011.81,6.02,217.8,7.04,1.99,0.0,1.99,5
2025-01-03 18:00:00,4.85,1010.42,6.64,224.5,7.95,0.79,0.0,0.79,5
2025-01-03 19:00:00,5.63,1009.51,7.55,224.5,9.16,-0.084,0.0,-0.084,5
2025-01-03 20:00:00,5.88,1008.88,5.74,252.4,7.72,-0.688,0.0,-0.688,5
2025-01-03 21:00:00,5.48,1008.53,4.91,267.9,6.33,-0.686,0.0,-0.686,5
2025-01-03 22:00:00,5.38,1008.61,3.59,265.1,5.19,-0.207,0.0,-0.207,5
2025-01-03 23:00:00,2.7,1009.1,6.94,297.1,9.61,0.647,0.0,0.647,5
2025-01-04 00:00:00,1.4,1009.39,6.6,304.9,9.2,1.553,0.0,1.553,5
2025-01-04 01:00:00,1.06,1009.65,8.58,323.2,11.18,2.363,0.0,2.363,5
2025-01-04 02:00:00,0.05,1010.2,8.47,332.6,11.63,2.847,0.0,2.847,5
2025-01-04 03:00:00,0.29,1010.37,6.16,318.5,8.22,2.942,0.0,2.942,5
2025-01-04 04:00:00,0.03,1010.4,8.36,315.3,11.89,2.95,0.0,2.95,5
2025-01-04 05:00:00,-0.375,1010.525,7.763,315.75,10.75,2.233,0.0,2.233,5
2025-01-04 06:00:00,-0.68,1011.23,7.22,314.0,10.05,1.21,0.0,1.21,5
2025-01-04 07:00:00,-1.0,1012.22,6.7,313.7,9.58,0.106,0.0,0.106,5
2025-01-04 08:00:00,-1.23,1012.68,6.46,305.8,9.02,-0.328,0.0,-0.328,5
2025-01-04 09:00:00,-1.43,1013.2,5.7,312.3,8.2,-0.333,0.0,-0.333,5
2025-01-04 10:00:00,-1.52,1013.96,5.77,309.1,8.45,0.086,0.0,0.086,5
2025-01-04 11:00:00,-1.66,1014.69,4.75,309.2,6.95,1.08,0.0,1.08,5
2025-01-04 12:00:00,-1.59,1015.13,5.21,307.9,7.9,2.317,0.0,2.317,5
2025-01-04 13:00:00,-1.11,1015.63,6.29,305.9,9.32,3.239,0.0,3.239,5
2025-01-04 14:00:00,-0.38,1015.93,8.16,313.0,11.62,3.793,0.0,3.793,5
2025-01-04 15:00:00,-0.1,1015.74,9.5,314.7,13.08,4.113,0.0,4.113,5
2025-01-04 16:00:00,0.23,1015.24,7.88,312.3,11.43,3.811,0.0,3.811,5
2025-01-04 17:00:00,0.24,1014.84,8.66,312.1,12.43,3.088,0.0,3.088,5
2025-01-04 18:00:00,0.14,1014.77,8.6,314.1,12.52,2.006,0.0,2.006,5
2025-01-04 19:00:00,-0.05,1015.18,8.22,309.4,11.43,0.761,0.0,0.761,5
2025-01-04 20:00:00,-0.42,1016.02,7.88,306.0,11.36,-0.046,0.0,-0.046,5
2025-01-04 21:00:00,-0.54,1016.57,6.92,306.0,9.87,-0.568,0.0,-0.568,5
2025-01-04 22:00:00,-0.76,1017.28,6.9,305.2,9.98,-0.535,0.0,-0.535,5
2025-01-04 23:00:00,-1.15,1017.87,5.19,306.1,7.12,-0.05,0.0,-0.05,5
2025-01-05 00:00:00,-1.54,1018.36,4.47,309.5,6.24,0.86,0.0,0.86,5
2025-01-05 01:00:00,-2.07,1018.56,3.76,302.1,5.05,1.841,0.0,1.841,5
2025-01-05 02:00:00,-2.16,1018.8,4.34,306.9,5.96,2.585,0.0,2.585,5
2025-01-05 03:00:00,-2.33,1019.12,4.29,311.6,5.82,3.082,0.0,3.082,5
2025-01-05 04:00:00,-2.82,1019.25,4.18,311.3,5.44,3.311,0.0,3.311,5
2025-01-05 05:00:00,-3.02,1018.95,5.17,311.3,7.04,2.868,0.0,2.868,5
2025-01-05 06:00:00,-3.39,1019.2,5.07,305.7,6.88,2.021,0.0,2.021,5
2025-01-05 07:00:00,-3.72,1020.03,4.03,300.4,5.44,1.02,0.0,1.02,5
2025-01-05 08:00:00,-3.89,1020.56,4.21,292.4,5.7,0.309,0.0,0.309,5
2025-01-05 09:00:00,-3.97,1020.14,4.52,303.9,6.42,-0.235,0.0,-0.235,5
2025-01-05 10:00:00,-4.11,1020.57,4.51,290.4,6.23,-0.203,0.0,-0.203,5
2025-01-05 11:00:00,-4.19,1021.2,4.24,296.7,5.76,0.278,0.0,0.278,5
2025-01-05 12:00:00,-4.0,1021.25,4.78,314.7,6.7,1.271,0.0,1.271,5
2025-01-05 13:00:00,-3.56,1021.08,5.89,319.5,7.61,2.183,0.0,2.183,5
2025-01-05 14:00:00,-2.42,1021.11,6.51,322.4,8.52,2.856,0.0,2.856,5
2025-01-05 15:00:00,-1.06,1020.46,6.5,310.5,8.95,3.488,0.0,3.488,5
2025-01-05 16:00:00,0.35,1019.32,7.55,305.1,10.46,3.799,0.0,3.799,5
2025-01-05 17:00:00,1.24,1018.06,7.5,310.3,10.39,3.593,0.0,3.593,5
2025-01-05 18:00:00,1.29,1017.79,8.42,314.7,11.46,2.874,0.0,2.874,5
2025-01-05 19:00:00,1.15,1017.48,7.72,322.1,10.15,1.75,0.0,1.75,5
2025-01-05 20:00:00,1.25,1018.04,6.13,313.6,8.15,0.791,0.0,0.791,5
2025-01-05 21:00:00,0.96,1018.65,5.37,312.1,7.66,-0.002,0.0,-0.002,5
2025-01-05 22:00:00,0.52,1019.03,4.6,308.1,6.4,-0.305,0.0,-0.305,5
2025-01-05 23:00:00,0.2,1019.16,2.86,327.5,3.8,-0.238,0.0,-0.238,5
2025-01-06 00:00:00,-0.17,1019.11,2.28,330.6,2.9,0.329,0.0,0.329,5
2025-01-06 01:00:00,-0.36,1018.96,1.82,324.0,2.32,1.393,0.0,1.393,5
2025-01-06 02:00:00,-0.12,1018.99,2.51,308.6,3.17,2.442,0.0,2.442,5
2025-01-06 03:00:00,0.0,1019.15,2.96,337.9,3.88,3.22,0.0,3.22,5
2025-01-06 04:00:00,-0.09,1018.77,2.45,325.5,3.2,3.625,0.0,3.625,5
2025-01-06 05:00:00,-0.17,1018.44,2.24,298.5,2.96,3.441,0.0,3.441,5
2025-01-06 06:00:00,-0.58,1017.91,3.08,283.0,4.28,3.116,0.0,3.116,5
2025-01-06 07:00:00,-0.82,1017.88,3.19,263.9,3.94,2.504,0.0,2.504,5
2025-01-06 08:00:00,-1.88,1017.22,2.91,240.4,3.56,1.542,0.0,1.542,5
2025-01-06 09:00:00,-2.43,1016.22,0.98,246.7,1.44,0.821,0.0,0.821,5
2025-01-06 10:00:00,-2.68,1014.88,0.56,50.8,0.92,0.208,0.0,0.208,5
2025-01-06 11:00:00,-2.3,1013.72,1.24,50.5,1.96,0.201,0.0,0.201,5
2025-01-06 12:00:00,-1.52,1012.21,2.87,86.9,4.16,0.783,0.0,0.783,5
2025-01-06 13:00:00,-0.67,1011.25,2.95,92.1,4.32,1.701,0.0,1.701,5
2025-01-06 14:00:00,-0.19,1009.82,3.61,96.5,5.28,2.71,0.0,2.71,5
2025-01-06 15:00:00,0.53,1008.45,3.87,114.4,5.38,3.523,0.0,3.523,5
2025-01-06 16:00:00,1.39,1006.24,3.67,87.2,5.46,4.131,0.0,4.131,5
2025-01-06 17:00:00,1.74,1003.75,3.21,55.1,5.36,4.281,0.0,4.281,5
2025-01-06 18:00:00,1.77,1002.48,3.53,43.6,6.35,3.821,0.0,3.821,5
2025-01-06 19:00:00,1.91,1001.15,4.34,41.6,7.42,3.161,0.0,3.161,5
2025-01-06 20:00:00,2.0,1000.89,4.46,39.5,8.37,2.233,0.0,2.233,5
2025-01-06 21:00:00,1.74,1000.01,6.12,31.8,9.92,1.384,0.0,1.384,5
2025-01-06 22:00:00,1.24,999.88,6.57,30.5,9.53,0.883,0.0,0.883,5
2025-01-06 23:00:00,0.56,999.73,6.51,22.8,10.12,0.771,0.0,0.771,5
2025-01-07 00:00:00,-0.34,999.95,8.42,8.0,10.63,0.979,0.0,0.979,5
2025-01-07 01:00:00,-0.69,1001.68,6.9,312.5,8.72,1.794,0.0,1.794,5
2025-01-07 02:00:00,-1.29,1003.33,6.59,336.2,8.52,2.379,0.0,2.379,5
2025-01-07 03:00:00,-1.29,1004.34,7.35,342.3,9.58,3.507,0.0,3.507,5
2025-01-07 04:00:00,-1.24,1005.12,7.15,341.4,9.31,4.016,0.0,4.016,5
2025-01-07 05:00:00,-1.43,1005.67,7.78,340.9,10.27,4.228,0.0,4.228,5
2025-01-07 06:00:00,-1.95,1006.5,8.32,338.1,11.13,4.229,0.0,4.229,5
2025-01-07 07:00:00,-3.42,1007.4,9.59,335.0,12.78,3.837,0.0,3.837,5
2025-01-07 08:00:00,-4.59,1008.38,10.19,339.4,13.55,2.809,0.0,2.809,5
2025-01-07 09:00:00,-5.28,1009.38,9.55,338.6,12.81,1.546,0.0,1.546,5
2025-01-07 10:00:00,-5.49,1010.48,9.71,335.3,12.89,0.786,0.0,0.786,5
2025-01-07 11:00:00,-5.72,1011.51,9.22,332.4,12.09,0.649,0.0,0.649,5
2025-01-07 12:00:00,-5.68,1012.46,8.86,331.4,11.9,0.553,0.0,0.553,5
2025-01-07 13:00:00,-5.18,1013.44,8.21,328.9,11.0,0.826,0.0,0.826,5
2025-01-07 14:00:00,-4.37,1014.19,7.78,327.1,10.57,1.539,0.0,1.539,5
2025-01-07 15:00:00,-3.31,1014.61,8.36,319.2,11.49,2.253,0.0,2.253,5
2025-01-07 16:00:00,-2.45,1014.17,8.93,317.5,12.04,3.031,0.0,3.031,5
2025-01-07 17:00:00,-1.29,1013.15,9.37,324.2,13.14,3.331,0.0,3.331,5
2025-01-07 18:00:00,-0.41,1012.95,10.29,327.0,14.12,3.266,0.0,3.266,5
2025-01-07 19:00:00,0.34,1013.13,8.17,324.0,11.1,2.954,0.0,2.954,5
2025-01-07 20:00:00,0.84,1013.74,8.46,319.5,11.39,2.358,0.0,2.358,5
2025-01-07 21:00:00,0.81,1014.45,7.26,318.0,9.98,1.571,0.0,1.571,5
2025-01-07 22:00:00,0.55,1015.38,5.99,325.3,8.04,0.633,0.0,0.633,5
2025-01-07 23:00:00,0.32,1016.1,6.97,320.8,9.53,-0.173,0.0,-0.173,5
2025-01-08 00:00:00,0.13,1016.62,7.12,321.1,10.03,-0.542,0.0,-0.542,5
2025-01-08 01:00:00,-0.37,1017.04,5.15,314.2,6.95,-0.281,0.0,-0.281,5
2025-01-08 02:00:00,-0.77,1017.13,5.05,313.7,6.66,0.494,0.0,0.494,5
2025-01-08 03:00:00,-1.06,1017.64,4.69,311.7,6.53,1.652,0.0,1.652,5
2025-01-08 04:00:00,-1.15,1018.14,5.17,313.1,6.96,2.673,0.0,2.673,5
2025-01-08 05:00:00,-1.44,1018.29,4.81,312.4,6.54,3.518,0.0,3.518,5
2025-01-08 06:00:00,-1.67,1018.34,5.47,314.8,7.42,3.794,0.0,3.794,5
2025-01-08 07:00:00,-2.21,1018.53,4.95,311.5,6.88,3.739,0.0,3.739,5
2025-01-08 08:00:00,-2.61,1018.52,4.8,306.5,6.95,3.316,0.0,3.316,5
2025-01-08 09:00:00,-2.86,1018.35,5.15,308.9,6.76,2.503,0.0,2.503,5
2025-01-08 10:00:00,-3.2,1018.46,4.66,306.7,6.62,1.43,0.0,1.43,5
2025-01-08 11:00:00,-3.41,1018.46,4.51,312.9,6.04,0.711,0.0,0.711,5
2025-01-08 12:00:00,-3.35,1018.52,4.81,321.7,6.19,0.19,0.0,0.19,5
2025-01-08 13:00:00,-2.89,1018.59,5.46,319.3,7.22,0.056,0.0,0.056,5
2025-01-08 14:00:00,-2.1,1018.54,6.24,316.6,8.47,0.203,0.0,0.203,5
2025-01-08 15:00:00,-1.45,1017.9,7.98,326.2,11.12,0.626,0.0,0.626,5
2025-01-08 16:00:00,-1.06,1016.75,8.55,325.3,11.77,1.459,0.0,1.459,5
2025-01-08 17:00:00,-1.01,1015.19,9.02,321.5,12.05,2.158,0.0,2.158,5
2025-01-08 18:00:00,-0.8,1013.69,8.32,318.5,11.15,2.546,0.0,2.546,5
2025-01-08 19:00:00,-0.42,1013.03,8.3,313.6,11.63,2.586,0.0,2.586,5
2025-01-08 20:00:00,-0.23,1012.97,8.15,323.6,10.93,2.476,0.0,2.476,5
2025-01-08 21:00:00,-0.54,1013.21,7.09,321.7,9.64,1.9,0.0,1.9,5
2025-01-08 22:00:00,-1.08,1013.26,4.45,311.0,6.61,0.955,0.0,0.955,5
2025-01-08 23:00:00,-1.275,1013.337,4.556,273.333,6.389,-0.054,0.0,-0.054,5
2025-01-09 00:00:00,-1.58,1013.23,4.92,311.4,7.12,-0.706,0.0,-0.706,5
2025-01-09 02:00:00,-2.25,1013.21,6.4,324.1,8.66,-0.628,0.0,-0.628,6
2025-01-09 03:00:00,-2.98,1013.14,5.4,321.6,7.28,0.009,0.0,0.009,6
2025-01-09 04:00:00,-3.55,1013.0,6.02,319.5,8.15,0.988,0.0,0.988,6
2025-01-09 05:00:00,-3.97,1012.69,6.38,315.1,8.69,2.044,0.0,2.044,6
2025-01-09 06:00:00,-4.32,1012.32,6.31,314.1,8.58,2.79,0.0,2.79,6
2025-01-09 07:00:00,-4.63,1012.04,6.61,316.2,8.99,3.184,0.0,3.184,6
2025-01-09 08:00:00,-4.98,1011.71,6.78,313.8,9.28,3.142,0.0,3.142,6
2025-01-09 09:00:00,-5.3,1011.59,7.05,314.8,9.46,2.626,0.0,2.626,6
2025-01-09 10:00:00,-5.54,1011.8,7.02,315.0,9.54,1.762,0.0,1.762,6
2025-01-09 11:00:00,-5.49,1011.98,7.51,312.6,10.44,0.899,0.0,0.899,6
2025-01-09 12:00:00,-5.27,1012.04,7.79,321.9,10.87,0.025,0.0,0.025,6
2025-01-09 13:00:00,-4.75,1012.15,9.12,318.4,12.37,-0.472,0.0,-0.472,6
2025-01-09 22:00:00,-0.85,1012.33,8.63,311.8,12.16,1.706,0.0,1.706,7
2025-01-09 23:00:00,-0.98,1012.58,8.7,314.4,11.84,0.964,0.0,0.964,7
2025-01-10 00:00:00,-1.23,1013.31,8.2,314.2,11.57,0.21,0.0,0.21,7
2025-01-10 01:00:00,-1.59,1013.73,8.15,315.6,11.17,-0.34,0.0,-0.34,7
2025-01-10 02:00:00,-1.87,1014.09,8.1,313.4,11.25,-0.451,0.0,-0.451,7
2025-01-10 03:00:00,-2.03,1014.17,8.56,324.2,11.85,0.005,0.0,0.005,7
2025-01-10 04:00:00,-2.16,1014.4,8.45,328.0,11.63,1.028,0.0,1.028,7
2025-01-10 05:00:00,-2.35,1014.47,7.79,325.5,10.86,2.093,0.0,2.093,7
2025-01-10 06:00:00,-2.34,1014.01,7.7,333.9,10.51,3.273,0.0,3.273,7
2025-01-10 07:00:00,-2.64,1014.67,8.65,327.9,11.6,4.222,0.0,4.222,7
2025-01-10 08:00:00,-2.96,1014.75,7.68,333.8,10.15,4.804,0.0,4.804,7
2025-01-10 09:00:00,-3.09,1015.17,8.28,333.0,10.76,4.98,0.0,4.98,7
2025-01-10 10:00:00,-3.28,1015.64,8.17,333.8,10.56,4.333,0.0,4.333,7
2025-01-10 11:00:00,-3.58,1016.38,7.86,331.7,10.23,3.556,0.0,3.556,7
2025-01-10 12:00:00,-3.8,1016.37,8.69,330.3,10.94,2.541,0.0,2.541,7
2025-01-10 13:00:00,-3.45,1016.44,8.33,334.0,10.67,1.83,0.0,1.83,7
2025-01-10 14:00:00,-2.51,1016.56,8.31,337.0,10.75,1.218,0.0,1.218,7
2025-01-10 15:00:00,-1.57,1016.11,8.01,345.2,10.25,0.713,0.0,0.713,7
2025-01-10 16:00:00,-0.622,1015.233,6.211,344.667,8.144,0.964,0.0,0.964,7
2025-01-10 17:00:00,0.46,1014.61,5.52,330.3,7.48,1.737,0.0,1.737,7
2025-01-10 18:00:00,0.81,1014.08,5.09,310.6,6.82,2.581,0.0,2.581,7
2025-01-10 19:00:00,1.13,1013.87,4.42,312.6,5.85,3.288,0.0,3.288,7
2025-01-10 20:00:00,0.98,1013.31,4.31,309.3,5.73,3.77,0.0,3.77,7
2025-01-10 21:00:00,0.77,1012.98,2.26,304.8,2.92,4.139,0.0,4.139,7
2025-01-10 22:00:00,0.32,1012.04,2.11,283.7,2.69,3.952,0.0,3.952,7
2025-01-10 23:00:00,0.0,1011.84,2.0,311.1,2.75,3.291,0.0,3.291,7
2025-01-11 00:00:00,-0.15,1011.4,1.75,298.0,2.24,2.437,0.0,2.437,7
2025-01-11 01:00:00,-0.22,1010.53,1.66,283.4,2.16,1.539,0.0,1.539,7
2025-01-11 02:00:00,-0.32,1009.62,1.1,249.1,1.53,0.892,0.0,0.892,7
2025-01-11 03:00:00,-0.13,1008.69,2.38,221.2,2.83,0.777,0.0,0.777,7
2025-01-11 04:00:00,-0.21,1008.64,4.05,228.5,4.97,1.231,0.0,1.231,7
2025-01-11 05:00:00,-0.71,1007.64,3.79,247.2,5.01,2.074,0.0,2.074,7
2025-01-11 06:00:00,-0.98,1005.8,2.84,233.9,3.6,3.202,0.0,3.202,7
2025-01-11 07:00:00,-0.94,1004.0,3.14,221.9,3.85,4.176,0.0,4.176,7
2025-01-11 08:00:00,-0.72,1002.37,2.9,228.6,3.59,5.15,0.0,5.15,7
2025-01-11 09:00:00,-0.57,1000.57,2.21,232.7,2.85,5.851,0.0,5.851,7
2025-01-11 10:00:00,-0.36,999.25,2.8,247.4,3.6,5.717,0.0,5.717,7
2025-01-11 11:00:00,-0.67,998.34,1.9,274.9,2.44,5.147,0.0,5.147,7
2025-01-11 12:00:00,-0.85,998.38,2.99,334.9,3.86,4.273,0.0,4.273,7
2025-01-11 13:00:00,-1.18,998.83,4.61,341.9,6.15,3.191,0.0,3.191,7
2025-01-11 14:00:00,-0.96,998.98,5.67,342.1,7.54,2.356,0.0,2.356,7
2025-01-11 15:00:00,-0.86,999.25,7.01,336.9,9.07,1.424,0.0,1.424,7
2025-01-11 16:00:00,-0.66,998.79,7.11,334.1,9.35,0.966,0.0,0.966,7
2025-01-11 17:00:00,-0.39,998.66,7.28,323.5,9.71,1.2,0.0,1.2,7
2025-01-11 18:00:00,0.21,998.86,7.36,324.3,9.9,1.929,0.0,1.929,7
2025-01-11 19:00:00,0.52,999.8,8.4,321.3,11.33,2.828,0.0,2.828,7
2025-01-11 20:00:00,0.95,1001.16,8.9,325.3,12.02,3.563,0.0,3.563,7
2025-01-11 21:00:00,1.1,1002.8,8.3,327.1,11.13,3.991,0.0,3.991,7
2025-01-11 22:00:00,0.87,1004.26,6.29,326.3,8.51,4.314,0.0,4.314,7
2025-01-11 23:00:00,0.77,1005.55,7.03,328.1,9.2,3.754,0.0,3.754,7
2025-01-12 00:00:00,0.57,1006.94,6.57,326.5,9.12,3.201,0.0,3.201,7
2025-01-12 01:00:00,0.2,1007.938,6.125,324.5,8.475,2.351,0.0,2.351,7
2025-01-12 02:00:00,-0.08,1009.14,5.1,318.1,6.72,1.511,0.0,1.511,7
2025-01-12 03:00:00,-0.42,1010.07,4.97,317.8,6.64,0.832,0.0,0.832,7
2025-01-12 04:00:00,-0.89,1011.19,4.86,304.9,6.59,0.76,0.0,0.76,7
2025-01-12 05:00:00,-0.93,1011.68,5.28,308.9,7.17,1.201,0.0,1.201,7
2025-01-12 06:00:00,-1.15,1012.18,5.08,306.9,7.05,2.055,0.0,2.055,7
2025-01-12 07:00:00,-1.25,1013.19,5.03,309.7,6.56,3.121,0.0,3.121,7
2025-01-12 08:00:00,-1.06,1013.39,5.58,323.9,7.32,4.383,0.0,4.383,7
2025-01-12 09:00:00,-1.13,1013.57,4.63,329.8,5.91,5.209,0.0,5.209,7
2025-01-12 10:00:00,-1.6,1014.4,3.11,315.1,4.01,5.686,0.0,5.686,7
2025-01-12 11:00:00,-1.79,1014.65,2.94,321.1,3.75,5.694,0.0,5.694,7
2025-01-12 12:00:00,-1.86,1015.04,3.12,323.4,3.87,5.234,0.0,5.234,7
2025-01-12 13:00:00,-1.26,1016.18,3.51,311.1,4.63,4.34,0.0,4.34,7
2025-01-12 14:00:00,-0.1,1017.04,4.4,318.0,5.6,2.974,0.0,2.974,7
2025-01-12 15:00:00,1.11,1017.64,4.71,321.7,6.05,1.82,0.0,1.82,7
2025-01-12 16:00:00,2.14,1017.6,3.72,332.8,4.96,1.026,0.0,1.026,7
2025-01-12 17:00:00,2.91,1017.02,3.15,203.3,4.4,0.764,0.0,0.764,7
2025-01-12 18:00:00,3.46,1016.76,3.0,322.0,4.07,0.917,0.0,0.917,7
2025-01-12 19:00:00,3.79,1016.61,3.28,320.3,4.52,1.634,0.0,1.634,7
2025-01-12 20:00:00,4.04,1016.61,2.33,292.2,3.05,2.734,0.0,2.734,7
2025-01-12 21:00:00,3.91,1016.93,1.57,304.0,1.96,3.57,0.0,3.57,7
2025-01-12 22:00:00,2.97,1017.4,1.23,301.6,1.47,4.154,0.0,4.154,7
2025-01-12 23:00:00,2.07,1017.68,1.08,286.2,1.34,4.332,0.0,4.332,7
2025-01-13 00:00:00,1.17,1018.15,2.06,252.2,2.49,4.024,0.0,4.024,7
2025-01-13 01:00:00,0.66,1018.56,2.98,275.6,3.7,3.28,0.0,3.28,7
2025-01-13 02:00:00,0.49,1018.55,2.52,273.5,3.24,2.248,0.0,2.248,7
2025-01-13 03:00:00,0.43,1018.43,2.32,251.7,2.76,1.339,0.0,1.339,7
2025-01-13 04:00:00,0.06,1018.27,2.68,263.5,3.33,0.688,0.0,0.688,7
2025-01-13 05:00:00,0.11,1017.51,1.97,260.0,2.44,0.585,0.0,0.585,7
2025-01-13 06:00:00,0.13,1017.39,2.54,255.8,3.17,1.11,0.0,1.11,7
2025-01-13 07:00:00,0.45,1017.29,3.01,242.0,3.7,2.103,0.0,2.103,7
2025-01-13 08:00:00,0.37,1016.9,2.71,244.5,3.31,3.406,0.0,3.406,7
2025-01-13 09:00:00,0.05,1016.77,2.69,240.8,3.23,4.513,0.0,4.513,7
2025-01-13 10:00:00,-0.26,1016.66,2.14,227.6,2.65,5.228,0.0,5.228,7
2025-01-13 11:00:00,-0.18,1016.78,2.28,229.6,2.8,5.766,0.0,5.766,7
2025-01-13 12:00:00,0.25,1016.57,2.23,232.7,2.8,5.598,0.0,5.598,7
2025-01-13 13:00:00,0.77,1016.52,2.44,238.2,3.08,4.855,0.0,4.855,7
2025-01-13 14:00:00,1.712,1016.975,3.344,212.667,4.156,3.692,0.0,3.692,7
2025-01-13 15:00:00,3.07,1016.56,2.18,236.4,2.74,2.431,0.0,2.431,7
2025-01-13 16:00:00,3.49,1016.15,4.04,207.9,4.71,1.389,0.0,1.389,7
2025-01-13 17:00:00,4.39,1014.66,2.72,198.6,3.46,0.601,0.0,0.601,7
2025-01-13 18:00:00,5.05,1013.64,3.7,200.9,4.63,0.371,0.0,0.371,7
2025-01-13 19:00:00,4.98,1013.22,5.92,221.2,6.85,0.741,0.0,0.741,7
2025-01-13 20:00:00,5.26,1013.35,4.61,215.9,5.5,1.752,0.0,1.752,7
2025-01-13 21:00:00,6.0,1013.85,2.93,244.1,3.48,2.813,0.0,2.813,7
2025-01-13 22:00:00,5.51,1014.26,2.31,257.4,2.7,3.561,0.0,3.561,7
2025-01-13 23:00:00,4.1,1014.49,1.89,254.8,2.14,3.914,0.0,3.914,7
2025-01-14 00:00:00,3.23,1014.87,1.32,240.4,1.62,4.006,0.0,4.006,7
2025-01-14 01:00:00,2.62,1014.92,1.06,269.7,1.44,3.643,0.0,3.643,7
2025-01-14 02:00:00,2.01,1015.2,2.73,237.0,3.31,2.763,0.0,2.763,7
2025-01-14 03:00:00,1.89,1015.13,2.11,313.1,2.7,1.737,0.0,1.737,7
2025-01-14 04:00:00,2.19,1015.12,1.85,315.5,2.34,0.821,0.0,0.821,7
2025-01-14 05:00:00,1.65,1015.07,2.46,318.6,2.93,0.263,0.0,0.263,7
2025-01-14 06:00:00,1.34,1015.25,2.14,326.8,2.56,0.123,0.0,0.123,7
2025-01-14 07:00:00,1.15,1015.72,3.57,327.9,4.48,0.594,0.0,0.594,7
2025-01-14 08:00:00,0.61,1015.99,3.69,334.7,4.46,1.561,0.0,1.561,7
2025-01-14 09:00:00,0.67,1016.49,4.6,337.7,5.81,2.823,0.0,2.823,7
2025-01-14 10:00:00,0.61,1017.15,4.45,342.6,5.54,3.869,0.0,3.869,7
2025-01-14 11:00:00,0.01,1017.84,4.87,339.3,6.15,4.611,0.0,4.611,7
2025-01-14 12:00:00,-0.43,1018.33,7.13,346.3,9.51,4.848,0.0,4.848,7
2025-01-14 13:00:00,-0.65,1019.23,8.51,351.3,11.03,4.68,0.0,4.68,7
2025-01-14 14:00:00,-0.99,1020.2,8.86,342.9,11.5,3.911,0.0,3.911,7
2025-01-14 15:00:00,-1.1,1020.59,8.58,342.4,11.4,2.57,0.0,2.57,7
2025-01-14 16:00:00,-0.96,1020.2,7.16,326.0,9.55,1.419,0.0,1.419,7
2025-01-14 17:00:00,-0.6,1019.29,5.47,314.7,7.34,0.506,0.0,0.506,7
2025-01-14 18:00:00,-0.04,1018.46,5.28,308.7,6.9,-0.097,0.0,-0.097,7
2025-01-14 19:00:00,0.43,1018.17,5.06,306.2,6.93,-0.172,0.0,-0.172,7
2025-01-14 20:00:00,0.66,1017.98,5.35,321.3,6.96,0.334,0.0,0.334,7
2025-01-14 21:00:00,0.31,1017.89,4.43,317.2,6.11,1.261,0.0,1.261,7
2025-01-14 22:00:00,-0.53,1018.09,2.37,316.9,3.23,2.254,0.0,2.254,7
2025-01-14 23:00:00,-0.91,1018.01,1.57,319.1,2.04,2.876,0.0,2.876,7
2025-01-15 00:00:00,-1.17,1018.1,1.45,310.7,1.81,3.235,0.0,3.235,7
2025-01-15 01:00:00,-1.06,1018.05,2.01,327.7,2.62,3.333,0.0,3.333,7
2025-01-15 02:00:00,-0.97,1018.6,3.43,337.1,4.28,2.879,0.0,2.879,7
2025-01-15 03:00:00,-1.08,1018.79,3.41,319.9,4.44,1.997,0.0,1.997,7
2025-01-15 04:00:00,-0.82,1018.77,5.8,340.8,7.61,0.782,0.0,0.782,7
2025-01-15 05:00:00,-1.62,1019.11,8.42,341.3,11.69,-0.348,0.0,-0.348,7
2025-01-15 06:00:00,-2.7,1020.02,8.42,341.3,11.17,-0.834,0.0,-0.834,7
2025-01-15 07:00:00,-3.6,1020.88,7.63,338.3,10.43,-0.674,0.0,-0.674,7
2025-01-15 08:00:00,-3.96,1021.59,6.97,331.8,9.56,0.189,0.0,0.189,7
2025-01-15 09:00:00,-4.24,1022.56,6.51,327.4,9.03,1.173,0.0,1.173,7
2025-01-15 10:00:00,-4.81,1023.17,4.92,315.4,6.47,2.469,0.0,2.469,7
2025-01-15 11:00:00,-5.17,1023.84,5.22,309.7,6.99,3.706,0.0,3.706,7
2025-01-15 12:00:00,-5.16,1024.37,5.19,309.9,7.2,4.259,0.0,4.259,7
2025-01-15 13:00:00,-4.63,1024.81,5.73,311.4,8.22,4.54,0.0,4.54,7
2025-01-15 14:00:00,-3.82,1025.1,7.62,322.6,10.05,4.123,0.0,4.123,7
2025-01-15 15:00:00,-3.02,1025.05,7.64,322.1,10.09,3.313,0.0,3.313,7
2025-01-15 16:00:00,-2.43,1024.17,7.86,320.9,10.33,2.221,0.0,2.221,7
2025-01-15 17:00:00,-1.78,1023.0,7.77,316.5,10.5,1.074,0.0,1.074,7
2025-01-15 18:00:00,-1.28,1021.95,8.23,325.5,10.6,0.405,0.0,0.405,7
2025-01-15 19:00:00,-0.97,1021.52,7.51,315.9,9.97,-0.013,0.0,-0.013,7
2025-01-15 20:00:00,-0.68,1021.83,7.17,313.0,9.99,0.156,0.0,0.156,7
2025-01-15 21:00:00,-0.88,1022.43,7.0,316.3,9.39,0.795,0.0,0.795,7
2025-01-15 22:00:00,-1.5,1023.04,4.22,302.5,5.87,1.911,0.0,1.911,7
2025-01-15 23:00:00,-1.9,1022.99,4.58,301.1,6.1,2.84,0.0,2.84,7
2025-01-16 00:00:00,-2.01,1023.23,4.54,300.4,6.47,3.499,0.0,3.499,7
2025-01-16 01:00:00,-2.39,1023.24,4.24,297.4,5.49,3.918,0.0,3.918,7
2025-01-16 02:00:00,-2.47,1023.19,4.53,310.1,6.4,3.794,0.0,3.794,7
2025-01-16 03:00:00,-2.61,1023.25,4.59,315.5,6.22,3.34,0.0,3.34,7
2025-01-16 04:00:00,-3.06,1023.09,4.06,318.7,5.34,2.498,0.0,2.498,7
2025-01-16 05:00:00,-3.77,1022.49,3.33,306.6,4.46,1.448,0.0,1.448,7
2025-01-16 06:00:00,-4.47,1022.17,2.94,300.6,3.73,0.81,0.0,0.81,7
2025-01-16 07:00:00,-4.93,1021.97,3.12,305.4,4.16,0.514,0.0,0.514,7
2025-01-16 08:00:00,-5.22,1021.54,2.7,300.1,3.54,0.768,0.0,0.768,7
2025-01-16 09:00:00,-5.73,1020.8,2.23,297.2,2.9,1.494,0.0,1.494,7
2025-01-16 10:00:00,-6.16,1020.57,2.15,302.2,2.87,2.507,0.0,2.507,7
2025-01-16 11:00:00,-5.65,1019.98,2.07,301.9,2.69,3.711,0.0,3.711,7
2025-01-16 12:00:00,-4.59,1019.33,2.6,105.7,3.55,4.671,0.0,4.671,7
2025-01-16 13:00:00,-5.34,1019.4,1.91,271.5,2.35,5.267,0.0,5.267,7
2025-01-16 14:00:00,-4.1,1018.92,0.88,238.3,1.41,5.251,0.0,5.251,7
2025-01-16 15:00:00,-3.05,1018.34,1.82,236.6,2.43,4.517,0.0,4.517,7
2025-01-16 16:00:00,-2.41,1016.6,2.95,225.9,3.58,3.579,0.0,3.579,7
2025-01-16 17:00:00,-1.75,1014.26,4.53,218.9,5.32,2.466,0.0,2.466,7
2025-01-16 18:00:00,-0.07,1012.23,5.23,221.3,6.51,1.377,0.0,1.377,7
2025-01-16 19:00:00,0.57,1011.13,7.41,222.7,8.93,0.75,0.0,0.75,7
2025-01-16 20:00:00,0.67,1010.35,6.36,229.3,7.73,0.604,0.0,0.604,7
2025-01-16 21:00:00,-0.11,1009.77,5.21,230.2,6.43,0.977,0.0,0.977,7
2025-01-16 22:00:00,-0.16,1009.53,4.12,238.9,5.14,1.615,0.0,1.615,7
2025-01-16 23:00:00,0.67,1009.23,3.44,234.0,4.46,2.505,0.0,2.505,7
2025-01-17 00:00:00,2.27,1009.22,4.31,246.2,5.54,3.335,0.0,3.335,7
2025-01-17 01:00:00,3.13,1009.22,3.81,254.3,4.72,3.854,0.0,3.854,7
2025-01-17 02:00:00,3.04,1009.67,2.43,278.1,3.05,3.911,0.0,3.911,7
2025-01-17 03:00:00,1.79,1010.33,4.22,76.9,5.12,3.631,0.0,3.631,7
2025-01-17 04:00:00,2.27,1010.96,4.92,308.2,6.38,3.159,0.0,3.159,7
2025-01-17 05:00:00,1.88,1011.45,4.24,279.9,5.22,2.463,0.0,2.463,7
2025-01-17 06:00:00,1.28,1012.58,4.41,251.1,5.36,1.398,0.0,1.398,7
2025-01-17 07:00:00,0.9,1013.33,5.65,74.5,7.18,0.656,0.0,0.656,7
2025-01-17 08:00:00,0.48,1014.1,4.54,246.6,5.8,0.557,0.0,0.557,7
2025-01-17 09:00:00,0.24,1014.99,4.18,345.9,5.37,1.072,0.0,1.072,7
2025-01-17 10:00:00,0.22,1016.2,3.4,337.1,4.27,1.963,0.0,1.963,7
2025-01-17 11:00:00,0.01,1017.56,1.93,302.5,2.51,3.066,0.0,3.066,7
2025-01-17 12:00:00,-0.32,1018.71,2.37,275.0,2.87,4.137,0.0,4.137,7
2025-01-17 13:00:00,0.36,1019.78,3.21,277.7,4.11,4.896,0.0,4.896,7
2025-01-17 14:00:00,1.81,1020.63,4.26,292.7,5.83,5.15,0.0,5.15,7
2025-01-17 15:00:00,3.29,1020.89,4.74,297.7,6.65,4.75,0.0,4.75,7
2025-01-17 16:00:00,4.09,1020.26,5.91,311.1,7.9,4.038,0.0,4.038,7
2025-01-17 17:00:00,4.54,1019.44,6.03,335.3,8.01,3.201,0.0,3.201,7
2025-01-17 18:00:00,4.9,1018.88,4.27,325.1,5.66,2.063,0.0,2.063,7
2025-01-17 19:00:00,5.25,1018.63,3.2,319.1,4.38,1.248,0.0,1.248,7
2025-01-17 20:00:00,5.77,1018.91,2.07,288.2,2.84,0.86,0.0,0.86,7
2025-01-17 21:00:00,4.75,1019.26,2.3,181.8,3.22,0.997,0.0,0.997,7
2025-01-17 22:00:00,3.79,1020.04,2.71,185.3,3.62,1.387,0.0,1.387,7
2025-01-17 23:00:00,3.21,1020.4,2.3,228.8,2.81,1.959,0.0,1.959,7
2025-01-18 00:00:00,3.33,1020.48,2.62,202.4,3.51,2.84,0.0,2.84,7
2025-01-18 01:00:00,3.83,1020.44,3.67,189.9,5.06,3.577,0.0,3.577,7
2025-01-18 02:00:00,4.06,1020.42,4.79,192.1,6.07,4.116,0.0,4.116,7
2025-01-18 03:00:00,4.19,1020.62,4.84,197.2,6.25,4.204,0.0,4.204,7
2025-01-18 04:00:00,4.27,1020.27,5.69,200.4,7.03,3.76,0.0,3.76,7
2025-01-18 05:00:00,4.29,1019.49,5.56,200.6,6.78,3.076,0.0,3.076,7
2025-01-18 06:00:00,4.43,1018.76,5.33,198.0,6.65,2.164,0.0,2.164,7
2025-01-18 07:00:00,4.57,1018.66,5.06,198.7,6.31,1.408,0.0,1.408,7
2025-01-18 08:00:00,4.41,1018.02,4.04,199.3,4.97,1.022,0.0,1.022,7
2025-01-18 09:00:00,4.69,1017.0,3.67,189.9,5.03,0.993,0.0,0.993,7
2025-01-18 10:00:00,4.98,1016.57,3.81,180.7,5.18,1.337,0.0,1.337,7
2025-01-18 11:00:00,4.62,1016.58,2.53,200.9,3.38,2.291,0.0,2.291,7
2025-01-18 12:00:00,5.3,1015.85,2.64,182.0,3.83,3.411,0.0,3.411,7
2025-01-18 13:00:00,6.21,1015.44,4.12,169.9,5.9,4.195,0.0,4.195,7
2025-01-18 14:00:00,6.7,1014.51,3.84,160.0,5.4,4.675,0.0,4.675,7
2025-01-18 15:00:00,7.05,1013.04,3.8,154.9,5.76,4.839,0.0,4.839,7
2025-01-18 16:00:00,7.41,1010.88,5.11,158.3,7.4,4.553,0.0,4.553,7
2025-01-18 17:00:00,7.65,1008.9,4.81,168.0,6.96,3.899,0.0,3.899,7
2025-01-18 18:00:00,8.49,1008.49,5.76,224.3,7.22,3.0,0.0,3.0,7
2025-01-18 19:00:00,6.56,1007.73,3.78,208.3,4.56,2.098,0.0,2.098,7
2025-01-18 20:00:00,6.16,1007.26,3.15,202.8,3.64,1.453,0.0,1.453,7
2025-01-18 21:00:00,5.84,1007.19,3.84,210.2,4.33,1.003,0.0,1.003,7
2025-01-18 22:00:00,5.09,1007.3,3.55,200.0,4.3,1.084,0.0,1.084,7
2025-01-18 23:00:00,4.92,1007.4,3.43,215.2,3.96,1.819,0.0,1.819,7
2025-01-19 00:00:00,6.16,1007.39,3.12,228.6,3.77,2.641,0.0,2.641,7
2025-01-19 01:00:00,5.7,1007.48,2.68,237.0,3.08,3.372,0.0,3.372,7
2025-01-19 02:00:00,6.43,1007.66,2.14,287.9,2.89,3.931,0.0,3.931,7
2025-01-19 03:00:00,6.28,1007.83,3.08,299.9,4.13,4.406,0.0,4.406,7
2025-01-19 04:00:00,6.16,1007.81,3.22,300.6,4.43,4.385,0.0,4.385,7
2025-01-19 05:00:00,5.52,1007.77,2.77,313.6,3.65,3.914,0.0,3.914,7
2025-01-19 06:00:00,4.77,1007.72,1.59,278.4,2.01,3.135,0.0,3.135,7
2025-01-19 07:00:00,3.92,1008.04,0.7,277.9,0.84,2.287,0.0,2.287,7
2025-01-19 08:00:00,2.94,1007.88,0.06,281.1,0.17,1.68,0.0,1.68,7
2025-01-19 09:00:00,2.51,1007.91,0.87,141.0,1.19,1.477,0.0,1.477,7
2025-01-19 10:00:00,2.27,1008.14,1.03,74.8,1.35,1.454,0.0,1.454,7
2025-01-19 11:00:00,2.32,1008.86,0.88,140.3,1.16,2.026,0.0,2.026,7
2025-01-19 12:00:00,2.52,1008.85,0.7,24.7,1.21,2.804,0.0,2.804,7
2025-01-19 13:00:00,2.32,1008.88,1.83,15.1,2.31,3.532,0.0,3.532,7
2025-01-19 14:00:00,2.98,1008.72,1.93,26.1,2.84,4.269,0.0,4.269,7
2025-01-19 15:00:00,4.52,1007.95,2.13,41.9,3.78,4.594,0.0,4.594,7
2025-01-19 16:00:00,5.1,1006.65,1.61,57.6,3.05,4.637,0.0,4.637,7
2025-01-19 17:00:00,5.19,1004.63,2.56,38.8,4.17,4.265,0.0,4.265,7
2025-01-19 18:00:00,5.0,1002.79,2.61,33.5,3.98,3.454,0.0,3.454,7
2025-01-19 19:00:00,4.31,1001.52,3.57,17.4,4.86,2.605,0.0,2.605,7
2025-01-19 20:00:00,3.86,1000.62,3.18,23.4,4.57,1.873,0.0,1.873,7
2025-01-19 21:00:00,3.96,999.96,2.74,27.7,4.04,1.59,0.0,1.59,7
2025-01-19 22:00:00,3.78,1000.25,4.65,277.3,5.91,1.482,0.0,1.482,7
2025-01-19 23:00:00,2.77,1002.45,8.03,338.5,10.44,1.55,0.0,1.55,7
2025-01-20 00:00:00,1.39,1003.71,9.73,211.4,12.73,2.014,0.0,2.014,7
2025-01-20 01:00:00,0.75,1005.31,7.86,344.2,10.45,2.608,0.0,2.608,7
2025-01-20 02:00:00,0.26,1007.37,8.17,326.7,10.72,3.176,0.0,3.176,7
2025-01-20 03:00:00,-0.27,1009.17,8.53,321.0,11.27,3.837,0.0,3.837,7
2025-01-20 04:00:00,-1.14,1010.95,8.6,324.9,11.39,4.522,0.0,4.522,7
2025-01-20 05:00:00,-1.84,1012.43,8.35,328.1,11.51,4.19,0.0,4.19,7
2025-01-20 06:00:00,-2.05,1013.69,8.47,328.1,11.21,3.232,0.0,3.232,7
2025-01-20 07:00:00,-2.24,1015.44,8.09,328.1,10.73,2.563,0.0,2.563,7
2025-01-20 08:00:00,-2.45,1016.7,7.38,329.7,9.69,1.916,0.0,1.916,7
2025-01-20 09:00:00,-2.68,1018.1,6.77,336.5,9.17,1.252,0.0,1.252,7
2025-01-20 10:00:00,-3.24,1019.61,4.49,335.0,6.18,0.689,0.0,0.689,7
2025-01-20 11:00:00,-3.7,1020.81,3.55,337.5,4.48,0.798,0.0,0.798,7
2025-01-20 12:00:00,-4.14,1022.51,2.8,325.6,3.56,1.577,0.0,1.577,7
2025-01-20 13:00:00,-3.63,1023.6,3.18,326.9,4.16,2.627,0.0,2.627,7
2025-01-20 14:00:00,-2.61,1024.49,5.19,336.0,6.9,3.148,0.0,3.148,7
2025-01-20 15:00:00,-2.14,1025.28,6.12,313.3,7.9,3.351,0.0,3.351,7
2025-01-20 16:00:00,-1.78,1026.0,5.46,275.1,7.18,3.651,0.0,3.651,7
2025-01-20 17:00:00,-1.7,1025.36,5.02,329.0,6.58,3.499,0.0,3.499,7
2025-01-20 18:00:00,-1.16,1025.46,5.41,324.3,7.36,2.958,0.0,2.958,7
2025-01-20 19:00:00,-1.09,1025.92,6.6,316.2,8.83,2.199,0.0,2.199,7
2025-01-20 20:00:00,-1.45,1026.96,6.6,322.2,8.8,1.407,0.0,1.407,7
2025-01-20 21:00:00,-1.79,1027.9,5.32,323.4,7.27,0.822,0.0,0.822,7
2025-01-20 22:00:00,-2.4,1028.47,4.76,335.3,6.3,0.254,0.0,0.254,7
2025-01-20 23:00:00,-3.23,1029.55,4.65,339.8,6.25,0.06,0.0,0.06,7
2025-01-21 00:00:00,-4.0,1030.68,4.31,334.6,5.61,0.438,0.0,0.438,7
2025-01-21 01:00:00,-4.67,1031.33,6.0,305.7,7.51,1.029,0.0,1.029,7
2025-01-21 02:00:00,-5.29,1032.17,6.17,341.2,8.0,1.769,0.0,1.769,7
2025-01-21 03:00:00,-5.87,1033.06,4.88,339.5,6.52,2.232,0.0,2.232,7
2025-01-21 04:00:00,-6.3,1033.54,4.67,337.0,6.03,2.762,0.0,2.762,7
2025-01-21 05:00:00,-6.53,1033.64,5.43,350.6,7.15,2.964,0.0,2.964,7
2025-01-21 06:00:00,-6.92,1033.33,6.29,246.0,8.01,2.734,0.0,2.734,7
2025-01-21 07:00:00,-7.44,1033.99,6.34,314.1,8.12,2.273,0.0,2.273,7
2025-01-21 08:00:00,-7.94,1034.29,5.91,247.2,7.38,1.574,0.0,1.574,7
2025-01-21 09:00:00,-8.29,1034.85,4.91,246.6,6.44,1.113,0.0,1.113,7
2025-01-21 10:00:00,-8.68,1034.97,5.24,336.0,6.83,0.621,0.0,0.621,7
2025-01-21 11:00:00,-8.73,1035.09,6.34,340.1,8.31,0.42,0.0,0.42,7
2025-01-21 12:00:00,-8.75,1035.16,6.31,144.0,8.14,0.53,0.0,0.53,7
2025-01-21 13:00:00,-8.56,1035.57,6.12,111.6,7.86,1.014,0.0,1.014,7
2025-01-21 14:00:00,-8.46,1035.6,6.46,76.7,7.95,1.729,0.0,1.729,7
2025-01-21 15:00:00,-8.17,1035.66,5.27,40.5,6.5,2.202,0.0,2.202,7
2025-01-21 16:00:00,-7.76,1034.88,3.4,114.8,4.47,2.618,0.0,2.618,7
2025-01-21 17:00:00,-7.38,1033.4,3.16,143.2,4.41,2.864,0.0,2.864,7
2025-01-21 18:00:00,-6.91,1032.02,3.45,111.7,4.78,2.748,0.0,2.748,7
2025-01-21 19:00:00,-6.59,1030.94,3.91,176.0,5.45,2.214,0.0,2.214,7
2025-01-21 20:00:00,-6.37,1030.8,4.24,145.7,5.46,1.498,0.0,1.498,7
2025-01-21 21:00:00,-6.36,1031.35,3.67,243.0,4.72,0.993,0.0,0.993,7
2025-01-21 22:00:00,-6.56,1031.25,2.86,297.2,3.58,0.46,0.0,0.46,7
2025-01-21 23:00:00,-6.69,1031.76,3.69,331.0,4.71,0.154,0.0,0.154,7
2025-01-22 00:00:00,-7.83,1032.31,4.5,339.6,5.87,0.226,0.0,0.226,7
2025-01-22 01:00:00,-8.41,1031.29,4.49,309.6,5.9,0.704,0.0,0.704,7
2025-01-22 02:00:00,-8.42,1030.36,5.87,111.6,7.22,1.338,0.0,1.338,7
2025-01-22 03:00:00,-8.26,1030.94,6.48,76.3,8.16,1.975,0.0,1.975,7
2025-01-22 04:00:00,-8.21,1031.14,6.56,7.0,8.32,2.678,0.0,2.678,7
2025-01-22 05:00:00,-7.46,1030.55,5.4,46.2,7.28,3.05,0.0,3.05,7
2025-01-22 06:00:00,-6.79,1030.86,5.75,314.7,7.38,2.91,0.0,2.91,7
2025-01-22 07:00:00,-6.55,1030.66,6.75,110.4,8.65,2.815,0.0,2.815,7
2025-01-22 08:00:00,-6.26,1030.17,6.53,9.4,8.17,2.429,0.0,2.429,7
2025-01-22 09:00:00,-6.16,1030.29,5.22,11.9,7.03,1.882,0.0,1.882,7
2025-01-22 10:00:00,-6.35,1030.14,5.92,42.7,7.56,1.481,0.0,1.481,7
2025-01-22 11:00:00,-6.14,1029.86,7.22,12.6,9.31,1.203,0.0,1.203,7
2025-01-22 12:00:00,-6.28,1029.93,7.16,15.0,10.07,0.925,0.0,0.925,7
2025-01-22 13:00:00,-6.72,1030.26,6.52,25.5,9.95,1.266,0.0,1.266,7
2025-01-22 14:00:00,-6.88,1030.88,7.44,17.4,10.28,1.862,0.0,1.862,7
2025-01-22 15:00:00,-7.14,1031.92,7.05,13.9,9.63,2.222,0.0,2.222,7
2025-01-22 16:00:00,-7.11,1032.39,5.7,14.9,7.32,2.627,0.0,2.627,7
2025-01-22 17:00:00,-6.85,1032.02,4.49,47.5,6.12,3.054,0.0,3.054,7
2025-01-22 18:00:00,-6.45,1031.6,4.08,79.4,5.49,3.032,0.0,3.032,7
2025-01-22 19:00:00,-6.08,1031.66,3.68,186.2,4.98,2.851,0.0,2.851,7
2025-01-22 20:00:00,-5.74,1031.48,2.27,38.1,3.45,2.491,0.0,2.491,7
2025-01-22 21:00:00,-5.86,1031.38,1.81,46.2,2.83,2.014,0.0,2.014,7
2025-01-22 22:00:00,-6.47,1031.35,1.86,48.9,2.9,1.403,0.0,1.403,7
2025-01-22 23:00:00,-6.54,1031.65,1.99,40.7,3.18,1.048,0.0,1.048,7
2025-01-23 00:00:00,-6.44,1031.14,1.99,35.3,3.2,0.943,0.0,0.943,7
2025-01-23 01:00:00,-7.09,1031.05,2.25,233.2,2.92,0.961,0.0,0.961,7
2025-01-23 02:00:00,-8.01,1030.88,2.65,328.7,3.23,1.332,0.0,1.332,7
2025-01-23 03:00:00,-8.38,1030.68,3.09,306.1,3.8,2.082,0.0,2.082,7
2025-01-23 04:00:00,-7.85,1029.37,3.44,212.1,4.24,2.835,0.0,2.835,7
2025-01-23 05:00:00,-8.39,1029.46,3.57,336.8,4.33,3.394,0.0,3.394,7
2025-01-23 06:00:00,-8.52,1028.89,3.56,345.5,4.46,3.823,0.0,3.823,7
2025-01-23 07:00:00,-8.14,1028.39,3.79,247.9,4.64,3.952,0.0,3.952,7
2025-01-23 08:00:00,-7.62,1027.48,4.08,282.9,4.98,3.543,0.0,3.543,7
2025-01-23 09:00:00,-7.41,1027.0,4.12,245.1,5.08,3.106,0.0,3.106,7
2025-01-23 10:00:00,-7.57,1026.93,3.75,346.4,4.73,2.449,0.0,2.449,7
2025-01-23 11:00:00,-7.25,1026.69,3.31,281.9,4.04,2.003,0.0,2.003,7
2025-01-23 12:00:00,-6.85,1026.31,3.81,251.2,4.77,1.547,0.0,1.547,7
2025-01-23 13:00:00,-6.24,1025.87,4.56,40.4,5.52,1.567,0.0,1.567,7
2025-01-23 14:00:00,-5.19,1025.78,4.34,180.0,5.21,1.671,0.0,1.671,7
2025-01-23 15:00:00,-4.12,1025.48,3.59,314.8,4.32,1.917,0.0,1.917,7
2025-01-23 16:00:00,-3.34,1024.54,3.91,330.2,4.69,2.429,0.0,2.429,7
2025-01-23 17:00:00,-2.91,1023.29,3.16,324.4,4.0,2.76,0.0,2.76,7
2025-01-23 18:00:00,-2.51,1022.35,3.22,317.5,4.08,2.96,0.0,2.96,7
2025-01-23 19:00:00,-1.99,1021.51,2.52,323.3,3.36,3.025,0.0,3.025,7
2025-01-23 20:00:00,-1.86,1020.76,1.72,317.5,2.31,2.917,0.0,2.917,7
2025-01-23 21:00:00,-1.82,1020.84,1.42,322.0,1.81,2.565,0.0,2.565,7
2025-01-23 22:00:00,-1.91,1020.99,1.18,321.5,1.5,2.036,0.0,2.036,7
2025-01-23 23:00:00,-1.98,1021.54,1.35,287.0,1.62,1.547,0.0,1.547,7
2025-01-24 00:00:00,-2.72,1021.56,2.44,275.2,2.94,1.007,0.0,1.007,7
2025-01-24 01:00:00,-3.46,1021.58,2.32,275.8,2.98,0.791,0.0,0.791,7
2025-01-24 02:00:00,-3.73,1021.67,2.42,270.1,3.06,0.794,0.0,0.794,7
2025-01-24 03:00:00,-4.06,1021.61,1.88,247.9,2.36,1.323,0.0,1.323,7
2025-01-24 04:00:00,-4.26,1021.38,2.22,252.4,2.78,2.085,0.0,2.085,7
2025-01-24 05:00:00,-4.29,1021.15,2.8,269.0,3.43,2.647,0.0,2.647,7
2025-01-24 06:00:00,-4.28,1020.97,3.26,278.8,4.24,3.159,0.0,3.159,7
2025-01-24 07:00:00,-3.83,1021.36,3.96,286.9,5.1,3.427,0.0,3.427,7
2025-01-24 08:00:00,-4.27,1021.33,3.68,300.0,4.86,3.347,0.0,3.347,7
2025-01-24 09:00:00,-3.88,1021.42,3.27,319.3,4.18,3.031,0.0,3.031,7
2025-01-24 10:00:00,-3.73,1022.03,2.7,326.8,3.33,2.4,0.0,2.4,7
2025-01-24 11:00:00,-4.32,1022.8,2.57,329.7,3.19,1.812,0.0,1.812,7
2025-01-24 12:00:00,-3.54,1022.74,2.04,45.7,2.57,1.355,0.0,1.355,7
2025-01-24 13:00:00,-2.54,1022.84,1.71,181.1,2.14,1.09,0.0,1.09,7
2025-01-24 14:00:00,-0.94,1023.37,1.62,79.4,2.2,0.933,0.0,0.933,7
2025-01-24 15:00:00,0.21,1023.43,2.03,21.9,2.88,0.967,0.0,0.967,7
2025-01-24 16:00:00,1.39,1022.97,4.37,11.2,5.92,1.175,0.0,1.175,7
2025-01-24 17:00:00,1.59,1022.01,3.49,56.5,5.13,1.653,0.0,1.653,7
2025-01-24 18:00:00,1.5,1021.02,3.27,69.2,5.26,2.061,0.0,2.061,7
2025-01-24 19:00:00,1.05,1020.92,3.32,78.3,4.84,2.413,0.0,2.413,7
2025-01-24 20:00:00,0.9,1021.08,2.5,105.2,3.55,2.723,0.0,2.723,7
2025-01-24 21:00:00,0.69,1021.87,1.43,142.6,2.12,2.601,0.0,2.601,7
2025-01-24 22:00:00,0.66,1022.32,1.2,153.3,1.69,2.276,0.0,2.276,7
2025-01-24 23:00:00,0.73,1023.29,1.33,215.9,1.63,1.681,0.0,1.681,7
2025-01-25 00:00:00,0.36,1023.51,0.51,241.4,0.75,1.108,0.0,1.108,7
2025-01-25 01:00:00,-0.44,1023.93,1.46,15.6,1.88,0.782,0.0,0.782,7
2025-01-25 02:00:00,-1.17,1024.23,1.24,12.8,1.55,0.733,0.0,0.733,7
2025-01-25 03:00:00,-1.67,1024.66,1.24,16.0,1.71,1.052,0.0,1.052,7
2025-01-25 04:00:00,-2.41,1024.82,1.45,77.1,1.67,1.65,0.0,1.65,7
2025-01-25 05:00:00,-2.25,1025.04,1.38,14.8,1.7,2.394,0.0,2.394,7
2025-01-25 06:00:00,-2.35,1025.42,1.5,10.3,1.82,3.108,0.0,3.108,7
2025-01-25 07:00:00,-2.24,1025.89,2.3,42.4,2.84,3.784,0.0,3.784,7
2025-01-25 08:00:00,-2.43,1026.04,2.82,78.0,3.55,4.098,0.0,4.098,7
2025-01-25 09:00:00,-2.39,1026.3,2.13,109.4,2.69,3.927,0.0,3.927,7
2025-01-25 10:00:00,-2.92,1027.11,1.45,304.3,2.11,3.499,0.0,3.499,7
2025-01-25 11:00:00,-3.23,1028.05,3.37,74.8,4.18,2.908,0.0,2.908,7
2025-01-25 12:00:00,-2.97,1028.62,2.81,216.4,3.43,2.218,0.0,2.218,7
2025-01-25 13:00:00,-2.58,1029.13,2.35,178.3,2.87,1.644,0.0,1.644,7
2025-01-25 14:00:00,-1.51,1029.63,3.55,146.9,4.48,1.085,0.0,1.085,7
2025-01-25 15:00:00,-0.86,1029.48,3.01,49.5,3.98,0.687,0.0,0.687,7
2025-01-25 16:00:00,-0.19,1029.22,1.96,27.0,2.89,0.736,0.0,0.736,7
2025-01-25 17:00:00,1.2,1028.19,1.72,120.8,2.63,1.215,0.0,1.215,7
2025-01-25 18:00:00,0.94,1027.26,2.75,151.2,3.81,1.716,0.0,1.716,7
2025-01-25 19:00:00,1.27,1026.91,4.68,192.1,6.22,2.095,0.0,2.095,7
2025-01-25 20:00:00,1.33,1026.42,6.76,204.2,8.11,2.506,0.0,2.506,7
2025-01-25 21:00:00,1.38,1026.07,8.46,212.0,9.86,2.736,0.0,2.736,7
2025-01-25 22:00:00,0.54,1026.1,5.35,231.0,6.56,2.673,0.0,2.673,7
2025-01-25 23:00:00,0.4,1026.48,4.65,228.9,5.7,2.16,0.0,2.16,7
2025-01-26 00:00:00,0.11,1026.06,4.46,229.2,5.54,1.426,0.0,1.426,7
2025-01-26 01:00:00,0.21,1025.9,5.23,226.3,6.24,0.742,0.0,0.742,7
2025-01-26 02:00:00,0.43,1025.67,6.29,229.7,7.72,0.32,0.0,0.32,7
2025-01-26 03:00:00,0.68,1025.43,6.22,228.0,7.75,0.366,0.0,0.366,7
2025-01-26 04:00:00,0.81,1025.03,6.46,221.6,7.95,0.748,0.0,0.748,7
2025-01-26 05:00:00,1.23,1024.43,5.29,225.2,6.5,1.313,0.0,1.313,7
2025-01-26 06:00:00,1.34,1023.52,4.81,225.3,5.82,2.031,0.0,2.031,7
2025-01-26 07:00:00,0.56,1023.06,5.15,217.7,5.83,2.825,0.0,2.825,7
2025-01-26 08:00:00,1.0,1022.15,4.5,221.2,5.27,3.503,0.0,3.503,7
2025-01-26 09:00:00,2.98,1021.79,4.68,261.4,5.94,3.796,0.0,3.796,7
2025-01-26 10:00:00,2.45,1021.91,3.96,267.1,5.04,3.536,0.0,3.536,7
2025-01-26 11:00:00,1.78,1022.11,3.28,267.5,4.18,3.05,0.0,3.05,7
2025-01-26 12:00:00,1.4,1022.34,2.95,238.1,3.54,2.402,0.0,2.402,7
2025-01-26 13:00:00,2.84,1022.37,4.22,264.3,5.75,1.653,0.0,1.653,7
2025-01-26 14:00:00,4.42,1022.49,4.97,280.1,6.42,0.919,0.0,0.919,7
2025-01-26 15:00:00,6.11,1022.32,5.74,285.6,7.17,0.226,0.0,0.226,7
2025-01-26 16:00:00,7.48,1021.9,5.14,287.4,6.76,-0.127,0.0,-0.127,7
2025-01-26 17:00:00,8.38,1021.03,5.25,288.0,7.13,0.086,0.0,0.086,7
2025-01-26 18:00:00,8.63,1020.77,4.21,299.4,5.76,0.612,0.0,0.612,7
2025-01-26 19:00:00,8.65,1020.48,3.68,296.1,4.89,1.277,0.0,1.277,7
2025-01-26 20:00:00,8.76,1020.62,3.29,303.4,4.36,1.878,0.0,1.878,7
2025-01-26 21:00:00,7.59,1020.9,1.48,203.0,2.08,2.368,0.0,2.368,7
2025-01-26 22:00:00,6.72,1021.09,0.7,215.7,0.89,2.6,0.0,2.6,7
2025-01-26 23:00:00,4.37,1021.49,0.17,156.9,0.33,2.385,0.0,2.385,7
2025-01-27 00:00:00,2.49,1021.53,0.0,198.0,0.03,1.754,0.0,1.754,7
2025-01-27 01:00:00,1.32,1021.43,0.01,198.0,0.03,1.052,0.0,1.052,7
2025-01-27 02:00:00,0.96,1020.97,0.78,205.8,1.13,0.432,0.0,0.432,7
2025-01-27 03:00:00,1.02,1020.68,0.52,255.2,0.8,0.139,0.0,0.139,7
2025-01-27 04:00:00,0.46,1020.28,0.84,231.1,1.28,0.203,0.0,0.203,7
2025-01-27 05:00:00,0.63,1019.53,0.49,199.8,0.7,0.62,0.0,0.62,7
2025-01-27 06:00:00,-0.36,1018.71,0.42,165.3,0.57,1.528,0.0,1.528,7
2025-01-27 07:00:00,-0.12,1018.48,0.64,249.8,0.85,2.541,0.0,2.541,7
2025-01-27 08:00:00,0.4,1018.1,2.08,253.1,2.72,3.487,0.0,3.487,7
2025-01-27 09:00:00,0.78,1017.52,1.82,258.2,2.55,4.224,0.0,4.224,7
2025-01-27 10:00:00,0.53,1017.52,1.11,323.2,1.5,4.391,0.0,4.391,7
2025-01-27 11:00:00,0.29,1017.65,1.75,164.2,2.19,4.231,0.0,4.231,7
2025-01-27 12:00:00,0.32,1018.01,1.63,111.7,2.0,3.772,0.0,3.772,7
2025-01-27 13:00:00,1.09,1018.81,1.41,56.4,1.9,2.969,0.0,2.969,7
2025-01-27 14:00:00,4.24,1019.4,3.54,75.2,4.47,1.866,0.0,1.866,7
2025-01-27 15:00:00,5.23,1019.12,3.43,243.0,4.44,0.809,0.0,0.809,7
2025-01-27 16:00:00,5.55,1018.09,1.6,84.2,2.39,0.224,0.0,0.224,7
2025-01-27 17:00:00,6.03,1016.33,2.22,136.5,3.09,0.164,0.0,0.164,7
2025-01-27 18:00:00,5.27,1014.89,2.62,163.6,3.58,0.588,0.0,0.588,7
2025-01-27 19:00:00,4.8,1013.7,2.87,165.4,4.06,1.323,0.0,1.323,7
2025-01-27 20:00:00,4.38,1012.76,2.87,183.8,3.92,2.238,0.0,2.238,7
2025-01-27 21:00:00,3.71,1012.17,3.63,201.0,4.31,2.904,0.0,2.904,7
2025-01-27 22:00:00,2.9,1011.52,3.12,208.4,3.56,3.266,0.0,3.266,7
2025-01-27 23:00:00,2.78,1010.61,2.57,196.5,3.23,3.273,0.0,3.273,7
2025-01-28 00:00:00,2.87,1009.7,2.88,199.7,3.63,2.814,0.0,2.814,7
2025-01-28 01:00:00,2.05,1008.84,1.84,213.3,2.01,2.021,0.0,2.021,7
2025-01-28 02:00:00,2.61,1008.05,2.85,230.6,3.39,1.094,0.0,1.094,7
2025-01-28 03:00:00,3.16,1007.11,2.95,233.4,3.69,0.352,0.0,0.352,7
2025-01-28 04:00:00,4.25,1006.2,4.06,247.9,4.99,-0.014,0.0,-0.014,7
2025-01-28 05:00:00,4.72,1005.61,3.34,238.7,4.21,-0.029,0.0,-0.029,7
2025-01-28 06:00:00,4.21,1004.61,4.12,247.6,5.18,0.526,0.0,0.526,7
2025-01-28 07:00:00,4.85,1004.09,5.66,273.4,7.77,1.518,0.0,1.518,7
2025-01-28 08:00:00,4.18,1003.81,5.38,279.3,7.14,2.525,0.0,2.525,7
2025-01-28 09:00:00,3.94,1003.52,5.03,269.7,6.56,3.463,0.0,3.463,7
2025-01-28 10:00:00,4.25,1003.59,5.13,268.5,6.87,4.022,0.0,4.022,7
2025-01-28 11:00:00,4.26,1004.07,4.81,270.5,6.28,4.227,0.0,4.227,7
2025-01-28 12:00:00,4.23,1004.83,4.49,273.3,5.96,3.969,0.0,3.969,7
2025-01-28 13:00:00,4.94,1005.64,4.79,298.4,6.83,3.158,0.0,3.158,7
2025-01-28 14:00:00,5.93,1006.6,4.3,316.4,6.0,2.014,0.0,2.014,7
2025-01-28 15:00:00,6.9,1006.99,4.93,313.2,6.77,0.771,0.0,0.771,7
2025-01-28 16:00:00,7.79,1006.77,8.45,321.6,11.26,-0.172,0.0,-0.172,7
2025-01-28 17:00:00,8.1,1006.31,7.85,325.0,10.23,-0.677,0.0,-0.677,7
2025-01-28 18:00:00,8.27,1006.2,6.41,315.3,8.98,-0.696,0.0,-0.696,7
2025-01-28 19:00:00,8.43,1006.02,5.39,306.1,7.33,-0.136,0.0,-0.136,7
2025-01-28 20:00:00,8.73,1005.87,4.1,284.0,5.83,0.963,0.0,0.963,7
2025-01-28 21:00:00,8.32,1006.11,3.96,266.0,5.02,2.013,0.0,2.013,7
2025-01-28 22:00:00,6.84,1006.44,2.13,233.5,2.54,2.769,0.0,2.769,7
2025-01-28 23:00:00,4.38,1006.68,3.14,211.0,3.65,3.207,0.0,3.207,7
2025-01-29 00:00:00,3.77,1006.74,3.84,213.6,4.45,3.116,0.0,3.116,7
2025-01-29 01:00:00,3.85,1006.05,4.04,215.9,4.65,2.579,0.0,2.579,7
2025-01-29 02:00:00,4.09,1005.42,5.72,218.0,6.76,1.777,0.0,1.777,7
2025-01-29 03:00:00,4.59,1004.84,7.37,225.4,9.05,0.833,0.0,0.833,7
2025-01-29 04:00:00,4.63,1003.85,7.63,226.7,9.44,0.323,0.0,0.323,7
2025-01-29 05:00:00,4.36,1003.17,4.25,221.2,4.86,-0.068,0.0,-0.068,7
2025-01-29 06:00:00,3.72,1002.2,4.48,217.9,5.09,-0.055,0.0,-0.055,7
2025-01-29 07:00:00,4.99,1001.68,4.06,228.8,5.02,0.654,0.0,0.654,7
2025-01-29 08:00:00,6.92,1001.31,6.09,262.0,8.36,1.914,0.0,1.914,7
2025-01-29 09:00:00,7.6,1001.24,6.69,264.6,8.78,3.137,0.0,3.137,7
2025-01-29 10:00:00,6.84,1001.22,5.27,255.7,6.5,4.09,0.0,4.09,7
2025-01-29 11:00:00,6.73,1001.19,4.74,265.3,6.04,4.598,0.0,4.598,7
2025-01-29 12:00:00,6.63,1001.28,4.24,271.6,5.43,4.809,0.0,4.809,7
2025-01-29 13:00:00,6.93,1001.25,5.19,251.2,6.31,4.493,0.0,4.493,7
2025-01-29 14:00:00,9.27,1001.42,6.06,253.1,7.77,3.626,0.0,3.626,7
2025-01-29 15:00:00,11.23,1001.61,6.6,257.1,8.65,2.45,0.0,2.45,7
2025-01-29 16:00:00,12.46,1000.72,7.93,268.7,11.03,1.217,0.0,1.217,7
2025-01-29 17:00:00,13.27,999.62,9.07,272.7,12.58,0.227,0.0,0.227,7
2025-01-29 18:00:00,14.08,999.14,9.23,280.3,12.27,-0.172,0.0,-0.172,7
2025-01-29 19:00:00,14.7,999.71,8.4,285.6,12.24,0.059,0.0,0.059,7
2025-01-29 20:00:00,15.09,1000.71,7.56,302.8,10.72,0.985,0.0,0.985,7
2025-01-29 21:00:00,13.78,1002.3,7.26,327.8,9.74,2.027,0.0,2.027,7
2025-01-29 22:00:00,11.7,1004.36,6.04,338.4,7.99,3.016,0.0,3.016,7
2025-01-29 23:00:00,10.06,1006.19,5.4,340.3,7.7,3.598,0.0,3.598,7
2025-01-30 00:00:00,9.13,1007.51,5.39,335.2,7.41,3.76,0.0,3.76,7
2025-01-30 01:00:00,9.17,1009.08,6.55,331.0,9.35,3.418,0.0,3.418,7
2025-01-30 02:00:00,8.29,1010.65,4.62,327.6,6.09,2.525,0.0,2.525,7
2025-01-30 03:00:00,7.46,1011.87,4.6,321.2,6.34,1.444,0.0,1.444,7
2025-01-30 04:00:00,7.02,1013.2,4.36,313.3,6.1,0.4,0.0,0.4,7
2025-01-30 05:00:00,6.75,1014.01,4.88,316.6,6.46,-0.556,0.0,-0.556,7
2025-01-30 06:00:00,6.12,1015.02,3.2,325.1,3.98,-0.932,0.0,-0.932,7
2025-01-30 07:00:00,4.81,1016.11,1.49,293.4,1.72,-0.465,0.0,-0.465,7
2025-01-30 08:00:00,3.87,1017.07,1.74,109.4,2.22,0.591,0.0,0.591,7
2025-01-30 09:00:00,3.43,1018.33,2.37,337.4,2.9,1.771,0.0,1.771,7
2025-01-30 10:00:00,2.85,1019.42,1.71,334.1,2.03,2.865,0.0,2.865,7
2025-01-30 11:00:00,1.65,1020.67,1.07,268.9,1.35,3.891,0.0,3.891,7
2025-01-30 12:00:00,1.77,1022.24,0.44,192.3,0.78,4.502,0.0,4.502,7
2025-01-30 13:00:00,3.08,1023.5,1.54,34.8,2.3,4.765,0.0,4.765,7
2025-01-30 14:00:00,3.79,1023.98,1.92,72.7,2.95,4.068,0.0,4.068,7
2025-01-30 15:00:00,3.87,1024.43,2.54,77.9,3.91,2.807,0.0,2.807,7
2025-01-30 16:00:00,4.08,1024.78,3.02,83.3,4.09,1.432,0.0,1.432,7
2025-01-30 17:00:00,4.0,1024.02,3.61,77.3,5.38,0.396,0.0,0.396,7
2025-01-30 18:00:00,4.14,1023.52,3.91,90.6,5.23,-0.468,0.0,-0.468,7
2025-01-30 19:00:00,4.23,1024.01,3.11,151.9,4.28,-0.658,0.0,-0.658,7
2025-01-30 20:00:00,4.5,1023.46,2.94,183.0,4.36,-0.103,0.0,-0.103,7
2025-01-30 21:00:00,4.06,1023.44,2.49,182.1,3.34,0.991,0.0,0.991,7
2025-01-30 22:00:00,3.59,1023.61,2.06,182.1,2.77,2.27,0.0,2.27,7
2025-01-30 23:00:00,3.73,1023.51,2.01,169.7,3.05,3.106,0.0,3.106,7
2025-01-31 00:00:00,4.31,1023.27,2.74,164.4,4.07,3.55,0.0,3.55,7
2025-01-31 01:00:00,4.3,1023.54,2.0,189.3,2.65,3.662,0.0,3.662,7
2025-01-31 02:00:00,4.04,1023.06,1.43,196.9,1.77,3.291,0.0,3.291,7
2025-01-31 03:00:00,4.6,1022.25,2.39,196.5,2.99,2.477,0.0,2.477,7
2025-01-31 04:00:00,5.03,1021.72,2.74,188.8,4.09,1.52,0.0,1.52,7
2025-01-31 05:00:00,5.16,1020.79,3.93,194.5,5.09,0.433,0.0,0.433,7
2025-01-31 06:00:00,5.73,1020.48,4.87,220.7,5.89,-0.251,0.0,-0.251,7
2025-01-31 07:00:00,5.53,1019.9,3.36,209.3,4.19,-0.286,0.0,-0.286,7
2025-01-31 08:00:00,5.27,1018.38,2.84,195.1,3.66,0.195,0.0,0.195,7
2025-01-31 09:00:00,5.55,1017.4,2.5,189.9,3.41,1.265,0.0,1.265,7
2025-01-31 10:00:00,5.49,1016.11,1.9,182.8,2.65,2.54,0.0,2.54,7
2025-01-31 11:00:00,5.49,1014.59,2.66,198.1,3.47,3.849,0.0,3.849,7
2025-01-31 12:00:00,7.4,1014.42,5.42,231.3,7.06,4.807,0.0,4.807,7
2025-01-31 13:00:00,8.93,1014.86,4.29,254.8,5.48,5.232,0.0,5.232,7
2025-01-31 14:00:00,10.72,1014.57,7.99,252.1,10.88,4.948,0.0,4.948,7
2025-01-31 15:00:00,10.61,1013.17,8.15,238.8,10.64,4.124,0.0,4.124,7
2025-01-31 16:00:00,10.83,1012.2,6.95,239.0,9.31,2.841,0.0,2.841,7
2025-01-31 17:00:00,11.78,1010.69,8.37,243.9,10.88,1.43,0.0,1.43,7
2025-01-31 18:00:00,10.45,1010.07,5.5,222.9,6.9,0.367,0.0,0.367,7
2025-01-31 19:00:00,8.21,1008.96,6.32,217.9,7.56,-0.355,0.0,-0.355,7
2025-01-31 20:00:00,10.34,1008.18,7.22,225.3,8.81,-0.32,0.0,-0.32,7
2025-01-31 21:00:00,8.4,1007.53,6.83,214.1,7.65,0.353,0.0,0.353,7
2025-01-31 22:00:00,8.9,1007.3,5.92,220.7,7.23,1.698,0.0,1.698,7
2025-01-31 23:00:00,7.7,1007.33,5.35,223.1,6.32,3.029,0.0,3.029,7
2025-02-01 00:00:00,8.11,1007.15,3.07,218.3,3.65,3.691,0.0,3.691,7
2025-02-01 01:00:00,5.99,1006.17,2.83,204.1,3.51,3.942,0.0,3.942,7
2025-02-01 02:00:00,7.47,1005.63,2.15,233.8,3.01,4.011,0.0,4.011,7
2025-02-01 03:00:00,9.7,1005.29,1.7,208.7,2.23,3.632,0.0,3.632,7
2025-02-01 04:00:00,8.39,1004.92,3.39,204.6,4.04,2.82,0.0,2.82,7
2025-02-01 05:00:00,8.16,1004.44,3.75,222.8,4.47,1.542,0.0,1.542,7
2025-02-01 06:00:00,10.89,1003.78,2.29,244.0,2.87,0.483,0.0,0.483,7
2025-02-01 07:00:00,9.11,1002.53,1.68,196.5,1.92,-0.126,0.0,-0.126,7
2025-02-01 08:00:00,7.62,1002.24,1.75,207.8,2.24,-0.044,0.0,-0.044,7
2025-02-01 09:00:00,7.79,1002.7,1.54,231.8,1.99,0.608,0.0,0.608,7
2025-02-01 10:00:00,11.39,1003.45,3.83,295.5,5.2,1.509,0.0,1.509,7
2025-02-01 11:00:00,11.17,1005.08,4.94,308.9,6.66,2.832,0.0,2.832,7
2025-02-01 12:00:00,10.39,1007.96,6.98,302.2,9.12,3.855,0.0,3.855,7
2025-02-01 13:00:00,6.91,1011.5,10.33,9.2,13.08,4.523,0.0,4.523,7
2025-02-01 14:00:00,6.22,1013.98,7.56,9.7,9.81,4.691,0.0,4.691,7
2025-02-01 15:00:00,6.04,1016.15,8.7,248.3,11.26,4.03,0.0,4.03,7
2025-02-01 16:00:00,5.61,1017.44,8.46,110.8,10.53,3.325,0.0,3.325,7
2025-02-01 17:00:00,5.32,1018.44,8.37,79.2,10.77,2.391,0.0,2.391,7
2025-02-01 18:00:00,5.1,1019.63,6.21,18.0,8.99,1.118,0.0,1.118,7
2025-02-01 19:00:00,5.92,1021.15,6.5,146.3,8.33,0.076,0.0,0.076,7
2025-02-01 20:00:00,6.02,1022.43,6.45,112.0,8.48,-0.14,0.0,-0.14,7
2025-02-01 21:00:00,5.3,1023.73,4.56,28.1,6.79,-0.016,0.0,-0.016,7
2025-02-01 22:00:00,4.51,1024.84,5.8,24.9,8.38,1.033,0.0,1.033,7
2025-02-01 23:00:00,3.73,1026.07,7.19,47.0,9.49,2.366,0.0,2.366,7
2025-02-02 00:00:00,3.06,1026.74,6.96,43.3,9.24,3.361,0.0,3.361,7
2025-02-02 01:00:00,2.69,1027.68,7.17,18.0,10.2,4.263,0.0,4.263,7
2025-02-02 02:00:00,2.01,1028.8,5.0,35.2,8.01,4.799,0.0,4.799,7
2025-02-02 03:00:00,1.13,1029.62,3.91,42.1,7.15,4.851,0.0,4.851,7
2025-02-02 04:00:00,0.53,1030.23,3.36,47.1,6.18,4.234,0.0,4.234,7
2025-02-02 05:00:00,0.31,1030.7,3.2,63.2,6.34,3.147,0.0,3.147,7
2025-02-02 06:00:00,0.29,1030.87,2.95,65.2,5.44,1.979,0.0,1.979,7
2025-02-02 07:00:00,0.34,1030.74,3.57,68.7,6.5,1.055,0.0,1.055,7
2025-02-02 08:00:00,0.53,1031.02,3.66,68.9,6.05,0.482,0.0,0.482,7
2025-02-02 09:00:00,0.29,1030.85,2.62,53.7,5.06,0.615,0.0,0.615,7
2025-02-02 10:00:00,0.95,1031.16,3.38,55.4,5.26,1.193,0.0,1.193,7
2025-02-02 11:00:00,1.59,1031.69,3.51,89.9,5.43,2.347,0.0,2.347,7
2025-02-02 12:00:00,1.95,1031.91,3.12,84.3,4.64,3.548,0.0,3.548,7
2025-02-02 13:00:00,3.15,1032.01,2.25,97.9,3.38,4.535,0.0,4.535,7
2025-02-02 14:00:00,3.93,1032.04,2.7,124.8,3.71,5.051,0.0,5.051,7
2025-02-02 15:00:00,4.33,1031.56,2.54,120.9,3.53,5.167,0.0,5.167,7
2025-02-02 16:00:00,4.48,1030.26,3.94,122.7,5.42,4.619,0.0,4.619,7
2025-02-02 17:00:00,4.84,1028.68,3.94,123.6,5.72,3.68,0.0,3.68,7
2025-02-02 18:00:00,4.96,1027.85,2.21,110.0,3.06,2.398,0.0,2.398,7
2025-02-02 19:00:00,4.61,1026.85,1.31,102.9,1.88,1.283,0.0,1.283,7
2025-02-02 20:00:00,4.44,1026.29,0.8,147.2,1.3,0.673,0.0,0.673,7
2025-02-02 21:00:00,4.51,1025.92,0.63,163.2,0.99,0.412,0.0,0.412,7
2025-02-02 22:00:00,4.41,1025.55,0.95,176.2,1.39,0.681,0.0,0.681,7
2025-02-02 23:00:00,4.24,1025.05,1.16,166.1,1.74,1.675,0.0,1.675,7
2025-02-03 00:00:00,4.01,1024.58,1.7,176.2,2.32,2.77,0.0,2.77,7
2025-02-03 01:00:00,3.93,1024.22,1.37,188.2,1.82,3.829,0.0,3.829,7
2025-02-03 02:00:00,3.95,1023.71,1.77,233.1,2.03,4.541,0.0,4.541,7
2025-02-03 03:00:00,4.28,1022.85,1.83,224.9,2.32,4.833,0.0,4.833,7
2025-02-03 04:00:00,4.65,1022.07,3.18,232.3,3.87,4.581,0.0,4.581,7
2025-02-03 05:00:00,4.44,1022.08,2.48,309.5,3.03,3.805,0.0,3.805,7
2025-02-03 06:00:00,4.41,1022.0,2.29,291.7,2.92,2.66,0.0,2.66,7
2025-02-03 07:00:00,4.77,1021.41,2.16,260.7,2.57,1.588,0.0,1.588,7
2025-02-03 08:00:00,5.24,1020.69,2.48,260.5,3.03,0.704,0.0,0.704,7
2025-02-03 09:00:00,5.39,1020.44,1.83,241.3,2.39,0.306,0.0,0.306,7
2025-02-03 10:00:00,4.85,1020.31,1.96,199.4,2.19,0.293,0.0,0.293,7
2025-02-03 11:00:00,4.13,1020.71,1.51,186.3,2.08,1.114,0.0,1.114,7
2025-02-03 12:00:00,3.92,1021.3,0.7,193.6,0.93,2.187,0.0,2.187,7
2025-02-03 13:00:00,4.73,1021.58,0.99,190.8,1.31,3.265,0.0,3.265,7
2025-02-03 14:00:00,5.01,1021.42,2.06,189.9,2.89,4.079,0.0,4.079,7
2025-02-03 15:00:00,4.99,1020.95,3.87,189.2,5.06,4.338,0.0,4.338,7
2025-02-03 16:00:00,4.41,1020.1,4.66,202.3,5.6,4.335,0.0,4.335,7
2025-02-03 17:00:00,4.64,1018.9,4.77,198.3,5.82,3.802,0.0,3.802,7
2025-02-03 18:00:00,5.14,1017.58,3.87,193.8,5.33,2.756,0.0,2.756,7
2025-02-03 19:00:00,4.78,1016.82,4.44,197.4,5.65,1.62,0.0,1.62,7
2025-02-03 20:00:00,4.58,1016.16,4.38,195.9,5.72,0.776,0.0,0.776,7
2025-02-03 21:00:00,3.76,1015.5,5.64,206.9,6.83,0.245,0.0,0.245,7
2025-02-03 22:00:00,3.61,1014.87,5.86,204.8,7.27,0.144,0.0,0.144,7
2025-02-03 23:00:00,3.62,1014.46,6.9,208.5,8.24,0.743,0.0,0.743,7
2025-02-04 00:00:00,3.75,1013.75,7.38,207.8,8.87,1.434,0.0,1.434,7
2025-02-04 01:00:00,4.34,1013.14,6.56,214.1,7.54,2.735,0.0,2.735,7
2025-02-04 02:00:00,6.2,1012.52,7.42,216.5,8.76,3.635,0.0,3.635,7
2025-02-04 03:00:00,7.14,1011.62,6.36,218.8,7.7,4.205,0.0,4.205,7
2025-02-04 04:00:00,6.69,1011.16,5.12,215.6,5.88,4.562,0.0,4.562,7
2025-02-04 05:00:00,6.79,1010.43,5.52,217.8,6.36,4.243,0.0,4.243,7
2025-02-04 06:00:00,7.48,1009.78,4.79,223.1,5.72,3.61,0.0,3.61,7
2025-02-04 07:00:00,11.2,1009.11,5.99,253.0,7.91,2.529,0.0,2.529,7
2025-02-04 08:00:00,11.47,1008.44,6.46,260.1,8.17,1.722,0.0,1.722,7
2025-02-04 09:00:00,11.31,1008.11,6.02,261.8,7.57,0.959,0.0,0.959,7
2025-02-04 10:00:00,11.25,1007.96,5.49,271.8,7.12,0.487,0.0,0.487,7
2025-02-04 11:00:00,10.82,1008.31,6.15,279.0,7.89,0.697,0.0,0.697,7
2025-02-04 12:00:00,10.73,1008.88,5.6,287.7,7.31,1.356,0.0,1.356,7
2025-02-04 13:00:00,11.5,1009.75,5.55,304.5,7.58,2.293,0.0,2.293,7
2025-02-04 14:00:00,12.14,1010.91,4.35,145.3,5.53,3.272,0.0,3.272,7
2025-02-04 15:00:00,13.4,1011.65,5.16,106.7,6.71,3.846,0.0,3.846,7
2025-02-04 16:00:00,13.21,1012.13,3.24,46.5,4.64,4.177,0.0,4.177,7
2025-02-04 17:00:00,11.57,1012.65,5.77,34.2,8.95,4.095,0.0,4.095,7
2025-02-04 18:00:00,10.53,1013.6,6.42,29.3,9.42,3.453,0.0,3.453,7
2025-02-04 19:00:00,9.44,1014.83,7.52,29.7,10.97,2.452,0.0,2.452,7
2025-02-04 20:00:00,9.17,1015.79,6.57,29.3,10.26,1.605,0.0,1.605,7
2025-02-04 21:00:00,8.4,1017.18,6.3,24.5,9.71,0.754,0.0,0.754,7
2025-02-04 22:00:00,8.06,1018.75,5.69,25.5,8.2,0.356,0.0,0.356,7
2025-02-04 23:00:00,7.58,1020.09,5.55,28.0,8.27,0.409,0.0,0.409,7
2025-02-05 00:00:00,7.52,1021.33,5.56,13.0,7.34,1.025,0.0,1.025,7
2025-02-05 01:00:00,7.01,1021.8,5.77,17.3,8.13,1.769,0.0,1.769,7
2025-02-05 02:00:00,6.36,1022.4,7.35,16.4,10.22,2.709,0.0,2.709,7
2025-02-05 03:00:00,5.55,1023.19,4.75,27.5,7.4,3.726,0.0,3.726,7
2025-02-05 04:00:00,4.81,1023.91,3.68,29.1,5.12,4.287,0.0,4.287,7
2025-02-05 05:00:00,4.62,1024.74,2.67,31.6,3.93,4.419,0.0,4.419,7
2025-02-05 06:00:00,4.22,1024.84,2.58,23.4,4.01,4.029,0.0,4.029,7
2025-02-05 07:00:00,3.82,1025.07,1.86,28.6,2.78,3.406,0.0,3.406,7
2025-02-05 08:00:00,3.49,1024.97,3.23,18.0,4.46,2.407,0.0,2.407,7
2025-02-05 09:00:00,3.06,1025.32,2.13,116.9,2.99,1.543,0.0,1.543,7
2025-02-05 10:00:00,1.9,1025.93,2.02,304.4,2.4,0.817,0.0,0.817,7
2025-02-05 11:00:00,1.85,1026.52,2.6,246.5,3.15,0.394,0.0,0.394,7
2025-02-05 12:00:00,1.96,1027.26,3.5,78.2,4.31,0.404,0.0,0.404,7
2025-02-05 13:00:00,2.29,1028.0,4.29,9.0,5.32,0.876,0.0,0.876,7
2025-02-05 14:00:00,2.49,1028.52,3.93,16.0,5.06,1.709,0.0,1.709,7
2025-02-05 15:00:00,2.7,1028.73,2.36,35.3,3.68,2.53,0.0,2.53,7
2025-02-05 16:00:00,2.74,1028.57,2.51,44.2,3.86,3.099,0.0,3.099,7
2025-02-05 17:00:00,2.45,1027.87,2.47,40.5,4.26,3.485,0.0,3.485,7
2025-02-05 18:00:00,2.33,1027.08,3.09,35.9,4.9,3.427,0.0,3.427,7
2025-02-05 19:00:00,2.08,1027.15,2.8,50.8,4.46,3.012,0.0,3.012,7
2025-02-05 20:00:00,1.79,1026.92,1.98,72.1,3.02,2.364,0.0,2.364,7
2025-02-05 21:00:00,1.76,1027.08,2.03,83.2,3.11,1.528,0.0,1.528,7
2025-02-05 22:00:00,1.8,1027.04,2.2,88.7,3.25,0.962,0.0,0.962,7
2025-02-05 23:00:00,1.88,1026.96,2.49,94.5,3.46,0.602,0.0,0.602,7
2025-02-06 00:00:00,2.17,1026.81,2.64,108.4,3.83,0.663,0.0,0.663,7
2025-02-06 01:00:00,2.05,1026.42,3.22,113.4,4.49,1.193,0.0,1.193,7
2025-02-06 02:00:00,1.97,1026.39,3.35,117.4,4.72,2.083,0.0,2.083,7
2025-02-06 03:00:00,1.08,1026.19,2.73,110.6,3.97,3.077,0.0,3.077,7
2025-02-06 04:00:00,1.47,1025.7,3.15,91.4,4.56,4.035,0.0,4.035,7
2025-02-06 05:00:00,1.45,1024.81,3.61,86.6,5.57,4.455,0.0,4.455,7
2025-02-06 06:00:00,1.68,1023.89,4.16,87.6,6.27,4.64,0.0,4.64,7
2025-02-06 07:00:00,1.83,1023.15,4.7,88.3,7.3,4.418,0.0,4.418,7
2025-02-06 08:00:00,2.09,1021.53,4.84,101.2,7.37,4.0,0.0,4.0,7
2025-02-06 09:00:00,2.96,1020.08,4.27,93.5,6.33,3.232,0.0,3.232,7
2025-02-06 10:00:00,3.9,1018.94,3.65,96.9,5.44,2.359,0.0,2.359,7
2025-02-06 11:00:00,4.29,1017.36,4.12,102.1,6.26,1.798,0.0,1.798,7
2025-02-06 12:00:00,4.76,1016.14,3.31,110.2,4.94,1.477,0.0,1.477,7
2025-02-06 13:00:00,5.12,1015.58,1.68,175.8,2.39,1.442,0.0,1.442,7
2025-02-06 14:00:00,5.27,1014.65,2.08,275.2,2.52,1.768,0.0,1.768,7
2025-02-06 15:00:00,5.61,1013.63,2.31,268.2,3.0,2.371,0.0,2.371,7
2025-02-06 16:00:00,6.69,1013.17,4.22,270.4,5.73,2.969,0.0,2.969,7
2025-02-06 17:00:00,6.39,1011.13,6.74,240.5,8.98,3.523,0.0,3.523,7
2025-02-06 18:00:00,6.77,1010.55,6.88,259.6,8.83,3.833,0.0,3.833,7
2025-02-06 19:00:00,7.46,1009.8,7.15,248.6,9.3,3.806,0.0,3.806,7
2025-02-06 20:00:00,7.32,1009.74,7.92,255.1,9.99,3.35,0.0,3.35,7
2025-02-06 21:00:00,7.12,1009.99,6.32,250.0,8.13,2.752,0.0,2.752,7
2025-02-06 22:00:00,7.18,1010.09,5.48,249.9,7.42,2.105,0.0,2.105,7
2025-02-06 23:00:00,6.96,1010.22,4.9,244.9,6.07,1.393,0.0,1.393,7
2025-02-07 00:00:00,6.77,1010.29,4.55,243.4,5.97,0.963,0.0,0.963,7
2025-02-07 01:00:00,6.84,1010.33,4.2,250.9,5.37,0.899,0.0,0.899,7
2025-02-07 02:00:00,6.57,1010.21,3.44,233.3,4.5,1.192,0.0,1.192,7
2025-02-07 03:00:00,5.63,1009.72,3.63,222.5,4.25,1.91,0.0,1.91,7
2025-02-07 04:00:00,5.87,1009.21,4.01,209.6,4.68,2.821,0.0,2.821,7
2025-02-07 05:00:00,8.57,1008.9,5.33,240.1,6.61,3.683,0.0,3.683,7
2025-02-07 06:00:00,10.8,1007.84,6.28,247.3,8.04,4.441,0.0,4.441,7
2025-02-07 07:00:00,11.25,1007.49,5.59,265.9,7.19,4.444,0.0,4.444,7
2025-02-07 08:00:00,11.24,1007.68,5.31,277.9,6.93,4.207,0.0,4.207,7
2025-02-07 09:00:00,10.65,1008.06,5.02,309.4,6.51,3.523,0.0,3.523,7
2025-02-07 10:00:00,10.15,1008.82,3.09,299.3,4.22,2.678,0.0,2.678,7
2025-02-07 11:00:00,9.0,1009.95,2.74,279.0,3.65,1.888,0.0,1.888,7
2025-02-07 12:00:00,8.86,1011.3,4.17,315.6,5.79,1.19,0.0,1.19,7
2025-02-07 13:00:00,9.12,1012.62,6.59,324.5,8.63,0.52,0.0,0.52,7
2025-02-07 14:00:00,9.07,1013.65,6.9,334.9,9.42,0.399,0.0,0.399,7
2025-02-07 15:00:00,9.65,1014.43,7.23,333.9,9.85,0.308,0.0,0.308,7
2025-02-07 16:00:00,9.89,1014.74,8.15,328.3,10.6,0.632,0.0,0.632,7
2025-02-07 17:00:00,9.74,1014.78,8.29,333.7,11.42,1.365,0.0,1.365,7
2025-02-07 18:00:00,9.42,1015.24,8.02,335.3,10.79,2.069,0.0,2.069,7
2025-02-07 19:00:00,9.24,1015.92,6.8,341.4,8.91,2.444,0.0,2.444,7
2025-02-07 20:00:00,9.31,1016.89,7.09,339.9,9.36,2.656,0.0,2.656,7
2025-02-07 21:00:00,9.0,1017.82,6.77,338.8,9.21,2.557,0.0,2.557,7
2025-02-07 22:00:00,8.12,1018.67,4.41,75.8,5.78,1.904,0.0,1.904,7
2025-02-07 23:00:00,7.52,1019.61,4.74,7.2,5.76,1.026,0.0,1.026,7
2025-02-08 00:00:00,6.8,1020.55,5.1,13.5,6.7,0.392,0.0,0.392,7
2025-02-08 01:00:00,5.4,1021.05,5.91,26.4,9.13,0.052,0.0,0.052,7
2025-02-08 02:00:00,4.86,1021.88,6.08,22.8,9.2,0.013,0.0,0.013,7
2025-02-08 03:00:00,4.5,1023.16,4.46,12.0,5.98,0.567,0.0,0.567,7
2025-02-08 04:00:00,4.04,1023.97,2.57,85.0,3.55,1.451,0.0,1.451,7
2025-02-08 05:00:00,3.61,1024.49,1.84,26.4,2.84,2.412,0.0,2.412,7
2025-02-08 06:00:00,3.26,1023.96,1.67,47.6,2.85,3.37,0.0,3.37,7
2025-02-08 07:00:00,3.12,1023.89,1.88,56.9,3.29,3.944,0.0,3.944,7
2025-02-08 08:00:00,2.69,1024.31,2.03,90.8,3.13,4.342,0.0,4.342,7
2025-02-08 09:00:00,1.4,1024.58,1.48,230.3,1.89,4.164,0.0,4.164,7
2025-02-08 10:00:00,1.66,1024.52,1.43,231.9,1.7,3.573,0.0,3.573,7
2025-02-08 11:00:00,1.57,1025.17,1.57,289.5,1.98,2.7,0.0,2.7,7
2025-02-08 12:00:00,1.96,1025.87,1.65,299.6,2.12,1.728,0.0,1.728,7
2025-02-08 13:00:00,2.5,1025.97,1.42,146.7,2.28,1.092,0.0,1.092,7
2025-02-08 14:00:00,3.18,1025.67,2.34,82.4,3.6,0.446,0.0,0.446,7
2025-02-08 15:00:00,3.18,1025.24,2.78,80.3,4.13,0.052,0.0,0.052,7
2025-02-08 16:00:00,2.74,1024.71,2.26,71.5,4.22,0.394,0.0,0.394,7
2025-02-08 17:00:00,2.2,1023.9,2.36,68.9,3.62,1.116,0.0,1.116,7
2025-02-08 18:00:00,1.58,1022.82,2.76,74.5,4.17,1.881,0.0,1.881,7
2025-02-08 19:00:00,1.67,1021.55,3.39,98.9,4.88,2.454,0.0,2.454,7
2025-02-08 20:00:00,1.95,1021.03,4.05,117.8,5.84,2.954,0.0,2.954,7
2025-02-08 21:00:00,2.02,1019.67,4.34,110.0,6.05,3.433,0.0,3.433,7
2025-02-08 22:00:00,2.33,1018.54,3.85,108.2,5.75,3.367,0.0,3.367,7
2025-02-08 23:00:00,2.73,1017.55,4.86,125.7,7.39,2.87,0.0,2.87,7
2025-02-09 00:00:00,3.24,1016.04,4.57,129.8,6.69,2.173,0.0,2.173,7
2025-02-09 01:00:00,3.63,1014.25,3.38,133.8,5.0,1.654,0.0,1.654,7
2025-02-09 02:00:00,3.86,1012.29,2.48,161.3,3.7,1.181,0.0,1.181,7
2025-02-09 03:00:00,3.97,1010.68,2.1,220.4,2.75,1.132,0.0,1.132,7
2025-02-09 04:00:00,3.92,1009.27,2.92,274.3,3.72,1.666,0.0,1.666,7
2025-02-09 05:00:00,3.68,1008.61,3.57,275.1,4.62,2.261,0.0,2.261,7
2025-02-09 06:00:00,3.62,1008.13,2.32,283.3,3.0,3.334,0.0,3.334,7
2025-02-09 07:00:00,3.66,1008.56,1.67,311.1,2.14,4.073,0.0,4.073,7
2025-02-09 08:00:00,3.89,1007.99,2.42,231.7,3.19,4.663,0.0,4.663,7
2025-02-09 09:00:00,4.65,1008.49,3.26,272.2,4.22,5.417,0.0,5.417,7
2025-02-09 10:00:00,5.12,1009.56,5.23,286.4,7.04,5.102,0.0,5.102,7
2025-02-09 11:00:00,4.98,1010.5,5.25,294.3,7.27,4.585,0.0,4.585,7
2025-02-09 12:00:00,4.73,1012.44,4.2,319.2,5.72,3.344,0.0,3.344,7
2025-02-09 13:00:00,5.14,1014.09,5.35,331.9,7.04,2.372,0.0,2.372,7
2025-02-09 14:00:00,6.02,1015.25,6.9,346.4,9.33,1.512,0.0,1.512,7
2025-02-09 15:00:00,7.1,1016.31,8.37,342.6,11.68,0.817,0.0,0.817,7
2025-02-09 16:00:00,7.29,1017.0,8.44,343.5,11.11,0.465,0.0,0.465,7
2025-02-09 17:00:00,6.98,1017.39,8.32,275.9,10.66,0.698,0.0,0.698,7
2025-02-09 18:00:00,7.04,1017.63,7.28,245.4,9.3,1.573,0.0,1.573,7
2025-02-09 19:00:00,6.95,1018.37,6.47,283.9,8.33,2.364,0.0,2.364,7
2025-02-09 20:00:00,6.0,1019.25,4.34,39.2,6.91,3.063,0.0,3.063,7
2025-02-09 21:00:00,5.04,1020.31,4.3,40.3,7.21,3.522,0.0,3.522,7
2025-02-09 22:00:00,4.56,1021.51,5.02,31.5,7.48,4.002,0.0,4.002,7
2025-02-09 23:00:00,4.22,1023.0,4.82,28.7,7.4,3.811,0.0,3.811,7
2025-02-10 00:00:00,3.94,1023.54,4.12,30.9,6.17,3.185,0.0,3.185,7
2025-02-10 01:00:00,3.84,1024.35,3.77,32.0,5.88,2.305,0.0,2.305,7
2025-02-10 02:00:00,3.8,1025.05,3.04,34.8,4.55,1.5,0.0,1.5,7
2025-02-10 03:00:00,3.7,1025.06,2.66,35.1,4.21,1.072,0.0,1.072,7
2025-02-10 04:00:00,3.7,1024.93,2.28,47.3,3.89,0.742,0.0,0.742,7
2025-02-10 05:00:00,3.65,1024.36,3.02,49.5,5.38,1.041,0.0,1.041,7
2025-02-10 06:00:00,3.61,1024.59,2.93,32.3,4.3,1.857,0.0,1.857,7
2025-02-10 07:00:00,3.52,1025.41,3.01,48.0,3.76,2.921,0.0,2.921,7
2025-02-10 08:00:00,3.23,1025.61,3.8,145.6,4.75,4.189,0.0,4.189,7
2025-02-10 09:00:00,2.88,1026.05,3.1,279.7,3.82,4.79,0.0,4.79,7
2025-02-10 10:00:00,2.61,1026.52,3.5,279.5,4.3,4.959,0.0,4.959,7
2025-02-10 11:00:00,2.39,1026.75,4.2,38.7,5.06,4.835,0.0,4.835,7
2025-02-10 12:00:00,2.26,1027.33,4.26,6.5,5.27,4.426,0.0,4.426,7
2025-02-10 13:00:00,2.11,1027.83,4.26,75.6,5.19,3.451,0.0,3.451,7
2025-02-10 14:00:00,2.26,1028.02,3.8,9.4,4.68,2.361,0.0,2.361,7
2025-02-10 15:00:00,2.93,1028.0,4.13,16.8,5.56,1.372,0.0,1.372,7
2025-02-10 16:00:00,3.11,1027.93,3.74,49.5,4.83,0.846,0.0,0.846,7
2025-02-10 17:00:00,3.41,1027.03,3.87,44.1,6.0,0.741,0.0,0.741,7
2025-02-10 18:00:00,3.29,1026.52,5.02,68.8,7.62,1.001,0.0,1.001,7
2025-02-10 19:00:00,3.5,1026.19,4.18,68.6,6.64,1.721,0.0,1.721,7
2025-02-10 20:00:00,3.64,1026.52,3.58,68.0,5.37,2.617,0.0,2.617,7
2025-02-10 21:00:00,3.53,1026.81,3.25,75.2,4.76,3.334,0.0,3.334,7
2025-02-10 22:00:00,3.34,1027.56,2.32,62.4,3.5,3.892,0.0,3.892,7
2025-02-10 23:00:00,3.24,1028.04,1.24,57.7,2.01,3.85,0.0,3.85,7
2025-02-11 00:00:00,3.03,1028.29,0.92,86.0,1.41,3.429,0.0,3.429,7
2025-02-11 01:00:00,1.95,1028.71,0.64,327.3,0.84,2.462,0.0,2.462,7
2025-02-11 02:00:00,1.1,1029.08,0.92,340.6,1.14,1.395,0.0,1.395,7
2025-02-11 03:00:00,1.21,1029.52,0.94,247.2,1.23,0.697,0.0,0.697,7
2025-02-11 04:00:00,1.42,1029.64,1.31,115.2,1.76,0.194,0.0,0.194,7
2025-02-11 05:00:00,1.72,1029.45,2.63,240.1,3.22,0.055,0.0,0.055,7
2025-02-11 06:00:00,1.62,1029.09,2.72,178.4,3.36,0.616,0.0,0.616,7
2025-02-11 07:00:00,1.6,1029.14,2.53,348.5,3.15,1.703,0.0,1.703,7
2025-02-11 08:00:00,1.14,1028.98,2.67,281.5,3.25,2.877,0.0,2.877,7
2025-02-11 09:00:00,0.94,1029.38,1.93,305.3,2.4,3.915,0.0,3.915,7
2025-02-11 10:00:00,0.84,1029.24,1.73,285.7,2.22,4.478,0.0,4.478,7
2025-02-11 11:00:00,0.32,1029.5,1.99,325.4,2.39,4.816,0.0,4.816,7
2025-02-11 12:00:00,0.73,1029.26,3.7,45.8,4.61,4.667,0.0,4.667,7
2025-02-11 13:00:00,1.1,1029.73,2.05,272.3,2.68,4.03,0.0,4.03,7
2025-02-11 14:00:00,1.62,1029.45,1.02,181.0,1.42,2.99,0.0,2.99,7
2025-02-11 15:00:00,2.52,1029.62,0.69,240.6,0.93,1.767,0.0,1.767,7
2025-02-11 16:00:00,3.14,1028.46,0.84,221.0,1.19,0.88,0.0,0.88,7
2025-02-11 17:00:00,3.26,1026.61,0.82,216.7,1.11,0.364,0.0,0.364,7
2025-02-11 18:00:00,3.3,1025.22,1.54,209.5,1.91,0.164,0.0,0.164,7
2025-02-11 19:00:00,1.73,1024.5,3.74,188.5,5.16,0.698,0.0,0.698,7
2025-02-11 20:00:00,0.19,1024.59,1.88,276.3,2.31,1.703,0.0,1.703,7
2025-02-11 21:00:00,0.12,1023.81,2.25,44.3,2.78,2.728,0.0,2.728,7
2025-02-11 22:00:00,0.27,1023.7,2.27,27.8,3.22,3.399,0.0,3.399,7
2025-02-11 23:00:00,0.36,1023.0,2.08,53.0,3.39,3.778,0.0,3.778,7
2025-02-12 00:00:00,0.56,1022.14,3.65,67.2,5.67,3.775,0.0,3.775,7
2025-02-12 01:00:00,0.92,1021.09,2.77,50.3,5.8,3.208,0.0,3.208,7
2025-02-12 02:00:00,1.21,1021.1,3.24,55.4,5.71,2.391,0.0,2.391,7
2025-02-12 03:00:00,1.36,1020.1,3.73,66.4,6.68,1.639,0.0,1.639,7
2025-02-12 04:00:00,1.91,1019.13,3.74,64.5,6.46,0.917,0.0,0.917,7
2025-02-12 05:00:00,2.03,1018.34,4.21,66.6,8.02,0.443,0.0,0.443,7
2025-02-12 06:00:00,2.1,1018.44,3.47,55.5,7.26,0.6,0.0,0.6,7
2025-02-12 07:00:00,2.13,1018.15,3.92,50.5,8.09,1.432,0.0,1.432,7
2025-02-12 08:00:00,2.16,1017.75,4.61,64.4,8.04,2.74,0.0,2.74,7
2025-02-12 09:00:00,2.68,1017.86,4.38,65.7,7.58,3.899,0.0,3.899,7
2025-02-12 10:00:00,3.1,1018.75,3.41,60.7,5.86,4.871,0.0,4.871,7
2025-02-12 11:00:00,3.38,1019.01,3.84,66.3,6.71,5.606,0.0,5.606,7
2025-02-12 12:00:00,3.7,1019.22,4.01,68.2,6.9,5.686,0.0,5.686,7
2025-02-12 13:00:00,4.04,1019.6,3.94,68.8,6.28,5.203,0.0,5.203,7
2025-02-12 14:00:00,4.2,1020.28,3.08,64.9,5.35,4.311,0.0,4.311,7
2025-02-12 15:00:00,4.3,1020.91,2.34,57.2,4.56,3.024,0.0,3.024,7
2025-02-12 16:00:00,4.41,1020.59,3.36,68.8,5.56,2.068,0.0,2.068,7
2025-02-12 17:00:00,4.6,1019.43,3.62,71.5,5.69,1.072,0.0,1.072,7
2025-02-12 18:00:00,4.87,1018.32,3.19,62.8,5.64,0.63,0.0,0.63,7
2025-02-12 19:00:00,4.71,1018.91,2.76,57.2,5.37,0.815,0.0,0.815,7
2025-02-12 20:00:00,4.6,1019.82,3.75,62.3,5.82,1.409,0.0,1.409,7
2025-02-12 21:00:00,4.67,1019.61,4.19,78.5,6.59,2.272,0.0,2.272,7
2025-02-12 22:00:00,5.0,1020.25,3.78,82.5,6.05,3.216,0.0,3.216,7
2025-02-12 23:00:00,5.16,1019.66,4.4,83.8,6.74,3.741,0.0,3.741,7
2025-02-13 00:00:00,5.27,1019.22,4.52,82.8,6.7,4.064,0.0,4.064,7
2025-02-13 01:00:00,5.39,1018.25,4.54,105.4,7.13,3.873,0.0,3.873,7
2025-02-13 02:00:00,5.69,1017.53,4.31,110.3,6.39,3.431,0.0,3.431,7
2025-02-13 03:00:00,5.89,1016.82,2.91,109.7,4.16,2.639,0.0,2.639,7
2025-02-13 04:00:00,6.05,1016.5,1.48,71.2,2.29,1.814,0.0,1.814,7
2025-02-13 05:00:00,5.33,1015.67,2.49,18.1,3.19,1.06,0.0,1.06,7
2025-02-13 06:00:00,4.89,1015.18,2.37,17.1,3.08,0.833,0.0,0.833,7
2025-02-13 07:00:00,5.68,1014.3,1.99,28.6,3.07,1.118,0.0,1.118,7
2025-02-13 08:00:00,5.19,1013.02,1.79,55.7,2.3,2.137,0.0,2.137,7
2025-02-13 09:00:00,4.98,1012.41,1.08,211.5,1.34,3.185,0.0,3.185,7
2025-02-13 10:00:00,5.38,1011.87,1.76,169.8,2.28,4.259,0.0,4.259,7
2025-02-13 11:00:00,5.82,1010.55,3.78,176.6,5.32,5.094,0.0,5.094,7
2025-02-13 12:00:00,6.33,1010.6,4.13,206.3,5.29,5.622,0.0,5.622,7
2025-02-13 13:00:00,6.07,1010.36,4.69,209.3,5.43,5.473,0.0,5.473,7
2025-02-13 14:00:00,5.7,1009.79,5.33,216.5,6.24,4.837,0.0,4.837,7
2025-02-13 15:00:00,6.94,1009.93,5.08,226.2,6.21,3.69,0.0,3.69,7
2025-02-13 16:00:00,7.82,1009.49,5.13,244.5,6.57,2.697,0.0,2.697,7
2025-02-13 17:00:00,8.87,1009.11,7.84,254.4,9.98,1.819,0.0,1.819,7
2025-02-13 18:00:00,9.15,1008.88,8.46,263.6,11.49,1.329,0.0,1.329,7
2025-02-13 19:00:00,8.89,1009.68,7.73,277.2,10.88,1.06,0.0,1.06,7
2025-02-13 20:00:00,8.35,1010.83,6.8,279.3,9.29,1.374,0.0,1.374,7
2025-02-13 21:00:00,8.18,1012.29,4.95,290.0,6.74,2.124,0.0,2.124,7
2025-02-13 22:00:00,7.88,1013.83,4.71,294.5,6.23,3.138,0.0,3.138,7
2025-02-13 23:00:00,7.49,1015.62,4.25,284.8,5.68,4.02,0.0,4.02,7
2025-02-14 00:00:00,7.88,1017.86,5.69,321.3,7.97,4.412,0.0,4.412,7
2025-02-14 01:00:00,6.98,1019.81,7.35,329.1,9.51,4.285,0.0,4.285,7
2025-02-14 02:00:00,5.64,1021.17,7.43,330.5,9.76,3.56,0.0,3.56,7
2025-02-14 03:00:00,4.95,1022.68,8.3,330.9,11.12,2.468,0.0,2.468,7
2025-02-14 04:00:00,4.09,1024.14,7.41,331.1,10.6,1.417,0.0,1.417,7
2025-02-14 05:00:00,3.31,1025.4,6.09,327.2,7.85,0.617,0.0,0.617,7
2025-02-14 06:00:00,2.45,1026.56,2.89,309.3,3.92,-0.159,0.0,-0.159,7
2025-02-14 07:00:00,1.75,1027.48,2.4,304.7,3.25,-0.005,0.0,-0.005,7
2025-02-14 08:00:00,1.54,1028.37,2.67,309.1,3.68,0.48,0.0,0.48,7
2025-02-14 09:00:00,1.1,1029.49,1.95,287.4,2.63,1.299,0.0,1.299,7
2025-02-14 10:00:00,0.44,1030.66,2.15,290.9,2.67,1.94,0.0,1.94,7
2025-02-14 11:00:00,-0.07,1031.83,2.27,313.4,2.81,2.811,0.0,2.811,7
2025-02-14 12:00:00,0.55,1032.87,3.17,331.7,4.06,3.561,0.0,3.561,7
2025-02-14 13:00:00,1.4,1033.76,5.49,336.7,7.61,3.909,0.0,3.909,7
2025-02-14 14:00:00,1.72,1033.89,8.75,312.3,11.35,3.656,0.0,3.656,7
2025-02-14 15:00:00,2.18,1034.67,7.72,312.1,9.83,2.797,0.0,2.797,7
2025-02-14 16:00:00,2.81,1034.43,7.06,345.3,8.9,1.661,0.0,1.661,7
2025-02-14 17:00:00,3.5,1033.68,5.91,112.5,7.47,0.556,0.0,0.556,7
2025-02-14 18:00:00,4.23,1033.54,3.92,147.8,5.17,-0.29,0.0,-0.29,7
2025-02-14 19:00:00,4.83,1033.52,4.22,307.2,5.83,-0.619,0.0,-0.619,7
2025-02-14 20:00:00,5.13,1033.49,4.16,331.4,5.78,-0.576,0.0,-0.576,7
2025-02-14 21:00:00,5.25,1033.68,3.09,331.7,4.18,0.048,0.0,0.048,7
2025-02-14 22:00:00,3.62,1034.16,2.02,58.5,3.11,1.098,0.0,1.098,7
2025-02-14 23:00:00,2.8,1034.46,1.27,44.0,2.18,2.105,0.0,2.105,7
2025-02-15 00:00:00,2.42,1034.83,1.4,46.0,2.18,2.835,0.0,2.835,7
2025-02-15 01:00:00,2.2,1035.21,1.9,210.7,2.48,3.235,0.0,3.235,7
2025-02-15 02:00:00,1.28,1035.7,1.22,326.4,1.6,3.15,0.0,3.15,7
2025-02-15 03:00:00,1.11,1035.51,1.26,203.7,1.6,2.677,0.0,2.677,7
2025-02-15 04:00:00,1.41,1034.51,0.88,109.4,1.26,1.867,0.0,1.867,7
2025-02-15 05:00:00,1.93,1033.54,1.6,100.9,2.22,0.879,0.0,0.879,7
2025-02-15 06:00:00,2.24,1033.56,1.01,106.4,1.41,0.032,0.0,0.032,7
2025-02-15 07:00:00,2.4,1033.29,1.52,110.5,2.04,-0.473,0.0,-0.473,7
2025-02-15 08:00:00,2.48,1032.69,2.32,114.9,3.42,-0.444,0.0,-0.444,7
2025-02-15 09:00:00,2.79,1031.73,3.15,134.6,4.63,0.106,0.0,0.106,7
2025-02-15 10:00:00,3.11,1031.56,3.37,144.3,5.15,1.112,0.0,1.112,7
2025-02-15 11:00:00,3.37,1030.98,4.47,155.6,6.39,2.399,0.0,2.399,7
2025-02-15 12:00:00,3.82,1030.12,4.16,164.3,6.74,3.223,0.0,3.223,7
2025-02-15 13:00:00,4.52,1029.94,4.73,170.2,6.77,3.835,0.0,3.835,7
2025-02-15 14:00:00,5.08,1029.26,5.08,179.1,6.92,3.844,0.0,3.844,7
2025-02-15 15:00:00,5.03,1028.49,4.85,185.0,7.0,3.303,0.0,3.303,7
2025-02-15 16:00:00,5.13,1027.65,3.92,185.2,5.61,2.525,0.0,2.525,7
2025-02-15 17:00:00,5.2,1026.33,3.51,186.7,5.03,1.431,0.0,1.431,7
2025-02-15 18:00:00,5.01,1024.22,3.21,165.2,4.51,0.625,0.0,0.625,7
2025-02-15 19:00:00,4.94,1022.23,2.29,144.1,3.48,-0.024,0.0,-0.024,7
2025-02-15 20:00:00,4.89,1021.02,1.92,121.3,2.7,-0.186,0.0,-0.186,7
2025-02-15 21:00:00,4.86,1020.32,1.98,99.7,2.84,0.345,0.0,0.345,7
2025-02-15 22:00:00,5.21,1018.92,3.32,118.5,4.71,1.219,0.0,1.219,7
2025-02-15 23:00:00,6.27,1017.78,3.78,158.7,5.24,2.27,0.0,2.27,7
2025-02-16 00:00:00,6.29,1016.77,4.95,203.8,5.84,3.102,0.0,3.102,7
2025-02-16 01:00:00,6.79,1015.65,8.34,206.8,9.82,3.979,0.0,3.979,7
2025-02-16 02:00:00,7.69,1014.1,8.43,194.2,11.3,4.366,0.0,4.366,7
2025-02-16 03:00:00,8.63,1012.35,9.7,187.3,13.4,4.086,0.0,4.086,7
2025-02-16 04:00:00,8.13,1011.2,8.89,195.3,12.16,3.477,0.0,3.477,7
2025-02-16 05:00:00,7.31,1010.32,6.5,208.1,7.85,2.477,0.0,2.477,7
2025-02-16 06:00:00,7.14,1009.01,6.26,218.2,7.41,1.393,0.0,1.393,7
2025-02-16 07:00:00,6.76,1007.6,5.62,216.3,6.65,0.777,0.0,0.777,7
2025-02-16 08:00:00,6.12,1006.01,4.51,205.8,5.28,0.569,0.0,0.569,7
2025-02-16 09:00:00,5.62,1004.52,2.99,200.2,3.53,0.893,0.0,0.893,7
2025-02-16 10:00:00,6.21,1003.15,5.13,208.8,5.9,1.475,0.0,1.475,7
2025-02-16 11:00:00,7.53,1001.94,6.96,215.4,8.25,2.647,0.0,2.647,7
2025-02-16 12:00:00,8.75,1001.02,6.74,219.6,8.17,3.643,0.0,3.643,7
2025-02-16 13:00:00,8.28,999.58,8.64,213.5,10.06,4.344,0.0,4.344,7
2025-02-16 14:00:00,9.27,998.16,9.06,215.4,10.89,4.798,0.0,4.798,7
2025-02-16 15:00:00,9.43,996.35,10.38,215.8,12.45,4.518,0.0,4.518,7
2025-02-16 16:00:00,8.88,993.91,9.14,214.9,10.88,4.035,0.0,4.035,7
2025-02-16 17:00:00,10.3,991.45,12.57,218.4,15.32,3.125,0.0,3.125,7
2025-02-16 18:00:00,9.8,988.73,10.8,212.4,13.69,1.965,0.0,1.965,7
2025-02-16 19:00:00,10.68,987.88,11.24,228.8,14.28,1.066,0.0,1.066,7
2025-02-16 20:00:00,10.28,987.56,9.98,222.6,12.61,0.615,0.0,0.615,7
2025-02-16 21:00:00,14.8,987.22,10.87,239.4,14.39,0.623,0.0,0.623,7
2025-02-16 22:00:00,15.75,988.47,10.26,258.7,13.71,0.903,0.0,0.903,7
2025-02-16 23:00:00,14.17,991.52,10.06,301.7,14.35,1.018,0.0,1.018,7
2025-02-17 00:00:00,11.64,994.76,9.57,305.9,13.96,1.318,0.0,1.318,7
2025-02-17 01:00:00,9.56,997.23,9.18,309.8,12.99,1.62,0.0,1.62,7
2025-02-17 02:00:00,7.72,999.01,9.03,309.0,12.75,1.867,0.0,1.867,7
2025-02-17 03:00:00,6.39,1000.58,8.52,318.6,12.05,1.971,0.0,1.971,7
2025-02-17 04:00:00,5.33,1002.4,8.08,308.4,12.07,1.846,0.0,1.846,7
2025-02-17 05:00:00,4.54,1003.53,7.77,302.8,11.29,1.366,0.0,1.366,7
2025-02-17 06:00:00,4.06,1004.77,7.63,302.6,10.86,0.65,0.0,0.65,7
2025-02-17 07:00:00,3.52,1005.91,6.5,305.9,9.61,0.052,0.0,0.052,7
2025-02-17 08:00:00,3.05,1006.58,7.24,306.1,10.33,-0.466,0.0,-0.466,7
2025-02-17 09:00:00,2.62,1007.5,7.25,307.4,10.57,-0.894,0.0,-0.894,7
2025-02-19 11:00:00,-5.73,1027.95,5.68,312.8,7.39,-0.775,0.0,-0.775,8
2025-02-19 12:00:00,-5.82,1028.33,5.77,280.9,7.4,-0.193,0.0,-0.193,8
2025-02-19 13:00:00,-5.52,1028.95,4.53,311.5,5.66,0.431,0.0,0.431,8
2025-02-19 14:00:00,-5.18,1028.89,4.35,307.6,5.64,1.135,0.0,1.135,8
2025-02-19 15:00:00,-4.69,1028.53,4.63,311.2,5.86,1.582,0.0,1.582,8
2025-02-19 16:00:00,-4.38,1027.71,4.27,144.2,5.45,1.867,0.0,1.867,8
2025-02-19 17:00:00,-3.79,1026.09,4.54,46.0,6.0,1.908,0.0,1.908,8
2025-02-19 18:00:00,-3.68,1025.39,2.62,184.9,3.57,1.503,0.0,1.503,8
2025-02-19 19:00:00,-4.08,1025.24,1.7,297.7,2.72,1.068,0.0,1.068,8
2025-02-19 20:00:00,-5.19,1024.24,1.78,325.3,2.55,0.739,0.0,0.739,8
2025-02-19 21:00:00,-5.11,1023.19,2.39,333.1,3.22,0.288,0.0,0.288,8
2025-02-19 22:00:00,-5.24,1023.22,3.05,329.1,3.92,0.235,0.0,0.235,8
2025-02-19 23:00:00,-5.37,1023.66,2.74,325.8,3.57,0.461,0.0,0.461,8
2025-02-20 00:00:00,-5.37,1023.08,2.91,338.8,3.8,0.953,0.0,0.953,8
2025-02-20 01:00:00,-5.45,1022.77,3.6,331.6,4.57,1.539,0.0,1.539,8
2025-02-20 02:00:00,-5.37,1022.29,4.36,345.5,5.52,2.292,0.0,2.292,8
2025-02-20 03:00:00,-5.18,1021.27,4.91,344.9,6.11,3.209,0.0,3.209,8
2025-02-20 04:00:00,-5.24,1020.28,5.18,343.3,6.49,3.88,0.0,3.88,8
2025-02-20 05:00:00,-5.07,1019.65,4.36,343.6,5.45,3.754,0.0,3.754,8
2025-02-20 06:00:00,-4.66,1018.56,3.84,342.1,4.96,3.66,0.0,3.66,8
2025-02-20 07:00:00,-4.43,1017.46,4.47,341.9,5.77,3.339,0.0,3.339,8
2025-02-20 08:00:00,-3.83,1016.6,5.57,315.7,7.04,2.72,0.0,2.72,8
2025-02-20 09:00:00,-2.96,1015.96,6.02,12.4,7.9,2.133,0.0,2.133,8
2025-02-20 10:00:00,-2.65,1015.6,6.24,26.0,9.6,1.753,0.0,1.753,8
2025-02-20 11:00:00,-3.16,1015.28,7.51,15.8,10.15,1.473,0.0,1.473,8
2025-02-20 12:00:00,-4.0,1015.29,7.06,183.4,9.03,1.6,0.0,1.6,8
2025-02-20 13:00:00,-4.12,1015.23,7.25,43.9,9.21,2.046,0.0,2.046,8
2025-02-20 14:00:00,-3.87,1015.31,7.43,111.2,9.36,2.572,0.0,2.572,8
2025-02-20 15:00:00,-3.49,1015.51,6.15,282.0,8.02,2.941,0.0,2.941,8
2025-02-20 16:00:00,-3.3,1015.14,5.61,330.6,7.46,3.193,0.0,3.193,8
2025-02-20 17:00:00,-2.71,1014.3,5.96,305.0,8.15,3.314,0.0,3.314,8
2025-02-20 18:00:00,-2.163,1013.425,6.75,311.125,9.213,3.061,0.0,3.061,8
2025-02-20 19:00:00,-2.05,1013.43,7.07,305.7,9.55,2.663,0.0,2.663,8
2025-02-20 20:00:00,-2.4,1013.5,7.75,317.5,10.37,2.049,0.0,2.049,8
2025-02-20 21:00:00,-2.66,1014.09,8.1,325.2,11.09,1.541,0.0,1.541,8
2025-02-20 22:00:00,-2.67,1015.07,7.77,323.8,10.48,1.197,0.0,1.197,8
2025-02-20 23:00:00,-2.66,1016.0,7.72,321.4,10.24,0.88,0.0,0.88,8
2025-02-21 00:00:00,-2.6,1016.6,6.69,322.0,9.37,0.885,0.0,0.885,8
2025-02-21 01:00:00,-2.71,1017.15,6.85,317.7,9.14,1.131,0.0,1.131,8
2025-02-21 02:00:00,-3.15,1017.77,6.77,310.5,9.58,1.746,0.0,1.746,8
2025-02-21 03:00:00,-3.38,1018.03,7.18,311.7,10.48,2.464,0.0,2.464,8
2025-02-21 04:00:00,-3.56,1018.16,6.1,312.2,8.53,3.079,0.0,3.079,8
2025-02-21 05:00:00,-3.66,1018.65,5.72,311.1,7.99,3.328,0.0,3.328,8
2025-02-21 06:00:00,-3.39,1019.09,6.05,316.2,8.28,3.415,0.0,3.415,8
2025-02-21 07:00:00,-3.16,1019.35,7.84,323.0,10.56,3.238,0.0,3.238,8
2025-02-21 08:00:00,-3.59,1020.09,5.99,314.6,8.04,2.744,0.0,2.744,8
2025-02-21 09:00:00,-3.87,1021.06,5.65,313.2,7.69,2.121,0.0,2.121,8
2025-02-21 10:00:00,-3.82,1021.77,5.27,313.1,7.33,1.519,0.0,1.519,8
2025-02-21 11:00:00,-3.85,1022.33,5.42,313.6,7.61,1.19,0.0,1.19,8
2025-02-21 12:00:00,-3.37,1023.28,5.82,316.4,7.74,1.02,0.0,1.02,8
2025-02-21 13:00:00,-2.51,1023.81,8.13,331.0,11.17,1.049,0.0,1.049,8
2025-02-21 14:00:00,-1.69,1024.13,8.55,328.7,11.05,1.28,0.0,1.28,8
2025-02-21 15:00:00,-0.92,1024.43,9.06,321.3,11.52,1.617,0.0,1.617,8
2025-02-21 16:00:00,-0.25,1024.28,9.41,329.5,12.35,2.039,0.0,2.039,8
2025-02-21 17:00:00,0.68,1023.99,8.89,328.1,11.85,2.351,0.0,2.351,8
2025-02-21 18:00:00,1.46,1023.76,8.7,320.0,11.63,2.371,0.0,2.371,8
2025-02-21 19:00:00,2.0,1023.83,8.79,323.9,11.36,2.319,0.0,2.319,8
2025-02-21 20:00:00,2.34,1023.94,9.23,325.6,12.45,1.978,0.0,1.978,8
2025-02-21 21:00:00,2.51,1024.49,8.69,330.4,11.4,1.509,0.0,1.509,8
2025-02-21 22:00:00,2.06,1025.41,6.61,315.1,8.71,1.071,0.0,1.071,8
2025-02-21 23:00:00,1.33,1026.4,4.64,315.5,6.22,0.708,0.0,0.708,8
2025-02-22 00:00:00,0.82,1027.16,4.03,321.4,5.19,0.603,0.0,0.603,8
2025-02-22 01:00:00,0.38,1027.79,4.66,331.7,5.86,0.658,0.0,0.658,8
2025-02-22 02:00:00,-0.15,1028.43,4.28,334.5,5.6,1.064,0.0,1.064,8
2025-02-22 03:00:00,-0.6,1028.88,3.95,334.2,5.37,1.769,0.0,1.769,8
2025-02-22 04:00:00,-0.95,1028.88,4.58,332.2,5.95,2.6,0.0,2.6,8
2025-02-22 05:00:00,-1.53,1029.28,4.0,322.3,5.14,3.176,0.0,3.176,8
2025-02-22 06:00:00,-2.05,1029.33,4.56,326.4,6.0,3.53,0.0,3.53,8
2025-02-22 07:00:00,-2.27,1029.47,4.91,334.7,6.51,3.678,0.0,3.678,8
2025-02-22 08:00:00,-2.42,1029.44,5.74,340.1,7.36,3.423,0.0,3.423,8
2025-02-22 09:00:00,-2.64,1029.64,6.15,343.8,7.64,2.994,0.0,2.994,8
2025-02-22 10:00:00,-2.89,1029.77,5.3,343.1,6.71,2.489,0.0,2.489,8
2025-02-22 11:00:00,-3.24,1029.69,4.69,342.5,6.01,1.946,0.0,1.946,8
2025-02-22 12:00:00,-3.11,1029.98,4.58,340.0,5.94,1.562,0.0,1.562,8
2025-02-22 13:00:00,-2.58,1030.18,5.48,281.7,6.9,1.382,0.0,1.382,8
2025-02-22 14:00:00,-1.84,1029.74,5.15,280.8,6.63,1.444,0.0,1.444,8
2025-02-22 15:00:00,-1.02,1029.5,2.88,147.7,4.02,1.597,0.0,1.597,8
2025-02-22 16:00:00,0.2,1029.02,1.69,129.4,2.57,1.974,0.0,1.974,8
2025-02-22 17:00:00,0.48,1027.81,2.67,158.3,3.75,2.384,0.0,2.384,8
2025-02-22 18:00:00,1.17,1026.53,3.85,179.3,5.42,2.639,0.0,2.639,8
2025-02-22 19:00:00,1.18,1025.61,6.37,199.2,7.82,2.787,0.0,2.787,8
2025-02-22 20:00:00,1.43,1025.12,6.96,207.4,8.12,2.717,0.0,2.717,8
2025-02-22 21:00:00,2.17,1024.6,6.52,221.8,7.97,2.469,0.0,2.469,8
2025-02-22 22:00:00,2.27,1024.2,5.46,222.8,6.55,2.018,0.0,2.018,8
2025-02-22 23:00:00,2.33,1024.42,3.71,240.9,4.59,1.566,0.0,1.566,8
2025-02-23 00:00:00,1.7,1024.67,3.66,241.0,4.51,1.141,0.0,1.141,8
2025-02-23 01:00:00,1.05,1024.17,2.29,240.1,2.89,1.041,0.0,1.041,8
2025-02-23 02:00:00,0.8,1023.96,3.02,232.9,3.81,1.115,0.0,1.115,8
2025-02-23 03:00:00,1.01,1023.49,3.82,235.2,4.79,1.523,0.0,1.523,8
2025-02-23 04:00:00,1.24,1023.17,3.76,234.9,4.56,2.18,0.0,2.18,8
2025-02-23 05:00:00,1.36,1022.62,3.33,229.5,3.95,2.812,0.0,2.812,8
2025-02-23 06:00:00,1.53,1021.76,3.54,229.1,4.31,3.405,0.0,3.405,8
2025-02-23 07:00:00,2.12,1020.79,3.33,240.9,4.19,3.707,0.0,3.707,8
2025-02-23 08:00:00,1.64,1019.97,2.06,233.6,2.47,3.772,0.0,3.772,8
2025-02-23 09:00:00,1.69,1019.74,3.74,270.9,4.89,3.633,0.0,3.633,8
2025-02-23 10:00:00,1.56,1020.1,5.05,293.0,6.53,3.045,0.0,3.045,8
2025-02-23 11:00:00,0.78,1020.46,4.15,301.4,5.55,2.292,0.0,2.292,8
2025-02-23 12:00:00,1.09,1021.15,4.05,307.9,5.38,1.496,0.0,1.496,8
2025-02-23 13:00:00,2.56,1021.93,4.55,322.8,5.84,1.015,0.0,1.015,8
2025-02-23 14:00:00,3.71,1021.88,6.29,328.2,8.26,0.811,0.0,0.811,8
2025-02-23 15:00:00,4.82,1021.42,5.96,320.5,7.6,0.82,0.0,0.82,8
2025-02-23 16:00:00,5.55,1020.86,4.81,316.6,6.87,1.125,0.0,1.125,8
2025-02-23 17:00:00,6.39,1019.88,3.89,316.9,5.43,1.72,0.0,1.72,8
2025-02-23 18:00:00,7.53,1018.87,2.53,305.0,3.94,2.23,0.0,2.23,8
2025-02-23 19:00:00,6.99,1018.32,2.67,126.0,3.96,2.614,0.0,2.614,8
2025-02-23 20:00:00,5.7,1017.99,4.09,165.2,5.71,2.848,0.0,2.848,8
2025-02-23 21:00:00,5.33,1017.95,3.85,180.2,5.37,2.819,0.0,2.819,8
2025-02-23 22:00:00,4.74,1018.02,2.85,187.5,4.1,2.626,0.0,2.626,8
2025-02-23 23:00:00,4.15,1018.58,2.16,220.7,2.9,2.233,0.0,2.233,8
2025-02-24 00:00:00,3.65,1019.2,2.06,249.1,2.39,1.684,0.0,1.684,8
2025-02-24 01:00:00,3.81,1019.41,2.37,254.2,2.69,1.192,0.0,1.192,8
2025-02-24 02:00:00,4.12,1019.32,1.95,268.7,2.22,0.881,0.0,0.881,8
2025-02-24 03:00:00,3.31,1019.04,1.24,258.8,1.54,1.131,0.0,1.131,8
2025-02-24 04:00:00,2.99,1018.51,1.23,279.6,1.55,1.724,0.0,1.724,8
2025-02-24 05:00:00,2.59,1018.35,0.85,266.8,1.22,2.493,0.0,2.493,8
2025-02-24 06:00:00,2.13,1018.32,0.39,211.2,0.62,3.372,0.0,3.372,8
2025-02-24 07:00:00,1.83,1018.21,0.55,252.3,0.74,4.076,0.0,4.076,8
2025-02-24 08:00:00,1.562,1017.975,0.544,326.444,0.756,4.504,0.0,4.504,8
2025-02-24 09:00:00,1.75,1017.88,1.19,143.9,1.42,4.561,0.0,4.561,8
2025-02-24 10:00:00,1.98,1018.12,3.4,11.6,4.09,4.243,0.0,4.243,8
2025-02-24 11:00:00,2.12,1018.66,0.96,42.0,1.51,3.634,0.0,3.634,8
2025-02-24 12:00:00,2.72,1019.24,0.43,64.4,0.82,2.958,0.0,2.958,8
2025-02-24 13:00:00,4.78,1019.52,1.66,123.8,2.34,2.165,0.0,2.165,8
2025-02-24 14:00:00,5.07,1019.57,1.01,185.4,1.47,1.56,0.0,1.56,8
2025-02-24 15:00:00,5.48,1019.31,1.35,179.4,2.1,1.139,0.0,1.139,8
2025-02-24 16:00:00,5.67,1019.23,1.81,188.3,2.45,1.132,0.0,1.132,8
2025-02-24 17:00:00,5.84,1018.33,2.17,193.0,2.83,1.525,0.0,1.525,8
2025-02-24 18:00:00,6.35,1016.78,2.6,190.6,3.61,2.083,0.0,2.083,8
2025-02-24 19:00:00,6.02,1016.26,3.25,200.9,3.95,2.704,0.0,2.704,8
2025-02-24 20:00:00,6.5,1016.09,3.32,192.5,4.59,3.307,0.0,3.307,8
2025-02-24 21:00:00,6.32,1015.34,3.36,191.4,4.4,3.65,0.0,3.65,8
2025-02-24 22:00:00,5.5,1014.98,3.71,197.5,4.58,3.591,0.0,3.591,8
2025-02-24 23:00:00,4.91,1014.86,3.11,197.3,3.88,3.172,0.0,3.172,8
2025-02-25 00:00:00,4.89,1014.81,3.09,199.4,3.67,2.61,0.0,2.61,8
2025-02-25 01:00:00,4.81,1014.72,3.25,219.1,3.77,1.85,0.0,1.85,8
2025-02-25 02:00:00,5.09,1014.41,3.53,216.2,4.14,1.251,0.0,1.251,8
2025-02-25 03:00:00,5.21,1013.98,4.26,221.4,4.98,1.014,0.0,1.014,8
2025-02-25 04:00:00,5.41,1013.56,4.83,215.2,5.61,1.24,0.0,1.24,8
2025-02-25 05:00:00,5.18,1012.91,3.94,205.6,4.58,1.864,0.0,1.864,8
2025-02-25 06:00:00,5.18,1012.28,3.79,209.6,4.4,2.736,0.0,2.736,8
2025-02-25 07:00:00,5.22,1011.69,3.92,214.1,4.59,3.67,0.0,3.67,8
2025-02-25 08:00:00,4.87,1011.24,3.48,205.6,4.06,4.513,0.0,4.513,8
2025-02-25 09:00:00,4.83,1011.1,3.6,212.8,4.1,5.059,0.0,5.059,8
2025-02-25 10:00:00,4.94,1011.11,4.35,215.1,5.05,5.075,0.0,5.075,8
2025-02-25 11:00:00,4.58,1010.6,3.38,204.9,3.91,4.639,0.0,4.639,8
2025-02-25 12:00:00,4.74,1010.24,3.89,212.6,4.53,3.853,0.0,3.853,8
2025-02-25 13:00:00,5.59,1010.18,5.33,213.3,6.26,2.955,0.0,2.955,8
2025-02-25 14:00:00,6.49,1009.93,5.04,203.8,6.13,2.152,0.0,2.152,8
2025-02-25 15:00:00,6.46,1009.25,4.73,199.6,5.88,1.334,0.0,1.334,8
2025-02-25 16:00:00,6.25,1008.76,5.33,202.3,6.51,0.835,0.0,0.835,8
2025-02-25 17:00:00,6.67,1007.51,6.16,204.9,7.5,1.059,0.0,1.059,8
2025-02-25 18:00:00,6.72,1005.68,4.9,200.1,6.19,1.581,0.0,1.581,8
2025-02-25 19:00:00,6.66,1004.84,5.45,205.6,6.54,2.451,0.0,2.451,8
2025-02-25 20:00:00,6.51,1004.83,5.5,207.2,6.64,3.371,0.0,3.371,8
2025-02-25 21:00:00,6.76,1005.26,4.17,200.6,5.35,3.921,0.0,3.921,8
2025-02-25 22:00:00,6.51,1005.86,4.02,202.3,4.82,4.126,0.0,4.126,8
2025-02-25 23:00:00,6.32,1006.78,2.11,228.2,2.43,3.996,0.0,3.996,8
2025-02-26 00:00:00,7.46,1007.08,0.91,247.4,1.19,3.377,0.0,3.377,8
2025-02-26 01:00:00,6.66,1007.54,1.14,142.0,1.41,2.493,0.0,2.493,8
2025-02-26 02:00:00,6.55,1008.14,1.48,142.4,1.7,1.685,0.0,1.685,8
2025-02-26 03:00:00,7.59,1008.13,1.91,147.8,2.17,1.077,0.0,1.077,8
2025-02-26 04:00:00,7.75,1008.06,1.6,208.3,1.83,0.973,0.0,0.973,8
2025-02-26 05:00:00,7.95,1008.04,1.81,250.1,2.05,1.231,0.0,1.231,8
2025-02-26 06:00:00,7.47,1008.08,1.78,112.9,2.0,2.02,0.0,2.02,8
2025-02-26 07:00:00,6.97,1008.06,1.91,18.7,2.31,3.051,0.0,3.051,8
2025-02-26 08:00:00,6.17,1008.22,2.32,15.6,2.83,4.077,0.0,4.077,8
2025-02-26 09:00:00,7.24,1008.76,3.07,183.9,3.98,4.956,0.0,4.956,8
2025-02-26 10:00:00,6.61,1009.98,2.23,328.6,2.91,5.287,0.0,5.287,8
2025-02-26 11:00:00,5.47,1011.16,1.25,216.9,1.88,5.257,0.0,5.257,8
2025-02-26 12:00:00,5.84,1012.3,0.97,239.8,1.3,4.718,0.0,4.718,8
2025-02-26 13:00:00,7.95,1013.03,1.34,95.2,1.67,3.857,0.0,3.857,8
2025-02-26 14:00:00,10.28,1013.73,2.06,20.6,2.95,2.632,0.0,2.632,8
2025-02-26 15:00:00,9.3,1014.31,2.06,171.4,2.95,1.504,0.0,1.504,8
2025-02-26 16:00:00,9.63,1014.75,2.74,163.9,4.03,0.647,0.0,0.647,8
2025-02-26 17:00:00,8.92,1014.24,2.99,175.8,4.64,0.358,0.0,0.358,8
2025-02-26 18:00:00,8.31,1013.8,2.4,186.2,3.85,0.622,0.0,0.622,8
2025-02-26 19:00:00,7.77,1013.88,2.66,197.3,3.54,1.376,0.0,1.376,8
2025-02-26 20:00:00,7.73,1014.29,5.45,212.0,6.7,2.496,0.0,2.496,8
2025-02-26 21:00:00,7.34,1014.25,6.47,209.9,7.65,3.437,0.0,3.437,8
2025-02-26 22:00:00,6.98,1014.38,5.58,210.5,6.41,3.944,0.0,3.944,8
2025-02-26 23:00:00,7.91,1014.97,6.3,217.3,7.44,4.057,0.0,4.057,8
2025-02-27 00:00:00,6.83,1014.79,4.17,217.1,4.83,3.769,0.0,3.769,8
2025-02-27 01:00:00,6.16,1014.73,3.56,215.7,4.09,3.001,0.0,3.001,8
2025-02-27 02:00:00,5.95,1014.57,3.22,211.9,3.65,1.943,0.0,1.943,8
2025-02-27 03:00:00,5.87,1014.09,2.77,209.6,3.15,1.013,0.0,1.013,8
2025-02-27 04:00:00,6.07,1013.57,1.9,206.0,2.33,0.312,0.0,0.312,8
2025-02-27 05:00:00,6.29,1013.04,2.26,206.1,2.77,0.186,0.0,0.186,8
2025-02-27 06:00:00,6.44,1012.19,3.19,208.4,3.68,0.606,0.0,0.606,8
2025-02-27 07:00:00,6.57,1011.25,4.76,202.4,5.65,1.765,0.0,1.765,8
2025-02-27 08:00:00,6.29,1010.31,5.39,210.2,6.21,3.161,0.0,3.161,8
2025-02-27 09:00:00,6.28,1009.73,6.58,206.1,7.71,4.347,0.0,4.347,8
2025-02-27 10:00:00,5.96,1009.37,6.45,210.4,7.24,5.27,0.0,5.27,8
2025-02-27 11:00:00,6.09,1008.73,6.68,208.8,7.67,5.805,0.0,5.805,8
2025-02-27 12:00:00,6.49,1008.32,7.49,211.6,8.49,5.686,0.0,5.686,8
2025-02-27 13:00:00,8.9,1008.29,7.71,217.4,9.47,4.911,0.0,4.911,8
2025-02-27 14:00:00,10.86,1007.43,9.01,221.3,11.09,3.636,0.0,3.636,8
2025-02-27 15:00:00,11.99,1006.64,10.02,222.6,12.7,2.107,0.0,2.107,8
2025-02-27 16:00:00,8.73,1005.95,7.8,212.4,9.44,0.955,0.0,0.955,8
2025-02-27 17:00:00,11.55,1005.1,8.47,227.3,10.64,0.221,0.0,0.221,8
2025-02-27 18:00:00,13.06,1004.13,8.9,227.9,11.31,0.089,0.0,0.089,8
2025-02-27 19:00:00,12.65,1003.38,9.17,225.3,11.33,0.635,0.0,0.635,8
2025-02-27 20:00:00,10.28,1002.98,5.91,215.0,7.27,1.771,0.0,1.771,8
2025-02-27 21:00:00,9.22,1002.98,4.34,213.2,5.2,3.103,0.0,3.103,8
2025-02-27 22:00:00,13.74,1002.49,6.53,244.8,8.97,3.952,0.0,3.952,8
2025-02-27 23:00:00,15.0,1001.99,6.08,256.4,7.89,4.442,0.0,4.442,8
2025-02-28 00:00:00,14.83,1002.01,5.46,273.8,7.31,4.621,0.0,4.621,8
2025-02-28 01:00:00,13.41,1003.13,8.04,339.9,10.74,3.951,0.0,3.951,8
2025-02-28 02:00:00,12.27,1003.58,5.06,345.5,6.66,2.818,0.0,2.818,8
2025-02-28 03:00:00,11.96,1003.91,6.9,338.1,9.25,1.497,0.0,1.497,8
2025-02-28 04:00:00,11.18,1004.05,5.71,337.8,7.68,0.542,0.0,0.542,8
2025-02-28 05:00:00,10.64,1004.65,3.08,326.8,4.17,0.084,0.0,0.084,8
2025-02-28 06:00:00,9.32,1004.71,1.86,291.7,2.29,0.101,0.0,0.101,8
2025-02-28 07:00:00,7.86,1004.51,1.73,276.6,2.0,0.632,0.0,0.632,8
2025-02-28 08:00:00,7.83,1004.01,2.09,293.8,2.53,1.462,0.0,1.462,8
2025-02-28 09:00:00,7.49,1004.91,3.2,287.0,3.98,2.595,0.0,2.595,8
2025-02-28 10:00:00,7.35,1006.13,3.24,297.5,5.65,3.615,0.0,3.615,8
2025-02-28 11:00:00,7.2,1006.86,4.69,304.2,7.01,4.236,0.0,4.236,8
2025-02-28 12:00:00,7.33,1007.97,5.5,316.3,7.26,4.366,0.0,4.366,8
2025-02-28 13:00:00,7.84,1008.69,6.89,323.7,9.18,4.077,0.0,4.077,8
2025-02-28 14:00:00,8.56,1008.84,6.97,319.4,9.19,3.472,0.0,3.472,8
2025-02-28 15:00:00,9.07,1009.36,7.13,314.7,9.57,2.211,0.0,2.211,8
2025-02-28 16:00:00,9.47,1009.24,6.37,315.7,9.25,1.148,0.0,1.148,8
2025-02-28 17:00:00,9.83,1008.71,5.69,296.1,8.15,0.118,0.0,0.118,8
2025-02-28 18:00:00,10.26,1008.09,5.6,298.3,8.06,-0.444,0.0,-0.444,8
2025-02-28 19:00:00,10.61,1007.95,4.8,295.4,6.61,-0.375,0.0,-0.375,8
2025-02-28 20:00:00,10.72,1007.53,4.89,272.2,6.68,0.671,0.0,0.671,8
2025-02-28 21:00:00,10.89,1007.08,4.32,283.6,5.83,2.138,0.0,2.138,8
2025-02-28 22:00:00,10.61,1007.64,3.18,270.6,4.21,3.459,0.0,3.459,8
2025-02-28 23:00:00,7.9,1008.04,3.46,216.3,4.02,4.308,0.0,4.308,8
2025-03-01 00:00:00,5.81,1008.41,5.81,218.7,6.85,4.769,0.0,4.769,8
2025-03-01 01:00:00,6.0,1008.47,6.73,213.8,7.79,4.737,0.0,4.737,8
2025-03-01 02:00:00,5.99,1008.23,6.83,206.8,8.04,4.125,0.0,4.125,8
2025-03-01 03:00:00,5.96,1007.39,6.82,212.0,8.09,3.11,0.0,3.11,8
2025-03-01 04:00:00,6.16,1006.58,6.46,223.4,7.89,1.806,0.0,1.806,8
2025-03-01 05:00:00,6.5,1005.84,7.32,210.3,8.43,0.619,0.0,0.619,8
2025-03-01 06:00:00,6.23,1004.76,6.88,212.1,7.86,-0.012,0.0,-0.012,8
2025-03-01 07:00:00,6.15,1003.55,6.43,206.9,7.56,0.103,0.0,0.103,8
2025-03-01 08:00:00,6.28,1002.53,5.72,203.0,6.61,0.966,0.0,0.966,8
2025-03-01 09:00:00,7.89,1002.23,6.18,223.1,7.53,2.126,0.0,2.126,8
2025-03-01 10:00:00,7.58,1001.96,4.69,219.5,5.45,3.556,0.0,3.556,8
2025-03-01 11:00:00,7.46,1001.43,5.45,219.6,6.47,4.641,0.0,4.641,8
2025-03-01 12:00:00,7.48,1001.35,4.88,215.5,5.61,5.508,0.0,5.508,8
2025-03-01 13:00:00,8.45,1001.13,4.88,221.6,5.72,5.621,0.0,5.621,8
2025-03-01 14:00:00,9.58,1000.65,5.87,224.8,7.23,5.046,0.0,5.046,8
2025-03-01 15:00:00,7.06,999.91,7.06,206.4,8.15,3.922,0.0,3.922,8
2025-03-01 16:00:00,8.31,999.1,7.02,205.2,8.52,2.469,0.0,2.469,8
2025-03-01 17:00:00,12.38,998.2,6.39,223.5,8.33,1.191,0.0,1.191,8
2025-03-01 18:00:00,17.4,997.33,8.77,270.9,12.02,0.155,0.0,0.155,8
2025-03-01 19:00:00,17.86,997.0,9.16,270.2,12.29,-0.228,0.0,-0.228,8
2025-03-01 20:00:00,17.6,997.5,8.24,302.4,11.45,0.28,0.0,0.28,8
2025-03-01 21:00:00,14.71,999.18,9.83,344.0,12.64,1.245,0.0,1.245,8
2026-01-01 01:00:00,2.16,1010.27,5.28,225.9,6.37,0.734,0.0,0.734,9
2026-01-01 02:00:00,3.08,1009.27,5.64,223.5,6.87,0.096,0.0,0.096,9
2026-01-01 03:00:00,3.48,1008.46,5.68,229.0,7.13,-0.025,0.0,-0.025,9
2026-01-01 04:00:00,3.93,1007.41,5.99,232.9,7.65,0.232,0.0,0.232,9
2026-01-01 05:00:00,4.79,1006.29,6.92,235.7,8.96,1.175,0.0,1.175,9
2026-01-01 06:00:00,4.67,1005.39,5.81,244.1,7.37,2.33,0.0,2.33,9
2026-01-01 07:00:00,5.04,1005.11,5.37,257.4,7.1,3.431,0.0,3.431,9
2026-01-01 08:00:00,5.19,1004.44,5.16,263.6,6.72,4.463,0.0,4.463,9
2026-01-01 09:00:00,4.84,1004.26,4.71,264.8,6.08,5.015,0.0,5.015,9
2026-01-01 10:00:00,4.38,1004.62,4.37,264.0,5.87,5.126,0.0,5.126,9
2026-01-01 11:00:00,4.23,1004.59,4.49,258.7,5.74,4.675,0.0,4.675,9
2026-01-01 12:00:00,4.13,1005.74,4.87,282.4,6.53,3.354,0.0,3.354,9
2026-01-01 13:00:00,0.94,1008.63,9.07,334.6,12.15,2.019,0.0,2.019,9
2026-01-01 14:00:00,0.8,1010.24,7.99,330.0,11.08,0.963,0.0,0.963,9
2026-01-01 15:00:00,0.61,1011.26,7.3,340.1,9.53,-0.446,0.0,-0.446,9
2026-01-01 16:00:00,0.35,1011.48,6.45,307.9,8.61,-0.675,0.0,-0.675,9
2026-01-01 17:00:00,0.6,1011.4,6.79,296.9,8.99,-0.221,0.0,-0.221,9
2026-01-01 18:00:00,0.85,1011.55,5.8,318.3,7.94,0.733,0.0,0.733,9
2026-01-01 19:00:00,0.5,1012.03,6.83,319.4,9.46,2.194,0.0,2.194,9
2026-01-01 20:00:00,0.16,1012.41,5.66,321.6,7.74,2.823,0.0,2.823,9
2026-01-01 21:00:00,-0.31,1013.14,4.96,322.5,6.67,3.54,0.0,3.54,9
2026-01-01 22:00:00,-0.75,1013.65,3.8,340.0,4.83,3.596,0.0,3.596,9
2026-01-01 23:00:00,-1.37,1013.99,1.93,311.5,2.5,3.49,0.0,3.49,9
2026-01-02 00:00:00,-1.87,1014.27,1.72,307.8,2.2,2.791,0.0,2.791,9
2026-01-02 01:00:00,-1.91,1014.26,1.91,301.4,2.51,1.696,0.0,1.696,9
2026-01-02 02:00:00,-1.97,1014.09,2.01,333.1,2.64,0.862,0.0,0.862,9
2026-01-02 03:00:00,-1.9,1013.76,2.44,260.5,3.13,0.125,0.0,0.125,9
2026-01-02 04:00:00,-2.2,1013.19,1.45,292.6,1.88,-0.154,0.0,-0.154,9
2026-01-02 05:00:00,-2.42,1013.07,1.56,306.1,1.97,0.055,0.0,0.055,9
2026-01-02 06:00:00,-2.14,1013.1,1.17,333.3,1.65,0.914,0.0,0.914,9
2026-01-02 07:00:00,-2.12,1013.09,1.08,313.2,1.47,2.302,0.0,2.302,9
2026-01-02 08:00:00,-2.01,1012.25,0.78,329.4,1.15,3.725,0.0,3.725,9
2026-01-02 09:00:00,-1.9,1011.14,0.77,66.4,1.29,4.8,0.0,4.8,9
2026-01-02 10:00:00,-1.63,1011.08,1.69,37.4,2.68,5.185,0.0,5.185,9
2026-01-02 11:00:00,-1.35,1011.12,1.6,35.9,2.72,5.291,0.0,5.291,9
2026-01-02 12:00:00,-1.13,1010.96,2.07,28.9,3.02,4.697,0.0,4.697,9
2026-01-02 13:00:00,-0.9,1010.82,2.19,31.0,3.19,3.757,0.0,3.757,9
2026-01-02 14:00:00,-0.68,1010.93,2.83,25.4,4.06,2.364,0.0,2.364,9
2026-01-02 15:00:00,-0.32,1010.67,2.88,20.3,4.09,1.083,0.0,1.083,9
2026-01-02 16:00:00,0.07,1009.79,2.55,22.6,3.67,0.278,0.0,0.278,9
2026-01-02 17:00:00,0.77,1008.62,2.13,37.8,2.96,-0.071,0.0,-0.071,9
2026-01-02 18:00:00,1.31,1008.38,1.64,45.4,2.97,0.048,0.0,0.048,9
2026-01-02 19:00:00,1.57,1008.39,2.3,54.4,3.58,0.874,0.0,0.874,9
2026-01-02 20:00:00,1.47,1008.58,2.22,39.5,3.59,2.155,0.0,2.155,9
2026-01-02 21:00:00,1.33,1009.35,1.39,29.9,2.15,3.19,0.0,3.19,9
2026-01-02 22:00:00,0.97,1009.95,0.16,26.7,0.43,3.867,0.0,3.867,9
2026-01-02 23:00:00,0.97,1010.43,0.1,22.0,0.3,3.966,0.0,3.966,9
2026-01-03 00:00:00,1.08,1011.1,0.05,276.4,0.25,3.651,0.0,3.651,9
2026-01-03 01:00:00,0.79,1011.48,0.88,295.1,1.17,2.836,0.0,2.836,9
2026-01-03 02:00:00,0.46,1012.05,1.6,290.9,1.92,1.635,0.0,1.635,9
2026-01-03 03:00:00,-0.51,1012.56,2.06,307.9,2.46,0.585,0.0,0.585,9
2026-01-03 04:00:00,-1.18,1013.05,1.89,322.0,2.38,-0.189,0.0,-0.189,9
2026-01-03 05:00:00,-0.89,1013.24,2.31,313.3,3.03,-0.44,0.0,-0.44,9
2026-01-03 06:00:00,-0.85,1013.61,3.36,68.8,4.28,-0.123,0.0,-0.123,9
2026-01-03 07:00:00,-1.38,1014.27,2.75,306.5,3.52,0.918,0.0,0.918,9
2026-01-03 08:00:00,-2.19,1014.62,2.09,308.0,2.65,2.349,0.0,2.349,9
2026-01-03 09:00:00,-2.58,1014.95,2.46,303.1,3.21,3.719,0.0,3.719,9
2026-01-03 10:00:00,-2.45,1015.42,3.1,322.9,3.87,4.732,0.0,4.732,9
2026-01-03 11:00:00,-2.75,1015.95,3.36,327.9,4.17,5.293,0.0,5.293,9
2026-01-03 12:00:00,-2.79,1016.71,4.22,331.4,5.35,5.306,0.0,5.306,9
2026-01-03 13:00:00,-2.05,1017.27,5.0,243.8,6.15,4.736,0.0,4.736,9
2026-01-03 14:00:00,-1.8,1017.82,4.06,314.0,5.1,3.586,0.0,3.586,9
2026-01-03 15:00:00,-1.44,1017.67,4.83,75.7,5.89,2.057,0.0,2.057,9
2026-01-03 16:00:00,-1.2,1017.09,3.97,47.5,5.16,0.842,0.0,0.842,9
2026-01-03 17:00:00,-0.86,1016.33,3.19,149.5,4.29,-0.051,0.0,-0.051,9
2026-01-03 18:00:00,-0.36,1016.09,2.71,46.9,3.64,-0.369,0.0,-0.369,9
2026-01-03 19:00:00,0.28,1015.8,2.55,18.6,3.4,0.098,0.0,0.098,9
2026-01-03 20:00:00,0.93,1015.9,2.19,140.7,2.71,1.067,0.0,1.067,9
2026-01-03 21:00:00,1.06,1016.16,2.49,326.9,3.1,2.397,0.0,2.397,9
2026-01-03 22:00:00,0.97,1016.36,2.3,343.3,2.89,3.415,0.0,3.415,9
2026-01-03 23:00:00,0.87,1016.46,3.23,183.9,3.93,3.927,0.0,3.927,9
2026-01-04 00:00:00,0.64,1016.42,3.77,11.6,4.66,4.303,0.0,4.303,9
2026-01-04 01:00:00,0.5,1015.97,3.89,43.7,4.81,3.919,0.0,3.919,9
2026-01-04 02:00:00,0.36,1015.88,3.25,46.7,4.09,3.149,0.0,3.149,9
2026-01-04 03:00:00,0.32,1015.68,2.79,10.3,3.55,2.111,0.0,2.111,9
2026-01-04 04:00:00,0.17,1015.38,2.81,46.7,3.37,1.119,0.0,1.119,9
2026-01-04 05:00:00,0.15,1015.53,3.04,281.7,3.87,0.385,0.0,0.385,9
2026-01-04 06:00:00,0.1,1015.92,2.99,306.7,3.8,0.164,0.0,0.164,9
2026-01-04 07:00:00,-0.01,1016.12,3.27,206.6,4.07,0.704,0.0,0.704,9
2026-01-04 08:00:00,-0.13,1015.98,3.04,111.1,3.83,1.852,0.0,1.852,9
2026-01-04 09:00:00,-0.27,1016.45,3.3,344.9,4.05,3.237,0.0,3.237,9
2026-01-04 10:00:00,-0.34,1016.87,3.56,343.4,4.44,4.458,0.0,4.458,9
2026-01-04 11:00:00,-0.59,1017.29,3.82,341.2,4.72,5.555,0.0,5.555,9
2026-01-04 12:00:00,-0.53,1017.83,4.19,343.9,5.33,6.026,0.0,6.026,9
2026-01-04 13:00:00,-0.35,1018.61,4.02,342.1,4.93,5.906,0.0,5.906,9
2026-01-04 14:00:00,0.21,1019.35,5.15,247.5,6.45,5.139,0.0,5.139,9
2026-01-04 15:00:00,0.94,1019.67,4.98,313.1,6.22,3.786,0.0,3.786,9
2026-01-04 16:00:00,2.15,1019.28,5.02,210.7,6.7,2.378,0.0,2.378,9
2026-01-04 17:00:00,3.02,1018.69,5.24,276.6,6.84,1.099,0.0,1.099,9
2026-01-04 18:00:00,3.74,1018.38,5.04,296.4,6.71,0.259,0.0,0.259,9
2026-01-04 19:00:00,4.11,1018.77,5.26,226.9,6.83,-0.01,0.0,-0.01,9
2026-01-04 20:00:00,4.06,1019.28,5.67,209.9,7.37,0.478,0.0,0.478,9
2026-01-04 21:00:00,3.58,1019.86,4.64,307.5,5.82,1.607,0.0,1.607,9
2026-01-04 22:00:00,2.65,1021.03,2.66,330.5,3.28,2.828,0.0,2.828,9
2026-01-04 23:00:00,1.74,1021.64,1.42,322.4,1.87,3.645,0.0,3.645,9
2026-01-05 00:00:00,1.37,1022.23,1.6,295.1,1.96,4.168,0.0,4.168,9
2026-01-05 01:00:00,1.01,1023.4,4.63,140.9,5.96,4.362,0.0,4.362,9
2026-01-05 02:00:00,0.49,1023.59,5.3,7.3,6.49,3.99,0.0,3.99,9
2026-01-05 03:00:00,0.25,1024.02,5.27,10.3,6.58,3.094,0.0,3.094,9
2026-01-05 04:00:00,-0.04,1024.09,3.83,77.0,4.87,1.912,0.0,1.912,9
2026-01-05 05:00:00,-0.98,1023.79,2.14,317.3,2.71,0.874,0.0,0.874,9
2026-01-05 06:00:00,-1.48,1023.69,1.84,329.8,2.27,0.188,0.0,0.188,9
2026-01-05 07:00:00,-1.81,1024.14,1.79,301.7,2.41,0.068,0.0,0.068,9
2026-01-05 08:00:00,-2.06,1024.35,1.87,314.0,2.46,0.625,0.0,0.625,9
2026-01-05 09:00:00,-1.58,1024.35,1.84,206.1,2.37,1.731,0.0,1.731,9
2026-01-05 10:00:00,-1.92,1024.64,1.97,273.5,2.41,3.004,0.0,3.004,9
2026-01-05 11:00:00,-2.5,1025.03,1.85,326.8,2.33,4.364,0.0,4.364,9
2026-01-05 12:00:00,-2.51,1025.08,1.47,320.1,1.95,5.361,0.0,5.361,9
2026-01-05 13:00:00,-0.89,1024.79,1.02,329.7,1.28,5.828,0.0,5.828,9
2026-01-05 14:00:00,0.16,1025.11,0.95,322.0,1.29,5.47,0.0,5.47,9
2026-01-05 15:00:00,1.21,1025.03,0.45,255.8,0.75,4.551,0.0,4.551,9
2026-01-05 16:00:00,1.8,1023.97,1.92,204.6,2.42,3.364,0.0,3.364,9
2026-01-05 17:00:00,2.24,1022.66,3.68,203.9,4.46,2.02,0.0,2.02,9
2026-01-05 18:00:00,3.19,1022.04,4.59,212.3,5.39,0.946,0.0,0.946,9
2026-01-05 19:00:00,4.13,1021.19,6.06,209.9,7.14,0.263,0.0,0.263,9
2026-01-05 20:00:00,4.77,1020.37,6.01,206.8,7.34,0.088,0.0,0.088,9
2026-01-05 21:00:00,5.29,1019.7,5.68,199.2,7.11,0.779,0.0,0.779,9
2026-01-05 22:00:00,5.67,1019.33,6.18,202.9,7.42,1.864,0.0,1.864,9
2026-01-05 23:00:00,5.95,1018.91,6.03,203.8,7.11,2.969,0.0,2.969,9
2026-01-06 00:00:00,5.93,1018.35,5.04,213.8,5.91,3.784,0.0,3.784,9
2026-01-06 01:00:00,6.22,1017.81,5.25,220.8,6.39,4.285,0.0,4.285,9
2026-01-06 02:00:00,6.82,1017.38,5.63,226.4,7.06,4.368,0.0,4.368,9
2026-01-06 03:00:00,7.4,1017.08,4.91,228.5,6.28,3.947,0.0,3.947,9
2026-01-06 04:00:00,6.11,1016.63,5.01,216.9,5.78,3.007,0.0,3.007,9
2026-01-06 05:00:00,5.32,1016.16,3.7,214.1,4.13,1.887,0.0,1.887,9
2026-01-06 06:00:00,5.18,1015.8,2.99,215.2,3.22,0.814,0.0,0.814,9
2026-01-06 07:00:00,4.9,1015.61,3.35,220.1,3.66,0.268,0.0,0.268,9
2026-01-06 08:00:00,4.82,1015.31,3.12,223.1,3.55,0.406,0.0,0.406,9
2026-01-06 09:00:00,5.02,1015.06,2.61,219.5,2.96,1.047,0.0,1.047,9
2026-01-06 10:00:00,4.88,1015.01,1.76,216.3,2.08,2.095,0.0,2.095,9
2026-01-06 11:00:00,5.05,1015.0,2.71,222.5,3.19,3.373,0.0,3.373,9
2026-01-06 12:00:00,4.78,1015.22,0.91,222.2,1.16,4.543,0.0,4.543,9
2026-01-06 13:00:00,5.21,1015.3,0.5,219.4,0.71,5.454,0.0,5.454,9
2026-01-06 14:00:00,5.69,1014.92,1.91,198.6,2.4,5.7,0.0,5.7,9
2026-01-06 15:00:00,5.85,1014.41,2.52,200.3,3.12,5.334,0.0,5.334,9
2026-01-06 16:00:00,6.82,1013.14,2.81,196.9,3.55,4.531,0.0,4.531,9
2026-01-06 17:00:00,6.74,1011.47,2.48,184.7,3.58,3.392,0.0,3.392,9
2026-01-06 18:00:00,6.44,1010.28,2.65,198.0,3.45,2.052,0.0,2.052,9
2026-01-06 19:00:00,6.38,1009.97,2.43,194.4,3.22,1.063,0.0,1.063,9
2026-01-06 20:00:00,6.41,1009.4,1.89,187.9,2.66,0.58,0.0,0.58,9
2026-01-06 21:00:00,6.94,1008.28,2.95,177.2,4.23,0.718,0.0,0.718,9
2026-01-06 22:00:00,6.87,1008.01,2.57,213.8,3.24,1.326,0.0,1.326,9
2026-01-06 23:00:00,7.77,1008.47,3.37,224.9,4.06,2.385,0.0,2.385,9
2026-01-07 00:00:00,7.85,1008.21,3.21,211.9,3.69,3.524,0.0,3.524,9
2026-01-07 01:00:00,7.19,1007.36,3.41,203.8,3.78,4.253,0.0,4.253,9
2026-01-07 02:00:00,6.44,1006.57,3.37,209.7,3.79,4.767,0.0,4.767,9
2026-01-07 03:00:00,6.77,1005.99,3.06,224.6,3.4,4.85,0.0,4.85,9
2026-01-07 04:00:00,7.92,1005.63,2.82,239.1,3.53,4.466,0.0,4.466,9
2026-01-07 05:00:00,10.5,1005.0,4.39,254.5,5.53,3.625,0.0,3.625,9
2026-01-07 06:00:00,11.72,1004.69,5.34,258.7,6.79,2.466,0.0,2.466,9
2026-01-07 07:00:00,12.1,1004.87,5.91,272.0,7.94,1.69,0.0,1.69,9
2026-01-07 08:00:00,11.71,1004.79,6.04,269.2,8.11,1.271,0.0,1.271,9
2026-01-07 09:00:00,11.28,1004.82,5.65,277.6,7.35,1.343,0.0,1.343,9
2026-01-07 10:00:00,11.55,1005.35,5.3,285.5,7.06,1.866,0.0,1.866,9
2026-01-07 11:00:00,11.58,1006.06,4.6,284.1,6.17,2.833,0.0,2.833,9
2026-01-07 12:00:00,11.24,1006.83,4.91,285.3,6.54,4.08,0.0,4.08,9
2026-01-07 13:00:00,11.28,1007.86,3.56,293.1,4.96,5.065,0.0,5.065,9
2026-01-07 14:00:00,12.49,1009.1,4.7,285.5,6.22,5.631,0.0,5.631,9
2026-01-07 15:00:00,13.5,1009.46,4.53,291.5,6.08,5.602,0.0,5.602,9
2026-01-07 16:00:00,14.73,1009.11,4.25,301.8,5.94,5.088,0.0,5.088,9
2026-01-07 17:00:00,15.24,1008.75,5.27,320.6,6.75,4.224,0.0,4.224,9
2026-01-07 18:00:00,16.01,1008.94,5.68,320.5,7.49,3.05,0.0,3.05,9
2026-01-07 19:00:00,16.32,1009.76,6.21,318.2,8.4,1.917,0.0,1.917,9
2026-01-07 20:00:00,15.82,1011.19,6.12,322.4,8.28,0.984,0.0,0.984,9
2026-01-07 21:00:00,15.04,1012.19,4.4,321.1,5.87,0.576,0.0,0.576,9
2026-01-07 22:00:00,14.01,1013.12,1.96,311.7,2.33,0.748,0.0,0.748,9
2026-01-07 23:00:00,12.19,1013.78,1.54,316.1,1.79,1.341,0.0,1.341,9
2026-01-08 00:00:00,10.51,1014.69,1.72,331.8,2.08,2.375,0.0,2.375,9
2026-01-08 01:00:00,10.88,1015.69,2.76,328.5,3.24,3.166,0.0,3.166,9
2026-01-08 02:00:00,10.87,1016.28,3.34,336.0,4.13,3.759,0.0,3.759,9
2026-01-08 03:00:00,9.17,1016.87,2.05,241.4,2.41,4.132,0.0,4.132,9
2026-01-08 04:00:00,7.59,1017.19,0.52,101.1,0.8,4.169,0.0,4.169,9
2026-01-08 05:00:00,6.18,1017.36,0.32,237.5,0.54,3.759,0.0,3.759,9
2026-01-08 06:00:00,5.89,1017.98,0.38,256.2,0.51,2.971,0.0,2.971,9
2026-01-08 07:00:00,5.73,1018.87,0.54,236.8,0.75,1.912,0.0,1.912,9
2026-01-08 08:00:00,5.14,1019.62,2.09,14.3,2.46,1.21,0.0,1.21,9
2026-01-08 09:00:00,4.82,1020.14,1.6,12.9,1.81,0.839,0.0,0.839,9
2026-01-08 10:00:00,4.64,1020.88,0.99,11.4,1.16,0.844,0.0,0.844,9
2026-01-08 11:00:00,4.26,1021.74,0.98,6.0,1.1,1.387,0.0,1.387,9
2026-01-08 12:00:00,3.84,1022.18,1.02,6.0,1.1,2.295,0.0,2.295,9
2026-01-08 13:00:00,4.33,1022.71,1.42,14.8,1.62,3.369,0.0,3.369,9
2026-01-08 14:00:00,5.88,1023.94,1.52,18.4,1.72,4.142,0.0,4.142,9
2026-01-08 15:00:00,7.41,1024.46,1.77,19.1,2.16,4.524,0.0,4.524,9
2026-01-08 16:00:00,8.87,1024.33,1.93,34.4,2.58,4.435,0.0,4.435,9
2026-01-08 17:00:00,9.54,1023.94,2.64,69.8,3.74,3.946,0.0,3.946,9
2026-01-08 18:00:00,9.44,1023.65,2.43,95.1,3.26,3.115,0.0,3.115,9
2026-01-08 19:00:00,7.94,1023.75,2.26,108.5,2.97,2.097,0.0,2.097,9
2026-01-08 20:00:00,6.71,1024.23,1.09,198.1,1.5,1.365,0.0,1.365,9
2026-01-08 21:00:00,6.55,1024.56,0.9,208.5,1.17,0.831,0.0,0.831,9
2026-01-08 22:00:00,6.21,1025.13,1.13,234.7,1.45,0.541,0.0,0.541,9
2026-01-08 23:00:00,6.16,1025.6,0.64,246.5,0.84,0.707,0.0,0.707,9
2026-01-09 00:00:00,5.58,1026.04,0.84,242.3,1.15,1.444,0.0,1.444,9
2026-01-09 01:00:00,5.86,1026.5,0.42,251.0,0.69,2.438,0.0,2.438,9
2026-01-09 02:00:00,5.65,1026.38,0.17,238.3,0.25,3.178,0.0,3.178,9
2026-01-09 03:00:00,5.26,1026.36,0.71,186.3,1.17,3.85,0.0,3.85,9
2026-01-09 04:00:00,5.19,1026.18,0.48,178.5,0.72,4.195,0.0,4.195,9
2026-01-09 05:00:00,5.96,1025.8,1.44,158.3,2.1,4.098,0.0,4.098,9
2026-01-09 06:00:00,5.86,1025.67,1.69,163.3,2.38,3.607,0.0,3.607,9
2026-01-09 07:00:00,6.29,1025.72,2.36,156.6,3.4,2.813,0.0,2.813,9
2026-01-09 08:00:00,6.26,1025.8,1.93,184.7,2.72,2.13,0.0,2.13,9
2026-01-09 09:00:00,6.48,1026.13,1.18,159.9,1.65,1.363,0.0,1.363,9
2026-01-09 10:00:00,6.42,1025.94,1.71,149.8,2.35,1.065,0.0,1.065,9
2026-01-09 11:00:00,6.55,1025.86,2.71,156.0,3.83,1.142,0.0,1.142,9
2026-01-09 12:00:00,6.56,1025.81,2.66,159.3,3.78,1.716,0.0,1.716,9
2026-01-09 13:00:00,7.07,1025.52,2.11,167.2,2.97,2.619,0.0,2.619,9
2026-01-09 14:00:00,7.21,1025.6,1.1,186.1,1.51,3.336,0.0,3.336,9
2026-01-09 15:00:00,7.7,1024.97,1.78,190.0,2.35,3.924,0.0,3.924,9
2026-01-09 16:00:00,7.92,1023.84,2.63,207.8,3.12,4.173,0.0,4.173,9
2026-01-09 17:00:00,8.41,1022.55,4.11,214.3,4.55,4.08,0.0,4.08,9
2026-01-09 18:00:00,9.48,1021.59,5.03,216.3,6.22,3.614,0.0,3.614,9
2026-01-09 19:00:00,9.63,1021.07,5.08,211.3,5.84,2.853,0.0,2.853,9
2026-01-09 20:00:00,9.89,1020.88,4.49,215.7,5.26,2.008,0.0,2.008,9
2026-01-09 21:00:00,9.07,1020.85,3.96,212.9,4.6,1.363,0.0,1.363,9
2026-01-09 22:00:00,8.83,1020.77,4.26,213.3,5.11,1.004,0.0,1.004,9
2026-01-09 23:00:00,9.95,1020.54,5.62,219.7,7.0,0.822,0.0,0.822,9
2026-01-10 00:00:00,9.91,1020.52,5.89,217.6,6.96,1.126,0.0,1.126,9
2026-01-10 01:00:00,9.5,1020.4,6.93,212.0,7.85,1.686,0.0,1.686,9
2026-01-10 02:00:00,11.65,1020.64,6.41,220.0,7.5,2.581,0.0,2.581,9
2026-01-10 03:00:00,10.88,1020.76,5.07,217.7,5.74,3.369,0.0,3.369,9
2026-01-10 04:00:00,9.56,1020.55,5.14,217.5,5.89,3.855,0.0,3.855,9
2026-01-10 05:00:00,8.25,1020.51,4.58,211.2,5.05,4.003,0.0,4.003,9
2026-01-10 06:00:00,9.45,1020.61,2.32,225.1,2.77,3.92,0.0,3.92,9
2026-01-10 07:00:00,9.26,1020.99,1.4,215.8,1.69,3.491,0.0,3.491,9
2026-01-10 08:00:00,9.31,1021.14,1.28,205.1,1.54,2.685,0.0,2.685,9
2026-01-10 09:00:00,10.59,1021.34,2.97,79.2,4.39,1.915,0.0,1.915,9
2026-01-10 10:00:00,9.52,1021.37,2.62,43.3,3.87,1.446,0.0,1.446,9
2026-01-10 11:00:00,9.01,1021.57,1.71,26.9,2.58,1.115,0.0,1.115,9
2026-01-10 12:00:00,11.15,1021.68,2.01,47.4,3.58,1.299,0.0,1.299,9
2026-01-10 13:00:00,11.3,1021.75,2.47,50.9,4.46,1.818,0.0,1.818,9
2026-01-10 14:00:00,10.07,1022.11,2.84,53.5,5.29,2.42,0.0,2.42,9
2026-01-10 15:00:00,8.39,1021.22,3.79,68.9,6.03,2.957,0.0,2.957,9
2026-01-10 16:00:00,8.1,1019.71,2.74,88.0,4.46,3.525,0.0,3.525,9
2026-01-10 17:00:00,8.1,1018.42,1.62,90.5,2.55,3.766,0.0,3.766,9
2026-01-10 18:00:00,8.18,1016.91,3.02,97.3,4.74,3.837,0.0,3.837,9
2026-01-10 19:00:00,8.29,1015.75,3.02,137.1,4.9,3.279,0.0,3.279,9
2026-01-10 20:00:00,8.42,1014.66,2.93,183.0,4.73,2.729,0.0,2.729,9
2026-01-10 21:00:00,8.99,1013.84,3.59,213.6,4.65,2.23,0.0,2.23,9
2026-01-10 22:00:00,9.7,1012.55,4.88,217.8,5.89,1.719,0.0,1.719,9
2026-01-10 23:00:00,9.47,1011.96,6.32,213.6,7.3,1.319,0.0,1.319,9
2026-01-11 00:00:00,9.46,1011.31,7.42,215.1,8.6,1.233,0.0,1.233,9
2026-01-11 01:00:00,11.1,1010.62,7.57,224.1,9.34,1.599,0.0,1.599,9
2026-01-11 02:00:00,12.15,1009.91,8.99,230.8,11.64,2.099,0.0,2.099,9
2026-01-11 03:00:00,12.29,1009.41,10.26,230.1,13.12,3.033,0.0,3.033,9
2026-01-11 04:00:00,11.57,1008.87,8.71,225.4,10.84,3.807,0.0,3.807,9
2026-01-11 05:00:00,11.92,1008.27,8.89,228.6,11.31,4.036,0.0,4.036,9
2026-01-11 06:00:00,13.21,1008.85,5.73,242.2,7.61,4.144,0.0,4.144,9
2026-01-11 07:00:00,13.49,1009.78,2.47,301.9,3.37,3.8,0.0,3.8,9
2026-01-11 08:00:00,12.43,1009.97,1.36,323.1,1.8,3.324,0.0,3.324,9
2026-01-11 09:00:00,12.16,1010.14,3.82,328.3,5.03,2.652,0.0,2.652,9
2026-01-11 10:00:00,11.18,1010.82,5.1,342.5,6.61,1.916,0.0,1.916,9
2026-01-11 11:00:00,10.33,1011.42,4.43,145.5,5.72,1.563,0.0,1.563,9
2026-01-11 12:00:00,9.41,1011.72,5.17,6.7,6.54,1.208,0.0,1.208,9
2026-01-11 13:00:00,9.12,1011.49,5.62,40.5,7.05,1.379,0.0,1.379,9
2026-01-11 14:00:00,8.73,1012.16,5.03,39.5,6.26,1.899,0.0,1.899,9
2026-01-11 15:00:00,8.33,1012.82,5.58,214.0,7.06,2.402,0.0,2.402,9
2026-01-11 16:00:00,7.7,1012.13,6.05,209.3,7.58,2.891,0.0,2.891,9
2026-01-11 17:00:00,7.16,1010.76,2.8,326.8,3.72,3.23,0.0,3.23,9
2026-01-11 18:00:00,7.38,1011.1,4.05,306.5,5.71,3.429,0.0,3.429,9
2026-01-11 19:00:00,7.34,1011.41,4.44,315.0,6.3,3.42,0.0,3.42,9
2026-01-11 20:00:00,8.2,1011.96,6.02,306.8,8.53,3.046,0.0,3.046,9
2026-01-11 21:00:00,7.85,1013.3,6.84,311.8,9.67,2.256,0.0,2.256,9
2026-01-11 22:00:00,6.19,1015.55,8.24,322.8,11.36,1.449,0.0,1.449,9
2026-01-11 23:00:00,5.25,1016.93,8.9,311.6,13.02,0.654,0.0,0.654,9
2026-01-12 00:00:00,4.05,1018.46,7.18,304.0,10.31,-0.19,0.0,-0.19,9
2026-01-12 01:00:00,3.35,1019.7,7.55,311.0,10.9,-0.268,0.0,-0.268,9
2026-01-12 02:00:00,2.78,1020.16,7.65,310.9,10.69,0.271,0.0,0.271,9
2026-01-12 03:00:00,2.38,1020.84,5.86,305.2,7.97,1.236,0.0,1.236,9
2026-01-12 04:00:00,2.17,1021.81,5.42,299.7,7.78,2.0,0.0,2.0,9
2026-01-12 05:00:00,1.88,1022.62,4.74,298.7,6.63,2.635,0.0,2.635,9
2026-01-12 06:00:00,1.67,1023.36,4.18,302.1,5.9,3.161,0.0,3.161,9
2026-01-12 07:00:00,1.43,1023.34,4.0,317.8,5.39,3.225,0.0,3.225,9
2026-01-12 08:00:00,0.93,1023.47,3.59,313.8,4.82,2.753,0.0,2.753,9
2026-01-12 09:00:00,0.73,1023.7,3.66,314.2,4.81,2.203,0.0,2.203,9
2026-01-12 10:00:00,0.74,1024.71,4.36,312.3,5.96,1.739,0.0,1.739,9
2026-01-12 11:00:00,0.69,1025.56,4.22,313.7,5.57,1.023,0.0,1.023,9
2026-01-12 12:00:00,0.57,1026.12,3.69,311.2,5.08,0.672,0.0,0.672,9
2026-01-12 13:00:00,1.48,1026.68,4.9,317.9,6.52,0.284,0.0,0.284,9
2026-01-12 14:00:00,2.29,1027.16,4.8,311.3,6.61,0.6,0.0,0.6,9
2026-01-12 15:00:00,2.93,1027.18,4.18,304.4,5.89,0.784,0.0,0.784,9
2026-01-12 16:00:00,3.98,1026.1,3.82,289.1,5.19,1.209,0.0,1.209,9
2026-01-12 17:00:00,5.03,1024.91,3.77,281.8,5.06,1.866,0.0,1.866,9
2026-01-12 18:00:00,5.98,1024.09,4.18,271.2,5.35,2.152,0.0,2.152,9
2026-01-12 19:00:00,6.77,1023.78,4.57,257.3,6.23,2.38,0.0,2.38,9
2026-01-12 20:00:00,6.79,1023.51,4.84,256.5,6.3,2.128,0.0,2.128,9
2026-01-12 21:00:00,6.06,1023.55,4.76,260.0,5.78,1.841,0.0,1.841,9
2026-01-12 22:00:00,4.73,1023.73,3.32,241.1,4.05,1.278,0.0,1.278,9
2026-01-12 23:00:00,4.05,1023.45,3.61,244.2,4.54,0.632,0.0,0.632,9
2026-01-13 00:00:00,4.31,1023.4,4.31,240.1,5.53,0.177,0.0,0.177,9
2026-01-13 01:00:00,4.43,1023.21,4.92,233.1,6.18,-0.265,0.0,-0.265,9
2026-01-13 02:00:00,4.27,1022.96,4.33,230.8,5.53,-0.085,0.0,-0.085,9
2026-01-13 03:00:00,4.05,1022.74,3.92,230.5,4.7,0.451,0.0,0.451,9
2026-01-13 04:00:00,4.02,1022.59,3.23,236.4,4.05,1.196,0.0,1.196,9
2026-01-13 05:00:00,3.89,1022.28,3.02,255.9,3.77,1.858,0.0,1.858,9
2026-01-13 06:00:00,3.59,1022.11,2.99,255.7,3.77,2.577,0.0,2.577,9
2026-01-13 07:00:00,3.58,1021.69,3.39,272.4,4.5,3.071,0.0,3.071,9
2026-01-13 08:00:00,3.33,1021.22,3.7,282.8,4.7,3.226,0.0,3.226,9
2026-01-13 09:00:00,2.94,1021.25,3.25,289.3,4.28,2.923,0.0,2.923,9
2026-01-13 10:00:00,2.24,1021.52,1.6,225.4,2.03,2.426,0.0,2.426,9
2026-01-13 11:00:00,2.39,1021.51,2.22,223.7,2.7,1.744,0.0,1.744,9
2026-01-13 12:00:00,2.37,1021.62,3.08,228.8,3.7,1.23,0.0,1.23,9
2026-01-13 13:00:00,3.64,1021.35,3.34,233.3,4.17,0.954,0.0,0.954,9
2026-01-13 14:00:00,5.32,1021.58,3.21,224.3,4.03,0.73,0.0,0.73,9
2026-01-13 15:00:00,5.76,1021.05,3.1,206.6,3.5,0.551,0.0,0.551,9
2026-01-13 16:00:00,6.27,1019.48,2.31,194.4,3.19,0.83,0.0,0.83,9
2026-01-13 17:00:00,6.13,1018.08,3.42,202.8,4.15,1.323,0.0,1.323,9
2026-01-13 18:00:00,6.18,1016.86,4.84,197.1,6.26,1.785,0.0,1.785,9
2026-01-13 19:00:00,6.13,1015.7,5.0,204.5,6.06,2.121,0.0,2.121,9
2026-01-13 20:00:00,6.41,1015.09,6.27,212.7,7.29,2.353,0.0,2.353,9
2026-01-13 21:00:00,6.41,1014.11,7.53,206.7,8.95,2.42,0.0,2.42,9
2026-01-13 22:00:00,6.67,1013.56,6.75,219.5,8.17,2.241,0.0,2.241,9
2026-01-13 23:00:00,6.7,1012.94,6.2,217.9,7.22,1.68,0.0,1.68,9
2026-01-14 00:00:00,7.08,1012.19,6.89,217.2,8.09,1.061,0.0,1.061,9
2026-01-14 01:00:00,7.76,1011.99,7.32,227.0,8.99,0.607,0.0,0.607,9
2026-01-14 02:00:00,7.39,1011.42,6.6,226.2,8.21,0.419,0.0,0.419,9
2026-01-14 03:00:00,7.39,1010.8,6.73,226.2,8.27,0.565,0.0,0.565,9
2026-01-14 04:00:00,7.07,1010.22,6.88,223.3,8.49,1.177,0.0,1.177,9
2026-01-14 05:00:00,6.54,1009.37,6.62,220.8,7.82,2.002,0.0,2.002,9
2026-01-14 06:00:00,6.94,1008.86,6.19,223.5,7.71,2.762,0.0,2.762,9
2026-01-14 07:00:00,6.57,1008.44,5.69,219.7,6.74,3.572,0.0,3.572,9
2026-01-14 08:00:00,6.08,1007.74,5.6,216.5,6.44,4.087,0.0,4.087,9
2026-01-14 09:00:00,6.11,1007.42,5.45,218.1,6.49,4.033,0.0,4.033,9
2026-01-14 10:00:00,5.99,1007.23,4.33,217.4,4.87,3.815,0.0,3.815,9
2026-01-14 11:00:00,5.65,1007.29,4.75,220.3,5.43,3.3,0.0,3.3,9
2026-01-14 12:00:00,5.58,1007.45,4.79,218.8,5.53,2.645,0.0,2.645,9
2026-01-14 13:00:00,6.01,1007.39,4.74,217.6,5.47,2.061,0.0,2.061,9
2026-01-14 14:00:00,6.68,1007.13,4.75,215.9,5.41,1.562,0.0,1.562,9
2026-01-14 15:00:00,7.12,1006.68,4.41,205.8,5.15,1.2,0.0,1.2,9
2026-01-14 16:00:00,6.83,1005.6,4.82,203.7,5.84,1.355,0.0,1.355,9
2026-01-14 17:00:00,6.78,1004.12,5.7,206.1,6.73,1.696,0.0,1.696,9
2026-01-14 18:00:00,6.97,1003.38,6.69,212.0,7.96,2.254,0.0,2.254,9
2026-01-14 19:00:00,7.67,1002.71,5.4,232.6,6.72,2.79,0.0,2.79,9
2026-01-14 20:00:00,8.07,1002.68,5.2,234.6,6.5,3.329,0.0,3.329,9
2026-01-14 21:00:00,7.59,1002.59,3.74,229.7,4.55,3.654,0.0,3.654,9
2026-01-14 22:00:00,6.92,1001.36,3.08,213.5,3.83,3.608,0.0,3.608,9
2026-01-14 23:00:00,6.9,1000.98,4.44,214.7,5.25,3.035,0.0,3.035,9
2026-01-15 00:00:00,6.84,1000.38,4.36,210.2,4.97,2.483,0.0,2.483,9
2026-01-15 01:00:00,6.9,999.78,4.85,211.5,5.65,1.983,0.0,1.983,9
2026-01-15 02:00:00,7.18,999.1,6.39,216.4,7.59,1.608,0.0,1.608,9
2026-01-15 03:00:00,7.64,998.55,6.18,223.6,7.61,1.568,0.0,1.568,9
2026-01-15 04:00:00,7.5,997.74,6.82,224.0,8.57,1.831,0.0,1.831,9
2026-01-15 05:00:00,7.3,997.02,6.29,224.5,7.94,2.453,0.0,2.453,9
2026-01-15 06:00:00,7.31,996.74,4.7,228.2,5.81,3.2,0.0,3.2,9
2026-01-15 07:00:00,6.63,996.72,2.78,224.3,3.43,4.038,0.0,4.038,9
2026-01-15 08:00:00,7.49,996.67,2.9,239.9,3.74,4.791,0.0,4.791,9
2026-01-15 09:00:00,7.74,996.83,3.73,268.5,4.92,4.997,0.0,4.997,9
2026-01-15 10:00:00,7.52,997.33,3.64,300.7,5.05,4.905,0.0,4.905,9
2026-01-15 11:00:00,6.72,998.26,6.15,320.9,8.35,4.594,0.0,4.594,9
2026-01-15 12:00:00,5.61,999.59,6.33,319.3,8.3,3.899,0.0,3.899,9
2026-01-15 13:00:00,4.23,1000.84,7.34,319.2,9.61,2.986,0.0,2.986,9
2026-01-15 14:00:00,3.06,1001.58,8.39,318.7,11.52,2.024,0.0,2.024,9
2026-01-15 15:00:00,2.69,1002.45,7.01,315.5,9.84,1.189,0.0,1.189,9
2026-01-15 16:00:00,2.23,1002.12,8.08,318.5,10.89,1.025,0.0,1.025,9
2026-01-15 17:00:00,1.92,1001.43,8.03,311.5,10.78,1.167,0.0,1.167,9
2026-01-15 18:00:00,2.15,1001.17,7.12,321.6,9.58,1.563,0.0,1.563,9
2026-01-15 19:00:00,2.15,1001.29,6.89,307.3,9.72,2.146,0.0,2.146,9
2026-01-15 20:00:00,2.02,1001.97,6.19,308.8,8.54,2.602,0.0,2.602,9
2026-01-15 21:00:00,1.46,1002.2,6.18,318.2,8.27,3.056,0.0,3.056,9
2026-01-15 22:00:00,0.55,1002.87,6.06,322.9,7.92,3.052,0.0,3.052,9
2026-01-15 23:00:00,-0.23,1003.96,5.75,329.5,7.57,2.719,0.0,2.719,9
2026-01-16 00:00:00,-1.06,1003.86,5.85,337.4,7.5,2.111,0.0,2.111,9
2026-01-16 01:00:00,-1.71,1004.92,6.47,329.9,8.58,1.247,0.0,1.247,9
2026-01-16 02:00:00,-2.37,1005.7,5.93,319.7,8.0,0.851,0.0,0.851,9
2026-01-16 03:00:00,-3.2,1005.96,7.51,324.1,10.47,0.392,0.0,0.392,9
2026-01-16 04:00:00,-3.75,1006.62,7.43,319.3,10.1,0.297,0.0,0.297,9
2026-01-16 05:00:00,-4.12,1006.99,6.82,308.4,9.15,0.802,0.0,0.802,9
2026-01-16 06:00:00,-4.01,1007.89,5.6,303.4,8.04,1.463,0.0,1.463,9
2026-01-16 07:00:00,-3.98,1009.3,4.93,293.6,6.67,2.2,0.0,2.2,9
2026-01-16 08:00:00,-3.97,1010.33,5.43,292.6,7.56,3.2,0.0,3.2,9
2026-01-16 09:00:00,-3.98,1011.3,5.48,296.3,7.64,3.827,0.0,3.827,9
2026-01-16 10:00:00,-3.92,1012.61,5.88,297.2,8.2,3.958,0.0,3.958,9
2026-01-16 11:00:00,-4.1,1014.18,4.76,292.7,6.57,3.757,0.0,3.757,9
2026-01-16 12:00:00,-4.02,1015.35,5.25,302.4,7.53,3.314,0.0,3.314,9
2026-01-16 13:00:00,-3.44,1016.15,4.98,299.7,6.74,2.446,0.0,2.446,9
2026-01-16 14:00:00,-2.5,1017.16,5.23,290.9,7.19,1.486,0.0,1.486,9
2026-01-16 15:00:00,-1.62,1017.73,6.15,290.6,8.71,0.59,0.0,0.59,9
2026-01-16 16:00:00,-0.48,1017.49,6.41,288.8,8.75,0.297,0.0,0.297,9
2026-01-16 17:00:00,0.6,1017.06,5.61,270.1,7.53,0.267,0.0,0.267,9
2026-01-16 18:00:00,1.3,1017.56,5.68,267.6,7.48,0.3,0.0,0.3,9
2026-01-16 19:00:00,1.83,1017.86,5.09,258.9,6.73,0.718,0.0,0.718,9
2026-01-16 20:00:00,2.41,1017.77,4.43,235.7,5.68,1.382,0.0,1.382,9
2026-01-16 21:00:00,1.99,1018.45,5.69,226.5,6.75,1.884,0.0,1.884,9
2026-01-16 22:00:00,1.56,1019.17,3.16,239.5,3.97,2.36,0.0,2.36,9
2026-01-16 23:00:00,1.57,1019.31,3.12,235.2,3.8,2.405,0.0,2.405,9
2026-01-17 00:00:00,1.92,1019.43,4.61,227.8,5.63,1.975,0.0,1.975,9
2026-01-17 01:00:00,2.41,1019.4,5.5,224.2,6.59,1.369,0.0,1.369,9
2026-01-17 02:00:00,3.21,1019.77,4.97,231.6,6.24,0.56,0.0,0.56,9
2026-01-17 03:00:00,2.91,1019.61,4.77,225.9,5.74,-0.127,0.0,-0.127,9
2026-01-17 04:00:00,3.19,1019.43,5.86,223.0,7.07,-0.549,0.0,-0.549,9
2026-01-17 05:00:00,4.05,1019.0,7.66,223.4,9.39,-0.432,0.0,-0.432,9
2026-01-17 06:00:00,4.34,1019.25,7.45,229.0,9.38,0.091,0.0,0.091,9
2026-01-17 07:00:00,3.65,1019.62,5.42,222.8,6.73,0.936,0.0,0.936,9
2026-01-17 08:00:00,2.95,1019.59,4.9,220.4,5.77,1.952,0.0,1.952,9
2026-01-17 09:00:00,2.97,1019.36,5.44,219.2,6.42,2.634,0.0,2.634,9
2026-01-17 10:00:00,3.25,1019.28,5.71,220.2,6.87,3.353,0.0,3.353,9
2026-01-17 11:00:00,3.17,1019.29,5.38,220.5,6.36,3.681,0.0,3.681,9
2026-01-17 12:00:00,3.3,1019.37,4.78,227.3,5.76,3.499,0.0,3.499,9
2026-01-17 13:00:00,4.51,1019.63,5.4,223.2,6.39,2.965,0.0,2.965,9
2026-01-17 14:00:00,6.23,1019.29,6.33,226.8,8.0,2.167,0.0,2.167,9
2026-01-17 15:00:00,6.69,1019.21,7.75,214.8,9.4,1.138,0.0,1.138,9
2026-01-17 16:00:00,7.58,1018.32,8.65,221.9,10.84,0.377,0.0,0.377,9
2026-01-17 17:00:00,7.42,1017.35,8.44,222.8,10.11,0.064,0.0,0.064,9
2026-01-17 18:00:00,8.88,1017.22,6.05,258.0,8.14,-0.017,0.0,-0.017,9
2026-01-17 19:00:00,9.19,1017.71,6.35,284.2,8.85,0.348,0.0,0.348,9
2026-01-17 20:00:00,8.74,1018.18,7.12,276.1,9.87,1.091,0.0,1.091,9
2026-01-17 21:00:00,8.79,1018.61,6.98,264.3,9.57,2.022,0.0,2.022,9
2026-01-17 22:00:00,8.67,1018.94,3.54,270.0,4.56,2.644,0.0,2.644,9
2026-01-17 23:00:00,8.06,1019.54,2.04,191.4,2.72,2.7,0.0,2.7,9
2026-01-18 00:00:00,6.16,1020.05,2.28,44.3,2.72,2.685,0.0,2.685,9
2026-01-18 01:00:00,5.89,1020.07,1.46,117.3,1.89,2.246,0.0,2.246,9
2026-01-18 02:00:00,5.74,1019.64,0.67,15.4,0.93,1.583,0.0,1.583,9
2026-01-18 03:00:00,5.43,1019.65,0.31,38.0,0.53,0.915,0.0,0.915,9
2026-01-18 04:00:00,5.02,1019.62,0.1,0.7,0.32,0.413,0.0,0.413,9
2026-01-18 05:00:00,5.55,1018.89,1.02,51.6,1.6,0.283,0.0,0.283,9
2026-01-18 06:00:00,5.57,1018.09,1.51,63.2,2.42,0.439,0.0,0.439,9
2026-01-18 07:00:00,5.69,1017.81,1.94,68.4,2.97,1.083,0.0,1.083,9
2026-01-18 08:00:00,5.91,1017.27,1.68,87.9,2.44,2.346,0.0,2.346,9
2026-01-18 09:00:00,5.87,1016.68,1.23,40.0,1.85,3.567,0.0,3.567,9
2026-01-18 10:00:00,5.12,1016.52,2.19,19.5,2.82,4.354,0.0,4.354,9
2026-01-18 11:00:00,5.77,1016.97,1.36,172.0,2.05,4.914,0.0,4.914,9
2026-01-18 12:00:00,5.26,1016.68,1.22,354.0,1.45,5.115,0.0,5.115,9
2026-01-18 13:00:00,5.48,1015.73,0.7,295.1,1.05,4.662,0.0,4.662,9
2026-01-18 14:00:00,5.58,1015.0,1.77,7.0,2.08,3.817,0.0,3.817,9
2026-01-18 15:00:00,5.97,1014.55,1.4,41.3,1.62,2.742,0.0,2.742,9
2026-01-18 16:00:00,6.48,1013.73,2.17,320.7,2.64,1.781,0.0,1.781,9
2026-01-18 17:00:00,5.99,1012.17,2.62,245.7,3.19,1.153,0.0,1.153,9
2026-01-18 18:00:00,5.55,1011.32,2.7,341.1,3.35,0.833,0.0,0.833,9
2026-01-18 19:00:00,5.03,1010.27,4.5,74.4,5.47,0.992,0.0,0.992,9
2026-01-18 20:00:00,4.07,1009.92,5.01,9.5,6.05,1.684,0.0,1.684,9
2026-01-18 21:00:00,3.32,1009.64,5.0,176.2,5.96,2.73,0.0,2.73,9
2026-01-18 22:00:00,2.62,1010.08,5.34,343.7,6.62,3.539,0.0,3.539,9
2026-01-18 23:00:00,1.53,1010.9,6.68,335.2,8.68,3.964,0.0,3.964,9
2026-01-19 00:00:00,1.14,1010.89,7.75,342.8,9.95,4.035,0.0,4.035,9
2026-01-19 01:00:00,1.15,1010.9,7.64,345.2,10.26,3.762,0.0,3.762,9
2026-01-19 02:00:00,0.37,1011.91,7.29,336.8,9.75,3.016,0.0,3.016,9
2026-01-19 03:00:00,-0.42,1012.69,6.77,336.7,8.71,2.206,0.0,2.206,9
2026-01-19 04:00:00,-0.96,1013.19,6.94,336.0,9.21,1.481,0.0,1.481,9
2026-01-19 05:00:00,-1.42,1013.53,7.26,336.7,9.53,0.84,0.0,0.84,9
2026-01-19 06:00:00,-1.83,1014.23,6.15,334.8,7.9,0.686,0.0,0.686,9
2026-01-19 07:00:00,-2.32,1015.01,4.52,328.5,5.79,1.102,0.0,1.102,9
2026-01-19 08:00:00,-2.95,1015.61,3.03,313.8,3.9,2.135,0.0,2.135,9
2026-01-19 09:00:00,-3.12,1016.41,2.49,315.4,3.38,2.924,0.0,2.924,9
2026-01-19 10:00:00,-3.51,1016.48,1.78,301.3,2.18,3.727,0.0,3.727,9
2026-01-19 11:00:00,-3.75,1016.95,2.21,253.7,2.74,4.519,0.0,4.519,9
2026-01-19 12:00:00,-3.37,1017.18,2.03,264.7,2.44,5.058,0.0,5.058,9
2026-01-19 13:00:00,-2.28,1017.61,2.94,227.3,3.53,5.147,0.0,5.147,9
2026-01-19 14:00:00,-0.89,1017.87,3.54,241.6,4.47,4.462,0.0,4.462,9
2026-01-19 15:00:00,0.4,1018.18,5.76,220.4,6.97,3.342,0.0,3.342,9
2026-01-19 16:00:00,1.41,1017.51,7.29,215.6,8.75,2.273,0.0,2.273,9
2026-01-19 17:00:00,2.93,1016.11,7.46,226.4,9.27,1.394,0.0,1.394,9
2026-01-19 18:00:00,3.944,1015.311,8.211,258.444,10.422,0.537,0.0,0.537,9
2026-01-19 19:00:00,4.3,1015.45,7.36,260.6,9.6,0.311,0.0,0.311,9
2026-01-19 20:00:00,4.38,1016.15,6.31,269.1,8.31,0.71,0.0,0.71,9
2026-01-19 21:00:00,4.16,1016.83,5.09,270.5,6.67,1.608,0.0,1.608,9
2026-01-19 22:00:00,3.37,1017.48,2.66,267.4,3.47,2.653,0.0,2.653,9
2026-01-19 23:00:00,2.69,1018.05,1.66,248.2,2.03,3.278,0.0,3.278,9
2026-01-20 00:00:00,2.21,1018.63,1.61,237.1,1.94,3.577,0.0,3.577,9
2026-01-20 01:00:00,2.01,1018.89,1.87,222.8,2.14,3.502,0.0,3.502,9
2026-01-20 02:00:00,1.89,1018.9,1.69,227.3,2.04,2.973,0.0,2.973,9
2026-01-20 03:00:00,2.01,1019.22,2.5,231.7,3.04,2.194,0.0,2.194,9
2026-01-20 04:00:00,1.63,1020.16,4.75,329.3,6.06,1.264,0.0,1.264,9
2026-01-20 05:00:00,1.51,1020.95,5.15,247.9,6.58,0.421,0.0,0.421,9
2026-01-20 06:00:00,1.15,1021.44,5.28,352.6,6.58,-0.258,0.0,-0.258,9
2026-01-20 07:00:00,0.52,1022.55,6.17,248.7,7.83,-0.536,0.0,-0.536,9
2026-01-20 08:00:00,-0.32,1023.38,6.9,344.3,8.93,0.062,0.0,0.062,9
2026-01-20 09:00:00,-1.2,1024.35,5.85,306.2,7.73,0.964,0.0,0.964,9
2026-01-20 10:00:00,-2.21,1025.31,5.95,338.0,7.85,2.004,0.0,2.004,9
2026-01-20 11:00:00,-3.07,1026.44,5.95,333.0,8.04,2.796,0.0,2.796,9
2026-01-20 12:00:00,-3.61,1027.91,4.54,340.0,5.9,3.309,0.0,3.309,9
2026-01-20 13:00:00,-3.92,1028.76,5.17,342.3,6.86,3.839,0.0,3.839,9
2026-01-20 14:00:00,-3.65,1029.37,4.68,336.0,6.3,3.412,0.0,3.412,9
2026-01-20 15:00:00,-3.05,1029.8,5.05,319.7,6.89,2.461,0.0,2.461,9
2026-01-20 16:00:00,-2.08,1029.56,5.03,329.0,6.98,1.246,0.0,1.246,9
2026-01-20 17:00:00,-1.27,1028.63,4.89,320.5,6.68,0.217,0.0,0.217,9
2026-01-20 18:00:00,-0.64,1028.15,5.02,318.6,6.67,-0.6,0.0,-0.6,9
2026-01-20 19:00:00,-0.18,1028.04,4.75,319.4,6.31,-0.973,0.0,-0.973,9
2026-01-20 20:00:00,0.03,1028.74,5.48,320.1,7.21,-0.689,0.0,-0.689,9
2026-01-20 21:00:00,-0.41,1029.78,4.25,319.6,5.75,0.029,0.0,0.029,9
2026-01-20 22:00:00,-1.16,1030.72,3.25,330.7,4.09,0.97,0.0,0.97,9
2026-01-20 23:00:00,-1.46,1031.55,3.65,213.3,4.61,1.762,0.0,1.762,9
2026-01-21 00:00:00,-1.67,1032.31,3.29,44.9,4.13,2.279,0.0,2.279,9
2026-01-21 01:00:00,-2.48,1033.18,1.49,51.0,2.58,2.609,0.0,2.609,9
2026-01-21 02:00:00,-2.59,1033.81,1.16,58.7,2.19,2.509,0.0,2.509,9
2026-01-21 03:00:00,-2.18,1034.2,2.38,20.8,3.45,2.026,0.0,2.026,9
2026-01-21 04:00:00,-2.12,1034.39,2.89,12.5,3.96,1.188,0.0,1.188,9
2026-01-21 05:00:00,-2.54,1034.53,1.99,48.6,2.83,0.341,0.0,0.341,9
2026-01-21 06:00:00,-2.75,1034.63,2.71,79.7,3.54,-0.477,0.0,-0.477,9
2026-01-21 07:00:00,-2.76,1034.89,3.36,78.5,4.37,-0.891,0.0,-0.891,9
2026-01-21 08:00:00,-2.88,1034.7,3.04,11.7,4.02,-0.577,0.0,-0.577,9
2026-01-21 09:00:00,-3.45,1034.94,1.49,44.6,2.46,0.215,0.0,0.215,9
2026-01-21 10:00:00,-2.94,1035.28,2.16,88.5,3.27,1.314,0.0,1.314,9
2026-01-21 11:00:00,-3.51,1035.35,1.66,211.0,2.22,2.57,0.0,2.57,9
2026-01-21 12:00:00,-2.19,1035.03,1.38,76.8,2.23,3.464,0.0,3.464,9
2026-01-21 13:00:00,0.36,1034.87,2.89,135.8,4.45,4.153,0.0,4.153,9
2026-01-21 14:00:00,1.71,1034.83,3.06,161.9,4.5,4.115,0.0,4.115,9
2026-01-21 15:00:00,2.76,1034.55,3.76,183.0,5.2,3.367,0.0,3.367,9
2026-01-21 16:00:00,3.21,1033.59,6.55,210.2,7.75,2.456,0.0,2.456,9
2026-01-21 17:00:00,3.8,1032.27,7.36,215.4,8.68,1.429,0.0,1.429,9
2026-01-21 18:00:00,4.21,1030.7,7.81,222.5,9.71,0.526,0.0,0.526,9
2026-01-21 19:00:00,4.45,1029.12,7.56,222.0,9.22,-0.07,0.0,-0.07,9
2026-01-21 20:00:00,4.76,1027.75,10.34,212.3,12.48,-0.25,0.0,-0.25,9
2026-01-21 21:00:00,4.86,1026.55,9.88,215.4,12.18,0.12,0.0,0.12,9
2026-01-21 22:00:00,4.36,1026.55,5.64,225.4,7.01,1.002,0.0,1.002,9
2026-01-21 23:00:00,3.87,1026.39,4.65,226.7,5.62,2.042,0.0,2.042,9
2026-01-22 00:00:00,4.0,1026.02,4.31,222.9,5.21,2.75,0.0,2.75,9
2026-01-22 01:00:00,4.76,1025.11,5.85,217.0,6.75,3.014,0.0,3.014,9
2026-01-22 02:00:00,4.89,1024.51,5.51,228.8,6.87,3.284,0.0,3.284,9
2026-01-22 03:00:00,5.26,1023.91,5.82,228.2,7.24,2.853,0.0,2.853,9
2026-01-22 04:00:00,5.16,1022.79,6.89,227.5,8.49,2.314,0.0,2.314,9
2026-01-22 05:00:00,5.55,1022.09,4.93,225.9,6.07,1.451,0.0,1.451,9
2026-01-22 06:00:00,5.1,1021.1,5.29,221.9,6.25,0.538,0.0,0.538,9
2026-01-22 07:00:00,7.08,1020.49,5.51,236.3,6.89,-0.139,0.0,-0.139,9
2026-01-22 08:00:00,8.38,1019.87,7.35,244.5,9.55,-0.351,0.0,-0.351,9
2026-01-22 09:00:00,8.64,1019.24,7.99,247.8,10.69,0.079,0.0,0.079,9
2026-01-22 10:00:00,8.89,1018.7,8.12,261.5,11.19,0.817,0.0,0.817,9
2026-01-22 11:00:00,8.09,1018.65,6.45,265.3,8.65,1.861,0.0,1.861,9
2026-01-22 12:00:00,7.37,1018.85,6.47,263.2,8.57,2.933,0.0,2.933,9
2026-01-22 13:00:00,7.64,1019.34,5.65,267.9,7.5,3.721,0.0,3.721,9
2026-01-22 14:00:00,8.64,1019.57,5.98,277.8,8.03,4.058,0.0,4.058,9
2026-01-22 15:00:00,10.41,1019.49,5.54,291.6,7.76,3.716,0.0,3.716,9
2026-01-22 16:00:00,10.83,1019.19,5.76,294.2,8.29,2.927,0.0,2.927,9
2026-01-22 17:00:00,11.45,1018.26,5.36,298.5,7.41,2.025,0.0,2.025,9
2026-01-22 18:00:00,12.08,1017.34,4.81,306.3,6.86,1.088,0.0,1.088,9
2026-01-22 19:00:00,12.45,1017.39,3.65,287.5,5.35,0.162,0.0,0.162,9
2026-01-22 20:00:00,12.51,1017.77,4.48,289.5,6.28,-0.259,0.0,-0.259,9
2026-01-22 21:00:00,12.02,1018.38,3.42,285.0,4.52,-0.2,0.0,-0.2,9
2026-01-22 22:00:00,10.08,1019.16,1.35,248.3,1.62,0.313,0.0,0.313,9
2026-01-22 23:00:00,8.36,1019.46,1.13,211.8,1.26,1.27,0.0,1.27,9
2026-01-23 00:00:00,6.72,1019.77,1.22,209.7,1.61,2.282,0.0,2.282,9
2026-01-23 01:00:00,6.65,1020.12,1.62,192.9,2.0,3.137,0.0,3.137,9
2026-01-23 02:00:00,6.06,1020.11,0.53,13.0,0.77,3.636,0.0,3.636,9
2026-01-23 03:00:00,4.87,1020.65,0.74,12.8,1.01,3.69,0.0,3.69,9
2026-01-23 04:00:00,4.91,1021.09,1.34,9.0,1.55,3.252,0.0,3.252,9
2026-01-23 05:00:00,4.97,1021.37,2.22,181.1,2.57,2.453,0.0,2.453,9
2026-01-23 06:00:00,4.59,1021.61,2.03,12.5,2.47,1.497,0.0,1.497,9
2026-01-23 07:00:00,4.21,1021.91,0.93,12.4,1.17,0.597,0.0,0.597,9
2026-01-23 08:00:00,3.05,1021.59,0.27,11.3,0.34,0.146,0.0,0.146,9
2026-01-23 09:00:00,2.18,1021.53,0.21,10.3,0.27,0.165,0.0,0.165,9
2026-01-23 10:00:00,1.38,1022.16,1.1,6.7,1.28,0.604,0.0,0.604,9
2026-01-23 11:00:00,1.44,1022.64,1.01,0.7,1.17,1.559,0.0,1.559,9
2026-01-23 12:00:00,1.49,1023.36,0.2,210.7,0.31,2.596,0.0,2.596,9
2026-01-23 13:00:00,2.14,1023.81,0.15,348.2,0.28,3.463,0.0,3.463,9
2026-01-23 14:00:00,4.86,1023.95,1.56,248.6,2.39,4.089,0.0,4.089,9
2026-01-23 15:00:00,5.75,1024.14,1.92,123.3,2.59,4.2,0.0,4.2,9
2026-01-23 16:00:00,5.61,1023.82,3.1,196.0,3.88,3.85,0.0,3.85,9
2026-01-23 17:00:00,6.72,1022.76,2.97,191.1,4.4,3.074,0.0,3.074,9
2026-01-23 18:00:00,6.4,1021.96,4.22,195.6,5.61,1.938,0.0,1.938,9
2026-01-23 19:00:00,6.44,1021.69,3.96,199.7,5.08,0.834,0.0,0.834,9
2026-01-23 20:00:00,6.68,1021.63,3.18,203.8,4.1,0.064,0.0,0.064,9
2026-01-23 21:00:00,6.29,1021.63,4.48,212.9,5.25,-0.288,0.0,-0.288,9
2026-01-23 22:00:00,5.66,1022.05,2.17,223.1,2.66,-0.133,0.0,-0.133,9
2026-01-23 23:00:00,4.87,1022.57,1.18,223.4,1.63,0.428,0.0,0.428,9
2026-01-24 00:00:00,4.47,1023.26,1.23,156.6,1.68,1.352,0.0,1.352,9
2026-01-24 01:00:00,4.61,1024.39,2.74,143.0,3.28,2.17,0.0,2.17,9
2026-01-24 02:00:00,3.03,1025.79,8.52,146.7,11.28,2.624,0.0,2.624,9
2026-01-24 03:00:00,0.01,1027.39,12.11,8.7,15.62,2.802,0.0,2.802,9
2026-01-24 04:00:00,-2.0,1028.667,12.411,9.333,15.989,2.516,0.0,2.516,9
2026-01-24 05:00:00,-3.7,1029.67,11.2,6.5,14.45,2.051,0.0,2.051,9
2026-01-24 06:00:00,-4.92,1030.66,10.67,39.8,13.45,1.504,0.0,1.504,9
2026-01-24 07:00:00,-6.07,1031.65,11.44,42.9,14.46,0.739,0.0,0.739,9
2026-01-24 08:00:00,-6.78,1032.45,10.07,7.2,12.8,0.273,0.0,0.273,9
2026-01-24 09:00:00,-7.36,1033.29,11.06,8.6,14.43,-0.147,0.0,-0.147,9
2026-01-24 10:00:00,-8.04,1034.53,10.51,7.4,13.74,-0.351,0.0,-0.351,9
2026-01-24 11:00:00,-8.51,1035.61,8.74,41.9,11.47,0.113,0.0,0.113,9
2026-01-24 12:00:00,-8.92,1036.56,9.11,39.9,11.93,1.081,0.0,1.081,9
2026-01-24 13:00:00,-8.63,1037.52,9.47,11.4,12.7,2.174,0.0,2.174,9
2026-01-24 14:00:00,-8.39,1038.14,9.25,15.3,13.05,3.123,0.0,3.123,9
2026-01-24 15:00:00,-8.01,1038.64,8.15,15.3,10.94,3.56,0.0,3.56,9
2026-01-24 16:00:00,-7.78,1038.5,7.23,9.4,9.45,3.646,0.0,3.646,9
2026-01-24 17:00:00,-7.69,1037.5,6.64,7.6,8.79,3.219,0.0,3.219,9
2026-01-24 18:00:00,-7.55,1036.76,6.69,81.7,8.93,2.291,0.0,2.291,9
2026-01-24 19:00:00,-7.22,1036.72,6.51,50.8,8.88,1.169,0.0,1.169,9
2026-01-24 20:00:00,-7.0,1037.31,5.65,78.8,7.33,0.142,0.0,0.142,9
2026-01-24 21:00:00,-6.9,1037.64,5.19,14.4,6.98,-0.268,0.0,-0.268,9
2026-01-24 22:00:00,-6.69,1038.03,5.09,145.9,6.45,-0.384,0.0,-0.384,9
2026-01-24 23:00:00,-6.53,1038.21,4.82,109.8,6.02,0.026,0.0,0.026,9
2026-01-25 00:00:00,-6.17,1038.26,5.0,6.7,6.39,0.684,0.0,0.684,9
2026-01-25 01:00:00,-5.87,1038.31,4.53,5.6,5.48,1.738,0.0,1.738,9
2026-01-25 02:00:00,-5.48,1038.01,4.22,11.5,5.66,2.737,0.0,2.737,9
2026-01-25 03:00:00,-4.75,1037.51,2.63,65.2,4.16,3.439,0.0,3.439,9
2026-01-25 04:00:00,-4.77,1036.74,2.94,73.1,4.69,3.857,0.0,3.857,9
2026-01-25 05:00:00,-4.9,1035.95,2.51,55.3,4.45,3.821,0.0,3.821,9
2026-01-25 06:00:00,-4.67,1034.71,3.43,38.1,5.79,3.433,0.0,3.433,9
2026-01-25 07:00:00,-3.8,1033.37,3.23,62.7,6.29,2.657,0.0,2.657,9
2026-01-25 08:00:00,-2.7,1031.75,4.53,66.8,7.82,1.822,0.0,1.822,9
2026-01-25 09:00:00,-1.89,1030.0,6.54,75.6,10.0,1.194,0.0,1.194,9
2026-01-25 10:00:00,-1.25,1029.14,6.62,80.8,10.42,0.848,0.0,0.848,9
2026-01-25 11:00:00,-0.78,1028.11,6.91,80.4,10.99,1.125,0.0,1.125,9
2026-01-25 12:00:00,-0.15,1026.61,7.8,83.8,12.51,1.64,0.0,1.64,9
2026-01-25 13:00:00,0.56,1024.99,7.94,89.6,12.57,2.546,0.0,2.546,9
2026-01-25 14:00:00,1.11,1023.4,8.06,94.8,11.89,3.641,0.0,3.641,9
2026-01-25 15:00:00,1.91,1021.51,7.76,96.2,12.03,4.417,0.0,4.417,9
2026-01-25 16:00:00,2.78,1018.56,7.68,88.3,12.04,5.067,0.0,5.067,9
2026-01-25 17:00:00,3.76,1015.52,6.8,83.6,10.58,4.988,0.0,4.988,9
2026-01-25 18:00:00,4.73,1013.56,5.41,70.4,7.88,4.428,0.0,4.428,9
2026-01-25 19:00:00,5.05,1011.12,5.44,71.8,8.53,3.959,0.0,3.959,9
2026-01-25 20:00:00,5.46,1009.8,3.02,76.4,4.9,3.051,0.0,3.051,9
2026-01-25 21:00:00,5.58,1007.8,2.22,69.3,3.37,2.121,0.0,2.121,9
2026-01-25 22:00:00,4.74,1007.36,4.44,109.1,5.38,1.72,0.0,1.72,9
2026-01-25 23:00:00,4.05,1007.52,3.85,242.0,4.81,1.869,0.0,1.869,9
2026-01-26 00:00:00,3.725,1007.438,2.413,323.875,3.038,2.304,0.0,2.304,9
2026-01-26 01:00:00,3.278,1006.556,3.167,215.444,4.044,2.812,0.0,2.812,9
2026-01-26 02:00:00,2.17,1005.7,6.04,226.9,7.8,3.682,0.0,3.682,9
2026-01-26 03:00:00,1.62,1007.11,5.88,284.5,8.1,4.677,0.0,4.677,9
2026-01-26 04:00:00,0.67,1007.41,3.83,285.0,5.28,5.447,0.0,5.447,9
2026-01-26 05:00:00,0.52,1007.57,3.12,304.6,4.34,5.548,0.0,5.548,9
2026-01-26 06:00:00,0.36,1007.62,3.98,314.8,5.42,4.875,0.0,4.875,9
2026-01-26 07:00:00,0.05,1007.8,3.14,322.3,4.08,4.177,0.0,4.177,9
2026-01-26 08:00:00,-0.32,1007.8,4.68,335.1,6.03,3.49,0.0,3.49,9
2026-01-26 09:00:00,-0.69,1008.49,2.92,309.8,3.7,2.6,0.0,2.6,9
2026-01-26 10:00:00,-0.9,1009.26,2.79,315.2,3.53,1.898,0.0,1.898,9
2026-01-26 11:00:00,-1.22,1009.69,3.52,317.2,4.29,1.457,0.0,1.457,9
2026-01-26 12:00:00,-1.52,1009.97,3.68,313.9,4.7,1.417,0.0,1.417,9
2026-01-26 13:00:00,-1.67,1010.13,5.66,330.4,7.31,1.719,0.0,1.719,9
2026-01-26 14:00:00,-1.85,1010.6,8.18,335.2,11.0,2.193,0.0,2.193,9
2026-01-26 15:00:00,-1.74,1010.69,9.57,339.5,12.35,2.806,0.0,2.806,9
2026-01-26 16:00:00,-1.64,1010.22,9.12,341.6,11.67,3.408,0.0,3.408,9
2026-01-26 17:00:00,-1.58,1009.88,8.48,332.0,11.3,3.801,0.0,3.801,9
2026-01-26 18:00:00,-1.5,1009.61,8.38,323.6,11.45,3.727,0.0,3.727,9
2026-01-26 19:00:00,-1.61,1010.42,9.31,326.1,12.59,3.427,0.0,3.427,9
2026-01-26 20:00:00,-1.62,1011.11,9.37,319.3,12.53,2.762,0.0,2.762,9
2026-01-26 21:00:00,-1.79,1011.82,9.0,318.2,12.06,2.052,0.0,2.052,9
2026-01-26 22:00:00,-2.34,1013.22,8.61,314.7,11.72,1.247,0.0,1.247,9
2026-01-26 23:00:00,-2.89,1014.7,8.13,313.6,11.54,0.666,0.0,0.666,9
2026-01-27 00:00:00,-3.42,1015.88,9.19,319.8,13.11,0.586,0.0,0.586,9
2026-01-27 01:00:00,-4.11,1017.18,8.86,323.1,11.87,0.857,0.0,0.857,9
2026-01-27 02:00:00,-4.67,1018.32,8.19,325.8,10.86,1.483,0.0,1.483,9
2026-01-27 03:00:00,-4.93,1019.45,7.02,317.8,9.68,2.507,0.0,2.507,9
2026-01-27 04:00:00,-5.29,1020.34,6.03,313.4,8.55,3.573,0.0,3.573,9
2026-01-27 05:00:00,-5.4,1021.21,5.49,309.3,7.72,4.194,0.0,4.194,9
2026-01-27 06:00:00,-5.6,1021.86,5.48,310.6,7.65,4.462,0.0,4.462,9
2026-01-27 07:00:00,-5.85,1022.41,5.65,310.1,7.47,4.18,0.0,4.18,9
2026-01-27 08:00:00,-6.28,1022.77,4.78,306.8,6.54,3.803,0.0,3.803,9
2026-01-27 09:00:00,-6.59,1023.29,4.95,309.3,6.99,3.001,0.0,3.001,9
2026-01-27 10:00:00,-6.73,1023.98,5.08,315.6,6.54,2.074,0.0,2.074,9
2026-01-27 11:00:00,-7.39,1024.31,3.0,289.0,3.99,1.457,0.0,1.457,9
2026-01-27 12:00:00,-7.82,1024.67,3.22,288.4,4.27,0.993,0.0,0.993,9
2026-01-27 13:00:00,-6.91,1024.67,3.8,301.7,5.32,0.987,0.0,0.987,9
2026-01-27 14:00:00,-5.97,1023.99,3.63,283.6,5.01,1.199,0.0,1.199,9
2026-01-27 15:00:00,-4.94,1023.26,5.35,256.7,6.89,1.621,0.0,1.621,9
2026-01-27 16:00:00,-3.85,1022.25,5.34,249.5,6.82,2.398,0.0,2.398,9
2026-01-27 17:00:00,-2.95,1020.65,5.61,241.8,7.37,2.979,0.0,2.979,9
2026-01-27 18:00:00,-2.31,1019.52,6.57,228.1,8.35,3.296,0.0,3.296,9
2026-01-27 19:00:00,-1.96,1018.39,8.33,217.1,9.95,3.297,0.0,3.297,9
2026-01-27 20:00:00,-1.16,1016.96,8.78,221.0,10.4,2.843,0.0,2.843,9
2026-01-27 21:00:00,-1.38,1016.69,7.82,252.0,10.29,2.23,0.0,2.23,9
2026-01-27 22:00:00,-2.18,1017.09,5.98,261.7,7.75,1.466,0.0,1.466,9
2026-01-27 23:00:00,-2.46,1017.51,3.84,264.1,4.82,0.603,0.0,0.603,9
2026-01-28 00:00:00,-2.81,1017.82,3.33,250.5,4.22,-0.03,0.0,-0.03,9
2026-01-28 01:00:00,-3.05,1018.06,2.56,250.0,3.17,-0.232,0.0,-0.232,9
2026-01-28 02:00:00,-3.2,1018.57,1.78,276.7,2.27,0.258,0.0,0.258,9
2026-01-28 03:00:00,-3.39,1019.8,5.56,331.7,7.4,1.135,0.0,1.135,9
2026-01-28 04:00:00,-3.87,1020.69,6.13,350.5,8.0,1.966,0.0,1.966,9
2026-01-28 05:00:00,-4.2,1021.33,5.59,338.3,7.3,2.843,0.0,2.843,9
2026-01-28 06:00:00,-4.04,1021.84,8.34,276.1,11.12,3.231,0.0,3.231,9
2026-01-28 07:00:00,-4.5,1022.86,6.12,344.4,7.81,3.822,0.0,3.822,9
2026-01-28 08:00:00,-5.19,1023.42,4.41,336.5,5.66,4.085,0.0,4.085,9
2026-01-28 09:00:00,-5.7,1023.72,5.79,330.1,7.59,3.693,0.0,3.693,9
2026-01-28 10:00:00,-6.2,1024.21,4.31,322.7,5.5,2.855,0.0,2.855,9
2026-01-28 11:00:00,-6.68,1024.13,3.87,319.0,4.99,1.653,0.0,1.653,9
2026-01-28 12:00:00,-6.94,1024.35,4.39,327.6,5.58,0.873,0.0,0.873,9
2026-01-28 13:00:00,-6.45,1024.52,5.82,311.6,7.74,0.474,0.0,0.474,9
2026-01-28 14:00:00,-6.14,1024.46,6.27,349.2,7.98,0.527,0.0,0.527,9
2026-01-28 15:00:00,-5.8,1024.17,4.53,143.3,6.11,0.568,0.0,0.568,9
2026-01-28 16:00:00,-5.19,1023.4,2.85,15.6,3.88,1.219,0.0,1.219,9
2026-01-28 17:00:00,-4.3,1021.8,3.42,168.3,4.91,1.933,0.0,1.933,9
2026-01-28 18:00:00,-3.72,1020.3,3.85,319.4,5.36,2.578,0.0,2.578,9
2026-01-28 19:00:00,-2.96,1019.39,2.7,301.6,4.12,2.985,0.0,2.985,9
2026-01-28 20:00:00,-2.44,1018.66,3.11,297.4,4.7,3.079,0.0,3.079,9
2026-01-28 21:00:00,-2.57,1018.46,2.75,303.0,3.76,2.792,0.0,2.792,9
2026-01-28 22:00:00,-2.98,1018.84,3.8,312.1,4.88,2.268,0.0,2.268,9
2026-01-28 23:00:00,-3.69,1019.34,3.41,295.1,4.66,1.481,0.0,1.481,9
2026-01-29 00:00:00,-4.14,1019.13,2.11,305.3,2.77,0.67,0.0,0.67,9
2026-01-29 01:00:00,-4.45,1018.86,2.29,334.1,2.94,0.067,0.0,0.067,9
2026-01-29 02:00:00,-4.84,1018.95,3.08,313.9,3.82,-0.002,0.0,-0.002,9
2026-01-29 03:00:00,-5.21,1019.47,3.76,344.7,4.75,0.556,0.0,0.556,9
2026-01-29 04:00:00,-5.86,1019.57,3.82,309.0,4.77,1.564,0.0,1.564,9
2026-01-29 05:00:00,-5.99,1019.51,5.05,280.4,6.47,2.59,0.0,2.59,9
2026-01-29 06:00:00,-6.3,1020.04,6.1,110.3,7.71,3.566,0.0,3.566,9
2026-01-29 07:00:00,-6.85,1020.79,5.01,141.8,6.41,4.404,0.0,4.404,9
2026-01-29 08:00:00,-7.49,1021.14,3.91,336.6,5.01,4.926,0.0,4.926,9
2026-01-29 09:00:00,-8.27,1021.54,3.09,317.6,3.89,4.763,0.0,4.763,9
2026-01-29 10:00:00,-9.17,1022.06,2.44,310.0,3.1,4.117,0.0,4.117,9
2026-01-29 11:00:00,-8.98,1022.17,4.52,330.2,5.91,3.307,0.0,3.307,9
2026-01-29 12:00:00,-8.92,1022.7,4.93,330.0,6.5,2.358,0.0,2.358,9
2026-01-29 13:00:00,-8.61,1023.12,6.2,337.2,8.4,1.581,0.0,1.581,9
2026-01-29 14:00:00,-7.81,1023.66,7.87,330.7,10.45,0.952,0.0,0.952,9
2026-01-29 15:00:00,-6.99,1023.72,7.71,330.4,10.31,0.659,0.0,0.659,9
2026-01-29 16:00:00,-6.16,1023.18,7.79,329.7,10.49,0.696,0.0,0.696,9
2026-01-29 17:00:00,-5.63,1022.32,8.89,328.1,11.68,1.193,0.0,1.193,9
2026-01-29 18:00:00,-5.32,1021.79,8.47,325.9,11.02,1.928,0.0,1.928,9
2026-01-29 19:00:00,-5.09,1021.8,7.85,330.6,10.52,2.598,0.0,2.598,9
2026-01-29 20:00:00,-4.63,1022.19,6.94,327.9,9.25,3.134,0.0,3.134,9
2026-01-29 21:00:00,-4.7,1022.5,6.76,314.4,8.95,3.375,0.0,3.375,9
2026-01-29 22:00:00,-4.85,1023.06,5.02,325.9,6.49,3.135,0.0,3.135,9
2026-01-29 23:00:00,-5.38,1023.7,4.0,334.3,5.24,2.477,0.0,2.477,9
2026-01-30 00:00:00,-5.88,1023.86,3.02,324.4,3.88,1.584,0.0,1.584,9
2026-01-30 01:00:00,-6.36,1024.08,2.78,322.2,3.49,0.649,0.0,0.649,9
2026-01-30 02:00:00,-6.73,1024.42,2.91,321.3,3.7,0.06,0.0,0.06,9
2026-01-30 03:00:00,-6.97,1024.56,2.85,314.3,3.64,0.002,0.0,0.002,9
2026-01-30 04:00:00,-6.8,1024.6,4.1,332.1,5.29,0.419,0.0,0.419,9
2026-01-30 05:00:00,-7.48,1024.49,2.7,311.1,3.38,1.39,0.0,1.39,9
2026-01-30 06:00:00,-7.51,1024.53,3.78,327.2,4.89,2.589,0.0,2.589,9
2026-01-30 07:00:00,-7.47,1024.61,3.86,330.2,5.02,3.673,0.0,3.673,9
2026-01-30 08:00:00,-8.2,1024.76,2.93,314.8,3.79,4.542,0.0,4.542,9
2026-01-30 09:00:00,-8.79,1025.01,3.04,311.5,3.82,4.957,0.0,4.957,9
2026-01-30 10:00:00,-8.83,1024.95,3.76,319.5,4.85,4.814,0.0,4.814,9
2026-01-30 11:00:00,-9.14,1024.94,3.46,322.7,4.32,4.229,0.0,4.229,9
2026-01-30 12:00:00,-9.48,1025.44,3.24,310.5,4.25,3.167,0.0,3.167,9
2026-01-30 13:00:00,-8.4,1025.96,5.84,333.4,7.53,2.167,0.0,2.167,9
2026-01-30 14:00:00,-8.14,1025.89,6.97,336.7,9.22,1.136,0.0,1.136,9
2026-01-30 15:00:00,-7.81,1025.85,6.67,309.9,8.61,0.155,0.0,0.155,9
2026-01-30 16:00:00,-7.3,1025.29,6.69,335.4,9.13,-0.23,0.0,-0.23,9
2026-01-30 17:00:00,-6.64,1024.55,6.0,319.8,8.01,0.034,0.0,0.034,9
2026-01-30 18:00:00,-6.23,1024.06,6.33,321.5,8.44,0.672,0.0,0.672,9
2026-01-30 19:00:00,-6.1,1023.68,6.0,311.6,8.11,1.506,0.0,1.506,9
2026-01-30 20:00:00,-5.98,1023.54,5.45,302.8,7.28,2.332,0.0,2.332,9
2026-01-30 21:00:00,-6.05,1023.52,5.34,318.2,7.06,2.962,0.0,2.962,9
2026-01-30 22:00:00,-6.45,1023.41,4.63,328.2,6.07,3.1,0.0,3.1,9
2026-01-30 23:00:00,-6.76,1023.93,3.18,324.4,3.97,2.818,0.0,2.818,9
2026-01-31 00:00:00,-7.09,1024.26,3.57,331.0,4.46,2.019,0.0,2.019,9
2026-01-31 01:00:00,-7.43,1024.25,3.61,330.7,4.62,1.008,0.0,1.008,9
2026-01-31 02:00:00,-7.53,1024.41,4.16,338.9,5.38,-0.021,0.0,-0.021,9
2026-01-31 03:00:00,-7.49,1024.73,4.22,242.9,5.48,-0.646,0.0,-0.646,9
2026-01-31 04:00:00,-7.88,1024.61,3.88,314.2,5.18,-0.752,0.0,-0.752,9
2026-01-31 05:00:00,-8.7,1024.48,3.17,331.0,4.06,-0.138,0.0,-0.138,9
2026-01-31 06:00:00,-8.6,1024.27,4.93,342.2,6.27,0.959,0.0,0.959,9
2026-01-31 07:00:00,-8.82,1023.98,5.72,348.4,7.51,2.211,0.0,2.211,9
2026-01-31 08:00:00,-9.07,1023.53,6.04,345.7,7.71,3.452,0.0,3.452,9
2026-01-31 09:00:00,-9.28,1023.19,5.14,348.3,6.54,4.373,0.0,4.373,9
2026-01-31 10:00:00,-9.34,1023.04,5.1,351.4,6.48,4.844,0.0,4.844,9
2026-01-31 11:00:00,-9.15,1022.8,5.29,215.5,6.55,4.949,0.0,4.949,9
2026-01-31 12:00:00,-9.13,1023.03,4.48,345.9,5.76,4.358,0.0,4.358,9
2026-01-31 13:00:00,-9.0,1022.97,4.87,352.3,6.31,3.357,0.0,3.357,9
2026-01-31 14:00:00,-8.52,1022.68,5.47,143.5,6.94,2.222,0.0,2.222,9
2026-01-31 15:00:00,-7.74,1022.07,6.52,10.4,8.52,1.179,0.0,1.179,9
2026-01-31 16:00:00,-7.07,1021.43,6.11,21.9,8.66,0.368,0.0,0.368,9
2026-01-31 17:00:00,-6.84,1020.18,5.87,28.3,8.52,0.189,0.0,0.189,9
2026-01-31 18:00:00,-6.3,1019.27,5.85,22.7,8.51,0.548,0.0,0.548,9
2026-01-31 19:00:00,-5.91,1018.45,7.3,17.1,9.9,1.328,0.0,1.328,9
2026-01-31 20:00:00,-5.74,1017.85,7.67,18.4,10.85,2.524,0.0,2.524,9
2026-01-31 21:00:00,-5.36,1017.4,7.76,16.0,10.31,3.505,0.0,3.505,9
2026-01-31 22:00:00,-4.82,1016.92,6.35,24.0,9.01,4.245,0.0,4.245,9
2026-01-31 23:00:00,-4.5,1016.13,5.87,31.9,9.22,4.498,0.0,4.498,9
2026-02-01 00:00:00,-4.5,1015.45,6.67,28.7,10.22,4.098,0.0,4.098,9
2026-02-01 01:00:00,-4.62,1014.77,8.24,21.5,12.49,3.29,0.0,3.29,9
2026-02-01 02:00:00,-4.67,1014.09,7.54,28.9,11.26,2.311,0.0,2.311,9
2026-02-01 03:00:00,-4.4,1012.94,8.84,28.9,13.64,1.612,0.0,1.612,9
2026-02-01 04:00:00,-4.22,1011.5,10.26,18.3,14.21,0.654,0.0,0.654,9
2026-02-01 05:00:00,-4.83,1009.92,11.49,10.0,15.04,0.539,0.0,0.539,9
2026-02-01 06:00:00,-5.15,1008.97,11.91,11.0,15.49,1.03,0.0,1.03,9
2026-02-01 07:00:00,-5.66,1008.85,11.66,15.9,15.84,2.315,0.0,2.315,9
2026-02-01 08:00:00,-6.15,1008.41,11.54,15.6,15.82,3.659,0.0,3.659,9
2026-02-01 09:00:00,-6.38,1007.84,12.46,12.8,16.65,4.835,0.0,4.835,9
2026-02-01 10:00:00,-6.82,1007.69,12.26,6.7,15.41,5.937,0.0,5.937,9
2026-02-01 11:00:00,-7.17,1007.83,12.17,5.9,15.71,6.511,0.0,6.511,9
2026-02-01 12:00:00,-7.51,1008.02,11.83,109.0,15.02,6.635,0.0,6.635,9
2026-02-01 13:00:00,-7.75,1009.03,11.84,352.3,15.39,5.849,0.0,5.849,9
2026-02-01 14:00:00,-7.78,1009.5,12.44,281.7,15.89,4.57,0.0,4.57,9
2026-02-01 15:00:00,-7.56,1009.96,11.1,346.6,14.58,3.272,0.0,3.272,9
2026-02-01 16:00:00,-7.19,1010.45,10.4,310.6,13.48,2.191,0.0,2.191,9
2026-02-01 17:00:00,-6.36,1010.32,9.8,339.9,12.79,1.393,0.0,1.393,9
2026-02-01 18:00:00,-6.03,1010.12,9.72,339.3,13.18,0.967,0.0,0.967,9
2026-02-01 19:00:00,-5.47,1009.97,9.57,339.1,12.95,1.292,0.0,1.292,9
2026-02-01 20:00:00,-4.84,1010.25,8.45,334.4,11.19,2.297,0.0,2.297,9
2026-02-01 21:00:00,-4.44,1010.61,8.54,333.4,10.82,3.564,0.0,3.564,9
2026-02-01 22:00:00,-3.96,1011.24,8.37,332.8,11.21,4.556,0.0,4.556,9
2026-02-01 23:00:00,-3.75,1012.13,7.15,332.8,9.5,5.103,0.0,5.103,9
2026-02-02 00:00:00,-3.72,1012.48,6.9,324.1,8.95,5.256,0.0,5.256,9
2026-02-02 01:00:00,-3.94,1012.87,4.94,320.8,6.6,4.822,0.0,4.822,9
2026-02-02 02:00:00,-3.88,1013.19,5.78,326.1,7.51,3.845,0.0,3.845,9
2026-02-02 03:00:00,-3.71,1013.81,5.9,330.4,7.79,2.81,0.0,2.81,9
2026-02-02 04:00:00,-3.68,1014.46,6.03,334.3,8.01,1.763,0.0,1.763,9
2026-02-02 05:00:00,-4.03,1015.01,6.0,338.2,7.77,0.947,0.0,0.947,9
2026-02-02 06:00:00,-4.31,1015.54,7.01,342.2,9.2,0.673,0.0,0.673,9
2026-02-02 07:00:00,-4.86,1016.15,6.02,341.5,7.91,1.147,0.0,1.147,9
2026-02-02 08:00:00,-5.28,1016.86,6.41,339.8,8.35,2.274,0.0,2.274,9
2026-02-02 09:00:00,-5.51,1017.6,6.64,339.3,8.79,3.59,0.0,3.59,9
2026-02-02 10:00:00,-5.48,1018.12,6.63,338.7,8.82,4.781,0.0,4.781,9
2026-02-02 11:00:00,-5.66,1018.57,7.23,333.4,9.44,5.683,0.0,5.683,9
2026-02-02 12:00:00,-5.71,1019.33,7.42,332.5,9.76,6.097,0.0,6.097,9
2026-02-02 13:00:00,-5.27,1019.95,7.56,334.3,10.38,6.001,0.0,6.001,9
2026-02-02 14:00:00,-4.31,1020.17,7.86,345.1,10.37,5.379,0.0,5.379,9
2026-02-02 15:00:00,-3.36,1020.17,8.13,343.6,10.42,4.18,0.0,4.18,9
2026-02-02 16:00:00,-2.14,1019.66,7.7,342.1,9.53,2.734,0.0,2.734,9
2026-02-02 17:00:00,-1.222,1019.3,6.811,324.111,9.0,1.822,0.0,1.822,9
2026-02-02 18:00:00,-0.58,1018.84,7.47,320.1,9.43,1.04,0.0,1.04,9
2026-02-02 19:00:00,0.04,1018.99,6.34,312.1,8.36,0.872,0.0,0.872,9
2026-02-02 20:00:00,0.45,1019.28,6.41,320.0,8.28,1.386,0.0,1.386,9
2026-02-02 21:00:00,0.51,1019.96,5.77,310.9,7.52,2.533,0.0,2.533,9
2026-02-02 22:00:00,-0.01,1020.6,4.31,319.8,5.27,3.849,0.0,3.849,9
2026-02-02 23:00:00,-0.62,1021.25,3.4,302.6,4.59,4.709,0.0,4.709,9
2026-02-03 00:00:00,-1.05,1021.66,2.98,301.6,4.08,5.152,0.0,5.152,9
2026-02-03 01:00:00,-1.43,1022.1,2.59,301.5,3.47,5.267,0.0,5.267,9
2026-02-03 02:00:00,-1.88,1022.38,2.5,295.7,3.23,4.644,0.0,4.644,9
2026-02-03 03:00:00,-2.45,1022.52,2.29,281.2,2.81,3.664,0.0,3.664,9
2026-02-03 04:00:00,-2.8,1022.85,2.44,288.7,3.08,2.56,0.0,2.56,9
2026-02-03 05:00:00,-2.64,1022.51,1.94,304.9,2.54,1.451,0.0,1.451,9
2026-02-03 06:00:00,-3.22,1022.46,2.14,287.1,2.63,0.725,0.0,0.725,9
2026-02-03 07:00:00,-3.46,1022.62,2.11,278.5,2.67,0.574,0.0,0.574,9
2026-02-03 08:00:00,-3.35,1022.66,1.2,268.9,1.56,1.218,0.0,1.218,9
2026-02-03 09:00:00,-3.43,1022.71,0.83,264.3,1.18,2.453,0.0,2.453,9
2026-02-03 10:00:00,-3.26,1022.86,0.45,268.7,0.72,3.679,0.0,3.679,9
2026-02-03 11:00:00,-2.86,1023.13,0.66,267.0,0.93,4.729,0.0,4.729,9
2026-02-03 12:00:00,-2.55,1023.48,0.66,260.0,1.02,5.552,0.0,5.552,9
2026-02-03 13:00:00,-0.4,1023.48,1.92,197.8,2.51,5.85,0.0,5.85,9
2026-02-03 14:00:00,0.95,1024.09,0.54,223.9,0.78,5.404,0.0,5.404,9
2026-02-03 15:00:00,1.43,1024.38,1.45,61.8,1.91,4.332,0.0,4.332,9
2026-02-03 16:00:00,2.97,1024.01,1.68,43.0,2.43,3.107,0.0,3.107,9
2026-02-03 17:00:00,2.5,1023.25,2.46,156.5,3.21,1.847,0.0,1.847,9
2026-02-03 18:00:00,2.64,1022.28,2.26,167.5,3.31,0.839,0.0,0.839,9
2026-02-03 19:00:00,2.87,1021.84,1.91,164.1,2.74,0.228,0.0,0.228,9
2026-02-03 20:00:00,2.97,1022.06,1.69,144.4,2.34,0.452,0.0,0.452,9
2026-02-03 21:00:00,2.57,1022.47,1.45,152.7,2.09,1.381,0.0,1.381,9
2026-02-03 22:00:00,1.8,1022.67,0.98,150.5,1.43,2.605,0.0,2.605,9
2026-02-03 23:00:00,1.61,1022.74,0.73,147.3,0.92,3.676,0.0,3.676,9
2026-02-04 00:00:00,1.62,1022.51,0.62,146.4,0.85,4.407,0.0,4.407,9
2026-02-04 01:00:00,1.74,1021.9,1.1,142.5,1.53,4.795,0.0,4.795,9
2026-02-04 02:00:00,1.57,1022.14,0.33,155.0,0.47,4.773,0.0,4.773,9
2026-02-04 03:00:00,1.41,1022.18,0.21,155.0,0.34,4.092,0.0,4.092,9
2026-02-04 04:00:00,1.63,1022.16,0.31,155.0,0.41,3.007,0.0,3.007,9
2026-02-04 05:00:00,1.66,1021.8,0.77,164.4,0.92,1.824,0.0,1.824,9
2026-02-04 06:00:00,1.53,1021.47,0.36,177.3,0.73,0.923,0.0,0.923,9
2026-02-04 07:00:00,1.83,1021.63,1.32,249.3,1.75,0.382,0.0,0.382,9
2026-02-04 08:00:00,1.22,1021.6,2.08,260.3,2.54,0.538,0.0,0.538,9
2026-02-04 09:00:00,0.75,1021.54,0.41,261.4,0.59,1.309,0.0,1.309,9
2026-02-04 10:00:00,0.62,1021.49,0.17,265.4,0.29,2.426,0.0,2.426,9
2026-02-04 11:00:00,0.47,1021.67,0.17,280.7,0.34,3.656,0.0,3.656,9
2026-02-04 12:00:00,0.51,1022.27,0.26,290.6,0.47,4.634,0.0,4.634,9
2026-02-04 13:00:00,0.48,1022.88,2.76,40.4,3.4,5.248,0.0,5.248,9
2026-02-04 14:00:00,0.54,1023.5,3.92,17.3,5.3,5.302,0.0,5.302,9
2026-02-04 15:00:00,1.19,1023.89,4.19,30.5,6.09,4.609,0.0,4.609,9
2026-02-04 16:00:00,1.37,1023.65,4.13,25.2,6.06,3.6,0.0,3.6,9
2026-02-04 17:00:00,1.83,1022.95,3.98,40.4,6.52,2.424,0.0,2.424,9
2026-02-04 18:00:00,1.92,1022.17,3.64,58.3,6.28,1.277,0.0,1.277,9
2026-02-04 19:00:00,1.56,1021.88,4.0,69.6,6.27,0.53,0.0,0.53,9
2026-02-04 20:00:00,1.49,1021.67,2.6,64.6,4.73,0.339,0.0,0.339,9
2026-02-04 21:00:00,1.23,1022.27,2.76,57.6,4.35,0.78,0.0,0.78,9
2026-02-04 22:00:00,1.1,1022.21,3.14,25.0,4.64,1.647,0.0,1.647,9
2026-02-04 23:00:00,0.94,1022.48,3.96,7.1,4.88,2.813,0.0,2.813,9
2026-02-05 00:00:00,0.9,1022.56,4.38,6.4,5.39,3.774,0.0,3.774,9
2026-02-05 01:00:00,0.7,1022.47,4.49,6.2,5.46,4.474,0.0,4.474,9
2026-02-05 02:00:00,0.53,1022.42,3.84,10.8,4.75,4.708,0.0,4.708,9
2026-02-05 03:00:00,0.31,1021.96,3.61,11.7,4.57,4.531,0.0,4.531,9
2026-02-05 04:00:00,0.3,1021.82,3.92,21.1,5.18,3.842,0.0,3.842,9
2026-02-05 05:00:00,0.05,1021.21,3.44,31.4,5.23,2.789,0.0,2.789,9
2026-02-05 06:00:00,-0.6,1020.98,4.28,8.7,5.46,1.766,0.0,1.766,9
2026-02-05 07:00:00,-1.34,1020.7,4.26,6.9,5.26,0.919,0.0,0.919,9
2026-02-05 08:00:00,-1.75,1019.87,5.02,11.3,6.47,0.623,0.0,0.623,9
2026-02-05 09:00:00,-1.85,1019.6,5.15,8.2,6.28,0.809,0.0,0.809,9
2026-02-05 10:00:00,-2.09,1019.66,4.66,8.6,5.83,1.563,0.0,1.563,9
2026-02-05 11:00:00,-2.19,1019.67,4.29,12.4,5.64,2.809,0.0,2.809,9
2026-02-05 12:00:00,-2.33,1019.89,5.08,14.8,6.65,3.918,0.0,3.918,9
2026-02-05 13:00:00,-2.4,1019.72,5.54,13.4,7.04,4.714,0.0,4.714,9
2026-02-05 14:00:00,-2.09,1019.63,5.4,18.9,7.36,5.062,0.0,5.062,9
2026-02-05 15:00:00,-1.7,1019.57,5.16,20.2,6.9,4.867,0.0,4.867,9
2026-02-05 16:00:00,-1.25,1018.75,4.45,26.3,6.35,4.293,0.0,4.293,9
2026-02-05 17:00:00,-0.67,1017.46,4.43,28.2,6.51,3.338,0.0,3.338,9
2026-02-05 18:00:00,-0.19,1016.3,3.67,43.5,5.98,2.198,0.0,2.198,9
2026-02-05 19:00:00,-0.13,1015.56,3.56,69.5,5.8,1.359,0.0,1.359,9
2026-02-05 20:00:00,-0.12,1015.25,3.46,69.2,5.55,0.979,0.0,0.979,9
2026-02-05 21:00:00,-0.41,1015.16,3.44,69.8,4.98,0.937,0.0,0.937,9
2026-02-05 22:00:00,-0.73,1014.92,2.21,55.1,4.05,1.447,0.0,1.447,9
2026-02-05 23:00:00,-0.93,1014.52,3.46,28.6,4.93,2.338,0.0,2.338,9
2026-02-06 00:00:00,-1.29,1013.96,4.56,12.5,5.71,3.461,0.0,3.461,9
2026-02-06 01:00:00,-1.46,1013.83,4.15,9.5,5.23,4.329,0.0,4.329,9
2026-02-06 02:00:00,-1.76,1013.16,4.16,109.4,5.1,4.954,0.0,4.954,9
2026-02-06 03:00:00,-2.26,1012.63,3.74,246.8,4.72,5.168,0.0,5.168,9
2026-02-06 04:00:00,-2.38,1012.07,4.26,77.4,5.37,4.8,0.0,4.8,9
2026-02-06 05:00:00,-2.62,1011.41,4.98,284.8,6.04,4.044,0.0,4.044,9
2026-02-06 06:00:00,-3.04,1011.52,4.33,344.4,5.42,3.035,0.0,3.035,9
2026-02-06 07:00:00,-3.43,1010.91,4.4,143.6,5.37,2.141,0.0,2.141,9
2026-02-06 08:00:00,-3.27,1010.04,4.37,110.1,5.39,1.545,0.0,1.545,9
2026-02-06 09:00:00,-3.04,1009.83,3.97,247.0,4.99,1.343,0.0,1.343,9
2026-02-06 10:00:00,-3.58,1009.69,4.07,339.5,5.12,1.693,0.0,1.693,9
2026-02-06 11:00:00,-4.3,1009.4,3.4,336.3,4.19,2.606,0.0,2.606,9
2026-02-06 12:00:00,-4.44,1009.35,3.27,335.4,4.11,3.566,0.0,3.566,9
2026-02-06 13:00:00,-3.8,1008.9,2.06,210.6,2.68,4.5,0.0,4.5,9
2026-02-06 14:00:00,-2.15,1008.04,2.19,77.3,2.67,5.058,0.0,5.058,9
2026-02-06 15:00:00,-1.13,1007.47,2.07,24.9,2.68,5.274,0.0,5.274,9
2026-02-06 16:00:00,-0.31,1006.91,1.89,69.4,2.6,5.085,0.0,5.085,9
2026-02-06 17:00:00,0.2,1006.31,1.72,138.8,2.52,4.459,0.0,4.459,9
2026-02-06 18:00:00,0.22,1005.1,2.21,136.9,3.18,3.428,0.0,3.428,9
2026-02-06 19:00:00,0.19,1004.78,1.61,152.4,2.34,2.439,0.0,2.439,9
2026-02-06 20:00:00,-0.11,1004.55,1.86,148.5,2.57,1.737,0.0,1.737,9
2026-02-06 21:00:00,0.0,1004.19,1.69,136.6,2.43,1.608,0.0,1.608,9
2026-02-06 22:00:00,0.22,1004.08,1.42,142.5,2.08,1.786,0.0,1.786,9
2026-02-06 23:00:00,0.33,1004.21,1.38,214.8,1.97,2.378,0.0,2.378,9
2026-02-07 00:00:00,-0.05,1004.72,3.51,278.9,4.48,3.279,0.0,3.279,9
2026-02-07 01:00:00,-0.47,1004.89,2.52,292.0,3.45,4.111,0.0,4.111,9
2026-02-07 02:00:00,-0.89,1004.91,2.45,306.7,3.22,4.806,0.0,4.806,9
2026-02-07 03:00:00,-1.11,1004.67,2.29,287.1,2.91,5.286,0.0,5.286,9
2026-02-07 04:00:00,-1.41,1004.33,2.2,279.7,2.74,5.22,0.0,5.22,9
2026-02-07 05:00:00,-1.66,1004.14,3.06,289.4,3.87,4.6,0.0,4.6,9
2026-02-07 06:00:00,-1.21,1004.06,3.43,303.9,4.82,3.859,0.0,3.859,9
2026-02-07 07:00:00,-0.55,1003.97,4.23,311.2,5.91,2.969,0.0,2.969,9
2026-02-07 08:00:00,-0.31,1003.53,4.04,303.5,5.54,2.147,0.0,2.147,9
2026-02-07 09:00:00,-0.09,1003.66,4.54,313.0,6.12,1.552,0.0,1.552,9
2026-02-07 10:00:00,0.09,1003.88,5.65,312.2,7.88,1.44,0.0,1.44,9
2026-02-07 11:00:00,-0.64,1004.48,9.08,314.9,13.11,1.879,0.0,1.879,9
2026-02-07 12:00:00,-2.97,1006.02,11.59,327.8,15.99,2.517,0.0,2.517,9
2026-02-07 13:00:00,-4.17,1007.4,13.84,328.5,18.76,3.24,0.0,3.24,9
2026-02-07 14:00:00,-4.67,1008.43,12.68,330.2,17.7,3.567,0.0,3.567,9
2026-02-07 15:00:00,-5.2,1009.22,12.39,323.5,16.58,3.47,0.0,3.47,9
2026-02-07 16:00:00,-5.93,1009.68,12.39,331.0,17.16,3.651,0.0,3.651,9
2026-02-07 17:00:00,-6.52,1009.73,13.2,325.5,18.29,3.658,0.0,3.658,9
2026-02-07 18:00:00,-6.51,1009.73,14.4,333.1,19.08,3.011,0.0,3.011,9
2026-02-07 19:00:00,-6.4,1010.52,13.95,327.2,19.61,2.026,0.0,2.026,9
2026-02-07 20:00:00,-6.25,1011.59,12.61,331.2,16.82,1.475,0.0,1.475,9
2026-02-07 21:00:00,-6.13,1012.64,12.69,333.2,17.79,0.958,0.0,0.958,9
2026-02-07 22:00:00,-6.28,1014.08,12.4,334.7,17.64,0.724,0.0,0.724,9
2026-02-07 23:00:00,-6.36,1015.54,10.51,333.5,13.91,1.023,0.0,1.023,9
2026-02-08 00:00:00,-6.58,1016.66,10.63,336.1,14.44,1.416,0.0,1.416,9
2026-02-08 01:00:00,-6.94,1017.75,9.8,332.2,13.01,2.277,0.0,2.277,9
2026-02-08 02:00:00,-7.26,1018.76,8.72,303.2,11.48,3.142,0.0,3.142,9
2026-02-08 03:00:00,-8.41,1019.8,9.4,142.6,12.21,4.137,0.0,4.137,9
2026-02-08 04:00:00,-8.96,1020.49,9.08,346.3,11.63,4.415,0.0,4.415,9
2026-02-08 05:00:00,-9.37,1020.75,8.88,346.1,11.55,4.479,0.0,4.479,9
2026-02-08 06:00:00,-9.53,1021.05,8.74,344.2,11.35,4.087,0.0,4.087,9
2026-02-08 07:00:00,-9.56,1021.52,8.16,340.3,10.63,3.4,0.0,3.4,9
2026-02-08 08:00:00,-9.48,1021.87,7.34,343.2,9.62,2.718,0.0,2.718,9
2026-02-08 09:00:00,-9.66,1022.43,7.31,343.7,9.49,2.092,0.0,2.092,9
2026-02-08 10:00:00,-10.04,1023.27,6.2,338.2,8.18,1.682,0.0,1.682,9
2026-02-08 11:00:00,-10.26,1024.15,6.09,334.2,8.13,1.555,0.0,1.555,9
2026-02-08 12:00:00,-10.22,1025.01,5.83,340.8,7.84,1.989,0.0,1.989,9
2026-02-08 13:00:00,-9.58,1025.44,7.74,346.8,10.66,2.423,0.0,2.423,9
2026-02-08 14:00:00,-8.83,1025.31,9.7,340.2,13.38,2.985,0.0,2.985,9
2026-02-08 15:00:00,-8.17,1024.98,9.06,337.0,12.11,3.311,0.0,3.311,9
2026-02-08 16:00:00,-7.49,1024.35,8.39,333.7,11.55,3.553,0.0,3.553,9
2026-02-08 17:00:00,-7.14,1023.82,9.29,324.2,12.52,3.723,0.0,3.723,9
2026-02-08 18:00:00,-6.61,1023.3,10.01,332.4,13.37,3.768,0.0,3.768,9
2026-02-08 19:00:00,-6.25,1023.33,9.62,334.1,12.7,3.417,0.0,3.417,9
2026-02-08 20:00:00,-6.07,1023.46,10.07,331.0,13.73,2.772,0.0,2.772,9
2026-02-08 21:00:00,-6.21,1024.14,8.5,340.6,11.32,2.091,0.0,2.091,9
2026-02-08 22:00:00,-6.66,1024.78,7.55,335.2,9.87,1.553,0.0,1.553,9
2026-02-08 23:00:00,-7.07,1025.67,7.57,333.1,10.11,1.355,0.0,1.355,9
2026-02-09 00:00:00,-7.21,1025.94,7.97,331.2,10.59,1.589,0.0,1.589,9
2026-02-09 01:00:00,-7.09,1026.0,7.58,334.0,9.99,2.093,0.0,2.093,9
2026-02-09 02:00:00,-7.07,1026.24,8.05,332.5,10.54,2.781,0.0,2.781,9
2026-02-09 03:00:00,-6.96,1026.38,7.3,331.2,9.43,3.387,0.0,3.387,9
2026-02-09 04:00:00,-6.9,1026.39,7.61,336.9,10.06,3.936,0.0,3.936,9
2026-02-09 05:00:00,-7.02,1025.95,8.5,347.4,10.95,4.39,0.0,4.39,9
2026-02-09 06:00:00,-7.34,1026.02,7.9,349.8,10.03,4.502,0.0,4.502,9
2026-02-09 07:00:00,-7.84,1026.24,6.63,340.4,8.49,4.099,0.0,4.099,9
2026-02-09 08:00:00,-8.24,1026.31,6.68,342.6,8.64,3.378,0.0,3.378,9
2026-02-09 09:00:00,-8.59,1026.61,6.19,340.0,7.9,2.699,0.0,2.699,9
2026-02-09 10:00:00,-8.93,1027.11,6.24,340.4,8.11,2.222,0.0,2.222,9
2026-02-09 11:00:00,-9.31,1027.62,6.29,340.3,8.14,1.924,0.0,1.924,9
2026-02-09 12:00:00,-9.64,1028.23,5.84,339.9,7.46,1.814,0.0,1.814,9
2026-02-09 13:00:00,-9.16,1028.29,6.53,345.6,8.13,1.967,0.0,1.967,9
2026-02-09 14:00:00,-8.18,1028.1,5.58,315.9,7.12,2.404,0.0,2.404,9
2026-02-09 15:00:00,-6.58,1028.05,4.99,278.3,6.3,2.932,0.0,2.932,9
2026-02-09 16:00:00,-4.71,1027.66,3.74,239.9,4.84,3.356,0.0,3.356,9
2026-02-09 17:00:00,-3.37,1026.58,3.76,11.6,4.92,3.694,0.0,3.694,9
2026-02-09 18:00:00,-1.67,1025.77,2.72,109.9,3.79,3.853,0.0,3.853,9
2026-02-09 19:00:00,-0.38,1024.9,2.42,142.8,3.27,3.617,0.0,3.617,9
2026-02-09 20:00:00,-0.7,1024.7,2.53,183.3,3.45,3.015,0.0,3.015,9
2026-02-09 21:00:00,-1.71,1024.63,2.12,102.7,2.74,2.376,0.0,2.376,9
2026-02-09 22:00:00,-2.27,1024.26,0.9,139.3,1.34,2.003,0.0,2.003,9
2026-02-09 23:00:00,-1.6,1024.48,1.53,277.5,2.02,1.879,0.0,1.879,9
2026-02-10 00:00:00,-2.01,1025.0,1.72,310.8,2.34,1.963,0.0,1.963,9
2026-02-10 01:00:00,-2.27,1025.24,1.65,305.9,2.21,2.171,0.0,2.171,9
2026-02-10 02:00:00,-2.61,1025.42,1.62,299.4,2.13,2.536,0.0,2.536,9
2026-02-10 03:00:00,-3.01,1024.75,1.36,300.0,1.76,2.948,0.0,2.948,9
2026-02-10 04:00:00,-3.31,1024.23,0.88,295.0,1.25,3.479,0.0,3.479,9
2026-02-10 05:00:00,-3.69,1024.09,0.76,281.3,1.04,4.032,0.0,4.032,9
2026-02-10 06:00:00,-3.8,1023.44,0.45,262.6,0.77,4.413,0.0,4.413,9
2026-02-10 07:00:00,-3.46,1023.25,0.74,256.3,1.0,4.401,0.0,4.401,9
2026-02-10 08:00:00,-2.94,1022.87,1.16,246.8,1.45,3.969,0.0,3.969,9
2026-02-10 09:00:00,-2.38,1022.23,0.3,244.0,0.56,3.304,0.0,3.304,9
2026-02-10 10:00:00,-1.51,1022.3,0.23,243.1,0.5,2.674,0.0,2.674,9
2026-02-10 11:00:00,-0.94,1022.19,0.45,225.8,0.76,2.222,0.0,2.222,9
2026-02-10 12:00:00,-0.33,1022.36,1.74,181.9,2.39,1.932,0.0,1.932,9
2026-02-10 13:00:00,0.18,1022.35,2.4,188.5,3.26,1.874,0.0,1.874,9
2026-02-10 14:00:00,0.87,1021.79,2.18,194.0,2.98,2.19,0.0,2.19,9
2026-02-10 15:00:00,1.52,1021.41,2.43,190.9,3.2,2.684,0.0,2.684,9
2026-02-10 16:00:00,1.644,1020.122,2.778,194.222,3.567,3.174,0.0,3.174,9
2026-02-10 17:00:00,2.36,1018.81,2.55,189.7,3.63,3.528,0.0,3.528,9
2026-02-10 18:00:00,1.96,1017.32,3.22,190.2,4.39,3.743,0.0,3.743,9
2026-02-10 19:00:00,1.6,1016.85,4.89,206.1,5.7,3.796,0.0,3.796,9
2026-02-10 20:00:00,2.13,1016.21,5.02,207.5,6.03,3.583,0.0,3.583,9
2026-02-10 21:00:00,2.06,1015.56,5.32,208.6,6.05,3.229,0.0,3.229,9
2026-02-10 22:00:00,2.47,1015.0,4.96,221.5,5.83,2.938,0.0,2.938,9
2026-02-10 23:00:00,2.09,1014.51,4.7,225.0,5.7,2.481,0.0,2.481,9
2026-02-11 00:00:00,2.51,1013.76,5.32,225.4,6.53,2.127,0.0,2.127,9
2026-02-11 01:00:00,1.96,1012.74,4.85,220.9,5.8,2.191,0.0,2.191,9
2026-02-11 02:00:00,1.32,1011.09,5.67,210.4,6.54,2.377,0.0,2.377,9
2026-02-11 03:00:00,2.18,1009.79,7.02,222.0,8.5,2.94,0.0,2.94,9
2026-02-11 04:00:00,3.79,1008.56,7.37,223.4,9.01,3.642,0.0,3.642,9
2026-02-11 05:00:00,2.72,1007.29,5.93,217.5,6.83,4.297,0.0,4.297,9
2026-02-11 06:00:00,2.95,1006.48,3.81,223.7,4.32,4.654,0.0,4.654,9
2026-02-11 07:00:00,6.3,1005.95,3.62,240.6,4.31,4.592,0.0,4.592,9
2026-02-11 08:00:00,9.69,1005.63,4.38,278.2,5.43,4.508,0.0,4.508,9
2026-02-11 09:00:00,9.91,1006.32,4.59,320.6,5.82,4.014,0.0,4.014,9
2026-02-11 10:00:00,8.32,1006.97,4.41,270.4,5.51,3.396,0.0,3.396,9
2026-02-11 11:00:00,6.87,1007.78,5.41,76.7,6.4,2.744,0.0,2.744,9
2026-02-11 12:00:00,5.29,1009.11,5.08,11.7,6.41,2.302,0.0,2.302,9
2026-02-11 13:00:00,4.47,1010.26,3.89,15.8,4.96,2.08,0.0,2.08,9
2026-02-11 14:00:00,4.55,1010.74,3.01,21.0,4.03,2.163,0.0,2.163,9
2026-02-11 15:00:00,4.99,1011.02,3.47,18.1,4.54,2.168,0.0,2.168,9
2026-02-11 16:00:00,6.85,1010.66,3.51,98.2,4.76,2.597,0.0,2.597,9
2026-02-11 17:00:00,8.88,1009.88,6.1,327.6,8.16,3.336,0.0,3.336,9
2026-02-11 18:00:00,8.48,1009.59,6.97,335.6,9.02,3.574,0.0,3.574,9
2026-02-11 19:00:00,8.88,1009.52,6.62,325.3,8.9,3.645,0.0,3.645,9
2026-02-11 20:00:00,9.5,1009.93,5.69,313.7,7.85,3.523,0.0,3.523,9
2026-02-11 21:00:00,8.65,1010.62,6.48,329.9,8.84,3.164,0.0,3.164,9
2026-02-11 22:00:00,7.03,1011.69,5.95,339.3,8.0,2.77,0.0,2.77,9
2026-02-11 23:00:00,6.12,1012.69,4.48,334.0,5.92,2.282,0.0,2.282,9
2026-02-12 00:00:00,5.3,1013.29,5.75,339.7,7.79,1.748,0.0,1.748,9
2026-02-12 01:00:00,4.75,1013.53,7.71,347.2,10.48,1.373,0.0,1.373,9
2026-02-12 02:00:00,4.07,1014.23,6.47,342.8,8.93,1.386,0.0,1.386,9
2026-02-12 03:00:00,3.72,1014.44,6.18,343.6,7.97,1.786,0.0,1.786,9
2026-02-12 04:00:00,3.27,1014.89,4.02,332.1,5.44,2.342,0.0,2.342,9
2026-02-12 05:00:00,2.689,1015.367,4.1,337.111,5.378,2.924,0.0,2.924,9
2026-02-12 06:00:00,2.48,1015.74,3.83,331.8,5.02,3.519,0.0,3.519,9
2026-02-12 07:00:00,2.68,1015.89,6.31,331.4,8.62,3.949,0.0,3.949,9
2026-02-12 08:00:00,2.38,1016.08,6.84,335.5,8.95,4.064,0.0,4.064,9
2026-02-12 09:00:00,2.04,1016.53,5.92,334.1,7.79,3.875,0.0,3.875,9
2026-02-12 10:00:00,1.45,1017.01,6.24,351.6,8.07,3.387,0.0,3.387,9
2026-02-12 11:00:00,1.08,1017.6,5.46,304.1,6.99,2.82,0.0,2.82,9
2026-02-12 12:00:00,0.86,1018.5,5.55,334.0,7.28,2.107,0.0,2.107,9
2026-02-12 13:00:00,0.71,1019.06,5.92,324.6,7.66,1.75,0.0,1.75,9
2026-02-12 14:00:00,0.84,1019.26,6.59,333.8,8.82,1.442,0.0,1.442,9
2026-02-12 15:00:00,1.18,1018.85,8.18,333.9,11.1,1.354,0.0,1.354,9
2026-02-12 16:00:00,1.43,1018.48,8.07,338.5,10.86,1.545,0.0,1.545,9
2026-02-12 17:00:00,1.84,1017.85,8.5,326.0,11.3,2.064,0.0,2.064,9
2026-02-12 18:00:00,2.22,1017.47,7.88,312.0,10.5,2.594,0.0,2.594,9
2026-02-12 19:00:00,2.49,1017.56,7.82,318.1,10.25,2.906,0.0,2.906,9
2026-02-12 20:00:00,2.55,1017.66,7.45,327.7,10.2,3.06,0.0,3.06,9
2026-02-12 21:00:00,2.31,1018.1,6.84,337.4,9.27,3.071,0.0,3.071,9
2026-02-12 22:00:00,1.97,1018.58,6.25,339.8,8.0,2.984,0.0,2.984,9
2026-02-12 23:00:00,1.47,1019.57,4.05,327.9,5.4,2.624,0.0,2.624,9
2026-02-13 00:00:00,0.49,1020.22,2.28,307.5,2.96,2.119,0.0,2.119,9
2026-02-13 01:00:00,-0.1,1020.29,2.74,307.4,3.55,1.506,0.0,1.506,9
2026-02-13 02:00:00,-0.4,1020.36,3.92,313.4,5.23,1.352,0.0,1.352,9
2026-02-13 03:00:00,-0.48,1020.36,4.51,322.9,5.76,1.57,0.0,1.57,9
2026-02-13 04:00:00,-0.76,1020.37,4.16,325.1,5.31,2.056,0.0,2.056,9
2026-02-13 05:00:00,-0.9,1020.43,4.4,327.0,5.5,2.693,0.0,2.693,9
2026-02-13 06:00:00,-1.12,1020.65,4.5,329.6,5.88,3.341,0.0,3.341,9
2026-02-13 07:00:00,-1.43,1020.84,4.95,330.4,6.45,4.114,0.0,4.114,9
2026-02-13 08:00:00,-1.62,1020.9,4.62,329.1,6.15,4.701,0.0,4.701,9
2026-02-13 09:00:00,-1.85,1021.22,4.05,330.4,5.11,4.713,0.0,4.713,9
2026-02-13 10:00:00,-2.18,1021.82,3.61,328.2,4.5,4.444,0.0,4.444,9
2026-02-13 11:00:00,-2.59,1022.48,3.06,321.3,4.01,3.945,0.0,3.945,9
2026-02-13 12:00:00,-2.45,1023.1,3.71,330.3,4.75,3.352,0.0,3.352,9
2026-02-13 13:00:00,-2.0,1023.43,5.87,316.1,7.22,2.646,0.0,2.646,9
2026-02-13 14:00:00,-1.72,1023.66,6.99,146.0,8.6,1.992,0.0,1.992,9
2026-02-13 15:00:00,-1.3,1023.52,5.89,111.0,7.39,1.509,0.0,1.509,9
2026-02-13 16:00:00,-0.55,1023.35,5.45,74.7,6.96,1.533,0.0,1.533,9
2026-02-13 17:00:00,0.362,1022.862,4.875,95.625,6.688,1.851,0.0,1.851,9
2026-02-13 18:00:00,1.21,1022.37,4.26,207.7,5.57,2.316,0.0,2.316,9
2026-02-13 19:00:00,1.69,1021.99,4.29,13.7,5.71,2.814,0.0,2.814,9
2026-02-13 20:00:00,1.16,1021.99,2.51,103.6,4.12,3.278,0.0,3.278,9
2026-02-13 21:00:00,0.63,1022.28,2.71,86.5,3.72,3.56,0.0,3.56,9
2026-02-13 22:00:00,0.18,1022.64,1.18,120.4,1.81,3.505,0.0,3.505,9
2026-02-13 23:00:00,-0.68,1023.39,1.89,230.2,2.23,3.135,0.0,3.135,9
2026-02-14 00:00:00,-1.16,1023.5,1.47,240.9,1.74,2.49,0.0,2.49,9
2026-02-14 01:00:00,-1.1,1023.71,0.59,244.4,0.88,1.776,0.0,1.776,9
2026-02-14 02:00:00,-1.47,1023.65,1.06,247.8,1.27,1.319,0.0,1.319,9
2026-02-14 03:00:00,-2.03,1023.41,1.1,247.1,1.38,1.154,0.0,1.154,9
2026-02-14 04:00:00,-2.33,1023.42,0.95,247.7,1.32,1.352,0.0,1.352,9
2026-02-14 05:00:00,-2.18,1023.34,1.05,247.6,1.38,1.824,0.0,1.824,9
2026-02-14 06:00:00,-2.31,1023.44,1.34,247.4,1.61,2.572,0.0,2.572,9
2026-02-14 07:00:00,-2.77,1023.31,1.57,244.0,1.85,3.386,0.0,3.386,9
2026-02-14 08:00:00,-2.56,1022.93,2.61,249.3,3.06,4.09,0.0,4.09,9
2026-02-14 09:00:00,-2.33,1022.95,3.02,246.6,3.74,4.517,0.0,4.517,9
2026-02-14 10:00:00,-1.85,1023.04,3.1,249.2,3.64,4.489,0.0,4.489,9
2026-02-14 11:00:00,-1.7,1023.23,2.52,238.5,3.14,4.123,0.0,4.123,9
2026-02-14 12:00:00,-0.86,1023.2,3.15,237.2,3.89,3.485,0.0,3.485,9
2026-02-14 13:00:00,0.59,1023.05,3.8,235.5,4.87,2.625,0.0,2.625,9
2026-02-14 14:00:00,2.46,1022.88,4.47,240.7,5.5,1.751,0.0,1.751,9
2026-02-14 15:00:00,4.91,1022.57,4.82,240.3,5.91,0.981,0.0,0.981,9
2026-02-14 16:00:00,6.74,1021.68,6.57,257.5,8.08,0.707,0.0,0.707,9
2026-02-14 17:00:00,8.67,1020.5,5.97,256.1,7.75,0.834,0.0,0.834,9
2026-02-14 18:00:00,10.0,1019.5,6.367,268.667,8.322,1.173,0.0,1.173,9
2026-02-14 19:00:00,10.36,1019.04,5.86,266.6,7.57,1.792,0.0,1.792,9
2026-02-14 20:00:00,9.02,1019.01,4.38,245.1,6.07,2.541,0.0,2.541,9
2026-02-14 21:00:00,3.95,1019.26,3.97,202.4,4.95,3.139,0.0,3.139,9
2026-02-14 22:00:00,3.24,1019.79,3.85,214.9,4.4,3.425,0.0,3.425,9
2026-02-14 23:00:00,5.14,1020.1,2.8,231.1,3.24,3.361,0.0,3.361,9
2026-02-15 00:00:00,4.56,1020.49,3.03,227.9,3.43,2.92,0.0,2.92,9
2026-02-15 01:00:00,4.85,1020.43,4.72,227.1,5.88,2.17,0.0,2.17,9
2026-02-15 02:00:00,3.53,1020.29,4.45,213.6,5.07,1.546,0.0,1.546,9
2026-02-15 03:00:00,4.14,1019.84,5.04,215.9,5.85,1.141,0.0,1.141,9
2026-02-15 04:00:00,3.54,1019.5,4.3,219.4,4.97,1.017,0.0,1.017,9
2026-02-15 05:00:00,2.64,1019.54,2.44,206.0,2.86,1.291,0.0,1.291,9
2026-02-15 06:00:00,1.94,1019.28,3.16,213.6,3.52,1.955,0.0,1.955,9
2026-02-15 07:00:00,2.48,1019.11,2.65,223.4,2.97,2.889,0.0,2.889,9
2026-02-15 08:00:00,4.1,1018.59,2.44,238.2,2.91,3.882,0.0,3.882,9
2026-02-15 09:00:00,2.26,1018.06,1.67,226.0,1.92,4.697,0.0,4.697,9
2026-02-15 10:00:00,2.88,1018.13,1.24,211.6,1.47,5.056,0.0,5.056,9
2026-02-15 11:00:00,1.86,1018.31,1.83,196.3,2.3,5.017,0.0,5.017,9
2026-02-15 12:00:00,2.09,1018.69,2.36,207.1,2.84,4.568,0.0,4.568,9
2026-02-15 13:00:00,2.8,1018.47,1.48,198.7,1.93,3.751,0.0,3.751,9
2026-02-15 14:00:00,2.93,1018.38,1.9,189.7,2.57,2.764,0.0,2.764,9
2026-02-15 15:00:00,3.32,1018.26,1.87,187.1,2.69,1.826,0.0,1.826,9
2026-02-15 16:00:00,3.17,1018.04,3.4,199.5,4.2,1.168,0.0,1.168,9
2026-02-15 17:00:00,3.69,1017.46,2.32,187.8,3.2,1.051,0.0,1.051,9
2026-02-15 18:00:00,9.3,1017.17,3.61,257.0,4.69,1.314,0.0,1.314,9
2026-02-15 19:00:00,5.98,1017.07,2.44,222.6,3.18,1.878,0.0,1.878,9
2026-02-15 20:00:00,4.06,1016.72,1.48,199.9,1.9,2.773,0.0,2.773,9
2026-02-15 21:00:00,4.11,1016.39,1.4,186.0,2.1,3.588,0.0,3.588,9
2026-02-15 22:00:00,2.28,1016.06,1.51,188.1,2.07,4.155,0.0,4.155,9
2026-02-15 23:00:00,2.45,1015.44,1.46,171.7,2.04,4.301,0.0,4.301,9
2026-02-16 00:00:00,2.71,1014.98,1.24,149.6,1.98,4.051,0.0,4.051,9
2026-02-16 01:00:00,3.35,1014.46,2.96,106.8,3.95,3.382,0.0,3.382,9
2026-02-16 02:00:00,3.69,1013.72,3.27,84.2,4.9,2.679,0.0,2.679,9
2026-02-16 03:00:00,3.98,1013.5,4.0,79.7,5.8,1.987,0.0,1.987,9
2026-02-16 04:00:00,4.09,1012.24,4.87,68.7,7.26,1.452,0.0,1.452,9
2026-02-16 05:00:00,4.25,1011.35,3.12,51.8,5.52,1.361,0.0,1.361,9
2026-02-16 06:00:00,4.57,1011.22,3.21,55.2,6.42,1.819,0.0,1.819,9
2026-02-16 07:00:00,4.42,1010.7,5.19,34.0,8.66,2.883,0.0,2.883,9
2026-02-16 08:00:00,3.69,1010.63,5.52,29.5,8.6,3.959,0.0,3.959,9
2026-02-16 09:00:00,2.83,1011.31,5.73,22.7,8.37,4.997,0.0,4.997,9
2026-02-16 10:00:00,2.63,1012.11,7.1,23.4,10.5,5.656,0.0,5.656,9
2026-02-16 11:00:00,2.46,1013.2,8.34,24.6,12.2,5.998,0.0,5.998,9
2026-02-16 12:00:00,2.98,1014.29,9.27,28.5,13.5,5.881,0.0,5.881,9
2026-02-16 13:00:00,2.02,1015.99,9.12,26.5,13.49,5.201,0.0,5.201,9
2026-02-16 14:00:00,2.23,1017.18,8.54,24.9,12.99,4.174,0.0,4.174,9
2026-02-16 15:00:00,2.05,1018.2,8.02,23.6,12.27,3.126,0.0,3.126,9
2026-02-16 16:00:00,2.23,1018.64,7.27,24.4,11.77,2.165,0.0,2.165,9
2026-02-16 17:00:00,2.15,1018.97,7.9,19.7,11.12,1.66,0.0,1.66,9
2026-02-16 18:00:00,2.44,1019.67,5.91,23.3,9.45,1.547,0.0,1.547,9
2026-02-16 19:00:00,2.36,1020.35,4.88,30.4,7.61,1.982,0.0,1.982,9
2026-02-16 20:00:00,2.14,1020.87,3.98,33.5,6.23,2.744,0.0,2.744,9
2026-02-16 21:00:00,1.94,1021.62,2.32,57.4,4.07,3.669,0.0,3.669,9
2026-02-16 22:00:00,1.49,1022.16,2.32,68.9,3.97,4.346,0.0,4.346,9
2026-02-16 23:00:00,1.43,1022.92,2.35,69.2,3.87,4.717,0.0,4.717,9
2026-02-17 00:00:00,1.56,1023.27,1.43,72.2,2.64,4.664,0.0,4.664,9
2026-02-17 01:00:00,1.4,1023.51,1.42,144.0,1.8,4.089,0.0,4.089,9
2026-02-17 02:00:00,1.43,1023.37,0.34,213.6,0.59,3.194,0.0,3.194,9
2026-02-17 03:00:00,0.8,1023.13,0.33,103.4,0.59,2.283,0.0,2.283,9
2026-02-17 04:00:00,0.3,1023.19,0.61,195.0,0.81,1.438,0.0,1.438,9
2026-02-17 05:00:00,-0.12,1023.28,0.6,257.6,0.88,0.802,0.0,0.802,9
2026-02-17 06:00:00,0.37,1023.53,1.42,236.8,1.82,0.798,0.0,0.798,9
2026-02-17 07:00:00,1.04,1023.58,2.07,254.0,2.57,1.511,0.0,1.511,9
2026-02-17 08:00:00,1.23,1023.41,2.45,250.3,3.12,2.503,0.0,2.503,9
2026-02-17 09:00:00,1.34,1023.59,1.86,234.8,2.39,3.698,0.0,3.698,9
2026-02-17 10:00:00,1.33,1023.76,2.33,221.4,2.98,4.589,0.0,4.589,9
2026-02-17 11:00:00,1.28,1023.72,3.48,213.4,4.01,5.228,0.0,5.228,9
2026-02-17 12:00:00,1.41,1023.77,3.86,229.9,4.91,5.505,0.0,5.505,9
2026-02-17 13:00:00,1.52,1023.79,4.24,230.6,5.17,5.143,0.0,5.143,9
2026-02-17 14:00:00,1.73,1023.71,4.01,234.0,4.99,4.215,0.0,4.215,9
2026-02-17 15:00:00,1.99,1023.41,4.51,223.0,5.45,2.979,0.0,2.979,9
2026-02-17 16:00:00,1.85,1022.88,5.78,212.2,6.49,1.787,0.0,1.787,9
2026-02-17 17:00:00,2.03,1021.97,5.19,205.3,6.17,0.927,0.0,0.927,9
2026-02-17 18:00:00,1.6,1021.3,5.5,201.5,6.6,0.526,0.0,0.526,9
2026-02-17 19:00:00,1.74,1020.89,4.8,199.8,6.03,0.654,0.0,0.654,9
2026-02-17 20:00:00,1.72,1020.84,4.03,197.2,5.38,1.336,0.0,1.336,9
2026-02-17 21:00:00,1.34,1021.08,4.55,200.9,5.52,2.409,0.0,2.409,9
2026-02-17 22:00:00,1.23,1021.05,3.5,208.0,4.16,3.491,0.0,3.491,9
2026-02-17 23:00:00,0.96,1021.21,2.98,202.5,3.57,4.179,0.0,4.179,9
2026-02-18 00:00:00,0.5,1021.26,3.41,202.7,4.11,4.422,0.0,4.422,9
2026-02-18 01:00:00,0.43,1021.0,2.5,203.8,3.05,4.274,0.0,4.274,9
2026-02-18 02:00:00,0.22,1021.0,2.82,208.4,3.33,3.532,0.0,3.532,9
2026-02-18 03:00:00,0.49,1020.39,2.47,201.4,2.88,2.493,0.0,2.493,9
2026-02-18 04:00:00,0.61,1019.6,2.1,194.0,2.63,1.485,0.0,1.485,9
2026-02-18 05:00:00,0.79,1018.97,2.08,200.8,2.49,0.666,0.0,0.666,9
2026-02-18 06:00:00,1.35,1018.32,2.04,196.4,2.6,0.387,0.0,0.387,9
2026-02-18 07:00:00,1.57,1017.53,2.03,197.8,2.63,0.638,0.0,0.638,9
2026-02-18 08:00:00,1.64,1016.6,2.46,199.4,2.94,1.57,0.0,1.57,9
2026-02-18 09:00:00,1.74,1016.14,2.87,202.6,3.43,2.807,0.0,2.807,9
2026-02-18 10:00:00,1.86,1015.48,3.48,192.7,4.4,3.926,0.0,3.926,9
2026-02-18 11:00:00,1.93,1014.51,3.71,201.4,4.36,4.926,0.0,4.926,9
2026-02-18 12:00:00,2.01,1013.99,4.88,206.6,5.55,5.429,0.0,5.429,9
2026-02-18 13:00:00,2.4,1013.54,4.78,206.6,5.52,5.51,0.0,5.51,9
2026-02-18 14:00:00,3.57,1012.99,5.1,207.0,5.81,4.943,0.0,4.943,9
2026-02-18 15:00:00,4.13,1012.21,6.28,210.8,7.17,3.765,0.0,3.765,9
2026-02-18 16:00:00,3.4,1010.99,5.49,209.9,6.18,2.452,0.0,2.452,9
2026-02-18 17:00:00,2.97,1009.35,5.13,202.3,6.13,1.387,0.0,1.387,9
2026-02-18 18:00:00,4.2,1008.05,4.23,197.3,5.23,0.662,0.0,0.662,9
2026-02-18 19:00:00,5.56,1007.99,3.33,196.2,4.19,0.49,0.0,0.49,9
2026-02-18 20:00:00,12.6,1007.8,4.32,244.9,5.71,1.04,0.0,1.04,9
2026-02-18 21:00:00,11.88,1007.52,3.7,236.0,4.9,2.081,0.0,2.081,9
2026-02-18 22:00:00,4.78,1007.82,2.37,177.7,3.21,3.29,0.0,3.29,9
2026-02-18 23:00:00,5.72,1008.37,3.32,220.5,4.02,4.293,0.0,4.293,9
2026-02-19 00:00:00,12.45,1007.93,4.94,256.1,6.27,4.859,0.0,4.859,9
2026-02-19 01:00:00,13.91,1008.24,6.03,268.6,7.85,4.981,0.0,4.981,9
2026-02-19 02:00:00,13.83,1008.53,5.54,274.6,7.55,4.486,0.0,4.486,9
2026-02-19 03:00:00,13.69,1008.7,3.97,280.7,5.22,3.745,0.0,3.745,9
2026-02-19 04:00:00,11.94,1009.29,0.53,168.5,1.0,2.727,0.0,2.727,9
2026-02-19 05:00:00,7.44,1009.7,0.29,192.3,0.61,1.609,0.0,1.609,9
2026-02-19 06:00:00,6.94,1010.26,1.12,53.7,1.78,0.939,0.0,0.939,9
2026-02-19 07:00:00,5.34,1011.24,2.81,19.9,3.74,0.649,0.0,0.649,9
2026-02-19 08:00:00,4.311,1011.756,3.133,24.333,4.967,1.201,0.0,1.201,9
2026-02-19 09:00:00,3.28,1012.55,3.84,29.8,5.76,2.15,0.0,2.15,9
2026-02-19 10:00:00,1.3,1013.43,4.28,36.4,6.93,3.362,0.0,3.362,9
2026-02-19 11:00:00,1.92,1014.21,2.81,62.3,5.41,4.538,0.0,4.538,9
2026-02-19 12:00:00,2.26,1015.25,1.82,66.5,3.01,5.309,0.0,5.309,9
2026-02-19 13:00:00,2.41,1015.93,1.74,23.3,2.4,5.706,0.0,5.706,9
2026-02-19 14:00:00,2.8,1016.52,2.42,18.3,3.0,5.428,0.0,5.428,9
2026-02-19 15:00:00,3.44,1016.44,3.01,15.2,3.77,4.602,0.0,4.602,9
2026-02-19 16:00:00,4.43,1016.12,2.77,41.7,4.32,3.276,0.0,3.276,9
2026-02-19 17:00:00,4.69,1015.57,2.15,45.9,3.87,2.099,0.0,2.099,9
2026-02-19 18:00:00,4.51,1015.13,3.62,20.7,5.14,1.139,0.0,1.139,9
2026-02-19 19:00:00,4.48,1014.62,4.19,58.3,7.01,0.598,0.0,0.598,9
2026-02-19 20:00:00,3.63,1013.38,4.15,68.1,7.12,0.714,0.0,0.714,9
2026-02-19 21:00:00,4.07,1013.38,3.04,55.7,5.06,1.543,0.0,1.543,9
2026-02-19 22:00:00,4.57,1013.45,4.85,30.7,7.83,2.88,0.0,2.88,9
2026-02-19 23:00:00,3.72,1014.09,3.9,47.3,7.35,4.201,0.0,4.201,9
2026-02-20 00:00:00,3.75,1013.36,5.2,68.8,8.4,4.844,0.0,4.844,9
2026-02-20 01:00:00,4.16,1012.98,3.61,55.5,6.61,5.304,0.0,5.304,9
2026-02-20 02:00:00,3.97,1012.32,2.84,55.3,5.82,5.331,0.0,5.331,9
2026-02-20 03:00:00,4.38,1012.25,2.86,58.5,5.31,4.849,0.0,4.849,9
2026-02-20 04:00:00,5.5,1011.97,3.58,75.7,5.34,3.905,0.0,3.905,9
2026-02-20 05:00:00,5.87,1012.09,2.97,66.9,4.64,2.631,0.0,2.631,9
2026-02-20 06:00:00,6.5,1011.43,3.18,79.7,4.84,1.513,0.0,1.513,9
2026-02-20 07:00:00,6.69,1011.06,2.25,63.2,3.54,0.989,0.0,0.989,9
2026-02-20 08:00:00,4.98,1010.83,3.12,25.4,4.33,0.963,0.0,0.963,9
2026-02-20 09:00:00,5.01,1009.79,2.41,57.7,4.75,1.701,0.0,1.701,9
2026-02-20 10:00:00,4.0,1008.85,3.3,68.9,5.67,2.616,0.0,2.616,9
2026-02-20 11:00:00,4.5,1007.62,3.19,101.9,4.82,3.986,0.0,3.986,9
2026-02-20 12:00:00,5.71,1006.88,3.61,131.2,5.43,5.022,0.0,5.022,9
2026-02-20 13:00:00,5.85,1006.06,2.66,162.4,3.66,5.952,0.0,5.952,9
2026-02-20 14:00:00,5.23,1004.85,2.26,189.5,2.91,6.06,0.0,6.06,9
2026-02-20 15:00:00,6.55,1005.07,2.96,248.6,3.95,5.365,0.0,5.365,9
2026-02-20 16:00:00,7.92,1004.64,3.48,146.9,4.51,4.385,0.0,4.385,9
2026-02-20 17:00:00,6.85,1002.76,0.73,25.9,1.36,3.464,0.0,3.464,9
2026-02-20 18:00:00,6.72,1002.05,2.08,199.9,3.25,2.239,0.0,2.239,9
2026-02-20 19:00:00,13.01,1001.75,5.46,280.6,6.98,1.523,0.0,1.523,9
2026-02-20 20:00:00,13.75,1001.35,5.15,281.7,6.73,1.524,0.0,1.524,9
2026-02-20 21:00:00,13.4,1001.3,4.2,271.7,5.44,1.481,0.0,1.481,9
2026-02-20 22:00:00,11.84,1002.15,4.16,265.6,5.27,2.545,0.0,2.545,9
2026-02-20 23:00:00,10.55,1002.79,4.74,258.1,5.73,3.611,0.0,3.611,9
2026-02-21 00:00:00,9.44,1003.19,3.92,241.6,4.55,4.633,0.0,4.633,9
2026-02-21 01:00:00,9.52,1003.65,4.62,231.4,5.71,5.372,0.0,5.372,9
2026-02-21 02:00:00,13.96,1004.3,6.5,263.9,8.58,5.895,0.0,5.895,9
2026-02-21 03:00:00,6.7,1005.92,2.43,61.3,3.27,5.648,0.0,5.648,9
2026-02-21 04:00:00,4.37,1007.12,1.21,38.8,1.66,4.807,0.0,4.807,9
2026-02-21 05:00:00,4.06,1008.04,1.15,24.4,1.66,3.617,0.0,3.617,9
2026-02-21 06:00:00,3.0,1008.94,0.74,38.7,1.12,2.428,0.0,2.428,9
2026-02-21 07:00:00,2.58,1009.3,2.1,20.8,2.69,1.511,0.0,1.511,9
2026-02-21 08:00:00,2.31,1009.54,2.37,10.0,2.96,1.064,0.0,1.064,9
2026-02-21 09:00:00,1.84,1011.13,0.62,111.0,0.97,1.261,0.0,1.261,9
2026-02-21 10:00:00,1.38,1012.57,1.19,209.9,1.52,1.781,0.0,1.781,9
2026-02-21 11:00:00,1.57,1013.38,0.55,200.9,1.0,2.823,0.0,2.823,9
2026-02-21 12:00:00,2.67,1014.39,0.53,199.4,0.79,3.633,0.0,3.633,9
2026-02-21 13:00:00,4.04,1015.69,1.83,48.5,2.35,4.549,0.0,4.549,9
2026-02-21 14:00:00,5.43,1016.12,1.83,29.7,2.5,5.101,0.0,5.101,9
2026-02-21 15:00:00,4.96,1016.36,1.52,182.6,2.27,5.029,0.0,5.029,9
2026-02-21 16:00:00,5.75,1016.38,2.42,144.3,3.51,4.395,0.0,4.395,9
2026-02-21 17:00:00,5.66,1016.05,2.12,153.6,3.17,3.359,0.0,3.359,9
2026-02-21 18:00:00,6.35,1016.1,1.96,135.7,2.81,2.183,0.0,2.183,9
2026-02-21 19:00:00,5.85,1016.09,1.61,150.6,2.41,1.203,0.0,1.203,9
2026-02-21 20:00:00,5.54,1016.6,1.96,179.3,2.57,0.501,0.0,0.501,9
2026-02-21 21:00:00,5.63,1017.23,2.68,214.9,3.07,0.497,0.0,0.497,9
2026-02-21 22:00:00,5.58,1017.56,2.28,219.3,2.64,1.192,0.0,1.192,9
2026-02-21 23:00:00,4.79,1018.07,1.48,224.3,1.88,2.259,0.0,2.259,9
2026-02-22 00:00:00,4.81,1018.34,0.12,235.6,0.31,3.414,0.0,3.414,9
2026-02-22 01:00:00,4.6,1018.61,0.01,235.1,0.04,4.369,0.0,4.369,9
2026-02-22 02:00:00,3.85,1018.76,0.65,176.3,0.82,5.003,0.0,5.003,9
2026-02-22 03:00:00,2.98,1018.71,1.11,150.4,1.39,5.237,0.0,5.237,9
2026-02-22 04:00:00,3.03,1018.58,1.72,114.8,2.27,4.914,0.0,4.914,9
2026-02-22 05:00:00,3.34,1018.07,1.85,112.0,2.76,4.165,0.0,4.165,9
2026-02-22 06:00:00,4.42,1017.49,2.62,95.6,3.85,3.215,0.0,3.215,9
2026-02-22 07:00:00,4.05,1016.79,2.64,92.8,4.27,2.206,0.0,2.206,9
2026-02-22 08:00:00,4.06,1016.48,2.57,99.8,3.79,1.545,0.0,1.545,9
2026-02-22 09:00:00,4.77,1015.71,3.64,77.3,5.6,1.029,0.0,1.029,9
2026-02-22 10:00:00,4.1,1015.59,3.17,65.7,4.94,1.268,0.0,1.268,9
2026-02-22 11:00:00,4.51,1015.9,3.85,69.2,6.06,1.866,0.0,1.866,9
2026-02-22 12:00:00,4.42,1014.89,3.48,61.9,6.19,3.18,0.0,3.18,9
2026-02-22 13:00:00,4.16,1014.05,3.04,66.2,6.07,4.09,0.0,4.09,9
2026-02-22 14:00:00,3.89,1013.28,5.03,73.8,8.11,4.831,0.0,4.831,9
2026-02-22 15:00:00,3.93,1012.46,6.89,86.0,10.57,5.351,0.0,5.351,9
2026-02-22 16:00:00,3.21,1010.58,6.13,77.3,9.78,5.191,0.0,5.191,9
2026-02-22 17:00:00,2.62,1009.74,5.19,78.9,8.36,4.758,0.0,4.758,9
2026-02-22 18:00:00,1.91,1008.58,5.29,57.2,8.98,3.787,0.0,3.787,9
2026-02-22 19:00:00,1.3,1007.28,5.12,35.3,8.41,2.95,0.0,2.95,9
2026-02-22 20:00:00,0.72,1005.69,5.37,36.7,9.77,2.019,0.0,2.019,9
2026-02-22 21:00:00,0.61,1004.34,4.62,37.1,8.28,1.664,0.0,1.664,9
2026-02-22 22:00:00,0.59,1003.06,5.77,36.7,9.94,1.987,0.0,1.987,9
2026-02-22 23:00:00,0.78,1002.42,8.96,27.5,13.88,2.737,0.0,2.737,9
2026-02-23 00:00:00,0.88,1001.05,12.91,13.4,18.14,3.809,0.0,3.809,9
2026-02-23 01:00:00,0.33,999.78,13.81,39.1,18.53,4.956,0.0,4.956,9
2026-02-23 02:00:00,-0.01,998.24,15.75,285.8,20.8,5.797,0.0,5.797,9
2026-02-23 03:00:00,-0.13,996.98,17.1,286.2,22.42,6.316,0.0,6.316,9
2026-02-23 04:00:00,-0.27,996.94,16.44,350.8,21.93,6.602,0.0,6.602,9
2026-02-23 05:00:00,-0.31,997.51,14.13,354.0,18.07,6.348,0.0,6.348,9
2026-02-23 06:00:00,-0.46,997.99,13.52,344.8,17.7,5.751,0.0,5.751,9
2026-02-23 07:00:00,-0.5,998.56,12.79,339.2,17.64,4.81,0.0,4.81,9
2026-02-23 08:00:00,-0.58,999.59,10.89,331.5,15.35,3.623,0.0,3.623,9
2026-02-23 09:00:00,-0.63,1000.53,10.2,328.2,13.46,2.739,0.0,2.739,9
2026-02-23 10:00:00,-0.62,1001.24,10.6,328.5,14.41,2.247,0.0,2.247,9
2026-02-23 11:00:00,-0.42,1001.63,10.43,329.1,14.1,2.232,0.0,2.232,9
2026-02-23 12:00:00,-0.3,1001.96,10.07,324.0,13.35,2.675,0.0,2.675,9
2026-02-23 13:00:00,-0.19,1002.26,9.85,325.5,13.06,3.358,0.0,3.358,9
2026-02-23 14:00:00,-0.07,1002.6,9.83,325.6,12.75,4.304,0.0,4.304,9
2026-02-23 15:00:00,0.0,1003.16,9.62,326.2,13.11,5.1,0.0,5.1,9
2026-02-23 16:00:00,0.11,1003.69,9.6,327.0,13.01,5.487,0.0,5.487,9
2026-02-23 17:00:00,0.69,1004.14,9.67,329.7,13.13,5.537,0.0,5.537,9
2026-02-23 18:00:00,1.55,1004.8,8.67,325.9,11.77,4.863,0.0,4.863,9
2026-02-23 19:00:00,1.93,1005.62,8.14,323.8,10.81,4.028,0.0,4.028,9
2026-02-23 20:00:00,2.56,1006.31,7.84,325.3,10.26,3.135,0.0,3.135,9
2026-02-23 21:00:00,2.98,1007.14,8.24,326.6,10.63,2.406,0.0,2.406,9
2026-02-23 22:00:00,3.24,1008.21,8.03,327.8,10.85,2.189,0.0,2.189,9
2026-02-23 23:00:00,3.17,1009.26,7.36,328.1,10.12,2.319,0.0,2.319,9
2026-02-24 00:00:00,2.92,1010.07,6.48,325.8,8.52,2.877,0.0,2.877,9
2026-02-24 01:00:00,2.78,1010.65,7.11,329.7,9.64,3.536,0.0,3.536,9
2026-02-24 02:00:00,2.51,1011.16,6.66,327.2,8.76,4.409,0.0,4.409,9
2026-02-24 03:00:00,2.26,1011.52,6.6,327.8,8.65,5.238,0.0,5.238,9
2026-02-24 04:00:00,1.85,1011.98,5.57,320.4,7.68,5.845,0.0,5.845,9
2026-02-24 05:00:00,1.3,1012.51,4.65,316.3,6.45,5.84,0.0,5.84,9
2026-02-24 06:00:00,0.98,1013.04,5.19,317.5,7.03,5.408,0.0,5.408,9
2026-02-24 07:00:00,0.6,1013.27,5.4,314.4,7.22,4.632,0.0,4.632,9
2026-02-24 08:00:00,0.52,1013.4,6.89,322.9,9.21,3.56,0.0,3.56,9
2026-02-24 09:00:00,0.21,1014.05,5.56,322.7,7.42,2.481,0.0,2.481,9
2026-02-24 10:00:00,-0.2,1014.69,5.15,325.2,6.87,1.68,0.0,1.68,9
2026-02-24 11:00:00,-0.73,1015.47,6.48,324.3,8.78,1.291,0.0,1.291,9
2026-02-24 12:00:00,-1.19,1016.28,6.85,326.3,9.42,1.43,0.0,1.43,9
2026-02-24 13:00:00,-1.24,1016.73,7.52,323.8,10.27,1.904,0.0,1.904,9
2026-02-24 14:00:00,-0.87,1016.63,7.74,325.9,10.15,2.65,0.0,2.65,9
2026-02-24 15:00:00,-0.36,1016.49,7.61,319.7,10.35,3.276,0.0,3.276,9
2026-02-24 16:00:00,-0.14,1016.6,7.37,329.9,9.74,3.749,0.0,3.749,9
2026-02-24 17:00:00,-0.03,1016.36,6.34,307.8,8.67,3.899,0.0,3.899,9
2026-02-24 18:00:00,0.4,1016.02,5.9,316.6,7.93,3.628,0.0,3.628,9
2026-02-24 19:00:00,0.66,1015.68,5.67,301.1,7.71,3.03,0.0,3.03,9
2026-02-24 20:00:00,1.08,1015.35,5.85,301.3,7.96,2.329,0.0,2.329,9
2026-02-24 21:00:00,1.35,1015.36,4.46,298.5,6.17,1.595,0.0,1.595,9
2026-02-24 22:00:00,1.34,1015.74,1.96,290.4,2.66,1.059,0.0,1.059,9
2026-02-24 23:00:00,1.04,1015.76,0.11,291.7,0.25,0.769,0.0,0.769,9
2026-02-25 00:00:00,0.71,1015.97,0.27,276.7,0.47,0.927,0.0,0.927,9
2026-02-25 01:00:00,0.43,1016.43,2.31,253.5,2.78,1.368,0.0,1.368,9
2026-02-25 02:00:00,0.92,1016.18,4.43,206.9,5.3,2.284,0.0,2.284,9
2026-02-25 03:00:00,1.0,1015.47,4.92,191.1,6.44,3.252,0.0,3.252,9
2026-02-25 04:00:00,1.18,1014.79,5.83,200.7,7.19,3.942,0.0,3.942,9
2026-02-25 05:00:00,1.11,1014.19,5.53,219.9,6.49,4.471,0.0,4.471,9
2026-02-25 06:00:00,1.46,1013.41,5.89,213.5,6.72,4.515,0.0,4.515,9
2026-02-25 07:00:00,1.53,1012.57,7.04,212.4,8.06,4.138,0.0,4.138,9
2026-02-25 08:00:00,1.96,1011.25,7.95,212.7,9.33,3.431,0.0,3.431,9
2026-02-25 09:00:00,2.3,1010.32,8.49,217.6,10.14,2.57,0.0,2.57,9
2026-02-25 10:00:00,2.3,1009.35,8.93,216.4,10.61,1.622,0.0,1.622,9
2026-02-25 11:00:00,2.72,1009.18,8.07,223.9,10.09,0.92,0.0,0.92,9
2026-02-25 12:00:00,3.0,1008.86,8.98,226.1,11.28,0.439,0.0,0.439,9
2026-02-25 13:00:00,2.93,1008.44,8.17,223.8,10.3,0.604,0.0,0.604,9
2026-02-25 14:00:00,3.59,1008.15,7.45,227.0,9.11,0.811,0.0,0.811,9
2026-02-25 15:00:00,4.08,1007.84,7.14,220.3,8.64,1.383,0.0,1.383,9
2026-02-25 16:00:00,4.47,1007.75,6.33,214.5,7.38,2.005,0.0,2.005,9
2026-02-25 17:00:00,7.27,1007.05,5.73,248.5,7.55,2.514,0.0,2.514,9
2026-02-25 18:00:00,8.21,1006.49,6.65,248.7,8.48,2.815,0.0,2.815,9
2026-02-25 19:00:00,8.86,1006.24,7.15,250.5,9.3,2.789,0.0,2.789,9
2026-02-25 20:00:00,7.3,1006.08,5.84,230.5,7.34,2.531,0.0,2.531,9
2026-02-25 21:00:00,4.77,1006.18,4.72,208.2,5.48,2.028,0.0,2.028,9
2026-02-25 22:00:00,3.16,1006.62,5.31,207.1,6.24,1.456,0.0,1.456,9
2026-02-25 23:00:00,3.31,1007.23,4.02,213.7,4.58,0.906,0.0,0.906,9
2026-02-26 00:00:00,3.06,1008.05,4.35,214.8,5.16,0.545,0.0,0.545,9
2026-02-26 01:00:00,5.6,1008.68,5.15,227.4,6.28,0.551,0.0,0.551,9
2026-02-26 02:00:00,4.47,1008.95,3.61,217.9,4.2,1.277,0.0,1.277,9
2026-02-26 03:00:00,3.26,1008.92,3.5,204.1,4.17,2.261,0.0,2.261,9
2026-02-26 04:00:00,2.65,1008.79,3.51,206.3,4.0,3.223,0.0,3.223,9
2026-02-26 05:00:00,2.83,1009.23,3.61,213.5,4.15,4.075,0.0,4.075,9
2026-02-26 06:00:00,4.98,1009.77,4.24,223.2,4.94,4.692,0.0,4.692,9
2026-02-26 07:00:00,4.12,1009.93,3.35,221.2,3.84,4.844,0.0,4.844,9
2026-02-26 08:00:00,3.84,1010.0,3.66,216.8,4.13,4.526,0.0,4.526,9
2026-02-26 09:00:00,4.43,1010.5,2.31,225.2,2.66,3.823,0.0,3.823,9
2026-02-26 10:00:00,5.59,1010.86,1.39,229.6,1.74,3.048,0.0,3.048,9
2026-02-26 11:00:00,4.01,1011.29,1.77,213.8,2.12,2.258,0.0,2.258,9
2026-02-26 12:00:00,3.43,1011.95,1.66,211.2,2.08,1.495,0.0,1.495,9
2026-02-26 13:00:00,5.3,1012.43,0.42,207.6,0.65,0.998,0.0,0.998,9
2026-02-26 14:00:00,4.56,1012.86,1.17,123.1,1.7,1.063,0.0,1.063,9
2026-02-26 15:00:00,4.73,1012.78,0.59,137.7,0.91,1.394,0.0,1.394,9
2026-02-26 16:00:00,4.41,1012.63,1.35,72.0,1.71,2.001,0.0,2.001,9
2026-02-26 17:00:00,4.47,1011.74,1.44,30.2,1.74,2.633,0.0,2.633,9
2026-02-26 18:00:00,4.44,1010.95,2.08,22.5,2.61,3.213,0.0,3.213,9
2026-02-26 19:00:00,4.52,1010.46,2.36,23.6,3.12,3.573,0.0,3.573,9
2026-02-26 20:00:00,4.32,1010.45,2.56,19.7,3.72,3.61,0.0,3.61,9
2026-02-26 21:00:00,4.04,1010.6,3.3,24.6,4.86,3.354,0.0,3.354,9
2026-02-26 22:00:00,3.75,1011.3,3.94,30.3,5.56,2.804,0.0,2.804,9
2026-02-26 23:00:00,3.69,1011.9,3.53,50.0,5.72,2.146,0.0,2.146,9
2026-02-27 00:00:00,4.02,1012.32,3.67,56.6,5.5,1.366,0.0,1.366,9
2026-02-27 01:00:00,4.35,1013.19,2.91,32.7,5.0,0.955,0.0,0.955,9
2026-02-27 02:00:00,4.03,1014.06,2.65,21.7,3.96,1.064,0.0,1.064,9
2026-02-27 03:00:00,4.11,1014.26,2.31,12.6,3.04,1.575,0.0,1.575,9
2026-02-27 04:00:00,3.98,1014.73,2.14,8.4,2.7,2.415,0.0,2.415,9
2026-02-27 05:00:00,3.82,1015.16,1.68,1.3,2.0,3.384,0.0,3.384,9
2026-02-27 06:00:00,3.45,1015.71,1.19,1.7,1.46,4.267,0.0,4.267,9
2026-02-27 07:00:00,3.09,1015.58,1.89,1.4,2.19,4.82,0.0,4.82,9
2026-02-27 08:00:00,2.77,1015.66,1.51,3.7,1.72,5.0,0.0,5.0,9
2026-02-27 09:00:00,2.53,1016.56,1.26,7.2,1.5,4.738,0.0,4.738,9
2026-02-27 10:00:00,2.08,1017.48,1.41,5.5,1.6,4.241,0.0,4.241,9
2026-02-27 11:00:00,1.3,1018.32,1.09,3.1,1.19,3.317,0.0,3.317,9
2026-02-27 12:00:00,1.47,1018.84,2.34,10.3,2.77,2.467,0.0,2.467,9
2026-02-27 13:00:00,2.03,1019.67,1.8,11.8,2.19,1.718,0.0,1.718,9
2026-02-27 14:00:00,2.95,1020.27,1.56,12.7,1.86,1.171,0.0,1.171,9
2026-02-27 15:00:00,3.9,1020.65,1.67,10.1,1.9,0.967,0.0,0.967,9
2026-02-27 16:00:00,4.3,1020.43,1.68,48.3,2.44,1.164,0.0,1.164,9
2026-02-27 17:00:00,4.22,1020.27,1.59,39.6,1.92,1.845,0.0,1.845,9
2026-02-27 18:00:00,4.75,1019.79,2.38,56.9,3.22,2.617,0.0,2.617,9
2026-02-27 19:00:00,4.43,1019.7,1.82,70.3,2.8,3.275,0.0,3.275,9
2026-02-27 20:00:00,3.92,1019.83,1.8,71.7,2.7,3.747,0.0,3.747,9
2026-02-27 21:00:00,4.55,1019.99,1.04,74.9,1.75,3.856,0.0,3.856,9
2026-02-27 22:00:00,3.77,1019.87,0.88,73.5,1.31,3.557,0.0,3.557,9
2026-02-27 23:00:00,3.01,1020.05,0.45,64.2,0.67,2.869,0.0,2.869,9
2026-02-28 00:00:00,3.02,1020.51,1.17,68.3,1.65,2.04,0.0,2.04,9
2026-02-28 01:00:00,2.96,1020.75,1.23,57.3,1.95,1.257,0.0,1.257,9
2026-02-28 02:00:00,2.77,1020.85,1.29,45.7,1.81,0.689,0.0,0.689,9
2026-02-28 03:00:00,2.97,1020.64,1.66,29.8,2.12,0.564,0.0,0.564,9
2026-02-28 04:00:00,3.14,1020.4,1.64,34.5,2.48,1.092,0.0,1.092,9
2026-02-28 05:00:00,3.38,1020.38,2.39,89.5,3.23,2.007,0.0,2.007,9
2026-02-28 06:00:00,3.7,1019.92,2.21,93.7,3.11,3.167,0.0,3.167,9
2026-02-28 07:00:00,2.22,1019.64,0.49,76.1,0.81,4.157,0.0,4.157,9
2026-02-28 08:00:00,1.48,1019.35,0.63,76.0,0.77,4.904,0.0,4.904,9
2026-02-28 09:00:00,1.31,1019.23,0.66,76.0,0.8,5.169,0.0,5.169,9
2026-02-28 10:00:00,1.13,1019.5,1.6,46.5,1.96,4.979,0.0,4.979,9
2026-02-28 11:00:00,1.11,1019.78,2.06,15.6,2.4,4.42,0.0,4.42,9
2026-02-28 12:00:00,1.53,1019.51,2.4,16.5,2.7,3.476,0.0,3.476,9
2026-02-28 13:00:00,2.77,1019.81,2.73,18.7,3.35,2.526,0.0,2.526,9
2026-02-28 14:00:00,4.27,1019.91,1.51,20.4,1.99,1.651,0.0,1.651,9
2026-02-28 15:00:00,6.73,1019.61,1.55,31.2,2.46,0.976,0.0,0.976,9
2026-02-28 16:00:00,6.82,1019.22,2.44,27.3,3.05,0.736,0.0,0.736,9
2026-02-28 17:00:00,8.31,1018.81,2.6,74.3,3.73,1.049,0.0,1.049,9
2026-02-28 18:00:00,7.32,1018.19,3.11,82.5,3.95,1.822,0.0,1.822,9
2026-02-28 19:00:00,8.29,1017.57,2.16,74.4,2.96,2.745,0.0,2.745,9
2026-02-28 20:00:00,9.29,1016.69,1.97,80.2,2.77,3.423,0.0,3.423,9
2026-02-28 21:00:00,7.2,1016.47,2.26,85.6,3.3,4.004,0.0,4.004,9
2026-02-28 22:00:00,6.98,1016.93,0.84,72.8,1.55,4.253,0.0,4.253,9
2026-02-28 23:00:00,5.95,1017.03,0.08,50.3,0.27,3.932,0.0,3.932,9
2026-03-01 00:00:00,5.24,1017.47,0.3,104.8,0.59,3.067,0.0,3.067,9
2026-03-01 01:00:00,4.67,1017.76,0.29,124.0,0.44,2.0,0.0,2.0,9
2026-03-01 02:00:00,4.56,1017.88,0.1,124.0,0.15,1.122,0.0,1.122,9
2026-03-01 03:00:00,3.73,1017.68,0.04,124.0,0.07,0.618,0.0,0.618,9
2026-03-01 04:00:00,3.54,1017.33,0.17,124.0,0.3,0.55,0.0,0.55,9
2026-03-01 05:00:00,4.11,1017.09,0.26,124.1,0.37,1.045,0.0,1.045,9
2026-03-01 06:00:00,4.65,1017.02,0.26,178.8,0.47,2.065,0.0,2.065,9
2026-03-01 07:00:00,4.37,1016.81,0.32,179.0,0.58,3.327,0.0,3.327,9
2026-03-01 08:00:00,3.08,1016.6,1.79,190.0,2.1,4.418,0.0,4.418,9
2026-03-01 09:00:00,2.89,1016.32,2.13,196.1,2.8,5.138,0.0,5.138,9
2026-03-01 10:00:00,2.81,1016.44,2.02,202.3,2.41,5.474,0.0,5.474,9
2026-03-01 11:00:00,2.63,1016.75,2.33,196.8,2.79,5.238,0.0,5.238,9
2026-03-01 12:00:00,3.31,1017.37,1.37,195.7,1.77,4.513,0.0,4.513,9
2026-03-01 13:00:00,6.52,1018.49,2.18,251.2,3.41,3.35,0.0,3.35,9
2026-03-01 14:00:00,7.43,1019.3,3.79,105.1,4.75,2.212,0.0,2.212,9
2026-03-01 15:00:00,5.46,1020.76,5.96,25.5,8.82,1.162,0.0,1.162,9
2026-03-01 16:00:00,4.79,1021.61,6.01,31.1,9.32,0.487,0.0,0.487,9
2026-03-01 17:00:00,5.16,1021.96,6.25,30.7,10.17,0.365,0.0,0.365,9
2026-03-01 18:00:00,5.19,1021.95,4.92,50.4,8.7,0.989,0.0,0.989,9
2026-03-01 19:00:00,4.72,1022.43,3.97,66.9,7.19,1.966,0.0,1.966,9
2026-03-01 20:00:00,4.25,1023.36,3.67,65.0,6.51,2.971,0.0,2.971,9
2026-03-01 21:00:00,3.68,1024.33,3.56,68.9,6.23,3.862,0.0,3.862,9
