timestamp,air_temp,air_pressure,wind_speed,wind_direction,wind_gust,water_level,etss_tide,surge_residual,storm_block_id
2021-01-01 00:00:00,15.1,1020.8,2.7,110.0,3.1,5.272,0.0,5.272,0
2021-01-01 01:00:00,14.1,1021.0,2.8,115.0,3.2,6.49,0.0,6.49,0
2021-01-01 02:00:00,14.9,1021.7,1.7,102.0,1.8,6.903,0.0,6.903,0
2021-01-01 03:00:00,14.3,1022.1,1.6,102.0,1.8,6.194,0.0,6.194,0
2021-01-01 04:00:00,14.4,1022.4,1.7,106.0,1.9,5.062,0.0,5.062,0
2021-01-01 05:00:00,14.0,1022.2,1.6,107.0,1.9,3.478,0.0,3.478,0
2021-01-01 06:00:00,14.0,1021.7,2.4,107.0,2.6,1.788,0.0,1.788,0
2021-01-01 07:00:00,15.4,1022.0,0.9,118.0,1.1,0.443,0.0,0.443,0
2021-01-01 08:00:00,15.5,1022.2,0.7,112.0,1.0,-0.351,0.0,-0.351,0
2021-01-01 09:00:00,17.2,1022.0,1.2,167.0,1.7,0.197,0.0,0.197,0
2021-01-01 10:00:00,16.8,1022.2,0.9,217.0,1.2,1.713,0.0,1.713,0
2021-01-01 11:00:00,16.3,1021.9,1.7,158.0,2.2,3.55,0.0,3.55,0
2021-01-01 12:00:00,16.8,1021.9,1.3,210.0,2.1,5.469,0.0,5.469,0
2021-01-01 13:00:00,17.3,1022.3,2.6,168.0,4.4,6.857,0.0,6.857,0
2021-01-01 14:00:00,17.9,1022.9,2.2,223.0,3.3,7.539,0.0,7.539,0
2021-01-01 15:00:00,18.5,1023.2,1.4,185.0,2.7,7.392,0.0,7.392,0
2021-01-01 16:00:00,20.8,1022.7,3.5,186.0,7.3,6.535,0.0,6.535,0
2021-01-01 17:00:00,21.5,1021.6,3.7,188.0,7.1,5.141,0.0,5.141,0
2021-01-01 18:00:00,21.8,1020.5,4.1,172.0,7.1,3.478,0.0,3.478,0
2021-01-01 19:00:00,21.8,1019.6,4.8,194.0,8.1,1.68,0.0,1.68,0
2021-01-01 20:00:00,20.9,1019.3,3.3,179.0,7.0,0.259,0.0,0.259,0
2021-01-01 21:00:00,20.2,1019.1,3.5,182.0,6.1,-0.085,0.0,-0.085,0
2021-01-01 22:00:00,19.5,1019.4,3.3,197.0,5.5,0.423,0.0,0.423,0
2021-01-01 23:00:00,18.7,1019.3,3.2,186.0,5.0,2.152,0.0,2.152,0
2021-01-02 00:00:00,18.7,1018.9,4.5,200.0,8.0,4.009,0.0,4.009,0
2021-01-02 01:00:00,18.6,1019.0,4.8,213.0,6.6,5.531,0.0,5.531,0
2021-01-02 02:00:00,18.0,1019.5,4.6,214.0,6.5,6.368,0.0,6.368,0
2021-01-02 03:00:00,17.6,1019.6,3.7,218.0,5.8,6.381,0.0,6.381,0
2021-01-02 04:00:00,18.6,1019.8,4.2,217.0,6.2,5.676,0.0,5.676,0
2021-01-02 05:00:00,18.0,1019.5,1.7,217.0,2.6,4.318,0.0,4.318,0
2021-01-02 06:00:00,17.3,1019.3,1.3,225.0,1.8,2.822,0.0,2.822,0
2021-01-02 07:00:00,16.6,1019.1,1.2,166.0,1.9,1.25,0.0,1.25,0
2021-01-02 08:00:00,16.4,1018.8,1.0,180.0,1.8,0.01,0.0,0.01,0
2021-01-02 09:00:00,16.8,1018.4,0.8,172.0,1.5,-0.696,0.0,-0.696,0
2021-01-02 10:00:00,16.4,1018.4,1.8,194.0,3.0,0.371,0.0,0.371,0
2021-01-02 11:00:00,16.7,1018.9,2.0,227.0,2.9,1.896,0.0,1.896,0
2021-01-02 12:00:00,16.9,1018.8,2.3,205.0,4.2,3.796,0.0,3.796,0
2021-01-02 13:00:00,18.6,1017.7,4.6,200.0,6.7,5.577,0.0,5.577,0
2021-01-02 14:00:00,17.0,1018.9,3.6,212.0,5.3,6.775,0.0,6.775,0
2021-01-02 15:00:00,17.1,1019.7,2.7,219.0,3.8,7.32,0.0,7.32,0
2021-01-02 16:00:00,17.7,1019.8,2.6,212.0,3.5,7.051,0.0,7.051,0
2021-01-02 17:00:00,17.8,1019.3,3.3,214.0,4.7,6.01,0.0,6.01,0
2021-01-02 18:00:00,17.8,1018.9,3.1,214.0,4.5,4.56,0.0,4.56,0
2021-01-02 19:00:00,18.4,1018.0,3.7,218.0,5.2,2.513,0.0,2.513,0
2021-01-02 20:00:00,19.2,1017.5,2.5,200.0,3.7,0.597,0.0,0.597,0
2021-01-02 21:00:00,18.2,1017.8,2.1,204.0,3.9,-0.577,0.0,-0.577,0
2021-01-02 22:00:00,17.6,1017.2,1.0,163.0,2.0,-0.659,0.0,-0.659,0
2021-01-02 23:00:00,17.2,1017.1,2.0,206.0,2.9,0.725,0.0,0.725,0
2021-01-03 00:00:00,17.1,1017.1,1.2,168.0,1.9,2.536,0.0,2.536,0
2021-01-03 01:00:00,17.5,1017.1,1.2,201.0,2.1,4.383,0.0,4.383,0
2021-01-03 02:00:00,19.1,1017.2,3.1,171.0,5.9,5.771,0.0,5.771,0
2021-01-03 03:00:00,18.3,1016.4,3.2,190.0,6.9,6.381,0.0,6.381,0
2021-01-03 04:00:00,17.9,1015.3,3.2,185.0,6.5,6.155,0.0,6.155,0
2021-01-03 05:00:00,17.5,1014.9,2.8,217.0,4.2,5.305,0.0,5.305,0
2021-01-03 06:00:00,17.1,1014.3,3.6,218.0,5.4,4.003,0.0,4.003,0
2021-01-03 07:00:00,17.7,1014.3,4.2,203.0,5.9,2.661,0.0,2.661,0
2021-01-03 08:00:00,17.5,1014.4,3.3,226.0,4.8,1.119,0.0,1.119,0
2021-01-03 09:00:00,17.0,1014.9,8.8,307.0,10.2,0.115,0.0,0.115,0
2021-01-03 10:00:00,15.4,1015.2,2.8,260.0,4.6,-0.2,0.0,-0.2,0
2021-01-03 11:00:00,14.7,1015.1,2.6,288.0,2.9,0.505,0.0,0.505,0
2021-01-03 12:00:00,15.1,1015.8,1.7,254.0,2.9,1.998,0.0,1.998,0
2021-01-03 13:00:00,15.4,1016.5,2.4,264.0,3.3,3.924,0.0,3.924,0
2021-01-03 14:00:00,15.5,1017.4,3.6,277.0,4.4,5.604,0.0,5.604,0
2021-01-03 15:00:00,15.6,1017.6,4.1,279.0,5.4,6.85,0.0,6.85,0
2021-01-03 16:00:00,16.0,1017.3,6.3,282.0,8.0,7.149,0.0,7.149,0
2021-01-03 17:00:00,16.0,1016.3,6.1,282.0,7.4,6.755,0.0,6.755,0
2021-01-03 18:00:00,16.0,1015.2,7.1,292.0,9.1,5.594,0.0,5.594,0
2021-01-03 19:00:00,15.9,1014.8,7.1,287.0,8.3,3.924,0.0,3.924,0
2021-01-03 20:00:00,16.0,1015.1,7.1,295.0,8.1,1.978,0.0,1.978,0
2021-01-03 21:00:00,16.5,1015.1,5.7,269.0,7.3,0.246,0.0,0.246,0
2021-01-03 22:00:00,15.5,1015.4,7.4,295.0,8.8,-0.512,0.0,-0.512,0
2021-01-03 23:00:00,14.0,1015.8,4.7,288.0,5.2,-0.02,0.0,-0.02,0
2021-01-04 00:00:00,13.3,1016.5,3.3,267.0,4.6,1.493,0.0,1.493,0
2021-01-04 01:00:00,12.4,1017.0,3.1,262.0,4.3,2.936,0.0,2.936,0
2021-01-04 02:00:00,11.9,1017.4,2.6,264.0,3.7,4.642,0.0,4.642,0
2021-01-04 03:00:00,11.2,1017.4,3.7,280.0,5.2,5.64,0.0,5.64,0
2021-01-04 04:00:00,10.0,1017.5,2.4,264.0,2.8,6.05,0.0,6.05,0
2021-01-04 05:00:00,9.8,1017.4,3.7,264.0,5.0,5.984,0.0,5.984,0
2021-01-04 06:00:00,9.4,1017.3,6.7,291.0,7.7,5.167,0.0,5.167,0
2021-01-04 07:00:00,8.2,1017.2,5.5,317.0,6.3,3.957,0.0,3.957,0
2021-01-04 08:00:00,7.7,1017.0,5.6,324.0,7.0,2.464,0.0,2.464,0
2021-01-04 09:00:00,7.7,1017.3,5.6,296.0,6.4,1.014,0.0,1.014,0
2021-01-04 10:00:00,7.3,1017.3,5.0,305.0,6.5,0.128,0.0,0.128,0
2021-01-04 11:00:00,6.9,1017.8,6.0,310.0,7.1,0.075,0.0,0.075,0
2021-01-04 12:00:00,6.4,1018.2,6.4,300.0,7.3,1.148,0.0,1.148,0
2021-01-04 13:00:00,6.1,1018.9,5.5,317.0,6.9,2.799,0.0,2.799,0
2021-01-04 14:00:00,6.3,1019.5,4.5,326.0,5.8,4.724,0.0,4.724,0
2021-01-04 15:00:00,7.5,1019.7,3.1,335.0,3.8,6.43,0.0,6.43,0
2021-01-04 16:00:00,8.8,1019.4,3.9,297.0,4.9,7.382,0.0,7.382,0
2021-01-04 17:00:00,10.3,1018.8,4.7,297.0,5.3,7.549,0.0,7.549,0
2021-01-04 18:00:00,11.8,1017.7,4.3,295.0,5.3,6.919,0.0,6.919,0
2021-01-04 19:00:00,13.0,1016.8,3.1,289.0,4.3,5.712,0.0,5.712,0
2021-01-04 20:00:00,13.8,1016.7,3.1,288.0,3.6,4.035,0.0,4.035,0
2021-01-04 21:00:00,14.6,1016.7,2.1,287.0,2.9,2.218,0.0,2.218,0
2021-01-04 22:00:00,14.8,1017.2,3.0,301.0,3.2,0.846,0.0,0.846,0
2021-01-04 23:00:00,13.3,1017.4,1.3,272.0,1.6,0.476,0.0,0.476,0
2021-01-05 00:00:00,12.2,1017.8,1.4,278.0,1.5,1.112,0.0,1.112,0
2021-01-05 01:00:00,11.9,1017.7,1.2,277.0,1.5,2.487,0.0,2.487,0
2021-01-05 02:00:00,11.0,1017.5,1.5,208.0,2.0,4.094,0.0,4.094,0
2021-01-05 03:00:00,10.4,1017.5,1.4,227.0,1.9,5.433,0.0,5.433,0
2021-01-05 04:00:00,10.3,1017.4,1.9,281.0,2.3,6.434,0.0,6.434,0
2021-01-05 05:00:00,10.1,1017.1,2.2,275.0,2.6,6.985,0.0,6.985,0
2021-01-05 06:00:00,10.3,1016.6,2.2,278.0,2.8,6.847,0.0,6.847,0
2021-01-05 07:00:00,9.9,1016.6,4.3,291.0,5.0,6.102,0.0,6.102,0
2021-01-05 08:00:00,9.6,1016.5,3.1,266.0,4.0,4.915,0.0,4.915,0
2021-01-05 09:00:00,8.7,1015.9,1.6,242.0,2.0,3.455,0.0,3.455,0
2021-01-05 10:00:00,9.1,1015.9,4.0,270.0,5.5,2.008,0.0,2.008,0
2021-01-05 11:00:00,9.7,1016.1,3.8,270.0,4.6,0.912,0.0,0.912,0
2021-01-05 12:00:00,9.6,1016.3,3.5,272.0,4.5,0.692,0.0,0.692,0
2021-01-05 13:00:00,9.3,1016.4,2.4,250.0,3.1,1.575,0.0,1.575,0
2021-01-05 14:00:00,10.5,1016.4,2.7,263.0,3.7,3.14,0.0,3.14,0
2021-01-05 15:00:00,12.4,1016.1,4.3,266.0,6.9,4.908,0.0,4.908,0
2021-01-05 16:00:00,12.8,1015.4,6.3,288.0,7.1,6.503,0.0,6.503,0
2021-01-05 17:00:00,13.9,1014.1,7.1,293.0,9.0,7.421,0.0,7.421,0
2021-01-05 18:00:00,14.7,1013.5,7.3,285.0,9.2,7.454,0.0,7.454,0
2021-01-05 19:00:00,15.4,1013.2,8.6,302.0,10.2,6.591,0.0,6.591,0
2021-01-05 20:00:00,15.8,1013.4,8.5,297.0,10.6,5.125,0.0,5.125,0
2021-01-05 21:00:00,16.3,1014.3,8.7,309.0,11.1,3.284,0.0,3.284,0
2021-01-05 22:00:00,16.2,1015.0,7.3,313.0,8.9,1.644,0.0,1.644,0
2021-01-05 23:00:00,14.8,1016.0,5.3,302.0,5.9,0.509,0.0,0.509,0
2021-01-06 00:00:00,13.5,1016.8,3.8,295.0,4.3,0.39,0.0,0.39,0
2021-01-06 01:00:00,13.0,1017.3,2.8,299.0,3.4,1.047,0.0,1.047,0
2021-01-06 02:00:00,12.4,1017.8,2.4,306.0,2.6,2.398,0.0,2.398,0
2021-01-06 03:00:00,12.2,1018.3,3.9,304.0,4.6,4.065,0.0,4.065,0
2021-01-06 04:00:00,11.4,1018.5,5.0,316.0,5.9,5.561,0.0,5.561,0
2021-01-06 05:00:00,10.8,1018.8,3.9,317.0,4.8,6.539,0.0,6.539,0
2021-01-06 06:00:00,8.8,1019.2,2.5,304.0,4.4,6.821,0.0,6.821,0
2021-01-06 07:00:00,8.4,1019.6,3.1,322.0,3.7,7.142,0.0,7.142,0
2021-01-06 08:00:00,8.5,1019.8,3.3,349.0,4.2,6.509,0.0,6.509,0
2021-01-06 09:00:00,7.7,1020.2,3.0,337.0,3.5,5.243,0.0,5.243,0
2021-01-06 10:00:00,6.6,1020.5,2.8,330.0,3.1,3.711,0.0,3.711,0
2021-01-06 11:00:00,6.3,1021.1,2.3,338.0,3.2,2.415,0.0,2.415,0
2021-01-06 12:00:00,6.6,1021.5,2.8,14.0,3.8,1.217,0.0,1.217,0
2021-01-06 13:00:00,6.4,1022.5,2.1,349.0,2.6,1.132,0.0,1.132,0
2021-01-06 14:00:00,8.5,1023.2,3.7,25.0,5.0,2.057,0.0,2.057,0
2021-01-06 15:00:00,9.8,1023.5,4.6,42.0,6.0,3.593,0.0,3.593,0
2021-01-06 16:00:00,10.3,1023.5,4.3,59.0,5.6,5.325,0.0,5.325,0
2021-01-06 17:00:00,10.6,1022.8,2.7,50.0,3.8,6.739,0.0,6.739,0
2021-01-06 18:00:00,10.8,1022.0,4.5,95.0,5.4,7.585,0.0,7.585,0
2021-01-06 19:00:00,11.0,1021.3,4.5,98.0,5.4,7.493,0.0,7.493,0
2021-01-06 20:00:00,11.2,1021.6,3.1,100.0,3.7,6.683,0.0,6.683,0
2021-01-06 21:00:00,11.3,1021.8,3.2,107.0,3.9,5.354,0.0,5.354,0
2021-01-06 22:00:00,11.2,1022.0,3.2,95.0,3.9,3.842,0.0,3.842,0
2021-01-06 23:00:00,10.5,1022.1,1.7,137.0,2.2,2.306,0.0,2.306,0
2021-01-07 00:00:00,10.6,1022.3,1.3,134.0,1.9,1.411,0.0,1.411,0
2021-01-07 01:00:00,10.9,1022.3,1.2,111.0,2.2,1.155,0.0,1.155,0
2021-01-07 02:00:00,10.4,1022.7,1.3,10.0,1.8,1.532,0.0,1.532,0
2021-01-07 03:00:00,9.5,1022.9,1.8,9.0,2.2,2.687,0.0,2.687,0
2021-01-07 04:00:00,8.9,1023.0,1.8,5.0,2.1,4.15,0.0,4.15,0
2021-01-07 05:00:00,9.3,1022.7,2.2,37.0,2.6,5.62,0.0,5.62,0
2021-01-07 06:00:00,10.1,1022.5,4.9,50.0,5.7,7.123,0.0,7.123,0
2021-01-07 07:00:00,9.8,1022.5,4.5,44.0,5.3,7.726,0.0,7.726,0
2021-01-07 08:00:00,9.5,1022.0,4.7,49.0,5.8,7.717,0.0,7.717,0
2021-01-07 09:00:00,9.7,1021.4,4.5,53.0,5.4,6.969,0.0,6.969,0
2021-01-07 10:00:00,9.2,1021.0,4.5,34.0,5.7,5.823,0.0,5.823,0
2021-01-07 11:00:00,9.4,1021.2,4.0,43.0,5.0,4.304,0.0,4.304,0
2021-01-07 12:00:00,8.5,1022.3,3.2,4.0,4.6,2.677,0.0,2.677,0
2021-01-07 13:00:00,9.0,1022.2,3.6,32.0,4.6,1.299,0.0,1.299,0
2021-01-07 14:00:00,10.1,1022.2,4.9,56.0,6.7,0.886,0.0,0.886,0
2021-01-07 15:00:00,10.7,1022.0,6.4,62.0,8.0,2.077,0.0,2.077,0
2021-01-07 16:00:00,10.7,1021.2,6.2,62.0,7.6,3.635,0.0,3.635,0
2021-01-07 17:00:00,11.2,1019.4,8.2,66.0,10.9,5.384,0.0,5.384,0
2021-01-07 18:00:00,11.6,1018.0,8.1,63.0,10.3,6.929,0.0,6.929,0
2021-01-07 19:00:00,12.4,1016.8,7.9,61.0,11.2,7.72,0.0,7.72,0
2021-01-07 20:00:00,12.7,1016.6,8.6,59.0,11.1,7.835,0.0,7.835,0
2021-01-07 21:00:00,13.1,1016.0,7.9,56.0,10.4,7.096,0.0,7.096,0
2021-01-07 22:00:00,12.9,1015.3,9.4,61.0,12.1,6.001,0.0,6.001,0
2021-01-07 23:00:00,12.9,1014.7,7.2,48.0,9.5,4.626,0.0,4.626,0
2021-01-08 00:00:00,13.5,1014.2,7.7,61.0,10.4,3.143,0.0,3.143,0
2021-01-08 01:00:00,13.6,1014.6,3.8,45.0,5.1,1.9,0.0,1.9,0
2021-01-08 02:00:00,13.2,1013.3,6.1,61.0,7.7,1.46,0.0,1.46,0
2021-01-08 03:00:00,13.2,1013.3,2.6,324.0,3.3,1.811,0.0,1.811,0
2021-01-08 04:00:00,12.2,1013.2,2.3,351.0,2.9,2.897,0.0,2.897,0
2021-01-08 05:00:00,11.9,1012.2,2.2,41.0,2.6,4.583,0.0,4.583,0
2021-01-08 06:00:00,12.3,1011.1,1.3,23.0,1.6,6.253,0.0,6.253,0
2021-01-08 07:00:00,11.9,1010.7,0.8,238.0,1.1,7.037,0.0,7.037,0
2021-01-08 08:00:00,11.3,1010.4,4.5,312.0,5.6,8.169,0.0,8.169,0
2021-01-08 09:00:00,11.3,1010.3,3.8,292.0,4.2,8.228,0.0,8.228,0
2021-01-08 10:00:00,10.9,1010.5,3.0,310.0,3.5,7.264,0.0,7.264,0
2021-01-08 11:00:00,10.6,1010.8,3.2,328.0,4.0,6.004,0.0,6.004,0
2021-01-08 12:00:00,10.6,1011.2,3.9,299.0,4.4,4.36,0.0,4.36,0
2021-01-08 13:00:00,10.6,1011.5,3.4,302.0,4.0,2.677,0.0,2.677,0
2021-01-08 14:00:00,10.5,1012.2,2.8,321.0,3.1,1.473,0.0,1.473,0
2021-01-08 15:00:00,10.3,1012.4,3.8,331.0,4.3,0.961,0.0,0.961,0
2021-01-08 16:00:00,10.3,1012.2,3.4,311.0,4.0,1.978,0.0,1.978,0
2021-01-08 17:00:00,9.9,1011.3,4.4,312.0,5.5,3.54,0.0,3.54,0
2021-01-08 18:00:00,9.7,1010.3,5.5,305.0,6.9,5.154,0.0,5.154,0
2021-01-08 19:00:00,9.5,1010.2,7.3,295.0,8.2,6.565,0.0,6.565,0
2021-01-08 20:00:00,9.5,1010.4,7.2,287.0,8.8,7.31,0.0,7.31,0
2021-01-08 21:00:00,9.3,1011.3,10.4,284.0,13.8,7.208,0.0,7.208,0
2021-01-08 22:00:00,9.1,1012.0,11.5,287.0,13.5,6.486,0.0,6.486,0
2021-01-08 23:00:00,8.7,1012.6,8.3,296.0,10.0,5.128,0.0,5.128,0
2021-01-09 00:00:00,8.1,1013.5,10.1,312.0,11.9,3.632,0.0,3.632,0
2021-01-09 01:00:00,7.7,1014.3,8.2,316.0,10.6,2.119,0.0,2.119,0
2021-01-09 02:00:00,7.2,1014.7,9.8,317.0,11.7,0.889,0.0,0.889,0
2021-01-09 03:00:00,6.9,1015.2,8.3,310.0,10.2,0.197,0.0,0.197,0
2021-01-09 04:00:00,6.8,1015.3,10.4,307.0,12.0,0.545,0.0,0.545,0
2021-01-09 05:00:00,6.8,1015.7,9.2,294.0,11.2,1.906,0.0,1.906,0
2021-01-09 06:00:00,7.0,1015.4,8.3,300.0,9.9,3.684,0.0,3.684,0
2021-01-09 07:00:00,6.6,1016.0,8.1,308.0,9.6,5.663,0.0,5.663,0
2021-01-09 08:00:00,7.1,1016.0,7.9,308.0,9.5,7.3,0.0,7.3,0
2021-01-09 09:00:00,6.6,1016.1,4.6,316.0,6.6,7.808,0.0,7.808,0
2021-01-09 10:00:00,6.7,1016.6,5.4,326.0,6.9,8.222,0.0,8.222,0
2021-01-09 11:00:00,7.0,1017.4,8.6,295.0,9.9,7.651,0.0,7.651,0
2021-01-09 12:00:00,6.8,1018.1,8.5,302.0,10.3,6.125,0.0,6.125,0
2021-01-09 13:00:00,6.6,1018.8,7.9,310.0,9.0,4.446,0.0,4.446,0
2021-01-09 14:00:00,6.3,1020.2,6.6,307.0,8.3,2.379,0.0,2.379,0
2021-01-09 15:00:00,6.3,1020.4,6.8,291.0,8.2,1.076,0.0,1.076,0
2021-01-09 16:00:00,6.6,1020.1,5.4,293.0,6.3,0.614,0.0,0.614,0
2021-01-09 17:00:00,7.3,1019.3,6.4,301.0,7.6,1.447,0.0,1.447,0
2021-01-09 18:00:00,7.5,1018.2,5.6,285.0,6.9,3.038,0.0,3.038,0
2021-01-09 19:00:00,7.7,1018.5,5.7,289.0,6.9,4.754,0.0,4.754,0
2021-01-09 20:00:00,7.6,1018.7,5.4,267.0,7.0,6.273,0.0,6.273,0
2021-01-09 21:00:00,7.4,1019.0,6.8,298.0,7.9,7.054,0.0,7.054,0
2021-01-09 22:00:00,7.1,1019.9,5.6,268.0,7.8,7.09,0.0,7.09,0
2021-01-09 23:00:00,7.1,1020.8,4.5,275.0,5.6,6.526,0.0,6.526,0
2021-01-10 00:00:00,6.7,1021.2,3.3,269.0,5.3,5.387,0.0,5.387,0
2021-01-10 01:00:00,6.7,1022.0,6.7,288.0,8.1,3.871,0.0,3.871,0
2021-01-10 02:00:00,6.4,1022.4,4.7,280.0,6.3,1.932,0.0,1.932,0
2021-01-10 03:00:00,5.7,1022.7,4.1,271.0,5.1,0.545,0.0,0.545,0
2021-01-10 04:00:00,5.6,1023.0,5.8,298.0,6.5,-0.223,0.0,-0.223,0
2021-01-10 05:00:00,5.6,1023.2,4.5,300.0,5.3,0.164,0.0,0.164,0
2021-01-10 06:00:00,5.7,1023.0,6.5,312.0,8.0,1.716,0.0,1.716,0
2021-01-10 07:00:00,5.3,1023.6,6.1,310.0,7.8,3.878,0.0,3.878,0
2021-01-10 08:00:00,4.4,1024.0,6.4,321.0,7.7,6.198,0.0,6.198,0
2021-01-10 09:00:00,4.0,1024.3,6.3,321.0,7.5,7.756,0.0,7.756,0
2021-01-10 10:00:00,2.5,1024.2,5.2,323.0,6.2,8.31,0.0,8.31,0
2021-01-10 11:00:00,2.3,1024.6,5.3,323.0,6.5,8.445,0.0,8.445,0
2021-01-10 12:00:00,2.0,1024.9,4.2,329.0,5.5,7.589,0.0,7.589,0
2021-01-10 13:00:00,2.7,1025.6,4.0,342.0,4.7,6.05,0.0,6.05,0
2021-01-10 14:00:00,4.2,1026.8,0.1,97.0,0.4,4.117,0.0,4.117,0
2021-01-10 15:00:00,4.8,1027.3,0.4,303.0,0.7,2.392,0.0,2.392,0
2021-01-10 16:00:00,5.7,1027.5,2.3,15.0,2.8,0.922,0.0,0.922,0
2021-01-10 17:00:00,8.1,1027.1,2.2,79.0,3.0,0.308,0.0,0.308,0
2021-01-10 18:00:00,8.9,1026.1,2.6,88.0,3.4,1.152,0.0,1.152,0
2021-01-10 19:00:00,9.3,1025.9,2.6,85.0,3.4,2.818,0.0,2.818,0
2021-01-10 20:00:00,9.9,1025.9,2.3,64.0,2.9,4.547,0.0,4.547,0
2021-01-10 21:00:00,10.3,1026.2,1.8,89.0,2.4,6.106,0.0,6.106,0
2021-01-10 22:00:00,10.3,1026.4,1.6,104.0,2.0,7.264,0.0,7.264,0
2021-01-10 23:00:00,10.2,1026.1,1.7,104.0,2.4,7.411,0.0,7.411,0
2021-01-11 00:00:00,10.2,1026.1,3.4,85.0,3.8,6.995,0.0,6.995,0
2021-01-11 01:00:00,10.4,1026.4,3.3,76.0,4.3,5.62,0.0,5.62,0
2021-01-11 02:00:00,10.4,1026.5,3.9,60.0,5.4,3.98,0.0,3.98,0
2021-01-11 03:00:00,10.7,1026.2,4.9,80.0,6.1,1.998,0.0,1.998,0
2021-01-11 04:00:00,11.0,1026.0,5.7,72.0,7.4,0.577,0.0,0.577,0
2021-01-11 05:00:00,10.0,1026.3,2.9,41.0,3.8,-0.112,0.0,-0.112,0
2021-01-11 06:00:00,8.7,1026.0,3.0,31.0,3.5,0.495,0.0,0.495,0
2021-01-11 07:00:00,9.1,1025.9,2.7,47.0,3.4,2.221,0.0,2.221,0
2021-01-11 08:00:00,9.7,1025.3,3.8,46.0,4.6,4.373,0.0,4.373,0
2021-01-11 09:00:00,10.3,1024.8,4.7,63.0,5.2,6.522,0.0,6.522,0
2021-01-11 10:00:00,10.3,1024.8,3.1,37.0,4.2,7.94,0.0,7.94,0
2021-01-11 11:00:00,10.5,1025.1,3.3,44.0,3.9,8.98,0.0,8.98,0
2021-01-11 12:00:00,10.6,1025.4,3.9,52.0,4.5,8.783,0.0,8.783,0
2021-01-11 13:00:00,10.6,1025.3,4.7,52.0,5.4,7.785,0.0,7.785,0
2021-01-11 14:00:00,11.1,1025.0,4.3,69.0,5.4,6.02,0.0,6.02,0
2021-01-11 15:00:00,11.6,1024.9,2.0,92.0,3.1,4.236,0.0,4.236,0
2021-01-11 16:00:00,11.8,1024.9,4.2,71.0,5.5,2.329,0.0,2.329,0
2021-01-11 17:00:00,12.4,1024.6,1.2,63.0,1.6,0.843,0.0,0.843,0
2021-01-11 18:00:00,13.5,1023.7,1.8,26.0,2.2,0.259,0.0,0.259,0
2021-01-11 19:00:00,13.4,1022.8,3.0,61.0,3.6,0.965,0.0,0.965,0
2021-01-11 20:00:00,13.1,1022.2,3.8,54.0,4.7,2.648,0.0,2.648,0
2021-01-11 21:00:00,13.0,1022.0,3.2,74.0,3.9,4.409,0.0,4.409,0
2021-01-11 22:00:00,12.5,1021.7,5.0,95.0,5.6,6.152,0.0,6.152,0
2021-01-11 23:00:00,12.6,1021.2,5.7,83.0,6.6,7.283,0.0,7.283,0
2021-01-12 00:00:00,12.5,1022.0,4.6,77.0,5.7,7.69,0.0,7.69,0
2021-01-12 01:00:00,12.2,1021.7,5.4,75.0,6.7,7.192,0.0,7.192,0
2021-01-12 02:00:00,12.2,1021.3,5.7,82.0,7.3,5.84,0.0,5.84,0
2021-01-12 03:00:00,12.1,1021.7,4.9,49.0,7.2,3.924,0.0,3.924,0
2021-01-12 04:00:00,11.9,1021.1,5.5,62.0,7.8,1.854,0.0,1.854,0
2021-01-12 05:00:00,12.1,1020.4,6.2,63.0,8.1,0.331,0.0,0.331,0
2021-01-12 06:00:00,11.8,1020.0,3.2,76.0,4.0,-0.302,0.0,-0.302,0
2021-01-12 07:00:00,11.7,1019.4,4.3,80.0,5.3,0.607,0.0,0.607,0
2021-01-12 08:00:00,11.7,1019.4,3.8,336.0,5.0,2.477,0.0,2.477,0
2021-01-12 09:00:00,11.4,1019.1,1.4,355.0,2.2,4.652,0.0,4.652,0
2021-01-12 10:00:00,10.7,1019.2,3.0,346.0,3.8,6.804,0.0,6.804,0
2021-01-12 11:00:00,10.0,1019.9,4.1,333.0,5.3,8.209,0.0,8.209,0
2021-01-12 12:00:00,9.5,1020.4,3.9,332.0,4.6,8.77,0.0,8.77,0
2021-01-12 13:00:00,8.7,1021.0,5.5,338.0,6.8,8.461,0.0,8.461,0
2021-01-12 14:00:00,8.3,1022.0,5.1,315.0,6.2,7.267,0.0,7.267,0
2021-01-12 15:00:00,7.9,1022.8,7.4,318.0,8.7,5.43,0.0,5.43,0
2021-01-12 16:00:00,8.2,1023.0,5.5,318.0,6.2,3.56,0.0,3.56,0
2021-01-12 17:00:00,8.9,1022.4,4.6,310.0,6.0,1.434,0.0,1.434,0
2021-01-12 18:00:00,8.9,1021.8,6.4,317.0,7.7,0.075,0.0,0.075,0
2021-01-12 19:00:00,8.8,1021.6,6.1,345.0,7.4,-0.476,0.0,-0.476,0
2021-01-12 20:00:00,9.6,1021.7,5.1,338.0,7.4,0.538,0.0,0.538,0
2021-01-12 21:00:00,10.0,1022.0,4.0,339.0,5.0,2.392,0.0,2.392,0
2021-01-12 22:00:00,10.0,1022.4,5.3,334.0,6.0,4.439,0.0,4.439,0
2021-01-12 23:00:00,10.1,1022.8,5.5,314.0,6.4,6.243,0.0,6.243,0
2021-01-13 00:00:00,10.1,1023.2,4.0,327.0,4.8,7.356,0.0,7.356,0
2021-01-13 01:00:00,10.2,1023.4,1.9,359.0,2.6,7.592,0.0,7.592,0
2021-01-13 02:00:00,10.2,1023.6,2.3,333.0,3.4,6.509,0.0,6.509,0
2021-01-13 03:00:00,10.4,1023.5,1.7,309.0,2.2,4.921,0.0,4.921,0
2021-01-13 04:00:00,10.0,1023.3,3.0,340.0,3.5,2.661,0.0,2.661,0
2021-01-13 05:00:00,9.7,1023.0,3.2,321.0,3.6,1.024,0.0,1.024,0
2021-01-13 06:00:00,9.5,1023.1,2.5,316.0,2.9,-0.266,0.0,-0.266,0
2021-01-13 07:00:00,9.3,1022.7,1.1,359.0,1.3,-0.308,0.0,-0.308,0
2021-01-13 08:00:00,9.3,1022.3,2.4,301.0,2.9,0.636,0.0,0.636,0
2021-01-13 09:00:00,9.4,1021.9,0.9,276.0,1.5,2.467,0.0,2.467,0
2021-01-13 10:00:00,9.2,1022.0,3.0,303.0,3.5,4.967,0.0,4.967,0
2021-01-13 11:00:00,9.1,1022.2,3.2,288.0,4.2,6.765,0.0,6.765,0
2021-01-13 12:00:00,8.8,1022.5,3.3,291.0,4.3,8.136,0.0,8.136,0
2021-01-13 13:00:00,8.5,1022.8,1.9,267.0,3.1,8.704,0.0,8.704,0
2021-01-13 14:00:00,8.4,1023.5,1.8,249.0,2.5,8.314,0.0,8.314,0
2021-01-13 15:00:00,8.2,1023.2,2.6,283.0,3.0,7.047,0.0,7.047,0
2021-01-13 16:00:00,8.1,1022.5,3.3,307.0,4.0,5.381,0.0,5.381,0
2021-01-13 17:00:00,8.0,1021.4,1.6,305.0,2.1,3.484,0.0,3.484,0
2021-01-13 18:00:00,8.4,1019.9,2.1,206.0,2.6,1.486,0.0,1.486,0
2021-01-13 19:00:00,8.3,1019.2,2.7,246.0,3.8,0.02,0.0,0.02,0
2021-01-13 20:00:00,8.3,1018.6,2.2,231.0,4.5,-0.348,0.0,-0.348,0
2021-01-13 21:00:00,8.0,1018.8,3.0,275.0,3.9,0.764,0.0,0.764,0
2021-01-13 22:00:00,7.7,1018.8,2.5,263.0,3.8,2.697,0.0,2.697,0
2021-01-13 23:00:00,7.7,1018.2,3.3,291.0,4.1,4.928,0.0,4.928,0
2021-01-14 00:00:00,7.7,1018.0,3.3,294.0,4.6,6.572,0.0,6.572,0
2021-01-14 01:00:00,7.6,1018.3,2.8,299.0,3.4,7.717,0.0,7.717,0
2021-01-14 02:00:00,7.5,1017.8,3.3,289.0,3.8,7.618,0.0,7.618,0
2021-01-14 03:00:00,7.4,1017.8,2.3,250.0,3.1,6.368,0.0,6.368,0
2021-01-14 04:00:00,7.2,1017.0,2.8,218.0,3.7,4.836,0.0,4.836,0
2021-01-14 05:00:00,7.0,1016.6,3.1,220.0,4.7,2.772,0.0,2.772,0
2021-01-14 06:00:00,6.7,1016.6,2.5,244.0,4.0,0.889,0.0,0.889,0
2021-01-14 07:00:00,6.2,1016.4,2.5,253.0,3.8,-0.509,0.0,-0.509,0
2021-01-14 08:00:00,5.8,1016.7,3.7,261.0,6.2,-0.505,0.0,-0.505,0
2021-01-14 09:00:00,5.3,1016.1,3.4,272.0,4.6,0.801,0.0,0.801,0
2021-01-14 10:00:00,5.0,1016.5,3.9,268.0,5.0,2.671,0.0,2.671,0
2021-01-14 11:00:00,4.5,1016.6,2.5,260.0,4.0,4.872,0.0,4.872,0
2021-01-14 12:00:00,4.4,1016.9,2.9,259.0,3.9,6.778,0.0,6.778,0
2021-01-14 13:00:00,5.1,1017.3,4.2,274.0,6.0,7.904,0.0,7.904,0
2021-01-14 14:00:00,6.1,1017.6,6.3,298.0,7.9,8.245,0.0,8.245,0
2021-01-14 15:00:00,7.2,1017.8,7.5,309.0,9.2,7.713,0.0,7.713,0
2021-01-14 16:00:00,8.0,1017.2,6.4,300.0,7.3,6.437,0.0,6.437,0
2021-01-14 17:00:00,9.7,1016.0,5.7,295.0,6.9,4.718,0.0,4.718,0
2021-01-14 18:00:00,11.0,1015.2,6.4,289.0,7.3,2.769,0.0,2.769,0
2021-01-14 19:00:00,12.2,1014.2,6.8,284.0,7.6,0.843,0.0,0.843,0
2021-01-14 20:00:00,13.3,1013.4,6.4,290.0,7.0,-0.381,0.0,-0.381,0
2021-01-14 21:00:00,13.6,1013.2,5.2,294.0,5.6,-0.495,0.0,-0.495,0
2021-01-14 22:00:00,14.1,1013.1,2.8,256.0,3.5,1.115,0.0,1.115,0
2021-01-14 23:00:00,11.5,1013.1,1.8,237.0,3.2,3.219,0.0,3.219,0
2021-01-15 00:00:00,10.2,1013.3,1.0,225.0,1.8,5.62,0.0,5.62,0
2021-01-15 01:00:00,9.8,1013.2,1.1,235.0,1.5,7.182,0.0,7.182,0
2021-01-15 02:00:00,9.1,1013.6,1.0,235.0,1.3,7.713,0.0,7.713,0
2021-01-15 03:00:00,9.4,1013.7,1.8,226.0,3.0,7.162,0.0,7.162,0
2021-01-15 04:00:00,9.2,1013.7,1.7,222.0,2.6,5.837,0.0,5.837,0
2021-01-15 05:00:00,9.0,1013.9,1.4,231.0,2.1,4.022,0.0,4.022,0
2021-01-15 06:00:00,9.0,1013.6,2.8,215.0,3.7,2.11,0.0,2.11,0
2021-01-15 07:00:00,7.8,1014.0,1.6,224.0,2.4,0.554,0.0,0.554,0
2021-01-15 08:00:00,7.5,1013.8,2.0,226.0,3.2,-0.285,0.0,-0.285,0
2021-01-15 09:00:00,7.1,1013.1,2.9,216.0,4.2,0.02,0.0,0.02,0
2021-01-15 10:00:00,7.5,1012.5,2.3,217.0,3.8,1.27,0.0,1.27,0
2021-01-15 11:00:00,8.9,1012.1,3.4,215.0,5.0,3.307,0.0,3.307,0
2021-01-15 12:00:00,9.3,1011.9,2.9,213.0,4.3,5.518,0.0,5.518,0
2021-01-15 13:00:00,10.9,1011.4,3.0,197.0,5.3,7.08,0.0,7.08,0
2021-01-15 14:00:00,13.0,1011.5,4.4,213.0,6.4,8.235,0.0,8.235,0
2021-01-15 15:00:00,13.8,1011.2,5.1,203.0,7.2,8.274,0.0,8.274,0
2021-01-15 16:00:00,13.9,1011.1,5.1,205.0,8.0,7.697,0.0,7.697,0
2021-01-15 17:00:00,14.0,1010.1,3.6,202.0,6.2,6.339,0.0,6.339,0
2021-01-15 18:00:00,13.5,1008.7,4.0,221.0,5.7,4.606,0.0,4.606,0
2021-01-15 19:00:00,13.6,1008.3,2.4,220.0,3.9,2.602,0.0,2.602,0
2021-01-15 20:00:00,13.0,1007.9,2.2,314.0,3.0,0.827,0.0,0.827,0
2021-01-15 21:00:00,12.5,1007.5,2.4,241.0,3.6,-0.095,0.0,-0.095,0
2021-01-15 22:00:00,12.1,1007.8,0.9,241.0,1.4,0.43,0.0,0.43,0
2021-01-15 23:00:00,11.9,1007.3,2.8,262.0,3.8,2.175,0.0,2.175,0
2021-01-16 00:00:00,10.8,1007.5,1.7,261.0,2.4,4.321,0.0,4.321,0
2021-01-16 01:00:00,10.3,1007.6,1.0,238.0,1.6,6.207,0.0,6.207,0
2021-01-16 02:00:00,10.0,1007.7,1.6,247.0,2.6,7.352,0.0,7.352,0
2021-01-16 03:00:00,10.1,1007.9,2.0,243.0,2.9,7.333,0.0,7.333,0
2021-01-16 04:00:00,10.4,1008.3,3.8,264.0,5.6,6.752,0.0,6.752,0
2021-01-16 05:00:00,10.0,1008.5,2.7,261.0,3.5,5.331,0.0,5.331,0
2021-01-16 06:00:00,9.6,1008.7,2.4,247.0,3.3,3.642,0.0,3.642,0
2021-01-16 07:00:00,10.0,1009.1,6.4,277.0,8.8,2.09,0.0,2.09,0
2021-01-16 08:00:00,8.4,1009.7,6.2,289.0,7.3,0.63,0.0,0.63,0
2021-01-16 09:00:00,7.0,1009.8,4.1,276.0,5.5,0.0,0.0,0.0,0
2021-01-16 10:00:00,5.6,1009.9,2.5,261.0,3.5,0.174,0.0,0.174,0
2021-01-16 11:00:00,5.0,1010.3,3.8,268.0,4.9,1.483,0.0,1.483,0
2021-01-16 12:00:00,4.6,1011.0,3.3,259.0,5.5,3.379,0.0,3.379,0
2021-01-16 13:00:00,4.8,1011.6,3.9,254.0,5.6,5.509,0.0,5.509,0
2021-01-16 14:00:00,6.3,1012.2,4.0,253.0,6.2,7.021,0.0,7.021,0
2021-01-16 15:00:00,8.0,1012.7,6.5,262.0,9.8,7.726,0.0,7.726,0
2021-01-16 16:00:00,9.0,1012.4,6.8,265.0,10.3,7.431,0.0,7.431,0
2021-01-16 17:00:00,9.6,1011.4,8.7,267.0,11.4,6.142,0.0,6.142,0
2021-01-16 18:00:00,9.7,1010.6,9.1,264.0,12.7,4.436,0.0,4.436,0
2021-01-16 19:00:00,9.8,1010.4,9.7,277.0,14.2,2.47,0.0,2.47,0
2021-01-16 20:00:00,9.8,1010.8,13.7,297.0,16.3,0.561,0.0,0.561,0
2021-01-16 21:00:00,10.0,1011.8,7.9,272.0,11.2,-0.843,0.0,-0.843,0
2021-01-16 22:00:00,9.9,1012.9,7.5,280.0,10.2,-1.129,0.0,-1.129,0
2021-01-16 23:00:00,9.2,1013.9,6.2,288.0,7.2,-0.2,0.0,-0.2,0
2021-01-17 00:00:00,8.4,1014.8,3.9,270.0,5.6,1.627,0.0,1.627,0
2021-01-17 01:00:00,7.3,1015.6,2.9,259.0,4.1,3.665,0.0,3.665,0
2021-01-17 02:00:00,6.9,1015.8,2.3,257.0,3.4,5.226,0.0,5.226,0
2021-01-17 03:00:00,6.3,1016.2,2.3,249.0,3.2,6.22,0.0,6.22,0
2021-01-17 04:00:00,6.3,1016.7,2.8,264.0,3.9,6.227,0.0,6.227,0
2021-01-17 05:00:00,6.1,1016.4,3.7,294.0,4.0,5.433,0.0,5.433,0
2021-01-17 06:00:00,4.8,1016.5,2.2,262.0,2.8,4.199,0.0,4.199,0
2021-01-17 07:00:00,4.0,1016.5,1.1,253.0,1.6,2.864,0.0,2.864,0
2021-01-17 08:00:00,3.4,1016.5,1.2,236.0,1.7,1.496,0.0,1.496,0
2021-01-17 09:00:00,3.3,1016.6,1.7,255.0,2.3,0.61,0.0,0.61,0
2021-01-17 10:00:00,3.1,1016.9,2.0,251.0,2.9,-0.059,0.0,-0.059,0
2021-01-17 11:00:00,3.0,1017.3,1.3,254.0,1.7,0.771,0.0,0.771,0
2021-01-17 12:00:00,3.1,1017.6,1.3,258.0,1.6,2.067,0.0,2.067,0
2021-01-17 13:00:00,2.9,1017.9,0.6,210.0,0.8,3.77,0.0,3.77,0
2021-01-17 14:00:00,5.0,1018.4,1.8,280.0,2.5,5.479,0.0,5.479,0
2021-01-17 15:00:00,6.8,1018.9,2.3,304.0,2.9,6.699,0.0,6.699,0
2021-01-17 16:00:00,8.1,1018.3,2.4,275.0,4.3,7.139,0.0,7.139,0
2021-01-17 17:00:00,9.2,1017.5,3.9,278.0,5.4,6.929,0.0,6.929,0
2021-01-17 18:00:00,9.8,1016.3,6.1,292.0,11.6,5.997,0.0,5.997,0
2021-01-17 19:00:00,10.6,1015.2,4.1,277.0,5.4,4.396,0.0,4.396,0
2021-01-17 20:00:00,11.3,1014.7,4.3,267.0,6.5,2.47,0.0,2.47,0
2021-01-17 21:00:00,11.3,1014.4,3.6,243.0,5.3,0.781,0.0,0.781,0
2021-01-17 22:00:00,11.3,1014.8,3.1,249.0,4.1,-0.282,0.0,-0.282,0
2021-01-17 23:00:00,9.8,1015.5,1.7,228.0,2.9,-0.131,0.0,-0.131,0
2021-01-18 00:00:00,8.8,1015.8,1.7,230.0,3.0,1.253,0.0,1.253,0
2021-01-18 01:00:00,8.4,1015.8,1.5,229.0,2.3,3.002,0.0,3.002,0
2021-01-18 02:00:00,8.2,1015.9,1.6,228.0,3.0,4.829,0.0,4.829,0
2021-01-18 03:00:00,8.2,1016.5,1.4,249.0,2.2,6.076,0.0,6.076,0
2021-01-18 04:00:00,8.7,1016.3,2.7,251.0,3.6,6.453,0.0,6.453,0
2021-01-18 05:00:00,8.5,1016.3,2.4,250.0,3.7,6.02,0.0,6.02,0
2021-01-18 06:00:00,7.8,1016.2,2.0,236.0,2.8,5.095,0.0,5.095,0
2021-01-18 07:00:00,7.8,1016.4,3.0,244.0,4.1,3.737,0.0,3.737,0
2021-01-18 08:00:00,7.6,1016.4,3.0,247.0,4.6,2.31,0.0,2.31,0
2021-01-18 09:00:00,7.0,1016.3,2.6,255.0,4.6,0.919,0.0,0.919,0
2021-01-18 10:00:00,7.7,1016.6,5.5,256.0,8.1,0.246,0.0,0.246,0
2021-01-18 11:00:00,7.4,1017.7,3.8,264.0,5.7,0.223,0.0,0.223,0
2021-01-18 12:00:00,7.3,1018.8,5.0,278.0,7.2,1.073,0.0,1.073,0
2021-01-18 13:00:00,7.2,1019.7,6.2,286.0,7.3,2.142,0.0,2.142,0
2021-01-18 14:00:00,7.7,1020.4,7.5,296.0,9.5,3.32,0.0,3.32,0
2021-01-18 15:00:00,8.9,1021.2,5.9,295.0,6.5,4.498,0.0,4.498,0
2021-01-18 16:00:00,10.0,1021.0,7.6,301.0,9.1,5.673,0.0,5.673,0
2021-01-18 17:00:00,11.0,1020.0,7.7,302.0,9.7,6.217,0.0,6.217,0
2021-01-18 18:00:00,11.7,1019.3,8.5,292.0,10.1,6.017,0.0,6.017,0
2021-01-18 19:00:00,13.0,1018.9,5.2,248.0,8.0,5.01,0.0,5.01,0
2021-01-18 20:00:00,12.9,1019.4,7.9,285.0,8.8,3.497,0.0,3.497,0
2021-01-18 21:00:00,13.2,1019.5,6.9,290.0,8.3,1.663,0.0,1.663,0
2021-01-18 22:00:00,13.2,1020.4,5.0,280.0,6.6,-0.01,0.0,-0.01,0
2021-01-18 23:00:00,12.2,1021.2,2.3,270.0,2.8,-0.702,0.0,-0.702,0
2021-01-19 00:00:00,11.8,1022.3,2.2,254.0,2.9,-0.059,0.0,-0.059,0
2021-01-19 01:00:00,11.1,1023.0,1.7,272.0,2.3,1.266,0.0,1.266,0
2021-01-19 02:00:00,9.5,1023.6,1.9,242.0,2.4,3.251,0.0,3.251,0
2021-01-19 03:00:00,7.9,1024.1,2.7,220.0,3.3,4.777,0.0,4.777,0
2021-01-19 04:00:00,7.9,1024.3,0.6,243.0,0.8,5.591,0.0,5.591,0
2021-01-19 05:00:00,7.2,1024.4,1.3,224.0,1.7,5.886,0.0,5.886,0
2021-01-19 06:00:00,7.3,1024.4,1.9,252.0,2.3,5.541,0.0,5.541,0
2021-01-19 07:00:00,6.9,1024.8,2.2,318.0,2.5,4.731,0.0,4.731,0
2021-01-19 08:00:00,6.9,1025.9,2.4,274.0,3.0,3.527,0.0,3.527,0
2021-01-19 09:00:00,5.6,1026.3,2.2,334.0,2.7,2.234,0.0,2.234,0
2021-01-19 10:00:00,5.1,1026.6,0.8,312.0,1.2,1.083,0.0,1.083,0
2021-01-19 11:00:00,5.3,1027.2,1.4,305.0,1.7,0.558,0.0,0.558,0
2021-01-19 12:00:00,5.2,1027.7,1.9,323.0,2.0,0.679,0.0,0.679,0
2021-01-19 13:00:00,5.2,1028.6,1.6,313.0,2.0,1.614,0.0,1.614,0
2021-01-19 14:00:00,6.6,1029.3,1.9,311.0,2.4,2.867,0.0,2.867,0
2021-01-19 15:00:00,8.4,1030.2,1.3,291.0,1.3,4.245,0.0,4.245,0
2021-01-19 16:00:00,10.8,1030.4,2.1,88.0,2.4,5.43,0.0,5.43,0
2021-01-19 17:00:00,11.2,1029.3,3.0,82.0,4.3,6.24,0.0,6.24,0
2021-01-19 18:00:00,13.7,1028.2,2.5,172.0,3.6,6.227,0.0,6.227,0
2021-01-19 19:00:00,13.7,1027.8,2.9,202.0,4.1,5.489,0.0,5.489,0
2021-01-19 20:00:00,13.8,1027.5,3.0,172.0,4.6,4.285,0.0,4.285,0
2021-01-19 21:00:00,14.0,1027.8,3.3,168.0,4.8,2.769,0.0,2.769,0
2021-01-19 22:00:00,12.8,1027.7,2.9,194.0,4.6,1.381,0.0,1.381,0
2021-01-19 23:00:00,11.0,1028.0,2.7,203.0,3.9,0.318,0.0,0.318,0
2021-01-20 00:00:00,9.9,1028.4,1.6,211.0,2.5,0.361,0.0,0.361,0
2021-01-20 01:00:00,9.3,1028.4,1.4,214.0,2.1,1.319,0.0,1.319,0
2021-01-20 02:00:00,8.9,1027.9,1.9,209.0,2.5,2.572,0.0,2.572,0
2021-01-20 03:00:00,8.7,1028.0,1.6,208.0,2.4,3.911,0.0,3.911,0
2021-01-20 04:00:00,8.7,1028.2,1.4,234.0,2.2,4.885,0.0,4.885,0
2021-01-20 05:00:00,9.1,1027.2,1.3,233.0,2.1,5.778,0.0,5.778,0
2021-01-20 06:00:00,9.2,1026.2,2.1,217.0,3.5,5.797,0.0,5.797,0
2021-01-20 07:00:00,8.7,1025.7,2.4,220.0,3.6,5.584,0.0,5.584,0
2021-01-20 08:00:00,8.7,1025.5,1.5,242.0,2.2,4.678,0.0,4.678,0
2021-01-20 09:00:00,8.4,1024.5,1.8,212.0,2.2,3.556,0.0,3.556,0
2021-01-20 10:00:00,8.4,1024.7,1.7,254.0,2.4,2.224,0.0,2.224,0
2021-01-20 11:00:00,8.6,1024.6,2.0,244.0,2.4,1.227,0.0,1.227,0
2021-01-20 12:00:00,8.8,1024.9,1.8,250.0,2.8,0.768,0.0,0.768,0
2021-01-20 13:00:00,10.4,1025.1,3.8,266.0,5.7,0.974,0.0,0.974,0
2021-01-20 14:00:00,11.4,1025.2,4.0,264.0,5.2,1.663,0.0,1.663,0
2021-01-20 15:00:00,12.8,1026.1,6.6,301.0,8.2,2.654,0.0,2.654,0
2021-01-20 16:00:00,13.7,1025.0,6.7,301.0,7.8,3.812,0.0,3.812,0
2021-01-20 17:00:00,15.5,1023.3,7.5,310.0,9.3,4.715,0.0,4.715,0
2021-01-20 18:00:00,16.0,1021.8,6.3,294.0,7.6,5.243,0.0,5.243,0
2021-01-20 19:00:00,17.3,1021.1,7.0,309.0,8.7,5.21,0.0,5.21,0
2021-01-20 20:00:00,17.3,1020.6,7.1,299.0,7.8,4.665,0.0,4.665,0
2021-01-20 21:00:00,18.1,1020.6,6.6,305.0,7.5,3.625,0.0,3.625,0
2021-01-20 22:00:00,17.5,1021.1,5.5,296.0,6.0,2.316,0.0,2.316,0
2021-01-20 23:00:00,14.6,1021.7,3.0,288.0,3.5,1.145,0.0,1.145,0
2021-01-21 00:00:00,15.0,1022.1,1.6,269.0,2.1,0.581,0.0,0.581,0
2021-01-21 01:00:00,13.3,1022.5,2.0,272.0,2.4,0.65,0.0,0.65,0
2021-01-21 02:00:00,11.3,1022.7,1.1,284.0,1.3,1.365,0.0,1.365,0
2021-01-21 03:00:00,11.4,1022.3,0.6,280.0,0.9,2.395,0.0,2.395,0
2021-01-21 04:00:00,10.7,1022.3,1.2,283.0,1.5,3.753,0.0,3.753,0
2021-01-21 05:00:00,10.4,1021.8,0.9,228.0,1.2,4.928,0.0,4.928,0
2021-01-21 06:00:00,9.9,1021.3,0.3,285.0,0.4,6.01,0.0,6.01,0
2021-01-21 07:00:00,10.1,1020.2,1.9,216.0,2.2,6.266,0.0,6.266,0
2021-01-21 08:00:00,10.0,1020.1,1.3,240.0,1.8,6.007,0.0,6.007,0
2021-01-21 09:00:00,10.0,1019.6,1.4,213.0,1.6,5.033,0.0,5.033,0
2021-01-21 10:00:00,10.0,1019.7,1.5,235.0,1.9,3.786,0.0,3.786,0
2021-01-21 11:00:00,9.7,1019.3,2.0,231.0,2.8,2.428,0.0,2.428,0
2021-01-21 12:00:00,9.6,1019.4,2.0,221.0,2.5,1.614,0.0,1.614,0
2021-01-21 13:00:00,9.5,1019.3,1.7,230.0,3.1,1.411,0.0,1.411,0
2021-01-21 14:00:00,10.6,1018.9,1.7,245.0,2.3,1.736,0.0,1.736,0
2021-01-21 15:00:00,11.5,1019.1,2.5,218.0,3.5,2.677,0.0,2.677,0
2021-01-21 16:00:00,12.4,1018.7,2.2,238.0,2.7,3.816,0.0,3.816,0
2021-01-21 17:00:00,13.5,1016.9,2.7,230.0,4.3,4.754,0.0,4.754,0
2021-01-21 18:00:00,16.0,1015.3,3.1,222.0,4.7,5.587,0.0,5.587,0
2021-01-21 19:00:00,16.7,1014.3,2.2,176.0,3.4,5.883,0.0,5.883,0
2021-01-21 20:00:00,15.1,1014.1,2.3,208.0,3.6,5.594,0.0,5.594,0
2021-01-21 21:00:00,16.6,1014.2,4.5,261.0,7.2,4.76,0.0,4.76,0
2021-01-21 22:00:00,17.0,1013.8,4.4,254.0,6.4,3.556,0.0,3.556,0
2021-01-21 23:00:00,16.0,1013.8,2.2,232.0,3.8,2.29,0.0,2.29,0
2021-01-22 00:00:00,16.8,1013.9,4.1,254.0,6.1,1.342,0.0,1.342,0
2021-01-22 01:00:00,15.9,1013.6,3.9,244.0,5.6,0.869,0.0,0.869,0
2021-01-22 02:00:00,16.0,1013.4,3.7,254.0,6.1,1.184,0.0,1.184,0
2021-01-22 03:00:00,15.9,1013.4,2.7,241.0,4.2,1.916,0.0,1.916,0
2021-01-22 04:00:00,15.3,1013.4,1.8,232.0,2.8,2.949,0.0,2.949,0
2021-01-22 05:00:00,15.0,1013.2,1.6,235.0,2.6,4.114,0.0,4.114,0
2021-01-22 06:00:00,15.7,1013.2,2.0,267.0,2.6,5.203,0.0,5.203,0
2021-01-22 07:00:00,14.4,1013.5,2.8,291.0,3.2,5.981,0.0,5.981,0
2021-01-22 08:00:00,15.0,1013.3,1.7,258.0,2.3,6.296,0.0,6.296,0
2021-01-22 09:00:00,14.5,1013.4,1.9,285.0,2.2,5.735,0.0,5.735,0
2021-01-22 10:00:00,14.2,1013.3,1.5,265.0,1.8,4.839,0.0,4.839,0
2021-01-22 11:00:00,13.3,1014.3,1.9,357.0,2.4,3.547,0.0,3.547,0
2021-01-22 12:00:00,12.3,1014.8,1.8,3.0,2.3,2.398,0.0,2.398,0
2021-01-22 13:00:00,11.1,1015.5,2.0,12.0,2.6,1.457,0.0,1.457,0
2021-01-22 14:00:00,10.9,1016.1,1.7,5.0,2.3,1.204,0.0,1.204,0
2021-01-22 15:00:00,11.0,1017.2,1.0,349.0,1.4,1.755,0.0,1.755,0
2021-01-22 16:00:00,10.9,1017.2,0.7,338.0,1.0,2.799,0.0,2.799,0
2021-01-22 17:00:00,10.9,1016.0,0.2,10.0,0.5,4.016,0.0,4.016,0
2021-01-22 18:00:00,11.2,1015.1,1.0,211.0,1.3,5.003,0.0,5.003,0
2021-01-22 19:00:00,11.7,1014.5,0.0,94.0,0.2,5.869,0.0,5.869,0
2021-01-22 20:00:00,12.0,1015.4,3.2,333.0,3.6,5.981,0.0,5.981,0
2021-01-22 21:00:00,11.9,1015.2,1.3,289.0,1.4,5.518,0.0,5.518,0
2021-01-22 22:00:00,12.1,1015.4,0.9,287.0,1.1,4.636,0.0,4.636,0
2021-01-22 23:00:00,12.3,1015.6,0.5,238.0,0.6,3.471,0.0,3.471,0
2021-01-23 00:00:00,12.1,1016.6,1.4,320.0,1.5,2.52,0.0,2.52,0
2021-01-23 01:00:00,11.9,1016.6,1.1,308.0,1.2,1.808,0.0,1.808,0
2021-01-23 02:00:00,11.8,1016.8,1.4,312.0,1.5,1.516,0.0,1.516,0
2021-01-23 03:00:00,11.8,1017.2,2.3,338.0,2.7,1.857,0.0,1.857,0
2021-01-23 04:00:00,12.0,1017.1,3.7,324.0,4.4,2.618,0.0,2.618,0
2021-01-23 05:00:00,11.5,1017.5,3.9,335.0,5.0,3.681,0.0,3.681,0
2021-01-23 06:00:00,11.0,1017.2,2.5,326.0,3.0,5.062,0.0,5.062,0
2021-01-23 07:00:00,10.2,1017.3,2.8,335.0,4.3,6.27,0.0,6.27,0
2021-01-23 08:00:00,10.2,1017.8,3.3,310.0,3.9,6.795,0.0,6.795,0
2021-01-23 09:00:00,9.3,1017.7,2.3,313.0,2.7,6.742,0.0,6.742,0
2021-01-23 10:00:00,8.3,1018.1,2.4,331.0,3.0,6.201,0.0,6.201,0
2021-01-23 11:00:00,7.6,1018.4,2.4,331.0,2.9,5.299,0.0,5.299,0
2021-01-23 12:00:00,7.1,1019.4,2.1,343.0,3.0,3.973,0.0,3.973,0
2021-01-23 13:00:00,7.1,1020.3,2.5,358.0,3.3,2.887,0.0,2.887,0
2021-01-23 14:00:00,7.9,1021.0,4.6,18.0,5.6,2.041,0.0,2.041,0
2021-01-23 15:00:00,8.8,1021.9,4.4,38.0,5.9,1.88,0.0,1.88,0
2021-01-23 16:00:00,11.3,1022.7,4.6,43.0,6.2,2.556,0.0,2.556,0
2021-01-23 17:00:00,11.3,1022.6,7.2,71.0,8.8,3.694,0.0,3.694,0
2021-01-23 18:00:00,10.9,1022.2,8.3,85.0,9.6,4.908,0.0,4.908,0
2021-01-23 19:00:00,11.3,1021.7,7.2,92.0,8.2,5.899,0.0,5.899,0
2021-01-23 20:00:00,11.4,1021.6,6.6,83.0,7.5,6.112,0.0,6.112,0
2021-01-23 21:00:00,11.6,1021.9,5.9,85.0,6.7,6.23,0.0,6.23,0
2021-01-23 22:00:00,11.7,1022.5,4.6,104.0,5.5,5.876,0.0,5.876,0
2021-01-23 23:00:00,11.0,1022.8,2.3,125.0,3.0,5.174,0.0,5.174,0
2021-01-24 00:00:00,10.9,1023.0,1.3,112.0,1.9,4.219,0.0,4.219,0
2021-01-24 01:00:00,11.6,1023.5,2.8,75.0,3.4,3.114,0.0,3.114,0
2021-01-24 02:00:00,11.8,1023.8,3.6,90.0,4.2,2.329,0.0,2.329,0
2021-01-24 03:00:00,12.0,1024.2,4.4,78.0,5.2,1.778,0.0,1.778,0
2021-01-24 04:00:00,10.9,1024.2,3.2,45.0,4.0,1.831,0.0,1.831,0
2021-01-24 05:00:00,10.3,1024.2,2.7,42.0,3.0,2.697,0.0,2.697,0
2021-01-24 06:00:00,10.1,1024.3,5.6,48.0,7.4,4.199,0.0,4.199,0
2021-01-24 07:00:00,10.1,1024.0,5.5,57.0,6.7,5.719,0.0,5.719,0
2021-01-24 08:00:00,10.2,1023.8,6.1,58.0,9.3,6.939,0.0,6.939,0
2021-01-24 09:00:00,10.5,1024.1,4.9,47.0,6.4,7.497,0.0,7.497,0
2021-01-24 10:00:00,10.1,1024.3,5.0,42.0,6.0,7.474,0.0,7.474,0
2021-01-24 11:00:00,10.3,1024.4,4.6,52.0,6.0,6.847,0.0,6.847,0
2021-01-24 12:00:00,10.8,1025.0,5.1,50.0,6.6,5.764,0.0,5.764,0
2021-01-24 13:00:00,10.0,1025.2,4.9,51.0,6.4,4.452,0.0,4.452,0
2021-01-24 14:00:00,11.3,1025.4,6.1,72.0,8.0,3.159,0.0,3.159,0
2021-01-24 15:00:00,11.3,1025.8,6.1,67.0,7.4,2.513,0.0,2.513,0
2021-01-24 16:00:00,12.3,1025.2,7.1,75.0,8.7,2.238,0.0,2.238,0
2021-01-24 17:00:00,12.2,1024.6,6.5,68.0,9.0,2.631,0.0,2.631,0
2021-01-24 18:00:00,12.2,1023.4,6.2,59.0,8.0,3.589,0.0,3.589,0
2021-01-24 19:00:00,12.5,1022.4,6.2,59.0,8.5,4.646,0.0,4.646,0
2021-01-24 20:00:00,12.7,1022.5,5.7,61.0,7.2,5.554,0.0,5.554,0
2021-01-24 21:00:00,12.7,1022.5,6.9,58.0,8.8,6.119,0.0,6.119,0
2021-01-24 22:00:00,12.5,1022.6,5.7,58.0,7.1,6.25,0.0,6.25,0
2021-01-24 23:00:00,11.8,1022.3,5.8,61.0,7.2,6.043,0.0,6.043,0
2021-01-25 00:00:00,11.7,1022.2,5.0,67.0,6.2,5.299,0.0,5.299,0
2021-01-25 01:00:00,12.0,1021.9,4.3,71.0,5.4,4.245,0.0,4.245,0
2021-01-25 02:00:00,12.2,1022.2,3.3,70.0,4.4,2.989,0.0,2.989,0
2021-01-25 03:00:00,12.4,1021.7,4.2,58.0,4.8,1.883,0.0,1.883,0
2021-01-25 04:00:00,12.2,1021.0,3.6,79.0,5.2,1.28,0.0,1.28,0
2021-01-25 05:00:00,12.3,1020.6,2.6,78.0,3.0,1.611,0.0,1.611,0
2021-01-25 07:00:00,12.5,1019.3,1.9,96.0,2.1,4.603,0.0,4.603,0
2021-01-25 08:00:00,11.8,1019.5,2.3,298.0,2.5,6.194,0.0,6.194,0
2021-01-25 09:00:00,12.1,1018.5,0.7,134.0,0.8,7.238,0.0,7.238,0
2021-01-25 10:00:00,12.2,1018.0,1.3,106.0,1.4,7.608,0.0,7.608,0
2021-01-25 11:00:00,12.8,1017.9,1.0,106.0,1.1,7.533,0.0,7.533,0
2021-01-25 12:00:00,12.9,1018.1,0.1,243.0,0.5,6.657,0.0,6.657,0
2021-01-25 13:00:00,14.3,1018.1,0.5,164.0,0.8,5.404,0.0,5.404,0
2021-01-25 14:00:00,16.7,1018.1,2.6,213.0,4.1,3.806,0.0,3.806,0
2021-01-25 15:00:00,18.1,1018.3,2.9,221.0,4.0,2.71,0.0,2.71,0
2021-01-25 16:00:00,19.5,1017.5,4.1,218.0,7.1,1.759,0.0,1.759,0
2021-01-25 17:00:00,20.2,1016.8,3.9,200.0,5.6,1.634,0.0,1.634,0
2021-01-25 18:00:00,19.5,1015.3,4.9,199.0,6.3,2.254,0.0,2.254,0
2021-01-25 19:00:00,17.4,1014.6,4.3,205.0,5.9,3.461,0.0,3.461,0
2021-01-25 20:00:00,17.8,1013.9,4.3,203.0,6.7,4.757,0.0,4.757,0
2021-01-25 21:00:00,17.3,1013.9,4.1,214.0,5.4,5.758,0.0,5.758,0
2021-01-25 22:00:00,17.0,1014.7,2.9,206.0,4.4,6.424,0.0,6.424,0
2021-01-25 23:00:00,16.7,1015.2,2.1,201.0,3.0,6.631,0.0,6.631,0
2021-01-26 00:00:00,16.5,1015.5,3.3,213.0,4.9,6.165,0.0,6.165,0
2021-01-26 01:00:00,15.9,1015.8,2.7,205.0,4.4,4.987,0.0,4.987,0
2021-01-26 02:00:00,16.0,1015.1,3.7,216.0,5.4,3.573,0.0,3.573,0
2021-01-26 03:00:00,15.8,1014.8,2.6,210.0,3.4,2.031,0.0,2.031,0
2021-01-26 04:00:00,15.3,1014.7,2.0,203.0,2.6,0.896,0.0,0.896,0
2021-01-26 05:00:00,15.6,1014.6,2.9,204.0,4.4,0.525,0.0,0.525,0
2021-01-26 06:00:00,17.1,1013.5,3.8,197.0,7.4,1.26,0.0,1.26,0
2021-01-26 07:00:00,15.3,1013.2,3.9,213.0,5.5,2.877,0.0,2.877,0
2021-01-26 08:00:00,15.0,1013.3,2.3,222.0,3.5,4.862,0.0,4.862,0
2021-01-26 09:00:00,14.7,1013.5,2.2,223.0,3.3,6.417,0.0,6.417,0
2021-01-26 10:00:00,14.5,1013.7,1.6,219.0,2.9,7.379,0.0,7.379,0
2021-01-26 11:00:00,14.4,1013.5,2.2,198.0,3.6,7.585,0.0,7.585,0
2021-01-26 12:00:00,15.4,1013.5,5.2,213.0,7.5,7.162,0.0,7.162,0
2021-01-26 13:00:00,16.2,1014.5,3.0,230.0,4.8,6.109,0.0,6.109,0
2021-01-26 14:00:00,17.6,1015.0,2.4,236.0,4.0,4.81,0.0,4.81,0
2021-01-26 15:00:00,18.8,1015.3,3.0,235.0,4.4,3.153,0.0,3.153,0
2021-01-26 16:00:00,18.9,1015.7,1.7,203.0,2.9,1.959,0.0,1.959,0
2021-01-26 17:00:00,19.2,1015.2,1.1,244.0,2.2,1.027,0.0,1.027,0
2021-01-26 18:00:00,19.6,1014.4,2.5,168.0,3.9,0.974,0.0,0.974,0
2021-01-26 19:00:00,19.4,1013.6,1.9,194.0,2.8,1.893,0.0,1.893,0
2021-01-26 20:00:00,18.0,1013.6,1.7,211.0,2.3,2.959,0.0,2.959,0
2021-01-26 21:00:00,18.1,1014.3,2.0,193.0,3.1,4.18,0.0,4.18,0
2021-01-26 22:00:00,17.1,1013.9,2.0,205.0,3.7,5.433,0.0,5.433,0
2021-01-26 23:00:00,16.0,1014.2,1.6,193.0,3.5,6.319,0.0,6.319,0
2021-01-27 00:00:00,15.6,1014.9,2.2,213.0,3.5,6.381,0.0,6.381,0
2021-01-27 01:00:00,15.8,1015.5,2.1,200.0,3.2,5.856,0.0,5.856,0
2021-01-27 02:00:00,15.7,1015.4,1.5,215.0,2.0,4.36,0.0,4.36,0
2021-01-27 03:00:00,15.8,1015.2,1.2,205.0,1.6,2.726,0.0,2.726,0
2021-01-27 04:00:00,15.6,1015.0,1.3,205.0,1.8,1.004,0.0,1.004,0
2021-01-27 05:00:00,15.8,1014.9,0.6,226.0,1.1,-0.21,0.0,-0.21,0
2021-01-27 06:00:00,16.4,1014.6,1.8,200.0,2.9,-0.233,0.0,-0.233,0
2021-01-27 07:00:00,16.6,1014.3,1.4,200.0,2.4,1.014,0.0,1.014,0
2021-01-27 08:00:00,16.8,1014.4,1.8,212.0,2.7,2.956,0.0,2.956,0
2021-01-27 09:00:00,17.0,1014.2,2.5,211.0,3.7,5.112,0.0,5.112,0
2021-01-27 10:00:00,16.7,1014.7,2.4,212.0,3.4,6.68,0.0,6.68,0
2021-01-27 11:00:00,16.2,1014.9,2.7,213.0,3.9,7.539,0.0,7.539,0
2021-01-27 12:00:00,16.2,1015.6,8.2,17.0,10.0,7.795,0.0,7.795,0
2021-01-27 13:00:00,14.5,1016.6,5.3,27.0,7.0,7.044,0.0,7.044,0
2021-01-27 14:00:00,14.0,1016.6,4.3,79.0,5.1,5.709,0.0,5.709,0
2021-01-27 15:00:00,14.2,1019.0,6.6,338.0,8.1,4.232,0.0,4.232,0
2021-01-27 16:00:00,13.2,1019.8,5.9,24.0,7.4,2.608,0.0,2.608,0
2021-01-27 17:00:00,13.2,1019.0,5.3,44.0,7.2,1.289,0.0,1.289,0
2021-01-27 18:00:00,12.7,1018.4,5.8,41.0,7.5,0.604,0.0,0.604,0
2021-01-27 19:00:00,12.7,1017.1,5.8,64.0,6.7,1.024,0.0,1.024,0
2021-01-27 20:00:00,12.9,1016.5,7.6,79.0,8.8,2.316,0.0,2.316,0
2021-01-27 21:00:00,12.8,1015.9,8.2,81.0,9.5,4.029,0.0,4.029,0
2021-01-27 22:00:00,13.2,1015.3,6.1,94.0,6.9,5.597,0.0,5.597,0
2021-01-27 23:00:00,13.4,1015.0,2.2,134.0,3.4,6.893,0.0,6.893,0
2021-01-28 00:00:00,14.0,1014.6,0.6,172.0,0.9,7.53,0.0,7.53,0
2021-01-28 01:00:00,13.8,1014.6,4.1,311.0,4.7,7.188,0.0,7.188,0
2021-01-28 02:00:00,13.6,1014.4,3.2,291.0,3.4,6.276,0.0,6.276,0
2021-01-28 03:00:00,13.6,1014.7,3.4,280.0,4.3,4.682,0.0,4.682,0
2021-01-28 04:00:00,13.5,1015.8,6.0,275.0,8.1,2.772,0.0,2.772,0
2021-01-28 05:00:00,14.1,1015.7,7.1,281.0,9.0,0.919,0.0,0.919,0
2021-01-28 06:00:00,14.3,1015.6,6.2,276.0,7.9,-0.2,0.0,-0.2,0
2021-01-28 07:00:00,13.7,1016.3,10.2,304.0,11.9,-0.217,0.0,-0.217,0
2021-01-28 08:00:00,12.1,1017.1,11.5,298.0,13.1,0.709,0.0,0.709,0
2021-01-28 09:00:00,10.9,1018.1,12.1,309.0,14.7,2.402,0.0,2.402,0
2021-01-28 10:00:00,9.4,1019.3,10.6,315.0,12.8,4.38,0.0,4.38,0
2021-01-28 11:00:00,8.5,1020.9,8.8,321.0,11.1,6.024,0.0,6.024,0
2021-01-28 12:00:00,7.8,1022.5,9.8,323.0,12.3,7.051,0.0,7.051,0
2021-01-28 13:00:00,7.6,1023.5,10.3,326.0,13.7,7.103,0.0,7.103,0
2021-01-28 14:00:00,7.9,1024.6,10.7,330.0,12.7,6.391,0.0,6.391,0
2021-01-28 15:00:00,8.8,1025.7,9.1,319.0,14.7,5.144,0.0,5.144,0
2021-01-28 16:00:00,9.3,1026.2,8.7,335.0,10.9,3.642,0.0,3.642,0
2021-01-28 17:00:00,9.8,1025.9,8.6,348.0,10.6,2.267,0.0,2.267,0
2021-01-28 18:00:00,10.4,1024.9,7.4,327.0,9.5,1.001,0.0,1.001,0
2021-01-28 19:00:00,11.0,1025.0,5.4,331.0,7.5,0.761,0.0,0.761,0
2021-01-28 20:00:00,11.6,1025.3,7.3,322.0,8.9,1.552,0.0,1.552,0
2021-01-28 21:00:00,12.2,1025.0,5.8,338.0,8.1,2.799,0.0,2.799,0
2021-01-28 22:00:00,12.2,1025.3,4.8,341.0,6.2,4.206,0.0,4.206,0
2021-01-28 23:00:00,11.4,1026.2,4.4,339.0,5.6,5.6,0.0,5.6,0
2021-01-29 00:00:00,10.2,1026.4,3.1,335.0,3.8,6.765,0.0,6.765,0
2021-01-29 01:00:00,9.5,1027.3,3.2,326.0,4.1,7.215,0.0,7.215,0
2021-01-29 02:00:00,8.7,1027.5,1.1,350.0,1.4,6.877,0.0,6.877,0
2021-01-29 03:00:00,8.1,1027.7,2.3,321.0,2.8,5.492,0.0,5.492,0
2021-01-29 04:00:00,7.3,1027.8,2.6,314.0,3.0,3.898,0.0,3.898,0
2021-01-29 05:00:00,6.8,1027.6,2.9,344.0,3.6,2.1,0.0,2.1,0
2021-01-29 06:00:00,6.0,1026.7,2.1,354.0,3.2,0.571,0.0,0.571,0
2021-01-29 07:00:00,4.9,1027.0,4.1,319.0,4.8,0.039,0.0,0.039,0
2021-01-29 08:00:00,3.8,1027.4,3.2,335.0,4.0,0.61,0.0,0.61,0
2021-01-29 09:00:00,3.7,1026.8,2.9,2.0,4.0,2.165,0.0,2.165,0
2021-01-29 10:00:00,4.3,1027.1,3.1,18.0,4.9,4.357,0.0,4.357,0
2021-01-29 11:00:00,5.0,1027.4,6.4,41.0,8.3,6.46,0.0,6.46,0
2021-01-29 12:00:00,4.5,1028.2,5.1,47.0,6.5,7.848,0.0,7.848,0
2021-01-29 13:00:00,4.5,1028.8,4.2,32.0,5.4,8.406,0.0,8.406,0
2021-01-29 14:00:00,4.8,1028.8,4.9,53.0,7.0,8.294,0.0,8.294,0
2021-01-29 15:00:00,5.1,1029.2,4.4,38.0,6.2,7.339,0.0,7.339,0
2021-01-29 16:00:00,5.3,1029.5,3.9,43.0,5.5,5.932,0.0,5.932,0
2021-01-29 17:00:00,5.9,1029.1,3.0,64.0,4.1,4.226,0.0,4.226,0
2021-01-29 18:00:00,6.1,1027.7,3.8,93.0,4.7,2.49,0.0,2.49,0
2021-01-29 19:00:00,6.5,1026.9,3.5,105.0,4.9,1.224,0.0,1.224,0
2021-01-29 20:00:00,7.0,1026.7,3.3,105.0,4.0,0.614,0.0,0.614,0
2021-01-29 21:00:00,7.4,1026.3,4.2,107.0,5.2,1.312,0.0,1.312,0
2021-01-29 22:00:00,7.7,1026.3,2.4,133.0,3.4,2.943,0.0,2.943,0
2021-01-29 23:00:00,6.8,1026.5,1.3,147.0,2.0,4.816,0.0,4.816,0
2021-01-30 00:00:00,6.6,1026.4,1.1,162.0,1.4,6.608,0.0,6.608,0
2021-01-30 01:00:00,6.2,1026.8,0.9,160.0,1.0,7.572,0.0,7.572,0
2021-01-30 02:00:00,7.1,1027.2,0.9,202.0,0.9,7.753,0.0,7.753,0
2021-01-30 03:00:00,7.5,1026.9,1.2,10.0,1.3,6.952,0.0,6.952,0
2021-01-30 04:00:00,7.3,1027.1,1.5,0.0,1.9,5.554,0.0,5.554,0
2021-01-30 05:00:00,6.7,1027.6,2.0,352.0,2.7,3.835,0.0,3.835,0
2021-01-30 06:00:00,7.8,1027.4,3.1,42.0,3.6,1.962,0.0,1.962,0
2021-01-30 07:00:00,7.8,1027.0,1.8,46.0,2.3,0.63,0.0,0.63,0
2021-01-30 08:00:00,9.2,1026.4,3.5,77.0,4.6,0.023,0.0,0.023,0
2021-01-30 09:00:00,9.2,1026.0,4.6,92.0,5.6,0.804,0.0,0.804,0
2021-01-30 10:00:00,9.3,1026.2,5.4,89.0,6.5,2.608,0.0,2.608,0
2021-01-30 11:00:00,9.4,1026.6,5.7,83.0,6.6,4.882,0.0,4.882,0
2021-01-30 12:00:00,9.6,1026.8,5.9,81.0,7.8,7.06,0.0,7.06,0
2021-01-30 13:00:00,9.7,1027.4,6.1,80.0,7.4,8.363,0.0,8.363,0
2021-01-30 14:00:00,9.9,1027.6,6.3,77.0,8.0,8.865,0.0,8.865,0
2021-01-30 15:00:00,10.2,1028.0,6.8,87.0,8.4,8.56,0.0,8.56,0
2021-01-30 16:00:00,10.4,1028.1,6.2,85.0,7.1,7.283,0.0,7.283,0
2021-01-30 17:00:00,10.8,1027.6,6.2,81.0,7.5,5.673,0.0,5.673,0
2021-01-30 18:00:00,11.2,1026.7,5.7,74.0,7.6,3.904,0.0,3.904,0
2021-01-30 19:00:00,11.2,1025.6,6.2,70.0,7.3,2.041,0.0,2.041,0
2021-01-30 20:00:00,11.5,1025.5,6.3,77.0,8.4,0.978,0.0,0.978,0
2021-01-30 21:00:00,11.7,1025.5,6.7,76.0,8.4,0.889,0.0,0.889,0
2021-01-30 22:00:00,11.8,1025.6,6.0,84.0,8.6,1.801,0.0,1.801,0
2021-01-30 23:00:00,11.3,1024.9,7.1,67.0,8.8,3.796,0.0,3.796,0
2021-01-31 00:00:00,11.8,1024.5,7.9,68.0,10.2,5.774,0.0,5.774,0
2021-01-31 01:00:00,12.2,1024.2,7.5,59.0,9.3,7.395,0.0,7.395,0
2021-01-31 02:00:00,12.6,1023.8,5.8,80.0,7.1,8.035,0.0,8.035,0
2021-01-31 03:00:00,12.8,1022.6,2.5,119.0,2.9,8.005,0.0,8.005,0
2021-01-31 04:00:00,14.5,1022.2,4.0,143.0,6.0,7.198,0.0,7.198,0
2021-01-31 05:00:00,14.4,1021.5,2.5,146.0,4.0,5.787,0.0,5.787,0
2021-01-31 06:00:00,14.7,1021.0,2.3,147.0,4.1,4.055,0.0,4.055,0
2021-01-31 07:00:00,14.3,1020.6,2.0,163.0,3.7,2.139,0.0,2.139,0
2021-01-31 08:00:00,14.5,1020.5,1.7,206.0,2.3,0.722,0.0,0.722,0
2021-01-31 09:00:00,13.9,1019.9,1.0,193.0,1.6,0.367,0.0,0.367,0
2021-01-31 10:00:00,13.9,1019.7,2.7,213.0,3.9,1.211,0.0,1.211,0
2021-01-31 11:00:00,14.9,1019.0,2.4,190.0,4.8,3.176,0.0,3.176,0
2021-01-31 12:00:00,14.4,1018.2,3.7,185.0,7.0,5.253,0.0,5.253,0
2021-01-31 13:00:00,15.1,1016.5,5.5,190.0,10.5,7.149,0.0,7.149,0
2021-01-31 14:00:00,15.9,1016.5,6.3,205.0,11.2,8.205,0.0,8.205,0
2021-01-31 15:00:00,15.7,1016.0,6.0,206.0,9.5,8.612,0.0,8.612,0
2021-01-31 16:00:00,15.7,1015.7,6.4,210.0,9.1,8.077,0.0,8.077,0
2021-01-31 17:00:00,15.6,1014.5,6.7,213.0,10.4,6.821,0.0,6.821,0
2021-01-31 18:00:00,14.7,1013.8,6.6,213.0,8.9,5.056,0.0,5.056,0
2021-01-31 19:00:00,15.0,1012.9,6.1,208.0,9.2,3.094,0.0,3.094,0
2021-01-31 20:00:00,15.0,1012.0,5.0,209.0,7.4,1.102,0.0,1.102,0
2021-01-31 21:00:00,15.4,1010.8,4.3,205.0,6.8,-0.161,0.0,-0.161,0
2021-01-31 22:00:00,14.7,1010.3,4.4,201.0,7.7,-0.098,0.0,-0.098,0
2021-01-31 23:00:00,14.9,1009.2,4.1,196.0,6.4,1.532,0.0,1.532,0
2021-02-01 00:00:00,15.0,1008.5,3.9,198.0,8.1,3.56,0.0,3.56,0
2021-02-01 01:00:00,14.9,1007.6,4.8,211.0,7.3,5.751,0.0,5.751,0
2021-02-01 02:00:00,15.1,1009.6,3.6,299.0,4.0,7.28,0.0,7.28,0
2021-02-01 03:00:00,14.8,1009.3,2.1,234.0,2.7,7.671,0.0,7.671,0
2021-02-01 04:00:00,14.2,1008.2,1.0,176.0,1.5,7.254,0.0,7.254,0
2021-02-01 05:00:00,13.8,1006.7,0.6,129.0,1.0,6.181,0.0,6.181,0
2021-02-01 06:00:00,13.7,1007.7,2.2,217.0,3.1,4.573,0.0,4.573,0
2021-02-01 07:00:00,13.6,1006.5,0.8,258.0,1.3,2.707,0.0,2.707,0
2021-02-01 08:00:00,13.7,1006.3,0.9,238.0,1.2,1.07,0.0,1.07,0
2021-02-01 09:00:00,14.0,1006.3,5.5,283.0,6.4,0.135,0.0,0.135,0
2021-02-01 10:00:00,12.9,1007.1,8.8,303.0,9.7,0.226,0.0,0.226,0
2021-02-01 11:00:00,11.1,1007.7,7.2,320.0,9.2,1.342,0.0,1.342,0
2021-02-01 12:00:00,10.3,1008.5,10.6,307.0,12.8,3.133,0.0,3.133,0
2021-02-01 13:00:00,9.8,1009.2,9.9,314.0,11.8,5.023,0.0,5.023,0
2021-02-01 14:00:00,9.6,1009.4,9.5,310.0,11.2,6.617,0.0,6.617,0
2021-02-01 15:00:00,9.4,1009.5,10.3,306.0,12.2,7.644,0.0,7.644,0
2021-02-01 16:00:00,8.7,1009.3,10.3,306.0,12.3,7.812,0.0,7.812,0
2021-02-01 17:00:00,8.3,1008.8,10.6,308.0,12.6,7.044,0.0,7.044,0
2021-02-01 18:00:00,8.0,1008.2,10.8,293.0,12.2,5.463,0.0,5.463,0
2021-02-01 19:00:00,8.3,1007.6,7.9,294.0,9.1,3.822,0.0,3.822,0
2021-02-01 20:00:00,8.4,1007.6,11.1,301.0,13.5,1.844,0.0,1.844,0
2021-02-01 21:00:00,8.0,1007.9,11.5,303.0,13.8,0.4,0.0,0.4,0
2021-02-01 22:00:00,7.8,1008.3,6.8,314.0,9.0,-0.371,0.0,-0.371,0
2021-02-01 23:00:00,7.5,1008.6,11.4,304.0,13.3,0.42,0.0,0.42,0
2021-02-02 00:00:00,7.0,1009.4,8.6,320.0,10.2,1.949,0.0,1.949,0
2021-02-02 01:00:00,7.3,1009.8,8.8,303.0,10.8,3.891,0.0,3.891,0
2021-02-02 02:00:00,6.8,1010.1,11.0,297.0,13.2,5.679,0.0,5.679,0
2021-02-02 03:00:00,6.7,1010.3,11.4,303.0,15.0,6.841,0.0,6.841,0
2021-02-02 04:00:00,6.2,1010.3,13.4,307.0,16.3,7.165,0.0,7.165,0
2021-02-02 05:00:00,5.7,1010.2,10.7,309.0,13.4,6.785,0.0,6.785,0
2021-02-02 06:00:00,5.1,1010.1,13.2,305.0,16.5,5.869,0.0,5.869,0
2021-02-02 07:00:00,4.6,1010.5,12.6,305.0,14.9,4.295,0.0,4.295,0
2021-02-02 08:00:00,4.6,1010.5,10.3,307.0,14.1,2.743,0.0,2.743,0
2021-02-02 09:00:00,4.5,1010.4,9.2,315.0,12.1,1.112,0.0,1.112,0
2021-02-02 10:00:00,4.4,1010.4,9.2,304.0,12.7,-0.013,0.0,-0.013,0
2021-02-02 11:00:00,4.5,1010.9,8.8,308.0,10.6,0.308,0.0,0.308,0
2021-02-02 12:00:00,4.3,1011.3,10.8,301.0,13.2,1.549,0.0,1.549,0
2021-02-02 13:00:00,4.1,1012.0,7.9,294.0,9.9,3.281,0.0,3.281,0
2021-02-02 14:00:00,4.3,1011.9,9.5,306.0,11.3,5.407,0.0,5.407,0
2021-02-02 15:00:00,4.9,1011.5,8.4,312.0,11.6,6.572,0.0,6.572,0
2021-02-02 16:00:00,6.1,1011.3,9.3,305.0,12.3,7.605,0.0,7.605,0
2021-02-02 17:00:00,6.6,1011.0,8.5,298.0,11.9,7.73,0.0,7.73,0
2021-02-02 18:00:00,7.6,1010.1,10.3,304.0,12.2,6.972,0.0,6.972,0
2021-02-02 19:00:00,8.5,1009.5,11.1,297.0,12.8,5.551,0.0,5.551,0
2021-02-02 20:00:00,9.3,1009.5,10.9,307.0,12.7,3.734,0.0,3.734,0
2021-02-02 21:00:00,9.8,1009.8,11.4,313.0,13.3,1.66,0.0,1.66,0
2021-02-02 22:00:00,10.0,1010.0,10.4,304.0,11.7,0.246,0.0,0.246,0
2021-02-02 23:00:00,10.1,1010.6,7.2,306.0,8.9,-0.187,0.0,-0.187,0
2021-02-03 00:00:00,8.8,1010.9,3.1,276.0,4.0,0.833,0.0,0.833,0
2021-02-03 01:00:00,9.3,1011.1,7.5,290.0,8.8,2.595,0.0,2.595,0
2021-02-03 02:00:00,9.0,1011.9,10.6,303.0,13.9,4.518,0.0,4.518,0
2021-02-03 03:00:00,8.1,1012.4,9.2,308.0,10.9,6.037,0.0,6.037,0
2021-02-03 04:00:00,6.9,1012.9,7.8,317.0,10.1,6.913,0.0,6.913,0
2021-02-03 05:00:00,6.5,1012.7,10.4,309.0,12.1,7.247,0.0,7.247,0
2021-02-03 06:00:00,5.6,1013.0,9.3,319.0,11.4,6.808,0.0,6.808,0
2021-02-03 07:00:00,4.8,1013.5,8.1,317.0,9.5,5.735,0.0,5.735,0
2021-02-03 08:00:00,4.5,1013.7,8.5,310.0,9.8,4.291,0.0,4.291,0
2021-02-03 09:00:00,3.8,1014.2,6.7,313.0,8.4,2.651,0.0,2.651,0
2021-02-03 10:00:00,2.9,1014.6,7.1,321.0,9.3,1.207,0.0,1.207,0
2021-02-03 11:00:00,2.7,1015.5,7.9,319.0,9.9,0.404,0.0,0.404,0
2021-02-03 12:00:00,2.1,1016.4,6.7,318.0,8.0,0.722,0.0,0.722,0
2021-02-03 13:00:00,2.1,1017.1,7.5,319.0,8.5,1.883,0.0,1.883,0
2021-02-03 14:00:00,2.5,1017.3,8.5,311.0,10.2,3.484,0.0,3.484,0
2021-02-03 15:00:00,3.9,1017.5,7.7,312.0,9.3,5.148,0.0,5.148,0
2021-02-03 16:00:00,5.3,1017.6,6.6,315.0,8.7,6.591,0.0,6.591,0
2021-02-03 17:00:00,6.8,1017.4,7.5,300.0,9.4,7.346,0.0,7.346,0
2021-02-03 18:00:00,8.4,1016.5,7.2,304.0,9.0,7.316,0.0,7.316,0
2021-02-03 19:00:00,9.3,1015.8,6.5,293.0,8.5,6.421,0.0,6.421,0
2021-02-03 20:00:00,10.5,1015.7,5.2,314.0,6.2,5.049,0.0,5.049,0
2021-02-03 21:00:00,11.2,1015.7,6.1,285.0,7.1,3.189,0.0,3.189,0
2021-02-03 22:00:00,11.7,1016.1,5.2,298.0,6.4,1.43,0.0,1.43,0
2021-02-03 23:00:00,11.1,1016.5,4.2,298.0,4.7,0.285,0.0,0.285,0
2021-02-04 00:00:00,9.9,1017.2,2.5,273.0,3.2,0.289,0.0,0.289,0
2021-02-04 01:00:00,8.8,1017.9,2.9,254.0,3.9,1.388,0.0,1.388,0
2021-02-04 02:00:00,7.9,1018.4,3.3,257.0,5.0,3.012,0.0,3.012,0
2021-02-04 03:00:00,6.9,1018.9,1.9,250.0,2.7,4.754,0.0,4.754,0
2021-02-04 04:00:00,5.9,1018.8,1.6,245.0,2.0,6.083,0.0,6.083,0
2021-02-04 05:00:00,6.4,1019.2,2.1,259.0,3.5,7.087,0.0,7.087,0
2021-02-04 06:00:00,6.0,1018.9,1.6,259.0,2.5,7.369,0.0,7.369,0
2021-02-04 07:00:00,5.8,1018.7,1.6,255.0,2.1,7.123,0.0,7.123,0
2021-02-04 08:00:00,6.0,1018.7,2.2,330.0,3.1,6.047,0.0,6.047,0
2021-02-04 09:00:00,5.2,1018.8,1.5,323.0,2.0,4.288,0.0,4.288,0
2021-02-04 10:00:00,4.5,1019.1,1.6,316.0,1.8,2.867,0.0,2.867,0
2021-02-04 11:00:00,3.8,1019.9,1.6,257.0,1.9,1.463,0.0,1.463,0
2021-02-04 12:00:00,4.4,1020.6,1.5,295.0,2.2,0.764,0.0,0.764,0
2021-02-04 13:00:00,4.8,1020.6,0.4,293.0,0.9,0.906,0.0,0.906,0
2021-02-04 14:00:00,6.0,1020.6,0.1,7.0,0.5,1.9,0.0,1.9,0
2021-02-04 15:00:00,7.4,1020.8,1.5,77.0,1.9,3.373,0.0,3.373,0
2021-02-04 16:00:00,8.7,1021.0,3.4,85.0,3.9,5.246,0.0,5.246,0
2021-02-04 17:00:00,11.2,1020.6,1.6,174.0,2.8,6.755,0.0,6.755,0
2021-02-04 18:00:00,11.7,1020.1,3.0,202.0,4.3,7.421,0.0,7.421,0
2021-02-04 19:00:00,11.7,1019.2,2.6,172.0,4.5,7.162,0.0,7.162,0
2021-02-04 20:00:00,12.2,1018.8,2.4,184.0,3.8,6.086,0.0,6.086,0
2021-02-04 21:00:00,11.3,1018.3,2.6,178.0,5.0,4.57,0.0,4.57,0
2021-02-04 22:00:00,10.9,1018.4,2.8,188.0,4.0,2.776,0.0,2.776,0
2021-02-04 23:00:00,10.2,1017.8,1.5,172.0,3.3,1.211,0.0,1.211,0
2021-02-05 00:00:00,10.5,1017.8,1.9,208.0,2.9,0.348,0.0,0.348,0
2021-02-05 01:00:00,10.5,1017.5,1.5,202.0,2.5,0.636,0.0,0.636,0
2021-02-05 02:00:00,11.0,1016.6,2.5,189.0,5.2,1.814,0.0,1.814,0
2021-02-05 03:00:00,11.5,1016.7,2.9,214.0,4.7,3.373,0.0,3.373,0
2021-02-05 04:00:00,11.5,1016.1,3.1,203.0,4.7,4.97,0.0,4.97,0
2021-02-05 05:00:00,11.9,1015.5,2.5,204.0,4.0,6.394,0.0,6.394,0
2021-02-05 06:00:00,12.3,1014.5,4.2,203.0,5.7,7.507,0.0,7.507,0
2021-02-05 07:00:00,12.1,1014.4,4.2,210.0,6.3,7.73,0.0,7.73,0
2021-02-05 08:00:00,12.1,1013.4,3.8,210.0,5.7,7.421,0.0,7.421,0
2021-02-05 09:00:00,12.1,1012.9,3.3,211.0,4.9,6.375,0.0,6.375,0
2021-02-05 10:00:00,11.7,1013.4,2.6,227.0,3.9,4.921,0.0,4.921,0
2021-02-05 11:00:00,11.8,1013.6,3.1,221.0,4.5,3.287,0.0,3.287,0
2021-02-05 12:00:00,12.2,1013.2,7.6,213.0,12.0,1.801,0.0,1.801,0
2021-02-05 13:00:00,9.6,1013.1,2.9,216.0,4.6,0.774,0.0,0.774,0
2021-02-05 14:00:00,10.8,1012.9,4.7,212.0,7.4,0.758,0.0,0.758,0
2021-02-05 15:00:00,12.6,1012.9,4.9,209.0,6.8,1.66,0.0,1.66,0
2021-02-05 16:00:00,13.4,1012.9,4.6,214.0,6.7,3.163,0.0,3.163,0
2021-02-05 17:00:00,14.3,1012.5,4.6,207.0,6.4,4.898,0.0,4.898,0
2021-02-05 18:00:00,13.3,1012.0,4.6,209.0,6.6,6.211,0.0,6.211,0
2021-02-05 19:00:00,13.3,1010.9,3.6,200.0,4.9,6.683,0.0,6.683,0
2021-02-05 20:00:00,14.0,1011.3,3.2,203.0,4.7,6.46,0.0,6.46,0
2021-02-05 21:00:00,14.1,1011.2,2.8,203.0,4.3,5.463,0.0,5.463,0
2021-02-05 22:00:00,13.7,1011.5,1.7,219.0,2.8,3.773,0.0,3.773,0
2021-02-05 23:00:00,14.5,1013.0,3.2,326.0,4.2,2.211,0.0,2.211,0
2021-02-06 00:00:00,13.9,1014.5,6.5,316.0,7.8,0.876,0.0,0.876,0
2021-02-06 01:00:00,12.0,1015.0,1.6,267.0,2.1,0.164,0.0,0.164,0
2021-02-06 02:00:00,11.1,1016.3,2.6,236.0,3.2,0.18,0.0,0.18,0
2021-02-06 03:00:00,11.8,1016.5,3.4,300.0,5.0,0.912,0.0,0.912,0
2021-02-06 04:00:00,11.2,1016.4,3.2,313.0,3.7,2.041,0.0,2.041,0
2021-02-06 05:00:00,10.7,1017.2,4.3,322.0,5.4,3.658,0.0,3.658,0
2021-02-06 06:00:00,10.3,1017.2,4.8,310.0,5.8,5.413,0.0,5.413,0
2021-02-06 07:00:00,9.8,1017.1,2.4,330.0,3.1,6.949,0.0,6.949,0
2021-02-06 08:00:00,9.3,1016.6,0.9,336.0,1.5,7.618,0.0,7.618,0
2021-02-06 09:00:00,9.6,1017.1,1.4,331.0,1.8,7.31,0.0,7.31,0
2021-02-06 10:00:00,9.6,1018.0,2.5,301.0,2.7,6.207,0.0,6.207,0
2021-02-06 11:00:00,9.4,1018.7,1.8,313.0,2.2,4.76,0.0,4.76,0
2021-02-06 12:00:00,9.0,1019.5,1.6,4.0,2.1,2.963,0.0,2.963,0
2021-02-06 13:00:00,8.7,1020.7,1.0,25.0,1.4,1.45,0.0,1.45,0
2021-02-06 14:00:00,8.6,1020.9,4.1,53.0,5.0,0.331,0.0,0.331,0
2021-02-06 15:00:00,9.1,1021.3,3.7,71.0,4.5,0.459,0.0,0.459,0
2021-02-06 16:00:00,9.9,1021.5,7.9,83.0,9.2,1.516,0.0,1.516,0
2021-02-06 17:00:00,10.0,1021.3,6.2,92.0,7.4,3.271,0.0,3.271,0
2021-02-06 18:00:00,10.0,1019.8,7.7,93.0,8.7,5.131,0.0,5.131,0
2021-02-06 19:00:00,9.9,1018.7,6.9,70.0,8.7,6.473,0.0,6.473,0
2021-02-06 20:00:00,10.0,1017.7,6.5,69.0,8.2,7.077,0.0,7.077,0
2021-02-06 21:00:00,10.4,1016.8,7.5,76.0,9.1,6.742,0.0,6.742,0
2021-02-06 22:00:00,10.6,1015.8,8.4,69.0,11.1,5.876,0.0,5.876,0
2021-02-06 23:00:00,10.2,1015.6,5.8,38.0,7.7,4.78,0.0,4.78,0
2021-02-07 00:00:00,10.1,1015.0,6.7,53.0,8.4,3.586,0.0,3.586,0
2021-02-07 01:00:00,9.8,1014.5,8.1,60.0,10.2,2.467,0.0,2.467,0
2021-02-07 02:00:00,9.7,1014.2,6.4,53.0,8.5,1.745,0.0,1.745,0
2021-02-07 03:00:00,9.5,1013.4,5.4,62.0,7.3,1.552,0.0,1.552,0
2021-02-07 04:00:00,9.1,1012.6,5.9,41.0,7.6,1.765,0.0,1.765,0
2021-02-07 05:00:00,9.0,1011.8,5.1,52.0,6.9,3.031,0.0,3.031,0
2021-02-07 06:00:00,8.2,1012.5,8.2,322.0,10.7,4.616,0.0,4.616,0
2021-02-07 07:00:00,7.7,1009.8,4.9,44.0,6.1,6.391,0.0,6.391,0
2021-02-07 08:00:00,7.7,1009.6,3.9,10.0,4.8,7.717,0.0,7.717,0
2021-02-07 09:00:00,7.4,1009.2,2.4,32.0,3.0,8.458,0.0,8.458,0
2021-02-07 10:00:00,7.2,1009.6,3.0,350.0,4.2,8.261,0.0,8.261,0
2021-02-07 11:00:00,6.9,1009.9,3.8,315.0,4.3,7.349,0.0,7.349,0
2021-02-07 12:00:00,6.8,1010.8,5.2,317.0,6.1,5.696,0.0,5.696,0
2021-02-07 13:00:00,7.0,1012.0,5.7,305.0,6.8,3.93,0.0,3.93,0
2021-02-07 14:00:00,7.0,1013.2,7.4,314.0,8.5,1.998,0.0,1.998,0
2021-02-07 15:00:00,7.3,1014.1,8.8,302.0,9.7,0.646,0.0,0.646,0
2021-02-07 16:00:00,7.9,1014.8,7.1,317.0,8.7,0.344,0.0,0.344,0
2021-02-07 17:00:00,8.2,1014.6,8.0,313.0,10.3,1.129,0.0,1.129,0
2021-02-07 18:00:00,8.7,1015.0,8.7,316.0,10.6,2.657,0.0,2.657,0
2021-02-07 19:00:00,8.7,1015.4,9.1,310.0,10.4,4.331,0.0,4.331,0
2021-02-07 20:00:00,9.1,1015.9,8.0,305.0,9.8,5.719,0.0,5.719,0
2021-02-07 21:00:00,9.5,1016.8,4.9,352.0,6.9,6.49,0.0,6.49,0
2021-02-07 22:00:00,8.9,1017.8,5.3,4.0,6.9,6.339,0.0,6.339,0
2021-02-07 23:00:00,8.8,1018.8,3.6,5.0,5.4,5.518,0.0,5.518,0
2021-02-08 00:00:00,8.1,1019.8,1.6,313.0,2.1,4.242,0.0,4.242,0
2021-02-08 01:00:00,7.8,1020.6,1.1,271.0,1.2,2.766,0.0,2.766,0
2021-02-08 02:00:00,7.8,1021.4,1.3,314.0,1.6,1.207,0.0,1.207,0
2021-02-08 03:00:00,7.2,1022.4,1.1,218.0,1.2,0.495,0.0,0.495,0
2021-02-08 04:00:00,6.9,1022.8,1.2,276.0,1.3,0.026,0.0,0.026,0
2021-02-08 05:00:00,6.2,1023.0,1.9,4.0,2.3,0.794,0.0,0.794,0
2021-02-08 06:00:00,6.2,1023.3,1.5,2.0,2.0,2.257,0.0,2.257,0
2021-02-08 07:00:00,6.4,1023.2,2.0,10.0,2.6,4.255,0.0,4.255,0
2021-02-08 08:00:00,6.5,1023.3,1.8,3.0,2.6,6.165,0.0,6.165,0
2021-02-08 09:00:00,6.1,1023.2,1.8,356.0,2.3,7.661,0.0,7.661,0
2021-02-08 10:00:00,7.8,1023.5,3.6,31.0,4.2,8.064,0.0,8.064,0
2021-02-08 11:00:00,9.0,1024.0,4.2,41.0,5.5,7.789,0.0,7.789,0
2021-02-08 12:00:00,9.4,1024.4,3.8,43.0,4.6,6.89,0.0,6.89,0
2021-02-08 13:00:00,11.0,1024.8,6.9,64.0,8.8,5.397,0.0,5.397,0
2021-02-08 14:00:00,11.3,1025.8,6.7,63.0,8.7,3.704,0.0,3.704,0
2021-02-08 15:00:00,11.4,1026.4,7.3,62.0,10.1,2.165,0.0,2.165,0
2021-02-08 16:00:00,11.6,1026.7,7.3,66.0,9.6,1.007,0.0,1.007,0
2021-02-08 17:00:00,11.6,1026.2,7.9,64.0,10.2,0.712,0.0,0.712,0
2021-02-08 18:00:00,11.6,1025.5,8.1,71.0,10.0,1.49,0.0,1.49,0
2021-02-08 19:00:00,11.7,1024.6,8.0,69.0,9.5,2.92,0.0,2.92,0
2021-02-08 20:00:00,11.5,1024.2,8.2,72.0,9.9,4.524,0.0,4.524,0
2021-02-08 21:00:00,11.4,1024.1,6.2,64.0,8.0,5.951,0.0,5.951,0
2021-02-08 22:00:00,11.4,1024.3,6.9,72.0,9.9,6.864,0.0,6.864,0
2021-02-08 23:00:00,11.3,1024.4,7.6,70.0,10.2,7.182,0.0,7.182,0
2021-02-09 00:00:00,11.0,1024.5,7.3,62.0,9.2,6.48,0.0,6.48,0
2021-02-09 01:00:00,11.1,1024.5,6.9,67.0,8.5,5.351,0.0,5.351,0
2021-02-09 02:00:00,11.1,1024.7,5.8,69.0,7.6,3.629,0.0,3.629,0
2021-02-09 03:00:00,11.3,1024.8,6.0,59.0,8.1,1.886,0.0,1.886,0
2021-02-09 04:00:00,11.4,1023.7,4.6,84.0,5.5,0.492,0.0,0.492,0
2021-02-09 05:00:00,11.5,1023.3,4.4,70.0,5.3,-0.02,0.0,-0.02,0
2021-02-09 06:00:00,11.6,1022.9,2.9,74.0,4.0,0.745,0.0,0.745,0
2021-02-09 07:00:00,12.1,1022.4,2.3,48.0,3.2,2.467,0.0,2.467,0
2021-02-09 08:00:00,12.1,1021.6,0.2,31.0,0.8,4.619,0.0,4.619,0
2021-02-09 09:00:00,12.3,1020.7,2.7,67.0,4.1,6.49,0.0,6.49,0
2021-02-09 10:00:00,12.1,1021.1,1.0,349.0,1.4,7.68,0.0,7.68,0
2021-02-09 11:00:00,12.0,1021.6,1.1,348.0,1.8,8.143,0.0,8.143,0
2021-02-09 12:00:00,11.9,1021.3,0.1,354.0,1.0,7.815,0.0,7.815,0
2021-02-09 13:00:00,11.8,1020.4,3.1,146.0,4.6,6.66,0.0,6.66,0
2021-02-09 14:00:00,13.0,1020.3,4.0,161.0,7.1,5.049,0.0,5.049,0
2021-02-09 15:00:00,14.3,1021.1,4.1,341.0,5.9,3.199,0.0,3.199,0
2021-02-09 16:00:00,13.8,1023.0,3.1,303.0,4.8,1.437,0.0,1.437,0
2021-02-09 17:00:00,14.2,1021.1,0.7,293.0,1.2,-0.085,0.0,-0.085,0
2021-02-09 18:00:00,14.2,1021.0,1.2,284.0,1.5,-0.013,0.0,-0.013,0
2021-02-09 19:00:00,14.3,1020.6,2.0,312.0,2.2,1.04,0.0,1.04,0
2021-02-09 20:00:00,15.4,1020.7,0.7,236.0,1.1,2.713,0.0,2.713,0
2021-02-09 21:00:00,15.2,1020.2,1.3,302.0,1.6,4.678,0.0,4.678,0
2021-02-09 22:00:00,15.6,1020.4,1.4,256.0,2.0,6.191,0.0,6.191,0
2021-02-09 23:00:00,15.3,1020.6,0.0,200.0,0.5,7.008,0.0,7.008,0
2021-02-10 00:00:00,14.7,1020.7,0.3,21.0,0.6,7.021,0.0,7.021,0
2021-02-10 01:00:00,14.5,1021.0,0.9,166.0,1.0,6.027,0.0,6.027,0
2021-02-10 02:00:00,13.7,1021.6,0.0,332.0,0.3,4.744,0.0,4.744,0
2021-02-10 03:00:00,13.5,1022.2,0.2,154.0,0.4,2.825,0.0,2.825,0
2021-02-10 04:00:00,13.1,1021.8,0.0,314.0,0.2,1.001,0.0,1.001,0
2021-02-10 05:00:00,13.6,1021.8,0.7,117.0,0.8,-0.269,0.0,-0.269,0
2021-02-10 06:00:00,13.2,1021.7,0.5,263.0,0.6,-0.558,0.0,-0.558,0
2021-02-10 07:00:00,13.6,1021.6,1.1,198.0,1.6,0.623,0.0,0.623,0
2021-02-10 08:00:00,13.5,1021.4,2.1,204.0,2.4,2.546,0.0,2.546,0
2021-02-10 09:00:00,13.6,1021.1,0.0,207.0,0.5,4.718,0.0,4.718,0
2021-02-10 10:00:00,13.3,1021.4,1.0,25.0,1.2,6.519,0.0,6.519,0
2021-02-10 11:00:00,13.2,1021.6,0.0,19.0,0.5,7.687,0.0,7.687,0
2021-02-10 12:00:00,13.8,1021.9,0.9,153.0,1.1,8.166,0.0,8.166,0
2021-02-10 13:00:00,14.3,1022.3,0.4,123.0,0.5,7.723,0.0,7.723,0
2021-02-10 14:00:00,14.6,1022.8,1.7,163.0,2.2,6.526,0.0,6.526,0
2021-02-10 15:00:00,14.2,1023.0,1.5,72.0,1.7,4.767,0.0,4.767,0
2021-02-10 16:00:00,14.1,1023.1,1.0,66.0,1.3,2.9,0.0,2.9,0
2021-02-10 17:00:00,13.0,1022.8,2.4,107.0,2.7,1.06,0.0,1.06,0
2021-02-10 18:00:00,13.1,1022.1,2.5,104.0,3.0,-0.033,0.0,-0.033,0
2021-02-10 19:00:00,12.7,1021.1,3.6,93.0,4.6,-0.023,0.0,-0.023,0
2021-02-10 20:00:00,13.0,1020.6,4.1,83.0,5.2,1.283,0.0,1.283,0
2021-02-10 21:00:00,12.5,1020.9,5.4,58.0,7.1,3.1,0.0,3.1,0
2021-02-10 22:00:00,11.9,1020.6,5.9,77.0,8.0,5.079,0.0,5.079,0
2021-02-10 23:00:00,11.7,1020.9,5.4,64.0,6.8,6.621,0.0,6.621,0
2021-02-11 00:00:00,12.1,1021.4,5.4,52.0,6.7,7.162,0.0,7.162,0
2021-02-11 01:00:00,11.9,1021.3,5.3,60.0,6.9,7.392,0.0,7.392,0
2021-02-11 02:00:00,11.8,1021.3,5.3,65.0,7.0,6.463,0.0,6.463,0
2021-02-11 03:00:00,12.0,1021.5,4.7,69.0,7.2,4.984,0.0,4.984,0
2021-02-11 04:00:00,11.8,1021.1,5.4,68.0,7.5,3.022,0.0,3.022,0
2021-02-11 05:00:00,11.5,1021.1,4.0,77.0,4.7,1.253,0.0,1.253,0
2021-02-11 06:00:00,11.2,1020.6,3.9,78.0,4.4,0.098,0.0,0.098,0
2021-02-11 07:00:00,11.2,1020.0,1.8,130.0,2.5,0.036,0.0,0.036,0
2021-02-11 08:00:00,11.5,1020.0,1.2,202.0,2.1,1.23,0.0,1.23,0
2021-02-11 09:00:00,11.6,1019.1,0.7,215.0,1.0,3.084,0.0,3.084,0
2021-02-11 10:00:00,11.6,1018.9,0.6,342.0,0.7,5.253,0.0,5.253,0
2021-02-11 11:00:00,11.7,1018.6,0.4,132.0,0.5,7.08,0.0,7.08,0
2021-02-11 12:00:00,12.0,1018.7,0.9,166.0,1.2,8.087,0.0,8.087,0
2021-02-11 13:00:00,12.2,1019.4,1.8,4.0,2.1,8.376,0.0,8.376,0
2021-02-11 14:00:00,11.9,1019.5,1.4,101.0,1.7,7.795,0.0,7.795,0
2021-02-11 15:00:00,12.2,1019.4,2.3,112.0,2.5,6.411,0.0,6.411,0
2021-02-11 16:00:00,12.0,1019.7,2.3,87.0,2.7,4.678,0.0,4.678,0
2021-02-11 17:00:00,12.1,1019.4,2.0,74.0,2.4,2.736,0.0,2.736,0
2021-02-11 18:00:00,12.0,1018.2,2.5,98.0,2.8,0.945,0.0,0.945,0
2021-02-11 19:00:00,12.1,1017.4,2.6,84.0,2.8,-0.059,0.0,-0.059,0
2021-02-11 20:00:00,12.2,1016.7,2.7,87.0,3.0,0.259,0.0,0.259,0
2021-02-11 21:00:00,13.0,1016.6,2.6,70.0,2.9,1.572,0.0,1.572,0
2021-02-11 22:00:00,12.8,1016.4,3.7,78.0,4.0,3.553,0.0,3.553,0
2021-02-11 23:00:00,12.5,1016.6,3.0,106.0,3.7,5.64,0.0,5.64,0
2021-02-12 00:00:00,12.7,1016.8,2.9,70.0,3.4,7.133,0.0,7.133,0
2021-02-12 01:00:00,13.3,1016.9,1.6,136.0,2.2,7.766,0.0,7.766,0
2021-02-12 02:00:00,13.8,1017.2,1.3,113.0,1.9,7.339,0.0,7.339,0
2021-02-12 03:00:00,13.6,1017.4,0.8,359.0,1.1,6.135,0.0,6.135,0
2021-02-12 04:00:00,13.4,1017.2,0.0,123.0,1.5,4.327,0.0,4.327,0
2021-02-12 05:00:00,13.8,1016.8,1.0,125.0,1.6,2.408,0.0,2.408,0
2021-02-12 06:00:00,13.1,1016.6,0.7,25.0,1.2,0.745,0.0,0.745,0
2021-02-12 07:00:00,13.0,1015.9,0.0,354.0,0.8,-0.233,0.0,-0.233,0
2021-02-12 08:00:00,14.0,1014.9,1.6,34.0,1.8,0.121,0.0,0.121,0
2021-02-12 09:00:00,13.8,1014.7,1.2,124.0,1.3,1.713,0.0,1.713,0
2021-02-12 10:00:00,13.2,1014.4,0.8,98.0,1.0,3.74,0.0,3.74,0
2021-02-12 11:00:00,13.2,1014.8,1.4,331.0,1.5,5.873,0.0,5.873,0
2021-02-12 12:00:00,12.7,1015.9,4.7,59.0,5.7,7.546,0.0,7.546,0
2021-02-12 13:00:00,12.0,1016.4,5.3,67.0,6.8,8.232,0.0,8.232,0
2021-02-12 14:00:00,11.6,1017.5,7.1,70.0,9.5,8.481,0.0,8.481,0
2021-02-12 15:00:00,11.2,1018.0,8.5,67.0,11.0,7.884,0.0,7.884,0
2021-02-12 16:00:00,10.7,1018.5,9.4,60.0,11.9,6.601,0.0,6.601,0
2021-02-12 17:00:00,10.8,1018.3,5.3,65.0,7.1,4.77,0.0,4.77,0
2021-02-12 18:00:00,10.6,1017.7,7.2,68.0,8.8,2.927,0.0,2.927,0
2021-02-12 19:00:00,10.7,1017.1,6.5,74.0,7.6,1.171,0.0,1.171,0
2021-02-12 20:00:00,10.9,1017.0,6.5,69.0,8.3,0.545,0.0,0.545,0
2021-02-12 21:00:00,10.5,1017.3,4.4,51.0,6.0,1.273,0.0,1.273,0
2021-02-12 22:00:00,9.9,1017.7,5.2,45.0,7.9,2.687,0.0,2.687,0
2021-02-12 23:00:00,9.3,1018.0,5.5,40.0,6.6,4.616,0.0,4.616,0
2021-02-13 00:00:00,8.6,1018.2,4.6,39.0,6.4,6.558,0.0,6.558,0
2021-02-13 01:00:00,8.7,1018.9,4.6,54.0,6.1,7.638,0.0,7.638,0
2021-02-13 02:00:00,8.6,1019.1,4.8,48.0,6.2,8.051,0.0,8.051,0
2021-02-13 03:00:00,8.2,1019.5,5.6,51.0,7.1,7.621,0.0,7.621,0
2021-02-13 04:00:00,8.1,1019.1,4.6,37.0,5.7,6.309,0.0,6.309,0
2021-02-13 05:00:00,7.9,1018.7,4.9,40.0,6.2,4.78,0.0,4.78,0
2021-02-13 06:00:00,7.7,1018.5,4.9,29.0,5.9,2.953,0.0,2.953,0
2021-02-13 07:00:00,7.8,1017.7,5.1,51.0,6.9,1.45,0.0,1.45,0
2021-02-13 08:00:00,7.7,1016.9,5.7,54.0,7.1,0.764,0.0,0.764,0
2021-02-13 09:00:00,7.6,1016.3,4.8,47.0,7.0,1.283,0.0,1.283,0
2021-02-13 10:00:00,7.7,1016.5,4.1,47.0,5.3,2.769,0.0,2.769,0
2021-02-13 11:00:00,7.5,1016.0,4.0,41.0,5.8,4.741,0.0,4.741,0
2021-02-13 12:00:00,7.5,1016.6,3.3,35.0,4.2,6.634,0.0,6.634,0
2021-02-13 13:00:00,7.5,1015.9,5.8,34.0,8.6,7.894,0.0,7.894,0
2021-02-13 14:00:00,7.4,1015.7,6.5,45.0,8.4,8.54,0.0,8.54,0
2021-02-13 15:00:00,7.7,1015.6,5.9,56.0,7.9,8.517,0.0,8.517,0
2021-02-13 16:00:00,7.9,1015.9,4.4,54.0,5.5,7.707,0.0,7.707,0
2021-02-13 17:00:00,8.1,1014.3,6.0,54.0,7.6,6.165,0.0,6.165,0
2021-02-13 18:00:00,8.0,1013.9,4.1,31.0,4.7,4.416,0.0,4.416,0
2021-02-13 19:00:00,8.1,1013.2,3.3,36.0,4.5,2.543,0.0,2.543,0
2021-02-13 20:00:00,8.1,1013.7,2.2,341.0,3.1,1.214,0.0,1.214,0
2021-02-13 21:00:00,8.3,1013.6,3.2,1.0,4.0,0.791,0.0,0.791,0
2021-02-13 22:00:00,7.7,1013.8,3.8,350.0,5.0,1.745,0.0,1.745,0
2021-02-13 23:00:00,7.5,1014.6,4.2,2.0,5.7,3.481,0.0,3.481,0
2021-02-14 00:00:00,6.9,1015.8,4.8,7.0,6.9,5.39,0.0,5.39,0
2021-02-14 01:00:00,6.7,1016.4,5.0,12.0,6.7,6.969,0.0,6.969,0
2021-02-14 02:00:00,6.9,1016.7,3.5,8.0,4.4,7.697,0.0,7.697,0
2021-02-14 03:00:00,6.9,1016.5,4.0,14.0,4.7,7.753,0.0,7.753,0
2021-02-14 04:00:00,7.1,1017.8,0.9,349.0,1.5,7.021,0.0,7.021,0
2021-02-14 05:00:00,7.1,1017.2,1.9,335.0,2.4,5.577,0.0,5.577,0
2021-02-14 06:00:00,7.2,1017.4,3.1,344.0,3.8,3.927,0.0,3.927,0
2021-02-14 07:00:00,7.0,1017.4,3.3,12.0,4.3,2.142,0.0,2.142,0
2021-02-14 08:00:00,6.9,1016.3,5.1,18.0,6.2,1.001,0.0,1.001,0
2021-02-14 09:00:00,7.1,1016.3,3.8,46.0,4.8,0.817,0.0,0.817,0
2021-02-14 10:00:00,7.4,1016.7,3.8,44.0,4.8,1.726,0.0,1.726,0
2021-02-14 11:00:00,7.7,1016.8,4.3,47.0,5.3,3.346,0.0,3.346,0
2021-02-14 12:00:00,7.6,1017.0,3.8,41.0,5.0,5.335,0.0,5.335,0
2021-02-14 13:00:00,7.7,1016.6,4.6,38.0,6.2,6.736,0.0,6.736,0
2021-02-14 14:00:00,7.6,1016.8,4.6,42.0,5.5,7.828,0.0,7.828,0
2021-02-14 15:00:00,7.5,1016.6,6.9,46.0,8.8,8.012,0.0,8.012,0
2021-02-14 16:00:00,7.7,1016.9,5.1,38.0,6.5,7.743,0.0,7.743,0
2021-02-14 17:00:00,7.9,1016.7,5.0,46.0,6.2,6.749,0.0,6.749,0
2021-02-14 18:00:00,8.2,1016.1,3.9,36.0,5.1,5.299,0.0,5.299,0
2021-02-14 19:00:00,8.0,1015.0,4.6,26.0,5.7,3.54,0.0,3.54,0
2021-02-14 20:00:00,7.8,1015.1,4.3,359.0,5.8,2.014,0.0,2.014,0
2021-02-14 21:00:00,7.3,1015.3,6.1,15.0,7.5,0.876,0.0,0.876,0
2021-02-14 22:00:00,7.2,1015.3,5.3,356.0,7.3,0.951,0.0,0.951,0
2021-02-14 23:00:00,7.0,1016.1,3.6,13.0,4.5,2.198,0.0,2.198,0
2021-02-15 00:00:00,7.9,1015.4,5.5,59.0,7.2,4.209,0.0,4.209,0
2021-02-15 01:00:00,7.6,1016.9,5.2,322.0,6.5,6.125,0.0,6.125,0
2021-02-15 02:00:00,7.1,1017.9,4.2,353.0,5.9,7.477,0.0,7.477,0
2021-02-15 03:00:00,7.2,1018.1,3.8,13.0,4.5,7.9,0.0,7.9,0
2021-02-15 04:00:00,7.2,1017.6,4.4,26.0,5.7,7.405,0.0,7.405,0
2021-02-15 05:00:00,7.4,1017.4,4.1,25.0,5.2,6.617,0.0,6.617,0
2021-02-15 06:00:00,7.3,1017.3,3.6,36.0,4.6,5.289,0.0,5.289,0
2021-02-15 07:00:00,7.3,1017.6,2.6,29.0,3.3,3.707,0.0,3.707,0
2021-02-15 08:00:00,7.2,1017.9,3.2,36.0,4.1,2.254,0.0,2.254,0
2021-02-15 09:00:00,7.2,1017.7,4.2,31.0,5.3,1.325,0.0,1.325,0
2021-02-15 10:00:00,7.6,1017.8,4.2,76.0,4.8,1.519,0.0,1.519,0
2021-02-15 11:00:00,7.9,1018.4,4.0,75.0,4.7,2.674,0.0,2.674,0
2021-02-15 12:00:00,8.4,1018.5,4.7,55.0,5.4,4.167,0.0,4.167,0
2021-02-15 13:00:00,8.4,1019.0,3.4,40.0,4.0,5.807,0.0,5.807,0
2021-02-15 14:00:00,8.6,1019.0,3.6,55.0,4.5,7.005,0.0,7.005,0
2021-02-15 15:00:00,9.3,1018.7,5.9,68.0,7.6,7.871,0.0,7.871,0
2021-02-15 16:00:00,9.4,1018.2,5.7,63.0,8.0,7.71,0.0,7.71,0
2021-02-15 17:00:00,9.7,1017.4,7.3,73.0,9.3,7.343,0.0,7.343,0
2021-02-15 18:00:00,10.0,1016.6,7.3,72.0,8.9,6.178,0.0,6.178,0
2021-02-15 19:00:00,10.2,1015.3,6.4,71.0,7.4,4.61,0.0,4.61,0
2021-02-15 20:00:00,10.6,1014.3,6.3,77.0,7.9,2.887,0.0,2.887,0
2021-02-15 21:00:00,11.1,1013.2,5.6,86.0,6.6,1.588,0.0,1.588,0
2021-02-15 22:00:00,11.8,1012.3,4.4,83.0,5.1,1.096,0.0,1.096,0
2021-02-15 23:00:00,11.8,1011.3,4.2,85.0,4.7,1.847,0.0,1.847,0
2021-02-16 00:00:00,12.4,1011.0,2.8,117.0,3.3,3.655,0.0,3.655,0
2021-02-16 01:00:00,16.9,1010.4,4.7,166.0,7.3,5.564,0.0,5.564,0
2021-02-16 02:00:00,18.5,1011.0,6.8,210.0,10.0,7.041,0.0,7.041,0
2021-02-16 03:00:00,16.6,1010.1,2.5,234.0,4.1,7.871,0.0,7.871,0
2021-02-16 04:00:00,16.9,1009.8,1.6,191.0,3.0,7.736,0.0,7.736,0
2021-02-16 05:00:00,16.0,1009.7,3.1,221.0,4.8,7.316,0.0,7.316,0
2021-02-16 06:00:00,15.5,1009.7,3.0,223.0,4.9,6.073,0.0,6.073,0
2021-02-16 07:00:00,15.8,1010.3,4.1,216.0,6.8,4.459,0.0,4.459,0
2021-02-16 08:00:00,15.2,1009.9,4.8,214.0,6.5,2.874,0.0,2.874,0
2021-02-16 09:00:00,17.5,1010.0,3.4,249.0,5.2,1.562,0.0,1.562,0
2021-02-16 10:00:00,17.6,1010.7,4.1,251.0,6.7,1.227,0.0,1.227,0
2021-02-16 11:00:00,16.4,1011.2,6.2,264.0,9.1,1.526,0.0,1.526,0
2021-02-16 12:00:00,14.7,1012.1,4.0,255.0,5.8,2.74,0.0,2.74,0
2021-02-16 13:00:00,14.2,1013.4,4.3,267.0,5.5,4.124,0.0,4.124,0
2021-02-16 14:00:00,14.0,1013.9,4.9,254.0,7.1,5.394,0.0,5.394,0
2021-02-16 15:00:00,13.9,1014.4,6.2,272.0,8.5,5.817,0.0,5.817,0
2021-02-16 16:00:00,13.6,1015.2,6.4,285.0,7.7,6.594,0.0,6.594,0
2021-02-16 17:00:00,13.3,1015.5,8.3,304.0,10.3,6.388,0.0,6.388,0
2021-02-16 18:00:00,13.3,1015.3,9.6,304.0,10.8,5.584,0.0,5.584,0
2021-02-16 19:00:00,13.8,1015.2,6.0,316.0,7.3,4.137,0.0,4.137,0
2021-02-16 20:00:00,14.1,1015.7,7.8,294.0,9.4,2.451,0.0,2.451,0
2021-02-16 21:00:00,14.3,1016.0,7.5,290.0,8.3,1.217,0.0,1.217,0
2021-02-16 22:00:00,14.4,1016.7,6.5,293.0,7.2,0.226,0.0,0.226,0
2021-02-16 23:00:00,13.5,1017.5,4.9,295.0,5.6,0.184,0.0,0.184,0
2021-02-17 00:00:00,11.8,1018.7,4.9,302.0,5.7,1.444,0.0,1.444,0
2021-02-17 01:00:00,11.0,1019.7,3.5,300.0,4.2,3.251,0.0,3.251,0
2021-02-17 02:00:00,9.7,1020.8,2.4,270.0,3.1,5.135,0.0,5.135,0
2021-02-17 03:00:00,9.4,1021.3,4.1,298.0,5.0,6.348,0.0,6.348,0
2021-02-17 04:00:00,7.9,1021.7,4.4,320.0,5.5,6.667,0.0,6.667,0
2021-02-17 05:00:00,6.8,1021.3,4.6,326.0,5.9,6.463,0.0,6.463,0
2021-02-17 06:00:00,5.8,1021.5,4.7,322.0,5.5,5.62,0.0,5.62,0
2021-02-17 07:00:00,5.0,1021.3,4.4,345.0,5.5,4.37,0.0,4.37,0
2021-02-17 08:00:00,4.5,1021.0,2.5,352.0,3.9,2.989,0.0,2.989,0
2021-02-17 09:00:00,4.2,1021.1,2.5,5.0,3.1,1.601,0.0,1.601,0
2021-02-17 10:00:00,3.8,1021.6,3.3,359.0,5.1,1.106,0.0,1.106,0
2021-02-17 11:00:00,3.5,1022.9,2.9,8.0,4.0,1.001,0.0,1.001,0
2021-02-17 12:00:00,3.6,1023.6,5.0,16.0,6.5,1.972,0.0,1.972,0
2021-02-17 13:00:00,4.1,1024.4,3.7,20.0,4.6,3.369,0.0,3.369,0
2021-02-17 14:00:00,5.3,1024.9,4.2,32.0,5.2,4.682,0.0,4.682,0
2021-02-17 15:00:00,5.9,1025.3,3.0,38.0,4.2,5.663,0.0,5.663,0
2021-02-17 16:00:00,7.3,1024.9,3.9,68.0,5.1,6.427,0.0,6.427,0
2021-02-17 17:00:00,8.3,1024.5,5.2,58.0,6.5,6.503,0.0,6.503,0
2021-02-17 18:00:00,8.9,1023.7,5.7,58.0,6.9,6.161,0.0,6.161,0
2021-02-17 19:00:00,9.9,1023.0,4.9,23.0,5.9,5.318,0.0,5.318,0
2021-02-17 20:00:00,10.4,1022.8,3.2,21.0,4.1,4.075,0.0,4.075,0
2021-02-17 21:00:00,10.8,1022.4,4.6,41.0,5.7,2.73,0.0,2.73,0
2021-02-17 22:00:00,10.7,1022.0,4.1,43.0,5.7,1.647,0.0,1.647,0
2021-02-17 23:00:00,10.6,1021.8,4.1,44.0,5.1,1.345,0.0,1.345,0
2021-02-18 00:00:00,11.2,1021.2,7.1,74.0,8.5,2.096,0.0,2.096,0
2021-02-18 01:00:00,11.2,1021.4,7.4,59.0,9.6,3.412,0.0,3.412,0
2021-02-18 02:00:00,11.3,1021.0,5.5,66.0,6.9,4.872,0.0,4.872,0
2021-02-18 03:00:00,11.1,1021.1,5.7,59.0,7.9,6.184,0.0,6.184,0
2021-02-18 04:00:00,11.0,1020.6,6.0,66.0,7.9,7.06,0.0,7.06,0
2021-02-18 05:00:00,10.8,1018.8,10.1,85.0,12.4,7.484,0.0,7.484,0
2021-02-18 06:00:00,11.2,1018.2,6.0,59.0,7.6,7.32,0.0,7.32,0
2021-02-18 07:00:00,11.2,1017.6,5.0,54.0,6.5,6.493,0.0,6.493,0
2021-02-18 08:00:00,11.5,1016.7,2.8,56.0,3.8,5.328,0.0,5.328,0
2021-02-18 09:00:00,12.3,1015.9,4.1,64.0,5.7,4.052,0.0,4.052,0
2021-02-18 10:00:00,12.1,1015.5,4.4,82.0,5.8,2.989,0.0,2.989,0
2021-02-18 11:00:00,11.8,1016.2,3.5,356.0,5.6,2.362,0.0,2.362,0
2021-02-18 12:00:00,13.0,1016.7,2.0,303.0,2.4,2.543,0.0,2.543,0
2021-02-18 13:00:00,12.0,1017.7,1.1,35.0,1.7,3.11,0.0,3.11,0
2021-02-18 14:00:00,11.9,1018.0,3.0,91.0,3.3,4.232,0.0,4.232,0
2021-02-18 15:00:00,12.3,1017.9,2.0,105.0,2.3,5.223,0.0,5.223,0
2021-02-18 16:00:00,13.3,1018.0,1.3,83.0,1.5,6.063,0.0,6.063,0
2021-02-18 17:00:00,15.1,1017.4,0.6,93.0,0.9,6.568,0.0,6.568,0
2021-02-18 18:00:00,14.9,1016.8,2.3,69.0,2.5,6.726,0.0,6.726,0
2021-02-18 19:00:00,13.9,1016.3,4.4,48.0,5.0,6.289,0.0,6.289,0
2021-02-18 20:00:00,13.5,1015.7,4.4,78.0,6.0,5.348,0.0,5.348,0
2021-02-18 21:00:00,12.5,1015.4,4.8,96.0,5.9,4.052,0.0,4.052,0
2021-02-18 22:00:00,13.7,1015.5,3.7,43.0,4.7,2.858,0.0,2.858,0
2021-02-18 23:00:00,12.1,1016.4,5.9,16.0,7.2,1.886,0.0,1.886,0
2021-02-19 00:00:00,10.4,1017.5,5.0,16.0,6.2,1.772,0.0,1.772,0
2021-02-19 01:00:00,9.8,1017.6,3.4,27.0,4.1,2.585,0.0,2.585,0
2021-02-19 02:00:00,9.8,1017.9,2.5,14.0,3.0,3.852,0.0,3.852,0
2021-02-19 03:00:00,9.5,1017.6,3.2,29.0,3.7,5.144,0.0,5.144,0
2021-02-19 04:00:00,9.2,1017.8,2.5,25.0,3.0,6.171,0.0,6.171,0
2021-02-19 05:00:00,8.3,1016.8,3.7,51.0,4.9,6.942,0.0,6.942,0
2021-02-19 06:00:00,8.8,1016.2,3.2,58.0,4.2,7.149,0.0,7.149,0
2021-02-19 07:00:00,9.2,1015.4,3.8,68.0,4.3,6.909,0.0,6.909,0
2021-02-19 08:00:00,8.0,1016.0,5.7,324.0,6.6,5.981,0.0,5.981,0
2021-02-19 09:00:00,7.6,1015.5,2.9,357.0,3.7,4.859,0.0,4.859,0
2021-02-19 10:00:00,7.0,1015.6,4.1,321.0,7.0,3.737,0.0,3.737,0
2021-02-19 11:00:00,6.3,1016.1,6.7,343.0,7.7,2.9,0.0,2.9,0
2021-02-19 12:00:00,6.2,1017.2,4.4,332.0,5.3,2.448,0.0,2.448,0
2021-02-19 13:00:00,6.1,1018.3,6.5,320.0,8.7,2.379,0.0,2.379,0
2021-02-19 14:00:00,5.8,1017.8,4.1,347.0,5.4,3.071,0.0,3.071,0
2021-02-19 15:00:00,6.2,1018.0,5.0,318.0,7.3,3.901,0.0,3.901,0
2021-02-19 16:00:00,6.2,1018.7,6.9,337.0,8.0,5.085,0.0,5.085,0
2021-02-19 17:00:00,6.4,1019.2,4.5,325.0,5.5,6.171,0.0,6.171,0
2021-02-19 18:00:00,6.8,1018.7,5.2,336.0,6.2,6.437,0.0,6.437,0
2021-02-19 19:00:00,7.3,1018.4,4.9,332.0,5.7,6.325,0.0,6.325,0
2021-02-19 20:00:00,7.9,1018.7,7.2,335.0,9.0,5.463,0.0,5.463,0
2021-02-19 21:00:00,8.1,1019.1,5.8,319.0,7.0,4.413,0.0,4.413,0
2021-02-19 22:00:00,8.8,1019.9,6.5,316.0,7.8,3.179,0.0,3.179,0
2021-02-19 23:00:00,9.2,1020.2,4.5,329.0,5.5,2.139,0.0,2.139,0
2021-02-20 00:00:00,9.0,1021.0,2.6,322.0,3.0,1.608,0.0,1.608,0
2021-02-20 01:00:00,8.9,1021.4,2.1,317.0,2.5,1.903,0.0,1.903,0
2021-02-20 02:00:00,8.9,1022.3,2.3,301.0,2.9,2.641,0.0,2.641,0
2021-02-20 03:00:00,9.7,1023.0,3.7,293.0,4.3,3.832,0.0,3.832,0
2021-02-20 04:00:00,9.4,1023.6,4.6,313.0,5.9,4.948,0.0,4.948,0
2021-02-20 05:00:00,8.5,1024.3,5.1,314.0,6.0,6.07,0.0,6.07,0
2021-02-20 06:00:00,8.2,1024.5,4.7,310.0,5.2,6.598,0.0,6.598,0
2021-02-20 07:00:00,7.7,1024.3,4.1,315.0,4.6,6.762,0.0,6.762,0
2021-02-20 08:00:00,7.3,1024.3,3.8,307.0,4.2,6.48,0.0,6.48,0
2021-02-20 09:00:00,6.6,1024.2,5.3,326.0,6.3,5.591,0.0,5.591,0
2021-02-20 10:00:00,6.1,1025.2,3.9,312.0,4.5,4.442,0.0,4.442,0
2021-02-20 11:00:00,5.5,1025.5,3.9,316.0,4.7,3.366,0.0,3.366,0
2021-02-20 12:00:00,4.7,1026.5,4.5,319.0,5.5,2.654,0.0,2.654,0
2021-02-20 13:00:00,4.6,1027.0,4.3,352.0,5.7,2.346,0.0,2.346,0
2021-02-20 14:00:00,5.9,1027.8,5.1,6.0,6.1,2.51,0.0,2.51,0
2021-02-20 15:00:00,6.1,1028.2,3.9,35.0,4.8,3.304,0.0,3.304,0
2021-02-20 16:00:00,7.1,1028.7,2.8,37.0,3.8,4.193,0.0,4.193,0
2021-02-20 17:00:00,7.5,1028.6,1.6,43.0,2.4,5.112,0.0,5.112,0
2021-02-20 18:00:00,8.0,1028.1,2.9,327.0,3.4,5.902,0.0,5.902,0
2021-02-20 19:00:00,9.1,1027.6,1.2,342.0,2.2,6.214,0.0,6.214,0
2021-02-20 20:00:00,9.7,1027.1,3.0,109.0,3.9,5.984,0.0,5.984,0
2021-02-20 21:00:00,9.9,1026.8,3.2,106.0,3.6,5.217,0.0,5.217,0
2021-02-20 22:00:00,9.8,1027.1,3.1,80.0,3.8,4.38,0.0,4.38,0
2021-02-20 23:00:00,9.6,1027.8,1.2,129.0,1.7,3.445,0.0,3.445,0
2021-02-21 00:00:00,8.2,1028.6,1.1,161.0,1.5,2.451,0.0,2.451,0
2021-02-21 01:00:00,8.3,1029.6,0.7,204.0,0.9,2.021,0.0,2.021,0
2021-02-21 02:00:00,7.7,1030.3,0.0,50.0,0.0,2.093,0.0,2.093,0
2021-02-21 03:00:00,7.4,1030.9,0.0,233.0,0.0,2.69,0.0,2.69,0
2021-02-21 04:00:00,7.4,1031.0,0.1,233.0,0.3,3.606,0.0,3.606,0
2021-02-21 05:00:00,7.2,1031.0,0.1,228.0,0.3,4.882,0.0,4.882,0
2021-02-21 06:00:00,7.0,1031.3,0.2,228.0,0.4,6.109,0.0,6.109,0
2021-02-21 07:00:00,6.9,1031.1,0.5,24.0,0.7,6.831,0.0,6.831,0
2021-02-21 08:00:00,6.8,1030.8,0.1,40.0,0.4,6.916,0.0,6.916,0
2021-02-21 09:00:00,7.1,1030.9,0.9,29.0,1.1,6.591,0.0,6.591,0
2021-02-21 10:00:00,7.2,1031.0,1.0,16.0,1.3,5.597,0.0,5.597,0
2021-02-21 11:00:00,9.1,1031.5,2.6,51.0,3.3,4.426,0.0,4.426,0
2021-02-21 12:00:00,8.6,1031.8,3.4,47.0,4.2,3.307,0.0,3.307,0
2021-02-21 13:00:00,8.5,1032.4,3.6,46.0,4.8,2.484,0.0,2.484,0
2021-02-21 14:00:00,10.2,1033.2,7.2,61.0,9.3,2.264,0.0,2.264,0
2021-02-21 15:00:00,9.8,1033.7,8.7,68.0,10.9,2.749,0.0,2.749,0
2021-02-21 16:00:00,9.8,1033.8,10.0,67.0,12.9,3.52,0.0,3.52,0
2021-02-21 17:00:00,9.9,1033.6,9.9,61.0,13.7,4.514,0.0,4.514,0
2021-02-21 18:00:00,9.8,1033.1,8.6,60.0,12.2,5.482,0.0,5.482,0
2021-02-21 19:00:00,9.8,1032.3,9.4,62.0,12.7,6.109,0.0,6.109,0
2021-02-21 20:00:00,9.9,1031.8,9.4,65.0,12.1,6.457,0.0,6.457,0
2021-02-21 21:00:00,10.0,1031.5,9.7,70.0,12.6,6.122,0.0,6.122,0
2021-02-21 22:00:00,9.8,1031.3,9.6,66.0,13.0,5.62,0.0,5.62,0
2021-02-21 23:00:00,9.7,1030.9,9.7,65.0,12.5,4.82,0.0,4.82,0
2021-02-22 00:00:00,9.9,1030.7,9.7,64.0,11.7,4.003,0.0,4.003,0
2021-02-22 01:00:00,10.1,1030.2,8.9,63.0,11.1,3.235,0.0,3.235,0
2021-02-22 02:00:00,10.6,1029.6,8.7,63.0,10.7,2.69,0.0,2.69,0
2021-02-22 03:00:00,10.7,1029.0,7.1,57.0,9.1,2.69,0.0,2.69,0
2021-02-22 04:00:00,10.1,1028.7,2.7,8.0,3.6,3.222,0.0,3.222,0
2021-02-22 05:00:00,9.6,1027.5,4.8,36.0,5.6,4.183,0.0,4.183,0
2021-02-22 06:00:00,9.7,1026.8,2.5,25.0,3.4,5.4,0.0,5.4,0
2021-02-22 07:00:00,9.5,1026.1,2.0,37.0,2.4,6.519,0.0,6.519,0
2021-02-22 08:00:00,9.4,1025.3,1.4,357.0,2.1,7.156,0.0,7.156,0
2021-02-22 09:00:00,9.5,1025.0,1.5,6.0,2.0,7.238,0.0,7.238,0
2021-02-22 10:00:00,10.3,1024.6,2.0,79.0,2.2,6.844,0.0,6.844,0
2021-02-22 11:00:00,9.8,1024.4,0.2,330.0,0.5,5.948,0.0,5.948,0
2021-02-22 12:00:00,10.0,1023.9,0.2,54.0,0.3,4.724,0.0,4.724,0
2021-02-22 13:00:00,11.2,1023.2,2.5,128.0,2.9,3.52,0.0,3.52,0
2021-02-22 14:00:00,14.5,1022.9,1.1,194.0,2.1,2.543,0.0,2.543,0
2021-02-22 15:00:00,16.9,1022.0,3.2,195.0,5.9,2.129,0.0,2.129,0
2021-02-22 16:00:00,17.9,1020.8,5.2,197.0,9.6,2.405,0.0,2.405,0
2021-02-22 17:00:00,18.0,1019.7,6.2,205.0,9.8,3.222,0.0,3.222,0
2021-02-22 18:00:00,18.6,1019.1,6.5,211.0,9.4,4.295,0.0,4.295,0
2021-02-22 19:00:00,17.9,1017.4,7.7,208.0,11.2,5.302,0.0,5.302,0
2021-02-22 20:00:00,17.2,1017.6,5.3,216.0,7.6,6.066,0.0,6.066,0
2021-02-22 21:00:00,16.8,1018.0,5.3,246.0,8.7,6.243,0.0,6.243,0
2021-02-22 22:00:00,16.4,1017.9,3.4,239.0,5.2,5.748,0.0,5.748,0
2021-02-22 23:00:00,15.4,1017.5,1.8,268.0,2.6,4.843,0.0,4.843,0
2021-02-23 00:00:00,14.9,1017.3,1.7,215.0,2.6,3.583,0.0,3.583,0
2021-02-23 01:00:00,14.7,1017.1,2.8,216.0,3.5,2.385,0.0,2.385,0
2021-02-23 02:00:00,14.5,1017.4,2.3,210.0,3.3,1.539,0.0,1.539,0
2021-02-23 03:00:00,14.1,1017.7,1.7,226.0,2.6,1.138,0.0,1.138,0
2021-02-23 04:00:00,13.4,1017.5,1.6,234.0,2.2,1.283,0.0,1.283,0
2021-02-23 05:00:00,14.0,1017.1,2.5,241.0,3.3,2.244,0.0,2.244,0
2021-02-23 06:00:00,14.2,1016.8,2.9,267.0,4.1,3.57,0.0,3.57,0
2021-02-23 07:00:00,13.5,1016.6,1.9,246.0,2.5,5.013,0.0,5.013,0
2021-02-23 08:00:00,13.0,1016.7,4.2,292.0,4.8,6.204,0.0,6.204,0
2021-02-23 09:00:00,12.2,1016.9,2.9,301.0,3.3,6.798,0.0,6.798,0
2021-02-23 10:00:00,12.0,1017.2,5.0,312.0,5.8,6.745,0.0,6.745,0
2021-02-23 11:00:00,11.2,1018.1,4.7,301.0,5.4,5.968,0.0,5.968,0
2021-02-23 12:00:00,10.3,1018.7,5.2,292.0,6.0,4.79,0.0,4.79,0
2021-02-23 13:00:00,10.5,1019.1,4.0,276.0,5.7,3.543,0.0,3.543,0
2021-02-23 14:00:00,11.2,1020.1,8.2,311.0,10.1,2.365,0.0,2.365,0
2021-02-23 15:00:00,11.9,1020.2,8.0,311.0,9.7,1.411,0.0,1.411,0
2021-02-23 16:00:00,13.7,1020.1,8.4,313.0,10.4,1.122,0.0,1.122,0
2021-02-23 17:00:00,15.1,1019.6,7.6,302.0,8.6,1.368,0.0,1.368,0
2021-02-23 18:00:00,16.5,1018.5,6.8,295.0,7.7,2.385,0.0,2.385,0
2021-02-23 19:00:00,17.5,1017.5,3.2,293.0,4.4,3.589,0.0,3.589,0
2021-02-23 20:00:00,18.2,1017.1,4.3,307.0,6.1,4.728,0.0,4.728,0
2021-02-23 21:00:00,18.5,1017.0,5.3,303.0,6.1,5.705,0.0,5.705,0
2021-02-23 22:00:00,18.9,1017.2,4.3,279.0,5.3,6.214,0.0,6.214,0
2021-02-23 23:00:00,18.7,1017.6,2.5,270.0,3.3,5.935,0.0,5.935,0
2021-02-24 00:00:00,17.4,1018.3,1.9,238.0,2.5,5.108,0.0,5.108,0
2021-02-24 01:00:00,15.8,1019.1,2.2,245.0,2.9,3.891,0.0,3.891,0
2021-02-24 02:00:00,13.6,1019.9,1.8,206.0,2.3,2.598,0.0,2.598,0
2021-02-24 03:00:00,12.7,1020.4,2.4,203.0,3.1,1.207,0.0,1.207,0
2021-02-24 04:00:00,12.5,1020.4,2.4,214.0,2.7,0.358,0.0,0.358,0
2021-02-24 05:00:00,11.7,1020.2,2.5,211.0,3.0,0.6,0.0,0.6,0
2021-02-24 06:00:00,11.3,1020.2,2.6,215.0,3.0,1.654,0.0,1.654,0
2021-02-24 07:00:00,10.3,1020.0,1.7,198.0,2.4,3.537,0.0,3.537,0
2021-02-24 08:00:00,10.2,1020.0,1.9,232.0,2.4,5.39,0.0,5.39,0
2021-02-24 09:00:00,11.3,1020.3,1.5,264.0,2.0,6.703,0.0,6.703,0
2021-02-24 10:00:00,10.6,1020.9,0.0,264.0,0.0,7.379,0.0,7.379,0
2021-02-24 11:00:00,10.4,1021.5,0.0,271.0,0.4,7.336,0.0,7.336,0
2021-02-24 12:00:00,10.8,1022.2,1.3,258.0,1.7,6.529,0.0,6.529,0
2021-02-24 13:00:00,11.9,1022.8,1.2,226.0,1.7,5.246,0.0,5.246,0
2021-02-24 14:00:00,14.3,1023.3,2.7,291.0,2.9,3.425,0.0,3.425,0
2021-02-24 15:00:00,15.9,1023.3,1.9,295.0,1.9,1.939,0.0,1.939,0
2021-02-24 16:00:00,18.6,1022.9,1.6,301.0,2.1,0.856,0.0,0.856,0
2021-02-24 17:00:00,19.6,1022.6,2.3,170.0,3.8,0.577,0.0,0.577,0
2021-02-24 18:00:00,19.2,1021.6,3.6,171.0,5.1,1.145,0.0,1.145,0
2021-02-24 19:00:00,20.3,1020.5,2.7,183.0,4.3,2.47,0.0,2.47,0
2021-02-24 20:00:00,19.9,1020.2,3.2,165.0,5.5,3.701,0.0,3.701,0
2021-02-24 21:00:00,19.8,1019.8,2.6,186.0,4.6,5.148,0.0,5.148,0
2021-02-24 22:00:00,18.9,1019.4,2.8,182.0,4.3,6.191,0.0,6.191,0
2021-02-24 23:00:00,16.7,1019.6,1.5,189.0,3.4,6.424,0.0,6.424,0
2021-02-25 00:00:00,13.9,1019.8,1.1,190.0,1.5,5.928,0.0,5.928,0
2021-02-25 01:00:00,13.3,1020.0,0.9,194.0,1.8,5.161,0.0,5.161,0
2021-02-25 02:00:00,12.8,1020.5,1.9,216.0,3.0,3.52,0.0,3.52,0
2021-02-25 03:00:00,12.5,1020.8,0.9,202.0,1.4,2.001,0.0,2.001,0
2021-02-25 04:00:00,12.1,1020.7,1.3,219.0,1.7,0.515,0.0,0.515,0
2021-02-25 05:00:00,12.6,1020.5,1.6,234.0,2.4,-0.066,0.0,-0.066,0
2021-02-25 06:00:00,12.6,1020.2,1.8,233.0,2.7,0.262,0.0,0.262,0
2021-02-25 07:00:00,12.4,1020.1,1.9,236.0,2.5,1.709,0.0,1.709,0
2021-02-25 08:00:00,12.9,1019.8,2.1,278.0,2.5,3.642,0.0,3.642,0
2021-02-25 09:00:00,12.5,1019.9,1.2,246.0,1.6,5.62,0.0,5.62,0
2021-02-25 10:00:00,11.0,1019.9,1.0,217.0,1.2,7.008,0.0,7.008,0
2021-02-25 11:00:00,12.5,1020.7,1.3,255.0,1.7,7.589,0.0,7.589,0
2021-02-25 12:00:00,11.9,1021.3,2.6,249.0,3.4,7.382,0.0,7.382,0
2021-02-25 13:00:00,13.3,1022.0,2.5,269.0,3.2,6.358,0.0,6.358,0
2021-02-25 14:00:00,14.1,1022.6,2.3,289.0,2.9,4.905,0.0,4.905,0
2021-02-25 15:00:00,16.2,1022.7,3.2,304.0,3.6,3.002,0.0,3.002,0
2021-02-25 16:00:00,18.5,1022.5,2.8,279.0,3.0,1.483,0.0,1.483,0
2021-02-25 17:00:00,20.8,1022.1,3.8,298.0,4.2,0.279,0.0,0.279,0
2021-02-25 18:00:00,22.1,1021.2,3.2,290.0,4.0,0.092,0.0,0.092,0
2021-02-25 19:00:00,23.4,1020.3,1.9,280.0,2.2,0.899,0.0,0.899,0
2021-02-25 20:00:00,22.7,1019.6,2.8,172.0,5.2,2.405,0.0,2.405,0
2021-02-25 21:00:00,20.9,1019.5,2.3,187.0,3.6,4.255,0.0,4.255,0
2021-02-25 22:00:00,18.8,1019.6,2.8,204.0,4.7,5.823,0.0,5.823,0
2021-02-25 23:00:00,17.0,1019.9,2.6,200.0,4.0,6.811,0.0,6.811,0
2021-02-26 00:00:00,15.9,1020.5,1.8,196.0,3.1,7.005,0.0,7.005,0
2021-02-26 01:00:00,15.7,1020.9,1.9,213.0,2.8,6.237,0.0,6.237,0
2021-02-26 02:00:00,15.0,1021.4,1.0,227.0,1.7,5.184,0.0,5.184,0
2021-02-26 03:00:00,15.2,1021.8,1.8,215.0,2.5,3.419,0.0,3.419,0
2021-02-26 04:00:00,15.0,1021.6,2.1,196.0,3.1,1.46,0.0,1.46,0
2021-02-26 05:00:00,14.6,1021.1,1.8,204.0,2.5,0.056,0.0,0.056,0
2021-02-26 06:00:00,14.1,1020.6,2.1,203.0,2.6,-0.568,0.0,-0.568,0
2021-02-26 07:00:00,13.6,1020.2,1.8,209.0,2.3,0.148,0.0,0.148,0
2021-02-26 08:00:00,13.7,1019.9,1.7,212.0,2.4,1.942,0.0,1.942,0
2021-02-26 09:00:00,13.9,1019.8,1.1,223.0,1.4,4.298,0.0,4.298,0
2021-02-26 10:00:00,12.7,1020.6,0.9,94.0,1.1,6.519,0.0,6.519,0
2021-02-26 11:00:00,13.0,1020.9,1.3,98.0,1.7,7.779,0.0,7.779,0
2021-02-26 12:00:00,12.2,1021.5,0.5,75.0,0.7,8.248,0.0,8.248,0
2021-02-26 13:00:00,14.7,1022.3,0.8,123.0,1.0,7.864,0.0,7.864,0
2021-02-26 14:00:00,17.0,1023.0,1.4,171.0,1.8,6.677,0.0,6.677,0
2021-02-26 15:00:00,18.0,1023.1,1.5,122.0,2.4,4.993,0.0,4.993,0
2021-02-26 16:00:00,19.1,1023.3,1.9,193.0,2.9,3.107,0.0,3.107,0
2021-02-26 17:00:00,20.4,1022.9,2.1,212.0,3.4,1.342,0.0,1.342,0
2021-02-26 18:00:00,21.8,1021.9,3.0,169.0,4.0,0.144,0.0,0.144,0
2021-02-26 19:00:00,21.4,1021.3,3.2,205.0,4.7,0.072,0.0,0.072,0
2021-02-26 20:00:00,20.7,1021.3,3.8,212.0,5.2,1.161,0.0,1.161,0
2021-02-26 21:00:00,20.2,1021.3,2.7,169.0,4.2,3.091,0.0,3.091,0
2021-02-26 22:00:00,18.7,1021.2,1.5,186.0,2.8,5.167,0.0,5.167,0
2021-02-26 23:00:00,17.8,1021.1,1.4,175.0,2.1,6.775,0.0,6.775,0
2021-02-27 00:00:00,16.2,1021.4,1.3,174.0,1.9,7.677,0.0,7.677,0
2021-02-27 01:00:00,16.0,1021.3,2.2,164.0,3.1,7.743,0.0,7.743,0
2021-02-27 02:00:00,17.1,1021.1,1.5,181.0,3.5,6.86,0.0,6.86,0
2021-02-27 03:00:00,16.5,1021.7,1.5,191.0,2.4,5.292,0.0,5.292,0
2021-02-27 04:00:00,15.9,1021.8,1.5,199.0,2.5,3.353,0.0,3.353,0
2021-02-27 05:00:00,15.8,1022.0,1.3,218.0,2.3,1.401,0.0,1.401,0
2021-02-27 06:00:00,14.9,1021.9,0.1,225.0,0.4,0.0,0.0,0.0,0
2021-02-27 07:00:00,15.2,1022.1,0.4,235.0,1.0,-0.279,0.0,-0.279,0
2021-02-27 08:00:00,15.3,1021.7,1.5,209.0,2.2,0.705,0.0,0.705,0
2021-02-27 09:00:00,15.0,1021.2,0.5,211.0,1.0,2.677,0.0,2.677,0
2021-02-27 10:00:00,14.9,1021.6,1.0,216.0,1.5,5.03,0.0,5.03,0
2021-02-27 11:00:00,14.6,1022.3,0.0,196.0,0.0,6.972,0.0,6.972,0
2021-02-27 12:00:00,14.9,1022.9,1.0,214.0,1.1,8.166,0.0,8.166,0
2021-02-27 13:00:00,17.4,1024.1,0.0,208.0,0.0,8.501,0.0,8.501,0
2021-02-27 14:00:00,17.0,1024.7,0.5,338.0,0.7,7.956,0.0,7.956,0
2021-02-27 15:00:00,19.3,1024.8,0.0,171.0,0.4,6.545,0.0,6.545,0
2021-02-27 16:00:00,21.0,1024.9,2.0,210.0,3.0,4.675,0.0,4.675,0
2021-02-27 17:00:00,22.3,1024.6,2.6,198.0,3.8,2.615,0.0,2.615,0
2021-02-27 18:00:00,22.4,1023.9,2.1,158.0,3.6,0.705,0.0,0.705,0
2021-02-27 19:00:00,21.7,1023.2,2.6,152.0,3.8,-0.43,0.0,-0.43,0
2021-02-27 20:00:00,22.9,1022.9,2.5,174.0,4.1,-0.253,0.0,-0.253,0
2021-02-27 21:00:00,22.1,1022.8,3.3,154.0,5.1,0.922,0.0,0.922,0
2021-02-27 22:00:00,17.7,1022.8,3.1,101.0,4.2,3.428,0.0,3.428,0
2021-02-27 23:00:00,17.0,1023.0,0.9,119.0,1.4,5.899,0.0,5.899,0
2021-02-28 00:00:00,16.2,1023.2,0.5,49.0,0.7,7.392,0.0,7.392,0
2021-02-28 01:00:00,16.7,1023.4,1.3,113.0,1.4,8.091,0.0,8.091,0
2021-02-28 02:00:00,17.6,1024.1,0.5,196.0,0.9,7.776,0.0,7.776,0
2021-02-28 03:00:00,17.1,1024.4,0.1,165.0,0.8,6.591,0.0,6.591,0
2021-02-28 04:00:00,17.4,1024.0,0.8,182.0,1.5,4.711,0.0,4.711,0
2021-02-28 05:00:00,17.6,1023.8,1.4,206.0,2.5,2.72,0.0,2.72,0
2021-02-28 06:00:00,17.5,1023.7,0.9,198.0,1.7,0.676,0.0,0.676,0
2021-02-28 07:00:00,17.8,1023.4,1.7,204.0,2.6,-0.594,0.0,-0.594,0
2021-02-28 08:00:00,18.0,1023.0,2.3,201.0,3.5,-0.751,0.0,-0.751,0
2021-02-28 09:00:00,17.5,1023.2,1.3,205.0,2.0,0.505,0.0,0.505,0
2021-02-28 10:00:00,17.5,1023.0,1.2,185.0,2.9,2.648,0.0,2.648,0
2021-02-28 11:00:00,17.5,1023.3,1.6,187.0,2.5,5.118,0.0,5.118,0
2021-02-28 12:00:00,17.2,1023.4,1.2,158.0,1.9,7.087,0.0,7.087,0
2021-02-28 13:00:00,17.4,1023.7,1.4,166.0,2.1,8.127,0.0,8.127,0
2021-02-28 14:00:00,17.5,1023.9,3.3,200.0,4.2,8.232,0.0,8.232,0
2021-02-28 15:00:00,17.6,1024.1,1.9,214.0,2.4,7.421,0.0,7.421,0
2021-02-28 16:00:00,18.7,1023.9,3.6,226.0,5.5,5.778,0.0,5.778,0
2021-02-28 17:00:00,22.1,1023.4,3.5,204.0,4.9,3.743,0.0,3.743,0
2021-02-28 18:00:00,23.7,1022.1,4.4,204.0,6.8,1.542,0.0,1.542,0
2021-02-28 19:00:00,24.0,1020.8,2.8,203.0,4.6,-0.092,0.0,-0.092,0
2021-02-28 20:00:00,23.9,1020.1,2.2,185.0,4.9,-0.889,0.0,-0.889,0
2021-02-28 21:00:00,23.7,1019.7,2.5,179.0,5.5,-0.128,0.0,-0.128,0
2021-02-28 22:00:00,21.9,1019.4,5.0,201.0,7.3,1.736,0.0,1.736,0
2021-02-28 23:00:00,20.2,1019.2,3.5,204.0,5.7,3.993,0.0,3.993,0
2024-01-01 00:00:00,9.8,1021.7,1.5,234.0,1.9,2.064,0.0,2.064,0
2024-01-01 01:00:00,9.4,1021.8,2.0,249.0,2.7,3.52,0.0,3.52,0
2024-01-01 02:00:00,8.7,1022.0,1.6,230.0,2.0,4.882,0.0,4.882,0
2024-01-01 03:00:00,8.4,1022.0,1.5,230.0,1.8,5.817,0.0,5.817,0
2024-01-01 04:00:00,8.3,1021.7,2.0,239.0,2.8,6.106,0.0,6.106,0
2024-01-01 05:00:00,8.6,1021.3,2.4,239.0,3.0,5.745,0.0,5.745,0
2024-01-01 06:00:00,8.4,1021.1,2.3,232.0,3.1,4.921,0.0,4.921,0
2024-01-01 07:00:00,8.4,1021.1,2.2,249.0,2.9,3.678,0.0,3.678,0
2024-01-01 08:00:00,8.3,1021.3,2.4,255.0,3.2,2.382,0.0,2.382,0
2024-01-01 09:00:00,8.0,1021.1,2.6,245.0,3.5,1.404,0.0,1.404,0
2024-01-01 10:00:00,7.4,1021.3,2.3,242.0,3.4,0.86,0.0,0.86,0
2024-01-01 11:00:00,6.9,1021.2,2.1,258.0,2.8,1.171,0.0,1.171,0
2024-01-01 12:00:00,7.1,1021.5,3.0,261.0,4.7,2.014,0.0,2.014,0
2024-01-01 13:00:00,8.2,1021.8,3.1,256.0,4.7,3.435,0.0,3.435,0
2024-01-01 14:00:00,10.5,1022.0,3.2,262.0,4.7,4.738,0.0,4.738,0
2024-01-01 15:00:00,12.1,1022.0,3.6,261.0,5.2,5.906,0.0,5.906,0
2024-01-01 16:00:00,14.1,1021.3,3.2,258.0,4.6,6.467,0.0,6.467,0
2024-01-01 17:00:00,15.1,1020.1,2.9,221.0,4.2,6.654,0.0,6.654,0
2024-01-01 18:00:00,16.8,1019.0,2.3,249.0,4.3,6.076,0.0,6.076,0
2024-01-01 19:00:00,17.9,1018.0,3.8,243.0,5.4,4.957,0.0,4.957,0
2024-01-01 20:00:00,18.0,1017.4,4.2,235.0,5.7,3.563,0.0,3.563,0
2024-01-01 21:00:00,19.1,1016.8,3.8,254.0,5.1,2.133,0.0,2.133,0
2024-01-01 22:00:00,17.6,1017.0,4.9,259.0,7.5,1.086,0.0,1.086,0
2024-01-01 23:00:00,13.3,1017.2,1.8,209.0,2.4,0.837,0.0,0.837,0
2024-01-02 00:00:00,12.5,1017.4,2.2,234.0,2.9,1.706,0.0,1.706,0
2024-01-02 01:00:00,12.8,1018.4,2.7,282.0,3.5,2.904,0.0,2.904,0
2024-01-02 02:00:00,13.8,1019.1,6.8,330.0,8.4,4.35,0.0,4.35,0
2024-01-02 03:00:00,12.5,1020.0,6.4,328.0,8.2,5.177,0.0,5.177,0
2024-01-02 04:00:00,10.8,1020.7,5.5,326.0,7.0,5.725,0.0,5.725,0
2024-01-02 05:00:00,9.3,1020.9,4.0,330.0,5.2,5.735,0.0,5.735,0
2024-01-02 06:00:00,8.3,1021.2,3.8,333.0,4.7,5.469,0.0,5.469,0
2024-01-02 07:00:00,8.0,1021.8,4.9,24.0,6.3,4.859,0.0,4.859,0
2024-01-02 08:00:00,7.2,1022.2,4.8,33.0,6.5,3.953,0.0,3.953,0
2024-01-02 09:00:00,6.2,1022.7,2.4,5.0,3.1,3.166,0.0,3.166,0
2024-01-02 10:00:00,4.9,1023.2,2.4,1.0,3.2,2.392,0.0,2.392,0
2024-01-02 11:00:00,4.2,1023.9,2.9,348.0,3.7,2.136,0.0,2.136,0
2024-01-02 12:00:00,3.4,1024.4,3.2,2.0,4.0,2.415,0.0,2.415,0
2024-01-02 13:00:00,3.9,1024.8,3.4,359.0,4.0,3.327,0.0,3.327,0
2024-01-02 14:00:00,5.3,1025.5,5.1,8.0,5.9,4.616,0.0,4.616,0
2024-01-02 15:00:00,6.9,1026.2,4.0,50.0,5.2,5.807,0.0,5.807,0
2024-01-02 16:00:00,7.4,1025.8,5.3,39.0,6.7,6.814,0.0,6.814,0
2024-01-02 17:00:00,8.5,1025.1,3.5,52.0,4.8,7.264,0.0,7.264,0
2024-01-02 18:00:00,9.4,1024.2,1.9,89.0,2.6,7.116,0.0,7.116,0
2024-01-02 19:00:00,9.8,1023.3,2.3,105.0,2.9,6.391,0.0,6.391,0
2024-01-02 20:00:00,11.3,1023.1,0.7,144.0,1.3,5.243,0.0,5.243,0
2024-01-02 21:00:00,10.9,1022.6,1.5,211.0,2.1,3.891,0.0,3.891,0
2024-01-02 22:00:00,9.4,1022.6,2.3,204.0,3.0,2.556,0.0,2.556,0
2024-01-02 23:00:00,7.9,1022.9,1.6,190.0,2.4,1.831,0.0,1.831,0
2024-01-03 00:00:00,7.2,1023.3,2.0,233.0,2.2,2.07,0.0,2.07,0
2024-01-03 01:00:00,7.0,1023.5,2.1,229.0,2.5,2.946,0.0,2.946,0
2024-01-03 02:00:00,7.1,1023.6,2.6,244.0,3.3,4.012,0.0,4.012,0
2024-01-03 03:00:00,6.3,1023.4,0.8,259.0,1.0,5.013,0.0,5.013,0
2024-01-03 04:00:00,5.7,1023.0,0.0,187.0,0.0,5.791,0.0,5.791,0
2024-01-03 05:00:00,5.8,1022.8,0.0,107.0,0.0,6.532,0.0,6.532,0
2024-01-03 06:00:00,6.0,1022.8,1.7,232.0,2.3,6.9,0.0,6.9,0
2024-01-03 07:00:00,6.4,1022.6,1.9,342.0,2.1,6.808,0.0,6.808,0
2024-01-03 08:00:00,5.0,1021.8,0.9,296.0,1.1,5.804,0.0,5.804,0
2024-01-03 09:00:00,5.1,1021.9,0.7,240.0,0.9,4.888,0.0,4.888,0
2024-01-03 10:00:00,5.0,1021.7,1.3,235.0,1.6,3.586,0.0,3.586,0
2024-01-03 11:00:00,6.0,1021.6,2.1,333.0,2.4,2.454,0.0,2.454,0
2024-01-03 12:00:00,4.3,1021.6,2.6,343.0,3.0,2.054,0.0,2.054,0
2024-01-03 13:00:00,4.9,1022.0,2.2,326.0,2.4,2.736,0.0,2.736,0
2024-01-03 14:00:00,7.5,1022.2,1.7,323.0,1.9,3.678,0.0,3.678,0
2024-01-03 15:00:00,11.6,1021.9,0.7,11.0,0.9,4.967,0.0,4.967,0
2024-01-03 16:00:00,13.4,1021.4,1.4,292.0,1.9,6.247,0.0,6.247,0
2024-01-03 17:00:00,13.0,1021.0,2.4,308.0,2.7,7.146,0.0,7.146,0
2024-01-03 18:00:00,12.9,1019.7,0.8,331.0,1.1,7.224,0.0,7.224,0
2024-01-03 19:00:00,13.4,1018.5,0.0,351.0,0.4,6.765,0.0,6.765,0
2024-01-03 20:00:00,12.5,1017.6,1.9,71.0,2.2,5.827,0.0,5.827,0
2024-01-03 21:00:00,12.4,1017.9,2.4,349.0,2.8,4.551,0.0,4.551,0
2024-01-03 22:00:00,11.7,1017.5,1.9,53.0,2.2,3.343,0.0,3.343,0
2024-01-03 23:00:00,11.4,1017.7,2.0,61.0,2.3,2.441,0.0,2.441,0
2024-01-04 00:00:00,10.7,1018.7,1.8,355.0,2.2,2.274,0.0,2.274,0
2024-01-04 01:00:00,10.2,1017.8,2.4,24.0,2.8,2.743,0.0,2.743,0
2024-01-04 02:00:00,9.3,1017.7,4.4,353.0,5.7,3.448,0.0,3.448,0
2024-01-04 03:00:00,8.8,1018.2,4.5,337.0,5.8,4.728,0.0,4.728,0
2024-01-04 04:00:00,7.7,1017.8,2.0,358.0,2.2,5.581,0.0,5.581,0
2024-01-04 05:00:00,7.2,1018.3,1.8,252.0,2.7,6.411,0.0,6.411,0
2024-01-04 06:00:00,7.3,1017.3,2.6,312.0,3.1,6.936,0.0,6.936,0
2024-01-04 07:00:00,7.4,1016.5,3.2,326.0,3.5,6.9,0.0,6.9,0
2024-01-04 08:00:00,7.5,1016.3,2.8,319.0,3.4,6.663,0.0,6.663,0
2024-01-04 09:00:00,7.7,1016.0,3.0,323.0,3.5,5.991,0.0,5.991,0
2024-01-04 10:00:00,6.9,1015.9,5.1,321.0,5.9,4.888,0.0,4.888,0
2024-01-04 11:00:00,6.3,1016.2,5.4,329.0,6.4,3.724,0.0,3.724,0
2024-01-04 12:00:00,5.7,1016.6,3.8,329.0,4.6,2.864,0.0,2.864,0
2024-01-04 13:00:00,5.8,1017.4,5.9,323.0,7.3,2.49,0.0,2.49,0
2024-01-04 14:00:00,7.3,1018.2,5.6,334.0,6.8,2.854,0.0,2.854,0
2024-01-04 15:00:00,8.8,1019.0,6.1,349.0,8.1,3.688,0.0,3.688,0
2024-01-04 16:00:00,10.1,1019.1,6.1,339.0,7.1,4.961,0.0,4.961,0
2024-01-04 17:00:00,11.5,1018.7,4.3,355.0,6.0,6.115,0.0,6.115,0
2024-01-04 18:00:00,11.7,1018.6,4.4,33.0,5.3,6.982,0.0,6.982,0
2024-01-04 19:00:00,13.0,1018.5,3.5,1.0,4.5,7.067,0.0,7.067,0
2024-01-04 20:00:00,13.2,1018.8,4.1,70.0,5.0,6.742,0.0,6.742,0
2024-01-04 21:00:00,13.0,1019.3,4.1,64.0,4.7,5.676,0.0,5.676,0
2024-01-04 22:00:00,12.5,1020.0,2.4,63.0,3.1,4.505,0.0,4.505,0
2024-01-04 23:00:00,11.5,1021.2,2.3,31.0,2.7,3.402,0.0,3.402,0
2024-01-05 00:00:00,10.6,1022.1,2.8,31.0,3.8,2.687,0.0,2.687,0
2024-01-05 01:00:00,9.8,1022.8,2.5,40.0,2.9,2.3,0.0,2.3,0
2024-01-05 02:00:00,10.2,1023.1,5.0,62.0,6.2,2.559,0.0,2.559,0
2024-01-05 03:00:00,9.5,1023.7,4.5,47.0,6.1,3.363,0.0,3.363,0
2024-01-05 04:00:00,9.7,1024.0,4.6,68.0,5.6,4.498,0.0,4.498,0
2024-01-05 05:00:00,9.5,1023.7,5.2,64.0,6.7,5.82,0.0,5.82,0
2024-01-05 06:00:00,9.9,1024.0,5.5,82.0,7.4,7.011,0.0,7.011,0
2024-01-05 07:00:00,8.5,1024.5,3.7,47.0,5.0,7.562,0.0,7.562,0
2024-01-05 08:00:00,7.4,1024.7,4.9,30.0,6.0,7.621,0.0,7.621,0
2024-01-05 09:00:00,7.1,1024.4,5.0,39.0,6.4,7.129,0.0,7.129,0
2024-01-05 10:00:00,6.8,1024.8,3.7,30.0,4.7,6.109,0.0,6.109,0
2024-01-05 11:00:00,6.6,1025.1,4.7,26.0,5.7,4.961,0.0,4.961,0
2024-01-05 12:00:00,6.1,1025.3,4.4,27.0,6.1,3.76,0.0,3.76,0
2024-01-05 13:00:00,6.6,1026.2,3.7,33.0,5.1,2.884,0.0,2.884,0
2024-01-05 14:00:00,8.1,1026.4,6.2,58.0,7.5,2.579,0.0,2.579,0
2024-01-05 15:00:00,9.4,1026.6,7.0,62.0,8.9,3.205,0.0,3.205,0
2024-01-05 16:00:00,10.3,1026.4,7.2,69.0,10.2,4.301,0.0,4.301,0
2024-01-05 17:00:00,10.6,1025.2,10.1,74.0,12.9,5.502,0.0,5.502,0
2024-01-05 18:00:00,10.9,1024.0,10.1,70.0,12.1,6.601,0.0,6.601,0
2024-01-05 19:00:00,11.0,1023.0,9.4,70.0,11.2,7.208,0.0,7.208,0
2024-01-05 20:00:00,11.4,1022.1,9.7,66.0,11.4,7.293,0.0,7.293,0
2024-01-05 21:00:00,11.4,1021.9,9.9,70.0,12.9,6.778,0.0,6.778,0
2024-01-05 22:00:00,11.2,1022.1,8.9,69.0,12.5,5.935,0.0,5.935,0
2024-01-05 23:00:00,10.9,1021.2,10.3,69.0,12.5,4.918,0.0,4.918,0
2024-01-06 00:00:00,11.1,1020.5,9.8,67.0,12.6,3.957,0.0,3.957,0
2024-01-06 01:00:00,11.1,1019.6,9.3,71.0,11.2,2.92,0.0,2.92,0
2024-01-06 02:00:00,11.3,1019.0,7.6,65.0,9.9,2.717,0.0,2.717,0
2024-01-06 03:00:00,11.0,1018.7,4.1,60.0,6.0,2.963,0.0,2.963,0
2024-01-06 04:00:00,10.6,1018.1,5.9,49.0,7.0,3.881,0.0,3.881,0
2024-01-06 05:00:00,10.8,1016.9,3.5,65.0,4.7,4.879,0.0,4.879,0
2024-01-06 06:00:00,11.0,1016.3,1.5,47.0,2.8,6.125,0.0,6.125,0
2024-01-06 07:00:00,10.1,1016.4,3.4,330.0,4.3,7.28,0.0,7.28,0
2024-01-06 08:00:00,10.8,1014.0,5.1,46.0,6.4,7.779,0.0,7.779,0
2024-01-06 09:00:00,11.2,1012.6,2.3,60.0,3.1,7.874,0.0,7.874,0
2024-01-06 10:00:00,13.5,1010.4,3.9,122.0,4.5,7.467,0.0,7.467,0
2024-01-06 11:00:00,16.1,1010.0,5.9,163.0,10.7,6.555,0.0,6.555,0
2024-01-06 12:00:00,16.5,1009.1,8.5,167.0,13.1,5.6,0.0,5.6,0
2024-01-06 13:00:00,18.0,1008.8,8.1,175.0,11.7,4.19,0.0,4.19,0
2024-01-06 14:00:00,17.9,1008.1,7.8,180.0,12.7,3.041,0.0,3.041,0
2024-01-06 15:00:00,18.1,1008.1,6.4,199.0,9.8,2.562,0.0,2.562,0
2024-01-06 16:00:00,18.0,1008.1,5.6,214.0,8.3,3.123,0.0,3.123,0
2024-01-06 17:00:00,17.8,1007.2,3.5,210.0,5.5,4.249,0.0,4.249,0
2024-01-06 18:00:00,19.2,1006.4,4.2,214.0,7.3,4.938,0.0,4.938,0
2024-01-06 19:00:00,20.0,1005.7,4.2,211.0,5.9,5.82,0.0,5.82,0
2024-01-06 20:00:00,23.7,1005.6,5.6,257.0,8.1,6.309,0.0,6.309,0
2024-01-06 21:00:00,23.4,1005.8,3.8,243.0,5.8,5.942,0.0,5.942,0
2024-01-06 22:00:00,22.1,1006.3,2.1,253.0,3.3,5.453,0.0,5.453,0
2024-01-06 23:00:00,16.7,1007.0,2.5,206.0,3.2,4.672,0.0,4.672,0
2024-01-07 00:00:00,15.7,1007.2,2.7,206.0,3.7,3.835,0.0,3.835,0
2024-01-07 01:00:00,15.6,1007.9,2.7,245.0,3.5,3.127,0.0,3.127,0
2024-01-07 02:00:00,17.0,1008.3,4.8,319.0,5.8,2.077,0.0,2.077,0
2024-01-07 03:00:00,14.6,1009.4,3.0,326.0,3.5,1.545,0.0,1.545,0
2024-01-07 04:00:00,13.2,1009.8,1.9,337.0,2.3,1.67,0.0,1.67,0
2024-01-07 05:00:00,12.4,1010.5,3.5,339.0,4.0,2.566,0.0,2.566,0
2024-01-07 06:00:00,12.2,1011.5,4.1,305.0,4.8,3.973,0.0,3.973,0
2024-01-07 07:00:00,12.1,1012.1,1.9,260.0,2.6,5.577,0.0,5.577,0
2024-01-07 08:00:00,11.5,1012.3,2.4,281.0,3.2,6.739,0.0,6.739,0
2024-01-07 09:00:00,11.3,1012.7,5.2,287.0,6.6,7.395,0.0,7.395,0
2024-01-07 10:00:00,10.6,1013.3,4.3,272.0,6.4,7.283,0.0,7.283,0
2024-01-07 11:00:00,10.2,1014.7,4.9,282.0,6.4,6.581,0.0,6.581,0
2024-01-07 12:00:00,9.2,1015.5,4.9,279.0,6.3,5.364,0.0,5.364,0
2024-01-07 13:00:00,9.4,1016.9,8.0,296.0,9.3,3.671,0.0,3.671,0
2024-01-07 14:00:00,9.5,1017.7,8.3,302.0,9.7,2.172,0.0,2.172,0
2024-01-07 15:00:00,9.9,1018.1,8.4,313.0,9.8,1.119,0.0,1.119,0
2024-01-07 16:00:00,10.9,1018.2,7.7,305.0,9.1,0.814,0.0,0.814,0
2024-01-07 17:00:00,11.4,1017.9,8.0,292.0,9.9,1.506,0.0,1.506,0
2024-01-07 18:00:00,12.3,1017.7,7.9,293.0,9.5,2.733,0.0,2.733,0
2024-01-07 19:00:00,13.0,1017.4,8.5,304.0,9.8,4.199,0.0,4.199,0
2024-01-07 20:00:00,13.2,1017.4,8.5,310.0,9.7,5.19,0.0,5.19,0
2024-01-07 21:00:00,13.3,1018.4,8.1,300.0,9.7,5.951,0.0,5.951,0
2024-01-07 22:00:00,12.5,1019.2,7.1,311.0,8.9,5.686,0.0,5.686,0
2024-01-07 23:00:00,11.8,1020.8,6.5,311.0,7.2,4.967,0.0,4.967,0
2024-01-08 00:00:00,10.9,1022.4,6.3,327.0,7.7,4.062,0.0,4.062,0
2024-01-08 01:00:00,10.0,1022.8,4.7,316.0,5.4,2.543,0.0,2.543,0
2024-01-08 02:00:00,9.6,1023.7,3.6,319.0,4.6,1.417,0.0,1.417,0
2024-01-08 03:00:00,9.4,1023.8,4.4,301.0,5.0,0.561,0.0,0.561,0
2024-01-08 04:00:00,9.0,1024.0,4.0,319.0,5.1,0.069,0.0,0.069,0
2024-01-08 05:00:00,8.0,1024.3,2.1,330.0,2.4,0.761,0.0,0.761,0
2024-01-08 06:00:00,7.7,1024.5,2.8,334.0,3.4,2.142,0.0,2.142,0
2024-01-08 07:00:00,7.0,1024.5,2.9,335.0,3.5,3.993,0.0,3.993,0
2024-01-08 08:00:00,6.3,1024.7,2.2,350.0,2.7,5.84,0.0,5.84,0
2024-01-08 09:00:00,6.4,1025.0,2.5,343.0,3.3,6.995,0.0,6.995,0
2024-01-08 10:00:00,7.1,1025.2,4.2,35.0,5.8,7.49,0.0,7.49,0
2024-01-08 11:00:00,8.3,1025.8,6.5,58.0,8.5,7.336,0.0,7.336,0
2024-01-08 12:00:00,8.8,1026.1,7.6,61.0,10.3,6.706,0.0,6.706,0
2024-01-08 13:00:00,9.7,1026.7,9.4,80.0,12.6,5.64,0.0,5.64,0
2024-01-08 14:00:00,9.9,1028.1,7.1,65.0,10.3,4.219,0.0,4.219,0
2024-01-08 15:00:00,9.5,1028.5,5.7,56.0,7.7,2.943,0.0,2.943,0
2024-01-08 16:00:00,9.7,1028.8,5.1,59.0,7.0,1.837,0.0,1.837,0
2024-01-08 17:00:00,10.1,1028.3,6.9,67.0,8.3,1.585,0.0,1.585,0
2024-01-08 18:00:00,10.2,1027.2,8.9,68.0,11.3,2.313,0.0,2.313,0
2024-01-08 19:00:00,10.5,1025.7,9.9,69.0,12.7,3.373,0.0,3.373,0
2024-01-08 20:00:00,10.9,1024.8,9.8,70.0,13.3,4.708,0.0,4.708,0
2024-01-08 21:00:00,11.0,1025.7,8.2,70.0,12.2,6.06,0.0,6.06,0
2024-01-08 22:00:00,11.2,1024.7,10.3,67.0,12.6,6.932,0.0,6.932,0
2024-01-08 23:00:00,11.2,1023.8,9.6,68.0,12.2,7.234,0.0,7.234,0
2024-01-09 00:00:00,11.5,1023.4,10.2,74.0,12.4,6.729,0.0,6.729,0
2024-01-09 01:00:00,11.5,1022.5,9.1,73.0,11.5,5.564,0.0,5.564,0
2024-01-09 02:00:00,12.3,1021.2,7.1,75.0,8.8,4.255,0.0,4.255,0
2024-01-09 03:00:00,13.6,1020.0,3.4,113.0,4.3,2.795,0.0,2.795,0
2024-01-09 04:00:00,14.0,1019.7,3.5,103.0,4.3,1.745,0.0,1.745,0
2024-01-09 05:00:00,15.3,1021.1,1.5,159.0,2.5,1.43,0.0,1.43,0
2024-01-09 06:00:00,15.0,1020.1,2.5,157.0,3.6,2.346,0.0,2.346,0
2024-01-09 07:00:00,16.4,1016.5,7.1,138.0,10.1,3.524,0.0,3.524,0
2024-01-09 08:00:00,16.6,1015.6,5.5,141.0,7.5,5.466,0.0,5.466,0
2024-01-09 09:00:00,17.2,1014.2,5.9,151.0,10.6,7.005,0.0,7.005,0
2024-01-09 10:00:00,17.6,1012.6,6.4,142.0,11.0,8.186,0.0,8.186,0
2024-01-09 11:00:00,18.0,1011.3,6.7,153.0,11.6,8.773,0.0,8.773,0
2024-01-09 12:00:00,17.3,1010.3,5.7,160.0,8.5,8.793,0.0,8.793,0
2024-01-09 13:00:00,17.5,1008.9,6.6,153.0,9.1,7.894,0.0,7.894,0
2024-01-09 14:00:00,16.6,1009.0,6.5,176.0,11.4,6.886,0.0,6.886,0
2024-01-09 15:00:00,17.4,1007.7,6.6,179.0,10.3,5.364,0.0,5.364,0
2024-01-09 16:00:00,18.2,1006.4,6.4,183.0,12.0,3.888,0.0,3.888,0
2024-01-09 17:00:00,17.9,1004.9,6.1,194.0,10.7,2.621,0.0,2.621,0
2024-01-09 18:00:00,18.8,1002.4,8.4,181.0,16.4,1.811,0.0,1.811,0
2024-01-09 19:00:00,18.7,1000.7,10.0,181.0,15.9,2.326,0.0,2.326,0
2024-01-09 20:00:00,18.4,999.5,11.9,176.0,20.2,3.622,0.0,3.622,0
2024-01-09 21:00:00,18.2,999.7,9.7,204.0,17.5,5.217,0.0,5.217,0
2024-01-09 22:00:00,15.1,1001.9,7.1,263.0,10.3,6.148,0.0,6.148,0
2024-01-09 23:00:00,13.9,1000.2,6.2,237.0,8.7,6.88,0.0,6.88,0
2024-01-10 00:00:00,14.1,1001.8,5.4,225.0,8.0,6.467,0.0,6.467,0
2024-01-10 01:00:00,13.7,1001.5,3.8,233.0,5.5,5.804,0.0,5.804,0
2024-01-10 02:00:00,13.5,1001.9,3.1,247.0,5.2,3.845,0.0,3.845,0
2024-01-10 03:00:00,13.3,1002.2,3.2,241.0,4.8,2.52,0.0,2.52,0
2024-01-10 04:00:00,13.2,1002.5,5.7,240.0,9.0,0.958,0.0,0.958,0
2024-01-10 05:00:00,12.8,1003.0,7.5,260.0,10.3,-0.322,0.0,-0.322,0
2024-01-10 06:00:00,12.3,1003.6,8.5,257.0,13.7,-0.518,0.0,-0.518,0
2024-01-10 07:00:00,11.5,1004.9,8.2,263.0,13.2,-0.066,0.0,-0.066,0
2024-01-10 08:00:00,9.9,1007.1,11.8,282.0,16.6,0.863,0.0,0.863,0
2024-01-10 09:00:00,7.3,1008.8,7.2,280.0,9.3,1.9,0.0,1.9,0
2024-01-10 10:00:00,6.8,1009.3,6.3,274.0,10.1,3.615,0.0,3.615,0
2024-01-10 11:00:00,6.6,1010.3,5.0,264.0,7.9,5.128,0.0,5.128,0
2024-01-10 12:00:00,6.1,1011.8,4.7,257.0,7.3,6.463,0.0,6.463,0
2024-01-10 13:00:00,6.7,1012.8,4.8,260.0,6.4,6.499,0.0,6.499,0
2024-01-10 14:00:00,7.9,1013.4,5.3,264.0,7.6,5.787,0.0,5.787,0
2024-01-10 15:00:00,9.1,1014.1,5.2,276.0,7.0,4.4,0.0,4.4,0
2024-01-10 16:00:00,9.4,1013.9,7.5,292.0,9.8,2.635,0.0,2.635,0
2024-01-10 17:00:00,10.7,1013.6,5.1,269.0,7.2,0.843,0.0,0.843,0
2024-01-10 18:00:00,11.4,1013.0,5.9,298.0,6.7,-0.492,0.0,-0.492,0
2024-01-10 19:00:00,12.7,1013.0,5.1,285.0,6.9,-0.715,0.0,-0.715,0
2024-01-10 20:00:00,13.5,1013.2,6.4,283.0,7.9,0.328,0.0,0.328,0
2024-01-10 21:00:00,14.0,1012.7,4.5,271.0,7.4,1.913,0.0,1.913,0
2024-01-10 22:00:00,12.3,1012.8,3.9,286.0,5.2,3.78,0.0,3.78,0
2024-01-10 23:00:00,10.3,1013.8,2.4,252.0,3.0,5.394,0.0,5.394,0
2024-01-11 00:00:00,9.5,1014.6,2.1,247.0,3.1,6.526,0.0,6.526,0
2024-01-11 01:00:00,9.2,1015.0,2.1,254.0,3.5,6.457,0.0,6.457,0
2024-01-11 02:00:00,9.0,1015.3,1.7,242.0,2.2,5.338,0.0,5.338,0
2024-01-11 03:00:00,8.5,1015.5,2.2,241.0,2.8,3.622,0.0,3.622,0
2024-01-11 04:00:00,8.5,1015.7,2.5,263.0,4.0,1.699,0.0,1.699,0
2024-01-11 05:00:00,8.3,1016.0,2.6,245.0,3.3,-0.223,0.0,-0.223,0
2024-01-11 06:00:00,8.0,1016.2,2.3,273.0,3.1,-1.161,0.0,-1.161,0
2024-01-11 07:00:00,7.7,1016.5,2.8,269.0,3.7,-0.928,0.0,-0.928,0
2024-01-11 08:00:00,7.7,1016.7,2.0,264.0,2.7,0.446,0.0,0.446,0
2024-01-11 09:00:00,7.5,1016.6,1.6,268.0,2.1,2.546,0.0,2.546,0
2024-01-11 10:00:00,7.2,1017.0,1.1,244.0,1.3,4.846,0.0,4.846,0
2024-01-11 11:00:00,7.4,1017.3,0.7,245.0,0.8,6.686,0.0,6.686,0
2024-01-11 12:00:00,7.7,1018.1,1.4,247.0,1.7,7.766,0.0,7.766,0
2024-01-11 13:00:00,8.0,1018.8,2.0,255.0,2.7,8.018,0.0,8.018,0
2024-01-11 14:00:00,8.7,1019.2,3.2,299.0,3.6,7.441,0.0,7.441,0
2024-01-11 15:00:00,10.0,1020.2,1.7,248.0,2.2,6.28,0.0,6.28,0
2024-01-11 16:00:00,10.3,1020.3,2.7,242.0,3.4,4.469,0.0,4.469,0
2024-01-11 17:00:00,12.6,1019.1,1.3,279.0,2.1,2.536,0.0,2.536,0
2024-01-11 18:00:00,13.2,1018.6,0.9,295.0,0.9,0.787,0.0,0.787,0
2024-01-11 19:00:00,12.4,1018.3,2.0,209.0,2.2,-0.259,0.0,-0.259,0
2024-01-11 20:00:00,12.3,1018.0,1.8,193.0,2.6,-0.318,0.0,-0.318,0
2024-01-11 21:00:00,12.5,1018.3,1.3,216.0,1.9,1.257,0.0,1.257,0
2024-01-11 22:00:00,11.9,1018.7,1.2,233.0,1.6,3.176,0.0,3.176,0
2024-01-11 23:00:00,10.6,1018.8,1.6,211.0,1.9,5.308,0.0,5.308,0
2024-01-12 00:00:00,10.4,1019.0,0.0,255.0,0.5,6.837,0.0,6.837,0
2024-01-12 01:00:00,10.1,1018.6,1.7,195.0,2.1,7.431,0.0,7.431,0
2024-01-12 02:00:00,9.4,1018.5,0.3,155.0,0.9,6.85,0.0,6.85,0
2024-01-12 03:00:00,9.5,1019.0,0.5,353.0,0.8,5.696,0.0,5.696,0
2024-01-12 04:00:00,9.1,1018.9,0.4,4.0,0.5,3.842,0.0,3.842,0
2024-01-12 05:00:00,9.5,1018.5,1.0,100.0,1.2,1.952,0.0,1.952,0
2024-01-12 06:00:00,9.7,1018.2,1.4,122.0,1.6,0.236,0.0,0.236,0
2024-01-12 07:00:00,9.7,1018.2,1.0,124.0,1.1,-0.656,0.0,-0.656,0
2024-01-12 08:00:00,9.0,1017.6,1.8,40.0,2.4,-0.249,0.0,-0.249,0
2024-01-12 09:00:00,10.6,1016.6,3.2,109.0,4.0,1.447,0.0,1.447,0
2024-01-12 10:00:00,11.5,1016.2,4.5,92.0,5.2,3.583,0.0,3.583,0
2024-01-12 11:00:00,11.7,1015.7,4.4,86.0,5.2,5.968,0.0,5.968,0
2024-01-12 12:00:00,11.4,1016.1,3.3,60.0,4.5,7.746,0.0,7.746,0
2024-01-12 13:00:00,10.5,1016.0,4.0,51.0,5.5,8.632,0.0,8.632,0
2024-01-12 14:00:00,11.2,1015.7,5.1,69.0,6.0,8.812,0.0,8.812,0
2024-01-12 15:00:00,12.3,1014.8,5.7,78.0,6.7,7.913,0.0,7.913,0
2024-01-12 16:00:00,13.2,1014.1,4.9,74.0,6.2,6.493,0.0,6.493,0
2024-01-12 17:00:00,13.9,1011.9,4.7,80.0,5.6,4.747,0.0,4.747,0
2024-01-12 18:00:00,13.1,1010.3,3.2,100.0,3.6,2.7,0.0,2.7,0
2024-01-12 19:00:00,17.5,1008.4,4.8,145.0,7.3,1.175,0.0,1.175,0
2024-01-12 20:00:00,16.8,1006.9,3.1,157.0,6.0,0.262,0.0,0.262,0
2024-01-12 21:00:00,16.9,1006.2,5.1,163.0,7.4,0.574,0.0,0.574,0
2024-01-12 22:00:00,17.2,1005.2,4.9,169.0,7.3,2.277,0.0,2.277,0
2024-01-12 23:00:00,17.4,1003.9,5.9,188.0,11.4,4.373,0.0,4.373,0
2024-01-13 01:00:00,16.5,1003.6,5.8,215.0,8.1,7.851,0.0,7.851,0
2024-01-13 02:00:00,16.9,1003.5,8.3,215.0,11.8,8.094,0.0,8.094,0
2024-01-13 03:00:00,17.3,1003.0,7.5,210.0,10.4,7.438,0.0,7.438,0
2024-01-13 04:00:00,16.7,1003.2,5.2,217.0,9.2,5.984,0.0,5.984,0
2024-01-13 05:00:00,18.0,1002.9,5.3,212.0,7.6,4.252,0.0,4.252,0
2024-01-13 06:00:00,16.5,1003.1,5.0,223.0,7.1,2.29,0.0,2.29,0
2024-01-13 07:00:00,16.5,1003.4,2.2,247.0,3.5,0.669,0.0,0.669,0
2024-01-13 08:00:00,16.1,1005.0,6.0,289.0,7.2,-0.41,0.0,-0.41,0
2024-01-13 09:00:00,15.5,1005.3,3.5,283.0,4.4,-0.036,0.0,-0.036,0
2024-01-13 10:00:00,15.6,1006.0,4.6,276.0,6.4,1.516,0.0,1.516,0
2024-01-13 11:00:00,14.3,1007.3,8.3,291.0,9.6,3.563,0.0,3.563,0
2024-01-13 12:00:00,13.3,1008.4,8.3,286.0,11.0,5.676,0.0,5.676,0
2024-01-13 13:00:00,12.1,1009.7,8.4,298.0,9.7,7.264,0.0,7.264,0
2024-01-13 14:00:00,11.6,1011.4,9.6,311.0,12.2,7.848,0.0,7.848,0
2024-01-13 15:00:00,11.2,1013.1,9.0,296.0,10.2,7.736,0.0,7.736,0
2024-01-13 16:00:00,10.9,1013.6,9.1,302.0,10.5,6.686,0.0,6.686,0
2024-01-13 17:00:00,10.3,1013.4,10.5,304.0,12.5,5.128,0.0,5.128,0
2024-01-13 18:00:00,10.5,1013.1,9.4,310.0,11.4,3.261,0.0,3.261,0
2024-01-13 19:00:00,11.5,1012.9,9.9,303.0,11.7,1.312,0.0,1.312,0
2024-01-13 20:00:00,11.9,1013.4,10.1,309.0,11.6,-0.243,0.0,-0.243,0
2024-01-13 21:00:00,11.8,1014.3,8.9,312.0,9.8,-0.886,0.0,-0.886,0
2024-01-13 22:00:00,11.5,1015.6,7.1,311.0,8.6,-0.246,0.0,-0.246,0
2024-01-13 23:00:00,10.7,1016.7,5.2,324.0,6.1,1.476,0.0,1.476,0
2024-01-14 00:00:00,10.1,1017.5,4.0,313.0,4.6,3.632,0.0,3.632,0
2024-01-14 01:00:00,9.3,1018.5,2.8,279.0,3.9,5.774,0.0,5.774,0
2024-01-14 02:00:00,8.8,1019.2,3.1,276.0,4.7,7.031,0.0,7.031,0
2024-01-14 03:00:00,8.8,1019.6,4.9,293.0,5.6,7.211,0.0,7.211,0
2024-01-14 04:00:00,8.5,1019.9,4.5,294.0,5.0,6.496,0.0,6.496,0
2024-01-14 05:00:00,8.0,1019.9,4.2,313.0,4.8,5.066,0.0,5.066,0
2024-01-14 06:00:00,7.6,1020.2,3.7,325.0,4.8,3.278,0.0,3.278,0
2024-01-14 07:00:00,7.2,1020.9,3.5,290.0,4.3,1.335,0.0,1.335,0
2024-01-14 08:00:00,7.0,1020.8,4.1,327.0,4.7,-0.397,0.0,-0.397,0
2024-01-14 09:00:00,6.7,1021.1,4.2,310.0,7.1,-0.886,0.0,-0.886,0
2024-01-14 10:00:00,6.2,1021.3,4.4,322.0,5.2,-0.446,0.0,-0.446,0
2024-01-14 11:00:00,6.5,1022.6,2.3,291.0,3.0,1.486,0.0,1.486,0
2024-01-14 12:00:00,6.7,1023.0,4.2,331.0,5.1,3.527,0.0,3.527,0
2024-01-14 13:00:00,6.2,1023.0,3.6,332.0,4.3,5.774,0.0,5.774,0
2024-01-14 14:00:00,6.0,1023.6,1.8,317.0,2.6,7.526,0.0,7.526,0
2024-01-14 15:00:00,7.3,1024.5,1.6,321.0,2.1,8.307,0.0,8.307,0
2024-01-14 16:00:00,8.6,1024.4,1.4,304.0,1.7,8.182,0.0,8.182,0
2024-01-14 17:00:00,8.9,1023.7,1.7,228.0,2.2,6.995,0.0,6.995,0
2024-01-14 18:00:00,9.5,1022.6,2.4,203.0,3.9,5.397,0.0,5.397,0
2024-01-14 19:00:00,10.5,1021.8,2.9,219.0,4.0,3.527,0.0,3.527,0
2024-01-14 20:00:00,11.4,1021.3,2.7,207.0,4.2,1.45,0.0,1.45,0
2024-01-14 21:00:00,12.1,1021.2,2.8,198.0,4.8,-0.279,0.0,-0.279,0
2024-01-14 22:00:00,10.5,1021.2,2.2,171.0,3.3,-0.902,0.0,-0.902,0
2024-01-14 23:00:00,8.8,1021.7,2.1,178.0,2.7,0.279,0.0,0.279,0
2024-01-15 00:00:00,8.2,1022.2,1.5,190.0,2.4,2.457,0.0,2.457,0
2024-01-15 01:00:00,8.4,1022.3,1.6,194.0,2.8,4.948,0.0,4.948,0
2024-01-15 02:00:00,9.2,1022.5,2.0,216.0,3.2,6.68,0.0,6.68,0
2024-01-15 03:00:00,8.3,1022.9,1.9,227.0,2.9,7.533,0.0,7.533,0
2024-01-15 04:00:00,8.8,1022.9,2.2,226.0,3.0,7.5,0.0,7.5,0
2024-01-15 05:00:00,8.5,1022.5,1.4,324.0,1.6,6.467,0.0,6.467,0
2024-01-15 06:00:00,7.1,1021.4,0.6,147.0,0.9,4.954,0.0,4.954,0
2024-01-15 07:00:00,7.9,1021.2,0.0,125.0,0.1,3.228,0.0,3.228,0
2024-01-15 08:00:00,8.6,1020.7,0.3,125.0,0.4,1.49,0.0,1.49,0
2024-01-15 09:00:00,9.0,1020.6,0.7,30.0,0.9,0.157,0.0,0.157,0
2024-01-15 10:00:00,8.1,1020.9,0.4,337.0,0.7,-0.253,0.0,-0.253,0
2024-01-15 11:00:00,7.7,1021.3,0.6,342.0,0.9,0.627,0.0,0.627,0
2024-01-15 12:00:00,8.2,1021.7,0.0,9.0,0.0,2.306,0.0,2.306,0
2024-01-15 13:00:00,9.5,1021.7,0.9,19.0,1.1,4.311,0.0,4.311,0
2024-01-15 14:00:00,12.4,1021.9,1.4,52.0,1.6,6.037,0.0,6.037,0
2024-01-15 15:00:00,13.4,1022.2,1.2,95.0,1.4,7.539,0.0,7.539,0
2024-01-15 16:00:00,13.5,1021.5,2.4,114.0,2.7,8.143,0.0,8.143,0
2024-01-15 17:00:00,13.9,1020.3,2.2,112.0,2.5,7.864,0.0,7.864,0
2024-01-15 18:00:00,14.6,1019.0,2.4,99.0,2.5,6.778,0.0,6.778,0
2024-01-15 19:00:00,16.3,1017.7,1.9,96.0,2.1,5.171,0.0,5.171,0
2024-01-15 20:00:00,14.3,1016.9,2.1,96.0,2.3,3.327,0.0,3.327,0
2024-01-15 21:00:00,13.7,1016.8,2.0,99.0,2.5,1.158,0.0,1.158,0
2024-01-15 22:00:00,13.4,1016.7,2.3,133.0,2.4,-0.312,0.0,-0.312,0
2024-01-15 23:00:00,14.5,1016.0,1.4,159.0,2.0,-0.433,0.0,-0.433,0
2024-01-16 00:00:00,14.3,1016.0,0.9,284.0,1.0,1.171,0.0,1.171,0
2024-01-16 01:00:00,13.9,1015.7,0.6,225.0,1.0,3.212,0.0,3.212,0
2024-01-16 02:00:00,13.1,1015.8,1.2,20.0,1.4,5.367,0.0,5.367,0
2024-01-16 03:00:00,13.7,1015.3,1.0,177.0,1.6,7.11,0.0,7.11,0
2024-01-16 04:00:00,13.1,1014.8,1.7,175.0,1.9,7.89,0.0,7.89,0
2024-01-16 05:00:00,12.9,1013.7,1.7,158.0,2.4,7.746,0.0,7.746,0
2024-01-16 06:00:00,13.1,1012.8,1.8,171.0,2.6,6.824,0.0,6.824,0
2024-01-16 07:00:00,13.1,1013.4,2.0,244.0,2.5,5.253,0.0,5.253,0
2024-01-16 08:00:00,13.3,1013.0,2.0,279.0,2.6,3.737,0.0,3.737,0
2024-01-16 09:00:00,12.7,1012.2,1.8,191.0,2.5,1.965,0.0,1.965,0
2024-01-16 10:00:00,12.7,1012.0,1.5,239.0,1.9,0.817,0.0,0.817,0
2024-01-16 11:00:00,12.6,1011.8,1.1,215.0,1.4,0.591,0.0,0.591,0
2024-01-16 12:00:00,12.7,1011.6,2.5,222.0,2.6,1.355,0.0,1.355,0
2024-01-16 13:00:00,12.5,1011.4,1.7,194.0,2.3,2.949,0.0,2.949,0
2024-01-16 14:00:00,12.9,1011.2,0.9,221.0,1.5,4.751,0.0,4.751,0
2024-01-16 15:00:00,13.5,1012.1,2.5,210.0,3.4,6.562,0.0,6.562,0
2024-01-16 16:00:00,13.8,1011.6,1.5,230.0,2.0,7.638,0.0,7.638,0
2024-01-16 17:00:00,13.7,1011.7,0.9,292.0,1.3,8.045,0.0,8.045,0
2024-01-16 18:00:00,16.6,1010.0,1.4,283.0,1.8,7.628,0.0,7.628,0
2024-01-16 19:00:00,15.2,1009.8,7.0,308.0,7.7,6.26,0.0,6.26,0
2024-01-16 20:00:00,14.3,1009.7,6.3,317.0,7.5,4.472,0.0,4.472,0
2024-01-16 21:00:00,14.7,1009.9,6.2,310.0,7.5,2.667,0.0,2.667,0
2024-01-16 22:00:00,12.4,1011.1,10.1,312.0,11.6,0.915,0.0,0.915,0
2024-01-16 23:00:00,10.3,1012.5,10.2,312.0,12.6,-0.141,0.0,-0.141,0
2024-01-17 00:00:00,9.2,1014.3,8.4,299.0,10.3,-0.052,0.0,-0.052,0
2024-01-17 01:00:00,7.7,1015.3,9.9,310.0,11.7,1.512,0.0,1.512,0
2024-01-17 02:00:00,6.9,1016.1,9.7,311.0,11.4,3.018,0.0,3.018,0
2024-01-17 03:00:00,6.4,1016.8,8.6,308.0,10.2,4.859,0.0,4.859,0
2024-01-17 04:00:00,5.7,1017.3,10.0,316.0,12.1,6.296,0.0,6.296,0
2024-01-17 05:00:00,4.7,1018.1,9.5,326.0,11.7,7.083,0.0,7.083,0
2024-01-17 06:00:00,3.6,1018.8,10.4,323.0,12.3,6.952,0.0,6.952,0
2024-01-17 07:00:00,2.2,1019.4,9.9,321.0,12.0,6.247,0.0,6.247,0
2024-01-17 08:00:00,1.4,1020.2,8.6,325.0,10.3,5.085,0.0,5.085,0
2024-01-17 09:00:00,0.7,1021.1,7.9,327.0,9.7,3.383,0.0,3.383,0
2024-01-17 10:00:00,-0.5,1021.6,7.9,326.0,9.2,1.814,0.0,1.814,0
2024-01-17 11:00:00,-0.7,1023.0,6.6,328.0,8.0,0.787,0.0,0.787,0
2024-01-17 12:00:00,-1.1,1024.0,5.3,330.0,6.1,0.377,0.0,0.377,0
2024-01-17 13:00:00,-1.4,1025.1,6.0,326.0,7.4,0.945,0.0,0.945,0
2024-01-17 14:00:00,0.7,1025.8,6.1,345.0,7.4,2.283,0.0,2.283,0
2024-01-17 15:00:00,2.2,1026.7,5.9,343.0,7.4,4.068,0.0,4.068,0
2024-01-17 16:00:00,3.7,1026.7,3.0,333.0,4.1,5.833,0.0,5.833,0
2024-01-17 17:00:00,5.2,1026.1,3.8,331.0,4.6,7.08,0.0,7.08,0
2024-01-17 18:00:00,6.5,1025.4,3.4,298.0,5.0,7.5,0.0,7.5,0
2024-01-17 19:00:00,7.4,1024.9,4.1,289.0,5.0,6.969,0.0,6.969,0
2024-01-17 20:00:00,8.2,1024.8,3.5,308.0,4.4,5.755,0.0,5.755,0
2024-01-17 21:00:00,8.3,1024.8,4.1,323.0,4.8,3.96,0.0,3.96,0
2024-01-17 22:00:00,7.7,1025.3,3.8,305.0,4.4,2.136,0.0,2.136,0
2024-01-17 23:00:00,6.6,1026.0,2.9,318.0,3.4,0.689,0.0,0.689,0
2024-01-18 00:00:00,6.0,1026.5,3.7,326.0,4.3,0.062,0.0,0.062,0
2024-01-18 01:00:00,5.4,1027.0,3.1,339.0,3.4,0.653,0.0,0.653,0
2024-01-18 02:00:00,4.5,1026.8,3.8,356.0,4.5,1.978,0.0,1.978,0
2024-01-18 03:00:00,3.9,1026.7,3.1,3.0,3.6,3.763,0.0,3.763,0
2024-01-18 04:00:00,4.2,1026.9,1.2,20.0,1.5,5.354,0.0,5.354,0
2024-01-18 05:00:00,4.9,1026.4,1.5,27.0,1.8,6.322,0.0,6.322,0
2024-01-18 06:00:00,4.7,1026.6,1.6,8.0,1.8,7.477,0.0,7.477,0
2024-01-18 07:00:00,4.7,1026.2,1.2,35.0,1.4,7.556,0.0,7.556,0
2024-01-18 08:00:00,5.9,1026.1,2.3,56.0,3.0,6.759,0.0,6.759,0
2024-01-18 09:00:00,5.5,1025.7,1.9,21.0,2.3,5.486,0.0,5.486,0
2024-01-18 10:00:00,3.6,1025.6,3.3,358.0,3.8,3.816,0.0,3.816,0
2024-01-18 11:00:00,3.4,1025.1,2.6,9.0,3.1,2.231,0.0,2.231,0
2024-01-18 12:00:00,3.8,1025.1,1.7,19.0,2.2,1.109,0.0,1.109,0
2024-01-18 13:00:00,4.1,1024.7,2.4,27.0,3.2,0.797,0.0,0.797,0
2024-01-18 14:00:00,6.3,1024.6,3.9,53.0,4.6,1.535,0.0,1.535,0
2024-01-18 15:00:00,8.4,1025.1,3.6,47.0,4.2,2.835,0.0,2.835,0
2024-01-18 16:00:00,9.2,1024.5,3.3,59.0,4.2,4.495,0.0,4.495,0
2024-01-18 17:00:00,10.5,1023.2,2.9,70.0,3.7,5.784,0.0,5.784,0
2024-01-18 18:00:00,11.5,1021.6,3.2,105.0,3.9,6.785,0.0,6.785,0
2024-01-18 19:00:00,12.2,1020.2,2.4,108.0,2.7,7.047,0.0,7.047,0
2024-01-18 20:00:00,12.4,1019.5,1.7,117.0,2.0,6.562,0.0,6.562,0
2024-01-18 21:00:00,12.1,1018.9,2.4,113.0,2.8,5.404,0.0,5.404,0
2024-01-18 22:00:00,12.0,1018.7,1.5,87.0,1.9,3.868,0.0,3.868,0
2024-01-18 23:00:00,11.5,1018.4,1.0,60.0,1.2,2.139,0.0,2.139,0
2024-01-19 00:00:00,11.7,1018.4,1.1,224.0,1.6,0.889,0.0,0.889,0
2024-01-19 01:00:00,12.9,1017.7,1.2,286.0,1.9,0.295,0.0,0.295,0
2024-01-19 02:00:00,12.6,1017.1,1.7,251.0,2.1,0.896,0.0,0.896,0
2024-01-19 03:00:00,11.8,1016.5,1.6,211.0,1.8,2.29,0.0,2.29,0
2024-01-19 04:00:00,10.7,1016.6,2.7,243.0,3.3,3.924,0.0,3.924,0
2024-01-19 05:00:00,10.2,1016.1,2.3,234.0,3.3,5.528,0.0,5.528,0
2024-01-19 06:00:00,9.9,1015.2,1.3,232.0,1.9,7.001,0.0,7.001,0
2024-01-19 07:00:00,10.0,1014.6,2.4,246.0,3.3,7.776,0.0,7.776,0
2024-01-19 08:00:00,9.9,1013.9,3.3,242.0,4.7,7.644,0.0,7.644,0
2024-01-19 09:00:00,10.0,1014.2,3.3,268.0,4.5,6.772,0.0,6.772,0
2024-01-19 10:00:00,9.5,1013.3,4.2,228.0,6.3,5.292,0.0,5.292,0
2024-01-19 11:00:00,9.7,1013.8,3.3,253.0,5.3,3.579,0.0,3.579,0
2024-01-19 12:00:00,9.8,1013.7,3.5,260.0,4.9,1.959,0.0,1.959,0
2024-01-19 13:00:00,9.9,1014.2,4.3,275.0,6.2,0.712,0.0,0.712,0
2024-01-19 14:00:00,10.9,1014.4,5.5,278.0,7.7,0.276,0.0,0.276,0
2024-01-19 15:00:00,11.3,1014.8,8.7,297.0,10.5,1.086,0.0,1.086,0
2024-01-19 16:00:00,13.0,1014.9,7.6,299.0,9.5,2.359,0.0,2.359,0
2024-01-19 17:00:00,15.3,1014.2,6.8,297.0,8.1,3.638,0.0,3.638,0
2024-01-19 20:00:00,17.1,1013.0,11.5,294.0,14.1,5.614,0.0,5.614,0
2024-01-19 21:00:00,16.2,1013.9,10.0,298.0,11.7,5.046,0.0,5.046,0
2024-01-19 22:00:00,14.1,1015.4,10.4,317.0,13.1,4.196,0.0,4.196,0
2024-01-19 23:00:00,12.1,1016.9,7.6,323.0,9.4,2.897,0.0,2.897,0
2024-01-20 00:00:00,10.7,1018.5,7.6,318.0,9.4,1.28,0.0,1.28,0
2024-01-20 01:00:00,9.2,1020.0,6.1,320.0,7.9,-0.102,0.0,-0.102,0
2024-01-20 02:00:00,8.3,1020.9,6.2,325.0,7.2,-0.869,0.0,-0.869,0
2024-01-20 03:00:00,7.2,1021.6,6.4,327.0,7.5,-0.761,0.0,-0.761,0
2024-01-20 04:00:00,6.2,1021.9,5.7,332.0,7.7,0.364,0.0,0.364,0
2024-01-20 05:00:00,5.3,1022.0,4.6,335.0,6.0,2.087,0.0,2.087,0
2024-01-20 06:00:00,4.7,1022.0,4.7,339.0,6.5,4.062,0.0,4.062,0
2024-01-20 07:00:00,4.5,1022.0,5.1,336.0,6.5,5.988,0.0,5.988,0
2024-01-20 08:00:00,3.5,1022.1,5.2,332.0,6.3,6.991,0.0,6.991,0
2024-01-20 09:00:00,2.7,1022.4,4.0,315.0,5.7,7.228,0.0,7.228,0
2024-01-20 10:00:00,2.5,1022.7,4.6,321.0,6.0,6.532,0.0,6.532,0
2024-01-20 11:00:00,2.0,1023.7,4.6,323.0,5.7,5.308,0.0,5.308,0
2024-01-20 12:00:00,1.1,1024.5,5.0,325.0,6.0,3.501,0.0,3.501,0
2024-01-20 14:00:00,1.7,1025.7,5.7,346.0,7.0,0.433,0.0,0.433,0
2024-01-20 15:00:00,2.7,1026.1,5.5,330.0,7.0,0.272,0.0,0.272,0
2024-01-20 16:00:00,3.7,1026.1,6.2,315.0,8.2,1.263,0.0,1.263,0
2024-01-20 17:00:00,4.5,1025.3,6.9,316.0,9.6,2.638,0.0,2.638,0
2024-01-20 18:00:00,5.1,1024.5,6.9,319.0,8.5,4.035,0.0,4.035,0
2024-01-20 19:00:00,5.7,1023.9,8.3,307.0,10.0,5.082,0.0,5.082,0
2024-01-20 20:00:00,6.7,1023.9,6.2,322.0,8.2,5.659,0.0,5.659,0
2024-01-20 21:00:00,7.1,1024.7,6.5,332.0,7.3,5.673,0.0,5.673,0
2024-01-20 22:00:00,6.1,1025.5,7.1,343.0,9.2,5.233,0.0,5.233,0
2024-01-20 23:00:00,5.0,1026.8,5.8,335.0,7.4,4.281,0.0,4.281,0
2024-01-21 00:00:00,3.5,1027.9,3.7,350.0,4.5,3.127,0.0,3.127,0
2024-01-21 01:00:00,2.8,1028.8,3.4,350.0,4.3,1.831,0.0,1.831,0
2024-01-21 02:00:00,2.5,1029.6,3.3,10.0,4.3,0.545,0.0,0.545,0
2024-01-21 03:00:00,2.4,1030.3,3.5,22.0,4.4,0.213,0.0,0.213,0
2024-01-21 04:00:00,1.4,1030.8,3.2,20.0,4.2,0.489,0.0,0.489,0
2024-01-21 05:00:00,1.0,1030.9,2.8,15.0,3.3,1.617,0.0,1.617,0
2024-01-21 06:00:00,0.4,1031.3,4.3,358.0,5.2,3.307,0.0,3.307,0
2024-01-21 07:00:00,-0.6,1031.4,5.2,5.0,6.7,5.016,0.0,5.016,0
2024-01-21 08:00:00,-0.8,1031.5,6.7,16.0,9.8,6.545,0.0,6.545,0
2024-01-21 09:00:00,-1.0,1032.3,6.2,10.0,7.5,7.316,0.0,7.316,0
2024-01-21 10:00:00,-1.3,1032.8,6.0,14.0,7.9,7.254,0.0,7.254,0
2024-01-21 11:00:00,-1.8,1033.8,6.2,15.0,7.7,6.381,0.0,6.381,0
2024-01-21 12:00:00,-2.1,1034.4,7.6,24.0,8.8,5.18,0.0,5.18,0
2024-01-21 13:00:00,-2.2,1035.1,6.7,26.0,9.7,3.658,0.0,3.658,0
2024-01-21 14:00:00,-1.9,1035.8,7.1,26.0,9.4,2.27,0.0,2.27,0
2024-01-21 15:00:00,-1.6,1037.0,6.3,35.0,8.2,1.407,0.0,1.407,0
2024-01-21 16:00:00,-0.8,1037.3,4.1,55.0,5.7,1.368,0.0,1.368,0
2024-01-21 17:00:00,0.0,1036.7,3.9,67.0,4.7,1.847,0.0,1.847,0
2024-01-21 18:00:00,1.1,1035.8,2.1,82.0,3.8,2.795,0.0,2.795,0
2024-01-21 19:00:00,2.2,1035.2,1.5,120.0,2.1,3.875,0.0,3.875,0
2024-01-21 20:00:00,4.0,1034.8,2.0,110.0,2.7,4.921,0.0,4.921,0
2024-01-21 21:00:00,3.9,1034.8,2.4,104.0,3.3,5.643,0.0,5.643,0
2024-01-21 22:00:00,4.2,1035.2,1.6,149.0,2.3,6.017,0.0,6.017,0
2024-01-21 23:00:00,3.4,1035.3,0.9,98.0,1.6,5.833,0.0,5.833,0
2024-01-22 00:00:00,4.3,1035.6,1.4,93.0,2.2,4.948,0.0,4.948,0
2024-01-22 01:00:00,4.2,1036.3,1.4,26.0,1.9,3.776,0.0,3.776,0
2024-01-22 02:00:00,4.6,1036.4,2.3,60.0,2.7,2.188,0.0,2.188,0
2024-01-22 03:00:00,4.9,1036.9,2.3,58.0,3.2,0.768,0.0,0.768,0
2024-01-22 04:00:00,4.4,1036.6,4.6,42.0,5.6,0.069,0.0,0.069,0
2024-01-22 05:00:00,4.7,1036.5,4.8,62.0,5.8,0.397,0.0,0.397,0
2024-01-22 06:00:00,4.8,1036.2,5.6,54.0,6.8,1.896,0.0,1.896,0
2024-01-22 07:00:00,4.9,1035.6,6.4,51.0,7.6,3.675,0.0,3.675,0
2024-01-22 08:00:00,4.7,1035.3,5.8,54.0,7.2,5.545,0.0,5.545,0
2024-01-22 09:00:00,4.8,1034.5,5.6,55.0,7.6,7.044,0.0,7.044,0
2024-01-22 10:00:00,5.3,1034.9,5.5,53.0,6.3,7.785,0.0,7.785,0
2024-01-22 11:00:00,5.5,1035.2,6.2,57.0,7.5,7.7,0.0,7.7,0
2024-01-22 12:00:00,5.4,1035.1,5.7,60.0,6.9,6.791,0.0,6.791,0
2024-01-22 13:00:00,5.7,1035.4,5.1,57.0,6.2,5.394,0.0,5.394,0
2024-01-22 14:00:00,6.5,1035.8,5.4,53.0,6.2,3.832,0.0,3.832,0
2024-01-22 15:00:00,8.0,1036.5,4.9,50.0,6.2,2.346,0.0,2.346,0
2024-01-22 16:00:00,9.0,1036.4,7.8,72.0,9.6,1.499,0.0,1.499,0
2024-01-22 17:00:00,9.6,1035.3,7.7,69.0,10.5,1.198,0.0,1.198,0
2024-01-22 18:00:00,10.7,1034.4,8.1,71.0,10.5,1.827,0.0,1.827,0
2024-01-22 19:00:00,10.3,1033.9,8.8,75.0,11.3,2.887,0.0,2.887,0
2024-01-22 20:00:00,10.2,1033.4,8.0,75.0,11.1,4.193,0.0,4.193,0
2024-01-22 21:00:00,9.9,1033.1,7.7,74.0,9.0,5.23,0.0,5.23,0
2024-01-22 22:00:00,9.9,1032.9,6.9,67.0,7.8,6.04,0.0,6.04,0
2024-01-22 23:00:00,10.0,1033.2,7.1,65.0,8.6,6.365,0.0,6.365,0
2024-01-23 00:00:00,10.3,1033.5,7.6,70.0,9.7,6.014,0.0,6.014,0
2024-01-23 01:00:00,10.3,1033.7,7.3,67.0,9.9,5.059,0.0,5.059,0
2024-01-23 02:00:00,11.0,1033.6,7.0,71.0,9.2,3.72,0.0,3.72,0
2024-01-23 03:00:00,11.1,1033.4,8.4,69.0,10.4,2.274,0.0,2.274,0
2024-01-23 04:00:00,10.7,1033.0,7.6,76.0,9.9,0.883,0.0,0.883,0
2024-01-23 05:00:00,10.8,1032.7,6.6,72.0,8.8,0.253,0.0,0.253,0
2024-01-23 06:00:00,10.8,1032.7,4.9,72.0,6.4,0.787,0.0,0.787,0
2024-01-23 07:00:00,10.8,1031.9,7.6,71.0,9.1,2.251,0.0,2.251,0
2024-01-23 08:00:00,10.7,1031.2,6.4,83.0,8.3,4.098,0.0,4.098,0
2024-01-23 09:00:00,11.0,1030.9,5.2,80.0,6.3,5.837,0.0,5.837,0
2024-01-23 10:00:00,11.1,1030.1,5.8,67.0,7.1,7.198,0.0,7.198,0
2024-01-23 11:00:00,12.1,1030.3,3.7,45.0,5.0,7.841,0.0,7.841,0
2024-01-23 12:00:00,12.1,1031.2,1.5,30.0,2.2,7.612,0.0,7.612,0
2024-01-23 13:00:00,11.6,1031.6,1.1,348.0,1.5,6.473,0.0,6.473,0
2024-01-23 14:00:00,12.0,1032.0,1.9,65.0,3.2,4.721,0.0,4.721,0
2024-01-23 15:00:00,12.3,1032.3,2.4,48.0,2.8,3.363,0.0,3.363,0
2024-01-23 16:00:00,11.8,1032.2,3.4,77.0,4.1,1.844,0.0,1.844,0
2024-01-23 17:00:00,12.9,1030.5,6.1,68.0,7.4,0.748,0.0,0.748,0
2024-01-23 18:00:00,12.1,1029.8,4.7,79.0,5.7,0.64,0.0,0.64,0
2024-01-23 19:00:00,11.6,1029.0,3.3,112.0,3.9,1.457,0.0,1.457,0
2024-01-23 20:00:00,12.8,1027.8,5.5,92.0,6.5,2.825,0.0,2.825,0
2024-01-23 21:00:00,12.5,1028.5,4.5,101.0,4.8,4.239,0.0,4.239,0
2024-01-23 22:00:00,12.4,1028.5,4.5,98.0,5.5,5.446,0.0,5.446,0
2024-01-23 23:00:00,11.3,1028.3,3.3,101.0,4.1,6.296,0.0,6.296,0
2024-01-24 00:00:00,13.8,1028.9,5.0,75.0,5.8,6.342,0.0,6.342,0
2024-01-24 01:00:00,12.5,1029.0,2.3,73.0,2.8,5.866,0.0,5.866,0
2024-01-24 02:00:00,12.7,1029.0,1.2,86.0,1.8,4.629,0.0,4.629,0
2024-01-24 03:00:00,14.1,1028.9,3.5,74.0,3.8,3.146,0.0,3.146,0
2024-01-24 04:00:00,13.7,1029.0,1.7,85.0,2.7,1.483,0.0,1.483,0
2024-01-24 05:00:00,12.8,1028.5,2.5,94.0,2.8,0.308,0.0,0.308,0
2024-01-24 06:00:00,12.8,1027.8,2.4,106.0,2.7,-0.01,0.0,-0.01,0
2024-01-24 07:00:00,16.5,1027.4,3.2,135.0,4.4,0.886,0.0,0.886,0
2024-01-24 08:00:00,17.1,1027.2,4.7,143.0,6.8,2.477,0.0,2.477,0
2024-01-24 09:00:00,16.6,1026.8,3.5,127.0,4.7,4.518,0.0,4.518,0
2024-01-24 10:00:00,16.9,1026.5,4.2,135.0,6.5,6.306,0.0,6.306,0
2024-01-24 11:00:00,16.2,1027.0,2.9,147.0,3.9,7.408,0.0,7.408,0
2024-01-24 12:00:00,14.4,1027.2,1.8,117.0,2.0,7.631,0.0,7.631,0
2024-01-24 13:00:00,13.6,1027.6,2.0,59.0,2.3,7.054,0.0,7.054,0
2024-01-24 14:00:00,14.7,1027.9,1.6,96.0,1.7,5.843,0.0,5.843,0
2024-01-24 15:00:00,17.5,1028.2,2.9,144.0,4.1,4.472,0.0,4.472,0
2024-01-24 16:00:00,19.1,1027.8,4.0,142.0,5.6,2.831,0.0,2.831,0
2024-01-24 17:00:00,18.8,1027.5,2.2,159.0,3.2,1.394,0.0,1.394,0
2024-01-24 18:00:00,18.7,1026.9,2.8,149.0,3.9,0.531,0.0,0.531,0
2024-01-24 19:00:00,15.3,1026.1,2.8,87.0,3.0,0.449,0.0,0.449,0
2024-01-24 20:00:00,15.3,1025.5,2.7,122.0,3.3,1.335,0.0,1.335,0
2024-01-24 21:00:00,16.1,1025.3,2.0,100.0,2.3,2.785,0.0,2.785,0
2024-01-24 22:00:00,13.7,1025.1,2.8,103.0,3.0,4.36,0.0,4.36,0
2024-01-24 23:00:00,17.8,1025.4,3.0,149.0,4.7,5.715,0.0,5.715,0
2024-01-25 00:00:00,15.3,1025.7,0.8,132.0,2.2,6.473,0.0,6.473,0
2024-01-25 01:00:00,13.8,1025.9,2.2,105.0,2.3,6.362,0.0,6.362,0
2024-01-25 02:00:00,14.0,1025.8,1.2,72.0,1.4,5.522,0.0,5.522,0
2024-01-25 03:00:00,13.2,1025.3,1.9,119.0,2.2,4.049,0.0,4.049,0
2024-01-25 04:00:00,17.8,1025.0,2.9,156.0,4.4,2.448,0.0,2.448,0
2024-01-25 05:00:00,17.4,1024.3,3.8,154.0,5.3,0.866,0.0,0.866,0
2024-01-25 06:00:00,17.5,1024.3,2.0,163.0,2.8,-0.213,0.0,-0.213,0
2024-01-25 07:00:00,17.2,1024.2,2.6,157.0,4.6,-0.171,0.0,-0.171,0
2024-01-25 08:00:00,17.0,1024.3,1.1,188.0,1.5,0.892,0.0,0.892,0
2024-01-25 09:00:00,16.2,1023.8,1.3,169.0,1.7,2.638,0.0,2.638,0
2024-01-25 10:00:00,15.2,1024.0,0.4,238.0,1.0,4.646,0.0,4.646,0
2024-01-25 11:00:00,14.8,1023.7,2.1,142.0,3.0,6.25,0.0,6.25,0
2024-01-25 12:00:00,14.9,1023.4,1.8,187.0,3.1,7.172,0.0,7.172,0
2024-01-25 13:00:00,14.1,1023.7,0.6,156.0,0.9,7.218,0.0,7.218,0
2024-01-25 14:00:00,15.5,1024.1,0.8,211.0,1.1,6.578,0.0,6.578,0
2024-01-25 15:00:00,16.1,1024.8,1.0,258.0,1.4,5.446,0.0,5.446,0
2024-01-25 16:00:00,17.9,1024.7,1.4,200.0,2.2,3.871,0.0,3.871,0
2024-01-25 17:00:00,20.3,1023.7,2.8,210.0,4.2,2.257,0.0,2.257,0
2024-01-25 18:00:00,22.0,1023.0,4.6,214.0,7.2,0.892,0.0,0.892,0
2024-01-25 19:00:00,22.6,1022.5,4.3,216.0,6.6,0.082,0.0,0.082,0
2024-01-25 20:00:00,22.6,1021.9,3.2,207.0,4.6,0.253,0.0,0.253,0
2024-01-25 21:00:00,22.2,1021.5,3.1,195.0,4.7,1.263,0.0,1.263,0
2024-01-25 22:00:00,20.0,1021.6,2.8,174.0,3.7,2.904,0.0,2.904,0
2024-01-25 23:00:00,17.4,1022.3,0.8,181.0,1.5,4.678,0.0,4.678,0
2024-01-26 00:00:00,13.3,1022.2,4.7,115.0,5.0,5.978,0.0,5.978,0
2024-01-26 01:00:00,13.4,1022.9,0.0,0.0,0.6,6.588,0.0,6.588,0
2024-01-26 02:00:00,16.3,1022.6,1.9,166.0,2.6,6.161,0.0,6.161,0
2024-01-26 03:00:00,17.1,1022.7,1.6,187.0,2.9,5.128,0.0,5.128,0
2024-01-26 04:00:00,16.1,1022.7,2.8,223.0,3.8,3.494,0.0,3.494,0
2024-01-26 05:00:00,16.1,1022.2,2.1,196.0,4.0,1.768,0.0,1.768,0
2024-01-26 06:00:00,16.6,1021.6,2.3,210.0,3.6,0.413,0.0,0.413,0
2024-01-26 07:00:00,15.6,1020.4,2.0,178.0,3.0,-0.19,0.0,-0.19,0
2024-01-26 08:00:00,17.4,1019.0,3.5,188.0,7.7,0.249,0.0,0.249,0
2024-01-26 09:00:00,17.2,1018.8,3.7,194.0,7.0,1.64,0.0,1.64,0
2024-01-26 10:00:00,15.3,1019.4,2.0,262.0,2.7,3.484,0.0,3.484,0
2024-01-26 11:00:00,16.7,1020.2,2.6,243.0,4.0,5.318,0.0,5.318,0
2024-01-26 12:00:00,16.3,1021.6,1.4,291.0,1.8,6.781,0.0,6.781,0
2024-01-26 13:00:00,16.7,1022.2,1.1,288.0,1.2,7.375,0.0,7.375,0
2024-01-26 14:00:00,17.5,1022.2,0.7,202.0,1.2,7.313,0.0,7.313,0
2024-01-26 15:00:00,19.2,1022.3,1.9,173.0,3.4,6.348,0.0,6.348,0
2024-01-26 16:00:00,20.5,1021.9,2.1,199.0,3.0,4.961,0.0,4.961,0
2024-01-26 17:00:00,20.0,1021.3,3.0,206.0,5.3,3.251,0.0,3.251,0
2024-01-26 18:00:00,20.9,1020.4,3.4,219.0,4.5,1.749,0.0,1.749,0
2024-01-26 19:00:00,21.1,1019.8,3.1,196.0,5.7,0.63,0.0,0.63,0
2024-01-26 20:00:00,19.3,1020.0,2.6,218.0,4.0,0.108,0.0,0.108,0
2024-01-26 21:00:00,19.8,1020.0,2.4,205.0,3.8,0.633,0.0,0.633,0
2024-01-26 22:00:00,17.4,1020.4,2.7,200.0,4.3,2.087,0.0,2.087,0
2024-01-26 23:00:00,16.0,1020.6,2.5,200.0,4.0,3.829,0.0,3.829,0
2024-01-27 00:00:00,15.6,1021.1,2.7,202.0,3.6,5.407,0.0,5.407,0
2024-01-27 01:00:00,15.2,1021.6,2.2,195.0,3.0,6.453,0.0,6.453,0
2024-01-27 02:00:00,15.3,1021.5,1.8,216.0,2.4,6.594,0.0,6.594,0
2024-01-27 03:00:00,15.5,1021.3,2.3,202.0,3.4,5.896,0.0,5.896,0
2024-01-27 04:00:00,14.9,1021.0,2.2,197.0,3.2,4.603,0.0,4.603,0
2024-01-27 05:00:00,15.1,1021.1,2.0,218.0,2.8,3.035,0.0,3.035,0
2024-01-27 06:00:00,15.6,1020.7,2.6,220.0,3.3,1.509,0.0,1.509,0
2024-01-27 07:00:00,16.0,1020.5,2.7,221.0,3.3,0.453,0.0,0.453,0
2024-01-27 08:00:00,16.0,1020.3,1.5,200.0,2.2,0.197,0.0,0.197,0
2024-01-27 09:00:00,15.9,1020.2,1.6,233.0,2.0,0.748,0.0,0.748,0
2024-01-27 10:00:00,16.3,1019.9,1.6,204.0,2.6,2.198,0.0,2.198,0
2024-01-27 11:00:00,16.6,1020.0,1.0,196.0,1.4,4.098,0.0,4.098,0
2024-01-27 12:00:00,16.8,1020.0,0.9,180.0,0.9,5.804,0.0,5.804,0
2024-01-27 13:00:00,16.0,1020.1,1.7,179.0,2.5,6.916,0.0,6.916,0
2024-01-27 14:00:00,15.6,1020.4,0.5,206.0,1.1,7.333,0.0,7.333,0
2024-01-27 15:00:00,17.2,1020.9,2.0,195.0,3.7,7.018,0.0,7.018,0
2024-01-27 16:00:00,17.8,1020.5,1.7,182.0,2.6,5.981,0.0,5.981,0
2024-01-27 17:00:00,18.6,1019.5,3.4,210.0,5.2,4.531,0.0,4.531,0
2024-01-27 18:00:00,20.3,1018.0,3.6,184.0,6.0,2.749,0.0,2.749,0
2024-01-27 19:00:00,18.8,1017.0,3.4,196.0,5.9,1.345,0.0,1.345,0
2024-01-27 20:00:00,21.0,1016.1,3.3,178.0,5.5,0.22,0.0,0.22,0
2024-01-27 21:00:00,20.2,1016.2,2.9,191.0,5.8,0.367,0.0,0.367,0
2024-01-27 22:00:00,19.8,1015.7,2.6,191.0,5.8,1.375,0.0,1.375,0
2024-01-27 23:00:00,16.9,1015.8,1.6,179.0,2.6,3.091,0.0,3.091,0
2024-01-28 00:00:00,17.2,1015.6,3.0,197.0,5.2,4.948,0.0,4.948,0
2024-01-28 01:00:00,17.2,1015.5,4.4,205.0,7.5,6.214,0.0,6.214,0
2024-01-28 02:00:00,16.5,1014.8,5.5,215.0,7.5,6.831,0.0,6.831,0
2024-01-28 03:00:00,17.0,1013.0,4.0,195.0,7.1,6.66,0.0,6.66,0
2024-01-28 04:00:00,17.3,1013.2,5.2,207.0,8.1,5.781,0.0,5.781,0
2024-01-28 05:00:00,16.6,1012.6,4.7,208.0,7.2,4.482,0.0,4.482,0
2024-01-28 06:00:00,16.7,1012.0,4.4,209.0,7.0,2.838,0.0,2.838,0
2024-01-28 07:00:00,15.9,1011.8,2.1,232.0,3.2,1.48,0.0,1.48,0
2024-01-28 08:00:00,16.1,1011.2,1.5,192.0,2.3,0.617,0.0,0.617,0
2024-01-28 09:00:00,18.4,1011.0,2.8,240.0,4.3,0.459,0.0,0.459,0
2024-01-28 10:00:00,18.8,1010.9,4.9,264.0,7.2,1.555,0.0,1.555,0
2024-01-28 11:00:00,18.7,1011.1,4.7,261.0,6.8,2.917,0.0,2.917,0
2024-01-28 12:00:00,18.2,1011.6,4.7,265.0,7.2,4.688,0.0,4.688,0
2024-01-28 13:00:00,17.9,1012.2,4.8,260.0,6.5,5.974,0.0,5.974,0
2024-01-28 14:00:00,18.2,1012.9,7.9,270.0,11.3,6.722,0.0,6.722,0
2024-01-28 15:00:00,15.8,1013.3,9.1,306.0,10.6,6.88,0.0,6.88,0
2024-01-28 16:00:00,15.7,1013.7,7.7,278.0,10.0,6.06,0.0,6.06,0
2024-01-28 17:00:00,15.7,1013.3,9.6,292.0,11.6,4.518,0.0,4.518,0
2024-01-28 19:00:00,15.9,1011.7,10.6,310.0,12.2,1.325,0.0,1.325,0
2024-01-28 20:00:00,16.0,1011.7,10.2,305.0,11.5,0.026,0.0,0.026,0
2024-01-28 21:00:00,15.6,1012.1,9.0,300.0,10.5,-0.495,0.0,-0.495,0
2024-01-28 22:00:00,14.8,1012.6,11.3,297.0,13.3,0.039,0.0,0.039,0
2024-01-28 23:00:00,14.0,1013.0,9.4,298.0,11.3,1.444,0.0,1.444,0
2024-01-29 00:00:00,13.4,1013.9,8.2,298.0,9.8,3.481,0.0,3.481,0
2024-01-29 01:00:00,12.7,1014.4,7.6,295.0,9.2,4.511,0.0,4.511,0
2024-01-29 02:00:00,12.3,1014.6,8.2,290.0,9.8,5.256,0.0,5.256,0
2024-01-29 03:00:00,11.6,1014.5,7.6,304.0,9.4,5.387,0.0,5.387,0
2024-01-29 04:00:00,11.3,1014.5,9.5,304.0,10.9,4.82,0.0,4.82,0
2024-01-29 05:00:00,10.8,1014.8,10.1,297.0,11.8,3.724,0.0,3.724,0
2024-01-29 06:00:00,10.3,1014.9,9.0,304.0,10.7,2.526,0.0,2.526,0
2024-01-29 07:00:00,10.0,1015.0,7.9,304.0,9.6,1.293,0.0,1.293,0
2024-01-29 08:00:00,9.7,1015.1,9.4,309.0,11.3,0.299,0.0,0.299,0
2024-01-29 09:00:00,9.2,1015.2,8.6,314.0,10.2,-0.141,0.0,-0.141,0
2024-01-29 10:00:00,8.9,1015.6,8.5,312.0,10.4,0.148,0.0,0.148,0
2024-01-29 11:00:00,8.8,1015.9,9.0,314.0,11.2,1.316,0.0,1.316,0
2024-01-29 12:00:00,8.1,1016.7,6.8,327.0,8.9,2.835,0.0,2.835,0
2024-01-29 13:00:00,8.4,1017.6,7.7,322.0,9.2,4.59,0.0,4.59,0
2024-01-29 14:00:00,9.4,1018.0,8.6,332.0,10.6,5.846,0.0,5.846,0
2024-01-29 15:00:00,10.6,1018.3,8.1,324.0,10.0,6.555,0.0,6.555,0
2024-01-29 16:00:00,11.7,1018.6,8.1,315.0,9.7,6.453,0.0,6.453,0
2024-01-29 17:00:00,12.7,1018.1,7.9,336.0,9.9,5.564,0.0,5.564,0
2024-01-29 18:00:00,13.5,1017.2,7.7,330.0,11.4,4.383,0.0,4.383,0
2024-01-29 19:00:00,14.3,1016.9,7.3,324.0,10.6,2.917,0.0,2.917,0
2024-01-29 20:00:00,15.3,1016.7,7.4,314.0,9.0,1.48,0.0,1.48,0
2024-01-29 21:00:00,16.0,1016.4,5.6,323.0,6.7,0.607,0.0,0.607,0
2024-01-29 22:00:00,15.7,1017.2,4.9,329.0,6.3,0.702,0.0,0.702,0
2024-01-29 23:00:00,13.9,1017.8,2.9,314.0,3.4,1.801,0.0,1.801,0
2024-01-30 00:00:00,12.6,1018.6,2.6,326.0,3.0,3.379,0.0,3.379,0
2024-01-30 01:00:00,11.8,1018.9,1.2,297.0,1.4,4.997,0.0,4.997,0
2024-01-30 02:00:00,10.7,1019.6,0.0,289.0,0.0,6.184,0.0,6.184,0
2024-01-30 03:00:00,10.3,1019.6,0.7,310.0,0.9,6.588,0.0,6.588,0
2024-01-30 04:00:00,10.1,1019.7,1.0,296.0,1.2,6.572,0.0,6.572,0
2024-01-30 05:00:00,9.6,1019.7,1.9,306.0,2.1,5.906,0.0,5.906,0
2024-01-30 06:00:00,9.7,1019.7,1.6,285.0,2.0,4.872,0.0,4.872,0
2024-01-30 07:00:00,9.8,1019.8,3.1,296.0,3.4,3.586,0.0,3.586,0
2024-01-30 08:00:00,9.0,1020.1,2.8,311.0,3.3,2.238,0.0,2.238,0
2024-01-30 09:00:00,8.2,1020.1,3.3,317.0,4.2,1.316,0.0,1.316,0
2024-01-30 10:00:00,7.6,1020.2,3.2,318.0,4.1,1.129,0.0,1.129,0
2024-01-30 11:00:00,6.8,1020.4,1.9,318.0,2.4,1.781,0.0,1.781,0
2024-01-30 12:00:00,6.7,1020.9,2.3,326.0,2.9,3.32,0.0,3.32,0
2024-01-30 13:00:00,7.1,1021.1,1.9,323.0,2.2,4.77,0.0,4.77,0
2024-01-30 14:00:00,11.5,1021.2,0.6,8.0,0.9,6.316,0.0,6.316,0
2024-01-30 15:00:00,11.1,1021.0,1.1,72.0,1.3,7.103,0.0,7.103,0
2024-01-30 16:00:00,12.7,1021.2,2.3,185.0,3.0,7.293,0.0,7.293,0
2024-01-30 17:00:00,13.7,1020.9,2.5,215.0,3.9,6.762,0.0,6.762,0
2024-01-30 18:00:00,14.4,1019.7,2.7,208.0,5.0,5.705,0.0,5.705,0
2024-01-30 19:00:00,14.9,1018.7,2.9,188.0,5.1,4.173,0.0,4.173,0
2024-01-30 20:00:00,14.7,1018.0,4.2,204.0,7.3,2.605,0.0,2.605,0
2024-01-30 21:00:00,14.6,1017.7,4.3,204.0,6.4,1.407,0.0,1.407,0
2024-01-30 22:00:00,14.0,1017.4,3.5,197.0,6.1,1.056,0.0,1.056,0
2024-01-30 23:00:00,12.4,1017.4,2.4,205.0,4.3,1.621,0.0,1.621,0
2024-01-31 00:00:00,11.8,1017.7,2.1,215.0,3.1,2.946,0.0,2.946,0
2024-01-31 01:00:00,10.8,1017.5,2.0,225.0,2.8,4.567,0.0,4.567,0
2024-01-31 02:00:00,10.4,1017.3,2.0,224.0,2.6,5.732,0.0,5.732,0
2024-01-31 03:00:00,9.9,1017.3,2.5,229.0,2.8,6.818,0.0,6.818,0
2024-01-31 04:00:00,10.3,1017.0,2.4,241.0,3.5,6.906,0.0,6.906,0
2024-01-31 05:00:00,10.1,1016.9,2.3,263.0,4.0,6.624,0.0,6.624,0
2024-01-31 06:00:00,10.1,1016.4,2.6,260.0,3.7,5.679,0.0,5.679,0
2024-01-31 07:00:00,10.3,1016.1,2.0,253.0,2.9,4.767,0.0,4.767,0
2024-01-31 08:00:00,10.7,1015.6,2.9,267.0,4.6,3.435,0.0,3.435,0
2024-01-31 09:00:00,10.6,1014.9,2.4,271.0,4.7,2.195,0.0,2.195,0
2024-01-31 10:00:00,10.7,1014.6,2.6,270.0,3.8,1.542,0.0,1.542,0
2024-01-31 11:00:00,10.2,1014.0,2.2,237.0,3.3,1.699,0.0,1.699,0
2024-01-31 12:00:00,9.7,1014.0,2.0,243.0,2.8,2.651,0.0,2.651,0
2024-01-31 13:00:00,10.6,1014.1,4.6,282.0,7.1,3.973,0.0,3.973,0
2024-01-31 14:00:00,11.2,1014.5,9.1,307.0,11.2,5.22,0.0,5.22,0
2024-01-31 15:00:00,11.5,1014.8,9.1,312.0,10.9,6.102,0.0,6.102,0
2024-01-31 16:00:00,13.1,1015.0,8.1,324.0,10.0,6.703,0.0,6.703,0
2024-01-31 17:00:00,13.8,1015.1,8.5,340.0,10.0,6.693,0.0,6.693,0
2024-01-31 18:00:00,14.5,1015.0,8.2,353.0,10.5,6.066,0.0,6.066,0
2024-01-31 19:00:00,14.2,1015.4,8.1,7.0,9.9,4.951,0.0,4.951,0
2024-01-31 20:00:00,14.4,1015.9,7.2,352.0,8.9,3.684,0.0,3.684,0
2024-01-31 21:00:00,14.7,1016.4,6.6,11.0,8.8,2.283,0.0,2.283,0
2024-01-31 22:00:00,13.0,1017.3,6.6,347.0,8.4,1.375,0.0,1.375,0
2024-01-31 23:00:00,12.3,1018.5,6.4,351.0,8.4,1.407,0.0,1.407,0
2024-02-01 00:00:00,11.7,1019.0,5.0,358.0,6.5,2.29,0.0,2.29,0
2024-02-01 01:00:00,11.5,1019.8,5.3,2.0,6.9,3.638,0.0,3.638,0
2024-02-01 02:00:00,11.0,1020.4,3.5,8.0,4.3,5.013,0.0,5.013,0
2024-02-01 03:00:00,10.0,1021.1,1.9,339.0,2.4,6.089,0.0,6.089,0
2024-02-01 04:00:00,9.3,1021.0,2.2,351.0,2.7,6.772,0.0,6.772,0
2024-02-01 05:00:00,9.2,1020.7,1.2,22.0,1.6,6.939,0.0,6.939,0
2024-02-01 06:00:00,9.2,1021.0,0.9,45.0,1.2,6.775,0.0,6.775,0
2024-02-01 07:00:00,8.8,1021.1,2.3,30.0,2.6,6.122,0.0,6.122,0
2024-02-01 08:00:00,8.2,1021.6,1.4,350.0,2.2,5.151,0.0,5.151,0
2024-02-01 09:00:00,7.6,1021.5,2.6,340.0,2.9,4.265,0.0,4.265,0
2024-02-01 10:00:00,7.5,1021.7,3.0,323.0,3.5,3.196,0.0,3.196,0
2024-02-01 11:00:00,5.9,1021.7,2.7,352.0,3.2,2.484,0.0,2.484,0
2024-02-01 12:00:00,6.1,1022.4,2.5,327.0,3.0,2.385,0.0,2.385,0
2024-02-01 13:00:00,6.5,1023.1,2.1,331.0,3.1,3.261,0.0,3.261,0
2024-02-01 14:00:00,8.5,1023.5,2.7,327.0,3.3,4.337,0.0,4.337,0
2024-02-01 15:00:00,11.3,1023.2,2.5,357.0,3.5,5.6,0.0,5.6,0
2024-02-01 16:00:00,11.1,1022.6,2.9,110.0,3.2,6.575,0.0,6.575,0
2024-02-01 17:00:00,10.9,1021.5,3.0,101.0,3.4,7.159,0.0,7.159,0
2024-02-01 18:00:00,11.5,1020.6,3.8,81.0,4.3,7.021,0.0,7.021,0
2024-02-01 19:00:00,12.8,1020.0,2.8,180.0,3.9,6.198,0.0,6.198,0
2024-02-01 20:00:00,12.8,1019.2,3.0,180.0,4.1,5.194,0.0,5.194,0
2024-02-01 21:00:00,12.6,1018.4,4.0,169.0,5.8,3.727,0.0,3.727,0
2024-02-01 22:00:00,11.7,1018.8,3.8,179.0,5.5,2.375,0.0,2.375,0
2024-02-01 23:00:00,11.1,1019.0,2.7,199.0,4.3,1.837,0.0,1.837,0
2024-02-02 00:00:00,10.9,1018.9,1.9,199.0,3.3,2.064,0.0,2.064,0
2024-02-02 01:00:00,11.0,1019.4,2.6,211.0,3.8,3.022,0.0,3.022,0
2024-02-02 02:00:00,10.9,1018.9,2.4,216.0,3.4,4.144,0.0,4.144,0
2024-02-02 03:00:00,10.9,1018.4,2.0,208.0,2.9,5.308,0.0,5.308,0
2024-02-02 04:00:00,10.3,1018.3,2.2,239.0,3.1,6.263,0.0,6.263,0
2024-02-02 05:00:00,10.3,1017.6,2.5,234.0,4.1,6.923,0.0,6.923,0
2024-02-02 06:00:00,10.3,1016.8,3.2,236.0,4.2,7.037,0.0,7.037,0
2024-02-02 07:00:00,10.0,1016.7,3.1,239.0,4.3,6.765,0.0,6.765,0
2024-02-02 08:00:00,9.6,1016.7,2.4,231.0,3.1,6.01,0.0,6.01,0
2024-02-02 09:00:00,9.3,1016.0,2.2,224.0,2.9,4.721,0.0,4.721,0
2024-02-02 10:00:00,9.0,1016.0,2.6,259.0,4.5,3.373,0.0,3.373,0
2024-02-02 11:00:00,8.6,1016.0,1.5,257.0,2.3,2.244,0.0,2.244,0
2024-02-02 12:00:00,7.7,1015.9,1.6,260.0,2.2,1.877,0.0,1.877,0
2024-02-02 13:00:00,8.1,1016.2,2.0,243.0,2.7,2.277,0.0,2.277,0
2024-02-02 14:00:00,10.7,1016.0,3.6,281.0,4.6,3.009,0.0,3.009,0
2024-02-02 15:00:00,13.6,1016.1,4.4,285.0,5.1,4.61,0.0,4.61,0
2024-02-02 16:00:00,16.3,1015.5,4.0,277.0,5.4,5.784,0.0,5.784,0
2024-02-02 17:00:00,16.2,1014.8,3.4,275.0,4.3,6.473,0.0,6.473,0
2024-02-02 18:00:00,17.3,1013.6,3.6,301.0,4.6,6.621,0.0,6.621,0
2024-02-02 19:00:00,19.4,1012.5,4.0,298.0,4.9,6.06,0.0,6.06,0
2024-02-02 20:00:00,18.8,1012.0,6.0,310.0,7.1,5.213,0.0,5.213,0
2024-02-02 21:00:00,19.8,1011.6,3.7,313.0,4.3,3.957,0.0,3.957,0
2024-02-02 22:00:00,20.1,1011.5,3.2,284.0,3.7,2.756,0.0,2.756,0
2024-02-02 23:00:00,17.2,1011.7,2.4,262.0,3.0,1.946,0.0,1.946,0
2024-02-03 00:00:00,15.2,1012.2,1.1,282.0,1.4,1.745,0.0,1.745,0
2024-02-03 01:00:00,13.7,1012.7,0.3,96.0,0.4,2.192,0.0,2.192,0
2024-02-03 02:00:00,11.7,1013.0,0.4,22.0,0.7,3.077,0.0,3.077,0
2024-02-03 03:00:00,11.0,1013.0,0.8,288.0,0.9,4.193,0.0,4.193,0
2024-02-03 04:00:00,10.3,1013.0,0.9,261.0,0.9,5.24,0.0,5.24,0
2024-02-03 05:00:00,9.5,1012.9,1.6,219.0,1.9,6.161,0.0,6.161,0
2024-02-03 06:00:00,10.7,1012.8,2.2,227.0,2.4,6.778,0.0,6.778,0
2024-02-03 07:00:00,10.4,1012.7,1.7,235.0,2.0,6.962,0.0,6.962,0
2024-02-03 08:00:00,9.9,1012.4,1.1,324.0,1.1,6.69,0.0,6.69,0
2024-02-03 09:00:00,11.6,1012.7,1.6,37.0,3.0,5.902,0.0,5.902,0
2024-02-03 10:00:00,11.9,1013.3,6.0,63.0,7.8,4.911,0.0,4.911,0
2024-02-03 11:00:00,12.0,1014.1,7.6,68.0,9.5,3.845,0.0,3.845,0
2024-02-03 12:00:00,11.8,1014.4,7.8,68.0,9.5,3.117,0.0,3.117,0
2024-02-03 13:00:00,12.0,1015.2,11.1,76.0,14.1,2.707,0.0,2.707,0
2024-02-03 14:00:00,12.0,1015.9,11.0,72.0,13.6,3.091,0.0,3.091,0
2024-02-03 15:00:00,11.8,1016.8,8.4,69.0,10.5,4.104,0.0,4.104,0
2024-02-03 16:00:00,11.8,1016.9,10.1,68.0,12.6,5.151,0.0,5.151,0
2024-02-03 17:00:00,11.9,1017.0,9.9,65.0,12.4,6.237,0.0,6.237,0
2024-02-03 18:00:00,11.6,1016.1,10.0,75.0,11.8,6.995,0.0,6.995,0
2024-02-03 19:00:00,11.5,1014.8,9.7,84.0,11.2,7.07,0.0,7.07,0
2024-02-03 20:00:00,11.4,1014.5,8.4,85.0,10.4,6.709,0.0,6.709,0
2024-02-03 21:00:00,11.6,1014.6,7.1,84.0,8.6,5.869,0.0,5.869,0
2024-02-03 22:00:00,11.7,1014.8,6.3,76.0,7.6,4.816,0.0,4.816,0
2024-02-03 23:00:00,11.5,1014.8,6.6,85.0,8.0,3.76,0.0,3.76,0
2024-02-04 00:00:00,11.6,1014.6,8.5,83.0,9.8,3.133,0.0,3.133,0
2024-02-04 01:00:00,11.8,1014.5,9.8,91.0,11.7,2.982,0.0,2.982,0
2024-02-04 02:00:00,11.9,1014.3,8.8,88.0,10.3,3.199,0.0,3.199,0
2024-02-04 03:00:00,12.1,1014.0,9.1,84.0,11.4,3.95,0.0,3.95,0
2024-02-04 04:00:00,12.1,1013.4,9.8,83.0,11.8,4.984,0.0,4.984,0
2024-02-04 05:00:00,12.1,1013.8,9.1,86.0,11.0,6.083,0.0,6.083,0
2024-02-04 06:00:00,12.1,1013.5,8.4,80.0,10.7,7.142,0.0,7.142,0
2024-02-04 07:00:00,12.1,1012.8,8.8,75.0,10.3,7.792,0.0,7.792,0
2024-02-04 08:00:00,12.0,1012.3,8.0,81.0,9.4,7.861,0.0,7.861,0
2024-02-04 09:00:00,12.1,1011.5,9.4,71.0,12.1,7.552,0.0,7.552,0
2024-02-04 10:00:00,12.1,1011.0,9.4,69.0,11.2,6.847,0.0,6.847,0
2024-02-04 11:00:00,12.3,1011.7,8.8,74.0,11.7,5.738,0.0,5.738,0
2024-02-04 12:00:00,11.9,1011.7,7.4,67.0,9.6,4.669,0.0,4.669,0
2024-02-04 13:00:00,12.0,1011.6,7.4,64.0,9.7,3.576,0.0,3.576,0
2024-02-04 14:00:00,12.3,1010.9,8.1,68.0,10.7,2.956,0.0,2.956,0
2024-02-04 15:00:00,12.1,1009.6,11.5,70.0,15.2,3.127,0.0,3.127,0
2024-02-04 16:00:00,12.1,1009.4,12.6,72.0,16.2,4.009,0.0,4.009,0
2024-02-04 17:00:00,12.3,1009.0,12.4,71.0,16.1,5.282,0.0,5.282,0
2024-02-04 18:00:00,12.2,1007.3,13.2,70.0,16.8,6.67,0.0,6.67,0
2024-02-04 19:00:00,12.2,1005.7,13.8,72.0,18.0,7.523,0.0,7.523,0
2024-02-04 20:00:00,12.0,1004.8,12.9,72.0,15.9,7.864,0.0,7.864,0
2024-02-04 21:00:00,12.1,1004.5,12.0,75.0,15.0,7.625,0.0,7.625,0
2024-02-04 22:00:00,11.7,1004.1,13.4,73.0,17.4,6.965,0.0,6.965,0
2024-02-04 23:00:00,11.7,1003.2,13.4,70.0,16.2,6.322,0.0,6.322,0
2024-02-05 00:00:00,11.8,1002.5,13.6,71.0,19.0,5.2,0.0,5.2,0
2024-02-05 01:00:00,11.5,1003.1,12.2,66.0,15.8,4.688,0.0,4.688,0
2024-02-05 02:00:00,11.1,1002.6,11.5,68.0,18.0,4.144,0.0,4.144,0
2024-02-05 03:00:00,11.3,1001.9,12.4,70.0,19.8,4.045,0.0,4.045,0
2024-02-05 04:00:00,11.8,1002.0,10.3,62.0,12.8,4.718,0.0,4.718,0
2024-02-05 05:00:00,12.1,1001.7,4.2,64.0,5.2,5.479,0.0,5.479,0
2024-02-05 06:00:00,12.3,1001.6,1.8,41.0,2.4,6.178,0.0,6.178,0
2024-02-05 07:00:00,12.4,1001.6,5.8,82.0,7.1,7.507,0.0,7.507,0
2024-02-05 08:00:00,12.4,1001.1,6.3,68.0,7.9,8.33,0.0,8.33,0
2024-02-05 09:00:00,12.3,1001.6,5.5,68.0,7.2,8.638,0.0,8.638,0
2024-02-05 10:00:00,11.9,1002.1,1.8,21.0,2.4,8.629,0.0,8.629,0
2024-02-05 11:00:00,11.7,1002.6,2.9,30.0,3.8,7.559,0.0,7.559,0
2024-02-05 12:00:00,11.3,1002.8,3.8,36.0,5.1,6.444,0.0,6.444,0
2024-02-05 13:00:00,10.8,1003.9,3.8,17.0,5.3,5.148,0.0,5.148,0
2024-02-05 14:00:00,10.3,1004.1,4.8,29.0,5.8,3.914,0.0,3.914,0
2024-02-05 15:00:00,10.2,1004.4,6.0,32.0,7.3,2.907,0.0,2.907,0
2024-02-05 16:00:00,10.5,1005.0,4.8,33.0,5.6,3.061,0.0,3.061,0
2024-02-05 17:00:00,10.8,1004.7,6.2,12.0,8.1,4.239,0.0,4.239,0
2024-02-05 18:00:00,10.7,1004.5,4.2,11.0,5.8,5.131,0.0,5.131,0
2024-02-05 19:00:00,10.5,1004.2,6.4,15.0,8.6,6.201,0.0,6.201,0
2024-02-05 20:00:00,10.6,1004.1,7.4,20.0,8.9,7.083,0.0,7.083,0
2024-02-05 21:00:00,9.9,1004.2,6.8,12.0,9.7,7.215,0.0,7.215,0
2024-02-05 22:00:00,10.0,1004.7,5.1,17.0,6.3,7.169,0.0,7.169,0
2024-02-05 23:00:00,10.2,1005.1,5.8,14.0,7.0,6.726,0.0,6.726,0
2024-02-06 00:00:00,10.6,1005.3,5.0,20.0,6.4,5.666,0.0,5.666,0
2024-02-06 01:00:00,10.9,1005.7,4.5,11.0,5.6,4.593,0.0,4.593,0
2024-02-06 02:00:00,11.9,1006.2,7.7,30.0,9.8,3.74,0.0,3.74,0
2024-02-06 03:00:00,12.1,1006.7,7.7,33.0,9.6,3.009,0.0,3.009,0
2024-02-06 04:00:00,12.0,1006.9,8.8,32.0,11.9,2.959,0.0,2.959,0
2024-02-06 05:00:00,11.6,1006.9,8.0,23.0,10.5,3.57,0.0,3.57,0
2024-02-06 06:00:00,11.3,1007.2,6.4,25.0,8.5,4.806,0.0,4.806,0
2024-02-06 07:00:00,11.2,1007.6,7.1,30.0,9.3,6.171,0.0,6.171,0
2024-02-06 08:00:00,10.9,1007.5,8.1,22.0,10.6,7.579,0.0,7.579,0
2024-02-06 09:00:00,10.5,1007.8,7.6,24.0,9.4,8.494,0.0,8.494,0
2024-02-06 10:00:00,9.0,1008.2,7.1,11.0,8.7,8.888,0.0,8.888,0
2024-02-06 11:00:00,8.6,1008.8,8.8,15.0,11.6,8.648,0.0,8.648,0
2024-02-06 12:00:00,8.4,1009.5,10.0,20.0,14.2,7.861,0.0,7.861,0
2024-02-06 13:00:00,8.3,1010.8,10.9,22.0,13.2,6.654,0.0,6.654,0
2024-02-06 14:00:00,8.8,1011.4,9.2,23.0,11.6,5.44,0.0,5.44,0
2024-02-06 15:00:00,9.4,1012.0,8.5,11.0,12.3,3.944,0.0,3.944,0
2024-02-06 16:00:00,10.4,1012.4,7.8,15.0,10.5,2.959,0.0,2.959,0
2024-02-06 17:00:00,11.4,1012.4,10.0,11.0,11.9,2.861,0.0,2.861,0
2024-02-06 18:00:00,12.2,1012.3,9.5,24.0,11.9,3.73,0.0,3.73,0
2024-02-06 19:00:00,13.4,1012.0,7.7,2.0,9.9,4.944,0.0,4.944,0
2024-02-06 20:00:00,13.4,1012.5,8.2,17.0,11.2,6.043,0.0,6.043,0
2024-02-06 21:00:00,13.8,1013.0,7.6,14.0,10.1,6.998,0.0,6.998,0
2024-02-06 22:00:00,13.4,1013.8,5.8,18.0,7.0,7.421,0.0,7.421,0
2024-02-06 23:00:00,12.5,1014.6,5.9,356.0,7.9,7.375,0.0,7.375,0
2024-02-07 00:00:00,11.5,1015.9,3.5,4.0,4.9,6.821,0.0,6.821,0
2024-02-07 01:00:00,10.9,1017.0,3.7,11.0,4.9,5.728,0.0,5.728,0
2024-02-07 02:00:00,9.9,1017.7,3.4,347.0,4.2,4.314,0.0,4.314,0
2024-02-07 03:00:00,8.9,1018.3,2.6,346.0,3.1,3.064,0.0,3.064,0
2024-02-07 04:00:00,8.0,1018.5,2.8,1.0,3.1,2.028,0.0,2.028,0
2024-02-07 05:00:00,9.7,1019.0,5.9,54.0,7.6,2.106,0.0,2.106,0
2024-02-07 06:00:00,8.8,1019.2,5.9,54.0,8.4,3.074,0.0,3.074,0
2024-02-07 07:00:00,8.0,1019.3,6.0,53.0,7.6,4.56,0.0,4.56,0
2024-02-07 08:00:00,7.4,1019.9,6.2,54.0,9.6,6.257,0.0,6.257,0
2024-02-07 09:00:00,6.7,1021.3,5.8,34.0,7.3,7.717,0.0,7.717,0
2024-02-07 10:00:00,6.0,1021.8,6.8,28.0,8.3,8.668,0.0,8.668,0
2024-02-07 11:00:00,5.9,1022.5,7.1,38.0,8.9,8.983,0.0,8.983,0
2024-02-07 12:00:00,5.2,1023.1,7.3,36.0,9.3,8.57,0.0,8.57,0
2024-02-07 13:00:00,4.9,1023.8,6.7,65.0,8.2,7.602,0.0,7.602,0
2024-02-07 14:00:00,5.1,1024.7,6.9,61.0,8.8,6.178,0.0,6.178,0
2024-02-07 15:00:00,5.8,1025.2,4.6,42.0,6.2,4.551,0.0,4.551,0
2024-02-07 16:00:00,6.7,1025.6,4.3,48.0,5.4,3.041,0.0,3.041,0
2024-02-07 17:00:00,7.9,1025.0,4.5,49.0,5.8,2.077,0.0,2.077,0
2024-02-07 18:00:00,9.3,1024.3,3.1,79.0,3.8,1.985,0.0,1.985,0
2024-02-07 19:00:00,10.0,1023.5,4.2,101.0,4.8,3.14,0.0,3.14,0
2024-02-07 20:00:00,10.7,1023.4,3.7,108.0,4.2,4.455,0.0,4.455,0
2024-02-07 21:00:00,11.5,1023.4,3.5,113.0,3.8,5.837,0.0,5.837,0
2024-02-07 22:00:00,11.0,1023.9,2.8,119.0,3.3,6.952,0.0,6.952,0
2024-02-07 23:00:00,9.8,1024.1,1.2,148.0,1.5,7.612,0.0,7.612,0
2024-02-08 00:00:00,7.7,1024.7,0.3,198.0,0.4,7.48,0.0,7.48,0
2024-02-08 01:00:00,7.6,1025.1,0.0,244.0,0.0,6.657,0.0,6.657,0
2024-02-08 02:00:00,7.3,1025.7,0.9,283.0,1.0,5.187,0.0,5.187,0
2024-02-08 03:00:00,7.5,1025.7,0.0,288.0,0.0,3.494,0.0,3.494,0
2024-02-08 04:00:00,7.7,1025.7,0.2,6.0,0.3,1.693,0.0,1.693,0
2024-02-08 05:00:00,7.6,1026.2,2.0,318.0,2.5,0.571,0.0,0.571,0
2024-02-08 06:00:00,6.6,1026.5,1.9,316.0,2.4,0.466,0.0,0.466,0
2024-02-08 07:00:00,6.0,1026.4,2.5,349.0,3.2,1.978,0.0,1.978,0
2024-02-08 08:00:00,5.8,1026.1,1.6,322.0,1.9,4.104,0.0,4.104,0
2024-02-08 09:00:00,6.0,1025.6,0.6,329.0,0.8,6.161,0.0,6.161,0
2024-02-08 10:00:00,6.2,1025.7,1.4,336.0,1.8,7.953,0.0,7.953,0
2024-02-08 11:00:00,6.0,1025.7,0.9,5.0,1.2,8.802,0.0,8.802,0
2024-02-08 12:00:00,8.5,1026.3,2.6,55.0,3.1,9.026,0.0,9.026,0
2024-02-08 13:00:00,8.6,1026.7,2.3,16.0,2.9,8.379,0.0,8.379,0
2024-02-08 14:00:00,9.8,1027.2,2.3,47.0,2.6,6.998,0.0,6.998,0
2024-02-08 15:00:00,10.7,1027.1,3.8,68.0,4.5,5.299,0.0,5.299,0
2024-02-08 16:00:00,11.1,1027.3,4.1,93.0,5.3,3.507,0.0,3.507,0
2024-02-08 17:00:00,11.4,1026.9,4.6,79.0,5.1,1.667,0.0,1.667,0
2024-02-08 18:00:00,11.8,1026.2,5.2,102.0,5.7,0.751,0.0,0.751,0
2024-02-08 19:00:00,11.6,1025.9,6.5,97.0,7.1,1.23,0.0,1.23,0
2024-02-08 20:00:00,11.8,1025.1,7.0,107.0,7.7,2.733,0.0,2.733,0
2024-02-08 21:00:00,12.0,1025.4,5.6,102.0,6.2,4.619,0.0,4.619,0
2024-02-08 22:00:00,11.8,1025.2,5.8,110.0,6.3,6.355,0.0,6.355,0
2024-02-08 23:00:00,11.8,1025.0,5.2,102.0,5.8,7.589,0.0,7.589,0
2024-02-09 00:00:00,11.8,1025.7,3.3,89.0,3.9,8.087,0.0,8.087,0
2024-02-09 01:00:00,11.8,1025.8,3.1,102.0,3.5,7.785,0.0,7.785,0
2024-02-09 02:00:00,11.9,1025.3,3.2,119.0,3.8,6.45,0.0,6.45,0
2024-02-09 03:00:00,11.9,1025.3,1.8,88.0,2.2,4.705,0.0,4.705,0
2024-02-09 04:00:00,11.6,1024.7,1.9,109.0,2.3,2.694,0.0,2.694,0
2024-02-09 05:00:00,11.8,1024.7,1.3,79.0,1.6,0.909,0.0,0.909,0
2024-02-09 06:00:00,11.5,1024.0,1.7,103.0,1.9,-0.098,0.0,-0.098,0
2024-02-09 07:00:00,11.6,1023.2,1.7,106.0,1.8,0.381,0.0,0.381,0
2024-02-09 08:00:00,11.4,1022.7,2.6,87.0,2.9,2.09,0.0,2.09,0
2024-02-09 09:00:00,11.8,1023.1,2.4,93.0,2.7,4.232,0.0,4.232,0
2024-02-09 10:00:00,11.7,1023.8,0.9,8.0,1.2,6.512,0.0,6.512,0
2024-02-09 11:00:00,10.3,1024.3,1.4,350.0,1.8,8.202,0.0,8.202,0
2024-02-09 12:00:00,9.7,1024.1,0.0,216.0,0.5,9.006,0.0,9.006,0
2024-02-09 13:00:00,10.4,1023.7,1.5,121.0,1.8,9.081,0.0,9.081,0
2024-02-09 14:00:00,12.4,1024.9,0.4,3.0,0.8,8.219,0.0,8.219,0
2024-02-09 15:00:00,14.0,1025.1,1.1,99.0,1.3,6.48,0.0,6.48,0
2024-02-09 16:00:00,15.0,1024.3,1.7,133.0,3.0,4.682,0.0,4.682,0
2024-02-09 17:00:00,18.2,1023.8,2.4,195.0,3.5,2.638,0.0,2.638,0
2024-02-09 18:00:00,19.2,1023.0,3.3,207.0,4.5,0.853,0.0,0.853,0
2024-02-09 19:00:00,19.0,1021.8,2.1,200.0,3.7,-0.003,0.0,-0.003,0
2024-02-09 20:00:00,18.2,1021.6,2.0,191.0,3.9,0.4,0.0,0.4,0
2024-02-09 21:00:00,18.2,1021.2,2.4,176.0,3.5,2.333,0.0,2.333,0
2024-02-09 22:00:00,17.7,1021.5,1.3,194.0,2.0,4.567,0.0,4.567,0
2024-02-09 23:00:00,16.1,1021.6,1.4,190.0,2.4,6.788,0.0,6.788,0
2024-02-10 00:00:00,14.6,1021.6,1.4,210.0,2.1,8.061,0.0,8.061,0
2024-02-10 01:00:00,13.6,1021.8,2.2,199.0,3.0,8.455,0.0,8.455,0
2024-02-10 02:00:00,13.7,1021.9,1.4,203.0,2.0,7.654,0.0,7.654,0
2024-02-10 03:00:00,13.1,1022.1,1.5,205.0,2.0,6.096,0.0,6.096,0
2024-02-10 04:00:00,13.7,1021.9,2.5,214.0,3.7,4.17,0.0,4.17,0
2024-02-10 05:00:00,14.0,1021.4,2.3,213.0,3.7,2.031,0.0,2.031,0
2024-02-10 06:00:00,14.1,1021.0,2.0,209.0,3.4,0.302,0.0,0.302,0
2024-02-10 07:00:00,14.1,1020.7,2.8,207.0,3.8,-0.591,0.0,-0.591,0
2024-02-10 08:00:00,13.6,1020.7,1.4,242.0,2.4,-0.062,0.0,-0.062,0
2024-02-10 09:00:00,13.6,1020.2,2.8,221.0,3.3,1.755,0.0,1.755,0
2024-02-10 10:00:00,13.1,1020.3,2.6,213.0,3.1,4.094,0.0,4.094,0
2024-02-10 11:00:00,12.5,1020.8,2.0,232.0,2.3,6.496,0.0,6.496,0
2024-02-10 12:00:00,12.3,1021.2,1.6,213.0,2.1,8.11,0.0,8.11,0
2024-02-10 13:00:00,12.8,1020.6,2.0,201.0,2.5,8.921,0.0,8.921,0
2024-02-10 14:00:00,14.1,1021.7,1.4,209.0,1.9,8.789,0.0,8.789,0
2024-02-10 15:00:00,16.2,1021.8,2.0,213.0,2.6,7.661,0.0,7.661,0
2024-02-10 16:00:00,17.1,1021.6,2.4,214.0,3.3,6.047,0.0,6.047,0
2024-02-10 17:00:00,17.6,1021.1,2.3,209.0,3.7,4.012,0.0,4.012,0
2024-02-10 18:00:00,17.2,1020.1,1.8,190.0,3.3,1.847,0.0,1.847,0
2024-02-10 19:00:00,18.4,1018.9,2.1,195.0,3.6,-0.036,0.0,-0.036,0
2024-02-10 20:00:00,18.8,1018.7,2.7,203.0,4.0,-0.879,0.0,-0.879,0
2024-02-10 21:00:00,18.2,1018.0,2.1,197.0,3.8,0.016,0.0,0.016,0
2024-02-10 22:00:00,17.0,1017.6,2.4,209.0,4.2,2.218,0.0,2.218,0
2024-02-10 23:00:00,15.6,1017.5,3.1,213.0,4.8,4.731,0.0,4.731,0
2024-02-11 00:00:00,14.9,1017.6,3.1,221.0,4.2,7.014,0.0,7.014,0
2024-02-11 01:00:00,15.6,1017.9,4.0,221.0,5.1,8.199,0.0,8.199,0
2024-02-11 02:00:00,15.4,1017.8,3.5,215.0,4.5,8.314,0.0,8.314,0
2024-02-11 03:00:00,15.2,1017.8,3.2,219.0,4.5,7.352,0.0,7.352,0
2024-02-11 04:00:00,14.6,1017.5,1.3,216.0,2.2,5.692,0.0,5.692,0
2024-02-11 05:00:00,15.1,1016.9,3.4,223.0,4.9,3.766,0.0,3.766,0
2024-02-11 06:00:00,15.5,1016.4,3.0,223.0,4.3,1.581,0.0,1.581,0
2024-02-11 07:00:00,14.7,1015.7,2.4,209.0,3.2,-0.151,0.0,-0.151,0
2024-02-11 08:00:00,14.1,1015.1,1.7,195.0,2.5,-0.784,0.0,-0.784,0
2024-02-11 09:00:00,13.1,1014.7,1.6,225.0,2.1,-0.062,0.0,-0.062,0
2024-02-11 10:00:00,12.6,1015.2,1.2,192.0,1.7,1.732,0.0,1.732,0
2024-02-11 11:00:00,12.9,1015.3,1.3,184.0,2.0,4.17,0.0,4.17,0
2024-02-11 12:00:00,13.4,1015.8,1.9,217.0,2.5,6.621,0.0,6.621,0
2024-02-11 13:00:00,14.4,1015.7,2.2,205.0,3.4,8.084,0.0,8.084,0
2024-02-11 14:00:00,16.7,1016.1,2.5,237.0,4.3,8.74,0.0,8.74,0
2024-02-11 15:00:00,16.6,1016.2,3.4,219.0,4.7,8.373,0.0,8.373,0
2024-02-11 16:00:00,18.7,1016.2,2.0,208.0,2.7,7.146,0.0,7.146,0
2024-02-11 17:00:00,18.5,1015.6,2.0,212.0,3.0,5.299,0.0,5.299,0
2024-02-11 18:00:00,18.3,1015.2,3.0,230.0,4.0,3.274,0.0,3.274,0
2024-02-11 19:00:00,19.4,1014.0,2.2,217.0,3.3,0.997,0.0,0.997,0
2024-02-11 20:00:00,19.0,1013.4,2.3,202.0,3.4,-0.696,0.0,-0.696,0
2024-02-11 21:00:00,18.6,1013.5,2.1,209.0,2.8,-1.335,0.0,-1.335,0
2024-02-11 22:00:00,17.6,1013.6,3.0,204.0,3.9,0.085,0.0,0.085,0
2024-02-11 23:00:00,17.0,1013.6,1.8,191.0,2.8,2.474,0.0,2.474,0
2024-02-12 00:00:00,16.6,1013.9,1.1,195.0,1.7,5.184,0.0,5.184,0
2024-02-12 01:00:00,15.9,1013.6,1.8,193.0,3.0,7.428,0.0,7.428,0
2024-02-12 02:00:00,15.4,1013.4,1.5,202.0,2.3,8.327,0.0,8.327,0
2024-02-12 03:00:00,15.7,1013.6,3.2,217.0,4.3,8.219,0.0,8.219,0
2024-02-12 04:00:00,15.4,1013.8,0.1,253.0,0.4,7.037,0.0,7.037,0
2024-02-12 05:00:00,16.3,1013.9,2.7,354.0,3.2,5.377,0.0,5.377,0
2024-02-12 06:00:00,16.2,1013.1,1.8,9.0,2.4,3.422,0.0,3.422,0
2024-02-12 07:00:00,16.0,1013.4,2.8,9.0,3.1,1.253,0.0,1.253,0
2024-02-12 08:00:00,16.0,1012.2,2.8,31.0,3.8,-0.361,0.0,-0.361,0
2024-02-12 09:00:00,15.8,1011.9,2.5,74.0,3.6,-1.014,0.0,-1.014,0
2024-02-12 10:00:00,14.6,1011.2,4.4,115.0,5.0,0.003,0.0,0.003,0
2024-02-12 11:00:00,13.7,1011.2,3.9,112.0,4.3,2.26,0.0,2.26,0
2024-02-12 12:00:00,15.4,1010.5,4.1,130.0,5.3,4.741,0.0,4.741,0
2024-02-12 13:00:00,15.9,1009.9,3.9,136.0,5.0,6.985,0.0,6.985,0
2024-02-12 14:00:00,15.5,1010.3,1.0,162.0,1.5,8.199,0.0,8.199,0
2024-02-12 15:00:00,15.3,1011.8,3.6,20.0,4.3,8.704,0.0,8.704,0
2024-02-12 16:00:00,15.6,1013.1,2.9,39.0,3.5,8.189,0.0,8.189,0
2024-02-12 17:00:00,15.9,1013.1,3.5,42.0,4.2,6.729,0.0,6.729,0
2024-02-12 18:00:00,15.8,1010.9,6.4,56.0,7.7,4.859,0.0,4.859,0
2024-02-12 19:00:00,14.8,1009.3,3.6,66.0,5.0,2.756,0.0,2.756,0
2024-02-12 20:00:00,14.2,1008.1,5.4,92.0,6.4,0.732,0.0,0.732,0
2024-02-12 21:00:00,14.0,1007.7,2.9,128.0,4.3,-0.764,0.0,-0.764,0
2024-02-12 22:00:00,13.9,1006.4,6.3,101.0,7.0,-0.764,0.0,-0.764,0
2024-02-12 23:00:00,13.6,1006.0,4.0,92.0,5.0,1.112,0.0,1.112,0
2024-02-13 00:00:00,15.5,1005.5,2.8,150.0,3.6,3.97,0.0,3.97,0
2024-02-13 01:00:00,15.8,1005.6,2.0,179.0,3.2,6.627,0.0,6.627,0
2024-02-13 02:00:00,15.4,1004.0,3.2,204.0,4.7,8.255,0.0,8.255,0
2024-02-13 03:00:00,15.4,1003.2,5.5,222.0,7.6,8.727,0.0,8.727,0
2024-02-13 04:00:00,15.8,1003.8,4.1,228.0,5.8,8.235,0.0,8.235,0
2024-02-13 05:00:00,16.2,1003.3,4.0,220.0,5.4,7.067,0.0,7.067,0
2024-02-13 06:00:00,17.5,1003.4,6.9,264.0,7.1,5.305,0.0,5.305,0
2024-02-13 07:00:00,16.3,1004.3,9.7,276.0,13.9,3.353,0.0,3.353,0
2024-02-13 08:00:00,13.8,1005.8,11.1,286.0,16.6,1.198,0.0,1.198,0
2024-02-13 09:00:00,12.8,1006.2,10.6,284.0,14.7,-0.577,0.0,-0.577,0
2024-02-13 10:00:00,12.2,1007.1,11.8,288.0,16.2,-1.47,0.0,-1.47,0
2024-02-13 11:00:00,12.0,1008.2,10.9,300.0,14.6,-0.853,0.0,-0.853,0
2024-02-13 12:00:00,11.6,1009.1,11.0,286.0,13.7,0.728,0.0,0.728,0
2024-02-13 13:00:00,11.3,1010.7,8.6,287.0,10.6,3.015,0.0,3.015,0
2024-02-13 14:00:00,11.8,1011.8,10.4,293.0,12.6,5.079,0.0,5.079,0
2024-02-13 15:00:00,12.1,1012.6,11.8,302.0,13.5,6.591,0.0,6.591,0
2024-02-13 16:00:00,12.7,1013.7,10.7,310.0,12.5,7.169,0.0,7.169,0
2024-02-13 17:00:00,13.8,1013.9,9.1,299.0,10.8,6.654,0.0,6.654,0
2024-02-13 18:00:00,15.2,1014.0,8.1,294.0,9.2,5.364,0.0,5.364,0
2024-02-13 19:00:00,15.4,1013.6,8.3,317.0,9.5,3.517,0.0,3.517,0
2024-02-13 20:00:00,16.1,1013.6,6.9,304.0,7.8,1.335,0.0,1.335,0
2024-02-13 21:00:00,16.6,1013.8,6.6,308.0,7.8,-0.443,0.0,-0.443,0
2024-02-13 22:00:00,16.2,1014.8,7.9,301.0,8.9,-1.519,0.0,-1.519,0
2024-02-13 23:00:00,14.7,1015.9,4.4,300.0,4.8,-0.873,0.0,-0.873,0
2024-02-14 00:00:00,13.5,1016.9,2.7,317.0,3.1,0.968,0.0,0.968,0
2024-02-14 01:00:00,11.7,1017.7,1.2,283.0,1.4,3.461,0.0,3.461,0
2024-02-14 02:00:00,12.0,1018.5,2.6,302.0,3.1,5.951,0.0,5.951,0
2024-02-14 03:00:00,12.4,1019.0,3.9,312.0,4.8,7.418,0.0,7.418,0
2024-02-14 04:00:00,11.4,1019.2,3.4,307.0,4.2,7.93,0.0,7.93,0
2024-02-14 05:00:00,10.8,1019.7,2.3,301.0,2.8,7.477,0.0,7.477,0
2024-02-14 06:00:00,10.7,1020.0,3.1,310.0,3.5,6.28,0.0,6.28,0
2024-02-14 07:00:00,10.2,1020.1,4.0,318.0,4.8,4.557,0.0,4.557,0
2024-02-14 08:00:00,8.4,1020.0,3.8,323.0,4.4,2.582,0.0,2.582,0
2024-02-14 09:00:00,8.0,1020.5,3.4,319.0,4.2,0.84,0.0,0.84,0
2024-02-14 10:00:00,7.4,1021.3,2.5,332.0,2.8,-0.184,0.0,-0.184,0
2024-02-14 11:00:00,6.6,1021.9,2.2,345.0,3.0,-0.266,0.0,-0.266,0
2024-02-14 12:00:00,5.9,1022.7,1.2,323.0,1.6,1.207,0.0,1.207,0
2024-02-14 13:00:00,7.6,1023.6,1.2,335.0,1.6,3.035,0.0,3.035,0
2024-02-14 14:00:00,9.6,1024.6,2.0,31.0,2.8,4.941,0.0,4.941,0
2024-02-14 15:00:00,11.2,1024.6,3.6,73.0,4.7,6.621,0.0,6.621,0
2024-02-14 16:00:00,11.8,1025.1,6.3,78.0,7.3,7.556,0.0,7.556,0
2024-02-14 17:00:00,12.5,1025.0,5.4,88.0,6.2,7.575,0.0,7.575,0
2024-02-14 18:00:00,12.7,1024.2,6.4,92.0,7.0,6.814,0.0,6.814,0
2024-02-14 19:00:00,12.9,1023.8,6.0,93.0,6.6,5.371,0.0,5.371,0
2024-02-14 20:00:00,13.0,1023.6,4.8,95.0,5.5,3.386,0.0,3.386,0
2024-02-14 21:00:00,13.0,1023.6,3.9,97.0,4.5,1.522,0.0,1.522,0
2024-02-14 22:00:00,13.0,1023.5,3.3,101.0,3.9,0.131,0.0,0.131,0
2024-02-14 23:00:00,12.6,1022.8,2.5,122.0,3.5,-0.236,0.0,-0.236,0
2024-02-15 00:00:00,11.6,1023.7,2.3,124.0,2.5,0.797,0.0,0.797,0
2024-02-15 01:00:00,11.3,1023.8,2.2,114.0,2.4,2.707,0.0,2.707,0
2024-02-15 02:00:00,11.1,1024.5,2.1,124.0,2.3,4.892,0.0,4.892,0
2024-02-15 03:00:00,10.4,1024.9,1.1,166.0,1.4,6.581,0.0,6.581,0
2024-02-15 04:00:00,10.0,1025.3,0.7,145.0,0.9,7.543,0.0,7.543,0
2024-02-15 05:00:00,10.1,1024.9,0.3,38.0,0.4,8.064,0.0,8.064,0
2024-02-15 06:00:00,9.6,1024.6,0.0,327.0,0.0,7.497,0.0,7.497,0
2024-02-15 07:00:00,10.2,1024.1,0.9,12.0,1.2,6.398,0.0,6.398,0
2024-02-15 08:00:00,10.1,1023.6,1.1,357.0,1.4,4.954,0.0,4.954,0
2024-02-15 09:00:00,10.1,1023.8,1.9,348.0,2.0,3.173,0.0,3.173,0
2024-02-15 10:00:00,9.6,1024.1,1.3,327.0,1.7,1.611,0.0,1.611,0
2024-02-15 11:00:00,9.3,1024.4,1.1,348.0,1.5,0.636,0.0,0.636,0
2024-02-15 12:00:00,9.6,1024.6,0.6,326.0,0.8,0.581,0.0,0.581,0
2024-02-15 13:00:00,11.1,1024.5,0.0,329.0,0.0,1.663,0.0,1.663,0
2024-02-15 14:00:00,13.0,1024.6,0.6,100.0,0.8,3.271,0.0,3.271,0
2024-02-15 15:00:00,15.3,1025.4,1.2,75.0,1.3,4.964,0.0,4.964,0
2024-02-15 16:00:00,14.4,1025.5,2.6,112.0,2.8,6.427,0.0,6.427,0
2024-02-15 17:00:00,14.8,1024.5,3.3,100.0,3.7,7.073,0.0,7.073,0
2024-02-15 18:00:00,15.9,1023.2,2.4,99.0,2.8,7.244,0.0,7.244,0
2024-02-15 19:00:00,16.0,1022.2,2.3,102.0,2.7,6.368,0.0,6.368,0
2024-02-15 20:00:00,18.7,1021.2,2.7,171.0,3.9,4.911,0.0,4.911,0
2024-02-15 21:00:00,18.9,1020.8,3.3,188.0,5.0,3.081,0.0,3.081,0
2024-02-15 22:00:00,18.3,1020.4,3.0,173.0,4.4,1.414,0.0,1.414,0
2024-02-15 23:00:00,16.6,1020.4,2.1,182.0,3.3,0.305,0.0,0.305,0
2024-02-16 00:00:00,15.6,1020.3,2.7,207.0,4.1,0.262,0.0,0.262,0
2024-02-16 01:00:00,15.0,1020.7,3.0,220.0,4.3,1.535,0.0,1.535,0
2024-02-16 02:00:00,15.2,1020.1,4.3,219.0,6.0,3.097,0.0,3.097,0
2024-02-16 03:00:00,14.9,1020.1,2.4,228.0,3.5,5.003,0.0,5.003,0
2024-02-16 04:00:00,14.0,1019.9,2.1,231.0,3.0,6.45,0.0,6.45,0
2024-02-16 05:00:00,14.1,1019.5,1.7,251.0,2.8,7.208,0.0,7.208,0
2024-02-16 06:00:00,13.6,1019.4,1.5,242.0,1.9,7.74,0.0,7.74,0
2024-02-16 07:00:00,13.2,1019.1,2.4,233.0,3.0,7.392,0.0,7.392,0
2024-02-16 08:00:00,13.1,1019.1,2.5,275.0,3.3,6.296,0.0,6.296,0
2024-02-16 09:00:00,13.7,1018.7,2.1,261.0,2.6,4.708,0.0,4.708,0
2024-02-16 10:00:00,13.2,1018.4,2.5,309.0,2.9,2.989,0.0,2.989,0
2024-02-16 11:00:00,12.3,1018.8,1.7,286.0,1.9,1.562,0.0,1.562,0
2024-02-16 12:00:00,12.4,1018.8,0.7,314.0,0.9,0.846,0.0,0.846,0
2024-02-16 13:00:00,12.2,1018.6,0.9,234.0,1.0,1.194,0.0,1.194,0
2024-02-16 14:00:00,14.5,1019.2,1.7,220.0,2.4,2.165,0.0,2.165,0
2024-02-16 15:00:00,17.6,1018.7,1.2,306.0,1.6,3.451,0.0,3.451,0
2024-02-16 16:00:00,18.0,1018.7,2.2,212.0,3.1,4.921,0.0,4.921,0
2024-02-16 17:00:00,18.7,1017.8,1.9,197.0,3.1,6.115,0.0,6.115,0
2024-02-16 18:00:00,19.7,1016.5,3.0,200.0,4.5,6.867,0.0,6.867,0
2024-02-16 19:00:00,19.2,1015.1,3.0,180.0,4.2,6.736,0.0,6.736,0
2024-02-16 20:00:00,18.5,1014.8,2.2,188.0,3.7,5.902,0.0,5.902,0
2024-02-16 21:00:00,17.4,1014.6,2.1,188.0,3.7,4.626,0.0,4.626,0
2024-02-16 22:00:00,15.5,1014.6,3.8,201.0,5.2,3.054,0.0,3.054,0
2024-02-16 23:00:00,15.4,1015.1,3.6,211.0,6.5,1.585,0.0,1.585,0
2024-02-17 00:00:00,16.0,1014.7,4.0,191.0,7.5,0.735,0.0,0.735,0
2024-02-17 01:00:00,15.6,1014.6,2.5,243.0,4.4,0.837,0.0,0.837,0
2024-02-17 02:00:00,15.8,1013.5,5.3,218.0,7.7,1.716,0.0,1.716,0
2024-02-17 03:00:00,15.4,1012.5,2.7,204.0,6.2,3.071,0.0,3.071,0
2024-02-17 04:00:00,14.9,1012.9,3.1,283.0,4.7,4.639,0.0,4.639,0
2024-02-17 05:00:00,14.8,1013.2,6.4,289.0,8.0,6.28,0.0,6.28,0
2024-02-17 06:00:00,15.0,1012.8,4.0,271.0,6.1,7.175,0.0,7.175,0
2024-02-17 07:00:00,14.5,1012.2,3.5,263.0,4.8,7.723,0.0,7.723,0
2024-02-17 08:00:00,14.2,1011.6,3.9,259.0,6.2,7.257,0.0,7.257,0
2024-02-17 09:00:00,14.2,1011.2,3.6,256.0,6.1,6.05,0.0,6.05,0
2024-02-17 10:00:00,14.3,1011.3,4.5,261.0,6.0,4.587,0.0,4.587,0
2024-02-17 11:00:00,14.1,1011.7,3.0,259.0,5.3,2.93,0.0,2.93,0
2024-02-17 12:00:00,14.0,1012.0,2.6,255.0,3.6,1.644,0.0,1.644,0
2024-02-17 13:00:00,14.3,1012.5,2.6,266.0,4.0,0.84,0.0,0.84,0
2024-02-17 14:00:00,14.9,1012.9,4.0,276.0,5.6,1.079,0.0,1.079,0
2024-02-17 15:00:00,15.9,1012.6,4.6,281.0,6.6,1.962,0.0,1.962,0
2024-02-17 16:00:00,16.3,1012.9,4.4,283.0,5.3,3.222,0.0,3.222,0
2024-02-17 17:00:00,16.7,1012.4,4.5,278.0,6.1,4.633,0.0,4.633,0
2024-02-17 18:00:00,16.5,1011.8,4.7,295.0,5.3,5.705,0.0,5.705,0
2024-02-17 19:00:00,16.8,1011.1,4.7,307.0,5.9,5.991,0.0,5.991,0
2024-02-17 20:00:00,16.5,1011.0,4.0,306.0,4.6,6.083,0.0,6.083,0
2024-02-17 21:00:00,16.2,1010.9,2.8,305.0,3.4,5.289,0.0,5.289,0
2024-02-17 22:00:00,16.3,1011.7,3.0,319.0,3.6,4.019,0.0,4.019,0
2024-02-17 23:00:00,15.7,1012.3,3.1,342.0,3.9,2.753,0.0,2.753,0
2024-02-18 00:00:00,14.8,1013.1,3.3,340.0,3.9,1.759,0.0,1.759,0
2024-02-18 01:00:00,14.1,1014.5,4.3,5.0,5.2,1.175,0.0,1.175,0
2024-02-18 02:00:00,13.9,1014.9,3.3,12.0,4.2,1.112,0.0,1.112,0
2024-02-18 03:00:00,13.1,1015.0,2.7,341.0,3.2,1.824,0.0,1.824,0
2024-02-18 04:00:00,13.1,1014.6,3.4,33.0,4.1,3.081,0.0,3.081,0
2024-02-18 05:00:00,13.2,1014.9,5.6,60.0,6.8,4.875,0.0,4.875,0
2024-02-18 06:00:00,12.6,1016.1,5.2,58.0,6.1,6.503,0.0,6.503,0
2024-02-18 07:00:00,12.1,1016.2,5.6,52.0,7.0,7.697,0.0,7.697,0
2024-02-18 08:00:00,11.6,1016.5,5.2,62.0,6.6,8.077,0.0,8.077,0
2024-02-18 09:00:00,11.3,1016.4,4.9,67.0,6.0,7.808,0.0,7.808,0
2024-02-18 10:00:00,11.0,1016.5,5.8,65.0,6.9,6.89,0.0,6.89,0
2024-02-18 11:00:00,10.6,1016.9,6.1,52.0,8.5,5.581,0.0,5.581,0
2024-02-18 12:00:00,10.2,1017.7,5.0,59.0,6.2,4.268,0.0,4.268,0
2024-02-18 13:00:00,9.8,1018.1,5.0,41.0,6.4,3.031,0.0,3.031,0
2024-02-18 14:00:00,9.2,1018.5,5.3,45.0,7.1,2.277,0.0,2.277,0
2024-02-18 15:00:00,9.2,1018.6,4.6,52.0,5.7,2.264,0.0,2.264,0
2024-02-18 16:00:00,9.2,1018.7,5.0,66.0,6.0,2.982,0.0,2.982,0
2024-02-18 17:00:00,9.4,1018.4,4.6,51.0,6.1,3.967,0.0,3.967,0
2024-02-18 18:00:00,9.4,1017.5,5.0,36.0,6.1,5.272,0.0,5.272,0
2024-02-18 19:00:00,9.4,1016.7,4.2,32.0,5.0,6.201,0.0,6.201,0
2024-02-18 20:00:00,9.7,1016.2,4.3,19.0,5.4,6.791,0.0,6.791,0
2024-02-18 21:00:00,9.6,1016.4,4.2,30.0,5.7,6.677,0.0,6.677,0
2024-02-18 22:00:00,9.5,1016.7,3.0,25.0,3.9,6.181,0.0,6.181,0
2024-02-18 23:00:00,9.2,1016.8,3.2,8.0,4.0,5.046,0.0,5.046,0
2024-02-19 00:00:00,8.9,1017.2,3.2,11.0,4.0,3.93,0.0,3.93,0
2024-02-19 01:00:00,8.2,1017.9,2.6,351.0,4.0,2.818,0.0,2.818,0
2024-02-19 02:00:00,7.8,1017.8,2.3,4.0,2.6,2.018,0.0,2.018,0
2024-02-19 03:00:00,7.7,1017.9,2.0,349.0,2.3,1.644,0.0,1.644,0
2024-02-19 04:00:00,7.2,1017.8,2.6,359.0,3.1,2.287,0.0,2.287,0
2024-02-19 05:00:00,6.9,1017.7,2.7,13.0,3.0,3.383,0.0,3.383,0
2024-02-19 06:00:00,6.5,1017.8,1.9,352.0,2.4,4.911,0.0,4.911,0
2024-02-19 07:00:00,5.9,1017.6,2.1,351.0,2.7,6.302,0.0,6.302,0
2024-02-19 08:00:00,5.8,1017.6,2.5,348.0,2.7,7.362,0.0,7.362,0
2024-02-19 09:00:00,5.4,1017.7,1.8,360.0,2.9,7.651,0.0,7.651,0
2024-02-19 10:00:00,6.3,1018.0,2.0,355.0,2.4,7.244,0.0,7.244,0
2024-02-19 11:00:00,6.0,1018.4,2.0,342.0,2.3,6.306,0.0,6.306,0
2024-02-19 12:00:00,5.8,1020.0,2.4,314.0,2.8,5.157,0.0,5.157,0
2024-02-19 13:00:00,5.9,1020.2,2.8,352.0,3.5,3.615,0.0,3.615,0
2024-02-19 14:00:00,7.5,1021.1,3.4,343.0,4.1,2.359,0.0,2.359,0
2024-02-19 15:00:00,10.4,1021.2,3.8,6.0,4.7,1.663,0.0,1.663,0
2024-02-19 16:00:00,11.1,1021.2,5.5,28.0,6.6,1.929,0.0,1.929,0
2024-02-19 17:00:00,11.3,1021.1,7.0,66.0,8.4,2.776,0.0,2.776,0
2024-02-19 18:00:00,11.9,1020.5,6.0,87.0,7.8,4.072,0.0,4.072,0
2024-02-19 19:00:00,11.7,1020.3,6.3,93.0,7.0,5.095,0.0,5.095,0
2024-02-19 20:00:00,11.9,1020.3,6.2,102.0,6.8,6.138,0.0,6.138,0
2024-02-19 21:00:00,11.9,1020.7,5.8,104.0,6.3,6.588,0.0,6.588,0
2024-02-19 22:00:00,11.9,1020.7,6.0,102.0,6.3,6.558,0.0,6.558,0
2024-02-19 23:00:00,11.7,1021.2,4.7,114.0,5.3,6.165,0.0,6.165,0
2024-02-20 00:00:00,11.9,1021.6,5.3,101.0,5.9,5.282,0.0,5.282,0
2024-02-20 01:00:00,11.1,1022.4,2.7,124.0,3.3,4.065,0.0,4.065,0
2024-02-20 02:00:00,11.8,1022.8,2.8,83.0,3.1,2.769,0.0,2.769,0
2024-02-20 03:00:00,9.3,1023.3,2.0,296.0,2.2,1.808,0.0,1.808,0
2024-02-20 04:00:00,8.1,1023.4,2.4,305.0,2.8,1.237,0.0,1.237,0
2024-02-20 05:00:00,7.4,1023.3,2.2,8.0,2.8,1.89,0.0,1.89,0
2024-02-20 06:00:00,7.9,1023.3,0.0,286.0,0.3,3.304,0.0,3.304,0
2024-02-20 07:00:00,7.8,1023.2,1.9,329.0,2.1,5.013,0.0,5.013,0
2024-02-20 08:00:00,8.1,1022.7,2.1,40.0,2.3,6.532,0.0,6.532,0
2024-02-20 09:00:00,7.4,1022.9,2.7,315.0,3.1,7.493,0.0,7.493,0
2024-02-20 10:00:00,7.0,1023.6,1.9,347.0,2.2,7.7,0.0,7.7,0
2024-02-20 11:00:00,6.0,1024.5,2.2,313.0,2.5,7.365,0.0,7.365,0
2024-02-20 12:00:00,6.1,1025.2,2.3,1.0,2.9,6.532,0.0,6.532,0
2024-02-20 13:00:00,7.5,1025.8,2.6,325.0,3.0,5.098,0.0,5.098,0
2024-02-20 14:00:00,10.1,1026.0,3.3,58.0,5.6,3.642,0.0,3.642,0
2024-02-20 15:00:00,11.2,1026.8,3.2,74.0,3.8,2.418,0.0,2.418,0
2024-02-20 16:00:00,11.9,1027.1,3.4,105.0,4.0,1.722,0.0,1.722,0
2024-02-20 17:00:00,11.8,1026.8,6.3,95.0,7.0,1.857,0.0,1.857,0
2024-02-20 18:00:00,12.1,1025.8,6.5,97.0,7.4,2.73,0.0,2.73,0
2024-02-20 19:00:00,12.2,1025.1,5.7,109.0,6.5,3.924,0.0,3.924,0
2024-02-20 20:00:00,12.5,1024.6,5.8,104.0,6.5,5.217,0.0,5.217,0
2024-02-20 21:00:00,13.1,1024.4,4.0,109.0,4.5,6.207,0.0,6.207,0
2024-02-20 22:00:00,12.8,1024.4,4.3,106.0,4.6,6.804,0.0,6.804,0
2024-02-20 23:00:00,12.3,1024.9,1.0,95.0,1.2,6.693,0.0,6.693,0
2024-02-21 00:00:00,11.0,1025.0,0.6,81.0,0.8,6.083,0.0,6.083,0
2024-02-21 01:00:00,10.9,1025.3,0.5,75.0,0.7,5.121,0.0,5.121,0
2024-02-21 02:00:00,9.6,1025.5,0.0,75.0,0.0,3.786,0.0,3.786,0
2024-02-21 03:00:00,10.0,1025.8,2.2,340.0,2.4,2.464,0.0,2.464,0
2024-02-21 04:00:00,8.9,1026.2,1.9,353.0,2.5,1.411,0.0,1.411,0
2024-02-21 05:00:00,8.3,1026.1,2.4,343.0,2.5,1.178,0.0,1.178,0
2024-02-21 06:00:00,7.8,1026.0,2.7,4.0,3.1,1.916,0.0,1.916,0
2024-02-21 07:00:00,10.4,1025.5,4.1,51.0,5.2,3.34,0.0,3.34,0
2024-02-21 08:00:00,10.7,1025.1,5.1,59.0,6.4,5.016,0.0,5.016,0
2024-02-21 09:00:00,10.1,1025.1,4.1,60.0,4.9,6.545,0.0,6.545,0
2024-02-21 10:00:00,9.7,1025.4,3.2,41.0,4.4,7.523,0.0,7.523,0
2024-02-21 11:00:00,9.4,1026.1,3.6,26.0,4.3,7.927,0.0,7.927,0
2024-02-21 12:00:00,6.9,1026.8,2.5,345.0,2.9,7.654,0.0,7.654,0
2024-02-21 13:00:00,9.0,1027.2,2.8,14.0,3.5,6.713,0.0,6.713,0
2024-02-21 14:00:00,10.1,1027.5,3.4,25.0,4.1,5.259,0.0,5.259,0
2024-02-21 15:00:00,11.0,1027.8,3.6,52.0,4.9,3.786,0.0,3.786,0
2024-02-21 16:00:00,11.8,1027.7,3.8,95.0,4.7,2.402,0.0,2.402,0
2024-02-21 17:00:00,12.6,1027.1,4.0,77.0,5.1,1.778,0.0,1.778,0
2024-02-21 18:00:00,13.2,1026.2,3.9,109.0,4.5,2.011,0.0,2.011,0
2024-02-21 19:00:00,13.2,1025.1,3.7,106.0,4.3,2.989,0.0,2.989,0
2024-02-21 20:00:00,14.4,1024.5,3.6,114.0,3.9,4.213,0.0,4.213,0
2024-02-21 21:00:00,15.1,1023.5,4.0,114.0,4.4,5.459,0.0,5.459,0
2024-02-21 22:00:00,14.7,1023.4,2.9,135.0,3.6,6.48,0.0,6.48,0
2024-02-21 23:00:00,13.0,1023.5,1.7,158.0,2.4,7.014,0.0,7.014,0
2024-02-22 00:00:00,10.8,1023.8,1.5,228.0,1.8,7.064,0.0,7.064,0
2024-02-22 01:00:00,10.3,1024.1,1.6,232.0,1.9,6.588,0.0,6.588,0
2024-02-22 02:00:00,10.1,1024.1,1.1,216.0,1.4,5.348,0.0,5.348,0
2024-02-22 03:00:00,10.0,1023.8,1.3,229.0,1.5,3.809,0.0,3.809,0
2024-02-22 04:00:00,9.8,1023.8,0.7,254.0,0.9,2.221,0.0,2.221,0
2024-02-22 05:00:00,9.6,1022.8,0.1,155.0,0.5,1.198,0.0,1.198,0
2024-02-22 06:00:00,9.3,1023.0,0.9,305.0,1.0,1.024,0.0,1.024,0
2024-02-22 07:00:00,9.0,1022.6,1.0,305.0,1.3,1.818,0.0,1.818,0
2024-02-22 08:00:00,8.6,1021.6,0.4,333.0,0.7,3.593,0.0,3.593,0
2024-02-22 09:00:00,8.7,1021.5,0.9,328.0,1.1,5.499,0.0,5.499,0
2024-02-22 10:00:00,7.9,1021.6,1.3,339.0,1.5,7.005,0.0,7.005,0
2024-02-22 11:00:00,8.2,1022.0,1.2,320.0,1.4,7.917,0.0,7.917,0
2024-02-22 12:00:00,7.7,1021.8,0.4,312.0,0.6,8.14,0.0,8.14,0
2024-02-22 13:00:00,11.2,1021.8,0.8,270.0,1.0,7.539,0.0,7.539,0
2024-02-22 14:00:00,11.6,1021.8,1.9,306.0,2.1,6.352,0.0,6.352,0
2024-02-22 15:00:00,12.9,1021.3,2.2,213.0,2.7,4.813,0.0,4.813,0
2024-02-22 16:00:00,14.4,1021.0,3.2,205.0,4.0,3.12,0.0,3.12,0
2024-02-22 17:00:00,15.7,1020.2,4.4,219.0,5.5,1.785,0.0,1.785,0
2024-02-22 18:00:00,16.5,1018.1,3.8,201.0,6.0,1.158,0.0,1.158,0
2024-02-22 19:00:00,16.8,1017.0,4.4,207.0,6.3,1.522,0.0,1.522,0
2024-02-22 20:00:00,16.8,1016.0,3.6,194.0,5.9,2.772,0.0,2.772,0
2024-02-22 21:00:00,16.6,1015.0,4.0,178.0,5.8,4.173,0.0,4.173,0
2024-02-22 22:00:00,15.6,1014.5,3.2,188.0,5.8,5.879,0.0,5.879,0
2024-02-22 23:00:00,14.7,1014.1,2.3,198.0,4.2,6.959,0.0,6.959,0
2024-02-23 00:00:00,14.2,1013.5,3.6,201.0,5.7,7.428,0.0,7.428,0
2024-02-23 01:00:00,14.2,1013.1,3.9,203.0,5.7,7.156,0.0,7.156,0
2024-02-23 02:00:00,14.3,1012.4,5.3,211.0,7.6,6.27,0.0,6.27,0
2024-02-23 03:00:00,14.7,1011.2,5.8,207.0,8.2,4.721,0.0,4.721,0
2024-02-23 04:00:00,14.3,1011.4,4.9,227.0,6.9,2.972,0.0,2.972,0
2024-02-23 05:00:00,14.2,1011.5,3.7,265.0,6.5,1.506,0.0,1.506,0
2024-02-23 06:00:00,13.5,1010.8,4.4,248.0,7.0,0.728,0.0,0.728,0
2024-02-23 07:00:00,13.1,1010.0,3.4,238.0,5.6,0.827,0.0,0.827,0
2024-02-23 08:00:00,13.0,1009.0,3.5,239.0,5.5,1.873,0.0,1.873,0
2024-02-23 09:00:00,13.5,1008.1,4.3,227.0,6.7,3.497,0.0,3.497,0
2024-02-23 10:00:00,13.6,1007.8,4.7,233.0,7.0,5.509,0.0,5.509,0
2024-02-23 11:00:00,13.4,1007.5,5.2,229.0,7.7,6.939,0.0,6.939,0
2024-02-23 12:00:00,13.3,1007.0,5.4,225.0,7.9,7.707,0.0,7.707,0
2024-02-23 13:00:00,13.9,1006.6,6.6,222.0,9.4,7.612,0.0,7.612,0
2024-02-23 14:00:00,14.6,1006.4,7.9,217.0,11.1,6.824,0.0,6.824,0
2024-02-23 15:00:00,15.8,1006.3,4.7,221.0,7.1,5.495,0.0,5.495,0
2024-02-23 16:00:00,16.4,1005.4,6.0,210.0,8.2,3.799,0.0,3.799,0
2024-02-23 17:00:00,16.9,1004.6,7.3,217.0,9.9,2.051,0.0,2.051,0
2024-02-23 18:00:00,17.2,1003.6,5.6,224.0,8.6,0.705,0.0,0.705,0
2024-02-23 19:00:00,16.4,1003.2,2.8,234.0,4.4,0.2,0.0,0.2,0
2024-02-23 20:00:00,20.7,1002.3,4.6,277.0,7.6,0.738,0.0,0.738,0
2024-02-23 21:00:00,21.9,1002.1,2.8,251.0,4.2,2.165,0.0,2.165,0
2024-02-23 22:00:00,21.4,1002.2,2.8,271.0,3.7,3.858,0.0,3.858,0
2024-02-23 23:00:00,19.5,1002.8,6.2,310.0,7.0,5.551,0.0,5.551,0
2024-02-24 00:00:00,16.4,1003.3,3.9,300.0,4.2,6.391,0.0,6.391,0
2024-02-24 01:00:00,15.7,1004.7,2.6,289.0,3.1,6.765,0.0,6.765,0
2024-02-24 02:00:00,16.5,1005.8,5.8,305.0,6.7,6.033,0.0,6.033,0
2024-02-24 03:00:00,15.4,1006.7,5.5,307.0,6.2,4.76,0.0,4.76,0
2024-02-24 04:00:00,15.1,1007.1,4.9,308.0,5.3,3.094,0.0,3.094,0
2024-02-24 05:00:00,13.6,1007.6,4.0,296.0,4.2,1.457,0.0,1.457,0
2024-02-24 06:00:00,13.1,1008.2,3.7,297.0,3.9,0.141,0.0,0.141,0
2024-02-24 07:00:00,12.9,1008.6,3.0,290.0,3.4,-0.171,0.0,-0.171,0
2024-02-24 08:00:00,12.4,1008.6,3.0,281.0,4.0,0.486,0.0,0.486,0
2024-02-24 09:00:00,12.8,1008.8,5.0,289.0,6.1,2.215,0.0,2.215,0
2024-02-24 10:00:00,12.5,1009.3,5.8,298.0,6.9,4.239,0.0,4.239,0
2024-02-24 11:00:00,11.8,1010.2,5.6,300.0,6.7,6.086,0.0,6.086,0
2024-02-24 12:00:00,11.6,1010.9,5.7,298.0,6.9,7.172,0.0,7.172,0
2024-02-24 13:00:00,12.6,1011.9,8.3,298.0,10.5,7.461,0.0,7.461,0
2024-02-24 14:00:00,13.3,1012.5,6.9,309.0,8.2,7.005,0.0,7.005,0
2024-02-24 15:00:00,14.6,1012.6,7.0,305.0,8.1,5.761,0.0,5.761,0
2024-02-24 16:00:00,16.2,1012.4,6.8,312.0,7.9,4.117,0.0,4.117,0
2024-02-24 17:00:00,17.4,1011.4,7.7,302.0,9.4,2.411,0.0,2.411,0
2024-02-24 18:00:00,19.4,1010.3,5.6,275.0,9.4,1.102,0.0,1.102,0
2024-02-24 19:00:00,18.8,1009.3,9.3,286.0,12.7,0.528,0.0,0.528,0
2024-02-24 20:00:00,18.9,1009.0,10.4,297.0,12.6,0.768,0.0,0.768,0
2024-02-24 21:00:00,19.0,1008.9,7.0,296.0,8.7,2.07,0.0,2.07,0
2024-02-24 22:00:00,19.7,1009.4,10.0,296.0,12.3,3.658,0.0,3.658,0
2024-02-24 23:00:00,18.5,1010.5,6.9,301.0,8.1,5.404,0.0,5.404,0
2024-02-25 00:00:00,15.7,1011.6,2.8,297.0,3.0,6.634,0.0,6.634,0
2024-02-25 01:00:00,15.1,1013.2,3.3,315.0,3.9,7.205,0.0,7.205,0
2024-02-25 02:00:00,14.0,1014.2,3.5,302.0,3.7,6.86,0.0,6.86,0
2024-02-25 03:00:00,14.3,1015.4,4.4,306.0,4.8,5.732,0.0,5.732,0
2024-02-25 04:00:00,13.2,1016.4,4.4,330.0,5.4,4.334,0.0,4.334,0
2024-02-25 05:00:00,12.1,1017.3,3.6,328.0,4.3,2.776,0.0,2.776,0
2024-02-25 06:00:00,10.9,1018.1,2.9,343.0,3.5,1.086,0.0,1.086,0
2024-02-25 07:00:00,10.1,1018.2,3.8,6.0,4.9,0.299,0.0,0.299,0
2024-02-25 08:00:00,9.2,1018.7,2.6,32.0,3.4,0.381,0.0,0.381,0
2024-02-25 09:00:00,7.8,1019.3,1.9,307.0,3.1,1.463,0.0,1.463,0
2024-02-25 10:00:00,7.4,1020.0,2.9,355.0,3.4,3.734,0.0,3.734,0
2024-02-25 11:00:00,6.2,1020.5,2.4,16.0,3.0,5.679,0.0,5.679,0
2024-02-25 12:00:00,7.1,1021.1,4.1,26.0,5.2,7.133,0.0,7.133,0
2024-02-25 13:00:00,8.1,1022.0,4.8,34.0,5.9,7.7,0.0,7.7,0
2024-02-25 14:00:00,8.1,1022.8,3.5,65.0,4.7,7.68,0.0,7.68,0
2024-02-25 15:00:00,8.7,1023.5,3.2,70.0,4.0,6.909,0.0,6.909,0
2024-02-25 16:00:00,10.6,1023.8,1.0,29.0,3.1,5.62,0.0,5.62,0
2024-02-25 17:00:00,10.5,1023.5,2.9,102.0,3.3,3.996,0.0,3.996,0
2024-02-25 18:00:00,10.7,1022.6,3.7,99.0,4.4,2.405,0.0,2.405,0
2024-02-25 19:00:00,12.1,1022.1,1.5,157.0,2.9,1.106,0.0,1.106,0
2024-02-25 20:00:00,12.3,1021.5,4.1,166.0,5.7,0.659,0.0,0.659,0
2024-02-25 21:00:00,12.8,1021.4,2.9,169.0,4.6,1.211,0.0,1.211,0
2024-02-25 22:00:00,12.1,1021.7,2.7,152.0,3.6,2.654,0.0,2.654,0
2024-02-25 23:00:00,11.0,1022.0,1.5,159.0,2.2,4.695,0.0,4.695,0
2024-02-26 00:00:00,10.6,1022.4,1.5,150.0,1.9,6.316,0.0,6.316,0
2024-02-26 01:00:00,9.5,1022.9,1.1,167.0,1.3,7.238,0.0,7.238,0
2024-02-26 02:00:00,10.3,1023.3,1.3,172.0,1.7,7.398,0.0,7.398,0
2024-02-26 03:00:00,11.0,1023.4,1.9,166.0,2.3,6.795,0.0,6.795,0
2024-02-26 04:00:00,10.8,1023.0,2.3,163.0,3.0,5.587,0.0,5.587,0
2024-02-26 05:00:00,10.5,1022.8,1.8,176.0,2.2,4.019,0.0,4.019,0
2024-02-26 06:00:00,10.4,1022.8,1.5,223.0,1.8,2.28,0.0,2.28,0
2024-02-26 07:00:00,10.2,1022.8,1.5,221.0,1.8,1.063,0.0,1.063,0
2024-02-26 08:00:00,9.9,1022.7,0.4,186.0,0.8,0.407,0.0,0.407,0
2024-02-26 09:00:00,9.9,1022.8,1.0,190.0,1.3,1.122,0.0,1.122,0
2024-02-26 10:00:00,9.2,1023.0,0.8,233.0,0.9,2.575,0.0,2.575,0
2024-02-26 11:00:00,9.0,1023.3,1.2,249.0,1.7,4.462,0.0,4.462,0
2024-02-26 12:00:00,9.2,1023.4,1.1,228.0,1.3,6.099,0.0,6.099,0
2024-02-26 13:00:00,13.3,1023.7,0.2,128.0,0.3,7.142,0.0,7.142,0
2024-02-26 14:00:00,14.5,1024.3,0.9,311.0,1.0,7.585,0.0,7.585,0
2024-02-26 15:00:00,14.5,1024.7,3.0,217.0,4.4,7.06,0.0,7.06,0
2024-02-26 16:00:00,15.3,1024.8,3.1,220.0,4.1,6.148,0.0,6.148,0
2024-02-26 17:00:00,16.7,1024.3,3.1,213.0,4.7,4.698,0.0,4.698,0
2024-02-26 18:00:00,16.9,1023.5,3.5,202.0,5.1,2.943,0.0,2.943,0
2024-02-26 19:00:00,17.3,1022.4,4.0,198.0,6.2,1.467,0.0,1.467,0
2024-02-26 20:00:00,17.5,1021.7,3.2,199.0,6.5,0.472,0.0,0.472,0
2024-02-26 21:00:00,17.5,1021.1,3.1,194.0,5.6,0.669,0.0,0.669,0
2024-02-26 22:00:00,16.8,1020.8,3.5,187.0,5.6,1.873,0.0,1.873,0
2024-02-26 23:00:00,15.3,1020.5,3.6,175.0,5.6,3.691,0.0,3.691,0
2024-02-27 00:00:00,13.8,1020.6,1.5,181.0,2.4,5.633,0.0,5.633,0
2024-02-27 01:00:00,13.7,1020.5,1.9,169.0,2.9,6.955,0.0,6.955,0
2024-02-27 02:00:00,14.2,1020.3,2.5,168.0,4.0,7.569,0.0,7.569,0
2024-02-27 03:00:00,14.4,1020.7,1.8,185.0,2.8,7.333,0.0,7.333,0
2024-02-27 04:00:00,14.0,1021.1,1.6,215.0,2.5,6.404,0.0,6.404,0
2024-02-27 05:00:00,14.0,1020.6,1.6,194.0,2.6,5.01,0.0,5.01,0
2024-02-27 06:00:00,14.4,1020.4,3.2,220.0,4.5,3.35,0.0,3.35,0
2024-02-27 07:00:00,14.1,1020.5,3.2,222.0,4.6,1.959,0.0,1.959,0
2024-02-27 08:00:00,13.4,1019.7,2.1,224.0,3.0,0.758,0.0,0.758,0
2024-02-27 09:00:00,12.5,1019.7,1.6,243.0,2.2,0.63,0.0,0.63,0
2024-02-27 10:00:00,12.0,1020.1,1.4,237.0,2.2,1.542,0.0,1.542,0
2024-02-27 11:00:00,11.8,1020.3,1.4,187.0,1.9,3.31,0.0,3.31,0
2024-02-27 12:00:00,11.9,1020.1,1.7,176.0,2.3,5.039,0.0,5.039,0
2024-02-27 13:00:00,14.9,1020.4,1.3,195.0,2.2,6.44,0.0,6.44,0
2024-02-27 14:00:00,16.7,1020.5,2.6,190.0,4.3,7.093,0.0,7.093,0
2024-02-27 15:00:00,17.5,1020.7,3.3,195.0,6.5,7.051,0.0,7.051,0
2024-02-27 16:00:00,18.0,1021.5,4.2,207.0,5.3,6.322,0.0,6.322,0
2024-02-27 17:00:00,19.1,1020.6,5.5,203.0,8.3,4.974,0.0,4.974,0
2024-02-27 18:00:00,18.5,1019.4,4.7,196.0,7.9,3.517,0.0,3.517,0
2024-02-27 19:00:00,18.9,1019.0,4.8,210.0,8.1,2.034,0.0,2.034,0
2024-02-27 20:00:00,19.6,1017.7,5.3,199.0,9.6,0.873,0.0,0.873,0
2024-02-27 21:00:00,20.4,1017.3,5.5,192.0,9.5,0.531,0.0,0.531,0
2024-02-27 22:00:00,19.3,1017.1,4.6,196.0,7.7,1.168,0.0,1.168,0
2024-02-27 23:00:00,17.7,1017.0,3.0,188.0,5.4,2.405,0.0,2.405,0
2024-02-28 00:00:00,16.8,1017.7,3.6,207.0,6.5,4.482,0.0,4.482,0
2024-02-28 01:00:00,16.5,1018.1,5.7,219.0,7.8,6.115,0.0,6.115,0
2024-02-28 02:00:00,16.7,1018.7,5.7,214.0,8.0,7.159,0.0,7.159,0
2024-02-28 03:00:00,16.6,1018.7,5.6,218.0,7.5,7.178,0.0,7.178,0
2024-02-28 04:00:00,16.4,1018.8,5.6,223.0,7.9,6.726,0.0,6.726,0
2024-02-28 05:00:00,16.6,1018.4,6.7,214.0,11.4,5.627,0.0,5.627,0
2024-02-28 06:00:00,16.3,1017.8,5.2,212.0,8.0,4.108,0.0,4.108,0
2024-02-28 07:00:00,15.5,1017.5,3.1,225.0,4.9,2.356,0.0,2.356,0
2024-02-28 08:00:00,14.6,1017.2,2.1,233.0,2.9,1.243,0.0,1.243,0
2024-02-28 09:00:00,14.9,1016.7,2.3,215.0,4.1,0.692,0.0,0.692,0
2024-02-28 10:00:00,15.2,1017.4,2.4,226.0,4.0,0.912,0.0,0.912,0
2024-02-28 11:00:00,14.0,1018.1,1.9,220.0,2.5,2.178,0.0,2.178,0
2024-02-28 12:00:00,13.9,1018.5,1.5,213.0,2.4,3.822,0.0,3.822,0
2024-02-28 13:00:00,15.8,1018.7,2.2,216.0,3.1,5.213,0.0,5.213,0
2024-02-28 14:00:00,17.6,1019.3,3.7,209.0,5.6,6.204,0.0,6.204,0
2024-02-28 15:00:00,19.3,1019.0,4.1,207.0,6.2,6.604,0.0,6.604,0
2024-02-28 16:00:00,20.1,1018.6,3.3,206.0,5.5,6.394,0.0,6.394,0
2024-02-28 17:00:00,19.5,1018.1,4.3,200.0,6.8,5.423,0.0,5.423,0
2024-02-28 18:00:00,19.5,1016.9,7.4,207.0,7.5,4.117,0.0,4.117,0
2024-02-28 19:00:00,19.6,1015.6,5.0,198.0,8.9,2.621,0.0,2.621,0
2024-02-28 20:00:00,19.7,1016.1,6.4,214.0,9.1,1.375,0.0,1.375,0
2024-02-28 21:00:00,18.6,1016.2,6.5,217.0,10.1,0.476,0.0,0.476,0
2024-02-28 22:00:00,18.4,1016.2,4.9,209.0,6.2,0.551,0.0,0.551,0
2024-02-28 23:00:00,17.5,1016.8,2.8,199.0,5.1,1.44,0.0,1.44,0
2024-02-29 00:00:00,17.0,1016.9,3.4,207.0,5.4,3.045,0.0,3.045,0
2024-02-29 01:00:00,16.8,1017.5,4.2,216.0,5.7,4.708,0.0,4.708,0
2024-02-29 02:00:00,17.6,1018.0,3.2,222.0,4.5,5.909,0.0,5.909,0
2024-02-29 03:00:00,17.9,1018.8,3.3,219.0,4.6,6.565,0.0,6.565,0
2024-02-29 04:00:00,20.9,1019.9,2.9,263.0,4.5,6.542,0.0,6.542,0
2024-02-29 05:00:00,18.9,1020.9,5.7,316.0,6.5,5.728,0.0,5.728,0
2024-02-29 06:00:00,17.7,1021.6,4.1,342.0,4.8,4.514,0.0,4.514,0
2024-02-29 07:00:00,16.2,1022.3,4.6,342.0,5.8,3.133,0.0,3.133,0
2024-02-29 08:00:00,15.8,1022.8,4.5,342.0,8.6,1.496,0.0,1.496,0
2024-02-29 09:00:00,14.5,1023.5,3.8,8.0,5.9,0.141,0.0,0.141,0
2024-02-29 10:00:00,13.3,1024.2,6.2,20.0,8.8,0.2,0.0,0.2,0
2024-02-29 11:00:00,12.4,1025.5,4.6,22.0,5.9,0.83,0.0,0.83,0
2024-02-29 12:00:00,12.0,1026.6,5.5,30.0,6.9,2.362,0.0,2.362,0
2024-02-29 13:00:00,12.3,1027.6,6.2,60.0,7.8,4.242,0.0,4.242,0
2024-02-29 14:00:00,12.1,1028.8,7.0,49.0,8.9,5.541,0.0,5.541,0
2024-02-29 15:00:00,11.7,1029.0,9.8,64.0,11.5,6.719,0.0,6.719,0
2024-02-29 16:00:00,12.1,1030.0,7.6,64.0,10.3,7.146,0.0,7.146,0
2024-02-29 17:00:00,12.1,1030.3,8.3,60.0,9.8,6.677,0.0,6.677,0
2024-02-29 18:00:00,11.5,1030.2,9.3,74.0,11.2,5.712,0.0,5.712,0
2024-02-29 19:00:00,12.0,1029.8,7.7,79.0,10.5,4.377,0.0,4.377,0
2024-02-29 20:00:00,12.3,1029.5,7.8,73.0,9.1,2.795,0.0,2.795,0
2024-02-29 21:00:00,12.1,1029.6,7.6,81.0,9.5,1.706,0.0,1.706,0
2024-02-29 22:00:00,12.0,1029.8,8.0,86.0,9.4,1.276,0.0,1.276,0
2024-02-29 23:00:00,12.2,1030.0,8.7,89.0,10.0,1.795,0.0,1.795,0
2025-01-01 00:00:00,17.0,1009.2,2.7,213.0,4.5,6.155,0.0,6.155,0
2025-01-01 01:00:00,16.6,1009.5,3.2,220.0,4.6,6.919,0.0,6.919,0
2025-01-01 02:00:00,16.4,1009.7,2.8,229.0,4.2,6.893,0.0,6.893,0
2025-01-01 03:00:00,17.0,1010.2,2.8,238.0,3.5,5.971,0.0,5.971,0
2025-01-01 04:00:00,16.8,1010.7,3.0,239.0,4.3,4.393,0.0,4.393,0
2025-01-01 05:00:00,17.5,1010.9,4.9,271.0,7.3,2.635,0.0,2.635,0
2025-01-01 06:00:00,15.9,1011.5,4.8,290.0,5.7,0.912,0.0,0.912,0
2025-01-01 07:00:00,14.8,1012.7,5.8,311.0,6.5,-0.236,0.0,-0.236,0
2025-01-01 08:00:00,13.4,1013.8,6.3,321.0,7.9,-0.387,0.0,-0.387,0
2025-01-01 09:00:00,12.6,1014.4,6.2,317.0,7.3,0.479,0.0,0.479,0
2025-01-01 10:00:00,11.7,1015.4,7.9,318.0,10.9,2.159,0.0,2.159,0
2025-01-01 11:00:00,11.1,1016.2,7.9,311.0,9.2,4.022,0.0,4.022,0
2025-01-01 12:00:00,10.4,1017.1,4.2,325.0,5.5,5.663,0.0,5.663,0
2025-01-01 13:00:00,10.3,1018.3,6.4,303.0,7.2,6.942,0.0,6.942,0
2025-01-01 14:00:00,11.0,1019.1,6.7,324.0,8.8,7.375,0.0,7.375,0
2025-01-01 15:00:00,11.3,1019.3,7.3,313.0,8.3,7.034,0.0,7.034,0
2025-01-01 16:00:00,12.4,1019.5,6.4,327.0,8.0,6.03,0.0,6.03,0
2025-01-01 17:00:00,13.1,1018.7,6.0,312.0,6.9,4.583,0.0,4.583,0
2025-01-01 18:00:00,13.8,1017.9,5.5,312.0,6.7,2.831,0.0,2.831,0
2025-01-01 19:00:00,14.7,1017.3,6.6,307.0,7.7,1.135,0.0,1.135,0
2025-01-01 20:00:00,15.3,1017.5,7.8,315.0,9.5,-0.01,0.0,-0.01,0
2025-01-01 21:00:00,15.5,1018.1,6.9,316.0,8.5,-0.167,0.0,-0.167,0
2025-01-01 22:00:00,14.7,1018.9,6.0,319.0,7.3,1.004,0.0,1.004,0
2025-01-01 23:00:00,13.2,1019.7,2.7,306.0,3.1,2.858,0.0,2.858,0
2025-01-02 00:00:00,12.1,1020.9,1.3,282.0,2.3,4.813,0.0,4.813,0
2025-01-02 01:00:00,11.9,1021.5,3.8,297.0,4.3,6.381,0.0,6.381,0
2025-01-02 02:00:00,12.0,1022.2,4.4,311.0,5.2,6.939,0.0,6.939,0
2025-01-02 03:00:00,11.4,1022.8,6.0,314.0,6.7,6.43,0.0,6.43,0
2025-01-02 04:00:00,10.1,1023.4,5.4,323.0,7.3,5.18,0.0,5.18,0
2025-01-02 05:00:00,8.8,1023.6,5.1,323.0,5.9,3.422,0.0,3.422,0
2025-01-02 06:00:00,7.9,1023.5,4.5,325.0,5.3,1.65,0.0,1.65,0
2025-01-02 07:00:00,7.2,1023.8,3.9,333.0,4.7,0.174,0.0,0.174,0
2025-01-02 08:00:00,6.8,1023.9,3.5,334.0,4.4,-0.571,0.0,-0.571,0
2025-01-02 09:00:00,5.7,1023.9,2.9,333.0,4.3,-0.095,0.0,-0.095,0
2025-01-02 10:00:00,5.3,1024.2,3.0,317.0,4.0,1.529,0.0,1.529,0
2025-01-02 11:00:00,5.0,1025.0,3.8,327.0,4.7,3.343,0.0,3.343,0
2025-01-02 12:00:00,4.8,1025.6,3.6,332.0,4.5,5.361,0.0,5.361,0
2025-01-02 13:00:00,5.0,1026.3,3.6,331.0,4.5,6.883,0.0,6.883,0
2025-01-02 14:00:00,6.4,1027.1,4.9,350.0,5.8,7.641,0.0,7.641,0
2025-01-02 15:00:00,7.8,1027.9,3.8,4.0,4.7,7.641,0.0,7.641,0
2025-01-02 16:00:00,9.6,1027.9,2.4,7.0,2.9,7.034,0.0,7.034,0
2025-01-02 17:00:00,11.6,1027.0,1.8,297.0,2.2,5.938,0.0,5.938,0
2025-01-02 18:00:00,14.3,1026.1,1.0,283.0,1.6,4.419,0.0,4.419,0
2025-01-02 19:00:00,14.3,1024.9,1.7,316.0,2.3,2.595,0.0,2.595,0
2025-01-02 20:00:00,14.1,1024.5,4.0,312.0,5.4,0.965,0.0,0.965,0
2025-01-02 21:00:00,13.2,1024.1,1.2,186.0,1.9,0.01,0.0,0.01,0
2025-01-02 22:00:00,11.1,1024.7,1.3,195.0,2.2,0.351,0.0,0.351,0
2025-01-02 23:00:00,9.6,1024.9,1.6,209.0,1.9,1.959,0.0,1.959,0
2025-01-03 00:00:00,9.8,1025.4,1.4,309.0,1.7,3.802,0.0,3.802,0
2025-01-03 01:00:00,9.4,1025.7,2.3,2.0,2.7,5.741,0.0,5.741,0
2025-01-03 02:00:00,8.9,1025.8,2.5,353.0,3.2,6.926,0.0,6.926,0
2025-01-03 03:00:00,8.2,1025.9,1.9,357.0,2.3,7.096,0.0,7.096,0
2025-01-03 04:00:00,8.3,1026.2,1.0,24.0,1.4,6.529,0.0,6.529,0
2025-01-03 05:00:00,7.7,1026.3,1.7,305.0,1.9,4.948,0.0,4.948,0
2025-01-03 06:00:00,7.5,1026.3,2.0,325.0,2.4,3.822,0.0,3.822,0
2025-01-03 07:00:00,7.0,1026.0,2.5,342.0,2.9,2.08,0.0,2.08,0
2025-01-03 08:00:00,5.9,1025.3,2.8,352.0,3.2,0.725,0.0,0.725,0
2025-01-03 09:00:00,5.9,1024.9,2.3,317.0,2.5,0.141,0.0,0.141,0
2025-01-03 10:00:00,5.7,1024.9,2.0,337.0,2.7,0.689,0.0,0.689,0
2025-01-03 11:00:00,5.1,1024.9,2.5,329.0,2.8,2.172,0.0,2.172,0
2025-01-03 12:00:00,5.2,1025.6,2.5,322.0,3.1,3.855,0.0,3.855,0
2025-01-03 13:00:00,5.0,1025.6,3.0,334.0,3.6,5.584,0.0,5.584,0
2025-01-03 14:00:00,8.4,1025.5,1.6,305.0,1.8,6.696,0.0,6.696,0
2025-01-03 15:00:00,11.0,1025.5,2.4,272.0,3.0,7.47,0.0,7.47,0
2025-01-03 16:00:00,12.6,1024.4,2.6,259.0,4.0,7.572,0.0,7.572,0
2025-01-03 17:00:00,13.5,1022.8,4.1,249.0,5.7,6.864,0.0,6.864,0
2025-01-03 18:00:00,14.2,1021.2,6.0,291.0,7.5,5.509,0.0,5.509,0
2025-01-03 19:00:00,15.0,1020.2,7.6,294.0,8.5,3.606,0.0,3.606,0
2025-01-03 20:00:00,15.2,1019.6,7.6,290.0,9.0,1.824,0.0,1.824,0
2025-01-03 21:00:00,15.7,1019.3,7.5,289.0,9.6,0.092,0.0,0.092,0
2025-01-03 22:00:00,14.5,1019.5,6.1,288.0,7.1,-0.768,0.0,-0.768,0
2025-01-03 23:00:00,13.4,1019.9,4.5,280.0,5.7,-0.207,0.0,-0.207,0
2025-01-04 00:00:00,11.9,1020.3,3.2,257.0,4.0,1.68,0.0,1.68,0
2025-01-04 01:00:00,12.0,1021.1,4.0,279.0,5.4,3.596,0.0,3.596,0
2025-01-04 02:00:00,11.4,1021.7,4.0,307.0,5.7,5.367,0.0,5.367,0
2025-01-04 03:00:00,10.8,1022.2,4.0,311.0,4.8,6.44,0.0,6.44,0
2025-01-04 04:00:00,10.5,1022.6,6.5,314.0,8.1,6.047,0.0,6.047,0
2025-01-04 05:00:00,9.4,1023.1,7.5,326.0,9.9,5.285,0.0,5.285,0
2025-01-04 06:00:00,8.7,1023.6,8.7,329.0,10.5,3.973,0.0,3.973,0
2025-01-04 07:00:00,7.0,1024.4,5.5,324.0,8.1,2.411,0.0,2.411,0
2025-01-04 08:00:00,6.3,1025.0,4.8,323.0,6.5,0.928,0.0,0.928,0
2025-01-04 09:00:00,5.7,1025.3,5.7,322.0,7.3,-0.056,0.0,-0.056,0
2025-01-04 10:00:00,4.9,1025.4,4.3,327.0,5.2,-0.4,0.0,-0.4,0
2025-01-04 11:00:00,5.2,1025.9,5.7,324.0,6.7,0.236,0.0,0.236,0
2025-01-04 12:00:00,5.0,1026.6,5.2,302.0,6.1,1.677,0.0,1.677,0
2025-01-04 13:00:00,5.1,1026.9,5.1,300.0,6.9,3.33,0.0,3.33,0
2025-01-04 14:00:00,6.2,1027.7,8.0,311.0,9.8,4.954,0.0,4.954,0
2025-01-04 15:00:00,6.7,1027.8,7.5,317.0,8.9,6.253,0.0,6.253,0
2025-01-04 16:00:00,7.8,1027.1,5.0,327.0,6.0,7.064,0.0,7.064,0
2025-01-04 17:00:00,8.9,1026.2,4.9,304.0,5.9,6.988,0.0,6.988,0
2025-01-04 18:00:00,9.6,1025.2,5.0,301.0,6.6,6.22,0.0,6.22,0
2025-01-04 19:00:00,10.3,1024.3,6.1,316.0,7.2,4.826,0.0,4.826,0
2025-01-04 20:00:00,11.3,1024.2,6.7,319.0,8.3,3.035,0.0,3.035,0
2025-01-04 21:00:00,11.8,1024.5,6.0,332.0,7.0,1.073,0.0,1.073,0
2025-01-04 22:00:00,11.1,1024.9,6.0,315.0,7.0,-0.272,0.0,-0.272,0
2025-01-04 23:00:00,9.8,1025.3,3.8,321.0,4.5,-0.627,0.0,-0.627,0
2025-01-05 00:00:00,7.6,1025.8,1.0,243.0,1.2,0.472,0.0,0.472,0
2025-01-05 01:00:00,8.6,1026.2,1.6,345.0,1.9,2.247,0.0,2.247,0
2025-01-05 02:00:00,7.4,1026.3,0.8,288.0,1.0,3.694,0.0,3.694,0
2025-01-05 03:00:00,6.9,1026.3,1.2,255.0,1.6,5.65,0.0,5.65,0
2025-01-05 04:00:00,6.8,1026.4,2.3,254.0,2.5,6.608,0.0,6.608,0
2025-01-05 05:00:00,6.7,1026.3,2.2,253.0,3.2,6.654,0.0,6.654,0
2025-01-05 06:00:00,7.2,1025.8,3.9,299.0,4.8,5.997,0.0,5.997,0
2025-01-05 07:00:00,6.0,1026.2,2.3,286.0,3.1,4.554,0.0,4.554,0
2025-01-05 08:00:00,6.5,1026.2,3.4,316.0,3.8,3.081,0.0,3.081,0
2025-01-05 09:00:00,6.2,1026.1,4.5,322.0,5.3,1.417,0.0,1.417,0
2025-01-05 10:00:00,4.6,1025.9,2.2,332.0,2.5,0.18,0.0,0.18,0
2025-01-05 11:00:00,4.6,1026.0,1.6,2.0,2.0,-0.174,0.0,-0.174,0
2025-01-05 12:00:00,4.6,1026.1,1.4,354.0,1.7,0.509,0.0,0.509,0
2025-01-05 13:00:00,4.9,1026.1,2.3,6.0,3.1,2.001,0.0,2.001,0
2025-01-05 14:00:00,6.9,1026.1,2.2,358.0,2.8,3.678,0.0,3.678,0
2025-01-05 15:00:00,8.8,1026.6,2.0,2.0,2.6,5.308,0.0,5.308,0
2025-01-05 16:00:00,9.3,1026.0,2.6,109.0,3.2,6.66,0.0,6.66,0
2025-01-05 17:00:00,10.1,1024.3,2.1,109.0,2.6,7.234,0.0,7.234,0
2025-01-05 18:00:00,11.8,1023.1,0.5,92.0,0.7,6.929,0.0,6.929,0
2025-01-05 19:00:00,11.4,1023.1,2.1,199.0,3.5,6.024,0.0,6.024,0
2025-01-05 20:00:00,10.8,1022.4,2.3,183.0,3.6,4.528,0.0,4.528,0
2025-01-05 21:00:00,10.5,1022.1,3.0,168.0,5.2,2.612,0.0,2.612,0
2025-01-05 22:00:00,10.5,1021.7,2.4,158.0,3.4,0.869,0.0,0.869,0
2025-01-05 23:00:00,10.2,1021.6,1.6,169.0,2.0,-0.121,0.0,-0.121,0
2025-01-06 00:00:00,10.8,1021.2,1.6,156.0,2.2,0.016,0.0,0.016,0
2025-01-06 01:00:00,11.2,1020.5,1.6,141.0,2.0,1.345,0.0,1.345,0
2025-01-06 02:00:00,11.9,1019.6,1.5,131.0,2.2,3.143,0.0,3.143,0
2025-01-06 03:00:00,11.8,1019.6,1.5,132.0,1.6,4.905,0.0,4.905,0
2025-01-06 04:00:00,12.6,1018.9,1.9,162.0,2.6,6.214,0.0,6.214,0
2025-01-06 05:00:00,13.4,1018.0,2.2,191.0,3.7,7.005,0.0,7.005,0
2025-01-06 06:00:00,13.7,1017.4,3.2,218.0,4.7,7.067,0.0,7.067,0
2025-01-06 07:00:00,13.6,1016.5,3.5,223.0,5.3,6.46,0.0,6.46,0
2025-01-06 08:00:00,12.9,1015.7,3.0,232.0,4.3,5.039,0.0,5.039,0
2025-01-06 09:00:00,13.5,1014.4,4.5,213.0,6.6,3.599,0.0,3.599,0
2025-01-06 10:00:00,13.5,1013.2,3.9,214.0,7.4,1.969,0.0,1.969,0
2025-01-06 11:00:00,13.8,1011.9,4.7,200.0,8.2,0.925,0.0,0.925,0
2025-01-06 12:00:00,13.9,1011.6,5.9,208.0,8.7,0.709,0.0,0.709,0
2025-01-06 13:00:00,14.0,1011.1,5.9,211.0,10.5,1.237,0.0,1.237,0
2025-01-06 14:00:00,14.3,1010.6,6.1,211.0,9.4,2.608,0.0,2.608,0
2025-01-06 15:00:00,14.5,1009.7,6.6,211.0,10.5,4.134,0.0,4.134,0
2025-01-06 16:00:00,15.5,1008.4,9.7,216.0,14.2,5.289,0.0,5.289,0
2025-01-06 17:00:00,15.9,1006.4,7.6,212.0,11.8,6.43,0.0,6.43,0
2025-01-06 18:00:00,16.0,1004.5,7.3,215.0,13.2,6.854,0.0,6.854,0
2025-01-06 19:00:00,15.4,1004.1,4.4,224.0,6.1,6.44,0.0,6.44,0
2025-01-06 20:00:00,18.5,1004.5,7.9,274.0,11.6,5.213,0.0,5.213,0
2025-01-06 21:00:00,18.3,1005.4,9.1,277.0,13.4,3.419,0.0,3.419,0
2025-01-06 22:00:00,16.3,1006.4,9.9,285.0,12.4,1.572,0.0,1.572,0
2025-01-06 23:00:00,13.3,1007.9,13.0,299.0,15.4,0.02,0.0,0.02,0
2025-01-07 00:00:00,11.2,1009.6,11.1,297.0,13.3,-1.099,0.0,-1.099,0
2025-01-07 01:00:00,10.2,1010.7,10.3,300.0,11.8,-1.099,0.0,-1.099,0
2025-01-07 02:00:00,8.9,1011.7,8.1,303.0,9.8,-0.092,0.0,-0.092,0
2025-01-07 03:00:00,7.4,1013.0,11.8,319.0,14.3,1.325,0.0,1.325,0
2025-01-07 04:00:00,6.0,1014.6,9.8,330.0,12.2,2.979,0.0,2.979,0
2025-01-07 05:00:00,5.2,1015.5,8.8,320.0,11.2,4.596,0.0,4.596,0
2025-01-07 06:00:00,4.6,1016.5,10.0,326.0,13.3,5.791,0.0,5.791,0
2025-01-07 07:00:00,3.8,1017.5,9.0,325.0,12.2,6.302,0.0,6.302,0
2025-01-07 08:00:00,3.2,1018.1,9.9,320.0,12.9,5.797,0.0,5.797,0
2025-01-07 09:00:00,2.9,1018.6,8.8,324.0,11.2,4.715,0.0,4.715,0
2025-01-07 10:00:00,1.9,1019.1,7.3,325.0,9.3,3.054,0.0,3.054,0
2025-01-07 11:00:00,1.5,1020.5,5.5,347.0,6.4,1.532,0.0,1.532,0
2025-01-07 12:00:00,1.1,1021.8,4.6,347.0,5.8,0.42,0.0,0.42,0
2025-01-07 13:00:00,1.4,1022.8,4.9,348.0,6.0,0.269,0.0,0.269,0
2025-01-07 14:00:00,2.6,1023.4,6.3,359.0,8.3,1.083,0.0,1.083,0
2025-01-07 15:00:00,3.9,1024.4,5.9,31.0,8.1,2.549,0.0,2.549,0
2025-01-07 16:00:00,5.1,1024.5,7.1,27.0,8.7,4.196,0.0,4.196,0
2025-01-07 17:00:00,6.4,1023.8,6.6,12.0,8.9,5.738,0.0,5.738,0
2025-01-07 18:00:00,7.7,1022.7,4.5,323.0,6.7,6.476,0.0,6.476,0
2025-01-07 19:00:00,8.7,1022.1,5.2,349.0,6.7,6.827,0.0,6.827,0
2025-01-07 20:00:00,9.1,1022.7,2.6,18.0,5.0,6.198,0.0,6.198,0
2025-01-07 21:00:00,9.6,1022.5,3.2,28.0,4.0,5.016,0.0,5.016,0
2025-01-07 22:00:00,9.0,1023.0,2.9,14.0,3.5,3.491,0.0,3.491,0
2025-01-07 23:00:00,7.5,1023.9,3.1,336.0,3.5,2.07,0.0,2.07,0
2025-01-08 00:00:00,6.6,1024.8,2.4,339.0,2.9,0.958,0.0,0.958,0
2025-01-08 01:00:00,5.7,1025.3,2.6,329.0,4.1,0.312,0.0,0.312,0
2025-01-08 02:00:00,5.7,1025.5,2.3,346.0,2.7,0.709,0.0,0.709,0
2025-01-08 03:00:00,5.2,1026.0,2.4,339.0,3.0,1.801,0.0,1.801,0
2025-01-08 04:00:00,4.5,1025.8,2.2,325.0,2.6,3.153,0.0,3.153,0
2025-01-08 05:00:00,5.2,1025.7,3.4,329.0,3.9,4.79,0.0,4.79,0
2025-01-08 06:00:00,4.3,1025.1,2.5,341.0,2.9,6.398,0.0,6.398,0
2025-01-08 07:00:00,3.3,1025.0,2.0,322.0,2.3,7.306,0.0,7.306,0
2025-01-08 08:00:00,3.4,1025.0,2.1,322.0,2.7,7.402,0.0,7.402,0
2025-01-08 09:00:00,3.5,1024.9,1.7,332.0,2.2,6.824,0.0,6.824,0
2025-01-08 10:00:00,2.7,1024.3,3.0,325.0,3.6,5.6,0.0,5.6,0
2025-01-08 11:00:00,2.2,1024.5,3.9,325.0,4.5,4.045,0.0,4.045,0
2025-01-08 12:00:00,0.9,1025.0,3.5,318.0,4.0,2.333,0.0,2.333,0
2025-01-08 13:00:00,1.3,1025.3,2.2,309.0,2.6,0.965,0.0,0.965,0
2025-01-08 14:00:00,3.1,1025.5,3.1,311.0,3.6,0.436,0.0,0.436,0
2025-01-08 15:00:00,5.3,1025.7,3.1,314.0,4.3,1.017,0.0,1.017,0
2025-01-08 16:00:00,8.8,1024.8,2.8,300.0,3.3,2.408,0.0,2.408,0
2025-01-08 17:00:00,9.7,1023.4,1.8,315.0,3.2,3.921,0.0,3.921,0
2025-01-08 18:00:00,10.6,1021.8,3.9,258.0,5.0,5.469,0.0,5.469,0
2025-01-08 19:00:00,12.3,1020.3,2.2,296.0,2.7,6.388,0.0,6.388,0
2025-01-08 20:00:00,12.6,1019.4,2.8,308.0,3.8,6.49,0.0,6.49,0
2025-01-08 21:00:00,12.3,1018.9,4.4,303.0,5.0,6.06,0.0,6.06,0
2025-01-08 22:00:00,11.2,1018.9,5.6,301.0,6.2,5.02,0.0,5.02,0
2025-01-08 23:00:00,9.3,1018.9,2.9,281.0,4.2,3.576,0.0,3.576,0
2025-01-09 01:00:00,7.4,1019.6,3.7,271.0,4.9,0.646,0.0,0.646,0
2025-01-09 02:00:00,7.5,1019.6,5.4,285.0,7.2,-0.289,0.0,-0.289,0
2025-01-09 03:00:00,7.0,1019.9,7.7,293.0,9.4,-0.558,0.0,-0.558,0
2025-01-09 04:00:00,6.2,1020.2,7.6,297.0,9.0,0.604,0.0,0.604,0
2025-01-09 05:00:00,4.9,1020.4,7.6,325.0,9.1,2.146,0.0,2.146,0
2025-01-09 06:00:00,4.1,1020.6,7.7,322.0,10.5,4.045,0.0,4.045,0
2025-01-09 07:00:00,3.2,1021.0,5.5,325.0,7.0,5.866,0.0,5.866,0
2025-01-09 08:00:00,2.7,1021.6,7.7,333.0,10.4,6.877,0.0,6.877,0
2025-01-09 09:00:00,2.1,1022.0,6.8,334.0,7.8,7.077,0.0,7.077,0
2025-01-09 10:00:00,1.6,1022.6,6.3,338.0,8.1,6.752,0.0,6.752,0
2025-01-09 11:00:00,0.7,1023.3,5.4,342.0,6.4,5.502,0.0,5.502,0
2025-01-09 12:00:00,-0.5,1024.1,4.6,351.0,5.5,3.999,0.0,3.999,0
2025-01-09 13:00:00,-0.4,1025.1,4.1,358.0,5.5,2.405,0.0,2.405,0
2025-01-09 14:00:00,0.9,1025.8,5.2,348.0,6.3,1.086,0.0,1.086,0
2025-01-09 15:00:00,2.2,1025.8,4.6,11.0,6.0,0.6,0.0,0.6,0
2025-01-09 16:00:00,3.2,1025.6,3.7,2.0,6.4,1.129,0.0,1.129,0
2025-01-09 17:00:00,5.1,1024.9,3.5,343.0,4.7,2.395,0.0,2.395,0
2025-01-09 18:00:00,5.6,1023.8,4.5,308.0,5.3,3.862,0.0,3.862,0
2025-01-09 19:00:00,7.2,1022.6,5.2,296.0,6.3,5.223,0.0,5.223,0
2025-01-09 20:00:00,8.1,1022.0,5.0,316.0,6.3,5.984,0.0,5.984,0
2025-01-09 21:00:00,8.8,1021.9,5.5,310.0,6.7,6.43,0.0,6.43,0
2025-01-09 22:00:00,8.3,1022.0,5.2,315.0,6.3,6.027,0.0,6.027,0
2025-01-09 23:00:00,7.1,1022.1,3.5,326.0,4.3,5.092,0.0,5.092,0
2025-01-10 00:00:00,5.9,1022.8,2.6,331.0,3.0,3.763,0.0,3.763,0
2025-01-10 01:00:00,5.2,1022.7,1.8,9.0,2.4,2.133,0.0,2.133,0
2025-01-10 02:00:00,4.8,1023.0,2.1,7.0,2.6,0.581,0.0,0.581,0
2025-01-10 03:00:00,4.6,1023.1,2.3,357.0,3.1,-0.459,0.0,-0.459,0
2025-01-10 04:00:00,4.4,1022.8,2.2,20.0,3.0,-0.312,0.0,-0.312,0
2025-01-10 05:00:00,4.0,1022.6,1.8,26.0,2.2,1.063,0.0,1.063,0
2025-01-10 06:00:00,4.3,1021.7,1.9,23.0,2.6,3.209,0.0,3.209,0
2025-01-10 07:00:00,5.5,1021.2,3.3,64.0,4.3,5.39,0.0,5.39,0
2025-01-10 08:00:00,5.7,1020.5,6.0,64.0,7.4,7.178,0.0,7.178,0
2025-01-10 09:00:00,5.4,1021.1,4.3,61.0,5.5,7.743,0.0,7.743,0
2025-01-10 10:00:00,6.1,1021.0,4.6,63.0,5.8,8.025,0.0,8.025,0
2025-01-10 11:00:00,6.1,1021.2,3.7,58.0,4.8,7.329,0.0,7.329,0
2025-01-10 12:00:00,5.8,1020.9,4.0,56.0,4.6,6.056,0.0,6.056,0
2025-01-10 13:00:00,5.7,1021.4,4.4,46.0,5.2,4.573,0.0,4.573,0
2025-01-10 14:00:00,5.1,1023.4,4.2,1.0,5.2,2.766,0.0,2.766,0
2025-01-10 15:00:00,5.2,1023.1,4.6,32.0,5.6,1.309,0.0,1.309,0
2025-01-10 16:00:00,5.5,1022.9,3.1,38.0,3.7,0.65,0.0,0.65,0
2025-01-10 17:00:00,5.7,1021.5,3.6,43.0,4.9,1.07,0.0,1.07,0
2025-01-10 18:00:00,6.0,1019.9,2.9,66.0,3.5,2.369,0.0,2.369,0
2025-01-10 19:00:00,6.3,1017.3,5.1,88.0,5.8,3.855,0.0,3.855,0
2025-01-10 20:00:00,7.1,1016.2,5.9,84.0,7.1,5.187,0.0,5.187,0
2025-01-10 21:00:00,7.6,1014.7,6.3,77.0,7.5,6.394,0.0,6.394,0
2025-01-10 22:00:00,8.0,1013.8,7.4,80.0,8.8,6.952,0.0,6.952,0
2025-01-10 23:00:00,8.2,1013.0,6.9,76.0,8.3,6.85,0.0,6.85,0
2025-01-11 00:00:00,7.2,1012.2,7.1,72.0,8.3,6.135,0.0,6.135,0
2025-01-11 01:00:00,6.2,1010.9,6.2,65.0,7.7,4.849,0.0,4.849,0
2025-01-11 02:00:00,5.9,1010.3,2.8,33.0,3.3,3.173,0.0,3.173,0
2025-01-11 03:00:00,5.3,1010.7,4.6,354.0,5.8,1.348,0.0,1.348,0
2025-01-11 04:00:00,4.9,1008.6,2.3,145.0,3.0,0.098,0.0,0.098,0
2025-01-11 05:00:00,7.0,1007.7,2.2,180.0,3.6,0.082,0.0,0.082,0
2025-01-11 06:00:00,11.6,1006.4,6.0,214.0,8.3,1.427,0.0,1.427,0
2025-01-11 07:00:00,11.9,1006.1,5.4,225.0,7.3,3.209,0.0,3.209,0
2025-01-11 08:00:00,12.0,1006.6,4.3,246.0,6.9,5.335,0.0,5.335,0
2025-01-11 09:00:00,12.3,1006.2,6.2,272.0,8.1,6.791,0.0,6.791,0
2025-01-11 10:00:00,8.1,1007.3,9.2,294.0,11.0,7.575,0.0,7.575,0
2025-01-11 11:00:00,6.6,1009.0,11.8,304.0,14.3,7.562,0.0,7.562,0
2025-01-11 12:00:00,6.1,1009.5,10.4,300.0,12.3,6.611,0.0,6.611,0
2025-01-11 13:00:00,5.7,1010.4,11.5,296.0,13.2,4.895,0.0,4.895,0
2025-01-11 14:00:00,5.3,1011.4,9.9,301.0,12.1,3.077,0.0,3.077,0
2025-01-11 15:00:00,5.6,1012.7,9.9,306.0,11.9,1.014,0.0,1.014,0
2025-01-11 16:00:00,5.5,1013.4,11.7,304.0,13.4,-0.459,0.0,-0.459,0
2025-01-11 17:00:00,5.6,1012.7,10.0,303.0,11.9,-0.965,0.0,-0.965,0
2025-01-11 18:00:00,5.9,1013.0,10.8,302.0,13.2,-0.407,0.0,-0.407,0
2025-01-11 19:00:00,6.5,1012.3,9.6,301.0,11.3,1.243,0.0,1.243,0
2025-01-11 20:00:00,6.7,1011.9,7.9,300.0,9.2,2.808,0.0,2.808,0
2025-01-11 21:00:00,6.7,1013.0,9.0,302.0,10.0,4.672,0.0,4.672,0
2025-01-11 22:00:00,6.9,1014.0,6.7,279.0,8.6,5.758,0.0,5.758,0
2025-01-11 23:00:00,6.2,1014.8,5.4,290.0,6.8,6.201,0.0,6.201,0
2025-01-12 00:00:00,5.3,1015.4,3.0,275.0,3.9,5.653,0.0,5.653,0
2025-01-12 01:00:00,5.2,1016.3,4.2,336.0,4.8,4.541,0.0,4.541,0
2025-01-12 02:00:00,4.3,1017.3,5.2,315.0,6.2,3.12,0.0,3.12,0
2025-01-12 03:00:00,3.6,1018.0,4.4,324.0,5.5,1.47,0.0,1.47,0
2025-01-12 04:00:00,2.7,1018.4,4.7,328.0,5.5,-0.003,0.0,-0.003,0
2025-01-12 05:00:00,2.1,1018.7,4.1,322.0,5.0,-0.751,0.0,-0.751,0
2025-01-12 06:00:00,2.2,1018.4,5.6,328.0,7.1,-0.381,0.0,-0.381,0
2025-01-12 07:00:00,1.3,1018.3,4.7,324.0,5.6,1.188,0.0,1.188,0
2025-01-12 08:00:00,1.7,1018.6,4.4,331.0,5.2,3.235,0.0,3.235,0
2025-01-12 09:00:00,1.0,1018.5,4.0,334.0,4.8,5.689,0.0,5.689,0
2025-01-12 10:00:00,0.3,1018.5,3.0,343.0,3.7,7.421,0.0,7.421,0
2025-01-12 11:00:00,0.4,1018.6,3.0,353.0,4.2,8.33,0.0,8.33,0
2025-01-12 12:00:00,1.0,1019.4,2.3,326.0,2.8,8.34,0.0,8.34,0
2025-01-12 13:00:00,1.3,1019.9,3.4,324.0,3.9,7.52,0.0,7.52,0
2025-01-12 14:00:00,2.6,1020.8,3.7,338.0,4.3,5.971,0.0,5.971,0
2025-01-12 15:00:00,4.7,1021.4,3.3,341.0,4.2,4.59,0.0,4.59,0
2025-01-12 16:00:00,6.8,1022.0,2.5,311.0,3.3,2.641,0.0,2.641,0
2025-01-12 17:00:00,8.2,1021.3,1.6,62.0,2.2,1.198,0.0,1.198,0
2025-01-12 18:00:00,8.9,1020.8,0.8,51.0,1.3,0.505,0.0,0.505,0
2025-01-12 19:00:00,8.2,1020.0,2.8,94.0,3.3,0.853,0.0,0.853,0
2025-01-12 20:00:00,8.8,1019.8,2.5,184.0,4.3,2.198,0.0,2.198,0
2025-01-12 21:00:00,9.1,1020.6,2.1,198.0,3.8,3.953,0.0,3.953,0
2025-01-12 22:00:00,8.1,1021.0,1.5,198.0,2.5,5.574,0.0,5.574,0
2025-01-12 23:00:00,7.0,1021.6,0.8,205.0,1.3,6.87,0.0,6.87,0
2025-01-13 00:00:00,6.2,1021.7,0.7,149.0,0.9,7.415,0.0,7.415,0
2025-01-13 01:00:00,6.1,1021.9,0.6,203.0,1.3,6.821,0.0,6.821,0
2025-01-13 02:00:00,6.3,1021.5,1.4,224.0,1.6,5.6,0.0,5.6,0
2025-01-13 03:00:00,6.1,1022.3,1.0,275.0,1.3,3.99,0.0,3.99,0
2025-01-13 04:00:00,6.9,1022.4,2.0,330.0,2.2,2.11,0.0,2.11,0
2025-01-13 05:00:00,7.3,1021.9,1.1,344.0,1.3,0.348,0.0,0.348,0
2025-01-13 06:00:00,7.0,1021.5,0.4,215.0,0.6,-0.42,0.0,-0.42,0
2025-01-13 07:00:00,7.0,1021.4,1.3,249.0,1.5,0.108,0.0,0.108,0
2025-01-13 08:00:00,7.2,1020.9,0.1,323.0,0.5,1.713,0.0,1.713,0
2025-01-13 09:00:00,7.3,1020.8,1.6,334.0,2.1,3.93,0.0,3.93,0
2025-01-13 10:00:00,7.4,1021.5,1.6,292.0,2.0,6.23,0.0,6.23,0
2025-01-13 11:00:00,7.8,1022.7,3.0,315.0,3.6,7.756,0.0,7.756,0
2025-01-13 12:00:00,7.6,1023.4,3.1,324.0,3.5,8.432,0.0,8.432,0
2025-01-13 13:00:00,6.9,1023.8,2.1,331.0,2.8,8.189,0.0,8.189,0
2025-01-13 14:00:00,7.3,1024.8,2.1,291.0,2.6,7.047,0.0,7.047,0
2025-01-13 15:00:00,7.7,1023.5,0.7,215.0,0.9,5.44,0.0,5.44,0
2025-01-13 16:00:00,8.9,1023.6,1.1,266.0,1.4,3.806,0.0,3.806,0
2025-01-13 17:00:00,9.2,1022.8,1.2,304.0,1.4,2.07,0.0,2.07,0
2025-01-13 18:00:00,8.7,1022.0,3.3,329.0,3.9,0.728,0.0,0.728,0
2025-01-13 19:00:00,8.6,1021.5,3.3,323.0,3.9,0.299,0.0,0.299,0
2025-01-13 20:00:00,8.9,1020.9,3.7,316.0,4.2,0.919,0.0,0.919,0
2025-01-13 21:00:00,9.0,1021.5,3.1,312.0,3.5,2.385,0.0,2.385,0
2025-01-13 22:00:00,9.0,1021.8,2.3,319.0,3.0,4.108,0.0,4.108,0
2025-01-13 23:00:00,8.7,1021.9,2.3,340.0,2.9,5.65,0.0,5.65,0
2025-01-14 00:00:00,8.3,1022.1,3.8,350.0,4.9,6.844,0.0,6.844,0
2025-01-14 01:00:00,7.7,1022.2,1.4,266.0,1.7,7.103,0.0,7.103,0
2025-01-14 02:00:00,7.5,1022.4,1.1,256.0,1.4,6.522,0.0,6.522,0
2025-01-14 03:00:00,8.0,1022.4,2.2,286.0,2.9,5.125,0.0,5.125,0
2025-01-14 04:00:00,8.4,1022.4,3.8,318.0,4.4,3.343,0.0,3.343,0
2025-01-14 05:00:00,8.3,1022.5,3.4,331.0,4.1,1.447,0.0,1.447,0
2025-01-14 06:00:00,8.0,1022.3,3.2,330.0,4.2,-0.013,0.0,-0.013,0
2025-01-14 07:00:00,7.2,1022.6,5.0,313.0,6.1,-0.62,0.0,-0.62,0
2025-01-14 08:00:00,6.9,1022.8,5.5,315.0,6.5,-0.056,0.0,-0.056,0
2025-01-14 09:00:00,5.9,1022.8,5.2,321.0,6.4,1.67,0.0,1.67,0
2025-01-14 10:00:00,5.9,1023.1,5.0,319.0,5.9,3.766,0.0,3.766,0
2025-01-14 11:00:00,5.6,1023.3,5.2,323.0,6.8,5.856,0.0,5.856,0
2025-01-14 12:00:00,4.8,1024.2,4.5,321.0,5.7,7.244,0.0,7.244,0
2025-01-14 13:00:00,4.7,1025.3,5.1,326.0,6.7,7.949,0.0,7.949,0
2025-01-14 14:00:00,6.2,1026.0,5.4,335.0,7.6,7.651,0.0,7.651,0
2025-01-14 15:00:00,7.7,1026.8,6.2,349.0,8.0,6.634,0.0,6.634,0
2025-01-14 16:00:00,9.3,1027.4,3.8,14.0,4.8,5.151,0.0,5.151,0
2025-01-14 17:00:00,10.1,1026.6,3.6,15.0,4.3,3.455,0.0,3.455,0
2025-01-14 18:00:00,11.7,1025.6,4.4,330.0,5.8,1.722,0.0,1.722,0
2025-01-14 19:00:00,13.2,1024.9,3.8,325.0,4.5,0.472,0.0,0.472,0
2025-01-14 20:00:00,14.2,1025.0,3.7,291.0,4.2,-0.049,0.0,-0.049,0
2025-01-14 21:00:00,14.4,1025.0,4.5,303.0,5.2,0.663,0.0,0.663,0
2025-01-14 22:00:00,12.9,1025.4,3.7,305.0,4.0,2.428,0.0,2.428,0
2025-01-14 23:00:00,10.6,1026.0,1.6,294.0,2.2,4.341,0.0,4.341,0
2025-01-15 00:00:00,10.2,1026.5,2.0,291.0,2.2,6.175,0.0,6.175,0
2025-01-15 01:00:00,9.7,1026.8,2.2,275.0,2.4,7.119,0.0,7.119,0
2025-01-15 02:00:00,9.5,1027.3,2.5,271.0,3.5,7.093,0.0,7.093,0
2025-01-15 03:00:00,8.7,1027.8,2.3,276.0,2.9,6.158,0.0,6.158,0
2025-01-15 04:00:00,8.6,1027.7,3.2,284.0,4.3,4.564,0.0,4.564,0
2025-01-15 05:00:00,8.5,1027.5,4.9,300.0,5.5,2.667,0.0,2.667,0
2025-01-15 06:00:00,9.0,1027.3,5.5,316.0,6.9,0.748,0.0,0.748,0
2025-01-15 07:00:00,8.7,1027.4,6.3,318.0,7.6,-0.597,0.0,-0.597,0
2025-01-15 08:00:00,8.5,1027.5,6.3,317.0,7.6,-1.079,0.0,-1.079,0
2025-01-15 09:00:00,8.1,1027.3,4.6,318.0,6.3,-0.23,0.0,-0.23,0
2025-01-15 10:00:00,7.9,1027.7,5.6,316.0,7.1,1.64,0.0,1.64,0
2025-01-15 11:00:00,7.5,1028.0,4.7,312.0,5.8,3.629,0.0,3.629,0
2025-01-15 12:00:00,7.5,1028.3,5.4,317.0,6.6,5.719,0.0,5.719,0
2025-01-15 13:00:00,7.0,1028.9,3.4,311.0,5.0,7.001,0.0,7.001,0
2025-01-15 14:00:00,7.0,1029.7,4.2,326.0,5.1,7.484,0.0,7.484,0
2025-01-15 15:00:00,8.0,1030.5,3.9,326.0,5.0,7.07,0.0,7.07,0
2025-01-15 16:00:00,9.8,1030.2,5.9,342.0,7.1,5.892,0.0,5.892,0
2025-01-15 17:00:00,11.0,1029.6,5.3,358.0,6.4,4.357,0.0,4.357,0
2025-01-15 18:00:00,11.5,1028.1,5.0,302.0,5.7,2.592,0.0,2.592,0
2025-01-15 19:00:00,12.5,1027.2,4.4,295.0,4.8,1.073,0.0,1.073,0
2025-01-15 20:00:00,13.1,1026.7,4.5,303.0,5.1,-0.007,0.0,-0.007,0
2025-01-15 21:00:00,12.8,1026.7,5.0,304.0,5.5,0.016,0.0,0.016,0
2025-01-15 22:00:00,9.8,1026.9,4.5,110.0,4.9,1.05,0.0,1.05,0
2025-01-15 23:00:00,8.5,1027.3,0.8,163.0,1.2,2.887,0.0,2.887,0
2025-01-16 00:00:00,8.0,1027.7,0.7,124.0,1.4,4.895,0.0,4.895,0
2025-01-16 01:00:00,7.3,1027.7,1.5,185.0,2.3,6.499,0.0,6.499,0
2025-01-16 02:00:00,7.1,1027.6,2.0,225.0,2.3,7.238,0.0,7.238,0
2025-01-16 03:00:00,7.4,1027.6,2.5,232.0,3.0,6.867,0.0,6.867,0
2025-01-16 04:00:00,7.3,1027.0,1.9,238.0,2.2,5.778,0.0,5.778,0
2025-01-16 05:00:00,7.1,1026.8,1.3,274.0,1.6,4.163,0.0,4.163,0
2025-01-16 06:00:00,6.2,1026.8,2.2,240.0,2.7,2.448,0.0,2.448,0
2025-01-16 07:00:00,6.6,1026.0,1.8,319.0,2.1,0.853,0.0,0.853,0
2025-01-16 08:00:00,6.9,1027.0,4.9,304.0,5.4,-0.102,0.0,-0.102,0
2025-01-16 09:00:00,7.4,1026.8,4.0,295.0,4.9,-0.24,0.0,-0.24,0
2025-01-16 10:00:00,7.3,1026.5,1.7,287.0,2.3,0.879,0.0,0.879,0
2025-01-16 11:00:00,6.3,1026.8,2.9,255.0,4.0,2.753,0.0,2.753,0
2025-01-16 12:00:00,5.8,1026.5,1.5,244.0,2.0,4.829,0.0,4.829,0
2025-01-16 13:00:00,5.6,1026.4,3.0,231.0,4.0,6.391,0.0,6.391,0
2025-01-16 14:00:00,7.9,1026.0,4.3,227.0,5.6,7.438,0.0,7.438,0
2025-01-16 15:00:00,9.9,1025.9,4.0,230.0,5.1,7.595,0.0,7.595,0
2025-01-16 16:00:00,11.5,1025.0,3.6,230.0,5.1,6.87,0.0,6.87,0
2025-01-16 17:00:00,14.1,1023.1,4.6,275.0,6.9,5.459,0.0,5.459,0
2025-01-16 18:00:00,14.9,1021.4,5.6,276.0,7.7,3.858,0.0,3.858,0
2025-01-16 19:00:00,15.2,1019.7,6.8,290.0,8.2,2.08,0.0,2.08,0
2025-01-16 20:00:00,16.3,1019.0,5.1,268.0,7.1,0.449,0.0,0.449,0
2025-01-16 21:00:00,16.5,1018.4,6.7,282.0,9.9,-0.423,0.0,-0.423,0
2025-01-16 22:00:00,15.3,1018.7,4.9,273.0,8.0,-0.049,0.0,-0.049,0
2025-01-16 23:00:00,13.4,1019.0,3.5,268.0,4.7,1.535,0.0,1.535,0
2025-01-17 00:00:00,10.5,1019.4,2.3,239.0,2.9,3.56,0.0,3.56,0
2025-01-17 01:00:00,9.7,1019.8,2.5,244.0,3.1,5.302,0.0,5.302,0
2025-01-17 02:00:00,10.2,1020.1,2.9,250.0,4.1,6.401,0.0,6.401,0
2025-01-17 03:00:00,9.8,1020.5,2.6,241.0,3.8,6.394,0.0,6.394,0
2025-01-17 04:00:00,9.9,1020.7,3.5,252.0,5.1,5.879,0.0,5.879,0
2025-01-17 05:00:00,9.2,1020.8,2.6,255.0,3.3,4.452,0.0,4.452,0
2025-01-17 06:00:00,8.6,1020.5,3.3,263.0,5.2,2.927,0.0,2.927,0
2025-01-17 07:00:00,8.5,1020.1,3.8,270.0,5.4,1.001,0.0,1.001,0
2025-01-17 08:00:00,8.0,1020.1,3.0,279.0,4.0,0.0,0.0,0.0,0
2025-01-17 09:00:00,7.8,1020.3,3.4,284.0,4.6,-0.594,0.0,-0.594,0
2025-01-17 10:00:00,8.0,1020.4,5.2,305.0,6.0,-0.328,0.0,-0.328,0
2025-01-17 11:00:00,7.3,1021.1,3.0,309.0,3.4,1.063,0.0,1.063,0
2025-01-17 12:00:00,5.5,1021.7,1.7,339.0,2.1,3.002,0.0,3.002,0
2025-01-17 13:00:00,7.0,1022.2,2.0,325.0,2.3,4.98,0.0,4.98,0
2025-01-17 14:00:00,8.9,1022.9,3.5,305.0,4.1,6.375,0.0,6.375,0
2025-01-17 15:00:00,10.7,1023.3,3.1,335.0,4.0,7.116,0.0,7.116,0
2025-01-17 16:00:00,13.1,1023.1,1.7,6.0,1.9,6.916,0.0,6.916,0
2025-01-17 17:00:00,11.8,1022.3,1.6,103.0,2.0,6.033,0.0,6.033,0
2025-01-17 18:00:00,11.6,1021.3,2.8,107.0,3.3,4.636,0.0,4.636,0
2025-01-17 19:00:00,11.0,1020.6,4.7,105.0,5.0,3.002,0.0,3.002,0
2025-01-17 20:00:00,11.4,1020.0,4.5,113.0,5.6,1.421,0.0,1.421,0
2025-01-17 21:00:00,11.5,1020.1,4.4,123.0,5.8,0.259,0.0,0.259,0
2025-01-17 22:00:00,10.6,1020.3,3.2,123.0,4.2,-0.013,0.0,-0.013,0
2025-01-17 23:00:00,9.3,1020.0,1.6,115.0,1.9,1.014,0.0,1.014,0
2025-01-18 00:00:00,8.6,1019.9,1.5,125.0,1.6,2.759,0.0,2.759,0
2025-01-18 01:00:00,8.5,1020.6,0.6,119.0,0.8,4.629,0.0,4.629,0
2025-01-18 02:00:00,8.1,1020.4,1.5,101.0,1.6,5.853,0.0,5.853,0
2025-01-18 03:00:00,8.8,1020.0,2.1,126.0,2.4,6.503,0.0,6.503,0
2025-01-18 04:00:00,9.7,1019.4,2.3,134.0,2.7,6.739,0.0,6.739,0
2025-01-18 05:00:00,9.3,1018.7,1.6,142.0,2.2,6.03,0.0,6.03,0
2025-01-18 06:00:00,9.2,1017.4,1.4,112.0,1.5,4.911,0.0,4.911,0
2025-01-18 07:00:00,9.3,1017.6,1.6,118.0,1.8,3.583,0.0,3.583,0
2025-01-18 08:00:00,9.5,1017.4,0.3,6.0,0.6,2.165,0.0,2.165,0
2025-01-18 09:00:00,9.9,1017.2,0.0,52.0,0.0,0.994,0.0,0.994,0
2025-01-18 10:00:00,10.1,1015.7,1.7,91.0,1.8,0.755,0.0,0.755,0
2025-01-18 11:00:00,10.1,1015.4,3.2,114.0,3.3,1.378,0.0,1.378,0
2025-01-18 12:00:00,11.4,1013.4,4.6,131.0,5.9,2.861,0.0,2.861,0
2025-01-18 13:00:00,12.9,1012.8,5.2,148.0,7.1,4.721,0.0,4.721,0
2025-01-18 14:00:00,12.6,1013.5,1.3,206.0,2.9,6.486,0.0,6.486,0
2025-01-18 15:00:00,12.2,1014.4,1.7,350.0,2.6,7.408,0.0,7.408,0
2025-01-18 16:00:00,11.8,1015.3,4.2,346.0,5.5,7.562,0.0,7.562,0
2025-01-18 17:00:00,11.0,1015.7,6.6,343.0,8.3,6.969,0.0,6.969,0
2025-01-18 18:00:00,10.3,1014.6,3.6,6.0,4.2,5.922,0.0,5.922,0
2025-01-18 19:00:00,10.4,1013.0,0.8,107.0,1.5,4.281,0.0,4.281,0
2025-01-18 20:00:00,10.6,1012.3,1.9,160.0,3.6,2.612,0.0,2.612,0
2025-01-18 21:00:00,10.8,1012.3,2.3,176.0,3.7,1.168,0.0,1.168,0
2025-01-18 22:00:00,11.0,1012.7,2.6,210.0,3.8,0.44,0.0,0.44,0
2025-01-18 23:00:00,10.9,1013.0,2.6,209.0,4.2,1.01,0.0,1.01,0
2025-01-19 00:00:00,10.8,1013.0,2.6,213.0,4.0,2.552,0.0,2.552,0
2025-01-19 01:00:00,11.0,1012.2,2.4,204.0,3.8,4.16,0.0,4.16,0
2025-01-19 02:00:00,11.4,1012.3,2.5,209.0,3.8,5.509,0.0,5.509,0
2025-01-19 03:00:00,11.5,1012.4,2.9,198.0,5.4,6.48,0.0,6.48,0
2025-01-19 04:00:00,12.4,1009.8,6.3,185.0,10.5,6.89,0.0,6.89,0
2025-01-19 05:00:00,12.7,1010.5,3.8,191.0,6.7,6.562,0.0,6.562,0
2025-01-19 06:00:00,13.3,1010.8,5.7,226.0,11.2,5.984,0.0,5.984,0
2025-01-19 07:00:00,13.5,1009.8,5.9,209.0,9.1,4.596,0.0,4.596,0
2025-01-19 08:00:00,13.8,1009.6,5.9,204.0,9.0,3.248,0.0,3.248,0
2025-01-19 09:00:00,13.5,1009.0,2.9,193.0,4.8,2.001,0.0,2.001,0
2025-01-19 10:00:00,13.5,1009.5,5.0,200.0,9.1,1.407,0.0,1.407,0
2025-01-19 11:00:00,13.7,1009.1,5.6,202.0,10.0,1.509,0.0,1.509,0
2025-01-19 12:00:00,13.6,1009.4,5.0,196.0,10.0,2.06,0.0,2.06,0
2025-01-19 13:00:00,13.1,1010.1,5.9,217.0,8.0,3.323,0.0,3.323,0
2025-01-19 14:00:00,12.9,1010.3,3.9,228.0,5.8,4.57,0.0,4.57,0
2025-01-19 15:00:00,13.2,1010.8,5.1,218.0,7.5,5.574,0.0,5.574,0
2025-01-19 16:00:00,13.7,1011.4,4.0,224.0,6.1,6.45,0.0,6.45,0
2025-01-19 17:00:00,14.3,1010.4,3.7,229.0,5.6,6.699,0.0,6.699,0
2025-01-19 18:00:00,14.1,1009.4,4.1,219.0,5.5,6.165,0.0,6.165,0
2025-01-19 19:00:00,14.2,1009.1,3.5,206.0,4.5,5.013,0.0,5.013,0
2025-01-19 20:00:00,16.4,1009.6,7.5,283.0,10.4,3.56,0.0,3.56,0
2025-01-19 21:00:00,15.3,1010.8,9.0,299.0,10.5,1.686,0.0,1.686,0
2025-01-19 22:00:00,14.7,1011.9,5.1,281.0,6.5,0.315,0.0,0.315,0
2025-01-19 23:00:00,13.7,1013.2,9.5,296.0,10.6,-0.089,0.0,-0.089,0
2025-01-20 00:00:00,12.0,1015.3,7.3,318.0,8.3,0.351,0.0,0.351,0
2025-01-20 01:00:00,10.6,1017.0,9.3,313.0,11.8,1.742,0.0,1.742,0
2025-01-20 02:00:00,8.1,1018.8,10.8,319.0,12.9,2.72,0.0,2.72,0
2025-01-20 03:00:00,6.7,1019.8,8.4,327.0,10.6,4.255,0.0,4.255,0
2025-01-20 04:00:00,5.9,1021.1,8.5,322.0,10.4,4.852,0.0,4.852,0
2025-01-20 05:00:00,5.3,1022.0,7.6,318.0,10.1,5.144,0.0,5.144,0
2025-01-20 06:00:00,4.5,1022.5,7.3,327.0,9.1,5.108,0.0,5.108,0
2025-01-20 07:00:00,3.5,1023.4,8.1,322.0,10.0,4.724,0.0,4.724,0
2025-01-20 08:00:00,2.4,1024.2,6.3,332.0,8.1,3.468,0.0,3.468,0
2025-01-20 09:00:00,1.4,1024.5,5.7,333.0,6.8,2.526,0.0,2.526,0
2025-01-20 10:00:00,0.6,1024.8,5.2,329.0,6.1,1.25,0.0,1.25,0
2025-01-20 11:00:00,0.0,1025.9,5.9,324.0,7.0,0.636,0.0,0.636,0
2025-01-20 12:00:00,-0.4,1027.1,5.4,329.0,7.4,0.702,0.0,0.702,0
2025-01-20 13:00:00,-0.6,1028.1,4.5,311.0,6.8,1.65,0.0,1.65,0
2025-01-20 14:00:00,1.0,1028.5,8.2,348.0,9.6,3.068,0.0,3.068,0
2025-01-20 15:00:00,2.6,1029.2,5.4,8.0,6.9,4.524,0.0,4.524,0
2025-01-20 16:00:00,3.7,1030.0,4.4,31.0,5.5,5.541,0.0,5.541,0
2025-01-20 17:00:00,3.9,1029.5,2.1,71.0,3.0,6.073,0.0,6.073,0
2025-01-20 18:00:00,5.2,1029.1,2.1,23.0,3.2,6.093,0.0,6.093,0
2025-01-20 19:00:00,5.3,1028.4,1.0,71.0,2.6,5.446,0.0,5.446,0
2025-01-20 20:00:00,6.0,1028.3,2.5,80.0,3.2,4.226,0.0,4.226,0
2025-01-20 21:00:00,6.4,1028.4,2.9,100.0,3.5,2.789,0.0,2.789,0
2025-01-20 22:00:00,5.9,1028.5,3.0,108.0,3.8,1.437,0.0,1.437,0
2025-01-20 23:00:00,4.7,1029.4,1.9,146.0,2.3,0.699,0.0,0.699,0
2025-01-21 00:00:00,4.7,1029.7,0.2,178.0,0.7,0.876,0.0,0.876,0
2025-01-21 01:00:00,5.2,1030.7,2.1,326.0,2.6,1.903,0.0,1.903,0
2025-01-21 02:00:00,4.8,1031.0,2.3,341.0,2.7,3.301,0.0,3.301,0
2025-01-21 03:00:00,3.3,1031.0,2.3,343.0,2.8,4.61,0.0,4.61,0
2025-01-21 04:00:00,2.0,1030.8,3.3,358.0,4.5,5.322,0.0,5.322,0
2025-01-21 05:00:00,2.6,1030.8,2.5,4.0,3.1,5.863,0.0,5.863,0
2025-01-21 06:00:00,4.8,1030.3,6.1,55.0,7.6,6.066,0.0,6.066,0
2025-01-21 07:00:00,4.6,1031.0,4.1,19.0,5.2,5.873,0.0,5.873,0
2025-01-21 08:00:00,4.5,1030.8,3.8,30.0,4.8,5.417,0.0,5.417,0
2025-01-21 09:00:00,4.2,1030.3,6.3,46.0,7.8,4.465,0.0,4.465,0
2025-01-21 10:00:00,4.0,1029.0,7.1,68.0,8.8,3.432,0.0,3.432,0
2025-01-21 11:00:00,3.5,1029.6,5.7,39.0,7.3,2.566,0.0,2.566,0
2025-01-21 12:00:00,3.1,1030.0,4.6,38.0,6.0,1.926,0.0,1.926,0
2025-01-21 13:00:00,2.4,1030.6,6.5,27.0,8.1,2.142,0.0,2.142,0
2025-01-21 14:00:00,2.2,1031.3,6.4,17.0,7.8,3.018,0.0,3.018,0
2025-01-21 15:00:00,2.3,1031.2,6.2,29.0,7.7,4.094,0.0,4.094,0
2025-01-21 16:00:00,2.4,1030.5,7.1,14.0,9.0,5.066,0.0,5.066,0
2025-01-21 17:00:00,2.9,1029.3,5.7,23.0,7.0,5.764,0.0,5.764,0
2025-01-21 18:00:00,3.4,1027.2,5.8,38.0,7.0,6.224,0.0,6.224,0
2025-01-21 19:00:00,3.4,1026.2,6.5,24.0,7.8,6.115,0.0,6.115,0
2025-01-21 20:00:00,2.5,1025.9,5.7,16.0,7.6,5.807,0.0,5.807,0
2025-01-21 21:00:00,1.0,1027.9,6.7,0.0,8.4,4.721,0.0,4.721,0
2025-01-21 22:00:00,0.3,1027.8,4.0,29.0,5.1,3.55,0.0,3.55,0
2025-01-21 23:00:00,1.6,1027.3,5.2,356.0,6.8,2.218,0.0,2.218,0
2025-01-22 00:00:00,0.7,1026.9,5.9,8.0,9.5,1.362,0.0,1.362,0
2025-01-22 01:00:00,-0.6,1028.6,4.9,360.0,6.1,1.319,0.0,1.319,0
2025-01-22 02:00:00,-0.6,1027.5,5.4,11.0,6.3,2.329,0.0,2.329,0
2025-01-22 03:00:00,-0.9,1028.2,5.3,9.0,7.1,3.396,0.0,3.396,0
2025-01-22 04:00:00,-1.6,1027.8,6.4,18.0,7.9,4.488,0.0,4.488,0
2025-01-22 05:00:00,-1.5,1027.8,5.5,23.0,6.7,5.61,0.0,5.61,0
2025-01-22 06:00:00,-1.7,1028.1,4.3,12.0,5.4,6.237,0.0,6.237,0
2025-01-22 07:00:00,-1.8,1026.8,4.7,11.0,5.9,6.877,0.0,6.877,0
2025-01-22 08:00:00,-1.8,1027.1,5.0,17.0,6.8,6.844,0.0,6.844,0
2025-01-22 09:00:00,-1.7,1026.6,4.9,24.0,6.2,6.407,0.0,6.407,0
2025-01-22 10:00:00,-2.0,1027.4,5.4,21.0,6.5,5.459,0.0,5.459,0
2025-01-22 11:00:00,-1.9,1027.3,4.7,24.0,6.3,4.383,0.0,4.383,0
2025-01-22 12:00:00,-2.2,1028.9,5.8,25.0,7.0,3.35,0.0,3.35,0
2025-01-22 13:00:00,-2.2,1030.8,6.4,24.0,9.0,2.684,0.0,2.684,0
2025-01-22 14:00:00,-2.5,1031.4,4.1,23.0,5.0,2.615,0.0,2.615,0
2025-01-22 15:00:00,-1.1,1031.5,5.4,3.0,6.9,3.14,0.0,3.14,0
2025-01-22 16:00:00,-1.3,1031.0,5.1,25.0,7.0,3.652,0.0,3.652,0
2025-01-22 17:00:00,-0.5,1030.7,6.0,28.0,7.1,4.613,0.0,4.613,0
2025-01-22 18:00:00,0.4,1029.2,6.0,15.0,7.5,5.554,0.0,5.554,0
2025-01-22 19:00:00,1.1,1028.4,7.0,7.0,9.7,6.306,0.0,6.306,0
2025-01-22 20:00:00,1.9,1028.2,5.3,35.0,7.6,6.362,0.0,6.362,0
2025-01-22 21:00:00,2.4,1028.5,4.3,45.0,5.3,5.771,0.0,5.771,0
2025-01-22 22:00:00,2.2,1028.6,4.2,49.0,5.3,4.787,0.0,4.787,0
2025-01-22 23:00:00,1.7,1028.7,4.6,44.0,5.7,3.497,0.0,3.497,0
2025-01-23 00:00:00,1.0,1029.6,2.8,26.0,3.5,2.49,0.0,2.49,0
2025-01-23 01:00:00,0.5,1029.5,3.9,25.0,4.7,1.903,0.0,1.903,0
2025-01-23 02:00:00,0.0,1029.7,3.7,25.0,4.6,1.969,0.0,1.969,0
2025-01-23 03:00:00,-0.4,1029.3,4.5,20.0,5.6,2.487,0.0,2.487,0
2025-01-23 04:00:00,-0.6,1028.5,4.7,31.0,6.0,3.53,0.0,3.53,0
2025-01-23 05:00:00,-0.6,1028.3,4.6,22.0,5.6,4.695,0.0,4.695,0
2025-01-23 06:00:00,-0.6,1027.8,5.4,26.0,5.5,5.761,0.0,5.761,0
2025-01-23 07:00:00,-0.8,1028.0,3.7,347.0,4.2,6.558,0.0,6.558,0
2025-01-23 08:00:00,-0.4,1027.0,3.9,15.0,5.2,6.89,0.0,6.89,0
2025-01-23 09:00:00,-1.7,1027.0,4.6,344.0,5.1,6.663,0.0,6.663,0
2025-01-23 10:00:00,-2.6,1027.2,3.5,350.0,4.3,5.771,0.0,5.771,0
2025-01-23 11:00:00,-2.4,1027.4,4.4,350.0,5.2,4.528,0.0,4.528,0
2025-01-23 12:00:00,-1.9,1027.6,3.2,6.0,3.8,3.35,0.0,3.35,0
2025-01-23 13:00:00,-2.2,1027.5,4.9,353.0,5.5,2.326,0.0,2.326,0
2025-01-23 14:00:00,-1.9,1028.0,3.8,9.0,5.0,1.801,0.0,1.801,0
2025-01-23 15:00:00,-0.5,1028.8,3.3,337.0,4.0,2.133,0.0,2.133,0
2025-01-23 16:00:00,1.3,1028.0,5.7,344.0,6.6,2.904,0.0,2.904,0
2025-01-23 17:00:00,3.5,1027.1,5.0,334.0,5.9,3.855,0.0,3.855,0
2025-01-23 18:00:00,4.8,1025.5,6.1,346.0,7.8,4.869,0.0,4.869,0
2025-01-23 19:00:00,4.1,1025.3,4.5,341.0,5.8,5.535,0.0,5.535,0
2025-01-23 20:00:00,4.9,1024.6,5.4,356.0,6.8,5.764,0.0,5.764,0
2025-01-23 21:00:00,5.8,1024.7,4.0,343.0,5.5,5.4,0.0,5.4,0
2025-01-23 22:00:00,5.6,1025.0,4.5,356.0,5.7,4.531,0.0,4.531,0
2025-01-23 23:00:00,4.2,1025.2,2.9,4.0,4.1,3.524,0.0,3.524,0
2025-01-24 00:00:00,3.3,1026.0,2.2,332.0,2.6,2.562,0.0,2.562,0
2025-01-24 01:00:00,2.5,1026.0,2.3,329.0,2.6,1.683,0.0,1.683,0
2025-01-24 02:00:00,1.8,1026.2,2.4,343.0,2.8,1.319,0.0,1.319,0
2025-01-24 03:00:00,0.8,1026.3,2.2,352.0,2.6,1.611,0.0,1.611,0
2025-01-24 04:00:00,1.2,1026.6,1.7,317.0,2.1,2.31,0.0,2.31,0
2025-01-24 05:00:00,1.8,1026.3,2.6,327.0,3.0,3.376,0.0,3.376,0
2025-01-24 06:00:00,1.5,1025.9,2.2,326.0,2.5,4.583,0.0,4.583,0
2025-01-24 07:00:00,0.2,1025.6,2.9,340.0,3.7,5.735,0.0,5.735,0
2025-01-24 08:00:00,0.3,1025.2,4.1,327.0,4.8,6.542,0.0,6.542,0
2025-01-24 09:00:00,0.0,1025.1,4.2,331.0,4.9,6.568,0.0,6.568,0
2025-01-24 10:00:00,-0.6,1025.0,3.4,330.0,3.9,6.132,0.0,6.132,0
2025-01-24 11:00:00,-1.2,1025.2,3.2,337.0,4.2,5.151,0.0,5.151,0
2025-01-24 12:00:00,-0.9,1025.8,4.2,337.0,4.9,4.006,0.0,4.006,0
2025-01-24 13:00:00,-0.8,1026.7,4.0,325.0,4.8,2.812,0.0,2.812,0
2025-01-24 14:00:00,1.5,1027.4,2.9,333.0,3.6,1.932,0.0,1.932,0
2025-01-24 15:00:00,5.2,1027.2,2.4,1.0,3.4,1.467,0.0,1.467,0
2025-01-24 16:00:00,6.8,1028.1,3.5,304.0,4.1,1.854,0.0,1.854,0
2025-01-24 17:00:00,8.4,1027.1,2.3,303.0,2.9,2.726,0.0,2.726,0
2025-01-24 18:00:00,8.7,1026.1,3.3,296.0,3.9,3.858,0.0,3.858,0
2025-01-24 19:00:00,7.9,1025.9,4.6,285.0,5.9,4.843,0.0,4.843,0
2025-01-24 20:00:00,7.8,1025.6,6.7,302.0,7.6,5.371,0.0,5.371,0
2025-01-24 21:00:00,7.4,1026.0,5.4,323.0,7.2,5.502,0.0,5.502,0
2025-01-24 22:00:00,6.7,1026.8,4.5,325.0,5.4,4.954,0.0,4.954,0
2025-01-24 23:00:00,5.4,1027.5,2.6,340.0,3.0,4.035,0.0,4.035,0
2025-01-25 00:00:00,4.0,1028.4,1.3,338.0,1.6,2.999,0.0,2.999,0
2025-01-25 01:00:00,4.1,1028.9,1.2,226.0,1.4,2.195,0.0,2.195,0
2025-01-25 02:00:00,3.4,1029.0,1.6,231.0,1.8,1.417,0.0,1.417,0
2025-01-25 03:00:00,2.4,1029.7,2.5,223.0,2.8,1.142,0.0,1.142,0
2025-01-25 04:00:00,2.3,1030.1,1.9,209.0,2.2,1.204,0.0,1.204,0
2025-01-25 05:00:00,1.9,1029.8,2.0,223.0,2.4,2.001,0.0,2.001,0
2025-01-25 06:00:00,1.6,1029.8,1.8,216.0,2.2,3.304,0.0,3.304,0
2025-01-25 07:00:00,1.7,1029.9,2.4,231.0,2.9,4.783,0.0,4.783,0
2025-01-25 08:00:00,1.5,1030.0,2.0,238.0,2.5,6.063,0.0,6.063,0
2025-01-25 09:00:00,0.9,1030.4,1.0,261.0,1.4,6.762,0.0,6.762,0
2025-01-25 10:00:00,1.5,1030.2,1.4,284.0,1.5,6.749,0.0,6.749,0
2025-01-25 11:00:00,0.9,1030.7,1.2,253.0,1.6,6.037,0.0,6.037,0
2025-01-25 12:00:00,2.3,1031.7,2.2,324.0,2.5,4.862,0.0,4.862,0
2025-01-25 13:00:00,1.9,1032.3,1.7,322.0,1.9,3.494,0.0,3.494,0
2025-01-25 14:00:00,5.0,1032.8,0.5,224.0,1.0,2.116,0.0,2.116,0
2025-01-25 15:00:00,8.6,1033.1,0.5,260.0,0.9,1.05,0.0,1.05,0
2025-01-25 16:00:00,9.7,1033.4,0.7,92.0,0.9,0.801,0.0,0.801,0
2025-01-25 17:00:00,11.7,1033.2,1.3,313.0,1.5,1.257,0.0,1.257,0
2025-01-25 18:00:00,9.4,1031.9,2.3,118.0,2.9,2.28,0.0,2.28,0
2025-01-25 19:00:00,10.8,1031.1,2.8,168.0,4.9,3.474,0.0,3.474,0
2025-01-25 20:00:00,11.3,1031.1,2.6,187.0,4.2,4.469,0.0,4.469,0
2025-01-25 21:00:00,11.2,1030.9,2.5,197.0,4.1,5.092,0.0,5.092,0
2025-01-25 22:00:00,9.7,1030.8,2.9,180.0,3.9,5.272,0.0,5.272,0
2025-01-25 23:00:00,7.2,1031.1,1.3,183.0,2.0,4.987,0.0,4.987,0
2025-01-26 00:00:00,6.2,1031.3,2.0,174.0,2.3,4.094,0.0,4.094,0
2025-01-26 01:00:00,7.0,1031.0,2.5,162.0,4.1,3.081,0.0,3.081,0
2025-01-26 02:00:00,5.1,1031.8,0.8,216.0,1.0,1.745,0.0,1.745,0
2025-01-26 03:00:00,5.3,1031.9,0.8,263.0,1.1,0.719,0.0,0.719,0
2025-01-26 04:00:00,4.7,1031.9,1.0,307.0,1.2,0.125,0.0,0.125,0
2025-01-26 05:00:00,3.4,1031.2,0.8,299.0,1.0,0.522,0.0,0.522,0
2025-01-26 06:00:00,3.8,1031.1,1.2,280.0,1.3,1.604,0.0,1.604,0
2025-01-26 07:00:00,3.5,1030.8,0.7,270.0,0.9,3.251,0.0,3.251,0
2025-01-26 08:00:00,3.2,1030.5,0.2,337.0,0.3,4.925,0.0,4.925,0
2025-01-26 09:00:00,3.5,1030.2,0.3,5.0,0.6,6.22,0.0,6.22,0
2025-01-26 10:00:00,3.6,1030.2,1.5,324.0,1.7,6.772,0.0,6.772,0
2025-01-26 11:00:00,2.9,1031.0,2.2,332.0,2.5,6.644,0.0,6.644,0
2025-01-26 12:00:00,2.4,1031.3,1.4,344.0,1.6,5.886,0.0,5.886,0
2025-01-26 13:00:00,3.0,1031.5,1.5,335.0,1.8,4.564,0.0,4.564,0
2025-01-26 14:00:00,6.3,1031.8,2.4,305.0,2.9,2.999,0.0,2.999,0
2025-01-26 15:00:00,10.2,1031.8,1.3,304.0,1.5,1.624,0.0,1.624,0
2025-01-26 16:00:00,11.7,1031.9,3.1,316.0,3.5,0.554,0.0,0.554,0
2025-01-26 17:00:00,12.3,1031.2,5.8,306.0,6.8,0.279,0.0,0.279,0
2025-01-26 18:00:00,13.3,1029.8,4.1,301.0,5.0,0.814,0.0,0.814,0
2025-01-26 19:00:00,14.2,1028.6,2.9,289.0,4.0,2.116,0.0,2.116,0
2025-01-26 20:00:00,15.0,1027.8,2.8,298.0,4.3,3.356,0.0,3.356,0
2025-01-26 21:00:00,17.1,1026.8,1.8,304.0,2.1,4.564,0.0,4.564,0
2025-01-26 22:00:00,12.0,1027.0,2.0,171.0,2.9,5.44,0.0,5.44,0
2025-01-26 23:00:00,9.0,1026.8,2.2,184.0,3.8,5.591,0.0,5.591,0
2025-01-27 00:00:00,7.9,1026.8,1.0,186.0,1.7,5.098,0.0,5.098,0
2025-01-27 01:00:00,7.7,1027.2,1.6,210.0,1.9,4.078,0.0,4.078,0
2025-01-27 02:00:00,8.0,1027.3,1.7,200.0,2.3,2.457,0.0,2.457,0
2025-01-27 03:00:00,7.4,1026.9,1.5,213.0,1.8,1.276,0.0,1.276,0
2025-01-27 04:00:00,7.3,1026.3,1.0,185.0,1.2,0.089,0.0,0.089,0
2025-01-27 05:00:00,6.7,1026.0,1.6,227.0,1.7,-0.43,0.0,-0.43,0
2025-01-27 06:00:00,6.6,1025.2,1.9,231.0,2.3,0.125,0.0,0.125,0
2025-01-27 07:00:00,6.5,1024.5,1.9,217.0,2.3,1.601,0.0,1.601,0
2025-01-27 08:00:00,6.5,1023.6,2.1,191.0,2.8,3.478,0.0,3.478,0
2025-01-27 09:00:00,6.7,1023.7,2.1,254.0,2.5,5.423,0.0,5.423,0
2025-01-27 10:00:00,6.2,1023.5,1.3,320.0,1.7,6.745,0.0,6.745,0
2025-01-27 11:00:00,6.5,1023.4,0.0,318.0,0.2,7.274,0.0,7.274,0
2025-01-27 12:00:00,6.7,1023.7,0.6,341.0,0.7,6.972,0.0,6.972,0
2025-01-27 13:00:00,6.9,1024.0,0.5,258.0,0.6,6.125,0.0,6.125,0
2025-01-27 14:00:00,7.6,1024.3,1.3,208.0,1.9,4.675,0.0,4.675,0
2025-01-27 15:00:00,9.7,1024.2,2.0,208.0,2.7,3.015,0.0,3.015,0
2025-01-27 16:00:00,9.7,1024.2,2.7,29.0,3.4,1.48,0.0,1.48,0
2025-01-27 17:00:00,10.4,1023.8,2.1,36.0,2.5,0.456,0.0,0.456,0
2025-01-27 18:00:00,10.0,1022.4,0.4,147.0,0.7,0.302,0.0,0.302,0
2025-01-27 19:00:00,11.7,1020.6,1.2,296.0,1.4,0.84,0.0,0.84,0
2025-01-27 20:00:00,9.1,1019.9,1.0,105.0,2.2,2.336,0.0,2.336,0
2025-01-27 21:00:00,10.7,1019.1,0.0,113.0,0.5,3.944,0.0,3.944,0
2025-01-27 22:00:00,9.9,1018.5,1.9,160.0,2.9,5.338,0.0,5.338,0
2025-01-27 23:00:00,9.3,1018.3,1.1,229.0,1.2,6.234,0.0,6.234,0
2025-01-28 00:00:00,9.0,1017.8,1.4,198.0,2.3,6.352,0.0,6.352,0
2025-01-28 01:00:00,8.9,1017.7,3.5,219.0,4.6,5.719,0.0,5.719,0
2025-01-28 02:00:00,9.0,1017.9,1.0,237.0,1.3,4.403,0.0,4.403,0
2025-01-28 03:00:00,9.8,1018.0,2.5,237.0,3.4,2.733,0.0,2.733,0
2025-01-28 04:00:00,10.9,1017.9,3.0,278.0,4.2,0.965,0.0,0.965,0
2025-01-28 05:00:00,11.3,1017.4,3.3,291.0,4.1,-0.384,0.0,-0.384,0
2025-01-28 06:00:00,11.6,1017.3,6.6,314.0,9.4,-0.758,0.0,-0.758,0
2025-01-28 07:00:00,10.6,1017.1,3.2,302.0,3.6,0.016,0.0,0.016,0
2025-01-28 08:00:00,10.4,1016.8,2.7,255.0,3.5,1.713,0.0,1.713,0
2025-01-28 09:00:00,10.0,1016.9,3.8,290.0,4.7,3.707,0.0,3.707,0
2025-01-28 10:00:00,10.2,1017.0,5.1,286.0,7.4,5.735,0.0,5.735,0
2025-01-28 11:00:00,9.6,1017.3,6.1,299.0,8.0,6.929,0.0,6.929,0
2025-01-28 12:00:00,9.0,1017.8,6.7,292.0,8.8,7.241,0.0,7.241,0
2025-01-28 13:00:00,8.6,1018.5,5.7,292.0,7.0,6.804,0.0,6.804,0
2025-01-28 14:00:00,9.8,1019.1,6.2,290.0,7.0,5.62,0.0,5.62,0
2025-01-28 15:00:00,10.7,1019.2,6.7,294.0,7.5,4.091,0.0,4.091,0
2025-01-28 16:00:00,11.2,1018.8,6.3,291.0,7.4,2.336,0.0,2.336,0
2025-01-28 17:00:00,12.6,1017.9,5.8,293.0,6.7,0.833,0.0,0.833,0
2025-01-28 18:00:00,14.4,1016.8,5.2,289.0,6.2,-0.302,0.0,-0.302,0
2025-01-28 19:00:00,15.0,1015.8,7.3,288.0,8.6,-0.364,0.0,-0.364,0
2025-01-28 20:00:00,16.2,1015.0,8.5,301.0,10.3,0.6,0.0,0.6,0
2025-01-28 21:00:00,17.2,1014.8,6.1,284.0,7.4,2.123,0.0,2.123,0
2025-01-28 22:00:00,15.9,1015.2,6.1,286.0,7.2,3.967,0.0,3.967,0
2025-01-28 23:00:00,14.7,1016.0,3.8,279.0,4.8,5.561,0.0,5.561,0
2025-01-29 00:00:00,13.8,1016.7,3.1,262.0,4.2,6.385,0.0,6.385,0
2025-01-29 01:00:00,12.0,1017.3,2.4,232.0,2.9,6.161,0.0,6.161,0
2025-01-29 02:00:00,9.5,1017.2,2.5,246.0,3.1,5.217,0.0,5.217,0
2025-01-29 03:00:00,8.6,1017.6,3.0,234.0,3.5,3.75,0.0,3.75,0
2025-01-29 04:00:00,8.0,1017.9,2.4,240.0,2.7,1.778,0.0,1.778,0
2025-01-29 05:00:00,7.6,1017.7,3.1,232.0,3.7,0.062,0.0,0.062,0
2025-01-29 06:00:00,8.9,1017.8,3.2,262.0,4.5,-1.037,0.0,-1.037,0
2025-01-29 07:00:00,8.7,1017.5,3.0,260.0,4.3,-1.007,0.0,-1.007,0
2025-01-29 08:00:00,7.8,1017.3,3.1,252.0,4.0,0.131,0.0,0.131,0
2025-01-29 09:00:00,6.5,1017.0,2.4,242.0,3.1,1.926,0.0,1.926,0
2025-01-29 10:00:00,6.5,1017.0,2.5,250.0,3.0,4.108,0.0,4.108,0
2025-01-29 11:00:00,8.0,1017.4,2.5,266.0,3.6,6.027,0.0,6.027,0
2025-01-29 12:00:00,7.0,1017.8,2.0,235.0,2.4,7.136,0.0,7.136,0
2025-01-29 13:00:00,8.4,1018.0,2.8,252.0,3.9,7.336,0.0,7.336,0
2025-01-29 14:00:00,11.2,1018.3,2.8,262.0,4.4,6.841,0.0,6.841,0
2025-01-29 15:00:00,12.4,1018.5,7.1,306.0,8.2,5.404,0.0,5.404,0
2025-01-29 16:00:00,14.0,1018.5,5.4,301.0,6.1,3.714,0.0,3.714,0
2025-01-29 17:00:00,16.9,1017.9,5.2,289.0,5.9,1.837,0.0,1.837,0
2025-01-29 18:00:00,19.7,1016.8,5.3,270.0,7.3,0.2,0.0,0.2,0
2025-01-29 19:00:00,20.1,1015.9,8.7,287.0,10.5,-0.735,0.0,-0.735,0
2025-01-29 20:00:00,19.7,1015.6,7.5,286.0,9.5,-1.063,0.0,-1.063,0
2025-01-29 21:00:00,20.1,1015.6,5.7,279.0,7.9,0.259,0.0,0.259,0
2025-01-29 22:00:00,20.6,1015.6,4.7,275.0,6.6,2.07,0.0,2.07,0
2025-01-29 23:00:00,18.5,1016.3,3.3,260.0,4.6,4.216,0.0,4.216,0
2025-01-30 00:00:00,17.3,1017.2,3.4,269.0,4.9,5.948,0.0,5.948,0
2025-01-30 01:00:00,16.9,1018.0,3.7,263.0,5.1,6.663,0.0,6.663,0
2025-01-30 02:00:00,12.7,1018.7,2.4,224.0,2.9,6.28,0.0,6.28,0
2025-01-30 03:00:00,12.0,1019.3,1.4,263.0,2.0,5.03,0.0,5.03,0
2025-01-30 04:00:00,12.7,1019.4,2.8,259.0,3.7,3.196,0.0,3.196,0
2025-01-30 05:00:00,13.2,1019.4,3.6,276.0,4.7,1.158,0.0,1.158,0
2025-01-30 06:00:00,12.6,1019.6,5.1,299.0,5.6,-0.669,0.0,-0.669,0
2025-01-30 07:00:00,11.6,1020.1,3.2,293.0,4.3,-1.64,0.0,-1.64,0
2025-01-30 08:00:00,10.7,1020.3,3.5,300.0,3.6,-1.342,0.0,-1.342,0
2025-01-30 09:00:00,9.2,1020.4,1.5,334.0,1.7,0.364,0.0,0.364,0
2025-01-30 10:00:00,8.6,1020.5,1.4,1.0,1.9,2.5,0.0,2.5,0
2025-01-30 11:00:00,8.4,1021.3,1.1,349.0,1.4,4.879,0.0,4.879,0
2025-01-30 12:00:00,8.4,1021.8,1.3,6.0,1.4,6.886,0.0,6.886,0
2025-01-30 13:00:00,9.5,1022.7,1.9,24.0,2.0,7.477,0.0,7.477,0
2025-01-30 14:00:00,12.3,1023.5,1.5,31.0,1.8,7.487,0.0,7.487,0
2025-01-30 15:00:00,13.4,1024.1,4.5,56.0,5.6,6.772,0.0,6.772,0
2025-01-30 16:00:00,13.3,1024.4,6.2,76.0,8.6,5.374,0.0,5.374,0
2025-01-30 17:00:00,11.8,1024.2,4.5,100.0,5.2,3.566,0.0,3.566,0
2025-01-30 18:00:00,12.1,1023.6,3.3,97.0,6.2,1.631,0.0,1.631,0
2025-01-30 19:00:00,12.1,1022.6,3.4,86.0,4.3,-0.095,0.0,-0.095,0
2025-01-30 20:00:00,11.7,1022.1,3.1,109.0,3.6,-1.017,0.0,-1.017,0
2025-01-30 21:00:00,11.5,1021.9,3.5,100.0,3.9,-0.6,0.0,-0.6,0
2025-01-30 22:00:00,11.4,1021.8,3.1,108.0,3.4,1.312,0.0,1.312,0
2025-01-30 23:00:00,10.7,1021.8,2.3,95.0,2.7,3.366,0.0,3.366,0
2025-01-31 00:00:00,10.4,1021.9,2.8,99.0,3.1,5.597,0.0,5.597,0
2025-01-31 01:00:00,10.5,1022.0,2.9,97.0,3.0,6.949,0.0,6.949,0
2025-01-31 02:00:00,10.2,1021.8,2.4,104.0,2.5,7.329,0.0,7.329,0
2025-01-31 03:00:00,10.3,1021.9,1.0,93.0,1.2,6.65,0.0,6.65,0
2025-01-31 04:00:00,10.1,1021.9,1.8,103.0,1.9,5.075,0.0,5.075,0
2025-01-31 05:00:00,10.1,1021.3,1.6,142.0,2.0,3.281,0.0,3.281,0
2025-01-31 06:00:00,10.1,1020.5,1.1,196.0,1.4,1.257,0.0,1.257,0
2025-01-31 07:00:00,10.9,1020.0,0.6,198.0,1.4,-0.41,0.0,-0.41,0
2025-01-31 08:00:00,12.5,1019.2,2.2,193.0,3.3,-1.129,0.0,-1.129,0
2025-01-31 09:00:00,13.8,1018.7,3.3,209.0,5.0,-0.469,0.0,-0.469,0
2025-01-31 10:00:00,13.5,1018.5,2.5,211.0,3.9,1.358,0.0,1.358,0
2025-01-31 11:00:00,13.0,1019.1,2.5,215.0,3.8,3.432,0.0,3.432,0
2025-01-31 12:00:00,13.3,1019.0,3.2,203.0,4.5,5.65,0.0,5.65,0
2025-01-31 13:00:00,12.3,1019.7,2.4,213.0,3.5,7.123,0.0,7.123,0
2025-01-31 14:00:00,12.8,1020.0,2.6,202.0,3.8,7.605,0.0,7.605,0
2025-01-31 15:00:00,13.7,1020.0,2.9,216.0,4.5,7.339,0.0,7.339,0
2025-01-31 16:00:00,16.3,1019.6,3.2,202.0,6.2,6.378,0.0,6.378,0
2025-01-31 17:00:00,17.0,1018.5,5.1,207.0,7.7,4.738,0.0,4.738,0
2025-01-31 18:00:00,17.7,1017.2,5.4,213.0,7.8,2.91,0.0,2.91,0
2025-01-31 19:00:00,19.0,1016.4,5.8,216.0,10.4,0.915,0.0,0.915,0
2025-01-31 20:00:00,18.6,1015.5,5.7,213.0,9.2,-0.62,0.0,-0.62,0
2025-01-31 21:00:00,17.4,1014.8,5.8,215.0,8.1,-1.447,0.0,-1.447,0
2025-01-31 22:00:00,16.4,1014.4,4.2,199.0,8.0,-0.361,0.0,-0.361,0
2025-01-31 23:00:00,16.0,1013.5,4.7,196.0,9.7,1.726,0.0,1.726,0
2025-02-01 00:00:00,15.8,1012.7,4.4,205.0,9.2,4.085,0.0,4.085,0
2025-02-01 01:00:00,15.2,1013.4,7.4,218.0,9.6,6.188,0.0,6.188,0
2025-02-01 02:00:00,15.0,1013.2,6.2,211.0,9.6,7.27,0.0,7.27,0
2025-02-01 03:00:00,14.5,1013.4,5.2,214.0,7.9,7.297,0.0,7.297,0
2025-02-01 04:00:00,14.8,1012.8,4.9,214.0,7.2,6.191,0.0,6.191,0
2025-02-01 05:00:00,14.6,1015.0,12.8,319.0,15.3,4.557,0.0,4.557,0
2025-02-01 06:00:00,14.0,1015.3,6.5,294.0,7.2,2.398,0.0,2.398,0
2025-02-01 07:00:00,14.5,1015.2,3.9,283.0,5.3,0.305,0.0,0.305,0
2025-02-01 08:00:00,14.4,1015.3,7.0,293.0,8.0,-1.037,0.0,-1.037,0
2025-02-01 09:00:00,14.1,1016.1,8.2,297.0,10.1,-1.67,0.0,-1.67,0
2025-02-01 10:00:00,12.8,1016.7,5.1,302.0,5.6,-1.115,0.0,-1.115,0
2025-02-01 11:00:00,11.6,1017.6,3.0,302.0,3.7,0.961,0.0,0.961,0
2025-02-01 12:00:00,11.5,1018.9,3.1,303.0,3.6,3.212,0.0,3.212,0
2025-02-01 13:00:00,11.9,1019.8,3.6,296.0,4.5,5.098,0.0,5.098,0
2025-02-01 14:00:00,14.0,1020.9,3.1,286.0,4.0,6.535,0.0,6.535,0
2025-02-01 15:00:00,14.7,1021.4,3.1,296.0,3.7,6.975,0.0,6.975,0
2025-02-01 16:00:00,16.8,1021.7,1.8,281.0,2.3,6.88,0.0,6.88,0
2025-02-01 17:00:00,18.3,1021.6,1.5,302.0,1.8,5.633,0.0,5.633,0
2025-02-01 18:00:00,16.8,1020.9,1.7,205.0,2.6,3.953,0.0,3.953,0
2025-02-01 19:00:00,15.6,1020.5,3.2,113.0,3.6,2.014,0.0,2.014,0
2025-02-01 20:00:00,16.3,1020.4,2.5,104.0,2.7,-0.177,0.0,-0.177,0
2025-02-01 21:00:00,17.4,1020.8,2.6,176.0,3.7,-1.64,0.0,-1.64,0
2025-02-01 22:00:00,16.7,1021.2,2.2,150.0,2.8,-1.762,0.0,-1.762,0
2025-02-01 23:00:00,14.4,1021.7,3.3,153.0,4.4,-0.197,0.0,-0.197,0
2025-02-02 00:00:00,12.8,1022.6,1.4,174.0,2.0,2.044,0.0,2.044,0
2025-02-02 01:00:00,13.6,1023.2,3.0,145.0,4.0,4.695,0.0,4.695,0
2025-02-02 02:00:00,13.3,1023.4,2.8,144.0,3.8,6.657,0.0,6.657,0
2025-02-02 03:00:00,13.9,1023.6,3.5,136.0,4.5,6.926,0.0,6.926,0
2025-02-02 04:00:00,11.7,1023.8,1.6,111.0,1.7,6.906,0.0,6.906,0
2025-02-02 05:00:00,11.3,1023.8,2.1,76.0,2.4,5.735,0.0,5.735,0
2025-02-02 06:00:00,11.5,1023.8,2.6,68.0,3.0,4.193,0.0,4.193,0
2025-02-02 07:00:00,11.5,1023.5,1.0,54.0,1.3,2.388,0.0,2.388,0
2025-02-02 08:00:00,12.2,1023.6,1.6,45.0,2.4,0.669,0.0,0.669,0
2025-02-02 09:00:00,12.1,1023.9,3.8,52.0,4.8,-0.502,0.0,-0.502,0
2025-02-02 10:00:00,12.1,1024.4,5.6,65.0,7.3,-0.692,0.0,-0.692,0
2025-02-02 11:00:00,11.2,1024.3,7.0,73.0,8.7,0.397,0.0,0.397,0
2025-02-02 12:00:00,10.8,1025.2,6.9,70.0,8.5,2.379,0.0,2.379,0
2025-02-02 13:00:00,10.7,1025.6,8.4,78.0,9.8,4.347,0.0,4.347,0
2025-02-02 14:00:00,10.6,1026.0,8.7,80.0,10.9,6.102,0.0,6.102,0
2025-02-02 15:00:00,10.8,1026.1,7.7,70.0,10.6,7.218,0.0,7.218,0
2025-02-02 16:00:00,10.8,1026.3,6.7,71.0,8.8,7.608,0.0,7.608,0
2025-02-02 17:00:00,11.5,1025.8,7.1,70.0,8.1,7.021,0.0,7.021,0
2025-02-02 18:00:00,11.8,1024.6,7.7,80.0,10.0,5.886,0.0,5.886,0
2025-02-02 19:00:00,11.6,1023.6,6.1,87.0,7.2,4.104,0.0,4.104,0
2025-02-02 20:00:00,11.9,1022.8,5.4,98.0,6.5,2.254,0.0,2.254,0
2025-02-02 21:00:00,12.2,1022.6,6.3,97.0,7.4,0.479,0.0,0.479,0
2025-02-02 22:00:00,12.0,1023.1,4.4,80.0,5.3,-0.427,0.0,-0.427,0
2025-02-02 23:00:00,11.6,1022.8,4.4,94.0,5.1,-0.171,0.0,-0.171,0
2025-02-03 00:00:00,11.3,1023.3,3.2,86.0,4.0,1.388,0.0,1.388,0
2025-02-03 01:00:00,11.2,1023.6,2.9,84.0,3.4,3.478,0.0,3.478,0
2025-02-03 02:00:00,11.0,1024.1,1.6,60.0,1.9,5.561,0.0,5.561,0
2025-02-03 03:00:00,11.1,1023.6,3.1,90.0,3.4,7.07,0.0,7.07,0
2025-02-03 04:00:00,11.0,1023.4,3.0,78.0,3.6,7.664,0.0,7.664,0
2025-02-03 05:00:00,10.8,1022.9,1.8,84.0,2.3,7.32,0.0,7.32,0
2025-02-03 06:00:00,10.6,1023.1,2.3,60.0,3.0,6.227,0.0,6.227,0
2025-02-03 07:00:00,10.8,1022.8,3.1,92.0,3.5,4.718,0.0,4.718,0
2025-02-03 08:00:00,11.0,1022.7,4.1,72.0,4.8,3.005,0.0,3.005,0
2025-02-03 09:00:00,10.9,1022.8,3.0,76.0,3.6,1.368,0.0,1.368,0
2025-02-03 10:00:00,10.6,1022.8,1.7,59.0,2.2,0.207,0.0,0.207,0
2025-02-03 11:00:00,9.0,1023.2,0.6,32.0,1.0,-0.01,0.0,-0.01,0
2025-02-03 12:00:00,9.8,1023.6,3.1,74.0,3.8,1.06,0.0,1.06,0
2025-02-03 13:00:00,9.1,1024.1,3.0,81.0,3.6,2.733,0.0,2.733,0
2025-02-03 14:00:00,8.9,1024.7,3.5,78.0,4.0,4.551,0.0,4.551,0
2025-02-03 15:00:00,9.2,1025.1,2.9,95.0,3.3,6.027,0.0,6.027,0
2025-02-03 16:00:00,9.4,1025.0,3.2,98.0,3.5,7.014,0.0,7.014,0
2025-02-03 17:00:00,10.2,1024.2,2.5,111.0,2.8,7.123,0.0,7.123,0
2025-02-03 18:00:00,10.3,1023.3,2.4,112.0,2.6,6.434,0.0,6.434,0
2025-02-03 19:00:00,10.3,1022.5,3.8,104.0,4.2,5.095,0.0,5.095,0
2025-02-03 20:00:00,11.2,1022.0,2.8,102.0,3.2,3.304,0.0,3.304,0
2025-02-03 21:00:00,10.7,1021.6,3.4,102.0,3.8,1.388,0.0,1.388,0
2025-02-03 22:00:00,10.4,1021.5,3.0,102.0,3.4,-0.059,0.0,-0.059,0
2025-02-03 23:00:00,10.9,1021.2,1.6,147.0,1.9,-0.607,0.0,-0.607,0
2025-02-04 00:00:00,10.7,1021.8,2.3,170.0,3.0,0.22,0.0,0.22,0
2025-02-04 01:00:00,10.4,1021.9,1.1,175.0,1.2,2.001,0.0,2.001,0
2025-02-04 02:00:00,10.2,1022.0,1.1,192.0,1.4,3.96,0.0,3.96,0
2025-02-04 03:00:00,10.4,1021.8,1.7,215.0,2.1,5.794,0.0,5.794,0
2025-02-04 04:00:00,11.1,1021.4,0.9,189.0,1.8,6.775,0.0,6.775,0
2025-02-04 05:00:00,11.2,1021.1,2.4,219.0,3.5,7.549,0.0,7.549,0
2025-02-04 06:00:00,11.2,1020.7,2.1,225.0,2.7,7.083,0.0,7.083,0
2025-02-04 07:00:00,11.5,1020.3,2.0,225.0,2.9,6.125,0.0,6.125,0
2025-02-04 08:00:00,11.4,1019.9,2.0,254.0,2.6,4.662,0.0,4.662,0
2025-02-04 09:00:00,11.6,1019.8,2.0,249.0,3.0,2.995,0.0,2.995,0
2025-02-04 10:00:00,11.1,1020.0,2.2,234.0,3.1,1.457,0.0,1.457,0
2025-02-04 11:00:00,11.6,1020.4,2.5,255.0,3.2,0.456,0.0,0.456,0
2025-02-04 12:00:00,12.2,1020.8,2.3,253.0,2.8,0.505,0.0,0.505,0
2025-02-04 13:00:00,13.1,1021.5,2.6,267.0,3.4,1.263,0.0,1.263,0
2025-02-04 14:00:00,15.8,1021.6,2.6,260.0,3.7,2.749,0.0,2.749,0
2025-02-04 15:00:00,19.0,1021.5,2.1,275.0,2.9,4.288,0.0,4.288,0
2025-02-04 16:00:00,20.4,1021.2,2.9,301.0,3.1,5.682,0.0,5.682,0
2025-02-04 17:00:00,22.3,1020.4,4.0,303.0,4.8,6.608,0.0,6.608,0
2025-02-04 18:00:00,23.6,1019.4,2.5,288.0,3.0,6.85,0.0,6.85,0
2025-02-04 19:00:00,21.7,1018.5,2.7,194.0,4.1,6.014,0.0,6.014,0
2025-02-04 20:00:00,21.8,1018.4,3.4,205.0,4.4,4.705,0.0,4.705,0
2025-02-04 21:00:00,22.3,1018.4,2.2,203.0,3.5,2.877,0.0,2.877,0
2025-02-04 22:00:00,19.9,1018.7,3.3,206.0,4.3,1.155,0.0,1.155,0
2025-02-04 23:00:00,17.7,1019.5,2.8,199.0,3.6,-0.253,0.0,-0.253,0
2025-02-05 00:00:00,15.9,1020.3,3.3,203.0,3.8,-0.495,0.0,-0.495,0
2025-02-05 01:00:00,14.9,1020.8,1.4,209.0,2.3,0.525,0.0,0.525,0
2025-02-05 02:00:00,14.4,1021.2,2.5,220.0,2.8,2.228,0.0,2.228,0
2025-02-05 03:00:00,14.0,1021.5,1.0,222.0,1.3,4.111,0.0,4.111,0
2025-02-05 04:00:00,13.5,1021.5,0.7,238.0,1.0,5.781,0.0,5.781,0
2025-02-05 05:00:00,14.3,1021.2,1.5,199.0,1.9,6.952,0.0,6.952,0
2025-02-05 06:00:00,13.9,1021.0,1.3,214.0,1.6,7.385,0.0,7.385,0
2025-02-05 07:00:00,13.4,1020.9,1.0,221.0,1.2,7.014,0.0,7.014,0
2025-02-05 08:00:00,13.7,1020.4,1.4,236.0,1.6,6.05,0.0,6.05,0
2025-02-05 09:00:00,13.5,1020.4,1.2,218.0,1.5,4.534,0.0,4.534,0
2025-02-05 10:00:00,12.8,1020.3,0.7,217.0,0.9,2.94,0.0,2.94,0
2025-02-05 11:00:00,13.4,1020.7,1.1,236.0,1.2,1.47,0.0,1.47,0
2025-02-05 12:00:00,12.4,1021.3,0.9,320.0,1.2,0.653,0.0,0.653,0
2025-02-05 13:00:00,13.7,1021.7,1.1,215.0,1.4,0.745,0.0,0.745,0
2025-02-05 14:00:00,16.7,1022.2,1.9,230.0,2.3,1.614,0.0,1.614,0
2025-02-05 15:00:00,20.5,1022.2,0.5,318.0,0.9,2.93,0.0,2.93,0
2025-02-05 16:00:00,21.6,1022.3,1.5,240.0,2.5,4.396,0.0,4.396,0
2025-02-05 17:00:00,23.2,1021.6,2.1,214.0,2.8,5.748,0.0,5.748,0
2025-02-05 18:00:00,23.6,1020.5,2.9,211.0,4.4,6.591,0.0,6.591,0
2025-02-05 19:00:00,23.1,1019.2,2.5,194.0,5.0,6.499,0.0,6.499,0
2025-02-05 20:00:00,21.9,1018.9,2.1,204.0,3.7,5.807,0.0,5.807,0
2025-02-05 21:00:00,20.5,1018.9,2.6,209.0,4.9,4.583,0.0,4.583,0
2025-02-05 22:00:00,18.8,1019.3,1.7,226.0,2.4,3.117,0.0,3.117,0
2025-02-05 23:00:00,17.5,1019.5,0.9,181.0,1.6,1.621,0.0,1.621,0
2025-02-06 00:00:00,15.5,1020.0,0.9,164.0,1.3,0.515,0.0,0.515,0
2025-02-06 01:00:00,13.0,1020.8,5.3,74.0,6.4,0.492,0.0,0.492,0
2025-02-06 02:00:00,12.5,1021.1,3.6,84.0,5.0,1.22,0.0,1.22,0
2025-02-06 03:00:00,12.5,1021.3,2.2,89.0,3.2,2.661,0.0,2.661,0
2025-02-06 04:00:00,12.5,1020.8,3.5,101.0,3.8,4.331,0.0,4.331,0
2025-02-06 05:00:00,12.6,1020.7,3.5,94.0,4.2,5.991,0.0,5.991,0
2025-02-06 07:00:00,11.8,1020.7,2.6,85.0,3.8,7.657,0.0,7.657,0
2025-02-06 08:00:00,11.9,1020.7,2.1,83.0,2.9,7.405,0.0,7.405,0
2025-02-06 09:00:00,11.7,1020.1,2.2,85.0,3.5,6.493,0.0,6.493,0
2025-02-06 10:00:00,11.9,1019.8,2.6,87.0,3.6,5.164,0.0,5.164,0
2025-02-06 11:00:00,11.8,1019.9,2.3,85.0,3.5,3.563,0.0,3.563,0
2025-02-06 12:00:00,11.9,1020.5,2.5,90.0,3.3,2.123,0.0,2.123,0
2025-02-06 13:00:00,12.3,1021.1,0.7,87.0,0.9,1.083,0.0,1.083,0
2025-02-06 14:00:00,12.5,1021.8,1.0,59.0,1.3,0.951,0.0,0.951,0
2025-02-06 15:00:00,12.9,1021.8,1.8,103.0,2.4,1.821,0.0,1.821,0
2025-02-06 16:00:00,15.3,1021.7,1.6,219.0,2.2,3.11,0.0,3.11,0
2025-02-06 17:00:00,18.5,1021.1,1.6,189.0,2.2,4.423,0.0,4.423,0
2025-02-06 18:00:00,21.4,1019.8,2.4,208.0,4.6,5.63,0.0,5.63,0
2025-02-06 19:00:00,22.2,1018.9,2.7,190.0,5.3,6.417,0.0,6.417,0
2025-02-06 20:00:00,22.3,1018.2,2.1,206.0,3.4,6.27,0.0,6.27,0
2025-02-06 21:00:00,23.0,1017.9,1.0,152.0,1.7,5.577,0.0,5.577,0
2025-02-06 22:00:00,26.1,1018.2,3.5,267.0,4.7,4.544,0.0,4.544,0
2025-02-06 23:00:00,19.4,1018.4,2.4,195.0,3.3,3.156,0.0,3.156,0
2025-02-07 00:00:00,19.2,1018.8,2.7,244.0,3.5,1.637,0.0,1.637,0
2025-02-07 01:00:00,17.2,1019.5,1.1,239.0,1.3,0.686,0.0,0.686,0
2025-02-07 02:00:00,16.9,1019.8,2.1,205.0,2.8,0.344,0.0,0.344,0
2025-02-07 03:00:00,16.0,1020.0,2.3,202.0,2.9,0.988,0.0,0.988,0
2025-02-07 04:00:00,15.1,1019.8,1.5,221.0,1.9,2.136,0.0,2.136,0
2025-02-07 05:00:00,15.9,1019.4,2.7,217.0,4.0,3.622,0.0,3.622,0
2025-02-07 06:00:00,15.2,1019.5,1.5,230.0,2.1,5.338,0.0,5.338,0
2025-02-07 07:00:00,14.4,1019.4,1.6,217.0,2.0,6.722,0.0,6.722,0
2025-02-07 08:00:00,14.9,1019.0,1.1,203.0,1.6,7.333,0.0,7.333,0
2025-02-07 09:00:00,16.3,1019.0,0.6,244.0,0.8,7.149,0.0,7.149,0
2025-02-07 10:00:00,16.9,1019.1,1.5,221.0,2.1,6.207,0.0,6.207,0
2025-02-07 11:00:00,16.1,1019.7,1.9,256.0,2.5,4.734,0.0,4.734,0
2025-02-07 12:00:00,15.4,1020.1,3.0,232.0,3.5,3.179,0.0,3.179,0
2025-02-07 13:00:00,15.8,1020.7,2.6,227.0,3.4,1.699,0.0,1.699,0
2025-02-07 14:00:00,20.6,1021.5,3.0,277.0,4.4,0.669,0.0,0.669,0
2025-02-07 15:00:00,22.3,1021.8,2.2,250.0,3.7,0.492,0.0,0.492,0
2025-02-07 16:00:00,21.7,1022.2,7.4,311.0,8.6,1.257,0.0,1.257,0
2025-02-07 17:00:00,20.9,1021.4,5.5,311.0,6.4,2.379,0.0,2.379,0
2025-02-07 18:00:00,22.0,1020.3,3.6,292.0,4.2,3.796,0.0,3.796,0
2025-02-07 19:00:00,23.2,1019.2,3.3,301.0,3.6,5.046,0.0,5.046,0
2025-02-07 20:00:00,25.5,1019.0,3.0,261.0,4.0,5.761,0.0,5.761,0
2025-02-07 21:00:00,26.4,1019.0,2.6,287.0,3.7,5.804,0.0,5.804,0
2025-02-07 22:00:00,26.6,1019.0,1.2,290.0,1.5,5.052,0.0,5.052,0
2025-02-07 23:00:00,18.2,1019.6,1.3,187.0,1.8,4.055,0.0,4.055,0
2025-02-08 00:00:00,17.1,1020.0,2.7,210.0,3.5,2.641,0.0,2.641,0
2025-02-08 01:00:00,16.6,1020.6,3.1,213.0,3.6,1.335,0.0,1.335,0
2025-02-08 02:00:00,16.4,1020.9,2.6,227.0,3.0,0.397,0.0,0.397,0
2025-02-08 03:00:00,18.3,1021.2,2.7,263.0,3.6,0.03,0.0,0.03,0
2025-02-08 04:00:00,18.0,1021.0,1.8,251.0,2.7,0.302,0.0,0.302,0
2025-02-08 05:00:00,17.1,1021.0,1.7,250.0,2.1,1.467,0.0,1.467,0
2025-02-08 06:00:00,16.0,1020.7,2.8,238.0,3.6,3.182,0.0,3.182,0
2025-02-08 07:00:00,15.4,1020.6,1.8,237.0,2.0,5.197,0.0,5.197,0
2025-02-08 08:00:00,15.2,1020.3,1.4,237.0,1.8,6.775,0.0,6.775,0
2025-02-08 09:00:00,14.6,1020.1,0.6,268.0,0.7,7.451,0.0,7.451,0
2025-02-08 10:00:00,15.0,1020.4,0.7,190.0,0.8,7.257,0.0,7.257,0
2025-02-08 11:00:00,14.3,1020.8,2.2,207.0,3.0,6.385,0.0,6.385,0
2025-02-08 12:00:00,14.4,1021.0,2.5,217.0,3.0,4.987,0.0,4.987,0
2025-02-08 13:00:00,15.0,1021.5,2.4,217.0,3.0,3.248,0.0,3.248,0
2025-02-08 14:00:00,17.5,1021.9,2.1,239.0,2.8,1.532,0.0,1.532,0
2025-02-08 15:00:00,20.6,1022.1,2.2,248.0,2.9,0.512,0.0,0.512,0
2025-02-08 16:00:00,21.7,1022.2,3.5,226.0,5.2,0.308,0.0,0.308,0
2025-02-08 17:00:00,22.0,1021.3,1.9,196.0,3.6,1.073,0.0,1.073,0
2025-02-08 18:00:00,22.6,1020.3,2.9,194.0,4.8,2.333,0.0,2.333,0
2025-02-08 19:00:00,22.2,1019.5,3.3,197.0,5.1,3.947,0.0,3.947,0
2025-02-08 20:00:00,22.4,1018.9,2.8,192.0,4.7,5.036,0.0,5.036,0
2025-02-08 21:00:00,20.4,1018.8,4.6,204.0,6.7,5.997,0.0,5.997,0
2025-02-08 22:00:00,18.8,1018.9,3.5,190.0,5.4,6.194,0.0,6.194,0
2025-02-08 23:00:00,16.9,1019.2,2.6,218.0,3.8,5.725,0.0,5.725,0
2025-02-09 00:00:00,16.0,1019.6,2.1,202.0,4.2,4.76,0.0,4.76,0
2025-02-09 01:00:00,15.9,1019.9,2.4,220.0,3.7,3.301,0.0,3.301,0
2025-02-09 02:00:00,16.1,1019.7,5.0,217.0,7.0,1.913,0.0,1.913,0
2025-02-09 03:00:00,16.3,1019.8,3.8,223.0,6.0,0.6,0.0,0.6,0
2025-02-09 04:00:00,16.4,1019.2,3.9,222.0,5.7,-0.131,0.0,-0.131,0
2025-02-09 05:00:00,15.9,1018.9,3.3,221.0,4.5,0.217,0.0,0.217,0
2025-02-09 06:00:00,15.5,1018.6,2.3,223.0,3.1,1.654,0.0,1.654,0
2025-02-09 07:00:00,16.0,1018.2,2.7,224.0,3.9,3.481,0.0,3.481,0
2025-02-09 08:00:00,16.5,1018.3,2.3,248.0,3.3,5.499,0.0,5.499,0
2025-02-09 09:00:00,16.4,1018.0,2.2,252.0,3.4,6.381,0.0,6.381,0
2025-02-09 10:00:00,16.5,1018.5,1.0,240.0,1.8,7.362,0.0,7.362,0
2025-02-09 11:00:00,16.2,1018.6,3.0,244.0,4.6,7.188,0.0,7.188,0
2025-02-09 12:00:00,15.7,1019.4,3.1,281.0,4.2,6.316,0.0,6.316,0
2025-02-09 13:00:00,16.0,1020.9,4.3,285.0,5.4,4.738,0.0,4.738,0
2025-02-09 14:00:00,17.7,1021.2,3.4,270.0,5.4,2.838,0.0,2.838,0
2025-02-09 15:00:00,20.7,1021.0,4.4,271.0,7.0,1.421,0.0,1.421,0
2025-02-09 16:00:00,22.4,1020.9,4.5,276.0,6.2,0.308,0.0,0.308,0
2025-02-09 17:00:00,24.7,1020.1,5.2,271.0,7.2,-0.157,0.0,-0.157,0
2025-02-09 18:00:00,23.6,1019.4,5.7,315.0,6.9,0.528,0.0,0.528,0
2025-02-09 19:00:00,24.3,1018.6,4.6,298.0,5.1,1.913,0.0,1.913,0
2025-02-09 20:00:00,24.0,1018.4,4.5,297.0,5.2,3.524,0.0,3.524,0
2025-02-09 21:00:00,22.1,1018.5,2.6,187.0,4.2,4.954,0.0,4.954,0
2025-02-09 22:00:00,20.0,1019.0,2.7,206.0,4.2,5.951,0.0,5.951,0
2025-02-09 23:00:00,18.1,1019.5,3.2,212.0,4.5,6.138,0.0,6.138,0
2025-02-10 00:00:00,17.2,1019.9,3.2,215.0,4.1,5.663,0.0,5.663,0
2025-02-10 01:00:00,16.7,1020.3,2.8,207.0,3.5,4.498,0.0,4.498,0
2025-02-10 02:00:00,16.5,1020.5,2.9,208.0,3.6,2.94,0.0,2.94,0
2025-02-10 03:00:00,16.3,1020.7,2.5,199.0,3.3,1.224,0.0,1.224,0
2025-02-10 04:00:00,16.5,1020.9,3.1,220.0,3.8,-0.289,0.0,-0.289,0
2025-02-10 05:00:00,16.3,1021.1,2.7,221.0,3.0,-0.942,0.0,-0.942,0
2025-02-10 06:00:00,15.6,1021.0,2.1,229.0,2.4,-0.43,0.0,-0.43,0
2025-02-10 07:00:00,16.2,1020.9,2.2,223.0,2.6,1.181,0.0,1.181,0
2025-02-10 08:00:00,17.2,1021.0,1.7,253.0,2.2,3.182,0.0,3.182,0
2025-02-10 09:00:00,18.4,1020.9,2.7,262.0,3.9,5.236,0.0,5.236,0
2025-02-10 10:00:00,17.2,1021.1,1.3,256.0,2.3,6.709,0.0,6.709,0
2025-02-10 11:00:00,17.2,1021.6,2.5,269.0,3.1,7.323,0.0,7.323,0
2025-02-10 12:00:00,15.9,1022.3,1.8,312.0,2.3,7.096,0.0,7.096,0
2025-02-10 13:00:00,16.7,1023.2,1.6,291.0,1.7,6.194,0.0,6.194,0
2025-02-10 14:00:00,20.0,1023.4,3.1,282.0,3.4,4.554,0.0,4.554,0
2025-02-10 15:00:00,20.6,1023.5,4.1,305.0,4.4,2.733,0.0,2.733,0
2025-02-10 16:00:00,23.1,1023.6,2.1,296.0,2.8,1.266,0.0,1.266,0
2025-02-10 17:00:00,23.9,1023.4,3.5,299.0,4.0,0.141,0.0,0.141,0
2025-02-10 18:00:00,24.4,1022.5,5.1,296.0,5.7,0.148,0.0,0.148,0
2025-02-10 19:00:00,13.4,1022.9,9.7,89.0,12.2,1.388,0.0,1.388,0
2025-02-10 20:00:00,13.4,1023.1,8.7,88.0,10.6,2.805,0.0,2.805,0
2025-02-10 21:00:00,12.7,1023.8,9.5,71.0,12.1,4.4,0.0,4.4,0
2025-02-10 22:00:00,12.1,1024.2,9.1,86.0,11.7,5.787,0.0,5.787,0
2025-02-10 23:00:00,12.1,1024.6,8.3,81.0,10.1,6.693,0.0,6.693,0
2025-02-11 00:00:00,11.5,1025.5,7.3,65.0,8.9,7.021,0.0,7.021,0
2025-02-11 01:00:00,11.1,1026.3,7.6,76.0,10.1,6.404,0.0,6.404,0
2025-02-11 02:00:00,11.0,1026.5,8.9,79.0,11.1,5.436,0.0,5.436,0
2025-02-11 03:00:00,11.2,1026.7,10.0,75.0,12.6,3.97,0.0,3.97,0
2025-02-11 04:00:00,10.8,1027.0,9.7,70.0,12.4,2.231,0.0,2.231,0
2025-02-11 05:00:00,11.0,1026.5,9.2,71.0,12.0,0.919,0.0,0.919,0
2025-02-11 06:00:00,10.8,1026.0,9.0,67.0,11.6,0.518,0.0,0.518,0
2025-02-11 07:00:00,10.8,1025.1,9.3,74.0,11.2,1.207,0.0,1.207,0
2025-02-11 08:00:00,10.7,1024.6,9.4,75.0,11.7,2.736,0.0,2.736,0
2025-02-11 09:00:00,10.7,1023.9,9.3,69.0,11.9,4.885,0.0,4.885,0
2025-02-11 10:00:00,10.8,1023.3,8.0,75.0,9.9,6.654,0.0,6.654,0
2025-02-11 11:00:00,10.8,1023.4,6.6,56.0,8.3,7.825,0.0,7.825,0
2025-02-11 12:00:00,10.6,1023.1,6.3,64.0,8.7,8.32,0.0,8.32,0
2025-02-11 13:00:00,10.8,1023.1,5.5,54.0,7.1,8.156,0.0,8.156,0
2025-02-11 14:00:00,10.6,1023.4,6.5,34.0,7.7,7.09,0.0,7.09,0
2025-02-11 15:00:00,10.7,1023.4,5.0,43.0,6.5,5.771,0.0,5.771,0
2025-02-11 16:00:00,11.2,1023.1,3.1,38.0,4.4,4.245,0.0,4.245,0
2025-02-11 17:00:00,11.8,1021.8,4.3,58.0,5.9,2.434,0.0,2.434,0
2025-02-11 18:00:00,12.2,1020.5,3.6,63.0,4.5,1.352,0.0,1.352,0
2025-02-11 19:00:00,13.0,1018.6,5.2,78.0,6.9,0.994,0.0,0.994,0
2025-02-11 20:00:00,13.1,1017.6,5.4,87.0,6.6,1.726,0.0,1.726,0
2025-02-11 21:00:00,13.3,1017.1,6.1,84.0,7.3,3.264,0.0,3.264,0
2025-02-11 22:00:00,13.2,1017.0,4.7,82.0,6.1,4.839,0.0,4.839,0
2025-02-11 23:00:00,12.9,1017.2,4.5,88.0,5.3,6.417,0.0,6.417,0
2025-02-12 00:00:00,12.6,1017.5,4.1,86.0,4.8,7.441,0.0,7.441,0
2025-02-12 01:00:00,12.5,1017.3,4.6,89.0,5.5,7.717,0.0,7.717,0
2025-02-12 02:00:00,12.6,1017.6,3.9,72.0,5.2,6.959,0.0,6.959,0
2025-02-12 03:00:00,12.6,1017.6,3.4,79.0,4.1,5.614,0.0,5.614,0
2025-02-12 04:00:00,12.8,1017.1,3.3,93.0,4.0,3.852,0.0,3.852,0
2025-02-12 05:00:00,12.3,1016.6,2.3,84.0,3.0,1.873,0.0,1.873,0
2025-02-12 06:00:00,11.8,1016.3,4.0,92.0,5.0,0.453,0.0,0.453,0
2025-02-12 07:00:00,12.0,1016.0,3.0,80.0,3.4,0.148,0.0,0.148,0
2025-02-12 08:00:00,11.8,1015.7,3.1,90.0,3.6,1.152,0.0,1.152,0
2025-02-12 09:00:00,12.2,1015.4,3.7,73.0,4.2,3.064,0.0,3.064,0
2025-02-12 10:00:00,12.5,1015.1,4.4,109.0,4.9,5.207,0.0,5.207,0
2025-02-12 11:00:00,12.5,1015.6,2.3,88.0,2.6,7.057,0.0,7.057,0
2025-02-12 12:00:00,12.9,1016.0,2.3,103.0,3.0,8.12,0.0,8.12,0
2025-02-12 13:00:00,12.7,1016.9,1.7,15.0,2.3,8.353,0.0,8.353,0
2025-02-12 14:00:00,12.4,1016.9,3.1,96.0,3.8,7.74,0.0,7.74,0
2025-02-12 15:00:00,12.8,1017.0,3.4,102.0,4.0,6.424,0.0,6.424,0
2025-02-12 16:00:00,12.9,1016.5,4.5,101.0,5.3,4.856,0.0,4.856,0
2025-02-12 17:00:00,13.3,1015.8,3.6,76.0,4.6,3.13,0.0,3.13,0
2025-02-12 18:00:00,13.7,1015.6,4.6,97.0,5.5,1.598,0.0,1.598,0
2025-02-12 19:00:00,13.8,1015.2,4.9,78.0,5.8,0.833,0.0,0.833,0
2025-02-12 20:00:00,14.9,1014.0,6.0,120.0,7.1,1.086,0.0,1.086,0
2025-02-12 21:00:00,15.7,1014.2,2.0,98.0,2.5,2.349,0.0,2.349,0
2025-02-12 22:00:00,18.2,1014.2,4.1,180.0,5.9,3.944,0.0,3.944,0
2025-02-12 23:00:00,17.7,1014.5,1.9,195.0,3.7,5.564,0.0,5.564,0
2025-02-13 00:00:00,17.9,1014.6,4.0,189.0,8.0,6.89,0.0,6.89,0
2025-02-13 01:00:00,17.7,1014.8,4.6,184.0,7.6,7.677,0.0,7.677,0
2025-02-13 02:00:00,17.4,1015.2,4.3,217.0,6.9,7.608,0.0,7.608,0
2025-02-13 03:00:00,17.4,1015.2,4.7,216.0,7.5,6.575,0.0,6.575,0
2025-02-13 04:00:00,17.5,1015.2,5.7,217.0,8.1,5.089,0.0,5.089,0
2025-02-13 05:00:00,17.6,1015.3,5.6,219.0,8.3,3.356,0.0,3.356,0
2025-02-13 06:00:00,17.8,1015.3,5.5,210.0,9.9,1.483,0.0,1.483,0
2025-02-13 07:00:00,16.9,1014.8,4.4,208.0,6.6,0.371,0.0,0.371,0
2025-02-13 08:00:00,16.3,1015.3,4.3,207.0,7.0,0.387,0.0,0.387,0
2025-02-13 09:00:00,16.5,1015.4,3.8,213.0,5.8,1.529,0.0,1.529,0
2025-02-13 10:00:00,17.1,1015.6,4.2,215.0,6.3,3.396,0.0,3.396,0
2025-02-13 11:00:00,16.3,1016.1,3.6,209.0,5.4,5.548,0.0,5.548,0
2025-02-13 12:00:00,16.2,1016.5,3.9,201.0,7.3,7.169,0.0,7.169,0
2025-02-13 13:00:00,16.3,1017.4,4.7,209.0,7.0,8.028,0.0,8.028,0
2025-02-13 14:00:00,17.1,1018.9,3.7,229.0,5.2,8.064,0.0,8.064,0
2025-02-13 15:00:00,17.5,1019.3,2.6,177.0,4.4,7.133,0.0,7.133,0
2025-02-13 16:00:00,17.7,1019.8,2.8,206.0,4.4,5.584,0.0,5.584,0
2025-02-13 17:00:00,16.7,1020.6,2.9,338.0,3.7,3.793,0.0,3.793,0
2025-02-13 18:00:00,16.6,1020.4,2.0,293.0,2.5,2.031,0.0,2.031,0
2025-02-13 19:00:00,16.4,1020.0,2.1,187.0,3.3,0.358,0.0,0.358,0
2025-02-13 20:00:00,16.5,1020.2,1.2,219.0,2.0,-0.367,0.0,-0.367,0
2025-02-13 21:00:00,17.0,1021.8,1.5,242.0,2.2,0.292,0.0,0.292,0
2025-02-13 22:00:00,17.1,1022.0,0.5,101.0,1.3,2.011,0.0,2.011,0
2025-02-13 23:00:00,16.5,1022.8,3.4,297.0,4.2,3.888,0.0,3.888,0
2025-02-14 00:00:00,16.3,1024.1,6.7,286.0,7.4,5.755,0.0,5.755,0
2025-02-14 01:00:00,16.0,1024.3,2.3,263.0,3.0,6.89,0.0,6.89,0
2025-02-14 02:00:00,15.6,1024.6,3.7,313.0,4.5,7.178,0.0,7.178,0
2025-02-14 03:00:00,15.3,1025.3,5.8,325.0,7.8,6.604,0.0,6.604,0
2025-02-14 04:00:00,14.0,1026.0,5.1,327.0,6.0,5.164,0.0,5.164,0
2025-02-14 05:00:00,13.3,1026.7,4.4,329.0,5.3,3.497,0.0,3.497,0
2025-02-14 06:00:00,12.6,1027.7,2.5,330.0,3.2,1.565,0.0,1.565,0
2025-02-14 07:00:00,12.3,1028.3,3.1,338.0,3.7,0.148,0.0,0.148,0
2025-02-14 08:00:00,11.6,1028.8,3.1,6.0,3.8,-0.528,0.0,-0.528,0
2025-02-14 09:00:00,12.0,1029.1,3.8,38.0,4.8,-0.059,0.0,-0.059,0
2025-02-14 10:00:00,12.0,1029.8,5.2,41.0,6.9,1.67,0.0,1.67,0
2025-02-14 11:00:00,12.2,1030.6,6.9,59.0,8.7,3.783,0.0,3.783,0
2025-02-14 12:00:00,11.7,1031.3,6.3,57.0,7.8,5.886,0.0,5.886,0
2025-02-14 13:00:00,11.6,1032.3,6.3,57.0,8.4,7.211,0.0,7.211,0
2025-02-14 14:00:00,11.4,1033.2,7.8,60.0,9.3,7.802,0.0,7.802,0
2025-02-14 15:00:00,11.7,1034.0,9.4,71.0,11.5,7.592,0.0,7.592,0
2025-02-14 16:00:00,11.4,1034.6,10.1,65.0,13.0,6.732,0.0,6.732,0
2025-02-14 17:00:00,11.4,1034.4,8.6,73.0,11.8,5.262,0.0,5.262,0
2025-02-14 18:00:00,11.4,1033.9,8.6,83.0,10.8,3.517,0.0,3.517,0
2025-02-14 19:00:00,11.1,1033.4,7.7,76.0,9.6,1.949,0.0,1.949,0
2025-02-14 20:00:00,11.3,1032.8,8.1,84.0,10.1,0.899,0.0,0.899,0
2025-02-14 21:00:00,11.5,1032.4,7.8,71.0,9.7,0.876,0.0,0.876,0
2025-02-14 22:00:00,11.6,1032.3,7.8,68.0,10.2,1.736,0.0,1.736,0
2025-02-14 23:00:00,10.9,1032.2,8.8,72.0,11.5,3.491,0.0,3.491,0
2025-02-15 00:00:00,11.1,1032.3,9.9,71.0,12.6,5.282,0.0,5.282,0
2025-02-15 01:00:00,11.1,1032.5,10.5,68.0,13.1,6.762,0.0,6.762,0
2025-02-15 02:00:00,11.0,1031.6,8.3,67.0,11.7,7.697,0.0,7.697,0
2025-02-15 03:00:00,11.2,1031.0,8.9,71.0,11.1,7.769,0.0,7.769,0
2025-02-15 04:00:00,11.2,1030.6,6.2,61.0,8.3,7.297,0.0,7.297,0
2025-02-15 05:00:00,11.6,1029.9,6.9,56.0,9.2,6.125,0.0,6.125,0
2025-02-15 06:00:00,11.6,1029.3,5.0,48.0,6.5,4.59,0.0,4.59,0
2025-02-15 07:00:00,12.1,1028.7,5.4,78.0,7.2,2.835,0.0,2.835,0
2025-02-15 08:00:00,11.8,1028.1,3.9,59.0,5.6,1.388,0.0,1.388,0
2025-02-15 09:00:00,12.7,1027.0,4.8,76.0,6.0,0.804,0.0,0.804,0
2025-02-15 10:00:00,11.7,1026.5,3.1,54.0,4.6,1.24,0.0,1.24,0
2025-02-15 11:00:00,11.3,1025.9,1.8,42.0,2.3,2.697,0.0,2.697,0
2025-02-15 12:00:00,11.9,1025.9,3.4,62.0,4.4,4.531,0.0,4.531,0
2025-02-15 13:00:00,12.7,1025.3,4.0,97.0,4.3,6.283,0.0,6.283,0
2025-02-15 14:00:00,13.4,1025.1,3.2,80.0,3.5,7.418,0.0,7.418,0
2025-02-15 15:00:00,13.8,1024.9,3.2,94.0,3.5,7.697,0.0,7.697,0
2025-02-15 16:00:00,15.0,1024.3,2.0,70.0,2.2,7.3,0.0,7.3,0
2025-02-15 17:00:00,15.3,1023.4,1.8,108.0,2.1,5.961,0.0,5.961,0
2025-02-15 18:00:00,15.3,1021.9,2.4,98.0,2.7,4.406,0.0,4.406,0
2025-02-15 19:00:00,16.1,1020.7,2.0,108.0,2.4,2.53,0.0,2.53,0
2025-02-15 20:00:00,18.5,1019.4,4.2,151.0,5.9,1.02,0.0,1.02,0
2025-02-15 21:00:00,18.5,1018.6,3.8,160.0,5.4,0.299,0.0,0.299,0
2025-02-15 22:00:00,18.8,1018.2,5.0,164.0,7.4,0.892,0.0,0.892,0
2025-02-15 23:00:00,18.4,1017.7,3.0,153.0,4.6,2.428,0.0,2.428,0
2025-02-16 00:00:00,18.3,1017.4,3.3,156.0,4.3,4.301,0.0,4.301,0
2025-02-16 01:00:00,17.3,1016.8,3.0,170.0,4.4,5.994,0.0,5.994,0
2025-02-16 02:00:00,16.5,1016.4,3.6,222.0,5.7,7.09,0.0,7.09,0
2025-02-16 03:00:00,16.9,1015.7,3.2,201.0,5.2,7.464,0.0,7.464,0
2025-02-16 04:00:00,16.4,1015.1,3.1,220.0,4.9,7.09,0.0,7.09,0
2025-02-16 05:00:00,16.6,1014.1,5.4,207.0,8.0,6.148,0.0,6.148,0
2025-02-16 06:00:00,16.3,1012.8,5.2,212.0,8.7,4.806,0.0,4.806,0
2025-02-16 07:00:00,16.5,1011.5,4.8,211.0,8.0,3.415,0.0,3.415,0
2025-02-16 08:00:00,16.7,1010.8,5.2,213.0,7.6,1.929,0.0,1.929,0
2025-02-16 09:00:00,17.0,1010.1,4.9,217.0,7.8,0.925,0.0,0.925,0
2025-02-16 10:00:00,16.7,1009.6,5.7,215.0,8.4,0.833,0.0,0.833,0
2025-02-16 11:00:00,16.7,1009.3,6.5,218.0,9.1,1.864,0.0,1.864,0
2025-02-16 12:00:00,16.5,1009.5,5.6,207.0,10.2,3.455,0.0,3.455,0
2025-02-16 13:00:00,16.5,1008.7,6.5,209.0,10.2,5.089,0.0,5.089,0
2025-02-16 14:00:00,17.0,1008.5,6.2,211.0,8.9,6.444,0.0,6.444,0
2025-02-16 15:00:00,17.2,1008.9,6.9,223.0,9.7,6.936,0.0,6.936,0
2025-02-16 16:00:00,15.8,1009.7,2.6,252.0,3.3,6.677,0.0,6.677,0
2025-02-16 17:00:00,14.8,1009.6,4.6,241.0,7.3,5.768,0.0,5.768,0
2025-02-16 18:00:00,15.1,1009.1,3.7,260.0,5.2,4.288,0.0,4.288,0
2025-02-16 19:00:00,15.2,1009.0,5.4,265.0,9.0,2.736,0.0,2.736,0
2025-02-16 20:00:00,17.4,1008.2,7.3,284.0,9.2,0.935,0.0,0.935,0
2025-02-16 21:00:00,19.0,1008.5,5.6,272.0,7.5,-0.197,0.0,-0.197,0
2025-02-16 22:00:00,19.2,1009.3,5.5,262.0,7.4,-0.456,0.0,-0.456,0
2025-02-16 23:00:00,18.1,1010.4,2.9,252.0,4.6,0.587,0.0,0.587,0
2025-02-17 00:00:00,15.9,1011.6,2.4,240.0,3.8,2.218,0.0,2.218,0
2025-02-17 01:00:00,15.9,1012.8,3.4,261.0,4.3,3.789,0.0,3.789,0
2025-02-17 02:00:00,15.8,1013.4,4.1,275.0,5.3,5.266,0.0,5.266,0
2025-02-17 03:00:00,15.3,1014.3,6.8,298.0,7.7,6.076,0.0,6.076,0
2025-02-17 04:00:00,13.9,1015.4,7.4,320.0,8.6,6.001,0.0,6.001,0
2025-02-17 05:00:00,12.4,1016.6,9.0,323.0,11.0,5.279,0.0,5.279,0
2025-02-17 06:00:00,10.6,1016.8,8.3,324.0,10.1,4.042,0.0,4.042,0
2025-02-17 07:00:00,9.1,1017.4,6.6,321.0,8.7,2.457,0.0,2.457,0
2025-02-17 08:00:00,7.8,1017.9,8.6,322.0,10.4,1.135,0.0,1.135,0
2025-02-17 09:00:00,6.3,1018.4,6.9,322.0,8.5,0.072,0.0,0.072,0
2025-02-17 10:00:00,5.6,1019.9,6.0,325.0,7.7,-0.259,0.0,-0.259,0
2025-02-17 11:00:00,5.0,1020.7,6.3,332.0,8.3,0.236,0.0,0.236,0
2025-02-17 12:00:00,4.3,1021.9,3.7,331.0,4.6,1.696,0.0,1.696,0
2025-02-17 13:00:00,5.0,1022.6,4.2,328.0,5.2,3.071,0.0,3.071,0
2025-02-17 14:00:00,6.1,1023.4,5.4,333.0,7.5,4.524,0.0,4.524,0
2025-02-17 15:00:00,6.5,1023.8,3.4,4.0,4.6,5.561,0.0,5.561,0
2025-02-17 16:00:00,7.5,1023.9,3.1,26.0,3.7,6.007,0.0,6.007,0
2025-02-17 17:00:00,8.5,1023.5,2.9,37.0,4.2,5.794,0.0,5.794,0
2025-02-17 18:00:00,8.8,1022.7,0.9,65.0,1.6,4.892,0.0,4.892,0
2025-02-17 19:00:00,9.6,1021.8,2.6,91.0,3.2,3.507,0.0,3.507,0
2025-02-17 20:00:00,10.5,1021.5,2.6,100.0,3.7,1.965,0.0,1.965,0
2025-02-17 21:00:00,10.2,1021.5,3.6,116.0,4.8,0.61,0.0,0.61,0
2025-02-17 22:00:00,10.0,1021.7,1.9,124.0,2.5,0.066,0.0,0.066,0
2025-02-17 23:00:00,8.7,1022.0,1.6,146.0,2.0,0.597,0.0,0.597,0
2025-02-18 00:00:00,8.1,1022.4,1.4,161.0,1.6,1.818,0.0,1.818,0
2025-02-18 01:00:00,7.7,1022.6,0.8,206.0,0.9,3.465,0.0,3.465,0
2025-02-18 02:00:00,7.5,1023.0,0.5,182.0,0.6,4.639,0.0,4.639,0
2025-02-18 03:00:00,8.1,1022.9,0.9,182.0,1.0,5.738,0.0,5.738,0
2025-02-18 04:00:00,8.4,1023.0,0.9,196.0,1.0,6.06,0.0,6.06,0
2025-02-18 05:00:00,7.3,1023.0,0.8,272.0,0.9,6.066,0.0,6.066,0
2025-02-18 06:00:00,7.1,1022.9,0.9,297.0,1.1,5.39,0.0,5.39,0
2025-02-18 07:00:00,7.6,1022.5,1.4,353.0,1.7,4.409,0.0,4.409,0
2025-02-18 08:00:00,6.9,1022.0,2.6,3.0,3.2,2.93,0.0,2.93,0
2025-02-18 09:00:00,7.0,1022.0,1.6,332.0,2.8,1.811,0.0,1.811,0
2025-02-18 10:00:00,5.8,1022.6,2.4,343.0,3.2,0.988,0.0,0.988,0
2025-02-18 11:00:00,5.3,1023.2,2.5,354.0,3.1,0.84,0.0,0.84,0
2025-02-18 12:00:00,5.7,1023.7,2.7,6.0,3.5,1.417,0.0,1.417,0
2025-02-18 13:00:00,7.3,1023.9,3.3,10.0,4.0,2.566,0.0,2.566,0
2025-02-18 14:00:00,9.0,1024.2,3.5,29.0,4.1,3.904,0.0,3.904,0
2025-02-18 15:00:00,11.0,1024.1,3.8,59.0,5.0,5.036,0.0,5.036,0
2025-02-18 16:00:00,11.5,1024.2,4.9,76.0,6.7,5.83,0.0,5.83,0
2025-02-18 17:00:00,11.8,1023.9,5.5,67.0,7.2,5.945,0.0,5.945,0
2025-02-18 18:00:00,12.0,1022.7,5.6,63.0,6.7,5.413,0.0,5.413,0
2025-02-18 19:00:00,12.8,1022.2,5.0,69.0,6.7,4.426,0.0,4.426,0
2025-02-18 20:00:00,12.9,1022.1,5.7,81.0,6.8,3.104,0.0,3.104,0
2025-02-18 21:00:00,12.5,1022.5,6.0,79.0,8.0,1.785,0.0,1.785,0
2025-02-18 22:00:00,12.4,1022.3,6.4,74.0,7.9,0.843,0.0,0.843,0
2025-02-18 23:00:00,12.4,1022.2,6.5,75.0,8.7,0.748,0.0,0.748,0
2025-02-19 00:00:00,12.1,1021.8,7.3,80.0,9.1,1.604,0.0,1.604,0
2025-02-19 01:00:00,11.9,1022.2,6.4,77.0,8.0,2.9,0.0,2.9,0
2025-02-19 02:00:00,11.8,1022.3,7.6,73.0,9.2,4.318,0.0,4.318,0
2025-02-19 03:00:00,11.8,1022.2,5.8,72.0,7.5,5.413,0.0,5.413,0
2025-02-19 04:00:00,12.0,1021.5,6.4,75.0,8.1,6.152,0.0,6.152,0
2025-02-19 05:00:00,11.7,1020.9,4.5,56.0,5.3,6.483,0.0,6.483,0
2025-02-19 06:00:00,11.6,1020.4,4.1,48.0,5.4,6.355,0.0,6.355,0
2025-02-19 07:00:00,11.2,1019.7,5.3,60.0,6.5,5.741,0.0,5.741,0
2025-02-19 08:00:00,11.6,1018.8,4.2,74.0,5.1,4.649,0.0,4.649,0
2025-02-19 09:00:00,12.5,1018.2,3.7,69.0,4.7,3.327,0.0,3.327,0
2025-02-19 10:00:00,11.5,1018.6,1.5,10.0,2.5,2.211,0.0,2.211,0
2025-02-19 11:00:00,11.8,1018.4,2.7,26.0,3.1,1.476,0.0,1.476,0
2025-02-19 12:00:00,11.2,1019.1,2.5,35.0,3.5,1.611,0.0,1.611,0
2025-02-19 13:00:00,11.5,1018.7,4.2,86.0,4.7,2.454,0.0,2.454,0
2025-02-19 14:00:00,11.3,1019.4,5.0,67.0,6.3,3.615,0.0,3.615,0
2025-02-19 15:00:00,10.9,1019.5,2.6,3.0,3.1,4.587,0.0,4.587,0
2025-02-19 16:00:00,10.5,1019.3,4.1,1.0,4.9,5.564,0.0,5.564,0
2025-02-19 17:00:00,10.3,1018.6,5.1,10.0,6.2,5.797,0.0,5.797,0
2025-02-19 18:00:00,9.8,1018.2,5.0,16.0,6.3,5.86,0.0,5.86,0
2025-02-19 19:00:00,10.0,1015.8,4.8,46.0,6.1,5.151,0.0,5.151,0
2025-02-19 20:00:00,10.1,1016.5,5.4,20.0,6.5,4.459,0.0,4.459,0
2025-02-19 21:00:00,9.8,1015.5,5.3,47.0,6.6,3.028,0.0,3.028,0
2025-02-19 22:00:00,9.8,1015.5,4.8,48.0,6.3,2.349,0.0,2.349,0
2025-02-19 23:00:00,8.9,1016.5,6.5,38.0,7.9,1.883,0.0,1.883,0
2025-02-20 00:00:00,8.6,1017.0,5.0,22.0,6.4,1.837,0.0,1.837,0
2025-02-20 01:00:00,7.6,1017.2,7.0,14.0,8.4,2.812,0.0,2.812,0
2025-02-20 02:00:00,6.5,1017.8,5.8,8.0,9.0,3.825,0.0,3.825,0
2025-02-20 03:00:00,5.5,1017.9,5.1,9.0,7.1,4.731,0.0,4.731,0
2025-02-20 04:00:00,5.6,1017.9,5.7,12.0,6.6,5.581,0.0,5.581,0
2025-02-20 05:00:00,5.0,1017.6,5.4,6.0,6.9,6.207,0.0,6.207,0
2025-02-20 06:00:00,4.6,1017.7,4.0,9.0,4.9,6.614,0.0,6.614,0
2025-02-20 07:00:00,5.3,1017.8,6.4,345.0,8.0,6.588,0.0,6.588,0
2025-02-20 08:00:00,4.7,1017.4,4.4,2.0,5.1,6.043,0.0,6.043,0
2025-02-20 09:00:00,4.9,1017.6,4.9,2.0,6.0,5.0,0.0,5.0,0
2025-02-20 10:00:00,4.8,1017.7,4.8,1.0,6.2,4.049,0.0,4.049,0
2025-02-20 11:00:00,5.0,1018.3,5.9,345.0,6.8,2.858,0.0,2.858,0
2025-02-20 12:00:00,4.9,1019.1,5.1,331.0,5.9,2.208,0.0,2.208,0
2025-02-20 13:00:00,5.1,1019.9,5.7,328.0,6.5,2.133,0.0,2.133,0
2025-02-20 14:00:00,5.6,1021.2,4.1,326.0,5.3,2.694,0.0,2.694,0
2025-02-20 15:00:00,6.8,1021.2,5.0,302.0,6.5,3.54,0.0,3.54,0
2025-02-20 16:00:00,8.0,1021.0,6.3,310.0,8.1,4.426,0.0,4.426,0
2025-02-20 17:00:00,8.5,1020.5,6.2,296.0,7.3,5.256,0.0,5.256,0
2025-02-20 18:00:00,10.2,1019.6,6.3,298.0,7.7,5.794,0.0,5.794,0
2025-02-20 19:00:00,11.1,1019.3,9.7,299.0,12.0,5.597,0.0,5.597,0
2025-02-20 20:00:00,10.4,1019.7,8.6,321.0,10.3,4.918,0.0,4.918,0
2025-02-20 21:00:00,10.5,1020.5,8.4,304.0,10.2,3.747,0.0,3.747,0
2025-02-20 22:00:00,10.1,1021.9,7.5,336.0,9.3,2.526,0.0,2.526,0
2025-02-20 23:00:00,8.8,1023.0,7.4,319.0,9.2,1.627,0.0,1.627,0
2025-02-21 00:00:00,7.7,1024.1,5.5,322.0,6.8,1.227,0.0,1.227,0
2025-02-21 01:00:00,6.5,1024.8,3.8,22.0,4.8,1.67,0.0,1.67,0
2025-02-21 02:00:00,4.6,1026.0,6.3,47.0,7.8,2.398,0.0,2.398,0
2025-02-21 03:00:00,4.2,1027.2,3.4,27.0,4.2,3.563,0.0,3.563,0
2025-02-21 04:00:00,3.5,1027.9,3.3,356.0,3.9,4.534,0.0,4.534,0
2025-02-21 05:00:00,3.2,1027.9,4.5,6.0,6.3,5.512,0.0,5.512,0
2025-02-21 06:00:00,2.6,1028.1,6.8,12.0,8.4,6.066,0.0,6.066,0
2025-02-21 07:00:00,1.8,1028.3,7.5,10.0,9.6,6.175,0.0,6.175,0
2025-02-21 08:00:00,1.2,1028.9,6.9,9.0,8.5,5.846,0.0,5.846,0
2025-02-21 09:00:00,0.5,1029.5,6.4,15.0,8.2,5.331,0.0,5.331,0
2025-02-21 10:00:00,-0.1,1030.4,5.9,13.0,7.6,4.262,0.0,4.262,0
2025-02-21 11:00:00,-0.4,1031.7,4.5,16.0,5.6,3.301,0.0,3.301,0
2025-02-21 12:00:00,-0.5,1032.3,5.6,12.0,5.6,2.343,0.0,2.343,0
2025-02-21 13:00:00,0.1,1032.8,8.0,21.0,10.8,1.88,0.0,1.88,0
2025-02-21 14:00:00,0.6,1033.5,5.9,36.0,8.8,2.044,0.0,2.044,0
2025-02-21 15:00:00,1.0,1033.7,6.5,52.0,8.0,2.287,0.0,2.287,0
2025-02-21 16:00:00,1.9,1034.1,4.6,78.0,7.1,3.547,0.0,3.547,0
2025-02-21 17:00:00,2.7,1033.5,3.9,70.0,5.3,4.396,0.0,4.396,0
2025-02-21 18:00:00,3.9,1032.9,2.1,113.0,2.9,5.082,0.0,5.082,0
2025-02-21 19:00:00,4.7,1031.8,3.8,107.0,4.7,5.387,0.0,5.387,0
2025-02-21 20:00:00,5.8,1031.8,3.1,112.0,4.0,5.089,0.0,5.089,0
2025-02-21 21:00:00,6.9,1031.1,2.9,113.0,3.6,4.308,0.0,4.308,0
2025-02-21 22:00:00,8.3,1030.6,3.5,99.0,4.8,3.399,0.0,3.399,0
2025-02-21 23:00:00,8.2,1030.9,2.2,37.0,2.9,2.402,0.0,2.402,0
2025-02-22 00:00:00,7.9,1031.8,2.0,39.0,2.3,1.729,0.0,1.729,0
2025-02-22 01:00:00,7.5,1032.1,1.8,25.0,2.2,1.585,0.0,1.585,0
2025-02-22 02:00:00,7.1,1032.6,1.2,30.0,1.5,1.811,0.0,1.811,0
2025-02-22 03:00:00,6.5,1033.1,1.8,1.0,2.0,2.507,0.0,2.507,0
2025-02-22 04:00:00,6.0,1032.9,1.9,21.0,2.3,3.248,0.0,3.248,0
2025-02-22 05:00:00,7.1,1032.6,2.6,56.0,3.0,4.278,0.0,4.278,0
2025-02-22 06:00:00,7.8,1032.2,3.2,73.0,3.8,5.325,0.0,5.325,0
2025-02-22 07:00:00,7.9,1031.7,2.8,62.0,3.6,6.112,0.0,6.112,0
2025-02-22 08:00:00,7.0,1031.1,2.4,47.0,2.8,6.358,0.0,6.358,0
2025-02-22 09:00:00,7.5,1030.7,2.4,72.0,2.9,6.096,0.0,6.096,0
2025-02-22 10:00:00,8.3,1030.7,3.8,67.0,4.9,5.282,0.0,5.282,0
2025-02-22 11:00:00,8.0,1031.0,3.8,58.0,4.7,4.199,0.0,4.199,0
2025-02-22 12:00:00,7.9,1031.0,5.2,60.0,6.3,3.077,0.0,3.077,0
2025-02-22 13:00:00,8.1,1031.2,5.3,58.0,6.5,2.024,0.0,2.024,0
2025-02-22 14:00:00,8.7,1031.2,4.8,68.0,6.2,1.549,0.0,1.549,0
2025-02-22 15:00:00,9.4,1031.2,6.0,78.0,7.3,1.601,0.0,1.601,0
2025-02-22 16:00:00,9.7,1031.0,6.0,81.0,7.2,2.372,0.0,2.372,0
2025-02-22 17:00:00,9.6,1030.2,6.4,74.0,7.7,3.494,0.0,3.494,0
2025-02-22 18:00:00,10.0,1029.1,5.5,67.0,6.8,4.554,0.0,4.554,0
2025-02-22 19:00:00,10.1,1028.5,2.9,59.0,4.4,5.331,0.0,5.331,0
2025-02-22 20:00:00,10.7,1027.6,4.7,76.0,6.1,5.512,0.0,5.512,0
2025-02-22 21:00:00,10.2,1027.3,2.3,77.0,2.9,5.187,0.0,5.187,0
2025-02-22 22:00:00,10.8,1026.4,3.8,65.0,4.4,4.465,0.0,4.465,0
2025-02-22 23:00:00,10.9,1026.6,1.8,67.0,2.3,3.51,0.0,3.51,0
2025-02-23 00:00:00,10.9,1026.9,1.9,10.0,2.4,2.513,0.0,2.513,0
2025-02-23 01:00:00,10.4,1026.7,1.6,30.0,1.8,1.969,0.0,1.969,0
2025-02-23 02:00:00,10.4,1026.3,1.2,79.0,1.6,1.66,0.0,1.66,0
2025-02-23 03:00:00,9.1,1026.3,0.0,326.0,0.2,1.745,0.0,1.745,0
2025-02-23 04:00:00,8.8,1025.9,0.6,210.0,0.7,2.27,0.0,2.27,0
2025-02-23 05:00:00,8.9,1025.5,0.8,207.0,1.0,3.406,0.0,3.406,0
2025-02-23 06:00:00,8.1,1025.4,0.7,310.0,0.8,4.751,0.0,4.751,0
2025-02-23 07:00:00,7.8,1024.9,2.3,332.0,2.9,5.886,0.0,5.886,0
2025-02-23 08:00:00,7.5,1024.1,1.8,355.0,2.4,6.706,0.0,6.706,0
2025-02-23 09:00:00,7.3,1023.7,0.8,22.0,1.0,6.65,0.0,6.65,0
2025-02-23 10:00:00,7.7,1023.9,1.2,327.0,1.4,6.306,0.0,6.306,0
2025-02-23 11:00:00,6.7,1023.8,1.2,298.0,1.6,5.308,0.0,5.308,0
2025-02-23 12:00:00,7.1,1024.1,1.6,316.0,1.9,4.193,0.0,4.193,0
2025-02-23 13:00:00,8.8,1024.5,2.0,310.0,2.2,2.913,0.0,2.913,0
2025-02-23 14:00:00,10.6,1024.8,3.4,339.0,4.0,1.952,0.0,1.952,0
2025-02-23 15:00:00,13.0,1024.7,2.5,305.0,3.1,1.385,0.0,1.385,0
2025-02-23 16:00:00,15.8,1024.6,2.2,293.0,2.5,1.611,0.0,1.611,0
2025-02-23 17:00:00,16.9,1023.5,1.1,291.0,1.4,2.431,0.0,2.431,0
2025-02-23 18:00:00,15.6,1022.4,2.4,174.0,4.9,3.789,0.0,3.789,0
2025-02-23 19:00:00,15.2,1021.2,3.5,173.0,5.5,4.931,0.0,4.931,0
2025-02-23 20:00:00,15.2,1020.4,3.6,175.0,5.5,5.679,0.0,5.679,0
2025-02-23 21:00:00,13.9,1020.1,3.7,171.0,5.2,5.978,0.0,5.978,0
2025-02-23 22:00:00,13.5,1019.8,1.3,198.0,3.0,5.571,0.0,5.571,0
2025-02-23 23:00:00,12.9,1019.7,2.2,205.0,3.4,4.81,0.0,4.81,0
2025-02-24 00:00:00,12.4,1019.9,2.5,223.0,3.9,3.668,0.0,3.668,0
2025-02-24 01:00:00,11.8,1020.1,2.2,225.0,3.2,2.749,0.0,2.749,0
2025-02-24 02:00:00,11.5,1020.0,1.3,228.0,1.9,1.886,0.0,1.886,0
2025-02-24 03:00:00,11.3,1019.6,1.6,223.0,1.9,1.319,0.0,1.319,0
2025-02-24 04:00:00,11.1,1019.6,1.3,235.0,1.7,1.322,0.0,1.322,0
2025-02-24 05:00:00,11.2,1019.1,1.5,227.0,1.7,2.06,0.0,2.06,0
2025-02-24 06:00:00,11.1,1019.2,2.7,258.0,4.2,3.245,0.0,3.245,0
2025-02-24 07:00:00,11.6,1019.5,2.5,274.0,3.3,4.879,0.0,4.879,0
2025-02-24 08:00:00,11.8,1019.0,2.2,280.0,2.8,6.175,0.0,6.175,0
2025-02-24 09:00:00,11.2,1018.4,0.7,293.0,0.8,7.031,0.0,7.031,0
2025-02-24 10:00:00,11.2,1018.5,0.9,267.0,1.3,7.064,0.0,7.064,0
2025-02-24 11:00:00,11.0,1018.9,1.4,234.0,1.5,6.627,0.0,6.627,0
2025-02-24 12:00:00,11.2,1019.5,2.3,305.0,2.5,5.735,0.0,5.735,0
2025-02-24 13:00:00,11.2,1019.3,1.3,330.0,1.5,4.364,0.0,4.364,0
2025-02-24 14:00:00,12.1,1019.7,2.4,358.0,2.9,3.028,0.0,3.028,0
2025-02-24 15:00:00,12.4,1019.8,0.8,12.0,1.0,1.749,0.0,1.749,0
2025-02-24 16:00:00,13.9,1020.0,0.0,65.0,0.3,1.165,0.0,1.165,0
2025-02-24 17:00:00,14.0,1019.0,1.5,114.0,1.9,1.368,0.0,1.368,0
2025-02-24 18:00:00,13.8,1018.4,2.4,98.0,2.7,2.388,0.0,2.388,0
2025-02-24 19:00:00,12.9,1017.0,4.3,98.0,4.7,3.875,0.0,3.875,0
2025-02-24 20:00:00,14.5,1016.7,3.2,117.0,3.8,5.226,0.0,5.226,0
2025-02-24 21:00:00,14.8,1016.4,3.8,135.0,4.9,6.175,0.0,6.175,0
2025-02-24 22:00:00,13.6,1016.1,2.0,152.0,2.5,6.516,0.0,6.516,0
2025-02-24 23:00:00,12.8,1016.2,2.9,164.0,3.7,6.168,0.0,6.168,0
2025-02-25 00:00:00,12.4,1016.0,0.2,162.0,0.6,5.285,0.0,5.285,0
2025-02-25 01:00:00,11.8,1016.1,0.7,159.0,1.2,4.098,0.0,4.098,0
2025-02-25 02:00:00,11.5,1016.1,1.8,0.0,1.9,2.858,0.0,2.858,0
2025-02-25 03:00:00,11.3,1015.8,0.2,333.0,0.9,1.716,0.0,1.716,0
2025-02-25 04:00:00,10.8,1015.1,0.0,307.0,0.0,0.896,0.0,0.896,0
2025-02-25 05:00:00,10.8,1014.4,1.6,346.0,2.0,0.935,0.0,0.935,0
2025-02-25 06:00:00,11.0,1014.0,2.4,1.0,2.9,2.008,0.0,2.008,0
2025-02-25 07:00:00,10.8,1013.4,2.7,3.0,3.3,3.537,0.0,3.537,0
2025-02-25 08:00:00,10.6,1013.0,1.2,339.0,1.9,5.404,0.0,5.404,0
2025-02-25 09:00:00,10.5,1012.3,3.1,359.0,3.7,6.949,0.0,6.949,0
2025-02-25 10:00:00,10.6,1012.1,2.9,346.0,3.5,7.743,0.0,7.743,0
2025-02-25 11:00:00,10.6,1012.5,2.2,353.0,2.7,7.89,0.0,7.89,0
2025-02-25 12:00:00,10.3,1012.5,4.1,352.0,4.9,7.139,0.0,7.139,0
2025-02-25 13:00:00,10.4,1012.6,1.4,355.0,2.2,6.138,0.0,6.138,0
2025-02-25 14:00:00,11.2,1012.8,3.6,339.0,4.4,4.616,0.0,4.616,0
2025-02-25 15:00:00,13.3,1012.7,2.5,338.0,2.8,3.028,0.0,3.028,0
2025-02-25 16:00:00,15.6,1012.7,5.0,347.0,5.7,1.759,0.0,1.759,0
2025-02-25 17:00:00,18.4,1012.0,5.9,339.0,7.2,1.027,0.0,1.027,0
2025-02-25 18:00:00,19.6,1010.9,3.2,330.0,4.1,1.355,0.0,1.355,0
2025-02-25 19:00:00,21.8,1009.7,3.9,289.0,4.6,2.388,0.0,2.388,0
2025-02-25 20:00:00,22.5,1009.0,1.4,264.0,2.2,4.386,0.0,4.386,0
2025-02-25 21:00:00,18.6,1008.7,4.9,180.0,7.4,5.955,0.0,5.955,0
2025-02-25 22:00:00,18.2,1009.0,3.3,200.0,4.5,7.051,0.0,7.051,0
2025-02-25 23:00:00,16.2,1009.6,2.5,228.0,3.4,7.306,0.0,7.306,0
2025-02-26 00:00:00,14.4,1010.4,2.4,210.0,3.5,6.926,0.0,6.926,0
2025-02-26 01:00:00,13.9,1011.0,2.7,222.0,4.1,6.027,0.0,6.027,0
2025-02-26 02:00:00,13.6,1011.7,3.4,231.0,4.9,4.222,0.0,4.222,0
2025-02-26 03:00:00,13.8,1012.1,3.9,232.0,4.6,2.812,0.0,2.812,0
2025-02-26 04:00:00,12.1,1012.2,1.3,237.0,1.5,1.247,0.0,1.247,0
2025-02-26 05:00:00,12.3,1012.3,2.1,234.0,2.6,0.358,0.0,0.358,0
2025-02-26 06:00:00,11.8,1012.4,1.7,243.0,1.9,0.469,0.0,0.469,0
2025-02-26 07:00:00,12.5,1012.5,2.3,280.0,2.7,1.841,0.0,1.841,0
2025-02-26 08:00:00,11.8,1012.4,0.2,14.0,0.7,3.586,0.0,3.586,0
2025-02-26 09:00:00,10.9,1012.3,0.8,269.0,1.0,5.65,0.0,5.65,0
2025-02-26 10:00:00,10.9,1013.1,0.8,312.0,1.0,7.3,0.0,7.3,0
2025-02-26 11:00:00,10.6,1013.9,0.9,304.0,1.2,8.054,0.0,8.054,0
2025-02-26 12:00:00,11.7,1014.8,1.8,310.0,2.0,8.189,0.0,8.189,0
2025-02-26 13:00:00,15.4,1015.7,2.0,281.0,2.5,7.49,0.0,7.49,0
2025-02-26 14:00:00,14.9,1016.5,2.6,305.0,2.8,6.056,0.0,6.056,0
2025-02-26 15:00:00,17.4,1016.9,2.3,294.0,2.5,4.154,0.0,4.154,0
2025-02-26 16:00:00,19.4,1017.1,1.2,317.0,1.4,2.428,0.0,2.428,0
2025-02-26 17:00:00,21.0,1016.9,1.5,180.0,2.3,0.873,0.0,0.873,0
2025-02-26 18:00:00,21.2,1016.4,2.8,173.0,4.4,0.102,0.0,0.102,0
2025-02-26 19:00:00,20.8,1015.7,2.8,175.0,4.5,0.709,0.0,0.709,0
2025-02-26 20:00:00,21.0,1015.3,2.8,172.0,4.4,1.913,0.0,1.913,0
2025-02-26 21:00:00,19.9,1015.4,3.2,180.0,5.0,4.436,0.0,4.436,0
2025-02-26 22:00:00,18.6,1015.5,3.2,170.0,4.2,6.211,0.0,6.211,0
2025-02-26 23:00:00,16.3,1016.0,2.5,179.0,3.7,7.303,0.0,7.303,0
2025-02-27 00:00:00,14.7,1016.2,1.8,185.0,3.0,7.549,0.0,7.549,0
2025-02-27 01:00:00,14.5,1016.7,2.2,203.0,3.2,6.975,0.0,6.975,0
2025-02-27 02:00:00,14.1,1017.3,1.6,208.0,2.6,5.692,0.0,5.692,0
2025-02-27 03:00:00,13.3,1017.6,1.5,194.0,2.4,4.022,0.0,4.022,0
2025-02-27 04:00:00,13.1,1017.4,2.2,220.0,2.8,2.051,0.0,2.051,0
2025-02-27 05:00:00,13.1,1017.2,2.5,222.0,3.3,0.43,0.0,0.43,0
2025-02-27 06:00:00,14.0,1017.0,2.6,211.0,3.7,-0.456,0.0,-0.456,0
2025-02-27 07:00:00,13.4,1016.7,1.8,208.0,3.1,-0.052,0.0,-0.052,0
2025-02-27 08:00:00,12.5,1016.1,1.4,199.0,2.4,1.617,0.0,1.617,0
2025-02-27 09:00:00,12.3,1015.9,0.8,277.0,2.0,3.684,0.0,3.684,0
2025-02-27 10:00:00,11.7,1016.4,2.1,234.0,2.6,5.909,0.0,5.909,0
2025-02-27 11:00:00,11.6,1016.9,2.1,213.0,2.7,7.49,0.0,7.49,0
2025-02-27 12:00:00,12.0,1017.0,2.3,214.0,2.7,8.156,0.0,8.156,0
2025-02-27 13:00:00,13.8,1017.4,3.5,222.0,4.5,7.979,0.0,7.979,0
2025-02-27 14:00:00,15.1,1017.6,3.8,220.0,5.5,7.034,0.0,7.034,0
2025-02-27 15:00:00,17.2,1017.4,4.0,227.0,5.3,5.423,0.0,5.423,0
2025-02-27 16:00:00,19.9,1016.8,3.5,226.0,5.5,3.563,0.0,3.563,0
2025-02-27 17:00:00,22.2,1015.5,3.4,240.0,5.2,1.532,0.0,1.532,0
2025-02-27 18:00:00,22.5,1014.2,5.0,224.0,7.3,-0.082,0.0,-0.082,0
2025-02-27 19:00:00,21.4,1013.0,4.4,195.0,8.1,-0.758,0.0,-0.758,0
2025-02-27 20:00:00,21.5,1012.5,4.3,194.0,6.8,0.082,0.0,0.082,0
2025-02-27 21:00:00,20.9,1011.6,4.3,204.0,6.9,1.985,0.0,1.985,0
2025-02-27 22:00:00,19.3,1010.9,4.4,208.0,6.7,4.357,0.0,4.357,0
2025-02-27 23:00:00,17.9,1011.0,3.1,211.0,4.5,6.388,0.0,6.388,0
2025-02-28 00:00:00,20.9,1011.8,3.8,262.0,6.1,7.546,0.0,7.546,0
2025-02-28 01:00:00,20.1,1012.0,2.9,238.0,4.7,7.769,0.0,7.769,0
2025-02-28 02:00:00,19.8,1012.4,3.3,252.0,5.1,7.024,0.0,7.024,0
2025-02-28 03:00:00,19.1,1012.8,3.5,247.0,5.5,5.394,0.0,5.394,0
2025-02-28 04:00:00,19.2,1013.4,4.7,276.0,6.1,3.219,0.0,3.219,0
2025-02-28 05:00:00,18.7,1014.1,8.0,318.0,10.1,1.204,0.0,1.204,0
2025-02-28 06:00:00,17.3,1014.6,6.0,325.0,6.9,-0.676,0.0,-0.676,0
2025-02-28 07:00:00,15.8,1015.0,5.8,328.0,7.3,-1.335,0.0,-1.335,0
2025-02-28 08:00:00,14.1,1015.0,4.1,318.0,4.4,-0.623,0.0,-0.623,0
2025-02-28 09:00:00,12.8,1015.4,2.4,303.0,3.1,1.247,0.0,1.247,0
2025-02-28 10:00:00,12.9,1015.7,2.7,311.0,3.3,3.802,0.0,3.802,0
2025-02-28 11:00:00,12.4,1016.5,2.7,310.0,3.3,6.168,0.0,6.168,0
2025-02-28 12:00:00,12.4,1016.8,2.8,295.0,3.4,7.638,0.0,7.638,0
2025-02-28 13:00:00,13.5,1017.1,3.5,311.0,3.9,8.114,0.0,8.114,0
2025-02-28 14:00:00,14.5,1017.3,3.7,306.0,4.1,7.651,0.0,7.651,0
2025-02-28 15:00:00,16.6,1017.2,3.2,303.0,4.0,6.585,0.0,6.585,0
2025-02-28 16:00:00,18.7,1017.2,3.7,288.0,4.4,4.816,0.0,4.816,0
2025-02-28 17:00:00,19.9,1016.4,2.6,292.0,2.9,2.864,0.0,2.864,0
2025-02-28 18:00:00,21.0,1015.6,2.5,300.0,3.1,0.771,0.0,0.771,0
2025-02-28 19:00:00,18.8,1014.8,3.4,165.0,5.7,-0.709,0.0,-0.709,0
2025-02-28 20:00:00,18.2,1014.3,4.2,171.0,6.8,-1.001,0.0,-1.001,0
2025-02-28 21:00:00,18.6,1013.7,3.5,189.0,6.1,0.407,0.0,0.407,0
2025-02-28 22:00:00,17.1,1013.5,4.1,206.0,8.1,2.703,0.0,2.703,0
2025-02-28 23:00:00,15.3,1013.6,5.1,205.0,7.5,5.394,0.0,5.394,0
2026-01-01 03:00:00,7.5,1018.8,3.3,261.0,4.5,0.564,0.0,0.564,1
2026-01-01 04:00:00,6.4,1018.8,2.7,236.0,4.2,-0.837,0.0,-0.837,1
2026-01-01 05:00:00,6.1,1018.3,3.8,256.0,5.2,-1.089,0.0,-1.089,1
2026-01-01 06:00:00,6.4,1017.7,4.2,263.0,6.4,0.236,0.0,0.236,1
2026-01-01 07:00:00,5.8,1017.6,4.5,274.0,6.8,2.306,0.0,2.306,1
2026-01-01 08:00:00,5.7,1017.4,3.9,272.0,5.6,4.695,0.0,4.695,1
2026-01-01 09:00:00,5.2,1017.1,3.0,263.0,4.0,6.716,0.0,6.716,1
2026-01-01 10:00:00,5.5,1016.9,4.7,261.0,7.2,7.802,0.0,7.802,1
2026-01-01 11:00:00,5.7,1017.1,4.5,266.0,7.2,7.92,0.0,7.92,1
2026-01-01 12:00:00,5.6,1017.3,4.3,276.0,6.0,7.142,0.0,7.142,1
2026-01-01 13:00:00,6.3,1017.5,4.0,277.0,5.3,5.712,0.0,5.712,1
2026-01-01 14:00:00,8.1,1017.8,4.5,273.0,5.8,3.934,0.0,3.934,1
2026-01-01 15:00:00,9.6,1018.3,6.3,295.0,7.0,2.08,0.0,2.08,1
2026-01-01 16:00:00,12.3,1017.9,6.1,290.0,8.3,0.41,0.0,0.41,1
2026-01-01 17:00:00,14.0,1016.6,8.2,293.0,10.3,-0.489,0.0,-0.489,1
2026-01-01 18:00:00,15.2,1015.7,5.7,291.0,6.8,-0.203,0.0,-0.203,1
2026-01-01 19:00:00,16.1,1014.5,8.0,293.0,9.2,1.24,0.0,1.24,1
2026-01-01 20:00:00,17.2,1014.3,6.8,294.0,8.1,2.89,0.0,2.89,1
2026-01-01 21:00:00,17.2,1014.2,6.5,293.0,7.9,4.613,0.0,4.613,1
2026-01-01 22:00:00,16.3,1014.5,3.9,274.0,5.3,5.912,0.0,5.912,1
2026-01-01 23:00:00,14.2,1014.9,2.9,255.0,4.0,6.572,0.0,6.572,1
2026-01-02 00:00:00,13.6,1015.4,2.3,263.0,3.1,6.342,0.0,6.342,1
2026-01-02 01:00:00,12.9,1015.7,2.8,255.0,3.5,5.427,0.0,5.427,1
2026-01-02 02:00:00,12.9,1016.1,3.3,260.0,4.4,3.829,0.0,3.829,1
2026-01-02 03:00:00,11.8,1016.3,2.5,261.0,3.6,1.906,0.0,1.906,1
2026-01-02 04:00:00,11.3,1016.1,3.3,275.0,4.7,-0.098,0.0,-0.098,1
2026-01-02 05:00:00,11.1,1015.6,3.6,277.0,4.6,-1.558,0.0,-1.558,1
2026-01-02 06:00:00,11.2,1015.3,3.8,266.0,5.1,-1.522,0.0,-1.522,1
2026-01-02 07:00:00,10.5,1015.2,2.9,273.0,4.1,0.262,0.0,0.262,1
2026-01-02 08:00:00,9.7,1015.0,2.3,268.0,3.5,2.559,0.0,2.559,1
2026-01-02 09:00:00,8.6,1015.0,0.6,227.0,1.1,5.259,0.0,5.259,1
2026-01-02 10:00:00,8.9,1014.6,1.7,258.0,2.2,7.339,0.0,7.339,1
2026-01-02 11:00:00,9.4,1014.5,2.0,265.0,2.5,8.202,0.0,8.202,1
2026-01-02 12:00:00,9.8,1014.9,2.7,256.0,3.5,8.196,0.0,8.196,1
2026-01-02 13:00:00,10.2,1015.3,2.6,264.0,3.9,7.28,0.0,7.28,1
2026-01-02 14:00:00,11.1,1015.6,2.4,269.0,3.4,5.823,0.0,5.823,1
2026-01-02 15:00:00,12.4,1015.9,1.8,243.0,2.8,4.127,0.0,4.127,1
2026-01-02 16:00:00,14.6,1015.4,2.8,276.0,3.5,2.28,0.0,2.28,1
2026-01-02 17:00:00,17.2,1014.5,2.2,249.0,3.2,0.591,0.0,0.591,1
2026-01-02 18:00:00,17.6,1013.7,3.5,243.0,4.9,-0.361,0.0,-0.361,1
2026-01-02 19:00:00,17.4,1012.9,3.3,244.0,5.0,-0.112,0.0,-0.112,1
2026-01-02 20:00:00,16.7,1012.6,2.5,244.0,3.6,1.286,0.0,1.286,1
2026-01-02 21:00:00,17.1,1012.6,1.8,251.0,2.2,2.992,0.0,2.992,1
2026-01-02 22:00:00,15.2,1012.5,1.8,227.0,2.5,4.928,0.0,4.928,1
2026-01-02 23:00:00,13.7,1012.9,1.7,228.0,2.2,6.45,0.0,6.45,1
2026-01-03 00:00:00,12.8,1013.1,1.9,210.0,2.6,7.195,0.0,7.195,1
2026-01-03 01:00:00,13.0,1012.9,1.9,222.0,2.6,6.663,0.0,6.663,1
2026-01-03 02:00:00,13.1,1012.4,2.3,205.0,4.1,5.512,0.0,5.512,1
2026-01-03 03:00:00,13.4,1013.2,2.0,240.0,3.2,3.635,0.0,3.635,1
2026-01-03 04:00:00,13.2,1013.1,2.9,228.0,4.6,1.601,0.0,1.601,1
2026-01-03 05:00:00,12.2,1012.8,2.5,229.0,3.3,-0.282,0.0,-0.282,1
2026-01-03 06:00:00,12.2,1012.3,2.8,229.0,4.0,-1.493,0.0,-1.493,1
2026-01-03 07:00:00,12.4,1012.1,2.6,217.0,3.5,-1.158,0.0,-1.158,1
2026-01-03 08:00:00,13.0,1011.9,3.0,215.0,5.0,0.574,0.0,0.574,1
2026-01-03 09:00:00,13.2,1011.4,1.0,194.0,2.0,2.871,0.0,2.871,1
2026-01-03 10:00:00,13.1,1010.8,1.5,200.0,3.0,5.463,0.0,5.463,1
2026-01-03 11:00:00,13.1,1010.7,3.7,206.0,5.6,7.49,0.0,7.49,1
2026-01-03 12:00:00,13.2,1010.6,1.9,198.0,3.1,8.432,0.0,8.432,1
2026-01-03 13:00:00,13.3,1010.9,4.1,219.0,5.5,8.409,0.0,8.409,1
2026-01-03 14:00:00,14.0,1011.0,3.9,214.0,6.2,7.425,0.0,7.425,1
2026-01-03 15:00:00,15.3,1011.1,4.1,220.0,5.5,5.823,0.0,5.823,1
2026-01-03 16:00:00,17.6,1010.6,3.2,223.0,4.3,4.137,0.0,4.137,1
2026-01-03 17:00:00,18.1,1009.9,3.2,214.0,4.0,2.218,0.0,2.218,1
2026-01-03 18:00:00,18.9,1009.0,4.1,250.0,6.5,0.597,0.0,0.597,1
2026-01-03 19:00:00,17.8,1008.3,4.3,250.0,7.1,-0.502,0.0,-0.502,1
2026-01-03 20:00:00,18.0,1008.5,3.4,249.0,5.3,-0.315,0.0,-0.315,1
2026-01-03 21:00:00,17.9,1008.3,1.3,233.0,2.1,1.234,0.0,1.234,1
2026-01-03 22:00:00,16.8,1009.1,1.7,224.0,2.4,3.205,0.0,3.205,1
2026-01-03 23:00:00,14.8,1009.9,4.8,32.0,6.1,5.469,0.0,5.469,1
2026-01-04 00:00:00,13.4,1010.3,5.7,29.0,7.4,7.146,0.0,7.146,1
2026-01-04 01:00:00,12.6,1011.8,4.0,19.0,4.9,7.615,0.0,7.615,1
2026-01-04 02:00:00,12.1,1012.6,4.4,357.0,6.1,6.785,0.0,6.785,1
2026-01-04 03:00:00,11.6,1013.3,4.6,19.0,5.3,5.64,0.0,5.64,1
2026-01-04 04:00:00,11.6,1013.7,4.5,29.0,5.3,3.891,0.0,3.891,1
2026-01-04 05:00:00,11.2,1014.1,3.1,3.0,4.2,1.926,0.0,1.926,1
2026-01-04 06:00:00,11.2,1013.7,2.9,41.0,3.5,0.19,0.0,0.19,1
2026-01-04 07:00:00,11.0,1014.3,3.2,10.0,4.2,-0.597,0.0,-0.597,1
2026-01-04 08:00:00,10.5,1014.9,4.7,26.0,5.6,-0.085,0.0,-0.085,1
2026-01-04 09:00:00,10.3,1015.7,3.5,23.0,4.3,1.696,0.0,1.696,1
2026-01-04 10:00:00,10.4,1016.1,3.2,13.0,4.0,4.088,0.0,4.088,1
2026-01-04 11:00:00,9.9,1016.9,3.2,32.0,4.1,6.345,0.0,6.345,1
2026-01-04 12:00:00,9.1,1017.9,3.2,24.0,4.0,8.12,0.0,8.12,1
2026-01-04 13:00:00,9.0,1018.4,3.7,45.0,4.4,8.865,0.0,8.865,1
2026-01-04 14:00:00,8.9,1019.3,4.0,47.0,4.7,8.848,0.0,8.848,1
2026-01-04 15:00:00,8.8,1020.2,3.0,49.0,4.0,8.077,0.0,8.077,1
2026-01-04 16:00:00,9.1,1020.8,1.7,37.0,2.3,6.453,0.0,6.453,1
2026-01-04 17:00:00,9.4,1021.0,1.7,331.0,2.2,4.77,0.0,4.77,1
2026-01-04 18:00:00,9.4,1020.7,3.0,346.0,3.7,2.959,0.0,2.959,1
2026-01-04 19:00:00,10.0,1020.7,2.8,7.0,3.4,1.23,0.0,1.23,1
2026-01-04 20:00:00,10.2,1020.5,1.8,102.0,2.1,0.197,0.0,0.197,1
2026-01-04 21:00:00,10.6,1019.9,2.2,111.0,3.2,0.413,0.0,0.413,1
2026-01-04 22:00:00,10.2,1020.0,1.3,167.0,1.7,1.991,0.0,1.991,1
2026-01-04 23:00:00,9.3,1020.3,1.5,120.0,1.7,4.009,0.0,4.009,1
2026-01-05 00:00:00,8.7,1020.6,0.9,122.0,1.0,6.142,0.0,6.142,1
2026-01-05 01:00:00,9.6,1020.5,1.7,59.0,1.9,7.625,0.0,7.625,1
2026-01-05 02:00:00,10.2,1020.7,1.7,51.0,2.1,7.946,0.0,7.946,1
2026-01-05 03:00:00,9.7,1021.4,1.1,51.0,1.3,7.507,0.0,7.507,1
2026-01-05 04:00:00,9.4,1021.5,1.4,16.0,1.7,6.037,0.0,6.037,1
2026-01-05 05:00:00,9.5,1021.6,1.0,18.0,1.2,4.298,0.0,4.298,1
2026-01-05 06:00:00,9.6,1021.2,1.3,40.0,1.8,2.257,0.0,2.257,1
2026-01-05 07:00:00,10.4,1020.9,3.4,69.0,4.4,0.463,0.0,0.463,1
2026-01-05 08:00:00,10.2,1020.5,2.8,73.0,3.7,-0.604,0.0,-0.604,1
2026-01-05 09:00:00,10.6,1020.5,3.1,74.0,3.6,-0.128,0.0,-0.128,1
2026-01-05 10:00:00,10.3,1020.8,1.5,86.0,3.1,1.683,0.0,1.683,1
2026-01-05 11:00:00,11.9,1021.0,4.5,77.0,5.3,4.072,0.0,4.072,1
2026-01-05 12:00:00,12.0,1021.1,4.2,76.0,4.8,6.545,0.0,6.545,1
2026-01-05 13:00:00,12.3,1021.2,5.5,89.0,6.0,8.1,0.0,8.1,1
2026-01-05 14:00:00,13.1,1021.9,3.4,62.0,4.1,8.793,0.0,8.793,1
2026-01-05 15:00:00,13.4,1021.9,3.2,75.0,4.1,8.576,0.0,8.576,1
2026-01-05 16:00:00,14.7,1021.4,3.7,91.0,4.4,7.52,0.0,7.52,1
2026-01-05 17:00:00,15.0,1020.8,5.1,67.0,6.3,5.896,0.0,5.896,1
2026-01-05 18:00:00,16.5,1019.9,5.3,70.0,6.2,4.117,0.0,4.117,1
2026-01-05 19:00:00,16.8,1019.4,4.6,72.0,5.3,2.175,0.0,2.175,1
2026-01-05 20:00:00,16.3,1019.1,4.7,75.0,5.5,0.617,0.0,0.617,1
2026-01-05 21:00:00,15.7,1019.1,4.7,77.0,6.1,-0.121,0.0,-0.121,1
2026-01-05 22:00:00,14.8,1018.8,3.9,93.0,4.5,0.728,0.0,0.728,1
2026-01-05 23:00:00,14.0,1018.8,3.5,89.0,4.1,2.657,0.0,2.657,1
2026-01-06 00:00:00,13.7,1019.0,2.0,86.0,2.2,4.57,0.0,4.57,1
2026-01-06 01:00:00,13.5,1019.3,0.4,81.0,0.6,6.378,0.0,6.378,1
2026-01-06 02:00:00,13.0,1019.2,0.4,320.0,0.6,7.405,0.0,7.405,1
2026-01-06 03:00:00,12.5,1019.2,0.6,61.0,0.7,7.477,0.0,7.477,1
2026-01-06 04:00:00,13.3,1018.7,0.9,77.0,1.2,6.791,0.0,6.791,1
2026-01-06 05:00:00,12.7,1018.4,0.9,102.0,1.2,5.374,0.0,5.374,1
2026-01-06 06:00:00,12.2,1018.1,2.2,278.0,2.6,3.622,0.0,3.622,1
2026-01-06 07:00:00,12.3,1018.2,2.5,280.0,2.8,1.886,0.0,1.886,1
2026-01-06 08:00:00,12.4,1017.8,0.8,233.0,1.1,0.266,0.0,0.266,1
2026-01-06 09:00:00,11.6,1017.7,1.8,243.0,2.1,-0.535,0.0,-0.535,1
2026-01-06 10:00:00,11.1,1017.4,3.3,229.0,3.7,0.164,0.0,0.164,1
2026-01-06 11:00:00,10.9,1017.6,3.2,229.0,3.6,1.965,0.0,1.965,1
2026-01-06 12:00:00,10.1,1018.0,2.5,218.0,2.9,4.17,0.0,4.17,1
2026-01-06 13:00:00,11.0,1018.5,4.2,280.0,5.1,6.312,0.0,6.312,1
2026-01-06 14:00:00,11.2,1018.9,5.3,295.0,6.5,7.612,0.0,7.612,1
2026-01-06 15:00:00,13.5,1019.2,3.9,290.0,4.5,8.159,0.0,8.159,1
2026-01-06 16:00:00,16.0,1019.2,3.9,291.0,4.5,7.877,0.0,7.877,1
2026-01-06 17:00:00,16.9,1018.0,2.9,305.0,3.4,6.821,0.0,6.821,1
2026-01-06 18:00:00,20.1,1016.4,1.8,315.0,2.4,5.036,0.0,5.036,1
2026-01-06 19:00:00,16.6,1015.5,3.4,191.0,4.8,3.209,0.0,3.209,1
2026-01-06 20:00:00,16.6,1015.3,2.2,189.0,4.8,1.247,0.0,1.247,1
2026-01-06 21:00:00,16.0,1015.1,4.8,211.0,7.7,-0.2,0.0,-0.2,1
2026-01-06 22:00:00,15.0,1015.1,4.6,217.0,6.1,-0.407,0.0,-0.407,1
2026-01-06 23:00:00,14.5,1015.3,4.2,215.0,5.6,0.837,0.0,0.837,1
2026-01-07 00:00:00,14.3,1015.4,2.8,205.0,4.3,2.822,0.0,2.822,1
2026-01-07 01:00:00,14.1,1015.5,2.1,214.0,3.0,4.767,0.0,4.767,1
2026-01-07 02:00:00,14.3,1015.6,2.4,223.0,3.2,6.224,0.0,6.224,1
2026-01-07 03:00:00,15.1,1015.6,4.2,220.0,5.3,7.028,0.0,7.028,1
2026-01-07 04:00:00,15.0,1015.3,3.9,222.0,5.3,6.886,0.0,6.886,1
2026-01-07 05:00:00,14.6,1014.9,3.4,224.0,4.6,6.155,0.0,6.155,1
2026-01-07 06:00:00,13.7,1015.2,1.1,237.0,1.7,4.692,0.0,4.692,1
2026-01-07 07:00:00,14.3,1015.6,2.1,250.0,2.7,3.11,0.0,3.11,1
2026-01-07 08:00:00,15.9,1015.5,3.9,263.0,5.3,1.102,0.0,1.102,1
2026-01-07 09:00:00,15.9,1015.2,2.4,246.0,3.7,-0.115,0.0,-0.115,1
2026-01-07 10:00:00,14.7,1015.1,1.8,232.0,2.6,-0.659,0.0,-0.659,1
2026-01-07 11:00:00,14.4,1015.6,1.3,245.0,1.9,0.21,0.0,0.21,1
2026-01-07 12:00:00,13.9,1016.2,2.2,246.0,3.1,2.044,0.0,2.044,1
2026-01-07 13:00:00,16.0,1016.7,3.8,272.0,6.1,4.042,0.0,4.042,1
2026-01-07 14:00:00,16.5,1017.2,3.7,275.0,5.6,5.863,0.0,5.863,1
2026-01-07 15:00:00,18.9,1017.6,3.1,265.0,4.3,7.014,0.0,7.014,1
2026-01-07 16:00:00,19.5,1017.3,5.1,284.0,6.5,7.365,0.0,7.365,1
2026-01-07 17:00:00,18.9,1016.5,4.5,298.0,5.0,6.844,0.0,6.844,1
2026-01-07 18:00:00,19.7,1015.9,4.1,308.0,4.5,5.574,0.0,5.574,1
2026-01-07 19:00:00,19.7,1015.8,4.7,310.0,5.7,3.947,0.0,3.947,1
2026-01-07 20:00:00,21.1,1015.6,4.7,314.0,5.6,2.129,0.0,2.129,1
2026-01-07 21:00:00,20.1,1015.8,3.2,344.0,3.9,0.427,0.0,0.427,1
2026-01-07 22:00:00,20.2,1016.2,1.1,321.0,1.4,-0.512,0.0,-0.512,1
2026-01-07 23:00:00,16.8,1016.6,3.0,179.0,3.7,-0.249,0.0,-0.249,1
2026-01-08 00:00:00,15.4,1017.1,1.1,198.0,1.7,1.302,0.0,1.302,1
2026-01-08 01:00:00,15.3,1017.6,1.1,203.0,1.4,3.061,0.0,3.061,1
2026-01-08 02:00:00,15.1,1017.7,1.7,189.0,2.6,4.8,0.0,4.8,1
2026-01-08 03:00:00,14.8,1018.2,1.5,211.0,2.0,6.017,0.0,6.017,1
2026-01-08 04:00:00,14.9,1017.7,2.0,200.0,2.7,6.604,0.0,6.604,1
2026-01-08 05:00:00,14.5,1017.3,2.7,204.0,3.6,6.404,0.0,6.404,1
2026-01-08 06:00:00,14.0,1017.8,2.0,222.0,2.5,5.689,0.0,5.689,1
2026-01-08 07:00:00,13.5,1018.0,0.4,119.0,0.7,4.518,0.0,4.518,1
2026-01-08 08:00:00,13.1,1018.1,0.3,204.0,0.5,2.927,0.0,2.927,1
2026-01-08 09:00:00,13.9,1018.4,1.5,221.0,1.7,1.45,0.0,1.45,1
2026-01-08 10:00:00,13.7,1018.7,1.0,231.0,1.2,0.266,0.0,0.266,1
2026-01-08 11:00:00,13.4,1019.3,0.0,322.0,0.3,-0.007,0.0,-0.007,1
2026-01-08 12:00:00,13.1,1019.8,0.0,97.0,0.4,0.889,0.0,0.889,1
2026-01-08 13:00:00,12.8,1020.3,1.2,125.0,1.3,2.47,0.0,2.47,1
2026-01-08 14:00:00,14.1,1020.9,1.4,89.0,1.5,4.281,0.0,4.281,1
2026-01-08 15:00:00,15.8,1021.6,0.9,175.0,1.2,5.873,0.0,5.873,1
2026-01-08 16:00:00,13.9,1021.9,2.0,116.0,2.1,6.972,0.0,6.972,1
2026-01-08 17:00:00,14.3,1021.4,2.5,112.0,2.6,7.11,0.0,7.11,1
2026-01-08 18:00:00,15.7,1020.7,1.3,151.0,1.3,6.529,0.0,6.529,1
2026-01-08 19:00:00,17.4,1020.2,1.8,116.0,2.2,5.285,0.0,5.285,1
2026-01-08 20:00:00,14.8,1020.3,2.2,103.0,2.4,3.724,0.0,3.724,1
2026-01-08 21:00:00,13.5,1020.5,2.8,94.0,3.1,1.877,0.0,1.877,1
2026-01-08 22:00:00,13.5,1020.5,3.7,115.0,4.0,0.538,0.0,0.538,1
2026-01-08 23:00:00,13.5,1021.1,2.4,110.0,2.6,-0.013,0.0,-0.013,1
2026-01-09 00:00:00,13.6,1022.0,2.1,113.0,2.3,0.64,0.0,0.64,1
2026-01-09 01:00:00,13.6,1022.4,2.3,113.0,2.5,2.047,0.0,2.047,1
2026-01-09 02:00:00,13.9,1022.6,1.3,79.0,1.5,3.711,0.0,3.711,1
2026-01-09 03:00:00,13.8,1022.6,1.6,120.0,1.8,5.184,0.0,5.184,1
2026-01-09 04:00:00,13.8,1022.3,1.1,101.0,1.3,6.191,0.0,6.191,1
2026-01-09 05:00:00,14.0,1022.3,1.0,93.0,1.2,6.634,0.0,6.634,1
2026-01-09 06:00:00,13.9,1022.1,0.6,59.0,0.7,6.585,0.0,6.585,1
2026-01-09 07:00:00,13.7,1022.0,0.0,90.0,0.0,5.846,0.0,5.846,1
2026-01-09 08:00:00,13.8,1022.3,0.5,323.0,0.7,4.652,0.0,4.652,1
2026-01-09 09:00:00,14.1,1022.7,1.8,314.0,2.0,3.104,0.0,3.104,1
2026-01-09 10:00:00,14.2,1022.7,1.4,327.0,1.7,1.752,0.0,1.752,1
2026-01-09 11:00:00,14.5,1023.1,0.0,12.0,0.0,0.866,0.0,0.866,1
2026-01-09 12:00:00,13.9,1023.4,0.7,134.0,0.8,0.873,0.0,0.873,1
2026-01-09 13:00:00,14.0,1023.8,0.2,228.0,0.3,1.801,0.0,1.801,1
2026-01-09 14:00:00,14.4,1023.9,1.6,152.0,2.1,3.159,0.0,3.159,1
2026-01-09 15:00:00,15.4,1024.0,1.4,139.0,2.2,4.764,0.0,4.764,1
2026-01-09 16:00:00,16.6,1024.0,1.0,206.0,1.8,6.112,0.0,6.112,1
2026-01-09 17:00:00,16.6,1023.7,0.3,18.0,0.4,6.811,0.0,6.811,1
2026-01-09 18:00:00,17.6,1022.6,1.0,95.0,1.3,6.677,0.0,6.677,1
2026-01-09 19:00:00,21.5,1022.1,1.9,194.0,2.6,5.915,0.0,5.915,1
2026-01-09 20:00:00,22.6,1021.8,2.4,207.0,3.8,4.633,0.0,4.633,1
2026-01-09 21:00:00,21.5,1021.8,2.8,178.0,4.1,3.074,0.0,3.074,1
2026-01-09 22:00:00,19.6,1022.2,2.5,173.0,3.1,1.67,0.0,1.67,1
2026-01-09 23:00:00,15.9,1022.4,2.2,124.0,2.4,0.761,0.0,0.761,1
2026-01-10 00:00:00,17.4,1022.7,1.5,156.0,2.4,0.702,0.0,0.702,1
2026-01-10 01:00:00,17.7,1022.6,2.5,157.0,3.7,1.355,0.0,1.355,1
2026-01-10 02:00:00,17.8,1023.0,2.0,178.0,3.4,2.651,0.0,2.651,1
2026-01-10 03:00:00,17.3,1023.0,1.9,173.0,2.5,4.111,0.0,4.111,1
2026-01-10 04:00:00,17.2,1023.1,1.2,184.0,2.4,5.236,0.0,5.236,1
2026-01-10 05:00:00,17.0,1022.7,0.7,162.0,1.1,5.873,0.0,5.873,1
2026-01-10 06:00:00,16.9,1022.1,1.4,189.0,2.2,6.686,0.0,6.686,1
2026-01-10 07:00:00,17.2,1022.0,1.8,194.0,3.0,6.378,0.0,6.378,1
2026-01-10 08:00:00,16.7,1022.0,3.6,219.0,4.7,5.758,0.0,5.758,1
2026-01-10 09:00:00,15.8,1021.8,1.3,223.0,1.8,4.485,0.0,4.485,1
2026-01-10 10:00:00,15.6,1021.8,1.8,207.0,2.3,3.153,0.0,3.153,1
2026-01-10 11:00:00,15.5,1021.5,0.7,185.0,1.5,1.864,0.0,1.864,1
2026-01-10 12:00:00,16.0,1021.2,1.8,197.0,2.5,1.093,0.0,1.093,1
2026-01-10 13:00:00,16.3,1020.8,1.4,194.0,3.2,1.204,0.0,1.204,1
2026-01-10 14:00:00,17.9,1021.2,3.6,220.0,5.1,2.103,0.0,2.103,1
2026-01-10 15:00:00,18.9,1022.0,3.3,213.0,5.4,3.36,0.0,3.36,1
2026-01-10 16:00:00,21.2,1022.2,3.8,215.0,5.3,4.724,0.0,4.724,1
2026-01-10 17:00:00,21.5,1021.4,4.1,211.0,5.5,5.823,0.0,5.823,1
2026-01-10 18:00:00,22.0,1020.4,3.2,209.0,4.2,6.312,0.0,6.312,1
2026-01-10 19:00:00,22.3,1019.7,3.6,203.0,5.4,6.02,0.0,6.02,1
2026-01-10 20:00:00,22.3,1018.9,4.5,202.0,6.3,5.098,0.0,5.098,1
2026-01-10 21:00:00,21.4,1018.7,3.8,201.0,6.3,3.852,0.0,3.852,1
2026-01-10 22:00:00,19.7,1018.8,2.8,226.0,4.0,2.526,0.0,2.526,1
2026-01-10 23:00:00,18.0,1019.0,2.9,211.0,4.5,1.45,0.0,1.45,1
2026-01-11 00:00:00,18.4,1019.0,4.9,215.0,7.4,0.938,0.0,0.938,1
2026-01-11 01:00:00,17.8,1019.1,5.0,220.0,7.2,1.211,0.0,1.211,1
2026-01-11 02:00:00,17.6,1019.2,4.6,218.0,6.4,1.969,0.0,1.969,1
2026-01-11 03:00:00,17.0,1018.9,3.4,216.0,4.6,2.897,0.0,2.897,1
2026-01-11 04:00:00,16.6,1018.6,3.1,222.0,4.0,3.839,0.0,3.839,1
2026-01-11 05:00:00,16.4,1018.0,1.6,256.0,2.3,4.76,0.0,4.76,1
2026-01-11 06:00:00,16.3,1017.5,2.4,223.0,3.0,5.801,0.0,5.801,1
2026-01-11 07:00:00,16.5,1017.5,1.6,199.0,3.4,6.22,0.0,6.22,1
2026-01-11 08:00:00,16.4,1017.8,2.0,240.0,2.8,6.217,0.0,6.217,1
2026-01-11 09:00:00,16.8,1017.4,2.1,228.0,2.8,5.479,0.0,5.479,1
2026-01-11 10:00:00,17.3,1017.1,3.2,256.0,4.7,4.386,0.0,4.386,1
2026-01-11 11:00:00,18.1,1017.4,4.0,273.0,5.9,2.923,0.0,2.923,1
2026-01-11 12:00:00,17.7,1018.1,6.6,296.0,7.4,1.467,0.0,1.467,1
2026-01-11 13:00:00,15.8,1019.1,6.1,309.0,7.0,0.492,0.0,0.492,1
2026-01-11 14:00:00,15.6,1020.0,4.2,292.0,5.0,0.423,0.0,0.423,1
2026-01-11 15:00:00,15.4,1021.1,8.8,316.0,11.0,1.283,0.0,1.283,1
2026-01-11 16:00:00,15.4,1021.5,10.7,312.0,12.4,2.444,0.0,2.444,1
2026-01-11 17:00:00,15.4,1020.9,10.8,309.0,13.7,3.711,0.0,3.711,1
2026-01-11 18:00:00,15.2,1020.2,10.8,304.0,13.1,4.639,0.0,4.639,1
2026-01-11 19:00:00,15.2,1019.9,11.8,319.0,14.2,4.97,0.0,4.97,1
2026-01-11 20:00:00,15.8,1019.9,10.6,311.0,13.1,4.685,0.0,4.685,1
2026-01-11 21:00:00,15.8,1020.6,10.1,329.0,12.2,3.786,0.0,3.786,1
2026-01-11 22:00:00,14.8,1021.5,8.5,325.0,10.5,2.503,0.0,2.503,1
2026-01-11 23:00:00,13.4,1023.0,6.7,334.0,8.2,1.476,0.0,1.476,1
2026-01-12 00:00:00,12.4,1024.3,6.5,330.0,8.4,0.728,0.0,0.728,1
2026-01-12 01:00:00,11.3,1025.7,6.8,349.0,9.2,0.535,0.0,0.535,1
2026-01-12 02:00:00,10.0,1026.4,4.2,349.0,5.2,0.587,0.0,0.587,1
2026-01-12 03:00:00,9.2,1027.1,4.9,350.0,6.6,1.135,0.0,1.135,1
2026-01-12 04:00:00,8.2,1027.5,3.6,350.0,4.5,1.778,0.0,1.778,1
2026-01-12 05:00:00,7.9,1027.5,4.9,12.0,6.9,3.737,0.0,3.737,1
2026-01-12 06:00:00,7.3,1027.6,5.7,23.0,6.9,4.764,0.0,4.764,1
2026-01-12 07:00:00,6.3,1027.8,5.2,14.0,6.7,5.961,0.0,5.961,1
2026-01-12 08:00:00,5.7,1027.4,7.5,22.0,9.5,6.493,0.0,6.493,1
2026-01-12 09:00:00,5.7,1027.9,5.5,22.0,7.1,6.473,0.0,6.473,1
2026-01-12 10:00:00,5.0,1028.4,4.8,19.0,5.7,5.787,0.0,5.787,1
2026-01-12 11:00:00,4.6,1029.1,5.4,22.0,7.1,4.577,0.0,4.577,1
2026-01-12 12:00:00,4.3,1030.1,4.7,25.0,6.4,3.31,0.0,3.31,1
2026-01-12 13:00:00,4.3,1030.9,7.1,63.0,9.4,2.051,0.0,2.051,1
2026-01-12 14:00:00,4.5,1031.1,5.8,52.0,7.4,1.381,0.0,1.381,1
2026-01-12 15:00:00,5.4,1030.9,6.6,58.0,8.1,1.549,0.0,1.549,1
2026-01-12 16:00:00,6.3,1030.9,6.6,76.0,8.2,2.575,0.0,2.575,1
2026-01-12 17:00:00,7.1,1030.2,3.7,27.0,5.4,3.793,0.0,3.793,1
2026-01-12 18:00:00,7.6,1028.9,3.9,67.0,4.8,4.931,0.0,4.931,1
2026-01-12 19:00:00,9.0,1028.0,3.9,57.0,5.3,5.676,0.0,5.676,1
2026-01-12 20:00:00,9.3,1027.5,3.3,58.0,4.4,5.988,0.0,5.988,1
2026-01-12 21:00:00,9.6,1027.4,2.8,68.0,3.6,5.387,0.0,5.387,1
2026-01-12 22:00:00,9.3,1027.2,2.8,54.0,3.3,4.442,0.0,4.442,1
2026-01-12 23:00:00,9.2,1027.2,2.4,50.0,2.8,3.586,0.0,3.586,1
2026-01-13 00:00:00,9.1,1027.3,2.2,42.0,2.7,2.743,0.0,2.743,1
2026-01-13 01:00:00,8.8,1027.4,2.4,36.0,3.1,2.001,0.0,2.001,1
2026-01-13 02:00:00,8.6,1027.3,2.0,27.0,2.7,1.539,0.0,1.539,1
2026-01-13 03:00:00,7.4,1027.4,2.3,2.0,2.9,1.483,0.0,1.483,1
2026-01-13 04:00:00,7.2,1027.3,2.2,14.0,3.0,2.014,0.0,2.014,1
2026-01-13 05:00:00,6.9,1026.8,2.2,9.0,2.7,2.949,0.0,2.949,1
2026-01-13 06:00:00,6.4,1026.1,2.2,21.0,2.5,4.298,0.0,4.298,1
2026-01-13 07:00:00,6.5,1025.7,1.7,6.0,1.9,5.482,0.0,5.482,1
2026-01-13 08:00:00,5.9,1025.2,2.3,3.0,2.5,6.555,0.0,6.555,1
2026-01-13 09:00:00,5.7,1025.1,2.9,358.0,3.4,6.814,0.0,6.814,1
2026-01-13 10:00:00,6.1,1024.7,1.7,357.0,2.5,6.506,0.0,6.506,1
2026-01-13 11:00:00,6.0,1024.7,1.7,3.0,2.0,5.643,0.0,5.643,1
2026-01-13 12:00:00,5.8,1024.9,2.5,358.0,3.1,4.334,0.0,4.334,1
2026-01-13 13:00:00,6.1,1025.0,2.1,1.0,2.4,3.051,0.0,3.051,1
2026-01-13 14:00:00,8.6,1025.2,1.4,349.0,2.0,1.68,0.0,1.68,1
2026-01-13 15:00:00,9.6,1025.5,2.3,44.0,3.1,1.066,0.0,1.066,1
2026-01-13 16:00:00,10.1,1025.1,2.0,107.0,2.5,1.463,0.0,1.463,1
2026-01-13 17:00:00,10.7,1023.6,1.6,82.0,1.7,2.234,0.0,2.234,1
2026-01-13 18:00:00,11.6,1022.1,1.9,88.0,2.7,3.701,0.0,3.701,1
2026-01-13 19:00:00,11.7,1020.7,3.4,101.0,3.7,4.875,0.0,4.875,1
2026-01-13 20:00:00,14.4,1019.8,2.3,110.0,4.0,5.427,0.0,5.427,1
2026-01-13 21:00:00,14.1,1019.4,2.6,186.0,4.3,5.525,0.0,5.525,1
2026-01-13 22:00:00,12.9,1019.3,2.4,180.0,3.2,5.2,0.0,5.2,1
2026-01-13 23:00:00,11.2,1019.1,1.3,210.0,1.7,4.564,0.0,4.564,1
2026-01-14 00:00:00,10.9,1018.9,1.9,213.0,2.4,3.757,0.0,3.757,1
2026-01-14 01:00:00,10.0,1018.6,1.9,227.0,2.2,2.762,0.0,2.762,1
2026-01-14 02:00:00,9.8,1018.5,2.0,206.0,2.3,1.991,0.0,1.991,1
2026-01-14 03:00:00,9.5,1018.0,0.7,247.0,1.6,1.345,0.0,1.345,1
2026-01-14 04:00:00,9.1,1017.3,2.0,245.0,2.4,1.257,0.0,1.257,1
2026-01-14 05:00:00,9.4,1016.7,2.2,230.0,3.1,1.923,0.0,1.923,1
2026-01-14 06:00:00,9.1,1016.2,1.0,226.0,1.2,3.081,0.0,3.081,1
2026-01-14 07:00:00,8.9,1015.7,1.9,267.0,2.5,4.741,0.0,4.741,1
2026-01-14 08:00:00,9.2,1015.3,1.6,257.0,2.1,6.191,0.0,6.191,1
2026-01-14 09:00:00,9.4,1014.6,1.8,284.0,2.3,6.939,0.0,6.939,1
2026-01-14 10:00:00,9.4,1013.5,1.9,263.0,2.5,7.054,0.0,7.054,1
2026-01-14 11:00:00,9.6,1014.1,1.2,256.0,1.7,6.526,0.0,6.526,1
2026-01-14 12:00:00,9.8,1014.3,3.3,285.0,4.2,5.417,0.0,5.417,1
2026-01-14 13:00:00,9.6,1013.7,3.5,292.0,3.8,4.012,0.0,4.012,1
2026-01-14 14:00:00,10.1,1013.4,2.9,274.0,3.6,2.428,0.0,2.428,1
2026-01-14 15:00:00,11.1,1013.3,2.5,275.0,3.8,1.499,0.0,1.499,1
2026-01-14 16:00:00,13.3,1013.0,5.9,291.0,6.8,0.984,0.0,0.984,1
2026-01-14 17:00:00,13.1,1011.6,1.6,276.0,2.2,1.368,0.0,1.368,1
2026-01-14 18:00:00,12.3,1010.4,3.7,284.0,5.1,2.375,0.0,2.375,1
2026-01-14 19:00:00,12.0,1009.1,6.0,292.0,7.4,3.527,0.0,3.527,1
2026-01-14 20:00:00,11.0,1008.9,3.7,284.0,4.8,4.472,0.0,4.472,1
2026-01-14 21:00:00,11.9,1008.1,3.5,227.0,4.6,5.203,0.0,5.203,1
2026-01-14 22:00:00,12.2,1008.0,3.0,245.0,4.5,5.331,0.0,5.331,1
2026-01-14 23:00:00,11.3,1008.3,2.4,232.0,3.2,5.164,0.0,5.164,1
2026-01-15 00:00:00,10.8,1008.6,2.3,230.0,3.3,4.472,0.0,4.472,1
2026-01-15 01:00:00,10.3,1008.6,2.7,236.0,4.1,3.481,0.0,3.481,1
2026-01-15 02:00:00,9.6,1008.7,3.2,238.0,4.6,2.231,0.0,2.231,1
2026-01-15 03:00:00,10.6,1008.2,4.4,260.0,6.9,0.991,0.0,0.991,1
2026-01-15 04:00:00,10.3,1008.2,4.5,260.0,6.2,0.138,0.0,0.138,1
2026-01-15 05:00:00,10.4,1007.8,4.8,263.0,7.4,0.007,0.0,0.007,1
2026-01-15 06:00:00,10.1,1007.5,4.8,259.0,7.1,0.955,0.0,0.955,1
2026-01-15 07:00:00,10.0,1007.2,4.2,261.0,6.0,2.454,0.0,2.454,1
2026-01-15 08:00:00,10.1,1006.5,3.8,271.0,5.2,4.229,0.0,4.229,1
2026-01-15 09:00:00,10.0,1007.0,3.0,251.0,4.5,5.604,0.0,5.604,1
2026-01-15 10:00:00,10.2,1006.9,3.8,276.0,4.7,6.529,0.0,6.529,1
2026-01-15 11:00:00,10.2,1007.3,5.4,278.0,6.5,6.496,0.0,6.496,1
2026-01-15 12:00:00,9.8,1007.7,8.1,308.0,9.3,5.745,0.0,5.745,1
2026-01-15 13:00:00,8.2,1008.7,8.9,311.0,10.8,4.6,0.0,4.6,1
2026-01-15 14:00:00,6.9,1009.7,9.0,324.0,11.4,3.12,0.0,3.12,1
2026-01-15 15:00:00,5.6,1010.9,10.9,311.0,13.0,1.647,0.0,1.647,1
2026-01-15 16:00:00,5.3,1010.9,11.9,308.0,13.9,0.607,0.0,0.607,1
2026-01-15 17:00:00,6.0,1010.1,9.3,315.0,13.0,0.138,0.0,0.138,1
2026-01-15 18:00:00,6.3,1009.0,8.1,306.0,10.1,0.62,0.0,0.62,1
2026-01-15 19:00:00,7.5,1008.1,10.1,311.0,12.0,1.831,0.0,1.831,1
2026-01-15 20:00:00,8.0,1008.8,10.2,299.0,12.3,3.048,0.0,3.048,1
2026-01-15 21:00:00,8.4,1009.3,10.1,296.0,11.3,4.206,0.0,4.206,1
2026-01-15 22:00:00,7.9,1010.0,11.2,309.0,13.4,4.806,0.0,4.806,1
2026-01-15 23:00:00,7.1,1011.5,10.1,311.0,12.2,4.879,0.0,4.879,1
2026-01-16 00:00:00,6.2,1013.1,12.7,309.0,15.4,4.331,0.0,4.331,1
2026-01-16 01:00:00,4.9,1014.6,8.2,325.0,10.3,3.458,0.0,3.458,1
2026-01-16 02:00:00,4.0,1016.4,8.5,325.0,10.8,2.116,0.0,2.116,1
2026-01-16 03:00:00,3.5,1018.3,10.2,306.0,11.8,0.719,0.0,0.719,1
2026-01-16 04:00:00,2.7,1018.9,7.0,325.0,9.9,-0.2,0.0,-0.2,1
2026-01-16 05:00:00,1.4,1018.6,4.3,324.0,5.3,-0.522,0.0,-0.522,1
2026-01-16 06:00:00,0.8,1018.5,4.4,324.0,5.2,0.171,0.0,0.171,1
2026-01-16 07:00:00,0.3,1018.3,4.6,355.0,6.0,1.404,0.0,1.404,1
2026-01-16 08:00:00,0.2,1017.8,5.0,358.0,6.4,3.225,0.0,3.225,1
2026-01-16 09:00:00,-0.1,1019.1,2.9,320.0,3.6,5.328,0.0,5.328,1
2026-01-16 10:00:00,0.2,1020.0,2.7,321.0,3.4,6.801,0.0,6.801,1
2026-01-16 11:00:00,0.6,1020.8,3.0,316.0,4.2,7.182,0.0,7.182,1
2026-01-16 12:00:00,0.6,1021.7,3.7,320.0,4.3,6.985,0.0,6.985,1
2026-01-16 13:00:00,1.2,1022.5,2.8,323.0,3.3,5.801,0.0,5.801,1
2026-01-16 14:00:00,3.9,1023.3,1.0,300.0,1.6,4.439,0.0,4.439,1
2026-01-16 15:00:00,3.3,1023.9,1.2,40.0,1.7,3.084,0.0,3.084,1
2026-01-16 16:00:00,6.0,1024.3,2.4,286.0,3.2,1.752,0.0,1.752,1
2026-01-16 17:00:00,7.5,1024.0,1.5,327.0,2.2,0.899,0.0,0.899,1
2026-01-16 18:00:00,7.3,1022.9,2.1,228.0,3.7,0.932,0.0,0.932,1
2026-01-16 19:00:00,6.7,1022.5,3.5,176.0,5.4,1.496,0.0,1.496,1
2026-01-16 20:00:00,7.4,1021.7,2.8,187.0,4.7,2.566,0.0,2.566,1
2026-01-16 21:00:00,7.3,1021.9,3.4,203.0,4.8,3.835,0.0,3.835,1
2026-01-16 22:00:00,7.0,1022.0,3.4,183.0,6.0,4.99,0.0,4.99,1
2026-01-16 23:00:00,6.4,1022.2,1.8,194.0,3.5,5.761,0.0,5.761,1
2026-01-17 00:00:00,6.9,1022.0,2.0,192.0,4.0,5.755,0.0,5.755,1
2026-01-17 01:00:00,7.3,1022.2,2.2,198.0,3.8,5.144,0.0,5.144,1
2026-01-17 02:00:00,7.3,1022.7,1.3,193.0,2.4,3.95,0.0,3.95,1
2026-01-17 03:00:00,6.9,1022.8,1.2,231.0,2.0,2.238,0.0,2.238,1
2026-01-17 04:00:00,8.0,1022.7,1.9,189.0,3.9,1.043,0.0,1.043,1
2026-01-17 05:00:00,8.7,1022.2,2.4,199.0,4.4,0.102,0.0,0.102,1
2026-01-17 06:00:00,7.7,1022.3,2.0,236.0,3.1,-0.161,0.0,-0.161,1
2026-01-17 07:00:00,6.6,1022.2,1.3,238.0,1.7,0.748,0.0,0.748,1
2026-01-17 08:00:00,7.2,1021.3,1.8,165.0,2.4,2.336,0.0,2.336,1
2026-01-17 09:00:00,9.7,1021.2,2.7,207.0,4.3,4.216,0.0,4.216,1
2026-01-17 10:00:00,9.7,1020.9,1.3,234.0,1.9,5.725,0.0,5.725,1
2026-01-17 11:00:00,10.1,1021.1,2.9,219.0,4.4,6.706,0.0,6.706,1
2026-01-17 12:00:00,11.0,1021.5,3.1,216.0,4.2,6.919,0.0,6.919,1
2026-01-17 13:00:00,11.2,1021.9,3.4,228.0,4.8,6.306,0.0,6.306,1
2026-01-17 14:00:00,11.7,1022.6,3.4,225.0,5.1,5.174,0.0,5.174,1
2026-01-17 15:00:00,12.6,1022.9,3.3,207.0,5.1,3.724,0.0,3.724,1
2026-01-17 16:00:00,15.0,1023.0,5.4,216.0,7.8,2.133,0.0,2.133,1
2026-01-17 17:00:00,14.8,1022.3,3.7,218.0,5.3,0.794,0.0,0.794,1
2026-01-17 18:00:00,16.2,1021.0,3.6,251.0,5.7,-0.062,0.0,-0.062,1
2026-01-17 19:00:00,16.3,1020.5,1.3,248.0,2.2,-0.02,0.0,-0.02,1
2026-01-17 20:00:00,16.6,1020.0,2.4,221.0,3.2,0.997,0.0,0.997,1
2026-01-17 21:00:00,16.9,1019.5,2.5,194.0,3.7,2.441,0.0,2.441,1
2026-01-17 22:00:00,15.8,1019.8,1.9,201.0,3.0,3.865,0.0,3.865,1
2026-01-17 23:00:00,13.1,1019.7,2.4,180.0,3.1,5.161,0.0,5.161,1
2026-01-18 00:00:00,12.9,1019.5,2.2,174.0,2.9,5.896,0.0,5.896,1
2026-01-18 01:00:00,13.1,1019.5,1.0,186.0,1.9,5.761,0.0,5.761,1
2026-01-18 02:00:00,12.9,1019.3,1.2,195.0,1.9,4.583,0.0,4.583,1
2026-01-18 03:00:00,12.8,1018.7,0.5,203.0,0.8,3.189,0.0,3.189,1
2026-01-18 04:00:00,12.6,1018.3,0.9,210.0,1.2,1.621,0.0,1.621,1
2026-01-18 05:00:00,12.6,1018.2,1.6,268.0,2.0,0.276,0.0,0.276,1
2026-01-18 06:00:00,12.8,1017.2,0.9,257.0,1.3,-0.4,0.0,-0.4,1
2026-01-18 07:00:00,13.2,1017.4,1.1,312.0,1.6,0.082,0.0,0.082,1
2026-01-18 08:00:00,12.8,1017.1,8.0,334.0,9.9,1.437,0.0,1.437,1
2026-01-18 09:00:00,11.5,1016.5,5.2,346.0,6.1,3.182,0.0,3.182,1
2026-01-18 10:00:00,10.7,1015.3,4.5,4.0,5.8,4.797,0.0,4.797,1
2026-01-18 11:00:00,9.8,1015.2,3.3,358.0,4.3,6.214,0.0,6.214,1
2026-01-18 12:00:00,9.3,1015.3,5.3,3.0,7.0,7.034,0.0,7.034,1
2026-01-18 13:00:00,8.6,1016.0,4.4,354.0,5.6,7.182,0.0,7.182,1
2026-01-18 14:00:00,8.3,1017.3,5.6,342.0,6.4,6.686,0.0,6.686,1
2026-01-18 15:00:00,7.8,1017.3,7.0,354.0,9.3,5.472,0.0,5.472,1
2026-01-18 16:00:00,7.4,1018.4,7.2,330.0,8.9,3.934,0.0,3.934,1
2026-01-18 17:00:00,7.0,1017.8,6.6,326.0,7.9,2.139,0.0,2.139,1
2026-01-18 18:00:00,6.3,1017.2,5.2,325.0,5.9,0.541,0.0,0.541,1
2026-01-18 19:00:00,6.3,1015.7,6.5,303.0,7.4,-0.213,0.0,-0.213,1
2026-01-18 20:00:00,6.3,1016.0,8.2,317.0,9.9,0.151,0.0,0.151,1
2026-01-18 21:00:00,5.4,1016.6,9.0,316.0,11.4,1.46,0.0,1.46,1
2026-01-18 22:00:00,5.9,1016.9,7.6,292.0,9.1,3.271,0.0,3.271,1
2026-01-18 23:00:00,5.6,1017.4,5.9,295.0,7.1,4.872,0.0,4.872,1
2026-01-19 00:00:00,4.4,1018.8,3.7,277.0,4.8,5.728,0.0,5.728,1
2026-01-19 01:00:00,4.8,1019.9,4.7,296.0,5.9,6.191,0.0,6.191,1
2026-01-19 02:00:00,3.9,1020.1,3.5,279.0,4.7,5.636,0.0,5.636,1
2026-01-19 03:00:00,3.8,1020.4,5.9,293.0,6.7,4.039,0.0,4.039,1
2026-01-19 04:00:00,2.8,1020.7,3.3,273.0,4.3,2.474,0.0,2.474,1
2026-01-19 05:00:00,3.2,1020.5,6.5,300.0,7.4,0.906,0.0,0.906,1
2026-01-19 06:00:00,3.3,1020.4,7.9,312.0,9.4,-0.282,0.0,-0.282,1
2026-01-19 07:00:00,2.6,1020.4,7.1,321.0,8.6,-0.115,0.0,-0.115,1
2026-01-19 08:00:00,1.7,1020.7,5.7,325.0,6.6,0.387,0.0,0.387,1
2026-01-19 09:00:00,1.9,1021.5,4.4,325.0,5.7,1.939,0.0,1.939,1
2026-01-19 10:00:00,2.2,1022.2,3.9,322.0,5.6,3.291,0.0,3.291,1
2026-01-19 11:00:00,1.1,1023.2,2.6,240.0,3.4,5.023,0.0,5.023,1
2026-01-19 12:00:00,0.8,1024.1,3.1,243.0,3.8,6.371,0.0,6.371,1
2026-01-19 13:00:00,2.4,1023.7,3.4,307.0,4.3,7.031,0.0,7.031,1
2026-01-19 14:00:00,4.6,1024.3,2.9,319.0,4.0,6.722,0.0,6.722,1
2026-01-19 15:00:00,5.6,1024.7,4.1,308.0,4.9,5.833,0.0,5.833,1
2026-01-19 16:00:00,7.5,1025.1,3.3,302.0,4.4,4.37,0.0,4.37,1
2026-01-19 17:00:00,7.3,1024.2,3.8,214.0,4.6,3.094,0.0,3.094,1
2026-01-19 18:00:00,8.7,1022.9,2.6,208.0,4.9,1.604,0.0,1.604,1
2026-01-19 19:00:00,11.1,1022.3,3.6,255.0,5.6,0.374,0.0,0.374,1
2026-01-19 20:00:00,12.5,1022.0,4.0,262.0,5.6,-0.295,0.0,-0.295,1
2026-01-19 21:00:00,13.1,1022.1,3.9,295.0,5.0,0.102,0.0,0.102,1
2026-01-19 22:00:00,11.8,1022.6,5.9,292.0,6.8,1.535,0.0,1.535,1
2026-01-19 23:00:00,9.9,1023.3,3.8,280.0,4.9,3.412,0.0,3.412,1
2026-01-20 00:00:00,8.3,1024.1,2.4,262.0,3.5,5.226,0.0,5.226,1
2026-01-20 01:00:00,7.7,1024.7,2.6,274.0,3.3,6.135,0.0,6.135,1
2026-01-20 02:00:00,6.8,1025.3,2.4,249.0,3.4,6.266,0.0,6.266,1
2026-01-20 03:00:00,7.2,1025.7,4.9,303.0,5.5,5.108,0.0,5.108,1
2026-01-20 04:00:00,6.9,1026.2,4.9,295.0,5.7,3.599,0.0,3.599,1
2026-01-20 05:00:00,6.5,1026.5,4.8,300.0,5.8,1.745,0.0,1.745,1
2026-01-20 06:00:00,6.0,1027.0,4.2,296.0,4.8,0.039,0.0,0.039,1
2026-01-20 07:00:00,5.2,1027.3,5.5,300.0,6.2,-0.886,0.0,-0.886,1
2026-01-20 08:00:00,5.1,1027.6,5.5,304.0,6.2,-0.768,0.0,-0.768,1
2026-01-20 09:00:00,4.8,1028.3,5.8,301.0,6.9,0.42,0.0,0.42,1
2026-01-20 10:00:00,4.9,1028.7,5.2,305.0,6.1,1.942,0.0,1.942,1
2026-01-20 11:00:00,4.7,1029.2,4.8,314.0,5.5,3.625,0.0,3.625,1
2026-01-20 12:00:00,3.9,1030.2,4.0,329.0,4.8,5.174,0.0,5.174,1
2026-01-20 13:00:00,4.1,1030.8,5.5,331.0,6.3,6.204,0.0,6.204,1
2026-01-20 14:00:00,4.9,1031.5,4.9,320.0,5.7,6.549,0.0,6.549,1
2026-01-20 15:00:00,7.4,1031.9,5.9,325.0,6.7,6.178,0.0,6.178,1
2026-01-20 16:00:00,8.8,1031.9,6.1,327.0,7.9,5.253,0.0,5.253,1
2026-01-20 17:00:00,9.8,1031.3,6.0,331.0,7.1,3.717,0.0,3.717,1
2026-01-20 18:00:00,11.1,1030.2,5.9,305.0,7.0,2.054,0.0,2.054,1
2026-01-20 19:00:00,12.2,1029.5,6.1,308.0,7.2,0.479,0.0,0.479,1
2026-01-20 20:00:00,13.1,1029.1,6.2,307.0,7.2,-0.453,0.0,-0.453,1
2026-01-20 21:00:00,13.7,1029.3,5.7,307.0,6.6,-0.371,0.0,-0.371,1
2026-01-20 22:00:00,12.9,1029.6,3.2,311.0,4.0,1.066,0.0,1.066,1
2026-01-20 23:00:00,11.5,1030.1,1.3,327.0,1.6,2.858,0.0,2.858,1
2026-01-21 00:00:00,8.6,1030.8,0.5,322.0,0.7,4.928,0.0,4.928,1
2026-01-21 01:00:00,7.7,1031.5,0.6,338.0,0.9,6.263,0.0,6.263,1
2026-01-21 02:00:00,7.8,1031.8,2.2,2.0,2.5,6.814,0.0,6.814,1
2026-01-21 03:00:00,7.1,1032.1,1.7,14.0,2.1,6.165,0.0,6.165,1
2026-01-21 04:00:00,7.6,1032.2,1.6,7.0,1.7,4.954,0.0,4.954,1
2026-01-21 05:00:00,6.3,1032.1,2.1,2.0,2.4,3.32,0.0,3.32,1
2026-01-21 06:00:00,5.5,1031.5,2.7,355.0,3.0,1.562,0.0,1.562,1
2026-01-21 07:00:00,4.6,1031.2,1.4,317.0,1.6,0.463,0.0,0.463,1
2026-01-21 08:00:00,3.9,1031.3,1.6,338.0,1.9,-0.161,0.0,-0.161,1
2026-01-21 09:00:00,3.4,1031.1,1.3,328.0,1.6,0.187,0.0,0.187,1
2026-01-21 10:00:00,3.3,1031.2,1.5,326.0,2.0,1.371,0.0,1.371,1
2026-01-21 11:00:00,3.0,1031.4,1.6,321.0,1.9,3.022,0.0,3.022,1
2026-01-21 12:00:00,2.8,1031.7,1.5,319.0,1.9,4.81,0.0,4.81,1
2026-01-21 13:00:00,3.5,1032.0,1.6,335.0,1.9,6.476,0.0,6.476,1
2026-01-21 14:00:00,6.7,1032.3,1.6,348.0,2.1,6.988,0.0,6.988,1
2026-01-21 15:00:00,9.9,1032.6,2.8,45.0,3.3,7.037,0.0,7.037,1
2026-01-21 16:00:00,11.2,1032.5,3.6,70.0,4.8,6.339,0.0,6.339,1
2026-01-21 17:00:00,11.9,1031.7,4.6,80.0,5.5,5.085,0.0,5.085,1
2026-01-21 18:00:00,11.3,1030.5,4.5,92.0,5.0,3.533,0.0,3.533,1
2026-01-21 19:00:00,11.2,1029.4,4.0,93.0,4.4,1.739,0.0,1.739,1
2026-01-21 20:00:00,10.9,1028.6,4.3,93.0,4.8,-0.105,0.0,-0.105,1
2026-01-21 21:00:00,11.0,1028.0,3.6,77.0,4.2,-0.492,0.0,-0.492,1
2026-01-21 22:00:00,10.8,1027.5,4.6,84.0,5.2,0.089,0.0,0.089,1
2026-01-21 23:00:00,10.6,1027.2,3.5,77.0,4.1,1.9,0.0,1.9,1
2026-01-22 00:00:00,10.6,1027.2,3.0,73.0,3.5,3.76,0.0,3.76,1
2026-01-22 01:00:00,10.6,1027.2,2.9,73.0,3.5,5.617,0.0,5.617,1
2026-01-22 02:00:00,10.6,1026.9,1.8,71.0,2.2,6.739,0.0,6.739,1
2026-01-22 03:00:00,10.7,1026.8,2.1,99.0,2.2,6.978,0.0,6.978,1
2026-01-22 04:00:00,10.4,1026.6,1.3,55.0,1.4,6.178,0.0,6.178,1
2026-01-22 05:00:00,9.6,1026.2,0.7,7.0,0.8,4.833,0.0,4.833,1
2026-01-22 06:00:00,9.4,1025.7,0.5,321.0,0.8,3.235,0.0,3.235,1
2026-01-22 07:00:00,9.2,1025.5,1.1,340.0,1.3,1.68,0.0,1.68,1
2026-01-22 08:00:00,9.1,1025.0,1.3,353.0,2.0,-0.079,0.0,-0.079,1
2026-01-22 09:00:00,9.2,1024.7,0.4,346.0,0.5,-0.174,0.0,-0.174,1
2026-01-22 10:00:00,9.0,1024.1,0.0,341.0,0.3,0.466,0.0,0.466,1
2026-01-22 11:00:00,9.3,1024.2,0.9,312.0,1.0,1.886,0.0,1.886,1
2026-01-22 13:00:00,9.0,1024.1,0.5,183.0,0.6,5.499,0.0,5.499,1
2026-01-22 14:00:00,12.7,1024.4,0.4,323.0,0.6,7.067,0.0,7.067,1
2026-01-22 15:00:00,12.6,1024.3,1.1,100.0,1.3,7.067,0.0,7.067,1
2026-01-22 16:00:00,13.4,1024.0,1.9,101.0,2.2,6.89,0.0,6.89,1
2026-01-22 17:00:00,17.7,1023.2,2.5,177.0,3.2,5.981,0.0,5.981,1
2026-01-22 18:00:00,18.4,1022.3,1.7,171.0,2.9,4.58,0.0,4.58,1
2026-01-22 19:00:00,18.4,1021.3,2.3,169.0,4.1,2.874,0.0,2.874,1
2026-01-22 20:00:00,19.4,1020.5,2.0,168.0,3.1,0.919,0.0,0.919,1
2026-01-22 21:00:00,18.6,1020.5,2.4,126.0,3.3,-0.361,0.0,-0.361,1
2026-01-22 22:00:00,13.1,1020.8,2.8,103.0,3.2,-0.587,0.0,-0.587,1
2026-01-22 23:00:00,12.6,1021.2,1.9,103.0,2.3,0.427,0.0,0.427,1
2026-01-23 00:00:00,12.4,1021.5,2.6,90.0,3.0,2.215,0.0,2.215,1
2026-01-23 01:00:00,12.0,1021.8,1.0,111.0,1.1,4.475,0.0,4.475,1
2026-01-23 02:00:00,11.6,1021.7,0.7,69.0,0.9,6.027,0.0,6.027,1
2026-01-23 03:00:00,10.9,1021.9,1.1,346.0,1.5,6.883,0.0,6.883,1
2026-01-23 04:00:00,10.6,1021.8,1.2,4.0,1.7,6.699,0.0,6.699,1
2026-01-23 05:00:00,11.5,1021.5,1.6,24.0,2.0,5.741,0.0,5.741,1
2026-01-23 06:00:00,11.5,1021.3,0.7,355.0,1.0,4.419,0.0,4.419,1
2026-01-23 07:00:00,11.8,1021.0,0.6,50.0,0.9,2.943,0.0,2.943,1
2026-01-23 08:00:00,11.9,1020.8,1.8,76.0,2.0,1.388,0.0,1.388,1
2026-01-23 09:00:00,12.3,1020.7,2.2,35.0,2.8,0.331,0.0,0.331,1
2026-01-23 10:00:00,12.0,1020.8,1.8,60.0,2.3,0.072,0.0,0.072,1
2026-01-23 11:00:00,12.0,1021.0,3.2,50.0,4.4,0.86,0.0,0.86,1
2026-01-23 12:00:00,12.2,1021.2,3.6,77.0,4.4,2.208,0.0,2.208,1
2026-01-23 13:00:00,12.7,1021.9,3.8,64.0,4.6,3.96,0.0,3.96,1
2026-01-23 14:00:00,12.6,1022.3,4.6,77.0,5.6,5.453,0.0,5.453,1
2026-01-23 15:00:00,13.2,1022.9,2.2,57.0,3.9,6.25,0.0,6.25,1
2026-01-23 16:00:00,13.8,1022.8,4.4,74.0,5.2,7.028,0.0,7.028,1
2026-01-23 17:00:00,14.5,1022.2,5.5,71.0,7.0,6.631,0.0,6.631,1
2026-01-23 18:00:00,13.9,1021.2,5.4,84.0,6.6,5.627,0.0,5.627,1
2026-01-23 19:00:00,13.6,1020.2,6.2,83.0,7.4,4.078,0.0,4.078,1
2026-01-23 20:00:00,13.2,1020.0,6.7,79.0,8.6,2.29,0.0,2.29,1
2026-01-23 21:00:00,12.6,1020.0,5.8,85.0,8.0,0.551,0.0,0.551,1
2026-01-23 22:00:00,12.2,1020.4,5.2,90.0,6.3,-0.354,0.0,-0.354,1
2026-01-23 23:00:00,12.1,1020.8,4.1,97.0,5.1,-0.381,0.0,-0.381,1
2026-01-24 00:00:00,11.9,1021.3,3.2,85.0,3.9,1.319,0.0,1.319,1
2026-01-24 01:00:00,12.0,1022.3,5.5,68.0,6.8,3.081,0.0,3.081,1
2026-01-24 02:00:00,12.2,1022.9,2.4,52.0,3.1,5.003,0.0,5.003,1
2026-01-24 03:00:00,12.5,1022.7,5.3,75.0,6.4,6.365,0.0,6.365,1
2026-01-24 04:00:00,12.6,1022.5,6.4,73.0,8.3,6.9,0.0,6.9,1
2026-01-24 05:00:00,12.1,1022.6,2.6,42.0,3.3,6.64,0.0,6.64,1
2026-01-24 06:00:00,11.4,1022.5,2.9,43.0,3.6,5.883,0.0,5.883,1
2026-01-24 07:00:00,11.4,1022.7,4.1,45.0,4.9,4.623,0.0,4.623,1
2026-01-24 08:00:00,11.1,1023.0,4.8,43.0,6.3,3.258,0.0,3.258,1
2026-01-24 09:00:00,11.3,1022.9,3.9,69.0,5.1,1.726,0.0,1.726,1
2026-01-24 10:00:00,11.3,1023.5,4.8,56.0,6.4,0.912,0.0,0.912,1
2026-01-24 11:00:00,11.0,1024.2,5.2,57.0,6.6,0.873,0.0,0.873,1
2026-01-24 12:00:00,10.9,1024.9,8.4,72.0,10.2,1.752,0.0,1.752,1
2026-01-24 13:00:00,10.8,1025.5,7.5,67.0,10.0,3.173,0.0,3.173,1
2026-01-24 14:00:00,10.9,1026.3,8.7,72.0,11.4,4.688,0.0,4.688,1
2026-01-24 15:00:00,10.8,1026.7,11.1,71.0,14.5,6.201,0.0,6.201,1
2026-01-24 16:00:00,11.1,1026.9,12.0,69.0,14.9,7.336,0.0,7.336,1
2026-01-24 17:00:00,11.1,1026.5,10.8,70.0,13.4,7.562,0.0,7.562,1
2026-01-24 18:00:00,10.8,1025.7,10.0,67.0,13.8,7.254,0.0,7.254,1
2026-01-24 19:00:00,9.5,1025.1,12.5,72.0,15.7,6.473,0.0,6.473,1
2026-01-24 20:00:00,8.8,1025.2,12.5,70.0,17.0,5.2,0.0,5.2,1
2026-01-24 21:00:00,8.2,1025.9,11.9,69.0,15.7,3.563,0.0,3.563,1
2026-01-24 22:00:00,7.9,1025.7,12.3,63.0,15.3,1.998,0.0,1.998,1
2026-01-24 23:00:00,7.7,1026.0,10.9,67.0,15.4,1.417,0.0,1.417,1
2026-01-25 00:00:00,7.2,1026.5,10.0,59.0,12.9,1.742,0.0,1.742,1
2026-01-25 01:00:00,6.7,1026.6,10.7,69.0,13.4,2.907,0.0,2.907,1
2026-01-25 02:00:00,6.7,1026.8,9.8,66.0,13.0,4.4,0.0,4.4,1
2026-01-25 03:00:00,6.7,1026.3,8.5,57.0,11.3,5.784,0.0,5.784,1
2026-01-25 04:00:00,6.2,1025.9,7.1,54.0,8.9,6.886,0.0,6.886,1
2026-01-25 05:00:00,5.8,1024.8,8.3,55.0,10.5,7.434,0.0,7.434,1
2026-01-25 06:00:00,5.3,1024.3,7.6,52.0,10.8,7.53,0.0,7.53,1
2026-01-25 07:00:00,5.1,1023.3,6.9,53.0,10.2,7.054,0.0,7.054,1
2026-01-25 08:00:00,4.5,1022.9,5.9,31.0,7.7,6.152,0.0,6.152,1
2026-01-25 09:00:00,3.3,1022.4,4.8,53.0,5.9,4.652,0.0,4.652,1
2026-01-25 10:00:00,2.6,1021.0,5.8,49.0,7.4,3.094,0.0,3.094,1
2026-01-25 11:00:00,2.4,1020.6,4.3,25.0,5.7,1.568,0.0,1.568,1
2026-01-25 12:00:00,1.7,1020.3,3.9,29.0,5.1,1.427,0.0,1.427,1
2026-01-25 13:00:00,1.5,1019.8,4.3,40.0,5.1,1.854,0.0,1.854,1
2026-01-25 14:00:00,2.0,1019.5,2.8,20.0,3.7,2.91,0.0,2.91,1
2026-01-25 15:00:00,2.2,1019.3,2.1,2.0,2.6,4.327,0.0,4.327,1
2026-01-25 16:00:00,3.1,1018.3,3.2,37.0,3.7,5.689,0.0,5.689,1
2026-01-25 17:00:00,3.7,1017.1,1.8,36.0,2.7,6.795,0.0,6.795,1
2026-01-25 18:00:00,4.6,1015.1,3.3,93.0,3.7,7.087,0.0,7.087,1
2026-01-25 19:00:00,5.7,1014.2,1.1,109.0,1.5,6.614,0.0,6.614,1
2026-01-25 20:00:00,6.8,1013.9,0.8,247.0,1.5,5.371,0.0,5.371,1
2026-01-25 21:00:00,8.3,1012.1,2.9,119.0,3.4,3.763,0.0,3.763,1
2026-01-25 22:00:00,9.1,1012.6,1.8,105.0,2.1,1.962,0.0,1.962,1
2026-01-25 23:00:00,9.8,1012.5,0.1,51.0,0.3,0.6,0.0,0.6,1
2026-01-26 00:00:00,10.8,1012.1,1.5,316.0,1.7,0.23,0.0,0.23,1
2026-01-26 01:00:00,9.1,1013.8,6.5,345.0,8.0,0.899,0.0,0.899,1
2026-01-26 02:00:00,9.5,1013.2,1.9,84.0,2.3,2.247,0.0,2.247,1
2026-01-26 03:00:00,9.7,1012.9,2.6,119.0,3.2,3.93,0.0,3.93,1
2026-01-26 04:00:00,9.9,1012.5,2.5,109.0,2.7,5.469,0.0,5.469,1
2026-01-26 05:00:00,10.2,1012.0,1.3,18.0,1.5,6.768,0.0,6.768,1
2026-01-26 06:00:00,9.9,1011.2,1.6,94.0,1.8,7.303,0.0,7.303,1
2026-01-26 07:00:00,10.3,1011.0,0.7,179.0,1.1,6.929,0.0,6.929,1
2026-01-26 08:00:00,10.5,1011.0,1.7,294.0,1.9,6.293,0.0,6.293,1
2026-01-26 09:00:00,10.6,1011.7,4.1,305.0,4.7,4.898,0.0,4.898,1
2026-01-26 10:00:00,11.5,1011.3,2.0,289.0,2.6,3.261,0.0,3.261,1
2026-01-26 11:00:00,13.3,1011.8,3.7,271.0,5.8,1.654,0.0,1.654,1
2026-01-26 12:00:00,11.2,1013.4,7.8,325.0,10.3,0.725,0.0,0.725,1
2026-01-26 13:00:00,8.9,1014.9,6.6,314.0,7.4,0.223,0.0,0.223,1
2026-01-26 14:00:00,8.8,1016.0,10.4,303.0,11.6,0.965,0.0,0.965,1
2026-01-26 15:00:00,8.1,1016.9,10.7,297.0,12.4,1.972,0.0,1.972,1
2026-01-26 16:00:00,8.0,1017.3,9.9,292.0,12.5,3.212,0.0,3.212,1
2026-01-26 17:00:00,8.2,1016.8,9.2,309.0,11.2,4.511,0.0,4.511,1
2026-01-26 18:00:00,9.3,1016.4,9.9,308.0,11.6,5.341,0.0,5.341,1
2026-01-26 19:00:00,10.2,1016.7,10.3,306.0,12.0,5.404,0.0,5.404,1
2026-01-26 20:00:00,9.9,1017.8,12.7,314.0,15.1,4.961,0.0,4.961,1
2026-01-26 21:00:00,9.6,1018.9,9.8,312.0,12.6,3.652,0.0,3.652,1
2026-01-26 22:00:00,9.5,1020.3,7.7,322.0,9.3,2.188,0.0,2.188,1
2026-01-26 23:00:00,8.6,1021.7,7.2,325.0,9.5,0.64,0.0,0.64,1
2026-01-27 00:00:00,7.8,1023.7,9.6,312.0,10.9,-0.587,0.0,-0.587,1
2026-01-27 01:00:00,6.1,1025.3,7.3,323.0,9.3,-1.086,0.0,-1.086,1
2026-01-27 02:00:00,5.4,1026.2,9.5,307.0,11.0,-0.217,0.0,-0.217,1
2026-01-27 03:00:00,3.8,1027.4,8.6,305.0,11.3,0.896,0.0,0.896,1
2026-01-27 04:00:00,2.7,1028.3,9.5,320.0,13.1,2.428,0.0,2.428,1
2026-01-27 05:00:00,1.9,1029.0,7.0,330.0,8.0,3.816,0.0,3.816,1
2026-01-27 06:00:00,0.8,1029.1,7.8,327.0,10.0,5.141,0.0,5.141,1
2026-01-27 07:00:00,0.2,1029.2,6.5,330.0,8.4,6.102,0.0,6.102,1
2026-01-27 08:00:00,-0.4,1029.7,6.0,327.0,7.1,6.352,0.0,6.352,1
2026-01-27 09:00:00,-0.8,1029.7,5.9,331.0,6.8,5.781,0.0,5.781,1
2026-01-27 10:00:00,-1.5,1029.9,5.1,331.0,5.9,4.521,0.0,4.521,1
2026-01-27 11:00:00,-2.4,1030.5,3.9,324.0,4.7,3.143,0.0,3.143,1
2026-01-27 12:00:00,-3.0,1031.1,4.0,333.0,5.3,1.768,0.0,1.768,1
2026-01-27 13:00:00,-2.9,1032.0,3.8,329.0,4.7,0.715,0.0,0.715,1
2026-01-27 14:00:00,-2.1,1032.5,4.7,322.0,6.5,0.463,0.0,0.463,1
2026-01-27 15:00:00,-0.8,1032.7,4.6,309.0,5.8,1.224,0.0,1.224,1
2026-01-27 16:00:00,-0.1,1032.7,4.1,309.0,5.0,2.365,0.0,2.365,1
2026-01-27 17:00:00,2.3,1030.9,2.6,312.0,3.8,3.573,0.0,3.573,1
2026-01-27 18:00:00,4.1,1029.2,2.9,250.0,4.5,4.78,0.0,4.78,1
2026-01-27 19:00:00,6.1,1028.3,5.0,301.0,6.3,5.633,0.0,5.633,1
2026-01-27 20:00:00,7.4,1027.2,4.8,310.0,6.0,5.797,0.0,5.797,1
2026-01-27 21:00:00,8.6,1026.1,5.7,289.0,6.5,5.246,0.0,5.246,1
2026-01-27 22:00:00,8.2,1026.0,4.5,276.0,6.6,4.163,0.0,4.163,1
2026-01-27 23:00:00,6.2,1026.2,3.2,265.0,4.7,2.782,0.0,2.782,1
2026-01-28 00:00:00,5.1,1026.6,3.5,268.0,4.7,1.158,0.0,1.158,1
2026-01-28 01:00:00,4.8,1027.0,4.7,277.0,6.0,-0.03,0.0,-0.03,1
2026-01-28 02:00:00,4.5,1027.0,3.5,277.0,4.6,-0.673,0.0,-0.673,1
2026-01-28 03:00:00,4.4,1027.0,6.5,295.0,7.7,-0.243,0.0,-0.243,1
2026-01-28 04:00:00,3.6,1026.9,3.5,273.0,4.8,0.906,0.0,0.906,1
2026-01-28 05:00:00,3.2,1026.8,2.6,262.0,3.9,2.572,0.0,2.572,1
2026-01-28 06:00:00,4.1,1026.6,7.1,292.0,8.8,4.39,0.0,4.39,1
2026-01-28 07:00:00,3.7,1026.4,7.0,303.0,8.4,5.817,0.0,5.817,1
2026-01-28 08:00:00,4.0,1025.1,7.2,316.0,9.6,6.585,0.0,6.585,1
2026-01-28 09:00:00,3.8,1024.6,8.0,308.0,9.4,6.549,0.0,6.549,1
2026-01-28 10:00:00,3.8,1024.2,7.1,315.0,8.2,5.663,0.0,5.663,1
2026-01-28 11:00:00,3.3,1024.5,7.2,315.0,8.6,4.357,0.0,4.357,1
2026-01-28 12:00:00,2.7,1025.8,5.1,311.0,6.1,2.884,0.0,2.884,1
2026-01-28 13:00:00,3.0,1026.3,5.7,295.0,7.0,1.447,0.0,1.447,1
2026-01-28 14:00:00,3.9,1026.7,5.1,326.0,6.2,0.43,0.0,0.43,1
2026-01-28 15:00:00,4.7,1026.7,4.0,318.0,4.7,0.21,0.0,0.21,1
2026-01-28 16:00:00,6.6,1026.3,4.1,296.0,4.9,0.833,0.0,0.833,1
2026-01-28 17:00:00,8.1,1025.3,6.2,309.0,7.3,2.228,0.0,2.228,1
2026-01-28 18:00:00,9.6,1023.9,4.5,306.0,6.6,3.56,0.0,3.56,1
2026-01-28 19:00:00,11.4,1023.1,7.2,305.0,8.1,4.859,0.0,4.859,1
2026-01-28 20:00:00,12.6,1022.1,6.0,303.0,6.9,5.535,0.0,5.535,1
2026-01-28 21:00:00,13.0,1021.8,7.1,308.0,7.8,5.709,0.0,5.709,1
2026-01-28 22:00:00,12.3,1021.7,6.5,307.0,7.4,5.01,0.0,5.01,1
2026-01-28 23:00:00,10.6,1021.6,2.3,279.0,3.3,3.97,0.0,3.97,1
2026-01-29 00:00:00,9.7,1022.3,3.1,278.0,3.7,2.717,0.0,2.717,1
2026-01-29 01:00:00,8.6,1022.4,2.6,256.0,3.3,1.391,0.0,1.391,1
2026-01-29 02:00:00,7.8,1023.0,3.0,282.0,3.5,0.226,0.0,0.226,1
2026-01-29 03:00:00,7.9,1023.5,4.3,273.0,5.9,-0.472,0.0,-0.472,1
2026-01-29 04:00:00,7.3,1023.8,3.4,272.0,5.4,-0.394,0.0,-0.394,1
2026-01-29 05:00:00,7.7,1023.8,4.2,289.0,5.5,0.686,0.0,0.686,1
2026-01-29 06:00:00,7.5,1023.6,5.2,300.0,6.0,2.365,0.0,2.365,1
2026-01-29 07:00:00,6.8,1024.0,4.8,302.0,5.6,4.35,0.0,4.35,1
2026-01-29 08:00:00,6.4,1023.7,5.1,309.0,6.7,6.079,0.0,6.079,1
2026-01-29 09:00:00,6.0,1023.8,5.0,296.0,5.9,6.893,0.0,6.893,1
2026-01-29 10:00:00,5.8,1023.7,5.3,304.0,6.2,6.877,0.0,6.877,1
2026-01-29 11:00:00,5.4,1024.3,5.8,309.0,6.7,6.079,0.0,6.079,1
2026-01-29 12:00:00,3.9,1024.7,4.1,332.0,4.9,4.623,0.0,4.623,1
2026-01-29 13:00:00,4.1,1024.7,4.8,331.0,5.8,2.953,0.0,2.953,1
2026-01-29 14:00:00,5.5,1025.1,5.2,330.0,6.1,1.44,0.0,1.44,1
2026-01-29 15:00:00,7.0,1025.5,4.9,342.0,6.0,0.469,0.0,0.469,1
2026-01-29 16:00:00,8.1,1025.3,3.1,25.0,4.6,0.164,0.0,0.164,1
2026-01-29 17:00:00,7.5,1024.7,3.4,103.0,3.9,0.965,0.0,0.965,1
2026-01-29 18:00:00,7.4,1023.9,3.6,98.0,4.0,2.257,0.0,2.257,1
2026-01-29 19:00:00,7.5,1023.2,3.7,98.0,4.0,3.891,0.0,3.891,1
2026-01-29 20:00:00,7.8,1023.0,4.4,100.0,4.8,5.305,0.0,5.305,1
2026-01-29 21:00:00,8.2,1022.9,5.2,97.0,5.7,5.984,0.0,5.984,1
2026-01-29 22:00:00,8.3,1022.7,4.2,117.0,5.0,6.099,0.0,6.099,1
2026-01-29 23:00:00,7.6,1023.0,1.6,156.0,2.3,5.65,0.0,5.65,1
2026-01-30 00:00:00,6.9,1023.5,0.4,105.0,0.7,4.744,0.0,4.744,1
2026-01-30 01:00:00,7.6,1023.0,1.1,128.0,1.3,3.353,0.0,3.353,1
2026-01-30 02:00:00,7.4,1023.2,2.1,151.0,2.3,1.752,0.0,1.752,1
2026-01-30 03:00:00,8.0,1023.1,2.4,166.0,3.2,0.292,0.0,0.292,1
2026-01-30 04:00:00,7.2,1023.1,0.6,172.0,0.7,-0.558,0.0,-0.558,1
2026-01-30 05:00:00,7.7,1022.9,0.0,32.0,0.3,-0.341,0.0,-0.341,1
2026-01-30 06:00:00,6.1,1022.4,1.1,19.0,1.7,1.243,0.0,1.243,1
2026-01-30 07:00:00,6.2,1022.2,0.9,33.0,1.6,3.314,0.0,3.314,1
2026-01-30 08:00:00,5.8,1022.0,0.5,44.0,0.8,5.476,0.0,5.476,1
2026-01-30 09:00:00,6.1,1021.4,0.3,348.0,0.5,7.142,0.0,7.142,1
2026-01-30 10:00:00,5.7,1021.1,0.0,348.0,0.0,7.917,0.0,7.917,1
2026-01-30 11:00:00,5.9,1020.7,0.8,358.0,1.0,7.923,0.0,7.923,1
2026-01-30 12:00:00,6.1,1020.7,0.7,321.0,0.9,7.09,0.0,7.09,1
2026-01-30 13:00:00,6.4,1020.9,1.4,342.0,1.6,5.709,0.0,5.709,1
2026-01-30 14:00:00,7.6,1021.1,1.0,6.0,1.1,4.131,0.0,4.131,1
2026-01-30 15:00:00,9.4,1021.1,0.3,51.0,0.6,2.293,0.0,2.293,1
2026-01-30 16:00:00,10.6,1020.9,2.5,106.0,3.0,0.82,0.0,0.82,1
2026-01-30 17:00:00,10.5,1020.1,3.1,82.0,3.5,0.164,0.0,0.164,1
2026-01-30 18:00:00,10.0,1018.5,5.3,98.0,5.8,0.761,0.0,0.761,1
2026-01-30 19:00:00,10.3,1017.2,5.9,101.0,6.7,2.287,0.0,2.287,1
2026-01-30 20:00:00,10.1,1016.8,5.2,93.0,6.1,3.999,0.0,3.999,1
2026-01-30 21:00:00,10.4,1016.3,5.3,96.0,6.0,5.449,0.0,5.449,1
2026-01-30 22:00:00,10.3,1016.2,4.4,92.0,4.9,6.654,0.0,6.654,1
2026-01-30 23:00:00,10.1,1016.1,3.1,84.0,3.7,6.982,0.0,6.982,1
2026-01-31 00:00:00,10.0,1016.3,4.0,58.0,5.0,6.686,0.0,6.686,1
2026-01-31 01:00:00,10.0,1016.0,1.5,68.0,1.8,5.551,0.0,5.551,1
2026-01-31 02:00:00,9.8,1015.9,0.3,5.0,1.0,4.049,0.0,4.049,1
2026-01-31 03:00:00,9.1,1016.2,2.5,323.0,2.9,1.969,0.0,1.969,1
2026-01-31 04:00:00,9.0,1015.8,1.5,39.0,1.8,0.459,0.0,0.459,1
2026-01-31 05:00:00,9.0,1015.2,3.5,70.0,4.7,-0.528,0.0,-0.528,1
2026-01-31 06:00:00,8.3,1014.6,2.4,25.0,2.9,-0.079,0.0,-0.079,1
2026-01-31 07:00:00,7.8,1014.4,3.8,60.0,4.9,1.476,0.0,1.476,1
2026-01-31 08:00:00,7.1,1013.8,3.3,95.0,5.5,3.442,0.0,3.442,1
2026-01-31 09:00:00,6.8,1013.7,3.0,61.0,4.3,5.869,0.0,5.869,1
2026-01-31 10:00:00,6.4,1013.3,4.2,66.0,5.1,7.661,0.0,7.661,1
2026-01-31 11:00:00,6.4,1012.9,3.9,74.0,5.0,8.547,0.0,8.547,1
2026-01-31 12:00:00,6.7,1012.8,5.3,75.0,6.3,8.665,0.0,8.665,1
2026-01-31 13:00:00,6.7,1012.7,6.3,80.0,7.1,7.802,0.0,7.802,1
2026-01-31 14:00:00,6.2,1013.1,3.9,47.0,5.2,6.427,0.0,6.427,1
2026-01-31 15:00:00,5.2,1013.2,3.9,37.0,4.9,4.98,0.0,4.98,1
2026-01-31 16:00:00,5.2,1012.3,4.7,62.0,6.0,3.143,0.0,3.143,1
2026-01-31 17:00:00,6.0,1011.5,3.9,359.0,4.5,1.647,0.0,1.647,1
2026-01-31 18:00:00,6.1,1010.4,3.7,347.0,4.7,0.853,0.0,0.853,1
2026-01-31 19:00:00,5.6,1010.1,4.7,330.0,5.7,1.145,0.0,1.145,1
2026-01-31 20:00:00,3.4,1010.7,11.7,296.0,13.6,2.53,0.0,2.53,1
2026-01-31 21:00:00,2.3,1011.0,9.7,315.0,12.7,3.717,0.0,3.717,1
2026-01-31 22:00:00,1.7,1011.8,11.6,301.0,14.7,5.236,0.0,5.236,1
2026-01-31 23:00:00,-0.1,1012.7,13.4,305.0,16.0,6.253,0.0,6.253,1
2026-02-01 00:00:00,-0.7,1013.6,14.8,304.0,18.2,6.463,0.0,6.463,1
2026-02-01 01:00:00,-1.7,1014.4,15.6,304.0,18.8,5.942,0.0,5.942,1
2026-02-01 02:00:00,-2.5,1015.0,13.6,301.0,15.9,4.783,0.0,4.783,1
2026-02-01 03:00:00,-1.8,1015.7,13.9,308.0,16.9,3.186,0.0,3.186,1
2026-02-01 04:00:00,-2.6,1016.6,9.0,324.0,11.1,1.394,0.0,1.394,1
2026-02-01 05:00:00,-3.4,1017.1,13.2,305.0,15.7,-0.331,0.0,-0.331,1
2026-02-01 06:00:00,-3.8,1017.5,13.4,302.0,15.8,-1.296,0.0,-1.296,1
2026-02-01 07:00:00,-4.0,1018.1,10.8,312.0,13.5,-0.883,0.0,-0.883,1
2026-02-01 08:00:00,-3.7,1018.8,9.9,315.0,12.3,0.515,0.0,0.515,1
2026-02-01 09:00:00,-3.7,1019.2,8.1,325.0,11.0,2.464,0.0,2.464,1
2026-02-01 10:00:00,-3.9,1019.9,7.7,324.0,10.0,4.61,0.0,4.61,1
2026-02-01 11:00:00,-3.9,1020.6,11.6,306.0,15.4,6.467,0.0,6.467,1
2026-02-01 12:00:00,-4.0,1021.2,10.3,326.0,12.6,7.562,0.0,7.562,1
2026-02-01 13:00:00,-4.3,1022.1,10.5,310.0,13.5,7.71,0.0,7.71,1
2026-02-01 14:00:00,-3.5,1022.5,9.4,322.0,12.4,6.844,0.0,6.844,1
2026-02-01 15:00:00,-2.8,1022.6,9.4,318.0,11.0,5.463,0.0,5.463,1
2026-02-01 16:00:00,-1.8,1023.0,9.5,304.0,11.9,3.796,0.0,3.796,1
2026-02-01 17:00:00,-1.1,1022.7,10.0,302.0,11.6,2.047,0.0,2.047,1
2026-02-01 18:00:00,0.3,1022.1,8.4,303.0,11.1,0.65,0.0,0.65,1
2026-02-01 19:00:00,1.6,1021.3,10.0,309.0,12.7,-0.295,0.0,-0.295,1
2026-02-01 20:00:00,2.7,1021.2,9.9,304.0,12.6,-0.125,0.0,-0.125,1
2026-02-01 21:00:00,3.3,1021.2,8.2,321.0,10.0,1.217,0.0,1.217,1
2026-02-01 22:00:00,3.7,1021.5,8.8,303.0,10.6,3.15,0.0,3.15,1
2026-02-01 23:00:00,3.1,1022.5,6.7,308.0,8.1,5.325,0.0,5.325,1
2026-02-02 00:00:00,2.6,1023.5,5.1,306.0,6.1,6.916,0.0,6.916,1
2026-02-02 01:00:00,2.4,1024.0,4.9,305.0,5.8,7.313,0.0,7.313,1
2026-02-02 02:00:00,2.0,1024.3,5.4,299.0,6.3,6.795,0.0,6.795,1
2026-02-02 03:00:00,1.6,1024.8,4.3,289.0,5.0,5.282,0.0,5.282,1
2026-02-02 04:00:00,1.3,1024.7,5.2,296.0,5.9,3.488,0.0,3.488,1
2026-02-02 05:00:00,1.0,1024.7,4.5,297.0,4.9,1.447,0.0,1.447,1
2026-02-02 06:00:00,0.6,1024.8,5.2,294.0,5.9,-0.397,0.0,-0.397,1
2026-02-02 07:00:00,0.6,1024.9,6.5,300.0,7.3,-1.302,0.0,-1.302,1
2026-02-02 08:00:00,0.3,1025.1,5.3,314.0,6.8,-0.846,0.0,-0.846,1
2026-02-02 09:00:00,-0.1,1025.4,5.7,320.0,7.0,0.883,0.0,0.883,1
2026-02-02 10:00:00,-0.3,1025.8,6.8,300.0,9.6,3.104,0.0,3.104,1
2026-02-02 11:00:00,-0.2,1026.3,5.8,319.0,7.4,5.617,0.0,5.617,1
2026-02-02 12:00:00,-0.8,1027.1,5.5,330.0,6.7,7.382,0.0,7.382,1
2026-02-02 13:00:00,-1.2,1028.0,5.2,326.0,6.4,8.11,0.0,8.11,1
2026-02-02 14:00:00,0.3,1028.3,3.9,329.0,4.8,7.91,0.0,7.91,1
2026-02-02 15:00:00,1.5,1028.7,4.4,4.0,5.8,6.808,0.0,6.808,1
2026-02-02 16:00:00,3.3,1028.6,2.6,10.0,3.8,5.338,0.0,5.338,1
2026-02-02 17:00:00,6.3,1028.2,1.8,276.0,2.3,3.517,0.0,3.517,1
2026-02-02 18:00:00,7.0,1027.5,3.1,309.0,4.3,1.611,0.0,1.611,1
2026-02-02 19:00:00,9.8,1026.4,1.5,288.0,2.3,0.102,0.0,0.102,1
2026-02-02 20:00:00,11.9,1025.6,0.8,287.0,1.2,-0.433,0.0,-0.433,1
2026-02-02 21:00:00,7.5,1025.4,3.0,162.0,4.8,0.266,0.0,0.266,1
2026-02-02 22:00:00,6.8,1025.6,3.9,168.0,5.3,2.106,0.0,2.106,1
2026-02-02 23:00:00,5.7,1026.2,1.7,181.0,2.7,4.213,0.0,4.213,1
2026-02-03 00:00:00,5.1,1026.6,1.8,205.0,2.6,6.214,0.0,6.214,1
2026-02-03 01:00:00,4.9,1026.9,2.1,227.0,2.7,7.516,0.0,7.516,1
2026-02-03 02:00:00,5.0,1026.9,2.1,234.0,3.0,7.707,0.0,7.707,1
2026-02-03 03:00:00,4.9,1027.2,2.1,234.0,2.7,6.824,0.0,6.824,1
2026-02-03 04:00:00,4.7,1027.4,2.5,241.0,3.4,5.256,0.0,5.256,1
2026-02-03 05:00:00,4.6,1027.3,2.3,216.0,2.7,3.402,0.0,3.402,1
2026-02-03 06:00:00,4.0,1027.2,2.1,237.0,2.5,1.355,0.0,1.355,1
2026-02-03 07:00:00,4.0,1027.0,1.9,233.0,2.5,-0.341,0.0,-0.341,1
2026-02-03 08:00:00,3.5,1026.7,2.2,260.0,2.9,-1.132,0.0,-1.132,1
2026-02-03 09:00:00,3.2,1026.6,1.6,229.0,1.7,-0.486,0.0,-0.486,1
2026-02-03 10:00:00,3.7,1026.9,3.0,270.0,4.0,1.385,0.0,1.385,1
2026-02-03 11:00:00,3.1,1027.2,2.3,259.0,2.9,3.642,0.0,3.642,1
2026-02-03 12:00:00,2.9,1027.6,1.9,269.0,2.3,6.145,0.0,6.145,1
2026-02-03 13:00:00,4.8,1028.0,1.8,266.0,2.5,7.575,0.0,7.575,1
2026-02-03 14:00:00,7.4,1027.8,2.3,277.0,3.1,7.963,0.0,7.963,1
2026-02-03 15:00:00,9.8,1027.8,2.8,279.0,3.1,7.398,0.0,7.398,1
2026-02-03 16:00:00,11.6,1027.8,1.8,310.0,2.0,6.066,0.0,6.066,1
2026-02-03 17:00:00,12.4,1027.4,3.0,211.0,4.3,4.432,0.0,4.432,1
2026-02-03 18:00:00,14.0,1025.7,4.0,217.0,5.5,2.664,0.0,2.664,1
2026-02-03 19:00:00,14.0,1025.0,3.1,198.0,5.0,1.001,0.0,1.001,1
2026-02-03 20:00:00,13.2,1024.8,3.3,189.0,6.3,-0.341,0.0,-0.341,1
2026-02-03 21:00:00,13.1,1024.3,2.8,195.0,5.0,-0.568,0.0,-0.568,1
2026-02-03 22:00:00,11.2,1024.4,3.4,198.0,5.8,0.594,0.0,0.594,1
2026-02-03 23:00:00,10.2,1024.4,3.6,205.0,5.5,2.569,0.0,2.569,1
2026-02-04 00:00:00,9.9,1024.1,3.5,202.0,6.4,4.862,0.0,4.862,1
2026-02-04 01:00:00,10.0,1024.0,3.3,213.0,4.6,6.654,0.0,6.654,1
2026-02-04 02:00:00,9.3,1024.0,3.1,224.0,4.5,7.618,0.0,7.618,1
2026-02-04 03:00:00,9.4,1024.0,4.1,222.0,5.5,7.395,0.0,7.395,1
2026-02-04 04:00:00,9.2,1023.8,4.3,217.0,5.9,6.391,0.0,6.391,1
2026-02-04 05:00:00,9.2,1023.9,4.7,226.0,7.4,4.833,0.0,4.833,1
2026-02-04 06:00:00,8.4,1023.7,4.0,223.0,5.5,3.048,0.0,3.048,1
2026-02-04 07:00:00,7.9,1023.0,3.1,228.0,4.6,1.109,0.0,1.109,1
2026-02-04 08:00:00,8.2,1022.5,3.7,221.0,5.1,-0.453,0.0,-0.453,1
2026-02-04 09:00:00,8.3,1022.4,2.4,243.0,3.8,-0.971,0.0,-0.971,1
2026-02-04 10:00:00,8.2,1022.4,2.1,223.0,3.1,0.095,0.0,0.095,1
2026-02-04 11:00:00,8.0,1022.4,1.9,215.0,2.5,2.116,0.0,2.116,1
2026-02-04 12:00:00,8.1,1022.6,1.6,203.0,2.7,4.564,0.0,4.564,1
2026-02-04 13:00:00,8.5,1022.7,2.3,216.0,3.3,6.273,0.0,6.273,1
2026-02-04 14:00:00,9.1,1023.0,2.2,231.0,2.8,7.339,0.0,7.339,1
2026-02-04 15:00:00,9.4,1022.9,2.5,192.0,4.8,7.615,0.0,7.615,1
2026-02-04 16:00:00,10.0,1022.6,2.7,209.0,4.4,6.768,0.0,6.768,1
2026-02-04 17:00:00,10.2,1021.5,3.5,219.0,4.9,5.413,0.0,5.413,1
2026-02-04 18:00:00,10.7,1020.3,1.9,236.0,2.7,3.724,0.0,3.724,1
2026-02-04 19:00:00,11.6,1019.2,1.3,206.0,1.9,1.88,0.0,1.88,1
2026-02-04 20:00:00,12.2,1018.5,1.6,197.0,2.7,0.22,0.0,0.22,1
2026-02-04 21:00:00,11.9,1018.6,4.5,312.0,6.2,-0.732,0.0,-0.732,1
2026-02-04 22:00:00,10.8,1018.3,2.3,282.0,2.8,-0.44,0.0,-0.44,1
2026-02-04 23:00:00,10.4,1018.4,2.0,322.0,2.5,1.26,0.0,1.26,1
2026-02-05 00:00:00,10.4,1018.3,0.6,171.0,0.9,3.356,0.0,3.356,1
2026-02-05 01:00:00,10.1,1018.3,1.2,175.0,1.5,5.512,0.0,5.512,1
2026-02-05 02:00:00,9.9,1017.9,0.9,201.0,1.3,6.903,0.0,6.903,1
2026-02-05 03:00:00,9.7,1017.4,0.9,174.0,2.0,7.182,0.0,7.182,1
2026-02-05 04:00:00,9.7,1016.7,1.6,172.0,3.0,6.785,0.0,6.785,1
2026-02-05 05:00:00,9.5,1016.5,0.5,228.0,1.1,5.751,0.0,5.751,1
2026-02-05 06:00:00,9.1,1016.1,2.0,318.0,2.3,4.295,0.0,4.295,1
2026-02-05 07:00:00,9.5,1015.1,1.3,196.0,2.4,2.556,0.0,2.556,1
2026-02-05 08:00:00,9.6,1014.7,1.5,211.0,2.3,0.928,0.0,0.928,1
2026-02-05 09:00:00,9.5,1014.4,1.5,216.0,2.0,-0.049,0.0,-0.049,1
2026-02-05 10:00:00,9.7,1014.1,1.9,244.0,2.5,-0.066,0.0,-0.066,1
2026-02-05 11:00:00,10.1,1014.1,1.9,247.0,2.2,1.24,0.0,1.24,1
2026-02-05 12:00:00,9.1,1014.3,6.6,310.0,6.8,2.959,0.0,2.959,1
2026-02-05 13:00:00,8.8,1014.5,7.4,318.0,8.9,4.856,0.0,4.856,1
2026-02-05 14:00:00,8.5,1014.7,4.7,319.0,6.4,6.296,0.0,6.296,1
2026-02-05 15:00:00,7.5,1014.7,4.5,31.0,5.4,7.493,0.0,7.493,1
2026-02-05 16:00:00,6.6,1015.5,4.5,21.0,5.7,7.467,0.0,7.467,1
2026-02-05 17:00:00,6.5,1015.0,4.6,340.0,5.5,6.545,0.0,6.545,1
2026-02-05 18:00:00,6.1,1014.4,5.1,355.0,6.0,5.18,0.0,5.18,1
2026-02-05 19:00:00,5.8,1013.8,6.6,349.0,8.1,3.543,0.0,3.543,1
2026-02-05 20:00:00,5.3,1013.6,6.8,346.0,8.0,1.788,0.0,1.788,1
2026-02-05 21:00:00,5.4,1013.7,5.3,335.0,6.6,0.456,0.0,0.456,1
2026-02-05 22:00:00,4.8,1014.1,5.9,344.0,7.0,0.052,0.0,0.052,1
2026-02-05 23:00:00,4.6,1015.4,7.2,331.0,8.6,0.994,0.0,0.994,1
2026-02-06 00:00:00,4.4,1015.8,6.8,325.0,8.7,2.595,0.0,2.595,1
2026-02-06 01:00:00,4.5,1016.0,6.1,332.0,7.9,4.311,0.0,4.311,1
2026-02-06 02:00:00,4.6,1016.2,6.8,329.0,8.3,5.909,0.0,5.909,1
2026-02-06 03:00:00,4.2,1016.8,3.4,312.0,5.1,6.867,0.0,6.867,1
2026-02-06 04:00:00,4.2,1016.7,5.2,302.0,6.2,7.156,0.0,7.156,1
2026-02-06 05:00:00,3.9,1016.9,3.2,279.0,4.3,6.923,0.0,6.923,1
2026-02-06 06:00:00,3.0,1016.5,1.9,249.0,2.5,5.961,0.0,5.961,1
2026-02-06 07:00:00,2.9,1016.1,2.4,255.0,3.5,4.596,0.0,4.596,1
2026-02-06 08:00:00,3.0,1015.8,3.0,264.0,4.5,3.068,0.0,3.068,1
2026-02-06 09:00:00,3.3,1015.6,5.9,292.0,6.9,1.585,0.0,1.585,1
2026-02-06 10:00:00,2.8,1015.8,4.7,281.0,6.8,0.666,0.0,0.666,1
2026-02-06 11:00:00,2.0,1016.1,3.6,268.0,4.8,0.846,0.0,0.846,1
2026-02-06 12:00:00,1.4,1015.9,3.5,268.0,5.2,2.037,0.0,2.037,1
2026-02-06 13:00:00,2.8,1015.8,4.0,278.0,5.5,3.53,0.0,3.53,1
2026-02-06 14:00:00,4.5,1016.2,5.9,301.0,7.1,5.112,0.0,5.112,1
2026-02-06 15:00:00,6.3,1015.6,5.8,301.0,6.7,6.535,0.0,6.535,1
2026-02-06 16:00:00,8.5,1014.9,4.4,296.0,5.3,7.178,0.0,7.178,1
2026-02-06 17:00:00,10.7,1013.5,5.1,293.0,6.0,7.077,0.0,7.077,1
2026-02-06 18:00:00,12.6,1011.6,3.5,244.0,6.2,6.306,0.0,6.306,1
2026-02-06 19:00:00,14.3,1009.9,5.4,267.0,7.8,4.747,0.0,4.747,1
2026-02-06 20:00:00,15.3,1008.8,6.1,258.0,8.7,3.018,0.0,3.018,1
2026-02-06 21:00:00,16.6,1008.5,6.3,268.0,10.7,1.286,0.0,1.286,1
2026-02-06 22:00:00,16.9,1007.7,5.4,266.0,7.3,0.157,0.0,0.157,1
2026-02-06 23:00:00,15.3,1008.0,3.5,264.0,5.3,0.203,0.0,0.203,1
2026-02-07 00:00:00,13.9,1008.7,3.2,253.0,4.4,1.486,0.0,1.486,1
2026-02-07 01:00:00,13.9,1008.8,4.3,258.0,6.1,3.392,0.0,3.392,1
2026-02-07 02:00:00,13.9,1009.7,4.2,265.0,5.4,4.951,0.0,4.951,1
2026-02-07 03:00:00,14.0,1010.0,5.4,270.0,8.1,6.152,0.0,6.152,1
2026-02-07 04:00:00,13.3,1010.5,6.5,287.0,8.7,6.795,0.0,6.795,1
2026-02-07 05:00:00,12.6,1010.6,6.4,288.0,7.9,6.394,0.0,6.394,1
2026-02-07 06:00:00,12.9,1011.1,6.0,281.0,8.6,5.794,0.0,5.794,1
2026-02-07 07:00:00,11.4,1011.7,6.3,303.0,6.9,4.711,0.0,4.711,1
2026-02-07 08:00:00,10.7,1012.8,6.3,297.0,6.9,3.31,0.0,3.31,1
2026-02-07 09:00:00,9.8,1013.2,5.6,310.0,6.5,1.867,0.0,1.867,1
2026-02-07 10:00:00,8.6,1014.2,4.6,315.0,5.6,0.827,0.0,0.827,1
2026-02-07 11:00:00,7.9,1015.1,4.7,319.0,5.5,0.587,0.0,0.587,1
2026-02-07 12:00:00,7.0,1016.3,2.7,313.0,3.0,1.276,0.0,1.276,1
2026-02-07 13:00:00,7.5,1017.5,4.0,320.0,5.1,2.543,0.0,2.543,1
2026-02-07 14:00:00,9.2,1018.3,6.4,339.0,7.8,4.085,0.0,4.085,1
2026-02-07 15:00:00,10.1,1018.8,7.1,345.0,8.2,5.443,0.0,5.443,1
2026-02-07 16:00:00,11.0,1019.5,4.9,351.0,6.3,6.539,0.0,6.539,1
2026-02-07 17:00:00,11.7,1019.2,3.5,330.0,5.5,6.768,0.0,6.768,1
2026-02-07 18:00:00,12.6,1018.4,7.1,301.0,7.9,6.424,0.0,6.424,1
2026-02-07 19:00:00,13.7,1018.4,6.3,306.0,7.5,5.463,0.0,5.463,1
2026-02-07 20:00:00,14.5,1018.2,6.2,301.0,7.4,4.016,0.0,4.016,1
2026-02-07 21:00:00,14.6,1018.4,6.5,306.0,7.8,2.356,0.0,2.356,1
2026-02-07 22:00:00,14.4,1018.7,5.9,305.0,6.5,1.168,0.0,1.168,1
2026-02-07 23:00:00,12.2,1019.9,3.5,327.0,4.1,0.827,0.0,0.827,1
2026-02-08 00:00:00,8.6,1021.1,1.0,185.0,1.5,1.555,0.0,1.555,1
2026-02-08 01:00:00,7.2,1021.6,1.8,227.0,2.0,2.956,0.0,2.956,1
2026-02-08 02:00:00,7.1,1022.2,1.5,211.0,1.7,4.544,0.0,4.544,1
2026-02-08 03:00:00,7.0,1022.5,0.9,248.0,1.4,5.522,0.0,5.522,1
2026-02-08 04:00:00,6.4,1023.0,1.4,241.0,1.8,6.365,0.0,6.365,1
2026-02-08 05:00:00,5.5,1023.2,0.7,275.0,1.0,6.893,0.0,6.893,1
2026-02-08 06:00:00,7.2,1024.0,4.5,59.0,5.5,6.955,0.0,6.955,1
2026-02-08 07:00:00,7.5,1024.8,8.2,73.0,10.7,6.588,0.0,6.588,1
2026-02-08 08:00:00,6.7,1024.9,8.9,75.0,11.0,5.65,0.0,5.65,1
2026-02-08 09:00:00,5.2,1025.1,7.2,66.0,8.4,4.285,0.0,4.285,1
2026-02-08 10:00:00,5.0,1025.1,6.5,74.0,8.6,2.982,0.0,2.982,1
2026-02-08 11:00:00,4.3,1026.3,6.2,50.0,7.9,2.037,0.0,2.037,1
2026-02-08 12:00:00,3.5,1027.1,5.5,63.0,6.4,1.781,0.0,1.781,1
2026-02-08 13:00:00,3.4,1027.5,5.1,64.0,6.8,2.467,0.0,2.467,1
2026-02-08 14:00:00,4.4,1028.3,6.1,68.0,7.3,3.504,0.0,3.504,1
2026-02-08 15:00:00,4.6,1028.7,6.2,73.0,8.0,4.583,0.0,4.583,1
2026-02-08 16:00:00,5.0,1028.5,5.8,77.0,7.0,5.669,0.0,5.669,1
2026-02-08 17:00:00,5.9,1028.5,5.4,80.0,6.5,6.555,0.0,6.555,1
2026-02-08 18:00:00,6.0,1028.0,6.2,72.0,7.8,6.69,0.0,6.69,1
2026-02-08 19:00:00,5.7,1027.0,6.7,79.0,8.0,6.23,0.0,6.23,1
2026-02-08 20:00:00,6.3,1026.5,6.6,78.0,7.6,5.105,0.0,5.105,1
2026-02-08 21:00:00,6.7,1026.5,4.7,68.0,6.9,3.711,0.0,3.711,1
2026-02-08 22:00:00,6.7,1026.4,5.2,96.0,5.8,2.444,0.0,2.444,1
2026-02-08 23:00:00,6.7,1026.4,5.4,100.0,5.8,1.542,0.0,1.542,1
2026-02-09 00:00:00,6.9,1026.7,5.6,104.0,6.3,1.581,0.0,1.581,1
2026-02-09 01:00:00,7.4,1026.7,5.3,100.0,5.9,2.287,0.0,2.287,1
2026-02-09 02:00:00,7.9,1026.7,4.9,104.0,5.4,3.294,0.0,3.294,1
2026-02-09 03:00:00,8.3,1026.5,4.5,94.0,5.0,4.416,0.0,4.416,1
2026-02-09 04:00:00,7.9,1026.3,2.9,115.0,3.1,5.4,0.0,5.4,1
2026-02-09 05:00:00,8.7,1026.0,4.1,97.0,4.6,6.371,0.0,6.371,1
2026-02-09 06:00:00,8.5,1026.0,4.1,84.0,4.7,6.837,0.0,6.837,1
2026-02-09 07:00:00,8.6,1026.2,4.0,78.0,4.8,6.9,0.0,6.9,1
2026-02-09 08:00:00,8.4,1025.9,5.0,81.0,5.8,6.44,0.0,6.44,1
2026-02-09 09:00:00,8.1,1025.7,5.4,77.0,6.6,5.243,0.0,5.243,1
2026-02-09 10:00:00,8.1,1025.8,4.3,73.0,5.2,4.022,0.0,4.022,1
2026-02-09 11:00:00,8.1,1026.3,4.0,68.0,4.6,2.776,0.0,2.776,1
2026-02-09 12:00:00,8.2,1026.7,3.7,62.0,5.7,2.09,0.0,2.09,1
2026-02-09 13:00:00,7.9,1027.4,5.4,67.0,6.7,2.037,0.0,2.037,1
2026-02-09 14:00:00,7.9,1027.6,6.2,76.0,7.3,2.644,0.0,2.644,1
2026-02-09 15:00:00,8.1,1027.9,5.4,72.0,7.0,3.661,0.0,3.661,1
2026-02-09 16:00:00,9.1,1028.1,6.4,70.0,7.7,4.852,0.0,4.852,1
2026-02-09 17:00:00,9.2,1027.5,5.7,76.0,7.1,5.735,0.0,5.735,1
2026-02-09 18:00:00,9.2,1026.6,4.9,88.0,5.8,6.411,0.0,6.411,1
2026-02-09 19:00:00,9.2,1025.8,5.6,76.0,7.0,6.421,0.0,6.421,1
2026-02-09 20:00:00,9.1,1025.1,6.5,81.0,7.6,5.781,0.0,5.781,1
2026-02-09 21:00:00,9.0,1025.5,6.6,77.0,7.7,4.757,0.0,4.757,1
2026-02-09 22:00:00,8.7,1025.4,6.1,82.0,7.1,3.481,0.0,3.481,1
2026-02-09 23:00:00,8.6,1025.0,5.2,92.0,6.0,2.382,0.0,2.382,1
2026-02-10 00:00:00,8.6,1024.9,4.4,95.0,4.9,1.913,0.0,1.913,1
2026-02-10 01:00:00,8.7,1024.5,3.7,103.0,4.0,2.11,0.0,2.11,1
2026-02-10 02:00:00,8.5,1024.0,2.9,108.0,3.1,2.818,0.0,2.818,1
2026-02-10 03:00:00,8.3,1024.2,1.2,110.0,1.6,3.789,0.0,3.789,1
2026-02-10 04:00:00,7.9,1024.5,0.8,337.0,0.8,4.642,0.0,4.642,1
2026-02-10 05:00:00,6.8,1024.6,1.0,329.0,1.2,5.715,0.0,5.715,1
2026-02-10 06:00:00,6.0,1024.2,0.0,308.0,0.3,6.519,0.0,6.519,1
2026-02-10 07:00:00,6.1,1023.9,0.0,332.0,0.0,6.913,0.0,6.913,1
2026-02-10 08:00:00,7.0,1023.6,0.8,218.0,1.2,6.745,0.0,6.745,1
2026-02-10 09:00:00,7.4,1023.3,1.4,229.0,2.2,5.988,0.0,5.988,1
2026-02-10 10:00:00,8.1,1023.0,2.0,225.0,2.6,4.911,0.0,4.911,1
2026-02-10 11:00:00,8.4,1023.4,1.5,232.0,1.8,3.727,0.0,3.727,1
2026-02-10 12:00:00,8.1,1023.9,1.7,231.0,2.0,2.664,0.0,2.664,1
2026-02-10 13:00:00,10.5,1024.3,2.1,263.0,2.7,1.991,0.0,1.991,1
2026-02-10 14:00:00,14.0,1024.5,1.6,267.0,2.5,2.087,0.0,2.087,1
2026-02-10 15:00:00,16.7,1024.3,2.6,295.0,2.8,2.644,0.0,2.644,1
2026-02-10 16:00:00,17.7,1023.9,1.6,317.0,2.0,3.474,0.0,3.474,1
2026-02-10 17:00:00,20.6,1023.5,3.6,281.0,5.2,4.472,0.0,4.472,1
2026-02-10 18:00:00,21.0,1022.1,2.0,199.0,3.0,5.361,0.0,5.361,1
2026-02-10 19:00:00,17.3,1021.1,4.0,178.0,5.6,5.906,0.0,5.906,1
2026-02-10 20:00:00,16.8,1020.7,3.4,212.0,5.0,5.84,0.0,5.84,1
2026-02-10 21:00:00,15.8,1020.5,3.9,210.0,5.7,5.22,0.0,5.22,1
2026-02-10 22:00:00,14.6,1020.4,3.2,206.0,5.2,4.19,0.0,4.19,1
2026-02-10 23:00:00,13.2,1020.5,3.1,213.0,4.2,3.064,0.0,3.064,1
2026-02-11 00:00:00,12.8,1020.7,2.8,213.0,3.9,2.093,0.0,2.093,1
2026-02-11 01:00:00,12.6,1020.8,2.7,222.0,4.1,1.598,0.0,1.598,1
2026-02-11 02:00:00,12.8,1020.9,3.8,213.0,5.1,1.604,0.0,1.604,1
2026-02-11 03:00:00,12.5,1020.5,2.7,213.0,3.8,2.224,0.0,2.224,1
2026-02-11 04:00:00,12.5,1020.3,2.0,196.0,2.9,3.061,0.0,3.061,1
2026-02-11 05:00:00,12.2,1020.3,2.0,232.0,3.0,4.075,0.0,4.075,1
2026-02-11 06:00:00,12.7,1019.8,2.5,227.0,3.8,5.213,0.0,5.213,1
2026-02-11 07:00:00,14.3,1019.6,2.6,249.0,3.7,6.165,0.0,6.165,1
2026-02-11 08:00:00,14.3,1018.9,1.6,242.0,2.1,6.263,0.0,6.263,1
2026-02-11 09:00:00,14.7,1018.3,2.9,254.0,4.0,6.063,0.0,6.063,1
2026-02-11 10:00:00,14.8,1018.5,4.1,258.0,5.7,5.246,0.0,5.246,1
2026-02-11 11:00:00,14.7,1019.0,3.7,261.0,5.0,4.167,0.0,4.167,1
2026-02-11 12:00:00,14.8,1019.0,3.6,259.0,5.7,3.009,0.0,3.009,1
2026-02-11 13:00:00,14.9,1019.4,4.9,267.0,6.6,1.867,0.0,1.867,1
2026-02-11 14:00:00,15.1,1019.9,4.0,271.0,5.6,1.263,0.0,1.263,1
2026-02-11 15:00:00,15.7,1019.9,4.0,261.0,6.9,1.184,0.0,1.184,1
2026-02-11 16:00:00,16.8,1019.7,4.4,261.0,6.2,1.768,0.0,1.768,1
2026-02-11 17:00:00,18.3,1018.8,4.4,260.0,7.1,2.667,0.0,2.667,1
2026-02-11 18:00:00,19.5,1017.1,5.3,257.0,8.8,3.766,0.0,3.766,1
2026-02-11 19:00:00,22.0,1015.7,5.1,258.0,7.6,4.757,0.0,4.757,1
2026-02-11 20:00:00,22.0,1015.1,6.9,267.0,9.7,5.23,0.0,5.23,1
2026-02-11 21:00:00,21.3,1015.3,4.7,261.0,7.1,5.056,0.0,5.056,1
2026-02-11 22:00:00,21.3,1015.2,4.6,262.0,7.1,4.318,0.0,4.318,1
2026-02-11 23:00:00,20.0,1016.1,3.9,258.0,5.2,3.363,0.0,3.363,1
2026-02-12 00:00:00,17.4,1016.3,1.7,243.0,2.7,2.343,0.0,2.343,1
2026-02-12 01:00:00,16.9,1017.1,2.3,241.0,2.8,1.611,0.0,1.611,1
2026-02-12 02:00:00,16.6,1017.2,2.4,243.0,3.9,1.24,0.0,1.24,1
2026-02-12 03:00:00,16.1,1017.3,3.6,307.0,4.0,1.273,0.0,1.273,1
2026-02-12 04:00:00,15.4,1017.4,3.0,288.0,3.3,1.627,0.0,1.627,1
2026-02-12 05:00:00,14.4,1017.4,4.5,305.0,4.7,2.507,0.0,2.507,1
2026-02-12 06:00:00,14.0,1017.6,4.5,312.0,5.4,3.76,0.0,3.76,1
2026-02-12 07:00:00,12.8,1017.7,3.9,311.0,4.4,5.125,0.0,5.125,1
2026-02-12 08:00:00,11.8,1018.1,3.8,313.0,4.3,6.148,0.0,6.148,1
2026-02-12 09:00:00,11.4,1018.3,3.5,324.0,4.6,6.588,0.0,6.588,1
2026-02-12 10:00:00,9.8,1019.0,2.9,330.0,3.3,6.358,0.0,6.358,1
2026-02-12 11:00:00,8.9,1019.7,3.2,346.0,3.3,5.545,0.0,5.545,1
2026-02-12 12:00:00,8.4,1020.8,2.9,353.0,3.2,4.511,0.0,4.511,1
2026-02-12 13:00:00,9.5,1021.7,2.6,5.0,3.1,3.304,0.0,3.304,1
2026-02-12 14:00:00,10.9,1021.9,4.7,50.0,6.2,2.323,0.0,2.323,1
2026-02-12 15:00:00,11.3,1022.5,3.0,83.0,4.7,1.604,0.0,1.604,1
2026-02-12 16:00:00,11.2,1022.7,5.6,78.0,6.8,2.031,0.0,2.031,1
2026-02-12 17:00:00,10.6,1022.4,6.3,96.0,7.3,2.871,0.0,2.871,1
2026-02-12 18:00:00,10.3,1021.6,6.5,105.0,7.2,4.124,0.0,4.124,1
2026-02-12 19:00:00,10.5,1020.9,6.3,107.0,6.9,5.194,0.0,5.194,1
2026-02-12 20:00:00,10.8,1020.4,5.9,103.0,6.4,6.07,0.0,6.07,1
2026-02-12 21:00:00,11.8,1020.0,4.8,115.0,5.3,6.247,0.0,6.247,1
2026-02-12 22:00:00,11.9,1020.0,3.3,140.0,4.2,6.004,0.0,6.004,1
2026-02-12 23:00:00,10.6,1020.3,1.5,165.0,2.4,5.24,0.0,5.24,1
2026-02-13 00:00:00,9.2,1020.7,1.3,181.0,1.6,4.354,0.0,4.354,1
2026-02-13 01:00:00,9.1,1020.8,1.4,208.0,1.7,3.461,0.0,3.461,1
2026-02-13 02:00:00,9.2,1020.8,1.1,188.0,1.3,2.444,0.0,2.444,1
2026-02-13 03:00:00,8.4,1020.6,0.3,172.0,0.5,1.975,0.0,1.975,1
2026-02-13 04:00:00,8.7,1020.5,0.4,73.0,0.5,1.775,0.0,1.775,1
2026-02-13 05:00:00,7.9,1020.2,0.9,28.0,1.1,2.343,0.0,2.343,1
2026-02-13 06:00:00,7.8,1020.4,0.4,341.0,0.8,3.448,0.0,3.448,1
2026-02-13 07:00:00,7.2,1019.8,1.0,285.0,1.1,4.862,0.0,4.862,1
2026-02-13 08:00:00,6.9,1019.6,0.5,342.0,0.7,6.152,0.0,6.152,1
2026-02-13 09:00:00,6.5,1019.5,1.3,359.0,1.5,6.916,0.0,6.916,1
2026-02-13 10:00:00,6.9,1020.0,1.7,328.0,2.1,7.133,0.0,7.133,1
2026-02-13 11:00:00,6.3,1020.6,2.2,320.0,2.7,6.749,0.0,6.749,1
2026-02-13 12:00:00,6.7,1021.7,3.2,12.0,4.1,5.958,0.0,5.958,1
2026-02-13 13:00:00,8.1,1022.6,3.2,48.0,4.2,4.741,0.0,4.741,1
2026-02-13 14:00:00,9.2,1022.9,3.0,78.0,4.5,3.297,0.0,3.297,1
2026-02-13 15:00:00,9.5,1023.3,6.2,78.0,7.6,2.218,0.0,2.218,1
2026-02-13 16:00:00,9.5,1023.8,7.0,84.0,8.5,1.608,0.0,1.608,1
2026-02-13 17:00:00,9.4,1023.4,7.9,90.0,9.2,1.847,0.0,1.847,1
2026-02-13 18:00:00,9.8,1022.6,7.6,94.0,8.6,2.736,0.0,2.736,1
2026-02-13 19:00:00,10.0,1022.4,7.1,97.0,7.9,3.901,0.0,3.901,1
2026-02-13 20:00:00,10.3,1022.1,6.5,106.0,6.8,5.046,0.0,5.046,1
2026-02-13 21:00:00,10.4,1022.0,6.2,111.0,7.1,5.928,0.0,5.928,1
2026-02-13 22:00:00,11.1,1022.1,4.5,115.0,5.0,6.335,0.0,6.335,1
2026-02-13 23:00:00,10.2,1022.3,2.6,126.0,3.6,6.194,0.0,6.194,1
2026-02-14 00:00:00,9.8,1022.9,2.8,124.0,3.4,5.472,0.0,5.472,1
2026-02-14 01:00:00,10.4,1023.2,3.7,94.0,4.0,4.495,0.0,4.495,1
2026-02-14 02:00:00,10.3,1023.7,3.3,77.0,4.0,3.402,0.0,3.402,1
2026-02-14 03:00:00,9.9,1024.2,3.6,58.0,4.2,2.303,0.0,2.303,1
2026-02-14 04:00:00,9.5,1024.2,3.6,61.0,4.5,1.476,0.0,1.476,1
2026-02-14 05:00:00,9.5,1024.1,3.6,60.0,4.3,1.444,0.0,1.444,1
2026-02-14 06:00:00,9.6,1024.3,3.1,61.0,3.7,2.201,0.0,2.201,1
2026-02-14 07:00:00,9.9,1024.1,3.8,69.0,4.6,3.711,0.0,3.711,1
2026-02-14 08:00:00,10.0,1023.6,3.7,79.0,4.3,5.187,0.0,5.187,1
2026-02-14 09:00:00,9.9,1023.5,3.2,87.0,4.8,6.375,0.0,6.375,1
2026-02-14 10:00:00,9.3,1023.7,2.6,62.0,3.3,7.185,0.0,7.185,1
2026-02-14 11:00:00,9.3,1024.0,2.8,61.0,3.5,7.382,0.0,7.382,1
2026-02-14 12:00:00,9.2,1024.6,3.3,57.0,4.0,6.965,0.0,6.965,1
2026-02-14 13:00:00,10.8,1025.1,3.0,68.0,3.9,5.945,0.0,5.945,1
2026-02-14 14:00:00,11.4,1025.7,3.4,82.0,4.6,4.629,0.0,4.629,1
2026-02-14 15:00:00,11.7,1025.8,5.5,77.0,6.7,3.182,0.0,3.182,1
2026-02-14 16:00:00,11.9,1025.9,5.0,75.0,6.7,1.893,0.0,1.893,1
2026-02-14 17:00:00,12.2,1025.1,5.2,76.0,6.5,1.115,0.0,1.115,1
2026-02-14 18:00:00,12.5,1024.1,4.3,83.0,5.4,1.421,0.0,1.421,1
2026-02-14 19:00:00,12.6,1023.4,5.5,79.0,6.9,2.543,0.0,2.543,1
2026-02-14 20:00:00,12.2,1022.5,5.2,85.0,6.6,3.904,0.0,3.904,1
2026-02-14 21:00:00,12.4,1022.0,5.4,88.0,6.7,5.233,0.0,5.233,1
2026-02-14 22:00:00,11.4,1022.2,2.9,101.0,3.2,6.161,0.0,6.161,1
2026-02-14 23:00:00,11.2,1021.8,2.9,95.0,3.8,6.512,0.0,6.512,1
2026-02-15 00:00:00,11.4,1022.4,3.8,79.0,4.8,6.198,0.0,6.198,1
2026-02-15 01:00:00,11.4,1022.4,2.5,89.0,2.8,5.4,0.0,5.4,1
2026-02-15 02:00:00,11.2,1022.3,1.8,93.0,2.1,4.16,0.0,4.16,1
2026-02-15 03:00:00,11.8,1021.4,3.6,90.0,5.0,2.789,0.0,2.789,1
2026-02-15 04:00:00,11.9,1020.8,3.5,84.0,4.3,1.463,0.0,1.463,1
2026-02-15 05:00:00,11.5,1019.9,3.6,114.0,4.5,0.856,0.0,0.856,1
2026-02-15 06:00:00,11.5,1019.3,3.6,104.0,4.0,1.158,0.0,1.158,1
2026-02-15 07:00:00,11.4,1018.7,2.5,100.0,2.7,2.362,0.0,2.362,1
2026-02-15 08:00:00,12.4,1018.7,2.1,82.0,2.3,3.953,0.0,3.953,1
2026-02-15 09:00:00,13.3,1018.1,2.7,109.0,3.4,5.627,0.0,5.627,1
2026-02-15 10:00:00,12.3,1017.3,1.9,109.0,2.2,6.886,0.0,6.886,1
2026-02-15 11:00:00,15.0,1016.8,2.8,147.0,4.0,7.579,0.0,7.579,1
2026-02-15 12:00:00,15.4,1016.7,3.0,161.0,4.6,7.608,0.0,7.608,1
2026-02-15 13:00:00,16.1,1016.5,4.2,164.0,6.2,6.9,0.0,6.9,1
2026-02-15 14:00:00,16.5,1016.4,5.6,171.0,9.6,5.397,0.0,5.397,1
2026-02-15 15:00:00,17.3,1015.5,4.6,182.0,9.5,4.347,0.0,4.347,1
2026-02-15 16:00:00,18.4,1014.9,7.2,200.0,14.0,2.746,0.0,2.746,1
2026-02-15 17:00:00,17.7,1013.2,6.5,207.0,11.7,1.417,0.0,1.417,1
2026-02-15 18:00:00,17.3,1011.6,6.1,203.0,11.0,0.938,0.0,0.938,1
2026-02-15 19:00:00,16.7,1010.1,4.7,197.0,7.7,1.44,0.0,1.44,1
2026-02-15 20:00:00,16.5,1009.6,4.2,195.0,8.4,2.881,0.0,2.881,1
2026-02-15 21:00:00,15.4,1008.9,3.2,227.0,4.4,4.593,0.0,4.593,1
2026-02-15 22:00:00,15.2,1009.6,4.0,218.0,5.1,5.961,0.0,5.961,1
2026-02-15 23:00:00,15.0,1007.2,4.7,174.0,7.2,6.896,0.0,6.896,1
2026-02-16 00:00:00,15.0,1007.1,4.6,206.0,7.9,7.093,0.0,7.093,1
2026-02-16 01:00:00,13.8,1007.2,4.2,216.0,5.6,6.293,0.0,6.293,1
2026-02-16 02:00:00,14.3,1007.6,3.2,233.0,4.9,5.039,0.0,5.039,1
2026-02-16 03:00:00,14.4,1007.1,4.1,220.0,5.6,3.622,0.0,3.622,1
2026-02-16 04:00:00,15.1,1006.0,3.4,226.0,5.2,2.139,0.0,2.139,1
2026-02-16 05:00:00,16.0,1007.1,3.4,261.0,5.8,0.935,0.0,0.935,1
2026-02-16 06:00:00,15.4,1007.2,3.6,268.0,5.6,0.371,0.0,0.371,1
2026-02-16 07:00:00,14.8,1007.8,6.1,308.0,6.7,0.958,0.0,0.958,1
2026-02-16 08:00:00,14.7,1008.1,3.8,286.0,4.4,2.11,0.0,2.11,1
2026-02-16 09:00:00,14.5,1008.8,4.8,308.0,5.6,3.74,0.0,3.74,1
2026-02-16 10:00:00,14.3,1009.7,3.2,323.0,3.9,5.6,0.0,5.6,1
2026-02-16 11:00:00,14.1,1011.2,6.0,354.0,9.0,6.827,0.0,6.827,1
2026-02-16 12:00:00,12.3,1013.3,6.7,349.0,8.2,7.598,0.0,7.598,1
2026-02-16 13:00:00,12.2,1015.0,5.9,19.0,7.6,7.415,0.0,7.415,1
2026-02-16 14:00:00,12.4,1016.0,4.8,51.0,7.3,6.693,0.0,6.693,1
2026-02-16 15:00:00,12.1,1016.9,7.6,31.0,9.2,5.325,0.0,5.325,1
2026-02-16 16:00:00,12.5,1018.2,6.4,60.0,8.6,3.688,0.0,3.688,1
2026-02-16 17:00:00,12.6,1018.8,5.7,73.0,7.6,1.926,0.0,1.926,1
2026-02-16 18:00:00,13.8,1018.6,5.0,67.0,6.6,0.755,0.0,0.755,1
2026-02-16 19:00:00,12.3,1018.8,5.4,105.0,6.1,0.833,0.0,0.833,1
2026-02-16 20:00:00,12.6,1019.2,5.9,118.0,7.0,1.962,0.0,1.962,1
2026-02-16 21:00:00,12.7,1019.6,6.1,118.0,7.2,3.602,0.0,3.602,1
2026-02-16 22:00:00,12.2,1020.2,6.4,108.0,7.2,5.446,0.0,5.446,1
2026-02-16 23:00:00,12.1,1020.9,4.6,119.0,5.5,6.834,0.0,6.834,1
2026-02-17 00:00:00,11.0,1021.9,1.2,131.0,1.7,7.5,0.0,7.5,1
2026-02-17 01:00:00,10.4,1022.7,0.7,91.0,0.9,7.323,0.0,7.323,1
2026-02-17 02:00:00,10.2,1023.5,0.0,107.0,0.4,6.713,0.0,6.713,1
2026-02-17 03:00:00,9.5,1023.6,0.0,144.0,0.0,5.374,0.0,5.374,1
2026-02-17 04:00:00,9.6,1023.7,1.1,299.0,1.2,3.727,0.0,3.727,1
2026-02-17 05:00:00,9.7,1023.8,0.7,327.0,0.9,2.198,0.0,2.198,1
2026-02-17 06:00:00,9.1,1023.5,0.9,346.0,1.2,0.883,0.0,0.883,1
2026-02-17 07:00:00,9.3,1023.2,1.2,40.0,1.6,0.522,0.0,0.522,1
2026-02-17 08:00:00,8.8,1022.8,0.9,340.0,1.0,1.444,0.0,1.444,1
2026-02-17 09:00:00,9.9,1022.9,2.2,51.0,2.8,2.979,0.0,2.979,1
2026-02-17 10:00:00,9.3,1023.3,1.0,333.0,1.6,4.97,0.0,4.97,1
2026-02-17 11:00:00,9.6,1023.7,2.9,47.0,3.2,6.703,0.0,6.703,1
2026-02-17 12:00:00,10.4,1024.1,3.3,46.0,4.1,7.808,0.0,7.808,1
2026-02-17 13:00:00,11.5,1025.1,2.9,37.0,3.9,8.176,0.0,8.176,1
2026-02-17 14:00:00,11.7,1025.9,3.7,50.0,4.4,7.772,0.0,7.772,1
2026-02-17 15:00:00,12.3,1025.9,4.0,83.0,5.4,6.506,0.0,6.506,1
2026-02-17 16:00:00,12.9,1026.1,5.3,81.0,7.0,5.118,0.0,5.118,1
2026-02-17 17:00:00,13.5,1025.8,4.9,76.0,6.5,3.337,0.0,3.337,1
2026-02-17 18:00:00,13.0,1024.8,4.8,100.0,5.4,1.657,0.0,1.657,1
2026-02-17 19:00:00,12.8,1023.6,4.2,103.0,4.9,0.554,0.0,0.554,1
2026-02-17 20:00:00,13.0,1023.1,3.9,108.0,4.3,0.545,0.0,0.545,1
2026-02-17 21:00:00,13.1,1022.8,3.8,99.0,4.2,1.706,0.0,1.706,1
2026-02-17 22:00:00,13.3,1022.4,3.2,105.0,3.8,3.734,0.0,3.734,1
2026-02-17 23:00:00,12.5,1022.8,1.5,69.0,2.1,5.771,0.0,5.771,1
2026-02-18 00:00:00,12.5,1022.5,2.0,108.0,2.4,7.238,0.0,7.238,1
2026-02-18 01:00:00,12.1,1022.6,1.8,99.0,2.0,7.844,0.0,7.844,1
2026-02-18 02:00:00,11.9,1022.8,0.9,61.0,1.1,7.569,0.0,7.569,1
2026-02-18 03:00:00,12.2,1022.4,2.0,103.0,2.4,6.375,0.0,6.375,1
2026-02-18 04:00:00,11.9,1022.2,1.2,115.0,1.3,4.711,0.0,4.711,1
2026-02-18 05:00:00,12.6,1021.7,2.0,131.0,2.4,2.917,0.0,2.917,1
2026-02-18 06:00:00,13.5,1020.9,2.4,172.0,3.3,1.175,0.0,1.175,1
2026-02-18 07:00:00,12.7,1020.5,1.7,177.0,2.4,0.148,0.0,0.148,1
2026-02-18 08:00:00,12.9,1019.8,1.6,181.0,2.4,0.289,0.0,0.289,1
2026-02-18 09:00:00,12.6,1018.9,1.1,191.0,2.1,1.535,0.0,1.535,1
2026-02-18 10:00:00,12.4,1019.2,1.4,197.0,2.3,3.527,0.0,3.527,1
2026-02-18 11:00:00,13.1,1019.4,2.6,219.0,3.5,5.436,0.0,5.436,1
2026-02-18 12:00:00,12.6,1019.5,1.5,213.0,2.4,7.037,0.0,7.037,1
2026-02-18 13:00:00,14.1,1020.0,3.0,222.0,3.8,7.858,0.0,7.858,1
2026-02-18 14:00:00,15.0,1020.7,1.9,215.0,2.7,7.9,0.0,7.9,1
2026-02-18 15:00:00,16.1,1020.5,2.4,207.0,3.4,7.126,0.0,7.126,1
2026-02-18 16:00:00,16.5,1020.1,3.3,215.0,4.7,5.755,0.0,5.755,1
2026-02-18 17:00:00,17.0,1019.2,3.6,220.0,5.0,3.99,0.0,3.99,1
2026-02-18 18:00:00,18.6,1017.5,3.8,214.0,5.3,2.041,0.0,2.041,1
2026-02-18 19:00:00,19.5,1016.6,5.5,215.0,7.1,0.449,0.0,0.449,1
2026-02-18 20:00:00,19.4,1015.2,4.5,200.0,7.4,-0.299,0.0,-0.299,1
2026-02-18 21:00:00,18.7,1014.9,4.1,210.0,6.1,0.243,0.0,0.243,1
2026-02-18 22:00:00,17.2,1014.9,4.2,222.0,6.3,2.083,0.0,2.083,1
2026-02-18 23:00:00,16.1,1014.8,4.8,217.0,7.3,4.236,0.0,4.236,1
2026-02-19 00:00:00,15.4,1015.0,3.1,211.0,4.6,6.276,0.0,6.276,1
2026-02-19 01:00:00,15.8,1015.3,4.4,217.0,6.2,7.536,0.0,7.536,1
2026-02-19 02:00:00,16.1,1015.4,3.9,224.0,5.6,7.723,0.0,7.723,1
2026-02-19 03:00:00,15.9,1015.3,3.7,218.0,5.9,6.762,0.0,6.762,1
2026-02-19 04:00:00,15.0,1015.0,4.1,219.0,6.0,5.709,0.0,5.709,1
2026-02-19 05:00:00,14.2,1014.9,2.5,213.0,3.4,3.97,0.0,3.97,1
2026-02-19 06:00:00,13.8,1014.5,2.0,219.0,2.1,2.067,0.0,2.067,1
2026-02-19 07:00:00,13.7,1013.7,1.9,209.0,3.4,0.476,0.0,0.476,1
2026-02-19 08:00:00,13.5,1013.5,1.1,209.0,2.3,-0.292,0.0,-0.292,1
2026-02-19 09:00:00,13.4,1013.8,1.6,229.0,2.0,0.062,0.0,0.062,1
2026-02-19 10:00:00,13.8,1014.1,1.3,220.0,2.0,1.801,0.0,1.801,1
2026-02-19 11:00:00,14.5,1014.1,1.6,207.0,3.1,3.75,0.0,3.75,1
2026-02-19 12:00:00,14.6,1014.6,1.9,194.0,3.5,5.764,0.0,5.764,1
2026-02-19 13:00:00,15.0,1015.2,2.6,222.0,3.9,7.037,0.0,7.037,1
2026-02-19 14:00:00,15.8,1015.8,3.1,224.0,4.7,7.51,0.0,7.51,1
2026-02-19 15:00:00,16.8,1015.9,2.4,217.0,3.2,7.195,0.0,7.195,1
2026-02-19 16:00:00,18.5,1015.3,3.6,209.0,5.8,6.247,0.0,6.247,1
2026-02-19 17:00:00,20.5,1014.6,4.4,221.0,6.1,4.764,0.0,4.764,1
2026-02-19 18:00:00,20.0,1013.5,3.0,206.0,4.1,2.907,0.0,2.907,1
2026-02-19 19:00:00,21.0,1012.6,2.5,200.0,4.1,1.096,0.0,1.096,1
2026-02-19 20:00:00,20.9,1012.4,2.4,186.0,3.9,-0.315,0.0,-0.315,1
2026-02-19 21:00:00,20.8,1012.0,4.5,197.0,6.7,-0.663,0.0,-0.663,1
2026-02-19 22:00:00,18.7,1012.3,4.5,212.0,7.3,0.463,0.0,0.463,1
2026-02-19 23:00:00,17.6,1012.2,2.5,205.0,3.8,2.474,0.0,2.474,1
2026-02-20 00:00:00,17.0,1012.1,4.4,217.0,6.0,4.865,0.0,4.865,1
2026-02-20 01:00:00,16.4,1012.4,5.3,210.0,8.3,6.775,0.0,6.775,1
2026-02-20 02:00:00,15.8,1012.3,3.7,210.0,5.8,7.753,0.0,7.753,1
2026-02-20 03:00:00,15.1,1012.4,3.2,209.0,5.3,7.753,0.0,7.753,1
2026-02-20 04:00:00,15.2,1012.1,3.0,204.0,4.8,6.87,0.0,6.87,1
2026-02-20 05:00:00,14.8,1012.1,2.2,214.0,3.3,5.272,0.0,5.272,1
2026-02-20 06:00:00,15.2,1011.7,2.1,203.0,3.2,3.287,0.0,3.287,1
2026-02-20 07:00:00,16.6,1011.9,2.3,233.0,3.5,1.709,0.0,1.709,1
2026-02-20 08:00:00,18.4,1011.9,2.5,233.0,4.0,0.154,0.0,0.154,1
2026-02-20 09:00:00,18.8,1011.9,2.5,224.0,3.7,-0.417,0.0,-0.417,1
2026-02-20 10:00:00,17.5,1012.0,2.2,214.0,3.4,0.282,0.0,0.282,1
2026-02-20 11:00:00,18.7,1012.1,3.1,243.0,5.4,2.014,0.0,2.014,1
2026-02-20 12:00:00,18.0,1012.8,1.3,248.0,2.2,4.127,0.0,4.127,1
2026-02-20 13:00:00,18.1,1012.7,3.5,222.0,5.0,6.053,0.0,6.053,1
2026-02-20 14:00:00,19.4,1013.0,2.9,213.0,4.5,7.129,0.0,7.129,1
2026-02-20 15:00:00,22.0,1013.2,2.9,238.0,5.1,7.172,0.0,7.172,1
2026-02-20 16:00:00,22.8,1013.0,5.0,218.0,6.7,6.857,0.0,6.857,1
2026-02-20 17:00:00,22.7,1012.4,5.0,214.0,6.9,5.607,0.0,5.607,1
2026-02-20 18:00:00,23.3,1011.9,4.6,210.0,7.2,3.901,0.0,3.901,1
2026-02-20 19:00:00,23.6,1011.1,5.6,206.0,8.1,1.975,0.0,1.975,1
2026-02-20 20:00:00,25.8,1010.6,6.5,218.0,9.5,0.249,0.0,0.249,1
2026-02-20 21:00:00,23.7,1010.5,2.6,196.0,5.3,-0.886,0.0,-0.886,1
2026-02-20 22:00:00,22.7,1010.8,3.8,215.0,5.3,-0.666,0.0,-0.666,1
2026-02-20 23:00:00,21.7,1012.5,1.2,69.0,2.2,1.017,0.0,1.017,1
2026-02-21 00:00:00,19.5,1012.9,2.3,334.0,2.8,3.268,0.0,3.268,1
2026-02-21 01:00:00,19.4,1013.5,0.9,219.0,1.6,5.643,0.0,5.643,1
2026-02-21 02:00:00,18.8,1014.0,0.0,332.0,0.6,7.149,0.0,7.149,1
2026-02-21 03:00:00,20.8,1014.3,2.7,278.0,3.6,7.641,0.0,7.641,1
2026-02-21 04:00:00,20.1,1014.4,2.0,223.0,2.3,7.313,0.0,7.313,1
2026-02-21 05:00:00,18.7,1014.4,1.7,218.0,2.7,6.037,0.0,6.037,1
2026-02-21 06:00:00,17.5,1014.1,1.6,182.0,2.9,4.488,0.0,4.488,1
2026-02-21 07:00:00,16.8,1013.9,1.9,212.0,2.7,2.851,0.0,2.851,1
2026-02-21 08:00:00,17.1,1013.5,2.1,201.0,3.5,1.135,0.0,1.135,1
2026-02-21 09:00:00,17.9,1013.6,2.3,222.0,3.1,0.095,0.0,0.095,1
2026-02-21 10:00:00,20.3,1014.0,4.3,262.0,6.0,-0.026,0.0,-0.026,1
2026-02-21 11:00:00,19.9,1014.4,2.1,234.0,3.6,1.007,0.0,1.007,1
2026-02-21 12:00:00,19.0,1015.2,2.1,229.0,3.7,2.733,0.0,2.733,1
2026-02-21 13:00:00,19.9,1015.5,2.7,223.0,4.2,4.557,0.0,4.557,1
2026-02-21 14:00:00,21.2,1015.7,3.8,205.0,5.8,5.974,0.0,5.974,1
2026-02-21 15:00:00,21.4,1015.8,2.8,202.0,4.2,6.913,0.0,6.913,1
2026-02-21 16:00:00,20.8,1015.8,3.4,214.0,4.8,7.067,0.0,7.067,1
2026-02-21 17:00:00,21.6,1015.1,4.5,217.0,6.0,6.329,0.0,6.329,1
2026-02-21 18:00:00,25.3,1013.7,3.8,207.0,5.9,4.967,0.0,4.967,1
2026-02-21 19:00:00,21.6,1013.2,3.4,192.0,5.1,3.228,0.0,3.228,1
2026-02-21 20:00:00,22.1,1013.0,3.4,183.0,5.3,1.434,0.0,1.434,1
2026-02-21 21:00:00,21.3,1012.5,2.9,183.0,4.9,-0.085,0.0,-0.085,1
2026-02-21 22:00:00,21.1,1012.5,2.5,194.0,4.2,-0.545,0.0,-0.545,1
2026-02-21 23:00:00,20.7,1013.9,5.0,346.0,6.0,0.18,0.0,0.18,1
2026-02-22 00:00:00,19.9,1014.0,2.2,17.0,3.4,1.808,0.0,1.808,1
2026-02-22 01:00:00,18.5,1014.5,0.0,230.0,0.6,4.318,0.0,4.318,1
2026-02-22 02:00:00,17.3,1013.9,3.4,174.0,4.8,6.358,0.0,6.358,1
2026-02-22 03:00:00,17.4,1013.8,1.7,164.0,2.5,7.628,0.0,7.628,1
2026-02-22 04:00:00,17.4,1014.0,2.3,182.0,3.4,7.927,0.0,7.927,1
2026-02-22 05:00:00,16.6,1013.8,2.4,186.0,4.2,7.572,0.0,7.572,1
2026-02-22 06:00:00,17.2,1013.7,2.6,218.0,3.6,6.598,0.0,6.598,1
2026-02-22 07:00:00,17.3,1013.5,0.9,234.0,1.7,4.728,0.0,4.728,1
2026-02-22 08:00:00,17.2,1012.6,2.5,353.0,2.7,3.143,0.0,3.143,1
2026-02-22 09:00:00,17.3,1012.2,1.5,293.0,1.8,1.493,0.0,1.493,1
2026-02-22 10:00:00,17.5,1011.8,2.3,299.0,2.5,0.604,0.0,0.604,1
2026-02-22 11:00:00,17.1,1012.1,2.1,295.0,2.3,0.781,0.0,0.781,1
2026-02-22 12:00:00,17.4,1012.0,3.5,273.0,4.6,2.119,0.0,2.119,1
2026-02-22 13:00:00,16.8,1012.6,8.8,306.0,10.9,3.72,0.0,3.72,1
2026-02-22 14:00:00,16.5,1013.2,8.5,315.0,10.8,5.226,0.0,5.226,1
2026-02-22 15:00:00,15.5,1013.7,11.5,307.0,13.5,6.476,0.0,6.476,1
2026-02-22 16:00:00,16.1,1013.8,12.3,308.0,13.9,6.87,0.0,6.87,1
2026-02-22 17:00:00,15.8,1013.6,13.9,306.0,16.3,6.716,0.0,6.716,1
2026-02-22 18:00:00,15.2,1013.6,12.3,311.0,16.0,5.561,0.0,5.561,1
2026-02-22 19:00:00,14.7,1013.5,15.5,304.0,17.6,3.871,0.0,3.871,1
2026-02-22 20:00:00,14.3,1013.4,16.3,306.0,20.3,1.844,0.0,1.844,1
2026-02-22 21:00:00,13.6,1014.1,16.2,311.0,20.2,-0.079,0.0,-0.079,1
2026-02-22 22:00:00,13.1,1014.9,17.5,313.0,20.9,-1.499,0.0,-1.499,1
2026-02-22 23:00:00,12.2,1015.9,11.7,312.0,14.4,-1.535,0.0,-1.535,1
2026-02-23 00:00:00,11.5,1016.7,10.9,311.0,13.5,-0.315,0.0,-0.315,1
2026-02-23 01:00:00,11.0,1017.3,8.4,304.0,10.0,1.585,0.0,1.585,1
2026-02-23 02:00:00,10.6,1018.0,10.2,300.0,12.7,3.789,0.0,3.789,1
2026-02-23 03:00:00,9.8,1018.5,11.2,306.0,13.7,5.463,0.0,5.463,1
2026-02-23 04:00:00,8.7,1018.8,9.5,325.0,11.9,6.575,0.0,6.575,1
2026-02-23 05:00:00,7.9,1019.0,11.9,302.0,13.6,6.509,0.0,6.509,1
2026-02-23 06:00:00,7.1,1018.3,12.0,312.0,15.3,5.955,0.0,5.955,1
2026-02-23 07:00:00,6.0,1018.0,11.1,321.0,14.1,4.616,0.0,4.616,1
2026-02-23 08:00:00,4.9,1018.0,11.0,326.0,15.2,3.297,0.0,3.297,1
2026-02-23 09:00:00,3.6,1018.8,8.9,327.0,10.4,1.827,0.0,1.827,1
2026-02-23 10:00:00,2.9,1019.9,11.8,332.0,14.4,0.709,0.0,0.709,1
2026-02-23 11:00:00,2.1,1020.2,7.8,322.0,9.9,0.226,0.0,0.226,1
2026-02-23 12:00:00,2.1,1021.0,8.7,326.0,11.3,0.587,0.0,0.587,1
2026-02-23 13:00:00,2.7,1021.3,9.1,324.0,11.0,1.634,0.0,1.634,1
2026-02-23 14:00:00,3.0,1021.3,10.6,310.0,12.8,2.743,0.0,2.743,1
2026-02-23 15:00:00,4.1,1021.2,9.1,324.0,12.2,4.39,0.0,4.39,1
2026-02-23 16:00:00,4.7,1021.0,8.2,331.0,9.9,5.466,0.0,5.466,1
2026-02-23 17:00:00,5.8,1020.5,9.5,325.0,11.7,6.194,0.0,6.194,1
2026-02-23 18:00:00,6.2,1019.7,9.9,311.0,11.7,6.247,0.0,6.247,1
2026-02-23 19:00:00,6.9,1019.2,8.5,317.0,10.6,5.492,0.0,5.492,1
2026-02-23 20:00:00,7.4,1018.8,8.6,308.0,10.7,4.285,0.0,4.285,1
2026-02-23 21:00:00,8.2,1018.8,10.6,325.0,12.0,2.549,0.0,2.549,1
2026-02-23 22:00:00,8.2,1019.0,9.7,316.0,12.2,0.856,0.0,0.856,1
2026-02-23 23:00:00,7.7,1020.0,8.8,324.0,10.9,-0.246,0.0,-0.246,1
2026-02-24 00:00:00,6.9,1021.1,5.2,322.0,6.4,-0.344,0.0,-0.344,1
2026-02-24 01:00:00,6.3,1021.9,4.7,324.0,5.5,0.925,0.0,0.925,1
2026-02-24 02:00:00,6.6,1022.4,7.5,316.0,8.8,2.467,0.0,2.467,1
2026-02-24 03:00:00,6.3,1023.1,8.1,307.0,10.1,4.114,0.0,4.114,1
2026-02-24 04:00:00,5.2,1023.3,8.1,318.0,10.4,5.663,0.0,5.663,1
2026-02-24 05:00:00,4.3,1023.6,6.0,325.0,7.2,6.808,0.0,6.808,1
2026-02-24 06:00:00,3.5,1023.9,4.6,321.0,5.7,7.198,0.0,7.198,1
2026-02-24 07:00:00,2.8,1024.2,4.2,326.0,5.9,6.913,0.0,6.913,1
2026-02-24 08:00:00,2.1,1024.3,4.8,328.0,5.3,5.886,0.0,5.886,1
2026-02-24 09:00:00,1.5,1024.5,4.4,329.0,5.5,4.475,0.0,4.475,1
2026-02-24 10:00:00,0.6,1024.5,4.8,347.0,5.7,2.831,0.0,2.831,1
2026-02-24 11:00:00,0.3,1025.0,4.5,346.0,5.8,1.424,0.0,1.424,1
2026-02-24 12:00:00,-0.3,1025.1,3.1,338.0,4.0,0.741,0.0,0.741,1
2026-02-24 13:00:00,1.1,1025.7,4.0,343.0,4.9,1.037,0.0,1.037,1
2026-02-24 14:00:00,1.9,1025.3,2.9,22.0,4.4,2.26,0.0,2.26,1
2026-02-24 15:00:00,3.3,1025.5,2.1,17.0,2.9,3.53,0.0,3.53,1
2026-02-24 16:00:00,4.4,1025.3,1.3,45.0,2.1,5.01,0.0,5.01,1
2026-02-24 17:00:00,5.6,1025.1,2.7,202.0,3.7,6.178,0.0,6.178,1
2026-02-24 18:00:00,6.1,1023.8,1.8,174.0,3.1,6.568,0.0,6.568,1
2026-02-24 19:00:00,6.4,1022.5,3.2,185.0,5.3,6.322,0.0,6.322,1
2026-02-24 20:00:00,7.0,1022.1,3.0,186.0,5.1,5.4,0.0,5.4,1
2026-02-24 21:00:00,7.2,1021.5,4.3,212.0,6.3,4.144,0.0,4.144,1
2026-02-24 22:00:00,7.3,1021.1,4.4,204.0,6.0,2.651,0.0,2.651,1
2026-02-24 23:00:00,6.8,1021.6,2.4,196.0,4.3,1.335,0.0,1.335,1
2026-02-25 00:00:00,6.7,1021.5,2.2,201.0,4.1,0.486,0.0,0.486,1
2026-02-25 01:00:00,6.9,1021.5,2.4,203.0,3.8,0.725,0.0,0.725,1
2026-02-25 02:00:00,7.4,1021.5,2.5,207.0,4.5,1.788,0.0,1.788,1
2026-02-25 03:00:00,8.3,1021.4,2.2,212.0,3.3,3.202,0.0,3.202,1
2026-02-25 04:00:00,7.5,1021.1,2.2,236.0,3.6,4.806,0.0,4.806,1
2026-02-25 05:00:00,7.7,1020.8,3.1,235.0,4.5,6.28,0.0,6.28,1
2026-02-25 06:00:00,8.3,1020.1,2.9,239.0,4.0,7.201,0.0,7.201,1
2026-02-25 07:00:00,9.0,1019.9,4.2,228.0,5.9,7.388,0.0,7.388,1
2026-02-25 08:00:00,8.3,1019.3,4.3,235.0,6.0,6.982,0.0,6.982,1
2026-02-25 09:00:00,7.3,1019.0,4.5,233.0,7.2,5.958,0.0,5.958,1
2026-02-25 10:00:00,6.5,1019.2,4.0,248.0,5.7,4.57,0.0,4.57,1
2026-02-25 11:00:00,6.5,1019.9,5.0,278.0,6.2,3.025,0.0,3.025,1
2026-02-25 12:00:00,6.0,1020.5,2.8,273.0,4.0,1.647,0.0,1.647,1
2026-02-25 13:00:00,6.9,1020.6,2.9,242.0,4.1,0.85,0.0,0.85,1
2026-02-25 14:00:00,8.6,1020.7,3.4,245.0,4.9,0.958,0.0,0.958,1
2026-02-25 15:00:00,11.4,1020.3,3.6,236.0,6.1,1.716,0.0,1.716,1
2026-02-25 16:00:00,12.4,1020.2,3.8,203.0,5.0,2.864,0.0,2.864,1
2026-02-25 17:00:00,13.7,1019.0,3.0,192.0,5.3,4.524,0.0,4.524,1
2026-02-25 18:00:00,13.8,1018.0,4.6,179.0,6.6,5.584,0.0,5.584,1
2026-02-25 19:00:00,13.6,1017.1,3.4,193.0,6.3,6.335,0.0,6.335,1
2026-02-25 20:00:00,13.8,1016.6,6.1,203.0,9.1,6.178,0.0,6.178,1
2026-02-25 21:00:00,14.4,1016.1,5.3,204.0,9.0,5.413,0.0,5.413,1
2026-02-25 22:00:00,13.8,1016.0,4.1,200.0,7.5,4.262,0.0,4.262,1
2026-02-25 23:00:00,12.9,1016.2,3.2,201.0,5.8,2.684,0.0,2.684,1
2026-02-26 00:00:00,12.7,1016.4,3.4,204.0,5.8,1.319,0.0,1.319,1
2026-02-26 01:00:00,12.8,1016.6,3.3,212.0,4.7,0.466,0.0,0.466,1
2026-02-26 02:00:00,13.2,1017.0,4.1,206.0,6.6,0.43,0.0,0.43,1
2026-02-26 03:00:00,13.4,1017.1,4.6,210.0,7.3,1.211,0.0,1.211,1
2026-02-26 04:00:00,13.3,1017.4,5.4,218.0,7.2,2.589,0.0,2.589,1
2026-02-26 05:00:00,12.7,1017.2,3.1,223.0,4.3,4.259,0.0,4.259,1
2026-02-26 06:00:00,13.0,1017.1,3.9,219.0,5.3,5.889,0.0,5.889,1
2026-02-26 07:00:00,14.0,1016.9,3.6,224.0,5.4,6.913,0.0,6.913,1
2026-02-26 08:00:00,13.2,1016.6,3.4,216.0,4.3,7.32,0.0,7.32,1
2026-02-26 09:00:00,12.8,1016.6,3.0,217.0,4.4,7.051,0.0,7.051,1
2026-02-26 10:00:00,12.3,1016.8,2.2,215.0,3.1,6.02,0.0,6.02,1
2026-02-26 11:00:00,12.8,1016.5,3.2,212.0,4.9,4.603,0.0,4.603,1
2026-02-26 12:00:00,13.7,1017.2,2.1,247.0,3.6,3.12,0.0,3.12,1
2026-02-26 13:00:00,13.0,1017.4,4.4,212.0,7.6,1.788,0.0,1.788,1
2026-02-26 14:00:00,13.7,1018.1,6.0,228.0,9.0,0.774,0.0,0.774,1
2026-02-26 15:00:00,16.0,1018.0,5.8,226.0,8.6,0.686,0.0,0.686,1
2026-02-26 16:00:00,16.0,1017.5,4.7,213.0,7.1,1.463,0.0,1.463,1
2026-02-26 17:00:00,14.3,1016.6,5.5,210.0,7.9,2.769,0.0,2.769,1
2026-02-26 18:00:00,15.3,1015.5,5.4,210.0,7.8,4.121,0.0,4.121,1
2026-02-26 19:00:00,17.0,1014.0,6.0,211.0,9.2,5.259,0.0,5.259,1
2026-02-26 20:00:00,15.7,1014.0,4.5,213.0,6.7,5.86,0.0,5.86,1
2026-02-26 21:00:00,16.3,1013.7,4.7,215.0,7.0,5.823,0.0,5.823,1
2026-02-26 22:00:00,15.5,1013.7,3.7,208.0,6.3,5.249,0.0,5.249,1
2026-02-26 23:00:00,15.3,1013.6,2.4,211.0,4.1,4.239,0.0,4.239,1
2026-02-27 00:00:00,14.7,1013.9,2.6,203.0,3.8,2.887,0.0,2.887,1
2026-02-27 01:00:00,14.6,1014.3,3.3,207.0,5.3,1.535,0.0,1.535,1
2026-02-27 02:00:00,14.4,1014.6,2.4,202.0,3.7,0.407,0.0,0.407,1
2026-02-27 03:00:00,14.7,1014.6,2.9,220.0,4.2,-0.069,0.0,-0.069,1
2026-02-27 04:00:00,14.7,1014.7,2.4,219.0,3.3,0.574,0.0,0.574,1
2026-02-27 05:00:00,15.3,1014.7,2.5,208.0,3.6,1.998,0.0,1.998,1
2026-02-27 06:00:00,15.4,1014.8,2.2,213.0,3.0,3.917,0.0,3.917,1
2026-02-27 07:00:00,15.7,1014.5,1.5,181.0,2.1,5.764,0.0,5.764,1
2026-02-27 08:00:00,15.3,1013.9,0.9,191.0,1.4,7.165,0.0,7.165,1
2026-02-27 09:00:00,15.5,1013.4,2.5,209.0,3.4,7.592,0.0,7.592,1
2026-02-27 10:00:00,14.6,1013.5,1.7,203.0,3.2,7.356,0.0,7.356,1
2026-02-27 11:00:00,14.1,1013.6,3.0,205.0,4.3,6.342,0.0,6.342,1
2026-02-27 12:00:00,14.5,1013.7,3.8,214.0,5.8,4.908,0.0,4.908,1
2026-02-27 13:00:00,14.3,1014.0,3.7,219.0,5.4,3.278,0.0,3.278,1
2026-02-27 14:00:00,15.0,1014.3,2.5,210.0,3.9,1.765,0.0,1.765,1
2026-02-27 15:00:00,16.1,1014.6,3.0,201.0,5.0,0.804,0.0,0.804,1
2026-02-27 16:00:00,15.3,1015.1,3.9,223.0,5.6,0.65,0.0,0.65,1
2026-02-27 17:00:00,16.7,1014.6,2.1,207.0,2.9,1.552,0.0,1.552,1
2026-02-27 18:00:00,17.9,1013.8,2.5,238.0,5.3,2.972,0.0,2.972,1
2026-02-27 19:00:00,18.8,1013.1,2.6,264.0,3.2,4.436,0.0,4.436,1
2026-02-27 20:00:00,18.0,1013.4,2.8,302.0,3.6,5.696,0.0,5.696,1
2026-02-27 21:00:00,16.6,1013.0,1.0,184.0,1.5,6.444,0.0,6.444,1
2026-02-27 22:00:00,16.9,1013.4,0.9,160.0,1.1,6.493,0.0,6.493,1
2026-02-27 23:00:00,17.2,1014.0,6.3,0.0,8.6,5.889,0.0,5.889,1
2026-02-28 00:00:00,16.0,1014.6,2.6,348.0,3.1,4.79,0.0,4.79,1
2026-02-28 01:00:00,15.8,1015.5,3.3,356.0,4.2,3.409,0.0,3.409,1
2026-02-28 02:00:00,15.5,1015.9,2.8,12.0,3.3,1.854,0.0,1.854,1
2026-02-28 03:00:00,15.1,1016.4,2.4,16.0,2.8,0.781,0.0,0.781,1
2026-02-28 04:00:00,14.7,1016.9,1.0,27.0,1.5,-0.285,0.0,-0.285,1
2026-02-28 05:00:00,14.6,1017.0,2.6,52.0,3.5,0.42,0.0,0.42,1
2026-02-28 06:00:00,14.8,1016.8,2.7,54.0,3.3,2.08,0.0,2.08,1
2026-02-28 07:00:00,12.7,1016.4,4.8,72.0,6.1,4.239,0.0,4.239,1
2026-02-28 08:00:00,12.8,1016.2,3.4,66.0,3.8,6.362,0.0,6.362,1
2026-02-28 09:00:00,13.0,1016.1,2.2,55.0,2.8,7.782,0.0,7.782,1
2026-02-28 10:00:00,12.8,1016.7,3.0,102.0,3.3,8.261,0.0,8.261,1
2026-02-28 11:00:00,12.9,1017.2,3.2,67.0,3.8,8.107,0.0,8.107,1
2026-02-28 12:00:00,13.5,1017.3,4.3,32.0,5.4,7.159,0.0,7.159,1
2026-02-28 13:00:00,13.5,1017.9,5.4,42.0,6.4,5.607,0.0,5.607,1
2026-02-28 14:00:00,13.3,1018.8,3.2,60.0,3.9,3.983,0.0,3.983,1
2026-02-28 15:00:00,13.6,1019.2,2.4,47.0,3.0,2.297,0.0,2.297,1
2026-02-28 16:00:00,14.7,1019.6,4.5,40.0,5.4,1.093,0.0,1.093,1
2026-02-28 17:00:00,15.2,1019.5,3.0,70.0,3.6,0.761,0.0,0.761,1
2026-02-28 18:00:00,16.1,1018.8,3.7,66.0,4.7,1.654,0.0,1.654,1
2026-02-28 19:00:00,16.7,1017.9,4.1,71.0,5.1,3.33,0.0,3.33,1
2026-02-28 20:00:00,14.0,1017.9,4.4,96.0,4.8,5.108,0.0,5.108,1
2026-02-28 21:00:00,14.5,1017.7,4.5,101.0,4.8,6.293,0.0,6.293,1
2026-02-28 22:00:00,14.6,1017.6,3.0,105.0,3.3,7.06,0.0,7.06,1
2026-02-28 23:00:00,14.5,1018.3,1.2,154.0,1.8,7.178,0.0,7.178,1
