timestamp,air_temp,air_pressure,wind_speed,wind_direction,wind_gust,water_level,etss_tide,surge_residual,storm_block_id
2021-01-01 00:00:00,7.5,1026.7,5.3,5.0,6.3,1.342,0.0,1.342,0
2021-01-01 01:00:00,7.3,1027.2,5.5,11.0,7.2,1.555,0.0,1.555,0
2021-01-01 02:00:00,6.8,1027.9,5.9,7.0,7.2,1.709,0.0,1.709,0
2021-01-01 03:00:00,6.7,1028.4,5.3,14.0,7.0,1.532,0.0,1.532,0
2021-01-01 04:00:00,5.9,1029.4,6.8,12.0,8.1,1.348,0.0,1.348,0
2021-01-01 05:00:00,6.2,1029.6,4.7,19.0,6.9,0.65,0.0,0.65,0
2021-01-01 06:00:00,6.2,1029.8,4.8,36.0,6.8,0.276,0.0,0.276,0
2021-01-01 07:00:00,6.3,1030.9,4.1,34.0,7.1,0.01,0.0,0.01,0
2021-01-01 08:00:00,5.7,1031.2,5.6,31.0,8.6,0.059,0.0,0.059,0
2021-01-01 09:00:00,5.2,1031.5,3.7,33.0,6.7,0.459,0.0,0.459,0
2021-01-01 10:00:00,5.0,1031.7,4.5,32.0,6.4,1.047,0.0,1.047,0
2021-01-01 11:00:00,5.1,1031.9,4.3,32.0,6.6,1.549,0.0,1.549,0
2021-01-01 12:00:00,5.4,1032.2,4.3,32.0,6.1,1.959,0.0,1.959,0
2021-01-01 13:00:00,4.8,1032.4,3.8,10.0,4.9,2.431,0.0,2.431,0
2021-01-01 14:00:00,7.4,1032.6,4.0,74.0,5.6,2.644,0.0,2.644,0
2021-01-01 15:00:00,7.6,1032.8,4.1,73.0,6.2,2.661,0.0,2.661,0
2021-01-01 16:00:00,7.9,1031.0,4.6,86.0,7.5,2.333,0.0,2.333,0
2021-01-01 17:00:00,8.2,1030.8,3.2,82.0,6.8,2.064,0.0,2.064,0
2021-01-01 18:00:00,8.3,1027.9,4.8,89.0,7.1,1.332,0.0,1.332,0
2021-01-01 19:00:00,8.8,1027.7,3.1,79.0,5.7,0.804,0.0,0.804,0
2021-01-01 20:00:00,8.9,1026.3,4.7,82.0,6.9,0.584,0.0,0.584,0
2021-01-01 21:00:00,9.4,1025.6,3.1,89.0,5.0,0.666,0.0,0.666,0
2021-01-01 22:00:00,9.3,1024.8,2.1,91.0,3.8,1.03,0.0,1.03,0
2021-01-01 23:00:00,9.4,1023.5,2.7,104.0,4.3,1.339,0.0,1.339,0
2021-01-02 00:00:00,9.4,1022.6,2.7,99.0,4.5,1.742,0.0,1.742,0
2021-01-02 01:00:00,9.7,1020.7,2.8,112.0,4.3,2.215,0.0,2.215,0
2021-01-02 02:00:00,10.7,1018.4,5.0,122.0,6.4,2.352,0.0,2.352,0
2021-01-02 03:00:00,10.9,1017.6,2.9,178.0,3.8,2.326,0.0,2.326,0
2021-01-02 04:00:00,10.1,1016.5,3.3,218.0,4.0,2.26,0.0,2.26,0
2021-01-02 05:00:00,10.6,1014.7,3.1,207.0,3.9,1.985,0.0,1.985,0
2021-01-02 06:00:00,9.3,1012.3,3.2,197.0,4.2,1.365,0.0,1.365,0
2021-01-02 07:00:00,11.9,1012.7,5.7,253.0,8.4,1.014,0.0,1.014,0
2021-01-02 08:00:00,11.1,1012.2,7.3,275.0,10.1,0.889,0.0,0.889,0
2021-01-02 09:00:00,9.3,1011.7,6.7,276.0,10.0,0.814,0.0,0.814,0
2021-01-02 10:00:00,8.7,1011.3,8.6,265.0,10.8,1.093,0.0,1.093,0
2021-01-02 11:00:00,8.7,1011.0,8.3,262.0,11.0,1.594,0.0,1.594,0
2021-01-02 12:00:00,8.7,1011.8,10.1,263.0,12.6,1.991,0.0,1.991,0
2021-01-02 13:00:00,8.1,1013.2,4.2,300.0,9.6,2.392,0.0,2.392,0
2021-01-02 14:00:00,7.3,1014.5,4.7,302.0,6.9,2.871,0.0,2.871,0
2021-01-02 15:00:00,7.8,1014.5,4.9,276.0,6.3,2.812,0.0,2.812,0
2021-01-02 16:00:00,9.5,1014.5,2.4,297.0,4.9,2.697,0.0,2.697,0
2021-01-02 17:00:00,10.4,1014.6,5.2,311.0,7.8,2.461,0.0,2.461,0
2021-01-02 18:00:00,11.7,1014.8,7.2,311.0,8.9,1.778,0.0,1.778,0
2021-01-02 19:00:00,12.3,1015.3,5.9,307.0,8.2,1.322,0.0,1.322,0
2021-01-02 20:00:00,12.3,1016.1,5.3,328.0,8.4,0.909,0.0,0.909,0
2021-01-02 21:00:00,12.1,1017.1,3.0,305.0,5.4,0.722,0.0,0.722,0
2021-01-02 22:00:00,11.4,1017.7,4.7,340.0,6.2,0.774,0.0,0.774,0
2021-01-02 23:00:00,11.1,1018.0,5.2,348.0,7.5,0.938,0.0,0.938,0
2021-01-03 00:00:00,10.5,1018.6,3.3,350.0,4.1,1.234,0.0,1.234,0
2021-01-03 01:00:00,9.7,1018.8,3.0,29.0,5.9,1.788,0.0,1.788,0
2021-01-03 02:00:00,9.1,1019.2,5.3,12.0,6.1,2.021,0.0,2.021,0
2021-01-03 03:00:00,8.5,1020.0,3.9,26.0,5.6,2.159,0.0,2.159,0
2021-01-03 04:00:00,8.2,1019.5,3.6,35.0,6.7,2.1,0.0,2.1,0
2021-01-03 05:00:00,7.9,1019.5,3.3,42.0,7.0,1.896,0.0,1.896,0
2021-01-03 06:00:00,7.6,1019.1,1.6,57.0,4.3,1.414,0.0,1.414,0
2021-01-03 07:00:00,7.5,1019.9,3.1,71.0,4.9,0.846,0.0,0.846,0
2021-01-03 08:00:00,7.8,1019.1,3.3,84.0,6.3,0.522,0.0,0.522,0
2021-01-03 09:00:00,8.2,1018.0,3.1,91.0,5.3,0.413,0.0,0.413,0
2021-01-03 10:00:00,8.3,1016.3,5.4,106.0,8.1,0.4,0.0,0.4,0
2021-01-03 11:00:00,8.5,1015.9,3.5,83.0,5.4,0.899,0.0,0.899,0
2021-01-03 12:00:00,8.2,1018.1,2.6,29.0,3.0,1.585,0.0,1.585,0
2021-01-03 13:00:00,8.0,1017.2,2.1,68.0,3.3,2.093,0.0,2.093,0
2021-01-03 14:00:00,8.5,1016.1,4.4,71.0,7.0,2.53,0.0,2.53,0
2021-01-03 15:00:00,8.8,1015.6,3.5,80.0,5.7,2.848,0.0,2.848,0
2021-01-03 16:00:00,9.2,1013.9,3.3,78.0,5.3,2.91,0.0,2.91,0
2021-01-03 17:00:00,9.5,1011.5,3.8,73.0,6.1,2.966,0.0,2.966,0
2021-01-03 18:00:00,9.8,1010.6,1.5,66.0,4.2,2.812,0.0,2.812,0
2021-01-03 19:00:00,10.1,1010.5,2.1,34.0,3.6,2.293,0.0,2.293,0
2021-01-03 20:00:00,9.2,1010.8,3.2,16.0,4.7,1.834,0.0,1.834,0
2021-01-03 21:00:00,8.6,1010.7,3.9,14.0,5.0,1.594,0.0,1.594,0
2021-01-03 22:00:00,9.0,1011.2,4.4,351.0,5.9,1.407,0.0,1.407,0
2021-01-03 23:00:00,8.8,1011.4,4.7,0.0,5.6,1.499,0.0,1.499,0
2021-01-04 00:00:00,7.2,1012.0,6.2,349.0,8.0,1.798,0.0,1.798,0
2021-01-04 01:00:00,6.4,1012.4,9.2,355.0,10.7,2.369,0.0,2.369,0
2021-01-04 02:00:00,5.8,1012.7,5.8,340.0,8.0,2.618,0.0,2.618,0
2021-01-04 03:00:00,5.8,1013.2,6.2,342.0,7.2,2.913,0.0,2.913,0
2021-01-04 04:00:00,5.3,1013.4,6.2,343.0,7.4,3.15,0.0,3.15,0
2021-01-04 05:00:00,5.4,1013.4,6.3,338.0,7.6,3.091,0.0,3.091,0
2021-01-04 06:00:00,5.2,1013.6,7.3,341.0,8.9,3.009,0.0,3.009,0
2021-01-04 07:00:00,5.1,1013.7,6.2,338.0,7.7,2.661,0.0,2.661,0
2021-01-04 08:00:00,4.9,1013.9,5.1,346.0,6.5,2.106,0.0,2.106,0
2021-01-04 09:00:00,4.7,1014.1,5.5,343.0,7.3,1.745,0.0,1.745,0
2021-01-04 10:00:00,4.5,1014.7,6.1,356.0,7.9,1.594,0.0,1.594,0
2021-01-04 11:00:00,4.4,1015.2,5.9,348.0,7.1,1.827,0.0,1.827,0
2021-01-04 12:00:00,4.2,1015.7,6.6,5.0,7.6,2.162,0.0,2.162,0
2021-01-04 13:00:00,4.3,1016.4,5.4,6.0,7.6,2.569,0.0,2.569,0
2021-01-04 14:00:00,4.5,1017.0,4.9,6.0,5.9,2.894,0.0,2.894,0
2021-01-04 15:00:00,4.7,1017.4,4.5,1.0,6.4,3.251,0.0,3.251,0
2021-01-04 16:00:00,4.8,1016.8,3.7,346.0,6.4,3.471,0.0,3.471,0
2021-01-04 17:00:00,4.6,1016.3,4.8,347.0,5.9,3.517,0.0,3.517,0
2021-01-04 18:00:00,5.0,1015.7,4.5,338.0,6.0,3.353,0.0,3.353,0
2021-01-04 19:00:00,4.9,1015.4,4.4,359.0,5.5,3.12,0.0,3.12,0
2021-01-04 20:00:00,5.0,1015.6,4.0,10.0,5.1,2.523,0.0,2.523,0
2021-01-04 21:00:00,5.2,1015.8,3.1,357.0,4.4,2.113,0.0,2.113,0
2021-01-04 22:00:00,5.2,1015.9,4.0,5.0,5.2,1.841,0.0,1.841,0
2021-01-04 23:00:00,5.2,1016.1,4.4,3.0,4.9,1.709,0.0,1.709,0
2021-01-05 00:00:00,5.3,1016.0,3.6,8.0,4.7,1.703,0.0,1.703,0
2021-01-05 01:00:00,5.1,1016.0,2.2,330.0,2.6,2.044,0.0,2.044,0
2021-01-05 02:00:00,5.1,1015.8,2.4,345.0,3.1,2.536,0.0,2.536,0
2021-01-05 03:00:00,4.9,1015.5,1.7,329.0,2.6,2.838,0.0,2.838,0
2021-01-05 04:00:00,4.7,1015.2,1.6,302.0,2.3,3.127,0.0,3.127,0
2021-01-05 05:00:00,5.0,1014.7,1.5,335.0,1.9,3.212,0.0,3.212,0
2021-01-05 06:00:00,4.8,1014.2,1.6,292.0,1.9,3.219,0.0,3.219,0
2021-01-05 07:00:00,4.7,1014.5,2.1,299.0,3.2,3.11,0.0,3.11,0
2021-01-05 08:00:00,4.6,1014.2,0.9,348.0,1.3,2.697,0.0,2.697,0
2021-01-05 09:00:00,4.4,1013.8,2.7,300.0,3.8,2.27,0.0,2.27,0
2021-01-05 10:00:00,4.6,1014.2,2.7,309.0,4.0,1.909,0.0,1.909,0
2021-01-05 11:00:00,4.6,1014.4,2.2,308.0,2.9,1.745,0.0,1.745,0
2021-01-05 12:00:00,4.7,1014.4,1.7,340.0,2.2,1.86,0.0,1.86,0
2021-01-05 13:00:00,4.8,1014.5,1.6,315.0,2.1,2.238,0.0,2.238,0
2021-01-05 14:00:00,4.8,1014.8,1.7,308.0,2.2,2.677,0.0,2.677,0
2021-01-05 15:00:00,5.2,1014.4,1.6,8.0,2.5,2.927,0.0,2.927,0
2021-01-05 16:00:00,5.4,1013.6,2.1,11.0,2.7,3.225,0.0,3.225,0
2021-01-05 17:00:00,5.7,1012.7,2.8,22.0,3.5,3.432,0.0,3.432,0
2021-01-05 18:00:00,5.8,1012.4,2.7,13.0,3.5,3.458,0.0,3.458,0
2021-01-05 19:00:00,5.6,1012.4,4.1,28.0,5.3,3.343,0.0,3.343,0
2021-01-05 20:00:00,5.6,1012.7,2.5,21.0,3.8,3.041,0.0,3.041,0
2021-01-05 21:00:00,5.5,1013.3,3.1,20.0,4.3,2.552,0.0,2.552,0
2021-01-05 22:00:00,5.4,1014.0,3.7,9.0,5.0,2.165,0.0,2.165,0
2021-01-05 23:00:00,5.2,1014.5,3.6,350.0,4.7,1.877,0.0,1.877,0
2021-01-06 00:00:00,5.0,1015.0,3.0,340.0,4.0,1.772,0.0,1.772,0
2021-01-06 01:00:00,5.0,1015.1,5.2,352.0,6.5,1.864,0.0,1.864,0
2021-01-06 02:00:00,4.9,1015.2,3.8,342.0,5.0,2.26,0.0,2.26,0
2021-01-06 03:00:00,4.7,1015.4,3.8,328.0,5.6,2.782,0.0,2.782,0
2021-01-06 04:00:00,4.6,1015.3,5.2,342.0,6.3,3.038,0.0,3.038,0
2021-01-06 05:00:00,4.4,1015.3,4.9,329.0,5.9,3.297,0.0,3.297,0
2021-01-06 06:00:00,4.3,1015.3,5.6,326.0,7.1,3.471,0.0,3.471,0
2021-01-06 07:00:00,4.2,1015.7,6.0,329.0,7.1,3.488,0.0,3.488,0
2021-01-06 08:00:00,4.1,1016.4,5.7,323.0,7.8,3.36,0.0,3.36,0
2021-01-06 09:00:00,4.1,1016.6,5.0,332.0,6.8,3.058,0.0,3.058,0
2021-01-06 10:00:00,4.1,1016.7,4.3,339.0,6.0,2.398,0.0,2.398,0
2021-01-06 11:00:00,4.1,1017.0,4.6,336.0,6.1,2.149,0.0,2.149,0
2021-01-06 12:00:00,4.0,1017.8,4.7,333.0,7.1,2.044,0.0,2.044,0
2021-01-06 14:00:00,4.2,1019.1,5.6,333.0,8.1,2.27,0.0,2.27,0
2021-01-06 15:00:00,4.7,1019.0,8.0,338.0,9.6,2.648,0.0,2.648,0
2021-01-06 16:00:00,5.2,1018.9,6.8,329.0,9.2,3.018,0.0,3.018,0
2021-01-06 17:00:00,5.5,1018.2,8.2,333.0,10.0,3.268,0.0,3.268,0
2021-01-06 18:00:00,5.3,1017.6,7.8,331.0,10.3,3.389,0.0,3.389,0
2021-01-06 19:00:00,5.6,1017.6,6.2,337.0,9.8,3.409,0.0,3.409,0
2021-01-06 20:00:00,5.1,1018.3,7.2,348.0,9.5,3.304,0.0,3.304,0
2021-01-06 21:00:00,4.8,1018.9,8.8,327.0,12.2,2.963,0.0,2.963,0
2021-01-06 22:00:00,4.7,1019.5,9.1,341.0,10.7,2.451,0.0,2.451,0
2021-01-06 23:00:00,4.4,1020.3,6.7,332.0,10.2,1.978,0.0,1.978,0
2021-01-07 00:00:00,4.2,1020.6,6.0,335.0,8.2,1.608,0.0,1.608,0
2021-01-07 01:00:00,3.9,1020.9,8.3,334.0,10.2,1.532,0.0,1.532,0
2021-01-07 02:00:00,3.6,1020.8,5.6,335.0,7.4,1.726,0.0,1.726,0
2021-01-07 03:00:00,3.2,1020.9,4.1,334.0,6.6,2.172,0.0,2.172,0
2021-01-07 04:00:00,3.0,1021.2,3.8,321.0,4.9,2.664,0.0,2.664,0
2021-01-07 05:00:00,2.7,1020.7,3.9,321.0,5.4,2.913,0.0,2.913,0
2021-01-07 06:00:00,2.6,1020.5,5.2,340.0,6.3,3.209,0.0,3.209,0
2021-01-07 07:00:00,2.5,1020.8,5.0,334.0,8.4,3.409,0.0,3.409,0
2021-01-07 08:00:00,2.2,1021.2,4.5,337.0,6.5,3.425,0.0,3.425,0
2021-01-07 09:00:00,2.0,1021.2,5.0,339.0,5.9,3.281,0.0,3.281,0
2021-01-07 10:00:00,2.1,1020.9,5.7,338.0,7.3,2.854,0.0,2.854,0
2021-01-07 11:00:00,1.8,1021.5,5.3,335.0,7.5,2.356,0.0,2.356,0
2021-01-07 12:00:00,1.5,1022.2,4.1,333.0,5.8,2.07,0.0,2.07,0
2021-01-07 13:00:00,1.3,1022.7,4.5,334.0,5.9,1.86,0.0,1.86,0
2021-01-07 14:00:00,2.1,1022.9,7.1,335.0,8.8,1.893,0.0,1.893,0
2021-01-07 15:00:00,2.7,1023.0,5.5,345.0,8.7,2.09,0.0,2.09,0
2021-01-07 16:00:00,3.0,1022.4,5.1,1.0,6.9,2.467,0.0,2.467,0
2021-01-07 17:00:00,4.1,1021.3,4.6,352.0,6.1,2.808,0.0,2.808,0
2021-01-07 18:00:00,4.9,1020.7,5.3,337.0,6.5,3.048,0.0,3.048,0
2021-01-07 19:00:00,5.7,1020.4,4.5,303.0,6.8,3.186,0.0,3.186,0
2021-01-07 20:00:00,6.0,1020.4,6.1,324.0,7.7,3.153,0.0,3.153,0
2021-01-07 21:00:00,6.2,1020.5,4.7,332.0,6.3,3.012,0.0,3.012,0
2021-01-07 22:00:00,5.4,1020.9,3.2,314.0,5.7,2.667,0.0,2.667,0
2021-01-07 23:00:00,4.6,1021.1,2.4,320.0,3.5,2.169,0.0,2.169,0
2021-01-08 00:00:00,3.6,1021.7,1.5,293.0,2.0,1.732,0.0,1.732,0
2021-01-08 01:00:00,2.9,1021.5,2.0,296.0,2.7,1.398,0.0,1.398,0
2021-01-08 02:00:00,2.4,1021.4,2.1,287.0,2.7,1.339,0.0,1.339,0
2021-01-08 03:00:00,2.2,1021.0,1.5,305.0,2.3,1.552,0.0,1.552,0
2021-01-08 04:00:00,2.2,1020.8,1.9,333.0,2.8,2.001,0.0,2.001,0
2021-01-08 05:00:00,1.6,1020.7,2.2,329.0,2.8,2.461,0.0,2.461,0
2021-01-08 06:00:00,1.4,1020.5,2.7,329.0,3.4,2.812,0.0,2.812,0
2021-01-08 07:00:00,2.3,1019.9,3.6,348.0,4.5,3.133,0.0,3.133,0
2021-01-08 08:00:00,2.4,1018.9,5.0,16.0,6.1,3.268,0.0,3.268,0
2021-01-08 09:00:00,2.7,1018.0,3.5,24.0,5.4,3.271,0.0,3.271,0
2021-01-08 10:00:00,2.9,1019.2,1.2,283.0,1.9,3.117,0.0,3.117,0
2021-01-08 11:00:00,1.7,1018.6,2.6,331.0,2.9,2.802,0.0,2.802,0
2021-01-08 12:00:00,2.4,1017.5,3.5,21.0,5.4,2.051,0.0,2.051,0
2021-01-08 13:00:00,1.7,1019.0,2.2,312.0,2.6,1.847,0.0,1.847,0
2021-01-08 14:00:00,1.5,1019.8,2.0,285.0,2.9,1.483,0.0,1.483,0
2021-01-08 15:00:00,2.0,1017.7,5.5,17.0,6.6,1.581,0.0,1.581,0
2021-01-08 16:00:00,2.0,1017.8,2.6,7.0,3.5,1.67,0.0,1.67,0
2021-01-08 17:00:00,2.2,1015.8,2.1,28.0,2.7,2.123,0.0,2.123,0
2021-01-08 18:00:00,2.5,1015.3,1.9,39.0,3.6,2.552,0.0,2.552,0
2021-01-08 19:00:00,2.7,1014.6,2.4,14.0,3.6,2.684,0.0,2.684,0
2021-01-08 20:00:00,2.9,1013.8,3.7,10.0,4.5,2.887,0.0,2.887,0
2021-01-08 21:00:00,3.3,1013.4,4.1,16.0,5.3,3.015,0.0,3.015,0
2021-01-08 22:00:00,2.9,1013.3,5.1,22.0,7.2,2.894,0.0,2.894,0
2021-01-08 23:00:00,2.7,1012.6,5.7,15.0,7.9,2.343,0.0,2.343,0
2021-01-09 00:00:00,2.3,1012.2,6.8,5.0,8.1,2.024,0.0,2.024,0
2021-01-09 01:00:00,2.5,1011.8,4.9,355.0,6.3,1.467,0.0,1.467,0
2021-01-09 02:00:00,2.7,1011.0,7.3,7.0,9.0,1.247,0.0,1.247,0
2021-01-09 03:00:00,2.5,1010.9,5.9,4.0,8.0,1.171,0.0,1.171,0
2021-01-09 04:00:00,2.0,1010.6,5.0,357.0,5.7,1.516,0.0,1.516,0
2021-01-09 05:00:00,1.5,1009.8,4.8,346.0,5.9,2.08,0.0,2.08,0
2021-01-09 06:00:00,1.5,1009.1,6.4,356.0,7.9,2.598,0.0,2.598,0
2021-01-09 07:00:00,2.9,1009.1,8.3,27.0,12.2,3.045,0.0,3.045,0
2021-01-09 08:00:00,2.5,1009.2,7.4,26.0,12.7,3.517,0.0,3.517,0
2021-01-09 09:00:00,2.6,1009.1,9.1,17.0,12.1,3.599,0.0,3.599,0
2021-01-09 10:00:00,2.3,1009.5,8.9,22.0,12.2,3.665,0.0,3.665,0
2021-01-09 11:00:00,2.0,1010.1,11.0,10.0,13.7,3.501,0.0,3.501,0
2021-01-09 12:00:00,1.4,1011.5,7.7,7.0,10.6,3.232,0.0,3.232,0
2021-01-09 13:00:00,0.9,1012.0,7.3,348.0,9.4,2.503,0.0,2.503,0
2021-01-09 14:00:00,-0.2,1013.0,8.1,351.0,10.4,2.037,0.0,2.037,0
2021-01-09 15:00:00,1.0,1013.4,7.7,348.0,9.0,1.801,0.0,1.801,0
2021-01-09 16:00:00,1.4,1013.4,7.7,346.0,9.6,1.706,0.0,1.706,0
2021-01-09 17:00:00,2.2,1013.2,6.2,349.0,8.2,1.896,0.0,1.896,0
2021-01-09 18:00:00,3.0,1013.2,6.1,351.0,8.3,2.251,0.0,2.251,0
2021-01-09 19:00:00,3.6,1013.3,6.0,329.0,8.2,2.651,0.0,2.651,0
2021-01-09 20:00:00,4.1,1013.7,5.6,328.0,8.2,2.854,0.0,2.854,0
2021-01-09 21:00:00,4.2,1014.1,7.6,343.0,9.5,3.038,0.0,3.038,0
2021-01-09 22:00:00,4.4,1014.9,4.0,328.0,5.5,3.061,0.0,3.061,0
2021-01-09 23:00:00,4.1,1015.4,4.1,326.0,5.0,2.904,0.0,2.904,0
2021-01-10 00:00:00,3.8,1015.7,3.2,305.0,4.0,2.438,0.0,2.438,0
2021-01-10 01:00:00,4.3,1016.1,5.1,332.0,7.4,1.936,0.0,1.936,0
2021-01-10 02:00:00,4.5,1016.5,5.9,333.0,9.8,1.476,0.0,1.476,0
2021-01-10 03:00:00,4.0,1017.0,5.4,330.0,7.1,1.181,0.0,1.181,0
2021-01-10 04:00:00,3.7,1017.5,4.5,331.0,5.6,1.191,0.0,1.191,0
2021-01-10 05:00:00,3.4,1018.0,4.9,330.0,6.0,1.401,0.0,1.401,0
2021-01-10 06:00:00,3.0,1018.5,3.4,319.0,4.3,1.86,0.0,1.86,0
2021-01-10 07:00:00,3.0,1019.3,4.1,334.0,4.9,2.49,0.0,2.49,0
2021-01-10 08:00:00,3.2,1020.2,4.5,335.0,6.2,2.904,0.0,2.904,0
2021-01-10 09:00:00,3.3,1020.3,6.7,342.0,8.5,3.274,0.0,3.274,0
2021-01-10 10:00:00,2.7,1020.6,4.7,351.0,7.9,3.406,0.0,3.406,0
2021-01-10 11:00:00,2.2,1021.6,4.5,337.0,6.4,3.419,0.0,3.419,0
2021-01-10 12:00:00,1.8,1022.2,4.9,348.0,5.7,3.258,0.0,3.258,0
2021-01-10 13:00:00,1.4,1023.7,4.2,323.0,5.5,2.9,0.0,2.9,0
2021-01-10 14:00:00,2.5,1024.4,5.7,351.0,7.7,2.1,0.0,2.1,0
2021-01-10 15:00:00,3.2,1025.4,5.8,343.0,8.4,1.617,0.0,1.617,0
2021-01-10 16:00:00,3.7,1025.3,5.3,4.0,6.8,1.319,0.0,1.319,0
2021-01-10 17:00:00,4.2,1024.3,3.1,22.0,5.0,1.224,0.0,1.224,0
2021-01-10 18:00:00,5.3,1024.2,3.0,18.0,4.5,1.348,0.0,1.348,0
2021-01-10 19:00:00,6.2,1024.1,3.4,31.0,4.0,1.722,0.0,1.722,0
2021-01-10 20:00:00,5.7,1024.2,4.1,67.0,5.3,2.267,0.0,2.267,0
2021-01-10 21:00:00,5.7,1025.0,3.3,69.0,4.3,2.598,0.0,2.598,0
2021-01-10 22:00:00,5.3,1025.6,1.3,55.0,2.2,2.766,0.0,2.766,0
2021-01-10 23:00:00,4.9,1026.5,0.5,326.0,0.8,2.68,0.0,2.68,0
2021-01-11 00:00:00,3.8,1026.9,0.6,263.0,0.9,2.47,0.0,2.47,0
2021-01-11 01:00:00,3.2,1027.4,0.0,329.0,0.8,2.031,0.0,2.031,0
2021-01-11 02:00:00,2.9,1027.7,0.8,287.0,0.9,1.526,0.0,1.526,0
2021-01-11 03:00:00,2.8,1027.6,0.6,278.0,1.1,1.033,0.0,1.033,0
2021-01-11 04:00:00,2.0,1028.0,1.1,270.0,1.4,0.771,0.0,0.771,0
2021-01-11 05:00:00,1.5,1028.0,0.6,306.0,0.7,0.705,0.0,0.705,0
2021-01-11 06:00:00,1.3,1027.7,0.7,302.0,0.9,1.001,0.0,1.001,0
2021-01-11 07:00:00,0.6,1028.0,1.0,270.0,1.5,1.647,0.0,1.647,0
2021-01-11 08:00:00,0.4,1028.2,0.9,326.0,1.2,2.26,0.0,2.26,0
2021-01-11 09:00:00,1.1,1027.7,0.8,322.0,1.1,2.648,0.0,2.648,0
2021-01-11 10:00:00,1.0,1028.2,1.0,315.0,1.5,3.028,0.0,3.028,0
2021-01-11 11:00:00,0.5,1027.9,1.1,336.0,1.6,3.202,0.0,3.202,0
2021-01-11 12:00:00,0.9,1028.0,1.1,344.0,1.4,3.173,0.0,3.173,0
2021-01-11 13:00:00,1.3,1028.3,1.0,348.0,1.7,2.966,0.0,2.966,0
2021-01-11 14:00:00,2.7,1028.5,0.5,309.0,0.8,2.595,0.0,2.595,0
2021-01-11 15:00:00,4.5,1029.2,1.3,252.0,1.9,1.772,0.0,1.772,0
2021-01-11 16:00:00,5.7,1028.5,3.1,245.0,3.8,1.214,0.0,1.214,0
2021-01-11 17:00:00,5.8,1026.8,3.4,205.0,4.6,0.899,0.0,0.899,0
2021-01-11 18:00:00,6.0,1026.3,5.3,212.0,5.9,0.843,0.0,0.843,0
2021-01-11 19:00:00,6.0,1025.5,4.7,210.0,5.5,1.007,0.0,1.007,0
2021-01-11 20:00:00,6.2,1025.5,6.3,213.0,6.9,1.414,0.0,1.414,0
2021-01-11 21:00:00,6.3,1025.1,3.6,230.0,4.6,1.949,0.0,1.949,0
2021-01-11 22:00:00,6.0,1024.9,3.6,222.0,4.1,2.339,0.0,2.339,0
2021-01-11 23:00:00,6.0,1024.6,2.1,219.0,2.3,2.516,0.0,2.516,0
2021-01-12 00:00:00,5.9,1024.7,2.5,216.0,2.7,2.379,0.0,2.379,0
2021-01-12 01:00:00,5.9,1024.7,2.3,256.0,3.4,2.188,0.0,2.188,0
2021-01-12 02:00:00,6.0,1024.4,2.2,256.0,2.7,1.781,0.0,1.781,0
2021-01-12 03:00:00,5.3,1024.6,2.7,223.0,3.3,1.132,0.0,1.132,0
2021-01-12 04:00:00,5.7,1024.5,2.3,264.0,2.7,0.577,0.0,0.577,0
2021-01-12 05:00:00,5.4,1024.1,2.3,251.0,2.9,0.338,0.0,0.338,0
2021-01-12 06:00:00,5.4,1023.6,2.7,248.0,3.3,0.315,0.0,0.315,0
2021-01-12 07:00:00,5.1,1023.4,2.8,274.0,3.8,0.643,0.0,0.643,0
2021-01-12 08:00:00,4.7,1023.0,2.5,274.0,3.4,1.335,0.0,1.335,0
2021-01-12 09:00:00,4.4,1022.5,2.1,298.0,3.2,2.001,0.0,2.001,0
2021-01-12 10:00:00,3.9,1022.6,2.0,299.0,2.6,2.434,0.0,2.434,0
2021-01-12 11:00:00,2.9,1022.3,1.6,322.0,2.3,2.785,0.0,2.785,0
2021-01-12 12:00:00,2.5,1022.6,1.9,322.0,2.5,3.002,0.0,3.002,0
2021-01-12 13:00:00,2.2,1022.8,2.4,338.0,3.0,2.943,0.0,2.943,0
2021-01-12 14:00:00,3.1,1023.2,2.7,356.0,4.1,2.74,0.0,2.74,0
2021-01-12 15:00:00,4.5,1023.3,4.0,351.0,5.0,2.041,0.0,2.041,0
2021-01-12 16:00:00,5.3,1022.7,4.3,354.0,5.4,1.365,0.0,1.365,0
2021-01-12 17:00:00,5.9,1021.7,3.0,21.0,4.4,0.774,0.0,0.774,0
2021-01-12 18:00:00,5.5,1020.8,4.2,82.0,4.9,0.463,0.0,0.463,0
2021-01-12 19:00:00,5.4,1020.1,4.0,80.0,5.4,0.453,0.0,0.453,0
2021-01-12 20:00:00,5.1,1019.9,3.6,66.0,5.9,0.827,0.0,0.827,0
2021-01-12 21:00:00,5.0,1020.0,2.6,73.0,4.9,1.293,0.0,1.293,0
2021-01-12 22:00:00,4.4,1020.0,1.2,82.0,2.3,1.949,0.0,1.949,0
2021-01-12 23:00:00,4.1,1020.4,0.6,137.0,0.7,2.29,0.0,2.29,0
2021-01-13 00:00:00,3.0,1020.7,1.4,330.0,1.6,2.431,0.0,2.431,0
2021-01-13 01:00:00,2.6,1021.1,1.5,300.0,2.3,2.254,0.0,2.254,0
2021-01-13 02:00:00,2.2,1021.5,0.4,285.0,1.0,2.054,0.0,2.054,0
2021-01-13 03:00:00,1.9,1021.5,1.0,302.0,1.3,1.476,0.0,1.476,0
2021-01-13 04:00:00,2.3,1021.2,1.9,286.0,2.4,0.915,0.0,0.915,0
2021-01-13 05:00:00,1.6,1020.6,0.8,334.0,1.7,0.387,0.0,0.387,0
2021-01-13 06:00:00,1.9,1020.6,1.1,14.0,1.7,0.213,0.0,0.213,0
2021-01-13 07:00:00,1.5,1020.8,0.8,316.0,1.0,0.272,0.0,0.272,0
2021-01-13 08:00:00,1.6,1020.6,1.8,354.0,2.2,0.771,0.0,0.771,0
2021-01-13 09:00:00,0.7,1020.2,1.0,350.0,1.2,1.421,0.0,1.421,0
2021-01-13 10:00:00,0.8,1020.6,1.2,347.0,1.7,2.051,0.0,2.051,0
2021-01-13 11:00:00,0.6,1021.0,0.8,290.0,1.3,2.549,0.0,2.549,0
2021-01-13 12:00:00,1.4,1020.7,1.3,315.0,1.5,2.943,0.0,2.943,0
2021-01-13 13:00:00,2.0,1021.0,1.1,284.0,1.4,3.11,0.0,3.11,0
2021-01-13 14:00:00,3.9,1021.3,1.5,269.0,1.7,3.054,0.0,3.054,0
2021-01-13 15:00:00,5.6,1021.3,1.5,255.0,2.0,2.657,0.0,2.657,0
2021-01-13 16:00:00,6.3,1020.3,2.1,236.0,2.9,2.031,0.0,2.031,0
2021-01-13 17:00:00,7.1,1019.0,2.6,186.0,3.5,1.381,0.0,1.381,0
2021-01-13 18:00:00,7.0,1018.0,2.6,178.0,3.6,0.86,0.0,0.86,0
2021-01-13 19:00:00,7.4,1017.4,3.2,187.0,4.8,0.627,0.0,0.627,0
2021-01-13 20:00:00,7.5,1016.8,4.5,186.0,5.4,0.712,0.0,0.712,0
2021-01-13 21:00:00,6.9,1016.0,4.3,198.0,5.3,1.053,0.0,1.053,0
2021-01-13 22:00:00,6.6,1016.0,3.6,204.0,4.2,1.732,0.0,1.732,0
2021-01-13 23:00:00,6.6,1015.9,4.5,210.0,4.9,2.241,0.0,2.241,0
2021-01-14 00:00:00,5.9,1015.9,3.0,238.0,3.5,2.493,0.0,2.493,0
2021-01-14 01:00:00,5.4,1015.5,2.6,219.0,3.0,2.572,0.0,2.572,0
2021-01-14 02:00:00,5.6,1015.4,3.3,226.0,3.7,2.431,0.0,2.431,0
2021-01-14 03:00:00,5.4,1015.0,2.0,228.0,2.3,2.218,0.0,2.218,0
2021-01-14 04:00:00,5.6,1014.4,2.4,212.0,3.0,1.581,0.0,1.581,0
2021-01-14 05:00:00,5.4,1013.5,2.9,216.0,3.3,1.043,0.0,1.043,0
2021-01-14 06:00:00,5.1,1012.8,2.3,223.0,2.7,0.584,0.0,0.584,0
2021-01-14 07:00:00,4.8,1013.1,2.9,229.0,3.7,0.417,0.0,0.417,0
2021-01-14 08:00:00,4.8,1012.8,2.8,225.0,3.2,0.545,0.0,0.545,0
2021-01-14 09:00:00,4.5,1012.2,2.9,231.0,3.8,1.047,0.0,1.047,0
2021-01-14 10:00:00,4.5,1011.8,2.1,217.0,2.6,1.831,0.0,1.831,0
2021-01-14 11:00:00,5.2,1011.8,2.8,215.0,3.6,2.257,0.0,2.257,0
2021-01-14 12:00:00,5.3,1011.3,1.6,228.0,2.0,2.743,0.0,2.743,0
2021-01-14 13:00:00,5.1,1011.1,1.0,318.0,2.0,3.133,0.0,3.133,0
2021-01-14 14:00:00,5.5,1011.7,2.5,295.0,4.1,3.228,0.0,3.228,0
2021-01-14 15:00:00,6.4,1011.9,2.8,260.0,3.5,3.045,0.0,3.045,0
2021-01-14 16:00:00,7.4,1011.5,2.5,317.0,3.0,2.723,0.0,2.723,0
2021-01-14 17:00:00,8.4,1010.5,1.6,31.0,3.0,2.024,0.0,2.024,0
2021-01-14 18:00:00,7.5,1010.0,2.2,132.0,2.8,1.375,0.0,1.375,0
2021-01-14 19:00:00,7.8,1009.6,2.4,107.0,3.3,0.978,0.0,0.978,0
2021-01-14 20:00:00,7.4,1009.8,2.4,96.0,3.6,0.886,0.0,0.886,0
2021-01-14 21:00:00,6.8,1010.1,1.9,94.0,2.8,1.043,0.0,1.043,0
2021-01-14 22:00:00,6.1,1010.6,0.7,97.0,1.1,1.444,0.0,1.444,0
2021-01-14 23:00:00,5.8,1010.8,0.9,130.0,1.1,2.09,0.0,2.09,0
2021-01-15 00:00:00,5.6,1010.9,1.0,124.0,1.3,2.418,0.0,2.418,0
2021-01-15 01:00:00,5.0,1011.4,0.7,337.0,0.9,2.684,0.0,2.684,0
2021-01-15 02:00:00,4.7,1012.2,2.3,356.0,2.7,2.743,0.0,2.743,0
2021-01-15 03:00:00,4.1,1012.5,0.7,278.0,0.9,2.621,0.0,2.621,0
2021-01-15 04:00:00,4.0,1012.6,0.6,269.0,1.1,2.379,0.0,2.379,0
2021-01-15 05:00:00,3.7,1012.9,0.0,289.0,0.0,1.732,0.0,1.732,0
2021-01-15 06:00:00,3.7,1013.0,0.7,15.0,0.8,1.171,0.0,1.171,0
2021-01-15 07:00:00,3.1,1013.4,1.4,14.0,1.5,0.768,0.0,0.768,0
2021-01-15 08:00:00,2.3,1013.9,1.3,9.0,1.5,0.758,0.0,0.758,0
2021-01-15 09:00:00,3.1,1013.9,2.1,17.0,2.7,1.007,0.0,1.007,0
2021-01-15 10:00:00,3.3,1013.8,1.3,33.0,1.7,1.453,0.0,1.453,0
2021-01-15 11:00:00,4.8,1013.1,1.7,88.0,2.7,2.064,0.0,2.064,0
2021-01-15 12:00:00,5.3,1014.0,0.4,41.0,0.8,2.575,0.0,2.575,0
2021-01-15 13:00:00,6.5,1013.8,2.5,119.0,3.4,3.031,0.0,3.031,0
2021-01-15 14:00:00,7.4,1014.1,2.6,130.0,3.5,3.323,0.0,3.323,0
2021-01-15 15:00:00,8.0,1014.4,2.5,119.0,3.4,3.333,0.0,3.333,0
2021-01-15 16:00:00,8.7,1013.4,2.4,123.0,3.6,3.169,0.0,3.169,0
2021-01-15 17:00:00,9.3,1012.3,2.2,144.0,3.6,2.785,0.0,2.785,0
2021-01-15 18:00:00,9.7,1010.6,2.0,150.0,4.0,2.165,0.0,2.165,0
2021-01-15 19:00:00,9.8,1010.4,3.0,158.0,4.1,1.66,0.0,1.66,0
2021-01-15 20:00:00,9.3,1010.1,3.7,157.0,4.7,1.335,0.0,1.335,0
2021-01-15 21:00:00,9.7,1010.2,2.7,159.0,5.6,1.299,0.0,1.299,0
2021-01-15 22:00:00,9.1,1009.8,2.9,144.0,4.2,1.486,0.0,1.486,0
2021-01-15 23:00:00,9.2,1009.4,3.2,162.0,4.3,1.9,0.0,1.9,0
2021-01-16 00:00:00,8.6,1009.4,2.9,217.0,3.8,2.402,0.0,2.402,0
2021-01-16 01:00:00,8.4,1008.7,1.6,221.0,1.9,2.736,0.0,2.736,0
2021-01-16 02:00:00,8.8,1007.3,0.6,19.0,1.1,3.022,0.0,3.022,0
2021-01-16 03:00:00,8.4,1006.3,0.0,67.0,0.4,3.081,0.0,3.081,0
2021-01-16 04:00:00,8.1,1006.0,0.9,147.0,2.0,2.995,0.0,2.995,0
2021-01-16 05:00:00,8.3,1005.3,1.4,101.0,1.6,2.697,0.0,2.697,0
2021-01-16 06:00:00,8.5,1004.4,5.1,314.0,6.7,2.119,0.0,2.119,0
2021-01-16 07:00:00,7.8,1005.2,1.1,355.0,1.9,1.814,0.0,1.814,0
2021-01-16 08:00:00,7.5,1004.3,0.5,339.0,0.9,1.512,0.0,1.512,0
2021-01-16 09:00:00,7.2,1002.8,1.3,97.0,1.9,1.355,0.0,1.355,0
2021-01-16 10:00:00,6.8,1001.2,1.2,324.0,1.5,1.722,0.0,1.722,0
2021-01-16 11:00:00,6.5,1001.2,1.3,242.0,1.5,2.31,0.0,2.31,0
2021-01-16 12:00:00,6.2,1001.1,3.6,230.0,4.1,2.749,0.0,2.749,0
2021-01-16 13:00:00,6.0,1001.0,3.7,234.0,4.5,3.136,0.0,3.136,0
2021-01-16 14:00:00,5.9,1001.5,3.7,275.0,6.3,3.491,0.0,3.491,0
2021-01-16 15:00:00,6.6,1001.6,4.6,263.0,6.6,3.665,0.0,3.665,0
2021-01-16 16:00:00,6.8,1000.9,4.3,275.0,5.5,3.599,0.0,3.599,0
2021-01-16 17:00:00,6.9,999.6,4.8,271.0,7.0,3.478,0.0,3.478,0
2021-01-16 18:00:00,8.3,998.7,3.7,266.0,5.7,3.107,0.0,3.107,0
2021-01-16 19:00:00,8.5,998.6,5.2,278.0,6.6,2.631,0.0,2.631,0
2021-01-16 20:00:00,7.7,998.6,4.7,291.0,7.1,1.909,0.0,1.909,0
2021-01-16 21:00:00,7.1,999.3,3.9,253.0,4.5,1.709,0.0,1.709,0
2021-01-16 22:00:00,6.7,999.9,3.8,275.0,5.4,1.716,0.0,1.716,0
2021-01-16 23:00:00,6.1,1001.0,3.9,281.0,5.3,1.864,0.0,1.864,0
2021-01-17 00:00:00,5.8,1001.9,4.5,280.0,6.9,2.028,0.0,2.028,0
2021-01-17 01:00:00,5.4,1002.2,5.4,289.0,6.8,2.487,0.0,2.487,0
2021-01-17 02:00:00,4.1,1002.8,6.3,277.0,8.1,2.723,0.0,2.723,0
2021-01-17 03:00:00,3.8,1003.5,6.1,278.0,8.8,2.969,0.0,2.969,0
2021-01-17 04:00:00,3.5,1004.4,6.6,285.0,8.8,2.923,0.0,2.923,0
2021-01-17 05:00:00,3.6,1005.2,5.8,281.0,7.4,2.484,0.0,2.484,0
2021-01-17 06:00:00,3.3,1005.9,5.2,281.0,6.6,2.054,0.0,2.054,0
2021-01-17 07:00:00,2.9,1007.3,3.9,263.0,5.0,1.617,0.0,1.617,0
2021-01-17 08:00:00,2.5,1007.7,4.8,266.0,5.4,1.109,0.0,1.109,0
2021-01-17 09:00:00,2.5,1007.8,3.8,262.0,5.1,0.81,0.0,0.81,0
2021-01-17 10:00:00,2.2,1008.1,3.9,273.0,5.7,0.748,0.0,0.748,0
2021-01-17 11:00:00,2.2,1008.8,4.8,252.0,6.1,0.906,0.0,0.906,0
2021-01-17 12:00:00,2.3,1009.1,4.2,238.0,6.2,1.211,0.0,1.211,0
2021-01-17 13:00:00,2.5,1009.7,5.7,247.0,7.0,1.785,0.0,1.785,0
2021-01-17 14:00:00,3.4,1010.4,4.8,267.0,8.4,2.238,0.0,2.238,0
2021-01-17 15:00:00,4.6,1011.0,5.8,264.0,8.8,2.48,0.0,2.48,0
2021-01-17 16:00:00,5.8,1010.3,8.2,259.0,9.7,2.454,0.0,2.454,0
2021-01-17 17:00:00,6.6,1009.6,7.2,286.0,9.4,2.247,0.0,2.247,0
2021-01-17 18:00:00,7.0,1009.1,7.9,275.0,10.8,1.837,0.0,1.837,0
2021-01-17 19:00:00,7.8,1008.7,5.3,282.0,6.8,1.322,0.0,1.322,0
2021-01-17 20:00:00,7.8,1009.0,7.1,251.0,8.2,0.722,0.0,0.722,0
2021-01-17 21:00:00,7.6,1009.5,6.7,278.0,8.4,0.407,0.0,0.407,0
2021-01-17 22:00:00,7.4,1010.0,3.9,271.0,6.0,0.177,0.0,0.177,0
2021-01-17 23:00:00,6.4,1010.1,1.6,252.0,1.9,0.259,0.0,0.259,0
2021-01-18 00:00:00,5.8,1010.7,2.5,225.0,2.6,0.505,0.0,0.505,0
2021-01-18 01:00:00,6.2,1010.6,2.7,218.0,3.0,0.896,0.0,0.896,0
2021-01-18 02:00:00,5.6,1010.4,2.3,233.0,3.0,1.253,0.0,1.253,0
2021-01-18 03:00:00,5.7,1010.5,3.1,234.0,4.0,1.64,0.0,1.64,0
2021-01-18 04:00:00,6.0,1010.3,4.3,248.0,5.9,1.755,0.0,1.755,0
2021-01-18 05:00:00,6.2,1009.5,4.5,246.0,5.6,1.663,0.0,1.663,0
2021-01-18 06:00:00,6.3,1009.5,4.2,243.0,6.6,1.316,0.0,1.316,0
2021-01-18 07:00:00,6.6,1010.0,4.3,255.0,6.5,0.971,0.0,0.971,0
2021-01-18 08:00:00,6.4,1009.7,4.9,253.0,6.5,0.476,0.0,0.476,0
2021-01-18 09:00:00,6.0,1009.6,4.3,259.0,5.6,0.082,0.0,0.082,0
2021-01-18 10:00:00,5.0,1009.7,3.0,255.0,4.2,-0.177,0.0,-0.177,0
2021-01-18 11:00:00,4.5,1010.1,3.4,266.0,4.2,-0.112,0.0,-0.112,0
2021-01-18 12:00:00,4.2,1010.6,3.6,250.0,4.4,0.049,0.0,0.049,0
2021-01-18 13:00:00,4.1,1010.7,4.3,259.0,4.7,0.505,0.0,0.505,0
2021-01-18 14:00:00,4.8,1011.2,3.5,264.0,4.6,1.079,0.0,1.079,0
2021-01-18 15:00:00,5.6,1011.3,4.8,289.0,6.4,1.512,0.0,1.512,0
2021-01-18 16:00:00,5.8,1011.2,5.3,263.0,6.5,1.696,0.0,1.696,0
2021-01-18 17:00:00,6.7,1010.2,4.3,298.0,6.7,1.745,0.0,1.745,0
2021-01-18 18:00:00,6.9,1009.8,5.1,293.0,8.2,1.499,0.0,1.499,0
2021-01-18 19:00:00,7.2,1010.1,5.0,305.0,7.9,1.198,0.0,1.198,0
2021-01-18 20:00:00,7.1,1011.0,5.5,292.0,8.3,0.6,0.0,0.6,0
2021-01-18 21:00:00,7.0,1012.2,6.0,307.0,8.6,0.203,0.0,0.203,0
2021-01-18 22:00:00,6.3,1013.5,5.0,299.0,6.8,-0.144,0.0,-0.144,0
2021-01-18 23:00:00,5.4,1014.6,3.0,298.0,3.7,-0.154,0.0,-0.154,0
2021-01-19 00:00:00,4.5,1015.9,1.7,276.0,2.4,-0.141,0.0,-0.141,0
2021-01-19 01:00:00,4.0,1016.9,2.7,285.0,3.8,0.161,0.0,0.161,0
2021-01-19 02:00:00,3.2,1017.9,2.5,296.0,3.9,0.673,0.0,0.673,0
2021-01-19 03:00:00,3.2,1018.7,2.8,289.0,4.1,1.158,0.0,1.158,0
2021-01-19 04:00:00,3.0,1019.4,3.3,288.0,4.4,1.486,0.0,1.486,0
2021-01-19 05:00:00,2.9,1019.5,2.3,301.0,3.3,1.512,0.0,1.512,0
2021-01-19 06:00:00,2.5,1019.6,2.3,272.0,3.2,1.398,0.0,1.398,0
2021-01-19 07:00:00,1.9,1020.1,2.5,276.0,3.4,1.234,0.0,1.234,0
2021-01-19 08:00:00,1.7,1020.6,2.4,268.0,3.0,0.951,0.0,0.951,0
2021-01-19 09:00:00,1.4,1021.0,2.6,279.0,3.5,0.561,0.0,0.561,0
2021-01-19 10:00:00,1.5,1021.9,3.3,283.0,4.3,0.112,0.0,0.112,0
2021-01-19 11:00:00,1.5,1022.5,3.6,303.0,5.2,-0.157,0.0,-0.157,0
2021-01-19 12:00:00,1.3,1022.9,2.6,278.0,3.2,-0.016,0.0,-0.016,0
2021-01-19 13:00:00,1.3,1023.3,3.7,260.0,4.4,0.377,0.0,0.377,0
2021-01-19 14:00:00,3.3,1023.9,5.0,265.0,6.0,0.787,0.0,0.787,0
2021-01-19 15:00:00,4.8,1024.1,6.3,268.0,8.2,1.152,0.0,1.152,0
2021-01-19 16:00:00,6.0,1023.7,6.7,262.0,9.0,1.424,0.0,1.424,0
2021-01-19 17:00:00,6.7,1021.9,7.7,256.0,9.1,1.647,0.0,1.647,0
2021-01-19 18:00:00,7.5,1020.9,6.6,254.0,9.5,1.594,0.0,1.594,0
2021-01-19 19:00:00,8.5,1020.4,5.8,267.0,8.0,1.329,0.0,1.329,0
2021-01-19 20:00:00,8.8,1020.9,8.7,271.0,11.1,1.076,0.0,1.076,0
2021-01-19 21:00:00,9.0,1021.6,5.0,279.0,9.3,0.702,0.0,0.702,0
2021-01-19 22:00:00,8.4,1022.2,2.9,269.0,5.4,0.308,0.0,0.308,0
2021-01-19 23:00:00,7.2,1022.6,1.5,235.0,1.6,-0.026,0.0,-0.026,0
2021-01-20 00:00:00,6.1,1022.9,1.2,243.0,1.3,0.023,0.0,0.023,0
2021-01-20 01:00:00,5.2,1022.7,2.1,238.0,2.7,0.217,0.0,0.217,0
2021-01-20 02:00:00,5.1,1022.1,3.0,247.0,3.4,0.666,0.0,0.666,0
2021-01-20 03:00:00,5.7,1021.6,3.8,236.0,4.4,1.142,0.0,1.142,0
2021-01-20 04:00:00,5.6,1021.0,3.9,241.0,4.5,1.467,0.0,1.467,0
2021-01-20 05:00:00,6.1,1020.0,2.8,243.0,3.7,1.686,0.0,1.686,0
2021-01-20 06:00:00,6.3,1018.8,2.2,233.0,2.9,1.726,0.0,1.726,0
2021-01-20 07:00:00,6.0,1017.8,2.0,233.0,2.5,1.644,0.0,1.644,0
2021-01-20 08:00:00,5.3,1016.8,1.6,235.0,2.4,1.542,0.0,1.542,0
2021-01-20 09:00:00,4.8,1015.4,1.3,318.0,1.4,1.345,0.0,1.345,0
2021-01-20 10:00:00,4.8,1013.7,0.5,321.0,0.7,0.83,0.0,0.83,0
2021-01-20 11:00:00,4.0,1013.8,2.0,307.0,2.5,0.597,0.0,0.597,0
2021-01-20 12:00:00,4.3,1014.5,7.7,340.0,9.5,0.653,0.0,0.653,0
2021-01-20 13:00:00,3.9,1015.3,5.6,340.0,8.0,0.761,0.0,0.761,0
2021-01-20 14:00:00,5.2,1016.1,6.3,311.0,9.4,0.676,0.0,0.676,0
2021-01-20 15:00:00,6.0,1016.6,9.1,321.0,12.9,0.735,0.0,0.735,0
2021-01-20 16:00:00,6.2,1016.7,11.8,326.0,15.5,1.496,0.0,1.496,0
2021-01-20 17:00:00,6.7,1016.1,9.1,308.0,13.1,1.617,0.0,1.617,0
2021-01-20 18:00:00,6.0,1016.0,8.9,325.0,13.2,1.759,0.0,1.759,0
2021-01-20 19:00:00,6.5,1016.3,9.3,321.0,14.2,1.65,0.0,1.65,0
2021-01-20 20:00:00,6.1,1017.1,10.0,323.0,12.1,1.407,0.0,1.407,0
2021-01-20 21:00:00,6.1,1018.1,7.9,329.0,11.4,1.322,0.0,1.322,0
2021-01-20 22:00:00,5.3,1019.2,7.8,338.0,10.8,0.919,0.0,0.919,0
2021-01-20 23:00:00,4.5,1020.1,5.4,320.0,7.7,0.679,0.0,0.679,0
2021-01-21 00:00:00,3.8,1020.2,4.2,329.0,5.4,0.486,0.0,0.486,0
2021-01-21 01:00:00,3.0,1020.2,3.4,330.0,4.8,0.696,0.0,0.696,0
2021-01-21 02:00:00,2.0,1019.9,2.3,325.0,3.1,0.886,0.0,0.886,0
2021-01-21 03:00:00,1.6,1020.0,3.1,350.0,3.9,1.417,0.0,1.417,0
2021-01-21 04:00:00,1.9,1020.0,4.3,12.0,5.0,1.827,0.0,1.827,0
2021-01-21 05:00:00,1.6,1019.5,4.0,2.0,5.1,2.1,0.0,2.1,0
2021-01-21 06:00:00,1.0,1018.9,1.9,357.0,3.1,2.27,0.0,2.27,0
2021-01-21 07:00:00,-0.1,1018.7,1.4,274.0,2.2,2.29,0.0,2.29,0
2021-01-21 08:00:00,-0.6,1018.4,1.8,273.0,2.2,2.323,0.0,2.323,0
2021-01-21 09:00:00,-0.3,1017.7,2.0,276.0,2.2,2.195,0.0,2.195,0
2021-01-21 10:00:00,0.0,1016.1,0.5,275.0,1.4,1.932,0.0,1.932,0
2021-01-21 11:00:00,0.7,1015.4,1.5,232.0,2.4,1.417,0.0,1.417,0
2021-01-21 12:00:00,3.5,1015.2,4.3,192.0,5.5,1.214,0.0,1.214,0
2021-01-21 13:00:00,4.6,1014.7,6.4,203.0,7.3,1.266,0.0,1.266,0
2021-01-21 14:00:00,5.4,1013.4,8.4,207.0,9.9,1.371,0.0,1.371,0
2021-01-21 15:00:00,6.4,1012.6,7.6,220.0,9.0,1.381,0.0,1.381,0
2021-01-21 16:00:00,6.5,1011.4,6.9,221.0,9.2,1.627,0.0,1.627,0
2021-01-21 17:00:00,6.5,1009.8,6.5,223.0,7.4,2.031,0.0,2.031,0
2021-01-21 18:00:00,6.6,1008.1,6.2,212.0,7.2,2.234,0.0,2.234,0
2021-01-21 19:00:00,8.3,1006.9,5.6,208.0,6.5,2.165,0.0,2.165,0
2021-01-21 20:00:00,8.5,1005.9,5.4,208.0,6.4,2.057,0.0,2.057,0
2021-01-21 21:00:00,9.5,1005.7,5.9,264.0,7.6,1.959,0.0,1.959,0
2021-01-21 22:00:00,9.0,1005.9,2.9,288.0,6.3,1.765,0.0,1.765,0
2021-01-21 23:00:00,7.6,1006.4,1.2,282.0,1.5,1.316,0.0,1.316,0
2021-01-22 00:00:00,5.6,1006.4,2.4,246.0,2.5,0.942,0.0,0.942,0
2021-01-22 01:00:00,5.7,1006.3,1.9,236.0,2.3,0.906,0.0,0.906,0
2021-01-22 02:00:00,5.6,1006.2,1.9,234.0,2.2,1.02,0.0,1.02,0
2021-01-22 03:00:00,5.7,1006.3,3.2,268.0,3.8,1.365,0.0,1.365,0
2021-01-22 04:00:00,5.9,1006.3,4.3,279.0,5.4,1.699,0.0,1.699,0
2021-01-22 05:00:00,5.4,1006.9,3.1,297.0,4.6,2.001,0.0,2.001,0
2021-01-22 06:00:00,4.6,1007.3,2.7,308.0,3.7,2.218,0.0,2.218,0
2021-01-22 07:00:00,4.8,1007.5,3.7,316.0,5.2,2.395,0.0,2.395,0
2021-01-22 08:00:00,4.4,1007.6,2.0,300.0,3.0,2.441,0.0,2.441,0
2021-01-22 09:00:00,4.0,1007.7,2.5,303.0,3.4,2.379,0.0,2.379,0
2021-01-22 10:00:00,2.9,1007.8,2.7,280.0,3.1,2.283,0.0,2.283,0
2021-01-22 11:00:00,2.8,1008.5,3.6,285.0,4.2,1.955,0.0,1.955,0
2021-01-22 12:00:00,2.6,1009.1,3.9,276.0,4.9,1.542,0.0,1.542,0
2021-01-22 13:00:00,2.8,1009.8,4.4,266.0,5.2,1.253,0.0,1.253,0
2021-01-22 14:00:00,4.6,1010.3,4.1,274.0,5.0,1.253,0.0,1.253,0
2021-01-22 15:00:00,6.5,1011.2,4.1,297.0,5.3,1.247,0.0,1.247,0
2021-01-22 16:00:00,7.9,1010.5,4.5,323.0,7.3,1.46,0.0,1.46,0
2021-01-22 17:00:00,8.9,1009.9,5.0,303.0,6.0,1.821,0.0,1.821,0
2021-01-22 18:00:00,9.0,1009.3,6.8,309.0,8.2,1.982,0.0,1.982,0
2021-01-22 19:00:00,9.1,1009.7,7.7,327.0,9.8,2.146,0.0,2.146,0
2021-01-22 20:00:00,8.8,1010.3,5.6,330.0,7.3,2.123,0.0,2.123,0
2021-01-22 21:00:00,8.6,1010.9,5.9,357.0,7.3,2.087,0.0,2.087,0
2021-01-22 22:00:00,7.8,1011.6,2.9,326.0,4.1,1.867,0.0,1.867,0
2021-01-22 23:00:00,7.0,1012.8,3.7,335.0,4.3,1.516,0.0,1.516,0
2021-01-23 00:00:00,6.3,1013.7,4.0,334.0,5.1,1.132,0.0,1.132,0
2021-01-23 01:00:00,5.8,1014.4,5.2,345.0,6.4,0.879,0.0,0.879,0
2021-01-23 02:00:00,4.8,1014.9,3.2,333.0,4.8,0.735,0.0,0.735,0
2021-01-23 03:00:00,3.7,1015.5,2.3,301.0,2.9,0.883,0.0,0.883,0
2021-01-23 04:00:00,3.6,1015.8,1.8,297.0,3.1,1.243,0.0,1.243,0
2021-01-23 05:00:00,2.8,1015.9,2.5,311.0,3.2,1.585,0.0,1.585,0
2021-01-23 06:00:00,2.2,1016.1,2.3,277.0,2.8,1.88,0.0,1.88,0
2021-01-23 07:00:00,1.8,1016.5,3.0,290.0,4.0,2.146,0.0,2.146,0
2021-01-23 08:00:00,1.4,1016.6,2.2,277.0,3.0,2.329,0.0,2.329,0
2021-01-23 09:00:00,1.3,1016.3,1.4,313.0,2.0,2.451,0.0,2.451,0
2021-01-23 10:00:00,2.1,1016.9,3.8,336.0,5.1,2.362,0.0,2.362,0
2021-01-23 11:00:00,1.5,1017.8,4.8,339.0,6.0,2.11,0.0,2.11,0
2021-01-23 12:00:00,1.1,1018.8,6.4,340.0,7.5,1.67,0.0,1.67,0
2021-01-23 13:00:00,0.6,1019.6,5.1,329.0,7.3,1.296,0.0,1.296,0
2021-01-23 14:00:00,1.0,1020.5,8.3,333.0,9.8,1.129,0.0,1.129,0
2021-01-23 15:00:00,0.3,1021.8,11.2,350.0,13.8,1.007,0.0,1.007,0
2021-01-23 16:00:00,0.2,1022.1,8.9,345.0,12.1,0.935,0.0,0.935,0
2021-01-23 17:00:00,0.5,1022.0,9.4,336.0,13.0,1.145,0.0,1.145,0
2021-01-23 18:00:00,0.4,1021.8,8.4,336.0,13.0,1.312,0.0,1.312,0
2021-01-23 19:00:00,0.8,1021.9,9.4,331.0,13.0,1.729,0.0,1.729,0
2021-01-23 20:00:00,1.1,1022.1,8.8,349.0,11.7,1.857,0.0,1.857,0
2021-01-23 21:00:00,1.2,1023.0,7.6,333.0,12.5,1.959,0.0,1.959,0
2021-01-23 22:00:00,0.8,1023.5,7.7,333.0,9.3,1.775,0.0,1.775,0
2021-01-23 23:00:00,0.3,1024.4,4.6,329.0,5.7,1.45,0.0,1.45,0
2021-01-24 00:00:00,-0.3,1025.1,3.7,334.0,4.9,0.994,0.0,0.994,0
2021-01-24 01:00:00,-0.6,1025.5,4.7,322.0,6.3,0.741,0.0,0.741,0
2021-01-24 02:00:00,-1.2,1026.0,4.5,333.0,5.8,0.417,0.0,0.417,0
2021-01-24 03:00:00,-1.5,1026.3,6.7,325.0,8.0,0.344,0.0,0.344,0
2021-01-24 04:00:00,-1.7,1026.2,6.3,340.0,7.9,0.656,0.0,0.656,0
2021-01-24 05:00:00,-2.1,1026.0,4.6,322.0,6.7,0.968,0.0,0.968,0
2021-01-24 06:00:00,-2.6,1026.0,5.2,316.0,6.3,1.401,0.0,1.401,0
2021-01-24 07:00:00,-2.8,1026.1,4.2,306.0,6.6,1.677,0.0,1.677,0
2021-01-24 08:00:00,-3.0,1026.1,4.3,310.0,6.5,2.001,0.0,2.001,0
2021-01-24 09:00:00,-2.9,1025.9,6.0,322.0,7.6,2.119,0.0,2.119,0
2021-01-24 10:00:00,-2.9,1025.9,5.5,321.0,7.9,2.126,0.0,2.126,0
2021-01-24 11:00:00,-2.8,1026.1,5.9,328.0,7.2,1.946,0.0,1.946,0
2021-01-24 12:00:00,-2.8,1026.9,5.0,317.0,6.9,1.693,0.0,1.693,0
2021-01-24 13:00:00,-2.7,1026.7,5.7,328.0,7.7,1.234,0.0,1.234,0
2021-01-24 14:00:00,-1.9,1026.9,7.8,343.0,9.9,0.883,0.0,0.883,0
2021-01-24 15:00:00,-1.6,1026.4,7.2,354.0,10.6,0.564,0.0,0.564,0
2021-01-24 16:00:00,-0.6,1025.6,6.4,325.0,8.0,0.463,0.0,0.463,0
2021-01-24 17:00:00,0.5,1024.7,5.4,313.0,7.2,0.587,0.0,0.587,0
2021-01-24 18:00:00,1.2,1024.3,5.9,312.0,7.9,0.715,0.0,0.715,0
2021-01-24 19:00:00,1.7,1023.8,5.8,314.0,8.0,0.978,0.0,0.978,0
2021-01-24 20:00:00,1.9,1023.5,4.8,318.0,6.9,1.266,0.0,1.266,0
2021-01-24 21:00:00,1.9,1023.2,3.7,323.0,6.0,1.398,0.0,1.398,0
2021-01-24 22:00:00,1.2,1023.4,3.5,309.0,5.1,1.335,0.0,1.335,0
2021-01-24 23:00:00,0.8,1023.3,2.7,300.0,3.8,1.289,0.0,1.289,0
2021-01-25 00:00:00,0.8,1023.8,3.7,322.0,4.9,0.781,0.0,0.781,0
2021-01-25 01:00:00,0.8,1023.4,3.6,313.0,5.8,0.505,0.0,0.505,0
2021-01-25 02:00:00,0.8,1022.9,2.9,306.0,4.0,0.062,0.0,0.062,0
2021-01-25 03:00:00,0.6,1022.9,2.5,312.0,3.1,-0.154,0.0,-0.154,0
2021-01-25 04:00:00,1.1,1022.8,1.8,302.0,2.8,-0.089,0.0,-0.089,0
2021-01-25 05:00:00,1.0,1022.5,1.9,278.0,2.7,0.157,0.0,0.157,0
2021-01-25 06:00:00,0.9,1022.1,1.0,296.0,1.8,0.476,0.0,0.476,0
2021-01-25 07:00:00,1.1,1021.9,0.8,346.0,1.4,0.958,0.0,0.958,0
2021-01-25 08:00:00,1.5,1021.8,0.6,324.0,1.0,1.375,0.0,1.375,0
2021-01-25 09:00:00,1.3,1021.6,0.9,347.0,1.2,1.726,0.0,1.726,0
2021-01-25 10:00:00,1.6,1021.4,1.3,329.0,1.7,1.854,0.0,1.854,0
2021-01-25 11:00:00,1.7,1021.3,1.2,65.0,2.2,1.883,0.0,1.883,0
2021-01-25 12:00:00,1.9,1022.0,0.8,64.0,1.6,1.736,0.0,1.736,0
2021-01-25 13:00:00,2.2,1022.0,2.0,32.0,2.8,1.496,0.0,1.496,0
2021-01-25 14:00:00,2.7,1021.9,1.3,84.0,1.7,1.043,0.0,1.043,0
2021-01-25 15:00:00,3.1,1021.3,2.4,68.0,3.3,0.564,0.0,0.564,0
2021-01-25 16:00:00,3.5,1022.1,1.7,67.0,2.4,0.41,0.0,0.41,0
2021-01-25 17:00:00,3.4,1021.2,2.8,81.0,3.9,0.492,0.0,0.492,0
2021-01-25 18:00:00,3.7,1020.5,1.1,46.0,2.5,0.64,0.0,0.64,0
2021-01-25 19:00:00,3.6,1020.1,1.5,80.0,2.4,1.099,0.0,1.099,0
2021-01-25 20:00:00,3.6,1019.2,2.0,74.0,2.7,1.43,0.0,1.43,0
2021-01-25 21:00:00,3.5,1019.1,2.4,76.0,3.3,1.814,0.0,1.814,0
2021-01-25 22:00:00,3.5,1018.9,1.6,80.0,2.9,2.11,0.0,2.11,0
2021-01-25 23:00:00,3.5,1019.1,2.8,72.0,4.2,2.142,0.0,2.142,0
2021-01-26 00:00:00,3.5,1019.2,2.3,75.0,3.9,2.024,0.0,2.024,0
2021-01-26 01:00:00,2.4,1020.0,2.7,68.0,3.4,1.667,0.0,1.667,0
2021-01-26 02:00:00,1.5,1019.9,1.3,61.0,2.5,1.411,0.0,1.411,0
2021-01-26 03:00:00,1.8,1017.9,3.2,84.0,5.7,0.932,0.0,0.932,0
2021-01-26 04:00:00,2.1,1019.8,4.6,31.0,6.6,0.909,0.0,0.909,0
2021-01-26 05:00:00,2.0,1018.1,3.5,69.0,6.0,1.106,0.0,1.106,0
2021-01-26 06:00:00,2.6,1017.5,4.6,73.0,6.7,1.45,0.0,1.45,0
2021-01-26 07:00:00,3.1,1017.1,4.1,74.0,6.2,1.755,0.0,1.755,0
2021-01-26 08:00:00,3.6,1016.4,4.4,78.0,6.1,2.211,0.0,2.211,0
2021-01-26 09:00:00,4.4,1015.8,4.7,85.0,6.5,2.579,0.0,2.579,0
2021-01-26 10:00:00,5.0,1014.6,4.7,89.0,7.3,2.927,0.0,2.927,0
2021-01-26 11:00:00,5.6,1014.5,4.0,82.0,6.6,3.025,0.0,3.025,0
2021-01-26 12:00:00,5.5,1015.0,3.9,80.0,6.1,3.041,0.0,3.041,0
2021-01-26 13:00:00,5.9,1014.6,3.3,84.0,4.8,2.854,0.0,2.854,0
2021-01-26 14:00:00,6.5,1014.0,2.3,95.0,3.2,2.569,0.0,2.569,0
2021-01-26 15:00:00,6.8,1013.5,2.0,91.0,3.2,1.801,0.0,1.801,0
2021-01-26 16:00:00,6.8,1013.0,2.9,73.0,4.7,1.526,0.0,1.526,0
2021-01-26 17:00:00,7.1,1011.7,2.4,58.0,5.0,1.447,0.0,1.447,0
2021-01-26 18:00:00,7.7,1010.2,1.1,37.0,3.6,1.342,0.0,1.342,0
2021-01-26 19:00:00,6.3,1010.3,3.8,9.0,4.6,1.532,0.0,1.532,0
2021-01-26 20:00:00,7.2,1009.5,1.6,27.0,2.2,1.903,0.0,1.903,0
2021-01-26 21:00:00,6.6,1009.8,2.3,2.0,3.1,2.293,0.0,2.293,0
2021-01-26 22:00:00,7.2,1009.8,1.8,27.0,2.1,2.497,0.0,2.497,0
2021-01-26 23:00:00,7.1,1009.9,3.3,2.0,3.7,2.657,0.0,2.657,0
2021-01-27 00:00:00,7.0,1010.4,2.1,324.0,4.0,2.572,0.0,2.572,0
2021-01-27 01:00:00,6.8,1010.7,5.5,320.0,6.8,2.434,0.0,2.434,0
2021-01-27 02:00:00,5.8,1012.1,5.4,318.0,6.8,1.873,0.0,1.873,0
2021-01-27 03:00:00,5.3,1012.4,3.3,330.0,4.2,1.532,0.0,1.532,0
2021-01-27 04:00:00,4.7,1012.9,3.5,328.0,5.1,1.07,0.0,1.07,0
2021-01-27 05:00:00,4.5,1013.1,3.0,318.0,3.7,1.027,0.0,1.027,0
2021-01-27 06:00:00,4.1,1013.2,3.1,326.0,3.8,1.204,0.0,1.204,0
2021-01-27 07:00:00,3.8,1014.1,1.9,310.0,4.6,1.624,0.0,1.624,0
2021-01-27 08:00:00,3.5,1014.7,1.0,294.0,3.3,2.27,0.0,2.27,0
2021-01-27 09:00:00,3.3,1015.0,3.2,322.0,4.1,2.556,0.0,2.556,0
2021-01-27 10:00:00,3.1,1015.2,4.1,323.0,5.8,2.897,0.0,2.897,0
2021-01-27 11:00:00,3.2,1016.0,4.2,328.0,5.2,3.123,0.0,3.123,0
2021-01-27 12:00:00,3.3,1017.2,2.2,301.0,3.9,3.245,0.0,3.245,0
2021-01-27 13:00:00,3.4,1018.1,3.7,318.0,4.9,3.146,0.0,3.146,0
2021-01-27 14:00:00,3.9,1018.8,5.8,325.0,7.4,2.976,0.0,2.976,0
2021-01-27 15:00:00,4.8,1019.0,5.0,340.0,6.8,2.339,0.0,2.339,0
2021-01-27 16:00:00,5.7,1019.1,8.1,353.0,10.5,1.821,0.0,1.821,0
2021-01-27 17:00:00,6.0,1017.9,8.6,352.0,11.6,1.476,0.0,1.476,0
2021-01-27 18:00:00,6.2,1017.6,4.9,351.0,8.0,1.388,0.0,1.388,0
2021-01-27 19:00:00,6.1,1018.2,7.7,352.0,9.5,1.496,0.0,1.496,0
2021-01-27 20:00:00,5.6,1019.0,6.1,353.0,8.7,1.683,0.0,1.683,0
2021-01-27 21:00:00,4.9,1018.9,3.8,31.0,5.6,2.073,0.0,2.073,0
2021-01-27 22:00:00,4.4,1019.2,4.4,30.0,6.8,2.615,0.0,2.615,0
2021-01-27 23:00:00,4.2,1019.9,5.4,12.0,7.0,2.74,0.0,2.74,0
2021-01-28 00:00:00,3.9,1020.7,5.0,12.0,6.7,2.841,0.0,2.841,0
2021-01-28 01:00:00,3.7,1020.4,6.3,10.0,8.4,2.694,0.0,2.694,0
2021-01-28 02:00:00,3.4,1019.8,5.7,19.0,8.6,2.53,0.0,2.53,0
2021-01-28 03:00:00,3.1,1020.2,5.9,17.0,8.4,1.857,0.0,1.857,0
2021-01-28 04:00:00,2.5,1020.2,4.7,358.0,6.0,1.565,0.0,1.565,0
2021-01-28 05:00:00,2.0,1019.9,6.1,19.0,9.2,1.188,0.0,1.188,0
2021-01-28 06:00:00,1.6,1017.7,6.0,24.0,8.3,1.004,0.0,1.004,0
2021-01-28 07:00:00,1.5,1017.8,5.3,24.0,8.0,1.286,0.0,1.286,0
2021-01-28 08:00:00,1.2,1017.1,7.6,1.0,10.9,1.775,0.0,1.775,0
2021-01-28 09:00:00,1.1,1017.1,7.5,7.0,10.0,2.385,0.0,2.385,0
2021-01-28 10:00:00,0.8,1017.6,7.7,355.0,10.5,2.726,0.0,2.726,0
2021-01-28 11:00:00,-1.0,1018.2,7.3,343.0,10.5,3.143,0.0,3.143,0
2021-01-28 12:00:00,-1.2,1018.8,7.5,339.0,10.2,3.314,0.0,3.314,0
2021-01-28 13:00:00,0.2,1018.8,8.5,348.0,11.9,3.333,0.0,3.333,0
2021-01-28 14:00:00,-0.4,1019.0,11.3,355.0,15.8,3.297,0.0,3.297,0
2021-01-28 15:00:00,-0.7,1019.5,11.7,356.0,15.3,3.051,0.0,3.051,0
2021-01-28 16:00:00,-1.1,1019.7,10.6,345.0,13.4,2.077,0.0,2.077,0
2021-01-28 17:00:00,-1.1,1019.3,12.9,350.0,16.1,1.529,0.0,1.529,0
2021-01-28 18:00:00,-0.4,1018.9,10.9,3.0,13.5,1.257,0.0,1.257,0
2021-01-28 19:00:00,0.1,1018.8,9.2,343.0,14.3,1.145,0.0,1.145,0
2021-01-28 20:00:00,0.7,1019.4,10.9,345.0,12.9,1.273,0.0,1.273,0
2021-01-28 21:00:00,0.9,1020.3,11.9,346.0,16.0,1.644,0.0,1.644,0
2021-01-28 22:00:00,0.8,1020.7,9.3,339.0,13.7,2.224,0.0,2.224,0
2021-01-28 23:00:00,0.7,1021.9,8.9,341.0,12.6,2.418,0.0,2.418,0
2021-01-29 00:00:00,0.4,1022.6,7.6,339.0,9.8,2.628,0.0,2.628,0
2021-01-29 01:00:00,0.2,1023.1,8.0,345.0,10.6,2.648,0.0,2.648,0
2021-01-29 02:00:00,0.3,1023.3,9.0,339.0,12.7,2.493,0.0,2.493,0
2021-01-29 03:00:00,-0.5,1023.8,6.2,337.0,11.8,2.238,0.0,2.238,0
2021-01-29 04:00:00,-1.0,1024.0,7.2,340.0,10.8,1.591,0.0,1.591,0
2021-01-29 05:00:00,-2.2,1024.1,8.9,329.0,12.7,1.03,0.0,1.03,0
2021-01-29 06:00:00,-2.8,1024.1,7.9,337.0,9.7,0.719,0.0,0.719,0
2021-01-29 07:00:00,-3.2,1024.3,4.3,330.0,6.5,0.581,0.0,0.581,0
2021-01-29 08:00:00,-3.3,1024.2,4.5,341.0,7.0,0.919,0.0,0.919,0
2021-01-29 09:00:00,-3.5,1024.0,4.0,328.0,6.3,1.552,0.0,1.552,0
2021-01-29 10:00:00,-3.0,1023.9,6.0,321.0,9.8,2.07,0.0,2.07,0
2021-01-29 11:00:00,-3.1,1024.0,7.4,331.0,10.3,2.448,0.0,2.448,0
2021-01-29 12:00:00,-3.6,1024.6,5.9,310.0,8.6,2.858,0.0,2.858,0
2021-01-29 13:00:00,-2.6,1024.7,7.2,322.0,11.8,2.982,0.0,2.982,0
2021-01-29 14:00:00,-2.5,1024.5,9.0,322.0,12.3,3.031,0.0,3.031,0
2021-01-29 15:00:00,-2.0,1024.3,8.2,332.0,10.4,2.71,0.0,2.71,0
2021-01-29 16:00:00,-1.6,1024.2,11.2,325.0,14.3,2.001,0.0,2.001,0
2021-01-29 17:00:00,-1.5,1023.4,11.3,335.0,15.5,1.362,0.0,1.362,0
2021-01-29 18:00:00,-1.0,1022.5,9.3,317.0,12.4,0.935,0.0,0.935,0
2021-01-29 19:00:00,-0.4,1022.3,8.9,338.0,11.9,0.476,0.0,0.476,0
2021-01-29 20:00:00,-0.5,1022.6,11.1,324.0,14.5,0.554,0.0,0.554,0
2021-01-29 21:00:00,-0.3,1023.0,10.2,323.0,13.2,0.617,0.0,0.617,0
2021-01-29 22:00:00,-0.7,1023.7,9.5,335.0,12.0,1.086,0.0,1.086,0
2021-01-29 23:00:00,-1.1,1024.4,5.8,333.0,6.9,1.703,0.0,1.703,0
2021-01-30 00:00:00,-1.2,1024.9,3.7,328.0,4.6,2.034,0.0,2.034,0
2021-01-30 01:00:00,-1.4,1025.0,4.2,331.0,5.4,2.283,0.0,2.283,0
2021-01-30 02:00:00,-1.3,1025.2,5.5,7.0,6.5,2.32,0.0,2.32,0
2021-01-30 03:00:00,-1.8,1025.5,5.8,355.0,7.3,2.08,0.0,2.08,0
2021-01-30 04:00:00,-1.7,1026.1,6.4,350.0,8.9,1.716,0.0,1.716,0
2021-01-30 05:00:00,-2.2,1026.2,5.5,349.0,7.2,1.043,0.0,1.043,0
2021-01-30 06:00:00,-2.7,1026.4,3.7,330.0,5.4,0.574,0.0,0.574,0
2021-01-30 07:00:00,-3.2,1027.0,3.1,323.0,4.4,0.381,0.0,0.381,0
2021-01-30 08:00:00,-3.1,1026.9,4.7,350.0,6.3,0.564,0.0,0.564,0
2021-01-30 09:00:00,-3.3,1026.8,4.6,2.0,5.6,1.066,0.0,1.066,0
2021-01-30 10:00:00,-3.2,1027.3,3.3,346.0,4.4,1.667,0.0,1.667,0
2021-01-30 11:00:00,-3.4,1027.8,3.1,342.0,4.3,2.136,0.0,2.136,0
2021-01-30 12:00:00,-4.9,1028.1,2.5,286.0,2.8,2.592,0.0,2.592,0
2021-01-30 13:00:00,-4.3,1028.5,2.0,304.0,3.2,2.976,0.0,2.976,0
2021-01-30 14:00:00,-3.4,1029.2,2.3,290.0,3.2,3.189,0.0,3.189,0
2021-01-30 15:00:00,-2.2,1029.1,1.6,302.0,3.5,3.12,0.0,3.12,0
2021-01-30 16:00:00,-0.9,1029.0,5.2,339.0,7.7,2.835,0.0,2.835,0
2021-01-30 17:00:00,-0.2,1028.4,4.2,329.0,5.9,2.323,0.0,2.323,0
2021-01-30 18:00:00,0.5,1028.0,5.4,358.0,7.2,1.65,0.0,1.65,0
2021-01-30 19:00:00,1.4,1027.2,4.1,8.0,6.5,1.22,0.0,1.22,0
2021-01-30 20:00:00,1.5,1027.0,3.1,89.0,4.4,1.027,0.0,1.027,0
2021-01-30 21:00:00,1.5,1027.3,2.3,97.0,3.5,1.148,0.0,1.148,0
2021-01-30 22:00:00,1.1,1027.5,1.2,63.0,1.9,1.572,0.0,1.572,0
2021-01-30 23:00:00,0.3,1028.0,0.0,69.0,0.4,2.129,0.0,2.129,0
2021-01-31 00:00:00,0.4,1028.5,1.4,289.0,1.9,2.5,0.0,2.5,0
2021-01-31 01:00:00,-0.1,1029.0,1.6,282.0,2.2,2.772,0.0,2.772,0
2021-01-31 02:00:00,-0.7,1028.7,1.9,280.0,2.3,2.943,0.0,2.943,0
2021-01-31 03:00:00,-0.8,1028.5,1.7,286.0,2.2,2.917,0.0,2.917,0
2021-01-31 04:00:00,-0.8,1028.2,1.8,272.0,2.6,2.726,0.0,2.726,0
2021-01-31 05:00:00,-0.7,1027.9,1.8,284.0,2.2,2.192,0.0,2.192,0
2021-01-31 06:00:00,-0.2,1027.6,0.7,329.0,1.0,1.611,0.0,1.611,0
2021-01-31 07:00:00,0.4,1027.5,1.5,302.0,2.0,1.125,0.0,1.125,0
2021-01-31 08:00:00,-0.2,1028.5,2.3,274.0,2.5,0.997,0.0,0.997,0
2021-01-31 09:00:00,0.0,1027.1,0.6,97.0,1.0,1.102,0.0,1.102,0
2021-01-31 10:00:00,0.5,1027.9,0.9,273.0,1.1,1.368,0.0,1.368,0
2021-01-31 11:00:00,-0.3,1027.5,2.9,65.0,3.6,2.09,0.0,2.09,0
2021-01-31 12:00:00,0.2,1026.4,3.2,92.0,4.9,2.448,0.0,2.448,0
2021-01-31 13:00:00,1.0,1026.1,2.9,113.0,4.0,2.867,0.0,2.867,0
2021-01-31 14:00:00,1.1,1026.1,3.3,153.0,4.8,3.179,0.0,3.179,0
2021-01-31 15:00:00,0.0,1025.9,2.9,144.0,4.4,3.189,0.0,3.189,0
2021-01-31 16:00:00,0.4,1025.2,2.4,130.0,3.8,3.018,0.0,3.018,0
2021-01-31 17:00:00,0.9,1024.1,2.4,114.0,4.1,2.766,0.0,2.766,0
2021-01-31 18:00:00,0.8,1022.9,3.6,100.0,4.9,2.07,0.0,2.07,0
2021-01-31 19:00:00,0.7,1021.6,3.8,82.0,5.2,1.381,0.0,1.381,0
2021-01-31 20:00:00,0.9,1020.5,6.0,80.0,8.1,1.112,0.0,1.112,0
2021-01-31 21:00:00,1.5,1018.6,6.1,80.0,10.4,1.043,0.0,1.043,0
2021-01-31 22:00:00,3.1,1017.4,7.0,93.0,11.6,1.345,0.0,1.345,0
2021-01-31 23:00:00,4.4,1016.7,7.6,102.0,10.8,1.991,0.0,1.991,0
2021-02-01 00:00:00,5.3,1015.2,8.0,106.0,11.4,2.398,0.0,2.398,0
2021-02-01 01:00:00,5.7,1014.4,6.5,100.0,9.6,2.936,0.0,2.936,0
2021-02-01 02:00:00,6.0,1013.6,4.4,84.0,7.3,3.294,0.0,3.294,0
2021-02-01 03:00:00,6.1,1011.8,4.4,68.0,6.3,3.435,0.0,3.435,0
2021-02-01 04:00:00,6.5,1010.0,4.4,37.0,6.9,3.422,0.0,3.422,0
2021-02-01 05:00:00,6.8,1008.7,5.1,29.0,7.0,3.363,0.0,3.363,0
2021-02-01 06:00:00,7.3,1006.8,4.2,62.0,6.9,2.953,0.0,2.953,0
2021-02-01 07:00:00,6.9,1005.7,4.9,69.0,8.1,2.369,0.0,2.369,0
2021-02-01 08:00:00,7.7,1005.1,2.5,64.0,6.0,1.932,0.0,1.932,0
2021-02-01 09:00:00,6.7,1004.4,2.9,52.0,6.0,1.9,0.0,1.9,0
2021-02-01 10:00:00,6.6,1004.2,2.9,56.0,5.9,2.195,0.0,2.195,0
2021-02-01 11:00:00,6.6,1003.8,6.6,32.0,10.7,2.687,0.0,2.687,0
2021-02-01 12:00:00,5.5,1003.8,6.0,16.0,7.7,3.104,0.0,3.104,0
2021-02-01 13:00:00,5.8,1002.8,5.4,23.0,9.1,3.533,0.0,3.533,0
2021-02-01 14:00:00,5.5,1002.6,7.7,25.0,11.2,4.039,0.0,4.039,0
2021-02-01 15:00:00,5.2,1002.2,8.9,21.0,12.7,4.285,0.0,4.285,0
2021-02-01 16:00:00,4.7,1002.5,9.7,15.0,13.8,4.344,0.0,4.344,0
2021-02-01 17:00:00,4.4,1001.9,10.8,11.0,13.8,4.281,0.0,4.281,0
2021-02-01 18:00:00,3.8,1001.1,13.2,8.0,15.5,3.983,0.0,3.983,0
2021-02-01 19:00:00,4.1,1001.0,10.8,1.0,13.5,3.133,0.0,3.133,0
2021-02-01 20:00:00,3.1,1001.2,9.4,343.0,13.0,2.694,0.0,2.694,0
2021-02-01 21:00:00,2.4,1002.2,9.5,338.0,12.2,2.484,0.0,2.484,0
2021-02-01 22:00:00,1.7,1002.3,9.4,342.0,11.5,2.484,0.0,2.484,0
2021-02-01 23:00:00,1.3,1002.3,8.4,342.0,11.8,2.641,0.0,2.641,0
2021-02-02 00:00:00,1.2,1002.5,8.6,339.0,11.0,3.058,0.0,3.058,0
2021-02-02 01:00:00,1.1,1001.7,8.5,340.0,13.0,3.497,0.0,3.497,0
2021-02-02 02:00:00,1.1,1001.6,7.7,338.0,10.6,3.819,0.0,3.819,0
2021-02-02 03:00:00,0.9,1001.4,7.9,337.0,11.3,4.098,0.0,4.098,0
2021-02-02 04:00:00,0.8,1000.9,8.4,337.0,11.1,4.285,0.0,4.285,0
2021-02-02 05:00:00,0.8,1000.4,8.2,338.0,10.3,4.288,0.0,4.288,0
2021-02-02 06:00:00,0.8,1000.2,6.8,339.0,9.5,4.131,0.0,4.131,0
2021-02-02 07:00:00,1.0,999.6,7.1,338.0,9.4,3.76,0.0,3.76,0
2021-02-02 08:00:00,1.0,999.5,7.4,339.0,10.0,3.192,0.0,3.192,0
2021-02-02 09:00:00,1.1,999.2,6.1,341.0,8.9,2.89,0.0,2.89,0
2021-02-02 10:00:00,1.0,999.3,7.2,336.0,8.8,2.661,0.0,2.661,0
2021-02-02 11:00:00,0.9,999.1,6.8,336.0,8.4,2.815,0.0,2.815,0
2021-02-02 12:00:00,0.7,999.2,6.0,331.0,8.7,3.241,0.0,3.241,0
2021-02-02 13:00:00,0.9,999.2,7.7,342.0,10.2,3.648,0.0,3.648,0
2021-02-02 14:00:00,0.7,999.3,6.0,335.0,8.7,3.924,0.0,3.924,0
2021-02-02 15:00:00,0.9,999.2,6.4,334.0,9.5,4.229,0.0,4.229,0
2021-02-02 16:00:00,0.9,998.9,7.9,338.0,9.6,4.37,0.0,4.37,0
2021-02-02 17:00:00,1.0,997.9,7.7,334.0,9.9,4.423,0.0,4.423,0
2021-02-02 18:00:00,1.1,997.3,7.2,329.0,9.5,4.272,0.0,4.272,0
2021-02-02 19:00:00,1.2,997.7,5.6,326.0,7.8,3.829,0.0,3.829,0
2021-02-02 20:00:00,1.3,997.8,5.4,323.0,7.1,3.225,0.0,3.225,0
2021-02-02 21:00:00,0.9,998.1,4.9,318.0,6.9,2.812,0.0,2.812,0
2021-02-02 22:00:00,1.2,998.3,6.3,323.0,7.9,2.608,0.0,2.608,0
2021-02-02 23:00:00,0.9,999.0,6.5,315.0,9.5,2.552,0.0,2.552,0
2021-02-03 00:00:00,0.7,999.4,7.1,330.0,10.1,2.575,0.0,2.575,0
2021-02-03 01:00:00,0.3,999.8,8.1,326.0,11.5,2.917,0.0,2.917,0
2021-02-03 02:00:00,0.0,999.9,7.5,317.0,9.7,3.481,0.0,3.481,0
2021-02-03 03:00:00,-0.5,1000.3,7.5,326.0,10.6,3.78,0.0,3.78,0
2021-02-03 05:00:00,-0.8,1000.4,6.0,320.0,9.3,4.019,0.0,4.019,0
2021-02-03 06:00:00,-0.8,1000.5,6.5,312.0,9.6,3.983,0.0,3.983,0
2021-02-03 07:00:00,-0.8,1000.7,5.9,320.0,7.3,3.727,0.0,3.727,0
2021-02-03 08:00:00,-0.6,1000.8,5.7,312.0,8.9,3.15,0.0,3.15,0
2021-02-03 09:00:00,-0.5,1000.8,6.2,311.0,8.3,2.717,0.0,2.717,0
2021-02-03 10:00:00,-0.7,1001.0,5.0,306.0,7.2,2.385,0.0,2.385,0
2021-02-03 11:00:00,-0.6,1001.5,4.7,311.0,6.8,2.221,0.0,2.221,0
2021-02-03 12:00:00,-0.2,1002.0,4.8,307.0,6.2,2.316,0.0,2.316,0
2021-02-03 13:00:00,0.2,1002.7,4.6,305.0,5.9,2.641,0.0,2.641,0
2021-02-03 14:00:00,0.9,1003.1,5.5,306.0,8.2,3.14,0.0,3.14,0
2021-02-03 15:00:00,1.5,1003.4,6.2,315.0,9.3,3.419,0.0,3.419,0
2021-02-03 16:00:00,2.2,1003.4,8.8,341.0,10.9,3.743,0.0,3.743,0
2021-02-03 17:00:00,2.2,1003.4,5.8,320.0,9.1,3.819,0.0,3.819,0
2021-02-03 18:00:00,2.6,1003.0,6.8,323.0,9.0,3.799,0.0,3.799,0
2021-02-03 19:00:00,2.6,1003.5,4.3,304.0,7.6,3.504,0.0,3.504,0
2021-02-03 20:00:00,2.5,1004.1,6.2,317.0,9.0,2.917,0.0,2.917,0
2021-02-03 21:00:00,2.6,1004.8,7.3,325.0,11.0,2.392,0.0,2.392,0
2021-02-03 22:00:00,2.5,1006.0,7.1,328.0,9.9,2.024,0.0,2.024,0
2021-02-03 23:00:00,2.1,1007.1,5.9,336.0,9.8,1.732,0.0,1.732,0
2021-02-04 00:00:00,2.1,1007.8,3.8,319.0,5.1,1.693,0.0,1.693,0
2021-02-04 01:00:00,1.6,1008.4,2.3,288.0,2.7,1.923,0.0,1.923,0
2021-02-04 02:00:00,1.3,1009.0,2.1,290.0,3.3,2.375,0.0,2.375,0
2021-02-04 03:00:00,1.6,1009.7,2.3,308.0,2.8,2.949,0.0,2.949,0
2021-02-04 04:00:00,2.3,1010.3,3.6,338.0,4.4,3.215,0.0,3.215,0
2021-02-04 05:00:00,2.5,1010.9,3.4,335.0,4.6,3.34,0.0,3.34,0
2021-02-04 06:00:00,1.8,1011.2,2.9,284.0,3.5,3.369,0.0,3.369,0
2021-02-04 07:00:00,1.8,1011.9,3.9,289.0,5.3,3.343,0.0,3.343,0
2021-02-04 08:00:00,1.4,1012.5,5.7,303.0,7.9,2.904,0.0,2.904,0
2021-02-04 09:00:00,1.0,1013.3,5.3,311.0,7.2,2.454,0.0,2.454,0
2021-02-04 10:00:00,0.5,1013.6,4.4,304.0,6.2,1.85,0.0,1.85,0
2021-02-04 11:00:00,0.2,1014.2,3.9,294.0,6.4,1.45,0.0,1.45,0
2021-02-04 12:00:00,-0.1,1015.0,5.0,303.0,7.7,1.316,0.0,1.316,0
2021-02-04 13:00:00,0.0,1016.0,4.0,301.0,7.5,1.378,0.0,1.378,0
2021-02-04 14:00:00,0.8,1016.2,5.0,306.0,6.2,1.604,0.0,1.604,0
2021-02-04 15:00:00,1.6,1016.2,6.0,327.0,8.3,2.103,0.0,2.103,0
2021-02-04 16:00:00,2.7,1016.2,5.6,320.0,7.7,2.51,0.0,2.51,0
2021-02-04 17:00:00,3.4,1015.6,5.3,352.0,6.6,2.71,0.0,2.71,0
2021-02-04 18:00:00,4.5,1015.1,5.8,331.0,8.9,2.795,0.0,2.795,0
2021-02-04 19:00:00,5.3,1014.9,5.8,305.0,7.4,2.703,0.0,2.703,0
2021-02-04 20:00:00,6.1,1014.9,4.9,289.0,6.2,2.362,0.0,2.362,0
2021-02-04 21:00:00,6.7,1015.2,3.9,305.0,5.8,1.946,0.0,1.946,0
2021-02-04 22:00:00,6.7,1015.4,3.8,296.0,5.6,1.545,0.0,1.545,0
2021-02-04 23:00:00,5.0,1015.5,1.3,317.0,1.7,1.06,0.0,1.06,0
2021-02-05 00:00:00,3.5,1016.1,2.4,246.0,2.6,0.968,0.0,0.968,0
2021-02-05 01:00:00,3.4,1016.1,1.4,217.0,1.6,0.912,0.0,0.912,0
2021-02-05 02:00:00,2.9,1015.6,1.1,178.0,1.6,1.243,0.0,1.243,0
2021-02-05 03:00:00,3.0,1015.7,2.7,222.0,3.3,1.768,0.0,1.768,0
2021-02-05 04:00:00,4.3,1014.9,2.7,191.0,4.1,2.336,0.0,2.336,0
2021-02-05 05:00:00,4.8,1014.2,4.1,205.0,4.6,2.618,0.0,2.618,0
2021-02-05 06:00:00,5.0,1013.1,4.7,199.0,5.5,2.936,0.0,2.936,0
2021-02-05 07:00:00,5.2,1012.7,5.7,208.0,6.4,2.89,0.0,2.89,0
2021-02-05 08:00:00,5.3,1012.5,5.5,214.0,7.1,2.89,0.0,2.89,0
2021-02-05 09:00:00,5.3,1011.3,6.5,208.0,7.2,2.589,0.0,2.589,0
2021-02-05 10:00:00,5.3,1010.3,6.2,204.0,7.2,1.998,0.0,1.998,0
2021-02-05 11:00:00,5.3,1009.9,6.7,211.0,8.2,1.608,0.0,1.608,0
2021-02-05 12:00:00,5.8,1010.5,7.8,232.0,10.2,1.217,0.0,1.217,0
2021-02-05 13:00:00,5.2,1010.4,6.4,204.0,8.5,1.033,0.0,1.033,0
2021-02-05 14:00:00,4.6,1009.4,6.1,217.0,7.5,1.047,0.0,1.047,0
2021-02-05 15:00:00,5.1,1008.8,6.5,202.0,7.7,1.407,0.0,1.407,0
2021-02-05 16:00:00,5.1,1008.1,7.6,215.0,9.5,1.677,0.0,1.677,0
2021-02-05 17:00:00,6.0,1007.0,9.0,220.0,11.2,2.165,0.0,2.165,0
2021-02-05 18:00:00,5.9,1006.0,8.1,215.0,8.9,2.388,0.0,2.388,0
2021-02-05 19:00:00,8.3,1005.4,6.8,256.0,9.2,2.349,0.0,2.349,0
2021-02-05 20:00:00,8.4,1005.4,5.3,241.0,7.0,2.175,0.0,2.175,0
2021-02-05 21:00:00,8.0,1005.3,4.1,241.0,5.4,2.07,0.0,2.07,0
2021-02-05 22:00:00,7.4,1005.7,3.5,259.0,4.5,1.68,0.0,1.68,0
2021-02-05 23:00:00,7.2,1006.7,4.5,250.0,5.4,1.257,0.0,1.257,0
2021-02-06 00:00:00,6.7,1007.8,2.7,238.0,3.4,0.515,0.0,0.515,0
2021-02-06 01:00:00,5.0,1008.0,3.8,219.0,4.1,0.404,0.0,0.404,0
2021-02-06 02:00:00,5.6,1009.0,2.7,245.0,3.8,0.581,0.0,0.581,0
2021-02-06 03:00:00,6.0,1010.8,3.3,306.0,4.2,1.04,0.0,1.04,0
2021-02-06 04:00:00,6.1,1011.7,4.5,328.0,5.6,1.621,0.0,1.621,0
2021-02-06 05:00:00,5.7,1012.3,3.9,335.0,5.3,2.103,0.0,2.103,0
2021-02-06 06:00:00,5.3,1013.3,3.9,331.0,6.2,2.392,0.0,2.392,0
2021-02-06 07:00:00,4.5,1014.6,2.7,321.0,4.1,2.707,0.0,2.707,0
2021-02-06 08:00:00,3.2,1015.6,1.5,257.0,1.9,2.746,0.0,2.746,0
2021-02-06 09:00:00,2.8,1015.7,1.7,211.0,1.9,2.818,0.0,2.818,0
2021-02-06 10:00:00,2.1,1017.2,2.9,233.0,3.4,2.575,0.0,2.575,0
2021-02-06 11:00:00,2.6,1017.8,3.1,229.0,3.5,2.014,0.0,2.014,0
2021-02-06 12:00:00,2.4,1018.6,3.2,233.0,4.1,1.506,0.0,1.506,0
2021-02-06 13:00:00,3.8,1019.9,3.0,234.0,3.6,1.178,0.0,1.178,0
2021-02-06 14:00:00,4.9,1020.7,5.0,218.0,6.0,1.109,0.0,1.109,0
2021-02-06 15:00:00,6.7,1021.0,4.3,247.0,5.9,0.866,0.0,0.866,0
2021-02-06 16:00:00,6.6,1021.3,5.5,201.0,6.6,1.007,0.0,1.007,0
2021-02-06 17:00:00,9.2,1021.1,4.4,283.0,8.0,1.348,0.0,1.348,0
2021-02-06 18:00:00,9.6,1020.3,6.2,291.0,10.3,1.601,0.0,1.601,0
2021-02-06 19:00:00,9.7,1020.5,7.9,276.0,12.3,1.909,0.0,1.909,0
2021-02-06 20:00:00,9.8,1020.8,7.4,278.0,9.3,1.909,0.0,1.909,0
2021-02-06 21:00:00,9.7,1021.3,4.4,252.0,8.2,1.742,0.0,1.742,0
2021-02-06 22:00:00,6.4,1022.2,2.7,246.0,6.3,1.434,0.0,1.434,0
2021-02-06 23:00:00,5.7,1022.3,2.7,194.0,3.5,1.04,0.0,1.04,0
2021-02-07 00:00:00,6.1,1023.0,3.2,214.0,3.9,0.43,0.0,0.43,0
2021-02-07 01:00:00,5.4,1022.3,2.5,204.0,3.0,0.056,0.0,0.056,0
2021-02-07 02:00:00,5.7,1023.0,3.4,216.0,4.0,-0.118,0.0,-0.118,0
2021-02-07 03:00:00,5.2,1022.7,2.9,217.0,3.3,-0.102,0.0,-0.102,0
2021-02-07 04:00:00,4.9,1020.8,0.1,210.0,0.8,0.325,0.0,0.325,0
2021-02-07 05:00:00,4.9,1020.8,1.5,215.0,2.1,0.827,0.0,0.827,0
2021-02-07 06:00:00,5.1,1019.8,1.6,242.0,1.8,1.522,0.0,1.522,0
2021-02-07 07:00:00,5.4,1019.7,1.1,215.0,1.3,1.896,0.0,1.896,0
2021-02-07 08:00:00,7.1,1017.8,4.4,149.0,6.5,2.283,0.0,2.283,0
2021-02-07 09:00:00,6.7,1017.2,3.3,161.0,5.3,2.402,0.0,2.402,0
2021-02-07 10:00:00,5.6,1015.8,1.6,145.0,3.6,2.47,0.0,2.47,0
2021-02-07 11:00:00,5.4,1014.5,2.3,127.0,3.5,2.198,0.0,2.198,0
2021-02-07 12:00:00,5.0,1012.4,2.5,81.0,4.0,1.9,0.0,1.9,0
2021-02-07 13:00:00,5.1,1011.4,4.2,65.0,6.2,1.293,0.0,1.293,0
2021-02-07 14:00:00,5.4,1010.7,4.3,29.0,6.6,0.948,0.0,0.948,0
2021-02-07 15:00:00,5.4,1008.7,6.6,30.0,9.1,0.899,0.0,0.899,0
2021-02-07 16:00:00,4.0,1008.3,11.3,7.0,15.4,0.899,0.0,0.899,0
2021-02-07 17:00:00,2.8,1007.8,10.9,8.0,14.5,1.342,0.0,1.342,0
2021-02-07 18:00:00,2.4,1008.1,8.6,348.0,12.2,1.309,0.0,1.309,0
2021-02-07 19:00:00,2.2,1008.1,9.0,359.0,11.5,1.762,0.0,1.762,0
2021-02-07 20:00:00,1.9,1009.9,8.6,345.0,11.6,2.247,0.0,2.247,0
2021-02-07 21:00:00,2.5,1010.9,10.1,357.0,13.3,2.497,0.0,2.497,0
2021-02-07 22:00:00,3.2,1012.8,6.6,345.0,8.3,2.405,0.0,2.405,0
2021-02-07 23:00:00,3.1,1014.7,6.1,335.0,7.7,2.411,0.0,2.411,0
2021-02-08 00:00:00,2.7,1016.5,3.9,327.0,4.9,1.811,0.0,1.811,0
2021-02-08 01:00:00,2.0,1018.2,2.6,303.0,3.8,1.125,0.0,1.125,0
2021-02-08 02:00:00,2.2,1019.6,4.7,316.0,8.4,0.807,0.0,0.807,0
2021-02-08 03:00:00,1.8,1021.0,6.2,316.0,8.2,0.892,0.0,0.892,0
2021-02-08 04:00:00,1.2,1022.1,5.5,312.0,8.1,0.955,0.0,0.955,0
2021-02-08 05:00:00,0.7,1023.0,5.6,319.0,7.5,0.745,0.0,0.745,0
2021-02-08 06:00:00,0.3,1024.3,5.4,321.0,7.7,1.378,0.0,1.378,0
2021-02-08 07:00:00,-0.2,1025.6,5.0,329.0,6.4,2.005,0.0,2.005,0
2021-02-08 08:00:00,-0.5,1026.5,4.8,335.0,6.5,2.474,0.0,2.474,0
2021-02-08 09:00:00,-0.9,1027.1,7.3,347.0,9.1,2.756,0.0,2.756,0
2021-02-08 10:00:00,-1.4,1028.0,7.5,7.0,9.5,2.904,0.0,2.904,0
2021-02-08 11:00:00,-1.8,1028.8,7.4,4.0,8.5,2.844,0.0,2.844,0
2021-02-08 12:00:00,-2.2,1030.0,6.1,359.0,7.7,2.628,0.0,2.628,0
2021-02-08 13:00:00,-1.9,1030.7,5.3,18.0,7.2,2.037,0.0,2.037,0
2021-02-08 14:00:00,-1.8,1031.4,5.4,30.0,8.1,1.473,0.0,1.473,0
2021-02-08 15:00:00,-1.7,1031.9,3.9,29.0,6.9,0.965,0.0,0.965,0
2021-02-08 16:00:00,-2.0,1033.3,3.7,3.0,5.0,0.705,0.0,0.705,0
2021-02-08 17:00:00,-1.1,1032.4,2.2,31.0,3.9,0.63,0.0,0.63,0
2021-02-08 18:00:00,-1.2,1031.8,3.1,78.0,4.4,0.863,0.0,0.863,0
2021-02-08 19:00:00,-0.5,1031.9,2.4,86.0,3.8,1.23,0.0,1.23,0
2021-02-08 20:00:00,0.1,1031.7,3.5,103.0,4.5,1.732,0.0,1.732,0
2021-02-08 21:00:00,0.5,1031.7,2.5,140.0,4.6,1.919,0.0,1.919,0
2021-02-08 22:00:00,0.3,1031.6,3.3,154.0,4.5,2.159,0.0,2.159,0
2021-02-08 23:00:00,0.5,1031.3,2.2,140.0,4.0,2.182,0.0,2.182,0
2021-02-09 00:00:00,0.9,1031.2,3.1,152.0,4.3,1.86,0.0,1.86,0
2021-02-09 01:00:00,1.3,1031.1,2.8,152.0,3.6,1.424,0.0,1.424,0
2021-02-09 02:00:00,1.8,1031.1,2.7,157.0,3.6,0.945,0.0,0.945,0
2021-02-09 03:00:00,2.5,1030.8,3.9,154.0,5.0,0.509,0.0,0.509,0
2021-02-09 04:00:00,3.0,1030.4,1.9,142.0,3.1,0.292,0.0,0.292,0
2021-02-09 05:00:00,3.6,1029.6,1.7,138.0,2.7,0.417,0.0,0.417,0
2021-02-09 06:00:00,4.3,1028.8,1.7,132.0,2.9,0.722,0.0,0.722,0
2021-02-09 07:00:00,4.6,1028.4,1.2,115.0,2.5,1.299,0.0,1.299,0
2021-02-09 08:00:00,4.9,1027.4,1.7,86.0,2.6,1.939,0.0,1.939,0
2021-02-09 09:00:00,5.1,1026.1,3.2,85.0,4.4,2.336,0.0,2.336,0
2021-02-09 10:00:00,5.5,1025.2,3.6,73.0,4.8,2.726,0.0,2.726,0
2021-02-09 11:00:00,5.8,1024.6,2.0,35.0,4.3,2.822,0.0,2.822,0
2021-02-09 12:00:00,5.3,1024.6,3.7,342.0,4.4,2.792,0.0,2.792,0
2021-02-09 13:00:00,5.3,1024.3,1.9,17.0,2.9,2.493,0.0,2.493,0
2021-02-09 14:00:00,5.3,1023.9,4.4,319.0,5.0,1.932,0.0,1.932,0
2021-02-09 15:00:00,5.2,1022.9,3.6,9.0,4.1,1.23,0.0,1.23,0
2021-02-09 16:00:00,5.4,1022.5,0.4,113.0,5.0,0.804,0.0,0.804,0
2021-02-09 17:00:00,5.6,1021.2,0.0,218.0,0.6,0.663,0.0,0.663,0
2021-02-09 18:00:00,5.6,1019.7,1.8,174.0,2.5,0.679,0.0,0.679,0
2021-02-09 19:00:00,5.4,1018.9,2.6,214.0,2.9,0.915,0.0,0.915,0
2021-02-09 20:00:00,6.3,1018.0,1.9,195.0,2.8,1.506,0.0,1.506,0
2021-02-09 21:00:00,8.7,1019.1,3.9,338.0,5.5,1.955,0.0,1.955,0
2021-02-09 22:00:00,8.3,1019.9,2.1,27.0,3.8,2.287,0.0,2.287,0
2021-02-09 23:00:00,5.3,1020.8,3.8,8.0,4.8,2.382,0.0,2.382,0
2021-02-10 00:00:00,5.0,1022.1,4.9,5.0,6.5,2.165,0.0,2.165,0
2021-02-10 01:00:00,4.5,1022.2,4.6,356.0,5.6,1.86,0.0,1.86,0
2021-02-10 02:00:00,3.8,1022.7,4.2,7.0,5.0,1.302,0.0,1.302,0
2021-02-10 03:00:00,3.3,1023.1,3.2,19.0,4.8,0.873,0.0,0.873,0
2021-02-10 04:00:00,2.8,1023.6,5.1,5.0,6.7,0.381,0.0,0.381,0
2021-02-10 05:00:00,2.4,1023.9,5.2,2.0,6.2,0.292,0.0,0.292,0
2021-02-10 06:00:00,1.9,1024.6,4.4,6.0,5.9,0.318,0.0,0.318,0
2021-02-10 07:00:00,1.7,1025.2,4.1,349.0,5.6,0.745,0.0,0.745,0
2021-02-10 08:00:00,1.5,1025.5,3.7,6.0,4.4,1.43,0.0,1.43,0
2021-02-10 09:00:00,1.5,1025.9,3.7,5.0,4.5,2.031,0.0,2.031,0
2021-02-10 10:00:00,1.5,1026.8,3.0,17.0,4.4,2.484,0.0,2.484,0
2021-02-10 11:00:00,1.7,1027.5,3.5,27.0,5.6,2.854,0.0,2.854,0
2021-02-10 12:00:00,1.3,1028.1,4.5,31.0,6.3,2.943,0.0,2.943,0
2021-02-10 13:00:00,1.5,1028.8,1.4,51.0,4.9,2.831,0.0,2.831,0
2021-02-10 14:00:00,1.7,1029.3,2.9,33.0,4.4,2.52,0.0,2.52,0
2021-02-10 15:00:00,1.8,1030.1,2.5,31.0,4.9,1.88,0.0,1.88,0
2021-02-10 16:00:00,1.7,1029.9,3.6,68.0,5.4,1.135,0.0,1.135,0
2021-02-10 17:00:00,1.0,1029.6,4.3,67.0,5.3,0.735,0.0,0.735,0
2021-02-10 18:00:00,1.7,1028.6,3.0,61.0,5.4,0.512,0.0,0.512,0
2021-02-10 20:00:00,1.2,1028.0,2.9,69.0,5.4,0.846,0.0,0.846,0
2021-02-10 21:00:00,1.1,1027.8,2.7,68.0,4.3,1.417,0.0,1.417,0
2021-02-10 22:00:00,1.2,1027.7,2.6,60.0,3.8,1.775,0.0,1.775,0
2021-02-10 23:00:00,1.3,1027.4,2.8,92.0,4.1,2.103,0.0,2.103,0
2021-02-11 00:00:00,1.9,1027.1,2.9,79.0,4.1,2.234,0.0,2.234,0
2021-02-11 01:00:00,2.3,1026.5,2.5,109.0,3.2,2.11,0.0,2.11,0
2021-02-11 02:00:00,2.7,1026.0,2.1,95.0,3.5,1.841,0.0,1.841,0
2021-02-11 03:00:00,3.1,1025.8,2.0,79.0,3.0,1.266,0.0,1.266,0
2021-02-11 04:00:00,3.1,1025.3,2.5,83.0,3.4,0.699,0.0,0.699,0
2021-02-11 05:00:00,3.1,1023.9,3.0,78.0,4.7,0.236,0.0,0.236,0
2021-02-11 06:00:00,2.2,1023.7,2.5,53.0,4.6,0.066,0.0,0.066,0
2021-02-11 07:00:00,1.6,1023.5,4.6,27.0,6.3,0.453,0.0,0.453,0
2021-02-11 08:00:00,1.8,1023.0,3.0,41.0,6.2,0.906,0.0,0.906,0
2021-02-11 09:00:00,2.0,1022.4,3.4,73.0,6.3,1.703,0.0,1.703,0
2021-02-11 10:00:00,2.7,1021.9,3.5,73.0,5.9,2.093,0.0,2.093,0
2021-02-11 11:00:00,3.2,1021.7,3.5,63.0,5.2,2.625,0.0,2.625,0
2021-02-11 12:00:00,3.1,1022.1,4.1,36.0,7.2,3.028,0.0,3.028,0
2021-02-11 13:00:00,2.9,1022.7,3.1,34.0,5.3,3.166,0.0,3.166,0
2021-02-11 14:00:00,3.1,1022.7,3.0,34.0,5.1,2.904,0.0,2.904,0
2021-02-11 15:00:00,3.2,1023.0,5.4,34.0,8.7,2.585,0.0,2.585,0
2021-02-11 16:00:00,3.1,1022.8,4.1,34.0,6.8,1.926,0.0,1.926,0
2021-02-11 17:00:00,3.0,1022.6,5.2,33.0,8.3,1.293,0.0,1.293,0
2021-02-11 18:00:00,2.7,1022.6,5.6,27.0,9.0,0.843,0.0,0.843,0
2021-02-11 19:00:00,2.6,1022.4,4.8,33.0,8.8,0.722,0.0,0.722,0
2021-02-11 20:00:00,2.0,1022.9,6.9,31.0,9.8,0.892,0.0,0.892,0
2021-02-11 21:00:00,2.3,1023.7,5.1,32.0,7.4,1.25,0.0,1.25,0
2021-02-11 22:00:00,2.0,1024.5,5.4,30.0,7.7,1.955,0.0,1.955,0
2021-02-11 23:00:00,1.6,1025.2,4.5,34.0,7.8,2.274,0.0,2.274,0
2021-02-12 00:00:00,1.1,1025.2,5.2,34.0,7.1,2.464,0.0,2.464,0
2021-02-12 01:00:00,1.3,1025.5,3.2,31.0,6.0,2.549,0.0,2.549,0
2021-02-12 02:00:00,1.2,1026.1,5.0,31.0,7.2,2.49,0.0,2.49,0
2021-02-12 03:00:00,0.9,1026.2,5.3,32.0,8.3,1.995,0.0,1.995,0
2021-02-12 04:00:00,0.7,1026.5,5.6,32.0,8.8,1.391,0.0,1.391,0
2021-02-12 05:00:00,0.4,1026.4,5.8,31.0,7.4,0.863,0.0,0.863,0
2021-02-12 06:00:00,0.5,1026.6,4.5,35.0,6.7,0.354,0.0,0.354,0
2021-02-12 07:00:00,-0.8,1026.0,4.2,29.0,6.9,0.269,0.0,0.269,0
2021-02-12 08:00:00,-1.4,1026.1,5.5,30.0,8.0,0.577,0.0,0.577,0
2021-02-12 09:00:00,-1.1,1025.2,4.1,30.0,7.3,1.194,0.0,1.194,0
2021-02-12 10:00:00,-0.4,1025.2,4.3,37.0,7.3,1.791,0.0,1.791,0
2021-02-12 11:00:00,0.1,1025.5,3.3,41.0,7.1,2.251,0.0,2.251,0
2021-02-12 12:00:00,0.1,1026.4,5.7,34.0,8.4,2.736,0.0,2.736,0
2021-02-12 13:00:00,0.5,1026.6,3.1,67.0,7.3,2.986,0.0,2.986,0
2021-02-12 14:00:00,1.1,1027.0,3.9,70.0,9.3,2.969,0.0,2.969,0
2021-02-12 15:00:00,1.6,1026.7,4.8,67.0,8.8,2.638,0.0,2.638,0
2021-02-12 16:00:00,1.7,1027.2,4.4,72.0,7.0,2.234,0.0,2.234,0
2021-02-12 17:00:00,2.0,1026.5,2.6,66.0,7.4,1.46,0.0,1.46,0
2021-02-12 18:00:00,2.0,1026.0,3.9,71.0,7.4,0.909,0.0,0.909,0
2021-02-12 19:00:00,2.1,1025.3,3.8,34.0,5.6,0.535,0.0,0.535,0
2021-02-12 20:00:00,1.7,1025.4,2.4,47.0,5.1,0.499,0.0,0.499,0
2021-02-12 21:00:00,1.2,1025.3,4.6,35.0,7.8,0.728,0.0,0.728,0
2021-02-12 22:00:00,1.0,1025.6,2.5,43.0,6.6,1.23,0.0,1.23,0
2021-02-12 23:00:00,1.2,1025.3,3.3,40.0,8.6,1.877,0.0,1.877,0
2021-02-13 00:00:00,1.5,1025.7,2.9,48.0,7.0,2.215,0.0,2.215,0
2021-02-13 01:00:00,1.8,1025.9,5.3,32.0,7.3,2.464,0.0,2.464,0
2021-02-13 02:00:00,1.7,1025.9,2.1,50.0,5.3,2.457,0.0,2.457,0
2021-02-13 03:00:00,1.8,1025.8,3.1,40.0,5.1,2.188,0.0,2.188,0
2021-02-13 04:00:00,2.4,1026.1,4.6,35.0,7.2,1.85,0.0,1.85,0
2021-02-13 05:00:00,2.2,1025.6,4.1,37.0,7.7,1.148,0.0,1.148,0
2021-02-13 06:00:00,1.5,1025.4,4.9,30.0,7.3,0.594,0.0,0.594,0
2021-02-13 07:00:00,2.1,1025.0,3.3,29.0,5.9,0.249,0.0,0.249,0
2021-02-13 08:00:00,2.8,1024.5,3.0,35.0,4.9,0.24,0.0,0.24,0
2021-02-13 09:00:00,2.6,1024.3,4.0,35.0,7.5,0.712,0.0,0.712,0
2021-02-13 10:00:00,2.4,1024.5,4.6,31.0,7.0,1.322,0.0,1.322,0
2021-02-13 11:00:00,2.1,1024.3,4.2,36.0,8.4,1.893,0.0,1.893,0
2021-02-13 12:00:00,2.7,1024.1,3.0,54.0,7.4,2.333,0.0,2.333,0
2021-02-13 13:00:00,2.7,1024.7,3.1,51.0,6.5,2.736,0.0,2.736,0
2021-02-13 14:00:00,3.1,1024.3,4.3,64.0,7.3,2.917,0.0,2.917,0
2021-02-13 15:00:00,3.4,1023.8,4.5,68.0,8.0,2.907,0.0,2.907,0
2021-02-13 16:00:00,3.6,1023.3,6.1,66.0,9.1,2.641,0.0,2.641,0
2021-02-13 17:00:00,3.6,1022.6,3.6,65.0,6.9,2.228,0.0,2.228,0
2021-02-13 18:00:00,3.5,1021.7,3.4,39.0,8.1,1.585,0.0,1.585,0
2021-02-13 19:00:00,3.0,1021.3,4.5,37.0,10.3,1.125,0.0,1.125,0
2021-02-13 20:00:00,2.5,1021.0,6.3,34.0,10.1,0.915,0.0,0.915,0
2021-02-13 21:00:00,2.5,1020.6,7.0,34.0,10.1,1.001,0.0,1.001,0
2021-02-13 22:00:00,2.6,1020.3,4.5,45.0,8.3,1.463,0.0,1.463,0
2021-02-13 23:00:00,2.9,1020.1,5.0,38.0,10.1,2.077,0.0,2.077,0
2021-02-14 00:00:00,3.3,1019.6,4.1,40.0,7.8,2.461,0.0,2.461,0
2021-02-14 01:00:00,3.6,1019.3,4.8,39.0,8.7,2.805,0.0,2.805,0
2021-02-14 02:00:00,3.7,1020.1,5.3,34.0,9.9,3.009,0.0,3.009,0
2021-02-14 03:00:00,3.6,1018.4,3.0,46.0,6.1,2.969,0.0,2.969,0
2021-02-14 04:00:00,2.4,1019.4,8.0,26.0,12.2,2.943,0.0,2.943,0
2021-02-14 05:00:00,1.7,1019.2,6.3,31.0,9.4,2.608,0.0,2.608,0
2021-02-14 06:00:00,1.6,1019.7,6.0,25.0,9.6,1.837,0.0,1.837,0
2021-02-14 07:00:00,1.3,1020.0,6.0,21.0,9.5,1.27,0.0,1.27,0
2021-02-14 08:00:00,0.7,1020.2,5.9,20.0,9.5,1.125,0.0,1.125,0
2021-02-14 09:00:00,0.6,1020.3,7.0,14.0,9.1,1.181,0.0,1.181,0
2021-02-14 10:00:00,0.8,1021.2,5.9,12.0,7.0,1.594,0.0,1.594,0
2021-02-14 11:00:00,1.0,1021.2,6.1,15.0,7.8,1.982,0.0,1.982,0
2021-02-14 12:00:00,1.0,1021.7,6.8,8.0,7.9,2.421,0.0,2.421,0
2021-02-14 13:00:00,0.9,1023.0,6.8,9.0,8.0,2.858,0.0,2.858,0
2021-02-14 14:00:00,0.5,1023.7,6.1,356.0,7.7,3.15,0.0,3.15,0
2021-02-14 15:00:00,0.7,1024.0,6.2,7.0,7.8,3.097,0.0,3.097,0
2021-02-14 16:00:00,1.5,1024.3,5.6,9.0,7.4,3.028,0.0,3.028,0
2021-02-14 17:00:00,1.4,1024.2,5.4,15.0,6.6,2.723,0.0,2.723,0
2021-02-14 18:00:00,1.9,1024.0,4.6,19.0,5.8,2.106,0.0,2.106,0
2021-02-14 19:00:00,2.4,1023.8,4.5,23.0,6.7,1.598,0.0,1.598,0
2021-02-14 20:00:00,2.2,1023.4,4.1,25.0,6.3,1.257,0.0,1.257,0
2021-02-14 21:00:00,1.9,1023.6,3.5,29.0,6.9,1.07,0.0,1.07,0
2021-02-14 22:00:00,1.8,1023.6,4.5,24.0,7.8,1.352,0.0,1.352,0
2021-02-14 23:00:00,1.8,1024.2,5.1,17.0,6.4,1.66,0.0,1.66,0
2021-02-15 00:00:00,2.1,1024.1,4.5,32.0,5.9,2.156,0.0,2.156,0
2021-02-15 01:00:00,2.5,1023.6,5.3,33.0,7.8,2.539,0.0,2.539,0
2021-02-15 02:00:00,2.7,1023.4,1.9,43.0,7.2,2.812,0.0,2.812,0
2021-02-15 03:00:00,2.7,1023.1,5.4,30.0,7.6,2.927,0.0,2.927,0
2021-02-15 04:00:00,2.7,1022.9,5.4,30.0,6.9,2.91,0.0,2.91,0
2021-02-15 05:00:00,3.2,1020.9,4.9,36.0,8.3,2.723,0.0,2.723,0
2021-02-15 06:00:00,3.1,1021.3,5.5,29.0,7.4,2.159,0.0,2.159,0
2021-02-15 07:00:00,3.0,1020.9,5.2,35.0,7.2,1.798,0.0,1.798,0
2021-02-15 08:00:00,2.7,1020.8,7.7,16.0,9.7,1.302,0.0,1.302,0
2021-02-15 09:00:00,2.6,1020.7,6.7,21.0,9.1,1.178,0.0,1.178,0
2021-02-15 10:00:00,2.4,1021.0,5.2,25.0,8.7,1.365,0.0,1.365,0
2021-02-15 11:00:00,2.6,1021.0,5.4,27.0,8.3,1.667,0.0,1.667,0
2021-02-15 12:00:00,2.9,1021.3,4.1,27.0,8.0,2.224,0.0,2.224,0
2021-02-15 13:00:00,2.9,1022.4,4.3,25.0,5.7,2.575,0.0,2.575,0
2021-02-15 14:00:00,3.3,1022.0,5.7,27.0,8.0,2.969,0.0,2.969,0
2021-02-15 15:00:00,3.8,1022.3,5.1,29.0,7.5,3.084,0.0,3.084,0
2021-02-15 16:00:00,4.0,1022.0,6.2,28.0,7.6,3.061,0.0,3.061,0
2021-02-15 17:00:00,3.4,1021.8,6.2,20.0,8.2,2.877,0.0,2.877,0
2021-02-15 18:00:00,3.8,1021.3,5.3,27.0,6.9,2.585,0.0,2.585,0
2021-02-15 19:00:00,3.5,1020.5,4.4,32.0,7.8,1.969,0.0,1.969,0
2021-02-15 20:00:00,3.3,1020.3,5.0,29.0,7.5,1.585,0.0,1.585,0
2021-02-15 21:00:00,3.2,1019.8,4.3,30.0,6.9,1.283,0.0,1.283,0
2021-02-15 22:00:00,3.4,1019.8,4.6,30.0,6.8,1.342,0.0,1.342,0
2021-02-15 23:00:00,3.2,1019.5,4.8,34.0,7.1,1.69,0.0,1.69,0
2021-02-16 00:00:00,3.8,1018.9,4.8,30.0,6.7,2.083,0.0,2.083,0
2021-02-16 01:00:00,4.3,1017.9,3.1,34.0,4.9,2.48,0.0,2.48,0
2021-02-16 02:00:00,5.1,1017.0,1.8,49.0,4.3,2.759,0.0,2.759,0
2021-02-16 03:00:00,5.7,1016.1,1.1,60.0,3.3,2.982,0.0,2.982,0
2021-02-16 04:00:00,6.4,1013.5,4.0,84.0,6.0,3.1,0.0,3.1,0
2021-02-16 05:00:00,7.2,1011.6,4.0,121.0,5.6,3.005,0.0,3.005,0
2021-02-16 06:00:00,7.5,1010.4,3.7,145.0,5.1,2.835,0.0,2.835,0
2021-02-16 07:00:00,6.3,1009.6,4.1,190.0,5.4,2.582,0.0,2.582,0
2021-02-16 08:00:00,8.3,1007.9,4.5,224.0,6.0,2.054,0.0,2.054,0
2021-02-16 09:00:00,9.0,1006.0,5.0,221.0,6.1,1.936,0.0,1.936,0
2021-02-16 10:00:00,9.2,1004.6,9.5,212.0,11.1,2.06,0.0,2.06,0
2021-02-16 11:00:00,9.9,1003.9,6.2,219.0,7.8,2.06,0.0,2.06,0
2021-02-16 12:00:00,9.0,1004.6,8.7,219.0,9.8,2.09,0.0,2.09,0
2021-02-16 13:00:00,8.1,1006.2,6.7,214.0,7.4,2.694,0.0,2.694,0
2021-02-16 14:00:00,7.8,1005.9,5.5,215.0,6.0,2.9,0.0,2.9,0
2021-02-16 15:00:00,11.1,1006.2,8.6,259.0,15.1,3.097,0.0,3.097,0
2021-02-16 16:00:00,10.9,1005.4,10.3,269.0,12.4,3.156,0.0,3.156,0
2021-02-16 17:00:00,11.9,1005.2,8.2,248.0,10.3,3.048,0.0,3.048,0
2021-02-16 18:00:00,12.4,1005.0,8.9,255.0,10.6,2.864,0.0,2.864,0
2021-02-16 19:00:00,12.4,1005.2,9.4,258.0,13.2,2.365,0.0,2.365,0
2021-02-16 20:00:00,10.8,1007.0,9.0,274.0,11.8,1.949,0.0,1.949,0
2021-02-16 21:00:00,9.0,1009.0,7.7,302.0,10.2,1.532,0.0,1.532,0
2021-02-16 22:00:00,8.3,1010.2,5.1,298.0,9.1,1.316,0.0,1.316,0
2021-02-16 23:00:00,8.1,1011.9,4.7,284.0,6.4,1.404,0.0,1.404,0
2021-02-17 00:00:00,8.0,1013.3,3.4,311.0,4.5,1.496,0.0,1.496,0
2021-02-17 01:00:00,7.2,1015.1,6.3,314.0,8.3,2.051,0.0,2.051,0
2021-02-17 02:00:00,5.2,1017.1,8.4,333.0,10.8,2.434,0.0,2.434,0
2021-02-17 03:00:00,3.5,1018.3,7.7,336.0,10.9,2.51,0.0,2.51,0
2021-02-17 04:00:00,2.1,1019.4,8.0,330.0,11.6,2.467,0.0,2.467,0
2021-02-17 05:00:00,1.1,1019.6,9.4,332.0,12.5,2.392,0.0,2.392,0
2021-02-17 06:00:00,0.3,1021.3,7.7,338.0,10.9,2.024,0.0,2.024,0
2021-02-17 07:00:00,-0.3,1022.5,5.6,336.0,9.8,1.716,0.0,1.716,0
2021-02-17 08:00:00,-0.7,1023.3,6.7,335.0,8.1,1.204,0.0,1.204,0
2021-02-17 09:00:00,-1.1,1024.2,6.2,327.0,8.3,0.906,0.0,0.906,0
2021-02-17 10:00:00,-1.1,1025.0,6.2,342.0,8.5,0.666,0.0,0.666,0
2021-02-17 11:00:00,-1.5,1026.6,6.7,339.0,9.6,0.722,0.0,0.722,0
2021-02-17 12:00:00,-1.6,1027.8,7.3,344.0,9.1,0.791,0.0,0.791,0
2021-02-17 13:00:00,-1.9,1028.6,8.5,357.0,10.3,1.04,0.0,1.04,0
2021-02-17 14:00:00,-1.4,1030.0,6.2,347.0,9.1,1.506,0.0,1.506,0
2021-02-17 15:00:00,-1.5,1031.1,5.4,15.0,6.4,1.844,0.0,1.844,0
2021-02-17 16:00:00,-1.0,1030.4,4.3,339.0,5.5,1.946,0.0,1.946,0
2021-02-17 17:00:00,-0.1,1030.3,4.6,6.0,6.2,2.001,0.0,2.001,0
2021-02-17 18:00:00,0.3,1029.8,4.4,22.0,7.3,1.916,0.0,1.916,0
2021-02-17 19:00:00,0.8,1029.9,3.7,67.0,5.7,1.22,0.0,1.22,0
2021-02-17 20:00:00,0.0,1030.2,5.1,72.0,7.2,0.968,0.0,0.968,0
2021-02-17 21:00:00,0.2,1030.3,3.9,65.0,6.4,0.509,0.0,0.509,0
2021-02-17 22:00:00,0.0,1030.1,3.9,64.0,5.9,0.338,0.0,0.338,0
2021-02-17 23:00:00,-0.3,1031.2,2.2,76.0,3.5,0.295,0.0,0.295,0
2021-02-18 00:00:00,-0.1,1032.0,1.5,83.0,2.7,0.515,0.0,0.515,0
2021-02-18 01:00:00,0.2,1032.5,1.7,82.0,3.2,0.781,0.0,0.781,0
2021-02-18 02:00:00,0.3,1032.1,1.2,70.0,2.2,1.289,0.0,1.289,0
2021-02-18 03:00:00,0.6,1031.4,2.4,65.0,4.2,1.627,0.0,1.627,0
2021-02-18 04:00:00,0.8,1031.0,2.1,71.0,3.5,1.946,0.0,1.946,0
2021-02-18 05:00:00,1.1,1030.8,1.9,68.0,3.3,2.001,0.0,2.001,0
2021-02-18 06:00:00,1.4,1030.3,2.6,67.0,4.4,1.959,0.0,1.959,0
2021-02-18 08:00:00,2.0,1029.9,2.6,64.0,4.4,1.47,0.0,1.47,0
2021-02-18 09:00:00,2.2,1029.0,3.0,67.0,7.6,1.04,0.0,1.04,0
2021-02-18 10:00:00,1.3,1028.7,3.7,66.0,6.3,0.807,0.0,0.807,0
2021-02-18 11:00:00,1.1,1028.8,4.9,71.0,8.1,0.682,0.0,0.682,0
2021-02-18 12:00:00,0.9,1028.3,5.7,66.0,8.7,0.735,0.0,0.735,0
2021-02-18 13:00:00,1.7,1028.1,5.3,65.0,8.6,1.056,0.0,1.056,0
2021-02-18 14:00:00,2.5,1026.5,5.7,65.0,8.1,1.48,0.0,1.48,0
2021-02-18 15:00:00,3.1,1025.1,6.2,71.0,9.1,1.883,0.0,1.883,0
2021-02-18 16:00:00,3.0,1024.6,4.7,74.0,8.5,2.31,0.0,2.31,0
2021-02-18 17:00:00,2.1,1025.8,8.5,30.0,10.9,2.49,0.0,2.49,0
2021-02-18 18:00:00,2.4,1024.2,3.8,35.0,8.5,2.267,0.0,2.267,0
2021-02-18 19:00:00,3.2,1022.0,5.7,67.0,8.4,2.096,0.0,2.096,0
2021-02-18 20:00:00,4.7,1020.5,4.4,76.0,9.0,2.093,0.0,2.093,0
2021-02-18 21:00:00,5.2,1021.1,5.0,32.0,6.3,1.975,0.0,1.975,0
2021-02-18 22:00:00,3.7,1021.4,6.7,22.0,10.1,1.778,0.0,1.778,0
2021-02-18 23:00:00,2.0,1021.5,7.8,8.0,10.0,1.381,0.0,1.381,0
2021-02-19 00:00:00,2.7,1021.5,8.6,16.0,11.0,1.319,0.0,1.319,0
2021-02-19 01:00:00,4.0,1021.2,5.8,32.0,10.1,1.535,0.0,1.535,0
2021-02-19 02:00:00,3.9,1022.1,6.8,30.0,9.6,2.031,0.0,2.031,0
2021-02-19 03:00:00,3.8,1021.9,7.2,32.0,10.6,2.48,0.0,2.48,0
2021-02-19 04:00:00,3.7,1021.1,6.3,31.0,9.2,2.769,0.0,2.769,0
2021-02-19 05:00:00,3.5,1020.4,6.9,32.0,9.2,2.881,0.0,2.881,0
2021-02-19 06:00:00,3.5,1019.9,4.7,39.0,7.8,3.015,0.0,3.015,0
2021-02-19 07:00:00,3.6,1019.7,4.5,33.0,7.2,2.897,0.0,2.897,0
2021-02-19 08:00:00,3.6,1018.9,5.6,32.0,8.6,2.874,0.0,2.874,0
2021-02-19 09:00:00,3.5,1018.4,5.9,29.0,8.4,2.776,0.0,2.776,0
2021-02-19 10:00:00,2.3,1018.0,7.2,27.0,10.8,2.254,0.0,2.254,0
2021-02-19 11:00:00,2.1,1018.7,6.8,25.0,10.9,1.991,0.0,1.991,0
2021-02-19 12:00:00,1.8,1018.3,7.9,34.0,9.9,1.913,0.0,1.913,0
2021-02-19 13:00:00,1.8,1017.7,9.1,16.0,11.4,1.926,0.0,1.926,0
2021-02-19 14:00:00,1.5,1017.7,7.6,359.0,10.2,2.503,0.0,2.503,0
2021-02-19 15:00:00,1.6,1017.7,7.5,8.0,9.7,2.5,0.0,2.5,0
2021-02-19 16:00:00,1.3,1018.4,7.8,350.0,9.8,2.792,0.0,2.792,0
2021-02-19 17:00:00,1.2,1016.4,8.2,11.0,10.5,2.897,0.0,2.897,0
2021-02-19 18:00:00,1.1,1016.3,8.4,1.0,10.8,3.097,0.0,3.097,0
2021-02-19 19:00:00,1.1,1016.3,8.4,350.0,10.9,3.068,0.0,3.068,0
2021-02-19 20:00:00,1.6,1016.2,8.2,359.0,9.4,2.913,0.0,2.913,0
2021-02-19 21:00:00,1.5,1017.0,7.7,5.0,9.1,2.776,0.0,2.776,0
2021-02-19 22:00:00,1.3,1017.8,7.1,356.0,8.4,2.238,0.0,2.238,0
2021-02-19 23:00:00,1.0,1018.3,7.2,352.0,9.8,1.978,0.0,1.978,0
2021-02-20 00:00:00,1.0,1019.0,5.7,345.0,8.6,1.834,0.0,1.834,0
2021-02-20 01:00:00,1.0,1018.5,7.4,344.0,8.9,1.929,0.0,1.929,0
2021-02-20 02:00:00,1.0,1019.3,8.0,357.0,9.7,2.087,0.0,2.087,0
2021-02-20 03:00:00,0.8,1020.1,5.2,344.0,6.5,2.487,0.0,2.487,0
2021-02-20 04:00:00,0.8,1019.7,6.3,333.0,8.6,2.644,0.0,2.644,0
2021-02-20 05:00:00,0.9,1019.8,7.4,330.0,9.8,2.864,0.0,2.864,0
2021-02-20 06:00:00,0.8,1020.5,6.6,332.0,9.9,3.058,0.0,3.058,0
2021-02-20 07:00:00,0.6,1020.9,6.0,331.0,7.8,3.117,0.0,3.117,0
2021-02-20 08:00:00,0.3,1020.9,6.5,327.0,9.3,3.041,0.0,3.041,0
2021-02-20 09:00:00,-0.3,1021.4,6.5,329.0,11.7,2.9,0.0,2.9,0
2021-02-20 10:00:00,-0.8,1021.6,7.1,330.0,8.8,2.346,0.0,2.346,0
2021-02-20 11:00:00,-1.2,1022.1,7.4,335.0,10.2,1.988,0.0,1.988,0
2021-02-20 12:00:00,-1.5,1022.7,6.5,331.0,8.4,1.762,0.0,1.762,0
2021-02-20 13:00:00,-1.4,1023.5,8.6,325.0,11.9,1.647,0.0,1.647,0
2021-02-20 14:00:00,-0.8,1024.0,7.2,331.0,10.3,1.729,0.0,1.729,0
2021-02-20 15:00:00,-0.6,1024.3,6.9,324.0,9.9,1.798,0.0,1.798,0
2021-02-20 16:00:00,-0.6,1024.4,6.5,321.0,10.5,1.942,0.0,1.942,0
2021-02-20 17:00:00,-0.9,1024.3,6.1,311.0,9.1,2.198,0.0,2.198,0
2021-02-20 18:00:00,-0.5,1023.6,7.9,308.0,10.6,2.31,0.0,2.31,0
2021-02-20 19:00:00,0.1,1023.8,4.3,307.0,10.3,2.274,0.0,2.274,0
2021-02-20 20:00:00,-0.3,1024.0,5.7,313.0,9.0,2.244,0.0,2.244,0
2021-02-20 21:00:00,-0.8,1024.6,6.7,308.0,8.2,1.811,0.0,1.811,0
2021-02-20 22:00:00,-0.7,1024.9,7.3,299.0,11.2,1.539,0.0,1.539,0
2021-02-20 23:00:00,-0.6,1026.0,6.8,325.0,9.2,1.165,0.0,1.165,0
2021-02-21 00:00:00,-0.7,1027.3,6.8,322.0,9.7,0.889,0.0,0.889,0
2021-02-21 01:00:00,-1.2,1028.4,7.7,319.0,9.5,0.673,0.0,0.673,0
2021-02-21 02:00:00,-1.6,1029.4,5.7,319.0,7.5,0.804,0.0,0.804,0
2021-02-21 03:00:00,-2.0,1030.2,4.9,320.0,8.1,0.991,0.0,0.991,0
2021-02-21 04:00:00,-2.3,1030.7,5.0,314.0,8.0,1.45,0.0,1.45,0
2021-02-21 05:00:00,-2.4,1031.3,5.7,320.0,7.8,1.736,0.0,1.736,0
2021-02-21 06:00:00,-2.6,1032.3,6.4,323.0,8.0,1.998,0.0,1.998,0
2021-02-21 07:00:00,-2.7,1032.8,6.7,326.0,9.6,2.162,0.0,2.162,0
2021-02-21 08:00:00,-2.9,1033.3,6.0,319.0,8.9,2.156,0.0,2.156,0
2021-02-21 09:00:00,-3.0,1033.5,5.6,329.0,8.0,2.08,0.0,2.08,0
2021-02-21 10:00:00,-2.9,1034.1,6.1,336.0,8.7,1.932,0.0,1.932,0
2021-02-21 11:00:00,-3.4,1035.0,4.8,326.0,6.3,1.565,0.0,1.565,0
2021-02-21 12:00:00,-3.8,1035.7,2.5,325.0,3.7,1.217,0.0,1.217,0
2021-02-21 13:00:00,-2.8,1036.2,5.7,338.0,7.0,0.935,0.0,0.935,0
2021-02-21 14:00:00,-2.1,1036.5,8.0,352.0,9.5,0.84,0.0,0.84,0
2021-02-21 15:00:00,-1.5,1037.0,6.4,351.0,7.4,0.955,0.0,0.955,0
2021-02-21 16:00:00,-0.7,1037.6,4.9,354.0,6.6,1.145,0.0,1.145,0
2021-02-21 17:00:00,0.1,1037.2,3.1,9.0,4.9,1.437,0.0,1.437,0
2021-02-21 18:00:00,0.9,1036.2,2.7,18.0,4.1,1.598,0.0,1.598,0
2021-02-21 19:00:00,1.1,1035.6,4.1,68.0,5.8,1.716,0.0,1.716,0
2021-02-21 20:00:00,1.2,1035.4,3.5,78.0,4.5,1.772,0.0,1.772,0
2021-02-21 21:00:00,1.8,1035.6,1.7,155.0,2.5,1.69,0.0,1.69,0
2021-02-21 22:00:00,1.6,1035.0,2.1,174.0,3.0,1.43,0.0,1.43,0
2021-02-21 23:00:00,0.9,1034.8,2.2,206.0,2.6,1.23,0.0,1.23,0
2021-02-22 00:00:00,0.5,1035.2,2.4,244.0,3.0,0.892,0.0,0.892,0
2021-02-22 01:00:00,0.6,1035.0,2.3,238.0,3.5,0.623,0.0,0.623,0
2021-02-22 02:00:00,0.6,1034.8,2.8,232.0,3.4,0.581,0.0,0.581,0
2021-02-22 03:00:00,-0.1,1034.7,2.8,228.0,3.4,0.702,0.0,0.702,0
2021-02-22 04:00:00,0.0,1033.6,2.1,229.0,2.4,1.033,0.0,1.033,0
2021-02-22 05:00:00,0.6,1033.0,2.0,233.0,2.9,1.414,0.0,1.414,0
2021-02-22 06:00:00,1.1,1032.7,3.5,232.0,4.4,1.729,0.0,1.729,0
2021-02-22 07:00:00,1.7,1031.7,5.1,212.0,6.4,1.988,0.0,1.988,0
2021-02-22 08:00:00,2.4,1030.7,7.7,204.0,9.1,2.178,0.0,2.178,0
2021-02-22 09:00:00,2.0,1029.6,5.0,223.0,6.6,2.244,0.0,2.244,0
2021-02-22 10:00:00,2.7,1028.4,5.9,207.0,6.8,2.165,0.0,2.165,0
2021-02-22 11:00:00,3.3,1027.4,6.7,210.0,8.2,2.077,0.0,2.077,0
2021-02-22 12:00:00,3.3,1026.0,3.5,206.0,4.2,1.69,0.0,1.69,0
2021-02-22 13:00:00,3.9,1025.0,3.9,196.0,5.0,1.43,0.0,1.43,0
2021-02-22 14:00:00,4.2,1022.8,4.0,190.0,5.4,1.106,0.0,1.106,0
2021-02-22 15:00:00,4.7,1020.6,4.1,188.0,5.0,1.089,0.0,1.089,0
2021-02-22 16:00:00,6.5,1018.5,8.7,185.0,10.7,1.283,0.0,1.283,0
2021-02-22 17:00:00,6.4,1016.1,7.7,195.0,9.6,1.329,0.0,1.329,0
2021-02-22 18:00:00,6.8,1013.9,10.2,202.0,12.2,1.558,0.0,1.558,0
2021-02-22 19:00:00,6.8,1011.0,10.2,207.0,11.3,1.68,0.0,1.68,0
2021-02-22 20:00:00,4.2,1013.2,8.6,308.0,13.7,1.946,0.0,1.946,0
2021-02-22 21:00:00,5.0,1011.4,5.7,252.0,8.3,1.926,0.0,1.926,0
2021-02-22 22:00:00,4.3,1010.0,6.7,200.0,7.5,1.644,0.0,1.644,0
2021-02-22 23:00:00,4.5,1010.1,5.3,231.0,7.2,1.204,0.0,1.204,0
2021-02-23 00:00:00,4.7,1010.7,5.0,264.0,6.5,1.401,0.0,1.401,0
2021-02-23 01:00:00,4.9,1011.0,4.6,273.0,5.7,0.988,0.0,0.988,0
2021-02-23 02:00:00,4.4,1011.5,3.7,278.0,5.6,0.564,0.0,0.564,0
2021-02-23 03:00:00,4.1,1012.2,3.6,291.0,4.8,0.505,0.0,0.505,0
2021-02-23 04:00:00,3.7,1012.1,3.1,295.0,3.9,0.65,0.0,0.65,0
2021-02-23 05:00:00,3.4,1011.7,3.0,289.0,3.8,0.823,0.0,0.823,0
2021-02-23 06:00:00,3.7,1011.7,3.1,291.0,4.4,1.312,0.0,1.312,0
2021-02-23 07:00:00,3.6,1011.4,2.6,307.0,4.0,1.729,0.0,1.729,0
2021-02-23 08:00:00,3.6,1010.6,2.8,322.0,3.6,2.103,0.0,2.103,0
2021-02-23 09:00:00,3.1,1010.7,2.2,300.0,3.3,2.27,0.0,2.27,0
2021-02-23 10:00:00,2.7,1010.7,1.8,296.0,3.6,2.29,0.0,2.29,0
2021-02-23 11:00:00,1.8,1010.9,1.9,233.0,2.0,2.224,0.0,2.224,0
2021-02-23 12:00:00,1.8,1011.1,2.2,252.0,3.0,2.123,0.0,2.123,0
2021-02-23 13:00:00,2.6,1011.6,3.5,257.0,4.3,1.765,0.0,1.765,0
2021-02-23 14:00:00,3.8,1010.9,5.1,219.0,5.9,1.302,0.0,1.302,0
2021-02-23 15:00:00,3.7,1010.1,6.0,212.0,6.9,0.955,0.0,0.955,0
2021-02-23 16:00:00,5.9,1009.9,7.1,222.0,8.0,0.925,0.0,0.925,0
2021-02-23 17:00:00,4.6,1008.3,7.3,208.0,8.1,0.991,0.0,0.991,0
2021-02-23 18:00:00,8.5,1007.4,5.9,231.0,9.9,1.112,0.0,1.112,0
2021-02-23 19:00:00,10.1,1006.9,6.5,264.0,9.5,1.319,0.0,1.319,0
2021-02-23 20:00:00,11.8,1006.7,6.7,272.0,10.8,1.522,0.0,1.522,0
2021-02-23 21:00:00,13.1,1007.2,9.2,291.0,11.4,1.683,0.0,1.683,0
2021-02-23 22:00:00,12.8,1008.3,5.2,284.0,7.2,1.709,0.0,1.709,0
2021-02-23 23:00:00,12.2,1010.1,5.2,288.0,8.7,1.594,0.0,1.594,0
2021-02-24 00:00:00,11.2,1011.8,4.3,314.0,6.0,1.26,0.0,1.26,0
2021-02-24 01:00:00,10.2,1013.2,2.9,287.0,4.6,0.823,0.0,0.823,0
2021-02-24 02:00:00,10.1,1014.1,3.5,293.0,5.8,0.338,0.0,0.338,0
2021-02-24 03:00:00,9.5,1015.2,3.0,296.0,4.1,0.144,0.0,0.144,0
2021-02-24 04:00:00,8.8,1016.2,2.6,300.0,3.8,0.197,0.0,0.197,0
2021-02-24 05:00:00,8.3,1016.7,3.4,347.0,4.6,0.328,0.0,0.328,0
2021-02-24 06:00:00,7.4,1017.7,3.1,342.0,4.0,0.738,0.0,0.738,0
2021-02-24 07:00:00,7.2,1019.1,1.8,311.0,2.6,1.201,0.0,1.201,0
2021-02-24 08:00:00,5.4,1019.7,0.3,179.0,0.6,1.575,0.0,1.575,0
2021-02-24 09:00:00,4.0,1019.8,0.4,234.0,0.8,1.972,0.0,1.972,0
2021-02-24 10:00:00,3.7,1020.3,1.2,27.0,1.3,2.198,0.0,2.198,0
2021-02-24 11:00:00,3.6,1020.9,1.8,4.0,2.5,2.3,0.0,2.3,0
2021-02-24 12:00:00,3.9,1021.2,1.3,14.0,1.5,2.116,0.0,2.116,0
2021-02-24 13:00:00,4.5,1022.1,1.9,190.0,2.4,1.883,0.0,1.883,0
2021-02-24 14:00:00,5.3,1022.2,4.4,212.0,6.2,1.352,0.0,1.352,0
2021-02-24 15:00:00,6.0,1021.5,4.3,211.0,5.0,0.896,0.0,0.896,0
2021-02-24 16:00:00,5.7,1021.6,3.8,206.0,4.3,0.591,0.0,0.591,0
2021-02-24 17:00:00,6.0,1020.9,2.7,202.0,3.4,0.436,0.0,0.436,0
2021-02-24 18:00:00,6.8,1020.1,5.1,212.0,5.8,0.594,0.0,0.594,0
2021-02-24 19:00:00,8.4,1019.5,6.5,204.0,7.3,0.761,0.0,0.761,0
2021-02-24 20:00:00,7.7,1018.4,4.4,199.0,5.0,1.155,0.0,1.155,0
2021-02-24 21:00:00,7.4,1017.1,5.5,204.0,6.3,1.529,0.0,1.529,0
2021-02-24 22:00:00,7.4,1016.3,4.6,200.0,5.1,1.788,0.0,1.788,0
2021-02-24 23:00:00,6.3,1015.1,4.7,217.0,5.3,1.824,0.0,1.824,0
2021-02-25 00:00:00,6.9,1014.4,5.8,221.0,6.6,1.624,0.0,1.624,0
2021-02-25 01:00:00,7.3,1013.6,5.1,228.0,5.8,1.306,0.0,1.306,0
2021-02-25 02:00:00,7.6,1013.3,6.7,210.0,8.0,0.971,0.0,0.971,0
2021-02-25 03:00:00,7.5,1013.0,6.9,216.0,7.8,0.449,0.0,0.449,0
2021-02-25 04:00:00,7.8,1012.3,6.2,217.0,6.9,0.112,0.0,0.112,0
2021-02-25 05:00:00,8.4,1011.8,5.4,217.0,6.2,0.013,0.0,0.013,0
2021-02-25 06:00:00,9.7,1011.6,5.8,226.0,6.8,0.289,0.0,0.289,0
2021-02-25 07:00:00,12.1,1012.6,3.3,281.0,4.2,0.899,0.0,0.899,0
2021-02-25 08:00:00,11.8,1013.0,3.0,298.0,5.3,1.381,0.0,1.381,0
2021-02-25 09:00:00,10.7,1014.2,3.8,325.0,4.7,1.847,0.0,1.847,0
2021-02-25 10:00:00,10.6,1015.4,6.0,342.0,7.4,2.182,0.0,2.182,0
2021-02-25 11:00:00,9.6,1017.0,7.0,341.0,8.5,2.405,0.0,2.405,0
2021-02-25 12:00:00,8.6,1018.3,6.7,336.0,8.4,2.441,0.0,2.441,0
2021-02-25 13:00:00,8.0,1019.9,5.0,341.0,6.1,2.175,0.0,2.175,0
2021-02-25 14:00:00,8.2,1020.9,8.7,350.0,12.8,1.808,0.0,1.808,0
2021-02-25 15:00:00,8.4,1022.1,6.8,351.0,8.4,1.253,0.0,1.253,0
2021-02-25 16:00:00,8.7,1022.7,6.3,354.0,8.0,0.676,0.0,0.676,0
2021-02-25 17:00:00,9.3,1023.0,5.6,354.0,7.5,0.518,0.0,0.518,0
2021-02-25 18:00:00,9.5,1022.8,2.4,72.0,4.2,0.495,0.0,0.495,0
2021-02-25 19:00:00,9.6,1022.6,3.9,69.0,5.1,0.705,0.0,0.705,0
2021-02-25 20:00:00,9.0,1023.0,3.1,71.0,4.5,1.25,0.0,1.25,0
2021-02-25 21:00:00,8.8,1023.3,2.7,70.0,3.3,1.627,0.0,1.627,0
2021-02-25 22:00:00,7.3,1023.9,2.5,67.0,4.0,1.936,0.0,1.936,0
2021-02-25 23:00:00,6.6,1024.4,1.9,65.0,3.0,2.1,0.0,2.1,0
2021-02-26 00:00:00,5.4,1025.6,0.0,344.0,0.5,2.054,0.0,2.054,0
2021-02-26 01:00:00,4.4,1026.2,1.0,207.0,1.6,1.778,0.0,1.778,0
2021-02-26 02:00:00,3.9,1026.5,0.7,242.0,1.0,1.188,0.0,1.188,0
2021-02-26 03:00:00,3.9,1027.0,1.2,237.0,1.5,0.728,0.0,0.728,0
2021-02-26 04:00:00,3.6,1027.1,0.6,257.0,0.8,0.171,0.0,0.171,0
2021-02-26 05:00:00,3.5,1026.9,0.6,277.0,1.0,-0.102,0.0,-0.102,0
2021-02-26 06:00:00,2.9,1027.3,0.1,349.0,1.2,-0.118,0.0,-0.118,0
2021-02-26 07:00:00,2.7,1027.7,0.7,300.0,1.9,0.164,0.0,0.164,0
2021-02-26 08:00:00,2.2,1027.6,1.5,330.0,1.9,0.699,0.0,0.699,0
2021-02-26 09:00:00,2.8,1028.2,1.6,4.0,1.7,1.348,0.0,1.348,0
2021-02-26 10:00:00,2.0,1029.4,0.8,343.0,1.7,1.785,0.0,1.785,0
2021-02-26 11:00:00,2.8,1030.0,2.1,359.0,2.3,2.159,0.0,2.159,0
2021-02-26 12:00:00,2.8,1030.9,2.0,343.0,2.4,2.32,0.0,2.32,0
2021-02-26 13:00:00,3.8,1032.5,1.6,15.0,2.5,2.224,0.0,2.224,0
2021-02-26 14:00:00,5.6,1033.2,4.4,30.0,7.0,1.978,0.0,1.978,0
2021-02-26 15:00:00,5.3,1032.8,3.8,60.0,5.5,1.224,0.0,1.224,0
2021-02-26 16:00:00,5.4,1033.2,3.5,60.0,7.8,0.666,0.0,0.666,0
2021-02-26 17:00:00,5.7,1033.4,4.2,71.0,6.8,0.279,0.0,0.279,0
2021-02-26 18:00:00,5.8,1032.2,3.9,73.0,5.9,0.072,0.0,0.072,0
2021-02-26 19:00:00,6.4,1031.2,2.6,83.0,4.5,0.095,0.0,0.095,0
2021-02-26 20:00:00,6.5,1031.6,2.8,97.0,4.2,0.482,0.0,0.482,0
2021-02-26 21:00:00,6.0,1031.8,2.5,85.0,4.0,1.145,0.0,1.145,0
2021-02-26 22:00:00,5.8,1032.0,2.8,66.0,3.7,1.568,0.0,1.568,0
2021-02-26 23:00:00,5.9,1031.1,3.7,83.0,5.8,1.962,0.0,1.962,0
2021-02-27 00:00:00,6.0,1032.2,2.6,79.0,3.8,2.136,0.0,2.136,0
2021-02-27 01:00:00,6.1,1032.0,2.4,86.0,3.9,2.011,0.0,2.011,0
2021-02-27 02:00:00,6.3,1031.7,3.6,83.0,5.6,1.732,0.0,1.732,0
2021-02-27 03:00:00,6.4,1031.4,3.8,125.0,4.8,1.217,0.0,1.217,0
2021-02-27 04:00:00,6.6,1030.4,3.1,126.0,4.7,0.643,0.0,0.643,0
2021-02-27 06:00:00,6.8,1028.0,4.3,119.0,6.5,-0.108,0.0,-0.108,0
2021-02-27 07:00:00,7.0,1026.1,5.0,111.0,7.7,-0.03,0.0,-0.03,0
2021-02-27 08:00:00,7.3,1024.9,4.0,113.0,6.4,0.604,0.0,0.604,0
2021-02-27 09:00:00,7.3,1023.4,4.4,128.0,6.7,1.299,0.0,1.299,0
2021-02-27 10:00:00,7.5,1023.3,3.1,141.0,4.3,1.814,0.0,1.814,0
2021-02-27 11:00:00,10.5,1022.2,8.7,152.0,13.1,2.287,0.0,2.287,0
2021-02-27 12:00:00,8.3,1021.0,3.3,173.0,4.4,2.648,0.0,2.648,0
2021-02-27 13:00:00,8.7,1020.8,5.3,176.0,9.1,2.776,0.0,2.776,0
2021-02-27 14:00:00,8.4,1021.1,3.1,224.0,3.8,2.625,0.0,2.625,0
2021-02-27 15:00:00,9.4,1020.2,7.0,214.0,8.2,2.231,0.0,2.231,0
2021-02-27 16:00:00,8.2,1019.5,5.6,204.0,6.9,1.535,0.0,1.535,0
2021-02-27 17:00:00,11.9,1019.2,6.3,255.0,9.2,1.024,0.0,1.024,0
2021-02-27 18:00:00,11.8,1018.7,8.4,267.0,9.8,0.614,0.0,0.614,0
2021-02-27 19:00:00,10.8,1018.9,7.4,271.0,9.9,0.413,0.0,0.413,0
2021-02-27 20:00:00,9.5,1019.8,7.1,285.0,9.7,0.623,0.0,0.623,0
2021-02-27 21:00:00,9.5,1020.5,4.1,298.0,7.2,0.968,0.0,0.968,0
2021-02-27 22:00:00,9.6,1021.2,3.4,295.0,5.3,1.512,0.0,1.512,0
2021-02-27 23:00:00,9.2,1022.0,3.6,283.0,4.5,1.985,0.0,1.985,0
2021-02-28 00:00:00,8.9,1023.1,3.3,293.0,4.2,2.316,0.0,2.316,0
2021-02-28 01:00:00,8.6,1023.6,2.3,299.0,4.0,2.52,0.0,2.52,0
2021-02-28 02:00:00,8.3,1025.0,1.4,278.0,2.3,2.313,0.0,2.313,0
2021-02-28 03:00:00,7.5,1025.7,0.7,223.0,0.9,1.975,0.0,1.975,0
2021-02-28 04:00:00,7.2,1026.4,0.5,217.0,0.7,1.352,0.0,1.352,0
2021-02-28 05:00:00,7.5,1027.0,1.0,3.0,1.3,0.755,0.0,0.755,0
2021-02-28 06:00:00,6.8,1026.6,1.3,18.0,1.5,0.299,0.0,0.299,0
2021-02-28 07:00:00,6.7,1026.2,0.6,251.0,0.6,0.059,0.0,0.059,0
2021-02-28 08:00:00,7.3,1026.6,0.3,358.0,0.6,0.272,0.0,0.272,0
2021-02-28 09:00:00,7.2,1026.6,0.9,342.0,1.1,0.623,0.0,0.623,0
2021-02-28 10:00:00,7.6,1026.5,0.2,83.0,0.9,1.453,0.0,1.453,0
2021-02-28 11:00:00,6.5,1026.1,0.0,237.0,0.5,1.893,0.0,1.893,0
2021-02-28 12:00:00,7.0,1026.1,0.9,95.0,2.3,2.382,0.0,2.382,0
2021-02-28 13:00:00,7.3,1026.5,2.3,69.0,3.8,2.733,0.0,2.733,0
2021-02-28 14:00:00,7.1,1025.8,2.5,82.0,3.7,2.68,0.0,2.68,0
2021-02-28 15:00:00,7.3,1025.3,3.3,72.0,4.8,2.533,0.0,2.533,0
2021-02-28 16:00:00,6.7,1023.8,2.2,91.0,3.1,2.028,0.0,2.028,0
2021-02-28 17:00:00,7.0,1023.6,2.9,97.0,4.9,1.332,0.0,1.332,0
2021-02-28 18:00:00,7.0,1022.2,2.9,108.0,4.4,0.778,0.0,0.778,0
2021-02-28 19:00:00,7.0,1020.7,3.5,67.0,4.8,0.341,0.0,0.341,0
2021-02-28 20:00:00,6.9,1019.3,3.5,89.0,6.2,0.407,0.0,0.407,0
2021-02-28 21:00:00,7.3,1018.9,2.4,86.0,4.1,0.584,0.0,0.584,0
2021-02-28 22:00:00,7.3,1018.6,3.4,67.0,4.9,1.312,0.0,1.312,0
2021-02-28 23:00:00,8.1,1017.5,0.9,131.0,2.3,1.962,0.0,1.962,0
2022-01-01 00:00:00,10.3,1015.6,4.6,203.0,5.5,2.74,0.0,2.74,0
2022-01-01 01:00:00,10.2,1015.1,5.0,200.0,6.2,2.375,0.0,2.375,0
2022-01-01 02:00:00,10.3,1016.1,5.6,214.0,6.7,1.88,0.0,1.88,0
2022-01-01 03:00:00,10.2,1015.4,5.3,214.0,6.2,1.283,0.0,1.283,0
2022-01-01 04:00:00,10.2,1015.6,5.3,213.0,6.1,0.791,0.0,0.791,0
2022-01-01 05:00:00,10.3,1014.8,6.4,213.0,7.7,0.883,0.0,0.883,0
2022-01-01 06:00:00,10.2,1013.8,4.2,205.0,5.1,1.201,0.0,1.201,0
2022-01-01 07:00:00,10.6,1013.5,5.4,218.0,6.2,1.752,0.0,1.752,0
2022-01-01 08:00:00,11.6,1013.4,6.0,224.0,8.3,2.582,0.0,2.582,0
2022-01-01 09:00:00,11.2,1012.5,6.8,217.0,7.6,2.995,0.0,2.995,0
2022-01-01 10:00:00,11.4,1012.1,6.0,223.0,7.0,3.369,0.0,3.369,0
2022-01-01 11:00:00,11.2,1011.7,4.8,227.0,5.7,3.57,0.0,3.57,0
2022-01-01 12:00:00,11.7,1011.8,4.6,234.0,6.2,3.537,0.0,3.537,0
2022-01-01 13:00:00,11.8,1012.5,4.2,237.0,5.4,3.442,0.0,3.442,0
2022-01-01 14:00:00,11.0,1012.5,1.9,219.0,3.5,2.949,0.0,2.949,0
2022-01-01 15:00:00,10.6,1012.5,2.6,216.0,3.1,2.195,0.0,2.195,0
2022-01-01 16:00:00,10.6,1011.1,0.8,220.0,1.2,1.624,0.0,1.624,0
2022-01-01 17:00:00,11.4,1009.2,2.2,179.0,3.7,1.388,0.0,1.388,0
2022-01-01 18:00:00,10.9,1009.1,2.7,213.0,3.4,1.243,0.0,1.243,0
2022-01-01 19:00:00,12.6,1009.7,3.4,344.0,4.0,1.476,0.0,1.476,0
2022-01-01 20:00:00,13.1,1008.2,0.2,44.0,0.8,2.024,0.0,2.024,0
2022-01-01 21:00:00,13.4,1007.4,3.7,145.0,5.8,2.575,0.0,2.575,0
2022-01-01 22:00:00,12.3,1007.0,4.8,163.0,6.7,2.881,0.0,2.881,0
2022-01-01 23:00:00,11.9,1006.6,4.4,171.0,5.3,3.153,0.0,3.153,0
2022-01-02 00:00:00,10.7,1006.3,3.1,202.0,3.8,3.14,0.0,3.14,0
2022-01-02 01:00:00,11.1,1005.7,4.5,200.0,5.6,3.051,0.0,3.051,0
2022-01-02 02:00:00,12.0,1004.8,5.1,227.0,6.8,2.592,0.0,2.592,0
2022-01-02 03:00:00,14.8,1003.9,10.1,232.0,12.8,1.936,0.0,1.936,0
2022-01-02 04:00:00,15.1,1003.5,8.9,231.0,10.7,1.388,0.0,1.388,0
2022-01-02 05:00:00,15.7,1003.2,7.6,226.0,9.8,1.03,0.0,1.03,0
2022-01-02 06:00:00,14.7,1003.7,7.3,223.0,9.0,1.083,0.0,1.083,0
2022-01-02 07:00:00,14.2,1003.6,8.0,224.0,9.3,1.362,0.0,1.362,0
2022-01-02 08:00:00,13.6,1004.2,4.4,221.0,5.0,1.965,0.0,1.965,0
2022-01-02 09:00:00,17.4,1003.7,3.7,280.0,4.8,2.612,0.0,2.612,0
2022-01-02 10:00:00,16.6,1004.0,2.0,300.0,2.8,3.077,0.0,3.077,0
2022-01-02 11:00:00,16.2,1005.9,4.9,318.0,6.5,3.537,0.0,3.537,0
2022-01-02 12:00:00,14.5,1005.4,2.0,231.0,2.3,3.734,0.0,3.734,0
2022-01-02 13:00:00,12.2,1004.7,5.0,198.0,6.5,3.698,0.0,3.698,0
2022-01-02 14:00:00,12.5,1005.5,8.7,220.0,10.3,3.576,0.0,3.576,0
2022-01-02 15:00:00,14.1,1006.5,5.0,238.0,6.5,3.143,0.0,3.143,0
2022-01-02 16:00:00,14.5,1006.8,3.8,234.0,4.8,2.349,0.0,2.349,0
2022-01-02 17:00:00,14.4,1007.2,2.7,239.0,3.4,1.755,0.0,1.755,0
2022-01-02 18:00:00,16.6,1006.9,5.0,273.0,7.0,1.325,0.0,1.325,0
2022-01-02 19:00:00,15.3,1007.1,6.4,255.0,7.8,1.28,0.0,1.28,0
2022-01-02 20:00:00,15.8,1007.9,5.3,265.0,6.7,1.673,0.0,1.673,0
2022-01-02 21:00:00,15.1,1008.7,4.1,243.0,5.0,2.044,0.0,2.044,0
2022-01-02 22:00:00,15.8,1009.7,4.7,265.0,5.7,2.526,0.0,2.526,0
2022-01-02 23:00:00,15.2,1011.0,2.4,274.0,3.1,2.943,0.0,2.943,0
2022-01-03 00:00:00,15.3,1011.8,1.8,288.0,2.3,2.999,0.0,2.999,0
2022-01-03 01:00:00,14.9,1011.7,2.8,322.0,3.3,2.972,0.0,2.972,0
2022-01-03 02:00:00,15.0,1012.8,3.8,335.0,5.5,2.717,0.0,2.717,0
2022-01-03 03:00:00,12.8,1014.0,4.4,10.0,5.3,2.26,0.0,2.26,0
2022-01-03 04:00:00,11.5,1014.7,5.5,28.0,8.2,1.722,0.0,1.722,0
2022-01-03 05:00:00,9.6,1015.5,8.5,20.0,11.6,0.902,0.0,0.902,0
2022-01-03 06:00:00,7.6,1016.4,7.2,27.0,11.4,0.627,0.0,0.627,0
2022-01-03 07:00:00,6.4,1017.3,6.7,37.0,11.3,0.607,0.0,0.607,0
2022-01-03 08:00:00,6.3,1017.9,5.6,34.0,9.0,1.099,0.0,1.099,0
2022-01-03 09:00:00,5.2,1016.8,6.0,43.0,9.5,2.198,0.0,2.198,0
2022-01-03 10:00:00,4.2,1016.0,4.3,62.0,10.3,2.703,0.0,2.703,0
2022-01-03 11:00:00,4.3,1015.5,4.1,45.0,9.8,3.419,0.0,3.419,0
2022-01-03 12:00:00,4.2,1014.5,5.7,40.0,11.4,3.937,0.0,3.937,0
2022-01-03 13:00:00,3.8,1015.7,6.4,38.0,10.8,4.213,0.0,4.213,0
2022-01-03 14:00:00,3.4,1016.2,8.3,39.0,13.9,4.203,0.0,4.203,0
2022-01-03 15:00:00,2.5,1014.2,9.1,38.0,14.8,4.016,0.0,4.016,0
2022-01-03 16:00:00,1.7,1014.1,9.5,37.0,14.2,3.734,0.0,3.734,0
2022-01-03 17:00:00,1.4,1010.4,11.8,31.0,19.5,3.094,0.0,3.094,0
2022-01-03 18:00:00,1.1,1010.1,10.9,35.0,16.2,2.674,0.0,2.674,0
2022-01-03 19:00:00,0.4,1011.0,12.9,24.0,18.1,1.726,0.0,1.726,0
2022-01-03 20:00:00,0.0,1013.9,11.5,1.0,15.1,1.578,0.0,1.578,0
2022-01-03 21:00:00,-0.4,1016.2,12.5,8.0,16.4,2.113,0.0,2.113,0
2022-01-03 22:00:00,-0.9,1018.5,9.6,1.0,12.9,2.208,0.0,2.208,0
2022-01-03 23:00:00,-1.4,1019.7,9.2,348.0,11.6,2.733,0.0,2.733,0
2022-01-04 00:00:00,-2.0,1021.1,8.9,342.0,11.1,2.966,0.0,2.966,0
2022-01-04 01:00:00,-2.3,1022.4,7.2,342.0,8.9,3.497,0.0,3.497,0
2022-01-04 02:00:00,-2.6,1023.5,8.0,344.0,10.9,3.402,0.0,3.402,0
2022-01-04 03:00:00,-2.7,1024.5,8.5,346.0,11.4,3.15,0.0,3.15,0
2022-01-04 04:00:00,-2.9,1025.7,7.4,337.0,9.4,2.72,0.0,2.72,0
2022-01-04 05:00:00,-2.7,1026.1,7.8,349.0,10.0,2.142,0.0,2.142,0
2022-01-04 06:00:00,-3.0,1026.8,7.6,354.0,9.1,1.572,0.0,1.572,0
2022-01-04 07:00:00,-3.1,1028.5,6.8,343.0,9.0,1.283,0.0,1.283,0
2022-01-04 08:00:00,-3.5,1029.4,6.8,341.0,8.7,1.283,0.0,1.283,0
2022-01-04 09:00:00,-3.5,1030.2,6.4,346.0,7.7,1.516,0.0,1.516,0
2022-01-04 10:00:00,-3.4,1030.6,8.8,345.0,10.9,2.106,0.0,2.106,0
2022-01-04 11:00:00,-3.6,1031.0,7.7,5.0,9.8,2.746,0.0,2.746,0
2022-01-04 12:00:00,-3.5,1031.3,7.8,3.0,9.3,3.271,0.0,3.271,0
2022-01-04 13:00:00,-3.0,1031.6,6.4,356.0,7.6,3.714,0.0,3.714,0
2022-01-04 14:00:00,-2.8,1033.0,4.0,334.0,5.2,3.885,0.0,3.885,0
2022-01-04 15:00:00,-2.0,1033.4,4.8,3.0,5.5,3.727,0.0,3.727,0
2022-01-04 16:00:00,-1.3,1032.7,5.2,10.0,6.2,3.497,0.0,3.497,0
2022-01-04 17:00:00,-0.2,1031.7,5.3,14.0,6.4,2.956,0.0,2.956,0
2022-01-04 18:00:00,0.4,1031.6,2.9,29.0,4.6,2.113,0.0,2.113,0
2022-01-04 19:00:00,0.9,1031.5,2.3,20.0,3.7,1.578,0.0,1.578,0
2022-01-04 20:00:00,1.3,1031.0,0.7,17.0,2.3,1.201,0.0,1.201,0
2022-01-04 21:00:00,1.9,1031.3,1.0,17.0,1.4,1.181,0.0,1.181,0
2022-01-04 22:00:00,0.9,1031.4,2.4,242.0,2.7,1.519,0.0,1.519,0
2022-01-04 23:00:00,0.7,1031.3,1.5,240.0,2.1,2.014,0.0,2.014,0
2022-01-05 00:00:00,0.8,1030.8,1.8,241.0,2.2,2.516,0.0,2.516,0
2022-01-05 01:00:00,1.0,1030.5,2.9,250.0,3.3,2.818,0.0,2.818,0
2022-01-05 02:00:00,1.4,1029.4,1.4,189.0,3.0,3.005,0.0,3.005,0
2022-01-05 03:00:00,2.9,1028.3,3.7,164.0,5.3,3.015,0.0,3.015,0
2022-01-05 04:00:00,4.2,1028.0,4.5,181.0,5.7,2.73,0.0,2.73,0
2022-01-05 05:00:00,5.5,1026.9,5.2,176.0,7.4,2.198,0.0,2.198,0
2022-01-05 06:00:00,6.7,1025.4,4.5,174.0,6.8,1.591,0.0,1.591,0
2022-01-05 07:00:00,7.6,1024.1,6.0,165.0,8.2,1.119,0.0,1.119,0
2022-01-05 08:00:00,8.8,1023.0,5.6,178.0,7.8,0.909,0.0,0.909,0
2022-01-05 09:00:00,4.5,1022.8,6.2,315.0,9.0,1.122,0.0,1.122,0
2022-01-05 10:00:00,1.3,1021.5,3.0,339.0,3.8,1.414,0.0,1.414,0
2022-01-05 11:00:00,2.3,1021.2,2.2,316.0,3.2,1.965,0.0,1.965,0
2022-01-05 12:00:00,3.6,1020.0,0.6,1.0,0.8,2.523,0.0,2.523,0
2022-01-05 13:00:00,6.1,1019.3,1.6,161.0,2.0,2.992,0.0,2.992,0
2022-01-05 14:00:00,5.0,1019.1,3.0,295.0,4.1,3.33,0.0,3.33,0
2022-01-05 15:00:00,5.3,1018.3,3.5,289.0,4.4,3.445,0.0,3.445,0
2022-01-05 16:00:00,5.5,1017.2,2.4,279.0,3.4,3.245,0.0,3.245,0
2022-01-05 17:00:00,6.4,1015.6,3.9,257.0,4.6,2.93,0.0,2.93,0
2022-01-05 18:00:00,7.1,1014.0,2.0,265.0,2.7,2.244,0.0,2.244,0
2022-01-05 19:00:00,7.2,1013.0,2.1,233.0,3.0,1.637,0.0,1.637,0
2022-01-05 20:00:00,7.4,1012.0,3.9,230.0,4.7,1.184,0.0,1.184,0
2022-01-05 21:00:00,7.6,1012.0,3.5,231.0,4.5,1.004,0.0,1.004,0
2022-01-05 22:00:00,7.5,1011.3,5.0,217.0,5.7,1.102,0.0,1.102,0
2022-01-05 23:00:00,7.8,1010.5,4.2,223.0,5.8,1.391,0.0,1.391,0
2022-01-06 00:00:00,8.0,1010.6,4.4,249.0,6.4,1.818,0.0,1.818,0
2022-01-06 01:00:00,7.2,1010.0,4.0,215.0,4.3,2.316,0.0,2.316,0
2022-01-06 02:00:00,7.4,1009.6,3.4,224.0,4.0,2.661,0.0,2.661,0
2022-01-06 03:00:00,7.3,1009.3,3.3,244.0,4.2,2.808,0.0,2.808,0
2022-01-06 04:00:00,7.9,1009.1,4.3,263.0,5.7,2.635,0.0,2.635,0
2022-01-06 05:00:00,8.0,1009.0,5.6,282.0,7.2,2.408,0.0,2.408,0
2022-01-06 06:00:00,7.6,1009.2,4.1,282.0,4.9,1.736,0.0,1.736,0
2022-01-06 07:00:00,7.4,1009.9,4.1,285.0,5.3,1.237,0.0,1.237,0
2022-01-06 08:00:00,7.0,1010.7,4.1,280.0,5.3,0.679,0.0,0.679,0
2022-01-06 09:00:00,6.6,1011.5,3.4,296.0,4.7,0.446,0.0,0.446,0
2022-01-06 10:00:00,5.7,1012.0,2.5,280.0,3.1,0.561,0.0,0.561,0
2022-01-06 11:00:00,5.3,1013.3,2.6,276.0,3.1,0.873,0.0,0.873,0
2022-01-06 12:00:00,5.0,1014.2,3.2,293.0,3.7,1.598,0.0,1.598,0
2022-01-06 13:00:00,5.3,1015.5,3.8,293.0,4.4,2.172,0.0,2.172,0
2022-01-06 14:00:00,5.6,1016.6,2.8,313.0,3.8,2.602,0.0,2.602,0
2022-01-06 15:00:00,6.4,1017.4,4.3,352.0,5.2,2.864,0.0,2.864,0
2022-01-06 16:00:00,6.2,1017.3,3.5,21.0,4.1,2.904,0.0,2.904,0
2022-01-06 17:00:00,6.4,1016.2,3.0,26.0,4.0,2.68,0.0,2.68,0
2022-01-06 18:00:00,7.3,1015.4,3.4,36.0,5.0,2.444,0.0,2.444,0
2022-01-06 19:00:00,7.5,1014.9,2.0,25.0,2.4,1.709,0.0,1.709,0
2022-01-06 20:00:00,7.5,1015.0,2.5,77.0,4.6,1.132,0.0,1.132,0
2022-01-06 21:00:00,6.3,1015.2,2.5,81.0,3.7,0.676,0.0,0.676,0
2022-01-06 22:00:00,5.8,1015.2,1.7,78.0,5.0,0.577,0.0,0.577,0
2022-01-06 23:00:00,5.9,1016.1,1.1,38.0,2.7,0.682,0.0,0.682,0
2022-01-07 00:00:00,5.7,1016.1,2.4,73.0,4.8,1.014,0.0,1.014,0
2022-01-07 01:00:00,5.4,1014.6,3.7,70.0,5.7,1.532,0.0,1.532,0
2022-01-07 02:00:00,5.4,1011.8,4.4,73.0,7.2,2.142,0.0,2.142,0
2022-01-07 03:00:00,6.4,1011.2,5.4,79.0,8.0,2.5,0.0,2.5,0
2022-01-07 04:00:00,5.9,1009.9,5.2,71.0,8.2,2.671,0.0,2.671,0
2022-01-07 05:00:00,5.9,1008.1,5.3,80.0,7.9,2.562,0.0,2.562,0
2022-01-07 06:00:00,5.0,1008.1,2.9,66.0,5.1,2.418,0.0,2.418,0
2022-01-07 07:00:00,4.5,1006.7,4.2,72.0,7.0,2.064,0.0,2.064,0
2022-01-07 08:00:00,4.5,1006.1,2.6,16.0,5.9,1.368,0.0,1.368,0
2022-01-07 09:00:00,4.7,1004.3,4.2,78.0,8.4,1.01,0.0,1.01,0
2022-01-07 10:00:00,-0.1,1007.9,10.6,337.0,13.3,0.827,0.0,0.827,0
2022-01-07 11:00:00,0.0,1009.3,9.0,342.0,11.8,0.955,0.0,0.955,0
2022-01-07 12:00:00,-0.2,1011.3,9.1,331.0,12.7,1.04,0.0,1.04,0
2022-01-07 13:00:00,-0.3,1013.1,11.1,326.0,13.6,1.575,0.0,1.575,0
2022-01-07 14:00:00,0.3,1014.9,7.6,326.0,10.2,2.323,0.0,2.323,0
2022-01-07 15:00:00,0.5,1015.3,8.3,321.0,10.6,2.7,0.0,2.7,0
2022-01-07 16:00:00,0.5,1015.4,8.2,322.0,12.1,2.871,0.0,2.871,0
2022-01-07 17:00:00,0.1,1016.7,8.5,310.0,12.8,2.923,0.0,2.923,0
2022-01-07 18:00:00,0.1,1017.0,7.2,309.0,10.2,2.579,0.0,2.579,0
2022-01-07 19:00:00,-0.2,1017.7,8.4,325.0,10.4,2.152,0.0,2.152,0
2022-01-07 20:00:00,0.4,1018.6,7.3,334.0,10.0,1.594,0.0,1.594,0
2022-01-07 21:00:00,0.4,1020.1,7.1,317.0,10.3,1.381,0.0,1.381,0
2022-01-07 22:00:00,-0.1,1021.7,5.4,315.0,7.8,0.82,0.0,0.82,0
2022-01-07 23:00:00,-0.7,1023.2,4.9,321.0,7.1,0.62,0.0,0.62,0
2022-01-08 00:00:00,-1.2,1024.6,5.5,318.0,7.4,0.535,0.0,0.535,0
2022-01-08 01:00:00,-1.5,1025.6,6.4,324.0,9.8,1.099,0.0,1.099,0
2022-01-08 02:00:00,-2.2,1026.5,8.3,328.0,10.3,1.493,0.0,1.493,0
2022-01-08 03:00:00,-2.4,1027.9,6.9,333.0,9.8,1.942,0.0,1.942,0
2022-01-08 04:00:00,-2.5,1029.1,5.6,326.0,7.1,2.021,0.0,2.021,0
2022-01-08 05:00:00,-3.1,1029.5,5.2,323.0,6.4,2.087,0.0,2.087,0
2022-01-08 06:00:00,-3.4,1030.0,6.0,321.0,7.8,2.096,0.0,2.096,0
2022-01-08 07:00:00,-3.6,1031.5,5.2,312.0,6.7,1.762,0.0,1.762,0
2022-01-08 08:00:00,-3.4,1032.2,6.1,318.0,7.4,1.247,0.0,1.247,0
2022-01-08 09:00:00,-3.4,1032.3,7.7,333.0,9.9,0.692,0.0,0.692,0
2022-01-08 10:00:00,-3.5,1033.0,6.3,333.0,8.2,0.256,0.0,0.256,0
2022-01-08 11:00:00,-3.7,1034.0,5.7,341.0,6.9,0.217,0.0,0.217,0
2022-01-08 12:00:00,-3.8,1035.3,6.1,341.0,8.1,0.249,0.0,0.249,0
2022-01-08 13:00:00,-3.7,1036.8,7.5,343.0,10.3,0.722,0.0,0.722,0
2022-01-08 14:00:00,-3.2,1037.9,8.4,347.0,10.2,1.152,0.0,1.152,0
2022-01-08 15:00:00,-2.6,1038.5,7.9,356.0,9.6,1.739,0.0,1.739,0
2022-01-08 16:00:00,-1.8,1039.3,6.5,355.0,8.7,2.021,0.0,2.021,0
2022-01-08 17:00:00,-1.6,1038.7,4.9,10.0,6.1,2.165,0.0,2.165,0
2022-01-08 18:00:00,-0.7,1038.2,2.9,5.0,3.7,2.146,0.0,2.146,0
2022-01-08 19:00:00,0.0,1037.9,2.6,29.0,4.2,1.85,0.0,1.85,0
2022-01-08 20:00:00,1.0,1037.5,0.3,34.0,1.0,1.453,0.0,1.453,0
2022-01-08 21:00:00,1.2,1037.8,0.9,35.0,2.1,0.974,0.0,0.974,0
2022-01-08 22:00:00,0.2,1038.4,0.9,148.0,1.9,0.531,0.0,0.531,0
2022-01-08 23:00:00,0.7,1039.1,2.0,187.0,2.7,0.246,0.0,0.246,0
2022-01-09 00:00:00,0.5,1039.5,2.9,246.0,3.3,0.217,0.0,0.217,0
2022-01-09 01:00:00,0.4,1038.9,2.4,248.0,2.8,0.282,0.0,0.282,0
2022-01-09 02:00:00,1.4,1038.3,3.5,195.0,5.4,0.728,0.0,0.728,0
2022-01-09 03:00:00,1.8,1036.9,4.4,183.0,5.9,1.25,0.0,1.25,0
2022-01-09 04:00:00,2.8,1036.5,7.4,210.0,8.4,1.627,0.0,1.627,0
2022-01-09 05:00:00,1.1,1037.0,2.7,300.0,3.8,1.811,0.0,1.811,0
2022-01-09 06:00:00,0.0,1035.7,2.2,257.0,2.7,1.841,0.0,1.841,0
2022-01-09 07:00:00,0.3,1035.4,3.2,267.0,3.9,1.67,0.0,1.67,0
2022-01-09 08:00:00,0.7,1035.0,3.5,259.0,4.3,1.43,0.0,1.43,0
2022-01-09 09:00:00,1.4,1033.7,4.3,254.0,5.3,0.958,0.0,0.958,0
2022-01-09 10:00:00,1.9,1032.4,6.0,232.0,7.3,0.499,0.0,0.499,0
2022-01-09 11:00:00,2.6,1031.2,4.6,222.0,5.6,0.079,0.0,0.079,0
2022-01-09 12:00:00,3.1,1030.5,5.8,230.0,6.9,0.039,0.0,0.039,0
2022-01-09 13:00:00,3.7,1030.0,6.4,236.0,7.8,0.121,0.0,0.121,0
2022-01-09 14:00:00,4.6,1029.1,8.4,227.0,9.7,0.259,0.0,0.259,0
2022-01-09 15:00:00,6.3,1028.9,6.0,239.0,7.9,0.827,0.0,0.827,0
2022-01-09 16:00:00,6.7,1027.8,8.5,224.0,10.1,1.178,0.0,1.178,0
2022-01-09 17:00:00,6.8,1025.8,9.3,229.0,10.7,1.529,0.0,1.529,0
2022-01-09 18:00:00,7.8,1024.1,9.4,231.0,12.3,1.581,0.0,1.581,0
2022-01-09 19:00:00,8.8,1022.7,9.6,229.0,11.7,1.575,0.0,1.575,0
2022-01-09 20:00:00,9.5,1022.0,7.5,234.0,9.3,1.319,0.0,1.319,0
2022-01-09 21:00:00,8.0,1020.5,5.3,224.0,6.0,1.001,0.0,1.001,0
2022-01-09 22:00:00,8.9,1019.9,5.5,223.0,6.9,0.666,0.0,0.666,0
2022-01-09 23:00:00,9.2,1019.4,7.0,234.0,8.6,0.18,0.0,0.18,0
2022-01-10 00:00:00,10.3,1019.1,6.7,238.0,8.2,-0.036,0.0,-0.036,0
2022-01-10 01:00:00,10.4,1018.8,4.4,245.0,5.4,-0.056,0.0,-0.056,0
2022-01-10 02:00:00,10.4,1018.3,5.5,261.0,6.5,0.125,0.0,0.125,0
2022-01-10 03:00:00,11.6,1018.0,3.8,292.0,4.9,0.505,0.0,0.505,0
2022-01-10 04:00:00,11.5,1017.9,6.0,300.0,8.2,1.053,0.0,1.053,0
2022-01-10 05:00:00,8.8,1018.5,4.7,322.0,6.0,1.322,0.0,1.322,0
2022-01-10 06:00:00,8.3,1018.4,5.0,329.0,5.7,1.565,0.0,1.565,0
2022-01-10 07:00:00,7.7,1018.8,6.7,345.0,8.4,1.565,0.0,1.565,0
2022-01-10 08:00:00,6.1,1019.4,6.8,342.0,9.2,1.581,0.0,1.581,0
2022-01-10 09:00:00,5.2,1019.8,8.4,335.0,10.5,1.25,0.0,1.25,0
2022-01-10 10:00:00,4.2,1020.4,6.7,343.0,8.3,0.791,0.0,0.791,0
2022-01-10 11:00:00,3.2,1021.3,6.6,340.0,9.5,0.335,0.0,0.335,0
2022-01-10 12:00:00,2.3,1022.9,8.7,340.0,10.9,0.007,0.0,0.007,0
2022-01-10 13:00:00,1.5,1023.9,5.4,343.0,7.1,0.023,0.0,0.023,0
2022-01-10 14:00:00,1.0,1024.6,7.1,343.0,8.9,0.203,0.0,0.203,0
2022-01-10 15:00:00,1.1,1025.1,8.5,356.0,11.2,0.443,0.0,0.443,0
2022-01-10 16:00:00,0.9,1025.3,8.6,6.0,10.3,0.778,0.0,0.778,0
2022-01-10 17:00:00,1.1,1024.7,8.7,326.0,12.1,1.217,0.0,1.217,0
2022-01-10 18:00:00,1.5,1023.9,9.5,341.0,12.4,1.549,0.0,1.549,0
2022-01-10 19:00:00,1.9,1023.7,5.8,327.0,7.8,1.562,0.0,1.562,0
2022-01-10 20:00:00,1.2,1024.2,5.2,316.0,8.1,1.417,0.0,1.417,0
2022-01-10 21:00:00,1.0,1024.3,5.1,323.0,6.3,1.266,0.0,1.266,0
2022-01-10 22:00:00,0.7,1024.4,3.9,335.0,5.4,0.879,0.0,0.879,0
2022-01-10 23:00:00,0.3,1024.4,2.8,348.0,3.6,0.505,0.0,0.505,0
2022-01-11 00:00:00,0.0,1024.5,3.2,353.0,4.1,0.089,0.0,0.089,0
2022-01-11 01:00:00,-0.6,1024.9,1.6,331.0,2.1,-0.102,0.0,-0.102,0
2022-01-11 02:00:00,-1.6,1025.0,1.9,312.0,2.3,-0.033,0.0,-0.033,0
2022-01-11 03:00:00,-1.6,1025.8,2.0,281.0,2.8,0.131,0.0,0.131,0
2022-01-11 04:00:00,-1.5,1026.3,3.8,316.0,5.3,0.453,0.0,0.453,0
2022-01-11 05:00:00,-1.0,1027.0,6.9,323.0,8.7,0.892,0.0,0.892,0
2022-01-11 06:00:00,-1.4,1027.9,7.0,333.0,9.9,1.204,0.0,1.204,0
2022-01-11 07:00:00,-1.6,1028.9,7.4,327.0,9.9,1.286,0.0,1.286,0
2022-01-11 08:00:00,-1.6,1029.3,5.9,336.0,7.4,1.48,0.0,1.48,0
2022-01-11 09:00:00,-2.1,1030.1,6.3,349.0,7.9,1.46,0.0,1.46,0
2022-01-11 10:00:00,-2.4,1030.9,5.5,339.0,6.7,1.142,0.0,1.142,0
2022-01-11 11:00:00,-2.7,1032.3,3.9,337.0,5.2,0.899,0.0,0.899,0
2022-01-11 12:00:00,-3.6,1033.6,6.8,1.0,9.0,0.554,0.0,0.554,0
2022-01-11 13:00:00,-4.3,1034.6,8.0,4.0,9.8,0.075,0.0,0.075,0
2022-01-11 14:00:00,-5.0,1035.5,9.1,8.0,11.0,-0.003,0.0,-0.003,0
2022-01-11 15:00:00,-4.4,1036.5,6.6,358.0,9.1,0.344,0.0,0.344,0
2022-01-11 16:00:00,-4.1,1036.3,4.9,340.0,7.3,0.476,0.0,0.476,0
2022-01-11 17:00:00,-4.2,1035.5,6.2,358.0,7.6,0.856,0.0,0.856,0
2022-01-11 18:00:00,-3.6,1034.9,3.8,26.0,5.4,1.132,0.0,1.132,0
2022-01-11 19:00:00,-3.0,1034.7,5.8,332.0,8.5,1.496,0.0,1.496,0
2022-01-11 20:00:00,-2.6,1035.1,4.8,307.0,5.7,1.562,0.0,1.562,0
2022-01-11 21:00:00,-2.7,1034.9,5.5,11.0,7.4,1.499,0.0,1.499,0
2022-01-11 22:00:00,-2.7,1034.9,6.2,1.0,7.6,1.371,0.0,1.371,0
2022-01-11 23:00:00,-3.0,1035.9,3.3,333.0,4.4,1.07,0.0,1.07,0
2022-01-12 00:00:00,-3.6,1036.5,2.2,313.0,2.5,0.581,0.0,0.581,0
2022-01-12 01:00:00,-4.0,1036.4,2.7,312.0,3.2,0.2,0.0,0.2,0
2022-01-12 02:00:00,-4.7,1036.4,1.8,312.0,2.9,0.161,0.0,0.161,0
2022-01-12 03:00:00,-4.8,1035.9,1.4,278.0,1.9,0.253,0.0,0.253,0
2022-01-12 04:00:00,-4.8,1035.4,2.1,259.0,2.5,0.676,0.0,0.676,0
2022-01-12 05:00:00,-4.0,1034.4,1.2,246.0,1.6,1.106,0.0,1.106,0
2022-01-12 06:00:00,-4.2,1033.7,2.6,282.0,3.0,1.522,0.0,1.522,0
2022-01-12 07:00:00,-3.0,1033.1,3.0,228.0,3.9,1.857,0.0,1.857,0
2022-01-12 08:00:00,-1.9,1032.6,4.1,248.0,5.0,2.06,0.0,2.06,0
2022-01-12 09:00:00,-0.5,1031.0,6.2,232.0,7.3,2.156,0.0,2.156,0
2022-01-12 10:00:00,0.9,1029.9,6.9,237.0,8.7,2.113,0.0,2.113,0
2022-01-12 11:00:00,1.0,1029.8,5.0,238.0,6.5,1.982,0.0,1.982,0
2022-01-12 12:00:00,0.3,1029.6,4.3,246.0,5.2,1.683,0.0,1.683,0
2022-01-12 13:00:00,0.2,1028.7,5.4,236.0,6.8,1.145,0.0,1.145,0
2022-01-12 14:00:00,1.8,1028.3,9.2,230.0,11.6,0.85,0.0,0.85,0
2022-01-12 15:00:00,2.1,1027.8,9.3,233.0,11.9,0.722,0.0,0.722,0
2022-01-12 16:00:00,2.8,1026.8,7.9,229.0,9.4,0.748,0.0,0.748,0
2022-01-12 17:00:00,3.3,1025.0,9.3,234.0,10.9,0.814,0.0,0.814,0
2022-01-12 18:00:00,4.7,1023.1,9.7,230.0,12.3,1.04,0.0,1.04,0
2022-01-12 19:00:00,5.3,1022.3,7.9,229.0,10.3,1.345,0.0,1.345,0
2022-01-12 20:00:00,5.2,1022.1,7.6,227.0,9.2,1.522,0.0,1.522,0
2022-01-12 21:00:00,5.5,1021.9,5.1,237.0,6.2,1.483,0.0,1.483,0
2022-01-12 22:00:00,4.7,1021.4,6.7,236.0,8.3,1.47,0.0,1.47,0
2022-01-12 23:00:00,4.7,1021.6,3.8,240.0,4.4,1.119,0.0,1.119,0
2022-01-13 00:00:00,4.2,1021.5,4.7,235.0,5.4,0.64,0.0,0.64,0
2022-01-13 01:00:00,4.6,1021.4,5.5,227.0,6.4,0.266,0.0,0.266,0
2022-01-13 02:00:00,3.9,1021.2,4.7,230.0,5.4,-0.089,0.0,-0.089,0
2022-01-13 03:00:00,3.5,1021.0,3.9,231.0,4.6,-0.141,0.0,-0.141,0
2022-01-13 04:00:00,3.6,1020.8,4.7,223.0,5.2,-0.013,0.0,-0.013,0
2022-01-13 05:00:00,3.4,1020.4,4.1,232.0,4.7,0.289,0.0,0.289,0
2022-01-13 06:00:00,3.2,1020.2,3.7,223.0,4.2,0.725,0.0,0.725,0
2022-01-13 07:00:00,3.2,1019.9,3.4,233.0,4.0,1.194,0.0,1.194,0
2022-01-13 08:00:00,3.2,1019.4,2.4,241.0,2.8,1.565,0.0,1.565,0
2022-01-13 09:00:00,2.8,1018.6,0.9,239.0,1.2,1.821,0.0,1.821,0
2022-01-13 10:00:00,3.4,1018.3,1.6,272.0,2.0,1.913,0.0,1.913,0
2022-01-13 11:00:00,3.0,1018.0,1.5,261.0,1.9,1.821,0.0,1.821,0
2022-01-13 12:00:00,2.2,1018.2,1.4,239.0,1.6,1.598,0.0,1.598,0
2022-01-13 13:00:00,2.2,1018.2,0.0,247.0,0.2,1.302,0.0,1.302,0
2022-01-13 14:00:00,4.2,1018.2,0.2,247.0,0.4,0.961,0.0,0.961,0
2022-01-13 15:00:00,5.1,1017.9,0.5,247.0,0.8,0.643,0.0,0.643,0
2022-01-13 16:00:00,5.6,1017.3,1.7,17.0,1.9,0.548,0.0,0.548,0
2022-01-13 17:00:00,6.1,1016.2,1.6,87.0,2.1,0.748,0.0,0.748,0
2022-01-13 18:00:00,6.0,1015.0,1.6,82.0,2.3,0.978,0.0,0.978,0
2022-01-13 19:00:00,6.2,1013.8,1.7,84.0,2.5,1.329,0.0,1.329,0
2022-01-13 20:00:00,6.4,1013.4,1.4,87.0,2.2,1.67,0.0,1.67,0
2022-01-13 21:00:00,6.5,1012.8,1.2,64.0,2.3,1.883,0.0,1.883,0
2022-01-13 22:00:00,6.2,1012.5,0.4,79.0,1.2,2.031,0.0,2.031,0
2022-01-13 23:00:00,5.1,1012.3,2.4,15.0,2.9,1.929,0.0,1.929,0
2022-01-14 00:00:00,4.8,1012.0,2.6,24.0,3.3,1.703,0.0,1.703,0
2022-01-14 01:00:00,4.7,1011.4,3.0,6.0,3.7,1.329,0.0,1.329,0
2022-01-14 02:00:00,5.2,1010.8,2.3,25.0,3.4,1.017,0.0,1.017,0
2022-01-14 03:00:00,5.1,1010.2,2.9,24.0,4.3,0.791,0.0,0.791,0
2022-01-14 04:00:00,4.7,1009.9,2.7,26.0,3.9,0.817,0.0,0.817,0
2022-01-14 05:00:00,4.8,1008.8,3.5,20.0,4.5,1.086,0.0,1.086,0
2022-01-14 06:00:00,4.8,1008.3,4.1,12.0,5.3,1.617,0.0,1.617,0
2022-01-14 07:00:00,4.9,1008.1,2.7,31.0,4.0,1.982,0.0,1.982,0
2022-01-14 08:00:00,4.7,1007.4,5.9,3.0,7.4,2.369,0.0,2.369,0
2022-01-14 09:00:00,4.4,1006.7,6.0,5.0,7.8,2.785,0.0,2.785,0
2022-01-14 10:00:00,4.3,1006.9,6.7,356.0,8.6,2.969,0.0,2.969,0
2022-01-14 11:00:00,4.2,1006.7,6.0,1.0,7.5,3.068,0.0,3.068,0
2022-01-14 12:00:00,4.6,1006.5,6.8,7.0,8.0,3.031,0.0,3.031,0
2022-01-14 13:00:00,4.8,1006.5,7.5,14.0,9.3,2.858,0.0,2.858,0
2022-01-14 14:00:00,4.9,1007.2,8.4,6.0,10.4,2.648,0.0,2.648,0
2022-01-14 15:00:00,6.0,1007.5,10.3,4.0,12.8,2.044,0.0,2.044,0
2022-01-14 16:00:00,6.5,1007.7,10.2,10.0,13.4,1.775,0.0,1.775,0
2022-01-14 17:00:00,7.1,1007.4,10.4,4.0,12.6,1.732,0.0,1.732,0
2022-01-14 18:00:00,7.5,1007.4,10.4,5.0,12.9,1.89,0.0,1.89,0
2022-01-14 19:00:00,8.3,1007.4,11.1,5.0,14.1,2.106,0.0,2.106,0
2022-01-14 20:00:00,8.4,1008.0,9.1,360.0,10.8,2.448,0.0,2.448,0
2022-01-14 21:00:00,7.6,1009.0,9.4,336.0,11.4,2.618,0.0,2.618,0
2022-01-14 22:00:00,7.1,1009.7,7.5,343.0,10.6,2.858,0.0,2.858,0
2022-01-14 23:00:00,5.8,1010.9,8.4,339.0,11.9,2.871,0.0,2.871,0
2022-01-15 00:00:00,4.3,1012.1,8.6,335.0,10.9,2.72,0.0,2.72,0
2022-01-15 01:00:00,3.3,1013.2,8.5,343.0,12.0,2.49,0.0,2.49,0
2022-01-15 02:00:00,2.4,1014.0,10.3,356.0,13.4,1.919,0.0,1.919,0
2022-01-15 03:00:00,0.8,1015.1,6.9,336.0,9.3,1.572,0.0,1.572,0
2022-01-15 04:00:00,0.3,1015.7,9.8,344.0,12.9,1.309,0.0,1.309,0
2022-01-15 05:00:00,-0.6,1016.5,7.6,343.0,10.0,1.421,0.0,1.421,0
2022-01-15 06:00:00,-1.3,1017.3,8.0,349.0,11.6,1.591,0.0,1.591,0
2022-01-15 07:00:00,-1.8,1018.6,7.1,352.0,9.2,2.142,0.0,2.142,0
2022-01-15 08:00:00,-2.2,1019.1,7.5,352.0,10.0,2.503,0.0,2.503,0
2022-01-15 09:00:00,-3.0,1019.7,9.3,347.0,11.7,2.844,0.0,2.844,0
2022-01-15 10:00:00,-3.9,1020.1,9.6,3.0,12.2,3.146,0.0,3.146,0
2022-01-15 11:00:00,-4.2,1021.6,8.8,349.0,10.5,3.307,0.0,3.307,0
2022-01-15 12:00:00,-4.5,1022.5,7.2,342.0,9.3,3.294,0.0,3.294,0
2022-01-15 13:00:00,-4.9,1023.6,7.9,2.0,10.0,3.153,0.0,3.153,0
2022-01-15 14:00:00,-4.9,1024.9,7.9,4.0,9.4,2.946,0.0,2.946,0
2022-01-15 15:00:00,-4.3,1026.0,6.7,23.0,9.2,2.375,0.0,2.375,0
2022-01-15 16:00:00,-3.9,1026.5,5.2,27.0,8.6,1.831,0.0,1.831,0
2022-01-15 17:00:00,-4.2,1026.3,6.5,26.0,9.3,1.631,0.0,1.631,0
2022-01-15 18:00:00,-4.1,1026.7,3.5,25.0,5.4,1.617,0.0,1.617,0
2022-01-15 19:00:00,-3.9,1026.5,5.1,33.0,7.0,1.781,0.0,1.781,0
2022-01-15 20:00:00,-3.7,1026.9,5.4,12.0,7.1,2.07,0.0,2.07,0
2022-01-15 21:00:00,-3.7,1027.4,5.1,13.0,6.7,2.474,0.0,2.474,0
2022-01-15 22:00:00,-4.0,1027.9,4.8,11.0,6.2,2.628,0.0,2.628,0
2022-01-15 23:00:00,-3.5,1028.8,5.1,354.0,6.3,2.776,0.0,2.776,0
2022-01-16 00:00:00,-3.9,1028.6,3.9,2.0,4.8,2.71,0.0,2.71,0
2022-01-16 01:00:00,-3.6,1029.1,4.4,345.0,5.5,2.579,0.0,2.579,0
2022-01-16 02:00:00,-3.5,1029.4,4.9,357.0,6.4,2.27,0.0,2.27,0
2022-01-16 03:00:00,-3.5,1029.8,5.0,1.0,5.9,1.857,0.0,1.857,0
2022-01-16 04:00:00,-2.9,1029.7,4.4,23.0,6.6,1.542,0.0,1.542,0
2022-01-16 05:00:00,-3.4,1030.1,3.8,9.0,5.1,1.345,0.0,1.345,0
2022-01-16 06:00:00,-3.5,1028.6,3.4,16.0,5.0,1.401,0.0,1.401,0
2022-01-16 07:00:00,-2.7,1029.2,2.7,36.0,6.5,1.434,0.0,1.434,0
2022-01-16 08:00:00,-3.3,1029.1,3.9,38.0,6.1,2.303,0.0,2.303,0
2022-01-16 09:00:00,-2.1,1028.5,3.2,74.0,5.4,2.405,0.0,2.405,0
2022-01-16 10:00:00,-1.3,1028.5,3.8,74.0,5.7,2.894,0.0,2.894,0
2022-01-16 11:00:00,-0.5,1028.0,4.1,79.0,6.3,3.009,0.0,3.009,0
2022-01-16 12:00:00,0.1,1027.4,4.3,76.0,6.7,3.11,0.0,3.11,0
2022-01-16 13:00:00,0.7,1028.0,3.1,83.0,4.6,3.022,0.0,3.022,0
2022-01-16 14:00:00,1.6,1027.3,3.5,72.0,5.0,2.953,0.0,2.953,0
2022-01-16 15:00:00,2.8,1026.6,4.1,96.0,6.0,2.251,0.0,2.251,0
2022-01-16 16:00:00,3.7,1025.4,5.4,107.0,7.3,1.847,0.0,1.847,0
2022-01-16 17:00:00,4.1,1023.6,4.5,83.0,7.8,1.286,0.0,1.286,0
2022-01-16 18:00:00,5.4,1021.1,5.3,89.0,7.8,1.401,0.0,1.401,0
2022-01-16 19:00:00,6.1,1018.9,5.2,101.0,9.2,1.102,0.0,1.102,0
2022-01-16 20:00:00,6.5,1017.0,6.7,101.0,10.7,1.67,0.0,1.67,0
2022-01-16 21:00:00,6.8,1015.6,5.6,102.0,9.2,2.037,0.0,2.037,0
2022-01-16 22:00:00,7.2,1013.6,6.8,104.0,11.5,2.329,0.0,2.329,0
2022-01-16 23:00:00,7.8,1011.1,5.7,99.0,8.7,2.717,0.0,2.717,0
2022-01-17 00:00:00,8.4,1008.1,7.9,102.0,11.6,2.943,0.0,2.943,0
2022-01-17 01:00:00,9.4,1005.2,8.3,115.0,12.4,2.795,0.0,2.795,0
2022-01-17 02:00:00,10.1,1001.2,8.9,119.0,12.2,2.835,0.0,2.835,0
2022-01-17 03:00:00,10.5,997.4,9.5,120.0,14.3,2.789,0.0,2.789,0
2022-01-17 04:00:00,10.9,992.9,12.2,124.0,17.5,2.759,0.0,2.759,0
2022-01-17 05:00:00,8.3,994.0,4.5,191.0,6.9,2.867,0.0,2.867,0
2022-01-17 06:00:00,8.3,991.9,11.7,213.0,14.1,1.617,0.0,1.617,0
2022-01-17 07:00:00,6.7,991.4,7.7,224.0,9.3,1.959,0.0,1.959,0
2022-01-17 08:00:00,6.3,991.1,9.2,220.0,11.5,2.641,0.0,2.641,0
2022-01-17 09:00:00,5.9,989.3,7.9,230.0,9.6,2.884,0.0,2.884,0
2022-01-17 10:00:00,5.1,989.6,10.0,228.0,12.2,3.031,0.0,3.031,0
2022-01-17 11:00:00,3.5,990.0,10.4,235.0,13.8,3.409,0.0,3.409,0
2022-01-17 12:00:00,4.0,990.5,10.5,257.0,13.5,3.553,0.0,3.553,0
2022-01-17 13:00:00,4.0,991.1,9.2,247.0,12.5,3.638,0.0,3.638,0
2022-01-17 14:00:00,4.3,991.6,11.8,258.0,15.4,3.481,0.0,3.481,0
2022-01-17 15:00:00,4.7,992.3,9.5,249.0,11.7,3.005,0.0,3.005,0
2022-01-17 16:00:00,5.1,992.7,8.4,249.0,10.8,2.644,0.0,2.644,0
2022-01-17 17:00:00,5.6,992.3,8.6,254.0,10.9,2.064,0.0,2.064,0
2022-01-17 18:00:00,5.8,992.0,8.5,275.0,12.1,1.611,0.0,1.611,0
2022-01-17 19:00:00,5.6,993.0,8.6,276.0,12.3,1.644,0.0,1.644,0
2022-01-17 20:00:00,5.6,994.3,8.3,292.0,12.4,1.437,0.0,1.437,0
2022-01-17 21:00:00,5.3,995.3,7.1,305.0,10.5,1.722,0.0,1.722,0
2022-01-17 22:00:00,4.3,996.6,9.1,294.0,12.7,2.018,0.0,2.018,0
2022-01-17 23:00:00,3.1,998.5,7.7,315.0,9.8,2.054,0.0,2.054,0
2022-01-18 00:00:00,2.6,999.9,9.5,303.0,16.1,1.995,0.0,1.995,0
2022-01-18 01:00:00,2.2,1001.2,8.9,292.0,11.7,1.969,0.0,1.969,0
2022-01-18 02:00:00,2.2,1002.4,8.7,306.0,12.5,1.604,0.0,1.604,0
2022-01-18 03:00:00,2.1,1003.3,8.2,306.0,12.1,1.342,0.0,1.342,0
2022-01-18 04:00:00,1.8,1004.8,6.5,302.0,9.2,0.801,0.0,0.801,0
2022-01-18 05:00:00,1.5,1005.4,7.0,302.0,9.7,0.282,0.0,0.282,0
2022-01-18 06:00:00,1.3,1006.4,7.7,303.0,10.9,-0.043,0.0,-0.043,0
2022-01-18 07:00:00,1.1,1007.5,7.6,310.0,11.1,-0.174,0.0,-0.174,0
2022-01-18 08:00:00,1.3,1008.9,7.6,319.0,10.4,0.125,0.0,0.125,0
2022-01-18 09:00:00,1.6,1010.0,8.4,312.0,10.6,0.682,0.0,0.682,0
2022-01-18 10:00:00,1.6,1011.7,5.3,320.0,7.9,1.073,0.0,1.073,0
2022-01-18 11:00:00,1.6,1013.2,6.2,317.0,9.1,1.572,0.0,1.572,0
2022-01-18 12:00:00,1.4,1014.5,4.4,306.0,5.8,1.946,0.0,1.946,0
2022-01-18 13:00:00,1.6,1015.8,5.4,303.0,8.9,2.113,0.0,2.113,0
2022-01-18 14:00:00,2.6,1017.1,4.4,304.0,6.6,1.988,0.0,1.988,0
2022-01-18 15:00:00,3.3,1018.1,5.6,304.0,8.5,1.703,0.0,1.703,0
2022-01-18 16:00:00,3.6,1018.7,7.8,300.0,10.3,1.135,0.0,1.135,0
2022-01-18 17:00:00,3.8,1018.6,7.8,295.0,9.9,0.666,0.0,0.666,0
2022-01-18 18:00:00,3.9,1018.9,4.8,300.0,7.1,0.102,0.0,0.102,0
2022-01-18 19:00:00,3.9,1019.4,6.3,314.0,8.2,-0.115,0.0,-0.115,0
2022-01-18 20:00:00,4.1,1019.6,5.9,314.0,9.1,-0.197,0.0,-0.197,0
2022-01-18 21:00:00,3.9,1020.5,6.3,313.0,9.2,-0.03,0.0,-0.03,0
2022-01-18 22:00:00,3.3,1021.6,4.6,329.0,6.2,0.449,0.0,0.449,0
2022-01-18 23:00:00,2.6,1022.9,2.8,311.0,3.7,0.955,0.0,0.955,0
2022-01-19 00:00:00,1.8,1023.6,1.5,284.0,1.9,1.243,0.0,1.243,0
2022-01-19 01:00:00,0.9,1024.3,1.7,232.0,1.9,1.381,0.0,1.381,0
2022-01-19 02:00:00,0.7,1024.5,2.1,259.0,2.6,1.214,0.0,1.214,0
2022-01-19 03:00:00,0.6,1025.2,1.9,241.0,2.2,0.997,0.0,0.997,0
2022-01-19 04:00:00,0.8,1025.2,1.3,264.0,1.6,0.495,0.0,0.495,0
2022-01-19 05:00:00,0.6,1024.9,0.3,291.0,0.5,-0.007,0.0,-0.007,0
2022-01-19 06:00:00,0.5,1024.8,0.4,229.0,0.9,-0.463,0.0,-0.463,0
2022-01-19 07:00:00,0.2,1025.1,1.1,239.0,1.6,-0.594,0.0,-0.594,0
2022-01-19 08:00:00,0.6,1025.2,2.7,231.0,3.2,-0.459,0.0,-0.459,0
2022-01-19 09:00:00,2.6,1024.8,3.7,221.0,6.1,0.062,0.0,0.062,0
2022-01-19 10:00:00,3.0,1024.5,5.3,239.0,6.2,0.604,0.0,0.604,0
2022-01-19 11:00:00,5.1,1024.3,8.5,212.0,10.0,1.027,0.0,1.027,0
2022-01-19 12:00:00,4.8,1024.4,6.6,218.0,7.7,1.496,0.0,1.496,0
2022-01-19 13:00:00,4.4,1024.1,6.3,237.0,7.5,1.791,0.0,1.791,0
2022-01-19 14:00:00,4.6,1024.1,8.1,233.0,9.6,1.87,0.0,1.87,0
2022-01-19 15:00:00,5.3,1024.2,8.1,228.0,10.3,1.611,0.0,1.611,0
2022-01-19 16:00:00,5.6,1023.5,10.2,225.0,12.2,1.115,0.0,1.115,0
2022-01-19 17:00:00,6.7,1021.8,9.2,234.0,11.1,0.561,0.0,0.561,0
2022-01-19 18:00:00,6.4,1020.6,10.4,222.0,12.2,0.0,0.0,0.0,0
2022-01-19 19:00:00,7.4,1019.9,9.4,230.0,12.4,-0.351,0.0,-0.351,0
2022-01-19 20:00:00,7.2,1019.7,7.4,233.0,8.6,-0.492,0.0,-0.492,0
2022-01-19 21:00:00,6.9,1019.6,7.1,218.0,8.1,-0.394,0.0,-0.394,0
2022-01-19 22:00:00,6.7,1019.2,4.5,226.0,5.1,-0.023,0.0,-0.023,0
2022-01-19 23:00:00,7.1,1019.6,7.5,231.0,9.1,0.42,0.0,0.42,0
2022-01-20 00:00:00,6.5,1019.6,6.7,233.0,8.0,0.853,0.0,0.853,0
2022-01-20 01:00:00,7.1,1019.6,5.8,233.0,6.7,1.22,0.0,1.22,0
2022-01-20 02:00:00,7.2,1019.2,6.2,222.0,7.6,1.247,0.0,1.247,0
2022-01-20 03:00:00,7.5,1019.3,6.3,222.0,7.1,1.165,0.0,1.165,0
2022-01-20 04:00:00,6.8,1019.0,6.8,221.0,7.9,0.86,0.0,0.86,0
2022-01-20 05:00:00,7.0,1019.0,4.8,224.0,5.4,0.335,0.0,0.335,0
2022-01-20 06:00:00,6.3,1018.6,4.9,226.0,5.7,-0.089,0.0,-0.089,0
2022-01-20 07:00:00,5.7,1018.4,4.4,217.0,4.8,-0.446,0.0,-0.446,0
2022-01-20 08:00:00,5.6,1018.4,4.7,225.0,5.4,-0.466,0.0,-0.466,0
2022-01-20 09:00:00,5.5,1017.7,5.1,224.0,5.9,-0.19,0.0,-0.19,0
2022-01-20 10:00:00,5.2,1017.7,2.8,239.0,3.1,0.331,0.0,0.331,0
2022-01-20 11:00:00,4.8,1018.3,1.5,241.0,1.7,0.843,0.0,0.843,0
2022-01-20 12:00:00,4.9,1018.5,0.0,196.0,0.0,1.335,0.0,1.335,0
2022-01-20 13:00:00,5.3,1019.0,1.1,239.0,1.5,1.775,0.0,1.775,0
2022-01-20 14:00:00,5.9,1020.0,2.0,8.0,2.7,2.054,0.0,2.054,0
2022-01-20 15:00:00,6.1,1021.0,4.1,13.0,4.9,1.988,0.0,1.988,0
2022-01-20 16:00:00,5.4,1021.2,5.4,25.0,8.1,1.821,0.0,1.821,0
2022-01-20 17:00:00,4.6,1021.4,4.7,25.0,6.7,1.342,0.0,1.342,0
2022-01-20 18:00:00,4.0,1021.4,6.4,1.0,7.4,0.607,0.0,0.607,0
2022-01-20 19:00:00,3.1,1021.4,7.3,7.0,8.8,0.246,0.0,0.246,0
2022-01-20 20:00:00,2.5,1021.7,7.6,11.0,9.2,0.049,0.0,0.049,0
2022-01-20 21:00:00,1.4,1023.0,6.3,4.0,8.0,0.092,0.0,0.092,0
2022-01-20 22:00:00,0.7,1023.7,7.4,5.0,9.2,0.279,0.0,0.279,0
2022-01-20 23:00:00,0.5,1024.7,6.7,1.0,8.5,0.879,0.0,0.879,0
2022-01-21 00:00:00,0.0,1025.8,7.0,7.0,9.2,1.365,0.0,1.365,0
2022-01-21 01:00:00,-0.8,1026.7,5.7,31.0,7.6,1.709,0.0,1.709,0
2022-01-21 02:00:00,-0.3,1027.4,5.8,24.0,9.2,2.011,0.0,2.011,0
2022-01-21 03:00:00,0.2,1027.8,7.1,12.0,9.3,2.021,0.0,2.021,0
2022-01-21 04:00:00,-0.4,1028.0,8.2,359.0,10.1,1.946,0.0,1.946,0
2022-01-21 05:00:00,-1.2,1028.0,8.6,5.0,10.5,1.637,0.0,1.637,0
2022-01-21 06:00:00,-2.0,1028.0,8.4,2.0,10.2,1.188,0.0,1.188,0
2022-01-21 07:00:00,-2.1,1028.3,9.1,15.0,12.8,0.617,0.0,0.617,0
2022-01-21 08:00:00,-2.5,1029.0,8.9,20.0,12.8,0.476,0.0,0.476,0
2022-01-21 09:00:00,-2.7,1029.3,6.8,22.0,10.1,0.6,0.0,0.6,0
2022-01-21 10:00:00,-3.3,1029.6,7.3,26.0,12.1,0.974,0.0,0.974,0
2022-01-21 11:00:00,-3.8,1030.9,8.0,22.0,12.4,1.499,0.0,1.499,0
2022-01-21 12:00:00,-4.4,1031.8,7.9,29.0,11.8,1.969,0.0,1.969,0
2022-01-21 13:00:00,-4.5,1032.4,7.2,26.0,10.9,2.382,0.0,2.382,0
2022-01-21 14:00:00,-4.6,1032.6,7.6,31.0,10.7,2.733,0.0,2.733,0
2022-01-21 15:00:00,-4.4,1033.6,6.9,27.0,12.2,2.828,0.0,2.828,0
2022-01-21 16:00:00,-4.0,1033.5,7.9,22.0,11.2,2.749,0.0,2.749,0
2022-01-21 17:00:00,-3.5,1033.0,7.7,22.0,12.5,2.513,0.0,2.513,0
2022-01-21 18:00:00,-3.2,1032.3,8.2,19.0,11.5,2.047,0.0,2.047,0
2022-01-21 19:00:00,-3.4,1032.3,7.8,30.0,11.6,1.447,0.0,1.447,0
2022-01-21 20:00:00,-3.1,1032.1,7.8,31.0,10.9,0.873,0.0,0.873,0
2022-01-21 21:00:00,-2.9,1032.5,6.1,29.0,9.8,0.696,0.0,0.696,0
2022-01-21 22:00:00,-2.9,1032.2,7.7,27.0,11.3,0.846,0.0,0.846,0
2022-01-21 23:00:00,-2.4,1032.6,6.5,29.0,9.7,1.214,0.0,1.214,0
2022-01-22 00:00:00,-2.4,1032.7,7.3,32.0,10.7,1.585,0.0,1.585,0
2022-01-22 01:00:00,-2.4,1032.2,7.1,30.0,10.2,1.988,0.0,1.988,0
2022-01-22 02:00:00,-2.5,1032.1,6.8,30.0,10.5,2.362,0.0,2.362,0
2022-01-22 03:00:00,-2.4,1031.8,7.6,25.0,11.1,2.569,0.0,2.569,0
2022-01-22 04:00:00,-2.9,1031.5,7.7,9.0,10.0,2.582,0.0,2.582,0
2022-01-22 05:00:00,-3.3,1030.4,8.5,3.0,11.0,2.369,0.0,2.369,0
2022-01-22 06:00:00,-2.9,1029.0,8.8,8.0,11.4,2.087,0.0,2.087,0
2022-01-22 07:00:00,-3.3,1028.2,9.0,5.0,10.6,1.604,0.0,1.604,0
2022-01-22 08:00:00,-2.6,1027.5,9.2,15.0,11.0,1.237,0.0,1.237,0
2022-01-22 09:00:00,-2.9,1027.3,9.3,10.0,11.9,1.102,0.0,1.102,0
2022-01-22 10:00:00,-2.6,1027.7,9.2,11.0,11.6,1.086,0.0,1.086,0
2022-01-22 11:00:00,-2.8,1028.4,9.0,3.0,12.1,1.499,0.0,1.499,0
2022-01-22 12:00:00,-3.5,1028.8,8.0,7.0,9.4,1.893,0.0,1.893,0
2022-01-22 13:00:00,-3.1,1029.1,7.7,6.0,9.9,2.32,0.0,2.32,0
2022-01-22 14:00:00,-3.0,1029.0,8.7,8.0,10.3,2.717,0.0,2.717,0
2022-01-22 15:00:00,-2.7,1029.2,8.5,10.0,11.1,2.982,0.0,2.982,0
2022-01-22 16:00:00,-2.0,1029.3,6.3,22.0,9.3,2.949,0.0,2.949,0
2022-01-22 17:00:00,-1.6,1028.1,5.3,19.0,8.6,2.766,0.0,2.766,0
2022-01-22 18:00:00,-1.2,1027.1,4.8,20.0,6.6,2.441,0.0,2.441,0
2022-01-22 19:00:00,-0.6,1026.1,4.0,28.0,5.4,1.893,0.0,1.893,0
2022-01-22 20:00:00,0.1,1025.8,3.5,27.0,4.5,1.401,0.0,1.401,0
2022-01-22 21:00:00,0.1,1024.9,3.1,38.0,4.6,1.115,0.0,1.115,0
2022-01-22 22:00:00,-0.3,1024.8,2.0,33.0,3.3,1.004,0.0,1.004,0
2022-01-22 23:00:00,-1.2,1024.7,1.2,66.0,1.7,1.168,0.0,1.168,0
2022-01-23 00:00:00,-1.2,1024.6,1.4,27.0,2.1,1.44,0.0,1.44,0
2022-01-23 01:00:00,-1.7,1024.3,1.2,312.0,1.3,1.886,0.0,1.886,0
2022-01-23 02:00:00,-2.4,1024.2,2.3,311.0,2.6,2.228,0.0,2.228,0
2022-01-23 03:00:00,-2.2,1023.9,1.8,308.0,2.1,2.428,0.0,2.428,0
2022-01-23 04:00:00,-2.5,1023.0,1.5,271.0,1.9,2.625,0.0,2.625,0
2022-01-23 05:00:00,-2.3,1022.1,2.0,249.0,2.3,2.438,0.0,2.438,0
2022-01-23 06:00:00,-3.0,1021.3,1.7,294.0,2.0,2.329,0.0,2.329,0
2022-01-23 07:00:00,-2.3,1020.8,2.3,270.0,2.8,1.68,0.0,1.68,0
2022-01-23 08:00:00,-2.9,1020.1,1.7,243.0,2.1,1.434,0.0,1.434,0
2022-01-23 09:00:00,-3.0,1019.4,1.7,246.0,2.1,1.024,0.0,1.024,0
2022-01-23 10:00:00,-3.0,1019.1,2.0,232.0,2.8,0.873,0.0,0.873,0
2022-01-23 11:00:00,-2.9,1019.0,1.8,229.0,2.4,0.988,0.0,0.988,0
2022-01-23 12:00:00,-2.8,1018.9,1.6,234.0,2.0,1.339,0.0,1.339,0
2022-01-23 13:00:00,-2.7,1019.0,2.3,270.0,2.8,1.772,0.0,1.772,0
2022-01-23 14:00:00,-1.8,1018.1,2.2,288.0,3.0,2.136,0.0,2.136,0
2022-01-23 15:00:00,-0.2,1017.5,1.7,336.0,2.3,2.454,0.0,2.454,0
2022-01-23 16:00:00,0.4,1016.7,1.6,26.0,2.2,2.661,0.0,2.661,0
2022-01-23 17:00:00,1.0,1015.3,2.3,98.0,3.0,2.612,0.0,2.612,0
2022-01-23 18:00:00,1.0,1014.0,2.2,128.0,2.9,2.418,0.0,2.418,0
2022-01-23 19:00:00,1.3,1013.0,2.2,183.0,2.8,1.991,0.0,1.991,0
2022-01-23 20:00:00,1.3,1012.4,2.4,183.0,4.0,1.575,0.0,1.575,0
2022-01-23 21:00:00,1.9,1011.6,3.5,190.0,4.8,1.115,0.0,1.115,0
2022-01-23 22:00:00,1.1,1011.5,3.7,236.0,4.3,0.912,0.0,0.912,0
2022-01-23 23:00:00,1.2,1011.2,3.8,227.0,4.7,0.886,0.0,0.886,0
2022-01-24 00:00:00,1.0,1011.0,2.8,243.0,3.7,1.043,0.0,1.043,0
2022-01-24 01:00:00,1.2,1010.9,3.3,240.0,4.0,1.407,0.0,1.407,0
2022-01-24 02:00:00,1.3,1011.0,2.1,228.0,2.4,1.824,0.0,1.824,0
2022-01-24 03:00:00,1.5,1010.5,1.5,223.0,1.8,2.159,0.0,2.159,0
2022-01-24 04:00:00,1.7,1010.2,2.3,234.0,3.4,2.395,0.0,2.395,0
2022-01-24 05:00:00,1.6,1010.0,3.6,270.0,4.7,2.441,0.0,2.441,0
2022-01-24 06:00:00,1.9,1010.5,4.6,291.0,5.4,2.362,0.0,2.362,0
2022-01-24 07:00:00,1.6,1010.7,4.6,318.0,5.6,2.06,0.0,2.06,0
2022-01-24 08:00:00,1.5,1011.1,3.9,328.0,4.8,1.558,0.0,1.558,0
2022-01-24 09:00:00,0.7,1011.6,3.1,336.0,3.7,1.171,0.0,1.171,0
2022-01-24 10:00:00,0.1,1012.3,2.8,321.0,3.3,0.83,0.0,0.83,0
2022-01-24 11:00:00,0.3,1013.0,4.3,351.0,6.0,0.732,0.0,0.732,0
2022-01-24 12:00:00,0.0,1014.2,4.0,351.0,4.9,1.004,0.0,1.004,0
2022-01-24 13:00:00,0.0,1014.9,3.5,1.0,4.2,1.358,0.0,1.358,0
2022-01-24 14:00:00,0.1,1015.4,5.0,7.0,5.9,1.762,0.0,1.762,0
2022-01-24 15:00:00,0.6,1015.7,3.4,15.0,4.7,2.133,0.0,2.133,0
2022-01-24 16:00:00,1.5,1015.6,3.0,28.0,4.5,2.372,0.0,2.372,0
2022-01-24 17:00:00,2.1,1014.8,3.1,81.0,4.4,2.513,0.0,2.513,0
2022-01-24 18:00:00,2.1,1014.4,2.2,73.0,3.4,2.477,0.0,2.477,0
2022-01-24 19:00:00,2.7,1014.2,2.6,141.0,3.5,2.283,0.0,2.283,0
2022-01-24 20:00:00,3.0,1014.1,1.6,155.0,2.4,1.873,0.0,1.873,0
2022-01-24 21:00:00,2.8,1013.5,3.2,153.0,4.6,1.512,0.0,1.512,0
2022-01-24 22:00:00,2.7,1013.8,3.3,190.0,4.1,1.158,0.0,1.158,0
2022-01-24 23:00:00,3.3,1013.9,4.1,201.0,5.3,1.04,0.0,1.04,0
2022-01-25 00:00:00,3.8,1013.7,4.5,189.0,6.2,0.991,0.0,0.991,0
2022-01-25 01:00:00,4.4,1013.6,5.3,199.0,6.3,1.135,0.0,1.135,0
2022-01-25 02:00:00,4.6,1013.4,5.2,198.0,6.7,1.572,0.0,1.572,0
2022-01-25 03:00:00,5.0,1013.6,6.8,204.0,8.3,2.021,0.0,2.021,0
2022-01-25 04:00:00,4.9,1013.6,7.4,222.0,8.9,2.323,0.0,2.323,0
2022-01-25 05:00:00,4.7,1013.1,6.3,224.0,7.6,2.52,0.0,2.52,0
2022-01-25 06:00:00,4.5,1012.5,5.8,229.0,6.9,2.559,0.0,2.559,0
2022-01-25 07:00:00,4.5,1012.8,6.2,217.0,7.1,2.52,0.0,2.52,0
2022-01-25 08:00:00,4.2,1012.6,5.1,223.0,6.1,2.228,0.0,2.228,0
2022-01-25 09:00:00,4.8,1012.5,4.6,230.0,5.7,1.742,0.0,1.742,0
2022-01-25 10:00:00,4.3,1012.6,4.0,219.0,4.5,1.309,0.0,1.309,0
2022-01-25 11:00:00,4.2,1013.3,4.9,216.0,5.7,0.971,0.0,0.971,0
2022-01-25 12:00:00,4.0,1014.0,5.0,225.0,5.8,0.853,0.0,0.853,0
2022-01-25 13:00:00,4.0,1014.6,4.6,219.0,5.2,1.02,0.0,1.02,0
2022-01-25 14:00:00,4.4,1015.4,2.9,228.0,3.5,1.286,0.0,1.286,0
2022-01-25 15:00:00,4.9,1016.0,1.7,245.0,2.1,1.673,0.0,1.673,0
2022-01-25 16:00:00,5.2,1016.2,1.6,243.0,2.1,2.001,0.0,2.001,0
2022-01-25 17:00:00,4.8,1015.9,1.3,228.0,1.5,2.215,0.0,2.215,0
2022-01-25 18:00:00,5.2,1015.5,0.1,239.0,0.4,2.297,0.0,2.297,0
2022-01-25 19:00:00,6.2,1015.6,1.4,33.0,1.7,2.205,0.0,2.205,0
2022-01-25 20:00:00,6.4,1016.2,0.8,50.0,1.5,2.014,0.0,2.014,0
2022-01-25 21:00:00,5.6,1016.7,2.2,32.0,2.9,1.637,0.0,1.637,0
2022-01-25 22:00:00,4.7,1017.6,2.7,17.0,3.7,1.217,0.0,1.217,0
2022-01-25 23:00:00,5.2,1018.8,4.8,2.0,5.8,0.794,0.0,0.794,0
2022-01-26 00:00:00,4.3,1020.0,6.8,9.0,8.4,0.666,0.0,0.666,0
2022-01-26 01:00:00,3.5,1020.5,6.5,11.0,7.9,0.689,0.0,0.689,0
2022-01-26 02:00:00,2.8,1021.1,5.6,7.0,7.3,0.961,0.0,0.961,0
2022-01-26 03:00:00,2.1,1021.9,6.9,8.0,9.0,1.457,0.0,1.457,0
2022-01-26 04:00:00,1.3,1022.3,7.2,0.0,9.1,1.923,0.0,1.923,0
2022-01-26 05:00:00,0.7,1022.8,7.5,3.0,9.3,2.244,0.0,2.244,0
2022-01-26 06:00:00,0.3,1022.8,7.2,3.0,8.8,2.549,0.0,2.549,0
2022-01-26 07:00:00,0.2,1023.3,7.4,10.0,9.2,2.628,0.0,2.628,0
2022-01-26 08:00:00,-0.1,1024.3,6.5,348.0,8.8,2.618,0.0,2.618,0
2022-01-26 09:00:00,-0.8,1024.6,8.0,358.0,9.9,2.418,0.0,2.418,0
2022-01-26 10:00:00,-1.4,1025.2,9.0,358.0,10.5,1.89,0.0,1.89,0
2022-01-26 11:00:00,-1.8,1026.1,9.2,355.0,11.2,1.316,0.0,1.316,0
2022-01-26 12:00:00,-2.7,1027.4,7.9,353.0,9.5,0.938,0.0,0.938,0
2022-01-26 13:00:00,-2.8,1028.4,6.3,350.0,9.8,0.886,0.0,0.886,0
2022-01-26 14:00:00,-2.7,1029.2,7.7,353.0,11.0,0.961,0.0,0.961,0
2022-01-26 15:00:00,-2.3,1029.6,7.9,12.0,10.5,1.299,0.0,1.299,0
2022-01-26 16:00:00,-2.0,1029.5,6.6,2.0,7.8,1.631,0.0,1.631,0
2022-01-26 17:00:00,-2.0,1028.9,6.2,8.0,7.7,1.89,0.0,1.89,0
2022-01-26 18:00:00,-1.1,1028.3,6.3,359.0,8.4,2.136,0.0,2.136,0
2022-01-26 19:00:00,-0.7,1028.2,6.2,11.0,7.9,2.205,0.0,2.205,0
2022-01-26 20:00:00,-0.8,1028.5,7.6,15.0,9.7,2.083,0.0,2.083,0
2022-01-26 21:00:00,-1.3,1028.9,5.1,31.0,6.5,1.791,0.0,1.791,0
2022-01-26 22:00:00,-1.2,1029.7,3.1,20.0,4.4,1.49,0.0,1.49,0
2022-01-26 23:00:00,-1.3,1030.7,5.6,16.0,8.3,0.994,0.0,0.994,0
2022-01-27 00:00:00,-1.4,1031.4,5.6,10.0,6.8,0.558,0.0,0.558,0
2022-01-27 01:00:00,-1.9,1032.0,4.7,352.0,6.1,0.256,0.0,0.256,0
2022-01-27 02:00:00,-2.3,1032.4,5.6,2.0,6.6,0.394,0.0,0.394,0
2022-01-27 03:00:00,-2.4,1032.8,4.2,345.0,5.7,0.669,0.0,0.669,0
2022-01-27 04:00:00,-2.6,1033.0,3.8,353.0,4.6,1.273,0.0,1.273,0
2022-01-27 05:00:00,-2.6,1032.9,3.6,349.0,4.7,1.66,0.0,1.66,0
2022-01-27 06:00:00,-3.4,1033.0,3.8,337.0,4.7,2.041,0.0,2.041,0
2022-01-27 07:00:00,-3.5,1032.9,3.1,332.0,3.6,2.326,0.0,2.326,0
2022-01-27 08:00:00,-3.0,1032.5,2.5,28.0,4.2,2.461,0.0,2.461,0
2022-01-27 09:00:00,-2.5,1032.1,3.1,16.0,4.0,2.418,0.0,2.418,0
2022-01-27 10:00:00,-3.4,1032.3,3.1,337.0,3.7,2.178,0.0,2.178,0
2022-01-27 11:00:00,-4.7,1032.6,2.2,333.0,2.7,1.654,0.0,1.654,0
2022-01-27 12:00:00,-4.2,1032.8,2.4,342.0,2.8,1.119,0.0,1.119,0
2022-01-27 13:00:00,-4.0,1032.8,1.7,340.0,2.2,0.814,0.0,0.814,0
2022-01-27 14:00:00,-2.0,1032.8,1.8,15.0,2.6,0.673,0.0,0.673,0
2022-01-27 15:00:00,-0.8,1033.1,0.3,77.0,1.1,0.738,0.0,0.738,0
2022-01-27 16:00:00,-0.2,1033.0,1.7,200.0,2.3,0.837,0.0,0.837,0
2022-01-27 17:00:00,0.7,1031.8,0.4,146.0,1.1,1.234,0.0,1.234,0
2022-01-27 18:00:00,0.5,1030.4,0.5,128.0,1.9,1.555,0.0,1.555,0
2022-01-27 19:00:00,0.7,1029.3,1.1,246.0,1.6,1.834,0.0,1.834,0
2022-01-27 20:00:00,0.8,1028.3,1.9,131.0,3.2,1.913,0.0,1.913,0
2022-01-27 21:00:00,1.6,1028.6,0.9,166.0,1.4,1.886,0.0,1.886,0
2022-01-27 22:00:00,0.7,1028.2,1.6,175.0,2.0,1.729,0.0,1.729,0
2022-01-27 23:00:00,0.2,1027.8,2.1,182.0,3.1,1.306,0.0,1.306,0
2022-01-28 00:00:00,0.2,1027.7,0.7,299.0,1.3,0.85,0.0,0.85,0
2022-01-28 01:00:00,-0.2,1027.8,0.4,262.0,1.1,0.449,0.0,0.449,0
2022-01-28 02:00:00,-0.7,1027.2,1.2,282.0,1.5,0.194,0.0,0.194,0
2022-01-28 03:00:00,-0.5,1026.5,1.8,253.0,2.2,0.338,0.0,0.338,0
2022-01-28 04:00:00,-0.4,1026.3,1.5,264.0,1.8,0.771,0.0,0.771,0
2022-01-28 05:00:00,-0.2,1025.4,1.0,248.0,1.5,1.23,0.0,1.23,0
2022-01-28 06:00:00,0.0,1024.7,1.0,267.0,1.3,1.713,0.0,1.713,0
2022-01-28 07:00:00,0.3,1024.4,1.2,292.0,1.4,2.106,0.0,2.106,0
2022-01-28 08:00:00,0.2,1024.0,1.0,223.0,1.3,2.457,0.0,2.457,0
2022-01-28 09:00:00,0.9,1022.9,2.1,195.0,2.8,2.595,0.0,2.595,0
2022-01-28 10:00:00,1.1,1022.4,1.3,225.0,1.7,2.51,0.0,2.51,0
2022-01-28 11:00:00,0.9,1022.2,0.3,257.0,0.5,2.287,0.0,2.287,0
2022-01-28 12:00:00,2.2,1022.2,1.5,164.0,2.3,1.86,0.0,1.86,0
2022-01-28 13:00:00,2.8,1022.1,1.5,189.0,2.1,1.257,0.0,1.257,0
2022-01-28 14:00:00,2.2,1021.5,1.1,31.0,1.5,0.797,0.0,0.797,0
2022-01-28 15:00:00,2.2,1021.7,0.9,34.0,1.0,0.548,0.0,0.548,0
2022-01-28 16:00:00,3.0,1021.5,1.3,23.0,1.4,0.515,0.0,0.515,0
2022-01-28 17:00:00,3.3,1020.7,1.6,21.0,2.2,0.82,0.0,0.82,0
2022-01-28 18:00:00,3.5,1018.7,2.5,29.0,3.5,1.158,0.0,1.158,0
2022-01-28 19:00:00,3.5,1017.9,2.0,67.0,3.1,1.644,0.0,1.644,0
2022-01-28 20:00:00,3.1,1017.1,2.3,52.0,6.0,1.932,0.0,1.932,0
2022-01-28 21:00:00,3.9,1016.5,2.2,74.0,3.9,2.067,0.0,2.067,0
2022-01-28 22:00:00,3.2,1015.3,5.4,32.0,7.2,2.136,0.0,2.136,0
2022-01-28 23:00:00,3.3,1014.6,4.9,32.0,6.7,2.057,0.0,2.057,0
2022-01-29 00:00:00,3.4,1014.2,3.1,39.0,6.3,1.608,0.0,1.608,0
2022-01-29 01:00:00,2.5,1014.7,4.8,37.0,8.5,1.106,0.0,1.106,0
2022-01-29 02:00:00,1.2,1012.8,6.7,29.0,10.1,0.82,0.0,0.82,0
2022-01-29 03:00:00,0.6,1011.4,6.0,24.0,10.5,0.587,0.0,0.587,0
2022-01-29 04:00:00,0.3,1010.7,8.0,9.0,10.9,0.912,0.0,0.912,0
2022-01-29 05:00:00,0.0,1009.0,8.6,14.0,11.3,1.325,0.0,1.325,0
2022-01-29 06:00:00,-0.1,1007.7,9.8,12.0,13.1,2.051,0.0,2.051,0
2022-01-29 07:00:00,-0.1,1005.6,11.8,15.0,17.0,2.562,0.0,2.562,0
2022-01-29 08:00:00,-0.2,1004.8,11.7,13.0,15.3,3.153,0.0,3.153,0
2022-01-29 09:00:00,-0.6,1004.1,11.4,4.0,13.3,3.527,0.0,3.527,0
2022-01-29 10:00:00,-1.3,1003.6,12.4,1.0,16.3,3.727,0.0,3.727,0
2022-01-29 11:00:00,-1.8,1003.7,13.4,360.0,18.0,3.757,0.0,3.757,0
2022-01-29 12:00:00,-2.4,1004.3,12.4,348.0,15.2,3.684,0.0,3.684,0
2022-01-29 13:00:00,-2.6,1005.1,11.6,346.0,14.8,3.366,0.0,3.366,0
2022-01-29 14:00:00,-3.6,1005.6,11.5,342.0,15.7,2.779,0.0,2.779,0
2022-01-29 15:00:00,-4.1,1006.7,9.7,341.0,11.4,2.129,0.0,2.129,0
2022-01-29 16:00:00,-4.5,1007.6,10.6,340.0,14.0,1.713,0.0,1.713,0
2022-01-29 17:00:00,-5.2,1007.6,12.8,333.0,16.5,1.739,0.0,1.739,0
2022-01-29 18:00:00,-5.7,1007.8,10.9,334.0,13.9,1.818,0.0,1.818,0
2022-01-29 19:00:00,-5.1,1007.9,9.7,339.0,12.4,2.247,0.0,2.247,0
2022-01-29 20:00:00,-5.6,1008.3,10.6,333.0,14.3,2.71,0.0,2.71,0
2022-01-29 21:00:00,-4.7,1008.8,8.0,327.0,10.3,2.956,0.0,2.956,0
2022-01-29 22:00:00,-5.6,1009.5,7.6,331.0,9.6,3.1,0.0,3.1,0
2022-01-29 23:00:00,-5.0,1010.2,8.5,328.0,11.2,3.14,0.0,3.14,0
2022-01-30 00:00:00,-5.0,1011.3,6.4,319.0,9.1,2.933,0.0,2.933,0
2022-01-30 01:00:00,-5.3,1012.1,6.6,319.0,9.8,2.5,0.0,2.5,0
2022-01-30 02:00:00,-5.5,1012.7,5.8,316.0,7.1,1.841,0.0,1.841,0
2022-01-30 03:00:00,-5.8,1013.0,6.3,325.0,7.9,1.391,0.0,1.391,0
2022-01-30 04:00:00,-5.6,1013.6,9.0,333.0,11.8,1.122,0.0,1.122,0
2022-01-30 05:00:00,-5.9,1014.5,9.4,333.0,13.6,1.138,0.0,1.138,0
2022-01-30 06:00:00,-6.4,1015.2,7.1,337.0,8.4,1.375,0.0,1.375,0
2022-01-30 07:00:00,-6.6,1016.3,7.3,339.0,10.0,1.975,0.0,1.975,0
2022-01-30 08:00:00,-7.0,1017.0,5.5,337.0,6.7,2.556,0.0,2.556,0
2022-01-30 09:00:00,-7.3,1017.9,5.3,329.0,7.4,2.982,0.0,2.982,0
2022-01-30 10:00:00,-8.1,1018.7,4.3,324.0,5.0,3.317,0.0,3.317,0
2022-01-30 11:00:00,-9.1,1019.8,3.5,309.0,4.6,3.471,0.0,3.471,0
2022-01-30 12:00:00,-9.2,1020.9,2.4,305.0,4.1,3.474,0.0,3.474,0
2022-01-30 13:00:00,-8.6,1021.6,4.0,312.0,5.5,3.248,0.0,3.248,0
2022-01-30 14:00:00,-6.9,1021.8,2.9,310.0,4.8,2.687,0.0,2.687,0
2022-01-30 15:00:00,-5.7,1021.8,4.5,319.0,5.8,1.955,0.0,1.955,0
2022-01-30 16:00:00,-4.9,1021.6,4.9,334.0,5.9,1.414,0.0,1.414,0
2022-01-30 17:00:00,-3.9,1021.0,3.6,305.0,4.6,1.178,0.0,1.178,0
2022-01-30 18:00:00,-2.9,1020.0,2.2,277.0,4.1,1.05,0.0,1.05,0
2022-01-30 19:00:00,-1.9,1019.5,4.2,303.0,5.3,1.145,0.0,1.145,0
2022-01-30 20:00:00,-1.3,1019.2,2.4,304.0,3.4,1.453,0.0,1.453,0
2022-01-30 21:00:00,-1.3,1019.0,5.3,224.0,6.4,1.991,0.0,1.991,0
2022-01-30 22:00:00,-2.2,1019.5,4.9,232.0,5.7,2.372,0.0,2.372,0
2022-01-30 23:00:00,-2.4,1020.5,4.0,237.0,4.7,2.444,0.0,2.444,0
2022-01-31 00:00:00,-2.0,1021.4,1.9,251.0,2.4,2.205,0.0,2.205,0
2022-01-31 01:00:00,-1.9,1022.1,1.2,293.0,1.5,1.781,0.0,1.781,0
2022-01-31 02:00:00,-2.0,1022.7,1.6,348.0,1.9,1.263,0.0,1.263,0
2022-01-31 03:00:00,-1.8,1023.3,1.0,71.0,1.2,0.643,0.0,0.643,0
2022-01-31 04:00:00,-1.6,1023.2,1.0,50.0,1.3,0.066,0.0,0.066,0
2022-01-31 05:00:00,-0.7,1023.3,0.6,84.0,1.3,-0.305,0.0,-0.305,0
2022-01-31 06:00:00,-0.2,1022.8,1.6,85.0,2.3,-0.308,0.0,-0.308,0
2022-01-31 07:00:00,0.2,1022.6,2.9,83.0,4.2,0.062,0.0,0.062,0
2022-01-31 08:00:00,0.3,1022.5,2.8,83.0,4.3,0.686,0.0,0.686,0
2022-01-31 09:00:00,0.6,1022.7,2.9,76.0,4.5,1.503,0.0,1.503,0
2022-01-31 10:00:00,0.9,1023.3,3.4,77.0,4.8,2.087,0.0,2.087,0
2022-01-31 11:00:00,1.4,1024.1,3.6,81.0,5.6,2.474,0.0,2.474,0
2022-01-31 12:00:00,1.4,1024.7,4.1,85.0,6.0,2.625,0.0,2.625,0
2022-01-31 13:00:00,1.9,1025.3,4.4,92.0,6.6,2.536,0.0,2.536,0
2022-01-31 14:00:00,2.4,1026.2,4.2,86.0,7.3,2.251,0.0,2.251,0
2022-01-31 15:00:00,2.7,1026.7,4.1,86.0,6.9,1.614,0.0,1.614,0
2022-01-31 16:00:00,3.2,1027.2,3.5,80.0,5.3,0.797,0.0,0.797,0
2022-01-31 17:00:00,3.2,1026.9,3.6,69.0,5.7,0.194,0.0,0.194,0
2022-01-31 18:00:00,2.9,1026.5,2.9,74.0,4.6,-0.121,0.0,-0.121,0
2022-01-31 19:00:00,2.6,1026.2,3.4,71.0,6.2,-0.052,0.0,-0.052,0
2022-01-31 20:00:00,2.8,1026.7,2.9,80.0,6.2,0.21,0.0,0.21,0
2022-01-31 21:00:00,2.6,1026.9,3.4,70.0,6.1,0.863,0.0,0.863,0
2022-01-31 22:00:00,2.1,1027.0,2.2,53.0,5.1,1.552,0.0,1.552,0
2022-01-31 23:00:00,1.9,1027.7,3.1,74.0,6.4,1.982,0.0,1.982,0
2022-02-01 00:00:00,2.1,1028.6,3.9,68.0,6.8,2.192,0.0,2.192,0
2022-02-01 01:00:00,2.2,1029.3,3.4,72.0,5.8,2.087,0.0,2.087,0
2022-02-01 02:00:00,2.4,1029.5,4.9,70.0,8.0,1.775,0.0,1.775,0
2022-02-01 03:00:00,2.7,1030.1,3.5,72.0,6.0,1.227,0.0,1.227,0
2022-02-01 04:00:00,3.1,1030.1,4.7,75.0,7.1,0.574,0.0,0.574,0
2022-02-01 05:00:00,2.8,1030.2,2.6,50.0,4.2,-0.016,0.0,-0.016,0
2022-02-01 06:00:00,2.7,1030.0,2.9,48.0,6.1,-0.236,0.0,-0.236,0
2022-02-01 07:00:00,2.5,1030.4,2.6,40.0,5.5,-0.135,0.0,-0.135,0
2022-02-01 08:00:00,0.2,1030.6,4.2,10.0,5.1,0.41,0.0,0.41,0
2022-02-01 09:00:00,-0.2,1030.5,4.3,20.0,5.6,1.263,0.0,1.263,0
2022-02-01 10:00:00,0.5,1030.9,4.7,18.0,5.9,1.864,0.0,1.864,0
2022-02-01 11:00:00,-0.6,1031.8,4.4,1.0,5.3,2.448,0.0,2.448,0
2022-02-01 12:00:00,-1.2,1032.8,4.0,4.0,4.4,2.789,0.0,2.789,0
2022-02-01 13:00:00,-0.6,1033.0,4.9,19.0,5.7,2.936,0.0,2.936,0
2022-02-01 14:00:00,0.6,1033.3,4.8,12.0,5.8,2.858,0.0,2.858,0
2022-02-01 15:00:00,2.1,1033.5,4.1,8.0,5.1,2.516,0.0,2.516,0
2022-02-01 16:00:00,3.5,1033.5,4.3,36.0,6.0,1.929,0.0,1.929,0
2022-02-01 17:00:00,3.3,1033.3,4.8,37.0,6.7,1.089,0.0,1.089,0
2022-02-01 18:00:00,3.8,1033.1,3.8,35.0,6.0,0.538,0.0,0.538,0
2022-02-01 19:00:00,3.0,1032.7,3.6,28.0,5.4,0.328,0.0,0.328,0
2022-02-01 20:00:00,3.5,1032.4,4.3,29.0,6.3,0.495,0.0,0.495,0
2022-02-01 21:00:00,3.8,1032.0,2.1,58.0,4.9,0.86,0.0,0.86,0
2022-02-01 22:00:00,3.4,1032.3,2.6,28.0,4.3,1.657,0.0,1.657,0
2022-02-01 23:00:00,3.4,1032.7,2.1,32.0,3.0,2.126,0.0,2.126,0
2022-02-02 00:00:00,2.7,1033.4,2.6,12.0,3.0,2.467,0.0,2.467,0
2022-02-02 01:00:00,2.5,1033.9,2.7,24.0,3.9,2.598,0.0,2.598,0
2022-02-02 02:00:00,3.0,1033.6,2.1,34.0,3.3,2.507,0.0,2.507,0
2022-02-02 03:00:00,2.7,1033.8,2.7,6.0,3.1,2.254,0.0,2.254,0
2022-02-02 04:00:00,3.0,1033.4,1.5,30.0,2.5,1.703,0.0,1.703,0
2022-02-02 05:00:00,2.5,1032.9,2.5,6.0,2.9,0.955,0.0,0.955,0
2022-02-02 06:00:00,1.6,1032.4,2.9,14.0,3.4,0.446,0.0,0.446,0
2022-02-02 07:00:00,1.6,1032.2,3.1,10.0,3.6,0.269,0.0,0.269,0
2022-02-02 08:00:00,1.3,1031.8,2.9,15.0,3.6,0.427,0.0,0.427,0
2022-02-02 09:00:00,1.3,1031.6,3.2,10.0,3.6,0.928,0.0,0.928,0
2022-02-02 10:00:00,1.1,1031.6,3.6,11.0,4.1,1.614,0.0,1.614,0
2022-02-02 11:00:00,1.2,1031.5,3.4,8.0,4.2,2.162,0.0,2.162,0
2022-02-02 12:00:00,1.3,1031.4,2.2,20.0,3.3,2.713,0.0,2.713,0
2022-02-02 13:00:00,1.8,1031.3,2.5,16.0,3.0,3.012,0.0,3.012,0
2022-02-02 14:00:00,2.7,1031.6,3.8,10.0,5.0,3.127,0.0,3.127,0
2022-02-02 15:00:00,2.8,1032.1,3.2,7.0,3.9,2.93,0.0,2.93,0
2022-02-02 16:00:00,3.8,1032.2,3.6,3.0,4.4,2.546,0.0,2.546,0
2022-02-02 17:00:00,4.3,1031.1,1.7,15.0,2.1,1.795,0.0,1.795,0
2022-02-02 18:00:00,5.1,1030.5,2.7,7.0,3.2,1.135,0.0,1.135,0
2022-02-02 19:00:00,5.5,1030.3,2.2,16.0,2.7,0.62,0.0,0.62,0
2022-02-02 20:00:00,5.5,1029.9,2.0,28.0,2.8,0.479,0.0,0.479,0
2022-02-02 21:00:00,6.0,1029.0,2.1,83.0,3.4,0.663,0.0,0.663,0
2022-02-02 22:00:00,5.3,1029.1,2.0,97.0,2.6,1.086,0.0,1.086,0
2022-02-02 23:00:00,4.9,1028.6,2.0,106.0,3.0,1.736,0.0,1.736,0
2022-02-03 00:00:00,4.3,1028.8,1.1,132.0,1.8,2.201,0.0,2.201,0
2022-02-03 01:00:00,3.8,1028.6,0.0,103.0,0.0,2.53,0.0,2.53,0
2022-02-03 02:00:00,3.4,1028.5,0.1,289.0,0.4,2.562,0.0,2.562,0
2022-02-03 03:00:00,3.3,1027.8,0.0,306.0,0.0,2.444,0.0,2.444,0
2022-02-03 04:00:00,3.1,1027.8,0.6,300.0,0.9,2.057,0.0,2.057,0
2022-02-03 05:00:00,3.1,1027.8,0.9,309.0,1.0,1.424,0.0,1.424,0
2022-02-03 06:00:00,3.2,1027.4,0.3,292.0,0.9,0.791,0.0,0.791,0
2022-02-03 07:00:00,3.3,1027.3,0.0,306.0,0.5,0.312,0.0,0.312,0
2022-02-03 08:00:00,3.3,1027.0,1.0,180.0,1.2,0.18,0.0,0.18,0
2022-02-03 09:00:00,3.3,1026.8,0.3,162.0,0.5,0.469,0.0,0.469,0
2022-02-03 10:00:00,3.5,1026.5,0.0,125.0,0.0,0.899,0.0,0.899,0
2022-02-03 11:00:00,2.9,1027.1,1.1,31.0,1.6,1.585,0.0,1.585,0
2022-02-03 12:00:00,3.8,1027.1,0.9,75.0,1.4,2.152,0.0,2.152,0
2022-02-03 13:00:00,3.3,1027.5,2.9,16.0,3.3,2.595,0.0,2.595,0
2022-02-03 14:00:00,3.8,1027.9,2.3,24.0,3.0,2.858,0.0,2.858,0
2022-02-03 15:00:00,5.3,1027.3,1.9,74.0,2.7,2.841,0.0,2.841,0
2022-02-03 16:00:00,5.3,1027.0,0.3,117.0,0.9,2.605,0.0,2.605,0
2022-02-03 17:00:00,6.1,1025.9,1.2,163.0,1.7,2.172,0.0,2.172,0
2022-02-03 18:00:00,6.9,1024.7,2.2,196.0,2.7,1.365,0.0,1.365,0
2022-02-03 19:00:00,6.9,1023.8,3.0,192.0,3.9,0.807,0.0,0.807,0
2022-02-03 20:00:00,6.2,1023.4,2.9,198.0,3.7,0.43,0.0,0.43,0
2022-02-03 21:00:00,6.0,1022.8,2.6,195.0,3.3,0.417,0.0,0.417,0
2022-02-03 22:00:00,8.3,1023.0,4.1,235.0,5.0,0.692,0.0,0.692,0
2022-02-03 23:00:00,6.8,1022.3,4.1,204.0,5.0,1.211,0.0,1.211,0
2022-02-04 00:00:00,8.4,1022.1,5.5,221.0,7.6,1.657,0.0,1.657,0
2022-02-04 01:00:00,7.0,1022.1,5.6,216.0,6.2,2.165,0.0,2.165,0
2022-02-04 02:00:00,7.0,1021.3,5.6,217.0,6.1,2.444,0.0,2.444,0
2022-02-04 03:00:00,10.2,1020.9,5.6,225.0,6.5,2.493,0.0,2.493,0
2022-02-04 04:00:00,7.5,1020.4,4.9,221.0,5.7,2.26,0.0,2.26,0
2022-02-04 05:00:00,8.7,1019.9,6.1,226.0,7.3,1.985,0.0,1.985,0
2022-02-04 06:00:00,8.3,1019.0,4.9,224.0,6.3,1.25,0.0,1.25,0
2022-02-04 07:00:00,6.9,1018.0,6.1,205.0,7.1,0.699,0.0,0.699,0
2022-02-04 08:00:00,7.2,1017.1,6.9,207.0,8.2,0.249,0.0,0.249,0
2022-02-04 09:00:00,7.5,1015.8,8.4,214.0,9.9,0.243,0.0,0.243,0
2022-02-04 10:00:00,7.9,1014.7,9.3,217.0,10.6,0.459,0.0,0.459,0
2022-02-04 11:00:00,9.9,1014.9,7.6,237.0,9.5,0.974,0.0,0.974,0
2022-02-04 12:00:00,9.4,1015.3,8.8,229.0,10.9,1.44,0.0,1.44,0
2022-02-04 13:00:00,8.2,1015.3,8.0,226.0,10.3,1.988,0.0,1.988,0
2022-02-04 14:00:00,9.0,1015.3,6.8,235.0,8.7,2.379,0.0,2.379,0
2022-02-04 15:00:00,8.7,1015.1,7.2,223.0,8.9,2.484,0.0,2.484,0
2022-02-04 16:00:00,8.1,1014.7,7.5,220.0,8.7,2.326,0.0,2.326,0
2022-02-04 17:00:00,6.9,1013.3,5.5,224.0,6.4,1.965,0.0,1.965,0
2022-02-04 18:00:00,10.1,1012.0,9.0,236.0,11.3,1.43,0.0,1.43,0
2022-02-04 19:00:00,8.1,1011.7,4.4,222.0,7.3,1.027,0.0,1.027,0
2022-02-04 20:00:00,10.1,1011.1,9.1,234.0,10.9,0.361,0.0,0.361,0
2022-02-04 21:00:00,7.9,1012.9,8.3,356.0,10.4,0.039,0.0,0.039,0
2022-02-04 22:00:00,6.2,1014.4,7.9,342.0,11.2,0.059,0.0,0.059,0
2022-02-04 23:00:00,5.6,1015.4,5.1,340.0,6.5,0.24,0.0,0.24,0
2022-02-05 00:00:00,4.9,1015.7,3.6,4.0,4.7,0.735,0.0,0.735,0
2022-02-05 01:00:00,3.7,1017.1,6.4,325.0,8.0,1.371,0.0,1.371,0
2022-02-05 02:00:00,2.9,1017.3,3.8,331.0,4.7,1.926,0.0,1.926,0
2022-02-05 03:00:00,1.9,1017.3,6.8,357.0,9.1,2.201,0.0,2.201,0
2022-02-05 04:00:00,1.1,1018.0,6.6,352.0,8.6,2.244,0.0,2.244,0
2022-02-05 05:00:00,0.7,1017.4,6.4,344.0,7.8,2.096,0.0,2.096,0
2022-02-05 06:00:00,0.3,1017.4,7.4,338.0,9.3,1.604,0.0,1.604,0
2022-02-05 07:00:00,0.2,1017.6,9.0,342.0,11.3,1.004,0.0,1.004,0
2022-02-05 08:00:00,0.1,1018.1,7.0,342.0,10.5,0.499,0.0,0.499,0
2022-02-05 09:00:00,0.0,1019.1,7.1,347.0,9.6,0.249,0.0,0.249,0
2022-02-05 10:00:00,-0.2,1020.4,8.0,360.0,10.3,0.098,0.0,0.098,0
2022-02-05 11:00:00,-0.2,1021.5,7.4,349.0,10.3,0.571,0.0,0.571,0
2022-02-05 12:00:00,-0.1,1022.8,7.2,346.0,9.2,1.083,0.0,1.083,0
2022-02-05 13:00:00,-0.2,1024.5,7.0,350.0,9.0,1.617,0.0,1.617,0
2022-02-05 14:00:00,0.2,1025.7,7.3,336.0,9.7,2.1,0.0,2.1,0
2022-02-05 15:00:00,0.3,1026.5,11.2,338.0,14.3,2.362,0.0,2.362,0
2022-02-05 16:00:00,0.6,1027.4,10.9,324.0,13.1,2.474,0.0,2.474,0
2022-02-05 17:00:00,0.6,1028.2,10.4,354.0,13.1,2.267,0.0,2.267,0
2022-02-05 18:00:00,0.5,1028.0,9.2,326.0,11.0,1.919,0.0,1.919,0
2022-02-05 19:00:00,0.3,1027.9,10.0,342.0,12.4,1.106,0.0,1.106,0
2022-02-05 20:00:00,0.5,1028.7,7.5,349.0,9.3,0.558,0.0,0.558,0
2022-02-05 21:00:00,0.5,1029.7,7.6,3.0,10.5,0.131,0.0,0.131,0
2022-02-05 22:00:00,0.2,1031.3,5.7,329.0,7.3,-0.013,0.0,-0.013,0
2022-02-05 23:00:00,-0.4,1032.4,6.1,358.0,8.2,0.062,0.0,0.062,0
2022-02-06 00:00:00,-0.9,1034.2,5.0,5.0,6.0,0.397,0.0,0.397,0
2022-02-06 01:00:00,-1.4,1034.5,7.4,12.0,9.5,0.978,0.0,0.978,0
2022-02-06 02:00:00,-1.9,1035.1,6.6,354.0,8.5,1.47,0.0,1.47,0
2022-02-06 03:00:00,-2.3,1035.4,5.9,358.0,7.0,1.86,0.0,1.86,0
2022-02-06 04:00:00,-2.5,1035.9,5.1,2.0,7.0,2.103,0.0,2.103,0
2022-02-06 05:00:00,-2.8,1035.8,4.7,3.0,5.6,1.982,0.0,1.982,0
2022-02-06 06:00:00,-2.6,1035.7,4.9,18.0,6.2,1.768,0.0,1.768,0
2022-02-06 07:00:00,-3.0,1035.7,4.6,37.0,6.9,1.483,0.0,1.483,0
2022-02-06 08:00:00,-3.3,1035.7,2.5,51.0,4.5,0.797,0.0,0.797,0
2022-02-06 09:00:00,-3.2,1035.7,3.9,32.0,5.7,0.358,0.0,0.358,0
2022-02-06 10:00:00,-3.1,1036.5,2.4,40.0,4.4,0.066,0.0,0.066,0
2022-02-06 11:00:00,-3.0,1037.3,3.3,33.0,4.4,0.157,0.0,0.157,0
2022-02-06 12:00:00,-3.1,1037.7,3.9,1.0,4.7,0.456,0.0,0.456,0
2022-02-06 13:00:00,-3.4,1038.0,3.0,341.0,3.6,1.02,0.0,1.02,0
2022-02-06 14:00:00,-1.5,1038.0,2.2,75.0,4.2,1.404,0.0,1.404,0
2022-02-06 15:00:00,-1.4,1037.5,3.6,48.0,7.5,1.847,0.0,1.847,0
2022-02-06 16:00:00,-0.6,1037.0,3.7,39.0,7.5,2.09,0.0,2.09,0
2022-02-06 17:00:00,0.1,1036.5,1.5,46.0,2.8,2.142,0.0,2.142,0
2022-02-06 18:00:00,1.3,1035.0,2.8,30.0,5.5,1.919,0.0,1.919,0
2022-02-06 19:00:00,2.4,1034.3,2.1,66.0,3.7,1.549,0.0,1.549,0
2022-02-06 20:00:00,2.9,1034.3,2.3,99.0,3.6,1.076,0.0,1.076,0
2022-02-06 21:00:00,2.7,1033.9,3.0,76.0,4.4,0.715,0.0,0.715,0
2022-02-06 22:00:00,2.6,1033.4,2.4,79.0,4.2,0.433,0.0,0.433,0
2022-02-06 23:00:00,3.0,1033.2,4.1,75.0,6.2,0.407,0.0,0.407,0
2022-02-07 00:00:00,3.0,1033.0,3.4,76.0,5.4,0.505,0.0,0.505,0
2022-02-07 01:00:00,3.6,1032.7,3.3,72.0,4.7,1.001,0.0,1.001,0
2022-02-07 02:00:00,3.8,1032.1,3.4,69.0,5.0,1.463,0.0,1.463,0
2022-02-07 03:00:00,3.7,1031.6,1.5,58.0,2.4,1.932,0.0,1.932,0
2022-02-07 04:00:00,3.7,1031.1,3.1,47.0,5.4,2.254,0.0,2.254,0
2022-02-07 05:00:00,3.7,1030.8,2.8,35.0,4.0,2.372,0.0,2.372,0
2022-02-07 06:00:00,4.1,1030.3,2.2,35.0,3.4,2.339,0.0,2.339,0
2022-02-07 07:00:00,4.3,1029.5,1.6,31.0,2.2,2.215,0.0,2.215,0
2022-02-07 08:00:00,5.1,1028.5,1.7,55.0,4.2,1.85,0.0,1.85,0
2022-02-07 09:00:00,4.2,1028.0,2.2,27.0,3.2,1.348,0.0,1.348,0
2022-02-07 10:00:00,3.8,1027.1,3.7,26.0,5.1,0.948,0.0,0.948,0
2022-02-07 11:00:00,3.8,1027.1,3.6,29.0,5.4,0.735,0.0,0.735,0
2022-02-07 12:00:00,4.0,1026.8,3.5,10.0,4.6,0.896,0.0,0.896,0
2022-02-07 13:00:00,3.9,1026.5,4.5,10.0,5.3,1.086,0.0,1.086,0
2022-02-07 14:00:00,4.0,1026.1,4.5,11.0,5.5,1.526,0.0,1.526,0
2022-02-07 15:00:00,4.0,1025.5,2.9,28.0,4.3,1.841,0.0,1.841,0
2022-02-07 16:00:00,4.4,1024.9,3.3,19.0,4.8,2.09,0.0,2.09,0
2022-02-07 17:00:00,5.0,1023.8,4.3,355.0,5.3,2.264,0.0,2.264,0
2022-02-07 18:00:00,5.5,1022.3,4.2,355.0,5.0,2.192,0.0,2.192,0
2022-02-07 19:00:00,5.4,1021.7,3.4,358.0,4.1,1.995,0.0,1.995,0
2022-02-07 20:00:00,5.0,1021.5,4.7,3.0,5.7,1.631,0.0,1.631,0
2022-02-07 21:00:00,4.7,1021.1,4.0,2.0,4.5,1.289,0.0,1.289,0
2022-02-07 22:00:00,4.2,1020.2,5.2,7.0,6.2,0.906,0.0,0.906,0
2022-02-07 23:00:00,4.0,1019.4,5.7,9.0,6.4,0.712,0.0,0.712,0
2022-02-08 00:00:00,3.7,1019.2,3.8,11.0,5.0,0.856,0.0,0.856,0
2022-02-08 01:00:00,3.6,1018.1,5.0,9.0,6.8,0.814,0.0,0.814,0
2022-02-08 02:00:00,3.6,1016.8,7.6,5.0,9.4,1.467,0.0,1.467,0
2022-02-08 03:00:00,3.5,1016.4,5.2,9.0,6.4,1.985,0.0,1.985,0
2022-02-08 04:00:00,3.5,1015.1,4.7,5.0,5.6,2.303,0.0,2.303,0
2022-02-08 05:00:00,3.7,1015.0,5.3,351.0,6.1,2.556,0.0,2.556,0
2022-02-08 06:00:00,3.9,1015.0,4.4,343.0,5.2,2.769,0.0,2.769,0
2022-02-08 07:00:00,3.7,1014.0,5.6,334.0,7.1,2.661,0.0,2.661,0
2022-02-08 08:00:00,3.6,1014.7,5.7,312.0,8.0,2.664,0.0,2.664,0
2022-02-08 09:00:00,3.7,1014.8,4.4,330.0,6.4,2.343,0.0,2.343,0
2022-02-08 10:00:00,3.6,1015.7,4.7,323.0,6.1,1.588,0.0,1.588,0
2022-02-08 11:00:00,3.2,1016.4,5.5,325.0,7.6,1.217,0.0,1.217,0
2022-02-08 12:00:00,2.5,1017.5,3.1,318.0,4.4,1.312,0.0,1.312,0
2022-02-08 13:00:00,2.5,1018.0,3.0,311.0,4.2,1.253,0.0,1.253,0
2022-02-08 14:00:00,3.0,1018.5,5.2,323.0,6.8,1.414,0.0,1.414,0
2022-02-08 15:00:00,4.2,1018.4,4.0,333.0,4.8,1.637,0.0,1.637,0
2022-02-08 16:00:00,6.1,1018.5,4.4,307.0,5.5,1.919,0.0,1.919,0
2022-02-08 17:00:00,6.7,1018.0,3.8,322.0,5.1,2.178,0.0,2.178,0
2022-02-08 18:00:00,7.1,1017.5,4.5,315.0,6.8,2.29,0.0,2.29,0
2022-02-08 19:00:00,7.2,1017.2,4.0,285.0,4.9,2.136,0.0,2.136,0
2022-02-08 20:00:00,7.0,1017.2,4.4,315.0,5.9,1.893,0.0,1.893,0
2022-02-08 21:00:00,6.8,1017.5,3.8,318.0,4.9,1.608,0.0,1.608,0
2022-02-08 22:00:00,6.9,1018.1,3.1,285.0,3.9,1.211,0.0,1.211,0
2022-02-08 23:00:00,5.5,1018.9,2.6,273.0,3.2,0.886,0.0,0.886,0
2022-02-09 00:00:00,4.5,1020.0,2.3,278.0,3.0,0.614,0.0,0.614,0
2022-02-09 01:00:00,3.9,1020.6,3.2,330.0,4.0,0.64,0.0,0.64,0
2022-02-09 02:00:00,3.5,1021.3,2.0,310.0,2.3,0.853,0.0,0.853,0
2022-02-09 03:00:00,2.6,1021.4,1.5,347.0,2.2,1.132,0.0,1.132,0
2022-02-09 04:00:00,2.0,1021.1,0.4,324.0,0.6,1.535,0.0,1.535,0
2022-02-09 05:00:00,1.7,1021.2,0.5,347.0,0.8,1.86,0.0,1.86,0
2022-02-09 06:00:00,0.7,1021.0,0.0,266.0,0.0,2.014,0.0,2.014,0
2022-02-09 07:00:00,1.2,1020.9,0.0,151.0,0.0,2.06,0.0,2.06,0
2022-02-09 08:00:00,0.5,1021.2,0.4,28.0,0.6,1.929,0.0,1.929,0
2022-02-09 09:00:00,1.0,1020.9,1.4,28.0,1.9,1.775,0.0,1.775,0
2022-02-09 10:00:00,1.0,1020.5,0.6,61.0,1.2,1.339,0.0,1.339,0
2022-02-09 11:00:00,2.4,1021.2,1.1,133.0,1.5,0.984,0.0,0.984,0
2022-02-09 12:00:00,2.4,1021.1,1.0,126.0,1.4,0.65,0.0,0.65,0
2022-02-09 13:00:00,4.1,1021.7,1.4,152.0,2.0,0.489,0.0,0.489,0
2022-02-09 14:00:00,5.2,1021.4,1.9,106.0,2.7,0.545,0.0,0.545,0
2022-02-09 15:00:00,4.8,1021.8,2.3,192.0,3.2,0.659,0.0,0.659,0
2022-02-09 16:00:00,5.2,1021.3,1.2,192.0,1.7,0.922,0.0,0.922,0
2022-02-09 17:00:00,5.5,1020.2,1.3,193.0,1.6,1.319,0.0,1.319,0
2022-02-09 18:00:00,6.2,1019.1,1.5,193.0,1.9,1.503,0.0,1.503,0
2022-02-09 19:00:00,7.3,1018.1,1.6,190.0,2.2,1.496,0.0,1.496,0
2022-02-09 20:00:00,7.9,1017.4,1.8,191.0,2.8,1.424,0.0,1.424,0
2022-02-09 21:00:00,6.8,1017.0,1.2,188.0,1.7,1.312,0.0,1.312,0
2022-02-09 22:00:00,6.6,1016.4,1.7,202.0,2.1,1.043,0.0,1.043,0
2022-02-09 23:00:00,5.3,1016.4,1.4,202.0,1.8,0.817,0.0,0.817,0
2022-02-10 00:00:00,5.3,1016.5,1.1,193.0,1.7,0.404,0.0,0.404,0
2022-02-10 01:00:00,7.0,1016.2,4.2,151.0,6.3,0.19,0.0,0.19,0
2022-02-10 02:00:00,6.9,1016.0,3.3,154.0,4.5,0.354,0.0,0.354,0
2022-02-10 03:00:00,7.0,1015.8,2.7,142.0,4.0,0.633,0.0,0.633,0
2022-02-10 04:00:00,6.9,1015.7,1.2,254.0,1.6,1.099,0.0,1.099,0
2022-02-10 05:00:00,5.4,1014.7,0.0,192.0,0.1,1.421,0.0,1.421,0
2022-02-10 06:00:00,4.0,1014.4,0.0,192.0,0.0,1.693,0.0,1.693,0
2022-02-10 07:00:00,3.8,1014.2,2.3,259.0,2.5,1.949,0.0,1.949,0
2022-02-10 08:00:00,5.3,1013.6,2.2,246.0,2.5,2.008,0.0,2.008,0
2022-02-10 09:00:00,4.8,1013.2,2.7,221.0,3.2,2.028,0.0,2.028,0
2022-02-10 10:00:00,6.1,1013.5,3.6,252.0,4.3,1.821,0.0,1.821,0
2022-02-10 11:00:00,6.3,1014.1,4.8,275.0,6.3,1.522,0.0,1.522,0
2022-02-10 12:00:00,5.8,1014.9,6.1,291.0,7.7,1.122,0.0,1.122,0
2022-02-10 13:00:00,5.9,1015.5,5.4,295.0,7.1,0.778,0.0,0.778,0
2022-02-10 14:00:00,7.4,1016.0,4.7,295.0,6.5,0.594,0.0,0.594,0
2022-02-10 15:00:00,7.4,1016.1,3.5,209.0,4.1,0.692,0.0,0.692,0
2022-02-10 16:00:00,10.7,1015.9,4.2,259.0,5.5,0.781,0.0,0.781,0
2022-02-10 17:00:00,7.4,1015.2,4.9,195.0,6.7,0.971,0.0,0.971,0
2022-02-10 18:00:00,7.3,1014.0,6.0,203.0,8.1,1.165,0.0,1.165,0
2022-02-10 19:00:00,13.7,1013.1,9.0,280.0,11.7,1.453,0.0,1.453,0
2022-02-10 20:00:00,13.7,1012.9,9.6,271.0,11.7,1.558,0.0,1.558,0
2022-02-10 21:00:00,8.6,1013.4,2.9,200.0,4.1,1.486,0.0,1.486,0
2022-02-10 22:00:00,6.6,1013.8,5.4,213.0,6.3,1.325,0.0,1.325,0
2022-02-10 23:00:00,8.5,1014.8,5.5,228.0,6.5,1.03,0.0,1.03,0
2022-02-11 00:00:00,6.9,1015.3,2.1,197.0,2.4,0.62,0.0,0.62,0
2022-02-11 01:00:00,5.8,1015.4,2.9,216.0,3.2,0.348,0.0,0.348,0
2022-02-11 02:00:00,5.5,1015.4,2.5,223.0,2.7,0.302,0.0,0.302,0
2022-02-11 03:00:00,5.7,1015.4,2.5,217.0,3.0,0.436,0.0,0.436,0
2022-02-11 04:00:00,7.8,1015.3,1.9,335.0,2.3,0.791,0.0,0.791,0
2022-02-11 05:00:00,6.2,1015.6,0.4,84.0,0.6,1.138,0.0,1.138,0
2022-02-11 06:00:00,5.0,1015.7,1.0,254.0,1.4,1.509,0.0,1.509,0
2022-02-11 07:00:00,5.9,1015.7,1.4,292.0,1.8,1.795,0.0,1.795,0
2022-02-11 08:00:00,5.5,1016.0,1.1,9.0,1.3,1.991,0.0,1.991,0
2022-02-11 09:00:00,3.2,1016.7,0.6,344.0,1.1,2.175,0.0,2.175,0
2022-02-11 10:00:00,3.8,1017.6,1.6,9.0,1.8,2.129,0.0,2.129,0
2022-02-11 11:00:00,5.1,1017.9,1.5,83.0,3.4,1.965,0.0,1.965,0
2022-02-11 12:00:00,5.1,1018.5,0.7,116.0,1.4,1.683,0.0,1.683,0
2022-02-11 13:00:00,6.4,1019.1,1.7,133.0,2.3,1.273,0.0,1.273,0
2022-02-11 14:00:00,7.0,1019.6,2.2,146.0,3.3,1.047,0.0,1.047,0
2022-02-11 15:00:00,6.3,1019.8,1.7,200.0,1.8,0.928,0.0,0.928,0
2022-02-11 16:00:00,6.2,1019.6,2.6,201.0,3.2,0.938,0.0,0.938,0
2022-02-11 17:00:00,6.6,1018.7,2.3,184.0,3.1,1.027,0.0,1.027,0
2022-02-11 18:00:00,6.0,1017.6,2.9,202.0,3.7,1.247,0.0,1.247,0
2022-02-11 19:00:00,6.5,1016.6,2.9,200.0,3.6,1.48,0.0,1.48,0
2022-02-11 20:00:00,6.1,1016.6,5.7,212.0,6.5,1.673,0.0,1.673,0
2022-02-11 21:00:00,6.2,1016.1,5.7,217.0,6.3,1.621,0.0,1.621,0
2022-02-11 22:00:00,6.7,1015.9,6.4,222.0,7.8,1.65,0.0,1.65,0
2022-02-11 23:00:00,7.0,1016.3,6.9,221.0,7.9,1.467,0.0,1.467,0
2022-02-12 00:00:00,7.4,1016.7,7.0,217.0,7.8,1.119,0.0,1.119,0
2022-02-12 01:00:00,7.2,1017.1,7.1,212.0,8.3,0.748,0.0,0.748,0
2022-02-12 02:00:00,7.1,1017.0,6.0,218.0,6.7,0.413,0.0,0.413,0
2022-02-12 03:00:00,7.2,1017.0,4.7,221.0,5.4,0.305,0.0,0.305,0
2022-02-12 04:00:00,7.4,1016.8,4.7,220.0,6.6,0.459,0.0,0.459,0
2022-02-12 05:00:00,6.8,1016.6,4.6,213.0,5.4,0.702,0.0,0.702,0
2022-02-12 06:00:00,8.2,1016.5,7.2,221.0,8.7,1.093,0.0,1.093,0
2022-02-12 07:00:00,8.3,1016.3,6.8,224.0,7.9,1.562,0.0,1.562,0
2022-02-12 08:00:00,8.3,1016.1,6.9,229.0,8.4,1.85,0.0,1.85,0
2022-02-12 09:00:00,7.3,1015.8,6.3,223.0,7.4,2.096,0.0,2.096,0
2022-02-12 10:00:00,6.4,1015.9,4.7,219.0,5.2,2.116,0.0,2.116,0
2022-02-12 11:00:00,5.4,1015.9,4.7,212.0,5.2,2.021,0.0,2.021,0
2022-02-12 12:00:00,6.1,1016.1,4.0,211.0,5.2,1.775,0.0,1.775,0
2022-02-12 13:00:00,8.2,1016.6,5.9,227.0,7.0,1.348,0.0,1.348,0
2022-02-12 14:00:00,9.1,1017.0,5.7,226.0,6.6,0.948,0.0,0.948,0
2022-02-12 15:00:00,7.8,1017.2,3.8,201.0,5.5,0.699,0.0,0.699,0
2022-02-12 16:00:00,14.6,1017.4,4.4,292.0,6.1,0.515,0.0,0.515,0
2022-02-12 17:00:00,15.6,1017.1,6.2,290.0,8.1,0.486,0.0,0.486,0
2022-02-12 18:00:00,15.3,1016.4,1.9,300.0,3.2,0.594,0.0,0.594,0
2022-02-12 19:00:00,16.8,1016.4,5.1,294.0,6.9,0.879,0.0,0.879,0
2022-02-12 20:00:00,16.5,1016.6,5.6,326.0,6.5,1.129,0.0,1.129,0
2022-02-12 21:00:00,10.5,1017.0,2.0,125.0,2.4,1.398,0.0,1.398,0
2022-02-12 22:00:00,12.1,1017.8,0.9,102.0,1.7,1.437,0.0,1.437,0
2022-02-12 23:00:00,8.3,1018.9,2.0,101.0,3.1,1.358,0.0,1.358,0
2022-02-13 00:00:00,8.6,1019.6,1.6,120.0,2.5,1.086,0.0,1.086,0
2022-02-13 01:00:00,8.3,1020.0,1.3,86.0,1.9,0.591,0.0,0.591,0
2022-02-13 02:00:00,8.1,1019.7,1.7,28.0,2.1,0.302,0.0,0.302,0
2022-02-13 03:00:00,8.2,1019.8,2.3,30.0,3.2,0.03,0.0,0.03,0
2022-02-13 04:00:00,9.3,1019.5,3.4,22.0,4.4,0.085,0.0,0.085,0
2022-02-13 05:00:00,9.4,1019.0,4.2,33.0,5.6,0.197,0.0,0.197,0
2022-02-13 06:00:00,8.9,1018.6,4.5,37.0,6.2,0.63,0.0,0.63,0
2022-02-13 07:00:00,7.4,1019.3,3.8,30.0,6.0,1.119,0.0,1.119,0
2022-02-13 08:00:00,6.4,1019.2,6.4,36.0,10.0,1.608,0.0,1.608,0
2022-02-13 09:00:00,5.5,1019.8,5.9,27.0,8.5,2.018,0.0,2.018,0
2022-02-13 10:00:00,4.8,1020.4,8.7,25.0,11.5,2.277,0.0,2.277,0
2022-02-13 11:00:00,4.3,1020.4,5.4,33.0,9.2,2.277,0.0,2.277,0
2022-02-13 12:00:00,4.0,1020.6,6.7,38.0,9.8,2.188,0.0,2.188,0
2022-02-13 13:00:00,3.9,1021.6,3.4,43.0,6.1,2.146,0.0,2.146,0
2022-02-13 14:00:00,4.1,1021.4,4.2,38.0,7.9,1.814,0.0,1.814,0
2022-02-13 15:00:00,4.2,1021.2,5.0,35.0,7.1,1.362,0.0,1.362,0
2022-02-13 16:00:00,4.1,1020.6,4.5,34.0,7.4,0.971,0.0,0.971,0
2022-02-13 17:00:00,4.0,1019.7,4.5,33.0,7.4,0.899,0.0,0.899,0
2022-02-13 18:00:00,4.0,1018.7,5.7,36.0,7.2,1.017,0.0,1.017,0
2022-02-13 19:00:00,3.5,1017.5,6.5,22.0,9.0,1.214,0.0,1.214,0
2022-02-13 20:00:00,3.2,1017.4,6.5,9.0,7.5,1.572,0.0,1.572,0
2022-02-13 21:00:00,2.8,1017.1,6.2,358.0,8.1,1.765,0.0,1.765,0
2022-02-13 22:00:00,1.9,1017.2,6.8,358.0,8.5,2.037,0.0,2.037,0
2022-02-13 23:00:00,1.4,1017.8,5.8,348.0,6.9,2.129,0.0,2.129,0
2022-02-14 00:00:00,0.7,1018.0,6.3,335.0,7.5,1.965,0.0,1.965,0
2022-02-14 01:00:00,0.3,1018.2,5.1,343.0,6.7,1.68,0.0,1.68,0
2022-02-14 02:00:00,0.0,1018.4,5.1,331.0,6.0,1.22,0.0,1.22,0
2022-02-14 03:00:00,0.0,1018.7,6.7,342.0,8.5,0.719,0.0,0.719,0
2022-02-14 04:00:00,0.3,1018.7,5.2,337.0,6.6,0.623,0.0,0.623,0
2022-02-14 05:00:00,0.3,1018.1,7.6,5.0,8.9,0.581,0.0,0.581,0
2022-02-14 06:00:00,0.0,1018.6,5.9,336.0,7.2,0.853,0.0,0.853,0
2022-02-14 07:00:00,-0.8,1018.7,4.1,334.0,5.0,1.306,0.0,1.306,0
2022-02-14 08:00:00,-1.2,1019.2,4.6,334.0,5.3,1.722,0.0,1.722,0
2022-02-14 09:00:00,-1.7,1019.4,3.5,333.0,4.5,2.156,0.0,2.156,0
2022-02-14 10:00:00,-2.7,1019.9,3.6,320.0,4.5,2.493,0.0,2.493,0
2022-02-14 11:00:00,-3.2,1020.8,3.2,328.0,4.0,2.661,0.0,2.661,0
2022-02-14 12:00:00,-3.8,1021.8,3.9,325.0,4.7,2.74,0.0,2.74,0
2022-02-14 13:00:00,-3.2,1023.2,5.6,341.0,6.8,2.569,0.0,2.569,0
2022-02-14 14:00:00,-3.6,1024.1,7.1,354.0,8.4,2.346,0.0,2.346,0
2022-02-14 15:00:00,-4.0,1025.1,5.9,10.0,8.0,1.585,0.0,1.585,0
2022-02-14 16:00:00,-3.8,1025.7,6.4,359.0,7.7,1.024,0.0,1.024,0
2022-02-14 17:00:00,-3.0,1025.1,7.1,351.0,9.0,0.761,0.0,0.761,0
2022-02-14 18:00:00,-1.9,1024.5,7.9,314.0,10.1,0.705,0.0,0.705,0
2022-02-14 19:00:00,-1.3,1024.2,7.8,324.0,10.1,0.853,0.0,0.853,0
2022-02-14 20:00:00,-1.2,1024.8,7.6,339.0,10.6,1.024,0.0,1.024,0
2022-02-14 21:00:00,-1.2,1025.6,5.1,317.0,7.5,1.289,0.0,1.289,0
2022-02-14 22:00:00,-1.1,1027.3,4.3,327.0,5.6,1.722,0.0,1.722,0
2022-02-14 23:00:00,-1.8,1028.6,5.1,315.0,7.0,1.814,0.0,1.814,0
2022-02-15 00:00:00,-2.2,1029.6,1.7,306.0,2.6,1.654,0.0,1.654,0
2022-02-15 01:00:00,-2.5,1030.5,1.3,319.0,1.7,1.335,0.0,1.335,0
2022-02-15 02:00:00,-2.5,1030.9,0.9,333.0,1.1,0.919,0.0,0.919,0
2022-02-15 03:00:00,-2.3,1031.9,2.3,4.0,2.8,0.564,0.0,0.564,0
2022-02-15 04:00:00,-3.0,1032.1,2.8,281.0,4.2,0.121,0.0,0.121,0
2022-02-15 05:00:00,-3.6,1033.2,2.3,293.0,3.1,-0.157,0.0,-0.157,0
2022-02-15 06:00:00,-4.0,1033.8,3.3,329.0,4.3,-0.24,0.0,-0.24,0
2022-02-15 07:00:00,-4.2,1034.3,2.4,325.0,3.0,0.197,0.0,0.197,0
2022-02-15 08:00:00,-4.7,1034.9,2.4,317.0,3.1,0.686,0.0,0.686,0
2022-02-15 09:00:00,-4.8,1035.7,2.4,315.0,3.2,1.257,0.0,1.257,0
2022-02-15 10:00:00,-4.7,1036.1,3.0,351.0,4.0,1.65,0.0,1.65,0
2022-02-15 11:00:00,-3.9,1036.6,3.0,350.0,3.9,2.014,0.0,2.014,0
2022-02-15 12:00:00,-3.6,1037.7,4.1,6.0,5.4,2.123,0.0,2.123,0
2022-02-15 13:00:00,-3.0,1039.0,4.2,6.0,5.7,2.064,0.0,2.064,0
2022-02-15 14:00:00,-2.6,1039.8,6.0,19.0,8.1,1.775,0.0,1.775,0
2022-02-15 15:00:00,-2.0,1040.5,5.1,20.0,6.5,1.293,0.0,1.293,0
2022-02-15 16:00:00,-1.5,1041.0,2.9,29.0,4.9,0.728,0.0,0.728,0
2022-02-15 17:00:00,-0.7,1040.7,4.1,32.0,5.3,0.194,0.0,0.194,0
2022-02-15 18:00:00,-1.0,1040.4,3.8,104.0,6.2,-0.039,0.0,-0.039,0
2022-02-15 19:00:00,-0.7,1040.0,3.1,99.0,4.4,0.118,0.0,0.118,0
2022-02-15 20:00:00,-0.3,1040.0,2.0,146.0,3.4,0.262,0.0,0.262,0
2022-02-15 21:00:00,-0.1,1040.3,2.2,156.0,3.3,0.705,0.0,0.705,0
2022-02-15 22:00:00,-0.5,1040.5,2.8,167.0,3.8,1.204,0.0,1.204,0
2022-02-15 23:00:00,-0.8,1041.0,2.6,159.0,3.6,1.627,0.0,1.627,0
2022-02-16 00:00:00,-0.6,1041.4,2.7,177.0,3.5,1.686,0.0,1.686,0
2022-02-16 01:00:00,-0.2,1041.6,2.2,169.0,3.8,1.532,0.0,1.532,0
2022-02-16 02:00:00,0.1,1042.0,2.3,188.0,3.4,1.201,0.0,1.201,0
2022-02-16 03:00:00,0.3,1042.2,2.0,169.0,3.2,0.751,0.0,0.751,0
2022-02-16 04:00:00,0.8,1042.3,3.5,158.0,5.2,0.2,0.0,0.2,0
2022-02-16 05:00:00,1.2,1042.2,3.6,168.0,5.0,-0.194,0.0,-0.194,0
2022-02-16 06:00:00,1.5,1042.0,3.0,166.0,4.8,-0.39,0.0,-0.39,0
2022-02-16 07:00:00,2.0,1041.9,4.3,177.0,6.9,-0.161,0.0,-0.161,0
2022-02-16 08:00:00,2.3,1041.2,5.1,161.0,6.8,0.223,0.0,0.223,0
2022-02-16 09:00:00,2.4,1040.7,3.5,150.0,6.3,0.85,0.0,0.85,0
2022-02-16 10:00:00,3.0,1040.6,4.9,157.0,7.2,1.398,0.0,1.398,0
2022-02-16 11:00:00,3.3,1040.6,2.9,167.0,4.5,1.804,0.0,1.804,0
2022-02-16 12:00:00,3.8,1041.0,3.9,161.0,5.4,2.06,0.0,2.06,0
2022-02-16 13:00:00,4.5,1041.0,3.2,155.0,4.9,2.09,0.0,2.09,0
2022-02-16 14:00:00,5.7,1041.2,2.1,171.0,3.0,1.916,0.0,1.916,0
2022-02-16 15:00:00,5.3,1041.0,2.9,175.0,4.2,1.493,0.0,1.493,0
2022-02-16 16:00:00,5.4,1040.7,1.5,197.0,2.0,0.84,0.0,0.84,0
2022-02-16 17:00:00,6.0,1039.6,3.7,214.0,4.5,0.322,0.0,0.322,0
2022-02-16 18:00:00,6.5,1038.2,3.2,200.0,4.2,-0.092,0.0,-0.092,0
2022-02-16 19:00:00,7.2,1036.8,3.3,213.0,4.0,-0.19,0.0,-0.19,0
2022-02-16 20:00:00,7.5,1035.8,3.7,213.0,4.1,0.033,0.0,0.033,0
2022-02-16 21:00:00,7.3,1035.1,3.6,202.0,4.7,0.443,0.0,0.443,0
2022-02-16 22:00:00,6.5,1034.6,3.3,209.0,3.9,1.01,0.0,1.01,0
2022-02-16 23:00:00,5.4,1034.7,3.6,215.0,3.8,1.427,0.0,1.427,0
2022-02-17 00:00:00,5.0,1034.3,3.3,216.0,3.8,1.722,0.0,1.722,0
2022-02-17 01:00:00,5.3,1034.1,3.3,223.0,3.8,1.716,0.0,1.716,0
2022-02-17 02:00:00,6.0,1033.6,4.6,216.0,5.0,1.552,0.0,1.552,0
2022-02-17 03:00:00,6.1,1033.1,4.9,218.0,5.8,1.194,0.0,1.194,0
2022-02-17 04:00:00,7.0,1032.9,5.2,238.0,6.4,0.676,0.0,0.676,0
2022-02-17 05:00:00,5.7,1032.6,4.1,218.0,4.4,0.036,0.0,0.036,0
2022-02-17 06:00:00,8.1,1032.2,6.5,228.0,7.8,-0.276,0.0,-0.276,0
2022-02-17 07:00:00,7.0,1031.8,3.8,234.0,5.1,-0.394,0.0,-0.394,0
2022-02-17 08:00:00,5.4,1030.8,3.6,208.0,4.2,-0.157,0.0,-0.157,0
2022-02-17 09:00:00,7.4,1029.9,4.5,221.0,5.8,0.381,0.0,0.381,0
2022-02-17 10:00:00,6.6,1029.4,5.0,215.0,5.6,1.043,0.0,1.043,0
2022-02-17 11:00:00,5.5,1029.1,3.9,214.0,4.9,1.562,0.0,1.562,0
2022-02-17 12:00:00,5.7,1028.7,2.8,229.0,3.8,1.946,0.0,1.946,0
2022-02-17 13:00:00,7.8,1028.0,4.7,228.0,5.9,2.142,0.0,2.142,0
2022-02-17 14:00:00,8.1,1028.1,7.0,221.0,7.5,2.08,0.0,2.08,0
2022-02-17 15:00:00,9.8,1027.3,7.5,226.0,9.0,1.765,0.0,1.765,0
2022-02-17 16:00:00,6.6,1026.6,4.2,207.0,5.0,1.23,0.0,1.23,0
2022-02-17 17:00:00,6.6,1025.0,5.5,213.0,6.5,0.61,0.0,0.61,0
2022-02-17 18:00:00,6.8,1023.4,5.0,217.0,6.5,0.095,0.0,0.095,0
2022-02-17 19:00:00,8.4,1021.9,6.9,214.0,8.0,-0.066,0.0,-0.066,0
2022-02-17 20:00:00,7.5,1020.2,2.9,191.0,3.9,-0.092,0.0,-0.092,0
2022-02-17 21:00:00,8.2,1018.9,6.9,213.0,8.8,0.177,0.0,0.177,0
2022-02-17 22:00:00,8.5,1017.6,7.2,227.0,8.9,0.65,0.0,0.65,0
2022-02-17 23:00:00,7.4,1016.7,7.3,219.0,8.1,1.181,0.0,1.181,0
2022-02-18 00:00:00,6.5,1015.4,5.9,217.0,6.5,1.654,0.0,1.654,0
2022-02-18 01:00:00,6.5,1013.4,7.2,216.0,8.3,1.804,0.0,1.804,0
2022-02-18 02:00:00,8.8,1012.7,11.5,216.0,14.0,1.85,0.0,1.85,0
2022-02-18 03:00:00,10.5,1012.1,9.7,229.0,11.2,1.558,0.0,1.558,0
2022-02-18 04:00:00,10.5,1011.5,8.4,236.0,10.3,1.06,0.0,1.06,0
2022-02-18 05:00:00,10.2,1010.4,10.0,222.0,12.9,0.479,0.0,0.479,0
2022-02-18 06:00:00,8.4,1009.2,10.8,209.0,12.9,-0.072,0.0,-0.072,0
2022-02-18 07:00:00,9.5,1007.3,10.5,221.0,11.9,-0.387,0.0,-0.387,0
2022-02-18 08:00:00,10.3,1005.5,13.2,222.0,15.9,-0.318,0.0,-0.318,0
2022-02-18 09:00:00,9.7,1003.3,11.7,221.0,13.7,-0.092,0.0,-0.092,0
2022-02-18 10:00:00,10.2,1002.1,13.6,221.0,16.8,0.423,0.0,0.423,0
2022-02-18 11:00:00,11.9,1002.0,9.3,235.0,12.3,0.938,0.0,0.938,0
2022-02-18 12:00:00,12.0,1002.9,12.3,229.0,16.8,1.289,0.0,1.289,0
2022-02-18 13:00:00,10.8,1004.3,6.8,225.0,7.8,1.745,0.0,1.745,0
2022-02-18 14:00:00,12.7,1007.1,5.9,343.0,6.9,2.064,0.0,2.064,0
2022-02-18 15:00:00,10.8,1009.4,12.1,333.0,15.1,1.821,0.0,1.821,0
2022-02-18 16:00:00,8.5,1011.4,11.5,330.0,15.8,1.053,0.0,1.053,0
2022-02-18 17:00:00,8.0,1011.9,11.9,326.0,15.5,0.371,0.0,0.371,0
2022-02-18 18:00:00,7.6,1012.3,11.0,332.0,14.7,-0.249,0.0,-0.249,0
2022-02-18 19:00:00,7.6,1012.8,9.2,340.0,12.6,-0.738,0.0,-0.738,0
2022-02-18 20:00:00,7.1,1014.2,9.4,330.0,13.0,-0.659,0.0,-0.659,0
2022-02-18 21:00:00,7.1,1014.8,7.2,343.0,9.4,-0.614,0.0,-0.614,0
2022-02-18 22:00:00,6.3,1015.8,8.5,323.0,11.0,-0.318,0.0,-0.318,0
2022-02-18 23:00:00,4.9,1017.5,5.9,328.0,8.1,0.577,0.0,0.577,0
2022-02-19 00:00:00,4.3,1019.5,6.0,341.0,7.5,0.948,0.0,0.948,0
2022-02-19 01:00:00,3.5,1020.5,4.9,336.0,6.5,1.427,0.0,1.427,0
2022-02-19 02:00:00,2.9,1021.1,4.1,345.0,6.1,1.637,0.0,1.637,0
2022-02-19 03:00:00,2.3,1021.7,3.8,336.0,4.8,1.421,0.0,1.421,0
2022-02-19 04:00:00,1.7,1022.2,3.5,334.0,4.0,1.227,0.0,1.227,0
2022-02-19 05:00:00,1.2,1021.7,2.2,341.0,2.8,0.827,0.0,0.827,0
2022-02-19 06:00:00,1.1,1021.6,2.4,342.0,3.0,0.151,0.0,0.151,0
2022-02-19 07:00:00,0.6,1021.1,3.3,347.0,4.3,-0.295,0.0,-0.295,0
2022-02-19 08:00:00,0.2,1020.8,2.0,321.0,2.6,-0.558,0.0,-0.558,0
2022-02-19 09:00:00,-0.9,1020.8,1.3,321.0,1.7,-0.433,0.0,-0.433,0
2022-02-19 10:00:00,-1.1,1020.8,1.6,291.0,1.9,-0.072,0.0,-0.072,0
2022-02-19 11:00:00,-1.5,1020.8,1.1,297.0,1.5,0.512,0.0,0.512,0
2022-02-19 12:00:00,-1.9,1020.9,2.0,287.0,2.2,1.155,0.0,1.155,0
2022-02-19 13:00:00,-0.5,1021.3,1.7,257.0,2.0,1.637,0.0,1.637,0
2022-02-19 14:00:00,1.1,1020.8,4.4,248.0,5.5,1.873,0.0,1.873,0
2022-02-19 15:00:00,2.1,1020.0,5.3,260.0,7.1,1.821,0.0,1.821,0
2022-02-19 16:00:00,3.9,1018.7,6.7,220.0,8.9,1.572,0.0,1.572,0
2022-02-19 17:00:00,5.4,1016.4,8.8,216.0,11.1,1.073,0.0,1.073,0
2022-02-19 18:00:00,5.1,1015.1,9.5,218.0,11.2,0.433,0.0,0.433,0
2022-02-19 19:00:00,8.0,1014.3,8.5,259.0,11.1,-0.075,0.0,-0.075,0
2022-02-19 20:00:00,8.8,1014.7,10.7,291.0,15.0,-0.397,0.0,-0.397,0
2022-02-19 21:00:00,8.8,1015.6,8.7,319.0,11.9,-0.574,0.0,-0.574,0
2022-02-19 22:00:00,7.0,1017.7,11.3,327.0,15.3,-0.299,0.0,-0.299,0
2022-02-19 23:00:00,4.6,1020.6,10.3,333.0,14.9,0.066,0.0,0.066,0
2022-02-20 00:00:00,3.8,1023.2,9.6,328.0,11.9,0.105,0.0,0.105,0
2022-02-20 01:00:00,1.7,1025.1,10.1,340.0,13.4,0.81,0.0,0.81,0
2022-02-20 02:00:00,0.3,1027.0,9.4,335.0,11.5,1.322,0.0,1.322,0
2022-02-20 03:00:00,-0.5,1029.0,6.5,342.0,9.2,1.532,0.0,1.532,0
2022-02-20 04:00:00,-1.4,1030.3,6.5,339.0,9.4,1.575,0.0,1.575,0
2022-02-20 05:00:00,-1.7,1031.1,7.3,351.0,9.7,1.145,0.0,1.145,0
2022-02-20 06:00:00,-2.4,1032.0,4.5,337.0,5.8,0.502,0.0,0.502,0
2022-02-20 07:00:00,-2.7,1032.5,6.3,342.0,8.7,0.19,0.0,0.19,0
2022-02-20 08:00:00,-3.1,1032.9,5.8,349.0,7.2,-0.449,0.0,-0.449,0
2022-02-20 09:00:00,-3.4,1033.1,5.0,1.0,6.6,-0.636,0.0,-0.636,0
2022-02-20 10:00:00,-3.7,1033.4,5.5,351.0,7.3,-0.505,0.0,-0.505,0
2022-02-20 11:00:00,-4.2,1033.8,4.0,324.0,5.6,0.197,0.0,0.197,0
2022-02-20 12:00:00,-4.5,1034.7,2.8,336.0,3.9,0.781,0.0,0.781,0
2022-02-20 13:00:00,-3.5,1035.8,3.4,342.0,4.7,1.266,0.0,1.266,0
2022-02-20 14:00:00,-2.9,1035.7,3.1,3.0,4.0,1.729,0.0,1.729,0
2022-02-20 15:00:00,-2.1,1035.3,1.6,86.0,3.5,1.778,0.0,1.778,0
2022-02-20 16:00:00,-1.6,1035.6,2.8,100.0,3.3,1.631,0.0,1.631,0
2022-02-20 17:00:00,-0.9,1035.7,2.1,116.0,3.1,1.198,0.0,1.198,0
2022-02-20 18:00:00,-0.5,1034.9,2.2,191.0,3.1,0.614,0.0,0.614,0
2022-02-20 19:00:00,1.0,1033.8,3.3,189.0,5.3,0.02,0.0,0.02,0
2022-02-20 20:00:00,1.1,1033.2,5.4,185.0,7.3,-0.469,0.0,-0.469,0
2022-02-20 21:00:00,1.5,1032.6,6.3,198.0,8.1,-0.702,0.0,-0.702,0
2022-02-20 22:00:00,2.1,1031.6,7.7,202.0,10.3,-0.617,0.0,-0.617,0
2022-02-20 23:00:00,2.4,1031.5,7.5,211.0,9.3,-0.171,0.0,-0.171,0
2022-02-21 00:00:00,2.9,1031.8,7.3,216.0,8.7,0.397,0.0,0.397,0
2022-02-21 01:00:00,3.3,1031.5,7.6,209.0,8.9,0.925,0.0,0.925,0
2022-02-21 02:00:00,3.5,1031.2,7.4,223.0,8.9,1.362,0.0,1.362,0
2022-02-21 03:00:00,3.0,1031.3,5.6,229.0,6.5,1.644,0.0,1.644,0
2022-02-21 04:00:00,3.3,1030.7,6.2,226.0,7.3,1.729,0.0,1.729,0
2022-02-21 05:00:00,3.7,1030.4,5.7,229.0,6.9,1.493,0.0,1.493,0
2022-02-21 06:00:00,3.6,1030.4,4.8,230.0,5.8,1.07,0.0,1.07,0
2022-02-21 07:00:00,3.2,1029.8,4.5,223.0,5.2,0.522,0.0,0.522,0
2022-02-21 08:00:00,3.3,1029.4,3.5,226.0,4.4,-0.046,0.0,-0.046,0
2022-02-21 09:00:00,3.5,1029.3,4.1,223.0,4.8,-0.394,0.0,-0.394,0
2022-02-21 10:00:00,3.4,1029.4,4.1,233.0,5.1,-0.459,0.0,-0.459,0
2022-02-21 11:00:00,3.6,1029.6,4.1,239.0,5.3,-0.197,0.0,-0.197,0
2022-02-21 12:00:00,4.2,1030.0,3.6,202.0,4.5,0.24,0.0,0.24,0
2022-02-21 13:00:00,4.8,1030.4,5.0,227.0,5.8,0.745,0.0,0.745,0
2022-02-21 14:00:00,5.5,1030.7,6.9,221.0,7.9,1.214,0.0,1.214,0
2022-02-21 15:00:00,6.1,1030.5,6.3,216.0,7.1,1.535,0.0,1.535,0
2022-02-21 16:00:00,6.3,1030.0,4.6,202.0,5.6,1.647,0.0,1.647,0
2022-02-21 17:00:00,6.2,1029.5,5.8,206.0,6.9,1.49,0.0,1.49,0
2022-02-21 18:00:00,6.5,1028.5,5.5,204.0,6.8,1.102,0.0,1.102,0
2022-02-21 19:00:00,6.9,1028.0,5.3,204.0,6.4,0.502,0.0,0.502,0
2022-02-21 20:00:00,7.0,1027.9,6.1,216.0,7.2,0.085,0.0,0.085,0
2022-02-21 21:00:00,7.0,1027.9,4.2,217.0,5.3,-0.364,0.0,-0.364,0
2022-02-21 22:00:00,6.8,1027.9,4.8,215.0,5.7,-0.443,0.0,-0.443,0
2022-02-21 23:00:00,7.1,1028.4,4.5,230.0,5.3,-0.226,0.0,-0.226,0
2022-02-22 00:00:00,7.3,1028.7,3.2,223.0,3.9,0.079,0.0,0.079,0
2022-02-22 01:00:00,8.5,1028.9,4.0,221.0,4.8,0.669,0.0,0.669,0
2022-02-22 02:00:00,8.1,1029.2,3.9,225.0,4.6,1.109,0.0,1.109,0
2022-02-22 03:00:00,6.9,1029.1,3.5,208.0,3.9,1.526,0.0,1.526,0
2022-02-22 04:00:00,6.5,1029.4,2.8,200.0,3.3,1.791,0.0,1.791,0
2022-02-22 05:00:00,6.4,1029.1,2.8,179.0,3.6,1.768,0.0,1.768,0
2022-02-22 06:00:00,6.0,1028.7,2.8,198.0,3.6,1.496,0.0,1.496,0
2022-02-22 07:00:00,6.0,1028.3,3.4,206.0,3.8,1.204,0.0,1.204,0
2022-02-22 08:00:00,6.7,1027.9,4.2,203.0,4.8,0.587,0.0,0.587,0
2022-02-22 09:00:00,6.3,1027.9,3.8,217.0,4.3,0.184,0.0,0.184,0
2022-02-22 10:00:00,8.6,1028.2,5.7,225.0,6.5,-0.197,0.0,-0.197,0
2022-02-22 11:00:00,7.6,1028.1,4.0,228.0,5.2,-0.23,0.0,-0.23,0
2022-02-22 12:00:00,7.2,1028.3,4.9,217.0,5.4,-0.059,0.0,-0.059,0
2022-02-22 13:00:00,7.7,1028.6,5.4,223.0,6.6,0.43,0.0,0.43,0
2022-02-22 14:00:00,8.0,1028.5,4.4,198.0,6.3,0.922,0.0,0.922,0
2022-02-22 15:00:00,8.6,1028.3,6.3,211.0,7.3,1.339,0.0,1.339,0
2022-02-22 16:00:00,9.1,1027.9,6.3,220.0,7.4,1.631,0.0,1.631,0
2022-02-22 17:00:00,8.6,1027.1,5.5,215.0,6.0,1.696,0.0,1.696,0
2022-02-22 18:00:00,9.8,1025.8,9.0,217.0,10.2,1.503,0.0,1.503,0
2022-02-22 19:00:00,9.0,1024.4,8.4,213.0,9.8,1.207,0.0,1.207,0
2022-02-22 20:00:00,8.1,1023.9,5.6,221.0,6.4,0.801,0.0,0.801,0
2022-02-22 21:00:00,8.4,1023.2,5.3,212.0,6.1,0.413,0.0,0.413,0
2022-02-22 22:00:00,9.7,1023.3,9.6,212.0,11.8,0.066,0.0,0.066,0
2022-02-22 23:00:00,8.2,1022.7,5.8,216.0,7.0,0.046,0.0,0.046,0
2022-02-23 00:00:00,9.4,1022.3,7.8,225.0,9.1,0.22,0.0,0.22,0
2022-02-23 01:00:00,10.3,1022.6,10.7,221.0,12.4,0.568,0.0,0.568,0
2022-02-23 02:00:00,9.0,1021.8,9.3,217.0,10.8,1.063,0.0,1.063,0
2022-02-23 03:00:00,11.3,1021.0,9.5,229.0,12.6,1.604,0.0,1.604,0
2022-02-23 04:00:00,12.3,1020.8,10.0,228.0,12.9,1.893,0.0,1.893,0
2022-02-23 05:00:00,12.2,1020.5,9.3,229.0,12.2,2.067,0.0,2.067,0
2022-02-23 06:00:00,9.2,1020.0,6.7,216.0,8.2,1.942,0.0,1.942,0
2022-02-23 07:00:00,8.9,1019.0,8.0,216.0,8.9,1.841,0.0,1.841,0
2022-02-23 08:00:00,13.6,1018.0,9.2,234.0,10.6,1.388,0.0,1.388,0
2022-02-23 09:00:00,12.6,1018.0,9.9,232.0,12.3,0.883,0.0,0.883,0
2022-02-23 10:00:00,13.5,1018.4,7.3,236.0,9.5,0.433,0.0,0.433,0
2022-02-23 11:00:00,12.4,1019.3,3.6,238.0,4.3,0.22,0.0,0.22,0
2022-02-23 12:00:00,15.5,1019.5,8.0,257.0,10.8,0.016,0.0,0.016,0
2022-02-23 13:00:00,15.1,1020.1,8.1,249.0,10.3,0.079,0.0,0.079,0
2022-02-23 14:00:00,14.9,1020.5,8.0,258.0,9.8,0.499,0.0,0.499,0
2022-02-23 15:00:00,14.7,1019.4,5.9,256.0,7.4,0.873,0.0,0.873,0
2022-02-23 16:00:00,16.0,1019.5,7.1,246.0,9.2,1.299,0.0,1.299,0
2022-02-23 17:00:00,16.2,1019.0,6.8,252.0,8.4,1.503,0.0,1.503,0
2022-02-23 18:00:00,17.2,1018.8,8.8,273.0,12.2,1.45,0.0,1.45,0
2022-02-23 19:00:00,17.4,1018.1,5.6,261.0,7.7,1.28,0.0,1.28,0
2022-02-23 20:00:00,17.7,1017.9,5.2,255.0,6.6,1.079,0.0,1.079,0
2022-02-23 21:00:00,15.1,1018.4,2.2,220.0,3.7,0.633,0.0,0.633,0
2022-02-23 22:00:00,17.1,1019.1,5.3,259.0,6.6,0.2,0.0,0.2,0
2022-02-23 23:00:00,15.7,1019.1,3.0,266.0,3.6,-0.033,0.0,-0.033,0
2022-02-24 00:00:00,16.2,1020.2,2.2,298.0,3.1,-0.154,0.0,-0.154,0
2022-02-24 01:00:00,15.9,1021.5,3.2,298.0,4.5,-0.003,0.0,-0.003,0
2022-02-24 02:00:00,14.8,1023.1,5.5,19.0,9.6,0.597,0.0,0.597,0
2022-02-24 03:00:00,11.4,1024.2,5.2,22.0,7.8,0.994,0.0,0.994,0
2022-02-24 04:00:00,10.6,1024.6,8.6,353.0,11.0,1.417,0.0,1.417,0
2022-02-24 05:00:00,8.9,1025.6,8.1,7.0,10.7,1.716,0.0,1.716,0
2022-02-24 06:00:00,7.4,1027.1,6.4,3.0,7.9,2.028,0.0,2.028,0
2022-02-24 07:00:00,6.7,1026.6,7.9,7.0,9.7,1.916,0.0,1.916,0
2022-02-24 08:00:00,6.0,1026.7,7.4,3.0,8.8,1.864,0.0,1.864,0
2022-02-24 09:00:00,5.5,1027.0,5.5,17.0,7.2,1.476,0.0,1.476,0
2022-02-24 10:00:00,5.5,1027.8,5.6,31.0,8.1,1.066,0.0,1.066,0
2022-02-24 11:00:00,4.8,1028.2,3.0,64.0,4.8,0.472,0.0,0.472,0
2022-02-24 12:00:00,4.2,1029.4,4.6,29.0,7.0,0.226,0.0,0.226,0
2022-02-24 13:00:00,3.7,1031.4,4.7,30.0,8.7,0.194,0.0,0.194,0
2022-02-24 14:00:00,3.5,1031.2,3.2,66.0,5.1,0.23,0.0,0.23,0
2022-02-24 15:00:00,3.6,1031.9,1.7,55.0,3.3,0.472,0.0,0.472,0
2022-02-24 16:00:00,3.6,1031.5,4.0,64.0,7.5,1.063,0.0,1.063,0
2022-02-24 17:00:00,4.0,1030.9,3.7,54.0,6.7,1.434,0.0,1.434,0
2022-02-24 18:00:00,3.9,1030.4,3.5,61.0,6.3,1.621,0.0,1.621,0
2022-02-24 19:00:00,3.4,1030.5,6.0,41.0,8.9,1.706,0.0,1.706,0
2022-02-24 20:00:00,2.8,1030.5,5.7,40.0,11.0,1.581,0.0,1.581,0
2022-02-24 21:00:00,2.7,1029.6,6.4,73.0,9.7,1.319,0.0,1.319,0
2022-02-24 22:00:00,2.9,1030.1,4.4,72.0,9.0,0.991,0.0,0.991,0
2022-02-24 23:00:00,3.0,1029.1,5.4,70.0,8.8,0.512,0.0,0.512,0
2022-02-25 00:00:00,3.8,1029.4,4.3,77.0,6.1,0.22,0.0,0.22,0
2022-02-25 01:00:00,4.2,1028.4,5.7,72.0,9.3,0.062,0.0,0.062,0
2022-02-25 02:00:00,4.4,1028.5,2.1,74.0,3.9,0.302,0.0,0.302,0
2022-02-25 03:00:00,4.6,1028.5,4.7,34.0,6.4,0.873,0.0,0.873,0
2022-02-25 04:00:00,4.5,1027.3,1.8,64.0,3.5,1.312,0.0,1.312,0
2022-02-25 05:00:00,4.6,1025.8,3.5,72.0,6.3,1.726,0.0,1.726,0
2022-02-25 06:00:00,5.0,1025.2,2.9,39.0,4.3,2.116,0.0,2.116,0
2022-02-25 07:00:00,5.0,1024.9,4.1,32.0,7.0,2.474,0.0,2.474,0
2022-02-25 08:00:00,4.8,1023.2,5.1,36.0,6.5,2.477,0.0,2.477,0
2022-02-25 09:00:00,5.0,1021.2,3.5,33.0,5.0,2.375,0.0,2.375,0
2022-02-25 10:00:00,5.3,1020.0,2.3,28.0,3.3,2.195,0.0,2.195,0
2022-02-25 11:00:00,5.2,1018.6,1.1,50.0,1.8,1.831,0.0,1.831,0
2022-02-25 12:00:00,5.4,1018.5,1.8,311.0,2.3,1.335,0.0,1.335,0
2022-02-25 13:00:00,5.4,1018.2,4.2,251.0,4.9,0.883,0.0,0.883,0
2022-02-25 14:00:00,5.0,1017.4,5.4,250.0,6.8,0.807,0.0,0.807,0
2022-02-25 15:00:00,5.1,1019.0,7.7,286.0,10.1,0.846,0.0,0.846,0
2022-02-25 16:00:00,5.0,1018.1,5.8,261.0,8.9,1.283,0.0,1.283,0
2022-02-25 17:00:00,6.5,1017.6,5.9,267.0,8.5,1.427,0.0,1.427,0
2022-02-25 18:00:00,7.0,1018.2,5.7,304.0,10.3,1.795,0.0,1.795,0
2022-02-25 19:00:00,7.4,1018.0,4.8,304.0,7.2,1.962,0.0,1.962,0
2022-02-25 20:00:00,9.3,1018.8,5.8,328.0,7.5,2.044,0.0,2.044,0
2022-02-25 21:00:00,10.2,1019.8,5.3,326.0,7.9,1.969,0.0,1.969,0
2022-02-25 22:00:00,10.6,1021.0,2.8,333.0,3.7,1.778,0.0,1.778,0
2022-02-25 23:00:00,9.5,1022.4,0.1,317.0,0.6,1.273,0.0,1.273,0
2022-02-26 00:00:00,7.8,1023.7,1.7,288.0,2.2,0.784,0.0,0.784,0
2022-02-26 01:00:00,8.8,1025.1,5.7,340.0,7.5,0.367,0.0,0.367,0
2022-02-26 02:00:00,7.3,1026.4,5.0,33.0,6.8,0.335,0.0,0.335,0
2022-02-26 03:00:00,5.9,1027.3,7.4,16.0,9.4,0.413,0.0,0.413,0
2022-02-26 04:00:00,4.5,1028.2,9.1,18.0,11.7,0.653,0.0,0.653,0
2022-02-26 05:00:00,3.4,1028.5,7.9,6.0,10.1,1.106,0.0,1.106,0
2022-02-26 06:00:00,2.8,1029.5,7.4,357.0,8.7,1.732,0.0,1.732,0
2022-02-26 07:00:00,2.2,1029.7,7.2,1.0,8.9,2.113,0.0,2.113,0
2022-02-26 08:00:00,1.9,1029.5,6.1,1.0,7.3,2.47,0.0,2.47,0
2022-02-26 09:00:00,1.5,1030.1,6.2,3.0,8.8,2.48,0.0,2.48,0
2022-02-26 10:00:00,1.5,1031.6,5.9,346.0,7.6,2.444,0.0,2.444,0
2022-02-26 11:00:00,1.1,1032.3,6.2,2.0,8.1,2.044,0.0,2.044,0
2022-02-26 12:00:00,0.9,1033.6,4.5,347.0,5.5,1.637,0.0,1.637,0
2022-02-26 13:00:00,0.8,1033.8,5.4,1.0,6.7,1.037,0.0,1.037,0
2022-02-26 14:00:00,0.8,1033.5,4.8,1.0,5.7,0.535,0.0,0.535,0
2022-02-26 15:00:00,0.9,1034.0,5.3,358.0,6.6,0.335,0.0,0.335,0
2022-02-26 16:00:00,1.1,1033.7,3.9,7.0,5.2,0.466,0.0,0.466,0
2022-02-26 17:00:00,1.7,1033.2,2.4,7.0,3.2,0.669,0.0,0.669,0
2022-02-26 18:00:00,2.6,1031.8,4.2,305.0,6.9,1.001,0.0,1.001,0
2022-02-26 19:00:00,2.3,1030.7,1.7,139.0,2.6,1.424,0.0,1.424,0
2022-02-26 20:00:00,2.6,1030.1,2.7,134.0,3.9,1.673,0.0,1.673,0
2022-02-26 21:00:00,2.4,1029.5,2.5,145.0,3.4,1.827,0.0,1.827,0
2022-02-26 22:00:00,2.2,1029.0,0.7,151.0,1.4,1.778,0.0,1.778,0
2022-02-26 23:00:00,2.4,1029.5,0.4,262.0,1.2,1.549,0.0,1.549,0
2022-02-27 00:00:00,2.8,1030.1,1.2,260.0,1.8,0.994,0.0,0.994,0
2022-02-27 01:00:00,2.3,1029.2,0.3,311.0,1.0,0.597,0.0,0.597,0
2022-02-27 02:00:00,2.6,1029.2,0.7,267.0,1.0,0.154,0.0,0.154,0
2022-02-27 03:00:00,2.4,1028.8,2.0,270.0,2.5,0.19,0.0,0.19,0
2022-02-27 04:00:00,2.4,1028.1,1.8,244.0,2.5,0.23,0.0,0.23,0
2022-02-27 05:00:00,2.5,1026.8,2.0,251.0,2.6,0.692,0.0,0.692,0
2022-02-27 06:00:00,2.7,1026.4,1.2,262.0,1.7,1.309,0.0,1.309,0
2022-02-27 07:00:00,2.4,1025.8,2.2,244.0,2.7,1.768,0.0,1.768,0
2022-02-27 08:00:00,2.5,1025.6,2.6,265.0,3.4,2.251,0.0,2.251,0
2022-02-27 09:00:00,2.4,1025.2,3.1,257.0,4.3,2.559,0.0,2.559,0
2022-02-27 10:00:00,2.3,1024.8,1.5,254.0,2.2,2.638,0.0,2.638,0
2022-02-27 11:00:00,2.0,1024.5,0.6,305.0,1.2,2.566,0.0,2.566,0
2022-02-27 12:00:00,1.8,1024.6,1.8,333.0,2.2,2.26,0.0,2.26,0
2022-02-27 13:00:00,2.5,1024.6,1.8,271.0,2.1,1.601,0.0,1.601,0
2022-02-27 14:00:00,3.4,1024.5,2.2,299.0,2.6,0.965,0.0,0.965,0
2022-02-27 15:00:00,4.2,1023.3,0.9,4.0,1.3,0.456,0.0,0.456,0
2022-02-27 16:00:00,5.5,1022.4,0.8,41.0,1.3,0.305,0.0,0.305,0
2022-02-27 17:00:00,5.1,1021.7,3.9,200.0,5.8,0.305,0.0,0.305,0
2022-02-27 18:00:00,5.1,1019.8,6.0,208.0,7.0,0.42,0.0,0.42,0
2022-02-27 19:00:00,5.2,1018.6,5.8,216.0,6.6,0.702,0.0,0.702,0
2022-02-27 20:00:00,5.7,1017.5,6.6,206.0,8.3,1.106,0.0,1.106,0
2022-02-27 21:00:00,6.1,1016.6,4.8,200.0,6.3,1.447,0.0,1.447,0
2022-02-27 22:00:00,8.9,1016.1,5.0,279.0,7.0,1.545,0.0,1.545,0
2022-02-27 23:00:00,7.6,1016.4,2.4,273.0,3.3,1.417,0.0,1.417,0
2022-02-28 00:00:00,6.3,1016.9,2.6,246.0,3.5,1.093,0.0,1.093,0
2022-02-28 01:00:00,5.6,1016.9,4.1,256.0,5.2,0.518,0.0,0.518,0
2022-02-28 02:00:00,5.3,1017.3,4.5,265.0,5.9,-0.056,0.0,-0.056,0
2022-02-28 03:00:00,5.5,1017.7,4.5,272.0,6.2,-0.427,0.0,-0.427,0
2022-02-28 04:00:00,5.3,1017.9,2.5,295.0,4.9,-0.61,0.0,-0.61,0
2022-02-28 05:00:00,5.3,1018.2,4.0,307.0,5.8,-0.587,0.0,-0.587,0
2022-02-28 06:00:00,4.9,1018.8,4.0,324.0,5.6,-0.203,0.0,-0.203,0
2022-02-28 07:00:00,5.1,1019.8,4.3,5.0,5.8,0.522,0.0,0.522,0
2022-02-28 08:00:00,4.6,1020.3,4.6,8.0,5.6,1.24,0.0,1.24,0
2022-02-28 09:00:00,4.2,1020.9,5.2,3.0,6.2,1.663,0.0,1.663,0
2022-02-28 10:00:00,3.9,1022.1,5.1,33.0,8.1,2.073,0.0,2.073,0
2022-02-28 11:00:00,3.6,1023.0,4.5,34.0,6.6,2.175,0.0,2.175,0
2022-02-28 12:00:00,3.4,1024.0,6.0,21.0,9.1,2.165,0.0,2.165,0
2022-02-28 13:00:00,3.0,1025.2,6.9,31.0,10.6,1.791,0.0,1.791,0
2022-02-28 14:00:00,2.8,1026.2,5.7,35.0,8.5,1.191,0.0,1.191,0
2022-02-28 15:00:00,2.8,1026.6,4.9,31.0,6.5,0.358,0.0,0.358,0
2022-02-28 16:00:00,3.1,1027.2,4.9,75.0,8.3,-0.075,0.0,-0.075,0
2022-02-28 17:00:00,3.1,1027.1,4.1,73.0,7.8,-0.276,0.0,-0.276,0
2022-02-28 18:00:00,3.5,1026.8,4.7,79.0,7.2,-0.138,0.0,-0.138,0
2022-02-28 19:00:00,3.7,1026.4,4.0,73.0,6.7,0.184,0.0,0.184,0
2022-02-28 20:00:00,4.0,1026.4,3.7,76.0,6.1,0.942,0.0,0.942,0
2022-02-28 21:00:00,3.8,1026.5,2.9,84.0,5.4,1.365,0.0,1.365,0
2022-02-28 22:00:00,3.5,1027.1,2.5,109.0,3.4,1.722,0.0,1.722,0
2022-02-28 23:00:00,2.5,1027.4,2.8,129.0,4.3,1.886,0.0,1.886,0
2023-01-01 00:00:00,8.8,1012.5,1.1,204.0,1.7,1.161,0.0,1.161,1
2023-01-01 01:00:00,8.5,1011.6,2.2,179.0,2.8,0.919,0.0,0.919,1
2023-01-01 02:00:00,9.5,1010.6,3.4,240.0,4.9,0.958,0.0,0.958,1
2023-01-01 03:00:00,14.1,1010.7,3.4,292.0,4.5,1.017,0.0,1.017,1
2023-01-01 04:00:00,13.7,1009.8,2.9,252.0,3.4,1.407,0.0,1.407,1
2023-01-01 05:00:00,13.4,1010.7,4.6,281.0,6.6,1.716,0.0,1.716,1
2023-01-01 06:00:00,13.9,1010.9,4.0,276.0,6.1,2.159,0.0,2.159,1
2023-01-01 07:00:00,13.7,1011.8,5.0,294.0,6.3,2.352,0.0,2.352,1
2023-01-01 08:00:00,13.4,1012.1,4.4,292.0,5.6,2.539,0.0,2.539,1
2023-01-01 09:00:00,12.8,1012.2,3.2,297.0,4.1,2.569,0.0,2.569,1
2023-01-01 10:00:00,12.2,1013.0,3.4,307.0,4.3,2.395,0.0,2.395,1
2023-01-01 11:00:00,11.9,1013.7,3.4,306.0,4.2,1.949,0.0,1.949,1
2023-01-01 12:00:00,11.2,1014.3,3.1,310.0,4.2,1.496,0.0,1.496,1
2023-01-01 13:00:00,10.8,1015.3,3.9,321.0,4.6,1.099,0.0,1.099,1
2023-01-01 14:00:00,11.8,1016.1,4.9,328.0,6.9,0.817,0.0,0.817,1
2023-01-01 15:00:00,12.7,1016.7,6.7,326.0,8.5,0.748,0.0,0.748,1
2023-01-01 16:00:00,13.6,1016.3,7.4,328.0,9.0,0.817,0.0,0.817,1
2023-01-01 17:00:00,14.3,1016.4,7.5,335.0,9.5,1.066,0.0,1.066,1
2023-01-01 18:00:00,14.8,1016.1,5.9,326.0,7.5,1.375,0.0,1.375,1
2023-01-01 19:00:00,15.3,1016.1,4.1,322.0,5.2,1.759,0.0,1.759,1
2023-01-01 20:00:00,16.1,1015.9,3.1,291.0,4.4,2.018,0.0,2.018,1
2023-01-01 21:00:00,15.9,1016.6,1.8,311.0,2.3,2.034,0.0,2.034,1
2023-01-01 22:00:00,10.6,1017.0,1.8,170.0,2.1,1.949,0.0,1.949,1
2023-01-01 23:00:00,9.6,1017.4,2.4,217.0,3.9,1.634,0.0,1.634,1
2023-01-02 00:00:00,7.8,1018.0,3.6,217.0,4.5,1.299,0.0,1.299,1
2023-01-02 01:00:00,9.1,1019.0,0.1,233.0,0.5,0.741,0.0,0.741,1
2023-01-02 02:00:00,8.7,1019.4,2.1,269.0,2.5,0.436,0.0,0.436,1
2023-01-02 03:00:00,7.5,1019.3,1.8,202.0,2.0,0.354,0.0,0.354,1
2023-01-02 04:00:00,7.3,1019.2,2.8,215.0,3.2,0.614,0.0,0.614,1
2023-01-02 05:00:00,9.3,1018.9,4.0,231.0,4.9,0.984,0.0,0.984,1
2023-01-02 06:00:00,9.4,1018.7,2.9,240.0,3.6,1.506,0.0,1.506,1
2023-01-02 07:00:00,8.1,1018.6,2.2,241.0,2.4,1.864,0.0,1.864,1
2023-01-02 08:00:00,8.9,1019.2,1.7,265.0,1.9,2.185,0.0,2.185,1
2023-01-02 09:00:00,10.0,1019.4,3.0,287.0,4.4,2.349,0.0,2.349,1
2023-01-02 10:00:00,9.3,1019.8,0.5,262.0,1.2,2.316,0.0,2.316,1
2023-01-02 11:00:00,9.0,1020.5,0.3,328.0,0.9,2.192,0.0,2.192,1
2023-01-02 12:00:00,9.0,1020.8,0.5,323.0,0.6,1.929,0.0,1.929,1
2023-01-02 13:00:00,9.4,1021.5,0.7,320.0,1.0,1.407,0.0,1.407,1
2023-01-02 14:00:00,9.8,1022.1,1.1,320.0,1.5,1.027,0.0,1.027,1
2023-01-02 15:00:00,11.0,1022.5,1.7,43.0,2.2,0.705,0.0,0.705,1
2023-01-02 16:00:00,11.8,1022.1,0.1,43.0,0.4,0.627,0.0,0.627,1
2023-01-02 17:00:00,9.2,1021.6,0.7,57.0,1.1,0.741,0.0,0.741,1
2023-01-02 18:00:00,10.4,1021.4,1.2,175.0,1.5,1.033,0.0,1.033,1
2023-01-02 19:00:00,12.2,1021.2,2.9,189.0,3.6,1.49,0.0,1.49,1
2023-01-02 20:00:00,9.8,1020.9,2.7,206.0,3.3,1.781,0.0,1.781,1
2023-01-02 21:00:00,9.6,1021.1,3.8,219.0,4.5,2.001,0.0,2.001,1
2023-01-02 22:00:00,9.5,1020.9,3.6,228.0,4.4,2.064,0.0,2.064,1
2023-01-02 23:00:00,9.3,1021.3,1.9,230.0,2.5,1.883,0.0,1.883,1
2023-01-03 00:00:00,10.4,1021.7,3.3,230.0,3.6,1.627,0.0,1.627,1
2023-01-03 01:00:00,9.3,1021.4,3.6,213.0,3.9,1.171,0.0,1.171,1
2023-01-03 02:00:00,9.2,1021.4,3.4,222.0,4.1,0.702,0.0,0.702,1
2023-01-03 03:00:00,8.3,1021.6,2.4,207.0,2.5,0.509,0.0,0.509,1
2023-01-03 04:00:00,8.3,1021.4,2.7,208.0,3.1,0.505,0.0,0.505,1
2023-01-03 05:00:00,8.5,1020.7,2.6,192.0,3.2,0.817,0.0,0.817,1
2023-01-03 06:00:00,8.2,1020.6,2.2,212.0,2.6,1.257,0.0,1.257,1
2023-01-03 07:00:00,8.2,1020.5,3.4,210.0,3.9,1.706,0.0,1.706,1
2023-01-03 08:00:00,8.3,1020.5,4.0,203.0,4.5,2.06,0.0,2.06,1
2023-01-03 09:00:00,8.1,1020.1,3.4,216.0,3.8,2.438,0.0,2.438,1
2023-01-03 10:00:00,9.0,1019.7,5.2,221.0,5.8,2.592,0.0,2.592,1
2023-01-03 11:00:00,8.1,1019.5,4.1,201.0,4.7,2.612,0.0,2.612,1
2023-01-03 12:00:00,8.6,1019.1,6.1,223.0,7.6,2.497,0.0,2.497,1
2023-01-03 13:00:00,9.1,1019.1,5.2,225.0,6.7,2.162,0.0,2.162,1
2023-01-03 14:00:00,8.9,1018.8,7.5,222.0,8.8,1.768,0.0,1.768,1
2023-01-03 15:00:00,10.0,1018.8,8.0,225.0,9.8,1.224,0.0,1.224,1
2023-01-03 16:00:00,9.5,1018.3,6.8,214.0,8.1,0.919,0.0,0.919,1
2023-01-03 17:00:00,9.3,1017.3,5.3,201.0,6.4,0.974,0.0,0.974,1
2023-01-03 18:00:00,10.0,1016.6,5.9,214.0,6.9,1.024,0.0,1.024,1
2023-01-03 19:00:00,9.6,1015.7,3.9,200.0,5.6,1.325,0.0,1.325,1
2023-01-03 20:00:00,9.1,1015.2,6.8,211.0,7.7,1.703,0.0,1.703,1
2023-01-03 21:00:00,9.2,1014.7,7.9,216.0,8.8,1.949,0.0,1.949,1
2023-01-03 22:00:00,9.1,1014.5,7.6,214.0,8.4,2.054,0.0,2.054,1
2023-01-03 23:00:00,9.4,1013.8,7.8,212.0,9.3,2.051,0.0,2.051,1
2023-01-04 00:00:00,9.9,1013.4,7.9,217.0,8.6,1.837,0.0,1.837,1
2023-01-04 01:00:00,12.9,1013.1,10.3,234.0,13.8,1.44,0.0,1.44,1
2023-01-04 02:00:00,13.2,1013.2,6.3,235.0,8.6,1.096,0.0,1.096,1
2023-01-04 03:00:00,13.4,1013.2,11.1,228.0,14.2,0.587,0.0,0.587,1
2023-01-04 04:00:00,12.2,1012.4,9.4,226.0,11.8,0.371,0.0,0.371,1
2023-01-04 05:00:00,9.8,1010.9,7.9,214.0,9.0,0.387,0.0,0.387,1
2023-01-04 06:00:00,12.9,1011.5,7.0,230.0,9.2,0.764,0.0,0.764,1
2023-01-04 07:00:00,17.0,1011.8,7.2,247.0,10.3,1.109,0.0,1.109,1
2023-01-04 08:00:00,16.9,1012.6,6.7,261.0,8.8,1.713,0.0,1.713,1
2023-01-04 09:00:00,17.2,1012.7,5.4,242.0,6.8,2.008,0.0,2.008,1
2023-01-04 10:00:00,14.9,1013.0,3.9,231.0,5.4,2.297,0.0,2.297,1
2023-01-04 11:00:00,9.8,1013.6,4.7,221.0,5.3,2.467,0.0,2.467,1
2023-01-04 12:00:00,10.1,1014.3,3.8,214.0,4.2,2.497,0.0,2.497,1
2023-01-04 13:00:00,11.0,1014.2,3.7,226.0,4.2,2.215,0.0,2.215,1
2023-01-04 14:00:00,9.4,1014.3,4.4,202.0,5.1,1.909,0.0,1.909,1
2023-01-04 15:00:00,9.8,1014.9,5.2,208.0,6.1,1.368,0.0,1.368,1
2023-01-04 16:00:00,12.3,1014.4,6.3,216.0,7.2,0.896,0.0,0.896,1
2023-01-04 17:00:00,11.8,1012.8,4.2,202.0,5.7,0.745,0.0,0.745,1
2023-01-04 18:00:00,10.4,1012.3,5.1,214.0,5.7,0.725,0.0,0.725,1
2023-01-04 19:00:00,10.5,1012.1,4.4,209.0,5.1,0.909,0.0,0.909,1
2023-01-04 20:00:00,10.2,1012.1,5.2,207.0,6.0,1.27,0.0,1.27,1
2023-01-04 21:00:00,10.1,1012.0,6.4,206.0,7.5,1.686,0.0,1.686,1
2023-01-04 22:00:00,9.4,1010.7,4.9,207.0,5.9,1.969,0.0,1.969,1
2023-01-04 23:00:00,13.7,1010.2,5.4,232.0,6.8,2.116,0.0,2.116,1
2023-01-05 00:00:00,11.8,1010.0,5.7,218.0,7.1,2.041,0.0,2.041,1
2023-01-05 01:00:00,11.6,1010.5,5.0,221.0,5.4,1.844,0.0,1.844,1
2023-01-05 02:00:00,10.3,1010.7,3.9,204.0,4.5,1.457,0.0,1.457,1
2023-01-05 03:00:00,15.6,1010.8,10.8,263.0,13.8,0.978,0.0,0.978,1
2023-01-05 04:00:00,17.3,1011.5,8.9,254.0,11.4,0.6,0.0,0.6,1
2023-01-05 05:00:00,16.9,1011.6,6.5,242.0,9.3,0.509,0.0,0.509,1
2023-01-05 06:00:00,12.4,1012.1,5.7,226.0,7.0,0.551,0.0,0.551,1
2023-01-05 07:00:00,12.6,1012.6,6.2,223.0,7.1,1.04,0.0,1.04,1
2023-01-05 08:00:00,12.9,1013.5,2.5,235.0,2.9,1.539,0.0,1.539,1
2023-01-05 09:00:00,10.7,1013.6,2.8,226.0,3.0,1.978,0.0,1.978,1
2023-01-05 10:00:00,10.3,1013.6,4.1,212.0,4.6,2.283,0.0,2.283,1
2023-01-05 11:00:00,10.5,1013.8,1.9,210.0,2.0,2.612,0.0,2.612,1
2023-01-05 12:00:00,8.9,1014.1,0.3,202.0,0.4,2.733,0.0,2.733,1
2023-01-05 13:00:00,11.3,1014.6,0.5,256.0,0.5,2.73,0.0,2.73,1
2023-01-05 14:00:00,12.9,1015.3,1.7,328.0,2.4,2.516,0.0,2.516,1
2023-01-05 15:00:00,12.6,1014.9,2.3,12.0,2.5,1.991,0.0,1.991,1
2023-01-05 16:00:00,13.7,1014.8,3.9,28.0,5.2,1.529,0.0,1.529,1
2023-01-05 17:00:00,12.7,1014.5,2.9,18.0,3.6,1.23,0.0,1.23,1
2023-01-05 18:00:00,13.6,1014.0,2.0,21.0,2.5,0.997,0.0,0.997,1
2023-01-05 19:00:00,15.2,1013.3,3.0,78.0,4.7,1.083,0.0,1.083,1
2023-01-05 20:00:00,15.3,1013.1,2.7,80.0,3.8,1.417,0.0,1.417,1
2023-01-05 21:00:00,12.4,1013.4,1.0,101.0,1.6,1.873,0.0,1.873,1
2023-01-05 22:00:00,11.7,1013.4,0.5,102.0,0.9,2.238,0.0,2.238,1
2023-01-05 23:00:00,10.2,1013.5,2.7,23.0,3.2,2.467,0.0,2.467,1
2023-01-06 00:00:00,9.8,1013.9,2.1,30.0,2.3,2.487,0.0,2.487,1
2023-01-06 01:00:00,8.5,1014.2,1.6,49.0,2.9,2.388,0.0,2.388,1
2023-01-06 02:00:00,7.7,1014.5,2.6,26.0,3.5,2.192,0.0,2.192,1
2023-01-06 03:00:00,8.4,1014.4,2.4,70.0,3.3,1.759,0.0,1.759,1
2023-01-06 04:00:00,8.4,1014.3,1.1,128.0,1.9,1.391,0.0,1.391,1
2023-01-06 05:00:00,7.8,1013.9,1.0,92.0,1.7,1.115,0.0,1.115,1
2023-01-06 06:00:00,7.5,1013.6,1.0,79.0,1.7,1.07,0.0,1.07,1
2023-01-06 07:00:00,8.2,1013.7,2.4,31.0,4.4,1.345,0.0,1.345,1
2023-01-06 08:00:00,8.3,1013.9,4.5,36.0,6.2,1.972,0.0,1.972,1
2023-01-06 09:00:00,8.1,1014.1,3.7,39.0,5.2,2.251,0.0,2.251,1
2023-01-06 10:00:00,8.0,1014.5,4.0,21.0,5.6,2.602,0.0,2.602,1
2023-01-06 11:00:00,7.4,1014.5,3.9,74.0,5.6,2.995,0.0,2.995,1
2023-01-06 12:00:00,7.3,1015.0,1.5,29.0,1.9,3.245,0.0,3.245,1
2023-01-06 13:00:00,7.5,1015.6,0.9,335.0,1.6,3.287,0.0,3.287,1
2023-01-06 14:00:00,8.1,1016.2,2.0,312.0,2.4,3.192,0.0,3.192,1
2023-01-06 15:00:00,8.8,1016.8,3.3,336.0,4.3,2.923,0.0,2.923,1
2023-01-06 16:00:00,9.6,1016.9,8.0,348.0,9.9,2.431,0.0,2.431,1
2023-01-06 17:00:00,10.6,1016.5,5.1,337.0,7.1,1.916,0.0,1.916,1
2023-01-06 18:00:00,10.2,1016.6,6.3,298.0,8.1,1.526,0.0,1.526,1
2023-01-06 19:00:00,9.5,1017.1,7.2,326.0,9.1,1.45,0.0,1.45,1
2023-01-06 20:00:00,9.2,1017.7,5.7,330.0,8.7,1.434,0.0,1.434,1
2023-01-06 21:00:00,9.0,1018.8,5.6,331.0,7.1,1.801,0.0,1.801,1
2023-01-06 22:00:00,8.5,1019.7,2.1,309.0,2.6,2.267,0.0,2.267,1
2023-01-06 23:00:00,7.4,1020.5,1.4,287.0,1.9,2.441,0.0,2.441,1
2023-01-07 00:00:00,7.5,1021.3,2.3,306.0,2.8,2.635,0.0,2.635,1
2023-01-07 01:00:00,7.4,1021.9,2.6,305.0,3.7,2.674,0.0,2.674,1
2023-01-07 02:00:00,7.2,1022.2,2.0,306.0,2.9,2.516,0.0,2.516,1
2023-01-07 03:00:00,7.0,1022.4,3.7,323.0,4.6,2.146,0.0,2.146,1
2023-01-07 04:00:00,6.5,1022.8,5.0,336.0,7.1,1.696,0.0,1.696,1
2023-01-07 05:00:00,5.5,1023.1,3.4,321.0,4.2,1.312,0.0,1.312,1
2023-01-07 06:00:00,4.8,1022.9,1.8,312.0,2.3,1.02,0.0,1.02,1
2023-01-07 07:00:00,4.2,1023.1,2.4,300.0,3.2,1.037,0.0,1.037,1
2023-01-07 08:00:00,4.4,1023.4,3.0,304.0,4.2,1.371,0.0,1.371,1
2023-01-07 09:00:00,5.1,1022.9,4.1,330.0,5.7,1.952,0.0,1.952,1
2023-01-07 10:00:00,5.4,1023.2,4.3,338.0,5.2,2.329,0.0,2.329,1
2023-01-07 11:00:00,5.1,1023.3,2.9,309.0,3.9,2.664,0.0,2.664,1
2023-01-07 12:00:00,4.7,1023.7,2.3,306.0,2.9,2.992,0.0,2.992,1
2023-01-07 13:00:00,4.5,1024.1,2.8,291.0,3.4,3.133,0.0,3.133,1
2023-01-07 14:00:00,5.3,1024.6,3.5,312.0,4.6,3.146,0.0,3.146,1
2023-01-07 15:00:00,6.5,1024.9,4.0,303.0,5.5,2.923,0.0,2.923,1
2023-01-07 16:00:00,7.0,1024.3,4.0,303.0,6.2,2.352,0.0,2.352,1
2023-01-07 17:00:00,7.3,1023.3,5.3,319.0,6.5,1.86,0.0,1.86,1
2023-01-07 18:00:00,7.7,1022.5,4.9,326.0,6.7,1.503,0.0,1.503,1
2023-01-07 19:00:00,8.1,1022.0,5.3,345.0,7.9,1.23,0.0,1.23,1
2023-01-07 20:00:00,8.0,1022.1,5.4,313.0,7.7,1.224,0.0,1.224,1
2023-01-07 21:00:00,8.3,1022.8,3.7,352.0,5.2,1.362,0.0,1.362,1
2023-01-07 22:00:00,7.8,1023.5,3.6,331.0,4.6,1.736,0.0,1.736,1
2023-01-07 23:00:00,7.0,1024.4,2.7,318.0,3.6,2.11,0.0,2.11,1
2023-01-08 00:00:00,6.4,1025.1,1.7,308.0,2.1,2.323,0.0,2.323,1
2023-01-08 01:00:00,5.7,1025.9,1.8,338.0,2.2,2.385,0.0,2.385,1
2023-01-08 02:00:00,5.1,1026.2,2.2,313.0,2.7,2.32,0.0,2.32,1
2023-01-08 03:00:00,4.1,1026.7,2.6,312.0,3.2,2.087,0.0,2.087,1
2023-01-08 04:00:00,3.7,1026.6,2.8,318.0,3.6,1.647,0.0,1.647,1
2023-01-08 05:00:00,3.3,1026.9,3.6,312.0,4.8,1.243,0.0,1.243,1
2023-01-08 06:00:00,3.3,1026.8,4.4,331.0,5.4,0.761,0.0,0.761,1
2023-01-08 07:00:00,3.4,1027.1,3.5,328.0,4.1,0.676,0.0,0.676,1
2023-01-08 08:00:00,2.5,1027.5,3.6,317.0,4.5,0.814,0.0,0.814,1
2023-01-08 09:00:00,2.3,1027.8,4.0,319.0,5.4,1.22,0.0,1.22,1
2023-01-08 10:00:00,2.3,1027.4,4.2,342.0,5.2,1.736,0.0,1.736,1
2023-01-08 11:00:00,2.5,1027.2,4.9,355.0,5.9,2.185,0.0,2.185,1
2023-01-08 12:00:00,2.1,1028.0,3.7,344.0,4.5,2.566,0.0,2.566,1
2023-01-08 13:00:00,2.1,1028.3,3.7,3.0,4.3,2.844,0.0,2.844,1
2023-01-08 14:00:00,2.5,1028.6,2.3,6.0,3.1,2.927,0.0,2.927,1
2023-01-08 15:00:00,3.5,1028.7,2.3,18.0,3.0,2.812,0.0,2.812,1
2023-01-08 16:00:00,4.5,1028.5,1.5,16.0,1.9,2.569,0.0,2.569,1
2023-01-08 17:00:00,5.3,1027.9,0.9,350.0,1.3,2.051,0.0,2.051,1
2023-01-08 18:00:00,5.4,1026.6,2.2,107.0,2.6,1.496,0.0,1.496,1
2023-01-08 19:00:00,5.7,1026.0,0.5,99.0,1.1,1.132,0.0,1.132,1
2023-01-08 20:00:00,5.3,1026.1,2.8,201.0,3.6,1.024,0.0,1.024,1
2023-01-08 21:00:00,5.4,1025.1,2.3,190.0,2.9,1.109,0.0,1.109,1
2023-01-08 22:00:00,5.4,1024.8,3.1,189.0,4.1,1.342,0.0,1.342,1
2023-01-08 23:00:00,6.0,1024.6,4.5,215.0,5.3,1.775,0.0,1.775,1
2023-01-09 00:00:00,5.6,1024.2,4.0,232.0,4.9,2.073,0.0,2.073,1
2023-01-09 01:00:00,4.5,1024.3,2.1,248.0,2.8,2.211,0.0,2.211,1
2023-01-09 02:00:00,4.5,1023.7,3.0,243.0,3.6,2.352,0.0,2.352,1
2023-01-09 03:00:00,5.4,1022.6,3.9,200.0,5.1,2.208,0.0,2.208,1
2023-01-09 04:00:00,6.1,1021.2,7.7,205.0,9.2,1.913,0.0,1.913,1
2023-01-09 05:00:00,6.6,1020.2,6.5,222.0,7.9,1.512,0.0,1.512,1
2023-01-09 06:00:00,6.8,1018.4,6.4,213.0,7.6,1.099,0.0,1.099,1
2023-01-09 07:00:00,7.1,1017.4,4.5,217.0,5.3,0.935,0.0,0.935,1
2023-01-09 08:00:00,6.9,1016.1,2.6,227.0,3.1,0.948,0.0,0.948,1
2023-01-09 09:00:00,7.1,1015.4,3.0,230.0,3.4,1.237,0.0,1.237,1
2023-01-09 10:00:00,7.2,1015.1,2.0,234.0,2.5,1.539,0.0,1.539,1
2023-01-09 11:00:00,7.2,1014.8,1.3,275.0,1.5,2.067,0.0,2.067,1
2023-01-09 12:00:00,7.0,1015.0,3.1,320.0,4.4,2.461,0.0,2.461,1
2023-01-09 13:00:00,6.6,1014.9,5.2,320.0,6.5,2.769,0.0,2.769,1
2023-01-09 14:00:00,5.9,1015.4,5.0,333.0,6.4,3.025,0.0,3.025,1
2023-01-09 15:00:00,4.8,1016.0,5.8,5.0,7.8,2.995,0.0,2.995,1
2023-01-09 16:00:00,4.9,1016.1,5.1,350.0,6.2,2.792,0.0,2.792,1
2023-01-09 17:00:00,5.9,1015.3,5.2,5.0,6.3,2.467,0.0,2.467,1
2023-01-09 18:00:00,7.1,1014.4,5.4,339.0,6.9,1.873,0.0,1.873,1
2023-01-09 19:00:00,7.5,1014.0,5.9,334.0,8.2,1.476,0.0,1.476,1
2023-01-09 20:00:00,8.1,1014.3,7.2,325.0,9.2,1.299,0.0,1.299,1
2023-01-09 21:00:00,7.9,1014.9,6.7,331.0,9.1,1.194,0.0,1.194,1
2023-01-09 22:00:00,7.2,1015.4,5.2,326.0,7.5,1.339,0.0,1.339,1
2023-01-09 23:00:00,6.6,1016.0,4.6,325.0,5.7,1.627,0.0,1.627,1
2023-01-10 00:00:00,5.9,1016.8,5.0,320.0,7.4,1.946,0.0,1.946,1
2023-01-10 01:00:00,5.5,1017.0,4.8,319.0,5.9,2.211,0.0,2.211,1
2023-01-10 02:00:00,5.0,1016.9,3.7,328.0,4.7,2.408,0.0,2.408,1
2023-01-10 03:00:00,5.0,1017.1,5.3,326.0,7.3,2.392,0.0,2.392,1
2023-01-10 04:00:00,4.7,1017.5,3.4,327.0,5.3,2.254,0.0,2.254,1
2023-01-10 05:00:00,4.0,1017.7,2.5,322.0,3.1,1.89,0.0,1.89,1
2023-01-10 06:00:00,3.3,1017.8,2.7,322.0,3.1,1.414,0.0,1.414,1
2023-01-10 07:00:00,2.8,1018.2,1.2,311.0,1.6,1.024,0.0,1.024,1
2023-01-10 08:00:00,2.4,1018.4,2.1,340.0,2.9,0.902,0.0,0.902,1
2023-01-10 09:00:00,1.6,1019.1,2.5,302.0,3.4,0.896,0.0,0.896,1
2023-01-10 10:00:00,1.3,1019.4,2.2,324.0,2.8,1.198,0.0,1.198,1
2023-01-10 11:00:00,1.0,1019.7,1.4,322.0,1.7,1.578,0.0,1.578,1
2023-01-10 12:00:00,0.7,1020.1,2.5,316.0,3.1,2.051,0.0,2.051,1
2023-01-10 13:00:00,1.6,1020.3,1.9,352.0,2.5,2.402,0.0,2.402,1
2023-01-10 14:00:00,2.4,1020.8,3.2,328.0,3.6,2.707,0.0,2.707,1
2023-01-10 15:00:00,3.5,1020.8,2.4,25.0,3.1,2.779,0.0,2.779,1
2023-01-10 16:00:00,3.9,1020.0,2.0,24.0,2.7,2.661,0.0,2.661,1
2023-01-10 17:00:00,4.7,1019.4,1.2,32.0,1.7,2.372,0.0,2.372,1
2023-01-10 18:00:00,5.5,1019.1,2.3,6.0,2.9,1.827,0.0,1.827,1
2023-01-10 19:00:00,6.0,1018.1,2.2,32.0,2.9,1.378,0.0,1.378,1
2023-01-10 20:00:00,5.5,1018.2,1.7,177.0,2.6,1.027,0.0,1.027,1
2023-01-10 21:00:00,5.3,1018.4,1.8,167.0,2.2,1.004,0.0,1.004,1
2023-01-10 22:00:00,5.0,1018.8,2.0,196.0,2.4,1.06,0.0,1.06,1
2023-01-10 23:00:00,5.1,1019.0,1.8,198.0,2.4,1.266,0.0,1.266,1
2023-01-11 00:00:00,4.6,1019.3,0.2,241.0,0.7,1.581,0.0,1.581,1
2023-01-11 01:00:00,4.3,1019.5,1.1,262.0,1.3,1.982,0.0,1.982,1
2023-01-11 02:00:00,4.0,1019.9,1.3,280.0,1.7,2.169,0.0,2.169,1
2023-01-11 03:00:00,3.3,1019.9,0.9,29.0,1.2,2.372,0.0,2.372,1
2023-01-11 04:00:00,3.9,1020.2,1.6,3.0,2.1,2.297,0.0,2.297,1
2023-01-11 05:00:00,2.7,1020.2,1.4,0.0,1.7,2.057,0.0,2.057,1
2023-01-11 06:00:00,2.5,1020.4,2.3,8.0,2.7,1.683,0.0,1.683,1
2023-01-11 07:00:00,2.1,1020.8,2.1,360.0,2.4,1.247,0.0,1.247,1
2023-01-11 08:00:00,1.8,1021.2,2.0,8.0,2.3,0.981,0.0,0.981,1
2023-01-11 09:00:00,1.4,1021.2,2.2,5.0,2.5,1.004,0.0,1.004,1
2023-01-11 10:00:00,2.6,1021.2,2.4,27.0,3.4,1.05,0.0,1.05,1
2023-01-11 11:00:00,2.2,1021.6,2.3,332.0,2.5,1.45,0.0,1.45,1
2023-01-11 12:00:00,1.7,1022.7,1.4,348.0,1.8,1.949,0.0,1.949,1
2023-01-11 13:00:00,3.3,1023.0,1.7,32.0,2.2,2.254,0.0,2.254,1
2023-01-11 14:00:00,6.1,1023.0,3.4,88.0,5.5,2.654,0.0,2.654,1
2023-01-11 15:00:00,6.7,1023.7,2.7,98.0,4.9,2.874,0.0,2.874,1
2023-01-11 16:00:00,6.9,1024.0,2.8,94.0,4.6,2.927,0.0,2.927,1
2023-01-11 17:00:00,7.1,1023.6,1.6,36.0,3.1,2.805,0.0,2.805,1
2023-01-11 18:00:00,7.3,1022.6,3.0,85.0,4.1,2.608,0.0,2.608,1
2023-01-11 19:00:00,7.1,1023.1,2.2,73.0,2.9,2.142,0.0,2.142,1
2023-01-11 20:00:00,6.9,1023.0,3.1,89.0,4.3,1.683,0.0,1.683,1
2023-01-11 21:00:00,6.6,1023.5,3.6,87.0,5.1,1.296,0.0,1.296,1
2023-01-11 22:00:00,6.5,1023.4,2.5,86.0,4.1,1.434,0.0,1.434,1
2023-01-11 23:00:00,6.8,1023.7,2.3,96.0,3.2,1.496,0.0,1.496,1
2023-01-12 00:00:00,6.7,1023.6,2.6,120.0,3.2,1.745,0.0,1.745,1
2023-01-12 01:00:00,6.9,1023.7,2.2,131.0,3.1,2.028,0.0,2.028,1
2023-01-12 02:00:00,7.1,1023.2,2.8,130.0,4.1,2.365,0.0,2.365,1
2023-01-12 03:00:00,7.3,1023.6,1.5,120.0,2.2,2.684,0.0,2.684,1
2023-01-12 04:00:00,7.4,1023.5,0.9,120.0,1.3,2.641,0.0,2.641,1
2023-01-12 05:00:00,7.5,1023.0,0.7,118.0,1.1,2.51,0.0,2.51,1
2023-01-12 06:00:00,7.6,1022.6,1.8,79.0,2.4,2.287,0.0,2.287,1
2023-01-12 07:00:00,7.8,1022.1,2.4,121.0,3.3,1.916,0.0,1.916,1
2023-01-12 08:00:00,8.2,1021.5,3.5,132.0,4.8,1.516,0.0,1.516,1
2023-01-12 09:00:00,8.2,1020.8,2.4,143.0,3.4,1.385,0.0,1.385,1
2023-01-12 10:00:00,8.6,1020.5,3.3,151.0,4.7,1.342,0.0,1.342,1
2023-01-12 11:00:00,8.7,1020.8,2.5,172.0,3.7,1.545,0.0,1.545,1
2023-01-12 12:00:00,8.4,1020.5,1.7,178.0,2.0,1.949,0.0,1.949,1
2023-01-12 13:00:00,9.3,1020.2,3.3,168.0,5.0,2.32,0.0,2.32,1
2023-01-12 14:00:00,10.1,1019.8,4.1,165.0,6.3,2.618,0.0,2.618,1
2023-01-12 15:00:00,10.2,1020.0,4.6,179.0,5.7,2.91,0.0,2.91,1
2023-01-12 16:00:00,10.1,1019.1,5.1,178.0,7.2,3.028,0.0,3.028,1
2023-01-12 17:00:00,9.6,1017.4,3.9,215.0,4.3,3.009,0.0,3.009,1
2023-01-12 18:00:00,9.9,1015.8,4.0,202.0,5.1,2.841,0.0,2.841,1
2023-01-12 19:00:00,9.0,1015.5,3.6,219.0,3.9,2.405,0.0,2.405,1
2023-01-12 20:00:00,9.9,1014.3,5.3,193.0,7.0,2.028,0.0,2.028,1
2023-01-12 21:00:00,9.3,1013.7,3.8,214.0,4.4,1.713,0.0,1.713,1
2023-01-12 22:00:00,10.3,1012.5,5.7,191.0,8.9,1.591,0.0,1.591,1
2023-01-12 23:00:00,10.1,1012.1,4.9,223.0,5.9,1.611,0.0,1.611,1
2023-01-13 00:00:00,9.6,1011.4,5.0,218.0,5.6,1.637,0.0,1.637,1
2023-01-13 01:00:00,10.5,1010.7,7.0,214.0,8.6,1.949,0.0,1.949,1
2023-01-13 02:00:00,13.0,1010.0,9.4,232.0,11.9,2.352,0.0,2.352,1
2023-01-13 03:00:00,10.7,1008.8,7.9,206.0,9.8,2.379,0.0,2.379,1
2023-01-13 04:00:00,10.5,1008.1,6.2,229.0,7.3,2.746,0.0,2.746,1
2023-01-13 05:00:00,10.7,1006.7,10.0,214.0,12.1,2.71,0.0,2.71,1
2023-01-13 06:00:00,13.5,1006.9,6.7,259.0,9.0,2.434,0.0,2.434,1
2023-01-13 07:00:00,12.4,1005.8,5.4,235.0,6.6,2.152,0.0,2.152,1
2023-01-13 08:00:00,8.8,1005.1,5.1,212.0,6.2,1.9,0.0,1.9,1
2023-01-13 09:00:00,8.9,1004.6,6.3,221.0,7.5,1.617,0.0,1.617,1
2023-01-13 10:00:00,8.9,1003.9,5.5,212.0,6.6,1.378,0.0,1.378,1
2023-01-13 11:00:00,9.5,1003.6,7.5,221.0,8.6,1.306,0.0,1.306,1
2023-01-13 12:00:00,10.2,1003.0,6.8,230.0,8.3,1.444,0.0,1.444,1
2023-01-13 13:00:00,10.1,1003.4,6.4,228.0,8.1,1.854,0.0,1.854,1
2023-01-13 14:00:00,10.4,1003.9,7.1,228.0,8.7,2.257,0.0,2.257,1
2023-01-13 15:00:00,10.2,1004.3,5.1,228.0,6.7,2.408,0.0,2.408,1
2023-01-13 16:00:00,9.8,1004.7,5.3,311.0,7.2,2.674,0.0,2.674,1
2023-01-13 17:00:00,9.7,1003.9,5.2,323.0,6.8,2.792,0.0,2.792,1
2023-01-13 18:00:00,9.2,1003.9,5.2,325.0,7.1,2.687,0.0,2.687,1
2023-01-13 19:00:00,9.4,1003.2,7.0,339.0,8.5,2.457,0.0,2.457,1
2023-01-13 20:00:00,9.1,1003.4,4.5,356.0,5.7,1.919,0.0,1.919,1
2023-01-13 21:00:00,8.9,1004.6,5.6,338.0,7.1,1.608,0.0,1.608,1
2023-01-13 22:00:00,8.4,1004.9,6.4,5.0,7.8,1.407,0.0,1.407,1
2023-01-13 23:00:00,7.7,1005.8,7.7,357.0,9.8,1.247,0.0,1.247,1
2023-01-14 00:00:00,7.2,1006.5,7.0,344.0,9.2,1.237,0.0,1.237,1
2023-01-14 01:00:00,6.6,1006.3,6.9,352.0,9.1,1.47,0.0,1.47,1
2023-01-14 02:00:00,6.2,1006.2,6.2,344.0,8.0,2.041,0.0,2.041,1
2023-01-14 03:00:00,5.8,1006.0,9.9,356.0,12.1,2.336,0.0,2.336,1
2023-01-14 04:00:00,4.9,1006.3,7.9,355.0,10.8,2.582,0.0,2.582,1
2023-01-14 05:00:00,4.7,1005.9,8.2,355.0,10.2,2.779,0.0,2.779,1
2023-01-14 06:00:00,4.5,1007.0,7.8,359.0,9.9,2.831,0.0,2.831,1
2023-01-14 07:00:00,4.0,1007.4,9.8,343.0,12.2,2.723,0.0,2.723,1
2023-01-14 08:00:00,3.6,1007.1,8.7,7.0,12.7,2.415,0.0,2.415,1
2023-01-14 09:00:00,3.2,1007.8,7.7,353.0,9.6,2.005,0.0,2.005,1
2023-01-14 10:00:00,2.6,1008.0,8.1,352.0,11.3,1.608,0.0,1.608,1
2023-01-14 11:00:00,2.3,1008.4,7.1,350.0,9.7,1.417,0.0,1.417,1
2023-01-14 12:00:00,2.1,1008.9,6.6,351.0,8.2,1.473,0.0,1.473,1
2023-01-14 13:00:00,2.0,1010.1,7.1,348.0,9.6,1.893,0.0,1.893,1
2023-01-14 14:00:00,1.9,1010.8,7.8,347.0,9.7,2.142,0.0,2.142,1
2023-01-14 15:00:00,1.7,1010.2,10.1,0.0,12.5,2.352,0.0,2.352,1
2023-01-14 16:00:00,2.0,1010.9,8.7,342.0,10.2,2.74,0.0,2.74,1
2023-01-14 17:00:00,2.2,1010.3,6.7,0.0,8.1,2.943,0.0,2.943,1
2023-01-14 18:00:00,1.9,1010.0,8.7,345.0,10.3,3.002,0.0,3.002,1
2023-01-14 19:00:00,2.0,1009.9,9.4,356.0,11.7,2.785,0.0,2.785,1
2023-01-14 20:00:00,2.2,1010.1,8.8,345.0,11.3,2.575,0.0,2.575,1
2023-01-14 21:00:00,1.9,1010.2,9.1,3.0,11.0,2.133,0.0,2.133,1
2023-01-14 22:00:00,1.6,1010.7,10.0,353.0,12.1,1.827,0.0,1.827,1
2023-01-14 23:00:00,1.0,1010.4,12.3,5.0,15.4,1.549,0.0,1.549,1
2023-01-15 00:00:00,1.2,1010.6,11.5,350.0,15.7,1.421,0.0,1.421,1
2023-01-15 01:00:00,0.8,1012.0,10.4,17.0,13.5,1.516,0.0,1.516,1
2023-01-15 02:00:00,0.4,1012.7,9.2,350.0,11.8,1.699,0.0,1.699,1
2023-01-15 03:00:00,0.2,1012.9,9.8,342.0,11.9,2.241,0.0,2.241,1
2023-01-15 04:00:00,0.1,1012.3,11.5,348.0,14.9,2.539,0.0,2.539,1
2023-01-15 05:00:00,-0.2,1012.1,11.7,348.0,14.6,2.887,0.0,2.887,1
2023-01-15 06:00:00,-0.1,1012.5,10.4,348.0,13.9,3.015,0.0,3.015,1
2023-01-15 07:00:00,-0.4,1013.0,9.3,345.0,11.4,3.228,0.0,3.228,1
2023-01-15 08:00:00,-0.4,1013.4,10.7,355.0,13.6,3.12,0.0,3.12,1
2023-01-15 09:00:00,-0.4,1014.3,10.5,358.0,14.1,2.966,0.0,2.966,1
2023-01-15 10:00:00,-0.5,1014.5,9.6,0.0,12.0,2.556,0.0,2.556,1
2023-01-15 11:00:00,-0.5,1015.0,8.7,352.0,14.1,2.011,0.0,2.011,1
2023-01-15 12:00:00,-0.6,1015.5,7.7,348.0,9.8,1.896,0.0,1.896,1
2023-01-15 13:00:00,-0.6,1016.0,8.1,351.0,10.4,2.133,0.0,2.133,1
2023-01-15 14:00:00,-0.2,1016.6,8.8,357.0,10.6,2.392,0.0,2.392,1
2023-01-15 15:00:00,0.6,1017.2,8.8,354.0,11.9,2.608,0.0,2.608,1
2023-01-15 16:00:00,1.3,1016.9,9.4,1.0,12.2,2.858,0.0,2.858,1
2023-01-15 17:00:00,2.8,1016.4,8.6,352.0,10.8,3.084,0.0,3.084,1
2023-01-15 18:00:00,3.8,1015.7,8.7,348.0,10.7,3.258,0.0,3.258,1
2023-01-15 19:00:00,5.0,1015.4,8.3,346.0,10.4,3.291,0.0,3.291,1
2023-01-15 20:00:00,5.8,1015.2,7.8,348.0,9.4,3.228,0.0,3.228,1
2023-01-15 21:00:00,6.0,1015.4,7.5,3.0,9.2,3.028,0.0,3.028,1
2023-01-15 22:00:00,5.7,1015.7,8.2,350.0,11.2,2.618,0.0,2.618,1
2023-01-15 23:00:00,4.7,1016.6,6.0,345.0,7.4,2.287,0.0,2.287,1
2023-01-16 00:00:00,4.3,1016.6,6.8,352.0,8.6,1.969,0.0,1.969,1
2023-01-16 01:00:00,3.6,1016.5,4.8,338.0,5.9,1.929,0.0,1.929,1
2023-01-16 02:00:00,3.3,1016.5,6.4,351.0,9.1,2.083,0.0,2.083,1
2023-01-16 03:00:00,2.9,1016.5,6.7,349.0,8.1,2.533,0.0,2.533,1
2023-01-16 04:00:00,2.5,1016.4,7.0,350.0,8.1,2.858,0.0,2.858,1
2023-01-16 05:00:00,1.7,1016.4,5.7,344.0,7.4,3.166,0.0,3.166,1
2023-01-16 06:00:00,1.0,1016.2,6.0,340.0,7.7,3.458,0.0,3.458,1
2023-01-16 07:00:00,0.6,1016.4,6.0,337.0,8.3,3.596,0.0,3.596,1
2023-01-16 08:00:00,0.5,1016.6,5.8,341.0,7.1,3.652,0.0,3.652,1
2023-01-16 09:00:00,0.5,1016.1,7.0,1.0,8.7,3.619,0.0,3.619,1
2023-01-16 10:00:00,0.5,1015.9,6.7,354.0,8.4,3.435,0.0,3.435,1
2023-01-16 11:00:00,-0.1,1016.2,5.5,342.0,6.7,3.025,0.0,3.025,1
2023-01-16 12:00:00,-0.3,1016.2,5.5,342.0,7.5,2.651,0.0,2.651,1
2023-01-16 13:00:00,-0.6,1016.6,6.6,344.0,8.2,2.441,0.0,2.441,1
2023-01-16 14:00:00,0.5,1016.5,6.0,333.0,9.7,2.408,0.0,2.408,1
2023-01-16 15:00:00,1.6,1016.2,5.8,343.0,7.8,2.516,0.0,2.516,1
2023-01-16 16:00:00,2.9,1015.6,5.9,339.0,7.9,2.782,0.0,2.782,1
2023-01-16 17:00:00,4.6,1014.8,5.6,329.0,7.1,2.999,0.0,2.999,1
2023-01-16 18:00:00,6.2,1013.6,4.6,340.0,6.5,3.097,0.0,3.097,1
2023-01-16 19:00:00,7.5,1012.4,4.8,319.0,6.0,3.241,0.0,3.241,1
2023-01-16 20:00:00,8.6,1011.6,5.9,332.0,7.4,3.268,0.0,3.268,1
2023-01-16 21:00:00,9.4,1012.1,5.1,312.0,6.3,3.209,0.0,3.209,1
2023-01-16 22:00:00,8.8,1012.3,2.8,307.0,3.9,2.89,0.0,2.89,1
2023-01-16 23:00:00,7.7,1012.2,2.9,310.0,4.0,2.428,0.0,2.428,1
2023-01-17 00:00:00,7.2,1012.1,3.6,301.0,4.8,2.087,0.0,2.087,1
2023-01-17 01:00:00,6.5,1012.2,3.0,314.0,3.7,1.841,0.0,1.841,1
2023-01-17 02:00:00,6.9,1012.5,3.9,311.0,5.6,1.804,0.0,1.804,1
2023-01-17 03:00:00,7.2,1012.2,4.4,313.0,6.0,1.85,0.0,1.85,1
2023-01-17 04:00:00,7.3,1012.1,4.0,305.0,5.1,2.149,0.0,2.149,1
2023-01-17 05:00:00,6.4,1011.8,2.7,314.0,3.6,2.641,0.0,2.641,1
2023-01-17 06:00:00,5.8,1011.6,2.9,300.0,4.1,2.927,0.0,2.927,1
2023-01-17 07:00:00,5.2,1011.1,1.6,320.0,2.3,3.15,0.0,3.15,1
2023-01-17 08:00:00,5.4,1011.0,1.0,291.0,1.5,3.323,0.0,3.323,1
2023-01-17 09:00:00,5.1,1011.1,2.7,259.0,3.0,3.323,0.0,3.323,1
2023-01-17 10:00:00,4.7,1010.4,0.2,260.0,0.5,3.143,0.0,3.143,1
2023-01-17 11:00:00,4.8,1010.5,1.4,217.0,1.8,2.822,0.0,2.822,1
2023-01-17 12:00:00,4.9,1010.6,2.4,231.0,3.1,2.313,0.0,2.313,1
2023-01-17 13:00:00,5.9,1010.3,2.2,196.0,3.0,1.982,0.0,1.982,1
2023-01-17 14:00:00,6.1,1010.1,4.6,221.0,5.3,1.732,0.0,1.732,1
2023-01-17 15:00:00,6.5,1009.4,4.4,217.0,4.9,1.683,0.0,1.683,1
2023-01-17 16:00:00,7.3,1009.1,4.2,250.0,5.4,1.722,0.0,1.722,1
2023-01-17 17:00:00,7.5,1007.8,3.6,266.0,4.1,1.969,0.0,1.969,1
2023-01-17 18:00:00,8.0,1007.1,3.1,283.0,4.1,2.073,0.0,2.073,1
2023-01-17 19:00:00,7.8,1005.7,2.7,190.0,3.3,2.5,0.0,2.5,1
2023-01-17 20:00:00,6.8,1006.5,5.0,222.0,5.6,2.52,0.0,2.52,1
2023-01-17 21:00:00,8.4,1006.1,4.4,250.0,5.1,2.598,0.0,2.598,1
2023-01-17 22:00:00,7.2,1005.9,4.3,220.0,4.6,2.457,0.0,2.457,1
2023-01-17 23:00:00,7.6,1006.2,3.5,240.0,4.2,2.123,0.0,2.123,1
2023-01-18 00:00:00,6.7,1006.6,3.4,232.0,4.2,1.611,0.0,1.611,1
2023-01-18 01:00:00,7.3,1007.0,3.4,243.0,4.0,1.178,0.0,1.178,1
2023-01-18 02:00:00,7.1,1007.4,2.6,259.0,3.1,0.919,0.0,0.919,1
2023-01-18 03:00:00,6.6,1007.8,2.3,249.0,3.1,0.82,0.0,0.82,1
2023-01-18 04:00:00,6.5,1007.6,3.1,245.0,3.7,0.997,0.0,0.997,1
2023-01-18 05:00:00,6.1,1007.5,2.4,256.0,2.8,1.355,0.0,1.355,1
2023-01-18 06:00:00,5.8,1007.0,3.3,245.0,4.1,1.85,0.0,1.85,1
2023-01-18 07:00:00,6.2,1008.1,2.7,23.0,3.8,2.326,0.0,2.326,1
2023-01-18 08:00:00,6.1,1007.8,1.7,255.0,1.9,2.602,0.0,2.602,1
2023-01-18 09:00:00,6.9,1008.1,4.0,277.0,5.9,2.812,0.0,2.812,1
2023-01-18 10:00:00,7.9,1008.5,4.4,280.0,5.6,2.762,0.0,2.762,1
2023-01-18 11:00:00,8.5,1009.1,5.2,279.0,6.5,2.648,0.0,2.648,1
2023-01-18 12:00:00,8.3,1010.0,4.2,274.0,5.2,2.159,0.0,2.159,1
2023-01-18 13:00:00,8.3,1010.9,4.9,279.0,6.9,1.588,0.0,1.588,1
2023-01-18 14:00:00,9.1,1011.9,4.9,284.0,7.6,1.181,0.0,1.181,1
2023-01-18 15:00:00,10.1,1012.4,4.9,275.0,6.5,0.83,0.0,0.83,1
2023-01-18 16:00:00,12.6,1012.4,4.0,297.0,6.3,0.745,0.0,0.745,1
2023-01-18 17:00:00,13.2,1011.9,5.4,313.0,9.1,0.787,0.0,0.787,1
2023-01-18 18:00:00,14.0,1011.5,7.1,304.0,10.1,1.001,0.0,1.001,1
2023-01-18 19:00:00,14.3,1011.7,6.7,316.0,9.8,1.368,0.0,1.368,1
2023-01-18 20:00:00,13.6,1012.6,7.8,318.0,10.0,1.791,0.0,1.791,1
2023-01-18 21:00:00,13.3,1014.0,4.1,326.0,5.5,1.975,0.0,1.975,1
2023-01-18 22:00:00,12.6,1015.2,5.2,322.0,7.7,1.975,0.0,1.975,1
2023-01-18 23:00:00,11.6,1016.4,3.4,328.0,4.2,1.742,0.0,1.742,1
2023-01-19 00:00:00,10.5,1017.3,2.6,331.0,3.1,1.273,0.0,1.273,1
2023-01-19 01:00:00,9.3,1017.1,3.1,5.0,3.8,0.83,0.0,0.83,1
2023-01-19 02:00:00,8.6,1017.6,3.1,345.0,3.4,0.358,0.0,0.358,1
2023-01-19 03:00:00,8.3,1018.2,2.8,341.0,3.4,0.121,0.0,0.121,1
2023-01-19 04:00:00,7.7,1018.0,1.4,23.0,1.9,0.177,0.0,0.177,1
2023-01-19 05:00:00,6.8,1018.2,1.2,3.0,1.7,0.449,0.0,0.449,1
2023-01-19 06:00:00,6.7,1018.4,1.4,8.0,1.9,1.122,0.0,1.122,1
2023-01-19 07:00:00,6.7,1018.4,0.2,5.0,0.4,1.621,0.0,1.621,1
2023-01-19 08:00:00,6.7,1018.4,1.0,295.0,1.4,2.162,0.0,2.162,1
2023-01-19 09:00:00,6.4,1018.2,0.0,346.0,0.2,2.595,0.0,2.595,1
2023-01-19 10:00:00,6.3,1018.2,0.0,346.0,0.0,2.746,0.0,2.746,1
2023-01-19 11:00:00,6.1,1017.9,0.7,349.0,1.1,2.733,0.0,2.733,1
2023-01-19 12:00:00,6.2,1017.3,1.5,165.0,2.2,2.605,0.0,2.605,1
2023-01-19 13:00:00,6.6,1017.8,0.0,172.0,0.0,2.152,0.0,2.152,1
2023-01-19 14:00:00,6.8,1017.1,2.2,105.0,3.6,1.631,0.0,1.631,1
2023-01-19 15:00:00,7.8,1016.3,2.0,135.0,3.1,1.017,0.0,1.017,1
2023-01-19 16:00:00,8.1,1014.9,2.4,127.0,3.7,0.633,0.0,0.633,1
2023-01-19 17:00:00,8.3,1013.1,2.9,68.0,4.0,0.705,0.0,0.705,1
2023-01-19 18:00:00,8.3,1011.3,2.3,39.0,2.9,0.823,0.0,0.823,1
2023-01-19 19:00:00,9.4,1009.5,3.3,198.0,4.4,1.257,0.0,1.257,1
2023-01-19 20:00:00,8.8,1008.7,6.0,207.0,7.1,1.847,0.0,1.847,1
2023-01-19 21:00:00,8.9,1008.1,5.0,220.0,5.8,2.11,0.0,2.11,1
2023-01-19 22:00:00,8.5,1007.3,4.8,214.0,5.6,2.385,0.0,2.385,1
2023-01-19 23:00:00,8.8,1005.9,5.4,213.0,6.5,2.372,0.0,2.372,1
2023-01-20 00:00:00,10.1,1005.0,4.4,224.0,6.1,2.136,0.0,2.136,1
2023-01-20 01:00:00,10.1,1004.0,7.0,233.0,8.6,1.827,0.0,1.827,1
2023-01-20 02:00:00,10.0,1002.9,8.4,233.0,10.8,1.24,0.0,1.24,1
2023-01-20 03:00:00,11.7,1002.9,8.9,235.0,11.4,0.702,0.0,0.702,1
2023-01-20 04:00:00,11.3,1002.9,5.6,235.0,7.4,0.453,0.0,0.453,1
2023-01-20 05:00:00,9.9,1003.4,2.1,251.0,2.6,0.617,0.0,0.617,1
2023-01-20 06:00:00,10.5,1003.4,2.1,304.0,3.7,0.876,0.0,0.876,1
2023-01-20 07:00:00,10.5,1003.6,4.8,313.0,6.8,1.365,0.0,1.365,1
2023-01-20 08:00:00,9.7,1004.4,4.8,333.0,7.8,2.129,0.0,2.129,1
2023-01-20 09:00:00,8.5,1004.7,2.8,335.0,3.4,2.559,0.0,2.559,1
2023-01-20 10:00:00,8.3,1005.8,0.9,334.0,2.7,2.972,0.0,2.972,1
2023-01-20 11:00:00,7.7,1006.6,1.5,342.0,1.8,3.166,0.0,3.166,1
2023-01-20 12:00:00,6.9,1007.7,0.4,312.0,0.6,3.199,0.0,3.199,1
2023-01-20 13:00:00,6.5,1008.2,2.3,263.0,2.7,3.041,0.0,3.041,1
2023-01-20 14:00:00,7.7,1009.6,2.7,277.0,3.7,2.69,0.0,2.69,1
2023-01-20 15:00:00,8.4,1009.9,5.7,322.0,7.9,1.722,0.0,1.722,1
2023-01-20 16:00:00,9.6,1009.6,5.4,323.0,8.0,1.145,0.0,1.145,1
2023-01-20 17:00:00,10.5,1009.2,7.0,311.0,10.0,0.873,0.0,0.873,1
2023-01-20 18:00:00,10.4,1008.8,11.7,317.0,17.4,0.65,0.0,0.65,1
2023-01-20 19:00:00,10.4,1009.2,9.0,319.0,12.1,0.745,0.0,0.745,1
2023-01-20 20:00:00,10.4,1010.0,9.5,318.0,12.7,1.207,0.0,1.207,1
2023-01-20 21:00:00,9.6,1011.3,8.1,325.0,11.5,1.778,0.0,1.778,1
2023-01-20 22:00:00,9.1,1012.6,7.4,328.0,9.5,2.146,0.0,2.146,1
2023-01-20 23:00:00,8.1,1013.9,6.8,331.0,9.8,2.238,0.0,2.238,1
2023-01-21 00:00:00,7.4,1014.9,6.5,322.0,9.3,2.103,0.0,2.103,1
2023-01-21 01:00:00,6.8,1015.6,5.3,317.0,8.2,1.732,0.0,1.732,1
2023-01-21 02:00:00,6.5,1016.3,6.2,321.0,8.1,1.24,0.0,1.24,1
2023-01-21 03:00:00,6.2,1017.1,6.4,323.0,8.7,0.686,0.0,0.686,1
2023-01-21 04:00:00,5.8,1017.1,7.2,332.0,10.0,0.036,0.0,0.036,1
2023-01-21 05:00:00,5.2,1017.2,5.2,314.0,6.9,-0.243,0.0,-0.243,1
2023-01-21 06:00:00,4.4,1017.5,3.9,305.0,5.0,-0.282,0.0,-0.282,1
2023-01-21 07:00:00,4.2,1017.7,4.7,316.0,6.4,0.118,0.0,0.118,1
2023-01-21 08:00:00,3.9,1018.2,4.1,322.0,5.7,0.912,0.0,0.912,1
2023-01-21 09:00:00,3.5,1018.6,4.5,312.0,5.9,1.749,0.0,1.749,1
2023-01-21 10:00:00,3.1,1018.9,4.5,312.0,5.5,2.221,0.0,2.221,1
2023-01-21 11:00:00,2.3,1019.7,3.7,303.0,5.1,2.74,0.0,2.74,1
2023-01-21 12:00:00,2.3,1020.5,3.3,311.0,4.0,2.949,0.0,2.949,1
2023-01-21 13:00:00,2.4,1021.2,4.4,306.0,5.6,2.989,0.0,2.989,1
2023-01-21 14:00:00,3.9,1021.9,5.8,315.0,7.3,2.802,0.0,2.802,1
2023-01-21 15:00:00,5.6,1022.4,4.5,344.0,5.7,2.277,0.0,2.277,1
2023-01-21 16:00:00,5.8,1022.7,7.0,1.0,9.0,1.506,0.0,1.506,1
2023-01-21 17:00:00,6.0,1022.5,5.3,7.0,6.5,1.04,0.0,1.04,1
2023-01-21 18:00:00,6.0,1022.2,5.1,354.0,5.9,0.65,0.0,0.65,1
2023-01-21 19:00:00,5.5,1022.2,5.1,29.0,7.1,0.61,0.0,0.61,1
2023-01-21 20:00:00,5.4,1022.8,3.8,32.0,5.6,0.846,0.0,0.846,1
2023-01-21 21:00:00,5.5,1023.1,4.0,11.0,4.8,1.49,0.0,1.49,1
2023-01-21 22:00:00,5.5,1023.7,3.0,20.0,4.0,2.057,0.0,2.057,1
2023-01-21 23:00:00,5.1,1024.4,2.9,1.0,3.5,2.523,0.0,2.523,1
2023-01-22 00:00:00,5.0,1024.4,3.1,352.0,3.6,2.687,0.0,2.687,1
2023-01-22 01:00:00,4.9,1024.8,3.2,353.0,3.8,2.543,0.0,2.543,1
2023-01-22 02:00:00,4.8,1025.1,2.5,342.0,3.3,2.408,0.0,2.408,1
2023-01-22 03:00:00,4.6,1024.9,2.0,17.0,2.5,1.988,0.0,1.988,1
2023-01-22 04:00:00,4.4,1024.4,0.9,45.0,1.9,1.24,0.0,1.24,1
2023-01-22 05:00:00,4.3,1024.3,0.0,77.0,0.1,0.581,0.0,0.581,1
2023-01-22 06:00:00,4.5,1024.5,1.2,234.0,1.8,0.302,0.0,0.302,1
2023-01-22 07:00:00,4.1,1024.5,0.0,212.0,0.2,0.22,0.0,0.22,1
2023-01-22 08:00:00,4.0,1024.2,0.8,118.0,1.1,0.883,0.0,0.883,1
2023-01-22 09:00:00,4.3,1023.7,1.9,155.0,2.3,1.516,0.0,1.516,1
2023-01-22 10:00:00,4.4,1023.2,1.9,169.0,2.4,2.096,0.0,2.096,1
2023-01-22 11:00:00,4.6,1022.8,2.2,148.0,3.4,2.644,0.0,2.644,1
2023-01-22 12:00:00,5.2,1022.6,2.7,161.0,3.9,3.051,0.0,3.051,1
2023-01-22 13:00:00,5.7,1021.8,3.3,154.0,4.8,3.274,0.0,3.274,1
2023-01-22 14:00:00,6.1,1021.4,2.5,154.0,3.4,3.238,0.0,3.238,1
2023-01-22 15:00:00,6.4,1021.5,2.8,165.0,3.6,2.923,0.0,2.923,1
2023-01-22 16:00:00,6.7,1020.8,3.1,160.0,4.5,2.365,0.0,2.365,1
2023-01-22 17:00:00,6.9,1019.1,3.0,156.0,4.1,1.565,0.0,1.565,1
2023-01-22 18:00:00,6.8,1018.1,1.5,129.0,2.5,0.866,0.0,0.866,1
2023-01-22 19:00:00,6.9,1016.7,1.1,120.0,2.0,0.63,0.0,0.63,1
2023-01-22 20:00:00,7.0,1015.4,2.5,89.0,3.2,0.627,0.0,0.627,1
2023-01-22 21:00:00,7.3,1014.1,2.8,84.0,4.5,1.033,0.0,1.033,1
2023-01-22 22:00:00,6.7,1012.3,4.4,82.0,7.5,1.834,0.0,1.834,1
2023-01-22 23:00:00,6.8,1011.9,1.4,58.0,2.8,2.359,0.0,2.359,1
2023-01-23 00:00:00,7.8,1010.6,1.7,84.0,2.7,2.707,0.0,2.707,1
2023-01-23 01:00:00,8.7,1008.6,2.9,115.0,4.4,2.907,0.0,2.907,1
2023-01-23 02:00:00,9.4,1006.0,2.9,92.0,4.1,2.969,0.0,2.969,1
2023-01-23 03:00:00,9.7,1004.8,2.1,212.0,3.4,2.841,0.0,2.841,1
2023-01-23 04:00:00,11.0,1003.5,7.4,227.0,10.0,2.356,0.0,2.356,1
2023-01-23 05:00:00,11.6,1003.4,6.1,259.0,7.5,1.608,0.0,1.608,1
2023-01-23 06:00:00,11.9,1002.5,4.3,284.0,5.9,1.135,0.0,1.135,1
2023-01-23 07:00:00,7.8,1002.6,4.3,316.0,5.1,0.817,0.0,0.817,1
2023-01-23 08:00:00,6.9,1001.1,0.1,310.0,0.3,0.919,0.0,0.919,1
2023-01-23 09:00:00,6.4,1001.8,3.1,310.0,3.8,1.499,0.0,1.499,1
2023-01-23 10:00:00,5.8,1002.1,2.9,290.0,3.9,1.942,0.0,1.942,1
2023-01-23 11:00:00,5.4,1002.6,3.0,291.0,4.2,2.523,0.0,2.523,1
2023-01-23 12:00:00,5.2,1003.3,5.6,284.0,7.0,3.012,0.0,3.012,1
2023-01-23 13:00:00,4.9,1004.3,6.5,289.0,9.2,3.402,0.0,3.402,1
2023-01-23 14:00:00,5.2,1004.9,4.7,300.0,7.3,3.514,0.0,3.514,1
2023-01-23 15:00:00,5.6,1005.0,5.1,310.0,8.0,3.36,0.0,3.36,1
2023-01-23 16:00:00,5.8,1005.7,5.6,302.0,8.5,3.097,0.0,3.097,1
2023-01-23 17:00:00,5.9,1005.7,6.4,301.0,10.1,2.408,0.0,2.408,1
2023-01-23 18:00:00,6.6,1006.1,7.3,302.0,10.0,1.526,0.0,1.526,1
2023-01-23 19:00:00,6.8,1006.8,7.6,312.0,10.1,0.741,0.0,0.741,1
2023-01-23 20:00:00,7.0,1008.1,8.0,316.0,10.1,0.505,0.0,0.505,1
2023-01-23 21:00:00,7.0,1009.6,8.9,319.0,12.8,0.525,0.0,0.525,1
2023-01-23 22:00:00,7.0,1011.5,6.5,311.0,9.2,0.928,0.0,0.928,1
2023-01-23 23:00:00,6.9,1013.0,5.5,315.0,7.5,1.519,0.0,1.519,1
2023-01-24 00:00:00,6.8,1014.0,5.5,316.0,8.2,2.001,0.0,2.001,1
2023-01-24 01:00:00,6.5,1015.2,8.0,324.0,11.3,2.434,0.0,2.434,1
2023-01-24 02:00:00,5.7,1016.6,8.0,320.0,11.7,2.438,0.0,2.438,1
2023-01-24 03:00:00,5.5,1017.8,6.4,319.0,9.1,2.375,0.0,2.375,1
2023-01-24 04:00:00,5.0,1018.6,8.5,332.0,10.7,2.018,0.0,2.018,1
2023-01-24 05:00:00,4.4,1019.3,7.1,334.0,9.4,1.388,0.0,1.388,1
2023-01-24 06:00:00,4.1,1020.1,5.6,321.0,7.4,0.682,0.0,0.682,1
2023-01-24 07:00:00,3.8,1020.6,3.6,305.0,4.8,0.062,0.0,0.062,1
2023-01-24 08:00:00,3.2,1021.1,2.5,298.0,3.8,-0.243,0.0,-0.243,1
2023-01-24 09:00:00,2.6,1021.1,2.3,263.0,3.0,-0.003,0.0,-0.003,1
2023-01-24 10:00:00,2.8,1022.0,3.7,308.0,4.7,0.344,0.0,0.344,1
2023-01-24 11:00:00,2.5,1022.8,3.1,291.0,3.6,0.965,0.0,0.965,1
2023-01-24 12:00:00,1.6,1023.4,2.7,274.0,3.3,1.67,0.0,1.67,1
2023-01-24 13:00:00,1.8,1024.2,2.8,285.0,3.4,2.238,0.0,2.238,1
2023-01-24 14:00:00,3.5,1025.1,3.8,281.0,4.9,2.595,0.0,2.595,1
2023-01-24 15:00:00,5.2,1025.5,4.2,300.0,6.1,2.598,0.0,2.598,1
2023-01-24 16:00:00,6.0,1024.9,7.9,291.0,9.9,2.287,0.0,2.287,1
2023-01-24 17:00:00,7.1,1024.3,5.9,311.0,8.0,1.893,0.0,1.893,1
2023-01-24 18:00:00,8.0,1023.2,4.8,302.0,6.3,1.096,0.0,1.096,1
2023-01-24 19:00:00,8.7,1023.6,4.6,302.0,5.7,0.364,0.0,0.364,1
2023-01-24 20:00:00,8.9,1023.5,5.4,326.0,6.8,-0.253,0.0,-0.253,1
2023-01-24 21:00:00,9.2,1023.7,4.7,314.0,5.6,-0.436,0.0,-0.436,1
2023-01-24 22:00:00,8.6,1024.4,2.0,280.0,2.7,-0.23,0.0,-0.23,1
2023-01-24 23:00:00,7.2,1025.2,1.2,304.0,1.6,0.341,0.0,0.341,1
2023-01-25 00:00:00,5.4,1025.6,1.1,286.0,1.2,0.781,0.0,0.781,1
2023-01-25 01:00:00,6.0,1026.3,0.5,326.0,0.6,1.467,0.0,1.467,1
2023-01-25 02:00:00,4.6,1027.2,1.1,273.0,1.5,1.89,0.0,1.89,1
2023-01-25 03:00:00,4.5,1026.9,0.8,284.0,1.2,1.998,0.0,1.998,1
2023-01-25 04:00:00,3.7,1026.5,0.6,266.0,1.1,1.857,0.0,1.857,1
2023-01-25 05:00:00,3.4,1025.9,0.0,240.0,0.0,1.526,0.0,1.526,1
2023-01-25 06:00:00,3.0,1025.8,4.4,12.0,6.8,1.027,0.0,1.027,1
2023-01-25 07:00:00,2.7,1026.3,0.5,338.0,1.2,0.397,0.0,0.397,1
2023-01-25 08:00:00,3.4,1026.0,1.4,31.0,1.8,-0.121,0.0,-0.121,1
2023-01-25 09:00:00,3.6,1026.2,1.9,348.0,2.5,-0.381,0.0,-0.381,1
2023-01-25 10:00:00,6.2,1026.4,2.6,99.0,3.6,-0.213,0.0,-0.213,1
2023-01-25 11:00:00,6.2,1026.3,2.8,95.0,4.4,0.302,0.0,0.302,1
2023-01-25 12:00:00,6.4,1025.2,3.3,110.0,4.9,1.181,0.0,1.181,1
2023-01-25 13:00:00,6.7,1024.3,3.8,110.0,5.5,1.791,0.0,1.791,1
2023-01-25 14:00:00,7.4,1023.1,4.4,111.0,6.0,2.306,0.0,2.306,1
2023-01-25 15:00:00,8.1,1023.0,3.2,115.0,4.6,2.644,0.0,2.644,1
2023-01-25 16:00:00,8.6,1022.7,1.7,130.0,3.0,2.717,0.0,2.717,1
2023-01-25 17:00:00,8.5,1020.7,3.2,116.0,4.2,2.49,0.0,2.49,1
2023-01-25 18:00:00,9.1,1017.4,4.6,126.0,7.1,2.119,0.0,2.119,1
2023-01-25 19:00:00,9.0,1015.8,4.4,117.0,6.2,1.588,0.0,1.588,1
2023-01-25 20:00:00,9.2,1015.0,5.8,133.0,9.0,0.902,0.0,0.902,1
2023-01-25 21:00:00,9.7,1012.8,6.8,141.0,10.8,0.561,0.0,0.561,1
2023-01-25 22:00:00,10.2,1011.2,6.2,146.0,8.6,0.571,0.0,0.571,1
2023-01-25 23:00:00,10.4,1009.5,6.6,169.0,11.2,1.014,0.0,1.014,1
2023-01-26 00:00:00,10.3,1008.2,9.0,188.0,13.2,1.506,0.0,1.506,1
2023-01-26 01:00:00,10.5,1006.9,8.3,198.0,13.0,2.057,0.0,2.057,1
2023-01-26 02:00:00,10.4,1005.6,7.6,231.0,9.4,2.53,0.0,2.53,1
2023-01-26 03:00:00,9.7,1004.0,8.0,218.0,9.3,2.89,0.0,2.89,1
2023-01-26 04:00:00,10.3,1002.8,6.2,225.0,7.4,3.002,0.0,3.002,1
2023-01-26 05:00:00,10.3,1001.8,6.8,222.0,8.0,2.972,0.0,2.972,1
2023-01-26 06:00:00,9.6,1001.0,6.8,221.0,8.0,2.487,0.0,2.487,1
2023-01-26 07:00:00,10.5,1000.6,6.5,230.0,8.7,2.257,0.0,2.257,1
2023-01-26 08:00:00,11.4,999.7,7.9,229.0,9.6,1.677,0.0,1.677,1
2023-01-26 09:00:00,11.1,1001.2,6.6,288.0,8.9,1.207,0.0,1.207,1
2023-01-26 10:00:00,10.3,1002.1,4.3,310.0,5.8,0.948,0.0,0.948,1
2023-01-26 11:00:00,9.0,1003.7,4.1,314.0,6.6,1.066,0.0,1.066,1
2023-01-26 12:00:00,8.2,1005.5,5.2,314.0,6.8,1.211,0.0,1.211,1
2023-01-26 13:00:00,7.8,1007.0,5.0,298.0,6.6,1.9,0.0,1.9,1
2023-01-26 14:00:00,7.9,1008.3,6.8,297.0,9.6,2.251,0.0,2.251,1
2023-01-26 15:00:00,8.1,1009.1,6.0,283.0,7.7,2.592,0.0,2.592,1
2023-01-26 16:00:00,8.9,1009.3,7.1,282.0,10.0,2.831,0.0,2.831,1
2023-01-26 17:00:00,9.3,1008.6,10.2,292.0,13.1,2.72,0.0,2.72,1
2023-01-26 18:00:00,9.2,1008.8,7.2,290.0,10.2,2.448,0.0,2.448,1
2023-01-26 19:00:00,9.3,1009.4,8.5,315.0,11.5,1.9,0.0,1.9,1
2023-01-26 20:00:00,9.3,1010.4,4.1,305.0,6.4,1.394,0.0,1.394,1
2023-01-26 21:00:00,9.1,1011.4,3.6,292.0,5.0,0.879,0.0,0.879,1
2023-01-26 22:00:00,8.8,1012.1,3.2,278.0,4.0,0.535,0.0,0.535,1
2023-01-26 23:00:00,8.3,1012.9,3.2,264.0,4.2,0.459,0.0,0.459,1
2023-01-27 00:00:00,7.8,1013.9,4.1,260.0,5.0,0.581,0.0,0.581,1
2023-01-27 01:00:00,7.5,1014.4,3.2,248.0,4.2,1.024,0.0,1.024,1
2023-01-27 02:00:00,7.4,1015.3,4.5,277.0,6.2,1.509,0.0,1.509,1
2023-01-27 03:00:00,6.5,1015.7,2.7,277.0,3.2,1.946,0.0,1.946,1
2023-01-27 04:00:00,6.2,1016.2,2.0,279.0,2.4,2.133,0.0,2.133,1
2023-01-27 05:00:00,6.1,1016.8,2.6,266.0,3.2,2.116,0.0,2.116,1
2023-01-27 06:00:00,5.8,1017.3,2.2,318.0,3.1,1.946,0.0,1.946,1
2023-01-27 07:00:00,5.1,1017.8,2.9,304.0,3.8,1.529,0.0,1.529,1
2023-01-27 08:00:00,4.0,1017.8,1.7,323.0,2.3,1.112,0.0,1.112,1
2023-01-27 09:00:00,3.5,1018.3,3.0,322.0,3.8,0.505,0.0,0.505,1
2023-01-27 10:00:00,3.7,1018.6,3.4,329.0,4.4,0.0,0.0,0.0,1
2023-01-27 11:00:00,2.9,1019.8,2.3,318.0,3.5,-0.24,0.0,-0.24,1
2023-01-27 12:00:00,2.5,1020.9,2.2,305.0,2.8,-0.207,0.0,-0.207,1
2023-01-27 13:00:00,2.5,1021.7,2.6,296.0,3.4,0.148,0.0,0.148,1
2023-01-27 14:00:00,3.5,1022.6,2.4,309.0,3.5,0.64,0.0,0.64,1
2023-01-27 15:00:00,4.5,1022.9,3.6,313.0,4.5,1.217,0.0,1.217,1
2023-01-27 16:00:00,5.0,1022.6,3.3,289.0,4.4,1.555,0.0,1.555,1
2023-01-27 17:00:00,5.3,1021.9,3.6,302.0,5.1,1.713,0.0,1.713,1
2023-01-27 18:00:00,5.4,1021.3,3.0,314.0,3.6,1.677,0.0,1.677,1
2023-01-27 19:00:00,5.0,1021.4,4.0,319.0,5.4,1.335,0.0,1.335,1
2023-01-27 20:00:00,5.6,1021.8,1.7,267.0,2.5,0.991,0.0,0.991,1
2023-01-27 21:00:00,5.9,1022.3,1.5,293.0,2.2,0.499,0.0,0.499,1
2023-01-27 22:00:00,6.1,1022.5,3.9,268.0,5.1,0.102,0.0,0.102,1
2023-01-27 23:00:00,5.1,1023.2,1.4,245.0,1.9,-0.141,0.0,-0.141,1
2023-01-28 00:00:00,4.5,1023.8,1.5,251.0,1.8,-0.105,0.0,-0.105,1
2023-01-28 01:00:00,3.9,1024.4,2.0,254.0,2.5,0.177,0.0,0.177,1
2023-01-28 02:00:00,3.8,1024.8,2.4,246.0,3.0,0.837,0.0,0.837,1
2023-01-28 03:00:00,3.7,1024.9,1.9,239.0,2.3,1.293,0.0,1.293,1
2023-01-28 04:00:00,3.7,1024.5,2.0,240.0,2.5,1.778,0.0,1.778,1
2023-01-28 05:00:00,4.2,1024.3,4.2,234.0,5.2,2.047,0.0,2.047,1
2023-01-28 06:00:00,4.8,1024.3,4.5,236.0,5.4,2.09,0.0,2.09,1
2023-01-28 07:00:00,4.7,1025.0,2.9,231.0,3.4,1.998,0.0,1.998,1
2023-01-28 08:00:00,4.7,1025.0,4.0,222.0,4.5,1.804,0.0,1.804,1
2023-01-28 09:00:00,5.4,1025.1,5.1,241.0,6.9,1.319,0.0,1.319,1
2023-01-28 10:00:00,5.2,1024.9,6.4,258.0,7.7,0.702,0.0,0.702,1
2023-01-28 11:00:00,5.2,1025.4,6.3,264.0,7.8,0.295,0.0,0.295,1
2023-01-28 12:00:00,5.0,1025.9,5.5,265.0,6.5,0.269,0.0,0.269,1
2023-01-28 13:00:00,5.2,1026.7,5.1,267.0,6.7,0.285,0.0,0.285,1
2023-01-28 14:00:00,6.8,1027.6,5.7,280.0,7.0,0.594,0.0,0.594,1
2023-01-28 15:00:00,8.8,1027.7,5.1,285.0,7.0,0.968,0.0,0.968,1
2023-01-28 16:00:00,10.1,1027.8,6.3,290.0,7.2,1.371,0.0,1.371,1
2023-01-28 17:00:00,11.1,1026.8,4.1,245.0,5.1,1.611,0.0,1.611,1
2023-01-28 18:00:00,9.3,1026.0,3.5,193.0,4.9,1.709,0.0,1.709,1
2023-01-28 19:00:00,8.3,1025.8,4.4,211.0,5.0,1.575,0.0,1.575,1
2023-01-28 20:00:00,8.2,1026.3,5.4,211.0,6.4,1.398,0.0,1.398,1
2023-01-28 21:00:00,8.7,1026.8,4.8,204.0,5.9,1.129,0.0,1.129,1
2023-01-28 22:00:00,7.8,1027.1,4.5,219.0,5.2,0.669,0.0,0.669,1
2023-01-28 23:00:00,7.7,1027.9,3.1,220.0,3.6,0.344,0.0,0.344,1
2023-01-29 00:00:00,6.9,1028.5,2.3,233.0,2.9,0.062,0.0,0.062,1
2023-01-29 01:00:00,6.8,1028.6,2.0,215.0,2.5,0.125,0.0,0.125,1
2023-01-29 02:00:00,6.3,1028.8,2.7,215.0,2.9,0.449,0.0,0.449,1
2023-01-29 03:00:00,6.6,1028.9,3.4,226.0,3.9,1.017,0.0,1.017,1
2023-01-29 04:00:00,6.6,1028.8,2.4,209.0,2.9,1.46,0.0,1.46,1
2023-01-29 05:00:00,6.7,1028.5,2.4,198.0,3.1,1.821,0.0,1.821,1
2023-01-29 06:00:00,6.7,1028.2,3.5,219.0,3.8,2.07,0.0,2.07,1
2023-01-29 07:00:00,7.1,1027.8,3.6,218.0,4.3,2.093,0.0,2.093,1
2023-01-29 08:00:00,6.8,1027.4,3.3,224.0,3.7,1.998,0.0,1.998,1
2023-01-29 09:00:00,7.0,1027.7,3.3,230.0,4.1,1.854,0.0,1.854,1
2023-01-29 10:00:00,6.8,1027.7,3.5,216.0,4.2,1.404,0.0,1.404,1
2023-01-29 11:00:00,6.0,1027.4,3.5,220.0,3.9,0.925,0.0,0.925,1
2023-01-29 12:00:00,6.2,1027.2,2.8,212.0,3.2,0.525,0.0,0.525,1
2023-01-29 13:00:00,7.2,1027.4,2.7,200.0,3.5,0.453,0.0,0.453,1
2023-01-29 14:00:00,7.7,1027.2,4.7,220.0,6.4,0.587,0.0,0.587,1
2023-01-29 15:00:00,7.8,1026.8,5.1,204.0,6.3,0.801,0.0,0.801,1
2023-01-29 16:00:00,8.0,1026.5,5.8,210.0,7.1,1.086,0.0,1.086,1
2023-01-29 17:00:00,8.3,1025.6,5.9,211.0,6.9,1.565,0.0,1.565,1
2023-01-29 18:00:00,8.1,1024.4,6.1,211.0,7.2,1.716,0.0,1.716,1
2023-01-29 19:00:00,8.2,1023.4,6.6,210.0,7.9,1.762,0.0,1.762,1
2023-01-29 20:00:00,10.3,1023.0,5.5,239.0,6.8,1.768,0.0,1.768,1
2023-01-29 21:00:00,9.7,1022.7,5.5,222.0,6.4,1.644,0.0,1.644,1
2023-01-29 22:00:00,9.6,1022.5,7.1,230.0,8.4,1.358,0.0,1.358,1
2023-01-29 23:00:00,10.3,1022.8,6.1,246.0,8.4,1.043,0.0,1.043,1
2023-01-30 00:00:00,10.1,1023.2,5.4,247.0,8.8,0.597,0.0,0.597,1
2023-01-30 01:00:00,9.7,1023.8,4.2,277.0,6.5,0.43,0.0,0.43,1
2023-01-30 02:00:00,9.7,1023.8,3.6,271.0,6.4,0.581,0.0,0.581,1
2023-01-30 03:00:00,9.7,1023.7,2.7,272.0,3.7,0.899,0.0,0.899,1
2023-01-30 04:00:00,9.5,1023.9,1.7,289.0,3.8,1.391,0.0,1.391,1
2023-01-30 05:00:00,9.3,1023.5,1.5,291.0,3.0,1.765,0.0,1.765,1
2023-01-30 06:00:00,8.7,1022.9,0.8,286.0,1.3,2.051,0.0,2.051,1
2023-01-30 07:00:00,8.5,1022.9,0.7,308.0,1.1,2.274,0.0,2.274,1
2023-01-30 08:00:00,7.7,1022.3,2.4,211.0,2.6,2.418,0.0,2.418,1
2023-01-30 09:00:00,7.7,1022.5,0.0,270.0,0.0,2.277,0.0,2.277,1
2023-01-30 10:00:00,7.7,1023.3,0.1,270.0,0.5,2.1,0.0,2.1,1
2023-01-30 11:00:00,7.5,1023.3,1.0,194.0,1.5,1.699,0.0,1.699,1
2023-01-30 12:00:00,7.3,1022.6,1.2,164.0,1.8,1.23,0.0,1.23,1
2023-01-30 13:00:00,7.3,1022.7,0.1,351.0,0.3,0.883,0.0,0.883,1
2023-01-30 14:00:00,7.4,1024.2,1.2,351.0,1.5,0.778,0.0,0.778,1
2023-01-30 15:00:00,8.0,1023.7,0.0,152.0,0.7,0.719,0.0,0.719,1
2023-01-30 16:00:00,8.9,1023.1,0.8,76.0,1.5,0.863,0.0,0.863,1
2023-01-30 17:00:00,8.4,1022.0,1.3,183.0,1.7,1.188,0.0,1.188,1
2023-01-30 18:00:00,8.6,1021.4,1.5,199.0,2.1,1.371,0.0,1.371,1
2023-01-30 19:00:00,9.4,1020.6,1.3,192.0,2.0,1.585,0.0,1.585,1
2023-01-30 20:00:00,10.1,1020.5,1.5,170.0,2.2,1.729,0.0,1.729,1
2023-01-30 21:00:00,9.1,1020.3,2.8,109.0,3.5,1.755,0.0,1.755,1
2023-01-30 22:00:00,8.2,1020.5,1.9,131.0,2.5,1.627,0.0,1.627,1
2023-01-30 23:00:00,7.6,1020.7,1.6,173.0,2.3,1.263,0.0,1.263,1
2023-01-31 00:00:00,7.0,1021.3,1.7,220.0,1.9,0.843,0.0,0.843,1
2023-01-31 01:00:00,7.0,1021.3,1.3,228.0,1.7,0.505,0.0,0.505,1
2023-01-31 02:00:00,6.6,1021.1,1.6,226.0,2.2,0.443,0.0,0.443,1
2023-01-31 03:00:00,6.8,1021.0,2.8,229.0,3.5,0.633,0.0,0.633,1
2023-01-31 04:00:00,7.1,1020.9,2.7,248.0,3.2,1.079,0.0,1.079,1
2023-01-31 05:00:00,6.7,1020.5,1.6,217.0,1.8,1.375,0.0,1.375,1
2023-01-31 06:00:00,7.4,1020.1,3.9,220.0,4.4,1.818,0.0,1.818,1
2023-01-31 07:00:00,7.2,1019.8,2.2,234.0,2.9,2.142,0.0,2.142,1
2023-01-31 08:00:00,7.5,1019.5,3.8,222.0,4.7,2.359,0.0,2.359,1
2023-01-31 09:00:00,7.1,1019.2,4.9,222.0,5.5,2.516,0.0,2.516,1
2023-01-31 10:00:00,7.3,1019.5,4.4,223.0,5.0,2.405,0.0,2.405,1
2023-01-31 11:00:00,7.5,1019.7,5.1,224.0,5.9,2.234,0.0,2.234,1
2023-01-31 12:00:00,7.8,1020.1,4.6,227.0,5.2,1.87,0.0,1.87,1
2023-01-31 13:00:00,8.8,1021.8,3.5,340.0,4.6,1.476,0.0,1.476,1
2023-01-31 14:00:00,9.0,1023.0,4.3,358.0,5.2,1.129,0.0,1.129,1
2023-01-31 15:00:00,7.1,1024.1,4.2,26.0,6.3,1.066,0.0,1.066,1
2023-01-31 16:00:00,7.0,1023.2,3.0,77.0,5.1,0.994,0.0,0.994,1
2023-01-31 17:00:00,6.0,1023.4,5.8,33.0,7.4,1.175,0.0,1.175,1
2023-01-31 18:00:00,5.4,1023.0,3.1,62.0,6.7,1.46,0.0,1.46,1
2023-01-31 19:00:00,5.2,1022.4,3.4,43.0,6.0,1.913,0.0,1.913,1
2023-01-31 20:00:00,4.8,1022.7,3.3,35.0,5.7,1.995,0.0,1.995,1
2023-01-31 21:00:00,4.2,1023.4,5.6,11.0,6.7,2.175,0.0,2.175,1
2023-01-31 22:00:00,3.9,1023.0,2.8,46.0,5.1,2.123,0.0,2.123,1
2023-01-31 23:00:00,4.2,1022.7,2.3,80.0,3.5,2.034,0.0,2.034,1
2023-02-01 00:00:00,4.1,1023.3,2.5,69.0,5.2,1.68,0.0,1.68,1
2023-02-01 01:00:00,4.0,1023.2,2.8,69.0,5.8,1.385,0.0,1.385,1
2023-02-01 02:00:00,4.1,1022.7,1.9,74.0,3.7,1.033,0.0,1.033,1
2023-02-01 03:00:00,4.1,1023.1,4.1,37.0,6.0,0.902,0.0,0.902,1
2023-02-01 04:00:00,3.6,1022.6,4.3,34.0,6.1,1.247,0.0,1.247,1
2023-02-01 05:00:00,3.9,1022.0,4.8,34.0,6.1,1.375,0.0,1.375,1
2023-02-01 06:00:00,3.9,1021.1,3.2,39.0,5.0,1.864,0.0,1.864,1
2023-02-01 07:00:00,4.1,1021.8,3.3,32.0,5.0,2.201,0.0,2.201,1
2023-02-01 08:00:00,3.5,1020.6,4.7,34.0,6.8,2.625,0.0,2.625,1
2023-02-01 09:00:00,2.9,1021.1,7.7,20.0,10.3,2.844,0.0,2.844,1
2023-02-01 10:00:00,2.5,1022.2,6.0,11.0,8.0,2.927,0.0,2.927,1
2023-02-01 11:00:00,1.9,1022.8,6.0,23.0,8.7,2.874,0.0,2.874,1
2023-02-01 12:00:00,1.7,1023.1,7.0,12.0,9.0,2.612,0.0,2.612,1
2023-02-01 13:00:00,1.4,1024.5,5.6,3.0,7.0,2.238,0.0,2.238,1
2023-02-01 14:00:00,1.3,1024.7,3.2,347.0,4.0,1.827,0.0,1.827,1
2023-02-01 15:00:00,1.1,1025.5,5.2,357.0,6.2,1.401,0.0,1.401,1
2023-02-01 16:00:00,1.9,1025.8,5.5,349.0,7.5,1.437,0.0,1.437,1
2023-02-01 17:00:00,1.9,1025.7,6.7,355.0,8.1,1.28,0.0,1.28,1
2023-02-01 18:00:00,2.3,1025.0,6.0,12.0,7.5,1.434,0.0,1.434,1
2023-02-01 19:00:00,2.3,1024.9,6.8,3.0,8.1,1.677,0.0,1.677,1
2023-02-01 20:00:00,2.5,1025.1,4.3,2.0,5.1,2.051,0.0,2.051,1
2023-02-01 21:00:00,3.2,1025.5,4.4,3.0,5.4,2.172,0.0,2.172,1
2023-02-01 22:00:00,3.1,1025.8,3.2,359.0,3.8,2.287,0.0,2.287,1
2023-02-01 23:00:00,2.7,1026.2,2.5,338.0,3.1,2.224,0.0,2.224,1
2023-02-02 00:00:00,1.9,1026.6,1.4,309.0,1.9,2.011,0.0,2.011,1
2023-02-02 01:00:00,0.7,1027.1,2.1,323.0,2.5,1.68,0.0,1.68,1
2023-02-02 02:00:00,1.3,1027.1,2.6,350.0,3.3,1.181,0.0,1.181,1
2023-02-02 03:00:00,-0.1,1027.4,1.4,305.0,2.0,0.945,0.0,0.945,1
2023-02-02 04:00:00,0.1,1027.0,0.7,348.0,0.9,0.879,0.0,0.879,1
2023-02-02 05:00:00,0.3,1027.0,0.8,2.0,1.3,1.073,0.0,1.073,1
2023-02-02 06:00:00,0.6,1026.4,0.8,3.0,1.4,1.444,0.0,1.444,1
2023-02-02 07:00:00,0.1,1026.8,1.1,339.0,1.4,1.804,0.0,1.804,1
2023-02-02 08:00:00,-0.5,1026.5,0.9,295.0,1.4,2.116,0.0,2.116,1
2023-02-02 09:00:00,-0.2,1026.0,0.8,295.0,1.1,2.477,0.0,2.477,1
2023-02-02 10:00:00,0.3,1025.6,1.4,351.0,2.0,2.7,0.0,2.7,1
2023-02-02 11:00:00,0.4,1025.3,1.4,323.0,2.0,2.746,0.0,2.746,1
2023-02-02 12:00:00,0.5,1026.1,2.4,323.0,3.1,2.73,0.0,2.73,1
2023-02-02 13:00:00,0.7,1024.7,0.9,324.0,1.2,2.539,0.0,2.539,1
2023-02-02 14:00:00,1.1,1025.8,2.1,326.0,2.5,2.07,0.0,2.07,1
2023-02-02 15:00:00,1.4,1024.5,1.1,20.0,1.7,1.611,0.0,1.611,1
2023-02-02 16:00:00,2.1,1024.9,2.4,7.0,2.9,1.178,0.0,1.178,1
2023-02-02 17:00:00,2.5,1023.6,0.8,10.0,1.1,1.211,0.0,1.211,1
2023-02-02 18:00:00,3.2,1021.6,0.9,356.0,1.3,1.129,0.0,1.129,1
2023-02-02 19:00:00,3.3,1020.2,2.0,198.0,3.0,1.27,0.0,1.27,1
2023-02-02 20:00:00,3.6,1019.3,3.0,216.0,3.6,1.627,0.0,1.627,1
2023-02-02 21:00:00,3.3,1018.4,4.3,230.0,5.0,1.972,0.0,1.972,1
2023-02-02 22:00:00,3.3,1018.1,2.5,230.0,3.0,2.165,0.0,2.165,1
2023-02-02 23:00:00,3.3,1018.0,3.9,258.0,4.5,2.257,0.0,2.257,1
2023-02-03 00:00:00,2.6,1017.1,3.0,269.0,3.7,2.018,0.0,2.018,1
2023-02-03 01:00:00,2.3,1016.9,3.5,262.0,5.0,1.775,0.0,1.775,1
2023-02-03 02:00:00,2.5,1016.1,4.5,261.0,5.7,1.388,0.0,1.388,1
2023-02-03 03:00:00,2.5,1015.6,4.3,254.0,5.1,0.971,0.0,0.971,1
2023-02-03 04:00:00,2.5,1014.6,4.3,250.0,5.0,0.64,0.0,0.64,1
2023-02-03 05:00:00,2.9,1013.8,4.7,276.0,7.6,0.528,0.0,0.528,1
2023-02-03 06:00:00,2.8,1012.8,3.7,283.0,4.6,0.64,0.0,0.64,1
2023-02-03 07:00:00,3.2,1012.6,4.4,294.0,6.5,1.063,0.0,1.063,1
2023-02-03 08:00:00,3.4,1012.7,3.6,305.0,4.9,1.634,0.0,1.634,1
2023-02-03 09:00:00,3.4,1012.0,2.7,293.0,3.5,1.946,0.0,1.946,1
2023-02-03 10:00:00,3.9,1012.5,6.0,331.0,8.0,2.241,0.0,2.241,1
2023-02-03 11:00:00,3.9,1013.1,5.2,331.0,6.4,2.415,0.0,2.415,1
2023-02-03 12:00:00,3.6,1013.5,4.7,328.0,5.8,2.326,0.0,2.326,1
2023-02-03 13:00:00,4.2,1014.3,8.1,321.0,10.8,2.228,0.0,2.228,1
2023-02-03 14:00:00,4.1,1015.2,7.8,325.0,11.5,1.896,0.0,1.896,1
2023-02-03 15:00:00,1.7,1016.6,10.5,356.0,12.2,1.762,0.0,1.762,1
2023-02-03 16:00:00,1.9,1017.9,9.0,328.0,11.5,0.942,0.0,0.942,1
2023-02-03 17:00:00,1.0,1018.7,7.7,336.0,11.3,0.545,0.0,0.545,1
2023-02-03 18:00:00,0.6,1018.2,9.7,323.0,13.9,0.358,0.0,0.358,1
2023-02-03 19:00:00,1.0,1019.1,8.2,326.0,10.5,0.495,0.0,0.495,1
2023-02-03 20:00:00,0.0,1020.2,9.1,312.0,13.5,0.745,0.0,0.745,1
2023-02-03 21:00:00,-0.6,1021.9,9.2,330.0,12.6,1.257,0.0,1.257,1
2023-02-03 22:00:00,-1.1,1023.8,9.2,337.0,13.2,1.512,0.0,1.512,1
2023-02-03 23:00:00,-2.0,1025.2,10.8,335.0,15.4,1.65,0.0,1.65,1
2023-02-04 00:00:00,-2.2,1026.7,9.4,340.0,14.6,1.499,0.0,1.499,1
2023-02-04 01:00:00,-2.9,1028.1,10.0,335.0,14.2,1.155,0.0,1.155,1
2023-02-04 02:00:00,-3.7,1029.3,8.1,337.0,11.1,0.659,0.0,0.659,1
2023-02-04 03:00:00,-4.5,1030.6,6.8,345.0,9.3,0.059,0.0,0.059,1
2023-02-04 04:00:00,-5.0,1031.5,9.0,333.0,13.0,-0.354,0.0,-0.354,1
2023-02-04 05:00:00,-5.6,1032.4,6.8,351.0,10.0,-0.709,0.0,-0.709,1
2023-02-04 06:00:00,-5.8,1033.6,7.3,339.0,11.9,-0.699,0.0,-0.699,1
2023-02-04 07:00:00,-6.5,1034.1,6.7,348.0,8.6,-0.443,0.0,-0.443,1
2023-02-04 08:00:00,-7.0,1035.0,8.5,355.0,10.6,-0.115,0.0,-0.115,1
2023-02-04 09:00:00,-7.2,1035.9,6.0,340.0,7.7,0.577,0.0,0.577,1
2023-02-04 10:00:00,-7.6,1037.7,5.4,330.0,6.5,0.997,0.0,0.997,1
2023-02-04 11:00:00,-7.8,1038.4,4.9,334.0,6.9,1.316,0.0,1.316,1
2023-02-04 12:00:00,-7.5,1039.0,5.4,340.0,7.3,1.49,0.0,1.49,1
2023-02-04 13:00:00,-7.1,1039.9,5.7,332.0,7.6,1.339,0.0,1.339,1
2023-02-04 14:00:00,-7.0,1039.8,6.1,349.0,7.8,1.125,0.0,1.125,1
2023-02-04 15:00:00,-6.5,1040.3,4.1,345.0,6.7,0.61,0.0,0.61,1
2023-02-04 16:00:00,-6.4,1040.0,2.1,53.0,3.1,-0.046,0.0,-0.046,1
2023-02-04 17:00:00,-5.3,1038.8,1.8,141.0,3.4,-0.433,0.0,-0.433,1
2023-02-04 18:00:00,-4.7,1037.7,2.0,196.0,3.1,-0.823,0.0,-0.823,1
2023-02-04 19:00:00,-3.6,1036.9,3.8,176.0,4.9,-0.814,0.0,-0.814,1
2023-02-04 20:00:00,-3.4,1036.1,3.6,209.0,5.4,-0.574,0.0,-0.574,1
2023-02-04 21:00:00,-2.9,1035.9,5.6,213.0,7.0,-0.016,0.0,-0.016,1
2023-02-04 22:00:00,-2.5,1035.5,6.7,234.0,7.9,0.659,0.0,0.659,1
2023-02-04 23:00:00,-2.6,1035.1,6.3,229.0,7.4,0.991,0.0,0.991,1
2023-02-05 00:00:00,-2.0,1035.1,6.4,235.0,8.5,1.063,0.0,1.063,1
2023-02-05 01:00:00,-1.4,1034.4,6.7,232.0,8.2,0.997,0.0,0.997,1
2023-02-05 02:00:00,-0.7,1033.8,6.9,231.0,8.2,0.692,0.0,0.692,1
2023-02-05 03:00:00,0.1,1033.3,8.0,230.0,9.7,0.207,0.0,0.207,1
2023-02-05 04:00:00,0.7,1032.9,5.8,232.0,7.1,-0.226,0.0,-0.226,1
2023-02-05 05:00:00,1.3,1032.0,8.8,231.0,11.4,-0.696,0.0,-0.696,1
2023-02-05 06:00:00,1.4,1031.5,8.9,224.0,10.7,-0.955,0.0,-0.955,1
2023-02-05 07:00:00,1.4,1030.9,9.5,224.0,11.0,-0.853,0.0,-0.853,1
2023-02-05 08:00:00,1.4,1030.1,7.4,228.0,9.2,-0.476,0.0,-0.476,1
2023-02-05 09:00:00,1.2,1029.2,6.5,230.0,7.7,0.102,0.0,0.102,1
2023-02-05 10:00:00,2.0,1029.1,9.0,234.0,10.8,0.663,0.0,0.663,1
2023-02-05 11:00:00,2.5,1028.7,8.8,233.0,11.4,1.053,0.0,1.053,1
2023-02-05 12:00:00,2.1,1028.5,6.3,241.0,7.9,1.381,0.0,1.381,1
2023-02-05 13:00:00,2.6,1027.6,5.4,235.0,6.5,1.47,0.0,1.47,1
2023-02-05 14:00:00,2.9,1027.5,7.8,226.0,10.4,1.332,0.0,1.332,1
2023-02-05 15:00:00,3.5,1026.9,9.6,228.0,12.0,0.771,0.0,0.771,1
2023-02-05 16:00:00,5.1,1026.1,9.6,223.0,11.4,0.217,0.0,0.217,1
2023-02-05 17:00:00,6.2,1025.1,8.6,227.0,10.4,-0.243,0.0,-0.243,1
2023-02-05 18:00:00,6.7,1023.7,7.3,225.0,8.8,-0.686,0.0,-0.686,1
2023-02-05 19:00:00,6.7,1022.2,7.5,214.0,8.7,-0.869,0.0,-0.869,1
2023-02-05 20:00:00,6.4,1021.5,7.6,217.0,8.9,-0.748,0.0,-0.748,1
2023-02-05 21:00:00,7.0,1021.0,5.0,229.0,6.0,-0.423,0.0,-0.423,1
2023-02-05 22:00:00,6.5,1020.5,7.8,219.0,8.8,0.154,0.0,0.154,1
2023-02-05 23:00:00,6.7,1020.4,7.4,228.0,8.8,0.607,0.0,0.607,1
2023-02-06 00:00:00,6.9,1020.2,8.3,228.0,10.2,0.823,0.0,0.823,1
2023-02-06 01:00:00,7.6,1019.0,8.2,226.0,10.6,0.945,0.0,0.945,1
2023-02-06 02:00:00,7.1,1018.7,8.6,239.0,10.5,0.866,0.0,0.866,1
2023-02-06 03:00:00,7.7,1018.5,8.6,238.0,10.5,0.515,0.0,0.515,1
2023-02-06 04:00:00,8.4,1018.3,4.2,244.0,4.7,-0.007,0.0,-0.007,1
2023-02-06 05:00:00,7.7,1017.2,5.2,223.0,6.3,-0.315,0.0,-0.315,1
2023-02-06 06:00:00,7.9,1016.1,1.6,239.0,1.9,-0.653,0.0,-0.653,1
2023-02-06 07:00:00,7.1,1014.8,2.6,204.0,3.1,-0.686,0.0,-0.686,1
2023-02-06 08:00:00,6.6,1014.2,0.2,199.0,0.9,-0.371,0.0,-0.371,1
2023-02-06 09:00:00,7.1,1013.3,1.6,335.0,2.1,0.308,0.0,0.308,1
2023-02-06 10:00:00,7.7,1013.3,1.9,318.0,2.4,0.856,0.0,0.856,1
2023-02-06 11:00:00,7.0,1013.5,3.7,336.0,4.5,1.407,0.0,1.407,1
2023-02-06 12:00:00,6.5,1013.9,4.2,345.0,5.6,1.821,0.0,1.821,1
2023-02-06 13:00:00,6.6,1014.2,5.8,356.0,7.8,2.037,0.0,2.037,1
2023-02-06 14:00:00,7.3,1014.9,6.2,359.0,8.0,2.133,0.0,2.133,1
2023-02-06 15:00:00,8.2,1015.2,5.9,358.0,7.4,1.88,0.0,1.88,1
2023-02-06 16:00:00,9.7,1015.4,7.8,4.0,9.7,1.549,0.0,1.549,1
2023-02-06 17:00:00,9.6,1015.3,8.5,21.0,11.4,1.138,0.0,1.138,1
2023-02-06 18:00:00,10.2,1014.9,7.6,22.0,11.3,0.63,0.0,0.63,1
2023-02-06 19:00:00,10.8,1015.4,9.6,3.0,12.6,0.472,0.0,0.472,1
2023-02-06 20:00:00,9.9,1016.1,7.3,10.0,8.5,0.659,0.0,0.659,1
2023-02-06 21:00:00,9.0,1017.6,7.0,7.0,8.5,0.771,0.0,0.771,1
2023-02-06 22:00:00,8.0,1019.1,8.8,17.0,13.0,1.368,0.0,1.368,1
2023-02-06 23:00:00,7.3,1020.3,6.8,22.0,10.3,1.762,0.0,1.762,1
2023-02-07 00:00:00,6.9,1021.7,7.7,6.0,9.6,2.064,0.0,2.064,1
2023-02-07 01:00:00,6.5,1023.1,5.1,1.0,5.9,2.218,0.0,2.218,1
2023-02-07 02:00:00,6.4,1023.7,4.0,355.0,5.5,2.188,0.0,2.188,1
2023-02-07 03:00:00,5.9,1024.4,3.4,350.0,4.3,2.064,0.0,2.064,1
2023-02-07 04:00:00,5.3,1025.1,3.6,340.0,4.9,1.752,0.0,1.752,1
2023-02-07 05:00:00,4.8,1025.2,3.7,4.0,4.6,1.207,0.0,1.207,1
2023-02-07 06:00:00,4.6,1025.2,3.6,5.0,4.4,0.669,0.0,0.669,1
2023-02-07 07:00:00,3.8,1025.9,3.7,345.0,4.8,0.502,0.0,0.502,1
2023-02-07 08:00:00,3.1,1026.3,3.6,348.0,4.3,0.63,0.0,0.63,1
2023-02-07 09:00:00,2.3,1027.1,2.9,342.0,3.7,0.981,0.0,0.981,1
2023-02-07 10:00:00,1.6,1027.9,2.3,341.0,2.7,1.506,0.0,1.506,1
2023-02-07 11:00:00,1.6,1028.0,2.8,2.0,3.5,1.906,0.0,1.906,1
2023-02-07 12:00:00,0.5,1028.6,1.8,346.0,2.3,2.323,0.0,2.323,1
2023-02-07 13:00:00,1.3,1029.0,1.8,350.0,2.4,2.625,0.0,2.625,1
2023-02-07 14:00:00,2.7,1029.5,1.1,1.0,1.4,2.799,0.0,2.799,1
2023-02-07 15:00:00,4.1,1029.8,0.1,1.0,0.3,2.703,0.0,2.703,1
2023-02-07 16:00:00,4.6,1030.0,0.0,148.0,0.2,2.411,0.0,2.411,1
2023-02-07 17:00:00,5.7,1029.0,2.2,177.0,3.2,1.919,0.0,1.919,1
2023-02-07 18:00:00,5.9,1027.7,2.8,191.0,3.9,1.391,0.0,1.391,1
2023-02-07 19:00:00,5.9,1026.9,4.3,198.0,6.0,1.093,0.0,1.093,1
2023-02-07 20:00:00,6.0,1026.4,6.2,205.0,7.3,0.971,0.0,0.971,1
2023-02-07 21:00:00,6.0,1025.7,6.5,214.0,7.5,1.096,0.0,1.096,1
2023-02-07 22:00:00,6.1,1025.1,7.4,210.0,9.0,1.434,0.0,1.434,1
2023-02-07 23:00:00,6.0,1024.0,6.8,213.0,8.1,1.854,0.0,1.854,1
2023-02-08 00:00:00,6.1,1024.0,4.8,227.0,6.1,2.283,0.0,2.283,1
2023-02-08 01:00:00,6.3,1023.4,5.6,217.0,6.3,2.575,0.0,2.575,1
2023-02-08 02:00:00,6.3,1023.0,4.5,221.0,5.1,2.677,0.0,2.677,1
2023-02-08 03:00:00,6.9,1022.8,5.0,223.0,6.0,2.625,0.0,2.625,1
2023-02-08 04:00:00,6.8,1022.1,4.9,222.0,5.8,2.359,0.0,2.359,1
2023-02-08 05:00:00,6.5,1021.5,5.5,218.0,6.1,1.88,0.0,1.88,1
2023-02-08 06:00:00,6.5,1021.1,4.3,217.0,4.8,1.473,0.0,1.473,1
2023-02-08 07:00:00,6.7,1020.6,4.1,216.0,4.6,1.194,0.0,1.194,1
2023-02-08 08:00:00,9.6,1020.1,4.2,259.0,5.0,1.093,0.0,1.093,1
2023-02-08 09:00:00,9.9,1020.4,2.8,284.0,3.6,1.25,0.0,1.25,1
2023-02-08 10:00:00,9.7,1021.1,1.8,319.0,2.8,1.601,0.0,1.601,1
2023-02-08 11:00:00,9.7,1021.2,1.4,296.0,2.1,2.077,0.0,2.077,1
2023-02-08 12:00:00,9.3,1022.2,3.2,323.0,3.8,2.375,0.0,2.375,1
2023-02-08 13:00:00,9.5,1023.1,2.5,319.0,3.1,2.782,0.0,2.782,1
2023-02-08 14:00:00,10.5,1023.6,2.6,308.0,3.9,2.94,0.0,2.94,1
2023-02-08 15:00:00,11.3,1023.9,2.3,329.0,3.0,3.018,0.0,3.018,1
2023-02-08 16:00:00,12.7,1024.5,2.7,9.0,3.3,2.854,0.0,2.854,1
2023-02-08 17:00:00,13.7,1023.8,3.3,23.0,5.5,2.559,0.0,2.559,1
2023-02-08 18:00:00,15.4,1023.7,6.6,354.0,8.5,1.801,0.0,1.801,1
2023-02-08 19:00:00,12.9,1023.4,2.0,139.0,3.1,1.401,0.0,1.401,1
2023-02-08 20:00:00,12.0,1023.9,1.9,108.0,2.5,1.227,0.0,1.227,1
2023-02-08 21:00:00,11.7,1024.8,1.6,111.0,2.3,1.115,0.0,1.115,1
2023-02-08 22:00:00,10.8,1025.3,0.6,135.0,1.1,1.325,0.0,1.325,1
2023-02-08 23:00:00,9.8,1025.8,0.1,126.0,0.6,1.627,0.0,1.627,1
2023-02-09 00:00:00,8.1,1026.5,0.0,199.0,0.2,2.041,0.0,2.041,1
2023-02-09 01:00:00,6.9,1026.8,1.8,214.0,2.1,2.336,0.0,2.336,1
2023-02-09 02:00:00,7.0,1027.1,0.0,228.0,0.2,2.533,0.0,2.533,1
2023-02-09 03:00:00,7.1,1027.0,0.0,227.0,0.0,2.582,0.0,2.582,1
2023-02-09 04:00:00,6.5,1027.1,1.7,31.0,1.9,2.415,0.0,2.415,1
2023-02-09 05:00:00,5.6,1027.4,0.0,29.0,0.0,1.995,0.0,1.995,1
2023-02-09 06:00:00,5.0,1026.8,0.3,30.0,0.4,1.483,0.0,1.483,1
2023-02-09 07:00:00,6.2,1026.6,0.7,127.0,1.0,0.988,0.0,0.988,1
2023-02-09 08:00:00,5.3,1026.7,0.6,128.0,0.7,0.722,0.0,0.722,1
2023-02-09 09:00:00,6.8,1025.7,2.0,131.0,2.5,0.682,0.0,0.682,1
2023-02-09 10:00:00,6.7,1025.9,0.6,163.0,1.0,0.866,0.0,0.866,1
2023-02-09 11:00:00,7.1,1025.6,1.4,141.0,2.0,1.247,0.0,1.247,1
2023-02-09 12:00:00,8.8,1025.4,4.9,161.0,6.6,1.736,0.0,1.736,1
2023-02-09 13:00:00,9.2,1025.5,3.1,163.0,5.1,2.083,0.0,2.083,1
2023-02-09 14:00:00,9.0,1024.8,4.5,155.0,6.5,2.398,0.0,2.398,1
2023-02-09 15:00:00,9.6,1024.2,5.3,159.0,7.4,2.487,0.0,2.487,1
2023-02-09 16:00:00,9.7,1023.6,4.1,180.0,5.9,2.411,0.0,2.411,1
2023-02-09 17:00:00,9.7,1022.0,4.0,174.0,5.9,2.103,0.0,2.103,1
2023-02-09 18:00:00,9.5,1020.8,5.0,224.0,5.9,1.512,0.0,1.512,1
2023-02-09 19:00:00,8.9,1019.4,3.7,207.0,4.5,1.122,0.0,1.122,1
2023-02-09 20:00:00,9.0,1018.9,3.3,205.0,4.1,0.781,0.0,0.781,1
2023-02-09 21:00:00,8.7,1018.1,3.7,202.0,4.5,0.656,0.0,0.656,1
2023-02-09 22:00:00,8.5,1017.3,3.0,201.0,3.7,0.768,0.0,0.768,1
2023-02-09 23:00:00,9.4,1017.1,4.8,225.0,5.6,1.129,0.0,1.129,1
2023-02-10 00:00:00,8.4,1016.4,3.5,227.0,4.2,1.535,0.0,1.535,1
2023-02-10 01:00:00,9.0,1015.5,5.1,204.0,6.3,2.011,0.0,2.011,1
2023-02-10 02:00:00,10.5,1015.1,7.6,222.0,9.2,2.352,0.0,2.352,1
2023-02-10 03:00:00,13.0,1014.6,9.4,233.0,11.8,2.474,0.0,2.474,1
2023-02-10 04:00:00,12.4,1014.0,12.2,227.0,14.2,2.484,0.0,2.484,1
2023-02-10 05:00:00,12.7,1013.7,9.8,231.0,12.0,2.329,0.0,2.329,1
2023-02-10 06:00:00,12.4,1013.1,9.8,231.0,12.9,1.713,0.0,1.713,1
2023-02-10 07:00:00,12.3,1012.8,10.5,231.0,14.1,1.286,0.0,1.286,1
2023-02-10 08:00:00,11.7,1012.7,9.1,230.0,10.6,0.945,0.0,0.945,1
2023-02-10 09:00:00,11.8,1012.6,6.8,232.0,8.2,0.692,0.0,0.692,1
2023-02-10 10:00:00,11.6,1012.7,6.3,234.0,8.3,0.696,0.0,0.696,1
2023-02-10 11:00:00,11.7,1013.0,7.7,231.0,9.6,0.912,0.0,0.912,1
2023-02-10 12:00:00,11.5,1013.4,5.0,237.0,5.9,1.247,0.0,1.247,1
2023-02-10 13:00:00,11.7,1014.1,3.9,234.0,4.6,1.667,0.0,1.667,1
2023-02-10 14:00:00,15.4,1014.4,6.8,253.0,10.1,2.073,0.0,2.073,1
2023-02-10 15:00:00,18.2,1014.5,5.8,298.0,8.3,2.313,0.0,2.313,1
2023-02-10 16:00:00,15.5,1015.1,7.3,2.0,9.2,2.395,0.0,2.395,1
2023-02-10 17:00:00,15.6,1015.4,5.5,318.0,6.9,2.09,0.0,2.09,1
2023-02-10 18:00:00,15.2,1015.3,4.6,333.0,6.2,1.693,0.0,1.693,1
2023-02-10 19:00:00,16.1,1015.3,6.2,298.0,9.8,1.201,0.0,1.201,1
2023-02-10 20:00:00,16.1,1015.9,4.9,311.0,6.4,0.879,0.0,0.879,1
2023-02-10 21:00:00,15.0,1016.4,6.1,341.0,7.6,0.627,0.0,0.627,1
2023-02-10 22:00:00,14.1,1017.6,4.8,347.0,6.3,0.692,0.0,0.692,1
2023-02-10 23:00:00,13.0,1018.0,4.1,5.0,4.8,0.846,0.0,0.846,1
2023-02-11 00:00:00,12.3,1018.7,4.0,341.0,4.7,1.263,0.0,1.263,1
2023-02-11 01:00:00,11.6,1019.1,5.1,347.0,6.0,1.706,0.0,1.706,1
2023-02-11 02:00:00,10.8,1019.7,5.5,3.0,6.4,2.11,0.0,2.11,1
2023-02-11 03:00:00,10.0,1020.3,8.6,350.0,11.0,2.438,0.0,2.438,1
2023-02-11 04:00:00,8.9,1021.0,6.1,334.0,8.3,2.536,0.0,2.536,1
2023-02-11 05:00:00,8.5,1021.1,5.5,339.0,7.4,2.346,0.0,2.346,1
2023-02-11 06:00:00,8.4,1021.3,5.9,345.0,8.6,2.064,0.0,2.064,1
2023-02-11 07:00:00,8.2,1021.6,5.2,330.0,7.0,1.601,0.0,1.601,1
2023-02-11 08:00:00,7.5,1021.8,2.8,317.0,3.4,1.093,0.0,1.093,1
2023-02-11 09:00:00,7.3,1022.3,2.7,320.0,3.8,0.696,0.0,0.696,1
2023-02-11 10:00:00,7.4,1022.9,5.7,352.0,7.0,0.505,0.0,0.505,1
2023-02-11 11:00:00,7.2,1024.2,5.4,334.0,8.4,0.509,0.0,0.509,1
2023-02-11 12:00:00,6.5,1025.3,5.7,342.0,7.9,0.712,0.0,0.712,1
2023-02-11 13:00:00,6.1,1026.6,4.6,338.0,5.8,1.056,0.0,1.056,1
2023-02-11 14:00:00,6.0,1027.1,4.9,342.0,6.6,1.555,0.0,1.555,1
2023-02-11 15:00:00,5.9,1027.5,7.0,2.0,8.5,1.923,0.0,1.923,1
2023-02-11 16:00:00,6.2,1027.9,4.4,351.0,6.1,2.031,0.0,2.031,1
2023-02-11 17:00:00,6.5,1027.4,3.4,37.0,5.0,1.982,0.0,1.982,1
2023-02-11 18:00:00,6.4,1026.7,3.9,62.0,7.3,1.742,0.0,1.742,1
2023-02-11 19:00:00,6.5,1027.1,4.1,71.0,6.7,1.296,0.0,1.296,1
2023-02-11 20:00:00,6.3,1026.9,4.0,88.0,5.2,0.837,0.0,0.837,1
2023-02-11 21:00:00,6.0,1026.4,4.1,86.0,6.3,0.443,0.0,0.443,1
2023-02-11 22:00:00,5.7,1026.8,3.1,89.0,4.4,0.22,0.0,0.22,1
2023-02-11 23:00:00,5.4,1026.5,2.6,92.0,3.5,0.318,0.0,0.318,1
2023-02-12 00:00:00,5.5,1027.5,2.0,111.0,2.4,0.518,0.0,0.518,1
2023-02-12 01:00:00,5.7,1028.1,1.9,165.0,2.7,1.017,0.0,1.017,1
2023-02-12 02:00:00,5.7,1028.0,1.9,170.0,2.9,1.424,0.0,1.424,1
2023-02-12 03:00:00,5.6,1027.4,1.7,147.0,2.6,1.778,0.0,1.778,1
2023-02-12 04:00:00,5.5,1027.1,1.7,159.0,2.6,2.11,0.0,2.11,1
2023-02-12 05:00:00,5.6,1025.6,2.8,124.0,3.9,2.119,0.0,2.119,1
2023-02-12 06:00:00,5.7,1025.4,2.0,138.0,3.2,2.021,0.0,2.021,1
2023-02-12 07:00:00,6.0,1024.2,1.8,113.0,2.6,1.729,0.0,1.729,1
2023-02-12 08:00:00,6.2,1023.9,2.4,83.0,3.2,1.289,0.0,1.289,1
2023-02-12 09:00:00,6.4,1022.9,1.8,100.0,3.7,0.902,0.0,0.902,1
2023-02-12 10:00:00,6.2,1022.0,3.1,75.0,4.6,0.568,0.0,0.568,1
2023-02-12 11:00:00,6.3,1021.4,2.7,82.0,3.9,0.472,0.0,0.472,1
2023-02-12 12:00:00,6.2,1021.2,3.7,82.0,5.2,0.692,0.0,0.692,1
2023-02-12 13:00:00,6.0,1020.4,5.3,75.0,7.4,1.06,0.0,1.06,1
2023-02-12 14:00:00,6.2,1019.9,2.7,75.0,5.3,1.545,0.0,1.545,1
2023-02-12 15:00:00,5.9,1018.1,4.2,69.0,6.8,1.965,0.0,1.965,1
2023-02-12 16:00:00,6.1,1018.0,3.9,64.0,6.4,2.162,0.0,2.162,1
2023-02-12 17:00:00,6.2,1016.0,2.9,53.0,5.9,2.362,0.0,2.362,1
2023-02-12 18:00:00,6.1,1014.1,4.5,46.0,7.6,2.375,0.0,2.375,1
2023-02-12 19:00:00,6.1,1011.9,2.7,59.0,5.8,2.31,0.0,2.31,1
2023-02-12 20:00:00,6.7,1010.1,5.0,74.0,8.4,2.129,0.0,2.129,1
2023-02-12 21:00:00,7.2,1008.7,4.6,68.0,9.9,1.657,0.0,1.657,1
2023-02-12 22:00:00,7.1,1006.7,5.9,39.0,10.4,1.453,0.0,1.453,1
2023-02-12 23:00:00,6.9,1005.6,4.8,44.0,9.4,1.67,0.0,1.67,1
2023-02-13 00:00:00,6.9,1004.6,5.5,41.0,9.6,1.657,0.0,1.657,1
2023-02-13 01:00:00,7.0,1003.5,7.2,42.0,14.2,1.946,0.0,1.946,1
2023-02-13 02:00:00,6.8,1002.7,6.9,37.0,11.6,2.293,0.0,2.293,1
2023-02-13 03:00:00,6.2,1001.9,9.7,35.0,13.5,2.828,0.0,2.828,1
2023-02-13 04:00:00,5.7,1000.7,8.7,34.0,11.8,3.166,0.0,3.166,1
2023-02-13 05:00:00,5.8,999.9,8.6,32.0,13.9,3.389,0.0,3.389,1
2023-02-13 06:00:00,5.4,999.0,10.4,21.0,13.1,3.386,0.0,3.386,1
2023-02-13 07:00:00,4.7,998.9,9.4,17.0,11.8,3.415,0.0,3.415,1
2023-02-13 08:00:00,4.7,998.7,9.8,4.0,12.9,3.278,0.0,3.278,1
2023-02-13 09:00:00,5.3,998.7,9.8,359.0,12.7,2.953,0.0,2.953,1
2023-02-13 10:00:00,4.3,999.3,12.0,354.0,15.0,2.438,0.0,2.438,1
2023-02-13 11:00:00,3.4,1001.0,11.9,357.0,14.2,2.037,0.0,2.037,1
2023-02-13 12:00:00,3.9,1002.4,10.0,360.0,13.8,2.008,0.0,2.008,1
2023-02-13 13:00:00,5.7,1004.1,8.0,349.0,9.9,2.011,0.0,2.011,1
2023-02-13 14:00:00,6.1,1005.1,6.3,343.0,8.4,2.369,0.0,2.369,1
2023-02-13 15:00:00,7.4,1006.0,5.9,344.0,7.9,2.684,0.0,2.684,1
2023-02-13 16:00:00,8.4,1006.9,6.9,327.0,8.7,2.822,0.0,2.822,1
2023-02-13 17:00:00,10.2,1006.3,5.2,326.0,6.8,2.999,0.0,2.999,1
2023-02-13 18:00:00,11.4,1005.6,6.8,342.0,8.4,3.038,0.0,3.038,1
2023-02-13 19:00:00,12.6,1005.0,4.4,329.0,6.5,3.025,0.0,3.025,1
2023-02-13 20:00:00,13.3,1005.1,5.7,308.0,8.2,2.982,0.0,2.982,1
2023-02-13 21:00:00,13.2,1005.6,6.9,302.0,9.3,2.684,0.0,2.684,1
2023-02-13 22:00:00,12.7,1006.1,4.3,284.0,5.1,2.257,0.0,2.257,1
2023-02-13 23:00:00,10.7,1006.5,3.7,262.0,4.5,1.857,0.0,1.857,1
2023-02-14 00:00:00,9.8,1006.7,3.8,246.0,5.0,1.778,0.0,1.778,1
2023-02-14 01:00:00,9.1,1007.0,4.4,255.0,5.4,1.795,0.0,1.795,1
2023-02-14 02:00:00,8.5,1007.8,3.1,243.0,3.6,2.054,0.0,2.054,1
2023-02-14 03:00:00,9.5,1008.1,5.0,275.0,6.6,2.375,0.0,2.375,1
2023-02-14 04:00:00,9.3,1008.9,4.1,290.0,5.6,2.677,0.0,2.677,1
2023-02-14 05:00:00,8.5,1009.8,3.9,291.0,5.3,2.907,0.0,2.907,1
2023-02-14 06:00:00,8.1,1011.0,3.6,294.0,5.1,3.061,0.0,3.061,1
2023-02-14 07:00:00,8.6,1012.2,3.3,306.0,4.3,3.077,0.0,3.077,1
2023-02-14 08:00:00,8.0,1013.2,3.3,307.0,4.7,3.002,0.0,3.002,1
2023-02-14 09:00:00,7.3,1014.0,2.3,313.0,3.3,2.736,0.0,2.736,1
2023-02-14 10:00:00,6.3,1015.5,2.2,288.0,2.5,2.293,0.0,2.293,1
2023-02-14 11:00:00,5.6,1016.8,2.7,291.0,2.9,1.86,0.0,1.86,1
2023-02-14 12:00:00,5.5,1018.3,3.1,307.0,4.4,1.555,0.0,1.555,1
2023-02-14 13:00:00,6.4,1019.4,3.7,319.0,4.4,1.437,0.0,1.437,1
2023-02-14 14:00:00,8.1,1020.2,4.2,5.0,5.3,1.496,0.0,1.496,1
2023-02-14 15:00:00,8.9,1020.9,5.5,355.0,6.9,1.663,0.0,1.663,1
2023-02-14 16:00:00,9.6,1021.5,4.4,8.0,5.7,1.959,0.0,1.959,1
2023-02-14 17:00:00,10.2,1021.1,1.6,346.0,3.1,2.293,0.0,2.293,1
2023-02-14 18:00:00,9.4,1020.8,2.5,141.0,4.0,2.415,0.0,2.415,1
2023-02-14 19:00:00,9.3,1020.5,3.3,160.0,4.4,2.454,0.0,2.454,1
2023-02-14 20:00:00,9.2,1020.7,1.9,164.0,2.9,2.434,0.0,2.434,1
2023-02-14 21:00:00,9.3,1021.2,1.6,193.0,2.2,2.205,0.0,2.205,1
2023-02-14 22:00:00,8.3,1021.9,3.0,200.0,3.6,1.903,0.0,1.903,1
2023-02-14 23:00:00,7.5,1022.8,3.0,210.0,3.4,1.555,0.0,1.555,1
2023-02-15 00:00:00,7.2,1023.6,2.2,200.0,2.6,1.178,0.0,1.178,1
2023-02-15 01:00:00,7.3,1024.0,3.2,210.0,3.8,1.033,0.0,1.033,1
2023-02-15 02:00:00,7.4,1024.1,3.2,201.0,4.0,1.014,0.0,1.014,1
2023-02-15 03:00:00,7.4,1024.3,3.8,215.0,4.1,1.401,0.0,1.401,1
2023-02-15 04:00:00,7.4,1023.8,4.4,207.0,5.0,1.814,0.0,1.814,1
2023-02-15 05:00:00,7.4,1023.4,3.5,198.0,4.9,2.162,0.0,2.162,1
2023-02-15 06:00:00,7.5,1023.3,3.5,207.0,4.1,2.464,0.0,2.464,1
2023-02-15 07:00:00,7.8,1022.5,4.1,194.0,5.3,2.69,0.0,2.69,1
2023-02-15 08:00:00,7.8,1022.8,3.0,225.0,3.5,2.779,0.0,2.779,1
2023-02-15 09:00:00,8.1,1022.6,5.0,220.0,6.3,2.766,0.0,2.766,1
2023-02-15 10:00:00,8.0,1021.7,2.8,238.0,3.2,2.5,0.0,2.5,1
2023-02-15 11:00:00,9.0,1021.2,5.1,191.0,7.4,2.051,0.0,2.051,1
2023-02-15 12:00:00,8.8,1021.8,3.2,233.0,3.8,1.739,0.0,1.739,1
2023-02-15 13:00:00,9.4,1021.9,4.6,222.0,6.6,1.181,0.0,1.181,1
2023-02-15 14:00:00,9.4,1021.6,4.5,232.0,5.5,1.27,0.0,1.27,1
2023-02-15 15:00:00,11.0,1021.3,5.4,227.0,6.5,1.204,0.0,1.204,1
2023-02-15 16:00:00,12.0,1020.8,8.6,228.0,10.8,1.371,0.0,1.371,1
2023-02-15 17:00:00,10.9,1019.9,7.2,218.0,8.4,1.677,0.0,1.677,1
2023-02-15 18:00:00,9.3,1018.6,8.0,215.0,9.3,1.965,0.0,1.965,1
2023-02-15 19:00:00,9.5,1017.3,8.8,213.0,10.6,2.231,0.0,2.231,1
2023-02-15 20:00:00,9.9,1016.7,8.8,217.0,9.9,2.234,0.0,2.234,1
2023-02-15 21:00:00,10.1,1016.5,9.0,223.0,10.2,2.165,0.0,2.165,1
2023-02-15 22:00:00,9.5,1016.8,5.7,216.0,6.9,1.991,0.0,1.991,1
2023-02-15 23:00:00,11.7,1017.0,6.4,224.0,7.3,1.558,0.0,1.558,1
2023-02-16 00:00:00,9.8,1017.4,5.2,202.0,6.1,1.102,0.0,1.102,1
2023-02-16 01:00:00,8.7,1017.7,5.0,206.0,5.9,0.804,0.0,0.804,1
2023-02-16 02:00:00,9.0,1017.8,3.8,210.0,4.2,0.561,0.0,0.561,1
2023-02-16 03:00:00,8.6,1018.0,3.0,196.0,3.8,0.646,0.0,0.646,1
2023-02-16 04:00:00,9.1,1018.0,2.9,203.0,3.8,0.958,0.0,0.958,1
2023-02-16 05:00:00,14.9,1018.3,5.5,255.0,6.4,1.312,0.0,1.312,1
2023-02-16 06:00:00,15.6,1018.0,5.9,254.0,6.9,1.795,0.0,1.795,1
2023-02-16 07:00:00,9.9,1018.4,4.3,207.0,5.0,2.139,0.0,2.139,1
2023-02-16 08:00:00,10.0,1018.0,3.5,206.0,4.1,2.438,0.0,2.438,1
2023-02-16 09:00:00,8.4,1018.2,4.0,218.0,4.4,2.536,0.0,2.536,1
2023-02-16 10:00:00,8.6,1018.6,3.3,217.0,3.5,2.425,0.0,2.425,1
2023-02-16 11:00:00,8.7,1018.8,3.1,228.0,3.7,2.254,0.0,2.254,1
2023-02-16 12:00:00,9.4,1019.2,3.8,231.0,4.6,1.736,0.0,1.736,1
2023-02-16 13:00:00,10.1,1019.1,3.0,225.0,3.6,1.237,0.0,1.237,1
2023-02-16 14:00:00,9.5,1019.1,4.5,216.0,4.7,0.879,0.0,0.879,1
2023-02-16 15:00:00,10.0,1019.0,5.0,213.0,5.6,0.633,0.0,0.633,1
2023-02-16 16:00:00,12.3,1019.1,7.4,225.0,9.1,0.636,0.0,0.636,1
2023-02-16 17:00:00,10.5,1018.1,5.6,215.0,6.4,0.883,0.0,0.883,1
2023-02-16 18:00:00,9.4,1016.8,4.6,210.0,5.1,1.181,0.0,1.181,1
2023-02-16 19:00:00,9.7,1016.0,5.8,205.0,6.9,1.578,0.0,1.578,1
2023-02-16 20:00:00,12.4,1016.1,5.3,223.0,6.0,1.857,0.0,1.857,1
2023-02-16 21:00:00,9.8,1016.0,2.5,199.0,3.1,1.939,0.0,1.939,1
2023-02-16 22:00:00,9.2,1015.7,3.4,196.0,4.4,1.9,0.0,1.9,1
2023-02-16 23:00:00,9.0,1014.8,5.5,208.0,7.2,1.654,0.0,1.654,1
2023-02-17 00:00:00,10.0,1014.4,7.7,217.0,8.5,1.316,0.0,1.316,1
2023-02-17 01:00:00,10.2,1014.3,6.6,214.0,7.3,0.787,0.0,0.787,1
2023-02-17 02:00:00,13.0,1014.3,7.4,228.0,9.4,0.42,0.0,0.42,1
2023-02-17 03:00:00,12.6,1013.9,7.8,233.0,10.3,0.253,0.0,0.253,1
2023-02-17 04:00:00,13.0,1013.7,7.9,230.0,10.1,0.23,0.0,0.23,1
2023-02-17 05:00:00,13.7,1013.1,9.5,225.0,12.0,0.63,0.0,0.63,1
2023-02-17 06:00:00,13.3,1012.6,9.5,225.0,11.2,1.211,0.0,1.211,1
2023-02-17 07:00:00,10.3,1011.2,6.8,220.0,8.6,1.765,0.0,1.765,1
2023-02-17 08:00:00,13.0,1009.6,9.2,231.0,11.6,2.221,0.0,2.221,1
2023-02-17 09:00:00,13.2,1008.8,10.2,228.0,12.7,2.549,0.0,2.549,1
2023-02-17 10:00:00,13.7,1008.7,10.9,230.0,13.4,2.785,0.0,2.785,1
2023-02-17 11:00:00,12.8,1008.0,10.2,227.0,12.6,2.7,0.0,2.7,1
2023-02-17 12:00:00,12.8,1008.1,8.2,226.0,10.6,2.503,0.0,2.503,1
2023-02-17 13:00:00,12.8,1007.8,10.7,230.0,13.2,1.969,0.0,1.969,1
2023-02-17 14:00:00,13.0,1007.4,8.3,227.0,10.3,1.378,0.0,1.378,1
2023-02-17 15:00:00,13.7,1006.9,8.3,237.0,10.1,0.922,0.0,0.922,1
2023-02-17 16:00:00,13.2,1006.2,7.5,238.0,9.5,0.709,0.0,0.709,1
2023-02-17 17:00:00,13.0,1004.4,9.1,230.0,11.7,0.669,0.0,0.669,1
2023-02-17 18:00:00,14.1,1003.8,5.4,247.0,7.1,0.866,0.0,0.866,1
2023-02-17 19:00:00,16.9,1003.2,8.0,263.0,10.1,1.211,0.0,1.211,1
2023-02-17 20:00:00,16.9,1002.6,4.8,245.0,6.1,1.739,0.0,1.739,1
2023-02-17 21:00:00,10.8,1004.7,9.1,338.0,11.7,2.142,0.0,2.142,1
2023-02-17 22:00:00,8.5,1006.4,11.5,347.0,15.4,2.329,0.0,2.329,1
2023-02-17 23:00:00,8.5,1008.6,9.9,347.0,15.9,2.067,0.0,2.067,1
2023-02-18 00:00:00,7.8,1010.7,9.2,339.0,11.7,1.503,0.0,1.503,1
2023-02-18 01:00:00,6.9,1011.7,11.4,350.0,14.3,0.951,0.0,0.951,1
2023-02-18 02:00:00,5.4,1014.3,9.8,338.0,12.7,0.505,0.0,0.505,1
2023-02-18 03:00:00,4.6,1016.1,7.2,332.0,10.0,-0.085,0.0,-0.085,1
2023-02-18 04:00:00,3.9,1017.4,7.9,335.0,12.3,-0.131,0.0,-0.131,1
2023-02-18 05:00:00,3.0,1018.8,7.8,332.0,9.9,-0.036,0.0,-0.036,1
2023-02-18 06:00:00,2.5,1020.1,8.0,333.0,10.7,0.44,0.0,0.44,1
2023-02-18 07:00:00,2.4,1021.7,5.5,336.0,7.0,1.329,0.0,1.329,1
2023-02-18 08:00:00,1.7,1023.1,6.0,334.0,7.8,1.886,0.0,1.886,1
2023-02-18 09:00:00,1.4,1024.6,6.3,338.0,7.8,2.428,0.0,2.428,1
2023-02-18 10:00:00,0.8,1025.6,5.7,337.0,7.8,2.815,0.0,2.815,1
2023-02-18 11:00:00,0.1,1026.9,5.2,329.0,6.9,2.972,0.0,2.972,1
2023-02-18 12:00:00,-0.6,1028.4,6.9,337.0,8.2,2.936,0.0,2.936,1
2023-02-18 13:00:00,-0.2,1029.5,6.5,341.0,8.4,2.562,0.0,2.562,1
2023-02-18 14:00:00,0.0,1030.5,7.4,335.0,9.1,2.169,0.0,2.169,1
2023-02-18 15:00:00,0.1,1031.2,5.7,358.0,7.5,1.411,0.0,1.411,1
2023-02-18 16:00:00,0.9,1031.1,4.5,356.0,5.7,0.673,0.0,0.673,1
2023-02-18 17:00:00,2.0,1030.6,4.8,344.0,5.8,0.4,0.0,0.4,1
2023-02-18 18:00:00,3.1,1029.9,1.9,290.0,3.6,0.476,0.0,0.476,1
2023-02-18 19:00:00,4.4,1029.4,3.0,321.0,4.6,0.735,0.0,0.735,1
2023-02-18 20:00:00,5.6,1029.1,3.2,293.0,4.6,1.155,0.0,1.155,1
2023-02-18 21:00:00,5.4,1029.5,2.5,175.0,3.6,1.614,0.0,1.614,1
2023-02-18 22:00:00,5.1,1029.8,7.1,216.0,8.0,2.008,0.0,2.008,1
2023-02-18 23:00:00,4.9,1030.1,2.4,295.0,3.0,2.178,0.0,2.178,1
2023-02-19 00:00:00,3.8,1030.7,2.4,275.0,3.0,2.06,0.0,2.06,1
2023-02-19 01:00:00,3.0,1031.2,1.4,246.0,1.7,1.732,0.0,1.732,1
2023-02-19 02:00:00,2.6,1031.3,1.5,264.0,1.9,1.135,0.0,1.135,1
2023-02-19 03:00:00,2.5,1031.3,2.1,245.0,2.7,0.558,0.0,0.558,1
2023-02-19 04:00:00,2.7,1030.9,2.6,252.0,3.4,-0.066,0.0,-0.066,1
2023-02-19 05:00:00,3.3,1031.0,2.2,244.0,2.9,-0.282,0.0,-0.282,1
2023-02-19 06:00:00,3.7,1031.0,2.0,244.0,2.2,-0.18,0.0,-0.18,1
2023-02-19 07:00:00,3.6,1031.2,1.6,225.0,2.1,0.24,0.0,0.24,1
2023-02-19 08:00:00,3.7,1030.7,1.9,221.0,2.2,1.073,0.0,1.073,1
2023-02-19 09:00:00,4.9,1030.3,4.0,234.0,4.9,1.749,0.0,1.749,1
2023-02-19 10:00:00,5.2,1030.1,4.5,231.0,5.2,2.32,0.0,2.32,1
2023-02-19 11:00:00,5.3,1030.2,4.6,229.0,5.3,2.71,0.0,2.71,1
2023-02-19 12:00:00,5.9,1030.5,6.2,229.0,7.8,2.871,0.0,2.871,1
2023-02-19 13:00:00,6.1,1030.4,5.7,225.0,7.0,2.769,0.0,2.769,1
2023-02-19 14:00:00,6.7,1029.8,7.5,216.0,8.7,2.385,0.0,2.385,1
2023-02-19 15:00:00,7.1,1030.2,7.8,223.0,9.2,1.719,0.0,1.719,1
2023-02-19 16:00:00,7.4,1029.2,8.1,219.0,9.9,1.079,0.0,1.079,1
2023-02-19 17:00:00,8.0,1027.7,5.1,199.0,6.6,0.502,0.0,0.502,1
2023-02-19 18:00:00,8.3,1025.7,6.0,192.0,9.0,0.24,0.0,0.24,1
2023-02-19 19:00:00,8.3,1024.6,5.2,198.0,6.8,0.295,0.0,0.295,1
2023-02-19 20:00:00,8.0,1023.4,6.6,202.0,8.9,0.676,0.0,0.676,1
2023-02-19 21:00:00,7.9,1022.5,7.6,200.0,10.3,1.234,0.0,1.234,1
2023-02-19 22:00:00,7.8,1021.2,6.6,198.0,9.7,1.923,0.0,1.923,1
2023-02-19 23:00:00,7.9,1020.4,5.8,192.0,8.2,2.375,0.0,2.375,1
2023-02-20 00:00:00,8.4,1020.4,6.5,215.0,7.4,2.516,0.0,2.516,1
2023-02-20 01:00:00,8.3,1019.2,5.6,207.0,6.7,2.388,0.0,2.388,1
2023-02-20 02:00:00,9.5,1018.6,7.1,228.0,8.7,2.021,0.0,2.021,1
2023-02-20 03:00:00,9.1,1017.9,6.8,216.0,7.6,1.411,0.0,1.411,1
2023-02-20 04:00:00,8.8,1017.2,7.5,213.0,8.6,0.735,0.0,0.735,1
2023-02-20 05:00:00,9.9,1016.6,6.5,229.0,7.9,0.072,0.0,0.072,1
2023-02-20 06:00:00,9.9,1015.4,7.0,234.0,9.4,-0.18,0.0,-0.18,1
2023-02-20 07:00:00,9.1,1014.6,6.6,225.0,7.9,-0.072,0.0,-0.072,1
2023-02-20 08:00:00,9.5,1013.6,6.0,224.0,6.8,0.472,0.0,0.472,1
2023-02-20 09:00:00,9.2,1012.9,5.7,221.0,6.4,1.132,0.0,1.132,1
2023-02-20 10:00:00,8.7,1012.2,5.5,217.0,6.3,1.962,0.0,1.962,1
2023-02-20 11:00:00,8.7,1011.7,5.2,213.0,5.9,2.451,0.0,2.451,1
2023-02-28 16:00:00,7.1,1006.1,3.7,33.0,4.6,2.986,0.0,2.986,1
2023-02-28 17:00:00,7.0,1006.8,2.7,26.0,3.5,3.114,0.0,3.114,1
2023-02-28 18:00:00,7.5,1007.0,2.6,29.0,3.4,3.219,0.0,3.219,1
2023-02-28 19:00:00,8.7,1007.7,2.4,71.0,3.5,3.278,0.0,3.278,1
2023-02-28 20:00:00,11.7,1008.4,6.7,7.0,8.4,3.36,0.0,3.36,1
2023-02-28 21:00:00,12.8,1010.0,6.7,332.0,8.6,3.366,0.0,3.366,1
2023-02-28 22:00:00,11.6,1010.8,5.9,16.0,7.5,3.199,0.0,3.199,1
2023-02-28 23:00:00,8.1,1012.6,1.5,79.0,3.1,2.733,0.0,2.733,1
2024-01-01 00:00:00,5.3,1015.7,2.2,251.0,2.6,1.496,0.0,1.496,1
2024-01-01 01:00:00,5.4,1015.7,2.8,249.0,3.3,1.821,0.0,1.821,1
2024-01-01 02:00:00,5.6,1015.8,1.9,240.0,2.2,2.129,0.0,2.129,1
2024-01-01 03:00:00,6.3,1015.7,1.8,251.0,2.3,2.369,0.0,2.369,1
2024-01-01 04:00:00,6.7,1015.7,2.2,229.0,2.7,2.392,0.0,2.392,1
2024-01-01 05:00:00,7.1,1015.4,3.2,220.0,3.8,2.287,0.0,2.287,1
2024-01-01 06:00:00,7.6,1014.5,3.7,218.0,5.0,2.044,0.0,2.044,1
2024-01-01 07:00:00,7.6,1014.6,3.3,230.0,4.1,1.683,0.0,1.683,1
2024-01-01 08:00:00,7.3,1014.3,3.3,218.0,3.7,1.421,0.0,1.421,1
2024-01-01 09:00:00,7.8,1013.7,3.2,209.0,4.0,1.23,0.0,1.23,1
2024-01-01 10:00:00,7.3,1013.5,2.7,213.0,3.1,1.073,0.0,1.073,1
2024-01-01 11:00:00,7.8,1013.7,3.4,212.0,4.0,1.306,0.0,1.306,1
2024-01-01 12:00:00,7.2,1014.2,2.4,282.0,3.1,1.624,0.0,1.624,1
2024-01-01 13:00:00,6.7,1014.2,1.3,242.0,1.6,2.146,0.0,2.146,1
2024-01-01 14:00:00,6.6,1014.6,1.7,259.0,2.1,2.421,0.0,2.421,1
2024-01-01 15:00:00,7.4,1015.1,3.3,321.0,4.2,2.687,0.0,2.687,1
2024-01-01 16:00:00,8.7,1014.8,3.0,352.0,4.0,2.838,0.0,2.838,1
2024-01-01 17:00:00,9.3,1013.9,3.5,10.0,3.9,2.828,0.0,2.828,1
2024-01-01 18:00:00,10.0,1013.6,2.7,26.0,4.0,2.644,0.0,2.644,1
2024-01-01 19:00:00,9.3,1013.2,2.0,23.0,2.8,2.32,0.0,2.32,1
2024-01-01 20:00:00,8.9,1013.3,5.5,7.0,6.6,1.886,0.0,1.886,1
2024-01-01 21:00:00,7.8,1013.9,4.4,22.0,7.3,1.545,0.0,1.545,1
2024-01-01 22:00:00,7.5,1014.7,4.9,9.0,6.2,1.332,0.0,1.332,1
2024-01-01 23:00:00,7.2,1015.4,4.2,342.0,5.3,1.302,0.0,1.302,1
2024-01-02 00:00:00,6.8,1015.7,4.3,347.0,5.7,1.371,0.0,1.371,1
2024-01-02 01:00:00,6.5,1015.7,5.9,356.0,6.9,1.722,0.0,1.722,1
2024-01-02 02:00:00,6.1,1016.0,4.9,336.0,5.8,2.182,0.0,2.182,1
2024-01-02 03:00:00,6.0,1016.0,4.8,350.0,6.0,2.428,0.0,2.428,1
2024-01-02 04:00:00,5.8,1015.9,4.9,351.0,5.9,2.644,0.0,2.644,1
2024-01-02 05:00:00,5.5,1015.8,5.7,352.0,7.1,2.664,0.0,2.664,1
2024-01-02 06:00:00,5.5,1015.3,6.1,8.0,7.7,2.635,0.0,2.635,1
2024-01-02 07:00:00,6.5,1015.5,8.7,12.0,11.0,2.516,0.0,2.516,1
2024-01-02 08:00:00,6.2,1015.6,8.6,9.0,10.6,2.169,0.0,2.169,1
2024-01-02 09:00:00,5.5,1015.9,8.5,6.0,10.0,1.778,0.0,1.778,1
2024-01-02 10:00:00,4.7,1016.1,8.7,7.0,10.6,1.526,0.0,1.526,1
2024-01-02 11:00:00,3.7,1017.0,8.3,9.0,9.7,1.542,0.0,1.542,1
2024-01-02 12:00:00,3.2,1017.8,7.9,7.0,9.3,1.827,0.0,1.827,1
2024-01-02 13:00:00,2.9,1018.7,7.1,7.0,8.3,2.113,0.0,2.113,1
2024-01-02 14:00:00,3.3,1019.3,7.6,5.0,9.1,2.398,0.0,2.398,1
2024-01-02 15:00:00,3.9,1019.2,8.4,10.0,11.1,2.746,0.0,2.746,1
2024-01-02 16:00:00,3.8,1018.4,8.2,0.0,9.6,2.936,0.0,2.936,1
2024-01-02 17:00:00,4.1,1017.2,7.1,342.0,10.3,3.107,0.0,3.107,1
2024-01-02 18:00:00,4.4,1016.1,8.0,348.0,11.1,3.035,0.0,3.035,1
2024-01-02 19:00:00,4.8,1016.1,7.4,332.0,9.5,2.848,0.0,2.848,1
2024-01-02 20:00:00,5.1,1016.5,7.0,342.0,9.1,2.477,0.0,2.477,1
2024-01-02 21:00:00,5.3,1016.7,3.4,331.0,4.3,2.047,0.0,2.047,1
2024-01-02 22:00:00,4.4,1016.9,2.8,299.0,3.8,1.722,0.0,1.722,1
2024-01-02 23:00:00,3.8,1017.2,2.2,301.0,3.0,1.549,0.0,1.549,1
2024-01-03 00:00:00,3.3,1017.5,2.2,285.0,2.7,1.572,0.0,1.572,1
2024-01-03 01:00:00,2.5,1017.3,2.1,276.0,2.5,1.713,0.0,1.713,1
2024-01-03 02:00:00,2.0,1017.5,2.3,280.0,3.0,2.067,0.0,2.067,1
2024-01-03 03:00:00,2.0,1017.5,2.9,283.0,3.5,2.402,0.0,2.402,1
2024-01-03 04:00:00,2.2,1017.3,1.6,294.0,2.1,2.595,0.0,2.595,1
2024-01-03 05:00:00,1.8,1017.0,2.6,275.0,3.0,2.769,0.0,2.769,1
2024-01-03 06:00:00,1.4,1016.9,2.3,304.0,2.9,2.782,0.0,2.782,1
2024-01-03 07:00:00,1.3,1016.9,2.3,305.0,3.1,2.68,0.0,2.68,1
2024-01-03 08:00:00,1.3,1017.0,2.5,310.0,3.1,2.411,0.0,2.411,1
2024-01-03 09:00:00,0.9,1017.0,2.8,301.0,3.6,2.041,0.0,2.041,1
2024-01-03 10:00:00,0.7,1017.2,2.0,316.0,2.5,1.591,0.0,1.591,1
2024-01-03 11:00:00,0.3,1017.6,1.9,311.0,2.3,1.43,0.0,1.43,1
2024-01-03 12:00:00,0.3,1018.3,2.5,300.0,3.4,1.49,0.0,1.49,1
2024-01-03 13:00:00,0.7,1018.4,2.1,302.0,2.6,1.69,0.0,1.69,1
2024-01-03 14:00:00,2.5,1018.2,2.2,338.0,2.9,1.982,0.0,1.982,1
2024-01-03 15:00:00,3.5,1018.3,3.8,6.0,4.5,2.274,0.0,2.274,1
2024-01-03 16:00:00,4.3,1018.0,3.6,13.0,4.5,2.51,0.0,2.51,1
2024-01-03 17:00:00,5.0,1017.4,2.9,11.0,3.5,2.726,0.0,2.726,1
2024-01-03 18:00:00,5.7,1016.5,1.7,30.0,2.8,2.74,0.0,2.74,1
2024-01-03 19:00:00,5.8,1015.6,2.4,150.0,3.3,2.602,0.0,2.602,1
2024-01-03 20:00:00,5.8,1015.3,2.3,156.0,3.3,2.425,0.0,2.425,1
2024-01-03 21:00:00,4.9,1015.4,1.9,172.0,2.8,2.116,0.0,2.116,1
2024-01-03 22:00:00,5.2,1015.7,2.7,214.0,3.3,1.765,0.0,1.765,1
2024-01-03 23:00:00,5.1,1015.7,3.1,230.0,3.7,1.427,0.0,1.427,1
2024-01-04 00:00:00,5.4,1015.4,2.5,242.0,2.9,1.309,0.0,1.309,1
2024-01-04 01:00:00,5.6,1014.9,1.8,219.0,2.2,1.453,0.0,1.453,1
2024-01-04 02:00:00,5.1,1014.9,1.5,252.0,2.0,1.69,0.0,1.69,1
2024-01-04 03:00:00,5.0,1015.2,1.7,256.0,2.4,2.06,0.0,2.06,1
2024-01-04 04:00:00,4.8,1014.7,1.3,286.0,1.7,2.382,0.0,2.382,1
2024-01-04 05:00:00,4.7,1014.2,0.9,278.0,1.1,2.575,0.0,2.575,1
2024-01-04 06:00:00,4.8,1013.7,0.8,269.0,1.1,2.72,0.0,2.72,1
2024-01-04 07:00:00,5.2,1013.2,0.7,233.0,0.9,2.74,0.0,2.74,1
2024-01-04 08:00:00,5.4,1012.2,1.7,18.0,2.8,2.703,0.0,2.703,1
2024-01-04 09:00:00,4.8,1012.4,0.8,257.0,1.1,2.418,0.0,2.418,1
2024-01-04 10:00:00,4.6,1011.6,0.6,324.0,0.9,2.014,0.0,2.014,1
2024-01-04 11:00:00,4.4,1012.1,2.6,9.0,3.0,1.804,0.0,1.804,1
2024-01-04 12:00:00,4.3,1012.9,3.8,337.0,5.0,1.637,0.0,1.637,1
2024-01-04 13:00:00,4.3,1013.1,4.9,344.0,5.6,1.742,0.0,1.742,1
2024-01-04 14:00:00,4.4,1013.8,4.5,0.0,5.4,1.985,0.0,1.985,1
2024-01-04 15:00:00,4.7,1014.3,3.9,345.0,4.8,2.087,0.0,2.087,1
2024-01-04 16:00:00,5.4,1014.1,3.9,340.0,5.2,2.352,0.0,2.352,1
2024-01-04 17:00:00,6.2,1013.7,8.5,358.0,10.4,2.664,0.0,2.664,1
2024-01-04 18:00:00,6.5,1013.6,7.6,350.0,9.1,2.782,0.0,2.782,1
2024-01-04 19:00:00,6.5,1013.8,7.2,323.0,8.5,2.743,0.0,2.743,1
2024-01-04 20:00:00,6.6,1014.5,7.4,340.0,10.3,2.671,0.0,2.671,1
2024-01-04 21:00:00,6.5,1015.3,8.5,338.0,11.1,2.254,0.0,2.254,1
2024-01-04 22:00:00,6.1,1016.8,7.1,344.0,8.7,1.975,0.0,1.975,1
2024-01-04 23:00:00,5.4,1018.0,5.2,331.0,6.7,1.493,0.0,1.493,1
2024-01-05 00:00:00,5.0,1018.9,6.2,333.0,8.3,1.224,0.0,1.224,1
2024-01-05 01:00:00,4.3,1019.8,5.9,335.0,7.5,1.194,0.0,1.194,1
2024-01-05 02:00:00,3.7,1020.3,5.8,345.0,7.7,1.345,0.0,1.345,1
2024-01-05 03:00:00,2.9,1021.3,5.1,335.0,6.5,1.706,0.0,1.706,1
2024-01-05 04:00:00,2.5,1021.9,5.2,339.0,7.1,2.093,0.0,2.093,1
2024-01-05 05:00:00,1.9,1022.0,6.5,347.0,8.6,2.359,0.0,2.359,1
2024-01-05 06:00:00,1.7,1022.0,7.1,351.0,9.9,2.707,0.0,2.707,1
2024-01-05 07:00:00,1.3,1022.7,6.7,340.0,9.4,2.851,0.0,2.851,1
2024-01-05 08:00:00,0.8,1023.6,7.4,347.0,8.8,2.838,0.0,2.838,1
2024-01-05 09:00:00,0.2,1023.8,7.0,344.0,9.0,2.73,0.0,2.73,1
2024-01-05 10:00:00,-0.3,1024.2,5.4,351.0,6.8,2.448,0.0,2.448,1
2024-01-05 11:00:00,-0.7,1025.0,5.7,340.0,7.9,2.021,0.0,2.021,1
2024-01-05 12:00:00,-1.1,1026.1,6.3,340.0,7.9,1.644,0.0,1.644,1
2024-01-05 13:00:00,-1.2,1027.2,6.1,336.0,7.7,1.519,0.0,1.519,1
2024-01-05 14:00:00,-0.8,1027.8,5.6,344.0,7.0,1.519,0.0,1.519,1
2024-01-05 15:00:00,-0.6,1028.0,5.9,353.0,7.2,1.654,0.0,1.654,1
2024-01-05 16:00:00,-0.3,1027.6,4.5,8.0,5.5,1.942,0.0,1.942,1
2024-01-05 17:00:00,0.5,1026.5,2.6,7.0,3.3,2.11,0.0,2.11,1
2024-01-05 18:00:00,1.7,1025.5,3.1,313.0,4.0,2.326,0.0,2.326,1
2024-01-05 19:00:00,2.6,1024.8,3.3,309.0,4.1,2.405,0.0,2.405,1
2024-01-05 20:00:00,3.7,1024.0,2.7,244.0,3.4,2.313,0.0,2.313,1
2024-01-05 21:00:00,3.8,1024.0,2.2,289.0,2.6,2.365,0.0,2.365,1
2024-01-05 22:00:00,2.8,1024.1,2.8,233.0,3.5,2.011,0.0,2.011,1
2024-01-05 23:00:00,2.3,1024.1,3.0,235.0,3.5,1.657,0.0,1.657,1
2024-01-06 00:00:00,2.2,1025.3,2.1,269.0,3.0,1.316,0.0,1.316,1
2024-01-06 01:00:00,1.5,1024.2,1.9,267.0,2.4,1.001,0.0,1.001,1
2024-01-06 02:00:00,0.7,1024.7,2.7,271.0,3.9,0.984,0.0,0.984,1
2024-01-06 03:00:00,0.6,1023.5,0.3,281.0,0.5,1.198,0.0,1.198,1
2024-01-06 04:00:00,1.5,1023.0,0.9,254.0,1.2,1.558,0.0,1.558,1
2024-01-06 05:00:00,1.7,1022.8,0.7,257.0,1.2,1.946,0.0,1.946,1
2024-01-06 06:00:00,2.0,1023.2,1.5,248.0,1.8,2.238,0.0,2.238,1
2024-01-06 07:00:00,1.8,1022.5,0.3,213.0,0.8,2.47,0.0,2.47,1
2024-01-06 08:00:00,3.0,1021.8,1.1,213.0,1.5,2.664,0.0,2.664,1
2024-01-06 09:00:00,3.0,1021.5,1.0,267.0,1.6,2.677,0.0,2.677,1
2024-01-06 10:00:00,3.4,1020.5,0.8,222.0,0.9,2.549,0.0,2.549,1
2024-01-06 11:00:00,3.8,1020.2,0.0,214.0,0.4,2.169,0.0,2.169,1
2024-01-06 12:00:00,5.7,1020.0,3.7,170.0,5.1,1.85,0.0,1.85,1
2024-01-06 13:00:00,6.1,1019.1,4.3,157.0,6.4,1.483,0.0,1.483,1
2024-01-06 14:00:00,6.6,1018.5,4.8,155.0,7.2,1.388,0.0,1.388,1
2024-01-06 15:00:00,7.1,1017.6,3.4,147.0,5.0,1.49,0.0,1.49,1
2024-01-06 16:00:00,7.7,1015.5,4.2,132.0,6.2,1.611,0.0,1.611,1
2024-01-06 17:00:00,8.2,1012.7,4.4,127.0,6.3,1.916,0.0,1.916,1
2024-01-06 18:00:00,8.3,1009.9,4.7,124.0,7.2,2.169,0.0,2.169,1
2024-01-06 19:00:00,9.0,1007.7,3.9,137.0,6.2,2.326,0.0,2.326,1
2024-01-06 20:00:00,9.1,1006.8,4.6,136.0,7.0,2.592,0.0,2.592,1
2024-01-06 21:00:00,9.3,1004.7,6.6,130.0,10.3,2.726,0.0,2.726,1
2024-01-06 22:00:00,9.4,1002.8,8.5,122.0,12.0,2.641,0.0,2.641,1
2024-01-06 23:00:00,9.7,1002.2,3.1,104.0,5.8,2.549,0.0,2.549,1
2024-01-07 00:00:00,10.0,999.7,7.2,111.0,9.7,2.211,0.0,2.211,1
2024-01-07 01:00:00,10.1,998.4,3.7,140.0,5.6,1.831,0.0,1.831,1
2024-01-07 02:00:00,9.1,997.9,3.3,219.0,3.7,1.745,0.0,1.745,1
2024-01-07 03:00:00,11.0,997.9,7.1,289.0,9.5,1.755,0.0,1.755,1
2024-01-07 04:00:00,8.8,999.0,8.0,284.0,11.5,2.277,0.0,2.277,1
2024-01-07 05:00:00,6.4,999.8,7.0,284.0,9.4,2.306,0.0,2.306,1
2024-01-07 06:00:00,5.6,1000.3,7.2,291.0,10.0,2.835,0.0,2.835,1
2024-01-07 07:00:00,4.9,1000.6,6.1,297.0,8.8,3.038,0.0,3.038,1
2024-01-07 08:00:00,4.5,1000.9,6.8,287.0,10.3,3.363,0.0,3.363,1
2024-01-07 09:00:00,4.3,1000.9,5.6,291.0,7.6,3.524,0.0,3.524,1
2024-01-07 10:00:00,4.1,1001.5,4.8,292.0,6.1,3.471,0.0,3.471,1
2024-01-07 11:00:00,3.8,1002.2,5.5,276.0,7.2,3.301,0.0,3.301,1
2024-01-07 12:00:00,3.4,1002.9,5.8,284.0,8.1,3.182,0.0,3.182,1
2024-01-07 13:00:00,3.5,1003.8,5.2,272.0,6.8,2.707,0.0,2.707,1
2024-01-07 14:00:00,3.7,1004.1,6.5,289.0,9.1,2.333,0.0,2.333,1
2024-01-07 15:00:00,5.1,1004.3,5.9,301.0,8.5,2.169,0.0,2.169,1
2024-01-07 16:00:00,6.5,1003.6,7.0,290.0,9.6,2.139,0.0,2.139,1
2024-01-07 17:00:00,8.2,1003.5,6.0,302.0,7.9,2.215,0.0,2.215,1
2024-01-07 18:00:00,8.9,1003.2,7.6,302.0,10.5,2.543,0.0,2.543,1
2024-01-07 19:00:00,9.5,1003.4,9.3,293.0,13.8,2.808,0.0,2.808,1
2024-01-07 20:00:00,9.0,1004.7,8.8,318.0,11.5,3.018,0.0,3.018,1
2024-01-07 21:00:00,8.7,1006.3,5.9,305.0,8.2,3.1,0.0,3.1,1
2024-01-07 22:00:00,8.4,1008.0,4.8,312.0,6.3,3.058,0.0,3.058,1
2024-01-07 23:00:00,7.9,1010.2,5.9,321.0,7.4,2.949,0.0,2.949,1
2024-01-08 00:00:00,7.1,1011.7,3.4,336.0,4.5,2.385,0.0,2.385,1
2024-01-08 01:00:00,6.6,1013.1,2.7,325.0,3.6,2.044,0.0,2.044,1
2024-01-08 02:00:00,5.7,1014.3,1.5,296.0,2.1,1.732,0.0,1.732,1
2024-01-08 03:00:00,4.6,1015.3,2.4,316.0,3.1,1.621,0.0,1.621,1
2024-01-08 04:00:00,4.9,1016.7,3.4,286.0,4.1,1.67,0.0,1.67,1
2024-01-08 05:00:00,5.3,1017.5,3.5,311.0,4.3,1.768,0.0,1.768,1
2024-01-08 06:00:00,5.2,1018.5,4.0,300.0,5.7,2.221,0.0,2.221,1
2024-01-08 07:00:00,4.8,1019.3,3.8,317.0,5.2,2.589,0.0,2.589,1
2024-01-08 08:00:00,5.0,1019.9,5.9,320.0,7.8,2.936,0.0,2.936,1
2024-01-08 09:00:00,4.6,1020.9,5.1,331.0,7.0,3.232,0.0,3.232,1
2024-01-08 10:00:00,3.9,1022.1,3.8,309.0,5.1,3.284,0.0,3.284,1
2024-01-08 11:00:00,3.5,1023.8,3.9,305.0,4.7,3.222,0.0,3.222,1
2024-01-08 12:00:00,3.7,1024.9,4.3,309.0,5.8,3.041,0.0,3.041,1
2024-01-08 13:00:00,3.6,1026.2,3.2,315.0,4.7,2.589,0.0,2.589,1
2024-01-08 14:00:00,5.0,1027.2,4.6,338.0,5.6,2.096,0.0,2.096,1
2024-01-08 15:00:00,5.8,1028.0,6.9,9.0,8.4,1.663,0.0,1.663,1
2024-01-08 16:00:00,6.5,1028.4,4.1,16.0,5.2,1.398,0.0,1.398,1
2024-01-08 17:00:00,7.1,1028.1,4.3,28.0,7.4,1.434,0.0,1.434,1
2024-01-08 18:00:00,7.1,1028.3,4.8,29.0,6.7,1.565,0.0,1.565,1
2024-01-08 19:00:00,7.3,1028.2,4.3,30.0,6.1,1.844,0.0,1.844,1
2024-01-08 20:00:00,7.6,1028.7,3.6,69.0,5.3,2.264,0.0,2.264,1
2024-01-08 21:00:00,7.3,1028.6,3.1,69.0,4.3,2.605,0.0,2.605,1
2024-01-08 22:00:00,6.5,1029.3,1.9,66.0,3.1,2.657,0.0,2.657,1
2024-01-08 23:00:00,6.3,1030.6,1.0,86.0,1.9,2.69,0.0,2.69,1
2024-01-09 00:00:00,6.0,1030.1,2.2,101.0,3.5,2.428,0.0,2.428,1
2024-01-09 01:00:00,6.0,1029.9,2.3,104.0,3.0,2.156,0.0,2.156,1
2024-01-09 02:00:00,6.1,1029.3,3.1,115.0,4.4,1.916,0.0,1.916,1
2024-01-09 03:00:00,6.1,1028.9,3.0,137.0,5.5,1.562,0.0,1.562,1
2024-01-09 04:00:00,6.2,1029.6,2.4,174.0,3.5,1.342,0.0,1.342,1
2024-01-09 05:00:00,6.5,1029.0,4.5,159.0,6.3,1.467,0.0,1.467,1
2024-01-09 06:00:00,6.3,1027.6,2.9,138.0,4.0,1.785,0.0,1.785,1
2024-01-09 07:00:00,6.4,1027.5,2.7,147.0,4.2,2.369,0.0,2.369,1
2024-01-09 08:00:00,6.5,1027.0,3.3,140.0,4.9,2.707,0.0,2.707,1
2024-01-09 09:00:00,6.8,1026.0,2.4,121.0,3.8,3.159,0.0,3.159,1
2024-01-09 10:00:00,7.1,1025.3,3.1,107.0,4.4,3.399,0.0,3.399,1
2024-01-09 11:00:00,7.6,1024.0,4.2,107.0,6.0,3.579,0.0,3.579,1
2024-01-09 12:00:00,7.9,1021.8,5.6,106.0,8.8,3.53,0.0,3.53,1
2024-01-09 13:00:00,8.2,1022.1,5.2,107.0,8.0,3.363,0.0,3.363,1
2024-01-09 14:00:00,8.6,1021.8,4.6,107.0,6.6,3.074,0.0,3.074,1
2024-01-09 15:00:00,9.6,1019.8,5.9,114.0,8.2,2.402,0.0,2.402,1
2024-01-09 16:00:00,10.0,1017.1,6.5,129.0,9.5,1.985,0.0,1.985,1
2024-01-09 17:00:00,10.1,1015.1,6.3,141.0,9.2,1.857,0.0,1.857,1
2024-01-09 18:00:00,10.4,1012.2,6.2,141.0,9.4,1.946,0.0,1.946,1
2024-01-09 19:00:00,11.0,1009.2,7.2,142.0,11.8,2.149,0.0,2.149,1
2024-01-09 20:00:00,12.0,1006.1,9.3,154.0,14.0,2.792,0.0,2.792,1
2024-01-09 21:00:00,11.6,1004.8,9.9,156.0,14.8,2.959,0.0,2.959,1
2024-01-09 22:00:00,12.1,1001.6,11.9,157.0,15.5,3.337,0.0,3.337,1
2024-01-09 23:00:00,12.7,998.5,10.9,165.0,16.9,3.478,0.0,3.478,1
2024-01-10 00:00:00,13.2,996.2,13.8,169.0,19.7,3.612,0.0,3.612,1
2024-01-10 01:00:00,12.8,994.4,14.3,174.0,20.3,3.53,0.0,3.53,1
2024-01-10 02:00:00,12.9,991.5,13.7,171.0,18.8,3.084,0.0,3.084,1
2024-01-10 03:00:00,12.9,988.7,12.7,176.0,19.1,2.854,0.0,2.854,1
2024-01-10 04:00:00,12.3,989.5,12.8,210.0,15.5,2.756,0.0,2.756,1
2024-01-10 05:00:00,12.0,986.1,9.2,185.0,12.7,2.828,0.0,2.828,1
2024-01-10 06:00:00,11.2,986.3,6.9,223.0,8.4,2.53,0.0,2.53,1
2024-01-10 07:00:00,11.2,985.8,6.7,224.0,8.4,2.667,0.0,2.667,1
2024-01-10 08:00:00,13.2,986.6,9.4,257.0,12.7,3.133,0.0,3.133,1
2024-01-10 09:00:00,11.9,986.9,7.1,250.0,9.9,3.665,0.0,3.665,1
2024-01-10 10:00:00,11.8,987.7,9.5,257.0,11.5,3.72,0.0,3.72,1
2024-01-10 11:00:00,11.4,988.0,8.4,252.0,11.4,4.216,0.0,4.216,1
2024-01-10 12:00:00,11.2,990.1,8.0,266.0,10.7,4.137,0.0,4.137,1
2024-01-10 13:00:00,10.4,991.4,6.5,266.0,8.3,3.999,0.0,3.999,1
2024-01-10 14:00:00,10.2,993.5,8.5,271.0,11.9,3.638,0.0,3.638,1
2024-01-10 15:00:00,10.3,995.3,11.0,283.0,16.7,3.241,0.0,3.241,1
2024-01-10 16:00:00,10.2,996.0,9.6,276.0,12.3,2.608,0.0,2.608,1
2024-01-10 17:00:00,9.9,996.7,10.7,268.0,14.2,2.26,0.0,2.26,1
2024-01-10 18:00:00,10.2,997.8,11.7,291.0,16.6,1.886,0.0,1.886,1
2024-01-10 19:00:00,10.4,998.3,8.7,276.0,11.6,2.024,0.0,2.024,1
2024-01-10 20:00:00,10.6,999.5,8.3,276.0,11.4,2.093,0.0,2.093,1
2024-01-10 21:00:00,10.7,1000.9,6.0,277.0,9.3,2.53,0.0,2.53,1
2024-01-10 22:00:00,9.7,1002.5,5.3,263.0,8.3,2.881,0.0,2.881,1
2024-01-10 23:00:00,9.0,1003.7,4.0,254.0,4.8,3.179,0.0,3.179,1
2024-01-11 00:00:00,8.6,1004.7,5.6,248.0,7.8,3.094,0.0,3.094,1
2024-01-11 01:00:00,8.2,1005.4,3.8,258.0,5.2,2.927,0.0,2.927,1
2024-01-11 02:00:00,7.7,1006.3,3.9,260.0,5.1,2.408,0.0,2.408,1
2024-01-11 03:00:00,7.3,1006.9,4.1,275.0,6.2,1.991,0.0,1.991,1
2024-01-11 04:00:00,6.6,1007.3,2.9,266.0,3.5,1.496,0.0,1.496,1
2024-01-11 05:00:00,5.8,1007.8,2.5,291.0,3.0,1.073,0.0,1.073,1
2024-01-11 06:00:00,5.3,1008.5,2.1,277.0,2.6,0.866,0.0,0.866,1
2024-01-11 07:00:00,4.8,1009.3,2.9,262.0,3.4,0.968,0.0,0.968,1
2024-01-11 08:00:00,4.5,1009.5,2.1,275.0,2.8,1.368,0.0,1.368,1
2024-01-11 09:00:00,4.1,1010.0,2.3,276.0,2.7,2.093,0.0,2.093,1
2024-01-11 10:00:00,3.8,1010.0,2.2,273.0,2.6,2.52,0.0,2.52,1
2024-01-11 11:00:00,3.6,1010.5,2.3,267.0,2.9,2.93,0.0,2.93,1
2024-01-11 12:00:00,3.1,1011.2,1.8,241.0,2.0,3.169,0.0,3.169,1
2024-01-11 13:00:00,3.3,1012.0,2.0,274.0,2.5,3.248,0.0,3.248,1
2024-01-11 14:00:00,4.8,1012.5,3.1,289.0,3.7,3.058,0.0,3.058,1
2024-01-11 15:00:00,6.2,1013.0,3.2,279.0,4.4,2.638,0.0,2.638,1
2024-01-11 16:00:00,7.1,1012.7,1.3,319.0,1.9,1.978,0.0,1.978,1
2024-01-11 17:00:00,8.0,1011.8,3.6,188.0,4.8,1.503,0.0,1.503,1
2024-01-11 18:00:00,7.7,1010.7,4.0,190.0,5.8,0.997,0.0,0.997,1
2024-01-11 19:00:00,8.2,1010.5,6.4,215.0,7.3,0.965,0.0,0.965,1
2024-01-11 20:00:00,8.7,1010.5,6.2,216.0,7.1,1.079,0.0,1.079,1
2024-01-11 21:00:00,9.2,1011.0,5.8,226.0,7.0,1.591,0.0,1.591,1
2024-01-11 22:00:00,8.2,1012.3,4.3,252.0,5.9,2.123,0.0,2.123,1
2024-01-11 23:00:00,6.7,1013.0,2.1,223.0,2.4,2.52,0.0,2.52,1
2024-01-12 00:00:00,7.8,1013.8,4.1,211.0,4.6,2.671,0.0,2.671,1
2024-01-12 01:00:00,7.1,1014.3,4.1,226.0,4.9,2.723,0.0,2.723,1
2024-01-12 02:00:00,7.2,1014.6,4.1,220.0,4.9,2.52,0.0,2.52,1
2024-01-12 03:00:00,7.0,1015.2,2.9,213.0,3.3,2.162,0.0,2.162,1
2024-01-12 04:00:00,7.6,1015.7,3.1,242.0,3.7,1.542,0.0,1.542,1
2024-01-12 05:00:00,7.3,1016.3,3.8,264.0,4.2,0.922,0.0,0.922,1
2024-01-12 06:00:00,6.4,1017.2,3.6,287.0,4.5,0.597,0.0,0.597,1
2024-01-12 07:00:00,5.9,1018.1,2.2,287.0,3.0,0.518,0.0,0.518,1
2024-01-12 08:00:00,5.0,1018.9,2.0,2.0,2.4,0.81,0.0,0.81,1
2024-01-12 09:00:00,5.7,1019.1,2.2,19.0,3.4,1.378,0.0,1.378,1
2024-01-12 10:00:00,6.6,1019.2,1.9,35.0,3.3,2.106,0.0,2.106,1
2024-01-12 11:00:00,6.6,1019.1,1.8,55.0,3.5,2.569,0.0,2.569,1
2024-01-12 12:00:00,6.7,1020.3,3.2,67.0,4.9,3.064,0.0,3.064,1
2024-01-12 13:00:00,7.2,1020.9,1.5,65.0,2.7,3.34,0.0,3.34,1
2024-01-12 14:00:00,7.8,1021.1,3.7,78.0,6.0,3.409,0.0,3.409,1
2024-01-12 15:00:00,8.3,1020.9,3.6,81.0,5.9,3.205,0.0,3.205,1
2024-01-12 16:00:00,8.9,1020.4,3.8,91.0,5.9,2.828,0.0,2.828,1
2024-01-12 17:00:00,9.4,1019.6,3.9,99.0,5.5,2.014,0.0,2.014,1
2024-01-12 18:00:00,9.3,1018.6,4.1,121.0,5.6,1.385,0.0,1.385,1
2024-01-12 19:00:00,9.1,1017.4,3.4,118.0,5.5,1.037,0.0,1.037,1
2024-01-12 20:00:00,8.8,1016.0,3.6,101.0,5.7,0.991,0.0,0.991,1
2024-01-12 21:00:00,8.8,1014.1,5.1,113.0,6.9,1.322,0.0,1.322,1
2024-01-12 22:00:00,9.3,1012.0,6.0,123.0,8.5,1.893,0.0,1.893,1
2024-01-12 23:00:00,10.4,1009.3,5.5,136.0,9.9,2.457,0.0,2.457,1
2024-01-13 00:00:00,10.4,1007.8,6.1,126.0,8.5,2.861,0.0,2.861,1
2024-01-13 01:00:00,10.6,1006.5,4.0,141.0,6.2,3.212,0.0,3.212,1
2024-01-13 02:00:00,11.0,1003.3,6.4,140.0,9.5,3.228,0.0,3.228,1
2024-01-13 03:00:00,11.4,1002.3,8.0,157.0,11.7,3.022,0.0,3.022,1
2024-01-13 04:00:00,11.3,1000.1,6.2,164.0,8.5,2.92,0.0,2.92,1
2024-01-13 05:00:00,11.9,996.4,8.5,163.0,14.4,2.464,0.0,2.464,1
2024-01-13 06:00:00,12.2,994.6,12.6,179.0,16.5,2.037,0.0,2.037,1
2024-01-13 07:00:00,12.7,994.8,10.4,200.0,14.1,1.801,0.0,1.801,1
2024-01-13 08:00:00,13.0,993.0,12.3,204.0,15.0,2.083,0.0,2.083,1
2024-01-13 09:00:00,11.8,992.3,8.4,217.0,10.5,1.991,0.0,1.991,1
2024-01-13 10:00:00,11.5,991.7,6.0,216.0,6.9,2.526,0.0,2.526,1
2024-01-13 11:00:00,10.9,991.2,7.4,215.0,8.4,2.976,0.0,2.976,1
2024-01-13 12:00:00,10.5,990.8,7.7,217.0,8.7,3.461,0.0,3.461,1
2024-01-13 13:00:00,10.9,991.0,7.7,213.0,8.4,3.839,0.0,3.839,1
2024-01-13 14:00:00,13.7,992.2,5.7,271.0,7.8,4.177,0.0,4.177,1
2024-01-13 15:00:00,13.5,993.0,8.6,251.0,11.4,3.973,0.0,3.973,1
2024-01-13 16:00:00,13.3,993.4,11.2,262.0,15.3,3.878,0.0,3.878,1
2024-01-13 17:00:00,12.6,993.4,13.7,269.0,18.1,3.33,0.0,3.33,1
2024-01-13 18:00:00,12.6,993.7,10.0,274.0,14.1,2.799,0.0,2.799,1
2024-01-13 19:00:00,12.2,994.9,9.7,279.0,14.4,2.277,0.0,2.277,1
2024-01-13 20:00:00,11.4,997.0,9.3,280.0,12.1,1.778,0.0,1.778,1
2024-01-13 21:00:00,10.4,999.1,10.0,284.0,13.9,1.726,0.0,1.726,1
2024-01-13 22:00:00,9.5,1001.1,7.2,280.0,10.1,1.857,0.0,1.857,1
2024-01-13 23:00:00,8.7,1002.9,7.9,282.0,9.7,2.392,0.0,2.392,1
2024-01-14 00:00:00,8.1,1004.6,8.1,272.0,10.7,2.785,0.0,2.785,1
2024-01-14 01:00:00,7.6,1006.1,6.6,286.0,8.5,3.104,0.0,3.104,1
2024-01-14 02:00:00,6.9,1007.3,7.5,287.0,10.2,3.314,0.0,3.314,1
2024-01-14 03:00:00,6.1,1008.5,6.5,282.0,8.1,3.156,0.0,3.156,1
2024-01-14 04:00:00,5.4,1009.8,2.9,282.0,3.6,2.802,0.0,2.802,1
2024-01-14 05:00:00,4.7,1011.0,3.7,280.0,4.5,2.274,0.0,2.274,1
2024-01-14 06:00:00,4.0,1011.1,3.5,285.0,4.1,1.565,0.0,1.565,1
2024-01-14 07:00:00,3.6,1012.0,2.9,276.0,3.9,1.198,0.0,1.198,1
2024-01-14 08:00:00,2.9,1012.7,2.4,269.0,3.0,0.869,0.0,0.869,1
2024-01-14 09:00:00,2.8,1013.0,2.1,270.0,2.5,0.722,0.0,0.722,1
2024-01-14 10:00:00,2.2,1013.6,2.0,285.0,2.6,0.863,0.0,0.863,1
2024-01-14 11:00:00,2.8,1014.3,3.4,247.0,4.8,1.381,0.0,1.381,1
2024-01-14 12:00:00,3.2,1014.5,4.5,250.0,6.0,1.952,0.0,1.952,1
2024-01-14 13:00:00,4.3,1014.2,7.6,226.0,9.8,2.516,0.0,2.516,1
2024-01-14 14:00:00,5.2,1014.0,9.4,224.0,11.0,2.822,0.0,2.822,1
2024-01-14 15:00:00,6.1,1013.4,8.3,223.0,10.5,3.002,0.0,3.002,1
2024-01-14 16:00:00,7.8,1011.5,9.2,233.0,12.4,2.936,0.0,2.936,1
2024-01-14 17:00:00,8.1,1010.7,9.6,222.0,12.6,2.329,0.0,2.329,1
2024-01-14 18:00:00,10.0,1009.7,9.3,249.0,11.8,1.745,0.0,1.745,1
2024-01-14 19:00:00,10.3,1010.0,9.5,252.0,12.9,1.007,0.0,1.007,1
2024-01-14 20:00:00,11.2,1010.5,9.9,283.0,13.7,0.417,0.0,0.417,1
2024-01-14 21:00:00,4.9,1013.6,7.8,334.0,10.1,0.23,0.0,0.23,1
2024-01-14 22:00:00,4.4,1015.3,6.6,325.0,8.7,-0.026,0.0,-0.026,1
2024-01-14 23:00:00,4.3,1017.3,5.7,327.0,7.1,0.089,0.0,0.089,1
2024-01-15 00:00:00,4.1,1018.3,6.4,349.0,8.1,0.568,0.0,0.568,1
2024-01-15 01:00:00,3.1,1019.0,6.1,339.0,7.9,1.247,0.0,1.247,1
2024-01-15 02:00:00,2.4,1020.1,4.2,338.0,5.1,1.785,0.0,1.785,1
2024-01-15 03:00:00,1.9,1020.4,4.0,340.0,5.8,2.175,0.0,2.175,1
2024-01-15 04:00:00,1.8,1020.7,4.4,3.0,5.6,1.988,0.0,1.988,1
2024-01-15 05:00:00,1.3,1021.0,4.5,8.0,5.9,1.923,0.0,1.923,1
2024-01-15 06:00:00,1.2,1021.2,2.5,27.0,4.5,1.178,0.0,1.178,1
2024-01-15 07:00:00,0.9,1022.0,4.4,7.0,5.7,0.636,0.0,0.636,1
2024-01-15 08:00:00,0.6,1022.4,3.7,344.0,4.5,0.246,0.0,0.246,1
2024-01-15 09:00:00,0.4,1022.2,5.3,9.0,6.7,-0.138,0.0,-0.138,1
2024-01-15 10:00:00,0.2,1022.5,4.4,11.0,5.3,-0.115,0.0,-0.115,1
2024-01-15 11:00:00,0.1,1023.3,3.9,9.0,4.9,0.394,0.0,0.394,1
2024-01-15 12:00:00,0.1,1023.4,4.2,11.0,5.0,1.112,0.0,1.112,1
2024-01-15 13:00:00,0.1,1023.5,4.6,11.0,5.6,1.742,0.0,1.742,1
2024-01-15 14:00:00,0.2,1023.9,3.3,27.0,5.2,2.267,0.0,2.267,1
2024-01-15 15:00:00,0.5,1024.4,3.3,28.0,4.7,2.674,0.0,2.674,1
2024-01-15 16:00:00,1.3,1023.7,2.7,84.0,4.1,2.694,0.0,2.694,1
2024-01-15 17:00:00,1.5,1022.8,2.2,60.0,3.4,2.52,0.0,2.52,1
2024-01-15 18:00:00,1.6,1021.8,3.7,71.0,5.2,2.264,0.0,2.264,1
2024-01-15 19:00:00,0.8,1021.1,2.7,83.0,4.4,1.634,0.0,1.634,1
2024-01-15 20:00:00,0.4,1020.8,2.4,79.0,4.0,0.978,0.0,0.978,1
2024-01-15 21:00:00,-0.1,1021.0,2.6,68.0,4.6,0.384,0.0,0.384,1
2024-01-15 22:00:00,0.2,1020.9,2.6,78.0,4.5,0.276,0.0,0.276,1
2024-01-15 23:00:00,1.0,1020.3,3.6,69.0,5.3,0.531,0.0,0.531,1
2024-01-16 00:00:00,1.9,1020.6,3.2,68.0,5.3,0.951,0.0,0.951,1
2024-01-16 01:00:00,2.6,1019.9,2.9,71.0,4.7,1.686,0.0,1.686,1
2024-01-16 02:00:00,3.3,1019.2,3.5,73.0,5.0,2.211,0.0,2.211,1
2024-01-16 03:00:00,4.1,1018.7,2.7,67.0,4.2,2.582,0.0,2.582,1
2024-01-16 04:00:00,4.5,1017.6,2.8,67.0,4.5,2.822,0.0,2.822,1
2024-01-16 05:00:00,5.0,1015.9,4.0,70.0,6.5,2.841,0.0,2.841,1
2024-01-16 06:00:00,5.5,1015.0,3.6,69.0,5.4,2.71,0.0,2.71,1
2024-01-16 07:00:00,6.0,1014.1,3.0,68.0,5.2,2.388,0.0,2.388,1
2024-01-16 08:00:00,6.6,1012.6,5.2,72.0,6.8,1.831,0.0,1.831,1
2024-01-16 09:00:00,6.7,1011.8,2.1,68.0,4.5,1.437,0.0,1.437,1
2024-01-16 10:00:00,7.0,1011.1,2.1,60.0,5.6,1.188,0.0,1.188,1
2024-01-16 11:00:00,6.9,1009.9,3.8,67.0,6.2,1.319,0.0,1.319,1
2024-01-16 12:00:00,7.4,1009.0,2.2,48.0,4.6,1.598,0.0,1.598,1
2024-01-16 13:00:00,7.8,1007.6,3.0,69.0,5.2,2.234,0.0,2.234,1
2024-01-16 14:00:00,8.1,1007.0,1.4,68.0,2.5,2.68,0.0,2.68,1
2024-01-16 15:00:00,7.9,1006.4,2.0,8.0,2.5,3.022,0.0,3.022,1
2024-01-16 16:00:00,7.7,1004.0,1.0,67.0,2.1,3.333,0.0,3.333,1
2024-01-16 17:00:00,7.8,1003.7,1.9,4.0,2.3,3.425,0.0,3.425,1
2024-01-16 18:00:00,6.7,1004.1,4.6,289.0,5.9,3.307,0.0,3.307,1
2024-01-16 19:00:00,2.1,1004.7,5.4,326.0,8.2,3.051,0.0,3.051,1
2024-01-16 20:00:00,1.0,1005.7,6.9,336.0,8.7,2.3,0.0,2.3,1
2024-01-16 21:00:00,0.7,1007.2,7.8,342.0,12.0,1.526,0.0,1.526,1
2024-01-16 22:00:00,0.4,1008.1,7.7,334.0,10.6,1.096,0.0,1.096,1
2024-01-16 23:00:00,-0.2,1008.6,9.9,340.0,12.7,1.017,0.0,1.017,1
2024-01-17 00:00:00,-0.6,1009.0,6.7,341.0,8.3,1.306,0.0,1.306,1
2024-01-17 01:00:00,-1.4,1009.7,8.6,336.0,12.4,1.804,0.0,1.804,1
2024-01-17 02:00:00,-2.1,1010.8,9.4,338.0,11.4,2.32,0.0,2.32,1
2024-01-17 03:00:00,-2.9,1012.4,8.6,332.0,11.5,2.749,0.0,2.749,1
2024-01-17 04:00:00,-3.3,1013.0,8.5,342.0,11.1,3.005,0.0,3.005,1
2024-01-17 05:00:00,-3.9,1013.1,8.2,339.0,10.1,3.205,0.0,3.205,1
2024-01-17 06:00:00,-4.3,1013.4,7.3,331.0,9.1,3.222,0.0,3.222,1
2024-01-17 07:00:00,-5.0,1013.7,9.3,337.0,12.3,3.041,0.0,3.041,1
2024-01-17 08:00:00,-5.2,1014.5,9.0,332.0,11.8,2.68,0.0,2.68,1
2024-01-17 09:00:00,-6.0,1014.7,7.3,326.0,10.0,1.975,0.0,1.975,1
2024-01-17 10:00:00,-6.2,1015.7,7.1,324.0,8.7,1.391,0.0,1.391,1
2024-01-17 11:00:00,-6.4,1016.9,5.6,323.0,7.4,1.25,0.0,1.25,1
2024-01-17 12:00:00,-6.6,1017.6,4.7,306.0,6.1,1.214,0.0,1.214,1
2024-01-17 13:00:00,-6.4,1018.2,4.9,316.0,6.8,1.437,0.0,1.437,1
2024-01-17 14:00:00,-5.7,1019.0,5.6,324.0,7.3,1.867,0.0,1.867,1
2024-01-17 15:00:00,-4.9,1019.7,7.0,316.0,9.1,2.257,0.0,2.257,1
2024-01-17 16:00:00,-4.0,1019.8,5.5,314.0,8.3,2.539,0.0,2.539,1
2024-01-17 17:00:00,-2.9,1019.1,6.1,315.0,8.2,2.776,0.0,2.776,1
2024-01-17 18:00:00,-2.2,1017.8,6.1,314.0,8.2,2.753,0.0,2.753,1
2024-01-17 19:00:00,-1.0,1017.6,5.8,293.0,8.4,2.48,0.0,2.48,1
2024-01-17 20:00:00,-0.7,1017.4,4.2,296.0,5.7,2.041,0.0,2.041,1
2024-01-17 21:00:00,-0.6,1018.2,7.7,256.0,9.7,1.585,0.0,1.585,1
2024-01-17 22:00:00,-1.0,1019.0,4.2,268.0,5.2,0.856,0.0,0.856,1
2024-01-17 23:00:00,-1.7,1019.8,3.0,278.0,3.6,0.548,0.0,0.548,1
2024-01-18 00:00:00,-2.0,1020.9,1.4,264.0,2.0,0.381,0.0,0.381,1
2024-01-18 01:00:00,-2.2,1021.3,2.5,249.0,3.1,0.499,0.0,0.499,1
2024-01-18 02:00:00,-2.0,1021.4,4.3,248.0,5.4,0.719,0.0,0.719,1
2024-01-18 03:00:00,-1.6,1021.3,5.4,250.0,6.5,1.132,0.0,1.132,1
2024-01-18 04:00:00,-1.0,1021.7,4.8,257.0,5.8,1.739,0.0,1.739,1
2024-01-18 05:00:00,-1.7,1022.1,3.0,266.0,3.8,2.07,0.0,2.07,1
2024-01-18 06:00:00,-1.8,1022.0,3.1,270.0,3.7,2.116,0.0,2.116,1
2024-01-18 07:00:00,-1.8,1022.4,2.6,275.0,3.5,1.972,0.0,1.972,1
2024-01-18 08:00:00,-1.7,1022.3,2.1,275.0,2.6,1.798,0.0,1.798,1
2024-01-18 09:00:00,-1.7,1021.9,1.9,290.0,2.3,1.411,0.0,1.411,1
2024-01-18 10:00:00,-1.6,1022.1,2.1,253.0,2.9,0.902,0.0,0.902,1
2024-01-18 11:00:00,-1.3,1022.2,2.5,272.0,3.2,0.463,0.0,0.463,1
2024-01-18 12:00:00,-1.9,1022.6,2.6,260.0,3.3,0.108,0.0,0.108,1
2024-01-18 13:00:00,-1.4,1022.2,1.8,268.0,2.3,0.194,0.0,0.194,1
2024-01-18 14:00:00,0.4,1022.7,3.1,239.0,3.8,0.351,0.0,0.351,1
2024-01-18 15:00:00,1.5,1023.1,2.8,243.0,3.5,0.735,0.0,0.735,1
2024-01-18 16:00:00,2.4,1022.9,1.8,278.0,2.6,1.125,0.0,1.125,1
2024-01-18 17:00:00,3.0,1021.9,0.8,268.0,1.8,1.673,0.0,1.673,1
2024-01-18 18:00:00,3.8,1020.6,2.5,193.0,3.4,1.778,0.0,1.778,1
2024-01-18 19:00:00,4.3,1019.1,2.8,179.0,4.3,1.699,0.0,1.699,1
2024-01-18 20:00:00,4.8,1018.3,3.5,186.0,5.0,1.463,0.0,1.463,1
2024-01-18 21:00:00,5.3,1017.7,6.2,204.0,7.8,1.247,0.0,1.247,1
2024-01-18 22:00:00,4.6,1017.5,4.0,236.0,5.1,0.86,0.0,0.86,1
2024-01-18 23:00:00,4.3,1017.4,4.5,224.0,5.5,0.315,0.0,0.315,1
2024-01-19 00:00:00,4.2,1017.2,2.8,233.0,3.8,-0.128,0.0,-0.128,1
2024-01-19 01:00:00,4.8,1016.5,3.4,228.0,3.9,-0.2,0.0,-0.2,1
2024-01-19 02:00:00,4.9,1016.0,1.5,219.0,1.7,0.115,0.0,0.115,1
2024-01-19 03:00:00,4.4,1015.2,0.9,224.0,1.0,0.597,0.0,0.597,1
2024-01-19 04:00:00,4.6,1014.7,1.0,202.0,1.2,1.243,0.0,1.243,1
2024-01-19 05:00:00,4.8,1013.8,1.3,151.0,1.8,1.64,0.0,1.64,1
2024-01-19 06:00:00,4.1,1012.3,1.1,50.0,1.9,2.021,0.0,2.021,1
2024-01-19 07:00:00,5.4,1011.0,2.3,79.0,3.4,2.215,0.0,2.215,1
2024-01-19 08:00:00,5.7,1009.8,2.8,84.0,4.0,2.27,0.0,2.27,1
2024-01-19 09:00:00,6.0,1009.1,2.9,107.0,3.9,2.169,0.0,2.169,1
2024-01-19 10:00:00,6.2,1009.3,1.6,31.0,2.5,1.919,0.0,1.919,1
2024-01-19 11:00:00,5.3,1008.1,3.6,339.0,4.4,1.417,0.0,1.417,1
2024-01-19 12:00:00,4.6,1007.4,4.5,14.0,5.8,0.938,0.0,0.938,1
2024-01-19 13:00:00,2.0,1007.2,4.7,8.0,5.5,0.748,0.0,0.748,1
2024-01-19 14:00:00,1.3,1006.5,3.0,30.0,4.0,0.843,0.0,0.843,1
2024-01-19 15:00:00,2.1,1005.5,2.0,47.0,3.9,1.007,0.0,1.007,1
2024-01-19 16:00:00,2.7,1004.5,2.4,65.0,3.8,1.473,0.0,1.473,1
2024-01-19 17:00:00,2.9,1003.2,1.9,83.0,2.2,1.844,0.0,1.844,1
2024-01-19 18:00:00,2.4,1002.3,3.0,336.0,3.7,2.165,0.0,2.165,1
2024-01-19 19:00:00,1.3,1002.5,5.0,345.0,7.0,2.365,0.0,2.365,1
2024-01-19 20:00:00,1.3,1003.0,5.0,333.0,6.3,2.392,0.0,2.392,1
2024-01-19 21:00:00,0.7,1004.8,5.7,334.0,7.4,2.169,0.0,2.169,1
2024-01-19 22:00:00,-0.1,1006.5,7.1,333.0,9.7,2.031,0.0,2.031,1
2024-01-19 23:00:00,-0.5,1008.1,7.4,333.0,10.0,1.512,0.0,1.512,1
2024-01-20 00:00:00,-0.7,1009.7,6.1,331.0,7.9,0.961,0.0,0.961,1
2024-01-20 01:00:00,-0.6,1010.7,5.4,333.0,7.8,0.627,0.0,0.627,1
2024-01-20 02:00:00,-0.8,1011.4,7.9,334.0,9.8,0.594,0.0,0.594,1
2024-01-20 03:00:00,-0.9,1012.1,5.6,318.0,8.0,0.988,0.0,0.988,1
2024-01-20 04:00:00,-1.3,1013.0,5.7,326.0,7.0,1.591,0.0,1.591,1
2024-01-20 05:00:00,-1.8,1013.2,5.7,323.0,7.0,1.952,0.0,1.952,1
2024-01-20 06:00:00,-2.2,1013.3,4.5,316.0,5.6,2.277,0.0,2.277,1
2024-01-20 07:00:00,-2.6,1014.1,3.4,303.0,5.1,2.585,0.0,2.585,1
2024-01-20 08:00:00,-2.4,1014.5,3.3,302.0,4.3,2.756,0.0,2.756,1
2024-01-20 09:00:00,-1.9,1014.6,4.6,320.0,6.7,2.782,0.0,2.782,1
2024-01-20 10:00:00,-2.3,1015.2,4.9,325.0,6.2,2.68,0.0,2.68,1
2024-01-20 11:00:00,-2.7,1015.8,5.2,334.0,6.9,2.352,0.0,2.352,1
2024-01-20 12:00:00,-3.1,1016.8,3.9,317.0,5.1,1.713,0.0,1.713,1
2024-01-20 13:00:00,-3.4,1017.5,6.4,339.0,8.0,1.332,0.0,1.332,1
2024-01-20 14:00:00,-3.6,1017.8,6.4,324.0,7.9,1.083,0.0,1.083,1
2024-01-20 15:00:00,-3.8,1018.0,7.6,315.0,9.3,0.984,0.0,0.984,1
2024-01-20 16:00:00,-3.4,1017.7,7.2,316.0,10.6,0.945,0.0,0.945,1
2024-01-20 17:00:00,-4.0,1017.1,10.6,326.0,13.8,1.165,0.0,1.165,1
2024-01-20 18:00:00,-4.0,1016.8,7.9,321.0,10.0,1.48,0.0,1.48,1
2024-01-20 19:00:00,-4.0,1016.9,7.8,319.0,10.8,1.916,0.0,1.916,1
2024-01-20 20:00:00,-3.8,1017.2,9.4,323.0,12.4,1.942,0.0,1.942,1
2024-01-20 21:00:00,-3.5,1017.6,9.4,316.0,12.2,1.87,0.0,1.87,1
2024-01-20 22:00:00,-3.9,1018.4,7.0,321.0,8.4,1.634,0.0,1.634,1
2024-01-20 23:00:00,-4.1,1019.3,5.6,324.0,8.1,1.27,0.0,1.27,1
2024-01-21 00:00:00,-4.5,1020.1,4.9,304.0,7.5,0.732,0.0,0.732,1
2024-01-21 01:00:00,-4.6,1020.7,6.2,314.0,9.6,0.18,0.0,0.18,1
2024-01-21 02:00:00,-4.8,1021.2,6.9,307.0,9.3,-0.082,0.0,-0.082,1
2024-01-21 03:00:00,-5.0,1021.4,6.7,307.0,9.5,-0.115,0.0,-0.115,1
2024-01-21 04:00:00,-5.4,1021.5,8.9,307.0,14.1,0.18,0.0,0.18,1
2024-01-21 05:00:00,-5.2,1022.1,7.3,306.0,10.0,0.62,0.0,0.62,1
2024-01-21 06:00:00,-5.2,1022.4,8.6,318.0,12.1,1.079,0.0,1.079,1
2024-01-21 07:00:00,-4.9,1023.1,6.1,311.0,8.3,1.67,0.0,1.67,1
2024-01-21 08:00:00,-5.0,1023.5,6.0,317.0,7.4,1.988,0.0,1.988,1
2024-01-21 09:00:00,-5.3,1023.7,7.5,313.0,10.5,2.221,0.0,2.221,1
2024-01-21 10:00:00,-5.3,1024.7,6.1,324.0,7.6,2.152,0.0,2.152,1
2024-01-21 11:00:00,-5.2,1025.8,5.0,311.0,6.5,2.031,0.0,2.031,1
2024-01-21 12:00:00,-5.0,1026.9,5.4,316.0,7.0,1.729,0.0,1.729,1
2024-01-21 13:00:00,-4.7,1028.1,4.1,301.0,5.2,1.257,0.0,1.257,1
2024-01-21 14:00:00,-3.7,1028.6,6.6,325.0,8.5,0.869,0.0,0.869,1
2024-01-21 15:00:00,-2.7,1029.2,10.3,329.0,12.9,0.607,0.0,0.607,1
2024-01-21 16:00:00,-1.8,1029.3,6.8,329.0,10.0,0.561,0.0,0.561,1
2024-01-21 17:00:00,-1.3,1028.9,9.0,324.0,12.9,0.709,0.0,0.709,1
2024-01-21 18:00:00,-0.8,1028.6,7.2,318.0,10.7,0.984,0.0,0.984,1
2024-01-21 19:00:00,-0.6,1028.4,8.4,326.0,10.3,1.401,0.0,1.401,1
2024-01-21 20:00:00,0.2,1028.7,6.2,320.0,9.1,1.69,0.0,1.69,1
2024-01-21 21:00:00,0.4,1029.5,7.9,326.0,11.0,1.883,0.0,1.883,1
2024-01-21 22:00:00,-0.1,1030.3,5.3,316.0,7.1,1.942,0.0,1.942,1
2024-01-21 23:00:00,-0.3,1031.1,4.9,324.0,6.4,1.699,0.0,1.699,1
2024-01-22 00:00:00,-1.0,1032.3,3.3,305.0,4.4,1.283,0.0,1.283,1
2024-01-22 01:00:00,-1.1,1032.6,4.3,325.0,5.5,0.797,0.0,0.797,1
2024-01-22 02:00:00,-1.5,1033.1,3.9,312.0,5.1,0.367,0.0,0.367,1
2024-01-22 03:00:00,-1.5,1033.1,5.3,331.0,6.3,0.075,0.0,0.075,1
2024-01-22 04:00:00,-1.8,1033.3,5.4,331.0,6.9,0.272,0.0,0.272,1
2024-01-22 05:00:00,-2.1,1033.5,4.8,335.0,6.9,0.351,0.0,0.351,1
2024-01-22 06:00:00,-2.2,1033.6,4.6,330.0,6.2,1.001,0.0,1.001,1
2024-01-22 07:00:00,-2.8,1034.3,2.9,314.0,4.4,1.509,0.0,1.509,1
2024-01-22 08:00:00,-3.1,1034.6,4.2,326.0,5.3,1.886,0.0,1.886,1
2024-01-22 09:00:00,-3.4,1034.5,3.5,333.0,4.6,2.303,0.0,2.303,1
2024-01-22 10:00:00,-3.6,1035.1,1.9,337.0,2.7,2.428,0.0,2.428,1
2024-01-22 11:00:00,-4.3,1035.5,2.2,318.0,2.7,2.375,0.0,2.375,1
2024-01-22 12:00:00,-4.5,1036.0,1.6,320.0,2.3,2.146,0.0,2.146,1
2024-01-22 13:00:00,-2.5,1035.0,2.4,32.0,3.4,1.972,0.0,1.972,1
2024-01-22 14:00:00,-2.8,1036.3,2.7,319.0,3.2,1.549,0.0,1.549,1
2024-01-22 15:00:00,-0.9,1036.8,2.1,298.0,2.5,1.02,0.0,1.02,1
2024-01-22 16:00:00,0.5,1035.8,1.4,190.0,2.0,0.761,0.0,0.761,1
2024-01-22 17:00:00,1.2,1035.3,5.1,222.0,6.2,0.564,0.0,0.564,1
2024-01-22 18:00:00,1.7,1034.0,4.0,212.0,5.3,0.623,0.0,0.623,1
2024-01-22 19:00:00,2.4,1033.5,3.5,207.0,4.0,0.896,0.0,0.896,1
2024-01-22 20:00:00,2.8,1033.2,6.2,219.0,6.9,1.306,0.0,1.306,1
2024-01-22 21:00:00,3.1,1033.3,7.4,232.0,9.5,1.594,0.0,1.594,1
2024-01-22 22:00:00,2.2,1033.2,5.4,226.0,6.5,1.795,0.0,1.795,1
2024-01-22 23:00:00,2.0,1032.9,4.3,224.0,5.0,1.742,0.0,1.742,1
2024-01-23 00:00:00,2.2,1033.2,4.0,226.0,4.6,1.496,0.0,1.496,1
2024-01-23 01:00:00,2.4,1032.7,3.0,232.0,4.1,1.05,0.0,1.05,1
2024-01-23 02:00:00,2.1,1033.2,2.3,245.0,3.0,0.755,0.0,0.755,1
2024-01-23 03:00:00,2.0,1033.4,3.0,245.0,3.9,0.135,0.0,0.135,1
2024-01-23 04:00:00,2.0,1033.3,3.0,232.0,3.8,-0.112,0.0,-0.112,1
2024-01-23 05:00:00,2.1,1032.6,2.9,236.0,3.9,-0.105,0.0,-0.105,1
2024-01-23 06:00:00,2.7,1032.3,3.4,234.0,4.7,0.207,0.0,0.207,1
2024-01-23 07:00:00,2.1,1032.1,2.5,239.0,3.5,0.705,0.0,0.705,1
2024-01-23 08:00:00,2.9,1031.6,3.0,240.0,4.1,1.342,0.0,1.342,1
2024-01-23 09:00:00,2.6,1031.0,2.9,232.0,3.4,1.65,0.0,1.65,1
2024-01-23 10:00:00,1.3,1030.8,3.4,223.0,4.1,2.001,0.0,2.001,1
2024-01-23 11:00:00,1.1,1031.0,2.8,212.0,3.2,2.123,0.0,2.123,1
2024-01-23 12:00:00,1.7,1031.2,2.6,232.0,3.3,2.057,0.0,2.057,1
2024-01-23 13:00:00,1.9,1031.2,2.1,230.0,2.4,1.795,0.0,1.795,1
2024-01-23 14:00:00,3.0,1031.9,2.9,219.0,3.3,1.457,0.0,1.457,1
2024-01-23 15:00:00,4.3,1032.4,2.8,244.0,3.5,0.725,0.0,0.725,1
2024-01-23 16:00:00,5.7,1032.0,1.9,24.0,2.4,0.308,0.0,0.308,1
2024-01-23 17:00:00,5.0,1031.7,3.2,205.0,3.7,0.075,0.0,0.075,1
2024-01-23 18:00:00,5.9,1030.8,1.2,181.0,2.2,-0.033,0.0,-0.033,1
2024-01-23 19:00:00,6.2,1030.7,1.5,191.0,1.9,0.062,0.0,0.062,1
2024-01-23 20:00:00,5.9,1031.0,1.9,174.0,2.5,0.469,0.0,0.469,1
2024-01-23 21:00:00,6.2,1031.2,0.5,76.0,0.7,0.958,0.0,0.958,1
2024-01-23 22:00:00,5.7,1032.1,1.2,173.0,1.5,1.184,0.0,1.184,1
2024-01-23 23:00:00,5.1,1032.1,1.2,209.0,1.3,1.447,0.0,1.447,1
2024-01-24 00:00:00,5.3,1031.8,1.3,132.0,1.5,1.243,0.0,1.243,1
2024-01-24 01:00:00,5.7,1031.5,1.5,143.0,2.0,1.138,0.0,1.138,1
2024-01-24 02:00:00,5.8,1031.5,1.2,74.0,1.4,0.761,0.0,0.761,1
2024-01-24 03:00:00,5.9,1031.6,1.6,93.0,2.5,0.305,0.0,0.305,1
2024-01-24 04:00:00,5.8,1032.0,1.8,152.0,2.6,-0.115,0.0,-0.115,1
2024-01-24 05:00:00,5.4,1032.0,1.3,162.0,1.7,-0.246,0.0,-0.246,1
2024-01-24 06:00:00,5.9,1031.7,2.1,101.0,2.4,-0.203,0.0,-0.203,1
2024-01-24 07:00:00,6.2,1032.0,2.9,173.0,4.0,0.354,0.0,0.354,1
2024-01-24 08:00:00,5.0,1032.1,2.8,200.0,3.2,0.958,0.0,0.958,1
2024-01-24 09:00:00,5.1,1031.5,1.5,189.0,2.0,1.49,0.0,1.49,1
2024-01-24 10:00:00,5.8,1031.1,1.0,142.0,1.3,1.936,0.0,1.936,1
2024-01-24 11:00:00,5.9,1031.3,1.9,126.0,2.4,2.3,0.0,2.3,1
2024-01-24 12:00:00,6.0,1031.4,0.0,299.0,1.2,2.461,0.0,2.461,1
2024-01-24 13:00:00,6.0,1031.0,1.3,215.0,1.4,2.388,0.0,2.388,1
2024-01-24 14:00:00,6.7,1030.9,2.6,209.0,2.9,2.211,0.0,2.211,1
2024-01-24 15:00:00,8.0,1030.5,2.2,207.0,2.6,1.804,0.0,1.804,1
2024-01-24 16:00:00,9.6,1030.9,3.7,216.0,4.4,1.201,0.0,1.201,1
2024-01-24 17:00:00,8.8,1030.1,3.9,199.0,4.6,0.879,0.0,0.879,1
2024-01-24 18:00:00,8.5,1028.7,4.3,205.0,5.0,0.663,0.0,0.663,1
2024-01-24 19:00:00,8.2,1027.9,3.6,208.0,4.2,0.702,0.0,0.702,1
2024-01-24 20:00:00,8.4,1027.8,3.6,205.0,4.0,0.971,0.0,0.971,1
2024-01-24 21:00:00,8.8,1027.1,2.3,194.0,3.0,1.453,0.0,1.453,1
2024-01-24 22:00:00,7.8,1026.5,2.2,218.0,2.5,1.821,0.0,1.821,1
2024-01-24 23:00:00,10.2,1026.5,5.8,220.0,8.0,2.175,0.0,2.175,1
2024-01-25 00:00:00,8.3,1026.4,3.7,191.0,4.3,2.244,0.0,2.244,1
2024-01-25 01:00:00,7.2,1026.0,3.5,200.0,3.8,2.129,0.0,2.129,1
2024-01-25 02:00:00,7.9,1025.4,5.3,214.0,6.1,1.916,0.0,1.916,1
2024-01-25 03:00:00,10.1,1025.3,6.4,222.0,7.6,1.457,0.0,1.457,1
2024-01-25 04:00:00,10.7,1024.9,7.6,234.0,9.7,0.974,0.0,0.974,1
2024-01-25 05:00:00,10.0,1023.9,6.4,236.0,9.0,0.656,0.0,0.656,1
2024-01-25 06:00:00,9.3,1022.8,6.8,221.0,8.1,0.535,0.0,0.535,1
2024-01-25 07:00:00,9.1,1022.5,5.8,214.0,6.6,0.715,0.0,0.715,1
2024-01-25 08:00:00,9.4,1021.9,8.0,219.0,9.3,1.175,0.0,1.175,1
2024-01-25 09:00:00,8.7,1021.6,6.9,216.0,8.1,1.716,0.0,1.716,1
2024-01-25 10:00:00,11.2,1021.2,8.0,223.0,10.1,2.103,0.0,2.103,1
2024-01-25 11:00:00,11.0,1021.3,8.6,220.0,9.9,2.516,0.0,2.516,1
2024-01-25 12:00:00,8.5,1021.3,6.5,202.0,7.8,2.769,0.0,2.769,1
2024-01-25 13:00:00,8.7,1021.2,6.6,211.0,8.2,2.858,0.0,2.858,1
2024-01-25 14:00:00,8.2,1021.1,8.2,213.0,8.8,2.769,0.0,2.769,1
2024-01-25 15:00:00,10.4,1020.8,7.3,220.0,8.6,2.415,0.0,2.415,1
2024-01-25 16:00:00,11.1,1020.2,6.5,219.0,7.7,1.785,0.0,1.785,1
2024-01-25 17:00:00,11.7,1019.3,6.6,222.0,8.0,1.345,0.0,1.345,1
2024-01-25 18:00:00,9.3,1018.4,6.1,205.0,7.0,0.958,0.0,0.958,1
2024-01-25 19:00:00,10.0,1018.2,6.7,215.0,9.2,0.856,0.0,0.856,1
2024-01-25 20:00:00,8.9,1018.3,4.5,208.0,5.3,0.915,0.0,0.915,1
2024-01-25 21:00:00,10.6,1018.3,4.3,216.0,5.0,1.158,0.0,1.158,1
2024-01-25 22:00:00,10.4,1018.6,2.9,230.0,3.2,1.65,0.0,1.65,1
2024-01-25 23:00:00,9.7,1018.7,5.0,216.0,5.7,2.001,0.0,2.001,1
2024-01-26 00:00:00,8.9,1019.2,3.8,211.0,4.1,2.172,0.0,2.172,1
2024-01-26 01:00:00,9.0,1019.1,4.0,216.0,4.4,2.178,0.0,2.178,1
2024-01-26 02:00:00,7.2,1019.2,2.6,202.0,3.0,2.037,0.0,2.037,1
2024-01-26 03:00:00,7.6,1019.0,2.8,204.0,3.5,1.732,0.0,1.732,1
2024-01-26 04:00:00,9.2,1018.6,4.5,206.0,5.1,1.253,0.0,1.253,1
2024-01-26 05:00:00,9.8,1018.1,3.6,223.0,4.3,0.902,0.0,0.902,1
2024-01-26 06:00:00,9.5,1017.3,4.4,216.0,5.0,0.541,0.0,0.541,1
2024-01-26 07:00:00,8.4,1016.4,2.6,204.0,3.2,0.574,0.0,0.574,1
2024-01-26 08:00:00,8.7,1016.2,3.6,194.0,4.7,0.922,0.0,0.922,1
2024-01-26 09:00:00,7.7,1015.8,3.3,217.0,3.9,1.499,0.0,1.499,1
2024-01-26 10:00:00,7.8,1015.9,4.0,204.0,4.6,1.929,0.0,1.929,1
2024-01-26 11:00:00,7.3,1016.0,4.9,207.0,5.5,2.372,0.0,2.372,1
2024-01-26 12:00:00,7.8,1016.1,5.5,198.0,6.3,2.776,0.0,2.776,1
2024-01-26 13:00:00,8.4,1015.9,4.4,203.0,5.0,3.035,0.0,3.035,1
2024-01-26 14:00:00,8.0,1015.6,4.6,195.0,6.2,3.127,0.0,3.127,1
2024-01-26 15:00:00,10.5,1015.8,6.9,219.0,8.1,2.959,0.0,2.959,1
2024-01-26 16:00:00,9.8,1015.6,6.5,202.0,7.2,2.605,0.0,2.605,1
2024-01-26 17:00:00,10.1,1014.3,5.9,202.0,7.0,1.969,0.0,1.969,1
2024-01-26 18:00:00,12.0,1013.3,5.6,197.0,6.9,1.522,0.0,1.522,1
2024-01-26 19:00:00,11.8,1012.9,4.1,193.0,5.6,1.345,0.0,1.345,1
2024-01-26 20:00:00,10.9,1012.8,2.5,187.0,3.8,1.319,0.0,1.319,1
2024-01-26 21:00:00,9.7,1013.0,2.6,218.0,3.7,1.44,0.0,1.44,1
2024-01-26 22:00:00,9.1,1013.6,5.0,209.0,5.8,1.893,0.0,1.893,1
2024-01-26 23:00:00,9.2,1014.4,4.0,214.0,4.7,2.303,0.0,2.303,1
2024-01-27 00:00:00,9.4,1014.8,2.1,235.0,2.4,2.546,0.0,2.546,1
2024-01-27 01:00:00,10.6,1014.8,2.5,228.0,2.9,2.782,0.0,2.782,1
2024-01-27 02:00:00,12.0,1014.9,1.8,72.0,2.3,2.782,0.0,2.782,1
2024-01-27 03:00:00,7.8,1016.3,5.4,12.0,6.7,2.684,0.0,2.684,1
2024-01-27 04:00:00,7.4,1016.4,2.5,12.0,3.0,2.329,0.0,2.329,1
2024-01-27 05:00:00,8.2,1016.8,3.6,7.0,4.4,1.768,0.0,1.768,1
2024-01-27 06:00:00,8.2,1017.2,3.0,13.0,3.6,1.46,0.0,1.46,1
2024-01-27 07:00:00,8.7,1017.6,3.9,27.0,5.4,1.253,0.0,1.253,1
2024-01-27 08:00:00,7.8,1017.8,4.1,23.0,5.4,1.263,0.0,1.263,1
2024-01-27 09:00:00,7.5,1018.4,2.4,31.0,3.1,1.732,0.0,1.732,1
2024-01-27 10:00:00,6.3,1018.9,1.5,65.0,2.2,2.185,0.0,2.185,1
2024-01-27 11:00:00,5.6,1019.8,2.4,25.0,3.9,2.51,0.0,2.51,1
2024-01-27 12:00:00,5.5,1020.6,2.6,8.0,3.0,2.943,0.0,2.943,1
2024-01-27 13:00:00,5.5,1020.9,1.4,20.0,1.8,3.192,0.0,3.192,1
2024-01-27 14:00:00,6.0,1021.1,2.2,16.0,2.7,3.294,0.0,3.294,1
2024-01-27 15:00:00,6.7,1021.5,1.9,13.0,2.2,3.241,0.0,3.241,1
2024-01-27 16:00:00,7.9,1021.7,2.4,20.0,2.8,2.963,0.0,2.963,1
2024-01-27 17:00:00,6.0,1021.7,3.2,72.0,4.9,2.464,0.0,2.464,1
2024-01-27 18:00:00,5.5,1021.3,3.9,75.0,5.6,1.824,0.0,1.824,1
2024-01-27 19:00:00,5.2,1020.6,3.1,74.0,5.0,1.529,0.0,1.529,1
2024-01-27 20:00:00,5.5,1020.8,3.0,65.0,4.5,1.394,0.0,1.394,1
2024-01-27 21:00:00,5.6,1020.9,3.0,81.0,4.3,1.473,0.0,1.473,1
2024-01-27 22:00:00,5.8,1020.7,2.0,63.0,3.5,1.644,0.0,1.644,1
2024-01-27 23:00:00,6.1,1020.3,3.5,66.0,5.2,2.188,0.0,2.188,1
2024-01-28 00:00:00,6.3,1020.8,2.4,66.0,3.7,2.523,0.0,2.523,1
2024-01-28 01:00:00,6.7,1020.4,2.4,71.0,3.8,2.776,0.0,2.776,1
2024-01-28 02:00:00,7.1,1019.7,2.5,92.0,4.0,2.91,0.0,2.91,1
2024-01-28 03:00:00,7.1,1019.2,4.1,83.0,7.0,2.874,0.0,2.874,1
2024-01-28 04:00:00,6.8,1018.5,3.2,88.0,5.1,2.776,0.0,2.776,1
2024-01-28 05:00:00,6.4,1017.3,4.0,81.0,5.3,2.415,0.0,2.415,1
2024-01-28 06:00:00,6.5,1015.8,3.4,87.0,4.5,1.804,0.0,1.804,1
2024-01-28 07:00:00,6.9,1013.2,4.8,106.0,7.4,1.526,0.0,1.526,1
2024-01-28 08:00:00,7.3,1011.4,4.3,100.0,5.6,1.447,0.0,1.447,1
2024-01-28 09:00:00,7.5,1009.5,4.8,86.0,8.2,1.765,0.0,1.765,1
2024-01-28 10:00:00,7.7,1008.6,2.7,36.0,4.2,2.293,0.0,2.293,1
2024-01-28 11:00:00,7.5,1007.0,3.6,74.0,5.6,2.612,0.0,2.612,1
2024-01-28 12:00:00,7.8,1005.8,4.1,80.0,6.1,3.005,0.0,3.005,1
2024-01-28 13:00:00,8.0,1004.7,2.8,40.0,5.1,3.402,0.0,3.402,1
2024-01-28 14:00:00,7.7,1004.0,3.4,40.0,6.0,3.704,0.0,3.704,1
2024-01-28 15:00:00,7.6,1003.1,3.8,33.0,6.4,3.701,0.0,3.701,1
2024-01-28 16:00:00,7.8,1002.2,2.8,36.0,4.7,3.655,0.0,3.655,1
2024-01-28 17:00:00,7.8,1001.1,1.6,40.0,3.1,3.399,0.0,3.399,1
2024-01-28 18:00:00,7.4,1000.3,3.9,7.0,4.6,3.058,0.0,3.058,1
2024-01-28 19:00:00,7.6,999.8,4.1,4.0,4.8,2.546,0.0,2.546,1
2024-01-28 20:00:00,7.3,999.6,5.6,7.0,6.6,2.264,0.0,2.264,1
2024-01-28 21:00:00,7.1,1000.4,3.6,5.0,4.6,2.264,0.0,2.264,1
2024-01-28 22:00:00,7.1,1000.2,5.3,353.0,6.3,2.5,0.0,2.5,1
2024-01-28 23:00:00,6.9,1000.1,6.4,4.0,7.9,2.877,0.0,2.877,1
2024-01-29 00:00:00,6.9,1000.3,6.2,356.0,8.3,3.104,0.0,3.104,1
2024-01-29 01:00:00,6.7,1001.5,5.6,347.0,6.7,3.343,0.0,3.343,1
2024-01-29 02:00:00,6.3,1001.7,5.1,358.0,6.3,3.596,0.0,3.596,1
2024-01-29 03:00:00,5.7,1002.1,6.0,348.0,7.3,3.678,0.0,3.678,1
2024-01-29 04:00:00,5.3,1002.5,5.1,355.0,6.2,3.609,0.0,3.609,1
2024-01-29 05:00:00,5.1,1002.3,4.5,338.0,5.3,3.428,0.0,3.428,1
2024-01-29 06:00:00,5.2,1002.3,4.6,343.0,6.6,2.884,0.0,2.884,1
2024-01-29 07:00:00,4.9,1002.8,7.3,343.0,8.9,2.608,0.0,2.608,1
2024-01-29 08:00:00,4.9,1003.3,5.8,342.0,7.2,2.346,0.0,2.346,1
2024-01-29 09:00:00,4.8,1003.9,7.6,340.0,9.9,2.316,0.0,2.316,1
2024-01-29 10:00:00,4.4,1004.6,6.5,359.0,8.6,2.454,0.0,2.454,1
2024-01-29 11:00:00,4.9,1005.4,7.3,345.0,8.9,2.884,0.0,2.884,1
2024-01-29 12:00:00,5.4,1006.2,7.3,5.0,9.6,3.274,0.0,3.274,1
2024-01-29 13:00:00,5.2,1007.2,5.8,343.0,7.4,3.471,0.0,3.471,1
2024-01-29 14:00:00,5.5,1007.9,8.2,351.0,9.8,3.796,0.0,3.796,1
2024-01-29 15:00:00,5.5,1008.7,6.5,349.0,8.4,3.911,0.0,3.911,1
2024-01-29 16:00:00,5.7,1009.3,5.9,348.0,8.2,3.885,0.0,3.885,1
2024-01-29 17:00:00,5.6,1009.5,6.9,358.0,8.6,3.707,0.0,3.707,1
2024-01-29 18:00:00,6.0,1009.8,7.4,340.0,11.2,3.209,0.0,3.209,1
2024-01-29 19:00:00,5.6,1010.1,7.4,334.0,9.2,2.631,0.0,2.631,1
2024-01-29 20:00:00,5.6,1010.8,8.1,0.0,10.4,2.208,0.0,2.208,1
2024-01-29 21:00:00,5.6,1011.8,7.2,342.0,9.2,2.037,0.0,2.037,1
2024-01-29 22:00:00,5.6,1012.4,8.6,8.0,9.8,2.136,0.0,2.136,1
2024-01-29 23:00:00,5.6,1013.8,7.4,356.0,9.4,2.254,0.0,2.254,1
2024-01-30 00:00:00,5.6,1014.5,5.5,3.0,6.6,2.618,0.0,2.618,1
2024-01-30 01:00:00,5.6,1015.4,4.9,347.0,6.6,3.018,0.0,3.018,1
2024-01-30 02:00:00,5.5,1016.0,4.7,343.0,5.5,3.212,0.0,3.212,1
2024-01-30 03:00:00,5.5,1016.7,5.5,356.0,6.6,3.422,0.0,3.422,1
2024-01-30 04:00:00,4.7,1017.2,6.1,30.0,8.5,3.451,0.0,3.451,1
2024-01-30 05:00:00,4.5,1017.5,4.5,30.0,7.2,3.36,0.0,3.36,1
2024-01-30 06:00:00,4.2,1018.0,4.6,29.0,7.1,2.867,0.0,2.867,1
2024-01-30 07:00:00,4.3,1018.2,3.5,24.0,5.5,2.5,0.0,2.5,1
2024-01-30 08:00:00,4.1,1018.5,4.8,18.0,6.4,2.182,0.0,2.182,1
2024-01-30 09:00:00,3.9,1018.8,4.5,7.0,5.4,2.103,0.0,2.103,1
2024-01-30 10:00:00,4.0,1019.4,4.4,17.0,6.4,2.077,0.0,2.077,1
2024-01-30 11:00:00,3.7,1019.7,3.5,30.0,5.1,2.395,0.0,2.395,1
2024-01-30 12:00:00,3.5,1020.5,2.7,34.0,4.7,2.753,0.0,2.753,1
2024-01-30 13:00:00,3.6,1021.1,3.9,68.0,5.5,3.104,0.0,3.104,1
2024-01-30 14:00:00,3.7,1021.9,1.2,41.0,2.6,3.317,0.0,3.317,1
2024-01-30 15:00:00,3.9,1021.7,2.3,22.0,3.5,3.543,0.0,3.543,1
2024-01-30 16:00:00,4.1,1021.6,2.4,28.0,3.3,3.599,0.0,3.599,1
2024-01-30 17:00:00,5.2,1021.2,2.0,71.0,3.7,3.55,0.0,3.55,1
2024-01-30 18:00:00,4.5,1020.5,2.1,72.0,3.2,3.327,0.0,3.327,1
2024-01-30 19:00:00,4.8,1019.5,1.6,61.0,2.9,2.822,0.0,2.822,1
2024-01-30 20:00:00,4.3,1019.2,2.0,62.0,4.0,2.461,0.0,2.461,1
2024-01-30 21:00:00,4.2,1019.7,2.0,54.0,3.7,2.264,0.0,2.264,1
2024-01-30 22:00:00,4.1,1019.6,2.7,76.0,4.2,2.247,0.0,2.247,1
2024-01-30 23:00:00,4.2,1019.7,1.4,62.0,2.9,2.398,0.0,2.398,1
2024-01-31 00:00:00,4.4,1020.0,1.5,68.0,3.6,2.592,0.0,2.592,1
2024-01-31 01:00:00,4.3,1019.8,0.7,72.0,1.2,2.986,0.0,2.986,1
2024-01-31 02:00:00,4.5,1019.3,0.6,84.0,1.1,3.186,0.0,3.186,1
2024-01-31 03:00:00,4.5,1019.0,0.9,334.0,1.3,3.488,0.0,3.488,1
2024-01-31 04:00:00,4.8,1018.7,0.9,285.0,1.7,3.625,0.0,3.625,1
2024-01-31 05:00:00,5.1,1018.0,0.4,55.0,1.1,3.632,0.0,3.632,1
2024-01-31 06:00:00,5.5,1017.3,2.3,88.0,3.2,3.422,0.0,3.422,1
2024-01-31 07:00:00,5.7,1017.2,1.8,70.0,2.7,3.104,0.0,3.104,1
2024-01-31 08:00:00,5.9,1016.5,1.7,85.0,3.0,2.72,0.0,2.72,1
2024-01-31 09:00:00,5.7,1016.0,4.2,95.0,6.7,2.497,0.0,2.497,1
2024-01-31 10:00:00,5.8,1015.9,3.7,77.0,5.7,2.352,0.0,2.352,1
2024-01-31 11:00:00,5.9,1016.0,3.8,89.0,6.7,2.434,0.0,2.434,1
2024-01-31 12:00:00,6.0,1016.7,3.7,86.0,5.5,2.644,0.0,2.644,1
2024-01-31 13:00:00,6.0,1017.0,4.0,78.0,6.8,2.913,0.0,2.913,1
2024-01-31 14:00:00,6.0,1017.0,5.4,73.0,7.4,3.248,0.0,3.248,1
2024-01-31 15:00:00,6.0,1017.6,3.7,75.0,5.5,3.386,0.0,3.386,1
2024-01-31 16:00:00,6.5,1017.2,3.7,74.0,5.7,3.517,0.0,3.517,1
2024-01-31 17:00:00,6.5,1016.5,4.6,71.0,6.8,3.54,0.0,3.54,1
2024-01-31 18:00:00,6.9,1016.2,4.3,66.0,7.7,3.36,0.0,3.36,1
2024-01-31 19:00:00,6.3,1016.4,4.4,26.0,8.2,2.884,0.0,2.884,1
2024-01-31 20:00:00,6.1,1016.5,5.5,28.0,7.6,2.461,0.0,2.461,1
2024-01-31 21:00:00,5.8,1017.0,2.6,40.0,4.8,2.103,0.0,2.103,1
2024-01-31 22:00:00,5.3,1016.9,3.9,33.0,5.9,1.972,0.0,1.972,1
2024-01-31 23:00:00,5.1,1017.0,3.7,32.0,6.4,1.995,0.0,1.995,1
2024-02-01 00:00:00,4.9,1017.4,4.6,26.0,7.6,2.083,0.0,2.083,1
2024-02-01 01:00:00,5.1,1017.2,2.4,70.0,3.9,2.398,0.0,2.398,1
2024-02-01 02:00:00,5.0,1017.5,3.8,27.0,5.5,2.769,0.0,2.769,1
2024-02-01 03:00:00,4.8,1017.5,1.2,58.0,1.9,3.028,0.0,3.028,1
2024-02-01 04:00:00,4.7,1017.7,2.5,27.0,2.9,3.251,0.0,3.251,1
2024-02-01 05:00:00,3.8,1017.3,1.8,340.0,2.1,3.314,0.0,3.314,1
2024-02-01 06:00:00,2.8,1016.8,1.2,334.0,1.5,3.146,0.0,3.146,1
2024-02-01 07:00:00,2.0,1017.1,1.1,343.0,1.4,2.966,0.0,2.966,1
2024-02-01 08:00:00,1.7,1016.6,1.4,322.0,1.6,2.621,0.0,2.621,1
2024-02-01 09:00:00,1.5,1016.8,1.3,356.0,1.6,2.3,0.0,2.3,1
2024-02-01 10:00:00,1.3,1016.8,1.7,333.0,1.9,1.985,0.0,1.985,1
2024-02-01 11:00:00,1.0,1017.3,1.3,338.0,1.8,1.87,0.0,1.87,1
2024-02-01 12:00:00,0.9,1017.7,1.5,317.0,1.9,1.916,0.0,1.916,1
2024-02-01 13:00:00,2.2,1018.5,1.9,301.0,2.6,2.09,0.0,2.09,1
2024-02-01 14:00:00,4.1,1018.7,2.1,286.0,2.9,2.421,0.0,2.421,1
2024-02-01 15:00:00,5.2,1018.3,2.6,263.0,3.4,2.638,0.0,2.638,1
2024-02-01 16:00:00,6.6,1017.4,2.2,239.0,3.0,2.861,0.0,2.861,1
2024-02-01 17:00:00,7.8,1016.4,2.5,332.0,3.5,2.874,0.0,2.874,1
2024-02-01 18:00:00,7.2,1015.0,3.9,178.0,5.0,2.785,0.0,2.785,1
2024-02-01 19:00:00,7.3,1013.9,3.2,191.0,4.6,2.635,0.0,2.635,1
2024-02-01 20:00:00,6.4,1013.6,5.5,206.0,6.6,2.205,0.0,2.205,1
2024-02-01 21:00:00,6.6,1013.4,4.0,209.0,5.0,1.955,0.0,1.955,1
2024-02-01 22:00:00,6.4,1013.3,4.9,205.0,5.8,1.644,0.0,1.644,1
2024-02-01 23:00:00,6.4,1013.0,4.4,219.0,5.0,1.562,0.0,1.562,1
2024-02-02 00:00:00,6.6,1012.8,4.2,226.0,5.0,1.519,0.0,1.519,1
2024-02-02 01:00:00,6.3,1012.7,4.8,212.0,5.3,1.742,0.0,1.742,1
2024-02-02 02:00:00,6.3,1012.5,4.6,206.0,5.3,2.051,0.0,2.051,1
2024-02-02 03:00:00,6.3,1012.3,5.5,211.0,6.2,2.51,0.0,2.51,1
2024-02-02 04:00:00,6.1,1011.7,4.8,204.0,5.6,2.72,0.0,2.72,1
2024-02-02 05:00:00,6.1,1011.1,5.0,207.0,5.8,2.89,0.0,2.89,1
2024-02-02 06:00:00,6.1,1010.4,4.4,199.0,5.3,2.913,0.0,2.913,1
2024-02-02 07:00:00,6.2,1009.9,4.1,199.0,5.0,2.841,0.0,2.841,1
2024-02-02 08:00:00,6.3,1008.9,5.1,207.0,5.8,2.602,0.0,2.602,1
2024-02-02 09:00:00,6.1,1008.2,3.0,229.0,3.5,2.372,0.0,2.372,1
2024-02-02 10:00:00,6.5,1008.2,1.3,241.0,1.8,2.047,0.0,2.047,1
2024-02-02 11:00:00,6.6,1008.3,2.5,310.0,3.4,1.837,0.0,1.837,1
2024-02-02 12:00:00,6.8,1008.3,3.6,353.0,4.3,1.69,0.0,1.69,1
2024-02-02 13:00:00,6.7,1008.6,3.4,349.0,4.2,1.791,0.0,1.791,1
2024-02-02 14:00:00,6.7,1008.8,3.6,353.0,4.1,2.139,0.0,2.139,1
2024-02-02 15:00:00,7.4,1009.0,3.7,349.0,4.6,2.444,0.0,2.444,1
2024-02-02 16:00:00,8.1,1008.9,3.8,354.0,4.7,2.612,0.0,2.612,1
2024-02-02 17:00:00,7.8,1008.8,4.7,323.0,5.6,2.815,0.0,2.815,1
2024-02-02 18:00:00,7.6,1008.5,5.7,340.0,6.9,2.835,0.0,2.835,1
2024-02-02 19:00:00,7.6,1008.2,7.1,359.0,8.1,2.762,0.0,2.762,1
2024-02-02 20:00:00,7.2,1008.7,6.5,6.0,8.1,2.526,0.0,2.526,1
2024-02-02 21:00:00,7.0,1009.5,7.2,5.0,9.7,2.159,0.0,2.159,1
2024-02-02 22:00:00,7.0,1010.5,8.5,9.0,11.1,1.87,0.0,1.87,1
2024-02-02 23:00:00,6.7,1011.3,10.0,13.0,13.0,1.693,0.0,1.693,1
2024-02-03 00:00:00,6.9,1012.0,6.7,1.0,9.7,1.542,0.0,1.542,1
2024-02-03 01:00:00,6.8,1012.6,6.0,8.0,7.2,1.824,0.0,1.824,1
2024-02-03 02:00:00,6.7,1013.0,5.5,10.0,7.4,2.188,0.0,2.188,1
2024-02-03 03:00:00,6.5,1013.0,6.8,8.0,8.1,2.523,0.0,2.523,1
2024-02-03 04:00:00,6.5,1013.3,6.9,12.0,9.6,2.91,0.0,2.91,1
2024-02-03 05:00:00,6.3,1013.3,8.7,11.0,10.8,3.196,0.0,3.196,1
2024-02-03 06:00:00,6.0,1013.5,7.3,10.0,9.4,3.343,0.0,3.343,1
2024-02-03 07:00:00,5.7,1013.9,6.6,12.0,9.2,3.34,0.0,3.34,1
2024-02-03 08:00:00,5.4,1014.2,5.3,11.0,7.3,3.35,0.0,3.35,1
2024-02-03 09:00:00,5.2,1014.3,5.9,9.0,6.7,3.241,0.0,3.241,1
2024-02-03 10:00:00,4.9,1014.5,7.1,12.0,9.1,2.979,0.0,2.979,1
2024-02-03 11:00:00,4.3,1015.1,5.0,5.0,6.3,2.47,0.0,2.47,1
2024-02-03 12:00:00,3.5,1015.9,3.6,350.0,4.7,2.306,0.0,2.306,1
2024-02-03 13:00:00,2.9,1016.3,4.9,7.0,5.8,2.359,0.0,2.359,1
2024-02-03 14:00:00,3.7,1016.6,4.6,8.0,5.1,2.53,0.0,2.53,1
2024-02-03 15:00:00,4.0,1016.5,4.4,7.0,5.7,2.635,0.0,2.635,1
2024-02-03 16:00:00,4.6,1016.8,4.0,33.0,7.1,2.867,0.0,2.867,1
2024-02-03 17:00:00,4.7,1016.4,4.0,27.0,6.2,3.038,0.0,3.038,1
2024-02-03 18:00:00,4.9,1015.7,4.1,26.0,6.3,3.13,0.0,3.13,1
2024-02-03 19:00:00,5.1,1015.1,4.0,27.0,5.6,3.153,0.0,3.153,1
2024-02-03 20:00:00,6.0,1015.1,3.5,28.0,4.7,3.071,0.0,3.071,1
2024-02-03 21:00:00,6.1,1014.9,4.6,26.0,6.7,2.874,0.0,2.874,1
2024-02-03 22:00:00,6.1,1014.8,3.6,13.0,4.4,2.5,0.0,2.5,1
2024-02-03 23:00:00,5.7,1015.3,2.0,7.0,2.3,2.257,0.0,2.257,1
2024-02-04 00:00:00,4.9,1015.6,1.7,313.0,2.0,1.995,0.0,1.995,1
2024-02-04 01:00:00,4.1,1015.8,1.3,314.0,1.6,2.024,0.0,2.024,1
2024-02-04 02:00:00,3.2,1016.0,0.2,318.0,0.5,1.998,0.0,1.998,1
2024-02-04 03:00:00,3.2,1016.0,0.7,7.0,1.1,2.385,0.0,2.385,1
2024-02-04 04:00:00,2.9,1015.8,1.0,5.0,1.3,2.73,0.0,2.73,1
2024-02-04 05:00:00,2.1,1015.5,0.9,3.0,1.0,2.966,0.0,2.966,1
2024-02-04 06:00:00,1.9,1015.2,1.6,316.0,2.3,3.222,0.0,3.222,1
2024-02-04 07:00:00,1.9,1015.1,2.0,346.0,2.3,3.419,0.0,3.419,1
2024-02-04 08:00:00,1.5,1014.6,2.1,327.0,2.6,3.448,0.0,3.448,1
2024-02-04 09:00:00,2.6,1014.3,3.0,8.0,3.4,3.488,0.0,3.488,1
2024-02-04 10:00:00,2.3,1014.4,1.6,351.0,2.8,3.304,0.0,3.304,1
2024-02-04 11:00:00,0.8,1015.1,1.8,328.0,2.1,2.904,0.0,2.904,1
2024-02-04 12:00:00,0.3,1015.8,2.2,335.0,2.7,2.585,0.0,2.585,1
2024-02-04 13:00:00,1.9,1016.0,3.5,11.0,4.0,2.388,0.0,2.388,1
2024-02-04 14:00:00,3.5,1016.1,3.9,19.0,5.1,2.372,0.0,2.372,1
2024-02-04 15:00:00,4.2,1015.6,5.2,26.0,6.3,2.474,0.0,2.474,1
2024-02-04 16:00:00,4.2,1015.4,3.2,27.0,4.7,2.687,0.0,2.687,1
2024-02-04 17:00:00,4.7,1014.8,4.4,70.0,6.2,2.923,0.0,2.923,1
2024-02-04 18:00:00,4.5,1013.9,3.9,67.0,5.9,3.064,0.0,3.064,1
2024-02-04 19:00:00,4.8,1013.4,3.9,72.0,5.3,3.222,0.0,3.222,1
2024-02-04 20:00:00,5.3,1012.8,2.5,77.0,4.0,3.245,0.0,3.245,1
2024-02-04 21:00:00,5.3,1012.5,2.9,87.0,4.3,3.196,0.0,3.196,1
2024-02-04 22:00:00,4.8,1012.7,1.2,89.0,1.7,3.097,0.0,3.097,1
2024-02-04 23:00:00,4.0,1013.2,2.3,225.0,2.8,2.7,0.0,2.7,1
2024-02-05 00:00:00,3.8,1012.8,0.0,172.0,0.0,2.346,0.0,2.346,1
2024-02-05 01:00:00,3.1,1012.2,0.5,5.0,0.9,2.162,0.0,2.162,1
2024-02-05 02:00:00,2.4,1012.2,2.0,254.0,2.2,2.126,0.0,2.126,1
2024-02-05 03:00:00,2.9,1012.2,1.2,260.0,1.6,2.175,0.0,2.175,1
2024-02-05 04:00:00,2.9,1011.5,0.7,35.0,1.5,2.546,0.0,2.546,1
2024-02-05 05:00:00,1.9,1011.1,1.1,284.0,1.4,2.969,0.0,2.969,1
2024-02-05 06:00:00,2.1,1011.0,1.0,253.0,1.3,3.133,0.0,3.133,1
2024-02-05 07:00:00,1.9,1010.9,2.5,261.0,2.8,3.396,0.0,3.396,1
2024-02-05 08:00:00,1.2,1010.8,3.0,303.0,3.9,3.638,0.0,3.638,1
2024-02-05 09:00:00,1.6,1010.1,3.2,305.0,3.9,3.727,0.0,3.727,1
2024-02-05 10:00:00,1.9,1009.9,3.4,335.0,4.4,3.678,0.0,3.678,1
2024-02-05 11:00:00,1.8,1010.2,2.4,338.0,2.9,3.415,0.0,3.415,1
2024-02-05 12:00:00,2.0,1010.5,4.0,0.0,4.8,2.976,0.0,2.976,1
2024-02-05 13:00:00,2.0,1011.4,3.8,7.0,4.6,2.671,0.0,2.671,1
2024-02-05 14:00:00,3.3,1011.7,4.2,10.0,4.9,2.47,0.0,2.47,1
2024-02-05 15:00:00,4.8,1012.0,4.1,37.0,5.6,2.346,0.0,2.346,1
2024-02-05 16:00:00,4.6,1012.5,4.1,30.0,6.3,2.415,0.0,2.415,1
2024-02-05 17:00:00,4.5,1011.9,4.8,26.0,7.3,2.612,0.0,2.612,1
2024-02-05 18:00:00,5.1,1011.4,3.2,64.0,5.7,2.917,0.0,2.917,1
2024-02-05 19:00:00,5.4,1011.2,3.3,66.0,6.4,3.127,0.0,3.127,1
2024-02-05 20:00:00,5.3,1011.3,3.0,74.0,5.4,3.284,0.0,3.284,1
2024-02-05 21:00:00,5.2,1011.8,3.2,68.0,5.7,3.333,0.0,3.333,1
2024-02-05 22:00:00,5.0,1011.9,2.2,63.0,4.0,3.291,0.0,3.291,1
2024-02-05 23:00:00,4.4,1012.5,1.7,69.0,2.6,3.123,0.0,3.123,1
2024-02-06 00:00:00,4.4,1013.0,2.2,66.0,3.4,2.657,0.0,2.657,1
2024-02-06 01:00:00,4.4,1013.3,2.1,68.0,3.5,2.369,0.0,2.369,1
2024-02-06 02:00:00,4.3,1013.7,1.4,56.0,2.8,2.172,0.0,2.172,1
2024-02-06 03:00:00,4.5,1013.8,1.9,64.0,3.1,2.119,0.0,2.119,1
2024-02-06 04:00:00,4.6,1013.9,2.6,73.0,4.4,2.343,0.0,2.343,1
2024-02-06 05:00:00,4.8,1014.4,2.4,71.0,4.0,2.766,0.0,2.766,1
2024-02-06 06:00:00,4.7,1014.7,3.2,52.0,6.2,3.077,0.0,3.077,1
2024-02-06 07:00:00,4.2,1014.8,3.2,33.0,5.0,3.442,0.0,3.442,1
2024-02-06 08:00:00,4.1,1014.8,2.5,37.0,5.6,3.776,0.0,3.776,1
2024-02-06 09:00:00,2.6,1015.0,4.5,1.0,5.5,3.97,0.0,3.97,1
2024-02-06 10:00:00,3.3,1015.3,5.5,33.0,7.8,4.085,0.0,4.085,1
2024-02-06 11:00:00,3.1,1016.0,4.8,33.0,7.8,4.065,0.0,4.065,1
2024-02-06 12:00:00,3.4,1016.7,5.5,30.0,8.7,3.832,0.0,3.832,1
2024-02-06 13:00:00,3.4,1017.5,5.2,29.0,7.5,3.396,0.0,3.396,1
2024-02-06 14:00:00,3.1,1018.0,5.7,28.0,7.9,2.815,0.0,2.815,1
2024-02-06 15:00:00,3.1,1018.4,7.2,30.0,9.9,2.497,0.0,2.497,1
2024-02-06 16:00:00,3.9,1018.6,6.4,30.0,9.1,2.343,0.0,2.343,1
2024-02-06 17:00:00,4.2,1018.4,5.9,33.0,8.7,2.461,0.0,2.461,1
2024-02-06 18:00:00,5.0,1018.4,3.9,35.0,8.5,2.625,0.0,2.625,1
2024-02-06 19:00:00,4.4,1018.6,3.6,69.0,6.6,3.025,0.0,3.025,1
2024-02-06 20:00:00,4.4,1018.9,2.9,62.0,7.0,3.186,0.0,3.186,1
2024-02-06 21:00:00,4.6,1019.4,3.4,70.0,5.4,3.346,0.0,3.346,1
2024-02-06 22:00:00,4.1,1020.0,2.9,65.0,5.6,3.392,0.0,3.392,1
2024-02-06 23:00:00,3.6,1020.5,2.0,64.0,5.6,3.386,0.0,3.386,1
2024-02-07 00:00:00,3.6,1021.0,2.7,66.0,4.7,3.143,0.0,3.143,1
2024-02-07 01:00:00,3.5,1020.8,3.2,63.0,5.8,2.651,0.0,2.651,1
2024-02-07 02:00:00,3.6,1020.8,2.9,57.0,5.5,2.287,0.0,2.287,1
2024-02-07 03:00:00,3.6,1020.9,2.5,54.0,5.4,1.962,0.0,1.962,1
2024-02-07 04:00:00,3.6,1021.0,3.1,65.0,5.5,2.051,0.0,2.051,1
2024-02-07 05:00:00,3.7,1021.3,2.3,52.0,5.9,2.221,0.0,2.221,1
2024-02-07 06:00:00,3.8,1021.1,2.5,55.0,5.3,2.667,0.0,2.667,1
2024-02-07 07:00:00,3.9,1021.1,2.5,38.0,4.1,3.081,0.0,3.081,1
2024-02-07 08:00:00,4.0,1021.2,3.4,31.0,6.3,3.438,0.0,3.438,1
2024-02-07 09:00:00,3.9,1021.3,4.9,29.0,7.3,3.76,0.0,3.76,1
2024-02-07 10:00:00,3.0,1022.0,3.7,11.0,4.4,4.009,0.0,4.009,1
2024-02-07 11:00:00,2.7,1022.2,4.1,349.0,5.2,4.039,0.0,4.039,1
2024-02-07 12:00:00,2.1,1023.0,5.9,355.0,7.2,3.976,0.0,3.976,1
2024-02-07 13:00:00,2.2,1023.8,5.6,4.0,7.3,3.72,0.0,3.72,1
2024-02-07 14:00:00,3.1,1024.1,5.7,9.0,7.2,3.11,0.0,3.11,1
2024-02-07 15:00:00,4.4,1024.3,3.1,46.0,7.3,2.569,0.0,2.569,1
2024-02-07 16:00:00,4.3,1024.7,6.1,30.0,9.1,2.241,0.0,2.241,1
2024-02-07 17:00:00,4.2,1024.5,4.8,23.0,6.8,2.103,0.0,2.103,1
2024-02-07 18:00:00,4.3,1023.8,5.7,19.0,8.3,2.152,0.0,2.152,1
2024-02-07 19:00:00,4.9,1023.5,4.0,36.0,7.7,2.395,0.0,2.395,1
2024-02-07 20:00:00,5.1,1023.3,4.0,63.0,6.3,2.772,0.0,2.772,1
2024-02-07 21:00:00,5.2,1023.3,3.1,67.0,4.3,3.097,0.0,3.097,1
2024-02-07 22:00:00,4.9,1024.1,1.7,47.0,3.3,3.271,0.0,3.271,1
2024-02-07 23:00:00,4.3,1024.2,2.4,68.0,3.7,3.346,0.0,3.346,1
2024-02-08 00:00:00,4.4,1024.3,2.4,80.0,3.3,3.173,0.0,3.173,1
2024-02-08 01:00:00,4.6,1024.9,2.4,78.0,3.2,2.844,0.0,2.844,1
2024-02-08 02:00:00,4.8,1025.1,2.2,71.0,2.6,2.306,0.0,2.306,1
2024-02-08 03:00:00,4.7,1025.4,1.3,84.0,1.8,1.864,0.0,1.864,1
2024-02-08 04:00:00,4.4,1024.9,1.6,105.0,2.2,1.617,0.0,1.617,1
2024-02-08 05:00:00,1.6,1024.8,0.3,318.0,0.7,1.535,0.0,1.535,1
2024-02-08 06:00:00,1.4,1025.0,0.3,329.0,0.6,1.752,0.0,1.752,1
2024-02-08 07:00:00,1.5,1025.4,1.2,330.0,1.4,2.162,0.0,2.162,1
2024-02-08 08:00:00,1.4,1025.2,1.1,342.0,1.3,2.776,0.0,2.776,1
2024-02-08 09:00:00,1.4,1025.3,0.7,13.0,1.1,3.061,0.0,3.061,1
2024-02-08 10:00:00,1.5,1024.7,0.9,317.0,1.1,3.481,0.0,3.481,1
2024-02-08 11:00:00,1.4,1025.4,0.9,338.0,1.2,3.622,0.0,3.622,1
2024-02-08 12:00:00,1.4,1025.8,1.2,316.0,1.7,3.675,0.0,3.675,1
2024-02-08 13:00:00,2.0,1026.5,0.0,336.0,0.6,3.504,0.0,3.504,1
2024-02-08 14:00:00,5.0,1026.3,0.1,193.0,0.3,3.081,0.0,3.081,1
2024-02-08 15:00:00,4.8,1025.9,1.4,125.0,1.7,2.405,0.0,2.405,1
2024-02-08 16:00:00,5.5,1026.2,1.4,156.0,2.3,1.916,0.0,1.916,1
2024-02-08 17:00:00,6.1,1025.7,1.6,188.0,2.1,1.572,0.0,1.572,1
2024-02-08 18:00:00,6.6,1024.6,2.0,163.0,3.1,1.427,0.0,1.427,1
2024-02-08 19:00:00,7.3,1024.1,2.5,174.0,3.7,1.562,0.0,1.562,1
2024-02-08 20:00:00,6.8,1024.2,3.0,187.0,4.2,1.955,0.0,1.955,1
2024-02-08 21:00:00,6.8,1024.2,2.9,192.0,3.6,2.402,0.0,2.402,1
2024-02-08 22:00:00,6.1,1024.0,3.3,189.0,4.0,2.848,0.0,2.848,1
2024-02-08 23:00:00,6.1,1023.9,3.6,209.0,4.1,3.048,0.0,3.048,1
2024-02-09 00:00:00,5.9,1024.0,2.6,193.0,4.0,2.963,0.0,2.963,1
2024-02-09 01:00:00,5.9,1023.7,2.8,193.0,3.7,2.772,0.0,2.772,1
2024-02-09 02:00:00,5.8,1023.2,3.2,181.0,4.1,2.303,0.0,2.303,1
2024-02-09 03:00:00,5.8,1023.0,3.4,192.0,4.5,1.821,0.0,1.821,1
2024-02-09 04:00:00,5.8,1023.3,3.3,198.0,4.2,1.263,0.0,1.263,1
2024-02-09 05:00:00,5.3,1023.2,1.8,206.0,2.1,0.938,0.0,0.938,1
2024-02-09 06:00:00,5.6,1022.3,2.0,187.0,2.6,0.83,0.0,0.83,1
2024-02-09 07:00:00,6.0,1020.9,3.6,171.0,5.1,1.148,0.0,1.148,1
2024-02-09 08:00:00,5.9,1021.1,2.5,220.0,3.0,1.864,0.0,1.864,1
2024-02-09 09:00:00,6.2,1021.1,3.4,213.0,3.8,2.48,0.0,2.48,1
2024-02-09 10:00:00,6.0,1020.5,2.1,206.0,2.4,2.923,0.0,2.923,1
2024-02-09 11:00:00,6.2,1020.4,3.7,189.0,4.8,3.304,0.0,3.304,1
2024-02-09 12:00:00,6.6,1020.4,3.8,184.0,5.4,3.533,0.0,3.533,1
2024-02-09 13:00:00,6.4,1019.9,3.1,186.0,4.2,3.563,0.0,3.563,1
2024-02-09 14:00:00,7.0,1020.9,4.5,223.0,5.2,3.34,0.0,3.34,1
2024-02-09 15:00:00,6.9,1020.1,4.1,196.0,5.2,2.799,0.0,2.799,1
2024-02-09 16:00:00,6.9,1019.2,5.1,205.0,6.0,2.09,0.0,2.09,1
2024-02-09 17:00:00,6.9,1017.8,5.5,201.0,6.7,1.512,0.0,1.512,1
2024-02-09 18:00:00,8.5,1017.1,7.2,218.0,8.7,1.296,0.0,1.296,1
2024-02-09 19:00:00,7.8,1016.1,4.3,193.0,6.1,1.224,0.0,1.224,1
2024-02-09 20:00:00,7.6,1015.4,5.6,200.0,6.5,1.463,0.0,1.463,1
2024-02-09 21:00:00,8.8,1015.7,6.6,218.0,7.5,2.054,0.0,2.054,1
2024-02-09 22:00:00,7.9,1015.3,5.7,215.0,6.3,2.513,0.0,2.513,1
2024-02-09 23:00:00,7.8,1015.1,4.8,227.0,5.9,2.871,0.0,2.871,1
2024-02-10 00:00:00,7.1,1015.3,1.9,221.0,2.0,3.133,0.0,3.133,1
2024-02-10 01:00:00,7.2,1015.2,3.4,215.0,3.7,3.071,0.0,3.071,1
2024-02-10 02:00:00,7.2,1015.3,2.3,219.0,2.8,2.831,0.0,2.831,1
2024-02-10 03:00:00,7.1,1015.0,1.6,224.0,1.8,2.32,0.0,2.32,1
2024-02-10 04:00:00,8.5,1014.6,2.4,229.0,3.1,1.768,0.0,1.768,1
2024-02-10 05:00:00,7.6,1014.1,3.3,222.0,4.2,1.168,0.0,1.168,1
2024-02-10 06:00:00,6.7,1013.4,3.3,193.0,4.1,0.853,0.0,0.853,1
2024-02-10 07:00:00,6.8,1013.0,3.5,207.0,4.2,0.869,0.0,0.869,1
2024-02-10 08:00:00,7.5,1012.8,2.9,241.0,3.6,1.23,0.0,1.23,1
2024-02-10 09:00:00,6.9,1012.1,1.1,227.0,1.6,2.031,0.0,2.031,1
2024-02-10 10:00:00,7.1,1012.1,1.9,227.0,2.6,2.585,0.0,2.585,1
2024-02-10 11:00:00,8.4,1012.3,2.4,207.0,2.7,3.087,0.0,3.087,1
2024-02-10 12:00:00,8.2,1012.4,2.0,220.0,2.4,3.488,0.0,3.488,1
2024-02-10 13:00:00,8.3,1012.6,2.4,211.0,2.6,3.681,0.0,3.681,1
2024-02-10 14:00:00,9.4,1012.7,2.1,230.0,3.5,3.655,0.0,3.655,1
2024-02-10 15:00:00,13.1,1012.0,3.3,272.0,4.3,3.343,0.0,3.343,1
2024-02-10 16:00:00,10.9,1012.1,3.8,209.0,4.7,2.733,0.0,2.733,1
2024-02-10 17:00:00,9.1,1011.9,1.8,196.0,3.1,2.051,0.0,2.051,1
2024-02-10 18:00:00,15.5,1011.1,2.5,273.0,4.3,1.46,0.0,1.46,1
2024-02-10 19:00:00,16.9,1010.4,4.7,290.0,6.2,1.099,0.0,1.099,1
2024-02-10 20:00:00,15.3,1010.8,3.8,258.0,4.6,1.158,0.0,1.158,1
2024-02-10 21:00:00,10.6,1008.6,5.8,191.0,7.7,1.44,0.0,1.44,1
2024-02-10 22:00:00,10.4,1009.5,3.4,226.0,4.5,2.192,0.0,2.192,1
2024-02-10 23:00:00,9.4,1010.2,4.0,210.0,4.4,2.867,0.0,2.867,1
2024-02-11 00:00:00,9.1,1009.9,4.4,208.0,4.8,3.107,0.0,3.107,1
2024-02-11 01:00:00,9.7,1010.0,2.3,234.0,3.1,3.251,0.0,3.251,1
2024-02-11 02:00:00,9.1,1010.0,2.7,214.0,3.0,3.117,0.0,3.117,1
2024-02-11 03:00:00,8.3,1010.4,1.7,230.0,2.5,2.894,0.0,2.894,1
2024-02-11 04:00:00,12.5,1010.5,4.9,266.0,5.9,2.343,0.0,2.343,1
2024-02-11 05:00:00,13.0,1010.1,3.8,275.0,5.2,1.703,0.0,1.703,1
2024-02-11 06:00:00,9.6,1010.0,2.2,200.0,2.9,1.083,0.0,1.083,1
2024-02-11 07:00:00,8.8,1010.5,1.9,205.0,2.2,0.735,0.0,0.735,1
2024-02-11 08:00:00,10.5,1010.4,2.3,212.0,3.5,0.804,0.0,0.804,1
2024-02-11 09:00:00,13.1,1009.9,3.3,311.0,4.7,1.385,0.0,1.385,1
2024-02-11 10:00:00,10.0,1010.8,3.2,229.0,3.8,1.955,0.0,1.955,1
2024-02-11 11:00:00,10.4,1011.0,0.3,251.0,0.7,2.612,0.0,2.612,1
2024-02-11 12:00:00,11.6,1010.9,0.8,286.0,0.9,3.114,0.0,3.114,1
2024-02-11 13:00:00,10.4,1011.6,2.2,6.0,2.4,3.53,0.0,3.53,1
2024-02-11 14:00:00,10.8,1012.1,1.7,13.0,1.8,3.681,0.0,3.681,1
2024-02-11 15:00:00,10.1,1012.3,2.4,25.0,2.9,3.547,0.0,3.547,1
2024-02-11 16:00:00,10.9,1012.1,2.5,49.0,4.1,3.179,0.0,3.179,1
2024-02-11 17:00:00,10.5,1011.5,1.7,71.0,4.0,2.428,0.0,2.428,1
2024-02-11 18:00:00,7.3,1008.5,5.4,94.0,7.8,1.775,0.0,1.775,1
2024-02-11 19:00:00,7.7,1010.5,1.8,46.0,2.8,1.217,0.0,1.217,1
2024-02-11 20:00:00,7.3,1011.4,3.5,30.0,5.0,1.122,0.0,1.122,1
2024-02-11 21:00:00,6.4,1011.4,5.0,32.0,7.5,1.181,0.0,1.181,1
2024-02-11 22:00:00,6.6,1010.1,2.3,63.0,4.8,1.581,0.0,1.581,1
2024-02-11 23:00:00,6.9,1010.5,2.7,68.0,4.1,2.448,0.0,2.448,1
2024-02-12 00:00:00,7.2,1011.3,1.8,36.0,4.6,2.864,0.0,2.864,1
2024-02-12 01:00:00,7.3,1012.0,2.0,39.0,2.9,3.219,0.0,3.219,1
2024-02-12 02:00:00,7.0,1011.8,0.8,64.0,1.8,3.33,0.0,3.33,1
2024-02-12 03:00:00,7.0,1012.3,1.2,4.0,1.4,3.258,0.0,3.258,1
2024-02-12 04:00:00,7.0,1012.5,1.1,5.0,1.2,3.035,0.0,3.035,1
2024-02-12 05:00:00,7.2,1011.6,0.6,15.0,0.8,2.326,0.0,2.326,1
2024-02-12 06:00:00,7.0,1011.0,2.8,7.0,3.3,1.68,0.0,1.68,1
2024-02-12 07:00:00,6.8,1011.5,1.2,345.0,1.5,1.171,0.0,1.171,1
2024-02-12 08:00:00,6.6,1011.4,0.4,304.0,1.0,0.919,0.0,0.919,1
2024-02-12 09:00:00,6.6,1010.9,1.3,30.0,1.8,0.928,0.0,0.928,1
2024-02-12 10:00:00,6.8,1011.7,0.3,324.0,0.7,1.378,0.0,1.378,1
2024-02-12 11:00:00,6.9,1011.8,1.8,16.0,2.3,2.087,0.0,2.087,1
2024-02-12 12:00:00,6.8,1011.6,2.1,15.0,2.7,2.651,0.0,2.651,1
2024-02-12 13:00:00,6.9,1012.3,1.2,355.0,1.4,3.136,0.0,3.136,1
2024-02-12 14:00:00,7.0,1012.8,1.5,27.0,1.9,3.497,0.0,3.497,1
2024-02-12 15:00:00,7.2,1011.6,1.9,61.0,3.0,3.543,0.0,3.543,1
2024-02-12 16:00:00,7.7,1011.3,1.8,71.0,2.7,3.363,0.0,3.363,1
2024-02-12 17:00:00,7.4,1010.8,2.3,67.0,4.5,3.009,0.0,3.009,1
2024-02-12 18:00:00,7.4,1009.4,2.1,69.0,3.8,2.129,0.0,2.129,1
2024-02-12 19:00:00,7.1,1009.3,2.0,62.0,3.2,1.611,0.0,1.611,1
2024-02-12 20:00:00,6.9,1009.4,1.3,82.0,1.9,1.178,0.0,1.178,1
2024-02-12 21:00:00,6.5,1008.3,2.0,105.0,3.4,1.099,0.0,1.099,1
2024-02-12 22:00:00,6.6,1008.5,1.8,120.0,2.8,1.286,0.0,1.286,1
2024-02-12 23:00:00,6.6,1008.1,1.1,38.0,1.9,1.913,0.0,1.913,1
2024-02-13 00:00:00,6.7,1007.0,2.1,72.0,3.1,2.592,0.0,2.592,1
2024-02-13 01:00:00,6.8,1007.1,3.1,77.0,5.0,3.025,0.0,3.025,1
2024-02-13 02:00:00,6.5,1005.9,3.8,86.0,5.9,3.409,0.0,3.409,1
2024-02-13 03:00:00,6.3,1004.1,4.7,93.0,6.7,3.537,0.0,3.537,1
2024-02-13 04:00:00,6.2,1002.7,3.5,87.0,5.3,3.547,0.0,3.547,1
2024-02-13 05:00:00,6.3,1002.0,3.5,82.0,5.5,3.304,0.0,3.304,1
2024-02-13 06:00:00,6.3,999.6,5.0,81.0,7.1,2.812,0.0,2.812,1
2024-02-13 07:00:00,6.3,998.0,5.6,85.0,7.8,2.024,0.0,2.024,1
2024-02-13 08:00:00,6.5,995.9,3.5,92.0,5.3,1.85,0.0,1.85,1
2024-02-13 09:00:00,6.5,992.3,6.0,86.0,10.0,1.745,0.0,1.745,1
2024-02-13 10:00:00,6.7,991.2,3.0,36.0,5.4,1.916,0.0,1.916,1
2024-02-13 11:00:00,6.4,990.9,4.0,32.0,6.6,2.48,0.0,2.48,1
2024-02-13 12:00:00,6.0,990.3,6.2,26.0,9.1,3.028,0.0,3.028,1
2024-02-13 13:00:00,5.6,989.8,5.7,38.0,10.4,3.612,0.0,3.612,1
2024-02-13 14:00:00,5.0,991.4,10.3,27.0,14.3,4.088,0.0,4.088,1
2024-02-13 15:00:00,4.4,994.2,10.5,345.0,12.6,4.262,0.0,4.262,1
2024-02-13 16:00:00,3.4,997.1,9.8,343.0,14.1,4.147,0.0,4.147,1
2024-02-13 17:00:00,3.8,999.7,9.0,337.0,10.9,3.953,0.0,3.953,1
2024-02-13 18:00:00,4.3,1000.9,10.0,335.0,14.2,3.35,0.0,3.35,1
2024-02-13 19:00:00,4.6,1002.4,8.3,334.0,11.2,2.677,0.0,2.677,1
2024-02-13 20:00:00,5.7,1003.5,8.5,332.0,11.1,2.116,0.0,2.116,1
2024-02-13 21:00:00,6.1,1004.9,10.3,328.0,15.9,1.808,0.0,1.808,1
2024-02-13 22:00:00,6.0,1006.5,7.3,331.0,9.3,1.759,0.0,1.759,1
2024-02-13 23:00:00,5.8,1008.5,4.9,332.0,5.9,2.028,0.0,2.028,1
2024-02-14 00:00:00,5.7,1010.0,4.6,316.0,6.1,2.392,0.0,2.392,1
2024-02-14 01:00:00,5.5,1011.1,4.0,312.0,5.5,2.94,0.0,2.94,1
2024-02-14 02:00:00,4.3,1011.8,1.5,283.0,2.8,3.369,0.0,3.369,1
2024-02-14 03:00:00,3.8,1012.1,2.6,264.0,3.2,3.668,0.0,3.668,1
2024-02-14 04:00:00,3.4,1012.3,1.1,290.0,2.6,3.78,0.0,3.78,1
2024-02-14 05:00:00,4.0,1012.4,1.5,279.0,2.4,3.622,0.0,3.622,1
2024-02-14 06:00:00,3.8,1013.1,1.4,287.0,2.7,3.307,0.0,3.307,1
2024-02-14 07:00:00,4.1,1013.7,3.0,300.0,4.2,2.697,0.0,2.697,1
2024-02-14 08:00:00,4.8,1013.8,3.9,316.0,5.2,2.175,0.0,2.175,1
2024-02-14 09:00:00,4.5,1014.2,3.9,320.0,5.9,1.637,0.0,1.637,1
2024-02-14 10:00:00,4.8,1014.8,4.6,328.0,5.8,1.365,0.0,1.365,1
2024-02-14 11:00:00,4.3,1015.3,4.0,322.0,5.2,1.381,0.0,1.381,1
2024-02-14 12:00:00,4.2,1015.8,8.1,338.0,10.8,1.709,0.0,1.709,1
2024-02-14 13:00:00,4.3,1016.6,7.5,334.0,9.4,2.297,0.0,2.297,1
2024-02-14 14:00:00,4.7,1017.0,9.7,331.0,15.7,2.785,0.0,2.785,1
2024-02-14 15:00:00,4.8,1017.2,11.3,333.0,14.3,3.091,0.0,3.091,1
2024-02-14 16:00:00,4.7,1017.8,7.2,338.0,9.6,3.228,0.0,3.228,1
2024-02-14 17:00:00,4.7,1017.5,8.6,336.0,11.1,3.192,0.0,3.192,1
2024-02-14 18:00:00,5.1,1017.2,6.5,318.0,8.5,2.91,0.0,2.91,1
2024-02-14 19:00:00,5.3,1017.1,7.4,335.0,9.7,2.316,0.0,2.316,1
2024-02-14 20:00:00,5.6,1017.4,7.2,328.0,10.7,1.785,0.0,1.785,1
2024-02-14 21:00:00,5.6,1017.9,5.5,311.0,7.1,1.23,0.0,1.23,1
2024-02-14 22:00:00,5.4,1018.4,6.5,328.0,9.8,1.007,0.0,1.007,1
2024-02-14 23:00:00,4.7,1019.5,3.9,337.0,4.9,1.158,0.0,1.158,1
2024-02-15 00:00:00,4.2,1020.4,4.8,11.0,5.5,1.355,0.0,1.355,1
2024-02-15 01:00:00,3.3,1020.8,2.7,323.0,3.3,1.804,0.0,1.804,1
2024-02-15 02:00:00,3.0,1020.9,2.9,347.0,3.3,2.362,0.0,2.362,1
2024-02-15 03:00:00,2.0,1021.0,2.0,318.0,2.5,2.772,0.0,2.772,1
2024-02-15 04:00:00,2.1,1021.1,2.3,324.0,3.8,3.11,0.0,3.11,1
2024-02-15 05:00:00,2.1,1021.5,4.5,359.0,5.6,3.12,0.0,3.12,1
2024-02-15 06:00:00,2.1,1021.8,5.5,349.0,6.9,2.943,0.0,2.943,1
2024-02-15 07:00:00,1.4,1022.4,4.7,335.0,5.8,2.589,0.0,2.589,1
2024-02-15 08:00:00,0.9,1022.9,3.5,339.0,4.2,1.962,0.0,1.962,1
2024-02-15 09:00:00,1.3,1022.8,4.6,352.0,6.0,1.325,0.0,1.325,1
2024-02-15 10:00:00,1.0,1023.0,4.2,348.0,5.0,0.925,0.0,0.925,1
2024-02-15 11:00:00,0.4,1023.3,2.9,343.0,3.6,0.741,0.0,0.741,1
2024-02-15 12:00:00,0.1,1022.7,2.1,321.0,2.5,0.764,0.0,0.764,1
2024-02-15 13:00:00,0.4,1023.5,2.3,309.0,2.7,1.089,0.0,1.089,1
2024-02-15 14:00:00,1.3,1023.6,2.0,336.0,2.6,1.509,0.0,1.509,1
2024-02-15 15:00:00,1.9,1023.3,2.8,5.0,3.6,2.011,0.0,2.011,1
2024-02-15 16:00:00,2.5,1022.9,3.3,17.0,3.7,2.356,0.0,2.356,1
2024-02-15 17:00:00,3.6,1021.3,2.3,139.0,3.2,2.425,0.0,2.425,1
2024-02-15 18:00:00,3.3,1019.6,3.4,170.0,4.7,2.254,0.0,2.254,1
2024-02-15 19:00:00,3.8,1017.9,4.7,191.0,6.1,2.123,0.0,2.123,1
2024-02-15 20:00:00,3.4,1017.0,7.5,202.0,9.3,1.637,0.0,1.637,1
2024-02-15 21:00:00,4.4,1015.0,7.9,196.0,10.4,1.286,0.0,1.286,1
2024-02-15 22:00:00,4.6,1013.8,9.3,203.0,11.4,0.817,0.0,0.817,1
2024-02-15 23:00:00,5.1,1013.3,9.7,206.0,11.4,0.761,0.0,0.761,1
2024-02-16 00:00:00,5.8,1012.2,9.9,206.0,12.8,0.83,0.0,0.83,1
2024-02-16 01:00:00,6.3,1010.6,9.4,209.0,11.4,1.132,0.0,1.132,1
2024-02-16 02:00:00,6.2,1009.7,5.7,220.0,6.6,1.68,0.0,1.68,1
2024-02-16 03:00:00,7.3,1008.7,6.7,231.0,8.8,2.293,0.0,2.293,1
2024-02-16 04:00:00,7.3,1007.7,4.2,239.0,5.5,2.621,0.0,2.621,1
2024-02-16 05:00:00,7.5,1007.7,3.5,267.0,4.6,2.838,0.0,2.838,1
2024-02-16 06:00:00,6.8,1008.2,2.5,296.0,3.4,2.841,0.0,2.841,1
2024-02-16 07:00:00,7.9,1009.0,4.5,310.0,5.9,2.808,0.0,2.808,1
2024-02-16 08:00:00,7.6,1009.7,7.3,334.0,9.3,2.533,0.0,2.533,1
2024-02-16 09:00:00,6.5,1010.5,4.5,339.0,5.8,2.077,0.0,2.077,1
2024-02-16 10:00:00,6.3,1011.7,6.8,336.0,8.5,1.407,0.0,1.407,1
2024-02-16 11:00:00,6.8,1011.9,10.8,334.0,16.3,0.991,0.0,0.991,1
2024-02-16 12:00:00,6.0,1013.4,6.0,337.0,7.9,0.843,0.0,0.843,1
2024-02-16 13:00:00,5.8,1014.3,8.0,334.0,10.9,0.827,0.0,0.827,1
2024-02-16 14:00:00,5.6,1015.2,6.1,336.0,8.5,1.06,0.0,1.06,1
2024-02-16 15:00:00,5.6,1015.6,6.4,332.0,9.7,1.572,0.0,1.572,1
2024-02-16 16:00:00,5.5,1015.4,7.2,328.0,9.0,1.88,0.0,1.88,1
2024-02-16 17:00:00,5.8,1015.1,4.4,314.0,6.4,2.162,0.0,2.162,1
2024-02-16 18:00:00,5.9,1014.1,4.5,307.0,6.0,2.264,0.0,2.264,1
2024-02-16 19:00:00,6.2,1013.5,3.3,297.0,5.2,2.149,0.0,2.149,1
2024-02-16 20:00:00,6.4,1013.8,4.7,322.0,6.2,2.001,0.0,2.001,1
2024-02-16 21:00:00,6.5,1013.8,3.4,306.0,4.5,1.578,0.0,1.578,1
2024-02-16 22:00:00,6.0,1013.7,2.9,294.0,3.8,1.106,0.0,1.106,1
2024-02-16 23:00:00,5.6,1013.5,2.8,328.0,3.2,0.735,0.0,0.735,1
2024-02-17 00:00:00,5.6,1013.1,1.0,11.0,1.3,0.525,0.0,0.525,1
2024-02-17 01:00:00,5.5,1012.4,2.1,71.0,2.9,0.617,0.0,0.617,1
2024-02-17 02:00:00,5.6,1011.7,2.1,74.0,3.5,0.948,0.0,0.948,1
2024-02-17 03:00:00,5.5,1010.9,2.8,144.0,4.4,1.486,0.0,1.486,1
2024-02-17 04:00:00,5.6,1010.0,4.2,152.0,6.4,1.955,0.0,1.955,1
2024-02-17 05:00:00,6.0,1008.7,5.9,158.0,7.7,2.316,0.0,2.316,1
2024-02-17 06:00:00,6.1,1007.5,4.2,163.0,6.5,2.612,0.0,2.612,1
2024-02-17 07:00:00,6.2,1005.1,4.4,136.0,6.9,2.74,0.0,2.74,1
2024-02-17 08:00:00,5.7,1002.7,4.3,88.0,7.4,2.799,0.0,2.799,1
2024-02-17 09:00:00,3.6,1003.7,6.4,29.0,9.3,2.73,0.0,2.73,1
2024-02-17 10:00:00,1.9,1003.2,3.7,60.0,7.9,2.395,0.0,2.395,1
2024-02-17 11:00:00,2.4,1003.0,4.8,31.0,6.4,1.68,0.0,1.68,1
2024-02-17 12:00:00,2.8,1004.1,5.0,32.0,7.5,1.204,0.0,1.204,1
2024-02-17 13:00:00,2.7,1005.6,4.3,356.0,5.2,1.26,0.0,1.26,1
2024-02-17 14:00:00,2.5,1006.9,5.3,355.0,6.3,1.444,0.0,1.444,1
2024-02-17 15:00:00,1.8,1007.9,5.4,345.0,7.1,1.768,0.0,1.768,1
2024-02-17 16:00:00,2.6,1008.5,7.4,333.0,9.4,2.014,0.0,2.014,1
2024-02-17 17:00:00,3.3,1008.0,8.4,337.0,10.6,2.392,0.0,2.392,1
2024-02-17 18:00:00,3.3,1008.3,6.2,332.0,7.6,2.631,0.0,2.631,1
2024-02-17 19:00:00,3.1,1008.4,8.7,349.0,11.0,2.785,0.0,2.785,1
2024-02-17 20:00:00,2.8,1008.9,6.8,349.0,9.0,2.674,0.0,2.674,1
2024-02-17 21:00:00,3.3,1009.5,8.0,333.0,9.8,2.454,0.0,2.454,1
2024-02-17 22:00:00,2.5,1010.6,6.2,325.0,8.1,2.064,0.0,2.064,1
2024-02-17 23:00:00,2.1,1011.6,6.4,329.0,8.6,1.709,0.0,1.709,1
2024-02-18 00:00:00,1.7,1012.6,3.2,318.0,4.4,1.401,0.0,1.401,1
2024-02-18 01:00:00,1.1,1013.7,2.5,304.0,3.1,1.28,0.0,1.28,1
2024-02-18 02:00:00,1.0,1014.4,4.1,323.0,5.4,1.312,0.0,1.312,1
2024-02-18 03:00:00,0.2,1014.8,1.5,307.0,1.9,1.552,0.0,1.552,1
2024-02-18 04:00:00,0.1,1014.6,1.8,287.0,2.6,2.037,0.0,2.037,1
2024-02-18 05:00:00,-0.3,1014.5,1.8,277.0,2.3,2.408,0.0,2.408,1
2024-02-18 06:00:00,-0.8,1014.6,2.3,290.0,2.8,2.749,0.0,2.749,1
2024-02-18 07:00:00,-1.0,1015.2,1.9,284.0,2.6,2.953,0.0,2.953,1
2024-02-18 08:00:00,-1.2,1015.5,1.9,301.0,2.2,3.054,0.0,3.054,1
2024-02-18 09:00:00,-1.0,1015.6,1.5,272.0,2.1,2.999,0.0,2.999,1
2024-02-18 10:00:00,-1.4,1015.4,2.2,260.0,2.6,2.854,0.0,2.854,1
2024-02-18 11:00:00,-1.7,1015.5,2.9,246.0,3.5,2.503,0.0,2.503,1
2024-02-18 12:00:00,-1.3,1015.8,2.4,252.0,3.0,1.923,0.0,1.923,1
2024-02-18 13:00:00,-0.3,1016.3,2.3,239.0,2.8,1.578,0.0,1.578,1
2024-02-18 14:00:00,0.5,1016.3,2.8,250.0,3.7,1.44,0.0,1.44,1
2024-02-18 15:00:00,1.9,1015.8,5.2,244.0,6.6,1.296,0.0,1.296,1
2024-02-18 16:00:00,2.9,1015.4,6.0,263.0,7.5,1.339,0.0,1.339,1
2024-02-18 17:00:00,4.1,1014.1,4.9,264.0,6.8,1.588,0.0,1.588,1
2024-02-18 18:00:00,4.7,1012.7,5.5,243.0,7.0,1.804,0.0,1.804,1
2024-02-18 19:00:00,4.8,1012.0,7.9,236.0,9.5,1.982,0.0,1.982,1
2024-02-18 20:00:00,5.5,1011.5,7.4,227.0,9.6,1.969,0.0,1.969,1
2024-02-18 21:00:00,5.6,1010.9,6.8,237.0,8.7,1.752,0.0,1.752,1
2024-02-18 22:00:00,5.3,1010.6,7.0,243.0,8.6,1.552,0.0,1.552,1
2024-02-18 23:00:00,4.8,1010.9,3.6,236.0,4.4,1.299,0.0,1.299,1
2024-02-19 00:00:00,4.7,1011.7,4.1,232.0,5.0,0.889,0.0,0.889,1
2024-02-19 01:00:00,5.0,1012.2,4.3,233.0,5.0,0.43,0.0,0.43,1
2024-02-19 02:00:00,4.6,1012.7,2.7,251.0,3.5,0.259,0.0,0.259,1
2024-02-19 03:00:00,4.4,1013.2,3.6,241.0,4.6,0.243,0.0,0.243,1
2024-02-19 04:00:00,4.2,1013.9,3.3,246.0,4.2,0.44,0.0,0.44,1
2024-02-19 05:00:00,3.5,1014.8,2.3,282.0,2.9,0.833,0.0,0.833,1
2024-02-19 06:00:00,2.7,1015.2,2.4,271.0,2.8,1.24,0.0,1.24,1
2024-02-19 07:00:00,2.8,1015.0,2.7,302.0,3.6,1.614,0.0,1.614,1
2024-02-19 08:00:00,3.7,1015.7,3.8,333.0,4.6,1.87,0.0,1.87,1
2024-02-19 09:00:00,2.7,1016.3,1.6,294.0,2.3,1.89,0.0,1.89,1
2024-02-19 10:00:00,3.0,1016.8,4.0,336.0,4.9,1.936,0.0,1.936,1
2024-02-19 11:00:00,2.7,1018.1,3.8,6.0,4.7,1.768,0.0,1.768,1
2024-02-19 12:00:00,2.1,1019.2,1.5,13.0,2.0,1.329,0.0,1.329,1
2024-02-19 13:00:00,2.9,1020.2,2.4,360.0,3.0,0.961,0.0,0.961,1
2024-02-19 14:00:00,3.7,1020.8,4.7,7.0,5.9,0.663,0.0,0.663,1
2024-02-19 15:00:00,4.2,1020.9,5.5,11.0,7.5,0.453,0.0,0.453,1
2024-02-19 16:00:00,4.7,1021.2,3.7,28.0,5.0,0.443,0.0,0.443,1
2024-02-19 17:00:00,5.1,1020.8,3.1,26.0,4.6,0.673,0.0,0.673,1
2024-02-19 18:00:00,5.3,1020.3,4.0,66.0,7.1,1.096,0.0,1.096,1
2024-02-19 19:00:00,5.5,1020.2,3.7,67.0,6.2,1.49,0.0,1.49,1
2024-02-19 20:00:00,5.5,1020.1,3.8,77.0,5.7,1.742,0.0,1.742,1
2024-02-19 21:00:00,5.7,1020.6,3.5,78.0,4.6,1.778,0.0,1.778,1
2024-02-19 22:00:00,5.7,1021.0,2.8,84.0,4.1,1.791,0.0,1.791,1
2024-02-19 23:00:00,4.6,1022.1,1.5,112.0,2.3,1.742,0.0,1.742,1
2024-02-20 00:00:00,4.4,1023.1,1.2,129.0,1.8,1.342,0.0,1.342,1
2024-02-20 01:00:00,3.7,1023.9,1.2,243.0,1.5,0.833,0.0,0.833,1
2024-02-20 02:00:00,3.1,1024.9,0.9,234.0,1.3,0.525,0.0,0.525,1
2024-02-20 03:00:00,3.4,1024.9,0.8,6.0,0.9,0.312,0.0,0.312,1
2024-02-20 04:00:00,1.1,1025.1,0.9,326.0,1.2,0.469,0.0,0.469,1
2024-02-20 05:00:00,0.8,1025.2,0.6,341.0,0.9,0.817,0.0,0.817,1
2024-02-20 06:00:00,1.3,1025.2,1.5,353.0,1.9,1.207,0.0,1.207,1
2024-02-20 07:00:00,2.0,1025.2,1.7,27.0,1.9,1.759,0.0,1.759,1
2024-02-20 08:00:00,1.9,1025.4,0.9,348.0,1.2,2.126,0.0,2.126,1
2024-02-20 09:00:00,1.3,1025.4,1.3,8.0,1.8,2.375,0.0,2.375,1
2024-02-20 10:00:00,4.3,1026.1,2.0,78.0,3.1,2.536,0.0,2.536,1
2024-02-20 11:00:00,4.5,1026.9,3.8,78.0,5.8,2.543,0.0,2.543,1
2024-02-20 12:00:00,4.3,1027.8,3.6,81.0,5.2,2.27,0.0,2.27,1
2024-02-20 13:00:00,5.1,1028.8,3.9,82.0,5.5,2.011,0.0,2.011,1
2024-02-20 14:00:00,5.4,1029.4,4.8,79.0,7.2,1.545,0.0,1.545,1
2024-02-20 15:00:00,5.9,1029.9,3.4,87.0,5.8,1.178,0.0,1.178,1
2024-02-20 16:00:00,5.8,1030.0,3.9,71.0,6.2,0.971,0.0,0.971,1
2024-02-20 17:00:00,6.2,1029.9,3.7,73.0,5.6,1.033,0.0,1.033,1
2024-02-20 18:00:00,6.0,1029.4,4.0,70.0,5.9,1.217,0.0,1.217,1
2024-02-20 19:00:00,6.0,1029.0,3.6,76.0,6.6,1.604,0.0,1.604,1
2024-02-20 20:00:00,5.2,1029.0,4.5,81.0,7.2,1.89,0.0,1.89,1
2024-02-20 21:00:00,4.7,1028.9,4.0,74.0,6.0,2.113,0.0,2.113,1
2024-02-20 22:00:00,3.9,1028.7,4.9,68.0,7.7,2.274,0.0,2.274,1
2024-02-20 23:00:00,3.5,1028.5,5.2,81.0,7.4,2.247,0.0,2.247,1
2024-02-21 00:00:00,3.5,1029.0,4.2,85.0,6.5,2.142,0.0,2.142,1
2024-02-21 01:00:00,3.5,1029.2,3.8,75.0,5.6,1.693,0.0,1.693,1
2024-02-21 02:00:00,3.5,1029.5,4.3,72.0,5.9,1.253,0.0,1.253,1
2024-02-21 03:00:00,3.6,1029.8,3.5,69.0,5.7,0.896,0.0,0.896,1
2024-02-21 04:00:00,3.5,1029.5,4.1,82.0,5.9,0.764,0.0,0.764,1
2024-02-21 05:00:00,3.3,1029.2,3.6,77.0,5.5,0.879,0.0,0.879,1
2024-02-21 06:00:00,3.2,1028.8,5.1,71.0,7.5,1.25,0.0,1.25,1
2024-02-21 07:00:00,3.2,1028.7,4.0,79.0,5.7,1.732,0.0,1.732,1
2024-02-21 08:00:00,3.2,1028.6,3.1,73.0,4.6,2.152,0.0,2.152,1
2024-02-21 09:00:00,3.3,1028.0,3.4,70.0,5.2,2.516,0.0,2.516,1
2024-02-21 10:00:00,3.3,1028.1,4.3,78.0,6.1,2.779,0.0,2.779,1
2024-02-21 11:00:00,3.6,1028.1,3.4,73.0,5.4,2.894,0.0,2.894,1
2024-02-21 12:00:00,4.0,1028.0,4.3,68.0,6.2,2.881,0.0,2.881,1
2024-02-21 13:00:00,4.5,1028.4,3.6,82.0,5.3,2.631,0.0,2.631,1
2024-02-21 14:00:00,5.3,1028.5,2.4,69.0,4.5,2.329,0.0,2.329,1
2024-02-21 15:00:00,5.8,1028.8,3.8,68.0,6.5,1.69,0.0,1.69,1
2024-02-21 16:00:00,6.0,1028.2,4.5,71.0,6.4,1.296,0.0,1.296,1
2024-02-21 17:00:00,6.1,1027.4,4.9,75.0,6.9,1.158,0.0,1.158,1
2024-02-21 18:00:00,5.5,1026.5,4.1,67.0,6.5,1.175,0.0,1.175,1
2024-02-21 19:00:00,5.8,1025.5,2.8,60.0,6.0,1.407,0.0,1.407,1
2024-02-21 20:00:00,5.3,1025.0,3.9,67.0,6.4,1.831,0.0,1.831,1
2024-02-21 21:00:00,5.0,1025.3,2.4,67.0,4.0,2.044,0.0,2.044,1
2024-02-21 22:00:00,4.7,1025.2,2.1,74.0,3.8,2.293,0.0,2.293,1
2024-02-21 23:00:00,4.4,1024.6,4.1,76.0,7.3,2.441,0.0,2.441,1
2024-02-22 00:00:00,4.3,1024.3,4.1,83.0,5.5,2.359,0.0,2.359,1
2024-02-22 01:00:00,4.1,1024.2,3.0,89.0,4.9,2.139,0.0,2.139,1
2024-02-22 02:00:00,4.2,1024.1,2.4,98.0,4.1,1.703,0.0,1.703,1
2024-02-22 03:00:00,4.2,1023.7,2.6,83.0,3.5,1.283,0.0,1.283,1
2024-02-22 04:00:00,3.9,1022.8,2.2,110.0,3.4,1.04,0.0,1.04,1
2024-02-22 05:00:00,3.8,1022.3,2.1,85.0,3.2,0.915,0.0,0.915,1
2024-02-22 06:00:00,3.7,1021.8,1.5,74.0,2.0,1.066,0.0,1.066,1
2024-02-22 07:00:00,3.2,1021.1,0.6,89.0,1.1,1.417,0.0,1.417,1
2024-02-22 08:00:00,2.0,1020.2,1.0,16.0,1.6,1.985,0.0,1.985,1
2024-02-22 09:00:00,1.1,1019.8,0.9,7.0,1.1,2.392,0.0,2.392,1
2024-02-22 10:00:00,1.3,1019.7,0.7,10.0,1.0,2.779,0.0,2.779,1
2024-02-22 11:00:00,1.5,1019.7,0.5,8.0,0.8,3.022,0.0,3.022,1
2024-02-22 12:00:00,0.8,1019.4,0.5,348.0,0.7,3.091,0.0,3.091,1
2024-02-22 13:00:00,4.2,1018.7,2.0,136.0,3.5,2.979,0.0,2.979,1
2024-02-22 14:00:00,4.8,1017.8,4.0,157.0,5.0,2.753,0.0,2.753,1
2024-02-22 15:00:00,5.7,1017.4,3.7,179.0,4.8,2.343,0.0,2.343,1
2024-02-22 16:00:00,6.1,1016.6,3.8,187.0,5.8,1.857,0.0,1.857,1
2024-02-22 17:00:00,6.2,1015.0,4.4,190.0,5.6,1.585,0.0,1.585,1
2024-02-22 18:00:00,6.3,1013.7,4.5,188.0,6.6,1.43,0.0,1.43,1
2024-02-22 19:00:00,5.9,1011.9,5.7,197.0,6.9,1.493,0.0,1.493,1
2024-02-22 20:00:00,6.7,1010.3,5.1,192.0,7.0,1.834,0.0,1.834,1
2024-02-22 21:00:00,6.3,1009.8,5.7,197.0,7.1,2.224,0.0,2.224,1
2024-02-22 22:00:00,6.4,1008.5,4.2,192.0,5.8,2.572,0.0,2.572,1
2024-02-22 23:00:00,6.4,1008.2,3.6,194.0,5.0,2.792,0.0,2.792,1
2024-02-23 00:00:00,6.7,1008.0,4.6,196.0,6.1,2.848,0.0,2.848,1
2024-02-23 01:00:00,7.1,1007.5,7.0,214.0,7.8,2.661,0.0,2.661,1
2024-02-23 02:00:00,7.2,1006.2,6.2,214.0,7.6,2.421,0.0,2.421,1
2024-02-23 03:00:00,7.4,1004.9,7.1,209.0,8.4,2.024,0.0,2.024,1
2024-02-23 04:00:00,7.3,1004.4,7.1,215.0,8.5,1.631,0.0,1.631,1
2024-02-23 05:00:00,7.6,1003.3,9.1,210.0,11.1,1.368,0.0,1.368,1
2024-02-23 06:00:00,7.5,1002.3,8.8,212.0,10.4,1.257,0.0,1.257,1
2024-02-23 07:00:00,7.3,1001.2,7.5,212.0,8.6,1.48,0.0,1.48,1
2024-02-23 08:00:00,7.1,1000.3,6.8,211.0,7.7,1.86,0.0,1.86,1
2024-02-23 09:00:00,8.1,999.7,7.3,219.0,9.0,2.264,0.0,2.264,1
2024-02-23 10:00:00,7.9,999.6,6.3,218.0,7.6,2.789,0.0,2.789,1
2024-02-23 11:00:00,7.1,999.4,5.8,207.0,6.9,2.979,0.0,2.979,1
2024-02-23 12:00:00,7.9,999.2,5.3,214.0,6.2,3.189,0.0,3.189,1
2024-02-23 13:00:00,7.9,999.1,5.6,218.0,6.5,3.173,0.0,3.173,1
2024-02-23 14:00:00,7.9,999.2,5.7,217.0,6.4,3.051,0.0,3.051,1
2024-02-23 15:00:00,8.6,998.3,3.2,229.0,3.7,2.648,0.0,2.648,1
2024-02-23 16:00:00,8.5,997.5,2.2,229.0,2.5,2.247,0.0,2.247,1
2024-02-23 17:00:00,7.2,997.2,2.9,193.0,3.8,1.831,0.0,1.831,1
2024-02-23 18:00:00,7.4,995.9,3.3,202.0,3.6,1.545,0.0,1.545,1
2024-02-23 19:00:00,8.0,995.4,2.5,223.0,3.5,1.578,0.0,1.578,1
2024-02-23 20:00:00,8.3,995.2,1.4,269.0,1.7,1.814,0.0,1.814,1
2024-02-23 21:00:00,8.7,995.1,3.8,331.0,5.1,2.224,0.0,2.224,1
2024-02-23 22:00:00,8.2,995.6,4.1,351.0,5.0,2.612,0.0,2.612,1
2024-02-23 23:00:00,7.5,996.0,3.6,6.0,4.2,2.854,0.0,2.854,1
2024-02-24 00:00:00,7.4,996.3,4.7,7.0,5.8,3.068,0.0,3.068,1
2024-02-24 01:00:00,7.4,997.1,3.9,337.0,5.2,3.045,0.0,3.045,1
2024-02-24 02:00:00,7.0,997.9,4.5,325.0,5.8,2.835,0.0,2.835,1
2024-02-24 03:00:00,6.8,997.9,3.3,338.0,4.0,2.461,0.0,2.461,1
2024-02-24 04:00:00,6.5,997.9,3.6,326.0,4.4,2.011,0.0,2.011,1
2024-02-24 05:00:00,6.3,998.3,2.8,316.0,3.4,1.716,0.0,1.716,1
2024-02-24 06:00:00,5.9,998.1,3.0,318.0,3.4,1.332,0.0,1.332,1
2024-02-24 07:00:00,5.3,998.5,3.6,316.0,4.4,1.342,0.0,1.342,1
2024-02-24 08:00:00,5.2,998.7,3.3,317.0,3.9,1.726,0.0,1.726,1
2024-02-24 09:00:00,4.9,998.8,2.0,318.0,2.8,2.231,0.0,2.231,1
2024-02-24 10:00:00,4.8,999.4,0.4,25.0,0.6,2.648,0.0,2.648,1
2024-02-24 11:00:00,4.9,999.7,1.4,240.0,1.9,2.949,0.0,2.949,1
2024-02-24 12:00:00,5.4,1000.7,3.7,330.0,4.7,3.268,0.0,3.268,1
2024-02-24 13:00:00,5.8,1001.8,4.3,3.0,5.1,3.438,0.0,3.438,1
2024-02-24 14:00:00,6.0,1002.8,5.5,9.0,7.0,3.35,0.0,3.35,1
2024-02-24 15:00:00,5.9,1003.8,5.8,5.0,7.1,3.094,0.0,3.094,1
2024-02-24 16:00:00,5.8,1004.3,4.0,22.0,6.6,2.539,0.0,2.539,1
2024-02-24 17:00:00,5.6,1004.8,4.0,26.0,6.0,2.014,0.0,2.014,1
2024-02-24 18:00:00,5.4,1004.8,5.3,13.0,6.7,1.627,0.0,1.627,1
2024-02-24 19:00:00,6.7,1004.8,2.6,50.0,4.0,1.516,0.0,1.516,1
2024-02-24 20:00:00,5.7,1005.1,4.4,72.0,6.2,1.706,0.0,1.706,1
2024-02-24 21:00:00,6.0,1006.0,2.9,73.0,4.9,2.028,0.0,2.028,1
2024-02-24 22:00:00,5.6,1006.9,2.6,80.0,4.3,2.434,0.0,2.434,1
2024-02-24 23:00:00,5.5,1008.0,1.0,42.0,1.5,2.733,0.0,2.733,1
2024-02-25 00:00:00,6.2,1009.2,5.8,15.0,8.5,3.051,0.0,3.051,1
2024-02-25 01:00:00,5.6,1010.5,6.3,8.0,7.7,3.12,0.0,3.12,1
2024-02-25 02:00:00,4.6,1012.0,6.6,4.0,7.9,3.015,0.0,3.015,1
2024-02-25 03:00:00,3.8,1013.1,4.7,359.0,5.8,2.72,0.0,2.72,1
2024-02-25 04:00:00,2.9,1013.6,7.3,7.0,8.8,2.172,0.0,2.172,1
2024-02-25 05:00:00,2.2,1014.6,5.3,9.0,6.4,1.69,0.0,1.69,1
2024-02-25 06:00:00,2.2,1015.2,6.8,22.0,10.5,1.302,0.0,1.302,1
2024-02-25 07:00:00,1.7,1016.0,6.3,25.0,9.6,1.214,0.0,1.214,1
2024-02-25 08:00:00,1.3,1016.7,5.4,6.0,6.5,1.368,0.0,1.368,1
2024-02-25 09:00:00,0.9,1017.4,6.8,18.0,9.4,1.821,0.0,1.821,1
2024-02-25 10:00:00,0.4,1018.0,5.7,14.0,9.1,2.306,0.0,2.306,1
2024-02-25 11:00:00,-0.5,1018.8,2.2,63.0,4.5,2.644,0.0,2.644,1
2024-02-25 12:00:00,0.0,1019.6,4.6,23.0,7.1,3.015,0.0,3.015,1
2024-02-25 13:00:00,0.0,1020.5,3.3,36.0,5.6,3.278,0.0,3.278,1
2024-02-25 14:00:00,0.3,1021.2,4.0,24.0,5.6,3.32,0.0,3.32,1
2024-02-25 15:00:00,0.7,1021.5,2.5,25.0,3.7,3.028,0.0,3.028,1
2024-02-25 16:00:00,1.0,1021.5,2.1,18.0,3.0,2.664,0.0,2.664,1
2024-02-25 17:00:00,2.3,1020.7,3.2,81.0,4.6,2.08,0.0,2.08,1
2024-02-25 18:00:00,1.8,1020.2,3.3,75.0,4.3,1.631,0.0,1.631,1
2024-02-25 19:00:00,2.6,1020.1,1.8,136.0,3.2,1.302,0.0,1.302,1
2024-02-25 20:00:00,2.6,1019.8,2.6,124.0,3.4,1.257,0.0,1.257,1
2024-02-25 21:00:00,2.9,1019.5,1.5,164.0,2.7,1.378,0.0,1.378,1
2024-02-25 22:00:00,2.8,1019.4,2.2,164.0,3.1,1.795,0.0,1.795,1
2024-02-25 23:00:00,2.6,1019.5,2.7,190.0,4.0,2.339,0.0,2.339,1
2024-02-26 00:00:00,3.1,1019.6,4.1,189.0,5.5,2.579,0.0,2.579,1
2024-02-26 01:00:00,3.8,1019.8,5.9,202.0,6.7,2.736,0.0,2.736,1
2024-02-26 02:00:00,3.6,1020.2,5.3,225.0,6.5,2.743,0.0,2.743,1
2024-02-26 03:00:00,3.4,1020.0,4.5,224.0,5.4,2.533,0.0,2.533,1
2024-02-26 04:00:00,4.5,1019.4,7.1,205.0,8.4,2.159,0.0,2.159,1
2024-02-26 05:00:00,4.7,1019.3,7.9,207.0,9.2,1.631,0.0,1.631,1
2024-02-26 06:00:00,4.7,1018.8,6.7,221.0,8.5,1.089,0.0,1.089,1
2024-02-26 07:00:00,4.4,1018.5,6.3,222.0,7.3,0.787,0.0,0.787,1
2024-02-26 08:00:00,4.7,1018.1,6.4,221.0,7.6,0.696,0.0,0.696,1
2024-02-26 09:00:00,5.2,1017.7,7.3,215.0,8.8,0.896,0.0,0.896,1
2024-02-26 10:00:00,5.5,1017.5,8.1,215.0,9.5,1.358,0.0,1.358,1
2024-02-26 11:00:00,5.8,1017.4,6.6,219.0,8.6,1.729,0.0,1.729,1
2024-02-26 12:00:00,6.0,1017.4,6.5,219.0,7.9,2.26,0.0,2.26,1
2024-02-26 13:00:00,6.2,1017.7,5.5,219.0,7.5,2.579,0.0,2.579,1
2024-02-26 14:00:00,6.9,1017.5,7.8,222.0,9.8,2.733,0.0,2.733,1
2024-02-26 15:00:00,7.3,1017.4,8.5,220.0,10.6,2.559,0.0,2.559,1
2024-02-26 16:00:00,8.4,1016.9,8.8,228.0,11.6,2.172,0.0,2.172,1
2024-02-26 17:00:00,7.6,1016.7,7.0,211.0,7.9,1.69,0.0,1.69,1
2024-02-26 18:00:00,7.3,1015.9,7.2,204.0,9.2,1.27,0.0,1.27,1
2024-02-26 19:00:00,7.5,1015.3,6.9,207.0,7.9,0.758,0.0,0.758,1
2024-02-26 20:00:00,7.7,1015.1,6.3,209.0,7.7,0.574,0.0,0.574,1
2024-02-26 21:00:00,7.7,1015.1,5.2,203.0,6.5,0.705,0.0,0.705,1
2024-02-26 22:00:00,7.9,1015.4,5.9,221.0,7.2,1.04,0.0,1.04,1
2024-02-26 23:00:00,7.5,1015.7,4.3,220.0,5.2,1.614,0.0,1.614,1
2024-02-27 00:00:00,7.0,1015.9,2.8,208.0,3.3,2.09,0.0,2.09,1
2024-02-27 01:00:00,7.0,1016.1,3.0,206.0,3.4,2.31,0.0,2.31,1
2024-02-27 02:00:00,6.6,1016.0,1.6,177.0,2.3,2.493,0.0,2.493,1
2024-02-27 03:00:00,7.4,1016.1,2.7,183.0,3.4,2.461,0.0,2.461,1
2024-02-27 04:00:00,7.0,1015.8,2.1,174.0,2.6,2.244,0.0,2.244,1
2024-02-27 05:00:00,7.2,1015.9,3.7,216.0,4.1,1.765,0.0,1.765,1
2024-02-27 06:00:00,7.4,1015.7,4.1,201.0,4.6,1.276,0.0,1.276,1
2024-02-27 07:00:00,7.3,1015.4,3.8,202.0,4.4,0.843,0.0,0.843,1
2024-02-27 08:00:00,7.4,1015.1,4.2,208.0,4.7,0.633,0.0,0.633,1
2024-02-27 09:00:00,7.4,1015.2,5.0,214.0,5.4,0.758,0.0,0.758,1
2024-02-27 10:00:00,7.3,1015.2,4.6,204.0,5.4,0.991,0.0,0.991,1
2024-02-27 11:00:00,7.0,1015.4,3.9,214.0,4.6,1.483,0.0,1.483,1
2024-02-27 12:00:00,7.3,1015.7,4.8,212.0,5.1,1.926,0.0,1.926,1
2024-02-27 13:00:00,7.5,1015.8,6.7,211.0,7.6,2.26,0.0,2.26,1
2024-02-27 14:00:00,7.7,1015.9,6.4,207.0,7.3,2.549,0.0,2.549,1
2024-02-27 15:00:00,7.9,1015.4,6.5,208.0,7.4,2.526,0.0,2.526,1
2024-02-27 16:00:00,8.4,1015.2,6.7,205.0,8.0,2.32,0.0,2.32,1
2024-02-27 17:00:00,8.5,1015.1,7.9,211.0,8.8,2.051,0.0,2.051,1
2024-02-27 18:00:00,8.6,1014.9,7.5,210.0,8.4,1.509,0.0,1.509,1
2024-02-27 19:00:00,8.7,1014.3,6.9,203.0,8.6,1.01,0.0,1.01,1
2024-02-27 20:00:00,8.5,1013.4,4.6,213.0,5.5,0.804,0.0,0.804,1
2024-02-27 21:00:00,9.2,1012.8,5.8,221.0,7.0,0.804,0.0,0.804,1
2024-02-27 22:00:00,9.1,1012.7,6.9,219.0,8.2,1.02,0.0,1.02,1
2024-02-27 23:00:00,8.3,1012.7,5.7,207.0,6.5,1.631,0.0,1.631,1
2024-02-28 00:00:00,9.0,1013.0,5.5,198.0,6.6,2.008,0.0,2.008,1
2024-02-28 01:00:00,9.3,1012.2,4.7,218.0,5.7,2.362,0.0,2.362,1
2024-02-28 02:00:00,10.6,1012.8,10.4,207.0,12.2,2.618,0.0,2.618,1
2024-02-28 03:00:00,10.2,1012.5,7.6,186.0,10.6,2.746,0.0,2.746,1
2024-02-28 04:00:00,9.6,1011.9,7.6,206.0,9.2,2.598,0.0,2.598,1
2024-02-28 05:00:00,9.0,1010.9,7.4,212.0,8.5,2.26,0.0,2.26,1
2024-02-28 06:00:00,10.9,1010.2,9.8,216.0,11.2,1.837,0.0,1.837,1
2024-02-28 07:00:00,12.5,1009.4,11.8,219.0,14.9,1.257,0.0,1.257,1
2024-02-28 08:00:00,10.8,1008.6,5.7,221.0,8.4,1.037,0.0,1.037,1
2024-02-28 09:00:00,9.9,1008.7,8.5,208.0,9.6,0.86,0.0,0.86,1
2024-02-28 10:00:00,9.3,1008.1,7.5,213.0,8.7,0.984,0.0,0.984,1
2024-02-28 11:00:00,12.3,1008.1,9.8,222.0,12.3,1.322,0.0,1.322,1
2024-02-28 12:00:00,9.8,1007.9,10.2,207.0,12.2,1.486,0.0,1.486,1
2024-02-28 13:00:00,9.2,1008.2,6.8,198.0,8.3,1.926,0.0,1.926,1
2024-02-28 14:00:00,10.8,1008.2,7.9,223.0,10.5,2.362,0.0,2.362,1
2024-02-28 15:00:00,10.0,1008.0,10.1,207.0,11.8,2.346,0.0,2.346,1
2024-02-28 16:00:00,10.8,1007.2,8.6,211.0,9.6,2.339,0.0,2.339,1
2024-02-28 17:00:00,10.7,1006.4,9.8,221.0,11.7,1.883,0.0,1.883,1
2024-02-28 18:00:00,9.7,1005.7,8.8,212.0,10.1,1.529,0.0,1.529,1
2024-02-28 19:00:00,10.3,1005.5,9.5,216.0,10.9,1.204,0.0,1.204,1
2024-02-28 20:00:00,10.4,1004.2,10.3,211.0,12.2,0.827,0.0,0.827,1
2024-02-28 21:00:00,10.8,1004.1,11.6,213.0,13.7,0.541,0.0,0.541,1
2024-02-28 22:00:00,15.2,1005.3,6.3,237.0,8.1,0.748,0.0,0.748,1
2024-02-28 23:00:00,11.7,1006.6,3.7,244.0,4.7,1.135,0.0,1.135,1
2024-02-29 00:00:00,9.9,1005.4,5.9,206.0,7.3,1.365,0.0,1.365,1
2024-02-29 01:00:00,10.0,1005.8,6.7,216.0,7.7,1.683,0.0,1.683,1
2024-02-29 02:00:00,14.0,1005.1,3.8,230.0,5.2,2.018,0.0,2.018,1
2024-02-29 03:00:00,14.1,1007.3,9.1,310.0,13.7,2.402,0.0,2.402,1
2024-02-29 04:00:00,10.0,1009.7,8.6,322.0,10.9,2.333,0.0,2.333,1
2024-02-29 05:00:00,9.2,1012.2,8.9,314.0,12.6,2.096,0.0,2.096,1
2024-02-29 06:00:00,7.7,1014.5,8.1,312.0,11.6,1.155,0.0,1.155,1
2024-02-29 07:00:00,6.0,1016.2,8.6,320.0,12.0,0.991,0.0,0.991,1
2024-02-29 08:00:00,5.1,1018.2,6.9,328.0,9.3,0.213,0.0,0.213,1
2024-02-29 09:00:00,4.2,1020.0,7.3,326.0,10.1,0.21,0.0,0.21,1
2024-02-29 10:00:00,2.9,1022.0,4.4,313.0,6.0,0.052,0.0,0.052,1
2024-02-29 11:00:00,2.3,1023.9,4.2,317.0,5.4,0.394,0.0,0.394,1
2024-02-29 12:00:00,2.0,1025.4,5.7,326.0,7.6,0.469,0.0,0.469,1
2024-02-29 13:00:00,2.2,1027.1,7.0,330.0,8.5,1.194,0.0,1.194,1
2024-02-29 14:00:00,2.7,1027.6,6.7,321.0,8.8,1.506,0.0,1.506,1
2024-02-29 15:00:00,3.3,1027.8,6.2,306.0,8.0,1.722,0.0,1.722,1
2024-02-29 16:00:00,3.7,1027.6,6.4,303.0,8.9,1.677,0.0,1.677,1
2024-02-29 17:00:00,4.0,1027.6,6.8,298.0,9.1,1.444,0.0,1.444,1
2024-02-29 18:00:00,4.4,1027.7,6.1,286.0,7.5,1.089,0.0,1.089,1
2024-02-29 19:00:00,5.1,1026.9,7.3,341.0,9.5,0.466,0.0,0.466,1
2024-02-29 20:00:00,5.9,1026.6,6.3,291.0,10.5,0.164,0.0,0.164,1
2024-02-29 21:00:00,6.4,1027.1,5.3,294.0,7.0,-0.171,0.0,-0.171,1
2024-02-29 22:00:00,6.8,1027.5,3.6,295.0,4.9,-0.197,0.0,-0.197,1
2024-02-29 23:00:00,5.8,1028.2,3.3,271.0,4.1,-0.049,0.0,-0.049,1
2025-01-01 00:00:00,11.3,999.9,5.0,162.0,7.2,2.539,0.0,2.539,2
2025-01-01 01:00:00,10.5,999.8,3.3,244.0,4.4,2.644,0.0,2.644,2
2025-01-01 02:00:00,12.6,999.9,2.1,321.0,2.7,2.566,0.0,2.566,2
2025-01-01 03:00:00,11.9,999.8,3.3,6.0,3.8,2.379,0.0,2.379,2
2025-01-01 04:00:00,10.8,999.2,1.9,183.0,2.3,1.886,0.0,1.886,2
2025-01-01 05:00:00,10.7,999.2,4.0,258.0,5.7,1.27,0.0,1.27,2
2025-01-01 06:00:00,10.4,999.3,3.8,251.0,4.4,1.001,0.0,1.001,2
2025-01-01 07:00:00,10.6,999.7,3.2,277.0,4.4,0.863,0.0,0.863,2
2025-01-01 08:00:00,9.9,999.9,2.5,279.0,2.9,1.079,0.0,1.079,2
2025-01-01 09:00:00,9.3,1000.0,2.3,278.0,2.8,1.568,0.0,1.568,2
2025-01-01 10:00:00,9.5,1000.3,2.5,274.0,3.3,1.985,0.0,1.985,2
2025-01-01 11:00:00,10.0,1000.6,2.6,273.0,3.1,2.484,0.0,2.484,2
2025-01-01 12:00:00,10.2,1000.8,4.4,295.0,6.4,2.94,0.0,2.94,2
2025-01-01 13:00:00,9.8,1002.2,6.1,311.0,9.4,3.337,0.0,3.337,2
2025-01-01 14:00:00,9.8,1003.3,7.8,304.0,11.4,3.379,0.0,3.379,2
2025-01-01 15:00:00,9.7,1004.4,10.5,296.0,19.2,3.192,0.0,3.192,2
2025-01-01 16:00:00,9.6,1004.4,10.2,300.0,15.0,2.792,0.0,2.792,2
2025-01-01 17:00:00,9.5,1004.2,12.6,315.0,17.7,2.054,0.0,2.054,2
2025-01-01 18:00:00,9.9,1004.4,11.6,312.0,16.6,1.414,0.0,1.414,2
2025-01-01 19:00:00,10.1,1005.2,10.3,296.0,15.0,0.906,0.0,0.906,2
2025-01-01 20:00:00,9.9,1006.2,8.8,314.0,11.4,0.65,0.0,0.65,2
2025-01-01 21:00:00,9.3,1007.4,9.0,308.0,15.9,0.781,0.0,0.781,2
2025-01-01 22:00:00,8.3,1008.7,8.2,302.0,13.6,1.02,0.0,1.02,2
2025-01-01 23:00:00,7.5,1010.1,8.1,306.0,12.2,1.394,0.0,1.394,2
2025-01-02 00:00:00,7.2,1011.3,8.8,323.0,11.9,1.765,0.0,1.765,2
2025-01-02 01:00:00,6.7,1012.2,5.3,293.0,7.4,1.923,0.0,1.923,2
2025-01-02 02:00:00,5.9,1012.4,4.9,290.0,7.0,1.926,0.0,1.926,2
2025-01-02 03:00:00,5.6,1012.8,4.3,280.0,5.5,1.811,0.0,1.811,2
2025-01-02 04:00:00,5.3,1013.0,3.7,275.0,5.3,1.421,0.0,1.421,2
2025-01-02 05:00:00,5.0,1013.4,3.5,271.0,4.4,0.866,0.0,0.866,2
2025-01-02 06:00:00,4.3,1013.6,2.5,272.0,3.6,0.325,0.0,0.325,2
2025-01-02 07:00:00,4.1,1014.4,4.3,287.0,5.6,-0.085,0.0,-0.085,2
2025-01-02 08:00:00,4.0,1015.2,9.1,317.0,11.4,-0.371,0.0,-0.371,2
2025-01-02 09:00:00,3.3,1015.4,6.9,310.0,10.6,-0.23,0.0,-0.23,3
2025-01-02 10:00:00,3.0,1016.0,5.8,316.0,7.7,0.043,0.0,0.043,3
2025-01-02 11:00:00,2.7,1016.6,4.9,305.0,7.4,0.728,0.0,0.728,3
2025-01-02 12:00:00,2.4,1017.5,3.8,294.0,4.7,1.394,0.0,1.394,3
2025-01-02 13:00:00,2.5,1018.1,3.9,303.0,6.0,1.85,0.0,1.85,3
2025-01-02 14:00:00,3.1,1018.6,5.3,281.0,7.7,2.083,0.0,2.083,3
2025-01-02 15:00:00,4.2,1019.3,10.6,311.0,14.7,2.1,0.0,2.1,3
2025-01-02 16:00:00,4.7,1018.6,10.5,321.0,12.8,1.716,0.0,1.716,3
2025-01-02 17:00:00,5.0,1017.7,6.9,301.0,11.9,1.109,0.0,1.109,3
2025-01-02 18:00:00,5.2,1016.6,6.8,300.0,11.9,0.449,0.0,0.449,3
2025-01-02 19:00:00,4.9,1017.2,9.1,313.0,12.4,-0.092,0.0,-0.092,3
2025-01-02 20:00:00,5.1,1017.1,5.7,318.0,9.5,-0.509,0.0,-0.509,3
2025-01-06 00:00:00,-0.1,1018.9,2.6,337.0,3.1,-0.295,0.0,-0.295,4
2025-01-06 01:00:00,-0.3,1019.2,1.7,308.0,2.1,0.259,0.0,0.259,4
2025-01-06 02:00:00,-0.3,1019.0,2.2,338.0,2.7,0.768,0.0,0.768,4
2025-01-06 03:00:00,0.0,1019.2,3.2,340.0,4.2,1.332,0.0,1.332,4
2025-01-06 04:00:00,0.1,1019.0,2.3,319.0,2.9,1.726,0.0,1.726,4
2025-01-06 05:00:00,-0.1,1018.5,2.0,308.0,2.7,1.857,0.0,1.857,4
2025-01-06 06:00:00,-0.1,1018.2,1.8,268.0,2.6,1.801,0.0,1.801,4
2025-01-06 07:00:00,-0.9,1017.7,2.9,270.0,3.9,1.598,0.0,1.598,4
2025-01-06 08:00:00,-1.5,1017.7,3.1,246.0,4.0,1.224,0.0,1.224,4
2025-01-06 09:00:00,-2.1,1017.0,2.3,249.0,2.8,0.82,0.0,0.82,4
2025-01-06 10:00:00,-2.8,1015.4,0.8,26.0,1.2,0.217,0.0,0.217,4
2025-01-06 11:00:00,-2.6,1014.1,1.4,30.0,2.2,-0.036,0.0,-0.036,4
2025-01-06 12:00:00,-1.9,1013.0,2.3,83.0,3.5,0.098,0.0,0.098,4
2025-01-06 13:00:00,-1.1,1011.6,3.2,81.0,4.0,0.518,0.0,0.518,4
2025-01-06 14:00:00,-0.3,1010.5,3.2,84.0,5.4,1.109,0.0,1.109,4
2025-01-06 15:00:00,0.0,1009.3,3.7,117.0,4.8,1.526,0.0,1.526,4
2025-01-06 16:00:00,1.0,1007.5,3.7,100.0,6.2,1.9,0.0,1.9,4
2025-01-06 17:00:00,1.7,1004.6,4.5,70.0,6.2,2.195,0.0,2.195,4
2025-01-06 18:00:00,1.8,1003.5,5.0,35.0,7.1,2.375,0.0,2.375,4
2025-01-06 19:00:00,1.8,1001.0,4.0,64.0,6.5,2.162,0.0,2.162,4
2025-01-06 20:00:00,2.1,1001.4,4.6,31.0,8.2,1.903,0.0,1.903,4
2025-01-06 21:00:00,2.0,1000.8,5.2,34.0,9.5,1.43,0.0,1.43,4
2025-01-06 22:00:00,1.5,999.9,6.8,31.0,9.6,0.856,0.0,0.856,4
2025-01-06 23:00:00,1.2,1000.0,6.2,24.0,9.8,0.682,0.0,0.682,4
2025-01-07 00:00:00,-0.1,999.5,8.9,12.0,11.4,0.528,0.0,0.528,4
2025-01-07 01:00:00,-0.5,1001.0,7.8,0.0,10.6,0.896,0.0,0.896,4
2025-01-07 02:00:00,-1.1,1002.5,6.2,338.0,7.5,1.339,0.0,1.339,4
2025-01-07 03:00:00,-1.4,1004.3,6.0,336.0,9.1,1.739,0.0,1.739,4
2025-01-07 04:00:00,-1.0,1004.4,7.8,350.0,10.5,2.136,0.0,2.136,4
2025-01-07 05:00:00,-1.4,1005.3,7.0,339.0,9.3,2.398,0.0,2.398,4
2025-01-07 06:00:00,-1.4,1006.0,7.7,343.0,9.8,2.71,0.0,2.71,4
2025-01-07 07:00:00,-2.6,1007.0,7.9,334.0,10.3,2.674,0.0,2.674,4
2025-01-07 08:00:00,-3.9,1008.1,9.4,343.0,13.9,2.329,0.0,2.329,4
2025-01-07 09:00:00,-5.1,1008.9,11.3,336.0,15.2,1.86,0.0,1.86,4
2025-01-07 10:00:00,-5.6,1010.0,8.5,335.0,10.0,1.201,0.0,1.201,4
2025-01-07 11:00:00,-5.7,1011.2,10.4,330.0,12.5,0.518,0.0,0.518,4
2025-01-07 12:00:00,-5.7,1012.1,8.2,332.0,11.4,0.367,0.0,0.367,4
2025-01-07 13:00:00,-5.4,1012.9,9.6,332.0,13.0,0.499,0.0,0.499,4
2025-01-07 14:00:00,-4.8,1013.9,6.3,326.0,7.5,0.627,0.0,0.627,4
2025-01-07 15:00:00,-3.7,1014.3,9.7,328.0,12.9,0.784,0.0,0.784,4
2025-01-07 16:00:00,-2.9,1014.4,10.1,325.0,13.1,1.319,0.0,1.319,4
2025-01-07 17:00:00,-1.6,1013.6,7.3,320.0,9.9,1.818,0.0,1.818,4
2025-01-07 18:00:00,-0.8,1012.8,10.5,320.0,15.1,2.034,0.0,2.034,4
2025-01-07 19:00:00,0.0,1013.1,7.5,327.0,9.2,1.913,0.0,1.913,4
2025-01-07 20:00:00,0.6,1013.4,7.3,326.0,10.5,1.719,0.0,1.719,4
2025-01-07 21:00:00,0.9,1014.1,6.9,317.0,8.6,1.115,0.0,1.115,4
2025-01-07 22:00:00,0.7,1015.0,6.8,326.0,11.5,0.692,0.0,0.692,4
2025-01-07 23:00:00,0.3,1015.8,6.4,325.0,8.9,0.151,0.0,0.151,4
2025-01-08 00:00:00,0.3,1016.3,8.2,325.0,11.1,-0.302,0.0,-0.302,4
2025-01-08 01:00:00,-0.2,1016.9,5.4,323.0,7.6,-0.374,0.0,-0.374,4
2025-01-08 02:00:00,-0.7,1017.0,4.3,312.0,5.1,-0.207,0.0,-0.207,4
2025-01-08 03:00:00,-0.9,1017.4,5.1,314.0,6.5,0.374,0.0,0.374,4
2025-01-08 04:00:00,-1.2,1018.0,4.1,313.0,5.3,1.056,0.0,1.056,4
2025-01-08 05:00:00,-1.3,1018.2,4.5,312.0,6.1,1.46,0.0,1.46,4
2025-01-08 06:00:00,-1.5,1018.2,6.2,324.0,7.3,1.795,0.0,1.795,4
2025-01-08 07:00:00,-2.0,1018.4,5.5,305.0,7.2,2.008,0.0,2.008,4
2025-01-08 08:00:00,-2.5,1018.5,4.8,302.0,7.0,1.988,0.0,1.988,4
2025-01-08 09:00:00,-2.8,1018.4,5.9,305.0,8.2,1.716,0.0,1.716,4
2025-01-08 10:00:00,-3.0,1018.5,4.8,301.0,7.0,1.319,0.0,1.319,4
2025-01-08 11:00:00,-3.3,1018.4,5.3,312.0,7.1,0.715,0.0,0.715,4
2025-01-08 12:00:00,-3.2,1018.5,4.5,314.0,5.4,0.223,0.0,0.223,4
2025-01-08 13:00:00,-3.1,1018.6,5.2,320.0,6.5,-0.089,0.0,-0.089,4
2025-01-08 14:00:00,-2.4,1018.6,5.5,305.0,7.2,-0.033,0.0,-0.033,4
2025-01-10 03:00:00,-2.0,1014.3,8.8,318.0,13.0,-0.948,0.0,-0.948,5
2025-01-10 04:00:00,-2.0,1014.4,8.3,325.0,11.0,-0.653,0.0,-0.653,5
2025-01-10 05:00:00,-2.3,1014.4,8.1,323.0,10.9,-0.03,0.0,-0.03,5
2025-01-10 06:00:00,-2.3,1014.0,7.9,335.0,10.0,0.797,0.0,0.797,5
2025-01-10 07:00:00,-2.5,1014.2,9.4,337.0,12.0,1.375,0.0,1.375,5
2025-01-10 08:00:00,-2.9,1014.8,8.7,327.0,11.0,1.949,0.0,1.949,5
2025-01-10 09:00:00,-3.0,1014.8,7.4,337.0,9.6,2.218,0.0,2.218,5
2025-01-10 10:00:00,-3.1,1015.7,8.4,330.0,10.9,2.228,0.0,2.228,5
2025-01-10 11:00:00,-3.4,1016.0,8.0,329.0,11.2,2.054,0.0,2.054,5
2025-01-10 12:00:00,-3.7,1016.4,8.3,328.0,10.3,1.798,0.0,1.798,5
2025-01-10 13:00:00,-3.7,1016.5,9.0,332.0,11.0,1.371,0.0,1.371,5
2025-01-10 14:00:00,-3.0,1016.4,8.5,339.0,9.8,0.738,0.0,0.738,5
2025-01-10 15:00:00,-2.0,1016.6,8.9,343.0,11.1,0.495,0.0,0.495,5
2025-01-10 16:00:00,-0.9,1015.8,6.0,346.0,8.6,0.545,0.0,0.545,5
2025-01-10 17:00:00,0.0,1014.9,6.0,334.0,7.4,0.699,0.0,0.699,5
2025-01-10 18:00:00,0.6,1014.4,5.0,317.0,6.8,0.955,0.0,0.955,5
2025-01-10 19:00:00,1.2,1013.8,5.0,319.0,6.0,1.457,0.0,1.457,5
2025-01-10 20:00:00,1.1,1014.1,3.8,297.0,4.7,1.804,0.0,1.804,5
2025-01-10 21:00:00,0.9,1012.9,3.0,295.0,3.8,2.116,0.0,2.116,5
2025-01-10 22:00:00,0.5,1011.7,1.7,322.0,2.1,2.11,0.0,2.11,5
2025-01-10 23:00:00,0.1,1011.7,2.3,342.0,2.9,2.113,0.0,2.113,5
2025-01-11 00:00:00,0.0,1011.6,1.8,311.0,2.2,1.795,0.0,1.795,5
2025-01-11 01:00:00,-0.1,1011.0,1.8,259.0,2.3,1.23,0.0,1.23,5
2025-01-11 02:00:00,-0.2,1010.3,2.0,279.0,2.4,0.791,0.0,0.791,5
2025-01-11 03:00:00,-0.2,1008.8,0.5,228.0,0.9,0.486,0.0,0.486,5
2025-01-11 04:00:00,-0.1,1008.5,3.8,228.0,4.7,0.522,0.0,0.522,5
2025-01-11 05:00:00,-0.1,1008.4,3.4,229.0,4.4,0.741,0.0,0.741,5
2025-01-11 06:00:00,-0.9,1006.3,4.0,252.0,4.8,1.325,0.0,1.325,5
2025-01-11 07:00:00,-1.1,1004.8,2.7,229.0,3.2,1.775,0.0,1.775,5
2025-01-11 08:00:00,-1.0,1003.1,3.3,222.0,4.0,2.375,0.0,2.375,5
2025-01-11 09:00:00,-0.6,1001.1,2.2,223.0,2.8,2.825,0.0,2.825,5
2025-01-11 10:00:00,-0.4,999.8,2.7,239.0,3.7,3.031,0.0,3.031,5
2025-01-11 11:00:00,-0.5,998.6,2.3,233.0,2.8,3.133,0.0,3.133,5
2025-01-11 12:00:00,-0.8,998.0,2.8,342.0,3.5,3.009,0.0,3.009,5
2025-01-11 13:00:00,-1.0,998.7,4.3,338.0,5.5,2.697,0.0,2.697,5
2025-01-11 14:00:00,-1.3,998.7,4.2,345.0,5.8,2.254,0.0,2.254,5
2025-01-11 15:00:00,-0.8,999.4,6.8,341.0,9.5,1.444,0.0,1.444,5
2025-01-11 16:00:00,-0.8,999.0,6.2,343.0,8.6,1.138,0.0,1.138,5
2025-01-11 17:00:00,-0.5,998.6,7.2,322.0,10.2,1.086,0.0,1.086,5
2025-01-11 18:00:00,-0.2,998.6,7.9,333.0,10.7,1.047,0.0,1.047,5
2025-01-11 19:00:00,0.4,999.1,8.6,315.0,11.1,1.457,0.0,1.457,5
2025-01-11 20:00:00,0.6,1000.4,8.3,329.0,10.5,1.919,0.0,1.919,5
2025-01-11 21:00:00,1.1,1002.2,8.9,331.0,12.5,2.375,0.0,2.375,5
2025-01-11 22:00:00,0.9,1003.5,6.5,330.0,8.3,2.533,0.0,2.533,5
2025-01-11 23:00:00,0.8,1004.8,6.7,337.0,9.3,2.448,0.0,2.448,5
2025-01-12 00:00:00,0.6,1006.5,7.2,325.0,9.9,2.277,0.0,2.277,5
2025-01-12 01:00:00,0.3,1007.4,7.3,320.0,10.4,2.126,0.0,2.126,5
2025-01-12 02:00:00,0.1,1008.7,5.6,318.0,6.9,1.207,0.0,1.207,5
2025-01-12 03:00:00,-0.2,1009.6,4.5,321.0,7.0,0.879,0.0,0.879,5
2025-01-12 04:00:00,-0.7,1010.4,5.2,310.0,6.7,0.574,0.0,0.574,5
2025-01-12 05:00:00,-1.0,1011.7,4.8,308.0,6.9,0.558,0.0,0.558,5
2025-01-12 06:00:00,-1.0,1011.8,5.4,310.0,7.6,0.817,0.0,0.817,5
2025-01-12 07:00:00,-1.2,1012.9,5.0,310.0,6.6,1.371,0.0,1.371,5
2025-01-12 08:00:00,-1.2,1013.4,5.3,317.0,7.3,2.031,0.0,2.031,5
2025-01-12 09:00:00,-1.1,1013.2,5.4,336.0,6.6,2.487,0.0,2.487,5
2025-01-12 10:00:00,-1.5,1014.2,3.4,309.0,4.3,2.91,0.0,2.91,5
2025-01-12 11:00:00,-1.7,1014.5,2.7,319.0,3.5,3.179,0.0,3.179,5
2025-01-12 12:00:00,-1.8,1014.8,3.0,321.0,4.2,3.205,0.0,3.205,5
2025-01-12 13:00:00,-1.7,1015.6,3.4,326.0,4.3,3.11,0.0,3.11,5
2025-01-12 14:00:00,-0.7,1016.7,4.4,314.0,5.6,2.799,0.0,2.799,5
2025-01-12 15:00:00,0.7,1017.4,4.4,313.0,5.9,2.06,0.0,2.06,5
2025-01-12 16:00:00,1.6,1017.7,4.7,322.0,6.0,1.411,0.0,1.411,5
2025-01-12 17:00:00,2.5,1017.2,3.6,309.0,4.7,1.086,0.0,1.086,5
2025-01-12 18:00:00,3.2,1016.9,3.1,302.0,4.4,0.948,0.0,0.948,5
2025-01-12 19:00:00,3.7,1016.6,3.5,298.0,4.6,1.155,0.0,1.155,5
2025-01-12 20:00:00,3.8,1016.6,3.3,321.0,4.3,1.483,0.0,1.483,5
2025-01-12 21:00:00,4.4,1016.7,1.0,264.0,1.2,1.962,0.0,1.962,5
2025-01-12 22:00:00,3.4,1017.2,1.4,330.0,1.7,2.379,0.0,2.379,5
2025-01-12 23:00:00,2.4,1017.6,1.7,298.0,2.0,2.569,0.0,2.569,5
2025-01-13 00:00:00,1.6,1017.8,1.1,257.0,1.2,2.461,0.0,2.461,5
2025-01-13 01:00:00,1.0,1018.4,2.6,268.0,3.2,2.326,0.0,2.326,5
2025-01-13 02:00:00,0.4,1018.5,2.8,272.0,3.6,1.86,0.0,1.86,5
2025-01-13 03:00:00,0.5,1018.6,2.1,265.0,2.6,1.325,0.0,1.325,5
2025-01-13 04:00:00,0.2,1018.3,2.3,244.0,2.8,0.817,0.0,0.817,5
2025-01-13 05:00:00,0.2,1017.9,2.0,250.0,2.5,0.476,0.0,0.476,5
2025-01-13 06:00:00,0.2,1017.3,2.3,259.0,2.9,0.463,0.0,0.463,5
2025-01-13 07:00:00,0.3,1017.2,2.7,232.0,3.3,0.866,0.0,0.866,5
2025-01-13 08:00:00,0.6,1017.2,3.4,238.0,4.2,1.47,0.0,1.47,5
2025-01-13 09:00:00,0.3,1016.6,2.9,244.0,3.7,2.054,0.0,2.054,5
2025-01-13 10:00:00,-0.2,1016.6,2.3,232.0,3.2,2.5,0.0,2.5,5
2025-01-13 11:00:00,-0.6,1016.5,2.6,220.0,3.2,2.917,0.0,2.917,5
2025-01-13 12:00:00,-0.1,1016.9,2.2,227.0,2.7,3.11,0.0,3.11,5
2025-01-13 13:00:00,0.4,1016.0,1.6,234.0,2.6,3.081,0.0,3.081,5
2025-01-13 14:00:00,1.3,1017.0,2.9,230.0,3.7,2.953,0.0,2.953,5
2025-01-13 15:00:00,2.1,1016.7,2.9,254.0,3.4,2.47,0.0,2.47,5
2025-01-13 16:00:00,3.7,1016.5,3.0,213.0,3.7,1.594,0.0,1.594,5
2025-01-13 17:00:00,3.7,1015.3,3.7,208.0,4.1,1.214,0.0,1.214,5
2025-01-13 18:00:00,5.1,1014.0,2.0,195.0,3.2,0.804,0.0,0.804,5
2025-01-13 19:00:00,4.7,1013.3,6.3,219.0,7.5,0.909,0.0,0.909,5
2025-01-13 20:00:00,5.2,1013.2,5.2,218.0,6.1,1.024,0.0,1.024,5
2025-01-13 21:00:00,5.0,1013.7,4.1,218.0,4.6,1.509,0.0,1.509,5
2025-01-13 22:00:00,6.5,1014.0,3.2,262.0,3.9,1.962,0.0,1.962,5
2025-01-13 23:00:00,4.6,1014.4,2.2,252.0,2.3,2.326,0.0,2.326,5
2025-01-14 00:00:00,3.8,1014.7,0.8,258.0,1.1,2.434,0.0,2.434,5
2025-01-14 01:00:00,2.8,1014.9,1.5,233.0,1.8,2.375,0.0,2.375,5
2025-01-14 02:00:00,2.4,1015.0,2.6,13.0,3.1,2.169,0.0,2.169,5
2025-01-14 03:00:00,1.7,1015.1,2.2,322.0,2.7,1.699,0.0,1.699,5
2025-01-14 04:00:00,2.3,1015.2,2.1,300.0,2.7,1.184,0.0,1.184,5
2025-01-14 05:00:00,1.8,1015.1,1.9,313.0,2.1,0.581,0.0,0.581,5
2025-01-14 06:00:00,1.6,1015.1,2.1,321.0,2.4,0.289,0.0,0.289,5
2025-01-14 07:00:00,1.4,1015.6,3.0,323.0,3.8,0.272,0.0,0.272,5
2025-01-14 08:00:00,1.0,1016.0,3.8,330.0,4.4,0.643,0.0,0.643,5
2025-01-14 09:00:00,0.2,1016.2,3.4,335.0,3.9,1.257,0.0,1.257,5
2025-01-14 10:00:00,0.7,1016.9,3.9,338.0,5.0,1.814,0.0,1.814,5
2025-01-14 11:00:00,0.3,1017.6,5.0,337.0,6.8,2.293,0.0,2.293,5
2025-01-14 12:00:00,-0.3,1018.1,5.7,347.0,6.7,2.69,0.0,2.69,5
2025-01-14 13:00:00,-0.3,1018.7,9.1,343.0,12.3,2.848,0.0,2.848,5
2025-01-14 14:00:00,-0.9,1019.7,10.1,347.0,12.7,2.769,0.0,2.769,5
2025-01-14 15:00:00,-1.1,1020.4,9.0,347.0,12.3,2.47,0.0,2.47,5
2025-01-14 16:00:00,-1.0,1020.5,6.7,326.0,10.0,1.739,0.0,1.739,5
2025-01-14 17:00:00,-0.9,1019.9,6.5,306.0,8.7,1.125,0.0,1.125,5
2025-01-14 18:00:00,-0.4,1018.7,3.7,292.0,4.9,0.551,0.0,0.551,5
2025-01-14 19:00:00,0.5,1018.4,4.0,296.0,6.7,0.282,0.0,0.282,5
2025-01-14 20:00:00,0.6,1018.0,4.2,312.0,5.6,0.348,0.0,0.348,5
2025-01-14 21:00:00,0.7,1017.9,3.5,304.0,5.2,0.597,0.0,0.597,5
2025-01-14 22:00:00,-0.2,1017.9,4.1,317.0,5.7,1.168,0.0,1.168,5
2025-01-14 23:00:00,-0.7,1018.2,2.2,336.0,2.7,1.519,0.0,1.519,5
2025-01-15 00:00:00,-1.1,1018.1,1.8,320.0,2.1,1.893,0.0,1.893,5
2025-01-15 01:00:00,-1.2,1018.0,1.1,325.0,1.9,2.018,0.0,2.018,5
2025-01-15 02:00:00,-1.1,1018.3,3.0,338.0,3.4,1.949,0.0,1.949,5
2025-01-15 03:00:00,-1.0,1019.0,2.8,305.0,3.7,1.601,0.0,1.601,5
2025-01-15 04:00:00,-0.8,1018.7,5.1,339.0,6.1,1.033,0.0,1.033,5
2025-01-15 05:00:00,-1.0,1018.9,6.1,350.0,10.6,0.322,0.0,0.322,5
2025-01-15 06:00:00,-2.2,1019.4,9.3,339.0,13.6,-0.233,0.0,-0.233,5
2025-01-15 07:00:00,-3.2,1020.5,7.9,345.0,10.8,-0.453,0.0,-0.453,5
2025-01-15 08:00:00,-4.0,1021.3,6.1,332.0,8.2,-0.42,0.0,-0.42,5
2025-01-15 09:00:00,-4.0,1022.2,6.7,325.0,10.1,0.18,0.0,0.18,5
2025-01-15 10:00:00,-4.5,1022.9,5.8,323.0,7.6,0.801,0.0,0.801,5
2025-01-15 11:00:00,-5.2,1023.5,4.6,310.0,6.1,1.385,0.0,1.385,5
2025-01-15 12:00:00,-5.1,1024.3,5.8,318.0,7.6,1.844,0.0,1.844,5
2025-01-15 13:00:00,-4.9,1024.6,5.1,304.0,7.2,2.254,0.0,2.254,5
2025-01-15 14:00:00,-4.4,1024.9,7.7,314.0,10.1,2.398,0.0,2.398,5
2025-01-15 15:00:00,-3.3,1025.3,7.4,323.0,9.8,2.188,0.0,2.188,5
2025-01-15 16:00:00,-2.7,1024.5,9.1,312.0,11.7,1.811,0.0,1.811,5
2025-01-15 17:00:00,-2.1,1023.7,7.7,321.0,10.0,1.175,0.0,1.175,5
2025-01-15 18:00:00,-1.5,1022.4,8.4,320.0,10.7,0.633,0.0,0.633,5
2025-01-15 19:00:00,-1.2,1021.5,8.0,319.0,10.2,0.157,0.0,0.157,5
2025-01-15 20:00:00,-0.8,1021.6,6.7,304.0,8.1,-0.007,0.0,-0.007,5
2025-01-15 21:00:00,-0.8,1022.2,7.9,320.0,10.7,0.213,0.0,0.213,5
2025-01-15 22:00:00,-1.2,1022.8,5.8,310.0,7.7,0.515,0.0,0.515,5
2025-01-15 23:00:00,-1.8,1023.1,4.0,297.0,5.8,1.083,0.0,1.083,5
2025-01-16 00:00:00,-1.8,1023.0,4.8,299.0,6.8,1.519,0.0,1.519,5
2025-01-16 01:00:00,-2.1,1023.3,4.4,289.0,5.6,1.818,0.0,1.818,5
2025-01-16 02:00:00,-2.6,1023.3,3.9,307.0,5.1,1.975,0.0,1.975,5
2025-01-16 03:00:00,-2.6,1023.2,4.3,309.0,6.0,1.857,0.0,1.857,5
2025-01-16 04:00:00,-2.8,1023.3,4.6,322.0,6.7,1.585,0.0,1.585,5
2025-01-16 05:00:00,-3.5,1022.6,4.4,312.0,5.4,1.027,0.0,1.027,5
2025-01-16 06:00:00,-4.1,1022.2,2.5,301.0,3.2,0.564,0.0,0.564,5
2025-01-16 07:00:00,-4.8,1022.2,3.4,304.0,4.7,0.092,0.0,0.092,5
2025-01-16 08:00:00,-5.1,1021.7,2.8,308.0,4.1,0.059,0.0,0.059,5
2025-01-16 09:00:00,-5.6,1021.1,2.0,291.0,2.4,0.381,0.0,0.381,5
2025-01-16 10:00:00,-6.0,1020.8,2.7,297.0,3.7,0.86,0.0,0.86,5
2025-01-16 11:00:00,-6.0,1020.2,1.5,307.0,2.0,1.437,0.0,1.437,5
2025-01-16 12:00:00,-5.2,1019.7,2.6,17.0,3.2,1.936,0.0,1.936,5
2025-01-16 13:00:00,-5.2,1019.4,1.5,300.0,2.1,2.385,0.0,2.385,5
2025-01-16 14:00:00,-4.8,1019.1,1.6,251.0,2.0,2.71,0.0,2.71,5
2025-01-16 15:00:00,-3.6,1018.6,1.4,251.0,1.8,2.733,0.0,2.733,5
2025-01-16 16:00:00,-2.6,1017.6,2.0,245.0,2.7,2.516,0.0,2.516,5
2025-01-16 17:00:00,-2.4,1015.2,4.4,218.0,5.0,2.205,0.0,2.205,5
2025-01-16 18:00:00,-0.7,1013.1,4.1,218.0,4.9,1.558,0.0,1.558,5
2025-01-16 19:00:00,0.5,1011.6,7.7,225.0,9.3,1.086,0.0,1.086,5
2025-01-16 20:00:00,0.7,1010.8,6.9,222.0,8.0,0.735,0.0,0.735,5
2025-01-16 21:00:00,0.2,1010.1,5.2,235.0,7.0,0.699,0.0,0.699,5
2025-01-16 22:00:00,-0.5,1009.5,4.6,230.0,5.7,0.997,0.0,0.997,5
2025-01-16 23:00:00,0.4,1009.5,3.8,237.0,4.7,1.444,0.0,1.444,5
2025-01-17 00:00:00,1.6,1009.2,3.7,240.0,4.5,1.732,0.0,1.732,5
2025-01-17 01:00:00,2.6,1009.3,3.8,252.0,4.4,2.034,0.0,2.034,5
2025-01-17 02:00:00,3.4,1009.3,2.1,267.0,2.5,2.28,0.0,2.28,5
2025-01-17 03:00:00,2.6,1010.1,3.2,354.0,4.1,2.326,0.0,2.326,5
2025-01-17 04:00:00,2.3,1010.9,5.0,347.0,6.7,2.221,0.0,2.221,5
2025-01-17 05:00:00,1.8,1010.9,4.6,2.0,5.3,1.713,0.0,1.713,5
2025-01-17 06:00:00,1.7,1012.1,4.7,6.0,5.3,1.135,0.0,1.135,5
2025-01-17 07:00:00,1.0,1013.1,4.3,354.0,5.8,0.715,0.0,0.715,5
2025-01-17 08:00:00,0.7,1013.7,5.0,3.0,6.1,0.4,0.0,0.4,5
2025-01-17 09:00:00,0.2,1014.6,4.1,348.0,6.0,0.384,0.0,0.384,5
2025-01-17 10:00:00,0.2,1015.5,4.1,351.0,4.9,0.791,0.0,0.791,5
2025-01-17 11:00:00,0.2,1017.1,2.1,307.0,2.8,1.355,0.0,1.355,5
2025-01-17 12:00:00,-0.2,1018.2,1.7,278.0,2.0,1.89,0.0,1.89,5
2025-01-17 13:00:00,-0.1,1019.4,2.9,264.0,3.8,2.297,0.0,2.297,5
2025-01-17 14:00:00,1.0,1020.4,4.1,285.0,5.6,2.68,0.0,2.68,5
2025-01-17 15:00:00,2.7,1020.9,4.3,309.0,5.9,2.822,0.0,2.822,5
2025-01-17 16:00:00,3.8,1020.7,6.1,291.0,8.7,2.743,0.0,2.743,5
2025-01-17 17:00:00,4.4,1019.7,5.2,336.0,6.8,2.612,0.0,2.612,5
2025-01-17 18:00:00,4.7,1019.0,3.8,322.0,5.0,2.005,0.0,2.005,5
2025-01-17 19:00:00,5.3,1018.6,4.3,290.0,6.5,1.414,0.0,1.414,5
2025-01-17 20:00:00,5.5,1018.8,2.3,287.0,3.3,1.02,0.0,1.02,5
2025-01-17 21:00:00,5.7,1019.0,2.8,259.0,3.3,0.827,0.0,0.827,5
2025-01-17 22:00:00,3.9,1019.8,2.2,185.0,3.0,0.971,0.0,0.971,5
2025-01-17 23:00:00,3.8,1020.3,2.8,205.0,3.3,1.119,0.0,1.119,5
2025-01-18 00:00:00,2.9,1020.5,2.2,220.0,2.5,1.529,0.0,1.529,5
2025-01-18 01:00:00,3.7,1020.3,3.2,187.0,4.6,1.909,0.0,1.909,5
2025-01-18 02:00:00,4.0,1020.5,4.6,190.0,5.9,2.254,0.0,2.254,5
2025-01-18 03:00:00,4.2,1020.7,4.8,197.0,6.2,2.418,0.0,2.418,5
2025-01-18 04:00:00,4.2,1020.4,5.0,199.0,6.8,2.428,0.0,2.428,5
2025-01-18 05:00:00,4.2,1020.0,5.8,205.0,6.7,2.198,0.0,2.198,5
2025-01-18 06:00:00,4.4,1019.1,5.8,200.0,6.5,1.706,0.0,1.706,5
2025-01-18 07:00:00,4.6,1018.9,5.9,203.0,7.1,1.27,0.0,1.27,5
2025-01-18 08:00:00,4.5,1018.4,4.6,199.0,5.4,0.863,0.0,0.863,5
2025-01-18 09:00:00,4.6,1017.4,4.1,189.0,5.2,0.679,0.0,0.679,5
2025-01-18 10:00:00,5.1,1016.5,4.8,179.0,6.5,0.712,0.0,0.712,5
2025-01-18 11:00:00,4.8,1016.7,2.4,189.0,3.3,1.004,0.0,1.004,5
2025-01-18 12:00:00,5.1,1016.2,2.2,186.0,3.5,1.545,0.0,1.545,5
2025-01-18 13:00:00,6.0,1015.6,3.7,170.0,4.9,1.969,0.0,1.969,5
2025-01-18 14:00:00,6.3,1014.9,3.2,165.0,4.6,2.343,0.0,2.343,5
2025-01-18 15:00:00,7.0,1014.2,2.3,160.0,4.6,2.625,0.0,2.625,5
2025-01-18 16:00:00,7.1,1011.7,4.3,155.0,6.6,2.703,0.0,2.703,5
2025-01-18 17:00:00,7.7,1009.8,5.2,161.0,7.7,2.671,0.0,2.671,5
2025-01-18 18:00:00,7.3,1008.5,4.3,225.0,5.4,2.385,0.0,2.385,5
2025-01-18 19:00:00,7.0,1008.0,6.8,213.0,7.7,1.926,0.0,1.926,5
2025-01-18 20:00:00,7.1,1007.2,3.3,202.0,3.8,1.404,0.0,1.404,5
2025-01-18 21:00:00,5.8,1007.0,3.7,208.0,4.2,1.158,0.0,1.158,5
2025-01-18 22:00:00,5.8,1007.3,2.9,201.0,3.4,1.027,0.0,1.027,5
2025-01-18 23:00:00,4.7,1007.3,3.8,215.0,4.1,1.171,0.0,1.171,5
2025-01-19 00:00:00,5.8,1007.5,3.0,222.0,3.7,1.247,0.0,1.247,5
2025-01-19 01:00:00,5.1,1007.4,4.4,216.0,4.7,1.893,0.0,1.893,5
2025-01-19 02:00:00,6.1,1007.7,1.8,261.0,2.1,2.293,0.0,2.293,5
2025-01-19 03:00:00,6.8,1007.7,3.9,289.0,5.2,2.457,0.0,2.457,5
2025-01-19 04:00:00,6.1,1007.9,2.8,294.0,3.8,2.657,0.0,2.657,5
2025-01-19 05:00:00,5.9,1007.9,3.0,298.0,3.9,2.612,0.0,2.612,5
2025-01-19 06:00:00,5.0,1007.7,2.2,325.0,2.5,2.444,0.0,2.444,5
2025-01-19 07:00:00,4.3,1007.9,0.1,14.0,0.4,2.037,0.0,2.037,5
2025-01-19 08:00:00,3.3,1008.1,0.0,273.0,0.3,1.729,0.0,1.729,5
2025-01-19 09:00:00,2.5,1007.9,0.5,321.0,0.5,1.355,0.0,1.355,5
2025-01-19 10:00:00,2.5,1008.3,0.8,310.0,1.2,1.194,0.0,1.194,5
2025-01-19 11:00:00,2.4,1008.3,1.4,7.0,1.7,1.25,0.0,1.25,5
2025-01-19 12:00:00,2.2,1009.1,0.8,4.0,1.1,1.457,0.0,1.457,5
2025-01-19 13:00:00,2.5,1008.6,1.7,7.0,1.9,1.893,0.0,1.893,5
2025-01-19 14:00:00,2.3,1008.9,2.2,24.0,2.9,2.326,0.0,2.326,5
2025-01-19 15:00:00,4.2,1008.1,2.3,41.0,4.1,2.575,0.0,2.575,5
2025-01-19 16:00:00,4.9,1007.5,1.3,66.0,2.7,2.749,0.0,2.749,5
2025-01-19 17:00:00,5.1,1005.6,2.3,34.0,3.3,2.864,0.0,2.864,5
2025-01-19 18:00:00,5.3,1003.4,1.6,61.0,3.2,2.638,0.0,2.638,5
2025-01-19 19:00:00,4.8,1001.9,3.1,26.0,4.2,2.379,0.0,2.379,5
2025-01-19 20:00:00,3.7,1001.3,2.9,20.0,4.2,1.893,0.0,1.893,5
2025-01-19 21:00:00,3.9,1000.2,3.6,33.0,5.2,1.588,0.0,1.588,5
2025-01-19 22:00:00,4.1,999.1,1.5,30.0,2.6,1.496,0.0,1.496,5
2025-01-19 23:00:00,3.2,1001.2,6.8,341.0,8.8,1.467,0.0,1.467,5
2025-01-20 00:00:00,2.1,1003.4,8.6,348.0,11.6,1.483,0.0,1.483,5
2025-01-20 01:00:00,0.8,1004.4,8.9,360.0,11.2,1.558,0.0,1.558,5
2025-01-20 02:00:00,0.5,1006.6,7.1,328.0,9.3,1.696,0.0,1.696,5
2025-01-20 03:00:00,-0.1,1008.2,8.6,325.0,10.2,2.395,0.0,2.395,5
2025-01-20 04:00:00,-0.6,1010.3,9.7,328.0,11.4,2.487,0.0,2.487,5
2025-01-20 05:00:00,-1.7,1011.7,7.9,334.0,10.7,2.621,0.0,2.621,5
2025-01-20 06:00:00,-2.0,1013.2,8.1,336.0,11.2,2.336,0.0,2.336,5
2025-01-20 07:00:00,-2.2,1014.7,8.8,325.0,12.5,2.231,0.0,2.231,5
2025-01-20 08:00:00,-2.3,1016.2,6.5,329.0,8.5,1.572,0.0,1.572,5
2025-01-20 09:00:00,-2.6,1017.4,7.8,337.0,9.8,1.191,0.0,1.191,5
2025-01-20 10:00:00,-3.1,1019.0,5.4,332.0,6.5,0.879,0.0,0.879,5
2025-01-20 11:00:00,-3.5,1020.5,3.8,336.0,5.2,0.741,0.0,0.741,5
2025-01-20 12:00:00,-4.0,1021.8,3.0,334.0,4.1,0.892,0.0,0.892,5
2025-01-20 13:00:00,-4.0,1023.0,2.7,335.0,3.3,1.027,0.0,1.027,5
2025-01-20 14:00:00,-3.1,1024.0,5.1,326.0,6.5,1.601,0.0,1.601,5
2025-01-20 15:00:00,-2.3,1025.0,5.7,355.0,6.6,1.916,0.0,1.916,5
2025-01-20 16:00:00,-2.1,1025.8,6.7,359.0,8.1,2.175,0.0,2.175,5
2025-01-20 17:00:00,-1.8,1025.6,3.6,330.0,5.2,2.29,0.0,2.29,5
2025-01-20 18:00:00,-1.5,1025.3,2.9,321.0,5.0,2.08,0.0,2.08,5
2025-01-20 19:00:00,-1.0,1025.5,8.0,327.0,10.8,2.021,0.0,2.021,5
2025-01-20 20:00:00,-1.5,1026.4,5.1,315.0,7.0,1.434,0.0,1.434,5
2025-01-20 21:00:00,-1.6,1027.7,4.5,305.0,6.3,1.066,0.0,1.066,5
2025-01-20 22:00:00,-2.0,1028.2,5.2,340.0,7.2,0.719,0.0,0.719,5
2025-01-20 23:00:00,-2.8,1029.1,4.7,341.0,6.8,0.397,0.0,0.397,5
2025-01-21 00:00:00,-3.6,1030.1,4.2,337.0,5.3,0.381,0.0,0.381,5
2025-01-21 01:00:00,-4.4,1031.2,5.0,328.0,6.5,0.427,0.0,0.427,5
2025-01-21 02:00:00,-5.1,1031.8,6.7,345.0,9.4,0.764,0.0,0.764,5
2025-01-21 03:00:00,-5.6,1033.0,4.7,334.0,6.4,1.115,0.0,1.115,5
2025-01-21 04:00:00,-6.1,1033.3,4.8,336.0,6.1,1.473,0.0,1.473,5
2025-01-21 05:00:00,-6.4,1033.6,4.6,343.0,6.1,1.562,0.0,1.562,5
2025-01-21 06:00:00,-6.7,1033.6,5.7,350.0,7.3,1.572,0.0,1.572,5
2025-01-21 07:00:00,-7.0,1033.4,6.6,348.0,8.3,1.48,0.0,1.48,5
2025-01-21 08:00:00,-7.9,1034.3,6.5,4.0,8.3,1.142,0.0,1.142,5
2025-01-21 09:00:00,-8.4,1034.7,5.1,7.0,6.2,0.751,0.0,0.751,5
2025-01-21 10:00:00,-8.4,1034.9,4.9,337.0,5.8,0.397,0.0,0.397,5
2025-01-21 11:00:00,-8.8,1035.0,5.8,332.0,7.5,-0.03,0.0,-0.03,5
2025-01-22 00:00:00,-7.1,1032.1,4.2,336.0,5.3,-0.023,0.0,-0.023,6
2025-01-22 01:00:00,-8.3,1032.0,4.2,334.0,5.0,0.0,0.0,0.0,6
2025-01-22 02:00:00,-8.4,1030.5,4.9,356.0,6.1,0.262,0.0,0.262,6
2025-01-22 03:00:00,-8.4,1030.6,6.9,358.0,8.2,0.738,0.0,0.738,6
2025-01-22 04:00:00,-8.2,1031.1,6.1,2.0,7.6,1.06,0.0,1.06,6
2025-01-22 05:00:00,-7.9,1030.9,3.6,27.0,6.3,1.43,0.0,1.43,6
2025-01-22 06:00:00,-7.1,1030.8,5.4,348.0,6.8,1.526,0.0,1.526,6
2025-01-22 07:00:00,-6.6,1031.1,6.3,360.0,8.4,1.529,0.0,1.529,6
2025-01-22 08:00:00,-6.3,1030.1,6.2,8.0,7.5,1.401,0.0,1.401,6
2025-01-22 09:00:00,-6.4,1030.4,6.2,9.0,8.0,1.273,0.0,1.273,6
2025-01-22 10:00:00,-6.4,1030.4,5.2,11.0,6.2,1.214,0.0,1.214,6
2025-01-22 11:00:00,-6.1,1029.6,7.6,18.0,9.7,0.646,0.0,0.646,6
2025-01-22 12:00:00,-6.1,1030.1,6.9,10.0,9.0,0.4,0.0,0.4,6
2025-01-22 13:00:00,-6.6,1030.1,8.3,15.0,11.1,0.564,0.0,0.564,6
2025-01-22 14:00:00,-6.8,1030.9,5.9,25.0,9.5,0.784,0.0,0.784,6
2025-01-22 15:00:00,-7.1,1032.1,8.5,13.0,10.9,0.988,0.0,0.988,6
2025-01-22 16:00:00,-7.1,1032.3,5.3,20.0,6.9,1.247,0.0,1.247,6
2025-01-22 17:00:00,-7.0,1032.4,4.1,28.0,6.1,1.414,0.0,1.414,6
2025-01-22 18:00:00,-6.9,1032.0,3.5,2.0,4.7,1.503,0.0,1.503,6
2025-01-22 19:00:00,-6.2,1031.4,5.3,7.0,6.6,1.631,0.0,1.631,6
2025-01-22 20:00:00,-5.9,1031.6,3.1,28.0,4.5,1.572,0.0,1.572,6
2025-01-22 21:00:00,-5.8,1031.4,2.3,72.0,3.1,1.378,0.0,1.378,6
2025-01-22 22:00:00,-6.4,1031.2,2.2,82.0,2.9,1.224,0.0,1.224,6
2025-01-22 23:00:00,-6.6,1031.8,1.0,74.0,2.0,0.696,0.0,0.696,6
2025-01-23 00:00:00,-6.5,1031.4,2.5,34.0,4.4,0.41,0.0,0.41,6
2025-01-23 01:00:00,-6.4,1031.0,1.4,40.0,2.0,0.272,0.0,0.272,6
2025-01-23 02:00:00,-7.5,1030.7,2.6,336.0,3.0,0.577,0.0,0.577,6
2025-01-23 03:00:00,-8.3,1030.9,2.9,338.0,3.5,0.764,0.0,0.764,6
2025-01-23 04:00:00,-8.2,1029.6,3.5,5.0,4.2,1.198,0.0,1.198,6
2025-01-23 05:00:00,-8.2,1029.3,3.3,337.0,4.1,1.447,0.0,1.447,6
2025-01-23 06:00:00,-8.7,1029.1,3.3,352.0,4.2,1.703,0.0,1.703,6
2025-01-23 07:00:00,-8.6,1028.9,3.4,348.0,4.1,1.913,0.0,1.913,6
2025-01-23 08:00:00,-7.9,1028.1,3.8,342.0,4.6,1.939,0.0,1.939,6
2025-01-23 09:00:00,-7.3,1026.9,4.5,7.0,5.6,1.916,0.0,1.916,6
2025-01-23 10:00:00,-7.6,1027.0,3.8,340.0,4.8,1.713,0.0,1.713,6
2025-01-23 11:00:00,-7.4,1026.7,3.6,354.0,4.5,1.26,0.0,1.26,6
2025-01-23 12:00:00,-7.1,1026.6,2.7,348.0,3.5,1.01,0.0,1.01,6
2025-01-23 13:00:00,-6.6,1026.1,4.9,7.0,6.0,0.843,0.0,0.843,6
2025-01-23 14:00:00,-5.6,1025.8,4.2,0.0,4.8,0.843,0.0,0.843,6
2025-01-23 15:00:00,-4.6,1025.6,4.0,352.0,4.8,0.945,0.0,0.945,6
2025-01-23 16:00:00,-3.6,1025.0,3.8,330.0,4.5,1.155,0.0,1.155,6
2025-01-23 17:00:00,-3.2,1024.0,3.7,325.0,4.8,1.391,0.0,1.391,6
2025-01-23 18:00:00,-2.8,1022.8,4.2,308.0,5.6,1.654,0.0,1.654,6
2025-01-23 19:00:00,-2.1,1022.1,3.2,307.0,4.6,1.801,0.0,1.801,6
2025-01-23 20:00:00,-1.8,1020.8,0.6,288.0,1.7,1.831,0.0,1.831,6
2025-01-23 21:00:00,-1.9,1020.7,1.4,328.0,2.0,1.742,0.0,1.742,6
2025-01-23 22:00:00,-1.8,1020.8,1.4,346.0,1.9,1.598,0.0,1.598,6
2025-01-23 23:00:00,-2.0,1021.2,1.3,308.0,1.5,1.378,0.0,1.378,6
2025-01-24 00:00:00,-2.3,1021.5,1.8,247.0,2.1,0.833,0.0,0.833,6
2025-01-24 01:00:00,-3.2,1021.5,2.4,276.0,3.0,0.581,0.0,0.581,6
2025-01-24 02:00:00,-3.7,1021.6,2.7,275.0,3.5,0.433,0.0,0.433,6
2025-01-24 03:00:00,-3.9,1021.6,2.0,247.0,2.5,0.61,0.0,0.61,6
2025-01-24 04:00:00,-4.2,1021.6,2.1,245.0,2.7,0.896,0.0,0.896,6
2025-01-24 05:00:00,-4.3,1021.3,2.6,270.0,3.2,1.224,0.0,1.224,6
2025-01-24 06:00:00,-4.3,1020.8,3.3,257.0,4.5,1.552,0.0,1.552,6
2025-01-24 07:00:00,-3.4,1021.2,4.0,291.0,5.3,1.801,0.0,1.801,6
2025-01-24 08:00:00,-4.7,1021.4,3.8,287.0,4.9,1.844,0.0,1.844,6
2025-01-24 09:00:00,-3.8,1021.2,3.6,313.0,4.4,1.88,0.0,1.88,6
2025-01-24 10:00:00,-3.3,1021.7,3.5,337.0,4.2,1.726,0.0,1.726,6
2025-01-24 11:00:00,-4.4,1022.5,2.2,318.0,2.9,1.453,0.0,1.453,6
2025-01-24 12:00:00,-3.8,1022.8,2.2,356.0,3.0,1.033,0.0,1.033,6
2025-01-24 13:00:00,-3.1,1022.8,2.4,6.0,2.8,0.715,0.0,0.715,6
2025-01-24 14:00:00,-1.6,1023.3,1.8,358.0,2.4,0.554,0.0,0.554,6
2025-01-24 15:00:00,-0.2,1023.4,1.3,17.0,2.0,0.528,0.0,0.528,6
2025-01-24 16:00:00,0.9,1023.3,3.2,13.0,4.9,0.564,0.0,0.564,6
2025-01-24 17:00:00,1.6,1022.5,4.3,17.0,6.2,0.82,0.0,0.82,6
2025-01-24 18:00:00,1.4,1021.4,4.4,70.0,5.5,1.142,0.0,1.142,6
2025-01-24 19:00:00,1.1,1021.0,3.3,70.0,5.2,1.348,0.0,1.348,6
2025-01-24 20:00:00,0.6,1020.9,2.6,86.0,4.2,1.444,0.0,1.444,6
2025-01-24 21:00:00,0.6,1021.5,1.5,127.0,2.1,1.444,0.0,1.444,6
2025-01-24 22:00:00,0.7,1022.1,1.1,129.0,1.6,1.407,0.0,1.407,6
2025-01-24 23:00:00,0.8,1023.0,1.4,200.0,1.8,1.178,0.0,1.178,6
2025-01-25 00:00:00,0.7,1023.4,1.6,181.0,2.1,0.702,0.0,0.702,6
2025-01-25 01:00:00,0.2,1023.8,1.1,5.0,1.6,0.44,0.0,0.44,6
2025-01-25 02:00:00,-1.0,1023.9,1.6,23.0,2.0,0.203,0.0,0.203,6
2025-01-25 03:00:00,-1.5,1024.7,1.3,7.0,1.5,0.262,0.0,0.262,6
2025-01-25 04:00:00,-2.0,1024.5,0.8,18.0,1.2,0.436,0.0,0.436,6
2025-01-25 05:00:00,-2.4,1025.0,1.6,15.0,1.8,0.837,0.0,0.837,6
2025-01-25 06:00:00,-2.3,1025.0,1.5,7.0,1.7,1.115,0.0,1.115,6
2025-01-25 07:00:00,-2.0,1025.8,2.1,14.0,2.7,1.552,0.0,1.552,6
2025-01-25 08:00:00,-2.4,1026.1,2.1,357.0,2.5,1.916,0.0,1.916,6
2025-01-25 09:00:00,-2.5,1026.3,2.2,346.0,2.5,2.093,0.0,2.093,6
2025-01-25 10:00:00,-2.5,1026.5,1.7,333.0,2.4,2.07,0.0,2.07,6
2025-01-25 11:00:00,-3.2,1027.7,2.5,354.0,3.4,1.936,0.0,1.936,6
2025-01-25 12:00:00,-3.1,1028.3,3.0,6.0,3.8,1.696,0.0,1.696,6
2025-01-25 13:00:00,-2.9,1028.9,1.9,341.0,2.6,1.283,0.0,1.283,6
2025-01-25 14:00:00,-2.0,1029.5,2.9,7.0,3.6,0.837,0.0,0.837,6
2025-01-25 15:00:00,-1.1,1029.7,3.7,5.0,4.6,0.505,0.0,0.505,6
2025-01-25 16:00:00,-0.7,1029.4,2.9,30.0,3.8,0.443,0.0,0.443,6
2025-01-25 17:00:00,0.8,1028.4,1.6,109.0,3.0,0.561,0.0,0.561,6
2025-01-26 05:00:00,0.9,1024.8,6.1,222.0,7.2,0.102,0.0,0.102,7
2025-01-26 06:00:00,1.6,1023.9,4.8,229.0,6.1,0.4,0.0,0.4,7
2025-01-26 07:00:00,0.7,1023.3,5.1,219.0,5.8,0.955,0.0,0.955,7
2025-01-26 08:00:00,0.5,1022.6,5.0,216.0,5.6,1.339,0.0,1.339,7
2025-01-26 09:00:00,2.9,1021.8,4.8,250.0,5.9,1.66,0.0,1.66,7
2025-01-26 10:00:00,2.8,1021.9,4.1,264.0,5.4,1.847,0.0,1.847,7
2025-01-26 11:00:00,2.0,1022.0,3.3,269.0,4.2,1.765,0.0,1.765,7
2025-01-26 12:00:00,1.7,1022.2,3.6,251.0,4.2,1.558,0.0,1.558,7
2025-01-26 13:00:00,1.2,1022.3,2.5,235.0,3.0,1.214,0.0,1.214,7
2025-01-26 14:00:00,3.8,1022.4,4.9,283.0,6.6,0.735,0.0,0.735,7
2025-01-26 15:00:00,5.4,1022.4,5.8,280.0,7.4,0.289,0.0,0.289,7
2025-01-26 16:00:00,6.9,1022.1,5.8,282.0,8.4,-0.033,0.0,-0.033,7
2025-01-27 04:00:00,0.6,1020.6,0.0,257.0,0.1,-0.367,0.0,-0.367,8
2025-01-27 05:00:00,0.7,1019.8,0.2,243.0,0.4,-0.299,0.0,-0.299,8
2025-01-27 06:00:00,-0.5,1019.0,0.1,246.0,0.6,0.059,0.0,0.059,8
2025-01-27 07:00:00,-0.5,1018.5,0.6,11.0,0.8,0.686,0.0,0.686,8
2025-01-27 08:00:00,-0.1,1018.4,2.0,334.0,2.3,1.083,0.0,1.083,8
2025-01-27 09:00:00,0.9,1017.8,2.5,288.0,3.8,1.657,0.0,1.657,8
2025-01-27 10:00:00,0.7,1017.3,1.7,340.0,1.9,1.991,0.0,1.991,8
2025-01-27 11:00:00,0.4,1017.5,1.7,285.0,2.0,2.175,0.0,2.175,8
2025-01-27 12:00:00,0.5,1017.7,1.9,6.0,2.3,2.103,0.0,2.103,8
2025-01-27 13:00:00,0.8,1018.5,1.1,351.0,1.5,1.936,0.0,1.936,8
2025-01-27 14:00:00,2.3,1019.2,2.7,10.0,3.4,1.535,0.0,1.535,8
2025-01-27 15:00:00,5.3,1019.3,4.9,326.0,6.1,1.017,0.0,1.017,8
2025-01-27 16:00:00,5.2,1018.8,2.7,27.0,3.5,0.407,0.0,0.407,8
2025-01-27 17:00:00,5.8,1017.1,1.9,115.0,2.5,0.098,0.0,0.098,8
2025-01-27 18:00:00,4.8,1015.5,3.3,172.0,4.1,0.174,0.0,0.174,8
2025-01-27 19:00:00,5.4,1014.1,1.9,144.0,2.8,0.476,0.0,0.476,8
2025-01-27 20:00:00,4.4,1013.2,2.9,179.0,3.8,0.988,0.0,0.988,8
2025-01-27 21:00:00,4.0,1012.4,3.0,193.0,4.0,1.391,0.0,1.391,8
2025-01-27 22:00:00,3.5,1011.8,4.0,212.0,4.5,1.703,0.0,1.703,8
2025-01-27 23:00:00,2.9,1011.0,2.3,198.0,2.8,1.791,0.0,1.791,8
2025-01-28 00:00:00,2.8,1010.1,2.9,198.0,3.6,1.709,0.0,1.709,8
2025-01-28 01:00:00,2.5,1009.2,2.2,218.0,2.4,1.407,0.0,1.407,8
2025-01-28 02:00:00,2.3,1008.5,2.2,229.0,2.6,1.017,0.0,1.017,8
2025-01-28 03:00:00,2.5,1007.5,2.7,210.0,3.1,0.466,0.0,0.466,8
2025-01-28 04:00:00,4.0,1006.5,4.5,251.0,5.7,-0.003,0.0,-0.003,8
2025-01-28 05:00:00,4.6,1006.0,2.9,239.0,3.7,-0.24,0.0,-0.24,8
2025-01-28 06:00:00,4.1,1005.0,3.1,232.0,4.1,-0.144,0.0,-0.144,8
2025-01-28 07:00:00,4.6,1004.3,4.6,267.0,6.4,0.24,0.0,0.24,8
2025-01-28 08:00:00,4.6,1003.9,6.2,276.0,8.6,0.807,0.0,0.807,8
2025-01-28 09:00:00,3.9,1003.6,4.8,280.0,6.1,1.381,0.0,1.381,8
2025-01-28 10:00:00,4.0,1003.5,4.6,263.0,6.7,1.768,0.0,1.768,8
2025-01-28 11:00:00,4.1,1003.8,5.3,267.0,6.8,2.126,0.0,2.126,8
2025-01-28 12:00:00,4.2,1004.4,4.5,265.0,5.7,2.27,0.0,2.27,8
2025-01-28 13:00:00,4.5,1005.2,5.2,280.0,6.6,2.146,0.0,2.146,8
2025-01-28 14:00:00,5.5,1006.3,4.7,317.0,7.0,1.814,0.0,1.814,8
2025-01-28 15:00:00,6.6,1006.9,3.5,289.0,4.4,1.168,0.0,1.168,8
2025-01-28 16:00:00,7.7,1007.0,6.4,284.0,8.7,0.423,0.0,0.423,8
2025-01-28 17:00:00,7.9,1006.4,9.5,319.0,12.7,-0.033,0.0,-0.033,8
2025-01-28 18:00:00,8.1,1006.2,5.9,325.0,8.4,-0.23,0.0,-0.23,8
2025-01-28 19:00:00,8.1,1006.2,6.6,311.0,9.5,-0.21,0.0,-0.21,8
2025-01-29 06:00:00,3.4,1002.7,3.8,214.0,4.1,-0.515,0.0,-0.515,9
2025-01-29 07:00:00,4.6,1001.8,4.4,227.0,5.6,-0.315,0.0,-0.315,9
2025-01-29 08:00:00,5.8,1001.6,3.4,245.0,5.0,0.18,0.0,0.18,9
2025-01-29 09:00:00,7.5,1001.3,6.6,267.0,8.9,0.915,0.0,0.915,9
2025-01-29 10:00:00,7.6,1001.2,6.6,261.0,9.6,1.47,0.0,1.47,9
2025-01-29 11:00:00,6.6,1001.2,5.0,260.0,6.4,1.936,0.0,1.936,9
2025-01-29 12:00:00,6.8,1001.2,4.0,272.0,5.0,2.29,0.0,2.29,9
2025-01-29 13:00:00,6.3,1001.1,3.7,251.0,4.2,2.379,0.0,2.379,9
2025-01-29 14:00:00,8.1,1001.4,5.0,248.0,6.6,2.178,0.0,2.178,9
2025-01-29 15:00:00,10.4,1001.6,7.7,252.0,9.7,1.814,0.0,1.814,9
2025-01-29 16:00:00,11.8,1001.2,6.3,264.0,8.1,1.079,0.0,1.079,9
2025-01-29 17:00:00,13.1,1000.0,9.2,272.0,14.2,0.545,0.0,0.545,9
2025-01-29 18:00:00,13.6,999.0,10.7,270.0,14.4,0.112,0.0,0.112,9
2025-01-29 19:00:00,14.6,999.3,9.5,267.0,14.3,-0.049,0.0,-0.049,9
2025-01-29 20:00:00,15.0,1000.2,9.1,289.0,13.5,0.118,0.0,0.118,9
2025-01-29 21:00:00,14.7,1001.4,8.6,324.0,11.4,0.682,0.0,0.682,9
2025-01-29 22:00:00,13.3,1003.4,6.6,324.0,8.1,1.263,0.0,1.263,9
2025-01-29 23:00:00,10.5,1005.3,5.8,343.0,7.9,1.732,0.0,1.732,9
2025-01-30 00:00:00,9.5,1007.1,5.8,337.0,8.0,2.008,0.0,2.008,9
2025-01-30 01:00:00,9.1,1008.2,6.2,332.0,9.0,2.051,0.0,2.051,9
2025-01-30 02:00:00,8.8,1010.0,5.5,328.0,7.0,1.87,0.0,1.87,9
2025-01-30 03:00:00,7.8,1011.4,4.6,323.0,6.3,1.467,0.0,1.467,9
2025-01-30 04:00:00,7.1,1012.7,4.1,323.0,6.1,0.82,0.0,0.82,9
2025-01-30 05:00:00,6.9,1013.7,4.7,320.0,6.5,0.213,0.0,0.213,9
2025-01-30 06:00:00,6.5,1014.5,3.0,298.0,3.7,-0.262,0.0,-0.262,9
2025-01-30 07:00:00,5.5,1015.6,1.7,311.0,2.2,-0.315,0.0,-0.315,9
2025-01-30 08:00:00,3.8,1016.6,1.1,11.0,1.4,-0.157,0.0,-0.157,9
2025-01-30 09:00:00,3.6,1017.7,2.8,337.0,3.5,0.538,0.0,0.538,9
2025-01-30 10:00:00,3.3,1019.0,3.3,337.0,3.7,1.214,0.0,1.214,9
2025-01-30 11:00:00,1.9,1019.9,1.9,331.0,2.1,1.696,0.0,1.696,9
2025-01-30 12:00:00,1.4,1021.6,0.0,195.0,0.0,2.139,0.0,2.139,9
2025-01-30 13:00:00,2.9,1022.9,1.6,43.0,2.4,2.434,0.0,2.434,9
2025-01-30 14:00:00,3.8,1024.0,1.4,94.0,2.7,2.411,0.0,2.411,9
2025-01-30 15:00:00,3.7,1024.2,2.2,74.0,3.3,2.07,0.0,2.07,9
2025-01-30 16:00:00,4.4,1024.8,2.2,101.0,3.2,1.499,0.0,1.499,9
2025-01-30 17:00:00,3.8,1024.8,3.3,79.0,4.6,0.758,0.0,0.758,9
2025-01-30 18:00:00,3.8,1023.5,3.9,80.0,5.5,0.121,0.0,0.121,9
2025-01-30 19:00:00,4.5,1023.9,3.2,104.0,4.4,-0.262,0.0,-0.262,9
2025-01-30 20:00:00,4.2,1023.5,3.1,179.0,4.7,-0.292,0.0,-0.292,9
2025-01-30 21:00:00,4.8,1023.5,2.8,181.0,3.8,0.036,0.0,0.036,9
2025-01-30 22:00:00,3.6,1023.6,2.3,187.0,2.8,0.801,0.0,0.801,9
2025-01-30 23:00:00,3.5,1023.6,2.1,179.0,2.7,1.329,0.0,1.329,9
2025-01-31 00:00:00,4.1,1023.2,2.4,155.0,3.2,1.768,0.0,1.768,9
2025-01-31 01:00:00,4.4,1023.7,2.6,178.0,3.5,2.005,0.0,2.005,9
2025-01-31 02:00:00,4.1,1023.3,1.2,201.0,1.5,2.001,0.0,2.001,9
2025-01-31 03:00:00,4.4,1022.4,2.7,186.0,3.7,1.703,0.0,1.703,9
2025-01-31 04:00:00,4.5,1022.3,1.5,213.0,1.8,1.309,0.0,1.309,9
2025-01-31 05:00:00,5.5,1021.3,4.7,179.0,6.5,0.61,0.0,0.61,9
2025-01-31 06:00:00,5.1,1020.6,3.8,228.0,4.8,-0.01,0.0,-0.01,9
2025-01-31 07:00:00,5.9,1020.4,4.7,221.0,6.0,-0.39,0.0,-0.39,9
2025-01-31 08:00:00,5.0,1019.3,3.3,226.0,3.9,-0.377,0.0,-0.377,9
2025-01-31 09:00:00,5.2,1017.8,2.1,215.0,2.8,0.026,0.0,0.026,9
2025-01-31 10:00:00,5.8,1016.8,1.8,196.0,3.0,0.682,0.0,0.682,9
2025-01-31 11:00:00,5.5,1015.1,1.7,171.0,2.7,1.404,0.0,1.404,9
2025-01-31 12:00:00,5.9,1014.3,5.8,214.0,6.7,1.988,0.0,1.988,9
2025-01-31 13:00:00,8.5,1014.6,5.6,244.0,7.0,2.474,0.0,2.474,9
2025-01-31 14:00:00,9.2,1015.1,4.5,251.0,5.7,2.657,0.0,2.657,9
2025-01-31 15:00:00,10.7,1013.8,8.4,250.0,11.1,2.516,0.0,2.516,9
2025-01-31 16:00:00,10.6,1012.6,7.3,234.0,9.1,2.09,0.0,2.09,9
2025-01-31 17:00:00,11.1,1011.2,8.1,248.0,10.4,1.703,0.0,1.703,9
2025-01-31 18:00:00,10.3,1010.7,4.5,226.0,5.7,0.925,0.0,0.925,9
2025-01-31 19:00:00,7.9,1009.9,6.6,215.0,7.5,0.279,0.0,0.279,9
2025-01-31 20:00:00,10.1,1008.5,7.4,228.0,8.7,0.039,0.0,0.039,9
2025-01-31 21:00:00,9.0,1007.8,6.5,212.0,7.2,0.164,0.0,0.164,9
2025-01-31 22:00:00,8.6,1007.0,6.4,219.0,7.4,0.587,0.0,0.587,9
2025-02-01 00:00:00,8.4,1007.4,3.4,227.0,4.1,1.745,0.0,1.745,9
2025-02-01 01:00:00,6.7,1006.1,1.9,209.0,2.5,2.119,0.0,2.119,9
2025-02-01 02:00:00,6.5,1005.6,2.6,201.0,3.0,2.346,0.0,2.346,9
2025-02-01 03:00:00,9.3,1005.9,2.4,259.0,2.8,2.251,0.0,2.251,9
2025-02-01 04:00:00,9.1,1005.1,2.9,183.0,4.0,2.057,0.0,2.057,9
2025-02-01 05:00:00,8.3,1004.6,2.2,228.0,2.9,1.483,0.0,1.483,9
2025-02-01 06:00:00,11.2,1004.5,3.7,274.0,5.2,0.853,0.0,0.853,9
2025-02-01 07:00:00,10.3,1002.7,1.1,196.0,1.3,0.322,0.0,0.322,9
2025-02-01 08:00:00,9.0,1001.7,1.8,170.0,2.3,0.131,0.0,0.131,9
2025-02-01 09:00:00,7.6,1003.2,1.4,199.0,1.9,0.2,0.0,0.2,9
2025-02-01 10:00:00,10.4,1003.1,2.3,283.0,2.9,0.453,0.0,0.453,9
2025-02-01 11:00:00,11.2,1004.5,4.2,302.0,6.0,1.214,0.0,1.214,9
2025-02-01 12:00:00,10.9,1006.5,6.3,323.0,8.1,1.608,0.0,1.608,9
2025-02-01 13:00:00,7.6,1009.8,11.3,10.0,13.8,2.297,0.0,2.297,9
2025-02-01 14:00:00,6.4,1013.1,7.4,10.0,9.2,2.671,0.0,2.671,9
2025-02-01 15:00:00,6.4,1015.4,6.7,4.0,8.3,2.644,0.0,2.644,9
2025-02-01 16:00:00,5.6,1017.0,9.3,359.0,11.8,2.388,0.0,2.388,9
2025-02-01 17:00:00,5.6,1018.0,8.8,6.0,12.1,2.073,0.0,2.073,9
2025-02-01 18:00:00,4.8,1018.9,7.9,15.0,10.5,1.28,0.0,1.28,9
2025-02-01 19:00:00,5.3,1020.6,4.9,19.0,7.2,0.659,0.0,0.659,9
2025-02-01 20:00:00,6.3,1021.9,6.6,354.0,8.1,-0.026,0.0,-0.026,9
2025-02-01 21:00:00,5.4,1023.2,5.0,30.0,7.1,0.033,0.0,0.033,9
2025-02-01 22:00:00,4.9,1024.2,6.1,34.0,8.1,0.292,0.0,0.292,9
2025-02-01 23:00:00,4.0,1025.6,6.3,19.0,9.2,0.899,0.0,0.899,9
2025-02-02 00:00:00,3.3,1026.4,6.5,3.0,9.3,1.417,0.0,1.417,9
2025-02-02 01:00:00,2.9,1027.1,7.8,12.0,10.4,2.047,0.0,2.047,9
2025-02-02 02:00:00,2.4,1028.4,6.3,27.0,9.2,2.536,0.0,2.536,9
2025-02-02 03:00:00,1.4,1029.0,4.1,37.0,7.3,2.746,0.0,2.746,9
2025-02-02 04:00:00,0.7,1030.2,3.3,45.0,5.9,2.674,0.0,2.674,9
2025-02-02 05:00:00,0.5,1030.5,2.7,55.0,6.6,2.365,0.0,2.365,9
2025-02-02 06:00:00,0.3,1030.7,3.7,71.0,6.2,1.886,0.0,1.886,9
2025-02-02 07:00:00,0.3,1030.6,4.4,71.0,6.8,1.188,0.0,1.188,9
2025-02-02 08:00:00,0.4,1031.0,3.6,64.0,6.1,0.61,0.0,0.61,9
2025-02-02 09:00:00,0.4,1030.9,2.4,67.0,4.2,0.381,0.0,0.381,9
2025-02-02 10:00:00,0.3,1030.9,3.3,29.0,5.4,0.584,0.0,0.584,9
2025-02-02 11:00:00,1.5,1031.5,3.8,88.0,5.6,0.958,0.0,0.958,9
2025-02-02 12:00:00,1.7,1031.9,3.4,89.0,4.9,1.588,0.0,1.588,9
2025-02-02 13:00:00,2.5,1032.0,2.2,77.0,3.4,2.057,0.0,2.057,9
2025-02-02 14:00:00,3.9,1032.2,2.7,120.0,3.9,2.523,0.0,2.523,9
2025-02-02 15:00:00,4.0,1031.8,2.4,127.0,3.2,2.766,0.0,2.766,9
2025-02-02 16:00:00,4.6,1030.7,3.1,117.0,4.7,2.818,0.0,2.818,9
2025-02-02 17:00:00,4.6,1029.2,4.6,122.0,6.2,2.575,0.0,2.575,9
2025-02-02 18:00:00,5.1,1028.6,2.6,135.0,3.6,2.26,0.0,2.26,9
2025-02-02 19:00:00,4.8,1027.4,1.2,86.0,1.7,1.647,0.0,1.647,9
2025-02-02 20:00:00,4.5,1026.5,1.1,113.0,1.6,0.994,0.0,0.994,9
2025-02-02 21:00:00,4.6,1025.9,1.1,112.0,1.5,0.614,0.0,0.614,9
2025-02-02 22:00:00,4.6,1025.7,1.1,181.0,1.6,0.627,0.0,0.627,9
2025-02-02 23:00:00,4.3,1025.5,1.4,167.0,1.7,0.866,0.0,0.866,9
2025-02-03 00:00:00,4.0,1024.9,1.8,179.0,2.2,1.385,0.0,1.385,9
2025-02-03 01:00:00,4.1,1024.5,1.0,176.0,1.4,1.959,0.0,1.959,9
2025-02-03 02:00:00,3.8,1023.9,2.8,205.0,3.1,2.356,0.0,2.356,9
2025-02-03 03:00:00,4.3,1023.5,1.6,237.0,1.9,2.73,0.0,2.73,9
2025-02-03 04:00:00,4.6,1022.4,3.4,225.0,4.0,2.831,0.0,2.831,9
2025-02-03 05:00:00,4.9,1021.9,2.4,265.0,2.9,2.69,0.0,2.69,9
2025-02-03 06:00:00,4.1,1022.2,2.8,312.0,3.3,2.425,0.0,2.425,9
2025-02-03 07:00:00,4.3,1021.8,1.8,271.0,2.1,1.781,0.0,1.781,9
2025-02-03 08:00:00,5.1,1020.9,2.8,255.0,3.3,1.184,0.0,1.184,9
2025-02-03 09:00:00,5.4,1020.4,1.7,270.0,2.4,0.676,0.0,0.676,9
2025-02-03 10:00:00,4.9,1020.3,2.7,218.0,3.0,0.594,0.0,0.594,9
2025-02-03 11:00:00,4.3,1020.6,2.0,199.0,2.2,0.6,0.0,0.6,9
2025-02-03 12:00:00,3.8,1021.0,0.9,201.0,1.1,0.915,0.0,0.915,9
2025-02-03 13:00:00,4.6,1021.6,0.4,188.0,0.7,1.486,0.0,1.486,9
2025-02-03 14:00:00,5.1,1021.5,1.6,189.0,2.5,1.952,0.0,1.952,9
2025-02-03 15:00:00,5.3,1021.2,3.4,185.0,4.6,2.31,0.0,2.31,9
2025-02-03 16:00:00,4.7,1020.4,4.0,191.0,5.2,2.53,0.0,2.53,9
2025-02-03 17:00:00,4.4,1019.5,4.3,198.0,5.2,2.477,0.0,2.477,9
2025-02-03 18:00:00,4.8,1018.2,3.7,193.0,5.6,2.205,0.0,2.205,9
2025-02-03 19:00:00,5.1,1016.9,4.7,198.0,5.5,1.706,0.0,1.706,9
2025-02-03 20:00:00,5.0,1016.5,3.5,194.0,5.0,1.129,0.0,1.129,9
2025-02-03 21:00:00,4.0,1015.6,5.8,205.0,7.0,0.623,0.0,0.623,9
2025-02-03 22:00:00,3.7,1015.3,5.7,207.0,7.0,0.354,0.0,0.354,9
2025-02-03 23:00:00,3.6,1014.4,5.6,205.0,7.0,0.443,0.0,0.443,9
2025-02-04 00:00:00,3.6,1013.9,7.6,205.0,9.2,0.712,0.0,0.712,9
2025-02-04 01:00:00,4.0,1013.5,7.2,211.0,8.1,1.302,0.0,1.302,9
2025-02-04 02:00:00,5.6,1012.8,6.7,219.0,8.1,1.729,0.0,1.729,9
2025-02-04 03:00:00,7.1,1012.0,7.4,217.0,8.7,2.205,0.0,2.205,9
2025-02-04 04:00:00,7.5,1011.3,5.5,218.0,6.9,2.539,0.0,2.539,9
2025-02-04 05:00:00,5.9,1010.9,5.4,211.0,5.8,2.513,0.0,2.513,9
2025-02-04 06:00:00,7.5,1010.0,5.0,218.0,6.0,2.428,0.0,2.428,9
2025-02-04 07:00:00,10.9,1009.4,5.9,248.0,7.7,2.175,0.0,2.175,9
2025-02-04 08:00:00,11.7,1008.7,6.3,262.0,8.0,1.598,0.0,1.598,9
2025-02-04 09:00:00,11.2,1008.2,6.2,259.0,7.9,1.089,0.0,1.089,9
2025-02-04 10:00:00,11.4,1008.0,5.7,265.0,6.6,0.61,0.0,0.61,9
2025-02-04 11:00:00,10.8,1008.1,5.8,278.0,7.6,0.492,0.0,0.492,9
2025-02-04 12:00:00,10.8,1008.6,5.5,288.0,7.8,0.509,0.0,0.509,9
2025-02-04 13:00:00,11.1,1009.2,5.8,286.0,7.6,0.899,0.0,0.899,9
2025-02-04 14:00:00,11.5,1010.7,4.2,341.0,4.8,1.388,0.0,1.388,9
2025-02-04 15:00:00,13.1,1011.2,4.7,336.0,6.0,1.818,0.0,1.818,9
2025-02-04 16:00:00,13.7,1011.9,5.2,9.0,6.2,2.152,0.0,2.152,9
2025-02-04 17:00:00,12.0,1012.2,2.7,68.0,4.3,2.369,0.0,2.369,9
2025-02-04 18:00:00,11.3,1013.0,3.6,40.0,6.3,2.241,0.0,2.241,9
2025-02-04 19:00:00,9.3,1014.5,8.3,29.0,11.5,2.037,0.0,2.037,9
2025-02-04 20:00:00,9.6,1015.3,5.6,33.0,8.3,1.473,0.0,1.473,9
2025-02-04 21:00:00,8.8,1016.5,7.6,26.0,10.3,0.909,0.0,0.909,9
2025-02-04 22:00:00,8.1,1018.0,5.8,19.0,8.5,0.482,0.0,0.482,9
2025-02-04 23:00:00,7.9,1019.6,5.0,33.0,6.9,0.269,0.0,0.269,9
2025-02-05 00:00:00,7.6,1021.2,5.0,13.0,6.4,0.423,0.0,0.423,9
2025-02-05 01:00:00,7.1,1021.6,4.9,16.0,7.3,0.827,0.0,0.827,9
2025-02-05 02:00:00,6.7,1022.3,6.2,18.0,9.5,1.381,0.0,1.381,9
2025-02-05 03:00:00,5.9,1022.7,4.7,21.0,7.2,1.873,0.0,1.873,9
2025-02-05 04:00:00,5.0,1023.9,2.9,26.0,4.5,2.29,0.0,2.29,9
2025-02-05 05:00:00,4.7,1024.5,3.5,30.0,4.8,2.585,0.0,2.585,9
2025-02-05 06:00:00,4.3,1024.9,2.1,18.0,3.2,2.625,0.0,2.625,9
2025-02-05 07:00:00,4.0,1024.9,1.8,21.0,2.7,2.405,0.0,2.405,9
2025-02-05 08:00:00,3.6,1025.2,3.4,7.0,4.1,2.172,0.0,2.172,9
2025-02-05 09:00:00,3.3,1025.0,2.0,33.0,3.2,1.781,0.0,1.781,9
2025-02-05 10:00:00,2.1,1025.8,1.8,320.0,2.0,1.138,0.0,1.138,9
2025-02-05 11:00:00,1.9,1026.2,2.2,350.0,2.6,0.666,0.0,0.666,9
2025-02-05 12:00:00,1.7,1027.0,2.9,355.0,3.5,0.453,0.0,0.453,9
2025-02-05 13:00:00,2.3,1027.5,4.3,10.0,5.3,0.515,0.0,0.515,9
2025-02-05 14:00:00,2.4,1028.4,3.7,18.0,5.1,0.725,0.0,0.725,9
2025-02-05 15:00:00,2.7,1028.8,2.9,29.0,3.9,1.125,0.0,1.125,9
2025-02-05 16:00:00,2.8,1028.8,1.9,44.0,3.7,1.578,0.0,1.578,9
2025-02-05 17:00:00,2.5,1028.3,2.7,36.0,3.8,1.883,0.0,1.883,9
2025-02-05 18:00:00,2.4,1027.2,2.8,35.0,5.2,1.978,0.0,1.978,9
2025-02-05 19:00:00,2.3,1026.9,1.7,66.0,3.7,1.837,0.0,1.837,9
2025-02-05 20:00:00,1.8,1027.0,3.1,75.0,5.0,1.67,0.0,1.67,9
2025-02-05 21:00:00,1.8,1026.9,2.4,97.0,3.4,1.181,0.0,1.181,9
2025-02-05 22:00:00,1.7,1027.1,2.8,92.0,3.4,0.814,0.0,0.814,9
2025-02-05 23:00:00,1.8,1027.1,1.8,84.0,2.8,0.427,0.0,0.427,9
2025-02-06 00:00:00,2.1,1026.9,2.2,119.0,3.4,0.2,0.0,0.2,9
2025-02-06 01:00:00,2.1,1026.8,2.4,110.0,3.1,0.4,0.0,0.4,9
2025-02-06 02:00:00,2.0,1026.1,3.7,121.0,5.3,0.797,0.0,0.797,9
2025-02-06 03:00:00,1.3,1026.6,3.0,108.0,4.4,1.329,0.0,1.329,9
2025-02-06 04:00:00,1.3,1025.9,3.2,102.0,4.2,1.85,0.0,1.85,9
2025-02-06 05:00:00,1.4,1025.3,3.6,80.0,5.1,2.231,0.0,2.231,9
2025-02-06 06:00:00,1.7,1024.3,4.0,89.0,6.2,2.533,0.0,2.533,9
2025-02-06 07:00:00,1.8,1023.5,4.9,92.0,7.6,2.694,0.0,2.694,9
2025-02-06 08:00:00,1.9,1022.3,5.5,100.0,8.2,2.602,0.0,2.602,9
2025-02-06 09:00:00,2.5,1020.5,5.1,94.0,8.0,2.464,0.0,2.464,9
2025-02-06 10:00:00,3.6,1019.5,4.2,98.0,6.1,2.178,0.0,2.178,9
2025-02-06 11:00:00,4.2,1018.2,4.6,103.0,6.5,1.781,0.0,1.781,9
2025-02-06 12:00:00,4.5,1016.3,4.4,109.0,7.2,1.204,0.0,1.204,9
2025-02-06 13:00:00,5.1,1015.8,1.6,111.0,2.1,1.132,0.0,1.132,9
2025-02-06 14:00:00,5.4,1015.6,3.4,286.0,4.2,1.24,0.0,1.24,9
2025-02-06 15:00:00,5.4,1014.3,2.7,276.0,3.1,1.434,0.0,1.434,9
2025-02-06 16:00:00,6.2,1013.0,2.5,275.0,3.1,1.631,0.0,1.631,9
2025-02-06 17:00:00,6.7,1013.0,6.4,275.0,9.5,1.985,0.0,1.985,9
2025-02-06 18:00:00,6.5,1011.8,6.7,283.0,9.6,2.192,0.0,2.192,9
2025-02-06 19:00:00,6.9,1009.8,6.7,244.0,8.1,2.323,0.0,2.323,9
2025-02-06 20:00:00,7.6,1009.5,8.8,252.0,11.3,2.238,0.0,2.238,9
2025-02-06 21:00:00,7.3,1010.0,7.4,256.0,9.4,2.211,0.0,2.211,9
2025-02-06 22:00:00,7.0,1009.9,5.1,248.0,6.5,1.745,0.0,1.745,9
2025-02-06 23:00:00,7.1,1010.3,5.7,245.0,7.4,1.253,0.0,1.253,9
2025-02-07 00:00:00,6.7,1010.0,4.8,236.0,6.6,0.869,0.0,0.869,9
2025-02-07 01:00:00,6.7,1010.4,3.7,238.0,5.0,0.738,0.0,0.738,9
2025-02-07 02:00:00,7.1,1010.2,4.4,241.0,5.9,0.837,0.0,0.837,9
2025-02-07 03:00:00,5.6,1010.1,3.3,221.0,3.7,1.033,0.0,1.033,9
2025-02-07 04:00:00,5.3,1009.4,3.3,204.0,4.1,1.457,0.0,1.457,9
2025-02-07 05:00:00,5.7,1009.1,4.3,207.0,4.7,2.005,0.0,2.005,9
2025-02-07 06:00:00,10.8,1008.1,5.3,239.0,7.0,2.47,0.0,2.47,9
2025-02-07 07:00:00,10.8,1007.5,7.2,254.0,8.8,2.648,0.0,2.648,9
2025-02-07 08:00:00,11.6,1007.6,5.7,272.0,7.1,2.782,0.0,2.782,9
2025-02-07 09:00:00,11.1,1009.0,7.4,293.0,10.4,2.808,0.0,2.808,9
2025-02-07 10:00:00,10.4,1008.4,4.2,315.0,5.8,2.598,0.0,2.598,9
2025-02-07 11:00:00,9.4,1009.3,2.9,280.0,4.4,2.156,0.0,2.156,9
2025-02-07 12:00:00,8.9,1010.6,3.0,307.0,5.1,1.713,0.0,1.713,9
2025-02-07 13:00:00,9.1,1012.1,6.6,321.0,8.8,1.22,0.0,1.22,9
2025-02-07 14:00:00,9.1,1013.2,6.5,329.0,9.1,0.948,0.0,0.948,9
2025-02-07 15:00:00,9.4,1014.0,8.2,346.0,11.3,0.935,0.0,0.935,9
2025-02-07 16:00:00,9.9,1014.8,7.3,322.0,9.2,0.866,0.0,0.866,9
2025-02-07 17:00:00,10.0,1014.5,7.1,327.0,9.4,0.968,0.0,0.968,9
2025-02-07 18:00:00,9.5,1015.1,9.1,343.0,11.1,1.325,0.0,1.325,9
2025-02-07 19:00:00,9.2,1015.6,7.4,333.0,9.3,1.493,0.0,1.493,9
2025-02-08 02:00:00,5.0,1021.1,6.9,27.0,10.7,-0.167,0.0,-0.167,10
2025-02-08 03:00:00,4.7,1022.7,5.5,15.0,7.5,-0.02,0.0,-0.02,10
2025-02-08 04:00:00,4.2,1023.6,3.1,10.0,4.7,0.341,0.0,0.341,10
2025-02-08 05:00:00,4.0,1024.4,2.6,21.0,4.2,0.787,0.0,0.787,10
2025-02-08 06:00:00,3.3,1024.3,2.2,31.0,2.9,1.375,0.0,1.375,10
2025-02-08 07:00:00,3.2,1023.5,2.5,65.0,3.9,1.788,0.0,1.788,10
2025-02-08 08:00:00,2.9,1024.2,1.8,38.0,2.7,2.133,0.0,2.133,10
2025-02-08 09:00:00,1.4,1024.8,1.7,313.0,2.2,2.359,0.0,2.359,10
2025-02-08 10:00:00,1.6,1024.9,1.3,305.0,1.6,2.208,0.0,2.208,10
2025-02-08 11:00:00,1.6,1024.9,1.8,316.0,2.2,2.083,0.0,2.083,10
2025-02-08 12:00:00,1.7,1025.2,1.6,349.0,2.0,1.722,0.0,1.722,10
2025-02-08 13:00:00,1.9,1026.4,1.2,338.0,1.6,1.138,0.0,1.138,10
2025-02-08 14:00:00,3.1,1025.9,2.3,77.0,3.4,0.646,0.0,0.646,10
2025-02-08 15:00:00,3.3,1025.4,2.2,89.0,3.1,0.312,0.0,0.312,10
2025-02-08 16:00:00,2.9,1025.1,2.6,81.0,4.9,0.341,0.0,0.341,10
2025-02-08 17:00:00,2.5,1024.0,3.2,69.0,5.2,0.558,0.0,0.558,10
2025-02-08 18:00:00,1.8,1023.5,1.9,72.0,3.4,0.778,0.0,0.778,10
2025-02-08 19:00:00,1.5,1022.4,2.6,74.0,3.9,1.23,0.0,1.23,10
2025-02-08 20:00:00,2.0,1021.5,3.1,121.0,4.1,1.496,0.0,1.496,10
2025-02-08 21:00:00,1.9,1020.1,4.2,114.0,5.8,1.732,0.0,1.732,10
2025-02-08 22:00:00,2.1,1018.9,4.2,109.0,5.9,1.808,0.0,1.808,10
2025-02-08 23:00:00,2.5,1017.9,3.8,126.0,6.1,1.778,0.0,1.778,10
2025-02-09 00:00:00,3.0,1016.8,5.6,136.0,8.2,1.68,0.0,1.68,10
2025-02-09 01:00:00,3.5,1015.2,2.4,123.0,4.0,1.056,0.0,1.056,10
2025-02-09 02:00:00,3.7,1013.1,2.9,146.0,5.0,0.673,0.0,0.673,10
2025-02-09 03:00:00,4.0,1011.7,2.5,214.0,2.9,0.463,0.0,0.463,10
2025-02-09 04:00:00,3.9,1009.6,2.5,255.0,3.5,0.692,0.0,0.692,10
2025-02-09 05:00:00,3.8,1009.0,3.2,277.0,4.4,0.942,0.0,0.942,10
2025-02-09 06:00:00,3.6,1008.2,2.7,292.0,3.5,1.404,0.0,1.404,10
2025-02-09 07:00:00,3.7,1008.2,1.5,294.0,2.0,1.831,0.0,1.831,10
2025-02-09 08:00:00,3.7,1008.4,1.1,266.0,1.3,2.27,0.0,2.27,10
2025-02-09 09:00:00,4.2,1008.1,2.5,247.0,3.0,2.598,0.0,2.598,10
2025-02-09 10:00:00,5.0,1009.3,4.6,288.0,6.5,2.785,0.0,2.785,10
2025-02-09 11:00:00,5.1,1010.0,6.1,290.0,7.9,2.858,0.0,2.858,10
2025-02-09 12:00:00,4.8,1011.6,3.8,306.0,5.4,2.694,0.0,2.694,10
2025-02-09 13:00:00,4.8,1013.5,4.9,328.0,7.0,2.313,0.0,2.313,10
2025-02-09 14:00:00,5.6,1014.6,5.9,338.0,7.6,1.699,0.0,1.699,10
2025-02-09 15:00:00,6.8,1015.9,7.7,338.0,9.5,1.033,0.0,1.033,10
2025-02-09 16:00:00,7.4,1016.5,10.0,329.0,13.6,0.748,0.0,0.748,10
2025-02-09 17:00:00,7.3,1017.3,7.8,349.0,10.8,0.666,0.0,0.666,10
2025-02-09 18:00:00,6.8,1017.4,7.6,351.0,9.1,0.853,0.0,0.853,10
2025-02-09 19:00:00,7.1,1018.0,7.9,359.0,10.1,1.119,0.0,1.119,10
2025-02-09 20:00:00,6.0,1018.8,5.5,26.0,8.4,1.703,0.0,1.703,10
2025-02-09 21:00:00,5.2,1019.8,4.2,64.0,7.1,2.008,0.0,2.008,10
2025-02-09 22:00:00,4.9,1020.8,4.5,28.0,6.2,2.31,0.0,2.31,10
2025-02-09 23:00:00,4.3,1022.0,6.1,25.0,10.7,2.343,0.0,2.343,10
2025-02-10 00:00:00,4.0,1023.3,5.0,27.0,7.3,2.182,0.0,2.182,10
2025-02-10 01:00:00,3.9,1023.9,5.1,38.0,7.8,1.913,0.0,1.913,10
2025-02-10 02:00:00,3.8,1025.1,2.5,48.0,3.6,1.181,0.0,1.181,10
2025-02-10 03:00:00,3.7,1025.2,1.4,49.0,3.4,0.912,0.0,0.912,10
2025-02-10 04:00:00,3.7,1024.9,3.2,33.0,4.2,0.518,0.0,0.518,10
2025-02-10 05:00:00,3.7,1024.6,3.1,63.0,5.6,0.577,0.0,0.577,10
2025-02-10 06:00:00,3.6,1023.9,1.5,59.0,3.2,0.843,0.0,0.843,10
2025-02-10 07:00:00,3.6,1025.5,2.7,31.0,3.5,1.526,0.0,1.526,10
2025-02-10 08:00:00,3.4,1025.7,3.5,355.0,4.6,1.916,0.0,1.916,10
2025-02-10 09:00:00,3.0,1025.7,3.5,4.0,4.1,2.28,0.0,2.28,10
2025-02-10 10:00:00,2.8,1026.4,3.6,346.0,4.6,2.664,0.0,2.664,10
2025-02-10 11:00:00,2.4,1026.5,4.0,1.0,4.6,2.871,0.0,2.871,10
2025-02-10 12:00:00,2.4,1027.2,4.5,8.0,5.5,2.841,0.0,2.841,10
2025-02-10 13:00:00,2.2,1027.5,3.8,2.0,4.4,2.543,0.0,2.543,10
2025-02-10 14:00:00,2.1,1027.7,3.6,7.0,4.3,2.201,0.0,2.201,10
2025-02-10 15:00:00,2.8,1028.0,3.6,21.0,5.7,1.65,0.0,1.65,10
2025-02-10 16:00:00,3.0,1028.1,4.0,13.0,5.0,0.997,0.0,0.997,10
2025-02-10 17:00:00,3.1,1027.4,4.2,21.0,5.2,0.738,0.0,0.738,10
2025-02-10 18:00:00,3.3,1026.7,4.5,67.0,8.5,0.728,0.0,0.728,10
2025-02-10 19:00:00,3.3,1026.2,4.5,73.0,7.0,0.928,0.0,0.928,10
2025-02-10 20:00:00,3.7,1026.3,3.0,64.0,4.9,1.371,0.0,1.371,10
2025-02-10 21:00:00,3.8,1026.5,3.1,77.0,5.2,1.686,0.0,1.686,10
2025-02-10 22:00:00,3.4,1027.1,3.1,70.0,4.8,2.11,0.0,2.11,10
2025-02-10 23:00:00,3.3,1028.0,1.4,54.0,2.6,2.333,0.0,2.333,10
2025-02-11 00:00:00,3.0,1028.0,0.9,82.0,1.9,2.247,0.0,2.247,10
2025-02-11 01:00:00,2.6,1028.8,1.0,312.0,1.2,2.001,0.0,2.001,10
2025-02-11 02:00:00,1.3,1028.8,0.9,342.0,1.1,1.355,0.0,1.355,10
2025-02-11 03:00:00,0.7,1029.3,1.6,339.0,1.8,0.938,0.0,0.938,10
2025-02-11 04:00:00,1.6,1029.7,1.0,18.0,1.7,0.495,0.0,0.495,10
2025-02-11 05:00:00,1.3,1029.4,1.5,8.0,1.9,0.197,0.0,0.197,10
2025-02-11 06:00:00,1.6,1029.3,2.5,341.0,3.1,0.194,0.0,0.194,10
2025-02-11 07:00:00,1.5,1028.9,2.2,351.0,2.9,0.614,0.0,0.614,10
2025-02-11 08:00:00,1.2,1029.3,2.6,347.0,3.3,1.257,0.0,1.257,10
2025-02-11 09:00:00,1.1,1029.0,2.5,333.0,2.9,1.831,0.0,1.831,10
2025-02-11 10:00:00,1.0,1029.1,1.5,3.0,2.0,2.185,0.0,2.185,10
2025-02-11 11:00:00,0.4,1029.3,1.8,311.0,2.1,2.552,0.0,2.552,10
2025-02-11 12:00:00,0.2,1029.4,2.9,349.0,3.3,2.713,0.0,2.713,10
2025-02-11 13:00:00,0.9,1029.5,3.3,2.0,4.0,2.635,0.0,2.635,10
2025-02-11 14:00:00,1.2,1029.6,1.0,342.0,1.3,2.385,0.0,2.385,10
2025-02-11 15:00:00,2.1,1029.5,1.0,13.0,1.4,1.85,0.0,1.85,10
2025-02-11 16:00:00,2.8,1029.3,0.4,259.0,0.8,1.201,0.0,1.201,10
2025-02-11 17:00:00,3.1,1027.6,1.0,222.0,1.2,0.709,0.0,0.709,10
2025-02-11 18:00:00,3.3,1025.7,0.8,219.0,1.0,0.512,0.0,0.512,10
2025-02-11 19:00:00,3.5,1024.4,2.1,170.0,3.9,0.551,0.0,0.551,10
2025-02-11 20:00:00,0.4,1024.8,3.5,220.0,4.1,0.81,0.0,0.81,10
2025-02-11 21:00:00,0.1,1024.1,1.3,332.0,1.6,1.339,0.0,1.339,10
2025-02-11 22:00:00,0.2,1024.2,2.9,6.0,3.4,1.965,0.0,1.965,10
2025-02-11 23:00:00,0.2,1023.4,2.0,34.0,3.2,2.201,0.0,2.201,10
2025-02-12 00:00:00,0.5,1022.6,3.5,61.0,5.5,2.382,0.0,2.382,10
2025-02-12 01:00:00,0.7,1021.3,2.3,53.0,4.4,2.287,0.0,2.287,10
2025-02-12 02:00:00,1.2,1020.9,2.7,40.0,4.7,2.192,0.0,2.192,10
2025-02-12 03:00:00,1.2,1020.8,3.9,72.0,6.5,1.68,0.0,1.68,10
2025-02-12 04:00:00,1.7,1019.6,2.6,60.0,6.3,1.024,0.0,1.024,10
2025-02-12 05:00:00,2.0,1018.6,4.3,68.0,7.6,0.528,0.0,0.528,10
2025-02-12 06:00:00,2.1,1018.5,3.2,63.0,7.1,0.436,0.0,0.436,10
2025-02-12 07:00:00,2.1,1018.1,4.0,57.0,8.0,0.709,0.0,0.709,10
2025-02-12 08:00:00,2.0,1018.2,3.2,59.0,6.1,1.214,0.0,1.214,10
2025-02-12 09:00:00,2.5,1018.5,3.3,45.0,6.3,1.85,0.0,1.85,10
2025-02-12 10:00:00,2.9,1018.3,4.7,69.0,7.9,2.283,0.0,2.283,10
2025-02-12 11:00:00,3.2,1019.2,3.3,68.0,5.9,2.848,0.0,2.848,10
2025-02-12 12:00:00,3.6,1019.1,4.5,64.0,7.5,3.107,0.0,3.107,10
2025-02-12 13:00:00,3.9,1019.4,4.2,67.0,7.3,3.241,0.0,3.241,10
2025-02-12 14:00:00,4.2,1020.1,3.4,69.0,5.2,3.156,0.0,3.156,10
2025-02-12 15:00:00,4.3,1020.5,2.4,65.0,4.5,2.874,0.0,2.874,10
2025-02-12 16:00:00,4.3,1020.7,3.4,71.0,5.5,2.29,0.0,2.29,10
2025-02-12 17:00:00,4.5,1020.2,4.0,68.0,6.1,1.677,0.0,1.677,10
2025-02-12 18:00:00,4.7,1017.8,3.8,82.0,5.7,1.224,0.0,1.224,10
2025-02-12 19:00:00,4.9,1018.4,2.7,70.0,5.2,1.204,0.0,1.204,10
2025-02-12 20:00:00,4.6,1019.9,2.9,39.0,4.7,1.388,0.0,1.388,10
2025-02-12 21:00:00,4.6,1019.5,4.5,68.0,6.9,1.709,0.0,1.709,10
2025-02-12 22:00:00,4.8,1020.1,3.9,88.0,6.0,2.29,0.0,2.29,10
2025-02-12 23:00:00,5.1,1020.2,3.7,86.0,5.3,2.556,0.0,2.556,10
2025-02-13 00:00:00,5.2,1019.4,4.8,76.0,6.9,2.94,0.0,2.94,10
2025-02-13 01:00:00,5.3,1018.8,4.5,99.0,6.6,3.071,0.0,3.071,10
2025-02-13 02:00:00,5.6,1018.0,4.9,110.0,6.8,3.038,0.0,3.038,10
2025-02-13 03:00:00,5.9,1017.1,3.4,115.0,5.1,2.769,0.0,2.769,10
2025-02-13 04:00:00,5.9,1016.9,1.2,96.0,2.2,2.503,0.0,2.503,10
2025-02-13 05:00:00,6.0,1016.0,1.6,19.0,2.2,1.745,0.0,1.745,10
2025-02-13 06:00:00,4.9,1015.2,2.9,18.0,4.2,1.434,0.0,1.434,10
2025-02-13 07:00:00,5.1,1014.8,1.7,23.0,2.3,1.302,0.0,1.302,10
2025-02-13 08:00:00,5.4,1013.8,2.7,22.0,3.4,1.522,0.0,1.522,10
2025-02-13 09:00:00,4.8,1012.4,1.0,8.0,1.2,2.001,0.0,2.001,10
2025-02-13 10:00:00,5.3,1012.2,0.1,11.0,0.5,2.487,0.0,2.487,10
2025-02-13 11:00:00,5.3,1011.1,1.8,178.0,2.3,2.904,0.0,2.904,10
2025-02-13 12:00:00,6.3,1010.3,3.9,187.0,6.1,3.264,0.0,3.264,10
2025-02-13 13:00:00,6.2,1010.5,4.1,215.0,4.7,3.54,0.0,3.54,10
2025-02-13 14:00:00,5.5,1010.1,5.5,215.0,6.2,3.622,0.0,3.622,10
2025-02-13 15:00:00,6.5,1010.3,5.3,229.0,6.8,3.445,0.0,3.445,10
2025-02-13 16:00:00,6.0,1009.9,3.7,222.0,4.3,2.992,0.0,2.992,10
2025-02-13 17:00:00,8.6,1009.4,7.8,254.0,9.2,2.339,0.0,2.339,10
2025-02-13 18:00:00,9.1,1009.0,9.9,257.0,13.2,1.821,0.0,1.821,10
2025-02-13 19:00:00,9.1,1009.5,8.0,268.0,12.6,1.657,0.0,1.657,10
2025-02-13 20:00:00,8.5,1010.3,7.3,276.0,10.6,1.519,0.0,1.519,10
2025-02-13 21:00:00,8.1,1011.5,5.3,284.0,7.2,1.699,0.0,1.699,10
2025-02-13 22:00:00,8.1,1013.4,4.3,295.0,6.2,2.123,0.0,2.123,10
2025-02-13 23:00:00,7.4,1014.6,4.3,282.0,5.2,2.552,0.0,2.552,10
2025-02-14 00:00:00,7.4,1017.0,3.4,307.0,4.5,2.841,0.0,2.841,10
2025-02-14 01:00:00,7.7,1019.1,5.9,325.0,7.7,3.074,0.0,3.074,10
2025-02-14 02:00:00,6.1,1020.5,7.9,328.0,9.6,2.917,0.0,2.917,10
2025-02-14 03:00:00,5.2,1021.7,7.4,325.0,9.4,2.743,0.0,2.743,10
2025-02-14 04:00:00,4.5,1023.7,7.2,335.0,11.0,1.893,0.0,1.893,10
2025-02-14 05:00:00,3.6,1024.7,6.1,332.0,7.8,1.322,0.0,1.322,10
2025-02-14 06:00:00,3.0,1026.2,5.2,330.0,7.0,0.768,0.0,0.768,10
2025-02-14 07:00:00,2.0,1027.0,2.4,305.0,2.8,0.469,0.0,0.469,10
2025-02-14 08:00:00,1.7,1027.9,2.0,295.0,2.6,0.525,0.0,0.525,10
2025-02-14 09:00:00,1.3,1029.0,2.6,311.0,3.5,0.748,0.0,0.748,10
2025-02-14 10:00:00,0.7,1030.1,1.8,273.0,2.3,1.093,0.0,1.093,10
2025-02-14 11:00:00,-0.1,1031.2,2.5,320.0,3.2,1.631,0.0,1.631,10
2025-02-14 12:00:00,0.1,1032.4,2.0,328.0,2.5,2.005,0.0,2.005,10
2025-02-14 13:00:00,1.0,1033.5,5.0,338.0,6.4,2.31,0.0,2.31,10
2025-02-14 14:00:00,1.6,1033.9,9.5,346.0,11.5,2.477,0.0,2.477,10
2025-02-14 15:00:00,1.8,1034.2,8.4,349.0,10.5,2.234,0.0,2.234,10
2025-02-14 16:00:00,2.7,1034.9,7.3,330.0,9.8,1.716,0.0,1.716,10
2025-02-14 17:00:00,3.2,1034.0,6.8,11.0,9.0,1.22,0.0,1.22,10
2025-02-14 18:00:00,3.9,1033.5,5.1,358.0,6.7,0.594,0.0,0.594,10
2025-02-14 19:00:00,4.4,1033.6,2.3,352.0,3.0,0.079,0.0,0.079,10
2025-02-14 20:00:00,5.1,1033.5,2.5,320.0,4.1,-0.138,0.0,-0.138,10
2025-02-14 21:00:00,5.4,1033.6,2.0,334.0,3.7,-0.062,0.0,-0.062,10
2025-02-14 22:00:00,5.2,1034.0,1.3,14.0,2.0,0.4,0.0,0.4,10
2025-02-14 23:00:00,3.1,1034.5,1.2,11.0,1.9,0.912,0.0,0.912,10
2025-02-15 00:00:00,2.5,1034.7,2.3,31.0,3.6,1.385,0.0,1.385,10
2025-02-15 01:00:00,2.3,1035.2,1.1,30.0,1.9,1.755,0.0,1.755,10
2025-02-15 02:00:00,1.8,1035.2,1.3,341.0,1.8,1.883,0.0,1.883,10
2025-02-15 03:00:00,0.8,1035.6,1.1,311.0,1.5,1.759,0.0,1.759,10
2025-02-15 04:00:00,1.2,1035.2,0.8,355.0,1.1,1.43,0.0,1.43,10
2025-02-15 09:00:00,2.7,1032.2,3.0,127.0,4.4,-0.338,0.0,-0.338,11
2025-02-15 10:00:00,3.0,1031.4,3.9,143.0,5.8,-0.079,0.0,-0.079,11
2025-02-15 11:00:00,3.2,1031.5,3.8,147.0,5.5,0.653,0.0,0.653,11
2025-02-15 12:00:00,3.6,1030.5,4.6,160.0,6.4,1.217,0.0,1.217,11
2025-02-15 13:00:00,4.2,1030.1,3.3,164.0,5.0,1.634,0.0,1.634,11
2025-02-15 14:00:00,4.9,1029.5,5.3,180.0,6.9,1.942,0.0,1.942,11
2025-02-15 15:00:00,5.0,1028.6,4.9,180.0,6.9,1.923,0.0,1.923,11
2025-02-15 16:00:00,5.1,1028.3,4.6,185.0,6.5,1.699,0.0,1.699,11
2025-02-15 17:00:00,5.2,1027.0,3.2,188.0,4.7,1.329,0.0,1.329,11
2025-02-15 18:00:00,5.1,1025.2,4.2,177.0,6.1,0.804,0.0,0.804,11
2025-02-15 19:00:00,5.0,1022.8,2.4,145.0,3.5,0.348,0.0,0.348,11
2025-02-15 20:00:00,4.9,1021.4,2.3,138.0,3.5,-0.056,0.0,-0.056,11
2025-02-15 21:00:00,4.9,1020.6,1.5,101.0,2.3,-0.059,0.0,-0.059,11
2025-02-15 22:00:00,4.9,1019.5,2.8,109.0,4.1,0.249,0.0,0.249,11
2025-02-15 23:00:00,5.7,1017.8,4.2,130.0,5.7,0.899,0.0,0.899,11
2025-02-16 00:00:00,6.3,1017.4,3.0,193.0,4.0,1.293,0.0,1.293,11
2025-02-16 01:00:00,6.7,1016.1,7.6,207.0,9.0,1.657,0.0,1.657,11
2025-02-16 02:00:00,7.4,1015.0,9.0,202.0,11.2,2.057,0.0,2.057,11
2025-02-16 03:00:00,8.3,1013.0,8.6,188.0,12.5,2.162,0.0,2.162,11
2025-02-16 04:00:00,8.3,1011.6,10.0,191.0,13.6,2.218,0.0,2.218,11
2025-02-16 05:00:00,7.7,1010.7,7.1,196.0,8.9,1.781,0.0,1.781,11
2025-02-16 06:00:00,7.2,1009.6,5.0,222.0,6.2,1.217,0.0,1.217,11
2025-02-16 07:00:00,7.0,1008.1,5.9,222.0,7.4,0.853,0.0,0.853,11
2025-02-16 08:00:00,6.2,1006.7,4.9,206.0,5.9,0.472,0.0,0.472,11
2025-02-16 09:00:00,6.2,1005.3,4.6,201.0,5.4,0.371,0.0,0.371,11
2025-02-16 10:00:00,5.4,1003.8,3.3,210.0,3.6,0.591,0.0,0.591,11
2025-02-16 11:00:00,7.2,1002.5,6.1,217.0,7.2,0.928,0.0,0.928,11
2025-02-16 12:00:00,7.5,1001.5,7.5,216.0,8.6,1.509,0.0,1.509,11
2025-02-16 13:00:00,8.4,1000.2,5.0,217.0,5.8,1.896,0.0,1.896,11
2025-02-16 14:00:00,7.9,998.9,9.0,214.0,10.2,2.339,0.0,2.339,11
2025-02-16 15:00:00,10.3,997.1,10.2,218.0,13.4,2.523,0.0,2.523,11
2025-02-16 16:00:00,9.2,995.4,9.8,215.0,11.6,2.421,0.0,2.421,11
2025-02-16 17:00:00,9.4,992.1,11.0,212.0,12.7,2.274,0.0,2.274,11
2025-02-16 18:00:00,11.7,990.5,11.2,231.0,14.3,1.785,0.0,1.785,11
2025-02-16 19:00:00,10.1,988.4,11.7,223.0,15.2,1.421,0.0,1.421,11
2025-02-16 20:00:00,10.7,987.0,10.7,229.0,13.5,1.05,0.0,1.05,11
2025-02-16 21:00:00,10.8,987.5,10.2,216.0,11.8,0.896,0.0,0.896,11
2025-02-16 22:00:00,16.0,987.6,12.4,252.0,17.4,0.761,0.0,0.761,11
2025-02-16 23:00:00,15.8,989.7,9.8,270.0,12.8,0.981,0.0,0.981,11
2025-02-17 00:00:00,12.5,993.6,7.1,305.0,10.4,1.375,0.0,1.375,11
2025-02-17 01:00:00,10.6,996.3,8.3,301.0,11.1,1.617,0.0,1.617,11
2025-02-17 02:00:00,8.4,998.3,10.0,312.0,13.2,1.532,0.0,1.532,11
2025-02-17 03:00:00,7.0,999.8,7.6,309.0,13.0,2.021,0.0,2.021,11
2025-02-17 04:00:00,5.7,1001.7,7.9,306.0,10.4,1.87,0.0,1.87,11
2025-02-17 05:00:00,4.9,1003.1,9.5,310.0,14.5,1.637,0.0,1.637,11
2025-02-17 06:00:00,4.3,1004.2,9.7,305.0,13.1,0.988,0.0,0.988,11
2025-02-17 07:00:00,3.8,1005.4,6.6,300.0,10.2,0.584,0.0,0.584,11
2025-02-17 08:00:00,3.3,1006.3,8.2,306.0,11.8,0.052,0.0,0.052,11
2025-02-20 00:00:00,-5.4,1023.2,3.1,360.0,4.3,-0.525,0.0,-0.525,12
2025-02-20 01:00:00,-5.4,1022.8,3.5,330.0,4.2,-0.151,0.0,-0.151,12
2025-02-20 02:00:00,-5.4,1022.7,4.0,334.0,5.2,0.364,0.0,0.364,12
2025-02-20 03:00:00,-5.2,1021.7,4.8,348.0,5.8,0.879,0.0,0.879,12
2025-02-20 04:00:00,-5.2,1020.6,5.0,351.0,6.1,1.289,0.0,1.289,12
2025-02-20 05:00:00,-5.3,1020.0,4.8,348.0,5.9,1.565,0.0,1.565,12
2025-02-20 06:00:00,-4.6,1019.2,3.9,342.0,4.8,1.657,0.0,1.657,12
2025-02-20 07:00:00,-4.6,1017.9,4.4,345.0,5.6,1.611,0.0,1.611,12
2025-02-20 08:00:00,-4.3,1017.0,4.9,336.0,5.9,1.473,0.0,1.473,12
2025-02-20 09:00:00,-3.4,1016.2,5.8,2.0,7.3,1.46,0.0,1.46,12
2025-02-20 10:00:00,-2.5,1015.8,5.5,30.0,9.0,1.27,0.0,1.27,12
2025-02-20 11:00:00,-2.6,1015.4,7.5,15.0,10.5,0.984,0.0,0.984,12
2025-02-20 12:00:00,-3.7,1014.9,8.8,13.0,12.0,0.85,0.0,0.85,12
2025-02-20 13:00:00,-4.2,1015.7,6.7,358.0,8.0,1.047,0.0,1.047,12
2025-02-20 14:00:00,-4.2,1014.9,8.6,7.0,10.7,1.178,0.0,1.178,12
2025-02-20 15:00:00,-3.9,1015.4,6.5,11.0,8.9,1.496,0.0,1.496,12
2025-02-20 16:00:00,-3.4,1015.3,6.5,358.0,8.9,1.67,0.0,1.67,12
2025-02-20 17:00:00,-3.2,1014.7,5.2,320.0,7.1,1.808,0.0,1.808,12
2025-02-20 18:00:00,-2.4,1013.7,6.5,312.0,8.7,1.798,0.0,1.798,12
2025-02-20 19:00:00,-2.0,1013.3,6.7,286.0,9.0,1.847,0.0,1.847,12
2025-02-20 20:00:00,-2.4,1013.5,7.8,327.0,9.8,1.598,0.0,1.598,12
2025-02-20 21:00:00,-2.5,1013.8,6.3,326.0,9.0,1.224,0.0,1.224,12
2025-02-20 22:00:00,-2.6,1014.6,7.5,323.0,10.5,0.784,0.0,0.784,12
2025-02-20 23:00:00,-2.6,1015.5,7.4,329.0,10.1,0.472,0.0,0.472,12
2025-02-21 00:00:00,-2.6,1016.4,6.4,322.0,10.8,0.299,0.0,0.299,12
2025-02-21 01:00:00,-2.5,1016.9,6.9,315.0,9.0,0.335,0.0,0.335,12
2025-02-21 02:00:00,-3.0,1017.5,7.5,309.0,11.2,0.505,0.0,0.505,12
2025-02-21 03:00:00,-3.3,1018.2,6.7,308.0,9.8,1.027,0.0,1.027,12
2025-02-21 04:00:00,-3.3,1018.0,6.5,318.0,8.5,1.316,0.0,1.316,12
2025-02-21 05:00:00,-3.6,1018.4,6.3,311.0,8.5,1.608,0.0,1.608,12
2025-02-21 06:00:00,-3.6,1018.9,5.7,318.0,7.4,1.749,0.0,1.749,12
2025-02-21 07:00:00,-3.1,1019.2,7.4,329.0,9.4,1.772,0.0,1.772,12
2025-02-21 08:00:00,-3.3,1019.8,6.7,322.0,8.7,1.677,0.0,1.677,12
2025-02-21 09:00:00,-3.9,1020.6,5.9,312.0,8.5,1.555,0.0,1.555,12
2025-02-21 10:00:00,-3.9,1021.5,4.4,312.0,5.9,1.161,0.0,1.161,12
2025-02-21 11:00:00,-3.9,1021.9,5.1,312.0,6.6,0.705,0.0,0.705,12
2025-02-21 12:00:00,-3.6,1022.8,5.0,312.0,6.6,0.515,0.0,0.515,12
2025-02-21 13:00:00,-3.0,1023.8,7.4,324.0,9.9,0.528,0.0,0.528,12
2025-02-21 14:00:00,-2.1,1023.9,9.9,327.0,12.1,0.659,0.0,0.659,12
2025-02-22 01:00:00,0.6,1027.5,4.4,324.0,5.3,0.007,0.0,0.007,13
2025-02-22 02:00:00,0.1,1028.2,3.9,339.0,4.8,0.157,0.0,0.157,13
2025-02-22 03:00:00,-0.4,1028.7,4.7,331.0,7.1,0.456,0.0,0.456,13
2025-02-22 04:00:00,-0.8,1028.8,4.3,327.0,6.0,0.886,0.0,0.886,13
2025-02-22 05:00:00,-1.2,1029.1,5.2,326.0,6.9,1.171,0.0,1.171,13
2025-02-22 06:00:00,-1.9,1029.2,4.7,323.0,5.8,1.535,0.0,1.535,13
2025-02-22 07:00:00,-2.2,1029.3,4.7,327.0,5.7,1.647,0.0,1.647,13
2025-02-22 08:00:00,-2.4,1029.5,5.6,335.0,7.7,1.729,0.0,1.729,13
2025-02-22 09:00:00,-2.5,1029.5,5.9,339.0,7.2,1.67,0.0,1.67,13
2025-02-22 10:00:00,-2.6,1029.9,4.6,339.0,5.4,1.572,0.0,1.572,13
2025-02-22 11:00:00,-3.1,1029.8,5.3,344.0,7.4,1.316,0.0,1.316,13
2025-02-22 12:00:00,-3.2,1029.7,3.8,343.0,4.7,0.909,0.0,0.909,13
2025-02-22 13:00:00,-2.9,1030.2,4.7,349.0,5.9,0.705,0.0,0.705,13
2025-02-22 14:00:00,-2.3,1029.9,6.0,3.0,7.7,0.656,0.0,0.656,13
2025-02-22 15:00:00,-1.2,1029.7,2.5,354.0,3.9,0.814,0.0,0.814,13
2025-02-22 16:00:00,-0.2,1029.4,0.5,30.0,1.1,0.922,0.0,0.922,13
2025-02-22 17:00:00,0.4,1028.3,2.3,140.0,3.4,1.184,0.0,1.184,13
2025-02-22 18:00:00,0.9,1027.1,3.5,184.0,4.6,1.362,0.0,1.362,13
2025-02-22 19:00:00,1.7,1025.9,4.1,187.0,6.0,1.545,0.0,1.545,13
2025-02-22 20:00:00,1.0,1025.4,7.2,207.0,8.3,1.657,0.0,1.657,13
2025-02-22 21:00:00,2.2,1024.7,7.0,210.0,8.3,1.562,0.0,1.562,13
2025-02-22 22:00:00,2.2,1024.4,7.1,222.0,8.4,1.365,0.0,1.365,13
2025-02-22 23:00:00,2.5,1024.4,3.7,246.0,4.5,1.122,0.0,1.122,13
2025-02-23 00:00:00,1.9,1024.6,4.1,236.0,5.1,0.846,0.0,0.846,13
2025-02-23 01:00:00,1.3,1024.3,2.8,234.0,3.4,0.571,0.0,0.571,13
2025-02-23 02:00:00,0.8,1024.2,1.7,247.0,2.3,0.459,0.0,0.459,13
2025-02-23 03:00:00,1.0,1023.8,3.5,233.0,4.1,0.558,0.0,0.558,13
2025-02-23 04:00:00,1.1,1023.4,3.7,236.0,4.7,0.82,0.0,0.82,13
2025-02-23 05:00:00,1.3,1022.8,3.7,228.0,4.4,1.204,0.0,1.204,13
2025-02-23 06:00:00,1.2,1022.1,3.8,217.0,4.4,1.503,0.0,1.503,13
2025-02-23 07:00:00,2.2,1021.3,3.9,244.0,5.0,1.788,0.0,1.788,13
2025-02-23 08:00:00,2.1,1020.2,2.3,234.0,3.1,2.005,0.0,2.005,13
2025-02-23 09:00:00,1.5,1019.8,1.8,252.0,2.4,2.106,0.0,2.106,13
2025-02-23 10:00:00,1.8,1019.9,5.3,288.0,6.8,1.959,0.0,1.959,13
2025-02-23 11:00:00,1.1,1020.3,4.4,298.0,5.5,1.798,0.0,1.798,13
2025-02-23 12:00:00,0.6,1020.8,4.3,307.0,6.0,1.44,0.0,1.44,13
2025-02-23 13:00:00,1.8,1021.7,3.8,309.0,5.0,0.965,0.0,0.965,13
2025-02-23 14:00:00,3.4,1022.0,5.2,330.0,7.3,0.633,0.0,0.633,13
2025-02-23 15:00:00,4.1,1021.7,5.8,331.0,7.5,0.476,0.0,0.476,13
2025-02-23 16:00:00,5.2,1021.1,6.8,325.0,9.2,0.591,0.0,0.591,13
2025-02-23 17:00:00,6.0,1020.4,4.9,316.0,6.4,0.853,0.0,0.853,13
2025-02-23 18:00:00,7.1,1019.3,1.8,272.0,3.1,1.04,0.0,1.04,13
2025-02-23 19:00:00,7.9,1018.5,1.4,17.0,2.1,1.309,0.0,1.309,13
2025-02-23 20:00:00,5.9,1018.1,4.3,140.0,5.8,1.476,0.0,1.476,13
2025-02-23 21:00:00,5.4,1017.9,3.9,178.0,5.3,1.549,0.0,1.549,13
2025-02-23 22:00:00,5.0,1017.9,3.4,176.0,5.1,1.526,0.0,1.526,13
2025-02-23 23:00:00,4.4,1018.2,2.2,199.0,3.0,1.378,0.0,1.378,13
2025-02-24 00:00:00,3.7,1019.1,2.3,230.0,2.7,0.997,0.0,0.997,13
2025-02-24 01:00:00,3.6,1019.3,1.6,271.0,1.7,0.63,0.0,0.63,13
2025-02-24 02:00:00,4.2,1019.4,2.8,257.0,3.0,0.351,0.0,0.351,13
2025-02-24 03:00:00,3.7,1019.2,1.7,268.0,2.1,0.348,0.0,0.348,13
2025-02-24 04:00:00,3.1,1018.8,1.0,279.0,1.3,0.535,0.0,0.535,13
2025-02-24 05:00:00,2.8,1018.4,1.4,279.0,1.8,0.912,0.0,0.912,13
2025-02-24 06:00:00,2.7,1018.4,1.0,256.0,1.4,1.302,0.0,1.302,13
2025-02-24 07:00:00,1.9,1018.2,0.0,135.0,0.0,1.686,0.0,1.686,13
2025-02-24 08:00:00,1.4,1018.0,0.0,265.0,0.3,2.06,0.0,2.06,13
2025-02-24 09:00:00,1.5,1018.1,0.5,225.0,0.7,2.349,0.0,2.349,13
2025-02-24 10:00:00,1.9,1017.9,2.3,5.0,2.6,2.428,0.0,2.428,13
2025-02-24 11:00:00,2.4,1018.4,3.2,18.0,4.0,2.431,0.0,2.431,13
2025-02-24 12:00:00,2.4,1018.9,1.0,82.0,1.5,2.165,0.0,2.165,13
2025-02-24 13:00:00,4.8,1019.5,1.1,100.0,1.5,1.804,0.0,1.804,13
2025-02-24 14:00:00,5.3,1019.6,1.2,141.0,1.8,1.325,0.0,1.325,13
2025-02-24 15:00:00,5.2,1019.4,1.4,184.0,2.0,0.945,0.0,0.945,13
2025-02-24 16:00:00,5.2,1019.3,2.0,188.0,2.7,0.906,0.0,0.906,13
2025-02-24 17:00:00,6.1,1018.9,2.3,186.0,2.9,0.974,0.0,0.974,13
2025-02-24 18:00:00,5.8,1017.5,3.0,195.0,3.8,1.145,0.0,1.145,13
2025-02-24 19:00:00,6.0,1016.2,2.4,194.0,2.9,1.49,0.0,1.49,13
2025-02-24 20:00:00,6.2,1016.2,3.3,197.0,4.2,1.821,0.0,1.821,13
2025-02-24 21:00:00,6.5,1015.7,2.7,192.0,3.8,2.018,0.0,2.018,13
2025-02-24 22:00:00,5.8,1015.3,3.3,200.0,3.8,2.051,0.0,2.051,13
2025-02-24 23:00:00,4.9,1014.9,3.3,202.0,3.9,2.014,0.0,2.014,13
2025-02-25 00:00:00,4.9,1015.0,2.9,198.0,3.4,1.775,0.0,1.775,13
2025-02-25 01:00:00,4.9,1014.7,3.2,209.0,3.8,1.322,0.0,1.322,13
2025-02-25 02:00:00,5.0,1014.7,3.0,213.0,3.6,0.902,0.0,0.902,13
2025-02-25 03:00:00,5.1,1014.2,3.7,217.0,4.2,0.705,0.0,0.705,13
2025-02-25 04:00:00,5.4,1013.6,5.2,216.0,6.1,0.623,0.0,0.623,13
2025-02-25 05:00:00,5.4,1013.2,4.3,206.0,5.2,0.801,0.0,0.801,13
2025-02-25 06:00:00,5.0,1012.5,3.1,194.0,3.7,1.194,0.0,1.194,13
2025-02-25 07:00:00,5.5,1011.9,4.5,217.0,5.1,1.716,0.0,1.716,13
2025-02-25 08:00:00,5.0,1011.3,3.5,205.0,4.2,2.126,0.0,2.126,13
2025-02-25 09:00:00,5.0,1011.1,4.1,211.0,4.6,2.523,0.0,2.523,13
2025-02-25 10:00:00,5.0,1011.2,3.5,225.0,4.5,2.795,0.0,2.795,13
2025-02-25 11:00:00,4.8,1010.8,3.6,208.0,4.0,2.815,0.0,2.815,13
2025-02-25 12:00:00,4.4,1010.3,3.2,212.0,3.8,2.746,0.0,2.746,13
2025-02-25 13:00:00,5.0,1010.0,4.6,215.0,5.2,2.461,0.0,2.461,13
2025-02-25 14:00:00,6.4,1010.1,5.7,208.0,6.6,1.982,0.0,1.982,13
2025-02-25 15:00:00,6.1,1009.6,4.4,205.0,5.1,1.483,0.0,1.483,13
2025-02-25 16:00:00,6.0,1009.1,5.6,199.0,6.5,1.122,0.0,1.122,13
2025-02-25 17:00:00,6.5,1008.5,6.0,215.0,6.9,1.033,0.0,1.033,13
2025-02-25 18:00:00,6.6,1006.4,5.8,197.0,6.9,1.027,0.0,1.027,13
2025-02-25 19:00:00,6.5,1005.2,5.2,201.0,6.3,1.427,0.0,1.427,13
2025-02-25 20:00:00,6.7,1004.7,5.2,211.0,6.1,1.867,0.0,1.867,13
2025-02-25 21:00:00,6.8,1005.3,4.0,193.0,6.2,2.201,0.0,2.201,13
2025-02-25 22:00:00,6.6,1005.4,4.8,203.0,5.8,2.431,0.0,2.431,13
2025-02-25 23:00:00,6.0,1006.4,2.9,217.0,3.4,2.562,0.0,2.562,13
2025-02-26 00:00:00,7.1,1006.9,0.9,290.0,1.1,2.395,0.0,2.395,13
2025-02-26 01:00:00,6.8,1007.2,1.5,188.0,1.6,2.051,0.0,2.051,13
2025-02-26 02:00:00,6.8,1008.0,0.8,21.0,1.3,1.545,0.0,1.545,13
2025-02-26 03:00:00,6.9,1008.1,1.7,1.0,1.8,1.089,0.0,1.089,13
2025-02-26 04:00:00,7.3,1008.1,2.1,1.0,2.2,0.804,0.0,0.804,13
2025-02-26 05:00:00,8.1,1008.0,1.3,356.0,1.5,0.728,0.0,0.728,13
2025-02-26 06:00:00,8.0,1008.1,1.8,350.0,2.0,0.879,0.0,0.879,13
2025-02-26 07:00:00,7.1,1008.1,2.1,17.0,2.5,1.473,0.0,1.473,13
2025-02-26 08:00:00,6.6,1008.1,2.3,13.0,2.8,2.011,0.0,2.011,13
2025-02-26 09:00:00,6.6,1008.3,2.4,19.0,3.4,2.425,0.0,2.425,13
2025-02-26 10:00:00,7.6,1009.5,3.1,324.0,3.5,2.812,0.0,2.812,13
2025-02-26 11:00:00,5.5,1010.6,0.7,338.0,1.2,2.982,0.0,2.982,13
2025-02-26 12:00:00,4.7,1012.0,1.6,350.0,1.7,3.022,0.0,3.022,13
2025-02-26 13:00:00,7.9,1012.7,0.0,261.0,0.1,2.89,0.0,2.89,13
2025-02-26 14:00:00,8.8,1013.5,1.9,8.0,2.5,2.513,0.0,2.513,13
2025-02-26 15:00:00,8.6,1014.0,1.5,179.0,2.3,1.772,0.0,1.772,13
2025-02-26 16:00:00,9.9,1014.8,2.2,172.0,3.5,1.217,0.0,1.217,13
2025-02-26 17:00:00,9.0,1014.6,3.2,169.0,4.7,0.928,0.0,0.928,13
2025-02-26 18:00:00,8.7,1014.0,2.7,186.0,4.5,0.807,0.0,0.807,13
2025-02-26 19:00:00,7.6,1013.8,2.0,192.0,2.8,0.988,0.0,0.988,13
2025-02-26 20:00:00,7.4,1014.1,3.5,206.0,4.3,1.371,0.0,1.371,13
2025-02-26 21:00:00,7.5,1014.3,6.5,209.0,7.6,1.877,0.0,1.877,13
2025-02-26 22:00:00,6.8,1014.1,5.4,202.0,6.4,2.329,0.0,2.329,13
2025-02-26 23:00:00,8.6,1014.8,6.2,220.0,7.3,2.493,0.0,2.493,13
2025-02-27 00:00:00,7.4,1015.1,5.0,222.0,5.9,2.451,0.0,2.451,13
2025-02-27 01:00:00,6.2,1014.6,3.9,213.0,4.5,2.156,0.0,2.156,13
2025-02-27 02:00:00,6.2,1014.7,3.2,205.0,3.9,1.736,0.0,1.736,13
2025-02-27 03:00:00,6.0,1014.4,3.0,220.0,3.5,1.28,0.0,1.28,13
2025-02-27 04:00:00,5.8,1013.7,1.8,191.0,2.3,0.679,0.0,0.679,13
2025-02-27 05:00:00,6.2,1013.3,1.9,208.0,2.3,0.295,0.0,0.295,13
2025-02-27 06:00:00,6.6,1012.6,3.3,202.0,3.8,0.292,0.0,0.292,13
2025-02-27 07:00:00,6.4,1011.8,4.4,207.0,4.9,0.581,0.0,0.581,13
2025-02-27 08:00:00,6.3,1010.8,4.8,205.0,5.6,1.25,0.0,1.25,13
2025-02-27 09:00:00,6.3,1009.8,5.9,209.0,6.5,1.86,0.0,1.86,13
2025-02-27 10:00:00,6.2,1009.5,7.0,210.0,7.8,2.336,0.0,2.336,13
2025-02-27 11:00:00,5.7,1009.1,5.5,212.0,6.1,2.789,0.0,2.789,13
2025-02-27 12:00:00,6.6,1008.5,8.2,211.0,9.3,2.999,0.0,2.999,13
2025-02-27 13:00:00,6.5,1008.3,5.9,214.0,6.5,2.995,0.0,2.995,13
2025-02-27 14:00:00,10.6,1007.9,9.1,223.0,11.1,2.687,0.0,2.687,13
2025-02-27 15:00:00,11.9,1006.9,10.0,224.0,13.3,2.162,0.0,2.162,13
2025-02-27 16:00:00,11.4,1006.3,9.7,220.0,12.3,1.621,0.0,1.621,13
2025-02-27 17:00:00,9.8,1005.5,8.2,217.0,10.3,1.037,0.0,1.037,13
2025-02-27 18:00:00,13.1,1004.5,7.8,229.0,9.3,0.574,0.0,0.574,13
2025-02-27 19:00:00,13.3,1003.6,9.7,229.0,12.1,0.686,0.0,0.686,13
2025-02-27 20:00:00,12.1,1003.2,7.5,224.0,8.9,1.014,0.0,1.014,13
2025-02-27 21:00:00,7.5,1002.9,3.6,199.0,4.8,1.647,0.0,1.647,13
2025-02-27 22:00:00,8.9,1003.0,4.3,212.0,5.6,2.123,0.0,2.123,13
2025-02-27 23:00:00,14.8,1002.3,5.7,260.0,8.2,2.572,0.0,2.572,13
2025-02-28 00:00:00,15.1,1001.3,5.3,261.0,7.7,2.799,0.0,2.799,13
2025-02-28 01:00:00,14.5,1002.7,11.8,346.0,15.0,2.841,0.0,2.841,13
2025-02-28 02:00:00,12.6,1003.3,5.2,345.0,6.2,2.549,0.0,2.549,13
2025-02-28 03:00:00,12.1,1004.1,5.5,334.0,7.4,2.09,0.0,2.09,13
2025-02-28 04:00:00,11.6,1003.9,6.2,338.0,8.2,1.276,0.0,1.276,13
2025-02-28 05:00:00,10.9,1004.3,4.3,336.0,5.9,0.958,0.0,0.958,13
2025-02-28 06:00:00,10.1,1004.6,2.7,331.0,3.8,0.62,0.0,0.62,13
2025-02-28 07:00:00,8.2,1004.8,1.4,272.0,1.5,0.669,0.0,0.669,13
2025-02-28 08:00:00,7.8,1004.1,1.8,292.0,2.1,0.961,0.0,0.961,13
2025-02-28 09:00:00,7.7,1004.2,2.3,286.0,3.1,1.709,0.0,1.709,13
2025-02-28 10:00:00,7.4,1005.6,2.5,299.0,3.9,2.254,0.0,2.254,13
2025-02-28 11:00:00,7.3,1006.6,3.3,296.0,5.1,2.713,0.0,2.713,13
2025-02-28 12:00:00,7.2,1007.4,5.1,310.0,7.0,3.091,0.0,3.091,13
2025-02-28 13:00:00,7.6,1008.5,7.2,321.0,9.5,3.163,0.0,3.163,13
2025-02-28 14:00:00,8.3,1008.8,6.6,308.0,10.0,2.982,0.0,2.982,13
2025-02-28 15:00:00,9.0,1009.1,6.7,308.0,9.3,2.648,0.0,2.648,13
2025-02-28 16:00:00,9.3,1009.1,5.9,310.0,8.6,1.808,0.0,1.808,13
2025-02-28 17:00:00,9.3,1009.2,5.5,275.0,7.4,1.178,0.0,1.178,13
2025-02-28 18:00:00,9.8,1008.4,5.0,267.0,6.6,0.617,0.0,0.617,13
2025-02-28 19:00:00,10.5,1007.9,6.6,317.0,8.9,0.397,0.0,0.397,13
2025-02-28 20:00:00,10.6,1007.8,5.9,270.0,8.0,0.545,0.0,0.545,13
2025-02-28 21:00:00,10.8,1007.2,5.1,279.0,6.7,0.932,0.0,0.932,13
2026-01-01 03:00:00,3.6,1008.6,7.1,220.0,8.3,-0.341,0.0,-0.341,14
2026-01-01 04:00:00,3.8,1007.8,6.1,227.0,7.9,-0.302,0.0,-0.302,14
2026-01-01 05:00:00,4.6,1006.7,6.5,231.0,8.0,-0.115,0.0,-0.115,14
2026-01-01 06:00:00,4.5,1005.4,5.6,234.0,7.5,0.413,0.0,0.413,14
2026-01-01 07:00:00,4.7,1005.3,5.7,252.0,6.5,1.037,0.0,1.037,14
2026-01-01 08:00:00,5.2,1004.6,5.8,251.0,7.3,1.644,0.0,1.644,14
2026-01-01 09:00:00,5.0,1004.3,4.0,268.0,4.9,2.152,0.0,2.152,14
2026-01-01 10:00:00,4.6,1004.5,4.5,264.0,6.4,2.398,0.0,2.398,14
2026-01-01 11:00:00,4.3,1004.5,4.5,266.0,5.5,2.434,0.0,2.434,14
2026-01-01 12:00:00,4.2,1005.0,5.0,265.0,6.2,2.238,0.0,2.238,14
2026-01-01 13:00:00,1.8,1007.7,12.5,335.0,15.5,1.909,0.0,1.909,14
2026-01-01 14:00:00,0.8,1009.6,7.4,327.0,11.2,1.22,0.0,1.22,14
2026-01-01 15:00:00,0.7,1011.0,6.1,333.0,7.8,0.423,0.0,0.423,14
2026-01-01 16:00:00,0.5,1011.5,6.6,335.0,9.3,-0.21,0.0,-0.21,14
2026-01-01 17:00:00,0.6,1011.5,6.7,344.0,8.6,0.121,0.0,0.121,14
2026-01-01 18:00:00,0.7,1011.4,6.7,337.0,9.2,0.036,0.0,0.036,14
2026-01-01 19:00:00,1.1,1011.9,8.5,328.0,11.6,0.558,0.0,0.558,14
2026-01-01 20:00:00,0.3,1012.1,6.0,327.0,7.7,1.135,0.0,1.135,14
2026-01-01 21:00:00,-0.2,1012.8,4.3,306.0,6.2,1.683,0.0,1.683,14
2026-01-01 22:00:00,-0.6,1013.3,5.2,338.0,6.7,2.054,0.0,2.054,14
2026-01-01 23:00:00,-1.0,1013.8,3.2,330.0,4.1,2.021,0.0,2.021,14
2026-01-02 00:00:00,-1.6,1014.2,2.2,306.0,2.7,1.808,0.0,1.808,14
2026-01-02 01:00:00,-1.6,1014.3,2.1,350.0,2.7,1.362,0.0,1.362,14
2026-01-02 02:00:00,-1.8,1014.2,2.4,333.0,3.4,0.886,0.0,0.886,14
2026-01-02 03:00:00,-1.9,1013.8,2.5,348.0,3.2,0.413,0.0,0.413,14
2026-01-02 04:00:00,-2.1,1013.5,1.3,300.0,1.8,0.046,0.0,0.046,14
2026-01-02 05:00:00,-2.3,1013.1,1.8,282.0,2.4,-0.052,0.0,-0.052,14
2026-01-02 06:00:00,-2.3,1013.1,1.7,333.0,2.2,0.135,0.0,0.135,14
2026-01-02 07:00:00,-2.2,1013.0,1.1,311.0,1.3,0.883,0.0,0.883,14
2026-01-02 08:00:00,-2.1,1012.6,1.0,318.0,1.2,1.414,0.0,1.414,14
2026-01-02 09:00:00,-2.0,1011.5,0.1,355.0,0.4,1.995,0.0,1.995,14
2026-01-02 10:00:00,-1.8,1011.2,1.8,37.0,2.7,2.51,0.0,2.51,14
2026-01-02 11:00:00,-1.5,1011.1,2.3,32.0,3.5,2.785,0.0,2.785,14
2026-01-02 12:00:00,-1.1,1011.0,2.1,19.0,2.7,2.838,0.0,2.838,14
2026-01-02 13:00:00,-1.2,1010.7,1.7,27.0,2.4,2.671,0.0,2.671,14
2026-01-02 14:00:00,-0.8,1010.9,3.8,21.0,4.9,2.28,0.0,2.28,14
2026-01-02 15:00:00,-0.4,1010.8,3.0,16.0,4.1,1.453,0.0,1.453,14
2026-01-02 16:00:00,-0.1,1010.3,2.3,22.0,3.7,0.725,0.0,0.725,14
2026-01-02 17:00:00,0.2,1009.1,2.5,27.0,3.2,0.39,0.0,0.39,14
2026-01-02 18:00:00,1.1,1008.4,1.0,45.0,2.1,0.289,0.0,0.289,14
2026-01-02 19:00:00,1.3,1008.4,3.1,23.0,4.4,0.535,0.0,0.535,14
2026-01-02 20:00:00,1.8,1008.5,2.0,56.0,3.2,0.873,0.0,0.873,14
2026-01-02 21:00:00,1.4,1008.9,1.8,23.0,2.8,1.499,0.0,1.499,14
2026-01-02 22:00:00,1.2,1009.7,0.4,27.0,0.9,1.969,0.0,1.969,14
2026-01-02 23:00:00,1.1,1010.2,0.3,22.0,0.6,2.205,0.0,2.205,14
2026-01-03 00:00:00,0.7,1010.9,0.0,22.0,0.0,2.231,0.0,2.231,14
2026-01-03 01:00:00,1.1,1011.3,0.0,340.0,0.1,2.028,0.0,2.028,14
2026-01-03 02:00:00,0.8,1011.7,1.7,281.0,2.0,1.552,0.0,1.552,14
2026-01-03 03:00:00,-0.2,1012.4,1.9,301.0,2.4,0.994,0.0,0.994,14
2026-01-03 04:00:00,-1.0,1012.9,1.7,320.0,2.2,0.384,0.0,0.384,14
2026-01-03 05:00:00,-0.8,1013.2,1.4,338.0,1.9,-0.085,0.0,-0.085,14
2026-01-03 06:00:00,-1.1,1013.6,1.5,298.0,2.2,-0.102,0.0,-0.102,14
2026-01-03 07:00:00,-0.9,1014.0,3.8,8.0,5.1,0.154,0.0,0.154,14
2026-01-03 08:00:00,-1.7,1014.5,2.4,345.0,2.7,0.883,0.0,0.883,14
2026-01-03 09:00:00,-2.6,1014.7,2.3,297.0,3.2,1.598,0.0,1.598,14
2026-01-03 10:00:00,-2.6,1015.1,2.6,310.0,3.3,2.116,0.0,2.116,14
2026-01-03 11:00:00,-2.6,1015.7,3.0,324.0,3.8,2.579,0.0,2.579,14
2026-01-03 12:00:00,-2.9,1016.4,4.2,325.0,5.0,2.838,0.0,2.838,14
2026-01-03 13:00:00,-2.4,1017.1,5.3,340.0,6.4,2.861,0.0,2.861,14
2026-01-03 14:00:00,-1.8,1017.6,4.3,346.0,5.8,2.664,0.0,2.664,14
2026-01-03 15:00:00,-1.6,1017.8,4.1,350.0,4.9,2.162,0.0,2.162,14
2026-01-03 16:00:00,-1.3,1017.6,3.3,12.0,4.7,1.273,0.0,1.273,14
2026-01-03 17:00:00,-1.1,1016.4,3.4,17.0,5.4,0.679,0.0,0.679,14
2026-01-03 18:00:00,-0.6,1016.2,3.4,8.0,4.9,0.236,0.0,0.236,14
2026-01-03 19:00:00,-0.1,1015.9,2.9,16.0,3.7,0.217,0.0,0.217,14
2026-01-03 20:00:00,0.7,1015.8,2.5,13.0,3.0,0.417,0.0,0.417,14
2026-01-03 21:00:00,1.1,1016.0,2.2,322.0,2.7,0.879,0.0,0.879,14
2026-01-03 22:00:00,0.9,1016.2,2.6,343.0,3.2,1.529,0.0,1.529,14
2026-01-03 23:00:00,0.9,1016.5,2.7,359.0,3.3,1.946,0.0,1.946,14
2026-01-04 00:00:00,0.7,1016.5,3.7,4.0,4.4,2.218,0.0,2.218,14
2026-01-04 01:00:00,0.5,1016.2,3.9,6.0,4.7,2.208,0.0,2.208,14
2026-01-04 02:00:00,0.4,1016.0,3.9,7.0,4.4,2.021,0.0,2.021,14
2026-01-04 03:00:00,0.3,1015.8,2.9,29.0,3.9,1.768,0.0,1.768,14
2026-01-04 04:00:00,0.1,1015.4,3.1,5.0,3.6,1.04,0.0,1.04,14
2026-01-04 05:00:00,0.2,1015.4,3.7,5.0,4.5,0.436,0.0,0.436,14
2026-01-04 06:00:00,0.2,1015.6,2.3,346.0,3.2,0.079,0.0,0.079,14
2026-01-04 07:00:00,0.0,1016.1,2.5,345.0,3.4,0.056,0.0,0.056,14
2026-01-04 08:00:00,-0.2,1016.2,3.5,349.0,5.0,0.531,0.0,0.531,14
2026-01-04 09:00:00,-0.2,1016.3,3.1,340.0,3.7,1.247,0.0,1.247,14
2026-01-04 10:00:00,-0.2,1016.6,3.6,351.0,4.2,1.932,0.0,1.932,14
2026-01-04 11:00:00,-0.5,1017.1,2.6,332.0,3.3,2.418,0.0,2.418,14
2026-01-04 12:00:00,-0.5,1017.6,3.9,340.0,5.1,2.913,0.0,2.913,14
2026-01-04 13:00:00,-0.4,1018.2,4.4,344.0,5.4,3.15,0.0,3.15,14
2026-01-04 14:00:00,-0.1,1019.0,4.0,354.0,5.2,3.232,0.0,3.232,14
2026-01-04 15:00:00,0.5,1019.6,4.7,353.0,5.8,2.943,0.0,2.943,14
2026-01-04 16:00:00,1.6,1019.6,4.5,342.0,5.9,2.441,0.0,2.441,14
2026-01-04 17:00:00,2.6,1018.8,5.3,1.0,6.7,1.663,0.0,1.663,14
2026-01-04 18:00:00,3.7,1018.4,4.4,325.0,6.1,0.955,0.0,0.955,14
2026-01-04 19:00:00,4.1,1018.5,4.2,327.0,5.6,0.568,0.0,0.568,14
2026-01-04 20:00:00,4.1,1019.1,5.8,10.0,7.2,0.571,0.0,0.571,14
2026-01-04 21:00:00,3.7,1019.4,5.8,11.0,7.1,0.804,0.0,0.804,14
2026-01-04 22:00:00,3.1,1020.5,3.3,329.0,4.1,1.293,0.0,1.293,14
2026-01-04 23:00:00,1.9,1021.5,1.8,317.0,2.4,1.857,0.0,1.857,14
2026-01-05 00:00:00,1.7,1021.4,0.8,21.0,1.3,2.254,0.0,2.254,14
2026-01-05 01:00:00,0.4,1022.9,2.4,328.0,3.2,2.543,0.0,2.543,14
2026-01-05 02:00:00,0.7,1023.6,5.2,7.0,6.5,2.526,0.0,2.526,14
2026-01-05 03:00:00,0.4,1023.8,5.3,7.0,6.7,2.303,0.0,2.303,14
2026-01-05 04:00:00,0.2,1024.2,4.4,15.0,6.1,1.824,0.0,1.824,14
2026-01-05 05:00:00,-0.3,1023.8,3.0,347.0,3.9,1.168,0.0,1.168,14
2026-01-05 06:00:00,-1.3,1024.0,1.1,303.0,1.6,0.574,0.0,0.574,14
2026-01-05 07:00:00,-1.8,1023.8,1.8,309.0,2.2,0.289,0.0,0.289,14
2026-01-05 08:00:00,-1.8,1024.3,1.8,291.0,2.2,0.335,0.0,0.335,14
2026-01-05 09:00:00,-2.2,1024.4,1.3,327.0,2.0,0.722,0.0,0.722,14
2026-01-05 10:00:00,-2.1,1024.6,2.0,327.0,2.2,1.325,0.0,1.325,14
2026-01-05 11:00:00,-2.4,1024.8,1.8,316.0,2.1,1.946,0.0,1.946,14
2026-01-05 12:00:00,-2.2,1025.2,2.1,330.0,2.8,2.487,0.0,2.487,14
2026-01-05 13:00:00,-1.9,1024.9,0.9,329.0,1.1,2.887,0.0,2.887,14
2026-01-05 14:00:00,-0.2,1025.2,1.8,316.0,2.1,3.133,0.0,3.133,14
2026-01-05 15:00:00,0.8,1025.1,0.1,323.0,0.4,3.009,0.0,3.009,14
2026-01-05 16:00:00,1.6,1024.4,1.5,203.0,2.1,2.68,0.0,2.68,14
2026-01-05 17:00:00,2.0,1023.2,2.7,196.0,3.3,2.198,0.0,2.198,14
2026-01-05 18:00:00,2.5,1022.2,4.5,206.0,5.0,1.453,0.0,1.453,14
2026-01-05 19:00:00,4.0,1021.5,6.3,208.0,7.3,0.889,0.0,0.889,14
2026-01-05 20:00:00,4.4,1020.5,5.9,207.0,7.1,0.531,0.0,0.531,14
2026-01-05 21:00:00,5.1,1020.1,6.4,204.0,7.5,0.62,0.0,0.62,14
2026-01-05 22:00:00,5.5,1019.4,6.1,200.0,7.6,0.906,0.0,0.906,14
2026-01-05 23:00:00,5.9,1019.1,5.9,200.0,7.4,1.44,0.0,1.44,14
2026-01-06 00:00:00,6.0,1018.5,5.8,207.0,7.0,1.985,0.0,1.985,14
2026-01-06 01:00:00,5.9,1018.0,4.8,219.0,6.0,2.329,0.0,2.329,14
2026-01-06 02:00:00,6.5,1017.6,4.9,218.0,5.7,2.5,0.0,2.5,14
2026-01-06 03:00:00,7.2,1017.2,5.8,229.0,7.1,2.438,0.0,2.438,14
2026-01-06 04:00:00,6.6,1016.9,5.0,216.0,5.9,2.156,0.0,2.156,14
2026-01-06 05:00:00,5.5,1016.4,4.6,216.0,5.0,1.594,0.0,1.594,14
2026-01-06 06:00:00,5.5,1015.9,2.2,222.0,2.6,1.115,0.0,1.115,14
2026-01-06 07:00:00,4.8,1015.6,3.7,213.0,3.9,0.512,0.0,0.512,14
2026-01-06 08:00:00,4.7,1015.6,2.6,218.0,3.1,0.272,0.0,0.272,14
2026-01-06 09:00:00,5.1,1015.1,2.8,223.0,3.2,0.371,0.0,0.371,14
2026-01-06 10:00:00,4.9,1015.1,1.9,223.0,2.3,0.771,0.0,0.771,14
2026-01-06 11:00:00,4.7,1014.9,3.1,214.0,3.3,1.388,0.0,1.388,14
2026-01-06 12:00:00,5.2,1015.2,2.4,223.0,2.8,1.991,0.0,1.991,14
2026-01-06 13:00:00,4.8,1015.5,0.4,221.0,0.6,2.493,0.0,2.493,14
2026-01-06 14:00:00,5.4,1015.0,0.8,209.0,1.1,2.907,0.0,2.907,14
2026-01-06 15:00:00,5.8,1014.6,1.8,194.0,2.7,3.025,0.0,3.025,14
2026-01-06 16:00:00,6.5,1013.9,4.0,207.0,4.7,2.887,0.0,2.887,14
2026-01-06 17:00:00,6.8,1012.2,3.4,175.0,4.4,2.7,0.0,2.7,14
2026-01-06 18:00:00,6.7,1010.6,2.4,188.0,3.3,2.11,0.0,2.11,14
2026-01-06 19:00:00,6.5,1009.9,2.4,192.0,3.6,1.46,0.0,1.46,14
2026-01-06 20:00:00,6.5,1009.7,2.0,187.0,2.9,0.971,0.0,0.971,14
2026-01-06 21:00:00,6.6,1008.6,0.9,187.0,1.6,0.787,0.0,0.787,14
2026-01-06 22:00:00,6.9,1008.1,2.3,236.0,3.0,1.01,0.0,1.01,14
2026-01-06 23:00:00,7.0,1008.3,2.8,226.0,3.2,1.293,0.0,1.293,14
2026-01-07 00:00:00,8.4,1008.5,2.8,228.0,3.3,1.759,0.0,1.759,14
2026-01-07 01:00:00,7.5,1007.7,4.0,205.0,4.4,2.241,0.0,2.241,14
2026-01-07 02:00:00,6.6,1006.9,3.0,201.0,3.3,2.595,0.0,2.595,14
2026-01-07 03:00:00,6.3,1006.2,3.8,213.0,4.0,2.785,0.0,2.785,14
2026-01-07 04:00:00,7.2,1005.8,2.2,234.0,2.6,2.723,0.0,2.723,14
2026-01-07 05:00:00,7.5,1005.3,2.9,225.0,3.9,2.562,0.0,2.562,14
2026-01-07 06:00:00,12.1,1004.7,5.7,264.0,6.8,2.136,0.0,2.136,14
2026-01-07 07:00:00,12.5,1004.8,6.0,266.0,8.2,1.565,0.0,1.565,14
2026-01-07 08:00:00,11.9,1004.8,6.3,269.0,8.1,1.056,0.0,1.056,14
2026-01-07 09:00:00,11.5,1004.7,6.1,274.0,8.0,0.876,0.0,0.876,14
2026-01-07 10:00:00,11.3,1004.9,5.7,277.0,7.4,1.053,0.0,1.053,14
2026-01-07 11:00:00,11.4,1005.8,4.7,288.0,6.3,1.332,0.0,1.332,14
2026-01-07 12:00:00,11.5,1006.5,5.2,287.0,7.3,1.926,0.0,1.926,14
2026-01-07 13:00:00,11.0,1007.3,3.8,284.0,4.9,2.375,0.0,2.375,14
2026-01-07 14:00:00,11.9,1008.6,3.9,287.0,4.8,2.825,0.0,2.825,14
2026-01-07 15:00:00,13.0,1009.3,5.0,285.0,6.2,3.107,0.0,3.107,14
2026-01-07 16:00:00,14.1,1009.4,3.1,298.0,4.6,3.104,0.0,3.104,14
2026-01-07 17:00:00,14.8,1008.8,4.7,325.0,5.7,2.982,0.0,2.982,14
2026-01-07 18:00:00,15.3,1008.9,3.6,330.0,4.7,2.776,0.0,2.776,14
2026-01-07 19:00:00,16.3,1009.2,7.9,320.0,10.0,2.133,0.0,2.133,14
2026-01-07 20:00:00,16.2,1010.6,7.3,315.0,9.3,1.65,0.0,1.65,14
2026-01-07 21:00:00,15.3,1011.8,6.2,326.0,8.0,1.178,0.0,1.178,14
2026-01-07 22:00:00,14.5,1012.7,3.2,317.0,3.5,1.001,0.0,1.001,14
2026-01-07 23:00:00,13.4,1013.4,0.8,306.0,0.9,1.07,0.0,1.07,14
2026-01-08 00:00:00,11.0,1014.2,2.1,340.0,2.4,1.388,0.0,1.388,14
2026-01-08 01:00:00,10.3,1015.3,1.9,320.0,2.1,1.864,0.0,1.864,14
2026-01-08 02:00:00,11.1,1016.0,3.5,338.0,4.9,2.221,0.0,2.221,14
2026-01-08 03:00:00,9.8,1016.6,2.9,341.0,3.3,2.503,0.0,2.503,14
2026-01-08 04:00:00,8.6,1017.1,0.7,7.0,0.9,2.562,0.0,2.562,14
2026-01-08 05:00:00,6.2,1017.2,1.0,219.0,1.1,2.513,0.0,2.513,14
2026-01-08 06:00:00,6.0,1017.8,0.7,251.0,0.8,2.29,0.0,2.29,14
2026-01-08 07:00:00,5.3,1018.4,0.4,295.0,0.5,1.729,0.0,1.729,14
2026-01-08 08:00:00,5.3,1019.2,2.3,19.0,2.9,1.266,0.0,1.266,14
2026-01-08 09:00:00,4.9,1019.8,1.4,8.0,1.7,0.801,0.0,0.801,14
2026-01-08 10:00:00,4.9,1020.5,1.5,12.0,1.7,0.617,0.0,0.617,14
2026-01-08 11:00:00,3.9,1021.5,1.2,6.0,1.4,0.722,0.0,0.722,14
2026-01-08 12:00:00,4.1,1021.9,1.0,6.0,1.1,0.988,0.0,0.988,14
2026-01-08 13:00:00,4.2,1022.3,1.3,6.0,1.3,1.506,0.0,1.506,14
2026-01-08 14:00:00,5.0,1023.3,1.4,19.0,1.7,2.057,0.0,2.057,14
2026-01-08 15:00:00,7.3,1024.4,1.5,16.0,1.9,2.379,0.0,2.379,14
2026-01-08 16:00:00,8.2,1024.5,2.1,19.0,2.4,2.579,0.0,2.579,14
2026-01-08 17:00:00,9.2,1024.4,2.4,25.0,3.1,2.556,0.0,2.556,14
2026-01-08 18:00:00,9.3,1023.8,2.6,85.0,3.9,2.375,0.0,2.375,14
2026-01-08 19:00:00,8.8,1023.7,2.6,100.0,3.2,2.001,0.0,2.001,14
2026-01-08 20:00:00,6.8,1024.1,2.2,216.0,2.6,1.49,0.0,1.49,14
2026-01-08 21:00:00,6.6,1024.4,0.6,193.0,0.9,1.033,0.0,1.033,14
2026-01-08 22:00:00,6.3,1024.9,1.7,223.0,2.1,0.676,0.0,0.676,14
2026-01-08 23:00:00,6.2,1025.4,0.4,252.0,0.6,0.594,0.0,0.594,14
2026-01-09 00:00:00,5.6,1026.0,1.0,242.0,1.3,0.669,0.0,0.669,14
2026-01-09 01:00:00,5.4,1026.6,1.4,253.0,1.8,1.086,0.0,1.086,14
2026-01-09 02:00:00,6.1,1026.3,0.1,238.0,0.3,1.542,0.0,1.542,14
2026-01-09 03:00:00,5.5,1026.3,0.8,154.0,1.1,2.08,0.0,2.08,14
2026-01-09 04:00:00,5.3,1026.2,0.4,189.0,0.6,2.293,0.0,2.293,14
2026-01-09 05:00:00,5.3,1026.2,1.0,175.0,1.7,2.329,0.0,2.329,14
2026-01-09 06:00:00,5.8,1025.6,1.2,144.0,1.9,2.3,0.0,2.3,14
2026-01-09 07:00:00,6.0,1025.8,1.9,163.0,2.7,2.136,0.0,2.136,14
2026-01-09 08:00:00,6.5,1025.5,2.8,154.0,3.7,1.716,0.0,1.716,14
2026-01-09 09:00:00,6.2,1026.3,0.5,197.0,0.8,1.289,0.0,1.289,14
2026-01-09 10:00:00,6.4,1026.0,1.3,148.0,2.0,0.856,0.0,0.856,14
2026-01-09 11:00:00,6.4,1026.0,2.2,161.0,3.0,0.745,0.0,0.745,14
2026-01-09 12:00:00,6.5,1026.0,2.4,159.0,3.1,0.794,0.0,0.794,14
2026-01-09 13:00:00,6.8,1025.5,2.5,153.0,3.7,1.224,0.0,1.224,14
2026-01-09 14:00:00,7.2,1025.5,1.4,182.0,2.0,1.67,0.0,1.67,14
2026-01-09 15:00:00,7.7,1025.6,1.7,190.0,2.5,2.005,0.0,2.005,14
2026-01-09 16:00:00,7.7,1024.2,1.8,190.0,2.5,2.257,0.0,2.257,14
2026-01-09 17:00:00,8.0,1023.1,3.4,213.0,3.6,2.444,0.0,2.444,14
2026-01-09 18:00:00,9.2,1022.0,4.4,219.0,5.6,2.388,0.0,2.388,14
2026-01-09 19:00:00,9.4,1021.3,5.3,216.0,5.9,2.156,0.0,2.156,14
2026-01-09 20:00:00,9.5,1021.0,3.9,209.0,4.6,1.785,0.0,1.785,14
2026-01-09 21:00:00,10.0,1020.9,4.4,220.0,6.0,1.289,0.0,1.289,14
2026-01-09 22:00:00,8.0,1020.6,3.2,201.0,3.5,0.991,0.0,0.991,14
2026-01-09 23:00:00,10.7,1020.8,5.4,220.0,7.3,0.61,0.0,0.61,14
2026-01-10 00:00:00,8.0,1020.4,4.0,214.0,4.6,0.636,0.0,0.636,14
2026-01-10 01:00:00,9.8,1020.5,7.4,214.0,8.2,0.764,0.0,0.764,14
2026-01-10 02:00:00,9.4,1020.4,6.7,217.0,7.6,1.22,0.0,1.22,14
2026-01-10 03:00:00,11.3,1020.7,5.6,219.0,7.1,1.614,0.0,1.614,14
2026-01-10 04:00:00,9.8,1020.5,6.3,217.0,7.4,1.982,0.0,1.982,14
2026-01-10 05:00:00,8.6,1020.5,3.9,198.0,4.5,2.211,0.0,2.211,14
2026-01-10 06:00:00,7.9,1020.3,3.9,215.0,4.3,2.287,0.0,2.287,14
2026-01-10 07:00:00,10.0,1020.9,1.4,213.0,1.5,2.208,0.0,2.208,14
2026-01-10 08:00:00,9.4,1021.1,1.3,190.0,1.5,1.978,0.0,1.978,14
2026-01-10 09:00:00,11.1,1021.4,0.2,132.0,0.6,1.677,0.0,1.677,14
2026-01-10 10:00:00,9.5,1021.0,2.9,83.0,4.2,1.207,0.0,1.207,14
2026-01-10 11:00:00,8.7,1021.8,2.4,13.0,3.2,0.883,0.0,0.883,14
2026-01-10 12:00:00,10.7,1021.4,2.9,30.0,4.5,0.794,0.0,0.794,14
2026-01-10 13:00:00,11.4,1021.9,2.1,44.0,4.0,0.846,0.0,0.846,14
2026-01-10 14:00:00,10.3,1021.9,3.3,63.0,6.4,1.152,0.0,1.152,14
2026-01-10 15:00:00,8.8,1021.9,2.1,52.0,4.8,1.512,0.0,1.512,14
2026-01-10 16:00:00,8.2,1019.9,4.1,78.0,6.0,1.903,0.0,1.903,14
2026-01-10 17:00:00,7.9,1019.3,1.0,86.0,1.9,2.116,0.0,2.116,14
2026-01-10 18:00:00,8.2,1017.5,2.6,74.0,4.1,2.27,0.0,2.27,14
2026-01-10 19:00:00,8.2,1016.3,3.6,125.0,4.7,2.267,0.0,2.267,14
2026-01-10 20:00:00,8.3,1015.3,4.0,179.0,6.0,2.136,0.0,2.136,14
2026-01-10 21:00:00,8.5,1014.1,2.5,180.0,4.0,1.909,0.0,1.909,14
2026-01-10 22:00:00,9.8,1013.3,4.6,219.0,5.7,1.529,0.0,1.529,14
2026-01-10 23:00:00,9.5,1012.0,5.2,214.0,5.8,1.27,0.0,1.27,14
2026-01-11 00:00:00,9.4,1011.8,6.9,214.0,7.9,0.896,0.0,0.896,14
2026-01-11 01:00:00,9.8,1011.1,8.5,217.0,10.4,0.896,0.0,0.896,14
2026-01-11 02:00:00,11.8,1010.1,8.2,229.0,10.1,1.043,0.0,1.043,14
2026-01-11 03:00:00,12.1,1009.7,9.4,230.0,12.3,1.394,0.0,1.394,14
2026-01-11 04:00:00,12.0,1009.2,10.1,228.0,12.2,1.795,0.0,1.795,14
2026-01-11 05:00:00,10.9,1008.4,7.9,223.0,9.5,2.129,0.0,2.129,14
2026-01-11 06:00:00,13.3,1008.3,8.9,229.0,10.8,2.349,0.0,2.349,14
2026-01-11 07:00:00,13.2,1009.6,0.9,250.0,1.6,2.448,0.0,2.448,14
2026-01-11 08:00:00,13.1,1009.9,0.8,322.0,1.3,2.231,0.0,2.231,14
2026-01-11 09:00:00,12.1,1009.9,1.9,322.0,2.9,1.972,0.0,1.972,14
2026-01-11 10:00:00,11.5,1010.5,5.2,337.0,7.1,1.621,0.0,1.621,14
2026-01-11 11:00:00,10.7,1011.3,4.6,341.0,5.6,1.257,0.0,1.257,14
2026-01-11 12:00:00,9.8,1011.7,4.4,4.0,5.4,0.82,0.0,0.82,14
2026-01-11 13:00:00,9.2,1011.5,4.1,8.0,5.1,0.764,0.0,0.764,14
2026-01-11 14:00:00,8.9,1011.6,6.0,1.0,7.5,0.922,0.0,0.922,14
2026-01-11 15:00:00,8.6,1012.7,5.2,0.0,6.8,1.089,0.0,1.089,14
2026-01-11 16:00:00,8.0,1012.6,5.4,5.0,6.5,1.417,0.0,1.417,14
2026-01-11 17:00:00,7.2,1011.4,4.6,344.0,6.2,1.857,0.0,1.857,14
2026-01-11 18:00:00,7.4,1010.4,2.9,290.0,4.1,1.857,0.0,1.857,14
2026-01-11 19:00:00,7.2,1011.4,4.6,311.0,6.8,2.011,0.0,2.011,14
2026-01-11 20:00:00,7.8,1011.5,5.1,309.0,7.2,1.972,0.0,1.972,14
2026-01-11 21:00:00,8.2,1012.5,6.7,311.0,9.9,1.85,0.0,1.85,14
2026-01-11 22:00:00,6.7,1014.7,6.1,314.0,9.4,1.532,0.0,1.532,14
2026-01-11 23:00:00,5.6,1016.4,8.4,318.0,11.1,0.925,0.0,0.925,14
2026-01-12 00:00:00,4.5,1017.7,8.7,298.0,12.0,0.279,0.0,0.279,14
2026-01-12 01:00:00,3.7,1019.1,7.5,309.0,10.9,-0.049,0.0,-0.049,14
2026-01-12 02:00:00,3.0,1020.0,9.0,307.0,11.7,-0.007,0.0,-0.007,14
2026-01-12 03:00:00,2.5,1020.4,5.3,303.0,6.9,0.157,0.0,0.157,14
2026-01-12 04:00:00,2.2,1021.3,5.7,298.0,9.4,0.738,0.0,0.738,14
2026-01-12 05:00:00,2.0,1022.2,6.0,306.0,8.0,1.26,0.0,1.26,14
2026-01-12 06:00:00,1.8,1023.1,4.8,289.0,6.0,1.519,0.0,1.519,14
2026-01-12 07:00:00,1.5,1023.8,2.9,305.0,3.8,1.562,0.0,1.562,14
2026-01-12 08:00:00,1.2,1023.3,4.2,317.0,5.7,1.663,0.0,1.663,14
2026-01-12 09:00:00,0.7,1023.8,3.3,311.0,4.4,1.65,0.0,1.65,14
2026-01-12 10:00:00,0.7,1024.3,3.8,306.0,5.6,1.434,0.0,1.434,14
2026-01-12 11:00:00,0.7,1025.5,3.7,309.0,4.4,0.814,0.0,0.814,14
2026-01-12 12:00:00,0.6,1025.8,4.1,315.0,5.5,0.44,0.0,0.44,14
2026-01-12 13:00:00,0.9,1026.6,4.1,319.0,5.7,0.285,0.0,0.285,14
2026-01-14 03:00:00,7.3,1011.1,6.1,224.0,7.2,-0.115,0.0,-0.115,15
2026-01-14 04:00:00,7.3,1010.5,7.1,227.0,8.6,-0.102,0.0,-0.102,15
2026-01-14 05:00:00,6.9,1009.9,6.9,221.0,8.2,0.243,0.0,0.243,15
2026-01-14 06:00:00,6.3,1009.1,5.9,221.0,7.3,0.686,0.0,0.686,15
2026-01-14 07:00:00,7.1,1008.8,6.5,224.0,8.0,1.158,0.0,1.158,15
2026-01-14 08:00:00,6.2,1008.2,5.8,219.0,6.6,1.496,0.0,1.496,15
2026-01-14 09:00:00,6.1,1007.6,6.2,217.0,7.5,1.772,0.0,1.772,15
2026-01-14 10:00:00,6.1,1007.2,4.2,222.0,4.8,1.87,0.0,1.87,15
2026-01-14 11:00:00,5.6,1007.2,5.2,216.0,6.0,1.729,0.0,1.729,15
2026-01-14 12:00:00,5.7,1007.4,4.1,221.0,4.7,1.522,0.0,1.522,15
2026-01-14 13:00:00,5.7,1007.4,4.7,222.0,5.5,1.217,0.0,1.217,15
2026-01-14 14:00:00,6.5,1007.1,4.6,215.0,5.2,0.768,0.0,0.768,15
2026-01-14 15:00:00,7.0,1007.0,5.6,214.0,6.3,0.535,0.0,0.535,15
2026-01-14 16:00:00,7.1,1006.0,3.5,196.0,4.6,0.515,0.0,0.515,15
2026-01-14 17:00:00,6.8,1004.7,5.6,212.0,6.6,0.689,0.0,0.689,15
2026-01-14 18:00:00,6.9,1003.4,6.4,202.0,7.6,0.823,0.0,0.823,15
2026-01-14 19:00:00,7.7,1003.0,6.4,231.0,8.3,1.188,0.0,1.188,15
2026-01-14 20:00:00,7.6,1002.5,7.1,221.0,8.4,1.499,0.0,1.499,15
2026-01-14 21:00:00,8.2,1002.7,3.4,229.0,4.0,1.778,0.0,1.778,15
2026-01-14 22:00:00,7.0,1001.8,2.7,222.0,3.6,1.854,0.0,1.854,15
2026-01-14 23:00:00,6.6,1001.2,4.6,209.0,5.2,1.857,0.0,1.857,15
2026-01-15 00:00:00,6.9,1000.7,4.5,211.0,5.1,1.673,0.0,1.673,15
2026-01-15 01:00:00,7.2,1000.1,5.4,204.0,6.4,1.493,0.0,1.493,15
2026-01-15 02:00:00,6.9,999.1,5.6,208.0,6.5,1.033,0.0,1.033,15
2026-01-15 03:00:00,7.7,999.0,7.2,222.0,8.7,0.846,0.0,0.846,15
2026-01-15 04:00:00,7.5,998.2,6.8,223.0,9.3,0.84,0.0,0.84,15
2026-01-15 05:00:00,7.6,997.1,6.6,228.0,8.4,1.027,0.0,1.027,15
2026-01-15 06:00:00,7.3,996.9,6.2,226.0,7.5,1.388,0.0,1.388,15
2026-01-15 07:00:00,6.7,996.9,4.0,215.0,4.4,1.768,0.0,1.768,15
2026-01-15 08:00:00,7.3,996.6,2.4,230.0,3.3,2.073,0.0,2.073,15
2026-01-15 09:00:00,7.7,996.6,3.0,240.0,3.9,2.434,0.0,2.434,15
2026-01-15 10:00:00,7.6,997.1,3.5,288.0,4.9,2.667,0.0,2.667,15
2026-01-15 11:00:00,7.4,997.6,6.0,313.0,8.0,2.628,0.0,2.628,15
2026-01-15 12:00:00,6.0,999.1,5.3,318.0,7.0,2.566,0.0,2.566,15
2026-01-15 13:00:00,5.1,1000.2,4.8,311.0,7.0,2.359,0.0,2.359,15
2026-01-15 14:00:00,3.3,1001.2,9.7,311.0,13.5,1.759,0.0,1.759,15
2026-01-15 15:00:00,3.1,1002.2,6.4,326.0,9.4,1.302,0.0,1.302,15
2026-01-15 16:00:00,2.5,1002.5,7.1,319.0,9.7,0.938,0.0,0.938,15
2026-01-15 17:00:00,1.9,1001.7,8.4,318.0,10.2,0.935,0.0,0.935,15
2026-01-15 18:00:00,1.9,1001.3,7.6,340.0,9.6,1.132,0.0,1.132,15
2026-01-15 19:00:00,2.4,1001.2,5.7,288.0,9.0,1.391,0.0,1.391,15
2026-01-15 20:00:00,2.4,1001.6,4.8,299.0,6.8,1.621,0.0,1.621,15
2026-01-15 21:00:00,1.8,1002.4,6.3,312.0,8.3,1.952,0.0,1.952,15
2026-01-15 22:00:00,0.9,1002.2,6.5,326.0,8.1,2.064,0.0,2.064,15
2026-01-15 23:00:00,0.0,1003.8,4.8,320.0,5.9,2.083,0.0,2.083,15
2026-01-16 00:00:00,-0.7,1003.9,5.2,332.0,6.3,1.732,0.0,1.732,15
2026-01-16 01:00:00,-1.4,1004.2,6.9,328.0,8.6,1.257,0.0,1.257,15
2026-01-16 02:00:00,-2.0,1005.4,6.5,329.0,9.2,0.919,0.0,0.919,15
2026-01-16 03:00:00,-2.8,1005.8,7.5,342.0,9.2,0.479,0.0,0.479,15
2026-01-16 04:00:00,-3.5,1006.4,7.5,321.0,9.3,0.249,0.0,0.249,15
2026-01-16 05:00:00,-4.1,1006.8,8.3,311.0,11.5,0.223,0.0,0.223,15
2026-01-16 06:00:00,-4.1,1007.3,4.8,301.0,6.5,0.276,0.0,0.276,15
2026-01-16 07:00:00,-3.9,1008.6,5.0,287.0,6.2,0.856,0.0,0.856,15
2026-01-16 08:00:00,-4.0,1009.9,4.6,285.0,5.5,1.289,0.0,1.289,15
2026-01-16 09:00:00,-4.0,1010.9,6.1,293.0,8.1,1.634,0.0,1.634,15
2026-01-16 10:00:00,-3.9,1012.0,6.4,296.0,9.0,1.909,0.0,1.909,15
2026-01-16 11:00:00,-4.0,1013.5,4.3,295.0,6.3,2.113,0.0,2.113,15
2026-01-16 12:00:00,-4.2,1014.9,4.5,295.0,6.2,2.008,0.0,2.008,15
2026-01-16 13:00:00,-3.7,1015.9,5.6,305.0,7.6,1.726,0.0,1.726,15
2026-01-16 14:00:00,-3.1,1016.8,5.5,300.0,7.4,1.401,0.0,1.401,15
2026-01-16 15:00:00,-2.1,1017.6,5.1,301.0,9.1,0.919,0.0,0.919,15
2026-01-16 16:00:00,-0.9,1017.7,6.4,304.0,8.5,0.443,0.0,0.443,15
2026-01-16 17:00:00,0.1,1017.0,5.3,280.0,7.1,0.236,0.0,0.236,15
2026-01-16 18:00:00,0.8,1017.6,5.3,264.0,6.9,0.177,0.0,0.177,15
2026-01-18 05:00:00,5.4,1019.5,0.0,1.0,0.1,-0.279,0.0,-0.279,16
2026-01-18 06:00:00,5.5,1018.2,1.0,61.0,2.0,-0.315,0.0,-0.315,16
2026-01-18 07:00:00,5.5,1018.1,1.8,65.0,2.9,0.003,0.0,0.003,16
2026-01-18 08:00:00,5.8,1018.0,0.9,84.0,1.5,0.561,0.0,0.561,16
2026-01-18 09:00:00,5.9,1016.9,0.7,78.0,1.1,1.152,0.0,1.152,16
2026-01-18 10:00:00,5.4,1016.7,2.9,3.0,3.3,1.578,0.0,1.578,16
2026-01-18 11:00:00,5.9,1016.9,1.1,52.0,2.5,2.113,0.0,2.113,16
2026-01-18 12:00:00,5.3,1016.9,1.2,354.0,1.6,2.359,0.0,2.359,16
2026-01-18 13:00:00,5.4,1016.3,0.2,354.0,1.0,2.375,0.0,2.375,16
2026-01-18 14:00:00,5.4,1015.1,2.2,1.0,2.5,2.297,0.0,2.297,16
2026-01-18 15:00:00,5.9,1014.3,1.3,12.0,1.5,2.09,0.0,2.09,16
2026-01-18 16:00:00,6.6,1014.4,2.9,311.0,3.5,1.604,0.0,1.604,16
2026-01-18 17:00:00,6.3,1012.7,2.7,340.0,3.1,0.988,0.0,0.988,16
2026-01-18 18:00:00,5.8,1011.5,2.7,350.0,3.3,0.568,0.0,0.568,16
2026-01-18 19:00:00,5.4,1010.8,2.6,353.0,3.0,0.509,0.0,0.509,16
2026-01-18 20:00:00,4.5,1010.0,5.0,11.0,6.5,0.856,0.0,0.856,16
2026-01-18 21:00:00,3.7,1009.7,4.9,7.0,5.8,1.214,0.0,1.214,16
2026-01-18 22:00:00,2.8,1009.4,5.4,344.0,6.1,1.647,0.0,1.647,16
2026-01-18 23:00:00,1.9,1010.2,6.4,336.0,8.3,2.031,0.0,2.031,16
2026-01-19 00:00:00,1.2,1011.2,6.9,335.0,10.1,2.257,0.0,2.257,16
2026-01-19 01:00:00,1.3,1010.7,8.1,346.0,10.1,2.313,0.0,2.313,16
2026-01-19 02:00:00,0.9,1011.3,6.4,345.0,8.5,2.169,0.0,2.169,16
2026-01-19 03:00:00,-0.1,1012.7,7.1,341.0,9.0,1.932,0.0,1.932,16
2026-01-19 04:00:00,-0.8,1012.8,6.9,336.0,9.5,1.293,0.0,1.293,16
2026-01-19 05:00:00,-1.2,1013.5,7.4,335.0,9.8,0.676,0.0,0.676,16
2026-01-19 06:00:00,-1.8,1013.7,7.0,337.0,8.8,0.453,0.0,0.453,16
2026-01-19 07:00:00,-2.1,1014.3,5.5,339.0,6.9,0.505,0.0,0.505,16
2026-01-19 08:00:00,-2.6,1015.5,3.5,316.0,4.8,0.837,0.0,0.837,16
2026-01-19 09:00:00,-3.2,1016.2,2.9,312.0,4.1,1.266,0.0,1.266,16
2026-01-19 10:00:00,-3.3,1016.6,1.3,307.0,1.7,1.867,0.0,1.867,16
2026-01-19 11:00:00,-3.9,1016.5,1.6,271.0,2.4,2.238,0.0,2.238,16
2026-01-19 12:00:00,-3.2,1016.9,1.7,277.0,2.1,2.523,0.0,2.523,16
2026-01-19 13:00:00,-3.2,1017.4,2.4,218.0,2.9,2.73,0.0,2.73,16
2026-01-19 14:00:00,-1.6,1017.8,3.6,239.0,4.4,2.812,0.0,2.812,16
2026-01-19 15:00:00,0.1,1018.4,4.7,223.0,5.7,2.644,0.0,2.644,16
2026-01-19 16:00:00,0.8,1018.0,6.0,219.0,7.3,2.034,0.0,2.034,16
2026-01-19 17:00:00,2.3,1016.7,7.1,218.0,8.5,1.375,0.0,1.375,16
2026-01-19 18:00:00,3.8,1015.5,7.3,255.0,9.1,0.961,0.0,0.961,16
2026-01-19 19:00:00,4.2,1015.2,7.8,252.0,9.6,0.682,0.0,0.682,16
2026-01-19 20:00:00,4.4,1015.8,7.1,276.0,10.5,0.627,0.0,0.627,16
2026-01-19 21:00:00,4.2,1016.7,5.5,266.0,7.0,0.719,0.0,0.719,16
2026-01-19 22:00:00,3.8,1017.1,3.0,279.0,4.0,1.266,0.0,1.266,16
2026-01-19 23:00:00,2.9,1017.9,2.3,262.0,2.6,1.739,0.0,1.739,16
2026-01-20 00:00:00,2.4,1018.3,1.3,248.0,1.6,1.982,0.0,1.982,16
2026-01-20 01:00:00,2.1,1018.7,1.8,223.0,2.2,2.044,0.0,2.044,16
2026-01-20 02:00:00,2.0,1019.0,1.4,235.0,1.7,1.949,0.0,1.949,16
2026-01-20 03:00:00,2.1,1019.1,1.9,230.0,2.7,1.719,0.0,1.719,16
2026-01-20 04:00:00,1.5,1019.8,5.4,320.0,8.0,1.322,0.0,1.322,16
2026-01-20 05:00:00,1.8,1020.7,4.6,347.0,5.9,0.741,0.0,0.741,16
2026-01-20 06:00:00,1.2,1021.1,5.0,354.0,6.0,0.269,0.0,0.269,16
2026-01-20 07:00:00,0.9,1022.2,6.5,354.0,7.7,-0.049,0.0,-0.049,16
2026-01-20 08:00:00,0.0,1023.2,6.3,349.0,8.0,-0.092,0.0,-0.092,16
2026-01-20 09:00:00,-0.8,1023.9,5.8,340.0,7.7,0.289,0.0,0.289,16
2026-01-20 10:00:00,-1.8,1024.9,6.6,332.0,9.8,0.794,0.0,0.794,16
2026-01-20 11:00:00,-2.7,1025.7,8.5,331.0,12.3,1.46,0.0,1.46,16
2026-01-20 12:00:00,-3.5,1027.3,4.6,335.0,6.1,1.745,0.0,1.745,16
2026-01-20 13:00:00,-3.9,1028.4,5.4,344.0,7.2,2.129,0.0,2.129,16
2026-01-20 14:00:00,-3.9,1029.1,5.7,356.0,8.1,2.093,0.0,2.093,16
2026-01-20 15:00:00,-3.3,1029.7,4.8,328.0,6.6,1.893,0.0,1.893,16
2026-01-20 16:00:00,-2.6,1029.8,5.7,324.0,7.9,1.424,0.0,1.424,16
2026-01-20 17:00:00,-1.6,1029.0,3.8,344.0,5.1,0.738,0.0,0.738,16
2026-01-20 18:00:00,-0.8,1028.3,4.5,293.0,6.6,0.138,0.0,0.138,16
2026-01-20 19:00:00,-0.2,1028.1,4.4,297.0,5.7,-0.269,0.0,-0.269,16
2026-01-21 09:00:00,-3.3,1034.7,1.1,78.0,1.9,-0.551,0.0,-0.551,17
2026-01-21 10:00:00,-3.2,1035.3,2.1,26.0,3.1,-0.135,0.0,-0.135,17
2026-01-21 11:00:00,-3.4,1035.3,1.7,349.0,2.1,0.535,0.0,0.535,17
2026-01-21 12:00:00,-3.3,1035.1,1.3,3.0,1.7,1.109,0.0,1.109,17
2026-01-21 13:00:00,-0.3,1035.0,3.1,128.0,4.7,1.562,0.0,1.562,17
2026-01-21 14:00:00,1.2,1034.8,2.6,143.0,4.0,1.9,0.0,1.9,17
2026-01-21 15:00:00,2.4,1034.9,2.8,184.0,4.2,1.841,0.0,1.841,17
2026-01-21 16:00:00,2.9,1034.2,6.0,207.0,7.3,1.512,0.0,1.512,17
2026-01-21 17:00:00,3.6,1033.0,7.2,219.0,8.5,1.033,0.0,1.033,17
2026-01-21 18:00:00,4.0,1031.5,7.4,220.0,9.4,0.361,0.0,0.361,17
2026-01-21 19:00:00,4.3,1029.9,7.9,224.0,9.9,-0.157,0.0,-0.157,17
2026-01-21 20:00:00,4.7,1028.4,8.4,220.0,9.9,-0.456,0.0,-0.456,17
2026-01-22 22:00:00,10.9,1018.8,2.2,263.0,2.7,-0.108,0.0,-0.108,18
2026-01-22 23:00:00,9.5,1019.4,0.9,246.0,0.9,0.115,0.0,0.115,18
2026-01-23 00:00:00,7.2,1019.7,0.6,200.0,0.9,0.689,0.0,0.689,18
2026-01-23 01:00:00,6.7,1020.1,2.2,253.0,2.5,1.237,0.0,1.237,18
2026-01-23 02:00:00,6.4,1020.2,1.1,11.0,1.5,1.611,0.0,1.611,18
2026-01-23 03:00:00,4.6,1020.3,0.9,19.0,1.2,1.827,0.0,1.827,18
2026-01-23 04:00:00,5.3,1021.0,0.8,9.0,1.0,1.818,0.0,1.818,18
2026-01-23 05:00:00,4.8,1021.3,1.8,8.0,2.1,1.532,0.0,1.532,18
2026-01-23 06:00:00,4.8,1021.5,2.0,26.0,2.4,1.23,0.0,1.23,18
2026-01-23 07:00:00,4.3,1021.8,1.2,14.0,1.6,0.554,0.0,0.554,18
2026-01-23 08:00:00,3.9,1021.8,0.2,12.0,0.4,0.023,0.0,0.023,18
2026-01-23 09:00:00,2.7,1021.4,0.0,11.0,0.0,-0.135,0.0,-0.135,18
2026-01-23 10:00:00,1.3,1021.8,0.7,11.0,0.9,-0.062,0.0,-0.062,19
2026-01-23 11:00:00,1.3,1022.4,1.3,0.0,1.4,0.282,0.0,0.282,19
2026-01-23 12:00:00,1.7,1022.9,0.9,1.0,1.1,0.801,0.0,0.801,19
2026-01-23 13:00:00,1.9,1023.6,0.0,351.0,0.0,1.234,0.0,1.234,19
2026-01-23 14:00:00,3.3,1024.0,0.0,344.0,0.2,1.752,0.0,1.752,19
2026-01-23 15:00:00,5.8,1024.0,2.0,29.0,2.2,2.024,0.0,2.024,19
2026-01-23 16:00:00,5.2,1024.2,4.2,201.0,5.0,2.08,0.0,2.08,19
2026-01-23 17:00:00,6.2,1023.2,2.6,195.0,3.6,1.883,0.0,1.883,19
2026-01-23 18:00:00,6.6,1022.2,3.8,192.0,5.5,1.542,0.0,1.542,19
2026-01-23 19:00:00,6.3,1021.8,5.0,202.0,6.2,0.869,0.0,0.869,19
2026-01-23 20:00:00,6.3,1021.6,3.8,204.0,4.6,0.459,0.0,0.459,19
2026-01-23 21:00:00,6.5,1021.7,5.1,211.0,5.8,0.023,0.0,0.023,19
2026-01-24 11:00:00,-8.3,1035.3,9.4,9.0,13.0,-0.082,0.0,-0.082,20
2026-01-24 12:00:00,-8.8,1036.0,10.0,9.0,13.8,0.164,0.0,0.164,20
2026-01-24 13:00:00,-9.1,1037.4,8.6,6.0,10.4,0.771,0.0,0.771,20
2026-01-24 14:00:00,-8.5,1037.7,10.7,11.0,14.9,1.365,0.0,1.365,20
2026-01-24 15:00:00,-8.5,1038.6,8.9,15.0,12.3,1.677,0.0,1.677,20
2026-01-24 16:00:00,-7.8,1038.5,8.6,10.0,11.5,1.798,0.0,1.798,20
2026-01-24 17:00:00,-7.5,1038.1,6.8,13.0,9.0,1.923,0.0,1.923,20
2026-01-24 18:00:00,-7.6,1037.0,5.4,21.0,9.1,1.64,0.0,1.64,20
2026-01-24 19:00:00,-7.5,1036.4,6.2,17.0,8.7,1.119,0.0,1.119,20
2026-01-24 20:00:00,-6.9,1037.1,6.0,3.0,7.7,0.591,0.0,0.591,20
2026-01-24 21:00:00,-7.0,1037.4,5.5,22.0,7.2,0.062,0.0,0.062,20
2026-01-24 22:00:00,-6.7,1037.9,5.3,13.0,7.2,-0.308,0.0,-0.308,20
2026-01-24 23:00:00,-6.7,1038.1,5.4,2.0,6.4,-0.24,0.0,-0.24,20
2026-01-25 00:00:00,-6.3,1038.3,5.0,3.0,6.2,-0.092,0.0,-0.092,20
2026-01-25 01:00:00,-5.9,1038.4,4.3,3.0,5.3,0.43,0.0,0.43,20
2026-01-25 02:00:00,-5.7,1038.0,5.3,5.0,6.3,0.951,0.0,0.951,20
2026-01-25 03:00:00,-5.0,1038.0,2.0,64.0,3.2,1.411,0.0,1.411,20
2026-01-25 04:00:00,-4.5,1036.9,2.8,57.0,6.1,1.768,0.0,1.768,20
2026-01-25 05:00:00,-4.9,1036.3,3.7,65.0,6.6,1.886,0.0,1.886,20
2026-01-25 06:00:00,-4.9,1035.2,4.4,28.0,7.0,1.804,0.0,1.804,20
2026-01-25 07:00:00,-4.3,1034.0,3.1,40.0,6.8,1.762,0.0,1.762,20
2026-01-25 08:00:00,-3.1,1032.4,5.5,70.0,7.6,1.424,0.0,1.424,20
2026-01-25 09:00:00,-2.2,1030.6,6.5,72.0,10.4,1.01,0.0,1.01,20
2026-01-25 10:00:00,-1.4,1029.5,6.4,78.0,9.6,0.525,0.0,0.525,20
2026-01-25 11:00:00,-0.8,1028.8,6.1,77.0,9.6,0.505,0.0,0.505,20
2026-01-25 12:00:00,-0.3,1027.2,8.0,78.0,12.8,0.728,0.0,0.728,20
2026-01-25 13:00:00,0.2,1025.7,7.5,82.0,11.8,1.299,0.0,1.299,20
2026-01-25 14:00:00,0.8,1024.2,6.8,92.0,10.8,1.69,0.0,1.69,20
2026-01-25 15:00:00,1.5,1022.4,8.4,101.0,12.4,2.093,0.0,2.093,20
2026-01-25 16:00:00,2.5,1020.1,7.8,88.0,12.7,2.487,0.0,2.487,20
2026-01-25 17:00:00,3.4,1016.8,7.2,86.0,13.0,2.812,0.0,2.812,20
2026-01-25 18:00:00,4.3,1014.1,5.6,80.0,8.2,2.871,0.0,2.871,20
2026-01-25 19:00:00,4.8,1012.5,4.3,69.0,6.6,2.792,0.0,2.792,20
2026-01-25 20:00:00,5.3,1010.6,4.3,346.0,5.7,2.457,0.0,2.457,20
2026-01-25 21:00:00,5.6,1008.4,2.5,74.0,3.5,2.011,0.0,2.011,20
2026-01-25 22:00:00,4.7,1007.4,3.4,8.0,4.6,1.699,0.0,1.699,20
2026-01-25 23:00:00,4.2,1007.6,4.9,346.0,6.2,1.552,0.0,1.552,20
2026-01-26 00:00:00,3.8,1007.4,2.7,332.0,3.2,1.437,0.0,1.437,20
2026-01-26 02:00:00,3.1,1006.0,4.3,212.0,5.6,1.972,0.0,1.972,20
2026-01-26 03:00:00,1.7,1007.7,6.6,276.0,10.2,2.349,0.0,2.349,20
2026-01-26 04:00:00,0.9,1007.1,3.1,292.0,3.9,2.74,0.0,2.74,20
2026-01-26 05:00:00,0.6,1007.6,3.3,273.0,4.3,3.009,0.0,3.009,20
2026-01-26 06:00:00,0.5,1007.6,4.0,320.0,4.7,3.074,0.0,3.074,20
2026-01-26 07:00:00,0.1,1007.6,3.5,308.0,4.7,3.159,0.0,3.159,20
2026-01-26 08:00:00,0.0,1007.7,3.9,347.0,5.4,3.058,0.0,3.058,20
2026-01-26 09:00:00,-0.6,1008.2,3.1,315.0,3.9,2.69,0.0,2.69,20
2026-01-26 10:00:00,-0.9,1008.7,2.6,303.0,3.2,2.287,0.0,2.287,20
2026-01-26 11:00:00,-1.0,1009.4,3.1,322.0,3.8,1.936,0.0,1.936,20
2026-01-26 12:00:00,-1.4,1010.3,2.8,300.0,4.4,1.785,0.0,1.785,20
2026-01-26 13:00:00,-1.6,1010.0,3.5,307.0,5.1,1.67,0.0,1.67,20
2026-01-26 14:00:00,-1.5,1010.2,7.0,339.0,9.3,1.85,0.0,1.85,20
2026-01-26 15:00:00,-1.9,1010.7,8.5,342.0,10.2,2.283,0.0,2.283,20
2026-01-26 16:00:00,-1.6,1010.6,9.5,342.0,12.5,2.697,0.0,2.697,20
2026-01-26 17:00:00,-1.6,1009.9,9.1,347.0,11.6,2.756,0.0,2.756,20
2026-01-26 18:00:00,-1.6,1009.7,7.4,324.0,11.7,2.927,0.0,2.927,20
2026-01-26 19:00:00,-1.6,1010.0,10.3,325.0,12.7,2.91,0.0,2.91,20
2026-01-26 20:00:00,-1.6,1010.8,10.7,328.0,15.0,2.746,0.0,2.746,20
2026-01-26 21:00:00,-1.5,1011.5,8.3,319.0,11.2,2.113,0.0,2.113,20
2026-01-26 22:00:00,-2.2,1012.5,8.2,314.0,11.0,1.568,0.0,1.568,20
2026-01-26 23:00:00,-2.7,1014.0,10.3,314.0,13.1,1.198,0.0,1.198,20
2026-01-27 00:00:00,-3.1,1015.5,7.9,315.0,11.8,0.833,0.0,0.833,20
2026-01-27 01:00:00,-3.8,1016.6,8.9,323.0,12.3,0.653,0.0,0.653,20
2026-01-27 02:00:00,-4.4,1017.9,7.8,330.0,10.7,0.787,0.0,0.787,20
2026-01-27 03:00:00,-4.8,1018.9,8.0,315.0,9.9,1.325,0.0,1.325,20
2026-01-27 04:00:00,-5.2,1019.9,5.5,314.0,8.1,1.821,0.0,1.821,20
2026-01-27 05:00:00,-5.3,1020.9,6.1,309.0,9.3,2.156,0.0,2.156,20
2026-01-27 06:00:00,-5.4,1021.6,5.6,318.0,7.6,2.415,0.0,2.415,20
2026-01-27 07:00:00,-5.7,1022.2,5.1,302.0,7.1,2.608,0.0,2.608,20
2026-01-27 08:00:00,-6.1,1022.8,4.2,302.0,5.8,2.602,0.0,2.602,20
2026-01-27 09:00:00,-6.4,1022.9,5.1,312.0,6.6,2.362,0.0,2.362,20
2026-01-27 10:00:00,-6.7,1023.8,5.8,311.0,7.5,1.929,0.0,1.929,20
2026-01-27 11:00:00,-7.0,1024.3,3.5,302.0,4.8,1.519,0.0,1.519,20
2026-01-27 12:00:00,-7.9,1024.6,2.9,289.0,3.7,1.02,0.0,1.02,20
2026-01-27 13:00:00,-7.3,1024.8,3.8,285.0,4.7,0.797,0.0,0.797,20
2026-01-27 14:00:00,-6.6,1024.4,4.3,300.0,6.1,0.843,0.0,0.843,20
2026-01-27 15:00:00,-5.3,1023.7,5.0,265.0,6.5,1.001,0.0,1.001,20
2026-01-27 16:00:00,-4.6,1022.7,4.6,272.0,5.9,1.211,0.0,1.211,20
2026-01-27 17:00:00,-3.1,1021.5,4.8,242.0,7.2,1.686,0.0,1.686,20
2026-01-27 18:00:00,-2.5,1019.9,5.0,229.0,6.9,1.942,0.0,1.942,20
2026-01-27 19:00:00,-1.9,1019.0,6.9,224.0,8.9,2.146,0.0,2.146,20
2026-01-27 20:00:00,-1.8,1017.2,9.6,208.0,11.4,1.939,0.0,1.939,20
2026-01-27 21:00:00,-0.9,1016.6,7.5,257.0,10.1,1.693,0.0,1.693,20
2026-01-27 22:00:00,-2.0,1016.9,7.1,257.0,9.0,1.263,0.0,1.263,20
2026-01-27 23:00:00,-2.4,1017.3,4.7,266.0,5.9,0.843,0.0,0.843,20
2026-01-28 00:00:00,-2.6,1017.7,3.9,254.0,4.6,0.312,0.0,0.312,20
2026-01-28 01:00:00,-3.0,1018.0,2.7,262.0,3.4,0.003,0.0,0.003,20
2026-01-28 02:00:00,-3.0,1018.2,2.2,247.0,2.6,-0.023,0.0,-0.023,20
2026-01-28 03:00:00,-3.5,1019.1,2.4,303.0,3.7,0.24,0.0,0.24,20
2026-01-28 04:00:00,-3.4,1020.4,7.2,347.0,9.0,0.614,0.0,0.614,20
2026-01-28 05:00:00,-4.2,1021.0,4.6,340.0,6.3,1.276,0.0,1.276,20
2026-01-28 06:00:00,-4.2,1021.8,6.1,337.0,8.2,1.575,0.0,1.575,20
2026-01-28 07:00:00,-4.1,1022.4,9.0,353.0,10.9,1.877,0.0,1.877,20
2026-01-28 08:00:00,-5.0,1023.3,4.3,339.0,5.8,1.969,0.0,1.969,20
2026-01-28 09:00:00,-5.5,1023.6,5.0,330.0,6.8,2.073,0.0,2.073,20
2026-01-28 10:00:00,-5.8,1024.2,4.6,324.0,6.0,2.028,0.0,2.028,20
2026-01-28 11:00:00,-6.4,1024.2,3.8,320.0,5.0,1.555,0.0,1.555,20
2026-01-28 12:00:00,-7.2,1024.3,3.1,306.0,4.0,1.007,0.0,1.007,20
2026-01-28 13:00:00,-6.7,1024.5,4.8,343.0,6.2,0.669,0.0,0.669,20
2026-01-28 14:00:00,-6.2,1024.6,7.0,344.0,9.3,0.364,0.0,0.364,20
2026-01-28 15:00:00,-5.8,1024.2,5.7,343.0,6.8,0.361,0.0,0.361,20
2026-01-28 16:00:00,-5.5,1024.0,3.9,9.0,5.0,0.502,0.0,0.502,20
2026-01-28 17:00:00,-4.7,1022.5,2.7,26.0,3.9,0.909,0.0,0.909,20
2026-01-28 18:00:00,-3.9,1020.9,2.8,308.0,4.3,1.234,0.0,1.234,20
2026-01-28 19:00:00,-3.3,1019.7,4.1,311.0,5.3,1.588,0.0,1.588,20
2026-01-28 20:00:00,-2.7,1018.9,3.6,328.0,5.6,1.713,0.0,1.713,20
2026-01-28 21:00:00,-2.4,1018.6,2.6,299.0,3.7,1.781,0.0,1.781,20
2026-01-28 22:00:00,-2.8,1018.5,2.7,301.0,3.3,1.627,0.0,1.627,20
2026-01-28 23:00:00,-3.4,1019.1,3.6,301.0,4.9,1.266,0.0,1.266,20
2026-01-29 00:00:00,-4.0,1019.4,2.6,295.0,4.1,0.614,0.0,0.614,20
2026-01-29 01:00:00,-4.4,1018.9,1.5,313.0,1.8,0.236,0.0,0.236,20
2026-01-29 02:00:00,-4.7,1018.8,3.1,15.0,3.7,-0.052,0.0,-0.052,20
2026-01-29 03:00:00,-5.2,1019.2,3.0,335.0,4.0,0.03,0.0,0.03,20
2026-01-29 04:00:00,-5.6,1019.6,3.8,341.0,4.9,0.289,0.0,0.289,20
2026-01-29 05:00:00,-5.8,1019.4,4.2,352.0,5.3,0.853,0.0,0.853,20
2026-01-29 06:00:00,-6.2,1019.6,6.5,7.0,9.0,1.483,0.0,1.483,20
2026-01-29 07:00:00,-6.7,1020.5,5.1,2.0,6.3,1.877,0.0,1.877,20
2026-01-29 08:00:00,-7.2,1021.2,4.0,336.0,5.5,2.211,0.0,2.211,20
2026-01-29 09:00:00,-7.8,1021.2,3.8,331.0,4.8,2.438,0.0,2.438,20
2026-01-29 10:00:00,-9.1,1021.8,2.1,303.0,2.5,2.484,0.0,2.484,20
2026-01-29 11:00:00,-9.2,1022.1,3.8,324.0,5.0,2.277,0.0,2.277,20
2026-01-29 12:00:00,-9.1,1022.3,3.9,328.0,5.6,1.9,0.0,1.9,20
2026-01-29 13:00:00,-9.2,1022.9,5.3,333.0,7.2,1.407,0.0,1.407,20
2026-01-29 14:00:00,-8.1,1023.4,8.0,324.0,10.1,0.879,0.0,0.879,20
2026-01-29 15:00:00,-7.4,1023.9,7.2,337.0,10.0,0.61,0.0,0.61,20
2026-01-29 16:00:00,-6.4,1023.5,7.1,317.0,9.6,0.482,0.0,0.482,20
2026-01-29 17:00:00,-5.9,1022.8,8.2,327.0,10.4,0.617,0.0,0.617,20
2026-01-29 18:00:00,-5.5,1021.9,9.4,337.0,11.6,0.912,0.0,0.912,20
2026-01-29 19:00:00,-5.3,1021.7,7.4,316.0,11.2,1.43,0.0,1.43,20
2026-01-29 20:00:00,-4.7,1022.2,7.5,334.0,9.3,1.781,0.0,1.781,20
2026-01-29 21:00:00,-4.7,1022.3,9.3,309.0,11.7,1.936,0.0,1.936,20
2026-01-29 22:00:00,-4.7,1022.7,4.7,323.0,5.9,1.87,0.0,1.87,20
2026-01-29 23:00:00,-5.2,1023.5,4.5,328.0,6.2,1.706,0.0,1.706,20
2026-01-30 00:00:00,-5.7,1023.9,3.6,332.0,4.5,1.175,0.0,1.175,20
2026-01-30 01:00:00,-6.1,1023.8,3.0,336.0,3.9,0.696,0.0,0.696,20
2026-01-30 02:00:00,-6.7,1024.3,2.3,313.0,3.0,0.171,0.0,0.171,20
2026-01-30 03:00:00,-6.8,1024.5,3.2,318.0,3.8,-0.112,0.0,-0.112,20
2026-01-30 04:00:00,-6.9,1024.6,3.4,325.0,4.4,-0.154,0.0,-0.154,20
2026-01-30 05:00:00,-7.2,1024.6,3.1,313.0,3.7,0.203,0.0,0.203,20
2026-01-30 06:00:00,-7.5,1024.5,2.7,318.0,3.6,0.801,0.0,0.801,20
2026-01-30 07:00:00,-7.3,1024.5,5.4,336.0,6.7,1.411,0.0,1.411,20
2026-01-30 08:00:00,-7.8,1024.7,3.2,324.0,3.8,1.932,0.0,1.932,20
2026-01-30 09:00:00,-8.7,1024.9,2.6,302.0,3.3,2.359,0.0,2.359,20
2026-01-30 10:00:00,-8.8,1025.1,3.2,313.0,4.0,2.579,0.0,2.579,20
2026-01-30 11:00:00,-9.0,1024.9,3.5,324.0,4.5,2.572,0.0,2.572,20
2026-01-30 12:00:00,-9.5,1025.1,3.2,313.0,3.9,2.369,0.0,2.369,20
2026-01-30 13:00:00,-8.9,1025.9,4.5,315.0,5.5,1.991,0.0,1.991,20
2026-01-30 14:00:00,-7.9,1025.8,5.5,335.0,6.8,1.365,0.0,1.365,20
2026-01-30 15:00:00,-7.9,1026.0,6.9,348.0,9.9,0.738,0.0,0.738,20
2026-01-30 16:00:00,-7.5,1025.6,7.6,351.0,9.8,0.367,0.0,0.367,20
2026-01-30 17:00:00,-7.1,1024.8,7.3,324.0,8.6,0.325,0.0,0.325,20
2026-01-30 18:00:00,-5.9,1024.3,5.2,324.0,7.6,0.305,0.0,0.305,20
2026-01-30 19:00:00,-6.3,1023.7,4.8,301.0,6.7,0.778,0.0,0.778,20
2026-01-30 20:00:00,-6.2,1023.6,7.0,302.0,9.4,1.211,0.0,1.211,20
2026-01-30 21:00:00,-6.0,1023.5,5.2,324.0,6.4,1.594,0.0,1.594,20
2026-01-30 22:00:00,-6.2,1023.4,5.3,325.0,6.5,1.775,0.0,1.775,20
2026-01-30 23:00:00,-6.6,1023.6,4.1,326.0,5.2,1.804,0.0,1.804,20
2026-01-31 00:00:00,-7.0,1024.2,3.4,329.0,4.5,1.519,0.0,1.519,20
2026-01-31 01:00:00,-7.2,1024.3,3.0,324.0,4.0,1.04,0.0,1.04,20
2026-01-31 02:00:00,-7.5,1024.4,3.9,336.0,4.8,0.476,0.0,0.476,20
2026-01-31 03:00:00,-7.3,1024.7,3.9,339.0,4.7,-0.141,0.0,-0.141,20
2026-01-31 04:00:00,-7.6,1024.7,4.8,358.0,6.5,-0.472,0.0,-0.472,20
2026-01-31 05:00:00,-8.2,1024.7,3.4,329.0,4.8,-0.463,0.0,-0.463,20
2026-01-31 06:00:00,-8.9,1024.2,4.3,336.0,5.7,-0.141,0.0,-0.141,20
2026-01-31 07:00:00,-8.7,1024.1,5.7,357.0,7.3,0.476,0.0,0.476,20
2026-01-31 08:00:00,-9.1,1023.7,6.6,353.0,8.9,1.257,0.0,1.257,20
2026-01-31 09:00:00,-9.2,1023.4,5.4,342.0,7.6,1.831,0.0,1.831,20
2026-01-31 10:00:00,-9.5,1023.1,4.4,352.0,5.5,2.329,0.0,2.329,20
2026-01-31 11:00:00,-9.3,1023.0,5.1,348.0,6.4,2.52,0.0,2.52,20
2026-01-31 12:00:00,-9.0,1023.0,4.3,339.0,5.5,2.533,0.0,2.533,20
2026-01-31 13:00:00,-9.1,1023.0,5.0,348.0,6.4,2.267,0.0,2.267,20
2026-01-31 14:00:00,-8.7,1023.2,3.8,353.0,5.4,1.89,0.0,1.89,20
2026-01-31 15:00:00,-8.1,1022.1,6.8,8.0,9.2,1.22,0.0,1.22,20
2026-01-31 16:00:00,-6.9,1022.0,4.9,17.0,7.9,0.61,0.0,0.61,20
2026-01-31 17:00:00,-6.8,1020.7,6.2,21.0,9.7,0.236,0.0,0.236,20
2026-01-31 18:00:00,-6.7,1019.8,5.4,32.0,7.4,0.243,0.0,0.243,20
2026-01-31 19:00:00,-6.1,1019.1,7.0,16.0,9.7,0.495,0.0,0.495,20
2026-01-31 20:00:00,-5.8,1018.0,8.5,15.0,11.7,1.06,0.0,1.06,20
2026-01-31 21:00:00,-5.7,1017.6,7.7,21.0,10.6,1.663,0.0,1.663,20
2026-01-31 22:00:00,-5.1,1017.2,7.2,20.0,9.3,2.126,0.0,2.126,20
2026-01-31 23:00:00,-4.6,1016.6,4.8,32.0,6.9,2.48,0.0,2.48,20
2026-02-01 00:00:00,-4.1,1016.1,6.3,23.0,11.1,2.457,0.0,2.457,20
2026-02-01 01:00:00,-4.7,1015.0,7.6,26.0,12.6,2.438,0.0,2.438,20
2026-02-01 02:00:00,-4.7,1014.9,7.5,26.0,12.1,2.11,0.0,2.11,20
2026-02-01 03:00:00,-4.4,1013.5,8.1,28.0,13.2,1.391,0.0,1.391,20
2026-02-01 04:00:00,-4.0,1012.3,8.1,28.0,13.1,0.915,0.0,0.915,20
2026-02-01 05:00:00,-4.6,1010.5,11.9,8.0,14.3,0.65,0.0,0.65,20
2026-02-01 06:00:00,-5.0,1009.3,11.7,9.0,14.6,0.741,0.0,0.741,20
2026-02-01 07:00:00,-5.5,1008.8,13.4,10.0,16.5,1.125,0.0,1.125,20
2026-02-01 08:00:00,-5.9,1008.4,11.1,15.0,15.2,1.791,0.0,1.791,20
2026-02-01 09:00:00,-6.4,1008.4,12.9,17.0,17.6,2.388,0.0,2.388,20
2026-02-01 10:00:00,-6.4,1007.7,11.9,10.0,15.7,2.966,0.0,2.966,20
2026-02-01 11:00:00,-6.8,1007.7,10.9,4.0,13.5,3.33,0.0,3.33,20
2026-02-01 12:00:00,-7.5,1007.8,12.5,8.0,14.9,3.563,0.0,3.563,20
2026-02-01 13:00:00,-7.6,1008.6,11.8,350.0,16.1,3.566,0.0,3.566,20
2026-02-01 14:00:00,-7.8,1009.4,12.6,357.0,16.2,3.491,0.0,3.491,20
2026-02-01 15:00:00,-7.6,1009.7,11.5,347.0,15.0,3.041,0.0,3.041,20
2026-02-01 16:00:00,-7.5,1010.4,11.5,345.0,15.1,2.31,0.0,2.31,20
2026-02-01 17:00:00,-6.4,1010.5,8.1,338.0,11.3,1.585,0.0,1.585,20
2026-02-01 18:00:00,-6.3,1010.1,9.5,346.0,12.9,1.247,0.0,1.247,20
2026-02-01 19:00:00,-5.6,1010.0,9.3,337.0,13.4,1.155,0.0,1.155,20
2026-02-01 20:00:00,-5.1,1010.2,8.6,335.0,11.3,1.319,0.0,1.319,20
2026-02-01 21:00:00,-4.7,1010.4,10.2,338.0,12.0,1.814,0.0,1.814,20
2026-02-01 22:00:00,-4.1,1010.8,9.6,330.0,13.1,2.385,0.0,2.385,20
2026-02-01 23:00:00,-3.9,1011.8,7.3,331.0,10.1,2.808,0.0,2.808,20
2026-02-02 00:00:00,-3.7,1012.3,7.4,334.0,9.8,3.002,0.0,3.002,20
2026-02-02 01:00:00,-3.8,1012.7,4.9,319.0,6.2,2.995,0.0,2.995,20
2026-02-02 02:00:00,-4.0,1013.0,5.0,325.0,8.1,2.864,0.0,2.864,20
2026-02-02 03:00:00,-3.7,1013.6,5.7,329.0,7.8,2.595,0.0,2.595,20
2026-02-02 04:00:00,-3.5,1014.0,7.1,341.0,10.1,1.9,0.0,1.9,20
2026-02-02 05:00:00,-3.8,1014.8,6.2,334.0,8.3,1.302,0.0,1.302,20
2026-02-02 06:00:00,-4.3,1015.3,5.4,339.0,6.8,0.961,0.0,0.961,20
2026-02-02 07:00:00,-4.5,1015.9,6.6,341.0,8.2,0.945,0.0,0.945,20
2026-02-02 08:00:00,-5.2,1016.5,6.2,340.0,8.4,1.302,0.0,1.302,20
2026-02-02 09:00:00,-5.5,1017.3,6.5,339.0,8.1,1.926,0.0,1.926,20
2026-02-02 10:00:00,-5.4,1017.8,7.0,341.0,8.5,2.438,0.0,2.438,20
2026-02-02 11:00:00,-5.6,1018.3,7.0,336.0,9.3,2.864,0.0,2.864,20
2026-02-02 12:00:00,-5.7,1019.0,8.1,335.0,10.6,3.271,0.0,3.271,20
2026-02-02 13:00:00,-5.6,1019.7,7.2,331.0,10.5,3.412,0.0,3.412,20
2026-02-02 14:00:00,-4.7,1020.1,8.0,351.0,10.6,3.455,0.0,3.455,20
2026-02-02 15:00:00,-3.8,1020.3,7.1,346.0,10.1,3.205,0.0,3.205,20
2026-02-02 16:00:00,-2.7,1019.9,8.3,345.0,10.2,2.723,0.0,2.723,20
2026-02-02 17:00:00,-1.6,1019.5,6.9,330.0,9.1,1.89,0.0,1.89,20
2026-02-02 18:00:00,-0.9,1019.0,7.0,313.0,9.3,1.342,0.0,1.342,20
2026-02-02 19:00:00,-0.3,1018.9,6.2,308.0,8.6,1.014,0.0,1.014,20
2026-02-02 20:00:00,0.2,1019.1,8.1,325.0,10.6,1.056,0.0,1.056,20
2026-02-02 21:00:00,0.6,1019.7,6.3,325.0,8.0,1.453,0.0,1.453,20
2026-02-02 22:00:00,0.3,1020.4,4.4,317.0,5.3,1.969,0.0,1.969,20
2026-02-02 23:00:00,-0.4,1020.9,3.8,321.0,5.2,2.543,0.0,2.543,20
2026-02-03 00:00:00,-0.9,1021.5,3.0,295.0,4.1,2.851,0.0,2.851,20
2026-02-03 01:00:00,-1.2,1021.9,2.6,303.0,4.2,2.995,0.0,2.995,20
2026-02-03 02:00:00,-1.6,1022.3,2.5,293.0,3.2,2.992,0.0,2.992,20
2026-02-03 03:00:00,-2.1,1022.4,2.2,291.0,2.6,2.789,0.0,2.789,20
2026-02-03 04:00:00,-2.8,1022.8,2.8,285.0,3.6,2.323,0.0,2.323,20
2026-02-03 05:00:00,-3.0,1022.7,1.9,300.0,2.7,1.637,0.0,1.637,20
2026-02-03 06:00:00,-3.2,1022.5,2.3,282.0,2.8,1.112,0.0,1.112,20
2026-02-03 07:00:00,-3.3,1022.5,2.3,282.0,2.9,0.83,0.0,0.83,20
2026-02-03 08:00:00,-3.3,1022.7,2.4,265.0,3.0,0.942,0.0,0.942,20
2026-02-03 09:00:00,-3.4,1022.6,0.8,264.0,1.3,1.388,0.0,1.388,20
2026-02-03 10:00:00,-3.6,1022.9,0.0,261.0,0.4,1.988,0.0,1.988,20
2026-02-03 11:00:00,-3.0,1022.9,0.4,272.0,0.9,2.49,0.0,2.49,20
2026-02-03 12:00:00,-3.2,1023.4,0.8,260.0,1.3,2.933,0.0,2.933,20
2026-02-03 13:00:00,-1.7,1023.5,0.9,192.0,1.0,3.232,0.0,3.232,20
2026-02-03 14:00:00,0.3,1023.8,0.5,224.0,0.7,3.406,0.0,3.406,20
2026-02-03 15:00:00,2.4,1024.3,0.0,223.0,0.0,3.271,0.0,3.271,20
2026-02-03 16:00:00,2.3,1024.3,0.3,28.0,1.5,2.884,0.0,2.884,20
2026-02-03 17:00:00,3.6,1023.6,1.8,113.0,2.5,2.136,0.0,2.136,20
2026-02-03 18:00:00,2.4,1022.8,2.5,157.0,3.7,1.555,0.0,1.555,20
2026-02-03 19:00:00,2.3,1021.9,2.8,172.0,3.5,1.043,0.0,1.043,20
2026-02-03 20:00:00,3.0,1021.9,1.5,154.0,2.6,0.899,0.0,0.899,20
2026-02-03 21:00:00,2.8,1022.4,1.4,158.0,2.1,1.037,0.0,1.037,20
2026-02-03 22:00:00,2.1,1022.7,1.2,151.0,1.6,1.486,0.0,1.486,20
2026-02-03 23:00:00,1.6,1022.9,0.6,148.0,0.8,1.991,0.0,1.991,20
2026-02-04 00:00:00,1.6,1022.6,0.4,148.0,1.0,2.526,0.0,2.526,20
2026-02-04 01:00:00,1.6,1022.1,1.4,146.0,1.9,2.818,0.0,2.818,20
2026-02-04 02:00:00,1.9,1022.0,1.2,155.0,1.6,2.963,0.0,2.963,20
2026-02-04 03:00:00,1.4,1022.3,0.0,155.0,0.0,2.887,0.0,2.887,20
2026-02-04 04:00:00,1.6,1022.1,0.7,155.0,0.7,2.566,0.0,2.566,20
2026-02-04 05:00:00,1.6,1022.0,0.8,155.0,1.0,1.972,0.0,1.972,20
2026-02-04 06:00:00,1.6,1021.7,0.6,166.0,0.7,1.329,0.0,1.329,20
2026-02-04 07:00:00,1.8,1021.5,0.0,211.0,0.1,0.902,0.0,0.902,20
2026-02-04 08:00:00,1.7,1021.6,2.5,264.0,3.2,0.696,0.0,0.696,20
2026-02-04 09:00:00,0.8,1021.6,1.2,261.0,1.4,0.814,0.0,0.814,20
2026-02-04 10:00:00,0.7,1021.5,0.0,261.0,0.0,1.178,0.0,1.178,20
2026-02-04 11:00:00,0.3,1021.5,0.0,281.0,0.1,1.745,0.0,1.745,20
2026-02-04 12:00:00,0.5,1021.9,0.0,281.0,0.1,2.313,0.0,2.313,20
2026-02-04 13:00:00,0.5,1022.6,2.4,6.0,3.1,2.72,0.0,2.72,20
2026-02-04 14:00:00,0.6,1023.1,3.6,5.0,4.6,3.035,0.0,3.035,20
2026-02-04 15:00:00,1.0,1023.9,4.7,30.0,6.4,3.048,0.0,3.048,20
2026-02-04 16:00:00,1.4,1023.9,3.8,23.0,5.4,2.831,0.0,2.831,20
2026-02-04 17:00:00,1.7,1023.3,4.0,32.0,7.2,2.369,0.0,2.369,20
2026-02-04 18:00:00,2.1,1022.5,2.8,59.0,5.4,1.644,0.0,1.644,20
2026-02-04 19:00:00,1.7,1021.9,3.8,67.0,6.1,1.079,0.0,1.079,20
2026-02-04 20:00:00,1.7,1021.7,2.7,70.0,4.8,0.797,0.0,0.797,20
2026-02-04 21:00:00,1.1,1021.7,4.1,68.0,6.0,0.676,0.0,0.676,20
2026-02-04 22:00:00,1.3,1022.4,3.1,29.0,4.2,0.899,0.0,0.899,20
2026-02-04 23:00:00,0.9,1022.1,2.6,17.0,3.9,1.532,0.0,1.532,20
2026-02-05 00:00:00,1.0,1022.7,4.3,4.0,5.1,1.946,0.0,1.946,20
2026-02-05 01:00:00,0.7,1022.3,4.7,6.0,5.9,2.392,0.0,2.392,20
2026-02-05 02:00:00,0.6,1022.6,3.8,7.0,4.8,2.713,0.0,2.713,20
2026-02-05 03:00:00,0.3,1022.1,3.7,15.0,4.5,2.851,0.0,2.851,20
2026-02-05 04:00:00,0.3,1022.0,4.0,14.0,4.8,2.72,0.0,2.72,20
2026-02-05 05:00:00,0.2,1021.7,4.0,35.0,5.5,2.49,0.0,2.49,20
2026-02-05 06:00:00,-0.2,1021.0,3.7,20.0,6.1,1.759,0.0,1.759,20
2026-02-05 07:00:00,-1.0,1021.0,4.1,8.0,5.1,1.299,0.0,1.299,20
2026-02-05 08:00:00,-1.7,1020.2,4.5,8.0,5.2,0.801,0.0,0.801,20
2026-02-05 09:00:00,-1.8,1019.8,4.9,7.0,5.7,0.751,0.0,0.751,20
2026-02-05 10:00:00,-1.9,1019.6,5.0,10.0,6.5,0.997,0.0,0.997,20
2026-02-05 11:00:00,-2.2,1019.5,4.3,8.0,5.5,1.398,0.0,1.398,20
2026-02-05 12:00:00,-2.2,1019.8,4.7,18.0,6.4,1.939,0.0,1.939,20
2026-02-05 13:00:00,-2.4,1019.8,5.3,17.0,7.1,2.402,0.0,2.402,20
2026-02-05 14:00:00,-2.4,1019.6,5.9,9.0,7.1,2.818,0.0,2.818,20
2026-02-05 15:00:00,-1.9,1019.7,5.4,24.0,7.9,2.953,0.0,2.953,20
2026-02-05 16:00:00,-1.5,1019.2,4.2,20.0,6.3,2.887,0.0,2.887,20
2026-02-05 17:00:00,-1.1,1018.1,5.0,29.0,6.1,2.687,0.0,2.687,20
2026-02-05 18:00:00,-0.5,1016.8,5.3,28.0,7.1,2.241,0.0,2.241,20
2026-02-05 19:00:00,-0.1,1015.9,3.2,71.0,4.8,1.64,0.0,1.64,20
2026-02-05 20:00:00,0.3,1015.3,2.1,72.0,3.3,1.204,0.0,1.204,20
2026-02-05 21:00:00,-0.2,1015.0,2.9,79.0,4.3,0.958,0.0,0.958,20
2026-02-05 22:00:00,-0.6,1015.3,3.4,63.0,5.4,1.093,0.0,1.093,20
2026-02-05 23:00:00,-0.9,1014.5,3.6,30.0,4.7,1.348,0.0,1.348,20
2026-02-06 00:00:00,-1.0,1014.2,3.8,19.0,5.6,1.827,0.0,1.827,20
2026-02-06 01:00:00,-1.5,1013.9,4.3,8.0,5.1,2.303,0.0,2.303,20
2026-02-06 02:00:00,-1.6,1013.5,4.3,9.0,5.4,2.687,0.0,2.687,20
2026-02-06 03:00:00,-2.2,1012.8,4.0,345.0,4.6,2.972,0.0,2.972,20
2026-02-06 04:00:00,-2.3,1012.4,3.7,13.0,4.5,3.045,0.0,3.045,20
2026-02-06 05:00:00,-2.6,1011.6,5.3,357.0,6.3,2.923,0.0,2.923,20
2026-02-06 06:00:00,-2.9,1011.2,4.6,355.0,6.1,2.664,0.0,2.664,20
2026-02-06 07:00:00,-3.3,1011.4,3.7,343.0,4.8,2.093,0.0,2.093,20
2026-02-06 08:00:00,-3.5,1010.4,4.4,3.0,5.4,1.617,0.0,1.617,20
2026-02-06 09:00:00,-3.2,1009.9,4.0,353.0,4.9,1.43,0.0,1.43,20
2026-02-06 10:00:00,-3.1,1009.9,4.3,350.0,5.2,1.358,0.0,1.358,20
2026-02-06 11:00:00,-3.8,1009.5,3.9,336.0,4.9,1.558,0.0,1.558,20
2026-02-06 12:00:00,-4.5,1009.3,3.5,330.0,4.1,1.988,0.0,1.988,20
2026-02-06 13:00:00,-4.4,1009.4,3.0,329.0,3.7,2.405,0.0,2.405,20
2026-02-06 14:00:00,-2.8,1008.2,2.1,5.0,2.6,2.776,0.0,2.776,20
2026-02-06 15:00:00,-1.3,1007.7,2.4,23.0,3.2,3.061,0.0,3.061,20
2026-02-06 16:00:00,-1.1,1007.1,2.4,22.0,2.9,3.15,0.0,3.15,20
2026-02-06 17:00:00,0.5,1006.7,1.3,106.0,1.9,3.087,0.0,3.087,20
2026-02-06 18:00:00,0.3,1005.6,2.1,141.0,3.0,2.877,0.0,2.877,20
2026-02-06 19:00:00,0.6,1004.9,1.3,169.0,2.5,2.254,0.0,2.254,20
2026-02-06 20:00:00,-0.1,1004.9,1.4,137.0,1.9,1.916,0.0,1.916,20
2026-02-06 21:00:00,-0.1,1004.0,1.8,131.0,2.8,1.608,0.0,1.608,20
2026-02-06 22:00:00,0.1,1004.3,1.1,163.0,1.8,1.529,0.0,1.529,20
2026-02-06 23:00:00,0.4,1004.1,1.0,141.0,1.7,1.713,0.0,1.713,20
2026-02-07 00:00:00,0.1,1004.6,3.4,282.0,4.2,1.985,0.0,1.985,20
2026-02-07 01:00:00,-0.4,1004.9,2.3,299.0,3.2,2.306,0.0,2.306,20
2026-02-07 02:00:00,-0.7,1004.9,3.1,309.0,4.3,2.789,0.0,2.789,20
2026-02-07 03:00:00,-1.1,1004.9,1.6,299.0,2.4,3.091,0.0,3.091,20
2026-02-07 04:00:00,-1.2,1004.5,2.0,283.0,2.7,3.232,0.0,3.232,20
2026-02-07 05:00:00,-1.6,1004.2,2.7,288.0,3.4,3.228,0.0,3.228,20
2026-02-07 06:00:00,-1.5,1003.9,3.2,304.0,4.8,3.104,0.0,3.104,20
2026-02-07 07:00:00,-0.8,1004.2,4.0,308.0,5.5,2.69,0.0,2.69,20
2026-02-07 08:00:00,-0.4,1003.7,3.9,302.0,5.6,2.188,0.0,2.188,20
2026-02-07 09:00:00,-0.2,1003.6,4.0,312.0,5.9,1.801,0.0,1.801,20
2026-02-07 10:00:00,0.1,1003.6,4.6,309.0,6.2,1.558,0.0,1.558,20
2026-02-07 11:00:00,0.2,1004.1,6.8,321.0,9.1,1.545,0.0,1.545,20
2026-02-07 12:00:00,-2.0,1005.4,9.0,319.0,11.6,1.594,0.0,1.594,20
2026-02-07 13:00:00,-3.9,1006.8,14.7,324.0,19.5,1.755,0.0,1.755,20
2026-02-07 14:00:00,-4.5,1008.1,12.1,338.0,20.9,1.939,0.0,1.939,20
2026-02-07 15:00:00,-5.0,1008.9,13.7,328.0,16.8,2.362,0.0,2.362,20
2026-02-07 16:00:00,-5.6,1009.7,11.8,336.0,16.9,2.677,0.0,2.677,20
2026-02-07 17:00:00,-6.1,1009.8,11.8,322.0,15.7,2.589,0.0,2.589,20
2026-02-07 18:00:00,-6.7,1009.6,15.4,322.0,20.1,2.244,0.0,2.244,20
2026-02-07 19:00:00,-6.4,1010.3,12.9,327.0,20.5,1.706,0.0,1.706,20
2026-02-07 20:00:00,-6.3,1011.1,11.7,327.0,16.0,1.427,0.0,1.427,20
2026-02-07 21:00:00,-6.0,1012.2,11.5,328.0,17.9,1.02,0.0,1.02,20
2026-02-07 22:00:00,-6.2,1013.4,13.3,329.0,19.7,0.663,0.0,0.663,20
2026-02-07 23:00:00,-6.3,1014.9,11.7,337.0,14.8,0.794,0.0,0.794,20
2026-02-08 00:00:00,-6.5,1016.3,10.6,338.0,15.2,0.86,0.0,0.86,20
2026-02-08 01:00:00,-6.8,1017.2,8.5,332.0,10.6,1.26,0.0,1.26,20
2026-02-08 02:00:00,-7.1,1018.3,11.0,342.0,15.1,1.663,0.0,1.663,20
2026-02-08 03:00:00,-8.1,1019.2,9.8,5.0,13.7,2.182,0.0,2.182,20
2026-02-08 04:00:00,-8.5,1020.4,7.8,346.0,11.8,2.572,0.0,2.572,20
2026-02-08 05:00:00,-9.2,1020.7,10.0,349.0,12.2,2.667,0.0,2.667,20
2026-02-08 06:00:00,-9.3,1020.8,8.0,350.0,10.4,2.628,0.0,2.628,20
2026-02-08 07:00:00,-9.6,1021.2,8.9,349.0,11.9,2.539,0.0,2.539,20
2026-02-08 08:00:00,-9.4,1021.6,7.1,347.0,9.3,2.29,0.0,2.29,20
2026-02-08 09:00:00,-9.4,1022.1,8.5,346.0,11.1,1.926,0.0,1.926,20
2026-02-08 10:00:00,-9.8,1022.9,6.7,346.0,8.9,1.427,0.0,1.427,20
2026-02-08 11:00:00,-10.2,1023.8,6.6,334.0,8.7,1.299,0.0,1.299,20
2026-02-08 12:00:00,-10.4,1024.6,6.3,331.0,7.9,1.335,0.0,1.335,20
2026-02-08 13:00:00,-10.1,1025.4,6.4,351.0,8.4,1.47,0.0,1.47,20
2026-02-08 14:00:00,-9.0,1025.4,8.0,335.0,11.4,1.742,0.0,1.742,20
2026-02-08 15:00:00,-8.5,1025.2,9.8,329.0,13.0,2.093,0.0,2.093,20
2026-02-08 16:00:00,-7.7,1024.7,9.1,339.0,13.0,2.362,0.0,2.362,20
2026-02-08 17:00:00,-7.4,1024.1,9.4,335.0,12.6,2.572,0.0,2.572,20
2026-02-08 18:00:00,-6.9,1023.5,10.9,326.0,13.2,2.526,0.0,2.526,20
2026-02-08 19:00:00,-6.5,1023.2,10.7,339.0,13.9,2.313,0.0,2.313,20
2026-02-08 20:00:00,-5.9,1023.3,10.3,323.0,15.7,1.87,0.0,1.87,20
2026-02-08 21:00:00,-6.2,1023.8,10.1,340.0,12.0,1.486,0.0,1.486,20
2026-02-08 22:00:00,-6.5,1024.3,9.2,339.0,11.7,1.247,0.0,1.247,20
2026-02-08 23:00:00,-6.8,1025.4,6.4,330.0,7.7,1.033,0.0,1.033,20
2026-02-09 00:00:00,-7.2,1025.9,7.8,326.0,11.0,1.02,0.0,1.02,20
2026-02-09 01:00:00,-7.0,1026.0,6.5,330.0,8.1,1.198,0.0,1.198,20
2026-02-09 02:00:00,-7.0,1026.2,7.6,337.0,10.4,1.503,0.0,1.503,20
2026-02-09 03:00:00,-7.0,1026.2,9.0,326.0,11.1,1.972,0.0,1.972,20
2026-02-09 04:00:00,-7.0,1026.5,6.8,328.0,9.5,2.293,0.0,2.293,20
2026-02-09 05:00:00,-6.9,1026.1,7.6,339.0,9.9,2.598,0.0,2.598,20
2026-02-09 06:00:00,-7.3,1025.9,8.4,353.0,10.8,2.726,0.0,2.726,20
2026-02-09 07:00:00,-7.5,1026.2,6.6,347.0,9.7,2.74,0.0,2.74,20
2026-02-09 08:00:00,-8.0,1026.3,5.9,342.0,7.3,2.648,0.0,2.648,20
2026-02-09 09:00:00,-8.3,1026.4,6.9,347.0,8.0,2.454,0.0,2.454,20
2026-02-09 10:00:00,-8.8,1026.9,5.6,339.0,7.6,2.106,0.0,2.106,20
2026-02-09 11:00:00,-9.2,1027.3,6.7,341.0,9.6,1.64,0.0,1.64,20
2026-02-09 12:00:00,-9.7,1027.9,6.0,339.0,8.4,1.522,0.0,1.522,20
2026-02-09 13:00:00,-9.4,1028.6,6.1,345.0,7.7,1.568,0.0,1.568,20
2026-02-09 14:00:00,-8.7,1028.2,6.5,349.0,8.1,1.762,0.0,1.762,20
2026-02-09 15:00:00,-7.2,1028.1,4.9,345.0,6.2,1.988,0.0,1.988,20
2026-02-09 16:00:00,-5.3,1028.0,4.7,335.0,5.8,2.254,0.0,2.254,20
2026-02-09 17:00:00,-4.0,1027.1,4.1,8.0,5.3,2.444,0.0,2.444,20
2026-02-09 18:00:00,-2.0,1026.2,2.6,321.0,3.6,2.513,0.0,2.513,20
2026-02-09 19:00:00,-1.3,1025.3,2.5,14.0,3.1,2.431,0.0,2.431,20
2026-02-09 20:00:00,0.5,1024.7,3.0,337.0,4.8,2.29,0.0,2.29,20
2026-02-09 21:00:00,-0.8,1024.6,2.8,98.0,3.1,2.044,0.0,2.044,20
2026-02-09 22:00:00,-2.2,1024.4,1.7,133.0,2.2,1.739,0.0,1.739,20
2026-02-09 23:00:00,-1.9,1024.4,0.2,141.0,0.5,1.44,0.0,1.44,20
2026-02-10 00:00:00,-1.7,1025.1,2.1,319.0,2.7,1.224,0.0,1.224,20
2026-02-10 01:00:00,-2.2,1025.2,1.8,315.0,2.3,1.319,0.0,1.319,20
2026-02-10 02:00:00,-2.4,1025.2,0.9,300.0,1.1,1.391,0.0,1.391,20
2026-02-10 03:00:00,-2.9,1025.2,1.8,297.0,2.2,1.716,0.0,1.716,20
2026-02-10 04:00:00,-3.2,1024.5,0.8,295.0,1.0,2.123,0.0,2.123,20
2026-02-10 05:00:00,-3.5,1024.2,0.6,295.0,1.0,2.336,0.0,2.336,20
2026-02-10 06:00:00,-3.8,1023.6,0.5,267.0,0.8,2.572,0.0,2.572,20
2026-02-10 07:00:00,-3.7,1023.3,0.0,258.0,0.0,2.657,0.0,2.657,20
2026-02-10 08:00:00,-3.2,1023.1,1.8,245.0,2.3,2.628,0.0,2.628,20
2026-02-10 09:00:00,-2.6,1022.4,0.3,244.0,0.7,2.572,0.0,2.572,20
2026-02-10 10:00:00,-1.9,1022.2,0.1,244.0,0.7,2.26,0.0,2.26,20
2026-02-10 11:00:00,-1.1,1022.3,0.1,242.0,0.3,1.841,0.0,1.841,20
2026-02-10 12:00:00,-0.7,1022.3,0.9,202.0,1.4,1.585,0.0,1.585,20
2026-02-10 13:00:00,-0.1,1022.5,2.3,183.0,3.1,1.519,0.0,1.519,20
2026-02-10 14:00:00,0.5,1022.0,2.3,193.0,3.3,1.522,0.0,1.522,20
2026-02-10 15:00:00,1.1,1021.6,2.3,195.0,3.0,1.67,0.0,1.67,20
2026-02-10 16:00:00,1.9,1020.7,2.6,184.0,3.3,1.896,0.0,1.896,20
2026-02-10 17:00:00,1.7,1019.4,3.6,196.0,4.8,2.152,0.0,2.152,20
2026-02-10 18:00:00,2.1,1018.1,1.9,188.0,3.0,2.336,0.0,2.336,20
2026-02-10 19:00:00,1.5,1017.2,4.4,206.0,5.4,2.382,0.0,2.382,20
2026-02-10 20:00:00,1.7,1016.3,5.8,211.0,6.4,2.26,0.0,2.26,20
2026-02-10 21:00:00,2.8,1015.9,4.8,208.0,5.8,2.156,0.0,2.156,20
2026-02-10 22:00:00,2.0,1015.2,5.3,212.0,5.9,1.962,0.0,1.962,20
2026-02-10 23:00:00,2.7,1014.8,5.7,230.0,6.9,1.686,0.0,1.686,20
2026-02-11 00:00:00,2.0,1014.0,4.5,223.0,5.4,1.447,0.0,1.447,20
2026-02-11 01:00:00,2.4,1013.2,5.7,224.0,6.9,1.332,0.0,1.332,20
2026-02-11 02:00:00,1.2,1011.8,4.5,205.0,5.5,1.325,0.0,1.325,20
2026-02-11 03:00:00,1.7,1010.5,4.9,219.0,5.6,1.588,0.0,1.588,20
2026-02-11 04:00:00,2.5,1009.0,7.9,226.0,8.9,1.926,0.0,1.926,20
2026-02-11 05:00:00,4.0,1007.9,7.4,220.0,8.9,2.247,0.0,2.247,20
2026-02-11 06:00:00,1.8,1006.7,4.8,219.0,5.2,2.559,0.0,2.559,20
2026-02-11 07:00:00,4.5,1006.3,3.1,225.0,3.5,2.799,0.0,2.799,20
2026-02-11 08:00:00,8.3,1005.8,4.4,255.0,4.9,2.877,0.0,2.877,20
2026-02-11 09:00:00,10.2,1006.1,4.1,311.0,5.6,2.884,0.0,2.884,20
2026-02-11 10:00:00,9.4,1006.8,4.8,321.0,6.2,2.667,0.0,2.667,20
2026-02-11 11:00:00,5.5,1007.4,4.3,5.0,5.1,2.441,0.0,2.441,20
2026-02-11 12:00:00,6.1,1008.5,5.9,8.0,7.3,2.093,0.0,2.093,20
2026-02-11 13:00:00,4.5,1009.7,4.1,15.0,5.5,1.752,0.0,1.752,20
2026-02-11 14:00:00,5.3,1010.6,3.0,25.0,4.5,1.709,0.0,1.709,20
2026-02-11 15:00:00,4.5,1010.9,3.1,26.0,4.2,1.601,0.0,1.601,20
2026-02-11 16:00:00,6.0,1011.0,2.8,19.0,4.0,1.837,0.0,1.837,20
2026-02-11 17:00:00,8.2,1010.1,3.9,346.0,5.3,2.021,0.0,2.021,20
2026-02-11 18:00:00,9.0,1009.7,7.3,328.0,8.9,2.26,0.0,2.26,20
2026-02-11 19:00:00,8.5,1009.4,7.7,331.0,9.5,2.411,0.0,2.411,20
2026-02-11 20:00:00,9.7,1009.7,4.8,307.0,7.1,2.388,0.0,2.388,20
2026-02-11 21:00:00,9.2,1010.2,7.5,328.0,9.9,2.346,0.0,2.346,20
2026-02-11 22:00:00,7.9,1011.4,7.3,327.0,10.7,2.336,0.0,2.336,20
2026-02-11 23:00:00,6.4,1012.3,4.7,336.0,6.2,2.034,0.0,2.034,20
2026-02-12 00:00:00,5.7,1013.2,4.3,339.0,6.2,1.545,0.0,1.545,20
2026-02-12 01:00:00,4.9,1013.3,7.4,348.0,10.7,1.276,0.0,1.276,20
2026-02-12 02:00:00,4.4,1014.1,6.6,349.0,9.1,1.188,0.0,1.188,20
2026-02-12 03:00:00,3.8,1014.3,5.9,348.0,7.2,1.155,0.0,1.155,20
2026-02-12 04:00:00,3.5,1014.7,4.5,336.0,6.1,1.368,0.0,1.368,20
2026-02-12 05:00:00,2.9,1015.1,3.0,336.0,4.3,1.683,0.0,1.683,20
2026-02-12 06:00:00,2.5,1015.6,5.0,329.0,6.8,1.988,0.0,1.988,20
2026-02-12 07:00:00,2.5,1015.9,4.7,332.0,5.8,2.211,0.0,2.211,20
2026-02-12 08:00:00,2.6,1016.0,6.1,331.0,8.0,2.5,0.0,2.5,20
2026-02-12 09:00:00,2.2,1016.3,5.5,336.0,6.8,2.559,0.0,2.559,20
2026-02-12 10:00:00,1.8,1016.8,5.1,359.0,6.6,2.448,0.0,2.448,20
2026-02-12 11:00:00,1.1,1017.3,5.5,348.0,6.7,2.201,0.0,2.201,20
2026-02-12 12:00:00,1.0,1018.2,4.9,334.0,6.9,1.831,0.0,1.831,20
2026-02-12 13:00:00,0.7,1018.9,5.9,336.0,7.5,1.552,0.0,1.552,20
2026-02-12 14:00:00,0.7,1019.2,6.7,345.0,8.4,1.227,0.0,1.227,20
2026-02-12 15:00:00,1.0,1019.1,8.1,337.0,10.3,1.02,0.0,1.02,20
2026-02-12 16:00:00,1.2,1018.7,8.3,320.0,10.9,1.007,0.0,1.007,20
2026-02-12 17:00:00,1.6,1018.2,8.2,335.0,9.7,1.211,0.0,1.211,20
2026-02-12 18:00:00,2.1,1017.5,7.4,327.0,10.6,1.43,0.0,1.43,20
2026-02-12 19:00:00,2.3,1017.5,7.9,321.0,10.6,1.631,0.0,1.631,20
2026-02-12 20:00:00,2.7,1017.6,7.9,321.0,10.2,1.749,0.0,1.749,20
2026-02-12 21:00:00,2.4,1018.0,6.8,328.0,9.2,1.864,0.0,1.864,20
2026-02-12 22:00:00,2.2,1018.3,6.4,343.0,8.3,1.814,0.0,1.814,20
2026-02-12 23:00:00,1.8,1019.1,5.4,332.0,7.1,1.67,0.0,1.67,20
2026-02-13 00:00:00,1.0,1020.2,2.6,315.0,3.4,1.375,0.0,1.375,20
2026-02-13 01:00:00,0.1,1020.2,2.1,304.0,3.0,1.001,0.0,1.001,20
2026-02-13 02:00:00,-0.3,1020.4,2.6,315.0,3.5,0.732,0.0,0.732,20
2026-02-13 03:00:00,-0.4,1020.4,4.7,319.0,6.6,0.768,0.0,0.768,20
2026-02-13 04:00:00,-0.6,1020.3,3.6,326.0,4.9,0.817,0.0,0.817,20
2026-02-13 05:00:00,-0.8,1020.4,4.1,326.0,5.3,1.204,0.0,1.204,20
2026-02-13 06:00:00,-1.0,1020.5,3.9,331.0,5.1,1.552,0.0,1.552,20
2026-02-13 07:00:00,-1.3,1020.8,4.7,332.0,5.5,1.916,0.0,1.916,20
2026-02-13 08:00:00,-1.5,1020.9,4.9,332.0,6.0,2.264,0.0,2.264,20
2026-02-13 09:00:00,-1.7,1021.1,4.5,329.0,5.4,2.516,0.0,2.516,20
2026-02-13 10:00:00,-2.0,1021.4,4.0,326.0,4.8,2.677,0.0,2.677,20
2026-02-13 11:00:00,-2.5,1022.3,2.9,316.0,3.7,2.657,0.0,2.657,20
2026-02-13 12:00:00,-2.6,1022.8,4.2,325.0,5.2,2.48,0.0,2.48,20
2026-02-13 13:00:00,-2.2,1023.3,4.8,343.0,6.0,2.264,0.0,2.264,20
2026-02-13 14:00:00,-1.9,1023.5,7.6,7.0,9.1,1.867,0.0,1.867,20
2026-02-13 15:00:00,-1.5,1023.6,5.7,9.0,7.3,1.47,0.0,1.47,20
2026-02-13 16:00:00,-1.1,1023.4,5.9,10.0,8.0,1.329,0.0,1.329,20
2026-02-13 17:00:00,-0.1,1023.1,4.4,20.0,6.0,1.365,0.0,1.365,20
2026-02-13 18:00:00,1.0,1022.5,4.7,347.0,6.3,1.604,0.0,1.604,20
2026-02-13 19:00:00,1.5,1022.1,4.7,2.0,5.9,1.775,0.0,1.775,20
2026-02-13 20:00:00,2.0,1021.9,1.2,2.0,3.5,2.014,0.0,2.014,20
2026-02-13 21:00:00,0.6,1022.2,3.3,93.0,4.6,2.149,0.0,2.149,20
2026-02-13 22:00:00,0.5,1022.4,2.5,104.0,3.0,2.257,0.0,2.257,20
2026-02-13 23:00:00,-0.3,1023.0,2.2,190.0,2.7,2.221,0.0,2.221,20
2026-02-14 00:00:00,-1.0,1023.6,2.0,240.0,2.2,1.965,0.0,1.965,20
2026-02-14 01:00:00,-1.1,1023.5,0.9,242.0,1.2,1.516,0.0,1.516,20
2026-02-14 02:00:00,-1.0,1023.7,1.1,248.0,1.3,1.175,0.0,1.175,20
2026-02-14 03:00:00,-1.8,1023.6,1.0,248.0,1.3,0.919,0.0,0.919,20
2026-02-14 04:00:00,-2.1,1023.4,1.2,247.0,1.4,0.853,0.0,0.853,20
2026-02-14 05:00:00,-2.3,1023.4,0.6,247.0,0.9,0.935,0.0,0.935,20
2026-02-14 06:00:00,-2.1,1023.4,0.5,248.0,0.7,1.214,0.0,1.214,20
2026-02-14 07:00:00,-2.8,1023.5,1.4,244.0,1.8,1.598,0.0,1.598,20
2026-02-14 08:00:00,-2.8,1023.0,2.2,246.0,2.5,2.014,0.0,2.014,20
2026-02-14 09:00:00,-2.3,1023.0,2.7,248.0,3.7,2.323,0.0,2.323,20
2026-02-14 10:00:00,-2.2,1023.0,3.5,257.0,4.1,2.523,0.0,2.523,20
2026-02-14 11:00:00,-1.8,1023.2,2.5,250.0,3.1,2.592,0.0,2.592,20
2026-02-14 12:00:00,-1.4,1023.2,3.1,238.0,3.6,2.497,0.0,2.497,20
2026-02-14 13:00:00,-0.2,1023.2,3.0,234.0,4.0,2.251,0.0,2.251,20
2026-02-14 14:00:00,1.6,1023.0,4.6,241.0,5.5,1.736,0.0,1.736,20
2026-02-14 15:00:00,4.0,1022.7,4.9,236.0,6.2,1.27,0.0,1.27,20
2026-02-14 16:00:00,6.1,1022.3,4.8,265.0,6.4,0.925,0.0,0.925,20
2026-02-14 17:00:00,7.8,1020.9,6.4,246.0,7.8,0.863,0.0,0.863,20
2026-02-14 19:00:00,10.3,1019.3,6.7,262.0,9.3,1.125,0.0,1.125,20
2026-02-14 20:00:00,8.4,1019.1,1.9,226.0,4.3,1.355,0.0,1.355,20
2026-02-14 21:00:00,5.6,1019.0,2.8,204.0,4.2,1.673,0.0,1.673,20
2026-02-14 22:00:00,3.3,1019.6,3.7,202.0,4.6,1.949,0.0,1.949,20
2026-02-14 23:00:00,4.2,1020.0,2.4,223.0,2.9,1.991,0.0,1.991,20
2026-02-15 00:00:00,5.3,1020.3,2.8,243.0,3.1,1.781,0.0,1.781,20
2026-02-15 01:00:00,4.7,1020.5,3.8,235.0,5.1,1.476,0.0,1.476,20
2026-02-15 02:00:00,3.7,1020.3,4.7,216.0,5.4,1.125,0.0,1.125,20
2026-02-15 03:00:00,4.7,1020.1,5.1,218.0,6.2,0.781,0.0,0.781,20
2026-02-15 04:00:00,3.7,1019.5,5.5,218.0,6.5,0.509,0.0,0.509,20
2026-02-15 05:00:00,3.9,1019.7,2.4,234.0,2.8,0.456,0.0,0.456,20
2026-02-15 06:00:00,2.0,1019.3,2.7,201.0,3.1,0.676,0.0,0.676,20
2026-02-15 07:00:00,1.9,1019.1,3.3,214.0,3.6,1.037,0.0,1.037,20
2026-02-15 08:00:00,3.4,1018.9,2.5,232.0,2.8,1.594,0.0,1.594,20
2026-02-15 09:00:00,2.8,1018.2,2.3,221.0,2.5,1.978,0.0,1.978,20
2026-02-15 10:00:00,2.7,1018.1,1.3,222.0,1.5,2.388,0.0,2.388,20
2026-02-15 11:00:00,2.0,1018.3,1.9,207.0,2.2,2.638,0.0,2.638,20
2026-02-15 12:00:00,1.8,1018.6,2.4,206.0,3.0,2.69,0.0,2.69,20
2026-02-15 13:00:00,2.4,1018.6,2.0,202.0,2.2,2.572,0.0,2.572,20
2026-02-15 14:00:00,2.7,1018.3,2.1,194.0,2.6,2.297,0.0,2.297,20
2026-02-15 15:00:00,3.4,1018.3,1.7,180.0,2.5,1.795,0.0,1.795,20
2026-02-15 16:00:00,4.1,1018.0,1.5,194.0,2.6,1.302,0.0,1.302,20
2026-02-15 17:00:00,3.0,1017.9,3.6,202.0,4.5,1.099,0.0,1.099,20
2026-02-15 18:00:00,6.6,1017.2,1.5,199.0,2.2,1.053,0.0,1.053,20
2026-02-15 19:00:00,9.1,1017.3,3.2,272.0,4.0,1.138,0.0,1.138,20
2026-02-15 20:00:00,4.6,1017.0,1.5,207.0,1.9,1.532,0.0,1.532,20
2026-02-15 21:00:00,4.6,1016.5,0.7,193.0,1.0,1.955,0.0,1.955,20
2026-02-15 22:00:00,2.3,1016.3,1.3,193.0,1.8,2.221,0.0,2.221,20
2026-02-15 23:00:00,2.4,1015.7,1.2,187.0,1.6,2.438,0.0,2.438,20
2026-02-16 00:00:00,2.3,1015.2,0.7,169.0,1.2,2.539,0.0,2.539,20
2026-02-16 01:00:00,2.9,1014.8,2.1,115.0,2.7,2.349,0.0,2.349,20
2026-02-16 02:00:00,3.7,1013.8,3.1,98.0,4.7,2.113,0.0,2.113,20
2026-02-16 03:00:00,3.8,1013.7,4.1,77.0,6.0,1.542,0.0,1.542,20
2026-02-16 04:00:00,3.9,1012.9,5.0,70.0,6.8,1.204,0.0,1.204,20
2026-02-16 05:00:00,4.3,1011.4,4.1,63.0,6.6,1.01,0.0,1.01,20
2026-02-16 06:00:00,4.1,1011.1,2.9,48.0,6.3,1.093,0.0,1.093,20
2026-02-16 07:00:00,4.4,1011.1,4.8,33.0,8.7,1.355,0.0,1.355,20
2026-02-16 08:00:00,4.3,1010.5,4.9,36.0,9.5,2.07,0.0,2.07,20
2026-02-16 09:00:00,3.3,1010.8,5.1,26.0,8.8,2.411,0.0,2.411,20
2026-02-16 10:00:00,2.7,1011.8,7.2,26.0,10.4,2.959,0.0,2.959,20
2026-02-16 11:00:00,2.4,1012.4,8.6,21.0,12.6,3.363,0.0,3.363,20
2026-02-16 12:00:00,2.9,1013.9,9.5,32.0,13.0,3.658,0.0,3.658,20
2026-02-16 13:00:00,2.5,1015.1,7.9,28.0,11.7,3.596,0.0,3.596,20
2026-02-16 14:00:00,2.1,1016.8,8.6,24.0,13.9,3.55,0.0,3.55,20
2026-02-16 15:00:00,2.2,1017.5,8.5,26.0,12.9,3.094,0.0,3.094,20
2026-02-16 16:00:00,2.0,1018.5,7.8,20.0,12.2,2.457,0.0,2.457,20
2026-02-16 17:00:00,2.2,1018.8,7.3,28.0,11.3,1.952,0.0,1.952,20
2026-02-16 18:00:00,2.4,1019.5,5.5,22.0,9.3,1.67,0.0,1.67,20
2026-02-16 19:00:00,2.4,1020.1,5.6,27.0,9.3,1.66,0.0,1.66,20
2026-02-16 20:00:00,2.1,1020.4,3.9,37.0,6.6,1.969,0.0,1.969,20
2026-02-16 21:00:00,2.3,1021.4,2.6,36.0,4.3,2.365,0.0,2.365,20
2026-02-16 22:00:00,1.5,1021.8,3.2,72.0,5.5,2.69,0.0,2.69,20
2026-02-16 23:00:00,1.5,1022.8,2.2,72.0,3.5,3.018,0.0,3.018,20
2026-02-17 00:00:00,1.5,1023.1,1.9,72.0,3.4,3.156,0.0,3.156,20
2026-02-17 01:00:00,1.4,1023.6,1.5,7.0,2.0,3.107,0.0,3.107,20
2026-02-17 02:00:00,1.4,1023.5,0.8,350.0,1.1,2.969,0.0,2.969,20
2026-02-17 03:00:00,1.1,1023.2,0.5,88.0,0.6,2.53,0.0,2.53,20
2026-02-17 04:00:00,0.6,1022.9,0.3,125.0,0.4,2.024,0.0,2.024,20
2026-02-17 05:00:00,0.0,1023.1,0.3,265.0,0.5,1.535,0.0,1.535,20
2026-02-17 06:00:00,0.0,1023.7,1.1,266.0,1.4,1.26,0.0,1.26,20
2026-02-17 07:00:00,0.7,1023.4,1.8,217.0,2.1,1.289,0.0,1.289,20
2026-02-17 08:00:00,1.2,1023.4,1.8,246.0,2.3,1.608,0.0,1.608,20
2026-02-17 09:00:00,1.3,1023.6,2.4,224.0,3.7,2.024,0.0,2.024,20
2026-02-17 10:00:00,1.4,1023.6,1.1,236.0,2.1,2.536,0.0,2.536,20
2026-02-17 11:00:00,1.4,1023.7,3.0,214.0,3.5,2.848,0.0,2.848,20
2026-02-17 12:00:00,1.4,1023.8,4.2,228.0,5.1,3.156,0.0,3.156,20
2026-02-17 13:00:00,1.5,1023.8,3.8,229.0,4.7,3.251,0.0,3.251,20
2026-02-17 14:00:00,1.6,1023.7,3.2,240.0,4.1,3.169,0.0,3.169,20
2026-02-17 15:00:00,2.0,1023.6,4.5,231.0,5.6,2.838,0.0,2.838,20
2026-02-17 16:00:00,1.8,1023.3,5.8,215.0,6.7,2.231,0.0,2.231,20
2026-02-17 17:00:00,2.0,1022.5,5.7,212.0,6.5,1.686,0.0,1.686,20
2026-02-17 18:00:00,1.6,1021.5,5.8,202.0,7.2,1.306,0.0,1.306,20
2026-02-17 19:00:00,1.6,1021.0,5.8,204.0,6.6,1.142,0.0,1.142,20
2026-02-17 20:00:00,1.8,1020.8,4.0,195.0,5.3,1.266,0.0,1.266,20
2026-02-17 21:00:00,1.5,1021.0,5.3,204.0,6.1,1.591,0.0,1.591,20
2026-02-17 22:00:00,1.3,1020.9,2.8,195.0,4.1,2.044,0.0,2.044,20
2026-02-17 23:00:00,1.2,1021.1,2.6,191.0,3.5,2.53,0.0,2.53,20
2026-02-18 00:00:00,0.7,1021.1,3.0,195.0,4.2,2.736,0.0,2.736,20
2026-02-18 01:00:00,0.5,1021.1,2.8,203.0,3.0,2.831,0.0,2.831,20
2026-02-18 02:00:00,0.3,1021.1,1.5,208.0,2.2,2.664,0.0,2.664,20
2026-02-18 03:00:00,0.4,1020.7,3.3,203.0,3.6,2.323,0.0,2.323,20
2026-02-18 04:00:00,0.6,1020.0,2.3,198.0,2.8,1.811,0.0,1.811,20
2026-02-18 05:00:00,0.6,1019.1,2.0,200.0,2.4,1.263,0.0,1.263,20
2026-02-18 06:00:00,1.2,1018.7,1.9,206.0,2.3,0.883,0.0,0.883,20
2026-02-18 07:00:00,1.5,1017.9,1.6,185.0,2.3,0.715,0.0,0.715,20
2026-02-18 08:00:00,1.6,1017.3,2.5,207.0,2.9,0.876,0.0,0.876,20
2026-02-18 09:00:00,1.7,1016.1,3.3,197.0,4.0,1.322,0.0,1.322,20
2026-02-18 10:00:00,1.8,1016.1,3.1,199.0,3.6,1.936,0.0,1.936,20
2026-02-18 11:00:00,2.0,1014.8,3.6,194.0,4.7,2.408,0.0,2.408,20
2026-02-18 12:00:00,1.9,1014.4,4.5,208.0,4.9,2.802,0.0,2.802,20
2026-02-18 13:00:00,2.1,1013.7,4.8,208.0,5.7,3.064,0.0,3.064,20
2026-02-18 14:00:00,3.1,1013.0,5.1,205.0,5.8,3.064,0.0,3.064,20
2026-02-18 15:00:00,4.1,1012.7,5.9,210.0,6.5,2.877,0.0,2.877,20
2026-02-18 16:00:00,3.8,1011.5,6.1,213.0,6.8,2.431,0.0,2.431,20
2026-02-18 17:00:00,2.8,1010.3,5.0,204.0,5.8,1.834,0.0,1.834,20
2026-02-18 18:00:00,3.7,1008.7,4.7,206.0,5.3,1.329,0.0,1.329,20
2026-02-18 19:00:00,4.4,1007.9,4.5,200.0,5.2,1.01,0.0,1.01,20
2026-02-18 20:00:00,9.2,1008.0,2.3,233.0,3.5,1.066,0.0,1.066,20
2026-02-18 21:00:00,13.0,1008.0,4.2,254.0,5.3,1.266,0.0,1.266,20
2026-02-18 22:00:00,9.2,1007.0,2.5,159.0,3.4,1.719,0.0,1.719,20
2026-02-18 23:00:00,3.5,1008.4,2.3,205.0,3.1,2.349,0.0,2.349,20
2026-02-19 00:00:00,6.8,1008.0,4.0,230.0,4.6,2.713,0.0,2.713,20
2026-02-19 01:00:00,14.0,1008.2,5.5,271.0,7.1,2.92,0.0,2.92,20
2026-02-19 02:00:00,14.0,1008.5,7.1,266.0,10.2,2.897,0.0,2.897,20
2026-02-19 03:00:00,13.8,1008.7,5.0,281.0,6.9,2.828,0.0,2.828,20
2026-02-19 04:00:00,13.9,1009.0,0.7,16.0,1.3,2.388,0.0,2.388,20
2026-02-19 05:00:00,8.7,1009.4,0.2,190.0,0.7,1.749,0.0,1.749,20
2026-02-19 06:00:00,7.3,1009.9,0.2,6.0,1.4,1.27,0.0,1.27,20
2026-02-19 07:00:00,6.1,1010.8,0.2,46.0,0.7,0.958,0.0,0.958,20
2026-02-19 08:00:00,4.4,1011.5,3.0,19.0,4.4,0.81,0.0,0.81,20
2026-02-19 09:00:00,3.8,1011.9,2.9,29.0,4.5,1.165,0.0,1.165,20
2026-02-19 10:00:00,1.7,1013.0,5.3,30.0,7.3,1.644,0.0,1.644,20
2026-02-19 11:00:00,1.6,1013.7,2.5,69.0,5.3,2.27,0.0,2.27,20
2026-02-19 12:00:00,2.1,1014.9,2.5,67.0,4.3,2.661,0.0,2.661,20
2026-02-19 13:00:00,2.5,1015.5,1.4,31.0,2.1,3.038,0.0,3.038,20
2026-02-19 14:00:00,2.6,1016.4,2.5,21.0,2.9,3.235,0.0,3.235,20
2026-02-19 15:00:00,3.2,1016.7,2.7,18.0,3.3,3.133,0.0,3.133,20
2026-02-19 16:00:00,2.9,1016.0,3.4,26.0,4.3,2.91,0.0,2.91,20
2026-02-19 17:00:00,4.4,1016.3,1.1,65.0,2.8,2.297,0.0,2.297,20
2026-02-19 18:00:00,4.5,1014.8,4.0,19.0,5.6,1.719,0.0,1.719,20
2026-02-19 19:00:00,5.1,1015.0,5.1,37.0,7.8,1.148,0.0,1.148,20
2026-02-19 20:00:00,4.1,1014.2,4.5,67.0,8.2,1.096,0.0,1.096,20
2026-02-19 21:00:00,3.7,1013.0,3.5,69.0,5.8,1.093,0.0,1.093,20
2026-02-19 22:00:00,4.5,1013.6,3.1,32.0,5.1,1.677,0.0,1.677,20
2026-02-19 23:00:00,4.0,1013.5,4.8,36.0,8.5,2.388,0.0,2.388,20
2026-02-20 00:00:00,3.8,1013.9,4.8,72.0,8.0,2.762,0.0,2.762,20
2026-02-20 01:00:00,4.0,1012.8,3.6,66.0,6.1,3.035,0.0,3.035,20
2026-02-20 02:00:00,3.9,1012.5,4.1,39.0,7.0,3.251,0.0,3.251,20
2026-02-20 03:00:00,3.9,1012.3,2.6,48.0,5.0,3.255,0.0,3.255,20
2026-02-20 04:00:00,5.0,1012.3,4.5,67.0,5.9,3.041,0.0,3.041,20
2026-02-20 05:00:00,5.2,1011.9,3.9,69.0,5.7,2.743,0.0,2.743,20
2026-02-20 06:00:00,6.1,1011.7,3.0,73.0,4.3,1.883,0.0,1.883,20
2026-02-20 07:00:00,6.5,1011.4,2.2,65.0,3.7,1.549,0.0,1.549,20
2026-02-20 08:00:00,6.1,1011.0,2.2,34.0,3.7,1.217,0.0,1.217,20
2026-02-20 09:00:00,5.9,1010.2,1.6,62.0,2.8,1.296,0.0,1.296,20
2026-02-20 10:00:00,4.1,1009.5,1.9,55.0,4.9,1.522,0.0,1.522,20
2026-02-20 11:00:00,4.1,1008.1,3.6,75.0,4.7,2.064,0.0,2.064,20
2026-02-20 12:00:00,5.1,1006.8,4.2,125.0,6.3,2.592,0.0,2.592,20
2026-02-20 13:00:00,5.9,1006.4,2.6,134.0,4.1,3.028,0.0,3.028,20
2026-02-20 14:00:00,4.8,1005.3,2.2,187.0,3.0,3.353,0.0,3.353,20
2026-02-20 15:00:00,4.8,1004.3,2.8,189.0,3.5,3.386,0.0,3.386,20
2026-02-20 16:00:00,8.6,1005.2,2.9,326.0,3.9,3.386,0.0,3.386,20
2026-02-20 17:00:00,5.6,1003.5,1.6,17.0,2.5,2.982,0.0,2.982,20
2026-02-20 18:00:00,6.2,1002.5,0.5,143.0,1.1,2.192,0.0,2.192,20
2026-02-20 19:00:00,12.5,1001.8,5.5,279.0,7.0,1.936,0.0,1.936,20
2026-02-20 20:00:00,14.2,1001.5,5.4,294.0,6.9,1.683,0.0,1.683,20
2026-02-20 21:00:00,13.3,1001.1,3.4,271.0,4.1,1.476,0.0,1.476,20
2026-02-20 22:00:00,12.6,1001.9,3.6,273.0,4.5,1.759,0.0,1.759,20
2026-02-20 23:00:00,10.4,1002.4,4.3,247.0,5.6,2.408,0.0,2.408,20
2026-02-21 00:00:00,10.1,1003.2,4.8,253.0,5.7,2.707,0.0,2.707,20
2026-02-21 01:00:00,8.4,1003.4,3.8,227.0,4.7,3.189,0.0,3.189,20
2026-02-21 02:00:00,13.4,1004.0,7.1,253.0,8.8,3.396,0.0,3.396,20
2026-02-21 03:00:00,14.2,1005.1,1.2,311.0,2.4,3.593,0.0,3.593,20
2026-02-21 04:00:00,4.9,1006.5,0.3,28.0,1.4,3.537,0.0,3.537,20
2026-02-21 05:00:00,4.7,1007.6,1.3,15.0,1.6,3.274,0.0,3.274,20
2026-02-21 06:00:00,2.8,1008.6,1.0,15.0,1.4,2.513,0.0,2.513,20
2026-02-21 07:00:00,3.0,1009.3,0.3,21.0,0.7,2.08,0.0,2.08,20
2026-02-21 08:00:00,2.3,1009.4,3.7,17.0,4.9,1.588,0.0,1.588,20
2026-02-21 09:00:00,2.0,1010.2,0.0,2.0,0.7,1.496,0.0,1.496,20
2026-02-21 10:00:00,1.5,1011.9,0.0,223.0,0.0,1.535,0.0,1.535,20
2026-02-21 11:00:00,1.3,1013.3,1.6,203.0,1.9,1.762,0.0,1.762,20
2026-02-21 12:00:00,2.0,1013.7,0.4,198.0,0.7,2.297,0.0,2.297,20
2026-02-21 13:00:00,3.2,1015.3,0.0,206.0,0.8,2.654,0.0,2.654,20
2026-02-21 14:00:00,4.6,1016.4,1.8,8.0,2.0,2.976,0.0,2.976,20
2026-02-21 15:00:00,4.8,1016.2,1.4,167.0,2.1,3.14,0.0,3.14,20
2026-02-21 16:00:00,4.5,1016.7,1.9,183.0,2.7,3.114,0.0,3.114,20
2026-02-21 17:00:00,6.4,1016.2,1.8,129.0,3.4,2.9,0.0,2.9,20
2026-02-21 18:00:00,5.3,1016.3,2.0,177.0,3.0,2.451,0.0,2.451,20
2026-02-21 19:00:00,6.5,1016.0,1.8,135.0,2.9,1.755,0.0,1.755,20
2026-02-21 20:00:00,4.7,1016.4,1.4,195.0,2.1,1.385,0.0,1.385,20
2026-02-21 21:00:00,5.5,1017.0,2.6,212.0,2.9,1.053,0.0,1.053,20
2026-02-21 22:00:00,5.9,1017.3,2.0,220.0,2.4,1.079,0.0,1.079,20
2026-02-21 23:00:00,5.2,1017.8,1.6,230.0,2.1,1.243,0.0,1.243,20
2026-02-22 00:00:00,4.8,1018.4,0.1,232.0,0.3,1.86,0.0,1.86,20
2026-02-22 01:00:00,4.5,1018.7,0.0,236.0,0.0,2.425,0.0,2.425,20
2026-02-22 02:00:00,4.2,1018.6,0.0,230.0,0.1,2.746,0.0,2.746,20
2026-02-22 03:00:00,3.4,1018.7,1.1,145.0,1.2,3.061,0.0,3.061,20
2026-02-22 04:00:00,3.0,1018.7,1.2,137.0,1.6,3.127,0.0,3.127,20
2026-02-22 05:00:00,3.3,1018.4,2.6,107.0,3.3,2.959,0.0,2.959,20
2026-02-22 06:00:00,4.1,1017.5,2.6,101.0,3.9,2.743,0.0,2.743,20
2026-02-22 07:00:00,4.6,1017.3,2.7,85.0,4.5,2.106,0.0,2.106,20
2026-02-22 08:00:00,3.7,1016.4,2.7,107.0,3.6,1.693,0.0,1.693,20
2026-02-22 09:00:00,4.7,1016.5,2.8,95.0,3.9,1.224,0.0,1.224,20
2026-02-22 10:00:00,4.6,1015.2,4.1,67.0,6.2,1.125,0.0,1.125,20
2026-02-22 11:00:00,4.1,1016.3,3.0,67.0,4.7,1.148,0.0,1.148,20
2026-02-22 12:00:00,4.3,1015.0,5.1,75.0,7.9,1.677,0.0,1.677,20
2026-02-22 13:00:00,4.3,1014.5,2.8,72.0,5.8,2.11,0.0,2.11,20
2026-02-22 14:00:00,3.7,1013.5,4.1,68.0,8.3,2.638,0.0,2.638,20
2026-02-22 15:00:00,4.3,1013.0,5.8,87.0,8.6,2.995,0.0,2.995,20
2026-02-22 16:00:00,3.5,1011.5,6.8,85.0,10.6,3.104,0.0,3.104,20
2026-02-22 17:00:00,2.9,1009.9,5.4,80.0,8.7,3.222,0.0,3.222,20
2026-02-22 18:00:00,2.4,1008.8,5.4,77.0,8.8,3.094,0.0,3.094,20
2026-02-22 19:00:00,1.5,1007.6,4.9,34.0,8.5,2.687,0.0,2.687,20
2026-02-22 20:00:00,1.0,1006.5,6.2,37.0,10.1,2.27,0.0,2.27,20
2026-02-22 21:00:00,0.6,1004.8,4.9,36.0,8.1,1.959,0.0,1.959,20
2026-02-22 22:00:00,0.6,1003.7,4.1,38.0,8.2,1.749,0.0,1.749,20
2026-02-22 23:00:00,0.6,1002.8,8.8,30.0,13.1,2.077,0.0,2.077,20
2026-02-23 00:00:00,1.0,1001.6,12.0,18.0,16.4,2.835,0.0,2.835,20
2026-02-23 01:00:00,0.5,1000.2,13.6,6.0,17.3,3.15,0.0,3.15,20
2026-02-23 02:00:00,0.1,998.9,15.2,3.0,20.0,3.461,0.0,3.461,20
2026-02-23 03:00:00,-0.1,997.2,17.4,357.0,22.7,3.95,0.0,3.95,20
2026-02-23 04:00:00,-0.2,996.9,16.6,355.0,21.0,4.272,0.0,4.272,20
2026-02-23 05:00:00,-0.3,997.4,14.8,350.0,17.7,4.288,0.0,4.288,20
2026-02-23 06:00:00,-0.4,997.8,14.5,346.0,18.1,4.199,0.0,4.199,20
2026-02-23 07:00:00,-0.5,998.3,12.5,340.0,17.9,3.953,0.0,3.953,20
2026-02-23 08:00:00,-0.5,999.0,12.1,329.0,17.4,3.556,0.0,3.556,20
2026-02-23 09:00:00,-0.6,1000.2,9.9,330.0,13.6,3.028,0.0,3.028,20
2026-02-23 10:00:00,-0.7,1000.9,10.3,326.0,13.2,2.615,0.0,2.615,20
2026-02-23 11:00:00,-0.5,1001.4,11.4,330.0,15.4,2.402,0.0,2.402,20
2026-02-23 12:00:00,-0.3,1001.8,10.0,324.0,12.2,2.418,0.0,2.418,20
2026-02-23 13:00:00,-0.3,1002.1,10.7,324.0,13.3,2.667,0.0,2.667,20
2026-02-23 14:00:00,-0.1,1002.4,9.7,325.0,12.7,3.123,0.0,3.123,20
2026-02-23 15:00:00,0.0,1002.9,9.1,329.0,13.0,3.386,0.0,3.386,20
2026-02-23 16:00:00,0.0,1003.4,9.8,326.0,13.2,3.619,0.0,3.619,20
2026-02-23 17:00:00,0.4,1003.9,10.0,333.0,13.5,3.806,0.0,3.806,20
2026-02-23 18:00:00,1.3,1004.4,10.3,323.0,14.1,3.763,0.0,3.763,20
2026-02-23 19:00:00,1.7,1005.3,9.0,327.0,11.7,3.563,0.0,3.563,20
2026-02-23 20:00:00,2.3,1005.9,8.3,330.0,12.5,3.222,0.0,3.222,20
2026-02-23 21:00:00,2.9,1006.7,9.6,319.0,12.7,2.72,0.0,2.72,20
2026-02-23 22:00:00,3.2,1007.7,8.8,331.0,11.9,2.418,0.0,2.418,20
2026-02-23 23:00:00,3.2,1008.8,7.1,329.0,10.2,2.185,0.0,2.185,20
2026-02-24 00:00:00,2.9,1009.9,6.4,324.0,8.3,2.277,0.0,2.277,20
2026-02-24 01:00:00,2.7,1010.4,6.2,326.0,9.8,2.562,0.0,2.562,20
2026-02-24 02:00:00,2.8,1011.0,8.1,332.0,12.1,2.969,0.0,2.969,20
2026-02-24 03:00:00,2.4,1011.3,7.1,331.0,9.3,3.281,0.0,3.281,20
2026-02-24 04:00:00,2.1,1011.8,7.0,329.0,10.2,3.573,0.0,3.573,20
2026-02-24 05:00:00,1.5,1012.3,3.7,312.0,5.4,3.786,0.0,3.786,20
2026-02-24 06:00:00,1.3,1012.8,6.2,323.0,7.7,3.809,0.0,3.809,20
2026-02-24 07:00:00,0.7,1013.2,4.8,316.0,6.0,3.747,0.0,3.747,20
2026-02-24 08:00:00,0.5,1013.4,4.5,317.0,5.9,3.484,0.0,3.484,20
2026-02-24 09:00:00,0.4,1013.8,5.9,316.0,8.8,2.917,0.0,2.917,20
2026-02-24 10:00:00,0.0,1014.3,5.5,321.0,7.3,2.497,0.0,2.497,20
2026-02-24 11:00:00,-0.6,1015.2,6.6,316.0,9.8,2.1,0.0,2.1,20
2026-02-24 12:00:00,-1.0,1015.9,5.9,328.0,7.7,1.909,0.0,1.909,20
2026-02-24 13:00:00,-1.3,1016.7,7.1,334.0,9.4,1.877,0.0,1.877,20
2026-02-24 14:00:00,-1.0,1016.7,7.6,336.0,10.2,1.978,0.0,1.978,20
2026-02-24 15:00:00,-0.7,1016.6,9.2,312.0,13.0,2.231,0.0,2.231,20
2026-02-24 16:00:00,-0.2,1016.6,8.0,327.0,9.7,2.602,0.0,2.602,20
2026-02-24 17:00:00,-0.2,1016.5,7.2,306.0,10.4,2.789,0.0,2.789,20
2026-02-24 18:00:00,0.3,1016.1,6.3,301.0,8.3,2.746,0.0,2.746,20
2026-02-24 19:00:00,0.6,1015.7,8.0,312.0,10.5,2.474,0.0,2.474,20
2026-02-24 20:00:00,0.9,1015.4,6.2,280.0,9.2,2.133,0.0,2.133,20
2026-02-24 21:00:00,1.3,1015.3,5.5,304.0,7.8,1.69,0.0,1.69,20
2026-02-24 22:00:00,1.4,1015.5,3.3,286.0,4.3,1.398,0.0,1.398,20
2026-02-24 23:00:00,1.2,1015.7,0.4,296.0,0.7,1.135,0.0,1.135,20
2026-02-25 00:00:00,0.8,1015.8,0.0,284.0,0.0,0.866,0.0,0.866,20
2026-02-25 01:00:00,0.4,1016.1,0.7,270.0,0.9,0.994,0.0,0.994,20
2026-02-25 02:00:00,0.4,1016.4,3.2,218.0,3.6,1.257,0.0,1.257,20
2026-02-25 03:00:00,1.1,1015.9,5.1,198.0,6.0,1.686,0.0,1.686,20
2026-02-25 04:00:00,1.1,1015.0,5.0,188.0,6.6,2.162,0.0,2.162,20
2026-02-25 05:00:00,1.1,1014.5,6.7,217.0,8.0,2.503,0.0,2.503,20
2026-02-25 06:00:00,1.4,1013.8,5.5,221.0,6.5,2.726,0.0,2.726,20
2026-02-25 07:00:00,1.3,1013.1,6.4,219.0,7.2,2.713,0.0,2.713,20
2026-02-25 08:00:00,1.7,1011.9,8.1,210.0,9.3,2.654,0.0,2.654,20
2026-02-25 09:00:00,2.0,1010.6,6.7,214.0,7.9,2.316,0.0,2.316,20
2026-02-25 10:00:00,2.2,1009.8,9.1,214.0,10.3,1.88,0.0,1.88,20
2026-02-25 11:00:00,2.3,1009.0,8.4,218.0,10.4,1.427,0.0,1.427,20
2026-02-25 12:00:00,3.2,1009.1,8.0,228.0,11.0,1.04,0.0,1.04,20
2026-02-25 13:00:00,2.6,1008.5,8.0,217.0,9.5,0.86,0.0,0.86,20
2026-02-25 14:00:00,3.3,1008.4,8.3,228.0,10.8,0.771,0.0,0.771,20
2026-02-25 15:00:00,3.8,1008.0,7.1,224.0,9.1,0.856,0.0,0.856,20
2026-02-25 16:00:00,4.7,1007.8,6.4,218.0,7.4,1.073,0.0,1.073,20
2026-02-25 17:00:00,5.6,1007.4,4.9,224.0,6.5,1.247,0.0,1.247,20
2026-02-25 18:00:00,8.1,1006.7,5.6,252.0,6.8,1.535,0.0,1.535,20
2026-02-25 19:00:00,8.6,1006.3,7.2,247.0,9.0,1.493,0.0,1.493,20
2026-02-25 20:00:00,9.0,1006.0,5.6,248.0,8.0,1.43,0.0,1.43,20
2026-02-25 21:00:00,6.3,1006.2,5.3,216.0,6.3,1.286,0.0,1.286,20
2026-02-25 22:00:00,3.6,1006.7,5.6,199.0,6.9,0.948,0.0,0.948,20
2026-02-25 23:00:00,3.0,1006.8,5.9,214.0,6.7,0.597,0.0,0.597,20
2026-02-26 00:00:00,2.8,1007.7,4.2,208.0,4.9,0.217,0.0,0.217,20
2026-02-26 01:00:00,5.1,1008.5,4.6,225.0,5.4,0.003,0.0,0.003,20
2026-02-26 02:00:00,5.4,1008.8,4.1,221.0,4.9,0.079,0.0,0.079,20
2026-02-26 03:00:00,4.3,1009.0,3.7,217.0,4.1,0.531,0.0,0.531,20
2026-02-26 04:00:00,2.7,1008.9,3.5,208.0,4.0,1.086,0.0,1.086,20
2026-02-26 05:00:00,2.5,1008.8,4.0,209.0,4.4,1.68,0.0,1.68,20
2026-02-26 06:00:00,5.1,1009.6,3.9,223.0,4.6,2.014,0.0,2.014,20
2026-02-26 07:00:00,4.2,1010.0,3.9,222.0,4.5,2.224,0.0,2.224,20
2026-02-26 08:00:00,4.0,1009.7,3.6,220.0,4.1,2.385,0.0,2.385,20
2026-02-26 09:00:00,4.0,1010.2,3.3,219.0,3.7,2.365,0.0,2.365,20
2026-02-26 10:00:00,4.2,1010.8,2.0,229.0,2.2,2.195,0.0,2.195,20
2026-02-26 11:00:00,5.8,1010.9,1.2,225.0,1.7,1.896,0.0,1.896,20
2026-02-26 12:00:00,3.1,1011.6,2.3,201.0,2.7,1.342,0.0,1.342,20
2026-02-26 13:00:00,4.8,1012.5,0.0,221.0,0.0,1.01,0.0,1.01,20
2026-02-26 14:00:00,4.8,1012.6,1.3,102.0,1.8,0.83,0.0,0.83,20
2026-02-26 15:00:00,4.8,1013.0,0.3,138.0,0.8,0.794,0.0,0.794,20
2026-02-26 16:00:00,4.6,1012.8,0.3,138.0,0.6,1.001,0.0,1.001,20
2026-02-26 17:00:00,4.3,1012.2,1.5,30.0,1.6,1.45,0.0,1.45,20
2026-02-26 18:00:00,4.6,1011.3,1.4,30.0,1.7,1.775,0.0,1.775,20
2026-02-26 19:00:00,4.3,1010.7,1.4,20.0,1.9,1.978,0.0,1.978,20
2026-02-26 20:00:00,4.7,1010.2,2.7,24.0,3.5,2.09,0.0,2.09,20
2026-02-26 21:00:00,4.7,1010.2,2.1,41.0,4.1,2.1,0.0,2.1,20
2026-02-26 22:00:00,3.6,1010.9,3.8,15.0,4.9,1.949,0.0,1.949,20
2026-02-26 23:00:00,3.7,1011.7,5.0,64.0,7.8,1.657,0.0,1.657,20
2026-02-27 00:00:00,4.0,1012.2,3.0,31.0,5.2,1.093,0.0,1.093,20
2026-02-27 01:00:00,4.1,1012.7,4.0,64.0,5.7,0.702,0.0,0.702,20
2026-02-27 02:00:00,3.8,1013.9,3.1,21.0,4.9,0.561,0.0,0.561,20
2026-02-27 03:00:00,4.1,1013.9,2.3,21.0,3.1,0.607,0.0,0.607,20
2026-02-27 04:00:00,4.0,1014.5,1.8,16.0,2.6,1.04,0.0,1.04,20
2026-02-27 05:00:00,4.0,1015.1,1.7,0.0,2.2,1.476,0.0,1.476,20
2026-02-27 06:00:00,3.5,1015.7,1.1,2.0,1.2,1.906,0.0,1.906,20
2026-02-27 07:00:00,3.4,1015.8,1.3,1.0,1.7,2.316,0.0,2.316,20
2026-02-27 08:00:00,3.1,1015.6,1.5,2.0,1.7,2.687,0.0,2.687,20
2026-02-27 09:00:00,2.7,1016.1,0.7,3.0,0.9,2.782,0.0,2.782,20
2026-02-27 10:00:00,2.5,1016.9,2.1,12.0,2.4,2.792,0.0,2.792,20
2026-02-27 11:00:00,1.5,1017.9,1.2,3.0,1.2,2.615,0.0,2.615,20
2026-02-27 12:00:00,1.1,1018.6,2.5,8.0,2.6,2.313,0.0,2.313,20
2026-02-27 13:00:00,1.6,1019.2,2.0,10.0,2.4,1.621,0.0,1.621,20
2026-02-27 14:00:00,2.6,1020.1,1.6,15.0,2.2,1.293,0.0,1.293,20
2026-02-27 15:00:00,3.6,1020.5,1.6,11.0,1.8,0.978,0.0,0.978,20
2026-02-27 16:00:00,3.9,1020.7,2.0,11.0,2.4,1.079,0.0,1.079,20
2026-02-27 17:00:00,4.3,1020.4,1.1,62.0,1.5,1.155,0.0,1.155,20
2026-02-27 18:00:00,4.3,1020.1,2.1,15.0,2.5,1.516,0.0,1.516,20
2026-02-27 19:00:00,4.9,1019.6,1.9,73.0,3.0,1.864,0.0,1.864,20
2026-02-27 20:00:00,3.6,1019.8,1.3,64.0,2.3,2.142,0.0,2.142,20
2026-02-27 21:00:00,3.6,1020.0,1.7,75.0,2.5,2.267,0.0,2.267,20
2026-02-27 22:00:00,4.8,1019.9,1.4,83.0,1.8,2.251,0.0,2.251,20
2026-02-27 23:00:00,3.0,1020.0,0.0,64.0,0.2,2.172,0.0,2.172,20
2026-02-28 00:00:00,2.7,1020.3,0.6,64.0,0.6,1.804,0.0,1.804,20
2026-02-28 01:00:00,3.1,1020.6,2.3,69.0,3.2,1.211,0.0,1.211,20
2026-02-28 02:00:00,2.6,1021.0,1.3,50.0,2.0,0.869,0.0,0.869,20
2026-02-28 03:00:00,2.9,1020.9,1.3,41.0,1.5,0.531,0.0,0.531,20
2026-02-28 04:00:00,3.1,1020.4,2.0,22.0,2.6,0.528,0.0,0.528,20
2026-02-28 05:00:00,3.5,1020.4,2.5,75.0,3.1,0.85,0.0,0.85,20
2026-02-28 06:00:00,3.7,1020.2,2.5,99.0,3.4,1.352,0.0,1.352,20
2026-02-28 07:00:00,3.5,1019.8,0.3,77.0,1.2,1.883,0.0,1.883,20
2026-02-28 08:00:00,1.7,1019.3,0.6,76.0,0.7,2.31,0.0,2.31,20
2026-02-28 09:00:00,1.4,1019.2,0.3,76.0,0.4,2.631,0.0,2.631,20
2026-02-28 10:00:00,1.2,1019.3,0.7,76.0,0.9,2.779,0.0,2.779,20
2026-02-28 11:00:00,0.9,1019.7,2.2,17.0,2.6,2.795,0.0,2.795,20
2026-02-28 12:00:00,1.4,1019.6,2.3,16.0,2.5,2.608,0.0,2.608,20
2026-02-28 13:00:00,2.1,1019.5,2.7,19.0,3.3,2.247,0.0,2.247,20
2026-02-28 14:00:00,3.6,1020.0,2.6,20.0,3.3,1.663,0.0,1.663,20
2026-02-28 15:00:00,7.4,1019.8,0.8,30.0,1.7,1.148,0.0,1.148,20
2026-02-28 16:00:00,5.9,1019.4,3.2,17.0,3.6,0.892,0.0,0.892,20
2026-02-28 17:00:00,7.8,1019.0,2.9,81.0,3.9,0.932,0.0,0.932,20
2026-02-28 18:00:00,7.3,1018.4,3.3,80.0,4.2,1.086,0.0,1.086,20
2026-02-28 19:00:00,7.2,1017.8,2.8,81.0,3.5,1.499,0.0,1.499,20
2026-02-28 20:00:00,9.6,1017.0,1.3,79.0,1.8,1.906,0.0,1.906,20
2026-02-28 21:00:00,7.5,1016.4,2.6,89.0,3.4,2.244,0.0,2.244,20
2026-02-28 22:00:00,7.5,1016.9,1.8,76.0,2.6,2.461,0.0,2.461,20
2026-02-28 23:00:00,6.3,1016.9,0.1,56.0,0.3,2.418,0.0,2.418,20
