timestamp,air_temp,air_pressure,wind_speed,wind_direction,wind_gust,water_level
2021-01-01 00:00:00,6.600,1026.300,7.300,342.000,8.500,1.900
2021-01-01 01:00:00,6.200,1027.200,9.400,341.000,10.400,2.615
2021-01-01 02:00:00,6.000,1027.500,6.900,348.000,7.900,3.120
2021-01-01 03:00:00,6.000,1028.300,7.600,352.000,8.600,3.468
2021-01-01 04:00:00,6.000,1029.300,6.400,8.000,7.900,3.176
2021-01-01 05:00:00,6.000,1029.300,7.800,29.000,8.800,2.497
2021-01-01 06:00:00,5.500,1029.800,7.900,30.000,9.400,1.496
2021-01-01 07:00:00,4.600,1030.700,9.900,41.000,11.100,0.692
2021-01-01 08:00:00,4.100,1031.300,8.700,41.000,10.300,0.249
2021-01-01 09:00:00,3.700,1031.400,7.900,38.000,9.300,0.367
2021-01-01 10:00:00,3.500,1031.500,7.300,41.000,8.500,0.997
2021-01-01 11:00:00,3.000,1031.800,6.200,55.000,7.100,1.972
2021-01-01 12:00:00,3.300,1032.300,4.700,55.000,5.600,3.219
2021-01-01 13:00:00,3.700,1032.200,5.600,53.000,6.500,4.236
2021-01-01 14:00:00,4.500,1032.400,5.800,64.000,7.700,5.046
2021-01-01 15:00:00,5.100,1032.800,5.900,43.000,6.400,5.282
2021-01-01 16:00:00,5.700,1030.600,7.200,66.000,8.800,4.957
2021-01-01 17:00:00,6.700,1030.200,6.100,94.000,7.800,4.065
2021-01-01 18:00:00,6.900,1028.200,5.100,97.000,6.000,3.064
2021-01-01 19:00:00,7.600,1027.300,4.500,96.000,6.300,1.900
2021-01-01 20:00:00,7.700,1026.100,6.600,93.000,7.400,0.896
2021-01-01 21:00:00,8.000,1024.800,7.600,94.000,8.300,0.614
2021-01-01 22:00:00,8.200,1024.300,5.700,97.000,6.800,0.755
2021-01-01 23:00:00,8.000,1023.400,4.600,87.000,5.400,1.434
2021-01-02 00:00:00,8.700,1021.900,4.900,114.000,6.200,2.139
2021-01-02 01:00:00,9.000,1019.600,5.300,123.000,8.400,3.150
2021-01-02 02:00:00,9.500,1018.100,4.700,131.000,6.600,3.990
2021-01-02 03:00:00,10.100,1016.700,3.700,154.000,6.700,4.357
2021-01-02 04:00:00,8.500,1016.000,3.900,344.000,4.700,4.528
2021-01-02 05:00:00,9.800,1011.100,4.100,168.000,7.700,3.743
2021-01-02 06:00:00,11.200,1011.200,1.200,207.000,2.000,3.117
2021-01-02 07:00:00,8.700,1012.100,4.800,300.000,6.000,1.926
2021-01-02 08:00:00,8.000,1011.600,3.800,287.000,6.100,1.155
2021-01-02 09:00:00,6.500,1010.800,4.500,268.000,5.800,0.883
2021-01-02 10:00:00,6.800,1009.800,5.300,238.000,8.200,1.017
2021-01-02 11:00:00,7.700,1009.800,5.100,257.000,6.900,1.414
2021-01-02 12:00:00,7.600,1011.000,7.000,266.000,9.000,2.474
2021-01-02 13:00:00,6.900,1012.500,7.500,272.000,9.100,3.566
2021-01-02 14:00:00,7.500,1012.600,5.600,269.000,7.800,4.364
2021-01-02 15:00:00,8.300,1013.100,4.300,259.000,6.000,4.961
2021-01-02 16:00:00,9.800,1013.300,5.400,268.000,6.800,4.879
2021-01-02 17:00:00,10.300,1013.500,5.700,285.000,6.600,4.662
2021-01-02 18:00:00,11.300,1013.700,7.200,309.000,8.400,3.862
2021-01-02 19:00:00,11.200,1014.200,7.400,310.000,8.300,2.625
2021-01-02 20:00:00,10.700,1015.000,7.900,315.000,8.900,1.286
2021-01-02 21:00:00,10.800,1015.800,7.000,304.000,8.800,0.564
2021-01-02 22:00:00,10.900,1017.200,4.900,292.000,5.400,0.285
2021-01-02 23:00:00,9.100,1017.900,3.800,345.000,4.700,0.400
2021-01-03 00:00:00,8.300,1018.400,5.500,349.000,6.700,1.014
2021-01-03 01:00:00,8.000,1018.500,5.900,348.000,7.000,1.801
2021-01-03 02:00:00,7.900,1018.800,6.400,10.000,7.900,2.717
2021-01-03 03:00:00,7.600,1019.400,5.500,6.000,6.300,3.323
2021-01-03 04:00:00,7.400,1019.300,5.600,24.000,6.300,3.599
2021-01-03 05:00:00,7.100,1018.700,6.500,45.000,7.600,3.635
2021-01-03 06:00:00,6.500,1018.200,6.400,48.000,8.000,3.051
2021-01-03 07:00:00,6.000,1019.000,6.400,72.000,6.800,2.178
2021-01-03 08:00:00,6.400,1018.700,8.000,77.000,9.300,1.335
2021-01-03 09:00:00,6.400,1017.000,7.300,86.000,8.600,0.689
2021-01-03 10:00:00,7.600,1016.100,6.200,106.000,8.600,0.561
2021-01-03 11:00:00,7.800,1016.700,6.200,78.000,8.400,1.024
2021-01-03 12:00:00,5.500,1018.500,4.000,11.000,5.100,1.814
2021-01-03 13:00:00,7.000,1017.400,4.600,78.000,5.700,3.054
2021-01-03 14:00:00,7.800,1016.300,6.500,91.000,8.900,4.295
2021-01-03 15:00:00,8.000,1015.200,7.900,84.000,8.500,4.911
2021-01-03 16:00:00,8.000,1013.300,8.900,79.000,10.800,5.564
2021-01-03 17:00:00,8.300,1011.700,7.900,80.000,9.000,5.518
2021-01-03 18:00:00,8.500,1010.800,7.300,54.000,8.700,4.931
2021-01-03 19:00:00,8.400,1010.400,5.400,34.000,6.700,4.308
2021-01-03 20:00:00,7.900,1010.800,5.600,27.000,6.700,3.327
2021-01-03 21:00:00,6.900,1010.600,7.100,20.000,8.100,2.487
2021-01-03 22:00:00,6.600,1011.300,6.800,341.000,7.800,1.896
2021-01-03 23:00:00,6.000,1011.700,8.900,341.000,9.700,1.745
2021-01-04 00:00:00,5.300,1012.300,10.900,337.000,12.700,1.969
2021-01-04 01:00:00,5.300,1012.400,8.800,341.000,10.000,2.516
2021-01-04 02:00:00,5.200,1012.500,8.600,334.000,9.800,3.346
2021-01-04 03:00:00,5.100,1013.100,7.800,330.000,9.500,4.259
2021-01-04 04:00:00,4.900,1013.300,8.900,326.000,10.400,4.938
2021-01-04 05:00:00,4.900,1013.200,9.000,329.000,10.200,5.295
2021-01-04 06:00:00,5.000,1013.400,9.100,325.000,11.100,5.174
2021-01-04 07:00:00,4.700,1013.900,8.800,329.000,10.300,4.511
2021-01-04 08:00:00,4.400,1013.800,9.400,348.000,10.600,3.694
2021-01-04 09:00:00,4.400,1013.900,8.900,349.000,10.200,2.740
2021-01-04 10:00:00,4.300,1014.300,7.800,344.000,8.700,2.096
2021-01-04 11:00:00,4.100,1014.900,7.600,346.000,8.800,2.005
2021-01-04 12:00:00,4.000,1015.400,5.800,359.000,7.200,2.218
2021-01-04 13:00:00,4.200,1016.000,6.400,9.000,7.200,2.789
2021-01-04 14:00:00,4.200,1016.700,5.100,345.000,5.700,3.783
2021-01-04 15:00:00,4.300,1016.900,7.300,340.000,8.600,4.793
2021-01-04 16:00:00,4.400,1016.200,6.900,344.000,8.000,5.469
2021-01-04 17:00:00,4.400,1015.400,7.200,345.000,8.400,5.817
2021-01-04 18:00:00,4.500,1015.200,6.000,340.000,6.900,5.636
2021-01-04 19:00:00,4.700,1014.900,5.700,343.000,6.600,5.010
2021-01-04 20:00:00,4.900,1014.900,6.000,7.000,6.500,4.075
2021-01-04 21:00:00,5.200,1015.100,4.400,354.000,5.400,3.064
2021-01-04 22:00:00,5.300,1015.100,3.500,8.000,4.100,2.290
2021-01-04 23:00:00,5.500,1015.200,2.500,1.000,3.100,1.660
2021-01-05 00:00:00,5.600,1015.500,3.000,353.000,3.900,1.562
2021-01-05 01:00:00,5.300,1015.300,3.000,311.000,3.600,1.939
2021-01-05 02:00:00,5.200,1014.900,2.400,301.000,2.700,2.680
2021-01-05 03:00:00,5.000,1014.700,1.900,280.000,2.300,3.589
2021-01-05 04:00:00,4.700,1014.300,1.800,272.000,2.200,4.426
2021-01-05 05:00:00,5.000,1013.900,1.600,290.000,2.300,4.987
2021-01-05 06:00:00,5.000,1013.500,1.400,288.000,1.700,5.292
2021-01-05 07:00:00,5.600,1013.500,2.900,344.000,3.300,5.138
2021-01-05 08:00:00,5.600,1013.500,2.000,305.000,2.800,4.508
2021-01-05 09:00:00,5.000,1013.100,4.000,303.000,5.200,3.645
2021-01-05 10:00:00,5.100,1013.400,3.500,322.000,4.200,2.694
2021-01-05 11:00:00,4.600,1013.600,2.700,289.000,4.200,2.034
2021-01-05 12:00:00,4.200,1013.600,1.600,261.000,1.800,1.939
2021-01-05 13:00:00,5.100,1013.800,2.400,353.000,3.100,2.208
2021-01-05 14:00:00,5.100,1014.100,1.900,344.000,2.800,2.812
2021-01-05 15:00:00,5.100,1013.900,2.700,11.000,3.600,3.688
2021-01-05 16:00:00,4.900,1013.200,3.800,21.000,4.600,4.610
2021-01-05 17:00:00,5.100,1012.300,3.400,5.000,4.100,5.328
2021-01-05 18:00:00,5.000,1011.800,4.300,11.000,5.500,5.620
2021-01-05 19:00:00,5.000,1012.000,4.700,7.000,5.500,5.466
2021-01-05 20:00:00,5.000,1012.100,5.500,344.000,6.400,4.888
2021-01-05 21:00:00,5.000,1012.800,4.800,335.000,5.200,4.065
2021-01-05 22:00:00,5.200,1013.400,6.000,334.000,6.500,3.202
2021-01-05 23:00:00,5.400,1014.000,5.800,333.000,7.100,2.372
2021-01-06 00:00:00,5.400,1014.300,7.100,338.000,8.000,1.847
2021-01-06 01:00:00,5.400,1014.600,6.600,331.000,7.800,1.785
2021-01-06 02:00:00,5.100,1014.700,8.500,335.000,10.400,2.247
2021-01-06 03:00:00,5.000,1014.600,5.300,348.000,6.000,2.877
2021-01-06 04:00:00,5.200,1014.700,6.900,339.000,7.800,3.855
2021-01-06 05:00:00,4.700,1014.600,6.100,308.000,7.000,4.738
2021-01-06 06:00:00,4.600,1014.700,7.200,307.000,8.100,5.351
2021-01-06 07:00:00,4.700,1015.100,8.300,316.000,9.700,5.666
2021-01-06 08:00:00,4.600,1015.600,9.000,319.000,10.000,5.486
2021-01-06 09:00:00,4.700,1015.700,9.100,331.000,10.700,4.849
2021-01-06 10:00:00,4.700,1015.800,9.000,325.000,10.300,3.907
2021-01-06 11:00:00,4.600,1016.200,8.900,329.000,10.900,2.972
2021-01-06 12:00:00,4.600,1017.000,9.100,328.000,10.600,2.336
2021-01-06 13:00:00,4.600,1017.400,10.100,321.000,12.400,2.113
2021-01-06 14:00:00,4.500,1018.200,10.100,325.000,12.700,2.303
2021-01-06 15:00:00,4.700,1018.200,11.600,324.000,13.200,2.759
2021-01-06 16:00:00,4.800,1018.000,11.100,334.000,13.700,3.501
2021-01-06 17:00:00,5.600,1017.500,7.200,323.000,12.100,4.304
2021-01-06 18:00:00,5.100,1017.100,10.900,335.000,12.900,4.928
2021-01-06 19:00:00,5.000,1017.000,10.600,327.000,13.200,5.180
2021-01-06 20:00:00,4.900,1017.700,11.500,328.000,13.500,5.062
2021-01-06 21:00:00,4.900,1018.000,11.500,310.000,13.900,4.590
2021-01-06 22:00:00,4.900,1018.700,12.000,324.000,13.900,3.802
2021-01-06 23:00:00,4.900,1019.400,10.700,318.000,12.600,2.877
2021-01-07 00:00:00,4.700,1019.500,10.600,326.000,13.400,2.011
2021-01-07 01:00:00,4.400,1019.800,10.400,322.000,13.100,1.414
2021-01-07 02:00:00,4.100,1019.900,9.900,319.000,12.500,1.411
2021-01-07 03:00:00,3.500,1019.900,7.600,300.000,8.800,1.906
2021-01-07 04:00:00,3.200,1020.200,7.600,301.000,9.100,2.710
2021-01-07 05:00:00,3.100,1019.800,9.500,304.000,11.000,3.619
2021-01-07 06:00:00,3.200,1019.700,10.800,316.000,12.400,4.514
2021-01-07 07:00:00,3.300,1020.000,9.500,317.000,12.800,5.177
2021-01-07 08:00:00,3.000,1020.200,10.400,316.000,12.200,5.482
2021-01-07 09:00:00,3.000,1020.100,10.500,322.000,12.200,5.243
2021-01-07 10:00:00,2.900,1020.100,9.900,326.000,12.500,4.583
2021-01-07 11:00:00,2.900,1020.500,10.300,333.000,12.800,3.743
2021-01-07 12:00:00,2.700,1021.200,9.600,328.000,12.100,2.841
2021-01-07 13:00:00,1.100,1021.800,5.500,286.000,6.700,2.080
2021-01-07 14:00:00,2.000,1022.100,7.100,314.000,8.500,1.870
2021-01-07 15:00:00,2.600,1022.000,8.800,323.000,10.600,1.972
2021-01-07 16:00:00,2.900,1021.500,8.900,321.000,10.000,2.464
2021-01-07 17:00:00,3.600,1020.400,6.800,332.000,8.200,3.205
2021-01-07 18:00:00,4.300,1019.900,6.300,332.000,7.600,4.101
2021-01-07 19:00:00,4.900,1019.800,5.000,333.000,7.100,4.639
2021-01-07 20:00:00,5.800,1019.500,6.800,313.000,7.500,4.859
2021-01-07 21:00:00,6.000,1019.600,6.800,308.000,8.000,4.741
2021-01-07 22:00:00,5.800,1020.000,6.400,312.000,7.500,4.285
2021-01-07 23:00:00,4.900,1020.300,4.800,291.000,5.900,3.471
2021-01-08 00:00:00,4.400,1020.500,4.200,281.000,4.700,2.474
2021-01-08 01:00:00,4.200,1020.300,4.500,291.000,5.000,1.575
2021-01-08 02:00:00,3.800,1020.400,4.700,291.000,5.600,1.089
2021-01-08 03:00:00,3.500,1020.000,3.800,315.000,4.500,1.211
2021-01-08 04:00:00,4.500,1019.700,7.400,7.000,8.500,1.827
2021-01-08 05:00:00,4.100,1019.800,6.000,7.000,7.200,2.641
2021-01-08 06:00:00,3.600,1019.800,5.000,4.000,5.900,3.645
2021-01-08 07:00:00,3.200,1019.600,5.300,12.000,6.600,4.577
2021-01-08 08:00:00,3.000,1019.000,4.800,17.000,5.900,5.187
2021-01-08 09:00:00,2.500,1017.800,5.700,24.000,7.300,5.509
2021-01-08 10:00:00,2.300,1017.600,5.500,25.000,6.900,5.371
2021-01-08 11:00:00,2.000,1017.900,4.700,19.000,5.500,4.534
2021-01-08 12:00:00,1.800,1017.400,4.900,21.000,6.100,3.517
2021-01-08 13:00:00,1.600,1017.700,4.900,25.000,5.900,2.618
2021-01-08 14:00:00,1.400,1018.100,4.000,5.000,4.900,1.873
2021-01-08 15:00:00,1.500,1018.500,1.500,11.000,2.800,1.421
2021-01-08 16:00:00,1.400,1017.100,3.400,358.000,4.000,1.490
2021-01-08 17:00:00,1.300,1015.000,4.900,18.000,5.600,2.119
2021-01-08 18:00:00,1.500,1014.400,3.700,0.000,5.000,2.877
2021-01-08 19:00:00,1.600,1014.000,2.800,332.000,3.600,3.668
2021-01-08 20:00:00,1.900,1013.700,3.900,322.000,4.900,4.373
2021-01-08 21:00:00,2.500,1013.400,0.600,189.000,6.700,4.754
2021-01-08 22:00:00,2.300,1013.100,6.300,337.000,7.100,4.554
2021-01-08 23:00:00,2.600,1012.700,6.500,349.000,7.500,4.147
2021-01-09 00:00:00,2.600,1012.300,7.300,11.000,8.700,3.320
2021-01-09 01:00:00,2.700,1011.700,7.100,13.000,8.500,2.303
2021-01-09 02:00:00,2.700,1011.300,6.700,18.000,7.200,1.529
2021-01-09 03:00:00,3.200,1010.800,6.900,10.000,8.900,1.063
2021-01-09 04:00:00,3.500,1010.300,8.700,17.000,9.900,1.207
2021-01-09 05:00:00,3.200,1009.800,9.400,18.000,10.300,1.946
2021-01-09 06:00:00,2.700,1009.700,8.800,16.000,10.900,2.844
2021-01-09 07:00:00,2.500,1009.800,9.100,16.000,10.500,4.009
2021-01-09 08:00:00,2.200,1009.700,9.700,10.000,12.200,5.059
2021-01-09 09:00:00,2.000,1009.700,10.600,17.000,13.100,5.902
2021-01-09 10:00:00,1.500,1010.000,11.300,15.000,12.700,6.050
2021-01-09 11:00:00,1.300,1010.800,9.000,11.000,11.800,5.768
2021-01-09 12:00:00,0.900,1011.200,11.300,350.000,13.000,5.154
2021-01-09 13:00:00,0.500,1012.400,10.600,360.000,12.400,4.190
2021-01-09 14:00:00,0.400,1013.400,10.200,347.000,12.800,2.936
2021-01-09 15:00:00,0.400,1013.500,10.800,339.000,12.800,2.123
2021-01-09 16:00:00,0.900,1013.300,9.700,328.000,12.100,1.749
2021-01-09 17:00:00,1.500,1012.600,10.400,325.000,12.500,1.742
2021-01-09 18:00:00,2.100,1012.800,10.100,338.000,11.300,2.159
2021-01-09 19:00:00,3.000,1012.600,7.100,325.000,8.200,2.808
2021-01-09 20:00:00,3.800,1013.000,8.200,329.000,8.900,3.615
2021-01-09 21:00:00,4.700,1013.300,3.800,343.000,8.100,4.364
2021-01-09 22:00:00,4.700,1013.900,5.900,312.000,6.900,4.652
2021-01-09 23:00:00,4.200,1014.300,4.800,291.000,5.400,4.682
2021-01-10 00:00:00,4.100,1014.800,5.100,303.000,6.000,4.259
2021-01-10 01:00:00,4.200,1015.400,6.800,300.000,7.600,3.340
2021-01-10 02:00:00,4.400,1015.700,8.100,315.000,9.100,2.352
2021-01-10 03:00:00,5.200,1016.200,11.900,337.000,12.800,1.493
2021-01-10 04:00:00,4.900,1016.700,10.000,334.000,12.500,0.869
2021-01-10 05:00:00,4.800,1017.100,11.500,336.000,12.900,0.974
2021-01-10 06:00:00,4.500,1017.800,8.600,327.000,11.100,1.578
2021-01-10 07:00:00,4.100,1018.600,9.700,333.000,11.200,2.530
2021-01-10 08:00:00,4.100,1019.600,10.500,355.000,12.400,3.812
2021-01-10 09:00:00,3.800,1020.000,10.600,357.000,11.900,4.826
2021-01-10 10:00:00,3.700,1020.100,10.300,354.000,13.300,5.545
2021-01-10 11:00:00,3.600,1020.900,8.200,353.000,9.400,5.741
2021-01-10 12:00:00,3.500,1021.600,9.700,1.000,10.800,5.502
2021-01-10 13:00:00,3.200,1022.700,6.200,334.000,7.200,4.754
2021-01-10 14:00:00,2.300,1023.900,7.200,305.000,8.200,3.576
2021-01-10 15:00:00,3.000,1024.600,7.900,331.000,9.000,2.408
2021-01-10 16:00:00,3.200,1024.600,8.100,335.000,9.300,1.371
2021-01-10 17:00:00,3.300,1023.600,8.200,345.000,9.100,0.827
2021-01-10 18:00:00,3.800,1023.600,7.100,341.000,8.100,0.810
2021-01-10 19:00:00,4.400,1023.500,6.200,7.000,6.800,1.332
2021-01-10 20:00:00,5.000,1023.600,4.800,6.000,5.900,2.162
2021-01-10 21:00:00,5.500,1024.300,3.600,357.000,4.300,3.166
2021-01-10 22:00:00,5.500,1024.800,3.300,342.000,3.800,3.967
2021-01-10 23:00:00,4.000,1025.400,1.600,248.000,1.800,4.308
2021-01-11 00:00:00,4.100,1026.100,2.200,242.000,2.400,4.344
2021-01-11 01:00:00,3.000,1026.400,1.100,232.000,1.800,3.868
2021-01-11 02:00:00,3.100,1026.700,2.500,252.000,3.500,2.920
2021-01-11 03:00:00,3.100,1026.700,1.600,258.000,2.200,1.893
2021-01-11 04:00:00,2.500,1027.100,2.200,258.000,2.600,0.974
2021-01-11 05:00:00,2.400,1026.900,1.800,242.000,2.200,0.469
2021-01-11 06:00:00,2.000,1026.900,1.900,264.000,2.200,0.696
2021-01-11 07:00:00,1.200,1027.000,3.300,236.000,4.000,1.352
2021-01-11 08:00:00,0.400,1027.300,2.600,237.000,3.400,2.415
2021-01-11 09:00:00,0.400,1027.000,2.000,265.000,2.300,3.701
2021-01-11 10:00:00,0.300,1027.400,1.900,268.000,2.200,4.774
2021-01-11 11:00:00,-0.900,1027.200,0.700,271.000,1.000,5.515
2021-01-11 12:00:00,-0.700,1027.200,1.400,287.000,1.900,5.669
2021-01-11 13:00:00,0.200,1027.400,2.200,229.000,2.900,5.377
2021-01-11 14:00:00,3.000,1027.800,0.300,257.000,0.900,4.528
2021-01-11 15:00:00,4.300,1028.000,1.700,295.000,1.900,3.264
2021-01-11 16:00:00,5.600,1027.500,2.400,225.000,4.300,1.909
2021-01-11 17:00:00,7.100,1025.900,1.900,233.000,3.900,0.794
2021-01-11 18:00:00,7.000,1025.000,2.900,228.000,4.900,0.236
2021-01-11 19:00:00,7.500,1024.000,1.800,194.000,2.900,0.417
2021-01-11 20:00:00,8.200,1024.100,2.700,208.000,4.200,1.070
2021-01-11 21:00:00,7.800,1023.900,1.600,204.000,3.000,1.988
2021-01-11 22:00:00,7.400,1023.500,1.600,228.000,3.400,3.009
2021-01-11 23:00:00,7.100,1023.300,2.300,239.000,4.400,3.825
2021-01-12 00:00:00,6.900,1023.500,3.200,257.000,4.600,4.137
2021-01-12 01:00:00,6.300,1023.600,2.100,254.000,3.400,3.993
2021-01-12 02:00:00,5.600,1023.600,2.300,253.000,3.000,3.530
2021-01-12 03:00:00,5.200,1023.300,1.800,261.000,2.500,2.503
2021-01-12 04:00:00,4.300,1023.400,2.100,214.000,3.500,1.299
2021-01-12 05:00:00,3.700,1022.900,2.000,222.000,3.300,0.367
2021-01-12 06:00:00,3.300,1022.300,2.500,233.000,3.000,-0.108
2021-01-12 07:00:00,2.900,1022.600,2.200,234.000,2.600,0.200
2021-01-12 08:00:00,2.500,1022.300,2.000,257.000,2.700,0.988
2021-01-12 09:00:00,2.300,1021.700,1.900,280.000,2.400,2.119
2021-01-12 10:00:00,1.600,1021.800,3.000,231.000,3.600,3.448
2021-01-12 11:00:00,1.500,1021.600,1.600,281.000,2.400,4.508
2021-01-12 12:00:00,0.700,1021.800,1.700,255.000,2.000,5.344
2021-01-12 13:00:00,0.700,1022.400,2.000,259.000,2.500,5.564
2021-01-12 14:00:00,3.300,1022.500,4.200,314.000,5.000,5.049
2021-01-12 15:00:00,3.200,1022.800,5.100,320.000,6.100,4.117
2021-01-12 16:00:00,3.500,1022.300,4.900,325.000,6.100,2.825
2021-01-12 17:00:00,3.600,1021.200,4.700,325.000,5.900,1.503
2021-01-12 18:00:00,4.000,1020.200,5.200,6.000,6.300,0.328
2021-01-12 19:00:00,4.300,1019.700,4.700,12.000,6.000,-0.144
2021-01-12 20:00:00,4.600,1019.200,4.000,13.000,4.600,0.121
2021-01-12 21:00:00,5.000,1019.000,1.900,26.000,2.300,0.945
2021-01-12 22:00:00,4.700,1019.100,2.000,11.000,2.200,2.083
2021-01-12 23:00:00,4.700,1019.500,1.600,320.000,1.900,3.169
2021-01-13 00:00:00,2.800,1020.100,1.400,279.000,1.700,3.914
2021-01-13 01:00:00,2.700,1020.300,2.100,247.000,2.200,4.209
2021-01-13 02:00:00,1.900,1020.600,2.700,222.000,3.100,3.996
2021-01-13 03:00:00,2.200,1020.700,3.200,229.000,3.500,3.333
2021-01-13 04:00:00,1.800,1020.400,2.700,258.000,3.200,2.323
2021-01-13 05:00:00,1.600,1019.900,1.300,268.000,2.100,1.129
2021-01-13 06:00:00,2.000,1019.700,1.400,274.000,1.700,0.200
2021-01-13 07:00:00,2.200,1019.900,1.700,239.000,2.100,-0.157
2021-01-13 08:00:00,2.700,1019.700,2.000,245.000,2.100,0.400
2021-01-13 09:00:00,1.600,1019.200,2.700,232.000,3.000,1.322
2021-01-13 10:00:00,0.700,1019.500,2.400,225.000,3.000,2.461
2021-01-13 11:00:00,0.000,1019.900,3.400,223.000,3.900,3.796
2021-01-13 12:00:00,0.700,1019.800,3.000,232.000,3.900,4.997
2021-01-13 13:00:00,0.500,1019.900,1.500,241.000,1.900,5.702
2021-01-13 14:00:00,2.900,1020.200,2.700,230.000,3.600,5.794
2021-01-13 15:00:00,5.300,1020.100,2.200,246.000,2.800,5.112
2021-01-13 16:00:00,6.100,1019.200,2.200,304.000,2.800,4.101
2021-01-13 17:00:00,6.000,1018.000,2.200,15.000,2.500,2.785
2021-01-13 18:00:00,5.600,1017.000,2.900,32.000,3.500,1.447
2021-01-13 19:00:00,5.600,1016.100,3.900,61.000,4.300,0.377
2021-01-13 20:00:00,6.600,1015.500,2.900,131.000,4.700,0.131
2021-01-13 21:00:00,6.700,1014.900,3.900,133.000,6.100,0.591
2021-01-13 22:00:00,6.500,1014.600,2.400,164.000,3.500,1.542
2021-01-13 23:00:00,5.600,1014.800,2.800,168.000,3.800,2.615
2021-01-14 00:00:00,5.300,1014.700,2.800,176.000,4.200,3.652
2021-01-14 01:00:00,5.000,1014.500,1.900,198.000,2.500,4.272
2021-01-14 02:00:00,4.600,1014.200,2.100,196.000,3.200,4.416
2021-01-14 03:00:00,4.600,1013.900,2.400,194.000,3.500,4.154
2021-01-14 04:00:00,4.400,1013.400,2.400,202.000,3.900,3.419
2021-01-14 05:00:00,4.300,1012.300,2.500,199.000,3.300,2.323
2021-01-14 06:00:00,4.200,1011.600,2.600,194.000,4.000,1.198
2021-01-14 07:00:00,4.400,1011.800,3.100,193.000,4.500,0.279
2021-01-14 08:00:00,4.000,1011.500,2.800,197.000,3.700,0.223
2021-01-14 09:00:00,3.800,1011.300,3.400,217.000,6.800,0.866
2021-01-14 10:00:00,3.400,1010.600,2.600,222.000,4.200,1.719
2021-01-14 11:00:00,3.700,1010.800,3.100,214.000,4.400,2.838
2021-01-14 12:00:00,3.300,1010.400,3.000,225.000,3.700,4.259
2021-01-14 13:00:00,3.100,1010.300,2.500,237.000,2.800,5.384
2021-01-14 14:00:00,3.800,1010.800,1.900,268.000,2.600,5.978
2021-01-14 15:00:00,5.400,1011.300,4.100,280.000,5.200,5.771
2021-01-14 16:00:00,5.500,1010.800,3.000,321.000,3.800,5.023
2021-01-14 17:00:00,5.500,1009.900,3.400,6.000,4.000,3.999
2021-01-14 18:00:00,5.500,1009.400,2.400,16.000,3.000,2.641
2021-01-14 19:00:00,5.600,1009.000,2.500,8.000,3.700,1.319
2021-01-14 20:00:00,6.000,1009.000,1.600,16.000,1.900,0.453
2021-01-14 21:00:00,6.600,1009.000,0.000,24.000,1.200,0.472
2021-01-14 22:00:00,5.700,1009.600,0.900,286.000,1.100,1.073
2021-01-14 23:00:00,6.400,1009.900,2.100,268.000,2.200,1.969
2021-01-15 00:00:00,5.900,1010.300,0.300,277.000,0.500,3.041
2021-01-15 01:00:00,5.700,1010.400,1.400,256.000,1.600,3.973
2021-01-15 02:00:00,5.000,1011.300,2.400,245.000,2.600,4.531
2021-01-15 03:00:00,5.400,1011.600,2.200,228.000,2.600,4.636
2021-01-15 04:00:00,4.100,1011.500,0.300,86.000,0.500,4.281
2021-01-15 05:00:00,4.900,1012.100,1.200,255.000,1.500,3.445
2021-01-15 06:00:00,4.900,1012.300,0.300,299.000,0.900,2.365
2021-01-15 07:00:00,3.400,1012.800,0.600,294.000,0.700,1.345
2021-01-15 08:00:00,2.600,1013.200,0.100,322.000,0.700,0.676
2021-01-15 09:00:00,2.300,1013.300,0.000,9.000,0.000,0.771
2021-01-15 10:00:00,3.300,1013.000,2.000,104.000,2.100,1.286
2021-01-15 11:00:00,5.400,1012.300,4.100,105.000,5.200,2.228
2021-01-15 12:00:00,5.900,1013.000,3.000,112.000,4.400,3.491
2021-01-15 13:00:00,6.500,1013.200,2.400,114.000,3.800,4.793
2021-01-15 14:00:00,7.700,1013.400,3.700,122.000,5.300,5.702
2021-01-15 15:00:00,9.200,1013.600,4.200,150.000,7.400,6.043
2021-01-15 16:00:00,10.000,1012.500,5.500,147.000,7.900,5.771
2021-01-15 17:00:00,10.500,1011.300,5.100,156.000,9.500,4.980
2021-01-15 18:00:00,10.700,1009.800,6.500,147.000,10.500,3.927
2021-01-15 19:00:00,10.700,1009.400,5.400,160.000,7.600,2.572
2021-01-15 20:00:00,11.200,1009.300,4.200,152.000,6.100,1.542
2021-01-15 21:00:00,10.900,1009.500,3.900,158.000,5.000,1.063
2021-01-15 22:00:00,9.900,1009.300,2.400,118.000,3.400,1.220
2021-01-15 23:00:00,9.200,1008.400,2.300,156.000,3.800,1.775
2021-01-16 00:00:00,9.900,1008.700,0.500,166.000,1.900,2.562
2021-01-16 01:00:00,9.600,1007.800,0.700,152.000,2.100,3.668
2021-01-16 02:00:00,8.900,1006.700,0.500,129.000,1.000,4.551
2021-01-16 03:00:00,8.100,1005.400,1.200,59.000,2.000,5.020
2021-01-16 04:00:00,7.800,1004.600,1.300,79.000,1.600,5.092
2021-01-16 05:00:00,7.800,1004.800,0.500,270.000,0.800,4.744
2021-01-16 06:00:00,8.000,1004.000,0.600,233.000,1.400,3.901
2021-01-16 07:00:00,8.100,1004.100,1.000,163.000,1.200,2.890
2021-01-16 08:00:00,7.500,1003.200,2.100,135.000,2.500,2.041
2021-01-16 09:00:00,7.300,1001.700,2.300,139.000,2.700,1.499
2021-01-16 10:00:00,7.100,1000.200,1.100,191.000,1.500,1.467
2021-01-16 11:00:00,6.700,1000.000,1.400,227.000,1.900,2.241
2021-01-16 12:00:00,6.500,999.900,3.000,251.000,4.100,3.133
2021-01-16 13:00:00,6.400,999.700,3.400,250.000,4.800,4.272
2021-01-16 14:00:00,6.700,1000.100,4.000,263.000,6.600,5.459
2021-01-16 15:00:00,7.000,1000.200,5.700,272.000,8.500,6.106
2021-01-16 16:00:00,6.300,999.800,5.900,251.000,8.300,6.135
2021-01-16 17:00:00,6.300,998.600,1.400,263.000,7.300,5.607
2021-01-16 18:00:00,6.800,997.800,4.500,255.000,6.700,4.902
2021-01-16 19:00:00,7.600,997.400,5.700,262.000,7.600,3.855
2021-01-16 20:00:00,7.600,997.600,5.700,263.000,7.700,2.612
2021-01-16 21:00:00,7.100,998.300,2.700,243.000,5.200,1.680
2021-01-16 22:00:00,6.400,998.900,5.200,268.000,6.800,1.145
2021-01-16 23:00:00,6.100,999.500,5.300,273.000,7.000,1.450
2021-01-17 00:00:00,5.900,1000.200,5.900,266.000,7.800,1.985
2021-01-17 01:00:00,5.800,1000.700,5.600,268.000,7.200,2.530
2021-01-17 02:00:00,4.900,1001.100,7.200,263.000,10.700,3.383
2021-01-17 03:00:00,4.200,1001.800,7.000,267.000,9.200,3.947
2021-01-17 04:00:00,4.000,1002.600,7.400,271.000,9.600,4.386
2021-01-17 05:00:00,3.600,1003.600,6.600,271.000,10.200,4.278
2021-01-17 06:00:00,3.100,1004.300,5.800,269.000,9.400,3.471
2021-01-17 07:00:00,2.900,1005.500,6.600,258.000,8.900,2.513
2021-01-17 08:00:00,2.700,1006.000,5.100,253.000,7.500,1.572
2021-01-17 09:00:00,2.400,1006.000,6.600,265.000,8.800,0.725
2021-01-17 10:00:00,1.600,1006.700,5.000,244.000,7.700,0.328
2021-01-17 11:00:00,0.900,1007.200,3.300,242.000,5.300,0.338
2021-01-17 12:00:00,0.800,1007.500,3.600,233.000,6.000,0.768
2021-01-17 13:00:00,1.400,1008.100,4.100,238.000,5.300,1.788
2021-01-17 14:00:00,3.100,1008.900,5.900,241.000,8.900,2.822
2021-01-17 15:00:00,4.900,1009.300,5.500,252.000,10.100,3.658
2021-01-17 16:00:00,5.500,1009.000,7.500,268.000,12.300,4.019
2021-01-17 17:00:00,6.900,1007.700,6.500,282.000,9.400,3.967
2021-01-17 18:00:00,7.300,1007.400,8.200,274.000,10.900,3.556
2021-01-17 19:00:00,7.700,1007.400,8.600,274.000,10.900,2.730
2021-01-17 20:00:00,7.600,1007.700,6.100,276.000,8.700,1.558
2021-01-17 21:00:00,7.700,1008.100,5.500,274.000,6.300,0.535
2021-01-17 22:00:00,7.400,1008.700,3.700,264.000,5.600,-0.161
2021-01-17 23:00:00,6.600,1008.900,1.700,222.000,2.500,-0.315
2021-01-18 00:00:00,5.800,1009.300,1.800,199.000,2.800,0.089
2021-01-18 01:00:00,6.200,1009.200,2.300,193.000,3.900,0.636
2021-01-18 02:00:00,6.200,1009.200,2.300,208.000,4.300,1.512
2021-01-18 03:00:00,5.600,1009.100,2.200,217.000,3.700,2.375
2021-01-18 04:00:00,4.700,1008.900,2.600,213.000,4.700,3.054
2021-01-18 05:00:00,4.300,1008.200,3.100,214.000,4.400,3.353
2021-01-18 06:00:00,4.900,1008.100,3.800,232.000,5.400,3.140
2021-01-18 07:00:00,5.500,1008.400,4.200,235.000,6.300,2.484
2021-01-18 08:00:00,4.800,1008.400,2.800,240.000,4.400,1.709
2021-01-18 09:00:00,4.700,1008.400,3.800,249.000,5.200,0.869
2021-01-18 10:00:00,4.400,1008.200,3.100,253.000,4.200,0.085
2021-01-18 11:00:00,3.300,1008.700,2.700,228.000,4.200,-0.299
2021-01-18 12:00:00,2.600,1009.400,2.500,231.000,3.500,-0.164
2021-01-18 13:00:00,3.400,1009.500,3.700,245.000,4.900,0.420
2021-01-18 14:00:00,5.300,1009.900,4.700,261.000,6.600,1.352
2021-01-18 15:00:00,6.300,1009.900,4.700,288.000,7.100,2.287
2021-01-18 16:00:00,6.300,1009.800,8.200,298.000,9.200,3.130
2021-01-18 17:00:00,6.100,1009.100,6.600,284.000,8.500,3.583
2021-01-18 18:00:00,6.600,1008.600,10.800,293.000,12.200,3.547
2021-01-18 19:00:00,6.600,1009.100,7.800,283.000,12.000,2.910
2021-01-18 20:00:00,6.500,1009.700,10.400,294.000,12.900,2.093
2021-01-18 21:00:00,6.500,1010.900,11.700,292.000,14.800,1.109
2021-01-18 22:00:00,6.200,1012.200,10.000,292.000,12.500,0.184
2021-01-18 23:00:00,5.000,1013.500,4.600,268.000,6.000,-0.246
2021-01-19 00:00:00,4.600,1014.500,6.000,277.000,7.300,-0.243
2021-01-19 01:00:00,4.000,1015.600,5.300,268.000,7.100,-0.026
2021-01-19 02:00:00,3.300,1016.500,4.400,263.000,5.900,0.627
2021-01-19 03:00:00,2.800,1017.500,4.500,271.000,5.800,1.722
2021-01-19 04:00:00,2.600,1018.100,4.600,270.000,5.900,2.480
2021-01-19 05:00:00,2.600,1018.300,5.100,271.000,7.500,2.844
2021-01-19 06:00:00,2.100,1018.300,4.800,266.000,6.300,3.094
2021-01-19 07:00:00,2.000,1018.900,3.700,255.000,5.800,2.887
2021-01-19 08:00:00,0.900,1019.200,3.000,233.000,3.800,2.402
2021-01-19 09:00:00,0.600,1019.600,3.100,248.000,3.800,1.726
2021-01-19 10:00:00,1.300,1020.600,4.500,256.000,6.300,0.948
2021-01-19 11:00:00,1.600,1021.300,5.600,264.000,7.400,0.315
2021-01-19 12:00:00,0.500,1021.600,3.000,232.000,4.200,0.013
2021-01-19 13:00:00,1.200,1021.700,3.200,239.000,4.600,0.295
2021-01-19 14:00:00,3.300,1022.200,4.000,246.000,5.800,0.912
2021-01-19 15:00:00,5.300,1022.700,7.100,262.000,8.500,1.621
2021-01-19 16:00:00,6.000,1022.400,7.700,271.000,9.600,2.474
2021-01-19 17:00:00,6.900,1020.900,4.700,271.000,8.200,3.156
2021-01-19 18:00:00,7.900,1019.800,5.100,270.000,8.300,3.435
2021-01-19 19:00:00,8.600,1019.300,6.400,263.000,9.000,3.205
2021-01-19 20:00:00,8.900,1019.700,7.400,264.000,10.300,2.736
2021-01-19 21:00:00,8.800,1020.200,8.100,276.000,9.600,2.018
2021-01-19 22:00:00,8.400,1020.700,2.700,254.000,4.100,1.214
2021-01-19 23:00:00,7.100,1021.400,2.600,234.000,3.300,0.551
2021-01-20 00:00:00,6.500,1021.800,2.900,232.000,3.700,0.141
2021-01-20 01:00:00,5.800,1021.600,3.100,228.000,3.700,0.253
2021-01-20 02:00:00,5.500,1021.100,3.400,228.000,3.800,0.791
2021-01-20 03:00:00,4.400,1020.500,1.900,200.000,2.400,1.490
2021-01-20 04:00:00,3.400,1019.900,3.000,207.000,4.100,2.349
2021-01-20 05:00:00,2.700,1019.200,2.900,221.000,3.600,3.071
2021-01-20 06:00:00,3.200,1018.300,2.900,228.000,3.800,3.419
2021-01-20 07:00:00,2.700,1017.100,0.100,184.000,0.800,3.563
2021-01-20 08:00:00,2.800,1016.000,1.800,252.000,2.000,3.366
2021-01-20 09:00:00,3.000,1014.100,2.300,203.000,3.700,2.802
2021-01-20 10:00:00,3.100,1013.100,1.600,215.000,2.800,2.054
2021-01-20 11:00:00,6.100,1013.400,9.200,336.000,11.200,1.640
2021-01-20 12:00:00,3.500,1014.100,10.200,296.000,11.000,1.152
2021-01-20 13:00:00,4.600,1014.300,9.500,280.000,12.600,0.810
2021-01-20 14:00:00,5.300,1014.900,11.400,294.000,14.300,0.988
2021-01-20 15:00:00,5.600,1015.100,15.600,300.000,18.400,1.302
2021-01-20 16:00:00,5.600,1015.500,13.800,302.000,17.200,1.916
2021-01-20 17:00:00,5.700,1015.100,14.300,305.000,17.100,2.694
2021-01-20 18:00:00,5.700,1014.900,13.700,313.000,18.400,3.005
2021-01-20 19:00:00,5.800,1015.200,13.300,313.000,15.600,3.143
2021-01-20 20:00:00,5.600,1016.200,11.800,315.000,14.900,3.081
2021-01-20 21:00:00,5.700,1016.900,10.800,314.000,14.300,2.661
2021-01-20 22:00:00,5.000,1018.100,11.300,305.000,12.800,2.031
2021-01-20 23:00:00,4.400,1019.100,11.400,316.000,13.300,1.640
2021-01-21 00:00:00,3.600,1019.200,8.700,335.000,10.000,1.050
2021-01-21 01:00:00,2.900,1019.200,8.700,334.000,9.600,0.919
2021-01-21 02:00:00,2.500,1019.300,5.800,327.000,7.200,1.073
2021-01-21 03:00:00,1.700,1019.300,6.200,301.000,7.000,1.854
2021-01-21 04:00:00,1.800,1019.700,6.500,319.000,7.600,2.726
2021-01-21 05:00:00,2.100,1018.500,6.300,348.000,8.000,3.524
2021-01-21 06:00:00,1.900,1017.700,5.000,4.000,5.800,4.012
2021-01-21 07:00:00,-0.800,1017.800,1.800,231.000,2.400,4.268
2021-01-21 08:00:00,-1.800,1017.500,2.400,242.000,2.900,4.364
2021-01-21 09:00:00,-2.200,1016.000,2.400,195.000,3.000,4.019
2021-01-21 10:00:00,-2.700,1015.100,1.700,188.000,2.400,3.363
2021-01-21 11:00:00,-2.200,1014.300,1.800,197.000,2.800,2.684
2021-01-21 12:00:00,-0.900,1014.200,2.200,206.000,3.500,2.008
2021-01-21 13:00:00,0.500,1013.400,2.500,192.000,4.500,1.640
2021-01-21 14:00:00,2.600,1012.000,4.000,183.000,5.700,1.703
2021-01-21 15:00:00,4.500,1011.200,3.800,198.000,7.000,1.808
2021-01-21 16:00:00,7.100,1010.100,4.000,223.000,7.100,2.110
2021-01-21 17:00:00,9.300,1008.200,3.100,248.000,7.100,2.956
2021-01-21 18:00:00,9.400,1006.700,5.500,260.000,8.700,3.514
2021-01-21 19:00:00,10.000,1005.300,5.900,259.000,7.900,3.665
2021-01-21 20:00:00,10.100,1004.700,4.600,243.000,6.000,3.839
2021-01-21 21:00:00,9.800,1004.700,4.600,281.000,5.400,3.442
2021-01-21 22:00:00,9.100,1004.700,4.300,276.000,5.300,3.048
2021-01-21 23:00:00,7.900,1005.000,2.400,233.000,2.800,2.385
2021-01-22 00:00:00,6.500,1005.200,1.800,202.000,2.700,1.677
2021-01-22 01:00:00,5.900,1004.900,2.400,200.000,3.200,1.253
2021-01-22 02:00:00,5.100,1005.000,3.300,223.000,4.700,1.211
2021-01-22 03:00:00,5.100,1005.300,3.900,237.000,5.300,1.562
2021-01-22 04:00:00,5.600,1005.600,4.600,269.000,6.200,2.159
2021-01-22 05:00:00,5.300,1005.800,4.100,273.000,5.300,2.854
2021-01-22 06:00:00,4.900,1006.200,4.800,275.000,6.400,3.547
2021-01-22 07:00:00,5.800,1006.500,5.100,263.000,6.500,4.022
2021-01-22 08:00:00,4.800,1006.300,3.700,248.000,4.800,4.308
2021-01-22 09:00:00,5.200,1006.200,4.000,261.000,6.000,4.367
2021-01-22 10:00:00,6.800,1006.300,6.200,275.000,8.000,3.839
2021-01-22 11:00:00,6.000,1006.900,6.200,284.000,7.600,3.173
2021-01-22 12:00:00,5.600,1007.600,6.300,277.000,7.300,2.503
2021-01-22 13:00:00,5.400,1008.400,6.400,271.000,8.200,1.880
2021-01-22 14:00:00,6.300,1008.800,6.300,284.000,7.500,1.490
2021-01-22 15:00:00,7.500,1009.700,7.300,278.000,8.400,1.394
2021-01-22 16:00:00,7.800,1009.400,10.000,303.000,11.400,1.703
2021-01-22 17:00:00,7.600,1008.700,10.300,307.000,12.100,2.188
2021-01-22 18:00:00,7.400,1008.700,9.600,293.000,13.800,2.792
2021-01-22 19:00:00,7.600,1009.000,9.700,309.000,11.900,3.225
2021-01-22 20:00:00,7.200,1009.600,8.400,314.000,11.400,3.504
2021-01-22 21:00:00,7.500,1010.100,7.100,308.000,11.200,3.520
2021-01-22 22:00:00,6.800,1010.900,5.900,316.000,6.900,3.353
2021-01-22 23:00:00,6.200,1012.100,5.800,309.000,6.500,2.877
2021-01-23 00:00:00,5.800,1012.900,5.900,307.000,7.300,2.188
2021-01-23 01:00:00,5.100,1013.200,5.000,297.000,6.500,1.512
2021-01-23 02:00:00,4.500,1013.800,4.600,291.000,5.900,0.965
2021-01-23 03:00:00,3.500,1014.200,4.200,273.000,4.600,0.981
2021-01-23 04:00:00,3.300,1014.400,4.400,283.000,5.300,1.316
2021-01-23 05:00:00,3.100,1014.600,5.700,286.000,6.500,1.877
2021-01-23 06:00:00,2.900,1014.900,5.200,279.000,6.100,2.625
2021-01-23 07:00:00,2.600,1015.600,5.300,284.000,6.600,3.369
2021-01-23 08:00:00,2.500,1016.000,5.000,293.000,5.900,4.026
2021-01-23 09:00:00,2.200,1016.100,6.700,295.000,12.000,4.475
2021-01-23 10:00:00,2.600,1016.400,10.200,329.000,12.000,4.196
2021-01-23 11:00:00,1.800,1017.100,11.900,325.000,13.600,3.694
2021-01-23 12:00:00,1.500,1017.700,13.000,325.000,16.500,2.930
2021-01-23 13:00:00,0.900,1019.000,12.500,337.000,14.600,2.244
2021-01-23 14:00:00,0.300,1020.300,14.100,328.000,16.100,1.709
2021-01-23 15:00:00,0.100,1021.300,11.000,326.000,14.600,1.142
2021-01-23 16:00:00,-0.200,1021.900,13.500,319.000,16.500,0.925
2021-01-23 17:00:00,-0.500,1021.100,12.400,318.000,16.600,1.175
2021-01-23 18:00:00,0.000,1021.000,11.600,317.000,15.500,1.621
2021-01-23 19:00:00,0.100,1021.200,13.000,324.000,15.900,2.188
2021-01-23 20:00:00,0.300,1021.600,11.800,332.000,14.200,2.667
2021-01-23 21:00:00,0.800,1022.300,10.100,323.000,14.500,2.972
2021-01-23 22:00:00,0.600,1022.700,11.800,311.000,13.200,3.077
2021-01-23 23:00:00,0.300,1023.500,11.800,326.000,14.600,2.815
2021-01-24 00:00:00,-0.100,1024.200,11.400,314.000,14.700,2.320
2021-01-24 01:00:00,-0.400,1024.500,13.000,322.000,17.400,1.673
2021-01-24 02:00:00,-0.800,1025.000,11.600,312.000,13.300,0.915
2021-01-24 03:00:00,-1.200,1025.200,9.400,301.000,11.100,0.430
2021-01-24 04:00:00,-1.600,1025.200,9.300,297.000,10.200,0.522
2021-01-24 05:00:00,-2.100,1025.000,8.000,292.000,9.300,0.879
2021-01-24 06:00:00,-2.300,1024.900,8.300,294.000,10.100,1.673
2021-01-24 07:00:00,-2.400,1024.800,8.000,295.000,9.600,2.451
2021-01-24 08:00:00,-3.000,1025.100,6.300,283.000,7.400,3.219
2021-01-24 09:00:00,-3.100,1025.200,6.900,288.000,8.500,3.809
2021-01-24 10:00:00,-3.100,1025.000,6.600,283.000,7.700,3.881
2021-01-24 11:00:00,-2.800,1025.300,9.000,305.000,10.800,3.671
2021-01-24 12:00:00,-2.500,1026.000,9.100,307.000,11.000,3.123
2021-01-24 13:00:00,-2.300,1026.200,10.400,319.000,12.600,2.415
2021-01-24 14:00:00,-2.300,1026.600,11.300,321.000,13.200,1.677
2021-01-24 15:00:00,-2.100,1026.000,9.600,326.000,12.200,0.820
2021-01-24 16:00:00,-1.800,1025.000,8.300,330.000,11.300,0.469
2021-01-24 17:00:00,-0.800,1024.100,8.500,320.000,10.300,0.417
2021-01-24 18:00:00,0.100,1023.800,9.300,311.000,10.900,0.755
2021-01-24 19:00:00,0.800,1023.400,8.400,313.000,9.800,1.214
2021-01-24 20:00:00,1.100,1022.600,6.400,322.000,8.800,1.739
2021-01-24 21:00:00,1.500,1022.200,5.400,312.000,7.000,2.241
2021-01-24 22:00:00,1.600,1022.300,5.000,299.000,6.600,2.530
2021-01-24 23:00:00,1.200,1022.700,5.700,294.000,6.400,2.546
2021-01-25 00:00:00,0.900,1022.900,5.400,284.000,6.200,2.369
2021-01-25 01:00:00,0.700,1022.400,4.600,280.000,5.900,1.686
2021-01-25 02:00:00,0.600,1021.900,3.100,285.000,4.100,0.896
2021-01-25 03:00:00,0.700,1021.900,4.300,288.000,5.000,0.269
2021-01-25 04:00:00,0.900,1022.000,4.300,281.000,5.800,-0.016
2021-01-25 05:00:00,0.900,1021.600,3.500,311.000,4.500,0.131
2021-01-25 06:00:00,1.400,1021.100,3.300,310.000,4.000,0.515
2021-01-25 07:00:00,0.500,1021.100,2.300,253.000,3.100,1.234
2021-01-25 08:00:00,0.600,1020.900,0.300,135.000,1.000,2.241
2021-01-25 09:00:00,0.500,1020.600,1.000,233.000,1.300,3.179
2021-01-25 10:00:00,0.700,1020.800,1.700,250.000,2.400,3.802
2021-01-25 11:00:00,0.900,1020.700,0.600,300.000,0.800,4.062
2021-01-25 12:00:00,1.200,1021.500,1.100,310.000,2.000,3.930
2021-01-25 13:00:00,1.600,1021.400,4.400,54.000,4.700,3.392
2021-01-25 14:00:00,1.700,1021.400,4.500,58.000,5.000,2.556
2021-01-25 15:00:00,1.900,1021.000,3.400,52.000,3.900,1.736
2021-01-25 16:00:00,2.000,1021.100,2.100,55.000,2.500,1.004
2021-01-25 17:00:00,2.100,1020.800,1.300,26.000,1.700,0.814
2021-01-25 18:00:00,2.000,1020.100,2.300,17.000,2.700,1.017
2021-01-25 19:00:00,2.000,1019.200,1.700,22.000,2.400,1.388
2021-01-25 20:00:00,2.200,1018.800,0.700,8.000,1.300,2.119
2021-01-25 21:00:00,2.300,1018.800,2.600,28.000,3.100,2.910
2021-01-25 22:00:00,2.500,1018.400,2.200,39.000,2.400,3.668
2021-01-25 23:00:00,2.800,1018.500,5.600,38.000,6.000,4.213
2021-01-26 00:00:00,3.000,1018.400,2.800,82.000,3.200,4.124
2021-01-26 01:00:00,2.900,1019.900,1.500,263.000,1.700,3.675
2021-01-26 02:00:00,0.900,1019.100,1.700,84.000,2.000,2.949
2021-01-26 03:00:00,1.000,1018.800,3.100,73.000,3.700,2.198
2021-01-26 04:00:00,1.100,1019.000,4.700,54.000,5.400,1.545
2021-01-26 05:00:00,1.200,1018.000,5.100,67.000,5.900,1.306
2021-01-26 06:00:00,1.700,1017.400,6.500,58.000,7.700,1.644
2021-01-26 07:00:00,2.600,1016.600,7.100,82.000,8.000,2.139
2021-01-26 08:00:00,2.900,1016.500,5.600,85.000,6.500,3.100
2021-01-26 09:00:00,3.500,1015.100,5.900,95.000,8.200,4.137
2021-01-26 10:00:00,4.300,1014.300,6.500,95.000,7.800,4.954
2021-01-26 11:00:00,4.700,1013.800,6.200,95.000,8.400,5.433
2021-01-26 12:00:00,4.500,1014.900,3.700,96.000,5.200,5.476
2021-01-26 13:00:00,4.800,1014.300,5.100,98.000,6.400,5.226
2021-01-26 14:00:00,4.800,1013.900,4.600,87.000,5.400,4.475
2021-01-26 15:00:00,5.100,1013.900,5.000,80.000,5.700,3.271
2021-01-26 16:00:00,5.600,1012.600,5.200,94.000,6.100,2.260
2021-01-26 17:00:00,5.900,1011.800,5.500,67.000,6.400,1.670
2021-01-26 18:00:00,6.100,1010.000,4.400,84.000,5.400,1.463
2021-01-26 19:00:00,5.800,1009.700,4.500,80.000,5.300,1.519
2021-01-26 20:00:00,5.900,1009.400,6.100,73.000,6.700,1.952
2021-01-26 21:00:00,6.400,1009.100,3.900,85.000,5.300,2.881
2021-01-26 22:00:00,6.600,1009.000,2.900,95.000,3.200,3.622
2021-01-26 23:00:00,6.200,1009.500,3.400,309.000,3.600,4.275
2021-01-27 00:00:00,5.100,1010.000,5.400,320.000,6.100,4.547
2021-01-27 01:00:00,5.000,1010.200,6.500,326.000,8.200,4.304
2021-01-27 02:00:00,4.700,1011.400,6.900,312.000,8.900,3.720
2021-01-27 03:00:00,4.800,1011.600,5.700,312.000,6.200,2.828
2021-01-27 04:00:00,4.500,1012.000,4.000,303.000,4.600,1.831
2021-01-27 05:00:00,4.100,1012.000,4.200,308.000,5.400,1.299
2021-01-27 06:00:00,4.100,1012.400,3.600,282.000,4.400,1.273
2021-01-27 07:00:00,3.800,1012.900,4.800,281.000,5.300,1.686
2021-01-27 08:00:00,3.400,1013.300,4.000,281.000,5.600,2.411
2021-01-27 09:00:00,3.000,1014.300,5.500,275.000,6.600,3.530
2021-01-27 10:00:00,3.200,1014.400,5.100,283.000,6.000,4.449
2021-01-27 11:00:00,3.000,1014.700,3.800,270.000,5.600,5.217
2021-01-27 12:00:00,3.200,1015.800,5.800,282.000,6.800,5.669
2021-01-27 13:00:00,4.100,1017.200,7.100,306.000,8.300,5.643
2021-01-27 14:00:00,4.400,1018.000,7.600,307.000,8.500,4.987
2021-01-27 15:00:00,4.500,1018.300,6.400,319.000,8.400,4.055
2021-01-27 16:00:00,4.700,1018.400,6.700,313.000,7.400,2.897
2021-01-27 17:00:00,4.600,1017.500,9.800,349.000,11.300,1.860
2021-01-27 18:00:00,4.500,1016.900,9.500,353.000,11.300,1.191
2021-01-27 19:00:00,4.400,1018.000,9.400,344.000,10.800,1.243
2021-01-27 20:00:00,4.500,1018.700,8.900,352.000,9.800,1.463
2021-01-27 21:00:00,4.400,1018.100,9.300,357.000,10.700,2.133
2021-01-27 22:00:00,3.900,1018.900,7.800,7.000,9.000,3.133
2021-01-27 23:00:00,3.800,1019.300,7.800,3.000,9.600,3.960
2021-01-28 00:00:00,3.600,1019.900,7.400,347.000,10.000,4.406
2021-01-28 01:00:00,3.200,1020.000,7.000,20.000,8.000,4.669
2021-01-28 02:00:00,2.700,1019.300,7.000,15.000,9.600,4.209
2021-01-28 03:00:00,2.300,1020.100,7.400,8.000,8.800,3.586
2021-01-28 04:00:00,1.700,1019.900,8.800,7.000,11.300,2.566
2021-01-28 05:00:00,1.400,1019.300,7.800,10.000,8.900,1.788
2021-01-28 06:00:00,1.200,1018.200,9.200,12.000,10.900,1.194
2021-01-28 07:00:00,0.900,1017.000,10.200,17.000,11.600,1.132
2021-01-28 08:00:00,0.900,1018.000,8.500,8.000,11.300,1.795
2021-01-28 09:00:00,0.600,1017.100,11.400,7.000,13.100,2.638
2021-01-28 10:00:00,0.300,1017.200,12.400,4.000,14.900,3.927
2021-01-28 11:00:00,0.600,1018.000,11.900,3.000,14.400,4.783
2021-01-28 12:00:00,0.500,1018.800,14.000,351.000,16.400,5.702
2021-01-28 13:00:00,0.000,1018.900,15.500,345.000,18.000,5.902
2021-01-28 14:00:00,-0.500,1019.400,14.500,358.000,18.000,5.604
2021-01-28 15:00:00,-0.700,1019.700,15.200,339.000,18.800,4.941
2021-01-28 16:00:00,-1.200,1019.600,14.400,330.000,18.100,3.819
2021-01-28 17:00:00,-1.200,1018.900,14.500,332.000,17.500,2.579
2021-01-28 18:00:00,-0.900,1018.800,12.800,331.000,16.100,1.598
2021-01-28 19:00:00,-0.200,1018.700,13.500,334.000,17.400,1.047
2021-01-28 20:00:00,0.300,1019.400,15.100,334.000,17.800,1.076
2021-01-28 21:00:00,0.700,1019.600,15.200,335.000,18.700,1.542
2021-01-28 22:00:00,1.200,1020.500,12.700,334.000,15.400,2.175
2021-01-28 23:00:00,1.000,1021.400,14.400,321.000,16.300,2.933
2021-01-29 00:00:00,0.800,1022.100,13.400,329.000,17.100,3.593
2021-01-29 01:00:00,0.700,1022.600,13.100,330.000,16.800,4.039
2021-01-29 02:00:00,0.200,1022.900,14.300,338.000,17.900,3.963
2021-01-29 03:00:00,-0.300,1023.100,14.100,321.000,16.900,3.704
2021-01-29 04:00:00,-1.500,1023.400,15.500,315.000,18.200,2.884
2021-01-29 05:00:00,-2.300,1023.500,15.400,329.000,19.300,2.126
2021-01-29 06:00:00,-2.600,1023.300,17.000,334.000,23.200,1.161
2021-01-29 07:00:00,-2.700,1023.100,14.000,323.000,17.700,0.453
2021-01-29 08:00:00,-2.700,1023.000,11.400,329.000,15.900,0.387
2021-01-29 09:00:00,-3.400,1022.800,9.300,301.000,10.600,1.001
2021-01-29 10:00:00,-3.000,1022.500,13.100,305.000,16.100,2.060
2021-01-29 11:00:00,-3.100,1022.700,12.200,301.000,14.200,3.143
2021-01-29 12:00:00,-3.100,1023.200,12.600,306.000,15.200,4.154
2021-01-29 13:00:00,-2.500,1023.600,12.300,327.000,17.100,5.020
2021-01-29 14:00:00,-2.600,1023.600,12.300,328.000,18.500,5.010
2021-01-29 15:00:00,-2.300,1023.400,15.800,331.000,21.700,4.577
2021-01-29 16:00:00,-2.100,1023.200,12.700,329.000,17.300,3.622
2021-01-29 17:00:00,-2.200,1022.600,14.000,326.000,16.800,2.503
2021-01-29 18:00:00,-1.900,1021.900,13.700,327.000,16.300,1.083
2021-01-29 19:00:00,-1.600,1021.500,15.000,326.000,19.000,0.282
2021-01-29 20:00:00,-0.900,1021.900,13.800,318.000,18.000,-0.118
2021-01-29 21:00:00,-1.000,1022.200,14.200,324.000,18.900,0.056
2021-01-29 22:00:00,-0.700,1022.800,12.600,321.000,16.200,0.564
2021-01-29 23:00:00,-0.800,1023.500,10.100,330.000,13.600,1.483
2021-01-30 00:00:00,-1.000,1024.000,9.700,331.000,12.300,2.533
2021-01-30 01:00:00,-0.900,1024.300,11.700,335.000,13.800,3.497
2021-01-30 02:00:00,-1.100,1024.500,12.200,338.000,15.700,4.012
2021-01-30 03:00:00,-1.400,1024.800,10.300,5.000,12.900,4.094
2021-01-30 04:00:00,-1.900,1025.500,10.400,350.000,12.000,3.510
2021-01-30 05:00:00,-2.300,1025.500,10.200,334.000,13.400,2.556
2021-01-30 06:00:00,-2.200,1025.700,8.400,342.000,11.700,1.490
2021-01-30 07:00:00,-3.000,1026.100,8.500,356.000,10.100,0.577
2021-01-30 08:00:00,-3.000,1026.200,7.500,342.000,8.800,0.348
2021-01-30 09:00:00,-3.500,1026.100,5.700,4.000,7.700,0.860
2021-01-30 10:00:00,-3.700,1026.700,3.800,9.000,6.000,1.565
2021-01-30 11:00:00,-3.600,1027.000,4.200,348.000,6.200,2.680
2021-01-30 12:00:00,-3.100,1027.200,3.800,4.000,4.800,3.983
2021-01-30 13:00:00,-3.800,1027.600,2.200,274.000,2.700,5.135
2021-01-30 14:00:00,-3.200,1028.200,4.800,293.000,5.500,5.856
2021-01-30 15:00:00,-2.500,1028.200,5.100,325.000,6.400,5.978
2021-01-30 16:00:00,-2.200,1028.400,6.100,338.000,7.700,5.387
2021-01-30 17:00:00,-1.500,1027.800,6.600,335.000,8.300,4.432
2021-01-30 18:00:00,-1.100,1027.500,7.000,341.000,8.300,3.048
2021-01-30 19:00:00,-0.500,1026.500,6.100,353.000,7.100,1.768
2021-01-30 20:00:00,0.000,1026.300,5.800,12.000,6.900,0.889
2021-01-30 21:00:00,1.400,1026.500,0.800,169.000,5.300,0.722
2021-01-30 22:00:00,1.000,1026.600,2.700,6.000,3.900,1.325
2021-01-30 23:00:00,1.100,1026.900,2.600,323.000,3.500,2.136
2021-01-31 00:00:00,-0.100,1027.600,1.800,254.000,2.500,3.133
2021-01-31 01:00:00,-1.100,1027.900,2.500,260.000,3.500,4.167
2021-01-31 02:00:00,-1.400,1027.800,2.000,223.000,2.600,4.839
2021-01-31 03:00:00,-1.800,1027.500,3.000,220.000,3.400,5.075
2021-01-31 04:00:00,-1.700,1027.300,2.200,239.000,3.000,4.846
2021-01-31 05:00:00,-1.500,1027.300,1.800,229.000,2.300,4.091
2021-01-31 06:00:00,-1.300,1026.600,0.400,193.000,0.900,2.982
2021-01-31 07:00:00,-0.900,1026.800,1.100,241.000,1.300,1.814
2021-01-31 08:00:00,-0.200,1027.500,2.500,241.000,2.900,0.948
2021-01-31 09:00:00,-0.800,1026.400,1.400,179.000,1.600,0.696
2021-01-31 10:00:00,-0.700,1027.100,2.000,225.000,2.400,1.112
2021-01-31 11:00:00,-0.700,1026.300,0.700,157.000,1.200,1.821
2021-01-31 12:00:00,-0.800,1025.900,1.600,214.000,2.200,2.963
2021-01-31 13:00:00,-1.000,1025.600,1.900,197.000,2.900,4.147
2021-01-31 14:00:00,-0.300,1025.400,1.400,212.000,2.200,5.190
2021-01-31 15:00:00,0.100,1025.300,2.700,159.000,4.100,5.627
2021-01-31 16:00:00,-0.100,1025.200,1.600,151.000,2.200,5.456
2021-01-31 17:00:00,0.500,1023.800,2.600,117.000,3.500,4.692
2021-01-31 18:00:00,0.900,1022.900,3.900,114.000,5.400,3.793
2021-01-31 19:00:00,0.500,1021.700,4.800,100.000,6.300,2.329
2021-01-31 20:00:00,0.300,1020.600,7.800,89.000,10.100,1.204
2021-01-31 21:00:00,0.600,1019.000,10.900,94.000,12.600,0.646
2021-01-31 22:00:00,1.000,1017.300,12.800,89.000,15.900,1.056
2021-01-31 23:00:00,2.000,1016.500,13.500,95.000,15.400,1.798
2021-02-01 00:00:00,3.300,1015.800,12.100,94.000,14.200,2.812
2021-02-01 01:00:00,3.800,1014.400,12.400,96.000,16.300,4.114
2021-02-01 02:00:00,4.200,1013.600,11.400,99.000,14.900,5.220
2021-02-01 03:00:00,4.700,1012.300,10.800,90.000,13.200,5.892
2021-02-01 04:00:00,5.300,1010.700,11.300,87.000,15.100,6.148
2021-02-01 05:00:00,5.400,1009.900,12.800,80.000,14.300,5.807
2021-02-01 06:00:00,4.900,1008.000,15.800,67.000,18.300,5.141
2021-02-01 07:00:00,5.300,1006.600,17.700,65.000,20.900,4.114
2021-02-01 08:00:00,5.400,1005.600,16.400,63.000,20.200,3.110
2021-02-01 09:00:00,5.300,1004.500,17.700,64.000,20.000,2.569
2021-02-01 10:00:00,5.600,1004.500,17.100,60.000,19.100,2.562
2021-02-01 11:00:00,5.800,1004.400,15.000,60.000,19.200,2.835
2021-02-01 12:00:00,5.500,1004.200,15.700,52.000,19.000,3.553
2021-02-01 13:00:00,5.400,1003.600,16.800,52.000,20.700,4.659
2021-02-01 14:00:00,5.900,1002.900,15.800,51.000,19.000,5.807
2021-02-01 15:00:00,5.800,1002.400,14.600,46.000,18.000,6.752
2021-02-01 16:00:00,5.800,1002.500,14.800,38.000,19.000,7.238
2021-02-01 17:00:00,4.500,1002.900,11.300,351.000,12.800,7.073
2021-02-01 18:00:00,3.800,1002.200,11.400,9.000,14.000,6.424
2021-02-01 19:00:00,2.900,1002.000,10.800,358.000,13.900,5.413
2021-02-01 20:00:00,2.000,1001.500,13.100,347.000,16.000,4.341
2021-02-01 21:00:00,2.100,1002.200,12.400,360.000,15.300,3.435
2021-02-01 22:00:00,1.900,1002.600,12.500,351.000,13.900,3.015
2021-02-01 23:00:00,1.300,1002.400,12.700,341.000,14.500,2.933
2021-02-02 00:00:00,1.400,1002.300,12.200,340.000,14.400,3.268
2021-02-02 01:00:00,1.400,1001.900,12.500,337.000,15.800,4.068
2021-02-02 02:00:00,1.300,1001.400,12.300,341.000,14.800,5.049
2021-02-02 03:00:00,1.100,1001.200,9.800,333.000,12.900,5.942
2021-02-02 04:00:00,1.400,1000.600,10.800,326.000,12.900,6.624
2021-02-02 05:00:00,1.600,1000.400,11.500,339.000,13.200,6.844
2021-02-02 06:00:00,1.400,999.900,11.100,335.000,13.300,6.493
2021-02-02 07:00:00,1.400,999.500,11.800,343.000,13.100,5.866
2021-02-02 08:00:00,1.400,999.100,11.700,334.000,13.500,4.856
2021-02-02 09:00:00,1.400,998.800,11.600,344.000,14.200,3.845
2021-02-02 10:00:00,1.700,998.900,12.600,343.000,14.900,3.058
2021-02-02 11:00:00,1.500,998.700,11.300,338.000,13.400,2.815
2021-02-02 12:00:00,0.900,998.700,12.000,327.000,13.500,3.238
2021-02-02 13:00:00,1.200,998.900,12.500,336.000,13.700,3.855
2021-02-02 14:00:00,0.600,998.800,11.400,327.000,13.900,4.843
2021-02-02 15:00:00,0.700,998.700,12.700,336.000,14.200,5.791
2021-02-02 16:00:00,0.900,998.400,11.800,333.000,14.400,6.470
2021-02-02 17:00:00,1.100,997.100,13.200,337.000,14.700,6.778
2021-02-02 18:00:00,1.400,996.700,11.800,332.000,14.700,6.512
2021-02-02 19:00:00,1.700,996.600,12.200,329.000,14.300,5.745
2021-02-02 20:00:00,1.900,996.900,9.400,321.000,11.400,4.669
2021-02-02 21:00:00,2.300,996.900,5.000,326.000,10.000,3.386
2021-02-02 22:00:00,1.600,997.400,10.000,310.000,11.500,2.533
2021-02-02 23:00:00,0.900,998.100,11.000,307.000,12.500,2.133
2021-02-03 00:00:00,0.700,998.400,13.000,314.000,16.100,2.280
2021-02-03 01:00:00,0.400,998.900,12.500,315.000,14.900,2.740
2021-02-03 02:00:00,-0.200,999.100,13.000,315.000,14.700,3.520
2021-02-03 03:00:00,-0.200,999.300,12.700,311.000,14.000,4.495
2021-02-03 04:00:00,-0.500,999.500,11.000,303.000,12.200,5.394
2021-02-03 05:00:00,-0.500,999.400,9.800,303.000,11.900,5.863
2021-02-03 06:00:00,-0.400,999.400,10.800,307.000,12.800,5.945
2021-02-03 07:00:00,-0.600,999.700,10.100,302.000,12.500,5.554
2021-02-03 08:00:00,-0.500,999.700,9.400,297.000,10.600,4.715
2021-02-03 09:00:00,-0.400,999.800,9.400,296.000,10.600,3.724
2021-02-03 10:00:00,-0.400,999.900,9.100,300.000,10.000,2.772
2021-02-03 11:00:00,0.000,1000.400,8.100,299.000,9.300,2.100
2021-02-03 12:00:00,0.600,1000.900,7.300,303.000,9.200,2.001
2021-02-03 13:00:00,0.900,1001.500,7.500,297.000,8.400,2.356
2021-02-03 14:00:00,1.500,1001.900,10.800,307.000,12.200,3.225
2021-02-03 15:00:00,1.600,1002.300,10.900,309.000,13.400,4.216
2021-02-03 16:00:00,2.100,1002.500,9.700,320.000,11.200,5.033
2021-02-03 17:00:00,2.300,1002.000,3.900,358.000,12.800,5.594
2021-02-03 18:00:00,2.500,1002.000,10.700,318.000,12.900,5.745
2021-02-03 19:00:00,2.600,1002.400,10.800,308.000,13.100,5.348
2021-02-03 20:00:00,2.400,1003.100,11.500,301.000,13.300,4.419
2021-02-03 21:00:00,2.200,1003.700,13.200,304.000,15.300,3.369
2021-02-03 22:00:00,1.900,1004.900,14.900,309.000,17.100,2.313
2021-02-03 23:00:00,1.900,1006.000,9.300,320.000,11.400,1.378
2021-02-04 00:00:00,2.100,1006.600,7.400,313.000,9.000,1.047
2021-02-04 01:00:00,2.100,1007.200,6.700,313.000,7.800,1.322
2021-02-04 02:00:00,1.900,1008.100,5.100,300.000,6.400,2.041
2021-02-04 03:00:00,2.900,1008.700,10.400,341.000,12.000,3.156
2021-02-04 04:00:00,2.800,1009.200,8.400,334.000,9.100,4.144
2021-02-04 05:00:00,2.600,1009.700,6.200,313.000,7.500,4.869
2021-02-04 06:00:00,2.100,1010.000,4.400,281.000,5.000,5.180
2021-02-04 07:00:00,1.900,1010.600,6.300,284.000,7.000,5.180
2021-02-04 08:00:00,1.500,1011.300,7.000,293.000,8.700,4.829
2021-02-04 09:00:00,0.900,1012.100,7.400,285.000,8.600,4.006
2021-02-04 10:00:00,0.700,1012.300,7.900,289.000,9.000,2.687
2021-02-04 11:00:00,0.200,1013.000,8.100,285.000,9.900,1.434
2021-02-04 12:00:00,-0.200,1014.100,8.400,283.000,9.300,0.781
2021-02-04 13:00:00,0.000,1014.900,7.800,288.000,8.900,0.702
2021-02-04 14:00:00,0.700,1015.100,8.900,292.000,11.000,1.234
2021-02-04 15:00:00,1.300,1015.200,9.300,305.000,11.000,1.975
2021-02-04 16:00:00,1.900,1015.300,8.800,311.000,10.700,2.858
2021-02-04 17:00:00,2.500,1014.600,7.900,324.000,8.700,3.701
2021-02-04 18:00:00,3.200,1014.200,6.300,326.000,8.400,4.259
2021-02-04 19:00:00,3.800,1014.000,4.500,333.000,5.700,4.396
2021-02-04 20:00:00,4.300,1013.900,4.800,339.000,5.700,4.045
2021-02-04 21:00:00,4.900,1014.000,3.500,314.000,6.000,3.232
2021-02-04 22:00:00,5.800,1014.400,5.200,285.000,6.200,2.503
2021-02-04 23:00:00,4.500,1014.700,2.500,261.000,2.900,1.677
2021-02-05 00:00:00,3.800,1014.600,2.500,237.000,3.000,0.942
2021-02-05 01:00:00,3.100,1015.000,1.900,203.000,3.200,0.758
2021-02-05 02:00:00,2.900,1014.700,2.100,206.000,3.100,1.017
2021-02-05 03:00:00,2.800,1014.400,2.600,193.000,3.600,1.634
2021-02-05 04:00:00,2.800,1013.500,3.100,176.000,4.600,2.782
2021-02-05 05:00:00,3.000,1013.000,2.500,175.000,4.200,3.921
2021-02-05 06:00:00,4.400,1011.800,3.900,173.000,5.500,4.767
2021-02-05 07:00:00,4.700,1011.300,2.500,166.000,5.300,5.213
2021-02-05 08:00:00,5.200,1010.300,3.600,130.000,5.600,5.066
2021-02-05 09:00:00,6.000,1009.400,3.900,194.000,6.400,4.616
2021-02-05 10:00:00,6.200,1008.600,5.000,177.000,7.200,3.658
2021-02-05 11:00:00,6.300,1008.000,5.400,180.000,6.900,2.546
2021-02-05 12:00:00,6.400,1009.100,4.500,226.000,6.700,1.647
2021-02-05 13:00:00,5.600,1008.100,3.100,210.000,7.300,0.945
2021-02-05 14:00:00,6.200,1007.500,4.900,216.000,8.900,0.709
2021-02-05 15:00:00,7.300,1006.800,6.100,221.000,9.200,1.004
2021-02-05 16:00:00,9.200,1006.200,3.200,220.000,9.000,1.795
2021-02-05 17:00:00,9.500,1005.300,3.800,245.000,9.300,2.694
2021-02-05 18:00:00,9.500,1004.500,5.900,242.000,8.100,3.465
2021-02-05 19:00:00,9.700,1003.900,7.000,261.000,8.600,3.947
2021-02-05 20:00:00,10.400,1003.900,4.700,247.000,7.100,3.858
2021-02-05 21:00:00,10.200,1004.300,3.300,261.000,6.800,3.593
2021-02-05 22:00:00,9.400,1004.200,2.800,224.000,4.700,3.146
2021-02-05 23:00:00,8.500,1005.500,2.100,226.000,3.600,2.287
2021-02-06 00:00:00,7.700,1006.400,2.100,212.000,3.600,1.319
2021-02-06 01:00:00,7.100,1006.500,3.000,216.000,4.300,0.732
2021-02-06 02:00:00,6.900,1008.000,4.400,266.000,5.300,0.564
2021-02-06 03:00:00,6.000,1009.800,3.700,279.000,4.500,0.981
2021-02-06 04:00:00,5.700,1010.900,5.200,294.000,7.100,1.706
2021-02-06 05:00:00,4.700,1011.500,4.300,288.000,5.200,2.710
2021-02-06 06:00:00,4.600,1012.500,4.900,295.000,5.400,3.757
2021-02-06 07:00:00,3.800,1013.400,2.500,287.000,5.000,4.531
2021-02-06 08:00:00,3.700,1014.000,3.500,305.000,4.000,5.075
2021-02-06 09:00:00,2.000,1014.400,2.300,208.000,3.600,5.171
2021-02-06 10:00:00,1.700,1015.600,2.600,233.000,3.700,4.685
2021-02-06 11:00:00,1.700,1016.100,2.100,201.000,3.300,3.727
2021-02-06 12:00:00,1.900,1017.200,2.600,203.000,3.800,2.759
2021-02-06 13:00:00,3.300,1018.400,3.100,218.000,4.700,1.745
2021-02-06 14:00:00,5.200,1019.100,4.100,224.000,6.200,0.869
2021-02-06 15:00:00,6.100,1019.500,3.700,231.000,5.700,0.715
2021-02-06 16:00:00,9.100,1019.700,3.300,242.000,6.300,0.751
2021-02-06 17:00:00,9.700,1019.500,3.800,230.000,8.000,1.158
2021-02-06 18:00:00,8.900,1019.100,6.900,268.000,9.700,1.900
2021-02-06 19:00:00,9.400,1019.400,7.700,252.000,10.700,2.644
2021-02-06 20:00:00,9.700,1019.800,6.200,266.000,10.000,2.992
2021-02-06 21:00:00,9.900,1020.200,1.400,275.000,9.100,3.120
2021-02-06 22:00:00,9.000,1021.000,4.800,247.000,6.100,2.976
2021-02-06 23:00:00,8.200,1021.100,1.200,203.000,2.000,2.408
2021-02-07 00:00:00,7.200,1021.700,1.400,169.000,1.500,1.506
2021-02-07 01:00:00,7.200,1021.400,2.100,188.000,2.500,0.607
2021-02-07 02:00:00,6.300,1021.700,2.900,156.000,3.500,-0.203
2021-02-07 03:00:00,6.400,1021.300,2.400,161.000,3.100,-0.338
2021-02-07 04:00:00,6.200,1020.400,2.100,160.000,3.200,0.115
2021-02-07 05:00:00,5.700,1019.400,2.200,165.000,2.900,0.787
2021-02-07 06:00:00,5.700,1019.100,2.500,173.000,3.200,1.890
2021-02-07 07:00:00,5.600,1019.200,1.300,184.000,1.600,3.100
2021-02-07 08:00:00,5.700,1017.200,1.800,145.000,3.300,4.078
2021-02-07 09:00:00,5.700,1016.300,1.500,148.000,2.400,4.734
2021-02-07 10:00:00,6.500,1015.400,2.300,99.000,3.200,4.774
2021-02-07 11:00:00,6.500,1014.300,2.200,114.000,3.200,4.537
2021-02-07 12:00:00,5.300,1012.200,5.200,117.000,7.300,3.714
2021-02-07 13:00:00,4.800,1012.300,3.300,70.000,4.900,2.799
2021-02-07 14:00:00,4.400,1011.800,6.300,9.000,7.300,1.768
2021-02-07 15:00:00,4.000,1010.300,9.300,10.000,10.500,1.253
2021-02-07 16:00:00,2.300,1010.300,10.900,4.000,13.900,1.129
2021-02-07 17:00:00,2.100,1008.900,9.700,7.000,11.700,0.925
2021-02-07 18:00:00,1.400,1008.900,10.200,343.000,12.100,1.601
2021-02-07 19:00:00,1.900,1008.700,11.400,344.000,13.900,2.536
2021-02-07 20:00:00,2.000,1009.800,12.000,339.000,15.600,3.291
2021-02-07 21:00:00,2.700,1010.900,9.900,354.000,12.700,3.894
2021-02-07 22:00:00,2.800,1012.400,8.700,326.000,11.000,4.209
2021-02-07 23:00:00,2.600,1013.700,9.400,310.000,10.700,4.186
2021-02-08 00:00:00,2.400,1015.200,5.000,293.000,5.700,3.707
2021-02-08 01:00:00,2.200,1017.200,5.300,281.000,5.900,2.638
2021-02-08 02:00:00,1.800,1018.900,5.600,287.000,6.700,1.926
2021-02-08 03:00:00,1.800,1020.000,7.300,301.000,8.400,1.115
2021-02-08 04:00:00,1.400,1021.100,10.000,309.000,11.500,0.692
2021-02-08 05:00:00,0.700,1022.000,8.800,308.000,11.200,0.531
2021-02-08 06:00:00,0.200,1023.500,9.400,304.000,11.000,1.273
2021-02-08 07:00:00,-0.400,1025.000,8.700,313.000,11.100,2.228
2021-02-08 08:00:00,-0.400,1025.800,10.800,327.000,13.800,3.537
2021-02-08 09:00:00,-1.000,1026.800,10.500,341.000,12.600,4.396
2021-02-08 10:00:00,-1.600,1027.900,11.000,347.000,12.900,4.964
2021-02-08 11:00:00,-2.100,1028.300,9.300,7.000,11.500,5.098
2021-02-08 12:00:00,-2.600,1029.500,10.400,4.000,11.700,4.783
2021-02-08 13:00:00,-2.500,1030.400,10.300,352.000,12.100,3.868
2021-02-08 14:00:00,-3.200,1031.300,6.000,14.000,7.300,2.723
2021-02-08 15:00:00,-3.300,1031.600,4.800,17.000,5.800,1.660
2021-02-08 16:00:00,-3.200,1032.500,3.200,357.000,3.800,0.902
2021-02-08 17:00:00,-2.500,1031.900,1.000,350.000,2.600,0.525
2021-02-08 18:00:00,-2.500,1031.400,2.600,23.000,3.100,0.630
2021-02-08 19:00:00,-2.200,1031.000,2.800,43.000,3.300,1.293
2021-02-08 20:00:00,-1.600,1030.700,3.100,51.000,3.900,1.850
2021-02-08 21:00:00,-0.300,1030.600,3.000,127.000,5.400,2.782
2021-02-08 22:00:00,-0.700,1030.700,3.200,158.000,5.800,3.560
2021-02-08 23:00:00,-0.800,1030.600,2.300,164.000,3.700,3.917
2021-02-09 00:00:00,-0.900,1030.600,1.600,161.000,2.400,3.766
2021-02-09 01:00:00,-0.800,1030.400,2.000,156.000,2.200,3.156
2021-02-09 02:00:00,-0.700,1030.300,1.600,167.000,2.100,2.303
2021-02-09 03:00:00,-0.100,1030.200,2.000,156.000,2.400,1.250
2021-02-09 04:00:00,0.200,1030.100,0.700,137.000,0.800,0.492
2021-02-09 05:00:00,0.900,1028.800,2.500,141.000,3.400,0.230
2021-02-09 06:00:00,2.100,1028.300,3.200,139.000,4.400,0.614
2021-02-09 07:00:00,3.100,1028.200,1.500,92.000,1.800,1.381
2021-02-09 08:00:00,3.600,1027.300,2.400,100.000,3.400,2.365
2021-02-09 09:00:00,3.600,1026.100,3.600,76.000,5.000,3.629
2021-02-09 10:00:00,3.900,1025.400,3.900,73.000,5.800,4.623
2021-02-09 11:00:00,4.000,1024.900,3.800,45.000,4.600,5.167
2021-02-09 12:00:00,4.100,1024.400,5.700,76.000,7.100,5.285
2021-02-09 13:00:00,4.300,1023.700,6.100,94.000,7.100,4.806
2021-02-09 14:00:00,4.100,1023.500,4.300,58.000,5.200,3.885
2021-02-09 15:00:00,5.000,1022.200,5.300,108.000,7.200,2.621
2021-02-09 16:00:00,5.500,1021.500,0.700,114.000,1.400,1.375
2021-02-09 17:00:00,6.900,1020.000,1.100,171.000,2.100,0.512
2021-02-09 18:00:00,8.300,1018.700,2.100,226.000,3.500,0.308
2021-02-09 19:00:00,8.800,1017.800,1.800,301.000,3.200,0.584
2021-02-09 20:00:00,3.800,1018.200,5.800,8.000,7.100,1.378
2021-02-09 21:00:00,3.200,1019.200,9.700,345.000,11.600,2.234
2021-02-09 22:00:00,3.400,1019.900,6.800,344.000,8.000,3.153
2021-02-09 23:00:00,3.500,1020.900,6.300,348.000,7.300,3.816
2021-02-10 00:00:00,3.600,1021.400,5.600,5.000,6.500,3.760
2021-02-10 01:00:00,3.600,1021.900,4.800,343.000,5.500,3.609
2021-02-10 02:00:00,3.400,1022.200,4.400,337.000,5.500,2.995
2021-02-10 03:00:00,3.200,1022.900,6.400,349.000,7.800,2.060
2021-02-10 04:00:00,2.900,1023.300,6.800,6.000,8.400,1.122
2021-02-10 05:00:00,2.600,1023.900,7.400,5.000,8.900,0.282
2021-02-10 06:00:00,2.600,1024.100,7.900,4.000,10.000,0.072
2021-02-10 07:00:00,2.300,1024.500,8.000,5.000,9.300,0.554
2021-02-10 08:00:00,2.200,1025.000,6.600,8.000,7.700,1.476
2021-02-10 09:00:00,1.800,1025.500,6.500,23.000,7.100,2.539
2021-02-10 10:00:00,1.400,1026.400,5.900,26.000,7.100,3.839
2021-02-10 11:00:00,0.900,1027.200,6.700,30.000,7.200,4.806
2021-02-10 12:00:00,0.700,1027.800,5.800,36.000,7.300,5.358
2021-02-10 13:00:00,0.300,1028.100,5.900,58.000,6.600,5.328
2021-02-10 14:00:00,0.100,1029.400,3.900,43.000,5.300,4.774
2021-02-10 15:00:00,-0.100,1029.600,4.800,40.000,5.800,3.766
2021-02-10 16:00:00,-0.300,1029.300,3.100,48.000,3.900,2.503
2021-02-10 17:00:00,0.200,1029.000,2.800,22.000,3.500,1.125
2021-02-10 18:00:00,0.400,1028.100,3.000,13.000,4.400,0.354
2021-02-10 19:00:00,0.500,1027.100,3.900,27.000,4.800,0.043
2021-02-10 20:00:00,0.800,1027.300,2.700,352.000,3.200,0.390
2021-02-10 21:00:00,1.200,1027.200,1.400,54.000,1.800,1.207
2021-02-10 22:00:00,1.300,1026.800,2.400,95.000,3.200,2.195
2021-02-10 23:00:00,1.200,1026.600,1.600,144.000,2.600,3.051
2021-02-11 00:00:00,1.300,1026.200,2.200,141.000,4.000,3.688
2021-02-11 01:00:00,1.700,1025.700,1.700,149.000,2.500,3.967
2021-02-11 02:00:00,1.800,1025.600,0.200,166.000,0.800,3.661
2021-02-11 03:00:00,1.000,1025.500,0.900,94.000,1.200,2.946
2021-02-11 04:00:00,1.400,1024.900,1.400,107.000,1.700,1.906
2021-02-11 05:00:00,1.700,1024.700,2.700,85.000,3.400,0.928
2021-02-11 06:00:00,1.500,1023.300,4.300,89.000,5.000,0.144
2021-02-11 07:00:00,1.300,1022.800,4.300,83.000,5.300,0.148
2021-02-11 08:00:00,1.400,1022.300,4.800,90.000,5.400,0.876
2021-02-11 09:00:00,1.400,1021.500,5.300,96.000,6.700,1.850
2021-02-11 10:00:00,1.700,1021.900,6.400,68.000,7.500,2.979
2021-02-11 11:00:00,1.600,1021.700,7.700,59.000,8.800,4.327
2021-02-11 12:00:00,1.800,1022.000,8.200,61.000,9.200,5.308
2021-02-11 13:00:00,1.900,1022.600,8.600,54.000,9.600,5.722
2021-02-11 14:00:00,1.700,1023.000,7.500,45.000,8.900,5.640
2021-02-11 15:00:00,1.400,1022.700,8.000,54.000,8.700,4.902
2021-02-11 16:00:00,1.500,1023.100,7.500,43.000,8.200,3.911
2021-02-11 17:00:00,1.200,1023.000,6.600,25.000,7.600,2.490
2021-02-11 18:00:00,1.100,1022.800,7.500,21.000,8.600,1.398
2021-02-11 19:00:00,1.300,1022.800,7.300,27.000,9.000,0.669
2021-02-11 20:00:00,1.200,1022.600,9.200,28.000,10.000,0.568
2021-02-11 21:00:00,1.200,1023.800,6.900,22.000,8.000,1.007
2021-02-11 22:00:00,0.800,1024.600,6.300,15.000,7.800,1.831
2021-02-11 23:00:00,0.800,1024.900,6.700,25.000,7.400,2.759
2021-02-12 00:00:00,0.800,1025.300,6.000,28.000,7.500,3.694
2021-02-12 01:00:00,0.800,1025.600,7.600,29.000,9.400,4.180
2021-02-12 02:00:00,0.700,1026.200,8.200,31.000,9.200,4.295
2021-02-12 03:00:00,0.800,1026.500,7.300,31.000,8.700,3.881
2021-02-12 04:00:00,0.800,1026.500,7.100,37.000,8.200,3.130
2021-02-12 05:00:00,0.700,1026.200,6.400,25.000,8.300,1.946
2021-02-12 06:00:00,0.400,1026.300,8.000,23.000,9.200,0.928
2021-02-12 07:00:00,0.000,1026.500,9.000,30.000,10.100,0.207
2021-02-12 08:00:00,0.000,1025.700,7.800,39.000,9.800,0.243
2021-02-12 09:00:00,-0.700,1025.100,8.300,42.000,9.700,0.951
2021-02-12 10:00:00,-0.900,1025.600,9.500,41.000,10.600,1.824
2021-02-12 11:00:00,-1.400,1025.900,9.300,44.000,10.800,3.025
2021-02-12 12:00:00,-1.400,1026.600,8.400,50.000,9.400,4.209
2021-02-12 13:00:00,-1.500,1026.800,8.100,58.000,9.100,5.039
2021-02-12 14:00:00,-1.400,1027.100,7.600,55.000,9.000,5.295
2021-02-12 15:00:00,-1.300,1027.200,7.600,52.000,8.500,5.056
2021-02-12 16:00:00,-0.300,1026.900,7.300,64.000,8.200,4.301
2021-02-12 17:00:00,-0.200,1026.800,7.100,62.000,8.200,3.061
2021-02-12 18:00:00,-0.300,1026.200,7.200,52.000,7.800,1.913
2021-02-12 19:00:00,0.300,1025.400,6.900,53.000,7.900,0.791
2021-02-12 20:00:00,0.600,1025.600,6.700,52.000,8.300,0.213
2021-02-12 21:00:00,0.000,1025.300,7.800,56.000,8.800,0.266
2021-02-12 22:00:00,-0.100,1025.700,7.600,50.000,8.600,0.961
2021-02-12 23:00:00,-0.200,1025.500,7.300,55.000,8.300,1.932
2021-02-13 00:00:00,-0.200,1025.800,7.700,49.000,8.800,2.979
2021-02-13 01:00:00,-0.200,1026.300,7.100,49.000,7.800,3.829
2021-02-13 02:00:00,-0.200,1026.100,7.100,57.000,7.800,4.160
2021-02-13 03:00:00,0.000,1026.100,7.300,48.000,8.300,4.108
2021-02-13 04:00:00,0.300,1026.300,6.900,30.000,8.100,3.622
2021-02-13 05:00:00,0.300,1026.000,7.300,36.000,8.300,2.779
2021-02-13 06:00:00,0.200,1025.500,7.200,33.000,8.800,1.588
2021-02-13 07:00:00,0.300,1025.100,7.100,35.000,7.800,0.584
2021-02-13 08:00:00,0.100,1024.800,6.400,35.000,7.500,0.154
2021-02-13 09:00:00,0.200,1024.900,7.400,25.000,8.000,0.509
2021-02-13 10:00:00,0.100,1024.900,7.900,30.000,9.300,1.165
2021-02-13 11:00:00,-0.100,1024.700,8.200,35.000,9.500,2.129
2021-02-13 12:00:00,0.500,1024.400,6.900,59.000,7.800,3.366
2021-02-13 13:00:00,0.600,1024.800,8.200,45.000,8.900,4.449
2021-02-13 14:00:00,1.100,1024.800,8.000,46.000,9.600,5.253
2021-02-13 15:00:00,1.500,1023.900,8.800,59.000,9.900,5.420
2021-02-13 16:00:00,2.200,1023.800,11.000,58.000,12.400,5.013
2021-02-13 17:00:00,2.400,1023.100,11.200,65.000,12.500,4.278
2021-02-13 18:00:00,1.700,1022.500,10.000,55.000,11.900,3.284
2021-02-13 19:00:00,1.500,1022.000,9.500,45.000,11.800,2.178
2021-02-13 20:00:00,0.800,1021.900,9.000,39.000,10.400,1.332
2021-02-13 21:00:00,0.800,1021.200,10.300,51.000,11.700,0.965
2021-02-13 22:00:00,1.000,1020.900,10.700,53.000,12.100,1.368
2021-02-13 23:00:00,1.300,1020.800,9.900,51.000,11.600,2.139
2021-02-14 00:00:00,1.500,1020.500,9.500,46.000,10.900,3.114
2021-02-14 01:00:00,1.700,1020.100,8.400,40.000,9.800,4.144
2021-02-14 02:00:00,1.700,1020.500,7.400,38.000,8.000,4.846
2021-02-14 03:00:00,1.200,1020.500,10.100,8.000,11.800,5.210
2021-02-14 04:00:00,0.200,1019.900,8.700,17.000,10.700,5.013
2021-02-14 05:00:00,0.000,1020.200,7.500,14.000,8.700,4.347
2021-02-14 06:00:00,0.000,1020.600,8.600,10.000,10.500,3.527
2021-02-14 07:00:00,-0.500,1020.400,7.500,14.000,8.800,2.293
2021-02-14 08:00:00,-0.200,1020.200,6.400,17.000,7.400,1.358
2021-02-14 09:00:00,0.300,1020.600,7.000,11.000,8.000,1.289
2021-02-14 10:00:00,0.200,1021.000,5.700,13.000,6.800,1.470
2021-02-14 11:00:00,0.300,1021.400,6.200,5.000,7.800,2.139
2021-02-14 12:00:00,-0.200,1022.300,6.300,2.000,8.000,3.094
2021-02-14 13:00:00,-0.300,1023.500,7.700,344.000,9.100,4.081
2021-02-14 14:00:00,-0.400,1023.900,5.200,2.000,6.700,4.888
2021-02-14 15:00:00,-0.200,1024.200,5.400,358.000,6.800,5.308
2021-02-14 16:00:00,0.300,1024.300,4.500,0.000,5.900,5.203
2021-02-14 17:00:00,0.500,1023.900,5.500,355.000,6.500,4.692
2021-02-14 18:00:00,0.700,1024.100,6.000,336.000,7.500,3.868
2021-02-14 19:00:00,0.600,1023.900,6.800,338.000,7.700,2.736
2021-02-14 20:00:00,0.800,1023.500,7.200,340.000,8.100,1.673
2021-02-14 21:00:00,1.100,1023.500,5.900,357.000,7.700,0.974
2021-02-14 22:00:00,1.600,1023.700,5.500,21.000,6.000,0.978
2021-02-14 23:00:00,1.700,1023.600,6.000,25.000,6.600,1.486
2021-02-15 00:00:00,1.800,1024.300,4.500,36.000,5.200,2.231
2021-02-15 01:00:00,2.100,1024.000,5.100,18.000,6.100,3.248
2021-02-15 02:00:00,2.000,1023.200,5.700,38.000,7.400,4.137
2021-02-15 03:00:00,1.900,1023.700,5.200,34.000,6.100,4.701
2021-02-15 04:00:00,1.800,1023.400,5.600,37.000,6.100,4.911
2021-02-15 05:00:00,1.700,1021.500,6.500,53.000,8.100,4.501
2021-02-15 06:00:00,1.900,1021.700,7.600,25.000,8.700,3.907
2021-02-15 07:00:00,2.000,1021.200,8.400,27.000,9.100,2.959
2021-02-15 08:00:00,1.900,1021.400,8.000,20.000,8.900,2.037
2021-02-15 09:00:00,1.900,1020.800,7.600,31.000,9.200,1.404
2021-02-15 10:00:00,1.800,1021.000,7.600,32.000,8.500,1.280
2021-02-15 11:00:00,2.100,1021.100,6.200,33.000,7.200,1.644
2021-02-15 12:00:00,2.100,1021.400,4.500,36.000,5.400,2.267
2021-02-15 13:00:00,2.100,1022.300,5.100,14.000,6.000,3.241
2021-02-15 14:00:00,2.200,1022.100,5.700,27.000,6.500,4.373
2021-02-15 15:00:00,2.200,1021.800,4.900,26.000,5.600,5.062
2021-02-15 16:00:00,2.400,1021.900,4.000,6.000,4.800,5.174
2021-02-15 17:00:00,2.400,1022.100,5.200,7.000,5.900,4.918
2021-02-15 18:00:00,2.700,1020.800,4.700,16.000,5.200,4.334
2021-02-15 19:00:00,2.800,1020.400,4.200,15.000,4.900,3.553
2021-02-15 20:00:00,2.900,1019.600,4.900,28.000,5.400,2.474
2021-02-15 21:00:00,3.100,1019.600,2.800,25.000,3.200,1.627
2021-02-15 22:00:00,3.300,1019.900,4.000,46.000,4.700,1.332
2021-02-15 23:00:00,3.100,1019.400,5.100,68.000,6.000,1.617
2021-02-16 00:00:00,2.700,1018.600,6.600,68.000,7.600,2.192
2021-02-16 01:00:00,2.800,1017.900,8.800,70.000,10.300,3.048
2021-02-16 02:00:00,3.500,1016.900,7.800,76.000,8.800,3.940
2021-02-16 03:00:00,4.200,1015.400,6.700,89.000,7.800,4.764
2021-02-16 04:00:00,5.400,1013.500,6.600,113.000,8.400,5.259
2021-02-16 05:00:00,6.300,1010.300,8.400,109.000,10.200,5.177
2021-02-16 06:00:00,7.600,1008.900,5.000,129.000,6.900,4.760
2021-02-16 07:00:00,9.100,1009.800,4.900,256.000,6.600,4.232
2021-02-16 08:00:00,11.100,1005.900,4.700,149.000,6.300,3.392
2021-02-16 09:00:00,11.700,1004.000,5.700,172.000,8.300,2.461
2021-02-16 10:00:00,14.500,1002.600,5.000,184.000,8.600,2.005
2021-02-16 11:00:00,15.200,1001.800,5.200,188.000,8.200,2.100
2021-02-16 12:00:00,16.200,1002.600,4.900,241.000,7.400,2.484
2021-02-16 13:00:00,14.200,1003.600,6.600,246.000,11.700,3.064
2021-02-16 14:00:00,12.800,1004.500,8.500,256.000,13.000,3.911
2021-02-16 15:00:00,10.500,1005.000,9.600,250.000,14.600,4.413
2021-02-16 16:00:00,9.700,1004.800,8.000,265.000,10.900,4.829
2021-02-16 17:00:00,8.700,1004.100,8.000,290.000,9.200,4.938
2021-02-16 18:00:00,9.200,1004.700,6.700,257.000,9.900,4.301
2021-02-16 19:00:00,7.100,1005.300,6.300,284.000,8.000,3.593
2021-02-16 20:00:00,7.200,1006.600,6.100,262.000,9.400,2.703
2021-02-16 21:00:00,7.000,1008.200,6.400,277.000,8.000,1.654
2021-02-16 22:00:00,7.200,1009.300,5.600,268.000,7.700,1.050
2021-02-16 23:00:00,7.000,1010.800,4.600,266.000,5.700,0.981
2021-02-17 00:00:00,6.900,1012.400,6.900,287.000,8.700,1.253
2021-02-17 01:00:00,5.100,1014.500,11.500,313.000,12.700,1.991
2021-02-17 02:00:00,3.600,1016.300,9.200,297.000,12.700,2.608
2021-02-17 03:00:00,2.700,1017.900,11.300,308.000,13.300,3.448
2021-02-17 04:00:00,1.600,1018.800,12.500,308.000,14.800,3.793
2021-02-17 05:00:00,0.500,1020.000,12.800,304.000,14.700,3.783
2021-02-17 06:00:00,0.000,1021.200,12.400,315.000,14.200,3.353
2021-02-17 07:00:00,-0.300,1022.100,9.700,312.000,11.300,2.736
2021-02-17 08:00:00,-0.600,1023.100,9.500,317.000,11.200,2.080
2021-02-17 09:00:00,-0.800,1023.900,10.800,316.000,12.000,1.358
2021-02-17 10:00:00,-1.200,1025.000,11.800,337.000,14.600,0.764
2021-02-17 11:00:00,-1.600,1025.900,13.500,334.000,16.000,0.515
2021-02-17 12:00:00,-1.800,1027.300,11.800,332.000,14.700,0.600
2021-02-17 13:00:00,-1.900,1028.300,12.200,340.000,13.300,0.991
2021-02-17 14:00:00,-2.200,1029.500,10.800,332.000,13.300,1.627
2021-02-17 15:00:00,-2.300,1029.900,9.000,336.000,11.400,2.503
2021-02-17 16:00:00,-2.000,1030.600,7.900,340.000,10.300,3.100
2021-02-17 17:00:00,-1.900,1029.900,8.600,343.000,9.800,3.507
2021-02-17 18:00:00,-1.700,1029.400,7.200,335.000,9.300,3.497
2021-02-17 19:00:00,-1.200,1029.300,5.200,330.000,6.900,2.920
2021-02-17 20:00:00,-1.100,1030.000,4.300,330.000,5.400,2.159
2021-02-17 21:00:00,-0.700,1029.900,4.100,344.000,5.000,1.365
2021-02-17 22:00:00,-0.300,1029.700,2.900,355.000,3.600,0.640
2021-02-17 23:00:00,-0.100,1030.400,2.400,6.000,3.700,0.318
2021-02-18 00:00:00,-0.800,1031.400,0.400,181.000,0.800,0.433
2021-02-18 01:00:00,-1.300,1032.000,1.200,153.000,1.700,0.974
2021-02-18 02:00:00,-1.300,1031.900,0.700,143.000,0.800,1.660
2021-02-18 03:00:00,-0.600,1031.400,0.800,75.000,1.700,2.497
2021-02-18 04:00:00,0.000,1030.600,1.700,81.000,3.300,3.278
2021-02-18 05:00:00,-0.500,1030.600,0.300,113.000,1.200,3.776
2021-02-18 06:00:00,0.800,1030.100,3.600,63.000,4.000,3.835
2021-02-18 07:00:00,0.900,1030.100,4.700,52.000,5.600,3.593
2021-02-18 08:00:00,1.500,1029.600,5.200,86.000,8.300,3.104
2021-02-18 09:00:00,0.800,1029.400,7.600,36.000,8.400,2.343
2021-02-18 10:00:00,0.400,1029.700,8.800,36.000,10.400,1.591
2021-02-18 11:00:00,-0.400,1029.100,7.900,47.000,9.000,1.033
2021-02-18 12:00:00,-0.400,1028.300,4.300,64.000,4.700,0.951
2021-02-18 13:00:00,-0.300,1028.400,1.900,49.000,2.100,1.306
2021-02-18 14:00:00,1.400,1026.900,9.800,76.000,11.200,2.034
2021-02-18 15:00:00,1.700,1025.700,12.200,64.000,13.700,2.795
2021-02-18 16:00:00,0.500,1025.700,10.100,47.000,12.500,3.455
2021-02-18 17:00:00,0.700,1026.400,7.300,37.000,10.200,4.026
2021-02-18 18:00:00,1.100,1024.000,9.300,67.000,11.600,4.314
2021-02-18 19:00:00,2.400,1020.900,11.800,96.000,13.900,3.766
2021-02-18 20:00:00,3.500,1021.700,7.000,64.000,8.400,3.524
2021-02-18 21:00:00,1.600,1022.100,10.500,4.000,11.900,3.333
2021-02-18 22:00:00,1.100,1021.600,9.600,12.000,11.200,2.648
2021-02-18 23:00:00,1.600,1021.900,7.800,18.000,9.800,2.306
2021-02-19 00:00:00,2.000,1022.000,5.900,23.000,8.100,2.067
2021-02-19 01:00:00,1.800,1022.300,4.900,11.000,6.200,2.008
2021-02-19 02:00:00,2.800,1022.900,7.800,38.000,9.300,2.608
2021-02-19 03:00:00,2.500,1022.600,7.800,34.000,9.700,3.238
2021-02-19 04:00:00,2.400,1021.700,8.400,50.000,9.800,4.094
2021-02-19 05:00:00,2.300,1020.400,9.200,47.000,10.400,4.652
2021-02-19 06:00:00,1.700,1020.500,8.100,53.000,9.800,5.000
2021-02-19 07:00:00,1.800,1020.000,7.600,41.000,8.900,5.144
2021-02-19 08:00:00,1.800,1019.700,7.700,39.000,9.300,4.751
2021-02-19 09:00:00,1.400,1019.400,8.100,17.000,9.800,4.442
2021-02-19 10:00:00,1.100,1018.300,8.700,26.000,9.900,3.658
2021-02-19 11:00:00,1.100,1019.700,6.500,10.000,7.600,2.995
2021-02-19 12:00:00,0.900,1018.400,6.900,9.000,8.500,2.625
2021-02-19 13:00:00,0.900,1018.100,8.100,8.000,8.900,2.405
2021-02-19 14:00:00,1.000,1018.800,8.300,348.000,9.700,2.559
2021-02-19 15:00:00,0.800,1018.200,10.900,345.000,12.400,3.264
2021-02-19 16:00:00,0.900,1019.000,10.100,333.000,12.200,3.747
2021-02-19 17:00:00,1.000,1017.200,11.100,358.000,12.200,4.327
2021-02-19 18:00:00,1.400,1018.300,9.300,345.000,11.200,4.551
2021-02-19 19:00:00,1.600,1016.800,8.300,1.000,10.500,4.633
2021-02-19 20:00:00,1.700,1016.700,9.900,347.000,11.000,4.701
2021-02-19 21:00:00,1.200,1016.900,9.500,338.000,10.900,4.219
2021-02-19 22:00:00,0.900,1017.700,10.000,338.000,11.600,3.661
2021-02-19 23:00:00,0.800,1018.300,10.000,335.000,11.400,3.038
2021-02-20 00:00:00,1.000,1018.500,8.800,330.000,10.000,2.454
2021-02-20 01:00:00,1.000,1018.300,9.800,338.000,10.900,2.365
2021-02-20 02:00:00,1.300,1019.000,8.100,332.000,10.500,2.454
2021-02-20 03:00:00,0.800,1019.200,7.500,314.000,9.100,2.720
2021-02-20 04:00:00,1.000,1019.200,8.100,310.000,9.300,3.442
2021-02-20 05:00:00,1.000,1019.200,8.200,306.000,9.500,4.019
2021-02-20 06:00:00,0.900,1019.600,9.500,308.000,12.100,4.439
2021-02-20 07:00:00,0.600,1020.000,9.600,304.000,11.900,4.738
2021-02-20 08:00:00,0.300,1020.100,10.600,308.000,12.000,4.731
2021-02-20 09:00:00,-0.300,1020.600,11.800,306.000,13.400,4.304
2021-02-20 10:00:00,-0.700,1020.800,13.500,315.000,15.400,3.625
2021-02-20 11:00:00,-1.200,1021.200,11.300,311.000,13.400,2.736
2021-02-20 12:00:00,-1.600,1021.500,10.500,306.000,11.700,2.133
2021-02-20 13:00:00,-1.700,1022.700,10.900,305.000,12.900,1.749
2021-02-20 14:00:00,-1.600,1023.300,12.700,308.000,14.100,1.745
2021-02-20 15:00:00,-1.400,1023.600,11.300,311.000,13.900,1.962
2021-02-20 16:00:00,-1.400,1023.800,11.300,308.000,12.500,2.218
2021-02-20 17:00:00,-0.600,1023.400,3.100,345.000,13.300,2.687
2021-02-20 18:00:00,-0.800,1022.800,9.900,311.000,13.000,3.107
2021-02-20 19:00:00,-0.200,1022.700,9.600,312.000,12.200,3.356
2021-02-20 20:00:00,-0.300,1022.900,10.000,294.000,12.200,3.406
2021-02-20 21:00:00,-0.600,1023.500,12.100,297.000,13.400,3.225
2021-02-20 22:00:00,-0.600,1023.900,11.000,298.000,15.200,2.687
2021-02-20 23:00:00,-0.900,1025.100,11.300,297.000,13.300,2.129
2021-02-21 00:00:00,-1.200,1026.100,10.900,296.000,12.800,1.325
2021-02-21 01:00:00,-1.500,1027.400,9.800,292.000,12.200,0.846
2021-02-21 02:00:00,-1.600,1028.200,9.600,295.000,11.700,0.702
2021-02-21 03:00:00,-2.000,1029.000,9.900,301.000,11.800,0.823
2021-02-21 04:00:00,-2.200,1029.600,9.000,293.000,10.200,1.401
2021-02-21 05:00:00,-2.300,1030.400,10.000,304.000,11.600,2.198
2021-02-21 06:00:00,-2.300,1031.400,9.900,309.000,11.400,2.907
2021-02-21 07:00:00,-2.200,1032.000,10.300,309.000,13.000,3.468
2021-02-21 08:00:00,-3.000,1032.500,6.600,296.000,8.200,3.658
2021-02-21 09:00:00,-3.000,1032.900,8.400,311.000,10.100,3.642
2021-02-21 10:00:00,-3.100,1033.300,8.000,309.000,10.200,3.340
2021-02-21 11:00:00,-2.600,1033.800,9.700,329.000,11.800,2.766
2021-02-21 12:00:00,-2.800,1034.900,7.800,312.000,10.300,2.182
2021-02-21 13:00:00,-2.700,1035.600,8.900,328.000,10.000,1.594
2021-02-21 14:00:00,-2.100,1036.100,8.000,337.000,9.400,1.306
2021-02-21 15:00:00,-1.600,1036.600,8.500,342.000,9.800,1.234
2021-02-21 16:00:00,-1.200,1036.800,8.400,339.000,10.600,1.434
2021-02-21 17:00:00,-0.900,1036.400,6.900,322.000,8.400,1.827
2021-02-21 18:00:00,-0.500,1035.400,5.600,5.000,6.300,2.300
2021-02-21 19:00:00,0.000,1035.000,3.300,360.000,4.200,2.726
2021-02-21 20:00:00,0.500,1034.700,3.400,2.000,4.300,2.972
2021-02-21 21:00:00,1.600,1034.400,1.000,27.000,3.900,2.976
2021-02-21 22:00:00,1.300,1033.900,1.800,21.000,2.100,2.897
2021-02-21 23:00:00,1.000,1033.800,0.900,29.000,1.600,2.513
2021-02-22 00:00:00,-0.400,1034.200,1.800,183.000,2.100,1.893
2021-02-22 01:00:00,-0.500,1034.100,1.900,239.000,2.000,1.339
2021-02-22 02:00:00,-0.900,1033.800,1.600,179.000,2.500,0.974
2021-02-22 03:00:00,-1.000,1033.600,1.300,198.000,2.600,0.951
2021-02-22 04:00:00,-1.100,1032.700,1.800,199.000,2.200,1.358
2021-02-22 05:00:00,-1.100,1032.000,2.000,199.000,2.700,1.821
2021-02-22 06:00:00,-0.700,1031.700,2.100,218.000,2.800,2.552
2021-02-22 07:00:00,-0.500,1030.800,1.800,187.000,3.400,3.353
2021-02-22 08:00:00,-0.500,1029.300,2.400,177.000,3.600,3.930
2021-02-22 09:00:00,-0.100,1028.600,2.900,190.000,4.800,4.252
2021-02-22 10:00:00,0.700,1027.500,3.100,173.000,5.100,4.177
2021-02-22 11:00:00,1.400,1026.100,3.200,177.000,5.100,3.825
2021-02-22 12:00:00,2.000,1025.000,4.700,178.000,6.200,3.173
2021-02-22 13:00:00,2.800,1023.000,4.200,168.000,7.000,2.493
2021-02-22 14:00:00,4.100,1021.700,4.200,176.000,7.000,1.808
2021-02-22 15:00:00,4.900,1019.300,4.200,185.000,6.700,1.440
2021-02-22 16:00:00,5.900,1017.000,4.100,171.000,5.800,1.499
2021-02-22 17:00:00,8.200,1014.000,4.300,181.000,10.600,1.585
2021-02-22 18:00:00,9.300,1011.600,8.200,195.000,12.600,1.955
2021-02-22 19:00:00,2.800,1011.600,10.300,318.000,11.700,2.854
2021-02-22 20:00:00,2.100,1011.600,5.100,279.000,7.100,3.061
2021-02-22 21:00:00,4.600,1009.200,4.300,210.000,7.600,2.976
2021-02-22 22:00:00,5.100,1007.100,4.500,189.000,7.000,3.018
2021-02-22 23:00:00,4.800,1008.600,3.700,254.000,5.500,2.726
2021-02-23 00:00:00,4.600,1009.800,5.000,268.000,6.000,2.395
2021-02-23 01:00:00,4.600,1010.200,5.600,269.000,7.500,1.831
2021-02-23 02:00:00,4.200,1010.300,5.200,265.000,8.000,1.253
2021-02-23 03:00:00,4.200,1010.900,5.300,259.000,7.300,0.666
2021-02-23 04:00:00,4.100,1010.600,4.500,261.000,6.100,0.659
2021-02-23 05:00:00,3.400,1010.600,3.700,270.000,5.100,0.925
2021-02-23 06:00:00,3.500,1010.500,4.000,275.000,5.100,1.611
2021-02-23 07:00:00,3.800,1010.500,3.500,267.000,4.100,2.539
2021-02-23 08:00:00,3.700,1009.700,3.400,263.000,3.900,3.301
2021-02-23 09:00:00,3.500,1009.400,3.700,277.000,4.000,3.973
2021-02-23 10:00:00,3.200,1009.500,4.500,285.000,5.100,4.350
2021-02-23 11:00:00,3.900,1009.700,5.000,284.000,5.700,4.334
2021-02-23 12:00:00,3.900,1009.700,4.800,274.000,5.200,4.016
2021-02-23 13:00:00,4.000,1010.000,4.200,246.000,5.400,3.215
2021-02-23 14:00:00,5.600,1009.300,4.900,247.000,6.700,2.244
2021-02-23 15:00:00,7.000,1008.000,3.500,235.000,6.100,1.529
2021-02-23 16:00:00,8.400,1007.800,4.500,220.000,6.300,1.047
2021-02-23 17:00:00,9.700,1006.300,3.500,227.000,8.000,0.869
2021-02-23 18:00:00,9.800,1005.700,7.600,250.000,11.700,1.066
2021-02-23 19:00:00,10.400,1005.200,11.200,258.000,14.800,1.450
2021-02-23 20:00:00,11.900,1005.100,8.000,250.000,11.700,2.139
2021-02-23 21:00:00,12.100,1005.600,11.800,277.000,15.800,2.569
2021-02-23 22:00:00,10.900,1007.200,10.900,297.000,13.600,2.805
2021-02-23 23:00:00,10.500,1009.000,12.200,296.000,14.900,3.064
2021-02-24 00:00:00,9.600,1010.500,8.800,293.000,11.800,2.651
2021-02-24 01:00:00,9.700,1011.700,5.700,278.000,7.100,2.011
2021-02-24 02:00:00,9.300,1012.700,5.600,273.000,7.100,1.355
2021-02-24 03:00:00,8.900,1013.600,5.400,273.000,7.400,0.709
2021-02-24 04:00:00,8.500,1015.100,4.500,257.000,6.600,0.453
2021-02-24 05:00:00,7.700,1016.300,4.000,267.000,5.100,0.384
2021-02-24 06:00:00,7.100,1017.000,3.300,280.000,3.700,0.866
2021-02-24 07:00:00,6.500,1018.000,3.900,276.000,4.200,1.463
2021-02-24 08:00:00,6.100,1018.300,3.600,285.000,4.000,2.480
2021-02-24 09:00:00,7.000,1018.600,2.000,253.000,2.500,3.520
2021-02-24 10:00:00,5.300,1019.500,2.100,228.000,2.900,4.219
2021-02-24 11:00:00,5.200,1020.100,2.200,225.000,2.700,4.593
2021-02-24 12:00:00,4.700,1020.200,2.100,189.000,2.500,4.488
2021-02-24 13:00:00,6.100,1020.600,0.700,211.000,0.900,3.875
2021-02-24 14:00:00,9.100,1020.700,3.600,165.000,4.700,3.041
2021-02-24 15:00:00,10.000,1020.000,5.200,163.000,6.900,2.011
2021-02-24 16:00:00,10.200,1020.100,6.400,162.000,8.100,0.948
2021-02-24 17:00:00,11.900,1019.100,3.700,155.000,5.700,0.518
2021-02-24 18:00:00,11.900,1017.900,6.100,172.000,8.500,0.463
2021-02-24 19:00:00,13.400,1017.200,6.300,197.000,9.600,0.735
2021-02-24 20:00:00,13.700,1016.200,4.900,187.000,7.000,1.312
2021-02-24 21:00:00,13.200,1014.600,6.200,176.000,10.500,2.064
2021-02-24 22:00:00,12.300,1013.500,5.800,180.000,9.400,2.841
2021-02-24 23:00:00,11.100,1012.700,6.500,188.000,12.000,3.284
2021-02-25 00:00:00,10.800,1012.400,4.100,197.000,8.600,3.376
2021-02-25 01:00:00,11.000,1011.500,4.700,199.000,7.000,3.130
2021-02-25 02:00:00,11.200,1011.400,5.200,216.000,7.000,2.454
2021-02-25 03:00:00,12.200,1011.100,5.200,221.000,8.200,1.470
2021-02-25 04:00:00,13.000,1010.200,5.000,226.000,10.300,0.610
2021-02-25 05:00:00,12.800,1009.900,5.400,225.000,8.400,0.148
2021-02-25 06:00:00,9.000,1011.300,4.800,298.000,8.100,0.400
2021-02-25 07:00:00,11.700,1011.600,4.600,263.000,6.500,0.883
2021-02-25 08:00:00,10.400,1012.300,4.500,294.000,4.700,1.713
2021-02-25 09:00:00,8.700,1013.300,4.700,299.000,5.600,2.897
2021-02-25 10:00:00,7.500,1014.900,7.300,341.000,8.900,3.855
2021-02-25 11:00:00,7.400,1016.400,7.700,327.000,9.400,4.501
2021-02-25 12:00:00,7.000,1018.000,8.200,314.000,8.900,4.678
2021-02-25 13:00:00,6.800,1019.500,7.200,324.000,8.800,4.403
2021-02-25 14:00:00,6.000,1020.800,6.900,330.000,8.500,3.757
2021-02-25 15:00:00,5.600,1021.900,7.100,332.000,8.500,2.825
2021-02-25 16:00:00,5.500,1022.600,6.700,337.000,8.100,1.647
2021-02-25 17:00:00,5.600,1022.600,5.500,1.000,6.500,0.686
2021-02-25 18:00:00,5.600,1022.600,4.800,5.000,6.700,0.430
2021-02-25 19:00:00,5.700,1022.400,3.900,9.000,5.800,0.528
2021-02-25 20:00:00,5.900,1022.600,4.100,12.000,5.400,0.968
2021-02-25 21:00:00,6.100,1022.900,3.300,9.000,3.800,1.745
2021-02-25 22:00:00,6.300,1023.200,3.100,11.000,4.000,2.828
2021-02-25 23:00:00,5.800,1023.800,3.200,7.000,3.900,3.524
2021-02-26 00:00:00,5.800,1024.800,4.500,4.000,5.300,3.698
2021-02-26 01:00:00,5.500,1025.300,2.100,334.000,3.200,3.638
2021-02-26 02:00:00,5.300,1025.700,1.400,296.000,1.800,3.012
2021-02-26 03:00:00,4.800,1025.900,1.000,282.000,1.300,1.985
2021-02-26 04:00:00,5.000,1026.100,1.000,240.000,1.200,0.909
2021-02-26 05:00:00,5.800,1025.900,1.700,196.000,1.800,-0.092
2021-02-26 06:00:00,3.200,1026.600,2.900,222.000,3.600,-0.574
2021-02-26 07:00:00,2.900,1026.900,1.700,252.000,4.200,-0.213
2021-02-26 08:00:00,2.400,1027.000,0.900,232.000,1.200,0.495
2021-02-26 09:00:00,3.400,1027.500,2.700,228.000,3.700,1.503
2021-02-26 10:00:00,2.200,1028.400,1.200,227.000,2.300,2.749
2021-02-26 11:00:00,2.500,1029.600,1.900,264.000,2.300,3.852
2021-02-26 12:00:00,3.400,1030.500,2.900,291.000,3.500,4.478
2021-02-26 13:00:00,4.700,1032.100,4.500,5.000,5.100,4.626
2021-02-26 14:00:00,4.100,1033.100,6.500,41.000,6.900,4.177
2021-02-26 15:00:00,4.500,1032.500,5.400,79.000,6.400,3.281
2021-02-26 16:00:00,5.000,1032.400,7.600,82.000,8.700,2.106
2021-02-26 17:00:00,4.700,1032.200,5.900,85.000,7.600,0.883
2021-02-26 18:00:00,4.900,1031.600,5.100,100.000,7.200,0.154
2021-02-26 19:00:00,5.100,1030.600,6.300,109.000,7.400,-0.079
2021-02-26 20:00:00,5.500,1031.100,5.300,90.000,6.300,0.164
2021-02-26 21:00:00,5.400,1031.400,4.200,103.000,5.100,0.968
2021-02-26 22:00:00,5.200,1031.600,3.100,102.000,5.100,2.044
2021-02-26 23:00:00,5.200,1031.000,5.000,103.000,6.300,3.107
2021-02-27 00:00:00,5.400,1031.700,3.600,108.000,5.400,3.816
2021-02-27 01:00:00,5.500,1031.600,4.200,102.000,6.100,3.967
2021-02-27 02:00:00,5.800,1031.300,4.300,113.000,5.400,3.717
2021-02-27 03:00:00,5.500,1030.700,3.300,132.000,5.200,2.982
2021-02-27 04:00:00,5.300,1029.800,3.100,114.000,4.200,1.982
2021-02-27 05:00:00,5.500,1028.900,4.100,114.000,5.600,0.830
2021-02-27 06:00:00,6.300,1027.500,6.200,113.000,8.000,-0.131
2021-02-27 07:00:00,6.400,1026.100,5.200,110.000,9.200,-0.318
2021-02-27 08:00:00,6.200,1024.600,5.500,100.000,7.000,0.289
2021-02-27 09:00:00,6.300,1023.300,5.400,114.000,6.300,1.201
2021-02-27 10:00:00,7.000,1023.000,3.300,112.000,4.200,2.454
2021-02-27 11:00:00,7.700,1021.300,5.700,127.000,8.200,3.770
2021-02-27 12:00:00,7.900,1020.200,4.500,145.000,6.900,4.859
2021-02-27 13:00:00,10.200,1019.800,5.700,171.000,9.200,5.374
2021-02-27 14:00:00,11.700,1019.700,5.500,179.000,10.200,5.387
2021-02-27 15:00:00,11.800,1017.900,2.900,193.000,5.900,4.783
2021-02-27 16:00:00,13.300,1017.600,5.300,226.000,7.800,3.802
2021-02-27 17:00:00,14.600,1017.600,7.000,255.000,10.700,2.336
2021-02-27 18:00:00,13.000,1017.200,6.500,249.000,9.600,0.912
2021-02-27 19:00:00,11.300,1017.500,9.300,283.000,11.400,0.066
2021-02-27 20:00:00,10.900,1018.600,6.500,270.000,8.600,0.003
2021-02-27 21:00:00,10.900,1019.200,3.100,306.000,7.900,0.374
2021-02-27 22:00:00,10.800,1020.000,4.600,270.000,7.600,1.299
2021-02-27 23:00:00,10.200,1020.900,4.600,275.000,5.800,2.448
2021-02-28 00:00:00,9.200,1021.900,4.400,267.000,5.500,3.648
2021-02-28 01:00:00,8.000,1022.900,3.800,293.000,4.300,4.370
2021-02-28 02:00:00,7.900,1023.800,1.900,258.000,2.300,4.557
2021-02-28 03:00:00,7.600,1024.700,2.300,223.000,2.800,4.183
2021-02-28 04:00:00,7.500,1025.400,2.500,226.000,3.000,3.294
2021-02-28 05:00:00,7.600,1026.200,2.400,257.000,3.300,2.014
2021-02-28 06:00:00,7.400,1025.600,0.700,253.000,1.100,0.666
2021-02-28 07:00:00,7.200,1025.900,1.300,232.000,1.700,-0.282
2021-02-28 08:00:00,7.500,1025.600,1.300,252.000,2.000,-0.466
2021-02-28 09:00:00,8.100,1025.400,0.600,250.000,1.300,0.184
2021-02-28 10:00:00,7.100,1025.000,1.800,175.000,2.100,1.247
2021-02-28 11:00:00,7.300,1025.600,1.400,151.000,1.900,2.543
2021-02-28 12:00:00,7.500,1025.500,1.400,119.000,1.800,3.842
2021-02-28 13:00:00,7.300,1025.700,3.200,98.000,3.900,4.774
2021-02-28 14:00:00,6.700,1025.100,5.800,101.000,7.200,5.240
2021-02-28 15:00:00,6.500,1024.500,5.800,110.000,7.500,4.931
2021-02-28 16:00:00,6.300,1023.500,5.300,104.000,6.700,4.232
2021-02-28 17:00:00,6.600,1023.000,4.700,125.000,6.800,3.035
2021-02-28 18:00:00,6.400,1022.600,3.700,79.000,4.400,1.778
2021-02-28 19:00:00,5.800,1020.500,7.700,86.000,10.100,0.640
2021-02-28 20:00:00,6.300,1018.600,6.700,108.000,9.300,-0.085
2021-02-28 21:00:00,6.500,1018.400,7.100,100.000,9.000,0.075
2021-02-28 22:00:00,7.600,1017.000,7.000,125.000,10.100,0.827
2021-02-28 23:00:00,7.900,1016.100,4.700,136.000,6.400,2.126
2022-01-01 00:00:00,11.500,1013.600,3.100,181.000,5.300,4.787
2022-01-01 01:00:00,11.600,1014.100,0.800,219.000,2.800,4.298
2022-01-01 02:00:00,11.700,1014.000,1.500,192.000,2.100,3.353
2022-01-01 03:00:00,11.500,1013.700,1.900,188.000,4.700,2.129
2022-01-01 04:00:00,11.400,1013.600,2.700,200.000,3.900,1.138
2022-01-01 05:00:00,11.900,1013.200,2.900,209.000,4.600,0.574
2022-01-01 06:00:00,11.700,1012.100,2.700,160.000,3.900,0.820
2022-01-01 07:00:00,11.400,1011.700,2.000,160.000,2.900,1.562
2022-01-01 08:00:00,13.300,1011.400,4.600,199.000,6.800,2.654
2022-01-01 09:00:00,13.800,1010.600,3.400,219.000,4.900,4.226
2022-01-01 10:00:00,14.200,1010.200,3.500,221.000,5.100,5.335
2022-01-01 11:00:00,14.100,1009.800,2.000,226.000,5.200,6.106
2022-01-01 12:00:00,14.300,1010.200,2.500,227.000,4.700,6.362
2022-01-01 13:00:00,14.600,1010.500,2.900,262.000,3.700,6.102
2022-01-01 14:00:00,15.100,1011.200,3.100,255.000,4.200,5.210
2022-01-01 15:00:00,14.600,1011.200,3.300,283.000,4.200,3.871
2022-01-01 16:00:00,14.100,1010.100,1.900,287.000,3.000,2.500
2022-01-01 17:00:00,13.700,1008.200,2.700,95.000,3.300,1.188
2022-01-01 18:00:00,13.500,1008.600,1.800,252.000,3.100,0.768
2022-01-01 19:00:00,13.100,1007.400,5.300,150.000,5.700,0.879
2022-01-01 20:00:00,14.400,1006.000,6.000,153.000,7.800,1.729
2022-01-01 21:00:00,15.000,1005.500,4.500,166.000,7.100,2.648
2022-01-01 22:00:00,14.900,1005.500,3.900,169.000,5.800,3.855
2022-01-01 23:00:00,14.600,1005.000,4.700,173.000,7.700,4.741
2022-01-02 00:00:00,14.200,1004.200,4.600,168.000,7.300,5.213
2022-01-02 01:00:00,14.400,1003.400,4.900,178.000,7.000,5.128
2022-01-02 02:00:00,14.900,1002.300,3.400,190.000,5.300,4.583
2022-01-02 03:00:00,18.800,1001.300,5.500,213.000,8.900,3.428
2022-01-02 04:00:00,19.800,1000.900,6.000,229.000,10.800,2.329
2022-01-02 05:00:00,21.300,1001.200,7.300,250.000,10.200,1.280
2022-01-02 06:00:00,20.800,1001.700,7.700,263.000,10.100,0.518
2022-01-02 07:00:00,18.700,1001.800,3.800,238.000,6.700,0.833
2022-01-02 08:00:00,18.200,1002.300,5.100,248.000,7.600,1.585
2022-01-02 09:00:00,17.600,1003.100,6.200,275.000,8.100,2.802
2022-01-02 10:00:00,16.000,1002.600,5.000,285.000,6.500,4.190
2022-01-02 11:00:00,15.900,1004.000,2.800,228.000,5.100,5.364
2022-01-02 12:00:00,15.200,1002.600,4.000,187.000,6.600,6.152
2022-01-02 13:00:00,15.100,1002.200,3.800,175.000,4.900,6.644
2022-01-02 14:00:00,15.500,1004.100,2.600,232.000,3.900,6.198
2022-01-02 15:00:00,15.500,1005.100,2.700,250.000,3.700,5.312
2022-01-02 16:00:00,15.600,1005.300,4.400,271.000,5.800,4.006
2022-01-02 17:00:00,16.300,1005.600,6.700,247.000,9.400,2.333
2022-01-02 18:00:00,16.500,1005.500,5.700,260.000,7.600,1.191
2022-01-02 19:00:00,16.500,1005.500,5.000,256.000,6.800,0.459
2022-01-02 20:00:00,16.700,1006.100,3.700,261.000,5.700,0.564
2022-01-02 21:00:00,16.600,1007.200,2.800,255.000,4.700,1.332
2022-01-02 22:00:00,16.300,1008.400,2.100,241.000,2.900,2.598
2022-01-02 23:00:00,15.900,1009.700,3.200,262.000,4.100,3.652
2022-01-03 00:00:00,15.400,1010.400,3.800,284.000,4.600,4.455
2022-01-03 01:00:00,14.800,1010.400,4.400,308.000,5.000,4.803
2022-01-03 02:00:00,12.200,1012.100,9.900,343.000,11.400,4.672
2022-01-03 03:00:00,10.200,1013.600,9.100,352.000,11.300,4.177
2022-01-03 04:00:00,9.100,1015.600,8.800,360.000,11.700,3.107
2022-01-03 05:00:00,7.600,1015.800,12.200,25.000,14.500,1.742
2022-01-03 06:00:00,6.400,1016.700,10.800,10.000,12.200,0.374
2022-01-03 07:00:00,5.700,1016.900,10.700,18.000,12.500,0.200
2022-01-03 08:00:00,4.600,1018.000,7.800,25.000,10.200,0.728
2022-01-03 09:00:00,3.800,1016.900,10.200,27.000,11.500,1.801
2022-01-03 10:00:00,3.300,1016.600,11.200,32.000,12.600,3.156
2022-01-03 11:00:00,3.000,1015.200,13.600,33.000,15.100,4.659
2022-01-03 12:00:00,3.000,1015.100,14.800,34.000,16.900,6.198
2022-01-03 13:00:00,2.100,1015.500,14.300,35.000,16.200,6.988
2022-01-03 14:00:00,1.100,1017.200,14.000,33.000,16.100,7.405
2022-01-03 15:00:00,0.800,1016.200,17.400,27.000,19.600,6.972
2022-01-03 16:00:00,0.700,1015.000,17.700,28.000,20.300,6.125
2022-01-03 17:00:00,0.300,1012.400,16.700,42.000,19.800,4.718
2022-01-03 18:00:00,0.000,1012.800,15.600,18.000,17.900,3.465
2022-01-03 19:00:00,-0.300,1012.600,16.200,16.000,19.000,2.595
2022-01-03 20:00:00,-0.600,1014.800,16.200,6.000,18.500,2.205
2022-01-03 21:00:00,-0.800,1017.000,18.400,344.000,20.200,2.054
2022-01-03 22:00:00,-0.900,1018.200,13.800,4.000,18.800,2.395
2022-01-03 23:00:00,-0.500,1019.400,13.000,349.000,15.300,2.913
2022-01-04 00:00:00,0.000,1020.700,14.200,351.000,16.600,4.042
2022-01-04 01:00:00,0.200,1022.000,14.100,342.000,17.600,4.790
2022-01-04 02:00:00,0.300,1022.800,14.100,344.000,16.700,5.597
2022-01-04 03:00:00,0.100,1023.800,13.800,2.000,16.400,5.354
2022-01-04 04:00:00,-0.100,1024.800,12.400,343.000,14.500,4.911
2022-01-04 05:00:00,-0.200,1025.600,11.000,330.000,15.300,3.724
2022-01-04 06:00:00,-0.700,1025.800,12.300,342.000,15.200,2.598
2022-01-04 07:00:00,-0.700,1027.400,12.300,341.000,15.100,1.785
2022-01-04 08:00:00,-0.800,1028.600,10.700,333.000,13.100,1.211
2022-01-04 09:00:00,-1.300,1029.000,9.600,335.000,11.900,1.224
2022-01-04 10:00:00,-1.500,1029.500,10.200,331.000,12.800,1.857
2022-01-04 11:00:00,-1.800,1030.300,10.000,329.000,12.100,2.910
2022-01-04 12:00:00,-1.500,1030.500,8.900,345.000,11.400,4.478
2022-01-04 13:00:00,-1.100,1031.000,10.600,17.000,12.400,5.830
2022-01-04 14:00:00,-1.400,1031.600,9.700,19.000,11.500,6.496
2022-01-04 15:00:00,-0.900,1032.500,6.200,18.000,7.500,6.604
2022-01-04 16:00:00,-1.000,1032.200,5.000,8.000,6.700,5.932
2022-01-04 17:00:00,-0.500,1031.000,5.200,18.000,6.100,5.003
2022-01-04 18:00:00,0.000,1030.400,3.600,25.000,5.900,3.717
2022-01-04 19:00:00,0.100,1030.400,2.400,339.000,3.300,2.178
2022-01-04 20:00:00,0.800,1029.800,1.000,11.000,2.000,0.991
2022-01-04 21:00:00,0.700,1030.100,1.500,281.000,2.300,0.469
2022-01-04 22:00:00,-0.500,1030.100,1.500,248.000,2.200,0.886
2022-01-04 23:00:00,-1.200,1030.200,0.600,205.000,1.500,1.667
2022-01-05 00:00:00,-1.900,1030.000,1.100,201.000,1.400,2.566
2022-01-05 01:00:00,-2.000,1029.600,1.700,192.000,2.000,3.619
2022-01-05 02:00:00,-1.800,1028.000,2.300,164.000,3.500,4.469
2022-01-05 03:00:00,-1.800,1027.400,0.400,148.000,0.500,4.747
2022-01-05 04:00:00,-2.100,1027.100,2.000,229.000,2.700,4.675
2022-01-05 05:00:00,-1.800,1025.900,2.000,240.000,2.100,4.049
2022-01-05 06:00:00,-1.600,1024.500,1.300,233.000,1.400,3.051
2022-01-05 07:00:00,0.200,1023.300,2.300,289.000,3.600,1.814
2022-01-05 08:00:00,0.800,1023.000,4.200,295.000,4.800,0.922
2022-01-05 09:00:00,0.000,1021.900,1.800,277.000,3.500,0.633
2022-01-05 10:00:00,0.600,1020.200,1.800,268.000,2.100,1.017
2022-01-05 11:00:00,1.300,1019.800,0.900,235.000,2.100,1.795
2022-01-05 12:00:00,1.800,1018.900,1.500,212.000,2.000,2.825
2022-01-05 13:00:00,2.100,1017.900,1.900,167.000,2.300,4.147
2022-01-05 14:00:00,2.700,1017.600,2.000,189.000,3.000,5.266
2022-01-05 15:00:00,3.200,1017.100,3.100,245.000,4.400,5.876
2022-01-05 16:00:00,4.000,1015.800,3.200,234.000,4.600,5.778
2022-01-05 17:00:00,5.000,1014.000,1.400,231.000,3.200,5.148
2022-01-05 18:00:00,5.900,1012.500,3.000,217.000,5.800,4.150
2022-01-05 19:00:00,6.600,1011.000,2.500,201.000,5.600,2.717
2022-01-05 20:00:00,7.900,1010.200,2.900,198.000,4.800,1.401
2022-01-05 21:00:00,8.300,1010.200,2.600,198.000,4.800,0.427
2022-01-05 22:00:00,7.500,1009.400,3.000,178.000,4.500,0.410
2022-01-05 23:00:00,6.900,1008.500,3.400,181.000,4.900,0.840
2022-01-06 00:00:00,6.600,1009.000,2.700,202.000,5.000,1.542
2022-01-06 01:00:00,7.100,1008.100,3.200,216.000,5.700,2.474
2022-01-06 02:00:00,6.600,1008.100,3.000,239.000,4.700,3.665
2022-01-06 03:00:00,6.500,1007.500,4.200,231.000,5.900,4.337
2022-01-06 04:00:00,6.500,1007.600,3.500,256.000,4.900,4.626
2022-01-06 05:00:00,6.600,1007.400,4.400,255.000,6.300,4.236
2022-01-06 06:00:00,6.400,1007.600,5.600,251.000,7.200,3.465
2022-01-06 07:00:00,6.100,1008.000,4.000,252.000,5.900,2.402
2022-01-06 08:00:00,6.300,1009.400,4.900,277.000,6.100,1.201
2022-01-06 09:00:00,5.600,1010.000,4.900,274.000,6.500,0.302
2022-01-06 10:00:00,6.000,1010.300,4.800,262.000,6.300,0.072
2022-01-06 11:00:00,4.900,1011.800,2.700,256.000,3.900,0.479
2022-01-06 12:00:00,4.800,1012.800,3.900,264.000,5.000,1.348
2022-01-06 13:00:00,5.000,1014.200,4.600,278.000,5.500,2.464
2022-01-06 14:00:00,5.400,1015.600,5.300,305.000,6.300,3.750
2022-01-06 15:00:00,5.400,1016.200,4.800,314.000,6.200,4.754
2022-01-06 16:00:00,5.500,1016.100,4.700,319.000,5.300,5.075
2022-01-06 17:00:00,5.900,1015.400,6.000,324.000,7.300,4.944
2022-01-06 18:00:00,6.200,1014.500,5.000,331.000,5.800,4.327
2022-01-06 19:00:00,5.700,1014.000,7.400,342.000,8.800,3.337
2022-01-06 20:00:00,5.500,1014.000,6.400,352.000,8.100,2.044
2022-01-06 21:00:00,5.500,1014.200,3.900,340.000,4.900,0.827
2022-01-06 22:00:00,5.400,1014.500,5.000,359.000,5.700,0.151
2022-01-06 23:00:00,5.000,1015.000,6.200,352.000,6.900,0.151
2022-01-07 00:00:00,4.900,1015.000,4.600,15.000,6.100,0.587
2022-01-07 01:00:00,4.500,1014.000,5.700,50.000,6.300,1.407
2022-01-07 02:00:00,4.300,1011.600,7.700,75.000,8.900,2.523
2022-01-07 03:00:00,4.700,1010.400,8.600,55.000,10.900,3.619
2022-01-07 04:00:00,5.000,1010.000,7.500,73.000,8.900,4.426
2022-01-07 05:00:00,4.600,1008.400,9.000,62.000,10.900,4.593
2022-01-07 06:00:00,1.000,1008.000,10.200,36.000,11.100,4.613
2022-01-07 07:00:00,0.700,1007.200,9.400,45.000,10.900,3.885
2022-01-07 08:00:00,0.800,1005.500,9.300,57.000,10.600,2.844
2022-01-07 09:00:00,1.600,1006.100,12.400,345.000,13.700,2.172
2022-01-07 10:00:00,0.200,1007.700,14.900,326.000,19.400,1.506
2022-01-07 11:00:00,-0.300,1009.200,14.900,317.000,17.800,1.053
2022-01-07 12:00:00,-0.100,1010.500,14.600,320.000,16.900,1.332
2022-01-07 13:00:00,-0.300,1012.100,13.500,311.000,18.400,1.532
2022-01-07 14:00:00,-0.300,1013.700,13.400,303.000,18.300,2.507
2022-01-07 15:00:00,0.000,1015.100,13.600,298.000,17.300,3.566
2022-01-07 16:00:00,-0.100,1014.000,16.800,311.000,19.600,4.298
2022-01-07 17:00:00,0.400,1014.400,15.200,302.000,18.200,4.839
2022-01-07 18:00:00,-0.200,1015.400,10.800,305.000,14.900,4.701
2022-01-07 19:00:00,-0.200,1016.000,11.700,301.000,14.900,3.681
2022-01-07 20:00:00,-0.100,1017.200,13.600,298.000,16.100,3.110
2022-01-07 21:00:00,-0.100,1018.600,13.800,304.000,16.300,2.172
2022-01-07 22:00:00,-0.500,1020.200,10.500,295.000,13.200,1.152
2022-01-07 23:00:00,-0.900,1021.800,13.500,301.000,15.500,0.397
2022-01-08 00:00:00,-1.900,1023.200,13.800,295.000,16.700,0.062
2022-01-08 01:00:00,-1.900,1024.300,11.900,300.000,14.000,0.463
2022-01-08 02:00:00,-2.300,1025.400,12.700,299.000,15.100,1.247
2022-01-08 03:00:00,-2.600,1026.500,11.000,297.000,14.500,2.077
2022-01-08 04:00:00,-3.000,1027.600,10.700,299.000,14.200,2.795
2022-01-08 05:00:00,-3.100,1028.000,9.800,298.000,11.400,3.307
2022-01-08 06:00:00,-3.400,1028.600,9.200,287.000,10.800,3.346
2022-01-08 07:00:00,-3.500,1030.100,8.600,286.000,9.900,3.205
2022-01-08 08:00:00,-3.900,1031.100,6.700,279.000,7.900,2.598
2022-01-08 09:00:00,-3.200,1031.500,10.400,301.000,12.100,1.729
2022-01-08 10:00:00,-3.000,1032.300,9.800,308.000,11.200,0.817
2022-01-08 11:00:00,-2.500,1033.200,11.400,318.000,13.700,0.115
2022-01-08 12:00:00,-2.300,1034.200,9.900,329.000,12.700,0.128
2022-01-08 13:00:00,-2.200,1035.700,10.100,334.000,12.100,0.377
2022-01-08 14:00:00,-2.700,1036.800,9.800,321.000,11.200,1.273
2022-01-08 15:00:00,-1.900,1038.000,7.900,346.000,11.300,2.231
2022-01-08 16:00:00,-1.900,1038.700,7.600,339.000,9.200,3.117
2022-01-08 17:00:00,-2.000,1037.700,6.900,315.000,8.600,3.832
2022-01-08 18:00:00,-1.900,1037.500,5.000,316.000,7.700,4.062
2022-01-08 19:00:00,-1.400,1037.000,3.300,332.000,5.000,3.835
2022-01-08 20:00:00,-0.900,1036.600,2.400,316.000,3.600,3.196
2022-01-08 21:00:00,-0.600,1036.700,1.800,338.000,3.000,2.372
2022-01-08 22:00:00,-0.900,1037.400,1.000,242.000,1.100,1.365
2022-01-08 23:00:00,-1.500,1037.800,1.500,155.000,1.700,0.600
2022-01-09 00:00:00,-1.200,1038.300,1.000,210.000,1.100,0.095
2022-01-09 01:00:00,-2.100,1037.900,1.400,180.000,2.300,0.128
2022-01-09 02:00:00,-1.900,1036.900,2.300,179.000,3.500,0.541
2022-01-09 03:00:00,-1.600,1035.500,2.500,172.000,3.300,1.263
2022-01-09 04:00:00,-1.800,1035.500,2.000,234.000,2.600,2.343
2022-01-09 05:00:00,-1.900,1036.300,2.200,245.000,3.500,3.071
2022-01-09 06:00:00,-1.400,1034.400,1.600,209.000,3.300,3.550
2022-01-09 07:00:00,-1.400,1034.400,1.700,231.000,2.500,3.540
2022-01-09 08:00:00,-1.200,1033.700,1.900,226.000,3.600,3.048
2022-01-09 09:00:00,-0.100,1032.000,3.000,208.000,4.900,2.418
2022-01-09 10:00:00,0.600,1030.900,2.700,210.000,5.900,1.480
2022-01-09 11:00:00,0.700,1029.900,3.100,179.000,4.800,0.577
2022-01-09 12:00:00,1.100,1028.900,3.400,201.000,6.300,0.039
2022-01-09 13:00:00,2.500,1028.000,3.000,184.000,4.800,0.105
2022-01-09 14:00:00,4.100,1027.700,4.000,224.000,6.700,0.600
2022-01-09 15:00:00,5.800,1027.000,5.300,223.000,9.500,1.017
2022-01-09 16:00:00,6.900,1025.600,3.300,219.000,7.500,1.801
2022-01-09 17:00:00,8.000,1023.900,6.000,239.000,9.800,2.743
2022-01-09 18:00:00,8.500,1022.200,7.400,236.000,10.800,3.097
2022-01-09 19:00:00,8.900,1020.700,3.200,223.000,7.700,3.274
2022-01-09 20:00:00,9.300,1019.700,5.500,226.000,9.600,3.081
2022-01-09 21:00:00,9.400,1018.400,4.400,213.000,7.000,2.592
2022-01-09 22:00:00,9.400,1018.300,3.100,227.000,5.500,1.923
2022-01-09 23:00:00,9.100,1017.900,1.800,219.000,2.600,1.079
2022-01-10 00:00:00,8.800,1017.700,1.000,241.000,2.000,0.394
2022-01-10 01:00:00,8.200,1017.300,2.700,242.000,4.000,-0.026
2022-01-10 02:00:00,7.700,1017.000,3.200,251.000,5.100,0.069
2022-01-10 03:00:00,7.800,1017.300,5.600,270.000,7.700,0.551
2022-01-10 04:00:00,7.700,1017.100,5.600,281.000,6.700,1.253
2022-01-10 05:00:00,7.600,1017.100,6.300,290.000,6.900,2.201
2022-01-10 06:00:00,7.200,1017.400,8.400,316.000,9.400,2.930
2022-01-10 07:00:00,5.500,1018.300,11.900,343.000,14.000,3.478
2022-01-10 08:00:00,5.300,1018.600,9.800,327.000,11.800,3.255
2022-01-10 09:00:00,4.900,1019.100,9.800,325.000,12.200,2.713
2022-01-10 10:00:00,3.600,1019.700,14.400,325.000,18.400,2.103
2022-01-10 11:00:00,2.700,1020.500,12.500,325.000,15.000,1.270
2022-01-10 12:00:00,1.800,1022.100,13.600,339.000,15.900,0.518
2022-01-10 13:00:00,1.000,1022.900,12.600,336.000,14.600,0.056
2022-01-10 14:00:00,0.600,1023.400,11.400,332.000,12.900,0.200
2022-01-10 15:00:00,0.400,1024.000,8.800,335.000,10.500,0.528
2022-01-10 16:00:00,0.200,1024.400,9.900,343.000,12.000,1.030
2022-01-10 17:00:00,0.900,1023.300,6.800,340.000,13.500,1.791
2022-01-10 18:00:00,0.300,1022.900,8.100,326.000,9.100,2.625
2022-01-10 19:00:00,-0.100,1022.800,9.300,310.000,10.700,3.091
2022-01-10 20:00:00,0.200,1022.900,9.800,301.000,11.200,3.061
2022-01-10 21:00:00,0.500,1022.900,7.900,295.000,9.900,2.769
2022-01-10 22:00:00,0.300,1023.200,7.500,292.000,9.800,2.326
2022-01-10 23:00:00,-1.100,1023.400,2.600,258.000,3.200,1.640
2022-01-11 00:00:00,-0.100,1023.400,4.300,295.000,5.700,0.807
2022-01-11 01:00:00,0.300,1023.600,7.100,310.000,8.000,0.246
2022-01-11 02:00:00,-0.700,1023.500,3.500,281.000,4.600,-0.062
2022-01-11 03:00:00,-0.500,1024.400,6.700,284.000,9.700,0.138
2022-01-11 04:00:00,-0.200,1024.900,12.200,304.000,14.900,0.794
2022-01-11 05:00:00,-1.200,1026.000,13.100,304.000,15.900,1.391
2022-01-11 06:00:00,-1.600,1026.700,11.800,310.000,15.000,1.768
2022-01-11 07:00:00,-2.000,1027.600,11.700,309.000,15.400,2.411
2022-01-11 08:00:00,-2.200,1028.100,11.200,306.000,13.500,2.641
2022-01-11 09:00:00,-2.400,1028.800,10.400,300.000,13.200,2.772
2022-01-11 10:00:00,-2.800,1030.000,12.400,345.000,16.200,3.117
2022-01-11 11:00:00,-3.500,1031.500,13.900,338.000,15.900,2.497
2022-01-11 12:00:00,-3.800,1033.000,13.700,326.000,16.500,1.539
2022-01-11 13:00:00,-4.400,1033.700,12.300,328.000,14.000,0.938
2022-01-11 14:00:00,-5.000,1034.500,13.000,321.000,15.100,0.489
2022-01-11 15:00:00,-4.700,1035.300,9.000,329.000,14.200,0.574
2022-01-11 16:00:00,-5.000,1035.300,8.300,331.000,12.100,0.886
2022-01-11 17:00:00,-4.700,1034.500,7.300,316.000,9.400,1.266
2022-01-11 18:00:00,-4.500,1034.000,4.500,314.000,9.200,1.841
2022-01-11 19:00:00,-4.100,1034.100,6.500,341.000,8.300,2.648
2022-01-11 20:00:00,-3.400,1034.300,5.800,317.000,8.100,3.061
2022-01-11 21:00:00,-3.200,1034.300,5.800,309.000,7.300,3.225
2022-01-11 22:00:00,-3.000,1034.200,6.700,333.000,8.500,3.048
2022-01-11 23:00:00,-3.000,1034.600,6.200,335.000,7.400,2.526
2022-01-12 00:00:00,-3.600,1035.100,4.600,285.000,6.800,1.867
2022-01-12 01:00:00,-4.700,1035.200,3.900,268.000,4.900,1.129
2022-01-12 02:00:00,-5.300,1034.900,2.600,232.000,3.400,0.620
2022-01-12 03:00:00,-5.800,1034.400,2.700,229.000,3.400,0.574
2022-01-12 04:00:00,-6.100,1033.900,1.800,203.000,3.000,0.912
2022-01-12 05:00:00,-6.100,1033.400,1.200,193.000,1.900,1.476
2022-01-12 06:00:00,-6.300,1032.500,1.600,191.000,2.600,2.382
2022-01-12 07:00:00,-5.800,1031.900,2.300,181.000,3.600,3.205
2022-01-12 08:00:00,-4.800,1030.600,4.000,190.000,6.200,3.868
2022-01-12 09:00:00,-3.700,1029.300,4.200,185.000,5.900,4.265
2022-01-12 10:00:00,-2.900,1028.700,3.600,192.000,5.200,4.278
2022-01-12 11:00:00,-3.000,1028.600,1.900,205.000,3.100,3.960
2022-01-12 12:00:00,-2.300,1027.600,3.900,195.000,5.500,3.189
2022-01-12 13:00:00,-0.900,1026.600,4.700,197.000,7.800,2.329
2022-01-12 14:00:00,0.800,1025.900,6.000,209.000,8.700,1.572
2022-01-12 15:00:00,2.400,1025.800,7.800,234.000,10.700,1.181
2022-01-12 16:00:00,3.600,1024.300,5.900,222.000,12.500,0.935
2022-01-12 17:00:00,6.100,1022.300,5.800,216.000,10.800,1.027
2022-01-12 18:00:00,7.000,1021.300,6.100,244.000,9.600,1.388
2022-01-12 19:00:00,7.900,1020.400,5.600,246.000,9.500,1.942
2022-01-12 20:00:00,7.900,1019.600,5.900,232.000,10.800,2.326
2022-01-12 21:00:00,7.700,1019.300,5.300,226.000,8.400,2.664
2022-01-12 22:00:00,6.200,1019.500,3.300,233.000,6.600,2.776
2022-01-12 23:00:00,5.200,1020.000,1.400,207.000,2.300,2.543
2022-01-13 00:00:00,4.400,1020.100,1.400,191.000,2.200,1.946
2022-01-13 01:00:00,4.000,1020.100,1.400,217.000,2.700,1.214
2022-01-13 02:00:00,3.800,1019.900,0.900,250.000,1.200,0.489
2022-01-13 03:00:00,3.400,1019.700,1.300,183.000,1.700,0.059
2022-01-13 04:00:00,2.800,1019.300,2.200,178.000,2.900,0.043
2022-01-13 05:00:00,2.700,1019.000,2.000,185.000,3.000,0.325
2022-01-13 06:00:00,2.700,1018.600,2.500,200.000,3.900,0.997
2022-01-13 07:00:00,2.400,1018.400,2.800,199.000,4.200,1.903
2022-01-13 08:00:00,1.900,1018.100,0.900,174.000,1.300,2.828
2022-01-13 09:00:00,1.300,1017.700,0.200,223.000,1.500,3.609
2022-01-13 10:00:00,0.900,1017.200,1.100,247.000,1.400,3.986
2022-01-13 11:00:00,1.100,1016.900,1.000,221.000,1.600,3.917
2022-01-13 12:00:00,0.900,1016.900,0.600,258.000,0.800,3.527
2022-01-13 13:00:00,1.400,1016.900,1.500,237.000,1.700,2.910
2022-01-13 14:00:00,3.300,1017.100,1.000,239.000,1.500,2.139
2022-01-13 15:00:00,3.800,1016.900,0.600,9.000,0.900,1.450
2022-01-13 16:00:00,3.900,1016.300,1.200,45.000,1.300,1.017
2022-01-13 17:00:00,4.100,1015.100,1.700,66.000,1.900,0.902
2022-01-13 18:00:00,4.400,1013.900,2.900,48.000,3.100,1.188
2022-01-13 19:00:00,4.600,1012.900,3.300,50.000,3.500,1.762
2022-01-13 20:00:00,4.800,1012.400,2.900,48.000,3.000,2.467
2022-01-13 21:00:00,5.000,1011.900,2.400,85.000,2.900,3.091
2022-01-13 22:00:00,5.100,1011.800,3.100,97.000,3.900,3.570
2022-01-13 23:00:00,5.400,1011.700,3.000,80.000,3.500,3.678
2022-01-14 00:00:00,5.400,1011.300,2.900,71.000,3.100,3.465
2022-01-14 01:00:00,5.400,1011.100,3.600,51.000,4.100,2.890
2022-01-14 02:00:00,5.300,1010.400,4.200,45.000,4.800,2.156
2022-01-14 03:00:00,5.000,1009.700,4.400,17.000,5.100,1.575
2022-01-14 04:00:00,4.900,1009.200,4.600,15.000,5.600,1.214
2022-01-14 05:00:00,4.700,1008.600,5.000,32.000,6.200,1.352
2022-01-14 06:00:00,4.400,1008.000,5.100,15.000,6.000,1.906
2022-01-14 07:00:00,4.100,1007.600,7.200,21.000,8.400,2.726
2022-01-14 08:00:00,4.500,1007.700,7.900,7.000,9.300,3.776
2022-01-14 09:00:00,4.700,1006.900,8.500,4.000,9.500,4.711
2022-01-14 10:00:00,4.500,1006.300,10.100,351.000,11.600,5.325
2022-01-14 11:00:00,4.600,1006.700,7.800,3.000,10.000,5.545
2022-01-14 12:00:00,4.700,1006.700,10.100,10.000,11.700,5.305
2022-01-14 13:00:00,4.700,1006.900,9.600,5.000,11.100,4.869
2022-01-14 14:00:00,4.600,1007.200,10.300,354.000,12.200,4.183
2022-01-14 15:00:00,4.700,1007.600,9.700,340.000,12.000,3.238
2022-01-14 16:00:00,4.800,1007.600,10.900,336.000,13.400,2.644
2022-01-14 17:00:00,5.500,1007.200,10.700,334.000,12.600,2.198
2022-01-14 18:00:00,5.700,1007.200,9.300,331.000,11.000,2.146
2022-01-14 19:00:00,6.100,1007.300,10.600,333.000,12.400,2.405
2022-01-14 20:00:00,6.000,1008.100,10.900,335.000,12.800,2.753
2022-01-14 21:00:00,6.400,1008.800,1.800,176.000,13.600,3.609
2022-01-14 22:00:00,5.700,1009.400,12.300,337.000,14.300,4.137
2022-01-14 23:00:00,4.900,1010.600,12.800,321.000,14.900,4.311
2022-01-15 00:00:00,4.000,1011.800,13.400,326.000,16.800,4.281
2022-01-15 01:00:00,2.800,1013.100,13.500,325.000,16.900,4.055
2022-01-15 02:00:00,1.700,1013.600,14.100,333.000,16.500,3.301
2022-01-15 03:00:00,0.900,1014.700,12.500,326.000,16.700,2.536
2022-01-15 04:00:00,0.200,1015.300,12.600,330.000,14.600,1.900
2022-01-15 05:00:00,-0.800,1015.800,14.500,324.000,18.000,1.601
2022-01-15 06:00:00,-1.500,1016.500,12.900,329.000,15.600,1.900
2022-01-15 07:00:00,-2.200,1017.700,12.100,325.000,15.000,2.221
2022-01-15 08:00:00,-2.800,1018.400,12.900,323.000,14.900,3.077
2022-01-15 09:00:00,-3.300,1019.200,11.800,333.000,13.500,4.065
2022-01-15 10:00:00,-3.300,1020.000,13.500,345.000,15.800,4.839
2022-01-15 11:00:00,-3.800,1021.100,12.100,5.000,13.900,5.338
2022-01-15 12:00:00,-4.400,1022.400,10.000,351.000,12.600,5.561
2022-01-15 13:00:00,-5.100,1023.500,10.600,4.000,13.600,5.305
2022-01-15 14:00:00,-5.700,1024.800,9.600,12.000,12.300,4.744
2022-01-15 15:00:00,-6.000,1025.800,9.000,5.000,10.900,3.927
2022-01-15 16:00:00,-5.900,1026.200,7.300,346.000,8.600,2.890
2022-01-15 17:00:00,-5.700,1026.300,6.900,353.000,9.300,2.201
2022-01-15 18:00:00,-5.100,1025.900,7.400,358.000,9.600,1.834
2022-01-15 19:00:00,-4.500,1025.900,8.100,357.000,9.600,1.909
2022-01-15 20:00:00,-4.000,1026.100,6.400,356.000,10.000,2.231
2022-01-15 21:00:00,-3.900,1026.700,6.700,349.000,8.100,2.874
2022-01-15 22:00:00,-3.800,1027.200,6.100,360.000,7.700,3.632
2022-01-15 23:00:00,-3.500,1027.800,6.100,5.000,7.700,4.183
2022-01-16 00:00:00,-3.600,1027.900,5.600,16.000,7.800,4.495
2022-01-16 01:00:00,-3.700,1028.600,6.400,10.000,7.600,4.331
2022-01-16 02:00:00,-3.800,1029.000,7.000,24.000,8.100,3.904
2022-01-16 03:00:00,-4.100,1029.200,6.600,21.000,9.500,3.235
2022-01-16 04:00:00,-4.400,1029.300,5.600,37.000,6.800,2.461
2022-01-16 05:00:00,-4.400,1029.600,6.200,57.000,7.300,1.732
2022-01-16 06:00:00,-4.900,1028.400,6.000,36.000,7.700,1.545
2022-01-16 07:00:00,-5.100,1029.200,6.900,49.000,8.700,1.693
2022-01-16 08:00:00,-5.300,1029.300,6.100,55.000,7.700,2.083
2022-01-16 09:00:00,-5.300,1028.400,5.800,56.000,6.900,3.215
2022-01-16 10:00:00,-4.700,1027.900,5.800,59.000,6.700,4.012
2022-01-16 11:00:00,-4.800,1028.000,6.700,48.000,7.500,4.777
2022-01-16 12:00:00,-4.800,1027.800,6.600,50.000,8.100,5.056
2022-01-16 13:00:00,-4.900,1028.000,6.300,45.000,7.500,5.489
2022-01-16 14:00:00,-4.900,1027.500,4.500,45.000,5.100,4.849
2022-01-16 15:00:00,-2.100,1026.500,6.400,54.000,7.400,3.770
2022-01-16 16:00:00,-0.800,1025.300,7.300,62.000,8.700,2.966
2022-01-16 17:00:00,2.500,1023.600,6.100,90.000,7.200,1.752
2022-01-16 18:00:00,3.000,1021.000,8.600,88.000,10.400,1.286
2022-01-16 19:00:00,3.500,1019.000,9.200,80.000,10.800,1.093
2022-01-16 20:00:00,5.200,1017.000,8.900,98.000,11.300,1.348
2022-01-16 21:00:00,5.200,1016.200,8.100,93.000,11.300,1.906
2022-01-16 22:00:00,5.500,1014.000,10.500,90.000,12.400,2.904
2022-01-16 23:00:00,6.100,1011.400,11.500,93.000,13.500,3.927
2022-01-17 00:00:00,6.700,1008.300,12.400,91.000,15.600,4.544
2022-01-17 01:00:00,7.100,1005.400,11.900,92.000,14.700,4.682
2022-01-17 02:00:00,8.700,1001.300,11.300,103.000,14.600,4.659
2022-01-17 03:00:00,9.600,997.900,13.200,105.000,17.700,4.380
2022-01-17 04:00:00,10.000,993.300,12.700,105.000,17.100,4.006
2022-01-17 05:00:00,11.000,991.900,11.200,134.000,16.500,3.520
2022-01-17 06:00:00,9.900,989.900,5.800,147.000,7.800,3.307
2022-01-17 07:00:00,8.900,989.200,7.000,224.000,11.500,2.136
2022-01-17 08:00:00,6.900,988.900,5.100,186.000,8.100,2.963
2022-01-17 09:00:00,6.000,987.200,2.600,204.000,6.400,3.655
2022-01-17 10:00:00,5.700,987.100,4.400,222.000,9.200,3.602
2022-01-17 11:00:00,4.300,987.800,6.000,233.000,13.300,4.537
2022-01-17 12:00:00,3.300,988.400,9.500,227.000,14.900,5.427
2022-01-17 13:00:00,3.500,988.300,7.400,242.000,13.300,5.459
2022-01-17 14:00:00,3.600,989.400,8.600,249.000,14.300,4.521
2022-01-17 15:00:00,4.400,990.100,8.700,243.000,14.500,4.478
2022-01-17 16:00:00,5.200,990.500,7.000,240.000,9.400,3.642
2022-01-17 17:00:00,5.700,990.000,6.700,258.000,12.300,2.280
2022-01-17 18:00:00,5.300,990.300,9.900,266.000,15.700,1.650
2022-01-17 19:00:00,4.900,991.200,12.200,278.000,14.800,0.640
2022-01-17 20:00:00,4.800,992.400,15.200,278.000,16.900,0.410
2022-01-17 21:00:00,4.100,993.600,8.200,279.000,14.000,0.840
2022-01-17 22:00:00,3.000,995.200,12.800,277.000,17.700,1.332
2022-01-17 23:00:00,2.500,996.800,10.400,281.000,13.400,1.834
2022-01-18 00:00:00,2.100,998.500,12.900,282.000,15.200,2.441
2022-01-18 01:00:00,1.600,999.500,10.900,278.000,14.400,2.657
2022-01-18 02:00:00,1.800,1000.500,10.600,279.000,12.900,2.766
2022-01-18 03:00:00,1.900,1001.500,11.700,282.000,16.200,2.382
2022-01-18 04:00:00,1.900,1002.900,11.300,279.000,15.300,1.660
2022-01-18 05:00:00,1.400,1003.900,10.900,282.000,14.500,0.768
2022-01-18 06:00:00,1.300,1004.800,10.400,285.000,13.900,-0.164
2022-01-18 07:00:00,1.400,1005.900,10.900,284.000,13.700,-0.646
2022-01-18 08:00:00,1.900,1007.100,12.000,292.000,16.100,-0.548
2022-01-18 09:00:00,2.000,1008.200,11.900,292.000,14.700,0.079
2022-01-18 10:00:00,2.000,1009.600,11.800,297.000,13.700,0.932
2022-01-18 11:00:00,1.900,1011.300,10.900,293.000,14.100,1.864
2022-01-18 12:00:00,1.600,1012.600,8.700,290.000,11.200,2.913
2022-01-18 13:00:00,1.300,1014.000,5.600,273.000,8.000,3.593
2022-01-18 14:00:00,2.200,1015.100,8.200,280.000,10.900,3.885
2022-01-18 15:00:00,3.100,1016.300,10.800,282.000,13.400,3.720
2022-01-18 16:00:00,3.400,1016.700,12.300,286.000,15.500,2.910
2022-01-18 17:00:00,3.600,1016.700,10.100,286.000,12.400,1.978
2022-01-18 18:00:00,3.700,1017.100,8.500,288.000,11.300,0.771
2022-01-18 19:00:00,3.600,1018.000,10.600,286.000,14.100,-0.249
2022-01-18 20:00:00,3.500,1018.500,8.000,288.000,12.700,-0.676
2022-01-18 21:00:00,3.600,1019.200,8.500,279.000,11.200,-0.528
2022-01-18 22:00:00,3.200,1020.200,7.400,287.000,8.500,0.131
2022-01-18 23:00:00,2.300,1021.300,4.400,279.000,5.300,0.978
2022-01-19 00:00:00,1.400,1022.200,3.000,237.000,3.800,1.864
2022-01-19 01:00:00,1.400,1022.700,3.600,255.000,4.800,2.500
2022-01-19 02:00:00,0.100,1023.000,2.700,239.000,3.700,2.812
2022-01-19 03:00:00,0.000,1023.500,2.300,216.000,3.000,2.612
2022-01-19 04:00:00,-0.400,1023.700,2.900,214.000,3.600,2.146
2022-01-19 05:00:00,-0.800,1023.600,2.700,202.000,3.700,1.276
2022-01-19 06:00:00,-0.700,1023.600,1.900,211.000,3.100,0.285
2022-01-19 07:00:00,-1.000,1023.300,2.400,191.000,3.700,-0.377
2022-01-19 08:00:00,-0.800,1023.600,3.000,172.000,3.400,-0.673
2022-01-19 09:00:00,-0.100,1023.400,2.800,175.000,3.700,-0.180
2022-01-19 10:00:00,0.600,1023.000,2.500,185.000,4.000,0.512
2022-01-19 11:00:00,1.600,1022.700,2.800,196.000,6.000,1.486
2022-01-19 12:00:00,2.400,1022.400,4.400,183.000,6.900,2.664
2022-01-19 13:00:00,3.400,1022.300,3.600,202.000,5.900,3.553
2022-01-19 14:00:00,4.600,1022.000,4.600,210.000,9.300,4.091
2022-01-19 15:00:00,5.500,1021.700,5.300,217.000,8.600,3.947
2022-01-19 16:00:00,8.000,1020.500,5.500,221.000,11.000,3.327
2022-01-19 17:00:00,9.700,1019.000,7.300,218.000,11.000,2.339
2022-01-19 18:00:00,11.500,1017.900,6.100,229.000,11.000,1.135
2022-01-19 19:00:00,12.300,1017.400,5.200,252.000,10.200,-0.003
2022-01-19 20:00:00,12.100,1017.200,7.600,247.000,11.900,-0.663
2022-01-19 21:00:00,12.300,1016.800,4.800,219.000,7.800,-0.587
2022-01-19 22:00:00,10.800,1016.500,6.200,211.000,8.800,-0.148
2022-01-19 23:00:00,10.000,1017.300,4.400,219.000,7.600,0.505
2022-01-20 00:00:00,10.000,1017.300,3.100,209.000,6.300,1.424
2022-01-20 01:00:00,9.500,1017.400,3.400,219.000,5.500,2.316
2022-01-20 02:00:00,10.100,1017.000,2.800,222.000,5.900,2.831
2022-01-20 03:00:00,10.000,1016.900,3.400,219.000,6.300,2.910
2022-01-20 04:00:00,10.600,1016.900,3.600,228.000,5.700,2.700
2022-01-20 05:00:00,11.000,1016.900,5.100,229.000,8.100,2.037
2022-01-20 06:00:00,9.400,1016.800,4.600,231.000,7.200,1.138
2022-01-20 07:00:00,9.800,1016.700,2.500,217.000,4.500,0.249
2022-01-20 08:00:00,8.400,1016.700,2.100,226.000,3.400,-0.430
2022-01-20 09:00:00,7.400,1016.300,1.400,207.000,2.200,-0.233
2022-01-20 10:00:00,6.100,1016.300,1.300,256.000,1.500,0.381
2022-01-20 11:00:00,6.100,1016.900,2.100,235.000,2.500,1.099
2022-01-20 12:00:00,4.800,1017.600,2.200,292.000,2.200,2.257
2022-01-20 13:00:00,5.600,1018.200,4.300,359.000,5.300,3.294
2022-01-20 14:00:00,5.100,1019.700,4.400,5.000,5.200,4.032
2022-01-20 15:00:00,4.800,1020.100,5.300,5.000,6.000,4.341
2022-01-20 16:00:00,4.100,1020.900,7.200,345.000,8.900,4.032
2022-01-20 17:00:00,3.700,1020.700,8.400,335.000,9.500,3.294
2022-01-20 18:00:00,3.000,1020.900,8.900,341.000,11.300,2.339
2022-01-20 19:00:00,2.300,1021.200,7.900,7.000,10.300,1.181
2022-01-20 20:00:00,1.600,1021.700,9.900,357.000,11.900,0.374
2022-01-20 21:00:00,1.100,1022.600,10.400,6.000,11.700,0.039
2022-01-20 22:00:00,0.400,1023.500,9.800,7.000,11.100,0.269
2022-01-20 23:00:00,0.500,1024.600,12.100,10.000,13.700,0.945
2022-01-21 00:00:00,1.300,1025.300,10.100,10.000,11.800,1.913
2022-01-21 01:00:00,1.200,1026.200,10.900,13.000,12.000,2.776
2022-01-21 02:00:00,0.600,1026.900,9.800,16.000,11.600,3.422
2022-01-21 03:00:00,-0.200,1027.500,11.200,6.000,12.400,3.973
2022-01-21 04:00:00,-1.100,1028.000,10.200,0.000,12.500,4.072
2022-01-21 05:00:00,-2.100,1028.200,11.100,2.000,12.600,3.540
2022-01-21 06:00:00,-2.600,1028.200,11.100,13.000,13.000,2.749
2022-01-21 07:00:00,-3.100,1028.600,10.900,6.000,12.900,1.893
2022-01-21 08:00:00,-3.700,1029.000,10.300,11.000,12.000,1.158
2022-01-21 09:00:00,-4.100,1029.500,9.400,19.000,12.600,0.945
2022-01-21 10:00:00,-4.800,1030.200,10.100,16.000,13.100,1.240
2022-01-21 11:00:00,-4.900,1031.200,8.900,14.000,12.200,1.752
2022-01-21 12:00:00,-5.000,1032.100,9.900,15.000,12.000,2.575
2022-01-21 13:00:00,-5.400,1032.600,11.000,17.000,13.600,3.668
2022-01-21 14:00:00,-5.400,1033.100,9.100,22.000,12.300,4.633
2022-01-21 15:00:00,-5.400,1033.800,9.300,13.000,11.800,5.052
2022-01-21 16:00:00,-5.100,1033.600,9.600,24.000,11.500,5.144
2022-01-21 17:00:00,-4.800,1033.400,8.100,27.000,10.100,4.583
2022-01-21 18:00:00,-4.700,1032.600,7.000,21.000,9.200,3.921
2022-01-21 19:00:00,-4.500,1032.200,6.800,9.000,9.100,2.904
2022-01-21 20:00:00,-4.100,1032.400,6.200,20.000,8.000,1.883
2022-01-21 21:00:00,-3.900,1032.500,6.100,18.000,7.400,1.043
2022-01-21 22:00:00,-3.400,1032.400,6.100,39.000,6.900,0.925
2022-01-21 23:00:00,-3.200,1032.500,8.200,24.000,9.200,1.211
2022-01-22 00:00:00,-3.100,1033.100,8.000,32.000,10.000,1.827
2022-01-22 01:00:00,-3.000,1032.400,8.700,26.000,10.200,2.546
2022-01-22 02:00:00,-3.000,1032.100,9.200,22.000,12.100,3.494
2022-01-22 03:00:00,-2.800,1031.900,9.200,24.000,10.900,4.160
2022-01-22 04:00:00,-3.000,1031.900,10.200,30.000,12.900,4.560
2022-01-22 05:00:00,-3.800,1030.700,8.300,37.000,12.100,4.390
2022-01-22 06:00:00,-3.800,1029.500,9.400,26.000,11.300,3.963
2022-01-22 07:00:00,-3.700,1028.900,9.500,18.000,11.700,3.228
2022-01-22 08:00:00,-2.900,1028.100,10.000,14.000,12.500,2.379
2022-01-22 09:00:00,-3.100,1027.800,10.700,7.000,12.500,1.847
2022-01-22 10:00:00,-3.500,1027.900,9.500,17.000,11.800,1.558
2022-01-22 11:00:00,-3.600,1028.800,8.400,7.000,10.300,1.680
2022-01-22 12:00:00,-3.900,1029.400,7.900,9.000,9.700,2.218
2022-01-22 13:00:00,-4.200,1029.200,7.800,14.000,10.100,3.038
2022-01-22 14:00:00,-4.100,1029.300,7.400,7.000,9.600,3.986
2022-01-22 15:00:00,-4.000,1029.200,6.100,8.000,7.900,4.711
2022-01-22 16:00:00,-3.600,1029.000,6.100,8.000,8.200,5.020
2022-01-22 17:00:00,-2.900,1028.100,6.200,350.000,7.500,4.974
2022-01-22 18:00:00,-2.500,1026.600,5.700,337.000,7.000,4.377
2022-01-22 19:00:00,-2.200,1025.600,5.400,338.000,6.200,3.560
2022-01-22 20:00:00,-1.600,1025.100,5.500,344.000,6.200,2.497
2022-01-22 21:00:00,-0.800,1024.000,5.700,357.000,6.900,1.572
2022-01-22 22:00:00,-0.600,1023.800,4.700,352.000,5.200,1.004
2022-01-22 23:00:00,-0.500,1023.500,3.700,352.000,4.700,1.024
2022-01-23 00:00:00,-0.400,1023.300,2.700,337.000,4.000,1.312
2022-01-23 01:00:00,-2.900,1023.100,2.300,242.000,2.600,1.949
2022-01-23 02:00:00,-3.100,1023.000,2.300,256.000,2.900,2.982
2022-01-23 03:00:00,-3.800,1022.400,1.900,214.000,2.700,3.684
2022-01-23 04:00:00,-4.400,1021.900,1.400,210.000,2.300,4.203
2022-01-23 05:00:00,-4.200,1020.900,1.200,217.000,2.300,4.436
2022-01-23 06:00:00,-4.100,1019.800,1.300,195.000,2.100,4.167
2022-01-23 07:00:00,-3.900,1019.800,1.300,226.000,2.800,3.543
2022-01-23 08:00:00,-4.000,1018.900,1.600,215.000,2.300,2.608
2022-01-23 09:00:00,-4.100,1018.000,1.800,220.000,2.600,1.768
2022-01-23 10:00:00,-4.200,1017.600,1.400,218.000,2.200,1.063
2022-01-23 11:00:00,-4.700,1017.400,2.200,225.000,2.900,0.860
2022-01-23 12:00:00,-4.400,1017.500,3.600,233.000,4.300,1.234
2022-01-23 13:00:00,-3.300,1017.600,3.100,252.000,5.100,1.844
2022-01-23 14:00:00,-1.600,1016.900,1.200,258.000,2.300,2.805
2022-01-23 15:00:00,0.100,1016.100,0.000,225.000,0.700,3.668
2022-01-23 16:00:00,0.000,1015.500,1.500,303.000,1.900,4.357
2022-01-23 17:00:00,0.500,1014.000,1.000,61.000,1.300,4.560
2022-01-23 18:00:00,1.000,1012.400,3.800,45.000,4.100,4.436
2022-01-23 19:00:00,1.900,1011.500,4.000,124.000,5.900,3.740
2022-01-23 20:00:00,2.200,1010.500,4.500,152.000,6.100,2.894
2022-01-23 21:00:00,2.800,1010.000,3.200,159.000,5.900,1.827
2022-01-23 22:00:00,1.600,1010.000,2.300,160.000,3.800,1.099
2022-01-23 23:00:00,1.100,1009.700,3.100,173.000,4.600,0.758
2022-01-24 00:00:00,0.900,1009.700,2.200,186.000,3.600,0.892
2022-01-24 01:00:00,0.900,1009.600,1.600,202.000,3.000,1.368
2022-01-24 02:00:00,0.600,1009.800,0.900,214.000,1.600,2.162
2022-01-24 03:00:00,0.700,1009.600,1.000,200.000,1.900,3.084
2022-01-24 04:00:00,0.200,1009.200,0.000,190.000,0.000,3.786
2022-01-24 05:00:00,-0.300,1009.100,0.900,265.000,1.000,4.190
2022-01-24 06:00:00,-1.000,1009.600,0.700,277.000,1.400,4.275
2022-01-24 07:00:00,0.500,1009.800,2.700,240.000,3.700,3.894
2022-01-24 08:00:00,0.900,1010.200,3.200,248.000,4.000,3.196
2022-01-24 09:00:00,1.500,1010.800,6.500,308.000,7.500,2.365
2022-01-24 10:00:00,1.000,1011.000,6.100,341.000,7.700,1.457
2022-01-24 11:00:00,1.400,1011.800,8.600,341.000,10.300,0.886
2022-01-24 12:00:00,1.000,1013.300,7.200,331.000,8.300,0.919
2022-01-24 13:00:00,0.800,1014.200,8.600,354.000,10.300,1.391
2022-01-24 14:00:00,0.800,1014.100,7.300,7.000,8.300,2.034
2022-01-24 15:00:00,0.800,1014.400,5.900,347.000,7.100,2.907
2022-01-24 16:00:00,0.800,1014.500,3.200,339.000,4.600,3.793
2022-01-24 17:00:00,1.000,1013.800,2.900,14.000,4.600,4.295
2022-01-24 18:00:00,0.900,1012.900,3.100,31.000,3.600,4.488
2022-01-24 19:00:00,1.000,1012.700,4.200,103.000,5.400,4.239
2022-01-24 20:00:00,1.800,1012.500,4.900,126.000,6.300,3.570
2022-01-24 21:00:00,2.600,1012.100,3.500,166.000,6.700,2.589
2022-01-24 22:00:00,1.900,1012.000,3.300,161.000,5.400,1.900
2022-01-24 23:00:00,1.700,1012.500,2.500,174.000,4.500,1.293
2022-01-25 00:00:00,1.700,1012.400,2.900,172.000,4.600,1.152
2022-01-25 01:00:00,1.700,1012.200,3.300,163.000,3.700,1.240
2022-01-25 02:00:00,2.600,1011.700,3.200,174.000,4.300,1.719
2022-01-25 03:00:00,3.100,1011.800,3.500,183.000,5.000,2.559
2022-01-25 04:00:00,3.900,1011.800,3.200,198.000,5.100,3.488
2022-01-25 05:00:00,4.600,1011.200,4.000,199.000,6.700,4.144
2022-01-25 06:00:00,4.800,1010.700,3.700,212.000,5.400,4.485
2022-01-25 07:00:00,5.300,1010.800,4.600,218.000,8.400,4.390
2022-01-25 08:00:00,5.300,1010.800,4.600,219.000,7.600,4.085
2022-01-25 09:00:00,5.000,1010.800,3.000,222.000,5.100,3.412
2022-01-25 10:00:00,4.600,1010.900,2.200,227.000,3.300,2.444
2022-01-25 11:00:00,4.900,1011.600,2.700,224.000,4.700,1.572
2022-01-25 12:00:00,4.900,1012.200,2.300,202.000,3.600,1.033
2022-01-25 13:00:00,4.900,1012.900,2.300,215.000,3.300,0.951
2022-01-25 14:00:00,4.800,1014.200,1.600,237.000,2.100,1.401
2022-01-25 15:00:00,4.700,1015.000,1.600,297.000,2.200,1.975
2022-01-25 16:00:00,4.300,1015.100,2.100,6.000,2.500,2.779
2022-01-25 17:00:00,4.700,1014.700,0.900,274.000,1.400,3.461
2022-01-25 18:00:00,4.200,1014.800,2.900,342.000,3.200,4.039
2022-01-25 19:00:00,4.000,1014.600,3.600,351.000,4.500,4.065
2022-01-25 20:00:00,4.000,1015.300,3.600,322.000,3.900,3.724
2022-01-25 21:00:00,4.000,1016.000,4.900,331.000,5.500,3.143
2022-01-25 22:00:00,4.400,1016.800,4.700,334.000,5.400,2.362
2022-01-25 23:00:00,4.200,1018.400,9.000,346.000,11.300,1.627
2022-01-26 00:00:00,3.800,1019.700,8.900,351.000,10.900,0.869
2022-01-26 01:00:00,3.200,1020.400,8.600,358.000,10.100,0.656
2022-01-26 02:00:00,2.400,1020.900,11.100,353.000,12.600,0.974
2022-01-26 03:00:00,1.800,1021.300,10.500,342.000,12.700,1.414
2022-01-26 04:00:00,1.500,1021.900,10.700,355.000,12.500,2.290
2022-01-26 05:00:00,0.800,1022.100,10.400,340.000,11.900,3.386
2022-01-26 06:00:00,0.400,1022.600,10.700,345.000,11.700,4.088
2022-01-26 07:00:00,-0.200,1023.100,10.900,347.000,12.300,4.495
2022-01-26 08:00:00,-0.700,1023.900,11.500,333.000,13.900,4.649
2022-01-26 09:00:00,-1.100,1024.300,11.600,334.000,14.700,4.314
2022-01-26 10:00:00,-1.400,1024.800,11.000,3.000,13.900,3.527
2022-01-26 11:00:00,-2.000,1025.700,11.600,341.000,14.300,2.582
2022-01-26 12:00:00,-2.400,1026.900,10.300,352.000,12.200,1.716
2022-01-26 13:00:00,-2.500,1027.800,11.200,354.000,12.600,1.175
2022-01-26 14:00:00,-3.000,1028.700,10.700,5.000,12.400,1.145
2022-01-26 15:00:00,-3.300,1029.200,9.200,351.000,11.600,1.509
2022-01-26 16:00:00,-3.000,1029.000,10.300,353.000,11.800,1.942
2022-01-26 17:00:00,-2.800,1028.300,12.200,341.000,13.700,2.657
2022-01-26 18:00:00,-2.600,1027.900,12.800,329.000,14.500,3.353
2022-01-26 19:00:00,-2.100,1027.900,8.500,351.000,10.500,3.547
2022-01-26 20:00:00,-1.700,1028.100,6.900,2.000,9.000,3.635
2022-01-26 21:00:00,-1.500,1028.200,7.800,359.000,10.000,3.406
2022-01-26 22:00:00,-1.200,1028.900,7.200,6.000,10.000,2.874
2022-01-26 23:00:00,-1.300,1029.800,9.100,347.000,10.100,2.152
2022-01-27 00:00:00,-1.200,1030.600,8.100,338.000,10.000,1.391
2022-01-27 01:00:00,-1.400,1031.100,7.700,346.000,10.200,0.650
2022-01-27 02:00:00,-1.700,1031.700,5.800,10.000,8.100,0.341
2022-01-27 03:00:00,-2.100,1032.000,7.000,19.000,9.100,0.607
2022-01-27 04:00:00,-2.300,1032.100,6.800,26.000,7.700,1.250
2022-01-27 05:00:00,-2.500,1032.300,5.900,31.000,7.200,2.129
2022-01-27 06:00:00,-2.800,1032.200,6.000,61.000,7.700,3.097
2022-01-27 07:00:00,-3.100,1031.900,5.400,63.000,6.900,3.921
2022-01-27 08:00:00,-3.100,1032.000,3.500,31.000,5.500,4.413
2022-01-27 09:00:00,-3.000,1031.400,3.200,25.000,4.500,4.587
2022-01-27 10:00:00,-3.600,1031.500,2.300,105.000,3.700,4.203
2022-01-27 11:00:00,-3.700,1031.900,1.700,105.000,2.600,3.465
2022-01-27 12:00:00,-3.900,1032.000,1.700,77.000,2.000,2.507
2022-01-27 13:00:00,-2.300,1032.100,2.600,84.000,3.600,1.506
2022-01-27 14:00:00,-2.000,1032.000,3.600,70.000,4.600,0.942
2022-01-27 15:00:00,-1.800,1032.100,2.200,21.000,2.800,0.745
2022-01-27 16:00:00,-1.100,1032.100,3.000,31.000,3.700,0.938
2022-01-27 17:00:00,0.000,1030.700,2.900,172.000,4.200,1.270
2022-01-27 18:00:00,0.200,1029.200,3.500,110.000,4.700,2.178
2022-01-27 19:00:00,0.500,1028.200,3.800,123.000,5.700,2.851
2022-01-27 20:00:00,0.600,1027.000,3.700,148.000,6.500,3.330
2022-01-27 21:00:00,0.900,1027.000,2.400,143.000,4.200,3.468
2022-01-27 22:00:00,0.300,1026.900,1.900,138.000,3.300,3.419
2022-01-27 23:00:00,-0.700,1026.600,1.000,199.000,2.200,3.025
2022-01-28 00:00:00,-0.900,1026.400,1.300,180.000,2.200,2.185
2022-01-28 01:00:00,-1.200,1026.500,1.600,202.000,2.100,1.250
2022-01-28 02:00:00,-1.800,1025.900,3.000,238.000,3.400,0.522
2022-01-28 03:00:00,-1.700,1025.300,2.100,173.000,3.100,0.282
2022-01-28 04:00:00,-1.100,1025.200,1.600,207.000,2.900,0.627
2022-01-28 05:00:00,-0.900,1024.200,1.500,171.000,2.400,1.224
2022-01-28 06:00:00,-0.700,1023.700,1.300,201.000,2.800,2.152
2022-01-28 07:00:00,-0.700,1023.400,1.000,198.000,1.900,3.251
2022-01-28 08:00:00,-0.500,1022.800,1.600,202.000,3.300,4.167
2022-01-28 09:00:00,-0.400,1021.600,1.500,180.000,2.500,4.744
2022-01-28 10:00:00,-0.500,1021.200,2.100,183.000,3.200,4.829
2022-01-28 11:00:00,-0.400,1021.200,1.600,186.000,3.100,4.406
2022-01-28 12:00:00,-0.600,1021.300,1.300,211.000,2.600,3.619
2022-01-28 13:00:00,0.000,1020.900,1.800,181.000,2.400,2.608
2022-01-28 14:00:00,1.600,1021.000,0.900,243.000,1.900,1.594
2022-01-28 15:00:00,1.200,1020.600,1.400,347.000,1.900,0.768
2022-01-28 16:00:00,1.600,1020.800,3.200,359.000,3.700,0.417
2022-01-28 17:00:00,1.900,1019.800,3.900,14.000,4.700,0.620
2022-01-28 18:00:00,2.000,1018.500,4.800,24.000,5.100,1.066
2022-01-28 19:00:00,1.900,1017.200,5.400,25.000,5.700,1.903
2022-01-28 20:00:00,2.000,1016.100,5.400,22.000,6.000,2.743
2022-01-28 21:00:00,2.500,1015.800,3.400,34.000,3.900,3.320
2022-01-28 22:00:00,3.100,1015.600,5.700,81.000,6.500,3.868
2022-01-28 23:00:00,2.900,1014.400,7.000,47.000,8.300,3.868
2022-01-29 00:00:00,2.700,1014.000,7.300,37.000,8.100,3.415
2022-01-29 01:00:00,2.000,1014.800,8.600,32.000,9.600,2.858
2022-01-29 02:00:00,0.100,1013.300,8.800,34.000,9.700,1.808
2022-01-29 03:00:00,0.100,1011.900,9.800,21.000,11.200,1.138
2022-01-29 04:00:00,0.200,1010.900,10.200,15.000,11.500,1.096
2022-01-29 05:00:00,0.200,1009.500,12.200,12.000,13.700,1.549
2022-01-29 06:00:00,-0.100,1008.400,12.900,14.000,15.800,2.306
2022-01-29 07:00:00,-0.400,1007.000,12.800,18.000,15.000,3.481
2022-01-29 08:00:00,-0.700,1006.300,13.900,10.000,16.600,4.675
2022-01-29 09:00:00,-1.100,1005.100,14.600,3.000,17.200,5.778
2022-01-29 10:00:00,-1.700,1004.500,17.100,353.000,21.100,6.499
2022-01-29 11:00:00,-1.800,1004.500,17.200,351.000,19.700,6.677
2022-01-29 12:00:00,-2.200,1004.800,15.500,353.000,20.400,6.404
2022-01-29 13:00:00,-3.000,1005.700,18.100,340.000,21.000,5.692
2022-01-29 14:00:00,-3.100,1005.800,18.100,339.000,23.000,4.524
2022-01-29 15:00:00,-4.200,1006.700,15.400,331.000,19.500,3.376
2022-01-29 16:00:00,-5.000,1007.500,17.100,326.000,20.500,2.477
2022-01-29 17:00:00,-6.100,1007.600,16.000,325.000,20.600,1.860
2022-01-29 18:00:00,-6.400,1007.500,16.800,314.000,19.400,1.759
2022-01-29 19:00:00,-5.800,1007.500,15.900,317.000,18.500,2.195
2022-01-29 20:00:00,-5.200,1007.700,14.300,313.000,17.000,2.726
2022-01-29 21:00:00,-4.800,1008.000,15.400,311.000,17.700,3.612
2022-01-29 22:00:00,-4.600,1008.300,13.900,306.000,17.100,4.229
2022-01-29 23:00:00,-4.300,1009.000,14.300,309.000,15.800,4.685
2022-01-30 00:00:00,-4.900,1009.900,11.000,301.000,12.700,4.560
2022-01-30 01:00:00,-4.800,1010.800,10.200,305.000,12.500,4.101
2022-01-30 02:00:00,-4.800,1011.500,12.700,306.000,15.200,3.136
2022-01-30 03:00:00,-4.500,1011.900,15.700,319.000,19.500,2.139
2022-01-30 04:00:00,-4.700,1012.700,16.300,327.000,20.800,1.247
2022-01-30 05:00:00,-5.200,1013.500,14.700,325.000,19.300,0.755
2022-01-30 06:00:00,-5.700,1014.300,15.600,324.000,19.200,0.968
2022-01-30 07:00:00,-5.900,1015.300,15.700,329.000,18.900,1.611
2022-01-30 08:00:00,-6.100,1015.900,12.800,330.000,15.100,2.592
2022-01-30 09:00:00,-6.800,1016.800,10.100,307.000,12.400,3.871
2022-01-30 10:00:00,-7.600,1017.400,7.900,296.000,9.900,4.869
2022-01-30 11:00:00,-7.700,1018.400,7.700,294.000,9.200,5.591
2022-01-30 12:00:00,-8.300,1019.400,5.900,286.000,7.300,5.879
2022-01-30 13:00:00,-7.600,1020.200,6.100,288.000,7.300,5.449
2022-01-30 14:00:00,-7.000,1020.500,6.100,283.000,7.500,4.606
2022-01-30 15:00:00,-6.200,1020.600,6.300,283.000,7.100,3.261
2022-01-30 16:00:00,-5.100,1020.400,5.700,285.000,7.500,1.939
2022-01-30 17:00:00,-4.500,1019.700,5.200,288.000,6.400,0.889
2022-01-30 18:00:00,-3.300,1018.800,5.000,268.000,6.000,0.417
2022-01-30 19:00:00,-3.100,1018.400,6.600,278.000,9.100,0.338
2022-01-30 20:00:00,-2.400,1018.100,5.000,273.000,6.300,0.892
2022-01-30 21:00:00,-2.000,1018.100,3.600,265.000,4.800,1.759
2022-01-30 22:00:00,-2.500,1018.300,2.400,269.000,3.100,2.746
2022-01-30 23:00:00,-2.700,1019.400,1.200,274.000,1.500,3.550
2022-01-31 00:00:00,-2.500,1020.500,0.800,243.000,0.900,3.658
2022-01-31 01:00:00,-2.500,1021.200,0.000,238.000,0.000,3.507
2022-01-31 02:00:00,-2.400,1022.000,0.400,184.000,0.900,2.874
2022-01-31 03:00:00,-2.900,1022.300,1.200,129.000,1.400,1.709
2022-01-31 04:00:00,-2.000,1022.400,2.100,128.000,2.400,0.476
2022-01-31 05:00:00,-1.600,1022.400,1.700,125.000,2.000,-0.659
2022-01-31 06:00:00,-1.800,1022.300,1.400,108.000,1.700,-1.102
2022-01-31 07:00:00,-0.800,1022.200,3.400,90.000,4.400,-0.745
2022-01-31 08:00:00,-0.800,1021.800,4.600,87.000,5.600,0.243
2022-01-31 09:00:00,-0.600,1022.300,5.200,84.000,6.300,1.562
2022-01-31 10:00:00,-0.600,1022.800,6.500,73.000,7.600,2.917
2022-01-31 11:00:00,-0.600,1023.400,6.000,83.000,6.800,4.147
2022-01-31 12:00:00,-0.100,1024.200,6.600,84.000,7.600,4.888
2022-01-31 13:00:00,0.100,1024.800,7.000,87.000,7.900,4.970
2022-01-31 14:00:00,0.500,1026.000,6.500,77.000,7.900,4.623
2022-01-31 15:00:00,0.800,1026.300,7.200,89.000,8.600,3.619
2022-01-31 16:00:00,1.000,1027.100,6.600,70.000,7.600,2.310
2022-01-31 17:00:00,0.700,1026.700,6.800,58.000,7.800,0.801
2022-01-31 18:00:00,0.700,1026.200,8.000,64.000,8.700,-0.243
2022-01-31 19:00:00,0.700,1025.900,8.900,60.000,9.600,-0.548
2022-01-31 20:00:00,0.900,1026.200,7.200,60.000,8.300,-0.246
2022-01-31 21:00:00,0.900,1026.400,7.400,59.000,8.700,0.535
2022-01-31 22:00:00,1.100,1026.600,8.100,63.000,9.100,1.765
2022-01-31 23:00:00,1.000,1027.300,7.700,55.000,8.600,2.887
2022-02-01 00:00:00,0.600,1028.200,7.300,55.000,7.800,3.734
2022-02-01 01:00:00,0.600,1028.700,6.700,64.000,7.400,3.999
2022-02-01 02:00:00,0.600,1029.300,6.300,48.000,7.200,3.891
2022-02-01 03:00:00,0.800,1029.600,5.600,56.000,6.700,3.205
2022-02-01 04:00:00,0.700,1030.000,6.200,40.000,7.500,2.224
2022-02-01 05:00:00,-0.100,1029.900,7.400,43.000,8.400,0.988
2022-02-01 06:00:00,-0.200,1029.800,7.000,42.000,8.300,-0.056
2022-02-01 07:00:00,0.100,1030.100,6.100,40.000,7.000,-0.338
2022-02-01 08:00:00,-0.300,1030.300,7.200,31.000,8.300,0.161
2022-02-01 09:00:00,-0.300,1030.100,7.000,35.000,7.800,1.099
2022-02-01 10:00:00,-0.200,1030.500,6.700,39.000,7.700,2.388
2022-02-01 11:00:00,-0.200,1031.300,7.200,31.000,7.800,3.743
2022-02-01 12:00:00,-0.200,1032.400,5.800,24.000,6.300,4.918
2022-02-01 13:00:00,-0.100,1032.800,6.400,38.000,7.300,5.538
2022-02-01 14:00:00,0.300,1032.700,5.900,48.000,6.700,5.587
2022-02-01 15:00:00,0.200,1033.400,4.100,34.000,5.000,5.026
2022-02-01 16:00:00,0.800,1033.100,6.100,34.000,6.800,3.993
2022-02-01 17:00:00,1.000,1032.700,6.300,28.000,6.800,2.559
2022-02-01 18:00:00,2.000,1032.500,4.100,19.000,4.800,1.296
2022-02-01 19:00:00,2.300,1032.200,2.800,343.000,3.300,0.358
2022-02-01 20:00:00,2.700,1031.700,2.800,33.000,3.700,0.144
2022-02-01 21:00:00,2.400,1031.400,7.700,79.000,10.300,0.571
2022-02-01 22:00:00,2.200,1031.400,7.700,75.000,9.100,1.503
2022-02-01 23:00:00,2.300,1031.900,7.200,71.000,8.400,2.677
2022-02-02 00:00:00,2.200,1032.800,4.900,51.000,6.000,3.727
2022-02-02 01:00:00,2.100,1033.200,5.300,59.000,6.000,4.436
2022-02-02 02:00:00,2.100,1033.100,6.100,62.000,6.800,4.665
2022-02-02 03:00:00,2.000,1032.800,5.200,77.000,5.800,4.373
2022-02-02 04:00:00,1.800,1032.700,2.500,68.000,3.200,3.547
2022-02-02 05:00:00,1.800,1032.400,2.200,34.000,2.800,2.467
2022-02-02 06:00:00,1.600,1031.900,1.800,31.000,2.100,1.184
2022-02-02 07:00:00,1.500,1031.600,1.800,6.000,1.900,0.243
2022-02-02 08:00:00,1.300,1031.100,2.300,7.000,2.700,0.043
2022-02-02 09:00:00,1.200,1030.700,1.900,336.000,2.300,0.636
2022-02-02 10:00:00,1.300,1031.100,2.900,327.000,3.400,1.545
2022-02-02 11:00:00,1.500,1030.800,2.800,341.000,3.000,2.690
2022-02-02 12:00:00,1.500,1030.500,1.200,14.000,1.700,3.983
2022-02-02 13:00:00,1.700,1031.100,3.300,342.000,3.800,5.089
2022-02-02 14:00:00,2.000,1031.100,1.800,326.000,2.100,5.679
2022-02-02 15:00:00,2.000,1031.700,3.900,319.000,4.600,5.607
2022-02-02 16:00:00,2.000,1031.500,2.300,314.000,3.500,4.879
2022-02-02 17:00:00,2.700,1030.300,1.700,333.000,2.100,3.747
2022-02-02 18:00:00,2.000,1029.600,2.300,294.000,2.500,2.277
2022-02-02 19:00:00,2.400,1029.300,0.800,303.000,1.100,0.902
2022-02-02 20:00:00,2.600,1028.900,1.200,108.000,1.500,0.000
2022-02-02 21:00:00,5.000,1027.800,1.900,118.000,3.100,-0.072
2022-02-02 22:00:00,5.000,1028.000,0.500,90.000,1.300,0.600
2022-02-02 23:00:00,5.400,1027.500,1.900,124.000,2.400,1.578
2022-02-03 00:00:00,4.300,1027.900,0.000,308.000,0.000,2.736
2022-02-03 01:00:00,4.900,1027.400,0.300,185.000,1.300,3.737
2022-02-03 02:00:00,4.300,1027.400,0.800,279.000,1.100,4.367
2022-02-03 03:00:00,3.700,1026.600,0.800,154.000,1.100,4.393
2022-02-03 04:00:00,3.200,1026.800,0.400,221.000,0.900,4.016
2022-02-03 05:00:00,3.100,1026.300,1.600,177.000,2.000,3.196
2022-02-03 06:00:00,3.400,1026.300,0.900,231.000,1.300,1.975
2022-02-03 07:00:00,3.700,1026.000,0.000,99.000,0.000,0.755
2022-02-03 08:00:00,2.900,1026.000,1.100,351.000,1.600,-0.121
2022-02-03 09:00:00,2.500,1025.800,0.300,352.000,0.600,-0.085
2022-02-03 10:00:00,2.400,1025.700,0.000,50.000,0.300,0.482
2022-02-03 11:00:00,2.700,1026.000,0.000,112.000,0.000,1.404
2022-02-03 12:00:00,3.000,1026.400,1.200,131.000,1.600,2.707
2022-02-03 13:00:00,3.500,1026.400,1.600,156.000,2.200,3.999
2022-02-03 14:00:00,4.600,1026.400,3.600,149.000,5.100,4.938
2022-02-03 15:00:00,5.300,1025.800,3.800,156.000,4.700,5.325
2022-02-03 16:00:00,6.400,1025.500,4.400,168.000,5.400,5.115
2022-02-03 17:00:00,9.700,1024.200,2.600,181.000,5.300,4.167
2022-02-03 18:00:00,11.500,1022.800,2.500,192.000,5.300,3.123
2022-02-03 19:00:00,12.500,1022.100,2.700,194.000,5.100,1.726
2022-02-03 20:00:00,13.200,1021.400,2.100,191.000,3.400,0.512
2022-02-03 21:00:00,12.100,1021.000,2.400,162.000,3.300,-0.161
2022-02-03 22:00:00,10.700,1020.800,3.000,172.000,3.900,0.098
2022-02-03 23:00:00,11.700,1020.400,2.600,174.000,4.200,0.827
2022-02-04 00:00:00,12.100,1020.200,3.300,188.000,5.700,1.837
2022-02-04 01:00:00,13.500,1019.900,4.200,195.000,7.600,2.861
2022-02-04 02:00:00,13.700,1018.700,4.200,193.000,6.800,3.839
2022-02-04 03:00:00,14.500,1018.200,4.400,194.000,6.900,4.341
2022-02-04 04:00:00,15.500,1017.900,6.400,212.000,9.200,4.400
2022-02-04 05:00:00,14.500,1017.400,4.800,206.000,8.500,3.914
2022-02-04 06:00:00,14.200,1016.500,4.100,195.000,8.200,2.943
2022-02-04 07:00:00,14.700,1015.500,5.100,192.000,7.300,1.673
2022-02-04 08:00:00,14.100,1014.300,5.300,186.000,8.000,0.433
2022-02-04 09:00:00,13.400,1012.800,5.900,176.000,9.500,-0.108
2022-02-04 10:00:00,15.000,1012.100,4.800,192.000,8.700,0.016
2022-02-04 11:00:00,16.100,1012.300,6.500,197.000,12.200,0.640
2022-02-04 12:00:00,16.000,1012.400,3.400,206.000,7.600,1.506
2022-02-04 13:00:00,16.800,1012.000,5.900,200.000,8.400,2.641
2022-02-04 14:00:00,15.600,1012.200,4.500,202.000,6.600,3.714
2022-02-04 15:00:00,15.800,1012.000,3.600,205.000,8.300,4.419
2022-02-04 16:00:00,16.200,1011.600,4.500,211.000,9.100,4.564
2022-02-04 17:00:00,17.500,1010.400,4.900,211.000,9.500,4.226
2022-02-04 18:00:00,18.700,1009.100,7.100,219.000,12.800,3.294
2022-02-04 19:00:00,7.400,1010.600,9.200,324.000,12.500,2.513
2022-02-04 20:00:00,5.200,1011.100,5.700,317.000,6.100,0.784
2022-02-04 21:00:00,4.900,1012.800,7.900,315.000,9.600,-0.374
2022-02-04 22:00:00,4.500,1014.000,10.000,315.000,12.000,-0.735
2022-02-04 23:00:00,3.600,1014.700,10.200,318.000,13.200,-0.148
2022-02-05 00:00:00,2.800,1015.000,6.600,320.000,8.100,0.390
2022-02-05 01:00:00,2.500,1016.800,10.300,313.000,12.800,1.332
2022-02-05 02:00:00,1.600,1016.000,9.300,338.000,11.600,2.628
2022-02-05 03:00:00,1.200,1016.900,9.200,323.000,11.000,3.675
2022-02-05 04:00:00,0.600,1017.200,10.800,324.000,12.000,4.101
2022-02-05 05:00:00,0.500,1016.800,11.000,334.000,12.900,4.055
2022-02-05 06:00:00,0.400,1016.700,10.800,334.000,12.000,3.442
2022-02-05 07:00:00,0.300,1017.100,11.600,331.000,13.300,2.694
2022-02-05 08:00:00,0.100,1017.100,10.500,327.000,11.700,1.611
2022-02-05 09:00:00,0.000,1018.200,11.500,322.000,14.900,0.722
2022-02-05 10:00:00,0.000,1019.400,12.100,329.000,14.100,0.236
2022-02-05 11:00:00,-0.100,1020.400,11.200,326.000,14.500,0.436
2022-02-05 12:00:00,-0.300,1021.800,12.300,321.000,15.600,0.988
2022-02-05 13:00:00,-0.500,1023.500,12.500,331.000,14.400,1.834
2022-02-05 14:00:00,-0.500,1025.000,10.000,327.000,13.900,2.910
2022-02-05 15:00:00,-0.100,1025.900,11.500,325.000,13.800,3.802
2022-02-05 16:00:00,0.000,1026.600,11.800,315.000,15.400,4.104
2022-02-05 17:00:00,0.000,1027.600,13.400,312.000,14.900,4.131
2022-02-05 18:00:00,-0.400,1027.300,11.100,328.000,14.300,3.589
2022-02-05 19:00:00,-0.500,1027.500,10.700,328.000,12.300,2.657
2022-02-05 20:00:00,-0.600,1028.100,11.600,345.000,13.700,1.572
2022-02-05 21:00:00,-0.700,1029.000,11.000,337.000,14.200,0.600
2022-02-05 22:00:00,-0.700,1030.300,9.400,337.000,13.100,-0.108
2022-02-05 23:00:00,-1.100,1032.000,8.500,328.000,11.400,-0.148
2022-02-06 00:00:00,-1.300,1033.000,10.400,331.000,13.100,0.308
2022-02-06 01:00:00,-1.400,1033.800,8.200,335.000,11.400,0.879
2022-02-06 02:00:00,-1.800,1034.300,7.800,3.000,10.200,1.870
2022-02-06 03:00:00,-2.200,1034.800,7.500,14.000,9.800,2.851
2022-02-06 04:00:00,-2.300,1035.100,7.700,4.000,10.200,3.606
2022-02-06 05:00:00,-2.600,1035.000,7.000,22.000,9.200,3.914
2022-02-06 06:00:00,-2.700,1035.200,8.700,27.000,10.200,3.638
2022-02-06 07:00:00,-3.100,1035.000,8.300,33.000,9.600,3.209
2022-02-06 08:00:00,-3.800,1035.100,9.600,50.000,10.600,2.411
2022-02-06 09:00:00,-4.300,1035.400,8.000,49.000,9.400,1.404
2022-02-06 10:00:00,-4.600,1036.200,5.500,48.000,6.500,0.561
2022-02-06 11:00:00,-4.300,1036.500,5.000,42.000,6.600,0.305
2022-02-06 12:00:00,-4.300,1037.300,3.800,53.000,5.200,0.548
2022-02-06 13:00:00,-4.000,1037.600,3.600,47.000,4.600,1.053
2022-02-06 14:00:00,-3.800,1037.600,3.400,61.000,4.200,1.939
2022-02-06 15:00:00,-3.100,1037.300,3.400,62.000,4.200,2.884
2022-02-06 16:00:00,-2.700,1036.800,2.900,41.000,4.300,3.688
2022-02-06 17:00:00,-1.200,1035.600,4.000,55.000,5.200,4.091
2022-02-06 18:00:00,-1.300,1034.900,3.000,341.000,4.000,4.131
2022-02-06 19:00:00,-0.600,1034.000,4.000,346.000,4.800,3.589
2022-02-06 20:00:00,1.100,1033.600,5.000,72.000,6.000,2.772
2022-02-06 21:00:00,1.300,1033.400,5.000,102.000,6.300,1.716
2022-02-06 22:00:00,1.600,1032.900,5.200,88.000,6.200,1.047
2022-02-06 23:00:00,1.900,1033.000,4.100,89.000,4.700,0.633
2022-02-07 00:00:00,2.300,1032.300,4.900,95.000,6.200,0.650
2022-02-07 01:00:00,2.600,1032.200,4.200,84.000,5.000,1.122
2022-02-07 02:00:00,3.000,1031.500,4.800,88.000,5.300,1.883
2022-02-07 03:00:00,3.200,1031.200,4.900,78.000,5.500,2.808
2022-02-07 04:00:00,3.100,1030.700,4.000,62.000,5.200,3.737
2022-02-07 05:00:00,2.800,1030.300,3.300,43.000,4.100,4.236
2022-02-07 06:00:00,2.500,1029.400,3.900,73.000,4.400,4.413
2022-02-07 07:00:00,2.500,1029.100,2.900,42.000,3.300,4.213
2022-02-07 08:00:00,2.200,1028.100,4.300,52.000,4.900,3.642
2022-02-07 09:00:00,2.300,1027.600,3.400,35.000,4.400,2.723
2022-02-07 10:00:00,2.500,1027.100,3.100,41.000,4.200,1.877
2022-02-07 11:00:00,2.400,1026.500,3.900,41.000,4.200,1.168
2022-02-07 12:00:00,2.300,1026.400,3.000,14.000,4.000,0.948
2022-02-07 13:00:00,2.300,1026.200,3.800,5.000,4.600,1.194
2022-02-07 14:00:00,2.300,1025.500,3.800,28.000,4.200,1.677
2022-02-07 15:00:00,2.400,1025.000,4.000,345.000,4.600,2.503
2022-02-07 16:00:00,2.300,1024.300,4.000,330.000,4.800,3.189
2022-02-07 17:00:00,2.200,1023.300,6.000,320.000,6.600,3.812
2022-02-07 18:00:00,2.300,1021.700,5.100,325.000,6.300,3.993
2022-02-07 19:00:00,2.700,1021.800,6.700,321.000,8.000,3.776
2022-02-07 20:00:00,2.800,1020.800,6.200,332.000,7.400,3.219
2022-02-07 21:00:00,2.500,1020.400,6.500,332.000,7.900,2.520
2022-02-07 22:00:00,2.600,1020.500,5.800,331.000,7.100,1.827
2022-02-07 23:00:00,2.600,1019.100,8.100,355.000,9.200,1.171
2022-02-08 00:00:00,2.700,1018.300,5.500,358.000,6.500,0.951
2022-02-08 01:00:00,2.700,1017.700,6.500,347.000,7.400,1.260
2022-02-08 02:00:00,2.600,1017.300,5.800,353.000,7.100,1.598
2022-02-08 03:00:00,2.600,1015.900,5.400,335.000,6.000,2.306
2022-02-08 04:00:00,2.600,1014.600,4.200,352.000,4.900,3.474
2022-02-08 05:00:00,2.600,1014.300,3.100,339.000,4.300,4.268
2022-02-08 06:00:00,2.900,1014.500,6.400,314.000,7.500,4.646
2022-02-08 07:00:00,3.000,1013.700,8.400,318.000,9.600,4.911
2022-02-08 08:00:00,3.000,1013.900,7.700,307.000,9.000,4.436
2022-02-08 09:00:00,3.400,1013.800,7.500,309.000,8.300,3.914
2022-02-08 10:00:00,3.200,1014.400,6.400,292.000,7.700,2.976
2022-02-08 11:00:00,2.600,1015.300,6.900,289.000,7.900,2.103
2022-02-08 12:00:00,2.000,1015.900,5.500,283.000,6.200,1.460
2022-02-08 13:00:00,2.200,1016.700,5.600,281.000,6.900,1.394
2022-02-08 14:00:00,3.100,1017.200,6.000,290.000,6.900,1.440
2022-02-08 15:00:00,4.500,1016.900,6.700,306.000,7.700,1.854
2022-02-08 16:00:00,4.800,1017.000,6.000,317.000,6.800,2.549
2022-02-08 17:00:00,5.600,1016.600,7.900,305.000,9.000,3.146
2022-02-08 18:00:00,6.400,1016.000,9.900,285.000,11.200,3.524
2022-02-08 19:00:00,6.600,1015.900,7.400,281.000,8.800,3.691
2022-02-08 20:00:00,6.900,1015.600,7.900,288.000,10.300,3.461
2022-02-08 21:00:00,6.500,1015.800,6.900,301.000,7.800,2.946
2022-02-08 22:00:00,6.300,1016.500,7.500,300.000,7.900,2.336
2022-02-08 23:00:00,5.200,1017.700,4.700,289.000,5.500,1.598
2022-02-09 00:00:00,4.400,1018.900,3.800,291.000,4.300,0.988
2022-02-09 01:00:00,4.100,1019.500,3.900,316.000,4.300,0.702
2022-02-09 02:00:00,3.800,1020.200,4.200,305.000,4.800,0.804
2022-02-09 03:00:00,2.600,1020.100,2.000,269.000,2.600,1.201
2022-02-09 04:00:00,2.300,1019.900,2.000,264.000,2.400,1.870
2022-02-09 05:00:00,1.800,1019.900,2.200,232.000,2.600,2.638
2022-02-09 06:00:00,1.200,1019.900,1.300,232.000,2.000,3.268
2022-02-09 07:00:00,0.700,1020.000,2.300,232.000,2.600,3.688
2022-02-09 08:00:00,0.400,1019.900,1.500,239.000,1.600,3.668
2022-02-09 09:00:00,1.300,1019.800,1.900,239.000,2.000,3.327
2022-02-09 10:00:00,1.400,1019.500,1.800,124.000,2.000,2.808
2022-02-09 11:00:00,-0.100,1020.100,2.800,164.000,3.000,2.037
2022-02-09 12:00:00,-1.100,1020.200,0.000,124.000,0.000,1.437
2022-02-09 13:00:00,2.500,1020.400,2.600,139.000,3.700,0.869
2022-02-09 14:00:00,4.300,1020.300,4.100,150.000,5.400,0.745
2022-02-09 15:00:00,5.500,1020.000,4.800,160.000,7.000,0.955
2022-02-09 16:00:00,6.800,1019.700,5.300,161.000,7.900,1.237
2022-02-09 17:00:00,7.800,1018.800,5.200,163.000,7.000,1.745
2022-02-09 18:00:00,8.400,1017.700,6.600,173.000,8.400,2.372
2022-02-09 19:00:00,8.300,1016.200,5.300,147.000,7.200,2.795
2022-02-09 20:00:00,8.900,1015.500,6.600,157.000,8.500,2.858
2022-02-09 21:00:00,9.300,1015.300,4.600,166.000,6.800,2.703
2022-02-09 22:00:00,8.500,1014.800,4.100,170.000,6.200,2.513
2022-02-09 23:00:00,7.200,1014.800,3.800,166.000,5.200,1.923
2022-02-10 00:00:00,6.600,1015.000,2.600,171.000,4.100,1.371
2022-02-10 01:00:00,6.900,1014.600,4.400,161.000,6.400,0.860
2022-02-10 02:00:00,6.800,1014.600,3.000,171.000,4.500,0.627
2022-02-10 03:00:00,6.900,1014.400,3.400,171.000,5.100,0.869
2022-02-10 04:00:00,6.700,1014.000,2.300,168.000,3.500,1.391
2022-02-10 05:00:00,6.100,1013.600,2.600,162.000,3.200,2.060
2022-02-10 06:00:00,6.100,1013.100,2.700,173.000,3.200,2.812
2022-02-10 07:00:00,6.000,1012.700,2.200,203.000,3.000,3.435
2022-02-10 08:00:00,6.200,1011.900,2.700,211.000,4.700,3.816
2022-02-10 09:00:00,6.400,1011.400,3.300,225.000,4.600,3.924
2022-02-10 10:00:00,5.700,1011.800,3.900,237.000,5.000,3.661
2022-02-10 11:00:00,5.600,1012.700,4.600,244.000,6.400,3.077
2022-02-10 12:00:00,5.400,1013.500,4.000,253.000,6.500,2.359
2022-02-10 13:00:00,5.900,1014.100,3.700,246.000,5.300,1.608
2022-02-10 14:00:00,8.400,1014.200,3.500,248.000,5.100,1.102
2022-02-10 15:00:00,10.800,1014.100,3.600,227.000,4.900,0.935
2022-02-10 16:00:00,12.300,1014.000,6.200,255.000,7.500,1.020
2022-02-10 17:00:00,13.600,1013.100,3.900,242.000,9.200,1.388
2022-02-10 18:00:00,14.200,1011.800,7.600,266.000,11.200,1.841
2022-02-10 19:00:00,14.500,1011.600,11.300,265.000,16.100,2.388
2022-02-10 20:00:00,14.300,1011.500,8.500,271.000,11.900,2.667
2022-02-10 21:00:00,14.500,1011.600,8.300,275.000,12.500,2.818
2022-02-10 22:00:00,14.500,1012.000,5.400,264.000,6.400,2.854
2022-02-10 23:00:00,12.600,1012.800,1.800,207.000,2.300,2.490
2022-02-11 00:00:00,11.800,1013.600,2.200,188.000,2.800,1.916
2022-02-11 01:00:00,10.200,1013.800,1.400,192.000,2.200,1.358
2022-02-11 02:00:00,7.900,1014.300,0.800,71.000,1.700,0.906
2022-02-11 03:00:00,7.200,1014.500,0.000,126.000,1.000,0.863
2022-02-11 04:00:00,5.000,1014.500,1.700,297.000,1.800,1.142
2022-02-11 05:00:00,5.400,1014.600,1.300,46.000,2.500,1.575
2022-02-11 06:00:00,5.400,1014.700,0.400,25.000,0.900,2.336
2022-02-11 07:00:00,6.300,1014.800,3.300,102.000,4.400,3.058
2022-02-11 08:00:00,6.800,1015.300,4.300,90.000,4.900,3.675
2022-02-11 09:00:00,7.000,1015.500,5.100,95.000,6.000,4.144
2022-02-11 10:00:00,6.600,1016.300,4.500,106.000,5.500,4.183
2022-02-11 11:00:00,7.000,1016.500,4.700,124.000,6.400,3.871
2022-02-11 12:00:00,6.500,1017.100,4.400,140.000,6.100,3.281
2022-02-11 13:00:00,8.000,1017.900,4.000,147.000,5.700,2.536
2022-02-11 14:00:00,8.900,1018.100,5.400,158.000,6.900,1.890
2022-02-11 15:00:00,10.300,1018.000,4.900,160.000,6.900,1.444
2022-02-11 16:00:00,11.900,1017.700,6.200,146.000,8.000,1.207
2022-02-11 17:00:00,12.700,1016.900,6.100,165.000,8.700,1.194
2022-02-11 18:00:00,13.900,1015.300,4.900,165.000,7.800,1.555
2022-02-11 19:00:00,14.200,1014.100,4.700,161.000,8.200,2.080
2022-02-11 20:00:00,14.100,1013.500,6.600,173.000,10.800,2.575
2022-02-11 21:00:00,14.000,1013.400,3.900,177.000,8.500,2.894
2022-02-11 22:00:00,14.200,1013.600,6.800,197.000,10.300,3.031
2022-02-11 23:00:00,12.600,1014.100,6.000,189.000,8.200,2.986
2022-02-12 00:00:00,12.100,1014.500,4.300,189.000,7.900,2.598
2022-02-12 01:00:00,12.600,1014.700,5.000,189.000,8.200,1.880
2022-02-12 02:00:00,13.100,1014.600,5.300,198.000,9.700,1.178
2022-02-12 03:00:00,13.000,1014.600,5.200,197.000,8.200,0.764
2022-02-12 04:00:00,13.100,1014.200,4.400,207.000,7.300,0.715
2022-02-12 05:00:00,12.900,1014.100,4.400,212.000,8.100,1.027
2022-02-12 06:00:00,12.400,1013.900,4.600,218.000,7.800,1.532
2022-02-12 07:00:00,12.900,1013.900,5.900,222.000,7.700,2.231
2022-02-12 08:00:00,12.900,1013.800,4.700,227.000,6.900,3.074
2022-02-12 09:00:00,12.600,1013.400,4.600,222.000,7.200,3.678
2022-02-12 10:00:00,12.400,1013.600,5.200,224.000,8.800,4.009
2022-02-12 11:00:00,11.800,1013.700,4.700,220.000,7.800,3.976
2022-02-12 12:00:00,11.300,1014.000,4.800,228.000,8.400,3.543
2022-02-12 13:00:00,11.800,1014.200,5.500,223.000,8.000,2.890
2022-02-12 14:00:00,13.600,1015.400,6.000,258.000,9.000,2.165
2022-02-12 15:00:00,13.400,1015.800,8.100,282.000,11.600,1.355
2022-02-12 16:00:00,13.600,1016.000,8.500,283.000,9.900,0.853
2022-02-12 17:00:00,13.300,1015.800,5.300,300.000,5.900,0.643
2022-02-12 18:00:00,11.800,1015.100,3.800,22.000,4.300,0.781
2022-02-12 19:00:00,11.600,1015.400,1.600,50.000,2.000,1.066
2022-02-12 20:00:00,12.100,1015.200,2.200,58.000,2.500,1.565
2022-02-12 21:00:00,8.400,1016.200,2.900,62.000,4.400,2.057
2022-02-12 22:00:00,7.600,1016.900,3.000,59.000,4.000,2.572
2022-02-12 23:00:00,8.100,1017.600,1.800,70.000,2.200,2.822
2022-02-13 00:00:00,8.500,1018.400,0.500,311.000,0.700,2.671
2022-02-13 01:00:00,8.600,1019.000,0.700,94.000,1.100,2.129
2022-02-13 02:00:00,8.100,1019.100,0.800,294.000,1.100,1.526
2022-02-13 03:00:00,6.400,1019.500,3.200,314.000,3.600,0.892
2022-02-13 04:00:00,6.000,1019.100,5.100,351.000,6.100,0.541
2022-02-13 05:00:00,5.900,1018.700,5.100,2.000,6.400,0.584
2022-02-13 06:00:00,5.300,1018.600,4.700,343.000,5.000,0.883
2022-02-13 07:00:00,5.400,1019.100,6.200,7.000,7.400,1.549
2022-02-13 08:00:00,4.800,1019.100,9.500,5.000,10.800,2.559
2022-02-13 09:00:00,4.200,1019.600,7.300,6.000,8.800,3.465
2022-02-13 10:00:00,3.900,1020.300,8.500,17.000,10.000,4.039
2022-02-13 11:00:00,3.800,1020.400,7.800,15.000,8.700,4.268
2022-02-13 12:00:00,3.400,1020.600,8.200,20.000,10.000,4.242
2022-02-13 13:00:00,3.500,1021.000,6.400,33.000,7.400,3.967
2022-02-13 14:00:00,3.500,1021.200,7.300,43.000,7.800,3.497
2022-02-13 15:00:00,3.600,1020.700,5.100,33.000,5.600,2.605
2022-02-13 16:00:00,3.400,1020.300,5.200,12.000,5.800,1.919
2022-02-13 17:00:00,2.800,1019.200,7.700,347.000,8.500,1.509
2022-02-13 18:00:00,2.700,1018.500,8.000,338.000,9.400,1.309
2022-02-13 19:00:00,2.400,1017.600,9.100,343.000,10.400,1.496
2022-02-13 20:00:00,2.000,1016.900,9.900,344.000,10.700,1.818
2022-02-13 21:00:00,1.300,1016.700,10.400,338.000,11.700,2.493
2022-02-13 22:00:00,1.100,1016.700,9.600,336.000,11.400,3.156
2022-02-13 23:00:00,0.900,1017.300,7.300,327.000,8.700,3.517
2022-02-14 00:00:00,0.900,1017.100,8.200,324.000,9.500,3.553
2022-02-14 01:00:00,0.900,1017.400,10.000,342.000,11.100,3.294
2022-02-14 02:00:00,1.100,1017.600,9.500,347.000,11.400,2.877
2022-02-14 03:00:00,0.700,1018.000,9.800,1.000,11.300,2.126
2022-02-14 04:00:00,0.800,1017.800,10.800,342.000,12.300,1.427
2022-02-14 05:00:00,0.600,1017.500,8.500,349.000,10.900,0.896
2022-02-14 06:00:00,0.200,1017.600,7.900,345.000,10.400,0.961
2022-02-14 07:00:00,-0.400,1018.000,9.300,352.000,11.300,1.496
2022-02-14 08:00:00,-1.000,1018.200,8.300,350.000,10.400,2.241
2022-02-14 09:00:00,-1.600,1018.400,7.100,4.000,8.600,3.238
2022-02-14 10:00:00,-1.900,1019.100,7.200,355.000,8.700,4.062
2022-02-14 11:00:00,-2.500,1019.900,6.200,357.000,8.300,4.590
2022-02-14 12:00:00,-3.200,1021.000,8.600,6.000,10.600,4.964
2022-02-14 13:00:00,-4.200,1022.500,11.200,349.000,14.000,5.003
2022-02-14 14:00:00,-4.500,1023.500,9.500,349.000,11.500,4.222
2022-02-14 15:00:00,-4.300,1024.100,8.200,327.000,9.500,3.199
2022-02-14 16:00:00,-4.100,1024.700,7.800,329.000,10.300,1.965
2022-02-14 17:00:00,-3.300,1024.100,8.100,307.000,10.000,1.083
2022-02-14 18:00:00,-3.000,1023.700,11.800,311.000,13.500,0.682
2022-02-14 19:00:00,-2.300,1023.200,9.300,314.000,12.400,0.584
2022-02-14 20:00:00,-1.900,1023.600,10.800,300.000,12.900,0.774
2022-02-14 21:00:00,-1.700,1024.400,9.900,307.000,12.300,1.355
2022-02-14 22:00:00,-1.700,1026.000,8.700,305.000,11.200,2.087
2022-02-14 23:00:00,-1.700,1027.100,8.700,299.000,10.500,2.769
2022-02-15 00:00:00,-2.100,1028.300,4.400,288.000,5.200,3.005
2022-02-15 01:00:00,-3.100,1029.100,2.700,263.000,3.200,2.753
2022-02-15 02:00:00,-3.700,1029.800,2.100,230.000,2.700,2.490
2022-02-15 03:00:00,-4.000,1030.800,2.700,247.000,3.400,1.739
2022-02-15 04:00:00,-2.600,1031.300,5.100,285.000,5.900,0.965
2022-02-15 05:00:00,-1.800,1031.900,8.900,339.000,10.400,0.279
2022-02-15 06:00:00,-2.200,1032.500,8.500,322.000,11.100,-0.085
2022-02-15 07:00:00,-2.300,1032.800,7.100,343.000,9.400,-0.023
2022-02-15 08:00:00,-3.000,1033.400,6.900,302.000,7.800,0.577
2022-02-15 09:00:00,-3.700,1034.500,5.700,291.000,6.800,1.585
2022-02-15 10:00:00,-4.800,1035.000,4.300,269.000,4.700,2.552
2022-02-15 11:00:00,-4.100,1035.500,5.200,294.000,5.600,3.304
2022-02-15 12:00:00,-3.500,1036.600,4.400,303.000,6.800,3.973
2022-02-15 13:00:00,-2.600,1037.900,8.300,336.000,9.300,4.203
2022-02-15 14:00:00,-2.600,1038.900,6.000,333.000,9.100,3.780
2022-02-15 15:00:00,-2.500,1039.700,4.800,358.000,8.100,3.064
2022-02-15 16:00:00,-2.600,1040.200,3.800,11.000,4.800,2.067
2022-02-15 17:00:00,-2.700,1040.000,2.800,38.000,4.700,0.978
2022-02-15 18:00:00,-2.600,1039.400,3.700,19.000,5.100,0.203
2022-02-15 19:00:00,-2.100,1038.800,4.300,40.000,5.200,-0.013
2022-02-15 20:00:00,-1.500,1038.600,3.100,79.000,4.500,0.131
2022-02-15 21:00:00,-0.800,1038.800,1.500,71.000,3.500,0.646
2022-02-15 22:00:00,-0.500,1039.100,3.000,146.000,4.000,1.617
2022-02-15 23:00:00,-1.400,1039.800,2.000,169.000,3.200,2.448
2022-02-16 00:00:00,-1.600,1040.300,2.300,174.000,3.800,2.995
2022-02-16 01:00:00,-1.500,1040.500,2.500,177.000,3.500,3.278
2022-02-16 02:00:00,-1.500,1040.900,2.800,174.000,3.700,3.064
2022-02-16 03:00:00,-1.200,1041.200,2.800,173.000,3.700,2.421
2022-02-16 04:00:00,-1.400,1040.900,2.100,169.000,3.400,1.506
2022-02-16 05:00:00,-0.800,1040.800,2.900,162.000,4.000,0.515
2022-02-16 06:00:00,-0.500,1040.900,2.200,165.000,3.800,-0.138
2022-02-16 07:00:00,-0.100,1040.700,2.300,164.000,3.600,-0.315
2022-02-16 08:00:00,0.500,1040.000,3.000,152.000,4.300,0.115
2022-02-16 09:00:00,1.100,1039.700,2.200,172.000,4.400,0.919
2022-02-16 10:00:00,1.800,1039.500,3.700,156.000,5.500,1.942
2022-02-16 11:00:00,2.100,1039.700,3.400,163.000,4.700,3.005
2022-02-16 12:00:00,2.100,1039.800,3.100,160.000,4.000,3.809
2022-02-16 13:00:00,3.300,1039.900,3.000,161.000,4.500,4.265
2022-02-16 14:00:00,5.200,1040.000,3.000,154.000,5.400,4.180
2022-02-16 15:00:00,6.500,1039.800,3.800,170.000,5.800,3.573
2022-02-16 16:00:00,7.100,1039.300,4.800,159.000,7.600,2.585
2022-02-16 17:00:00,8.700,1038.100,5.300,162.000,7.300,1.345
2022-02-16 18:00:00,9.600,1036.500,5.200,143.000,6.300,0.351
2022-02-16 19:00:00,10.900,1035.000,4.900,148.000,7.100,-0.299
2022-02-16 20:00:00,10.800,1034.000,4.000,143.000,6.600,-0.259
2022-02-16 21:00:00,11.300,1033.000,4.200,164.000,5.700,0.171
2022-02-16 22:00:00,10.500,1032.500,3.200,169.000,5.900,1.093
2022-02-16 23:00:00,9.700,1032.500,3.200,194.000,5.400,2.178
2022-02-17 00:00:00,8.900,1032.100,4.100,197.000,5.800,2.989
2022-02-17 01:00:00,8.600,1031.900,4.200,193.000,6.100,3.451
2022-02-17 02:00:00,10.100,1031.200,5.200,197.000,7.800,3.438
2022-02-17 03:00:00,11.600,1031.000,5.000,190.000,7.700,3.028
2022-02-17 04:00:00,11.900,1030.800,4.700,193.000,7.200,2.323
2022-02-17 05:00:00,11.900,1030.600,4.000,207.000,6.700,1.302
2022-02-17 06:00:00,12.900,1030.200,5.200,214.000,8.100,0.272
2022-02-17 07:00:00,13.000,1029.500,3.400,203.000,8.100,-0.387
2022-02-17 08:00:00,13.800,1028.600,5.400,205.000,7.500,-0.413
2022-02-17 09:00:00,14.400,1027.500,5.100,206.000,7.800,0.226
2022-02-17 10:00:00,14.200,1027.100,4.200,225.000,6.600,1.191
2022-02-17 11:00:00,13.600,1026.700,4.300,197.000,5.600,2.310
2022-02-17 12:00:00,13.800,1026.400,4.000,206.000,7.600,3.396
2022-02-17 13:00:00,14.500,1026.200,3.800,211.000,7.400,4.085
2022-02-17 14:00:00,15.600,1025.600,4.700,212.000,7.700,4.288
2022-02-17 15:00:00,16.800,1025.300,5.700,234.000,7.800,3.976
2022-02-17 16:00:00,18.600,1023.700,7.600,219.000,11.200,3.140
2022-02-17 17:00:00,19.000,1022.100,6.600,213.000,12.300,1.985
2022-02-17 18:00:00,19.500,1020.800,3.600,227.000,6.600,0.863
2022-02-17 19:00:00,18.000,1018.700,7.400,164.000,10.100,-0.043
2022-02-17 20:00:00,17.800,1017.400,6.400,166.000,8.300,-0.433
2022-02-17 21:00:00,18.200,1015.700,5.000,182.000,12.100,-0.203
2022-02-17 22:00:00,17.100,1015.000,4.600,192.000,10.200,0.545
2022-02-17 23:00:00,15.200,1014.200,6.200,182.000,9.700,1.457
2022-02-18 00:00:00,14.300,1012.500,6.200,182.000,9.900,2.461
2022-02-18 01:00:00,14.300,1010.400,6.700,181.000,10.900,3.297
2022-02-18 02:00:00,14.700,1009.700,6.100,193.000,8.500,3.615
2022-02-18 03:00:00,15.600,1009.200,3.900,202.000,10.600,3.530
2022-02-18 04:00:00,16.400,1008.100,6.600,210.000,9.500,3.009
2022-02-18 05:00:00,16.900,1007.300,6.400,214.000,11.500,1.952
2022-02-18 06:00:00,17.200,1005.400,7.200,197.000,12.900,0.722
2022-02-18 07:00:00,16.700,1003.900,7.500,201.000,12.700,-0.338
2022-02-18 08:00:00,16.700,1001.500,7.400,200.000,14.400,-0.896
2022-02-18 09:00:00,17.200,999.900,7.300,203.000,12.800,-0.623
2022-02-18 10:00:00,18.000,998.900,6.200,216.000,15.500,0.171
2022-02-18 11:00:00,19.800,998.600,9.400,235.000,16.100,0.981
2022-02-18 12:00:00,20.200,999.900,12.100,248.000,18.400,1.972
2022-02-18 13:00:00,12.600,1003.800,11.700,296.000,13.900,3.366
2022-02-18 14:00:00,11.000,1006.500,13.300,301.000,16.800,3.330
2022-02-18 15:00:00,8.200,1009.100,13.100,311.000,18.700,3.491
2022-02-18 16:00:00,7.400,1010.900,11.800,316.000,15.000,2.799
2022-02-18 17:00:00,7.000,1011.300,13.100,320.000,16.200,1.621
2022-02-18 18:00:00,6.600,1012.100,10.900,331.000,14.900,0.472
2022-02-18 19:00:00,6.400,1012.400,12.300,326.000,15.500,-0.627
2022-02-18 20:00:00,6.100,1013.000,11.300,331.000,14.600,-1.220
2022-02-18 21:00:00,6.200,1013.700,12.500,319.000,15.000,-1.345
2022-02-18 22:00:00,5.800,1015.000,12.800,316.000,14.900,-0.486
2022-02-18 23:00:00,5.000,1016.400,10.800,307.000,12.800,0.341
2022-02-19 00:00:00,4.500,1018.300,9.600,332.000,11.600,1.312
2022-02-19 01:00:00,3.900,1019.400,10.100,322.000,11.600,2.461
2022-02-19 02:00:00,3.500,1020.000,8.400,325.000,10.100,3.107
2022-02-19 03:00:00,3.200,1020.600,8.100,335.000,10.200,3.245
2022-02-19 04:00:00,2.800,1020.900,7.800,339.000,8.600,3.100
2022-02-19 05:00:00,2.100,1020.500,6.000,299.000,6.600,2.480
2022-02-19 06:00:00,1.800,1020.300,5.600,321.000,7.000,1.578
2022-02-19 07:00:00,0.200,1020.000,4.400,273.000,4.800,0.551
2022-02-19 08:00:00,0.700,1019.900,5.600,310.000,6.400,-0.308
2022-02-19 09:00:00,-0.400,1019.200,3.400,273.000,4.700,-0.548
2022-02-19 10:00:00,-1.600,1019.400,1.800,206.000,2.600,-0.256
2022-02-19 11:00:00,-2.100,1019.400,2.300,217.000,2.900,0.430
2022-02-19 12:00:00,-2.700,1019.500,2.300,217.000,3.200,1.535
2022-02-19 13:00:00,-0.900,1019.600,1.600,206.000,3.800,2.690
2022-02-19 14:00:00,1.200,1019.300,3.400,231.000,6.000,3.615
2022-02-19 15:00:00,3.000,1017.900,4.300,208.000,8.000,4.049
2022-02-19 16:00:00,5.200,1016.400,5.600,237.000,10.600,3.734
2022-02-19 17:00:00,7.400,1014.000,3.900,219.000,9.300,3.091
2022-02-19 18:00:00,8.100,1013.300,8.500,256.000,11.700,2.247
2022-02-19 19:00:00,7.900,1013.000,10.600,276.000,13.200,0.925
2022-02-19 20:00:00,8.100,1013.700,12.600,289.000,16.400,-0.052
2022-02-19 21:00:00,6.800,1015.000,18.400,299.000,22.500,-0.689
2022-02-19 22:00:00,5.100,1017.000,20.000,306.000,25.600,-0.531
2022-02-19 23:00:00,4.300,1019.700,15.300,306.000,18.800,-0.571
2022-02-20 00:00:00,2.000,1022.500,17.500,315.000,21.800,0.305
2022-02-20 01:00:00,0.900,1024.400,17.100,317.000,20.600,1.135
2022-02-20 02:00:00,-0.100,1026.200,13.700,310.000,15.400,1.375
2022-02-20 03:00:00,-0.900,1027.900,16.200,324.000,20.300,2.671
2022-02-20 04:00:00,-1.300,1029.200,15.200,321.000,17.800,2.956
2022-02-20 05:00:00,-1.700,1029.700,13.300,325.000,16.200,2.841
2022-02-20 06:00:00,-2.200,1030.700,11.900,321.000,13.800,2.241
2022-02-20 07:00:00,-2.800,1031.400,11.900,315.000,13.000,1.444
2022-02-20 08:00:00,-3.100,1032.000,8.600,322.000,12.400,0.433
2022-02-20 09:00:00,-3.200,1031.900,7.300,336.000,10.500,-0.187
2022-02-20 10:00:00,-3.200,1032.500,7.500,358.000,10.000,-0.335
2022-02-20 11:00:00,-3.200,1032.500,4.600,4.000,6.500,-0.167
2022-02-20 12:00:00,-4.100,1033.500,6.900,293.000,7.700,0.866
2022-02-20 13:00:00,-3.600,1034.400,5.900,297.000,6.900,1.969
2022-02-20 14:00:00,-3.400,1034.800,4.200,347.000,5.400,2.989
2022-02-20 15:00:00,-2.800,1034.100,1.400,19.000,2.500,3.583
2022-02-20 16:00:00,-2.400,1034.300,2.200,339.000,2.800,3.583
2022-02-20 17:00:00,-1.600,1034.200,1.500,58.000,2.300,3.366
2022-02-20 18:00:00,-0.200,1033.300,2.900,128.000,5.200,2.598
2022-02-20 19:00:00,0.100,1031.400,6.800,129.000,8.400,1.499
2022-02-20 20:00:00,0.900,1031.000,6.900,160.000,9.800,0.233
2022-02-20 21:00:00,1.500,1030.200,6.800,156.000,10.300,-0.889
2022-02-20 22:00:00,1.800,1029.700,5.300,176.000,9.000,-0.807
2022-02-20 23:00:00,1.400,1029.800,1.500,178.000,4.800,-0.249
2022-02-21 00:00:00,1.100,1030.100,3.600,197.000,5.400,0.351
2022-02-21 01:00:00,0.800,1030.000,2.900,196.000,4.500,1.368
2022-02-21 02:00:00,0.700,1029.800,2.100,191.000,3.200,2.372
2022-02-21 03:00:00,0.700,1029.700,2.800,188.000,4.100,3.202
2022-02-21 04:00:00,1.100,1029.100,3.400,188.000,5.600,3.638
2022-02-21 05:00:00,1.800,1028.600,3.400,196.000,5.500,3.579
2022-02-21 06:00:00,1.800,1028.700,2.300,209.000,4.500,3.087
2022-02-21 07:00:00,2.600,1028.200,3.300,212.000,6.800,2.195
2022-02-21 08:00:00,3.100,1027.900,3.500,212.000,5.700,1.086
2022-02-21 09:00:00,3.100,1027.700,3.200,199.000,4.700,0.118
2022-02-21 10:00:00,3.600,1027.800,3.100,210.000,5.000,-0.410
2022-02-21 11:00:00,3.000,1028.200,2.000,200.000,3.900,-0.302
2022-02-21 12:00:00,3.100,1028.100,2.400,206.000,4.900,0.141
2022-02-21 13:00:00,5.200,1028.600,3.400,219.000,5.500,0.938
2022-02-21 14:00:00,8.000,1028.700,3.500,228.000,6.600,1.965
2022-02-21 15:00:00,8.900,1028.600,5.000,244.000,7.200,2.953
2022-02-21 16:00:00,11.100,1028.400,4.200,259.000,6.000,3.465
2022-02-21 17:00:00,13.000,1027.700,3.300,267.000,4.800,3.540
2022-02-21 18:00:00,11.300,1026.900,4.900,76.000,5.200,3.107
2022-02-21 19:00:00,13.000,1025.900,3.800,138.000,4.500,2.326
2022-02-21 20:00:00,13.900,1025.600,4.500,139.000,6.400,1.224
2022-02-21 21:00:00,14.000,1025.700,3.100,150.000,4.100,0.171
2022-02-21 22:00:00,13.500,1025.600,3.300,171.000,4.800,-0.361
2022-02-21 23:00:00,12.000,1026.400,3.000,180.000,5.400,-0.295
2022-02-22 00:00:00,10.100,1027.300,2.800,184.000,4.300,0.000
2022-02-22 01:00:00,10.100,1027.500,2.500,198.000,3.800,0.633
2022-02-22 02:00:00,10.200,1027.600,3.100,192.000,4.400,1.634
2022-02-22 03:00:00,10.500,1027.500,2.400,183.000,4.500,2.612
2022-02-22 04:00:00,10.600,1027.800,2.600,208.000,4.800,3.425
2022-02-22 05:00:00,10.800,1027.400,3.200,194.000,4.900,3.780
2022-02-22 06:00:00,10.700,1026.700,3.400,191.000,5.400,3.698
2022-02-22 07:00:00,10.900,1026.600,3.900,195.000,5.400,3.120
2022-02-22 08:00:00,11.400,1026.200,3.400,192.000,5.400,2.287
2022-02-22 09:00:00,12.100,1026.100,2.900,198.000,5.100,1.306
2022-02-22 10:00:00,12.400,1026.200,2.500,193.000,3.800,0.354
2022-02-22 11:00:00,12.600,1026.000,2.300,193.000,4.500,-0.174
2022-02-22 12:00:00,14.700,1026.200,3.100,212.000,5.800,-0.013
2022-02-22 13:00:00,15.700,1026.300,3.500,192.000,5.900,0.486
2022-02-22 14:00:00,15.700,1026.300,4.600,177.000,7.000,1.280
2022-02-22 15:00:00,17.200,1026.100,4.300,189.000,7.800,2.287
2022-02-22 16:00:00,17.800,1025.500,3.900,185.000,6.800,3.054
2022-02-22 17:00:00,17.100,1024.800,3.200,200.000,8.800,3.389
2022-02-22 18:00:00,18.200,1022.700,6.200,190.000,11.500,3.484
2022-02-22 19:00:00,17.900,1021.900,5.800,193.000,8.800,3.114
2022-02-22 20:00:00,17.400,1021.500,6.100,186.000,9.400,2.388
2022-02-22 21:00:00,17.100,1020.900,4.400,190.000,9.800,1.421
2022-02-22 22:00:00,17.100,1020.700,5.400,193.000,8.700,0.702
2022-02-22 23:00:00,17.000,1019.500,7.000,180.000,11.400,0.276
2022-02-23 00:00:00,16.600,1019.700,6.200,198.000,10.400,0.312
2022-02-23 01:00:00,17.400,1019.200,5.500,206.000,12.200,0.659
2022-02-23 02:00:00,18.100,1018.300,5.800,211.000,13.300,1.322
2022-02-23 03:00:00,18.100,1017.800,6.900,215.000,11.900,2.238
2022-02-23 04:00:00,18.900,1017.600,7.700,225.000,12.500,3.192
2022-02-23 05:00:00,19.200,1017.100,6.000,228.000,10.700,3.743
2022-02-23 06:00:00,19.200,1016.400,8.000,227.000,14.600,4.108
2022-02-23 07:00:00,18.900,1015.900,6.300,228.000,15.200,3.757
2022-02-23 08:00:00,18.500,1015.200,7.200,233.000,14.000,3.474
2022-02-23 09:00:00,18.200,1016.000,6.000,248.000,9.300,2.480
2022-02-23 10:00:00,18.000,1016.600,9.100,250.000,11.300,1.362
2022-02-23 11:00:00,17.500,1017.000,9.400,256.000,13.600,0.417
2022-02-23 12:00:00,17.100,1017.200,6.800,261.000,10.300,-0.102
2022-02-23 13:00:00,17.400,1017.400,9.400,245.000,13.800,0.000
2022-02-23 14:00:00,16.500,1017.400,7.300,244.000,11.600,0.390
2022-02-23 15:00:00,17.200,1017.000,7.500,243.000,10.000,1.106
2022-02-23 16:00:00,17.700,1017.700,7.400,249.000,11.400,1.972
2022-02-23 17:00:00,18.100,1017.300,5.100,244.000,9.200,2.700
2022-02-23 18:00:00,18.800,1017.100,9.200,260.000,12.200,3.199
2022-02-23 19:00:00,20.000,1016.300,6.400,258.000,8.900,3.133
2022-02-23 20:00:00,21.000,1016.000,5.400,247.000,7.200,2.726
2022-02-23 21:00:00,20.900,1016.400,4.800,254.000,6.600,2.083
2022-02-23 22:00:00,20.200,1017.200,5.100,251.000,7.000,1.362
2022-02-23 23:00:00,18.800,1017.500,3.100,247.000,5.000,0.512
2022-02-24 00:00:00,18.100,1018.700,3.700,248.000,5.700,0.082
2022-02-24 01:00:00,11.100,1021.000,12.200,351.000,15.500,0.367
2022-02-24 02:00:00,9.500,1022.800,11.900,335.000,14.500,0.561
2022-02-24 03:00:00,8.200,1023.800,7.500,338.000,9.800,1.043
2022-02-24 04:00:00,7.600,1024.500,9.300,339.000,13.200,1.978
2022-02-24 05:00:00,6.700,1025.600,11.000,333.000,13.200,2.887
2022-02-24 06:00:00,6.200,1026.500,9.700,334.000,11.300,3.468
2022-02-24 07:00:00,5.700,1026.500,8.500,339.000,9.500,3.940
2022-02-24 08:00:00,5.300,1026.700,9.500,340.000,10.700,3.730
2022-02-24 09:00:00,5.200,1026.700,8.400,7.000,9.600,3.346
2022-02-24 10:00:00,4.500,1027.300,8.900,27.000,10.500,2.694
2022-02-24 11:00:00,3.500,1027.900,9.500,26.000,10.300,1.660
2022-02-24 12:00:00,3.000,1029.200,10.400,33.000,11.700,0.860
2022-02-24 13:00:00,2.400,1030.700,9.000,35.000,10.100,0.443
2022-02-24 14:00:00,2.300,1030.800,5.400,64.000,7.800,0.279
2022-02-24 15:00:00,2.100,1030.900,5.700,82.000,6.400,0.689
2022-02-24 16:00:00,2.100,1030.900,6.900,81.000,8.100,1.332
2022-02-24 17:00:00,2.300,1031.000,7.500,59.000,8.900,2.087
2022-02-24 18:00:00,2.700,1030.800,8.300,61.000,10.200,2.920
2022-02-24 19:00:00,2.600,1030.200,9.500,58.000,11.000,3.337
2022-02-24 20:00:00,2.000,1029.800,11.100,52.000,12.000,3.406
2022-02-24 21:00:00,2.200,1029.600,9.700,62.000,11.700,3.005
2022-02-24 22:00:00,2.300,1029.500,9.800,69.000,11.400,2.349
2022-02-24 23:00:00,2.200,1028.600,9.200,90.000,11.700,1.824
2022-02-25 00:00:00,2.500,1029.200,9.900,74.000,10.800,1.257
2022-02-25 01:00:00,2.900,1028.100,9.300,75.000,10.800,0.741
2022-02-25 02:00:00,2.900,1028.700,9.200,46.000,9.800,0.659
2022-02-25 03:00:00,2.300,1028.700,8.300,27.000,9.500,1.010
2022-02-25 04:00:00,3.500,1026.800,9.500,72.000,11.200,1.798
2022-02-25 05:00:00,4.000,1025.200,8.200,82.000,11.500,2.690
2022-02-25 06:00:00,4.300,1025.700,8.100,56.000,9.000,3.593
2022-02-25 07:00:00,3.900,1024.100,7.000,74.000,7.800,4.390
2022-02-25 08:00:00,3.800,1022.300,7.100,69.000,8.100,4.993
2022-02-25 09:00:00,4.100,1020.500,7.000,72.000,8.600,4.875
2022-02-25 10:00:00,4.500,1018.900,6.700,86.000,7.200,4.331
2022-02-25 11:00:00,4.800,1017.700,1.800,119.000,5.100,3.668
2022-02-25 12:00:00,5.100,1016.800,0.800,178.000,1.500,2.733
2022-02-25 13:00:00,5.300,1016.400,3.000,229.000,3.700,1.821
2022-02-25 14:00:00,5.200,1016.400,5.100,264.000,7.900,1.348
2022-02-25 15:00:00,3.700,1018.000,9.000,284.000,11.600,1.198
2022-02-25 16:00:00,4.300,1016.500,5.900,257.000,7.500,1.322
2022-02-25 17:00:00,6.000,1016.900,10.000,276.000,11.700,1.847
2022-02-25 18:00:00,6.500,1016.800,6.800,278.000,8.600,2.247
2022-02-25 19:00:00,7.500,1016.900,9.000,307.000,11.300,2.969
2022-02-25 20:00:00,7.900,1017.500,5.900,327.000,6.700,3.271
2022-02-25 21:00:00,8.900,1018.300,6.200,318.000,6.700,3.389
2022-02-25 22:00:00,10.000,1019.400,7.100,307.000,9.100,3.363
2022-02-25 23:00:00,8.800,1021.000,4.100,328.000,4.800,2.930
2022-02-26 00:00:00,8.600,1023.000,8.100,331.000,9.300,2.159
2022-02-26 01:00:00,6.400,1024.600,10.300,359.000,12.700,1.430
2022-02-26 02:00:00,5.400,1025.900,12.100,6.000,13.600,0.617
2022-02-26 03:00:00,4.400,1027.100,13.300,3.000,15.500,0.453
2022-02-26 04:00:00,3.900,1027.600,12.000,3.000,15.200,0.502
2022-02-26 05:00:00,3.300,1027.800,12.100,336.000,14.000,1.132
2022-02-26 06:00:00,3.000,1028.500,12.700,340.000,14.300,2.152
2022-02-26 07:00:00,2.600,1028.600,10.800,336.000,13.300,3.169
2022-02-26 08:00:00,2.400,1028.700,11.000,344.000,12.100,4.081
2022-02-26 09:00:00,2.000,1029.100,8.000,25.000,9.700,4.554
2022-02-26 10:00:00,1.400,1030.900,7.600,10.000,10.100,4.498
2022-02-26 11:00:00,0.900,1031.700,6.600,11.000,8.200,4.042
2022-02-26 12:00:00,0.800,1032.500,6.500,4.000,8.800,3.304
2022-02-26 13:00:00,0.300,1032.700,7.000,14.000,8.600,2.313
2022-02-26 14:00:00,0.400,1033.100,5.400,357.000,7.300,1.352
2022-02-26 15:00:00,0.300,1032.800,5.300,20.000,7.500,0.636
2022-02-26 16:00:00,0.400,1032.800,4.600,22.000,5.300,0.302
2022-02-26 17:00:00,0.600,1032.100,2.600,23.000,4.300,0.610
2022-02-26 18:00:00,0.700,1030.800,2.900,16.000,3.600,1.152
2022-02-26 19:00:00,1.000,1029.600,3.300,11.000,3.900,1.785
2022-02-26 20:00:00,1.800,1028.800,3.400,1.000,4.600,2.615
2022-02-26 21:00:00,3.000,1028.100,1.800,272.000,2.800,3.173
2022-02-26 22:00:00,1.900,1027.800,3.700,170.000,4.500,3.383
2022-02-26 23:00:00,1.800,1028.300,2.100,297.000,3.900,3.376
2022-02-27 00:00:00,2.500,1028.700,2.700,260.000,3.500,2.795
2022-02-27 01:00:00,3.000,1027.900,2.500,264.000,3.600,1.991
2022-02-27 02:00:00,2.500,1027.900,2.100,224.000,2.900,1.079
2022-02-27 03:00:00,2.100,1027.300,2.300,216.000,2.900,0.502
2022-02-27 04:00:00,1.800,1026.600,2.100,217.000,2.800,0.404
2022-02-27 05:00:00,1.600,1025.300,2.100,211.000,3.500,0.646
2022-02-27 06:00:00,1.500,1025.200,2.300,213.000,3.500,1.473
2022-02-27 07:00:00,1.500,1024.500,2.700,228.000,4.700,2.480
2022-02-27 08:00:00,1.700,1024.000,3.500,244.000,5.100,3.514
2022-02-27 09:00:00,2.000,1023.700,3.900,247.000,6.000,4.390
2022-02-27 10:00:00,2.200,1023.600,3.200,265.000,5.000,4.879
2022-02-27 11:00:00,2.100,1023.500,2.800,259.000,3.900,4.882
2022-02-27 12:00:00,1.900,1022.900,1.800,237.000,3.200,4.367
2022-02-27 13:00:00,2.200,1023.400,2.800,250.000,3.800,3.461
2022-02-27 14:00:00,3.300,1023.200,3.200,260.000,4.100,2.169
2022-02-27 15:00:00,4.400,1022.100,4.200,305.000,5.300,0.988
2022-02-27 16:00:00,6.000,1020.800,6.100,312.000,8.400,0.108
2022-02-27 17:00:00,7.700,1019.400,8.400,284.000,11.000,-0.223
2022-02-27 18:00:00,9.000,1017.600,7.100,268.000,10.100,-0.043
2022-02-27 19:00:00,9.400,1016.500,7.500,283.000,10.800,0.551
2022-02-27 20:00:00,9.800,1015.600,8.200,281.000,9.900,1.296
2022-02-27 21:00:00,10.100,1014.500,1.500,355.000,10.400,2.005
2022-02-27 22:00:00,10.100,1014.200,7.100,269.000,9.100,2.674
2022-02-27 23:00:00,8.600,1014.600,4.600,246.000,6.200,2.913
2022-02-28 00:00:00,7.100,1015.100,2.700,237.000,3.700,2.792
2022-02-28 01:00:00,6.100,1015.100,3.300,242.000,6.400,2.215
2022-02-28 02:00:00,5.200,1015.600,4.200,238.000,6.000,1.283
2022-02-28 03:00:00,5.100,1016.100,4.300,249.000,6.000,0.305
2022-02-28 04:00:00,5.300,1016.400,4.900,262.000,6.900,-0.489
2022-02-28 05:00:00,6.300,1016.800,6.900,280.000,7.800,-0.794
2022-02-28 06:00:00,6.000,1018.000,9.300,347.000,11.100,-0.364
2022-02-28 07:00:00,5.300,1018.900,10.000,2.000,12.400,0.486
2022-02-28 08:00:00,4.700,1019.600,10.200,347.000,12.000,1.430
2022-02-28 09:00:00,4.200,1020.100,11.700,2.000,13.300,2.769
2022-02-28 10:00:00,3.700,1021.100,9.300,12.000,11.100,3.560
2022-02-28 11:00:00,3.100,1022.100,10.200,26.000,11.700,4.318
2022-02-28 12:00:00,2.500,1023.400,10.400,16.000,12.300,4.478
2022-02-28 13:00:00,2.300,1024.600,9.600,7.000,11.400,4.052
2022-02-28 14:00:00,2.100,1025.400,8.800,6.000,10.200,3.123
2022-02-28 15:00:00,2.400,1025.800,6.400,12.000,8.300,1.926
2022-02-28 16:00:00,2.300,1026.400,5.400,354.000,6.400,0.646
2022-02-28 17:00:00,2.500,1026.600,5.400,9.000,6.700,-0.112
2022-02-28 18:00:00,2.500,1026.000,6.300,13.000,7.100,-0.341
2022-02-28 19:00:00,2.900,1025.500,6.900,24.000,8.300,0.098
2022-02-28 20:00:00,3.400,1025.200,6.400,22.000,7.600,0.732
2022-02-28 21:00:00,3.900,1025.500,3.700,32.000,4.400,1.729
2022-02-28 22:00:00,3.600,1025.700,3.700,118.000,5.600,2.841
2022-02-28 23:00:00,2.600,1026.000,2.500,130.000,3.800,3.491
2023-01-01 00:00:00,15.200,1012.200,3.300,222.000,5.000,2.352
2023-01-01 01:00:00,14.900,1011.000,1.300,197.000,2.400,1.480
2023-01-01 02:00:00,14.700,1010.600,1.800,208.000,3.600,0.922
2023-01-01 03:00:00,15.000,1010.400,5.800,274.000,7.000,0.958
2023-01-01 04:00:00,14.800,1009.300,3.300,266.000,3.900,1.243
2023-01-01 05:00:00,14.100,1009.700,6.600,278.000,8.200,2.034
2023-01-01 06:00:00,14.200,1009.800,4.700,264.000,6.300,2.717
2023-01-01 07:00:00,14.000,1010.800,5.500,271.000,8.000,3.747
2023-01-01 08:00:00,13.600,1011.500,5.400,269.000,7.000,4.226
2023-01-01 09:00:00,13.000,1011.300,4.000,269.000,5.200,4.629
2023-01-01 10:00:00,12.600,1012.500,6.800,277.000,8.100,4.386
2023-01-01 11:00:00,12.100,1013.000,5.500,278.000,6.700,3.822
2023-01-01 12:00:00,11.400,1013.700,4.500,277.000,5.600,2.946
2023-01-01 13:00:00,11.300,1014.800,5.200,280.000,6.200,2.044
2023-01-01 14:00:00,10.800,1015.900,4.300,283.000,5.000,1.188
2023-01-01 15:00:00,11.100,1016.700,5.400,302.000,7.800,0.823
2023-01-01 16:00:00,10.300,1016.300,4.200,318.000,5.500,0.797
2023-01-01 17:00:00,9.500,1016.400,3.300,329.000,4.000,1.188
2023-01-01 18:00:00,10.300,1016.000,4.700,337.000,5.100,1.617
2023-01-01 19:00:00,10.100,1016.000,2.200,341.000,2.700,2.441
2023-01-01 20:00:00,10.700,1015.600,0.000,94.000,0.000,3.136
2023-01-01 21:00:00,9.600,1016.100,0.700,112.000,1.100,3.563
2023-01-01 22:00:00,9.800,1016.000,0.700,129.000,0.800,3.839
2023-01-01 23:00:00,8.800,1016.900,2.200,167.000,2.800,3.458
2023-01-02 00:00:00,9.500,1017.800,2.200,182.000,2.600,2.779
2023-01-02 01:00:00,10.300,1018.200,2.000,212.000,2.900,1.985
2023-01-02 02:00:00,10.700,1018.500,2.200,214.000,3.100,0.991
2023-01-02 03:00:00,9.900,1018.600,1.600,225.000,2.100,0.584
2023-01-02 04:00:00,10.600,1018.400,3.300,220.000,4.800,0.538
2023-01-02 05:00:00,10.400,1018.200,3.200,225.000,5.100,0.968
2023-01-02 06:00:00,10.100,1018.000,3.600,229.000,5.700,1.736
2023-01-02 07:00:00,9.800,1018.300,2.900,243.000,4.400,2.697
2023-01-02 08:00:00,10.300,1018.800,3.000,253.000,5.200,3.642
2023-01-02 09:00:00,10.400,1019.000,3.400,261.000,4.300,4.262
2023-01-02 10:00:00,9.900,1019.300,2.400,250.000,3.600,4.505
2023-01-02 11:00:00,9.300,1020.000,2.600,244.000,3.500,4.318
2023-01-02 12:00:00,8.500,1020.800,2.700,243.000,3.200,3.776
2023-01-02 13:00:00,7.600,1021.400,1.500,331.000,1.600,2.976
2023-01-02 14:00:00,7.700,1021.800,1.100,309.000,1.200,2.083
2023-01-02 15:00:00,9.500,1022.000,0.000,87.000,0.000,1.312
2023-01-02 16:00:00,12.700,1021.700,1.500,123.000,2.400,0.876
2023-01-02 17:00:00,14.000,1021.100,2.900,146.000,4.500,0.823
2023-01-02 18:00:00,14.900,1020.700,3.200,169.000,4.200,1.188
2023-01-02 19:00:00,15.900,1020.200,3.700,154.000,4.500,1.831
2023-01-02 20:00:00,14.500,1020.100,2.800,156.000,3.600,2.713
2023-01-02 21:00:00,13.300,1019.700,2.500,157.000,3.500,3.176
2023-01-02 22:00:00,12.900,1020.100,3.300,172.000,4.400,3.711
2023-01-02 23:00:00,12.500,1020.700,1.700,188.000,3.100,3.812
2023-01-03 00:00:00,12.700,1021.100,2.500,210.000,3.400,3.448
2023-01-03 01:00:00,12.300,1020.900,1.800,185.000,2.900,2.723
2023-01-03 02:00:00,12.300,1021.000,1.300,201.000,3.500,1.791
2023-01-03 03:00:00,12.300,1020.800,2.100,184.000,3.600,1.020
2023-01-03 04:00:00,12.800,1020.600,2.800,194.000,4.400,0.650
2023-01-03 05:00:00,13.200,1019.900,3.200,187.000,5.500,0.886
2023-01-03 06:00:00,12.900,1019.900,2.200,192.000,3.200,1.375
2023-01-03 07:00:00,12.300,1019.600,2.800,177.000,3.700,2.136
2023-01-03 08:00:00,12.400,1019.400,3.200,184.000,4.100,3.202
2023-01-03 09:00:00,13.100,1018.900,3.400,195.000,5.700,4.140
2023-01-03 10:00:00,13.100,1018.700,3.800,216.000,5.400,4.764
2023-01-03 11:00:00,12.500,1017.900,3.000,188.000,5.300,5.016
2023-01-03 12:00:00,12.500,1017.700,2.800,210.000,5.100,4.774
2023-01-03 13:00:00,13.100,1017.600,3.500,199.000,5.400,4.190
2023-01-03 14:00:00,14.600,1017.000,4.200,214.000,8.000,3.307
2023-01-03 15:00:00,16.400,1017.000,4.700,222.000,8.000,2.293
2023-01-03 16:00:00,18.400,1016.300,5.700,248.000,7.500,1.493
2023-01-03 17:00:00,20.000,1015.300,4.100,245.000,7.600,1.020
2023-01-03 18:00:00,19.900,1015.000,5.100,239.000,8.800,1.063
2023-01-03 19:00:00,19.500,1014.200,4.300,243.000,7.800,1.335
2023-01-03 20:00:00,18.800,1013.400,4.100,218.000,7.500,1.955
2023-01-03 21:00:00,18.500,1012.400,4.900,207.000,8.000,2.713
2023-01-03 22:00:00,18.200,1012.000,5.400,202.000,7.700,3.412
2023-01-03 23:00:00,17.300,1012.200,5.000,219.000,7.400,3.658
2023-01-04 00:00:00,16.700,1011.700,4.800,218.000,9.200,3.612
2023-01-04 01:00:00,17.100,1012.100,4.100,216.000,7.400,3.245
2023-01-04 02:00:00,17.400,1011.700,3.400,207.000,7.200,2.352
2023-01-04 03:00:00,17.900,1011.500,4.100,209.000,7.700,1.407
2023-01-04 04:00:00,19.400,1010.300,4.400,216.000,8.100,0.689
2023-01-04 05:00:00,19.600,1009.500,5.700,222.000,11.100,0.335
2023-01-04 06:00:00,19.600,1010.300,7.000,247.000,14.100,0.499
2023-01-04 07:00:00,18.700,1011.000,7.200,254.000,11.000,1.152
2023-01-04 08:00:00,18.000,1011.700,5.700,249.000,8.200,2.028
2023-01-04 09:00:00,17.200,1012.100,5.100,278.000,6.400,3.035
2023-01-04 10:00:00,14.600,1012.400,3.000,296.000,3.500,3.878
2023-01-04 11:00:00,17.200,1012.600,2.300,232.000,2.900,4.436
2023-01-04 12:00:00,17.100,1013.100,1.900,241.000,2.700,4.695
2023-01-04 13:00:00,17.600,1013.300,2.200,231.000,3.600,4.373
2023-01-04 14:00:00,17.500,1013.600,1.700,195.000,2.300,3.717
2023-01-04 15:00:00,18.200,1014.000,3.000,198.000,4.600,2.828
2023-01-04 16:00:00,20.100,1013.700,3.700,223.000,6.500,1.854
2023-01-04 17:00:00,20.600,1012.200,2.200,243.000,7.000,0.965
2023-01-04 18:00:00,20.400,1011.100,2.500,224.000,6.300,0.663
2023-01-04 19:00:00,20.100,1011.300,6.000,254.000,7.500,0.866
2023-01-04 20:00:00,20.200,1011.000,3.300,226.000,5.600,1.296
2023-01-04 21:00:00,19.800,1010.000,2.700,193.000,5.000,1.926
2023-01-04 22:00:00,17.200,1009.200,4.400,172.000,6.800,3.097
2023-01-04 23:00:00,16.600,1009.700,2.700,182.000,3.700,3.642
2023-01-05 00:00:00,13.600,1009.900,0.800,215.000,2.000,3.793
2023-01-05 01:00:00,16.400,1009.400,1.600,167.000,2.300,3.740
2023-01-05 02:00:00,17.900,1009.500,4.100,232.000,5.800,3.091
2023-01-05 03:00:00,18.000,1009.900,6.300,244.000,9.100,2.277
2023-01-05 04:00:00,17.700,1010.000,6.900,248.000,10.900,1.434
2023-01-05 05:00:00,17.300,1010.500,5.600,231.000,9.600,0.827
2023-01-05 06:00:00,17.100,1010.800,5.800,245.000,7.500,0.774
2023-01-05 07:00:00,16.400,1012.400,4.100,280.000,5.300,1.070
2023-01-05 08:00:00,16.500,1012.800,3.800,246.000,6.800,1.827
2023-01-05 09:00:00,16.200,1013.000,3.000,252.000,5.700,2.690
2023-01-05 10:00:00,15.600,1013.200,2.500,253.000,3.200,3.701
2023-01-05 11:00:00,14.900,1013.600,1.800,237.000,2.800,4.560
2023-01-05 12:00:00,14.300,1013.700,1.600,273.000,2.000,5.079
2023-01-05 13:00:00,14.400,1014.300,2.300,280.000,2.700,5.194
2023-01-05 14:00:00,13.000,1015.000,3.200,310.000,3.400,4.787
2023-01-05 15:00:00,10.500,1015.100,1.900,3.000,2.300,3.848
2023-01-05 16:00:00,9.700,1015.200,0.900,286.000,1.100,2.946
2023-01-05 17:00:00,9.800,1014.500,1.800,296.000,2.100,1.808
2023-01-05 18:00:00,10.000,1013.700,0.000,253.000,2.400,1.309
2023-01-05 19:00:00,11.000,1013.100,0.600,30.000,1.200,1.207
2023-01-05 20:00:00,14.400,1012.700,0.800,126.000,1.100,1.355
2023-01-05 21:00:00,10.400,1013.500,5.300,76.000,5.700,1.965
2023-01-05 22:00:00,9.100,1013.400,3.800,110.000,4.700,2.972
2023-01-05 23:00:00,8.200,1013.700,3.000,98.000,3.900,3.793
2023-01-06 00:00:00,8.200,1013.900,2.900,113.000,4.200,4.321
2023-01-06 01:00:00,8.400,1014.000,3.200,129.000,5.000,4.354
2023-01-06 02:00:00,8.600,1014.000,2.700,118.000,3.700,4.078
2023-01-06 03:00:00,8.700,1014.100,3.600,107.000,4.300,3.524
2023-01-06 04:00:00,8.600,1014.200,2.700,111.000,3.600,2.667
2023-01-06 05:00:00,8.400,1013.700,3.600,124.000,4.500,1.893
2023-01-06 06:00:00,7.900,1014.500,5.100,12.000,5.600,1.450
2023-01-06 07:00:00,7.200,1014.600,5.300,21.000,6.500,1.535
2023-01-06 08:00:00,7.500,1014.300,4.800,28.000,5.400,2.034
2023-01-06 09:00:00,7.500,1014.300,4.000,20.000,4.700,2.923
2023-01-06 10:00:00,7.300,1014.400,3.300,5.000,3.900,3.855
2023-01-06 11:00:00,7.200,1014.400,1.200,40.000,1.600,4.849
2023-01-06 12:00:00,7.300,1014.600,1.500,111.000,2.100,5.656
2023-01-06 13:00:00,7.200,1015.000,1.400,266.000,1.600,5.912
2023-01-06 14:00:00,7.700,1016.100,3.500,287.000,4.400,5.745
2023-01-06 15:00:00,8.300,1017.100,7.800,298.000,10.600,5.148
2023-01-06 16:00:00,8.700,1016.600,4.500,318.000,5.200,4.160
2023-01-06 17:00:00,9.400,1016.200,9.000,300.000,11.000,3.022
2023-01-06 18:00:00,9.300,1016.200,9.600,309.000,10.700,2.028
2023-01-06 19:00:00,9.200,1016.500,6.100,293.000,8.400,1.325
2023-01-06 20:00:00,9.100,1017.200,5.700,285.000,7.300,1.322
2023-01-06 21:00:00,9.200,1018.100,7.500,297.000,8.800,1.821
2023-01-06 22:00:00,8.700,1018.900,4.500,291.000,5.600,2.421
2023-01-06 23:00:00,8.800,1019.900,9.200,306.000,10.500,3.222
2023-01-07 00:00:00,8.400,1021.000,5.400,304.000,6.600,3.894
2023-01-07 01:00:00,8.100,1021.300,5.200,317.000,5.900,4.196
2023-01-07 02:00:00,7.600,1021.900,5.100,294.000,6.300,4.265
2023-01-07 03:00:00,6.600,1022.200,4.900,290.000,6.700,3.835
2023-01-07 04:00:00,6.300,1022.400,7.600,306.000,8.800,3.071
2023-01-07 05:00:00,5.200,1022.800,4.400,281.000,5.400,2.129
2023-01-07 06:00:00,5.100,1022.200,5.500,298.000,6.300,1.342
2023-01-07 07:00:00,5.800,1022.300,6.300,299.000,8.600,0.961
2023-01-07 08:00:00,5.500,1022.900,4.500,281.000,6.500,1.175
2023-01-07 09:00:00,5.300,1022.500,4.900,278.000,5.900,1.870
2023-01-07 10:00:00,5.200,1022.800,4.500,279.000,5.300,2.766
2023-01-07 11:00:00,5.000,1023.000,3.800,274.000,4.500,3.832
2023-01-07 12:00:00,4.700,1023.400,3.900,273.000,4.300,4.685
2023-01-07 13:00:00,4.700,1023.700,3.700,279.000,4.800,5.364
2023-01-07 14:00:00,5.500,1024.000,6.200,287.000,7.000,5.486
2023-01-07 15:00:00,6.400,1024.200,6.400,302.000,7.700,4.984
2023-01-07 16:00:00,6.900,1023.800,7.100,302.000,8.000,4.222
2023-01-07 17:00:00,7.300,1022.600,7.400,307.000,8.400,3.100
2023-01-07 18:00:00,7.400,1022.000,6.100,339.000,7.000,2.093
2023-01-07 19:00:00,7.500,1021.700,6.100,338.000,7.400,1.276
2023-01-07 20:00:00,7.800,1021.800,5.400,300.000,6.400,0.883
2023-01-07 21:00:00,7.500,1022.400,4.300,347.000,5.400,1.066
2023-01-07 22:00:00,7.000,1023.200,4.300,348.000,5.100,1.608
2023-01-07 23:00:00,7.500,1024.000,4.200,325.000,5.900,2.395
2023-01-08 00:00:00,7.100,1024.700,4.500,301.000,5.300,3.127
2023-01-08 01:00:00,6.500,1025.500,3.500,293.000,4.500,3.638
2023-01-08 02:00:00,6.900,1025.600,4.700,307.000,5.700,3.878
2023-01-08 03:00:00,5.900,1026.100,3.300,296.000,4.600,3.757
2023-01-08 04:00:00,4.800,1026.400,4.300,275.000,5.000,3.202
2023-01-08 05:00:00,3.900,1026.400,4.800,278.000,5.700,2.392
2023-01-08 06:00:00,3.200,1026.600,5.000,271.000,6.400,1.565
2023-01-08 07:00:00,3.800,1026.800,5.600,305.000,6.300,0.896
2023-01-08 08:00:00,4.300,1026.900,7.000,317.000,8.000,0.778
2023-01-08 09:00:00,2.300,1027.300,4.200,276.000,5.600,1.207
2023-01-08 10:00:00,2.100,1027.500,4.200,280.000,5.000,1.893
2023-01-08 11:00:00,3.300,1027.400,4.700,322.000,6.400,2.858
2023-01-08 12:00:00,2.500,1027.700,4.100,288.000,4.700,3.940
2023-01-08 13:00:00,1.000,1028.100,2.200,266.000,2.600,4.793
2023-01-08 14:00:00,2.700,1028.600,2.100,257.000,2.600,5.259
2023-01-08 15:00:00,3.600,1028.400,1.300,285.000,2.600,5.161
2023-01-08 16:00:00,4.100,1028.300,1.400,311.000,1.900,4.570
2023-01-08 17:00:00,4.500,1027.700,1.400,353.000,1.900,3.730
2023-01-08 18:00:00,4.700,1026.300,3.200,81.000,4.700,2.680
2023-01-08 19:00:00,4.900,1025.500,3.400,107.000,5.000,1.690
2023-01-08 20:00:00,5.300,1025.700,1.600,162.000,3.000,1.066
2023-01-08 21:00:00,5.500,1025.100,1.900,154.000,2.700,0.896
2023-01-08 22:00:00,5.200,1024.200,1.400,156.000,2.600,1.178
2023-01-08 23:00:00,5.400,1023.800,1.500,165.000,3.700,1.857
2023-01-09 00:00:00,5.500,1023.300,1.800,172.000,2.900,2.690
2023-01-09 01:00:00,5.600,1023.800,1.900,225.000,3.500,3.428
2023-01-09 02:00:00,5.400,1022.900,3.300,215.000,4.700,3.839
2023-01-09 03:00:00,4.500,1022.100,3.100,202.000,5.200,3.970
2023-01-09 04:00:00,4.500,1020.800,2.000,173.000,3.300,3.675
2023-01-09 05:00:00,5.000,1019.600,3.400,170.000,4.500,3.018
2023-01-09 06:00:00,5.700,1017.800,3.000,169.000,4.800,2.172
2023-01-09 07:00:00,6.100,1016.800,1.900,195.000,2.800,1.532
2023-01-09 08:00:00,6.300,1015.900,1.100,210.000,1.900,1.145
2023-01-09 09:00:00,6.300,1015.100,1.600,246.000,2.200,1.224
2023-01-09 10:00:00,6.300,1015.000,0.900,259.000,2.000,1.795
2023-01-09 11:00:00,5.900,1014.800,2.300,328.000,3.400,2.543
2023-01-09 12:00:00,5.400,1014.900,2.900,327.000,3.900,3.458
2023-01-09 13:00:00,5.300,1015.100,7.700,308.000,8.700,4.452
2023-01-09 14:00:00,4.900,1015.500,7.700,322.000,9.300,5.138
2023-01-09 15:00:00,4.800,1015.900,7.000,329.000,9.300,5.348
2023-01-09 16:00:00,4.900,1016.100,7.600,341.000,8.900,4.997
2023-01-09 17:00:00,5.300,1015.100,7.400,345.000,8.300,4.193
2023-01-09 18:00:00,5.800,1014.500,7.300,342.000,8.400,3.340
2023-01-09 19:00:00,6.300,1014.100,7.400,342.000,8.800,2.326
2023-01-09 20:00:00,7.300,1014.300,8.600,316.000,10.400,1.444
2023-01-09 21:00:00,7.600,1014.600,9.300,314.000,11.000,1.063
2023-01-09 22:00:00,7.400,1015.100,8.700,315.000,9.500,1.093
2023-01-09 23:00:00,6.800,1015.800,7.900,311.000,9.600,1.608
2023-01-10 00:00:00,6.200,1016.500,4.500,292.000,6.100,2.152
2023-01-10 01:00:00,5.300,1016.700,4.000,282.000,4.700,2.776
2023-01-10 02:00:00,5.100,1016.600,5.100,285.000,6.000,3.540
2023-01-10 03:00:00,4.600,1016.700,4.700,286.000,5.400,3.848
2023-01-10 04:00:00,4.000,1017.000,4.800,285.000,5.600,3.848
2023-01-10 05:00:00,3.800,1017.400,3.100,284.000,4.000,3.458
2023-01-10 06:00:00,3.800,1017.500,4.400,286.000,5.500,2.730
2023-01-10 07:00:00,3.500,1018.100,4.800,284.000,5.500,1.900
2023-01-10 08:00:00,3.600,1017.900,4.200,305.000,5.000,1.227
2023-01-10 09:00:00,3.400,1018.500,5.300,297.000,6.300,1.004
2023-01-10 10:00:00,2.500,1019.000,4.900,295.000,6.000,1.201
2023-01-10 11:00:00,2.500,1019.200,4.200,300.000,5.500,1.693
2023-01-10 12:00:00,2.000,1019.800,3.500,292.000,4.700,2.500
2023-01-10 13:00:00,2.200,1020.000,3.800,293.000,4.500,3.451
2023-01-10 14:00:00,3.500,1020.200,5.300,320.000,6.500,4.360
2023-01-10 15:00:00,3.800,1020.500,4.000,313.000,4.700,4.754
2023-01-10 17:00:00,4.500,1019.100,6.200,327.000,7.600,4.334
2023-01-10 18:00:00,4.800,1018.800,5.500,337.000,6.600,3.497
2023-01-10 19:00:00,4.700,1018.100,3.000,347.000,3.900,2.559
2023-01-10 20:00:00,4.900,1017.700,2.200,354.000,2.600,1.578
2023-01-10 21:00:00,5.100,1018.200,1.600,19.000,2.000,1.001
2023-01-10 22:00:00,5.000,1018.600,0.900,26.000,1.300,0.902
2023-01-10 23:00:00,3.600,1018.800,1.300,190.000,1.500,1.270
2023-01-11 00:00:00,4.600,1018.900,0.500,171.000,0.600,1.729
2023-01-11 01:00:00,4.200,1019.300,0.700,232.000,1.100,2.530
2023-01-11 02:00:00,4.200,1019.900,0.800,218.000,1.000,3.274
2023-01-11 03:00:00,2.700,1019.900,0.600,184.000,1.000,3.793
2023-01-11 04:00:00,3.200,1020.000,0.600,235.000,0.800,4.101
2023-01-11 05:00:00,2.300,1020.200,0.900,266.000,1.000,3.904
2023-01-11 06:00:00,1.900,1020.400,0.000,310.000,0.100,3.291
2023-01-11 07:00:00,2.100,1020.500,0.800,273.000,1.000,2.536
2023-01-11 08:00:00,2.000,1021.300,1.000,312.000,1.300,1.896
2023-01-11 09:00:00,1.100,1021.500,2.200,281.000,2.400,1.447
2023-01-11 10:00:00,4.800,1021.300,4.800,45.000,5.200,1.319
2023-01-11 11:00:00,5.000,1021.400,3.200,50.000,4.000,1.644
2023-01-11 12:00:00,3.400,1022.700,0.900,105.000,1.400,2.297
2023-01-11 13:00:00,3.100,1023.000,2.100,101.000,2.400,3.274
2023-01-11 14:00:00,5.200,1022.700,5.300,87.000,5.800,4.222
2023-01-11 15:00:00,5.800,1023.500,5.300,85.000,6.100,4.888
2023-01-11 16:00:00,6.100,1024.100,4.500,79.000,5.600,5.295
2023-01-11 17:00:00,6.500,1023.700,3.100,98.000,4.900,5.079
2023-01-11 18:00:00,6.400,1022.600,5.600,93.000,6.900,4.554
2023-01-11 19:00:00,6.300,1023.200,3.900,108.000,4.700,3.796
2023-01-11 20:00:00,6.200,1023.000,4.100,96.000,7.000,2.746
2023-01-11 21:00:00,6.200,1023.600,4.500,93.000,5.000,1.877
2023-01-11 22:00:00,6.100,1023.500,3.600,100.000,4.700,1.545
2023-01-11 23:00:00,6.000,1023.400,4.000,104.000,4.900,1.621
2023-01-12 00:00:00,6.000,1023.700,4.400,109.000,5.300,1.883
2023-01-12 01:00:00,6.000,1023.400,4.100,111.000,5.600,2.408
2023-01-12 02:00:00,6.400,1023.400,3.600,122.000,4.600,3.251
2023-01-12 03:00:00,6.800,1023.900,1.600,155.000,2.800,3.911
2023-01-12 04:00:00,7.000,1023.600,1.400,113.000,2.600,4.311
2023-01-12 05:00:00,7.000,1023.000,1.800,125.000,2.400,4.364
2023-01-12 06:00:00,7.200,1022.300,2.800,123.000,3.400,4.049
2023-01-12 07:00:00,7.500,1021.900,3.600,125.000,4.600,3.369
2023-01-12 08:00:00,7.800,1021.200,4.000,129.000,5.600,2.740
2023-01-12 09:00:00,8.000,1020.500,3.100,127.000,4.700,2.067
2023-01-12 10:00:00,8.300,1020.100,3.000,136.000,5.200,1.644
2023-01-12 11:00:00,8.800,1020.300,2.900,149.000,5.200,1.752
2023-01-12 12:00:00,9.100,1019.900,3.400,148.000,4.900,2.211
2023-01-12 13:00:00,9.700,1019.800,3.300,163.000,4.600,2.946
2023-01-12 14:00:00,10.400,1019.500,2.900,162.000,4.900,3.750
2023-01-12 15:00:00,11.800,1019.600,5.000,177.000,6.600,4.560
2023-01-12 16:00:00,12.600,1018.400,5.300,167.000,8.300,5.108
2023-01-12 17:00:00,13.100,1016.500,3.800,164.000,6.200,5.157
2023-01-12 18:00:00,12.700,1015.000,3.900,171.000,6.200,4.875
2023-01-12 19:00:00,13.300,1014.300,3.500,180.000,5.900,4.190
2023-01-12 20:00:00,13.400,1013.300,5.100,175.000,9.100,3.205
2023-01-12 21:00:00,13.000,1012.300,4.000,172.000,8.400,2.310
2023-01-12 22:00:00,13.400,1011.600,4.100,183.000,7.800,1.811
2023-01-12 23:00:00,12.800,1011.000,3.400,180.000,6.500,1.601
2023-01-13 00:00:00,12.800,1010.600,2.700,177.000,5.300,1.667
2023-01-13 01:00:00,14.400,1009.300,4.700,187.000,7.400,2.096
2023-01-13 02:00:00,15.500,1008.100,4.400,193.000,9.900,2.674
2023-01-13 03:00:00,16.400,1007.500,5.100,210.000,10.000,3.484
2023-01-13 04:00:00,16.500,1006.200,5.900,184.000,9.100,3.885
2023-01-13 05:00:00,16.800,1005.300,6.400,204.000,9.500,4.331
2023-01-13 06:00:00,15.800,1005.400,6.100,240.000,9.900,4.278
2023-01-13 07:00:00,14.400,1004.500,4.000,225.000,8.800,3.717
2023-01-13 08:00:00,14.500,1003.300,4.000,219.000,6.300,3.123
2023-01-13 09:00:00,14.200,1002.800,4.400,205.000,7.000,2.336
2023-01-13 10:00:00,13.400,1002.600,4.900,216.000,7.500,1.736
2023-01-13 11:00:00,12.800,1001.900,3.900,187.000,5.900,1.421
2023-01-13 12:00:00,12.700,1001.900,3.600,219.000,5.800,1.486
2023-01-13 13:00:00,13.000,1002.300,3.700,231.000,6.800,2.096
2023-01-13 14:00:00,13.600,1002.800,3.000,236.000,6.100,2.684
2023-01-13 15:00:00,10.500,1004.000,8.500,293.000,10.200,3.504
2023-01-13 16:00:00,9.400,1004.100,7.200,304.000,8.600,4.150
2023-01-13 17:00:00,9.100,1003.100,8.800,297.000,10.300,4.449
2023-01-13 18:00:00,9.100,1003.600,6.500,307.000,8.700,4.488
2023-01-13 19:00:00,8.500,1003.500,6.600,324.000,7.600,4.124
2023-01-13 20:00:00,8.300,1003.700,10.600,319.000,12.200,3.468
2023-01-13 21:00:00,8.000,1004.600,10.400,316.000,12.700,2.497
2023-01-13 22:00:00,7.700,1005.500,9.000,330.000,10.900,1.814
2023-01-13 23:00:00,7.400,1005.400,9.400,334.000,11.200,1.348
2023-01-14 00:00:00,7.000,1006.500,9.500,329.000,12.000,1.198
2023-01-14 01:00:00,6.500,1006.100,10.900,341.000,13.100,1.549
2023-01-14 02:00:00,5.900,1006.800,10.900,345.000,14.000,2.119
2023-01-14 03:00:00,5.400,1006.500,12.800,342.000,15.100,2.900
2023-01-14 04:00:00,4.900,1006.500,12.000,348.000,14.700,3.658
2023-01-14 05:00:00,4.600,1006.600,11.300,334.000,14.100,4.311
2023-01-14 06:00:00,4.000,1006.900,11.900,2.000,14.100,4.587
2023-01-14 07:00:00,3.900,1007.500,11.800,342.000,14.400,4.551
2023-01-14 08:00:00,3.200,1008.000,12.200,346.000,15.000,4.088
2023-01-14 09:00:00,2.800,1008.000,12.000,344.000,15.100,3.474
2023-01-14 10:00:00,2.900,1008.200,10.400,349.000,12.700,2.674
2023-01-14 11:00:00,2.700,1008.700,11.200,336.000,14.100,2.178
2023-01-14 12:00:00,2.300,1009.100,12.500,353.000,14.900,1.913
2023-01-14 13:00:00,1.900,1010.200,12.000,339.000,13.900,2.156
2023-01-14 14:00:00,1.900,1010.800,12.200,348.000,14.300,2.575
2023-01-14 15:00:00,1.600,1011.200,13.100,342.000,14.600,3.035
2023-01-14 16:00:00,1.600,1011.100,12.200,335.000,14.600,3.937
2023-01-14 17:00:00,1.600,1010.400,13.200,347.000,15.900,4.587
2023-01-14 18:00:00,1.500,1010.800,12.900,338.000,15.200,4.774
2023-01-14 19:00:00,1.600,1010.400,12.600,342.000,16.300,4.672
2023-01-14 20:00:00,1.500,1010.800,13.200,337.000,16.800,4.219
2023-01-14 21:00:00,1.400,1010.900,13.900,342.000,16.400,3.701
2023-01-14 22:00:00,1.300,1011.500,13.800,350.000,16.700,2.979
2023-01-14 23:00:00,1.400,1011.700,15.100,347.000,17.900,2.316
2023-01-15 00:00:00,1.100,1011.900,14.800,344.000,17.900,1.936
2023-01-15 01:00:00,1.000,1011.900,14.600,344.000,18.900,1.834
2023-01-15 02:00:00,0.900,1012.800,13.500,348.000,16.600,2.083
2023-01-15 03:00:00,0.600,1013.600,13.700,342.000,16.100,2.690
2023-01-15 04:00:00,0.400,1013.300,13.700,340.000,17.500,3.340
2023-01-15 05:00:00,0.100,1013.200,13.800,339.000,16.300,4.196
2023-01-15 06:00:00,0.400,1013.700,14.200,341.000,16.600,4.744
2023-01-15 07:00:00,0.200,1013.800,15.000,338.000,17.700,4.951
2023-01-15 08:00:00,0.200,1014.200,14.600,344.000,17.200,5.082
2023-01-15 09:00:00,0.200,1015.100,13.000,338.000,15.200,4.754
2023-01-15 10:00:00,0.400,1015.100,13.100,343.000,15.500,4.124
2023-01-15 11:00:00,0.300,1015.500,14.300,346.000,16.800,3.396
2023-01-15 12:00:00,0.200,1015.900,13.800,346.000,16.000,2.920
2023-01-15 13:00:00,0.300,1016.700,12.900,350.000,15.400,2.743
2023-01-15 14:00:00,0.400,1017.300,12.500,354.000,14.700,2.854
2023-01-15 15:00:00,0.700,1017.900,12.400,345.000,14.400,3.212
2023-01-15 16:00:00,1.500,1017.500,11.200,341.000,14.000,3.740
2023-01-15 17:00:00,2.100,1016.600,11.600,333.000,14.200,4.377
2023-01-15 18:00:00,2.900,1016.400,11.700,330.000,13.700,4.918
2023-01-15 19:00:00,4.000,1015.900,11.600,333.000,14.000,5.138
2023-01-15 20:00:00,4.600,1015.800,11.100,331.000,13.400,5.046
2023-01-15 21:00:00,5.300,1015.600,10.100,334.000,12.300,4.590
2023-01-15 22:00:00,5.300,1016.300,10.100,340.000,11.700,4.081
2023-01-15 23:00:00,5.200,1016.700,10.000,334.000,13.500,3.465
2023-01-16 00:00:00,5.100,1016.800,9.000,334.000,11.600,2.815
2023-01-16 01:00:00,4.600,1016.600,8.900,333.000,11.200,2.382
2023-01-16 02:00:00,4.200,1016.900,11.800,343.000,13.300,2.520
2023-01-16 03:00:00,3.800,1016.800,10.500,343.000,13.000,2.759
2023-01-16 04:00:00,3.700,1017.000,10.100,349.000,12.600,3.389
2023-01-16 05:00:00,2.800,1016.700,10.100,340.000,12.200,4.229
2023-01-16 06:00:00,2.400,1016.300,8.900,335.000,11.000,4.967
2023-01-16 07:00:00,1.300,1016.600,8.500,318.000,10.500,5.535
2023-01-16 08:00:00,1.900,1016.500,9.600,336.000,12.300,5.837
2023-01-16 09:00:00,2.000,1016.600,9.200,336.000,11.200,5.768
2023-01-16 10:00:00,2.100,1016.300,10.000,341.000,11.500,5.233
2023-01-16 11:00:00,2.300,1016.200,10.200,2.000,11.600,4.560
2023-01-16 12:00:00,1.800,1016.200,10.200,345.000,12.000,3.786
2023-01-16 13:00:00,0.200,1016.400,7.700,310.000,9.300,3.143
2023-01-16 14:00:00,0.700,1016.500,6.700,326.000,9.000,2.785
2023-01-16 15:00:00,1.300,1015.900,8.100,317.000,9.000,2.766
2023-01-16 16:00:00,2.200,1015.500,7.400,323.000,8.800,2.999
2023-01-16 17:00:00,3.600,1014.300,7.200,320.000,8.100,3.458
2023-01-16 18:00:00,4.600,1013.100,4.800,330.000,5.600,4.104
2023-01-16 19:00:00,5.700,1012.300,4.500,326.000,5.000,4.429
2023-01-16 20:00:00,6.900,1011.400,3.400,329.000,4.300,4.692
2023-01-16 21:00:00,6.900,1011.800,4.200,321.000,4.800,4.757
2023-01-16 22:00:00,6.500,1011.900,3.000,306.000,4.500,4.491
2023-01-16 23:00:00,7.400,1012.000,4.300,288.000,4.700,3.875
2023-01-17 00:00:00,7.100,1011.900,3.900,290.000,4.900,3.009
2023-01-17 01:00:00,6.800,1011.900,4.500,274.000,5.700,2.274
2023-01-17 02:00:00,6.700,1011.800,6.000,277.000,7.300,1.732
2023-01-17 03:00:00,6.600,1011.600,6.300,280.000,7.700,1.814
2023-01-17 04:00:00,6.300,1011.600,5.200,282.000,5.900,2.156
2023-01-17 05:00:00,6.100,1011.400,4.700,280.000,5.500,2.717
2023-01-17 06:00:00,6.200,1011.000,5.100,276.000,5.700,3.635
2023-01-17 07:00:00,6.200,1010.900,4.700,271.000,5.900,4.442
2023-01-17 08:00:00,6.600,1010.400,3.300,273.000,3.700,5.089
2023-01-17 09:00:00,6.100,1010.100,3.000,247.000,4.100,5.413
2023-01-17 10:00:00,5.000,1009.800,1.600,227.000,2.400,5.154
2023-01-17 11:00:00,4.800,1009.700,2.300,198.000,3.000,4.485
2023-01-17 12:00:00,5.400,1009.800,2.100,191.000,3.000,3.684
2023-01-17 13:00:00,5.900,1009.700,2.300,191.000,3.500,2.805
2023-01-17 14:00:00,6.600,1009.400,1.900,181.000,3.200,2.110
2023-01-17 15:00:00,7.600,1008.700,1.900,203.000,4.800,1.627
2023-01-17 16:00:00,7.900,1008.200,2.300,249.000,3.500,1.660
2023-01-17 17:00:00,7.600,1007.500,2.000,240.000,4.100,1.995
2023-01-17 18:00:00,6.400,1006.600,1.700,247.000,3.700,2.497
2023-01-17 19:00:00,6.500,1004.800,2.000,209.000,4.200,2.953
2023-01-17 20:00:00,7.200,1005.700,1.900,210.000,2.700,3.586
2023-01-17 21:00:00,8.000,1005.600,1.500,234.000,4.300,3.947
2023-01-17 22:00:00,7.900,1005.700,3.000,264.000,3.700,4.091
2023-01-17 23:00:00,7.700,1005.700,1.900,254.000,2.900,3.691
2023-01-18 00:00:00,7.200,1006.100,1.500,252.000,2.600,3.022
2023-01-18 01:00:00,7.300,1006.800,1.400,257.000,2.200,2.103
2023-01-18 02:00:00,7.500,1006.700,1.900,232.000,3.200,1.270
2023-01-18 03:00:00,7.600,1006.600,2.500,234.000,4.600,0.945
2023-01-18 04:00:00,7.500,1006.500,1.700,216.000,3.400,0.906
2023-01-18 05:00:00,7.300,1006.500,2.000,252.000,4.200,1.332
2023-01-18 06:00:00,6.000,1007.400,5.300,339.000,6.300,2.172
2023-01-18 07:00:00,6.600,1006.700,2.300,204.000,3.300,3.071
2023-01-18 08:00:00,6.200,1006.700,3.000,219.000,4.300,3.996
2023-01-18 09:00:00,6.300,1007.100,5.000,242.000,7.000,4.688
2023-01-18 10:00:00,7.400,1007.600,5.200,252.000,7.400,5.049
2023-01-18 11:00:00,8.200,1008.100,5.500,248.000,7.300,4.767
2023-01-18 12:00:00,8.700,1009.100,5.600,257.000,9.000,4.003
2023-01-18 13:00:00,9.200,1010.000,6.600,266.000,8.200,3.041
2023-01-18 14:00:00,9.600,1011.200,6.800,271.000,8.500,1.982
2023-01-18 15:00:00,10.500,1011.800,7.500,280.000,9.600,1.125
2023-01-18 16:00:00,10.600,1011.800,7.800,304.000,8.700,0.617
2023-01-18 17:00:00,10.700,1011.500,7.200,309.000,8.200,0.545
2023-01-18 18:00:00,12.200,1011.400,10.400,295.000,11.700,0.974
2023-01-18 19:00:00,11.900,1011.500,8.500,295.000,9.300,1.555
2023-01-18 20:00:00,11.200,1012.200,7.400,303.000,9.500,2.372
2023-01-18 21:00:00,11.700,1013.500,8.600,298.000,10.000,2.995
2023-01-18 22:00:00,10.200,1014.900,6.700,303.000,7.500,3.366
2023-01-18 23:00:00,9.000,1016.000,4.400,298.000,4.800,3.425
2023-01-19 00:00:00,8.200,1016.900,4.300,304.000,4.600,3.077
2023-01-19 01:00:00,8.100,1017.200,4.300,308.000,4.700,2.290
2023-01-19 02:00:00,7.600,1017.200,4.600,327.000,5.300,1.302
2023-01-19 03:00:00,7.100,1018.000,3.500,299.000,4.500,0.568
2023-01-19 04:00:00,7.200,1017.600,2.200,319.000,2.300,0.167
2023-01-19 05:00:00,6.200,1018.000,2.700,301.000,3.300,0.348
2023-01-19 06:00:00,6.200,1018.100,2.800,313.000,3.200,0.948
2023-01-19 07:00:00,6.100,1017.800,3.100,300.000,3.200,1.900
2023-01-19 08:00:00,6.400,1017.600,1.800,287.000,2.300,3.110
2023-01-19 09:00:00,6.500,1017.500,0.100,251.000,1.000,4.304
2023-01-19 10:00:00,6.400,1018.100,1.700,280.000,2.100,4.984
2023-01-19 11:00:00,6.000,1017.500,0.700,158.000,0.900,5.299
2023-01-19 12:00:00,5.900,1017.200,1.400,104.000,1.700,5.026
2023-01-19 13:00:00,5.800,1017.700,1.300,158.000,1.600,4.268
2023-01-19 14:00:00,6.500,1016.700,3.400,128.000,4.700,3.232
2023-01-19 15:00:00,6.900,1016.200,3.800,111.000,5.300,1.991
2023-01-19 16:00:00,6.900,1015.200,4.200,100.000,5.700,1.056
2023-01-19 17:00:00,7.100,1012.800,5.300,125.000,7.100,0.341
2023-01-19 18:00:00,8.000,1010.500,4.600,132.000,6.400,0.600
2023-01-19 19:00:00,9.900,1008.700,4.000,156.000,7.400,1.234
2023-01-19 20:00:00,10.600,1007.900,3.000,173.000,4.100,2.005
2023-01-19 21:00:00,10.400,1007.300,1.000,159.000,1.600,2.982
2023-01-19 22:00:00,11.500,1005.800,3.800,175.000,5.300,3.852
2023-01-19 23:00:00,12.700,1004.600,4.000,183.000,6.200,4.350
2023-01-20 00:00:00,14.000,1003.500,3.500,179.000,6.300,4.301
2023-01-20 01:00:00,14.500,1002.500,3.200,213.000,6.100,3.665
2023-01-20 02:00:00,16.100,1001.600,3.400,219.000,6.200,2.904
2023-01-20 03:00:00,16.200,1001.900,4.600,239.000,8.300,1.900
2023-01-20 04:00:00,7.200,1003.400,3.300,339.000,5.400,0.974
2023-01-20 05:00:00,7.200,1003.000,0.300,267.000,1.200,0.394
2023-01-20 06:00:00,9.500,1003.100,3.000,284.000,4.700,0.696
2023-01-20 07:00:00,8.700,1004.100,6.600,291.000,8.400,1.348
2023-01-20 08:00:00,7.900,1004.400,5.000,301.000,5.600,2.375
2023-01-20 09:00:00,7.800,1004.500,5.100,310.000,7.500,3.740
2023-01-20 10:00:00,7.000,1005.200,6.800,316.000,7.900,4.938
2023-01-20 11:00:00,6.700,1005.900,3.300,303.000,4.100,5.614
2023-01-20 12:00:00,6.000,1006.700,2.100,224.000,2.900,5.942
2023-01-20 13:00:00,6.300,1007.400,3.300,235.000,4.300,5.758
2023-01-20 14:00:00,7.400,1008.400,6.900,278.000,9.200,4.836
2023-01-20 15:00:00,8.500,1008.900,8.900,286.000,10.800,3.589
2023-01-20 16:00:00,9.600,1008.500,11.200,285.000,13.400,2.152
2023-01-20 17:00:00,9.500,1008.200,13.000,294.000,15.900,0.896
2023-01-20 18:00:00,9.500,1008.300,12.600,294.000,15.200,0.125
2023-01-20 19:00:00,9.300,1008.900,12.400,291.000,16.000,0.013
2023-01-20 20:00:00,9.300,1009.800,12.800,299.000,15.100,0.584
2023-01-20 21:00:00,8.900,1010.900,12.000,296.000,14.600,1.549
2023-01-20 22:00:00,8.400,1012.400,9.100,303.000,10.900,2.451
2023-01-20 23:00:00,7.500,1013.500,7.700,291.000,9.800,3.278
2023-01-21 00:00:00,7.000,1014.700,7.100,295.000,8.200,3.602
2023-01-21 01:00:00,6.400,1015.100,5.900,286.000,7.000,3.455
2023-01-21 02:00:00,6.300,1015.800,7.700,291.000,9.200,2.894
2023-01-21 03:00:00,5.800,1016.600,6.400,285.000,7.800,1.962
2023-01-21 04:00:00,5.200,1017.000,5.700,283.000,6.900,0.863
2023-01-21 05:00:00,4.800,1016.700,6.100,283.000,7.400,-0.236
2023-01-21 06:00:00,4.300,1016.900,6.800,282.000,8.200,-0.758
2023-01-21 07:00:00,4.500,1017.700,8.800,294.000,10.600,-0.430
2023-01-21 08:00:00,4.600,1017.400,9.600,304.000,11.100,0.502
2023-01-21 09:00:00,3.900,1018.000,6.700,284.000,8.000,1.814
2023-01-21 10:00:00,3.400,1018.500,5.700,285.000,6.500,3.179
2023-01-21 11:00:00,3.300,1019.200,6.000,289.000,7.200,4.406
2023-01-21 12:00:00,3.600,1020.000,7.200,292.000,8.900,5.420
2023-01-21 13:00:00,3.900,1020.700,6.500,293.000,8.200,5.781
2023-01-21 14:00:00,4.400,1021.600,7.500,307.000,8.300,5.499
2023-01-21 15:00:00,5.300,1022.100,8.500,323.000,10.300,4.619
2023-01-21 16:00:00,5.400,1022.700,8.500,348.000,10.400,3.514
2023-01-21 17:00:00,5.200,1022.400,8.600,345.000,9.800,2.060
2023-01-21 18:00:00,5.100,1022.200,8.000,341.000,9.900,0.948
2023-01-21 19:00:00,5.100,1022.100,6.900,346.000,8.100,0.400
2023-01-21 20:00:00,5.300,1022.600,6.700,344.000,8.200,0.502
2023-01-21 21:00:00,5.200,1023.000,6.800,345.000,7.800,1.171
2023-01-21 22:00:00,5.000,1023.600,4.900,357.000,5.700,2.333
2023-01-21 23:00:00,5.100,1024.300,5.100,302.000,7.300,3.468
2023-01-22 00:00:00,4.800,1024.300,5.100,301.000,6.500,4.311
2023-01-22 01:00:00,4.800,1024.400,3.200,325.000,5.300,4.636
2023-01-22 02:00:00,4.600,1024.400,3.700,292.000,4.300,4.524
2023-01-22 03:00:00,4.200,1024.900,1.700,265.000,2.500,3.927
2023-01-22 04:00:00,4.400,1024.000,2.100,294.000,2.500,2.940
2023-01-22 05:00:00,4.200,1023.700,1.000,237.000,1.600,1.657
2023-01-22 06:00:00,3.900,1024.600,0.900,210.000,1.700,0.453
2023-01-22 07:00:00,3.600,1024.400,1.200,173.000,1.500,-0.141
2023-01-22 08:00:00,3.300,1024.100,1.500,138.000,1.600,0.292
2023-01-22 09:00:00,2.700,1023.500,1.400,186.000,1.700,1.217
2023-01-22 10:00:00,2.600,1022.900,1.400,160.000,1.600,2.382
2023-01-22 11:00:00,2.700,1022.900,1.600,166.000,1.900,3.701
2023-01-22 12:00:00,3.000,1022.200,1.900,157.000,2.700,5.049
2023-01-22 13:00:00,3.500,1022.100,1.600,167.000,2.300,5.928
2023-01-22 14:00:00,5.000,1021.600,1.500,141.000,2.400,6.050
2023-01-22 15:00:00,5.900,1021.400,1.700,136.000,2.700,5.564
2023-01-22 16:00:00,6.200,1020.400,1.800,157.000,3.700,4.534
2023-01-22 17:00:00,6.500,1019.300,2.900,143.000,4.300,2.904
2023-01-22 18:00:00,6.500,1018.000,2.600,126.000,3.900,1.558
2023-01-22 19:00:00,6.500,1017.200,2.600,126.000,3.100,0.420
2023-01-22 20:00:00,5.900,1015.800,3.600,105.000,4.500,-0.033
2023-01-22 21:00:00,5.700,1014.700,4.900,96.000,6.600,0.315
2023-01-22 22:00:00,5.600,1012.600,6.400,96.000,7.300,1.467
2023-01-22 23:00:00,5.700,1012.100,4.000,95.000,5.100,2.776
2023-01-23 00:00:00,6.300,1011.000,3.100,99.000,4.000,3.930
2023-01-23 01:00:00,7.600,1009.000,2.500,101.000,3.000,4.816
2023-01-23 02:00:00,7.000,1007.100,5.200,70.000,6.000,5.203
2023-01-23 03:00:00,7.400,1005.000,2.700,80.000,3.700,5.075
2023-01-23 04:00:00,9.300,1003.200,2.200,107.000,2.900,4.413
2023-01-23 05:00:00,5.900,1003.400,6.300,291.000,8.300,3.396
2023-01-23 06:00:00,5.200,1003.100,7.600,303.000,9.600,2.044
2023-01-23 07:00:00,4.800,1002.300,6.700,314.000,8.000,0.791
2023-01-23 08:00:00,4.700,1000.900,6.700,320.000,9.100,0.243
2023-01-23 09:00:00,4.600,1001.500,6.400,306.000,8.400,0.879
2023-01-23 10:00:00,4.600,1001.800,5.600,300.000,6.000,1.690
2023-01-23 11:00:00,4.500,1002.200,5.400,285.000,6.400,2.828
2023-01-23 12:00:00,4.400,1002.700,7.100,282.000,8.700,4.265
2023-01-23 13:00:00,4.500,1003.800,8.400,277.000,10.700,5.381
2023-01-23 14:00:00,5.000,1004.300,8.600,284.000,10.200,6.076
2023-01-23 15:00:00,5.500,1004.200,8.700,292.000,10.400,6.125
2023-01-23 16:00:00,5.300,1005.100,10.200,293.000,12.800,5.410
2023-01-23 17:00:00,5.400,1005.000,10.900,289.000,13.400,4.311
2023-01-23 18:00:00,5.700,1005.600,10.500,296.000,13.400,2.749
2023-01-23 19:00:00,6.000,1006.400,12.800,302.000,14.800,1.102
2023-01-23 20:00:00,6.400,1007.500,12.300,300.000,16.400,-0.302
2023-01-23 21:00:00,6.700,1009.000,9.300,298.000,13.000,-0.597
2023-01-23 22:00:00,6.600,1010.800,8.200,299.000,10.600,-0.102
2023-01-23 23:00:00,6.600,1012.200,8.600,293.000,10.500,0.948
2023-01-24 00:00:00,6.500,1013.300,9.000,298.000,10.300,2.064
2023-01-24 01:00:00,6.000,1014.700,12.100,300.000,14.300,2.995
2023-01-24 02:00:00,5.500,1016.100,11.300,293.000,13.400,3.793
2023-01-24 03:00:00,5.200,1017.200,10.900,299.000,12.200,4.114
2023-01-24 04:00:00,4.800,1018.300,11.500,299.000,12.300,3.898
2023-01-24 05:00:00,4.600,1018.800,13.100,317.000,15.800,2.963
2023-01-24 06:00:00,4.200,1019.500,7.700,307.000,9.700,1.772
2023-01-24 07:00:00,2.600,1020.000,3.300,265.000,4.000,0.505
2023-01-24 08:00:00,2.100,1020.400,3.200,256.000,4.400,-0.476
2023-01-24 09:00:00,1.800,1020.800,3.700,251.000,4.600,-0.564
2023-01-24 10:00:00,1.800,1021.400,3.000,254.000,4.700,-0.056
2023-01-24 11:00:00,2.400,1021.900,6.200,281.000,7.200,0.531
2023-01-24 12:00:00,2.300,1022.600,5.400,279.000,6.600,1.729
2023-01-24 13:00:00,2.000,1023.600,3.700,259.000,5.500,3.005
2023-01-24 14:00:00,4.000,1024.400,6.400,271.000,9.100,4.203
2023-01-24 15:00:00,5.200,1024.700,9.900,281.000,12.000,4.724
2023-01-24 16:00:00,5.700,1024.200,8.700,282.000,12.100,4.616
2023-01-24 17:00:00,7.200,1023.400,7.200,268.000,10.700,3.967
2023-01-24 18:00:00,7.200,1023.000,8.800,279.000,10.800,2.913
2023-01-24 19:00:00,8.000,1023.100,7.500,275.000,9.800,1.470
2023-01-24 20:00:00,8.000,1023.100,7.500,291.000,9.600,0.003
2023-01-24 21:00:00,8.300,1023.600,5.300,272.000,6.700,-1.079
2023-01-24 22:00:00,7.700,1023.900,3.200,268.000,5.100,-1.079
2023-01-24 23:00:00,6.900,1024.500,2.700,264.000,3.300,-0.344
2023-01-25 00:00:00,6.300,1025.200,2.800,254.000,3.100,0.702
2023-01-25 01:00:00,5.400,1025.700,2.400,221.000,3.000,1.759
2023-01-25 02:00:00,4.700,1026.800,2.500,224.000,3.000,2.841
2023-01-25 03:00:00,4.500,1026.400,2.600,217.000,3.100,3.635
2023-01-25 04:00:00,3.400,1026.600,4.000,276.000,8.000,4.049
2023-01-25 05:00:00,5.600,1026.200,6.600,38.000,7.700,3.665
2023-01-25 06:00:00,4.900,1025.800,5.500,67.000,6.400,2.979
2023-01-25 07:00:00,4.600,1026.700,5.200,67.000,6.000,1.890
2023-01-25 08:00:00,4.700,1026.100,5.200,76.000,6.500,0.709
2023-01-25 09:00:00,4.700,1025.900,4.000,90.000,4.700,-0.187
2023-01-25 10:00:00,4.800,1026.400,3.600,103.000,4.600,-0.367
2023-01-25 11:00:00,5.000,1026.800,3.300,95.000,4.400,0.059
2023-01-25 12:00:00,5.200,1024.900,4.300,108.000,7.400,1.109
2023-01-25 13:00:00,5.700,1024.400,4.300,111.000,5.300,2.290
2023-01-25 14:00:00,6.300,1023.600,5.100,116.000,7.200,3.734
2023-01-25 15:00:00,6.800,1022.800,6.000,107.000,8.600,4.783
2023-01-25 16:00:00,7.200,1023.000,5.400,101.000,6.500,5.269
2023-01-25 17:00:00,7.200,1020.800,6.600,95.000,7.400,5.125
2023-01-25 18:00:00,7.600,1017.800,7.000,107.000,8.800,4.373
2023-01-25 19:00:00,8.400,1016.600,4.900,118.000,7.500,3.389
2023-01-25 20:00:00,8.400,1014.900,6.800,115.000,8.800,2.106
2023-01-25 21:00:00,9.000,1012.000,8.000,118.000,13.100,1.066
2023-01-25 22:00:00,9.800,1010.100,6.800,139.000,9.700,0.604
2023-01-25 23:00:00,10.900,1008.200,6.800,148.000,13.100,0.823
2023-01-26 00:00:00,11.500,1006.900,6.400,164.000,9.800,1.273
2023-01-26 01:00:00,13.500,1005.700,7.000,182.000,16.000,2.464
2023-01-26 02:00:00,14.700,1004.000,7.100,195.000,11.700,3.858
2023-01-26 03:00:00,14.600,1003.300,5.300,195.000,10.600,4.728
2023-01-26 04:00:00,14.400,1001.400,4.200,190.000,8.800,5.364
2023-01-26 05:00:00,14.400,1000.200,3.000,197.000,5.100,5.292
2023-01-26 06:00:00,14.500,999.700,3.500,180.000,4.600,4.931
2023-01-26 07:00:00,14.900,998.400,3.900,196.000,5.900,4.173
2023-01-26 08:00:00,12.300,999.600,11.700,278.000,16.700,2.999
2023-01-26 09:00:00,9.800,1001.000,9.400,296.000,10.600,1.631
2023-01-26 10:00:00,8.900,1001.400,8.800,300.000,10.100,0.873
2023-01-26 11:00:00,8.400,1003.200,9.800,292.000,11.800,0.564
2023-01-26 12:00:00,7.900,1004.700,8.500,293.000,11.700,0.863
2023-01-26 13:00:00,7.800,1006.100,10.100,292.000,12.300,1.490
2023-01-26 14:00:00,7.600,1007.400,6.900,280.000,9.900,2.431
2023-01-26 15:00:00,8.400,1008.000,9.400,281.000,13.900,3.570
2023-01-26 16:00:00,8.800,1008.400,11.200,287.000,13.900,4.409
2023-01-26 17:00:00,8.700,1008.100,11.200,282.000,14.800,4.587
2023-01-26 18:00:00,8.500,1008.000,12.300,291.000,14.800,4.390
2023-01-26 19:00:00,8.700,1008.900,10.800,288.000,14.500,3.845
2023-01-26 20:00:00,8.500,1009.800,10.800,289.000,13.500,2.589
2023-01-26 21:00:00,8.500,1010.800,6.700,287.000,9.600,1.312
2023-01-26 22:00:00,8.300,1011.500,3.600,279.000,4.400,0.308
2023-01-26 23:00:00,7.800,1012.400,2.200,269.000,2.700,-0.154
2023-01-27 00:00:00,7.700,1013.300,2.100,267.000,2.600,0.052
2023-01-27 01:00:00,7.700,1014.100,3.800,268.000,4.800,0.581
2023-01-27 02:00:00,7.400,1014.700,4.000,278.000,4.900,1.447
2023-01-27 03:00:00,7.200,1015.100,4.700,279.000,5.700,2.421
2023-01-27 04:00:00,6.600,1015.700,5.100,281.000,6.200,3.228
2023-01-27 05:00:00,6.200,1016.400,7.200,283.000,9.100,3.671
2023-01-27 06:00:00,4.700,1016.800,2.500,257.000,3.000,3.589
2023-01-27 07:00:00,4.400,1017.400,3.100,266.000,3.800,3.199
2023-01-27 08:00:00,4.200,1017.700,4.300,278.000,4.800,2.467
2023-01-27 09:00:00,4.200,1017.800,4.900,294.000,6.100,1.463
2023-01-27 10:00:00,3.800,1018.200,3.500,296.000,4.000,0.413
2023-01-27 11:00:00,2.500,1019.100,3.000,257.000,3.600,-0.456
2023-01-27 12:00:00,1.800,1020.300,3.100,254.000,4.200,-0.725
2023-01-27 13:00:00,2.600,1021.200,3.300,265.000,4.700,-0.318
2023-01-27 14:00:00,3.600,1022.200,2.400,280.000,4.300,0.492
2023-01-27 15:00:00,3.900,1022.400,4.500,298.000,5.200,1.414
2023-01-27 16:00:00,4.800,1022.300,4.400,300.000,5.600,2.431
2023-01-27 17:00:00,5.000,1021.500,6.500,303.000,7.400,3.248
2023-01-27 18:00:00,5.000,1021.000,6.300,289.000,8.400,3.494
2023-01-27 19:00:00,5.200,1020.800,5.800,302.000,7.800,3.301
2023-01-27 20:00:00,5.600,1021.200,6.200,296.000,6.900,2.690
2023-01-27 21:00:00,5.800,1021.800,3.500,267.000,6.500,1.873
2023-01-27 22:00:00,5.700,1022.200,2.100,263.000,4.700,0.906
2023-01-27 23:00:00,4.700,1022.600,1.600,239.000,1.800,0.262
2023-01-28 00:00:00,4.300,1023.400,1.600,249.000,1.700,-0.072
2023-01-28 01:00:00,3.300,1024.100,1.700,223.000,2.300,0.171
2023-01-28 02:00:00,2.100,1024.300,2.000,206.000,2.400,0.810
2023-01-28 03:00:00,2.100,1024.200,1.800,195.000,2.400,1.713
2023-01-28 04:00:00,1.500,1023.900,1.900,195.000,3.200,2.759
2023-01-28 05:00:00,1.800,1023.500,2.500,201.000,4.300,3.586
2023-01-28 06:00:00,2.400,1023.800,2.000,211.000,3.400,4.114
2023-01-28 07:00:00,2.700,1024.200,2.100,199.000,3.900,4.167
2023-01-28 08:00:00,3.100,1024.000,3.100,199.000,4.400,3.740
2023-01-28 09:00:00,3.400,1024.000,3.200,209.000,6.000,3.012
2023-01-28 10:00:00,3.600,1024.000,3.600,229.000,7.600,1.952
2023-01-28 11:00:00,3.600,1024.500,4.700,234.000,7.400,1.024
2023-01-28 12:00:00,3.700,1025.100,4.700,238.000,6.600,0.341
2023-01-28 13:00:00,4.200,1025.800,4.600,233.000,7.600,0.259
2023-01-28 14:00:00,6.000,1026.900,4.800,256.000,6.800,0.650
2023-01-28 15:00:00,8.100,1027.500,6.100,259.000,7.600,1.286
2023-01-28 16:00:00,9.500,1027.300,4.300,248.000,6.400,2.034
2023-01-28 17:00:00,11.700,1026.300,3.200,258.000,6.000,2.789
2023-01-28 18:00:00,12.600,1025.500,4.000,252.000,5.200,3.317
2023-01-28 19:00:00,13.500,1024.900,3.600,261.000,5.000,3.455
2023-01-28 20:00:00,14.100,1025.800,2.700,232.000,5.600,3.264
2023-01-28 21:00:00,13.900,1026.100,3.400,256.000,5.600,2.671
2023-01-28 22:00:00,12.700,1026.300,2.500,236.000,3.300,2.051
2023-01-28 23:00:00,10.700,1027.200,2.300,225.000,2.600,1.253
2023-01-29 00:00:00,9.700,1027.900,2.200,216.000,3.000,0.538
2023-01-29 01:00:00,8.900,1027.900,2.000,200.000,2.700,0.302
2023-01-29 02:00:00,8.200,1028.000,1.900,188.000,2.800,0.541
2023-01-29 03:00:00,7.800,1028.200,2.300,200.000,2.900,1.135
2023-01-29 04:00:00,7.500,1028.000,2.600,199.000,3.300,1.998
2023-01-29 05:00:00,7.000,1027.800,2.200,192.000,3.200,2.933
2023-01-29 06:00:00,7.100,1027.400,2.400,203.000,3.800,3.671
2023-01-29 07:00:00,7.100,1027.100,2.400,207.000,4.700,4.039
2023-01-29 08:00:00,7.300,1026.900,2.700,208.000,4.200,4.088
2023-01-29 09:00:00,7.000,1027.000,2.800,213.000,4.300,3.730
2023-01-29 10:00:00,7.200,1026.800,2.900,209.000,4.600,3.054
2023-01-29 11:00:00,6.800,1026.800,2.500,212.000,4.200,2.116
2023-01-29 12:00:00,6.600,1026.500,2.400,203.000,3.900,1.296
2023-01-29 13:00:00,7.300,1026.500,2.300,203.000,4.100,0.758
2023-01-29 14:00:00,8.700,1026.200,2.100,184.000,4.400,0.781
2023-01-29 15:00:00,10.200,1026.100,3.100,208.000,6.000,1.050
2023-01-29 16:00:00,11.800,1025.400,2.800,224.000,5.400,1.549
2023-01-29 17:00:00,13.100,1024.500,3.800,229.000,8.300,2.260
2023-01-29 18:00:00,13.900,1022.900,6.500,235.000,13.000,2.959
2023-01-29 19:00:00,13.500,1022.000,5.900,234.000,9.700,3.399
2023-01-29 20:00:00,10.800,1022.000,6.100,233.000,9.700,3.402
2023-01-29 21:00:00,11.000,1021.500,3.700,213.000,7.300,3.314
2023-01-29 22:00:00,10.800,1021.200,2.800,231.000,7.300,2.923
2023-01-29 23:00:00,10.700,1022.500,4.000,261.000,5.900,2.356
2023-01-30 00:00:00,10.100,1022.400,5.800,234.000,8.000,1.594
2023-01-30 01:00:00,9.600,1022.800,6.000,253.000,8.400,1.010
2023-01-30 02:00:00,9.400,1023.100,5.400,252.000,7.300,0.699
2023-01-30 03:00:00,9.100,1023.200,4.300,256.000,6.200,0.886
2023-01-30 04:00:00,8.500,1023.200,2.900,231.000,3.900,1.591
2023-01-30 05:00:00,8.300,1022.700,2.300,239.000,4.100,2.359
2023-01-30 06:00:00,8.400,1022.600,2.900,261.000,4.000,3.205
2023-01-30 07:00:00,7.700,1022.800,2.500,297.000,2.700,3.950
2023-01-30 08:00:00,7.000,1021.800,0.200,296.000,0.900,4.291
2023-01-30 09:00:00,7.200,1022.100,1.100,271.000,1.200,4.347
2023-01-30 10:00:00,7.400,1023.000,1.400,251.000,2.100,3.980
2023-01-30 11:00:00,6.900,1023.000,1.200,199.000,1.900,3.238
2023-01-30 12:00:00,6.800,1022.500,1.100,175.000,1.600,2.441
2023-01-30 13:00:00,6.600,1022.500,0.900,154.000,1.000,1.591
2023-01-30 14:00:00,7.800,1023.000,2.100,149.000,2.400,1.066
2023-01-30 15:00:00,8.800,1023.700,0.700,150.000,1.300,0.915
2023-01-30 16:00:00,6.800,1022.800,2.900,30.000,3.200,0.948
2023-01-30 17:00:00,7.600,1021.900,2.900,35.000,3.100,1.293
2023-01-30 18:00:00,7.300,1021.100,3.400,22.000,3.600,2.133
2023-01-30 19:00:00,8.100,1020.400,4.400,55.000,4.900,2.638
2023-01-30 20:00:00,11.100,1020.100,2.400,117.000,4.000,2.946
2023-01-30 21:00:00,10.400,1019.900,2.900,134.000,4.400,3.114
2023-01-30 22:00:00,8.600,1019.900,3.500,162.000,5.000,3.186
2023-01-30 23:00:00,7.600,1020.200,2.300,169.000,3.100,2.890
2023-01-31 00:00:00,7.300,1020.900,1.900,190.000,2.800,2.270
2023-01-31 01:00:00,7.300,1020.500,2.200,188.000,3.700,1.437
2023-01-31 02:00:00,7.000,1020.300,2.500,204.000,4.000,1.017
2023-01-31 03:00:00,7.100,1020.300,2.400,179.000,3.900,0.889
2023-01-31 04:00:00,7.200,1020.200,2.500,203.000,4.400,1.332
2023-01-31 05:00:00,7.200,1019.600,2.800,199.000,4.000,1.821
2023-01-31 06:00:00,7.300,1019.200,3.300,215.000,5.500,2.625
2023-01-31 07:00:00,7.600,1019.100,3.000,228.000,5.200,3.484
2023-01-31 08:00:00,8.000,1018.600,2.900,217.000,4.700,4.180
2023-01-31 09:00:00,7.700,1018.600,2.600,232.000,4.100,4.636
2023-01-31 10:00:00,7.900,1018.200,3.600,230.000,4.800,4.642
2023-01-31 11:00:00,8.300,1019.200,3.400,261.000,5.000,4.304
2023-01-31 12:00:00,7.400,1020.500,2.100,318.000,2.600,3.530
2023-01-31 13:00:00,7.000,1022.500,7.900,335.000,9.400,2.815
2023-01-31 14:00:00,6.600,1023.300,6.000,22.000,6.800,1.932
2023-01-31 15:00:00,6.000,1024.300,6.000,14.000,7.200,1.467
2023-01-31 16:00:00,5.400,1023.800,6.200,20.000,6.700,1.102
2023-01-31 17:00:00,5.000,1023.800,6.100,10.000,7.700,1.204
2023-01-31 18:00:00,4.100,1023.200,6.500,4.000,7.800,1.742
2023-01-31 19:00:00,3.900,1023.000,5.400,8.000,7.200,2.388
2023-01-31 20:00:00,3.700,1022.700,5.300,12.000,6.200,3.015
2023-01-31 21:00:00,3.600,1023.500,3.800,13.000,5.400,3.432
2023-01-31 22:00:00,3.500,1023.100,3.700,60.000,4.700,3.681
2023-01-31 23:00:00,3.400,1023.100,4.300,54.000,5.200,3.701
2023-02-01 00:00:00,3.500,1023.400,5.500,49.000,6.300,3.445
2023-02-01 01:00:00,3.400,1023.500,4.300,54.000,6.000,2.730
2023-02-01 02:00:00,3.200,1023.200,4.200,40.000,5.100,2.034
2023-02-01 03:00:00,3.400,1023.600,5.200,39.000,5.800,1.631
2023-02-01 04:00:00,3.500,1023.000,5.400,32.000,6.300,1.496
2023-02-01 05:00:00,3.300,1022.400,5.700,38.000,6.500,1.713
2023-02-01 06:00:00,3.100,1021.300,5.000,37.000,6.200,2.346
2023-02-01 07:00:00,3.100,1022.300,5.600,18.000,6.400,3.123
2023-02-01 08:00:00,2.600,1021.800,7.300,23.000,8.000,3.960
2023-02-01 09:00:00,2.800,1021.800,7.300,18.000,8.600,4.718
2023-02-01 10:00:00,1.600,1023.000,7.000,14.000,8.000,5.033
2023-02-01 11:00:00,1.600,1022.700,7.400,23.000,8.100,4.941
2023-02-01 12:00:00,2.000,1023.700,7.300,9.000,8.600,4.554
2023-02-01 13:00:00,1.700,1024.200,5.000,28.000,5.800,3.704
2023-02-01 14:00:00,1.900,1024.700,5.200,10.000,7.500,3.038
2023-02-01 15:00:00,1.900,1025.500,8.300,4.000,10.100,2.333
2023-02-01 16:00:00,1.700,1026.100,6.800,351.000,8.000,1.808
2023-02-01 17:00:00,1.900,1025.600,7.200,351.000,9.200,1.680
2023-02-01 18:00:00,1.700,1025.400,7.600,5.000,9.300,1.654
2023-02-01 19:00:00,1.900,1025.000,6.800,343.000,8.500,1.965
2023-02-01 20:00:00,2.300,1025.100,5.700,341.000,7.100,2.520
2023-02-01 21:00:00,2.500,1025.400,5.600,344.000,6.400,3.143
2023-02-01 22:00:00,3.000,1025.600,5.300,360.000,6.100,3.563
2023-02-01 23:00:00,3.100,1026.000,3.900,314.000,6.000,3.776
2023-02-02 00:00:00,2.300,1026.500,3.600,284.000,5.500,3.652
2023-02-02 01:00:00,2.400,1026.700,4.300,299.000,5.200,3.186
2023-02-02 02:00:00,2.700,1026.700,5.200,329.000,6.500,2.487
2023-02-02 03:00:00,1.000,1027.000,3.300,273.000,3.900,1.762
2023-02-02 04:00:00,0.400,1026.900,2.700,274.000,3.400,1.234
2023-02-02 05:00:00,1.200,1026.700,2.900,292.000,3.500,1.191
2023-02-02 06:00:00,0.000,1025.800,2.100,250.000,2.500,1.575
2023-02-02 07:00:00,-0.500,1026.200,2.200,245.000,2.900,2.152
2023-02-02 08:00:00,-0.800,1026.500,2.600,258.000,3.200,2.933
2023-02-02 09:00:00,-0.800,1025.700,1.200,222.000,2.200,3.894
2023-02-02 10:00:00,-0.700,1025.300,1.400,244.000,1.700,4.472
2023-02-02 11:00:00,0.600,1025.200,2.400,285.000,3.000,4.846
2023-02-02 12:00:00,-0.300,1025.800,2.000,246.000,2.400,4.767
2023-02-02 13:00:00,-0.300,1025.000,1.000,244.000,1.400,4.416
2023-02-02 14:00:00,0.600,1025.600,2.200,271.000,2.500,3.770
2023-02-02 15:00:00,1.400,1024.800,0.700,236.000,1.600,2.776
2023-02-02 16:00:00,1.900,1024.600,1.500,289.000,2.300,1.965
2023-02-02 17:00:00,2.100,1023.200,0.900,312.000,1.700,1.306
2023-02-02 18:00:00,3.000,1021.200,2.700,241.000,3.700,1.201
2023-02-02 19:00:00,3.300,1020.000,3.700,261.000,4.700,1.368
2023-02-02 20:00:00,3.600,1018.800,3.800,279.000,4.700,1.716
2023-02-02 21:00:00,3.800,1018.200,2.700,261.000,4.500,2.444
2023-02-02 22:00:00,3.400,1017.500,1.500,236.000,2.300,3.041
2023-02-02 23:00:00,2.800,1017.600,1.600,240.000,2.200,3.583
2023-02-03 00:00:00,2.500,1016.900,2.800,253.000,4.200,3.734
2023-02-03 01:00:00,2.000,1016.000,2.000,235.000,3.200,3.340
2023-02-03 02:00:00,2.000,1015.400,3.200,249.000,4.900,2.723
2023-02-03 03:00:00,2.200,1014.700,5.500,257.000,7.300,1.867
2023-02-03 04:00:00,2.100,1013.800,5.000,257.000,7.600,1.194
2023-02-03 05:00:00,2.300,1013.300,5.800,254.000,9.400,0.732
2023-02-03 06:00:00,3.300,1012.400,7.100,274.000,8.800,0.623
2023-02-03 07:00:00,3.300,1012.300,4.500,263.000,6.100,0.997
2023-02-03 08:00:00,3.300,1012.100,5.200,270.000,6.500,1.660
2023-02-03 09:00:00,3.100,1011.700,4.800,269.000,6.500,2.651
2023-02-03 10:00:00,3.000,1012.100,4.700,275.000,6.500,3.465
2023-02-03 11:00:00,3.200,1012.700,6.300,282.000,7.500,3.927
2023-02-03 12:00:00,3.500,1012.900,6.600,282.000,8.300,4.147
2023-02-03 13:00:00,3.900,1013.900,7.900,295.000,10.000,3.999
2023-02-03 14:00:00,1.500,1016.400,12.200,330.000,16.200,4.032
2023-02-03 15:00:00,0.800,1016.700,13.600,341.000,17.900,3.209
2023-02-03 16:00:00,0.200,1018.400,13.000,327.000,15.800,1.834
2023-02-03 17:00:00,-0.100,1018.600,11.800,312.000,15.600,0.715
2023-02-03 18:00:00,-0.900,1018.700,12.900,319.000,15.200,0.233
2023-02-03 19:00:00,-0.900,1019.300,13.700,315.000,15.600,0.249
2023-02-03 20:00:00,-0.800,1020.200,11.200,306.000,15.700,0.479
2023-02-03 21:00:00,-1.600,1021.800,15.000,320.000,17.800,1.096
2023-02-03 22:00:00,-1.700,1023.600,17.200,311.000,20.800,1.923
2023-02-03 23:00:00,-2.300,1025.100,15.100,312.000,18.000,2.438
2023-02-04 00:00:00,-2.900,1026.400,12.800,308.000,15.900,2.516
2023-02-04 01:00:00,-2.900,1027.400,6.300,325.000,19.600,2.398
2023-02-04 02:00:00,-3.900,1029.000,14.000,305.000,16.800,1.759
2023-02-04 03:00:00,-4.700,1030.100,14.900,319.000,19.200,0.879
2023-02-04 04:00:00,-5.300,1030.900,15.000,315.000,16.800,0.167
2023-02-04 05:00:00,-5.700,1032.000,14.100,315.000,17.000,-0.594
2023-02-04 06:00:00,-6.100,1033.100,17.100,316.000,19.600,-0.981
2023-02-04 07:00:00,-6.800,1033.800,12.900,314.000,15.100,-0.820
2023-02-04 08:00:00,-7.100,1034.600,12.700,321.000,16.100,-0.266
2023-02-04 09:00:00,-7.400,1035.200,10.900,319.000,13.400,0.512
2023-02-04 10:00:00,-8.400,1036.900,6.100,271.000,7.600,1.447
2023-02-04 11:00:00,-8.000,1038.000,7.000,283.000,8.700,2.303
2023-02-04 12:00:00,-8.200,1038.800,6.000,275.000,7.700,3.002
2023-02-04 13:00:00,-7.700,1039.500,8.200,295.000,10.100,3.166
2023-02-04 14:00:00,-7.300,1039.400,4.800,345.000,7.400,2.907
2023-02-04 15:00:00,-7.100,1040.000,5.500,323.000,7.300,2.356
2023-02-04 16:00:00,-6.600,1039.400,3.700,329.000,4.700,1.424
2023-02-04 17:00:00,-6.100,1038.100,1.800,332.000,2.200,0.479
2023-02-04 18:00:00,-5.300,1036.900,2.100,16.000,3.000,-0.308
2023-02-04 19:00:00,-4.400,1036.000,3.600,124.000,6.200,-0.705
2023-02-04 20:00:00,-3.000,1035.000,4.600,155.000,5.900,-0.630
2023-02-04 21:00:00,-2.400,1034.800,3.600,135.000,6.700,-0.069
2023-02-04 22:00:00,-2.700,1034.500,3.500,172.000,5.400,0.823
2023-02-04 23:00:00,-3.200,1034.400,3.500,182.000,5.600,1.696
2023-02-05 00:00:00,-3.300,1034.400,3.200,194.000,4.500,2.316
2023-02-05 01:00:00,-3.400,1033.800,3.200,201.000,4.700,2.713
2023-02-05 02:00:00,-3.200,1033.200,3.000,195.000,4.700,2.562
2023-02-05 03:00:00,-2.900,1032.800,2.700,192.000,5.000,1.926
2023-02-05 04:00:00,-2.300,1032.300,3.100,204.000,5.100,1.079
2023-02-05 05:00:00,-1.400,1031.300,2.800,188.000,4.800,0.095
2023-02-05 06:00:00,-0.800,1030.500,2.900,183.000,5.600,-0.594
2023-02-05 07:00:00,-0.400,1029.800,3.800,185.000,6.800,-0.876
2023-02-05 08:00:00,-0.200,1028.700,4.000,196.000,7.300,-0.482
2023-02-05 09:00:00,0.300,1028.100,3.500,204.000,6.400,0.282
2023-02-05 10:00:00,0.800,1027.600,4.700,211.000,6.700,1.171
2023-02-05 11:00:00,0.700,1027.700,3.100,217.000,6.500,2.129
2023-02-05 12:00:00,0.700,1027.400,4.400,221.000,6.600,2.838
2023-02-05 13:00:00,1.700,1026.500,5.000,222.000,7.900,3.251
2023-02-05 14:00:00,3.600,1025.800,5.700,233.000,9.000,3.330
2023-02-05 15:00:00,5.300,1025.500,4.100,235.000,7.100,2.920
2023-02-05 16:00:00,8.400,1024.900,2.600,228.000,8.500,2.008
2023-02-05 17:00:00,10.800,1023.300,6.100,243.000,11.000,0.978
2023-02-05 18:00:00,12.100,1021.900,7.100,226.000,9.800,-0.108
2023-02-05 19:00:00,13.500,1020.600,6.800,225.000,9.500,-0.823
2023-02-05 20:00:00,14.100,1020.000,4.700,217.000,7.600,-1.010
2023-02-05 21:00:00,13.400,1019.400,5.800,219.000,9.100,-0.600
2023-02-05 22:00:00,12.700,1019.200,3.300,218.000,8.100,0.128
2023-02-05 23:00:00,10.200,1018.700,3.300,178.000,5.000,1.056
2023-02-06 00:00:00,10.500,1018.100,4.500,184.000,6.900,1.850
2023-02-06 01:00:00,10.800,1017.700,2.300,209.000,4.300,2.421
2023-02-06 02:00:00,11.100,1017.500,4.400,221.000,6.800,2.497
2023-02-06 03:00:00,11.100,1017.600,4.700,243.000,7.100,2.441
2023-02-06 04:00:00,11.100,1017.700,2.900,240.000,5.700,1.798
2023-02-06 05:00:00,10.700,1016.600,2.000,251.000,2.800,0.787
2023-02-06 06:00:00,10.600,1015.600,1.800,238.000,2.700,0.075
2023-02-06 07:00:00,9.800,1014.500,1.300,268.000,2.000,-0.463
2023-02-06 08:00:00,9.000,1013.800,1.400,223.000,2.200,-0.331
2023-02-06 09:00:00,8.000,1013.200,1.000,272.000,1.500,0.413
2023-02-06 10:00:00,4.000,1013.400,0.900,289.000,1.300,1.352
2023-02-06 11:00:00,4.000,1013.700,2.300,294.000,2.500,2.444
2023-02-06 12:00:00,4.100,1014.200,3.300,300.000,3.700,3.527
2023-02-06 13:00:00,4.500,1014.500,4.200,323.000,5.100,4.308
2023-02-06 14:00:00,5.500,1015.200,5.600,326.000,7.200,4.662
2023-02-06 15:00:00,6.200,1015.500,7.000,319.000,7.900,4.403
2023-02-06 16:00:00,6.900,1016.100,8.300,342.000,9.400,3.848
2023-02-06 17:00:00,7.600,1015.800,8.300,333.000,9.800,2.887
2023-02-06 18:00:00,8.000,1015.500,9.900,332.000,11.200,1.932
2023-02-06 19:00:00,7.800,1016.100,9.900,336.000,11.700,1.161
2023-02-06 20:00:00,7.700,1016.900,12.500,342.000,14.400,0.850
2023-02-06 21:00:00,7.300,1018.000,12.000,334.000,14.400,0.932
2023-02-06 22:00:00,7.000,1019.600,11.400,348.000,13.600,1.535
2023-02-06 23:00:00,6.500,1020.800,8.400,346.000,10.300,2.306
2023-02-07 00:00:00,6.300,1022.000,7.500,340.000,9.200,3.163
2023-02-07 01:00:00,6.000,1023.000,5.800,335.000,6.900,3.786
2023-02-07 02:00:00,6.000,1023.700,6.900,337.000,8.300,4.127
2023-02-07 03:00:00,5.900,1024.300,6.700,333.000,8.500,4.052
2023-02-07 04:00:00,5.600,1025.000,6.600,332.000,7.400,3.622
2023-02-07 05:00:00,5.300,1025.300,6.600,335.000,7.700,2.736
2023-02-07 06:00:00,4.800,1025.100,6.800,10.000,8.500,1.811
2023-02-07 07:00:00,4.200,1025.800,6.900,6.000,8.000,0.984
2023-02-07 08:00:00,3.800,1026.300,5.700,16.000,6.700,0.676
2023-02-07 09:00:00,3.500,1027.000,4.700,9.000,5.800,1.043
2023-02-07 10:00:00,3.400,1027.800,4.700,359.000,6.000,1.745
2023-02-07 11:00:00,3.000,1028.000,4.000,23.000,4.800,2.651
2023-02-07 12:00:00,2.800,1028.400,3.500,35.000,4.000,3.661
2023-02-07 13:00:00,2.800,1028.800,4.500,58.000,5.300,4.534
2023-02-07 14:00:00,2.800,1028.900,2.800,91.000,3.600,5.200
2023-02-07 15:00:00,4.200,1029.400,2.700,152.000,3.900,5.279
2023-02-07 16:00:00,5.200,1029.500,2.900,137.000,4.400,4.777
2023-02-07 17:00:00,5.600,1028.400,3.200,164.000,4.400,3.806
2023-02-07 18:00:00,5.900,1027.200,3.500,147.000,5.900,2.815
2023-02-07 19:00:00,6.700,1025.700,4.600,145.000,6.700,1.854
2023-02-07 20:00:00,7.000,1025.100,3.600,144.000,6.600,1.266
2023-02-07 21:00:00,7.100,1024.200,4.000,167.000,6.600,1.053
2023-02-07 22:00:00,6.900,1024.000,4.200,169.000,5.900,1.493
2023-02-07 23:00:00,6.900,1023.600,2.200,211.000,4.400,2.231
2023-02-08 00:00:00,6.000,1023.500,2.000,180.000,2.700,3.054
2023-02-08 01:00:00,5.700,1022.500,2.500,181.000,3.700,3.990
2023-02-08 02:00:00,5.900,1022.600,1.800,211.000,3.400,4.606
2023-02-08 03:00:00,6.200,1022.000,1.300,205.000,3.400,4.721
2023-02-08 04:00:00,6.700,1021.400,2.200,223.000,4.000,4.360
2023-02-08 05:00:00,7.600,1020.800,3.600,232.000,5.400,3.740
2023-02-08 06:00:00,8.600,1020.000,4.400,232.000,5.700,2.861
2023-02-08 07:00:00,8.500,1020.000,2.900,278.000,3.800,2.001
2023-02-08 08:00:00,6.800,1019.800,0.300,226.000,0.900,1.299
2023-02-08 09:00:00,7.800,1019.800,1.200,189.000,1.600,1.224
2023-02-08 10:00:00,7.600,1020.500,0.600,204.000,0.700,1.634
2023-02-08 11:00:00,7.800,1021.400,1.300,254.000,1.400,2.320
2023-02-08 12:00:00,8.900,1021.600,2.900,247.000,4.100,3.238
2023-02-08 13:00:00,10.000,1022.500,3.600,276.000,4.700,4.236
2023-02-08 14:00:00,10.500,1023.100,3.100,266.000,4.300,4.967
2023-02-08 15:00:00,11.400,1023.800,5.000,295.000,5.900,5.351
2023-02-08 16:00:00,10.500,1024.300,3.600,331.000,3.900,5.141
2023-02-08 17:00:00,11.000,1023.700,1.900,356.000,2.100,4.442
2023-02-08 18:00:00,9.100,1023.600,2.500,12.000,3.000,3.524
2023-02-08 19:00:00,9.500,1023.300,2.500,22.000,3.200,2.405
2023-02-08 20:00:00,10.300,1023.600,1.300,14.000,2.100,1.447
2023-02-08 21:00:00,12.100,1024.400,1.100,266.000,1.600,0.889
2023-02-08 22:00:00,11.800,1024.800,2.600,356.000,3.600,0.951
2023-02-08 23:00:00,10.500,1025.400,0.600,275.000,0.900,1.490
2023-02-09 00:00:00,9.300,1026.200,0.800,273.000,1.400,2.283
2023-02-09 01:00:00,8.800,1026.500,0.600,273.000,0.800,3.179
2023-02-09 02:00:00,8.700,1026.900,0.600,257.000,1.100,3.839
2023-02-09 03:00:00,7.300,1026.900,0.900,79.000,1.200,4.213
2023-02-09 04:00:00,6.600,1027.000,0.200,169.000,1.000,4.213
2023-02-09 05:00:00,8.100,1026.700,2.000,154.000,2.500,3.760
2023-02-09 06:00:00,6.300,1026.700,2.300,198.000,3.100,2.913
2023-02-09 07:00:00,5.600,1026.200,0.000,69.000,0.000,1.873
2023-02-09 08:00:00,5.200,1026.200,0.800,168.000,0.900,0.915
2023-02-09 09:00:00,6.200,1025.400,1.800,156.000,2.200,0.410
2023-02-09 10:00:00,6.200,1025.600,1.600,186.000,1.900,0.591
2023-02-09 11:00:00,7.400,1025.600,1.800,167.000,2.500,1.099
2023-02-09 12:00:00,7.700,1025.100,3.300,151.000,4.700,1.909
2023-02-09 13:00:00,9.500,1024.900,3.800,154.000,5.200,2.907
2023-02-09 14:00:00,10.200,1024.500,4.200,151.000,5.900,3.789
2023-02-09 15:00:00,10.900,1023.600,4.200,158.000,6.900,4.446
2023-02-09 16:00:00,11.700,1023.100,4.900,165.000,8.100,4.501
2023-02-09 17:00:00,13.400,1021.200,4.400,166.000,7.800,3.967
2023-02-09 18:00:00,14.200,1019.500,4.500,166.000,5.700,3.281
2023-02-09 19:00:00,15.900,1018.300,3.700,177.000,5.800,2.356
2023-02-09 20:00:00,17.300,1017.500,3.500,170.000,5.000,1.371
2023-02-09 21:00:00,17.300,1016.700,4.000,167.000,5.800,0.719
2023-02-09 22:00:00,16.400,1016.100,3.700,175.000,5.900,0.696
2023-02-09 23:00:00,15.600,1015.200,3.500,173.000,5.200,1.020
2023-02-10 00:00:00,14.300,1014.800,3.200,177.000,6.400,1.765
2023-02-10 01:00:00,15.000,1013.800,3.900,181.000,9.000,2.717
2023-02-10 02:00:00,15.800,1013.400,4.300,191.000,7.400,3.622
2023-02-10 03:00:00,15.100,1012.900,3.500,187.000,5.900,4.331
2023-02-10 04:00:00,16.300,1012.000,4.500,199.000,6.500,4.606
2023-02-10 05:00:00,18.500,1011.800,4.200,219.000,9.300,4.255
2023-02-10 06:00:00,18.300,1011.200,4.800,229.000,11.800,3.629
2023-02-10 07:00:00,18.500,1011.200,5.800,233.000,10.700,2.667
2023-02-10 08:00:00,18.300,1011.200,5.000,242.000,8.600,1.575
2023-02-10 09:00:00,18.500,1011.200,4.400,235.000,9.200,0.807
2023-02-10 10:00:00,18.200,1011.400,4.300,239.000,7.400,0.518
2023-02-10 11:00:00,17.900,1011.700,5.000,246.000,8.100,0.689
2023-02-10 12:00:00,17.400,1012.200,4.500,244.000,6.900,1.260
2023-02-10 13:00:00,17.000,1013.100,5.300,252.000,8.600,2.113
2023-02-10 14:00:00,16.300,1014.200,9.200,287.000,11.600,3.136
2023-02-10 15:00:00,11.700,1015.300,8.200,320.000,9.200,3.934
2023-02-10 16:00:00,12.500,1015.300,7.300,316.000,8.600,4.252
2023-02-10 17:00:00,12.400,1015.000,8.600,316.000,9.800,4.144
2023-02-10 18:00:00,13.100,1015.200,9.300,317.000,9.900,3.553
2023-02-10 19:00:00,13.000,1015.300,6.600,306.000,7.700,2.812
2023-02-10 20:00:00,12.700,1015.800,8.000,308.000,9.300,1.804
2023-02-10 21:00:00,12.800,1016.400,8.300,302.000,9.100,0.968
2023-02-10 22:00:00,12.200,1017.500,6.800,306.000,7.800,0.702
2023-02-10 23:00:00,11.400,1018.500,4.600,287.000,5.500,0.873
2023-02-11 00:00:00,10.900,1018.800,3.100,279.000,3.400,1.325
2023-02-11 01:00:00,8.800,1019.900,4.100,326.000,4.800,2.060
2023-02-11 02:00:00,8.200,1020.300,4.900,331.000,5.500,2.930
2023-02-11 03:00:00,8.600,1020.200,7.800,327.000,10.000,3.816
2023-02-11 04:00:00,8.300,1020.400,6.600,319.000,8.200,4.275
2023-02-11 05:00:00,7.700,1020.700,3.600,283.000,4.200,4.213
2023-02-11 06:00:00,7.800,1020.900,5.300,288.000,6.300,3.766
2023-02-11 07:00:00,7.800,1021.000,6.100,293.000,6.900,3.054
2023-02-11 08:00:00,7.900,1021.300,6.800,306.000,7.700,2.270
2023-02-11 09:00:00,7.700,1021.700,8.000,309.000,10.100,1.276
2023-02-11 10:00:00,7.300,1022.300,7.800,316.000,9.000,0.594
2023-02-11 11:00:00,6.600,1023.900,7.700,303.000,10.100,0.358
2023-02-11 12:00:00,6.100,1025.200,8.400,313.000,10.500,0.482
2023-02-11 13:00:00,5.600,1026.200,5.700,311.000,6.600,0.945
2023-02-11 14:00:00,5.500,1026.900,5.900,340.000,6.800,2.073
2023-02-11 15:00:00,5.000,1027.400,8.500,342.000,10.200,2.989
2023-02-11 16:00:00,4.700,1028.200,8.000,348.000,9.600,3.471
2023-02-11 17:00:00,4.800,1027.500,6.200,343.000,7.300,3.675
2023-02-11 18:00:00,5.200,1027.100,4.300,10.000,5.100,3.494
2023-02-11 19:00:00,5.500,1026.900,4.700,10.000,5.500,2.907
2023-02-11 20:00:00,6.000,1027.000,3.000,23.000,3.400,2.172
2023-02-11 21:00:00,6.400,1026.400,0.600,43.000,1.300,1.260
2023-02-11 22:00:00,6.400,1026.100,1.600,25.000,2.200,0.627
2023-02-11 23:00:00,5.400,1026.600,1.900,185.000,2.200,0.371
2023-02-12 00:00:00,5.200,1026.900,1.400,158.000,1.800,0.509
2023-02-12 01:00:00,4.300,1027.500,0.000,185.000,0.000,1.073
2023-02-12 02:00:00,4.300,1027.400,1.600,192.000,2.400,1.890
2023-02-12 03:00:00,3.800,1026.900,1.400,234.000,1.900,2.759
2023-02-12 04:00:00,3.900,1026.800,1.700,218.000,2.600,3.501
2023-02-12 05:00:00,3.800,1025.400,1.200,185.000,1.900,3.907
2023-02-12 06:00:00,3.900,1025.300,0.900,208.000,2.300,4.006
2023-02-12 07:00:00,3.900,1024.400,1.100,185.000,1.500,3.560
2023-02-12 08:00:00,4.100,1024.100,0.000,210.000,0.000,2.858
2023-02-12 09:00:00,4.400,1023.000,0.600,113.000,0.800,2.041
2023-02-12 10:00:00,5.500,1022.100,2.000,84.000,2.500,1.329
2023-02-12 11:00:00,5.900,1021.800,3.400,71.000,3.900,0.745
2023-02-12 12:00:00,5.700,1021.300,4.200,65.000,4.900,0.833
2023-02-12 13:00:00,5.700,1020.900,5.400,71.000,6.100,1.224
2023-02-12 14:00:00,5.500,1020.700,6.000,66.000,6.700,1.965
2023-02-12 15:00:00,5.600,1019.100,6.300,70.000,7.300,2.933
2023-02-12 16:00:00,5.100,1018.200,7.500,53.000,8.700,3.688
2023-02-12 17:00:00,5.000,1017.600,6.800,75.000,8.300,4.104
2023-02-12 18:00:00,5.000,1015.900,7.900,54.000,9.000,4.534
2023-02-12 19:00:00,5.000,1012.800,9.900,69.000,11.800,4.304
2023-02-12 20:00:00,5.500,1011.500,10.300,69.000,12.600,3.707
2023-02-12 21:00:00,5.900,1010.400,10.500,60.000,12.600,3.081
2023-02-12 22:00:00,5.600,1008.700,11.500,51.000,13.200,2.493
2023-02-12 23:00:00,5.700,1007.400,12.600,55.000,15.400,2.090
2023-02-13 00:00:00,6.000,1006.100,13.800,54.000,16.500,2.221
2023-02-13 01:00:00,6.400,1005.600,10.000,31.000,14.100,2.192
2023-02-13 02:00:00,5.900,1004.400,9.000,14.000,10.700,2.720
2023-02-13 03:00:00,5.600,1003.800,9.300,8.000,11.100,3.845
2023-02-13 04:00:00,5.400,1002.500,9.700,10.000,11.600,4.501
2023-02-13 05:00:00,4.900,1001.800,10.800,14.000,13.400,5.302
2023-02-13 06:00:00,4.800,1000.900,10.700,13.000,13.700,5.820
2023-02-13 07:00:00,4.900,1000.100,11.300,10.000,12.300,5.712
2023-02-13 08:00:00,5.300,1000.300,11.400,360.000,13.500,5.279
2023-02-13 09:00:00,4.700,1000.400,12.900,337.000,14.400,4.852
2023-02-13 10:00:00,5.400,1001.100,14.100,342.000,16.700,4.147
2023-02-13 11:00:00,5.700,1002.200,12.700,350.000,16.400,3.337
2023-02-13 12:00:00,6.600,1003.100,11.700,335.000,14.300,2.661
2023-02-13 13:00:00,6.600,1004.400,10.000,328.000,13.000,2.484
2023-02-13 14:00:00,6.500,1005.100,9.000,331.000,11.100,2.687
2023-02-13 15:00:00,6.900,1006.100,9.800,320.000,10.900,3.130
2023-02-13 16:00:00,7.600,1006.900,6.800,318.000,7.900,3.766
2023-02-13 17:00:00,7.700,1006.100,3.100,343.000,4.000,4.314
2023-02-13 18:00:00,8.500,1005.500,2.700,334.000,4.200,4.751
2023-02-13 19:00:00,9.900,1004.600,0.300,303.000,1.100,4.787
2023-02-13 20:00:00,12.500,1004.200,6.700,295.000,9.700,4.616
2023-02-13 21:00:00,12.800,1004.400,6.200,284.000,7.500,4.150
2023-02-13 22:00:00,13.100,1005.200,6.700,266.000,10.100,3.497
2023-02-13 23:00:00,11.400,1005.500,2.600,244.000,3.600,2.782
2023-02-14 00:00:00,10.200,1005.800,2.700,231.000,4.000,2.149
2023-02-14 01:00:00,10.600,1006.000,6.000,253.000,7.700,1.900
2023-02-14 02:00:00,10.900,1006.500,6.500,258.000,8.900,2.080
2023-02-14 03:00:00,10.400,1007.300,6.500,262.000,8.900,2.572
2023-02-14 04:00:00,9.700,1008.000,6.100,265.000,8.000,3.271
2023-02-14 05:00:00,9.700,1009.100,6.600,273.000,8.500,4.022
2023-02-14 06:00:00,8.900,1010.400,6.400,280.000,7.400,4.636
2023-02-14 07:00:00,7.900,1011.500,4.600,291.000,5.100,4.908
2023-02-14 08:00:00,8.200,1012.600,5.400,283.000,6.200,4.813
2023-02-14 09:00:00,7.800,1013.500,5.000,276.000,6.400,4.521
2023-02-14 10:00:00,7.000,1014.700,5.400,298.000,5.800,3.747
2023-02-14 11:00:00,7.500,1016.100,5.900,309.000,6.600,2.884
2023-02-14 12:00:00,6.600,1017.600,4.600,287.000,5.400,2.034
2023-02-14 13:00:00,7.100,1019.000,3.800,297.000,5.500,1.555
2023-02-14 14:00:00,7.500,1019.900,3.700,297.000,4.400,1.460
2023-02-14 15:00:00,7.800,1020.500,3.600,317.000,4.500,1.739
2023-02-14 16:00:00,8.100,1021.300,3.700,338.000,4.300,2.283
2023-02-14 17:00:00,8.000,1020.800,2.300,17.000,2.700,2.943
2023-02-14 18:00:00,8.200,1020.200,1.900,13.000,2.400,3.566
2023-02-14 19:00:00,8.800,1019.800,0.800,65.000,1.600,3.901
2023-02-14 20:00:00,8.900,1019.900,2.100,67.000,2.300,4.068
2023-02-14 21:00:00,10.000,1020.400,2.900,99.000,3.200,3.740
2023-02-14 22:00:00,9.300,1021.300,2.600,151.000,3.400,3.304
2023-02-14 23:00:00,7.400,1022.200,3.800,160.000,5.000,2.625
2023-02-15 00:00:00,7.200,1023.000,3.100,169.000,4.200,1.900
2023-02-15 01:00:00,7.000,1023.300,3.500,160.000,4.400,1.375
2023-02-15 02:00:00,6.800,1023.400,3.500,169.000,4.500,1.115
2023-02-15 03:00:00,7.600,1023.500,3.400,193.000,4.700,1.355
2023-02-15 04:00:00,7.700,1023.000,3.000,187.000,4.700,1.946
2023-02-15 05:00:00,7.900,1022.700,2.600,187.000,4.700,2.759
2023-02-15 06:00:00,8.000,1021.800,3.200,158.000,4.800,3.606
2023-02-15 07:00:00,8.800,1022.100,2.700,177.000,5.000,4.360
2023-02-15 08:00:00,8.600,1022.100,3.200,171.000,5.200,4.790
2023-02-15 09:00:00,8.900,1021.700,3.600,173.000,5.300,4.849
2023-02-15 10:00:00,9.200,1021.000,3.200,154.000,5.000,4.478
2023-02-15 11:00:00,9.700,1021.500,3.300,166.000,4.800,3.694
2023-02-15 12:00:00,10.700,1021.500,3.500,180.000,5.000,2.844
2023-02-15 13:00:00,10.700,1021.100,4.000,174.000,5.100,1.988
2023-02-15 14:00:00,12.000,1020.500,3.600,184.000,5.300,1.476
2023-02-15 15:00:00,14.100,1019.600,4.300,198.000,6.800,1.234
2023-02-15 16:00:00,15.400,1019.000,5.000,224.000,7.100,1.460
2023-02-15 17:00:00,17.600,1017.500,4.500,222.000,8.600,1.916
2023-02-15 18:00:00,19.100,1016.300,6.200,221.000,11.000,2.631
2023-02-15 19:00:00,20.000,1015.300,7.100,230.000,11.400,3.284
2023-02-15 20:00:00,20.700,1014.800,4.700,233.000,8.900,3.573
2023-02-15 21:00:00,21.100,1014.500,4.800,224.000,15.600,3.740
2023-02-15 22:00:00,19.500,1014.800,5.400,237.000,10.400,3.550
2023-02-15 23:00:00,19.000,1015.300,5.500,236.000,7.800,2.995
2023-02-16 00:00:00,18.400,1015.800,4.000,229.000,7.900,2.297
2023-02-16 01:00:00,18.300,1016.400,5.100,241.000,8.900,1.430
2023-02-16 02:00:00,18.200,1016.500,4.600,234.000,8.200,0.686
2023-02-16 03:00:00,18.100,1016.800,5.800,239.000,9.500,0.548
2023-02-16 04:00:00,17.200,1016.800,5.100,243.000,7.500,0.827
2023-02-16 05:00:00,17.100,1016.900,5.000,251.000,8.800,1.407
2023-02-16 06:00:00,16.000,1017.100,4.000,240.000,7.000,2.251
2023-02-16 07:00:00,15.400,1017.500,4.900,239.000,7.300,3.222
2023-02-16 08:00:00,15.400,1017.200,4.600,243.000,6.700,4.039
2023-02-16 09:00:00,15.100,1017.200,4.000,241.000,5.500,4.567
2023-02-16 10:00:00,14.600,1017.500,3.100,238.000,5.300,4.669
2023-02-16 11:00:00,13.700,1017.800,3.600,229.000,5.200,4.272
2023-02-16 12:00:00,13.400,1017.700,3.200,234.000,4.300,3.527
2023-02-16 13:00:00,13.900,1018.000,3.200,220.000,5.400,2.520
2023-02-16 14:00:00,15.100,1018.400,2.700,237.000,4.900,1.591
2023-02-16 15:00:00,16.300,1017.900,3.300,230.000,5.300,0.807
2023-02-16 16:00:00,17.000,1018.000,3.000,211.000,5.000,0.574
2023-02-16 17:00:00,18.400,1017.000,2.600,240.000,4.100,0.705
2023-02-16 18:00:00,19.300,1015.300,1.500,182.000,2.300,1.198
2023-02-16 19:00:00,20.600,1014.700,4.200,234.000,8.000,1.955
2023-02-16 20:00:00,20.000,1015.600,4.800,245.000,9.300,2.651
2023-02-16 21:00:00,19.300,1015.100,2.600,247.000,4.900,3.245
2023-02-16 22:00:00,18.600,1014.200,2.600,151.000,3.400,3.566
2023-02-16 23:00:00,15.700,1013.200,2.800,153.000,3.700,3.442
2023-02-17 00:00:00,15.500,1013.100,2.600,191.000,4.700,2.946
2023-02-17 01:00:00,16.100,1013.000,2.200,187.000,4.000,2.162
2023-02-17 02:00:00,17.200,1013.000,2.400,194.000,4.000,1.365
2023-02-17 03:00:00,17.300,1012.500,3.200,191.000,5.200,0.620
2023-02-17 04:00:00,17.600,1012.200,2.700,204.000,4.900,0.322
2023-02-17 05:00:00,18.800,1011.700,3.400,225.000,7.600,0.604
2023-02-17 06:00:00,18.700,1010.900,4.300,227.000,6.200,1.329
2023-02-17 07:00:00,18.800,1009.500,4.200,225.000,6.600,2.405
2023-02-17 08:00:00,19.300,1008.000,4.700,235.000,8.100,3.510
2023-02-17 09:00:00,19.300,1007.200,4.600,232.000,6.600,4.478
2023-02-17 10:00:00,19.500,1007.200,5.400,233.000,8.100,5.036
2023-02-17 11:00:00,19.000,1007.000,6.600,231.000,8.800,5.289
2023-02-17 12:00:00,18.500,1006.700,3.900,223.000,7.000,4.780
2023-02-17 13:00:00,18.400,1006.200,3.700,238.000,5.200,3.924
2023-02-17 14:00:00,18.500,1006.300,4.300,235.000,7.000,2.848
2023-02-17 15:00:00,17.500,1004.800,3.900,211.000,6.600,1.522
2023-02-17 16:00:00,17.700,1003.700,6.000,222.000,11.400,0.604
2023-02-17 17:00:00,18.300,1003.100,3.500,239.000,13.300,0.331
2023-02-17 18:00:00,18.500,1002.500,6.300,246.000,10.500,0.653
2023-02-17 19:00:00,18.300,1002.100,7.100,260.000,10.000,1.250
2023-02-17 20:00:00,9.900,1003.800,9.200,338.000,11.700,2.172
2023-02-17 21:00:00,9.000,1005.400,11.500,319.000,13.700,2.881
2023-02-17 22:00:00,9.000,1007.200,11.400,312.000,14.300,3.346
2023-02-17 23:00:00,8.300,1009.500,10.800,330.000,13.200,3.625
2023-02-18 00:00:00,6.900,1010.800,15.800,319.000,18.600,3.297
2023-02-18 01:00:00,5.900,1012.400,15.900,313.000,19.300,2.382
2023-02-18 02:00:00,5.400,1013.900,14.400,313.000,16.700,1.654
2023-02-18 03:00:00,4.900,1015.800,14.800,320.000,18.800,0.538
2023-02-18 04:00:00,4.300,1017.400,14.400,322.000,16.000,-0.217
2023-02-18 05:00:00,3.800,1018.700,14.500,323.000,16.800,-0.039
2023-02-18 06:00:00,3.400,1019.600,14.200,321.000,17.800,0.079
2023-02-18 07:00:00,3.100,1021.000,13.100,322.000,16.000,1.066
2023-02-18 08:00:00,2.200,1022.400,9.900,314.000,11.700,2.415
2023-02-18 09:00:00,2.000,1023.900,11.400,326.000,14.100,3.707
2023-02-18 10:00:00,1.100,1025.400,12.500,325.000,14.800,4.698
2023-02-18 11:00:00,0.600,1026.600,11.600,317.000,13.700,5.328
2023-02-18 12:00:00,0.200,1028.100,10.600,323.000,12.800,5.430
2023-02-18 13:00:00,0.100,1029.400,10.000,315.000,12.200,4.951
2023-02-18 14:00:00,-0.100,1030.000,9.500,316.000,11.700,4.012
2023-02-18 15:00:00,-0.300,1030.800,7.700,310.000,9.700,2.858
2023-02-18 16:00:00,0.400,1030.600,5.300,323.000,7.900,1.352
2023-02-18 17:00:00,1.200,1030.300,5.000,325.000,8.000,0.374
2023-02-18 18:00:00,2.100,1029.600,6.200,325.000,7.600,0.046
2023-02-18 19:00:00,3.300,1028.700,4.900,318.000,6.300,0.154
2023-02-18 20:00:00,4.700,1028.700,3.200,318.000,3.900,0.896
2023-02-18 21:00:00,5.600,1028.700,5.600,286.000,7.000,1.729
2023-02-18 22:00:00,5.600,1029.200,4.200,252.000,5.500,2.864
2023-02-18 23:00:00,4.500,1029.500,2.500,262.000,4.800,3.665
2023-02-19 00:00:00,3.300,1030.100,1.800,216.000,2.500,3.858
2023-02-19 01:00:00,2.700,1030.800,1.600,243.000,2.100,3.714
2023-02-19 02:00:00,1.900,1030.900,1.300,215.000,1.900,2.956
2023-02-19 03:00:00,1.900,1030.700,2.100,221.000,2.900,1.906
2023-02-19 04:00:00,1.300,1030.400,2.600,208.000,3.700,0.699
2023-02-19 05:00:00,1.200,1030.100,2.400,199.000,3.200,-0.272
2023-02-19 06:00:00,1.600,1030.500,2.500,208.000,4.500,-0.541
2023-02-19 07:00:00,2.300,1030.500,3.000,211.000,4.400,-0.105
2023-02-19 08:00:00,2.700,1029.900,2.400,207.000,4.700,0.869
2023-02-19 09:00:00,2.900,1029.800,3.100,207.000,5.400,2.211
2023-02-19 10:00:00,3.200,1029.500,2.300,205.000,3.600,3.586
2023-02-19 11:00:00,3.400,1029.600,3.100,196.000,4.100,4.741
2023-02-19 12:00:00,4.000,1029.300,2.400,187.000,3.700,5.459
2023-02-19 13:00:00,4.700,1029.300,2.400,200.000,5.100,5.522
2023-02-19 14:00:00,6.400,1029.600,2.700,207.000,5.100,4.934
2023-02-19 15:00:00,8.400,1029.600,5.800,217.000,9.100,3.950
2023-02-19 16:00:00,10.000,1028.100,4.100,211.000,6.200,2.326
2023-02-19 17:00:00,10.200,1026.400,2.300,203.000,4.900,1.033
2023-02-19 18:00:00,11.000,1024.900,4.000,182.000,7.100,0.115
2023-02-19 19:00:00,10.100,1023.100,4.100,147.000,8.000,-0.180
2023-02-19 20:00:00,9.800,1021.600,7.300,166.000,10.300,0.098
2023-02-19 21:00:00,9.900,1020.200,7.100,171.000,9.700,0.951
2023-02-19 22:00:00,9.100,1019.400,5.100,175.000,9.000,2.188
2023-02-19 23:00:00,8.500,1019.000,4.900,177.000,7.000,3.471
2023-02-20 00:00:00,9.400,1018.800,4.200,188.000,8.200,4.360
2023-02-20 01:00:00,10.100,1017.600,4.400,188.000,6.900,4.534
2023-02-20 02:00:00,11.000,1016.900,5.300,195.000,8.500,4.216
2023-02-20 03:00:00,11.500,1016.200,4.400,189.000,7.500,3.428
2023-02-20 04:00:00,12.100,1015.700,4.700,205.000,8.300,2.106
2023-02-20 05:00:00,12.100,1014.900,4.100,220.000,6.800,0.794
2023-02-20 06:00:00,12.200,1013.800,4.200,220.000,6.300,-0.348
2023-02-20 07:00:00,12.600,1012.900,4.900,228.000,8.200,-0.656
2023-02-20 08:00:00,12.400,1012.300,6.200,236.000,8.400,-0.102
2023-02-20 09:00:00,11.900,1011.900,3.600,249.000,5.700,1.033
2023-02-20 10:00:00,11.400,1011.300,3.200,242.000,5.100,2.182
2023-02-20 11:00:00,11.100,1010.800,3.500,249.000,5.500,3.537
2023-02-20 12:00:00,10.600,1010.400,3.400,233.000,5.300,4.843
2023-02-20 13:00:00,10.800,1010.000,4.200,237.000,5.700,5.518
2023-02-20 14:00:00,11.100,1009.300,4.400,245.000,6.400,5.568
2023-02-20 15:00:00,12.500,1009.100,4.000,253.000,7.600,4.898
2023-02-20 16:00:00,13.200,1008.900,4.600,272.000,5.600,3.747
2023-02-20 17:00:00,14.400,1007.400,1.800,234.000,5.700,2.326
2023-02-20 18:00:00,15.300,1006.500,6.000,263.000,8.500,0.784
2023-02-20 19:00:00,15.900,1006.200,5.400,269.000,7.400,-0.174
2023-02-20 20:00:00,14.800,1005.900,5.500,281.000,7.400,-0.256
2023-02-20 21:00:00,14.500,1006.100,6.300,277.000,7.800,0.413
2023-02-20 22:00:00,14.500,1006.100,4.000,264.000,5.100,1.496
2023-02-20 23:00:00,13.300,1005.900,2.600,233.000,3.300,2.769
2023-02-21 00:00:00,12.200,1006.100,2.300,213.000,3.600,3.996
2023-02-21 01:00:00,11.300,1006.100,2.600,228.000,4.000,4.698
2023-02-21 02:00:00,10.700,1006.200,2.100,223.000,3.100,4.970
2023-02-21 03:00:00,10.800,1005.700,3.000,217.000,4.700,4.580
2023-02-21 04:00:00,10.800,1005.200,2.600,224.000,5.300,3.665
2023-02-21 05:00:00,10.900,1003.600,3.000,220.000,4.800,2.375
2023-02-21 06:00:00,11.000,1003.200,2.900,224.000,4.500,0.981
2023-02-21 07:00:00,11.200,1002.100,2.000,208.000,3.100,-0.036
2023-02-21 08:00:00,10.900,1002.200,2.900,227.000,4.800,-0.128
2023-02-21 09:00:00,10.400,1001.700,1.800,215.000,2.900,0.476
2023-02-21 10:00:00,9.100,1003.000,6.800,325.000,8.200,1.644
2023-02-21 11:00:00,8.500,1002.800,3.900,342.000,7.600,2.890
2023-02-21 12:00:00,7.500,1003.400,4.500,334.000,5.800,4.311
2023-02-21 13:00:00,7.400,1004.300,2.200,313.000,2.400,5.397
2023-02-21 14:00:00,7.700,1004.700,2.300,302.000,2.600,5.932
2023-02-21 15:00:00,7.800,1005.300,3.500,342.000,4.000,5.814
2023-02-21 16:00:00,7.500,1004.800,3.100,32.000,3.500,5.046
2023-02-21 17:00:00,7.800,1004.200,2.900,65.000,3.500,3.835
2023-02-21 18:00:00,9.400,1002.800,3.300,70.000,3.900,2.487
2023-02-21 19:00:00,11.000,1002.800,3.600,158.000,4.500,1.138
2023-02-21 20:00:00,8.600,1002.900,6.000,149.000,8.300,0.292
2023-02-21 21:00:00,9.300,1004.200,3.000,114.000,4.700,0.446
2023-02-21 22:00:00,8.400,1005.400,3.000,122.000,4.000,1.207
2023-02-21 23:00:00,7.700,1007.000,2.000,144.000,3.000,2.405
2023-02-22 00:00:00,7.600,1008.700,2.600,157.000,3.600,3.665
2023-02-22 01:00:00,7.600,1009.500,3.100,180.000,3.600,4.905
2023-02-22 02:00:00,7.500,1010.700,1.500,205.000,1.900,5.531
2023-02-22 03:00:00,8.400,1011.700,0.900,265.000,1.700,5.427
2023-02-22 04:00:00,9.500,1012.800,1.800,303.000,2.300,5.036
2023-02-22 05:00:00,10.200,1013.500,5.300,319.000,6.100,3.911
2023-02-22 06:00:00,9.700,1014.700,3.400,308.000,4.500,2.385
2023-02-22 07:00:00,9.000,1015.300,3.600,344.000,4.500,0.991
2023-02-22 08:00:00,8.600,1016.300,3.400,23.000,3.900,0.049
2023-02-22 09:00:00,6.900,1016.900,1.400,130.000,1.800,-0.010
2023-02-22 10:00:00,6.300,1018.400,1.600,122.000,1.900,0.656
2023-02-22 11:00:00,5.900,1019.200,1.500,118.000,1.800,1.663
2023-02-22 12:00:00,7.500,1018.400,4.400,110.000,5.700,2.874
2023-02-22 13:00:00,8.100,1019.400,4.400,115.000,5.600,4.301
2023-02-22 14:00:00,8.600,1020.400,5.400,109.000,7.000,5.344
2023-02-22 15:00:00,8.600,1021.500,2.800,126.000,4.900,5.574
2023-02-22 16:00:00,8.300,1020.600,3.600,118.000,5.900,5.276
2023-02-22 17:00:00,8.100,1020.500,4.700,95.000,6.900,4.442
2023-02-22 18:00:00,8.300,1018.400,5.500,109.000,6.900,3.114
2023-02-22 19:00:00,8.900,1017.300,4.900,109.000,6.100,1.660
2023-02-22 20:00:00,8.900,1015.500,7.000,111.000,9.100,0.554
2023-02-22 21:00:00,8.300,1016.000,7.400,97.000,9.200,0.144
2023-02-22 22:00:00,8.600,1015.400,7.100,94.000,8.400,0.515
2023-02-22 23:00:00,8.500,1015.400,5.500,108.000,7.100,1.417
2023-02-23 00:00:00,8.800,1014.200,7.000,109.000,9.800,2.641
2023-02-23 01:00:00,8.700,1012.800,5.800,102.000,7.600,3.917
2023-02-23 02:00:00,8.800,1012.400,4.500,96.000,5.700,4.980
2023-02-23 03:00:00,8.900,1011.900,3.600,113.000,5.100,5.482
2023-02-23 04:00:00,8.600,1011.500,1.100,93.000,1.400,5.531
2023-02-23 05:00:00,8.000,1010.400,1.300,47.000,1.600,4.823
2023-02-23 06:00:00,7.600,1010.200,0.000,250.000,0.700,3.842
2023-02-23 07:00:00,7.400,1010.000,0.300,299.000,0.800,2.434
2023-02-23 08:00:00,7.600,1009.500,0.000,207.000,0.000,1.217
2023-02-23 09:00:00,7.400,1008.900,1.000,163.000,1.500,0.617
2023-02-23 10:00:00,7.600,1008.600,0.500,139.000,0.900,0.561
2023-02-23 11:00:00,7.800,1008.600,0.000,108.000,1.100,1.066
2023-02-23 12:00:00,7.400,1009.800,2.500,37.000,2.800,2.264
2023-02-23 13:00:00,7.500,1011.200,2.100,323.000,2.500,3.386
2023-02-23 14:00:00,7.800,1011.900,2.200,309.000,3.000,4.541
2023-02-23 15:00:00,8.100,1012.500,0.700,326.000,1.300,5.302
2023-02-23 16:00:00,8.900,1012.200,0.600,60.000,0.900,5.413
2023-02-23 17:00:00,12.200,1012.000,1.400,64.000,2.600,4.957
2023-02-23 18:00:00,9.000,1012.300,2.500,56.000,4.100,4.219
2023-02-23 19:00:00,9.600,1013.200,1.800,66.000,2.100,3.123
2023-02-23 20:00:00,9.100,1013.600,5.000,100.000,5.900,1.906
2023-02-23 21:00:00,7.500,1014.500,4.300,109.000,6.100,0.981
2023-02-23 22:00:00,6.900,1015.300,4.800,119.000,6.100,0.827
2023-02-23 23:00:00,6.700,1015.200,4.300,131.000,8.300,1.142
2023-02-24 00:00:00,6.800,1015.200,4.700,151.000,6.800,1.991
2023-02-24 01:00:00,7.000,1014.700,5.800,154.000,8.600,3.238
2023-02-24 02:00:00,7.300,1015.500,2.700,176.000,5.300,4.472
2023-02-24 03:00:00,7.900,1015.200,2.300,185.000,4.900,5.367
2023-02-24 04:00:00,9.200,1014.100,4.200,189.000,5.600,5.797
2023-02-24 05:00:00,11.100,1012.900,4.600,203.000,6.800,5.600
2023-02-24 06:00:00,13.400,1012.600,5.100,227.000,7.700,4.777
2023-02-24 07:00:00,14.700,1012.700,4.800,242.000,7.000,3.684
2023-02-24 08:00:00,16.900,1012.500,5.100,249.000,7.900,2.408
2023-02-24 09:00:00,17.600,1012.800,5.800,260.000,9.200,1.243
2023-02-24 10:00:00,17.200,1014.100,5.800,271.000,7.200,0.656
2023-02-24 11:00:00,11.500,1016.600,5.000,298.000,6.300,0.630
2023-02-24 12:00:00,11.400,1018.500,4.300,291.000,5.400,1.089
2023-02-24 13:00:00,10.900,1020.300,7.200,338.000,8.400,1.896
2023-02-24 14:00:00,11.100,1021.700,8.000,344.000,10.200,3.169
2023-02-24 15:00:00,10.200,1022.600,7.300,334.000,9.400,4.190
2023-02-24 16:00:00,10.200,1023.500,11.100,331.000,13.600,4.816
2023-02-24 17:00:00,9.300,1024.000,6.800,322.000,11.100,4.537
2023-02-24 18:00:00,8.800,1024.700,9.300,345.000,11.000,3.944
2023-02-24 19:00:00,9.600,1025.100,9.600,325.000,12.500,3.127
2023-02-24 20:00:00,9.300,1026.200,11.100,335.000,12.800,1.952
2023-02-24 21:00:00,8.900,1027.000,8.800,343.000,10.800,0.866
2023-02-24 22:00:00,8.700,1028.100,8.800,344.000,10.300,0.299
2023-02-24 23:00:00,8.700,1029.200,6.800,333.000,8.100,0.476
2023-02-25 00:00:00,8.400,1030.800,7.700,340.000,9.400,0.919
2023-02-25 01:00:00,7.900,1031.800,10.200,348.000,11.200,1.706
2023-02-25 02:00:00,7.300,1032.600,11.400,5.000,13.600,2.703
2023-02-25 03:00:00,6.900,1033.200,9.900,4.000,12.100,3.652
2023-02-25 04:00:00,6.500,1033.600,8.900,6.000,10.500,4.439
2023-02-25 05:00:00,4.400,1034.100,7.100,54.000,8.700,4.698
2023-02-25 06:00:00,3.300,1034.500,7.500,66.000,8.500,4.534
2023-02-25 07:00:00,2.700,1034.100,6.700,57.000,8.300,3.865
2023-02-25 08:00:00,2.300,1033.100,7.500,69.000,8.900,2.986
2023-02-25 09:00:00,1.700,1033.400,6.800,60.000,8.100,2.011
2023-02-25 10:00:00,0.900,1033.400,7.200,65.000,8.500,1.027
2023-02-25 11:00:00,1.000,1032.200,7.200,87.000,8.200,0.518
2023-02-25 12:00:00,0.700,1032.600,7.400,73.000,9.000,0.577
2023-02-25 13:00:00,0.700,1032.900,6.400,41.000,7.800,1.247
2023-02-25 14:00:00,0.700,1032.200,5.700,59.000,7.000,2.106
2023-02-25 15:00:00,1.300,1031.400,6.100,90.000,7.700,3.018
2023-02-25 16:00:00,1.800,1029.600,5.400,94.000,7.400,3.652
2023-02-25 17:00:00,2.400,1028.800,5.900,81.000,6.700,4.085
2023-02-25 18:00:00,2.300,1027.500,3.700,79.000,6.500,4.291
2023-02-25 19:00:00,0.700,1026.000,3.400,92.000,4.100,3.950
2023-02-25 20:00:00,1.400,1025.200,2.800,113.000,3.900,3.228
2023-02-25 21:00:00,2.100,1024.300,3.000,95.000,3.400,2.264
2023-02-25 22:00:00,2.400,1022.700,2.900,139.000,4.400,1.624
2023-02-25 23:00:00,2.900,1022.100,2.300,126.000,2.900,1.286
2023-02-26 00:00:00,2.900,1022.300,0.900,130.000,1.400,1.411
2023-02-26 01:00:00,3.200,1022.200,0.900,238.000,1.100,1.854
2023-02-26 02:00:00,3.200,1022.200,1.700,265.000,2.400,2.572
2023-02-26 03:00:00,3.600,1021.900,3.200,308.000,3.800,3.353
2023-02-26 04:00:00,2.900,1021.200,2.600,267.000,3.300,4.285
2023-02-26 05:00:00,2.800,1021.000,3.600,275.000,4.400,4.911
2023-02-26 06:00:00,3.100,1020.600,5.200,309.000,5.900,5.102
2023-02-26 07:00:00,3.600,1019.900,3.700,323.000,4.300,4.790
2023-02-26 08:00:00,3.300,1019.100,4.500,317.000,5.400,4.137
2023-02-26 09:00:00,2.400,1019.100,5.500,300.000,5.900,3.314
2023-02-26 10:00:00,2.100,1019.300,3.800,287.000,4.700,2.343
2023-02-26 11:00:00,1.400,1019.400,2.900,281.000,3.500,1.637
2023-02-26 12:00:00,0.700,1018.800,1.800,252.000,2.200,1.198
2023-02-26 13:00:00,1.700,1018.600,2.600,249.000,3.300,1.132
2023-02-26 14:00:00,3.000,1018.000,3.800,240.000,5.100,1.578
2023-02-26 15:00:00,4.800,1017.000,3.900,245.000,6.200,2.283
2023-02-26 16:00:00,6.200,1016.500,4.200,261.000,7.300,3.028
2023-02-26 17:00:00,7.600,1015.000,3.000,283.000,4.400,3.586
2023-02-26 18:00:00,9.300,1013.200,6.100,271.000,7.600,3.881
2023-02-26 19:00:00,10.700,1011.800,4.800,252.000,7.400,3.760
2023-02-26 20:00:00,10.700,1011.200,7.100,271.000,9.900,3.281
2023-02-26 21:00:00,10.600,1010.200,3.900,244.000,7.600,2.490
2023-02-26 22:00:00,9.200,1010.200,6.100,252.000,8.300,1.703
2023-02-26 23:00:00,7.700,1010.200,5.300,244.000,7.900,1.060
2023-02-27 00:00:00,6.800,1010.400,5.900,249.000,8.200,0.735
2023-02-27 01:00:00,6.500,1010.700,5.000,248.000,7.700,0.814
2023-02-27 02:00:00,6.500,1011.000,5.500,243.000,8.100,1.083
2023-02-27 03:00:00,6.800,1011.300,4.900,249.000,7.200,1.864
2023-02-27 04:00:00,6.700,1012.100,4.500,265.000,7.000,2.835
2023-02-27 05:00:00,6.600,1012.300,5.000,264.000,6.300,3.596
2023-02-27 06:00:00,6.900,1012.800,4.500,281.000,5.300,4.081
2023-02-27 07:00:00,5.900,1013.500,2.900,247.000,3.900,4.295
2023-02-27 08:00:00,5.400,1013.500,2.500,250.000,3.600,4.121
2023-02-27 09:00:00,5.900,1014.200,2.200,280.000,3.700,3.655
2023-02-27 10:00:00,5.900,1015.000,3.300,295.000,3.900,2.972
2023-02-27 11:00:00,5.300,1015.600,3.200,304.000,3.700,2.306
2023-02-27 12:00:00,6.200,1016.000,4.200,64.000,4.600,1.542
2023-02-27 13:00:00,6.000,1016.100,1.900,115.000,2.400,1.332
2023-02-27 14:00:00,6.500,1016.800,4.500,99.000,5.600,1.437
2023-02-27 15:00:00,6.200,1016.200,4.900,90.000,6.300,1.942
2023-02-27 16:00:00,6.200,1016.200,5.800,101.000,7.800,2.602
2023-02-27 17:00:00,6.300,1015.600,4.500,93.000,7.200,3.199
2023-02-27 18:00:00,6.200,1014.600,5.000,94.000,6.600,3.898
2023-02-27 19:00:00,6.200,1013.700,4.900,118.000,8.700,4.101
2023-02-27 20:00:00,6.000,1012.900,5.900,121.000,7.700,4.108
2023-02-27 21:00:00,6.200,1011.200,5.400,127.000,9.900,3.609
2023-02-27 22:00:00,6.700,1010.100,4.600,126.000,7.500,3.291
2023-02-27 23:00:00,6.900,1008.200,6.300,122.000,10.000,2.720
2023-02-28 00:00:00,7.100,1007.000,7.700,122.000,10.200,2.415
2023-02-28 01:00:00,6.900,1004.500,6.800,123.000,9.500,2.247
2023-02-28 02:00:00,6.600,1005.700,7.900,66.000,9.500,2.661
2023-02-28 03:00:00,5.600,1000.100,11.500,104.000,14.700,2.867
2023-02-28 04:00:00,6.700,998.500,14.600,99.000,18.000,3.924
2023-02-28 05:00:00,7.600,998.000,6.900,120.000,10.800,4.921
2023-02-28 06:00:00,8.300,996.800,5.100,125.000,6.800,5.571
2023-02-28 07:00:00,8.500,997.000,4.000,292.000,6.500,6.119
2023-02-28 08:00:00,7.200,997.200,5.000,5.000,6.400,6.283
2023-02-28 09:00:00,7.200,998.200,6.900,359.000,7.700,6.129
2023-02-28 10:00:00,7.200,999.000,4.700,1.000,7.000,5.515
2023-02-28 11:00:00,7.200,1000.300,3.900,6.000,4.700,4.636
2023-02-28 12:00:00,7.200,1001.900,3.900,7.000,4.500,3.970
2023-02-28 13:00:00,7.300,1003.400,3.000,13.000,3.700,3.340
2023-02-28 14:00:00,7.200,1004.300,4.100,8.000,4.800,3.228
2023-02-28 15:00:00,6.900,1005.100,3.800,38.000,4.300,3.127
2023-02-28 16:00:00,6.600,1005.700,3.700,62.000,4.300,3.491
2023-02-28 17:00:00,7.000,1006.700,0.500,11.000,1.000,3.770
2023-02-28 18:00:00,6.400,1007.300,4.000,344.000,4.600,4.423
2023-02-28 19:00:00,6.700,1008.000,3.700,344.000,4.100,4.738
2023-02-28 20:00:00,7.000,1009.000,3.300,346.000,4.000,4.790
2023-02-28 21:00:00,7.000,1010.600,5.900,351.000,6.400,4.770
2023-02-28 22:00:00,7.300,1011.200,5.100,9.000,5.700,4.452
2023-02-28 23:00:00,7.200,1012.900,3.400,20.000,5.100,4.078
2024-01-01 00:00:00,4.800,1017.300,2.100,176.000,2.800,1.519
2024-01-01 01:00:00,4.900,1017.100,1.800,179.000,2.500,2.028
2024-01-01 02:00:00,4.900,1017.200,1.700,196.000,2.400,2.776
2024-01-01 03:00:00,5.100,1017.400,1.600,208.000,3.100,3.507
2024-01-01 04:00:00,5.200,1017.200,1.500,211.000,2.900,3.944
2024-01-01 05:00:00,5.300,1017.000,1.600,200.000,2.500,4.058
2024-01-01 06:00:00,5.500,1016.300,1.600,199.000,2.800,3.812
2024-01-01 07:00:00,5.200,1016.200,1.600,188.000,2.500,3.182
2024-01-01 08:00:00,5.700,1015.900,2.400,191.000,4.000,2.484
2024-01-01 09:00:00,5.600,1015.300,2.400,191.000,3.500,1.906
2024-01-01 10:00:00,5.500,1015.000,2.500,188.000,3.700,1.503
2024-01-01 11:00:00,5.500,1015.700,2.200,221.000,3.500,1.539
2024-01-01 12:00:00,5.300,1015.600,2.000,208.000,3.100,1.913
2024-01-01 13:00:00,5.800,1016.000,2.400,234.000,3.000,2.500
2024-01-01 14:00:00,6.600,1016.400,2.600,279.000,3.400,3.507
2024-01-01 15:00:00,6.900,1016.900,2.800,307.000,3.400,4.177
2024-01-01 16:00:00,7.000,1016.900,3.800,337.000,4.300,4.780
2024-01-01 17:00:00,6.200,1016.400,6.000,336.000,7.100,4.915
2024-01-01 18:00:00,6.300,1015.900,5.300,332.000,6.300,4.616
2024-01-01 19:00:00,6.600,1015.700,5.100,340.000,5.800,3.999
2024-01-01 20:00:00,7.300,1015.800,5.700,330.000,6.600,3.159
2024-01-01 21:00:00,7.300,1016.100,5.900,334.000,7.700,2.280
2024-01-01 22:00:00,7.300,1016.700,5.300,332.000,7.000,1.745
2024-01-01 23:00:00,7.000,1017.300,6.900,326.000,8.200,1.388
2024-01-02 00:00:00,6.700,1017.700,8.100,341.000,9.400,1.535
2024-01-02 01:00:00,6.600,1017.900,7.700,345.000,8.800,1.923
2024-01-02 02:00:00,6.400,1018.300,6.400,331.000,8.200,2.556
2024-01-02 03:00:00,6.500,1018.200,6.800,351.000,7.900,3.379
2024-01-02 04:00:00,6.500,1018.200,7.500,4.000,8.600,4.029
2024-01-02 05:00:00,6.500,1018.000,7.600,16.000,8.600,4.383
2024-01-02 06:00:00,6.400,1018.000,7.600,11.000,9.600,4.508
2024-01-02 07:00:00,6.100,1018.200,7.900,14.000,10.500,4.134
2024-01-02 08:00:00,5.300,1018.500,9.000,5.000,10.100,3.658
2024-01-02 09:00:00,4.500,1018.600,9.800,4.000,11.500,2.976
2024-01-02 10:00:00,3.800,1019.000,10.300,3.000,11.800,2.365
2024-01-02 11:00:00,3.300,1019.800,10.000,11.000,11.800,1.952
2024-01-02 12:00:00,3.000,1020.400,9.700,9.000,11.600,2.021
2024-01-02 13:00:00,2.900,1021.000,8.400,8.000,11.000,2.461
2024-01-02 14:00:00,3.100,1021.500,7.300,360.000,8.800,3.038
2024-01-02 15:00:00,3.600,1021.500,6.700,330.000,7.900,3.825
2024-01-02 16:00:00,3.600,1020.700,7.600,339.000,9.800,4.472
2024-01-02 17:00:00,3.300,1019.500,8.900,321.000,10.800,4.892
2024-01-02 18:00:00,3.900,1018.600,8.800,322.000,10.500,4.915
2024-01-02 19:00:00,4.200,1018.000,8.200,328.000,10.000,4.544
2024-01-02 20:00:00,4.600,1018.200,7.200,326.000,8.700,3.921
2024-01-02 21:00:00,5.200,1017.900,7.900,311.000,9.300,3.166
2024-01-02 22:00:00,5.200,1018.300,5.700,303.000,6.400,2.503
2024-01-02 23:00:00,3.700,1018.700,3.100,260.000,3.800,1.969
2024-01-03 00:00:00,3.500,1018.900,3.300,260.000,3.900,1.775
2024-01-03 01:00:00,2.500,1018.900,3.200,254.000,3.600,1.827
2024-01-03 02:00:00,2.300,1018.900,2.600,259.000,3.300,2.244
2024-01-03 03:00:00,2.300,1019.100,3.400,264.000,4.500,2.940
2024-01-03 04:00:00,1.400,1018.900,3.200,253.000,4.500,3.671
2024-01-03 05:00:00,2.700,1018.500,4.200,285.000,5.000,4.137
2024-01-03 06:00:00,2.200,1018.500,4.600,287.000,5.700,4.386
2024-01-03 07:00:00,1.900,1018.500,4.100,293.000,5.100,4.314
2024-01-03 08:00:00,1.900,1018.600,3.800,297.000,5.200,3.848
2024-01-03 09:00:00,1.700,1018.600,4.300,296.000,5.600,3.248
2024-01-03 10:00:00,1.500,1018.700,4.500,296.000,4.900,2.513
2024-01-03 11:00:00,0.500,1019.200,3.900,270.000,4.600,1.900
2024-01-03 12:00:00,0.200,1019.700,2.700,271.000,3.200,1.706
2024-01-03 13:00:00,1.400,1019.900,3.300,281.000,4.500,1.798
2024-01-03 14:00:00,2.400,1019.900,3.700,292.000,4.700,2.264
2024-01-03 15:00:00,3.300,1019.800,4.300,314.000,5.000,2.897
2024-01-03 16:00:00,3.800,1020.000,3.600,310.000,5.100,3.596
2024-01-03 17:00:00,4.100,1019.100,4.000,320.000,5.300,4.170
2024-01-03 18:00:00,4.500,1018.100,3.500,8.000,4.400,4.406
2024-01-03 19:00:00,4.900,1017.100,1.300,0.000,2.100,4.350
2024-01-03 20:00:00,5.100,1016.800,1.600,19.000,2.400,3.944
2024-01-03 21:00:00,5.500,1017.100,0.500,224.000,2.100,3.409
2024-01-03 22:00:00,4.100,1017.100,0.000,199.000,0.000,2.894
2024-01-03 23:00:00,3.900,1017.400,2.100,162.000,2.800,2.172
2024-01-04 00:00:00,4.000,1017.300,1.900,178.000,2.900,1.686
2024-01-04 01:00:00,4.100,1016.600,1.900,178.000,2.500,1.512
2024-01-04 02:00:00,4.100,1016.600,1.900,184.000,3.300,1.768
2024-01-04 03:00:00,3.900,1016.900,1.400,204.000,2.500,2.408
2024-01-04 04:00:00,3.700,1016.500,1.500,212.000,2.300,2.992
2024-01-04 05:00:00,3.700,1016.100,1.700,239.000,2.900,3.678
2024-01-04 06:00:00,3.600,1015.300,1.300,210.000,2.200,4.249
2024-01-04 07:00:00,3.200,1015.100,0.000,183.000,0.000,4.508
2024-01-04 08:00:00,3.700,1014.600,0.000,326.000,0.000,4.547
2024-01-04 09:00:00,5.300,1013.900,2.000,347.000,2.800,4.137
2024-01-04 10:00:00,3.300,1013.700,0.000,222.000,0.000,3.461
2024-01-04 11:00:00,3.400,1014.600,1.900,274.000,2.100,2.694
2024-01-04 12:00:00,4.700,1014.900,4.900,313.000,5.600,2.375
2024-01-04 13:00:00,5.000,1015.100,6.800,340.000,7.600,2.119
2024-01-04 14:00:00,5.600,1015.500,7.300,337.000,8.300,2.326
2024-01-04 15:00:00,5.300,1016.100,7.000,337.000,7.600,2.546
2024-01-04 16:00:00,5.200,1016.200,7.200,326.000,8.800,3.009
2024-01-04 17:00:00,5.300,1016.000,7.600,323.000,9.000,3.576
2024-01-04 18:00:00,5.700,1015.700,8.600,337.000,10.300,4.134
2024-01-04 19:00:00,5.900,1016.000,9.200,331.000,11.700,4.393
2024-01-04 20:00:00,6.300,1016.600,9.600,330.000,11.100,4.167
2024-01-04 21:00:00,6.100,1017.200,11.200,324.000,13.900,3.770
2024-01-04 22:00:00,5.900,1018.500,10.600,319.000,12.000,3.104
2024-01-04 23:00:00,6.000,1019.800,10.300,328.000,12.100,2.434
2024-01-05 00:00:00,5.500,1020.900,11.100,335.000,14.400,1.850
2024-01-05 01:00:00,4.900,1021.800,11.600,342.000,15.500,1.457
2024-01-05 02:00:00,4.300,1022.400,12.500,335.000,14.300,1.411
2024-01-05 03:00:00,3.800,1023.000,11.400,332.000,13.500,1.745
2024-01-05 04:00:00,3.400,1023.500,11.400,342.000,13.900,2.382
2024-01-05 05:00:00,2.800,1024.000,11.000,332.000,13.400,3.153
2024-01-05 06:00:00,2.200,1024.200,10.200,346.000,13.600,3.878
2024-01-05 07:00:00,1.900,1024.900,10.000,337.000,12.700,4.331
2024-01-05 08:00:00,1.200,1025.500,9.000,322.000,10.800,4.646
2024-01-05 09:00:00,1.000,1026.100,9.100,337.000,11.300,4.528
2024-01-05 10:00:00,0.600,1026.400,9.300,356.000,11.200,4.016
2024-01-05 11:00:00,0.300,1027.100,7.500,343.000,10.200,3.478
2024-01-05 12:00:00,-0.300,1028.100,7.400,348.000,9.500,2.730
2024-01-05 13:00:00,-1.000,1028.900,8.000,308.000,9.600,2.162
2024-01-05 14:00:00,-0.800,1029.500,6.100,324.000,8.000,1.923
2024-01-05 15:00:00,-1.000,1029.900,5.400,334.000,7.900,1.942
2024-01-05 16:00:00,-0.500,1029.300,4.000,339.000,5.900,2.175
2024-01-05 17:00:00,-0.400,1028.200,5.900,317.000,7.400,2.776
2024-01-05 18:00:00,0.300,1027.300,3.900,348.000,5.600,3.235
2024-01-05 19:00:00,1.100,1026.400,1.800,334.000,2.700,3.537
2024-01-05 20:00:00,2.500,1025.600,2.300,316.000,3.000,3.829
2024-01-05 21:00:00,3.200,1025.500,2.200,258.000,3.200,3.763
2024-01-05 22:00:00,2.300,1025.600,1.300,232.000,1.600,3.484
2024-01-05 23:00:00,1.500,1025.600,1.300,203.000,1.700,2.910
2024-01-06 00:00:00,0.900,1026.700,2.100,246.000,2.800,2.238
2024-01-06 01:00:00,0.600,1025.600,0.500,229.000,1.100,1.634
2024-01-06 02:00:00,0.000,1026.200,2.800,228.000,3.200,1.155
2024-01-06 03:00:00,-0.700,1025.000,1.800,203.000,2.500,1.207
2024-01-06 04:00:00,-0.600,1024.700,2.300,212.000,3.100,1.562
2024-01-06 05:00:00,-0.400,1024.500,2.200,208.000,3.100,2.205
2024-01-06 06:00:00,-0.300,1024.400,2.200,190.000,4.000,3.120
2024-01-06 07:00:00,-0.100,1024.200,1.800,183.000,3.100,3.878
2024-01-06 08:00:00,0.200,1023.500,2.000,184.000,2.900,4.373
2024-01-06 09:00:00,0.400,1023.300,1.500,201.000,2.200,4.616
2024-01-06 10:00:00,0.800,1022.500,1.500,176.000,2.400,4.370
2024-01-06 11:00:00,1.500,1022.400,1.700,180.000,2.200,3.904
2024-01-06 12:00:00,2.400,1021.800,1.600,170.000,1.800,3.173
2024-01-06 13:00:00,2.300,1021.600,0.800,153.000,0.900,2.431
2024-01-06 14:00:00,4.800,1020.600,1.300,139.000,1.800,1.870
2024-01-06 15:00:00,6.200,1019.200,3.700,127.000,5.300,1.762
2024-01-06 16:00:00,6.900,1017.600,5.000,126.000,7.700,1.870
2024-01-06 17:00:00,7.300,1015.300,4.600,122.000,6.600,2.064
2024-01-06 18:00:00,7.200,1012.800,5.600,108.000,7.100,2.710
2024-01-06 19:00:00,7.300,1010.200,7.700,96.000,10.900,3.438
2024-01-06 20:00:00,7.100,1009.800,8.000,95.000,10.700,3.944
2024-01-06 21:00:00,8.000,1007.900,7.600,98.000,10.200,4.341
2024-01-06 22:00:00,9.300,1006.300,6.600,117.000,10.900,4.636
2024-01-06 23:00:00,9.200,1004.400,9.400,104.000,11.600,4.203
2024-01-07 00:00:00,9.300,1001.400,11.500,106.000,14.600,3.586
2024-01-07 01:00:00,9.200,1000.000,9.900,108.000,12.100,3.074
2024-01-07 02:00:00,10.300,999.300,4.800,132.000,6.800,2.789
2024-01-07 03:00:00,10.400,999.100,0.900,255.000,1.600,2.694
2024-01-07 04:00:00,10.300,999.800,5.700,272.000,7.600,2.917
2024-01-07 05:00:00,6.500,1000.300,9.100,282.000,11.300,3.356
2024-01-07 06:00:00,5.200,1001.400,8.100,281.000,10.700,3.688
2024-01-07 07:00:00,4.800,1001.800,8.300,283.000,9.900,4.236
2024-01-07 08:00:00,4.300,1002.500,7.600,277.000,10.900,5.059
2024-01-07 09:00:00,4.100,1002.200,9.800,290.000,11.600,5.453
2024-01-07 10:00:00,4.000,1002.700,8.200,288.000,10.100,5.561
2024-01-07 11:00:00,3.900,1003.300,8.900,289.000,10.600,5.325
2024-01-07 12:00:00,3.500,1004.200,7.600,276.000,9.200,4.764
2024-01-07 13:00:00,3.100,1005.100,5.800,267.000,8.700,4.121
2024-01-07 14:00:00,3.300,1005.500,7.400,271.000,9.000,3.425
2024-01-07 15:00:00,4.300,1005.800,6.500,277.000,7.900,2.680
2024-01-07 16:00:00,6.200,1005.100,7.200,290.000,9.700,2.326
2024-01-07 17:00:00,7.500,1004.600,9.900,295.000,13.500,2.290
2024-01-07 18:00:00,7.900,1004.600,10.200,296.000,14.100,2.536
2024-01-07 19:00:00,7.900,1005.200,11.800,302.000,14.800,3.159
2024-01-07 20:00:00,8.300,1006.400,13.100,305.000,14.800,3.717
2024-01-07 21:00:00,7.900,1007.600,12.200,305.000,14.200,4.344
2024-01-07 22:00:00,7.500,1009.800,11.700,309.000,15.600,4.580
2024-01-07 23:00:00,7.200,1011.700,10.000,302.000,13.900,4.318
2024-01-08 00:00:00,6.800,1013.300,8.500,304.000,10.200,3.865
2024-01-08 01:00:00,6.500,1014.500,7.900,307.000,8.600,3.120
2024-01-08 02:00:00,5.700,1015.700,4.900,294.000,5.900,2.379
2024-01-08 03:00:00,5.300,1016.800,5.200,284.000,5.900,1.926
2024-01-08 04:00:00,5.300,1017.900,5.000,281.000,6.000,1.663
2024-01-08 05:00:00,5.500,1019.000,6.300,292.000,7.600,1.811
2024-01-08 06:00:00,5.200,1020.000,6.800,288.000,7.900,2.274
2024-01-08 07:00:00,5.000,1021.000,7.300,288.000,8.600,2.976
2024-01-08 08:00:00,4.900,1021.700,7.100,297.000,8.000,3.924
2024-01-08 09:00:00,4.800,1022.600,7.200,296.000,8.200,4.721
2024-01-08 10:00:00,4.100,1023.400,6.500,291.000,7.500,5.062
2024-01-08 11:00:00,4.200,1025.000,7.100,291.000,8.400,5.249
2024-01-08 12:00:00,4.200,1026.400,5.900,296.000,7.400,4.839
2024-01-08 13:00:00,3.600,1027.900,4.000,270.000,5.500,4.268
2024-01-08 14:00:00,4.400,1029.200,5.800,299.000,6.600,3.373
2024-01-08 15:00:00,5.400,1030.100,5.800,322.000,6.800,2.438
2024-01-08 16:00:00,5.900,1030.100,6.100,340.000,7.100,1.673
2024-01-08 17:00:00,6.100,1029.800,6.200,346.000,7.100,1.434
2024-01-08 18:00:00,6.200,1029.900,5.700,338.000,6.900,1.545
2024-01-08 19:00:00,6.300,1030.100,5.500,317.000,6.200,1.857
2024-01-08 20:00:00,6.700,1030.500,3.500,318.000,4.200,2.677
2024-01-08 21:00:00,6.800,1030.500,2.500,333.000,3.000,3.556
2024-01-08 22:00:00,6.000,1031.200,0.000,286.000,1.100,4.229
2024-01-08 23:00:00,5.700,1032.100,1.400,256.000,1.500,4.488
2024-01-09 00:00:00,5.500,1031.900,0.100,232.000,0.600,4.482
2024-01-09 01:00:00,4.800,1031.600,1.500,136.000,1.600,4.032
2024-01-09 02:00:00,4.800,1031.100,2.400,136.000,2.800,3.264
2024-01-09 03:00:00,4.500,1030.600,1.900,171.000,2.100,2.625
2024-01-09 04:00:00,2.100,1031.000,2.600,216.000,3.000,1.923
2024-01-09 05:00:00,2.500,1030.600,1.700,188.000,2.200,1.693
2024-01-09 06:00:00,2.800,1029.800,1.400,161.000,1.700,2.021
2024-01-09 07:00:00,3.900,1029.300,1.600,138.000,2.300,2.526
2024-01-09 08:00:00,4.900,1028.900,1.700,136.000,2.100,3.599
2024-01-09 09:00:00,6.000,1028.000,2.900,136.000,4.800,4.551
2024-01-09 10:00:00,6.300,1027.100,3.800,121.000,5.400,5.449
2024-01-09 11:00:00,6.800,1025.900,4.500,120.000,7.800,6.033
2024-01-09 12:00:00,7.300,1024.000,6.800,113.000,8.700,6.053
2024-01-09 13:00:00,7.600,1024.600,6.400,109.000,8.400,5.732
2024-01-09 14:00:00,7.900,1024.000,6.200,112.000,8.500,4.905
2024-01-09 15:00:00,8.400,1021.600,8.100,112.000,10.600,3.865
2024-01-09 16:00:00,9.100,1018.900,7.800,117.000,12.600,2.740
2024-01-09 17:00:00,9.600,1017.000,6.600,130.000,9.000,1.854
2024-01-09 18:00:00,9.800,1014.400,6.400,127.000,9.300,1.834
2024-01-09 19:00:00,10.400,1010.800,7.800,128.000,11.400,2.224
2024-01-09 20:00:00,11.400,1007.200,8.400,131.000,14.100,2.759
2024-01-09 21:00:00,11.400,1005.400,8.400,142.000,14.300,3.675
2024-01-09 22:00:00,11.400,1002.600,9.300,151.000,15.200,4.593
2024-01-09 23:00:00,12.200,999.600,8.300,153.000,12.400,5.463
2024-01-10 00:00:00,12.400,996.900,9.200,162.000,15.100,5.860
2024-01-10 01:00:00,12.900,994.500,10.700,171.000,18.100,5.610
2024-01-10 02:00:00,13.000,991.900,11.200,165.000,17.900,5.062
2024-01-10 03:00:00,13.900,989.200,10.000,187.000,18.100,4.393
2024-01-10 04:00:00,15.100,989.700,5.000,176.000,7.200,4.196
2024-01-10 05:00:00,14.400,987.100,7.400,182.000,11.200,3.048
2024-01-10 06:00:00,15.200,986.700,4.100,202.000,7.300,2.300
2024-01-10 07:00:00,15.100,986.500,4.600,220.000,8.300,2.106
2024-01-10 08:00:00,13.700,987.100,4.700,230.000,10.500,2.667
2024-01-10 09:00:00,12.200,987.500,6.000,248.000,10.700,3.360
2024-01-10 10:00:00,11.800,988.300,6.900,243.000,10.900,4.396
2024-01-10 11:00:00,11.200,988.900,5.000,255.000,10.500,5.407
2024-01-10 12:00:00,7.800,992.000,14.800,295.000,16.900,6.358
2024-01-10 13:00:00,6.700,992.700,4.900,268.000,8.200,5.909
2024-01-10 14:00:00,8.100,994.800,11.700,283.000,15.300,5.551
2024-01-10 15:00:00,9.800,996.500,6.900,272.000,10.800,4.682
2024-01-10 16:00:00,10.300,996.500,10.300,278.000,12.700,3.307
2024-01-10 17:00:00,10.500,997.400,9.900,260.000,14.400,2.044
2024-01-10 18:00:00,10.300,998.700,12.100,278.000,17.900,1.070
2024-01-10 19:00:00,10.900,999.400,7.900,266.000,17.000,0.915
2024-01-10 20:00:00,10.600,1000.600,8.300,266.000,12.000,1.155
2024-01-10 21:00:00,10.400,1002.100,4.200,262.000,11.900,1.555
2024-01-10 22:00:00,9.800,1003.400,7.200,264.000,9.700,2.592
2024-01-10 23:00:00,9.300,1004.700,5.000,263.000,9.000,3.724
2024-01-11 00:00:00,8.400,1005.900,5.000,290.000,6.500,4.216
2024-01-11 01:00:00,7.800,1006.900,2.300,243.000,3.100,4.265
2024-01-11 02:00:00,7.000,1007.600,2.600,272.000,4.200,3.878
2024-01-11 03:00:00,6.600,1008.300,3.500,280.000,4.000,3.212
2024-01-11 04:00:00,5.800,1008.600,2.900,260.000,4.400,2.201
2024-01-11 05:00:00,5.400,1009.200,3.000,254.000,4.300,1.014
2024-01-11 06:00:00,5.100,1009.700,3.900,269.000,4.800,0.141
2024-01-11 07:00:00,4.100,1010.400,2.400,243.000,3.100,-0.013
2024-01-11 08:00:00,3.500,1011.000,2.900,244.000,4.200,0.659
2024-01-11 09:00:00,2.900,1011.100,3.200,231.000,4.000,1.572
2024-01-11 10:00:00,2.100,1011.400,2.500,214.000,3.400,2.812
2024-01-11 11:00:00,1.900,1011.900,3.200,223.000,4.200,4.081
2024-01-11 12:00:00,1.700,1012.700,3.000,227.000,3.800,5.089
2024-01-11 13:00:00,2.200,1013.300,3.000,221.000,4.200,5.604
2024-01-11 14:00:00,4.300,1013.800,2.200,231.000,3.400,5.591
2024-01-11 15:00:00,6.000,1014.700,5.200,289.000,6.400,4.813
2024-01-11 16:00:00,6.500,1014.100,5.200,295.000,6.400,3.832
2024-01-11 17:00:00,8.000,1012.800,0.800,269.000,3.000,2.477
2024-01-11 18:00:00,8.400,1012.000,4.100,233.000,5.400,1.198
2024-01-11 19:00:00,9.200,1011.700,3.300,221.000,6.200,0.410
2024-01-11 20:00:00,10.200,1011.800,2.600,218.000,4.500,0.466
2024-01-11 21:00:00,10.300,1012.300,2.800,258.000,4.800,1.158
2024-01-11 22:00:00,8.500,1013.500,2.200,242.000,3.500,2.129
2024-01-11 23:00:00,7.200,1014.300,1.800,234.000,2.700,3.222
2024-01-12 00:00:00,6.100,1015.000,1.200,200.000,2.400,4.075
2024-01-12 01:00:00,6.200,1015.500,3.300,194.000,4.500,4.508
2024-01-12 02:00:00,5.900,1015.800,2.700,201.000,4.400,4.544
2024-01-12 03:00:00,6.000,1016.400,2.900,217.000,4.700,4.042
2024-01-12 04:00:00,6.500,1017.000,3.000,228.000,4.700,3.094
2024-01-12 05:00:00,6.700,1018.000,3.700,256.000,5.000,1.860
2024-01-12 06:00:00,6.500,1018.800,4.000,274.000,5.100,0.774
2024-01-12 07:00:00,6.100,1020.100,4.200,302.000,4.700,0.082
2024-01-12 08:00:00,7.300,1020.900,4.000,345.000,4.800,0.269
2024-01-12 09:00:00,7.300,1021.000,5.600,6.000,7.700,1.079
2024-01-12 10:00:00,6.900,1021.200,5.800,22.000,6.700,2.031
2024-01-12 11:00:00,6.500,1020.800,4.800,38.000,5.800,3.422
2024-01-12 12:00:00,7.000,1022.100,5.100,41.000,6.100,4.760
2024-01-12 13:00:00,6.900,1022.800,5.300,45.000,5.800,5.820
2024-01-12 14:00:00,6.900,1023.000,5.400,67.000,6.000,6.276
2024-01-12 15:00:00,6.900,1022.800,5.600,85.000,7.200,5.978
2024-01-12 16:00:00,7.300,1022.300,5.700,95.000,7.500,5.141
2024-01-12 17:00:00,7.700,1021.300,5.900,96.000,8.100,3.845
2024-01-12 18:00:00,7.600,1020.100,6.100,112.000,7.500,2.444
2024-01-12 19:00:00,9.000,1019.500,5.200,133.000,8.600,1.227
2024-01-12 20:00:00,8.400,1018.000,5.200,117.000,6.700,0.577
2024-01-12 21:00:00,8.200,1016.500,5.200,106.000,6.800,0.745
2024-01-12 22:00:00,8.200,1014.100,6.200,110.000,8.100,1.660
2024-01-12 23:00:00,9.100,1012.000,6.800,118.000,9.600,2.769
2024-01-13 00:00:00,9.600,1009.800,7.100,111.000,8.900,3.914
2024-01-13 01:00:00,10.500,1007.500,7.100,123.000,10.100,4.990
2024-01-13 02:00:00,11.800,1005.400,6.400,139.000,11.500,5.456
2024-01-13 03:00:00,11.500,1003.600,7.800,142.000,13.300,5.538
2024-01-13 04:00:00,11.500,1000.400,9.000,151.000,12.400,4.974
2024-01-13 05:00:00,12.500,998.100,8.000,162.000,12.800,4.094
2024-01-13 06:00:00,12.800,996.300,5.600,175.000,8.800,3.202
2024-01-13 07:00:00,14.800,995.100,6.100,185.000,10.800,2.352
2024-01-13 08:00:00,15.700,993.600,5.500,183.000,10.700,2.096
2024-01-13 09:00:00,15.600,992.800,5.500,186.000,8.000,2.129
2024-01-13 10:00:00,15.600,992.200,3.800,189.000,5.700,2.405
2024-01-13 11:00:00,16.000,991.700,2.900,193.000,6.800,3.274
2024-01-13 12:00:00,15.700,991.200,3.100,207.000,5.700,4.731
2024-01-13 13:00:00,15.800,991.900,6.100,243.000,11.800,5.919
2024-01-13 14:00:00,14.400,993.000,6.700,254.000,10.000,6.713
2024-01-13 15:00:00,13.700,993.700,10.000,246.000,16.600,6.906
2024-01-13 16:00:00,13.500,994.200,12.300,264.000,15.500,6.345
2024-01-13 17:00:00,13.500,993.800,9.600,273.000,16.100,5.341
2024-01-13 18:00:00,8.500,995.600,15.400,297.000,18.500,4.390
2024-01-13 19:00:00,9.800,996.700,11.800,284.000,14.200,2.582
2024-01-13 20:00:00,9.600,998.400,14.100,289.000,16.500,1.234
2024-01-13 21:00:00,9.700,1000.200,12.000,287.000,14.600,0.722
2024-01-13 22:00:00,9.000,1002.200,9.900,279.000,12.900,0.712
2024-01-13 23:00:00,8.100,1003.900,7.800,279.000,10.100,1.621
2024-01-14 00:00:00,6.700,1006.200,10.600,289.000,12.800,2.618
2024-01-14 01:00:00,5.600,1007.900,9.800,290.000,13.100,3.540
2024-01-14 02:00:00,4.500,1009.000,5.900,285.000,7.900,4.364
2024-01-14 03:00:00,3.300,1010.200,3.700,267.000,4.400,4.636
2024-01-14 04:00:00,2.900,1011.200,3.000,273.000,5.100,4.446
2024-01-14 05:00:00,1.900,1012.300,2.500,248.000,3.200,3.720
2024-01-14 06:00:00,1.500,1012.900,2.600,257.000,3.600,2.838
2024-01-14 07:00:00,1.300,1013.300,2.400,262.000,3.300,1.545
2024-01-14 08:00:00,1.200,1014.100,2.300,237.000,3.100,0.427
2024-01-14 09:00:00,0.800,1014.400,2.200,221.000,2.700,-0.292
2024-01-14 10:00:00,0.400,1014.800,2.000,208.000,2.700,-0.115
2024-01-14 11:00:00,0.200,1015.700,2.200,216.000,2.900,0.610
2024-01-14 12:00:00,0.400,1015.700,1.800,204.000,3.200,1.588
2024-01-14 13:00:00,1.400,1014.600,3.100,186.000,5.600,2.864
2024-01-14 14:00:00,3.200,1014.700,4.100,219.000,8.200,4.081
2024-01-14 15:00:00,5.300,1014.000,6.400,226.000,8.100,4.882
2024-01-14 16:00:00,7.700,1012.200,6.600,231.000,9.800,5.056
2024-01-14 17:00:00,10.000,1010.900,6.800,244.000,13.700,4.600
2024-01-14 18:00:00,10.200,1010.700,8.800,256.000,17.100,3.468
2024-01-14 19:00:00,8.300,1011.800,15.200,290.000,20.700,2.175
2024-01-14 20:00:00,4.100,1014.000,11.800,308.000,15.300,0.814
2024-01-14 21:00:00,4.300,1015.400,11.600,299.000,14.000,-0.787
2024-01-14 22:00:00,4.900,1016.600,11.500,301.000,14.200,-1.296
2024-01-14 23:00:00,4.200,1019.100,12.400,308.000,17.100,-0.853
2024-01-15 00:00:00,3.300,1020.400,8.900,316.000,10.600,-0.564
2024-01-15 01:00:00,2.400,1020.900,10.400,323.000,12.100,0.653
2024-01-15 02:00:00,2.000,1021.900,9.200,322.000,11.700,2.096
2024-01-15 03:00:00,1.700,1022.100,5.000,318.000,7.700,3.048
2024-01-15 04:00:00,1.200,1022.300,7.100,319.000,9.300,3.681
2024-01-15 05:00:00,0.800,1022.800,4.800,291.000,6.400,3.839
2024-01-15 06:00:00,0.400,1022.900,2.700,322.000,3.500,3.317
2024-01-15 07:00:00,0.500,1023.700,4.900,359.000,6.300,2.385
2024-01-15 08:00:00,-0.100,1024.400,4.000,275.000,6.200,1.194
2024-01-15 09:00:00,-0.100,1024.500,4.200,332.000,5.800,0.190
2024-01-15 10:00:00,-0.300,1024.700,3.700,323.000,5.000,-0.207
2024-01-15 11:00:00,-0.200,1025.300,4.100,316.000,4.900,-0.013
2024-01-15 12:00:00,-0.600,1025.600,4.200,292.000,6.400,0.853
2024-01-15 13:00:00,-0.800,1025.700,3.800,286.000,5.000,2.054
2024-01-15 14:00:00,-0.900,1026.200,3.300,314.000,4.000,3.363
2024-01-15 15:00:00,-0.700,1026.300,2.700,7.000,3.800,4.511
2024-01-15 16:00:00,-0.100,1025.600,4.000,41.000,5.200,5.131
2024-01-15 17:00:00,0.000,1024.800,1.100,50.000,2.500,5.121
2024-01-15 18:00:00,-0.400,1024.300,2.900,50.000,4.100,4.551
2024-01-15 19:00:00,-1.100,1023.300,2.900,74.000,3.500,3.619
2024-01-15 20:00:00,-1.400,1023.500,2.900,57.000,3.400,2.149
2024-01-15 21:00:00,-1.200,1023.400,2.700,52.000,3.500,0.928
2024-01-15 22:00:00,-1.500,1023.000,4.900,46.000,5.800,0.230
2024-01-15 23:00:00,-1.200,1022.800,6.100,53.000,7.100,0.174
2024-01-16 00:00:00,-0.600,1022.900,5.400,55.000,7.000,0.768
2024-01-16 01:00:00,-0.200,1022.400,5.900,64.000,6.800,1.683
2024-01-16 02:00:00,0.300,1021.700,6.100,58.000,6.800,2.923
2024-01-16 03:00:00,0.300,1021.400,6.600,53.000,7.200,4.124
2024-01-16 04:00:00,0.400,1020.500,7.200,53.000,7.700,5.033
2024-01-16 05:00:00,0.600,1019.200,6.700,37.000,7.700,5.377
2024-01-16 06:00:00,0.900,1017.800,6.500,44.000,7.200,5.190
2024-01-16 07:00:00,1.600,1017.000,6.100,39.000,7.100,4.537
2024-01-16 08:00:00,2.000,1015.700,6.500,29.000,7.700,3.579
2024-01-16 09:00:00,2.400,1014.900,5.300,34.000,6.300,2.608
2024-01-16 10:00:00,3.000,1014.300,6.800,22.000,7.800,1.870
2024-01-16 11:00:00,5.100,1012.300,7.700,76.000,9.800,1.526
2024-01-16 12:00:00,5.700,1011.400,9.400,78.000,11.000,1.732
2024-01-16 13:00:00,6.200,1009.800,6.800,89.000,8.600,2.513
2024-01-16 14:00:00,6.700,1009.700,3.500,55.000,4.300,3.451
2024-01-16 15:00:00,6.600,1009.000,3.200,70.000,3.900,4.619
2024-01-16 16:00:00,5.200,1006.900,3.100,2.000,3.800,5.489
2024-01-16 17:00:00,3.900,1006.100,6.000,310.000,6.900,5.873
2024-01-16 18:00:00,1.400,1006.900,11.000,294.000,12.900,5.850
2024-01-16 19:00:00,0.500,1007.700,13.100,305.000,14.300,5.259
2024-01-16 20:00:00,0.200,1008.500,12.000,314.000,14.600,4.213
2024-01-16 21:00:00,0.200,1009.000,12.000,314.000,13.300,2.598
2024-01-16 22:00:00,0.100,1010.400,13.400,305.000,15.700,1.237
2024-01-16 23:00:00,-0.300,1010.300,14.100,314.000,17.300,0.640
2024-01-17 00:00:00,-0.900,1011.200,13.300,316.000,17.000,0.892
2024-01-17 01:00:00,-1.800,1011.500,13.700,322.000,16.600,1.342
2024-01-17 02:00:00,-2.300,1013.000,12.100,331.000,14.400,2.067
2024-01-17 03:00:00,-2.800,1014.200,10.700,325.000,14.800,3.228
2024-01-17 04:00:00,-3.500,1014.800,9.900,318.000,13.800,4.216
2024-01-17 05:00:00,-4.000,1015.300,11.900,315.000,13.800,5.023
2024-01-17 06:00:00,-4.800,1015.500,13.400,311.000,17.000,5.456
2024-01-17 07:00:00,-4.800,1015.800,11.200,312.000,15.700,5.082
2024-01-17 08:00:00,-5.400,1016.400,12.200,312.000,15.800,4.354
2024-01-17 09:00:00,-5.600,1016.600,11.500,309.000,13.400,3.458
2024-01-17 10:00:00,-5.800,1017.300,11.400,309.000,13.600,2.336
2024-01-17 11:00:00,-6.200,1018.400,9.000,297.000,12.100,1.296
2024-01-17 12:00:00,-6.400,1019.000,9.600,295.000,11.300,0.984
2024-01-17 13:00:00,-7.500,1020.000,5.100,267.000,6.200,1.161
2024-01-17 14:00:00,-6.200,1020.700,6.800,279.000,8.400,1.699
2024-01-17 15:00:00,-5.400,1021.400,10.500,298.000,12.100,2.477
2024-01-17 16:00:00,-4.800,1021.200,8.500,303.000,12.600,3.406
2024-01-17 17:00:00,-3.600,1020.600,5.600,298.000,12.300,4.121
2024-01-17 18:00:00,-3.300,1019.600,7.900,269.000,9.900,4.380
2024-01-17 19:00:00,-2.700,1019.200,10.300,295.000,11.700,4.219
2024-01-17 20:00:00,-2.400,1019.100,6.800,281.000,8.600,3.615
2024-01-17 21:00:00,-1.800,1019.500,5.000,304.000,11.300,2.799
2024-01-17 22:00:00,-2.200,1020.100,4.800,268.000,8.600,1.562
2024-01-17 23:00:00,-2.500,1021.300,5.200,269.000,6.800,0.574
2024-01-18 00:00:00,-3.000,1022.300,2.100,241.000,3.300,-0.089
2024-01-18 01:00:00,-3.500,1022.500,2.000,218.000,2.900,-0.082
2024-01-18 02:00:00,-3.700,1022.300,2.600,232.000,3.800,0.203
2024-01-18 03:00:00,-3.500,1022.800,2.500,242.000,3.600,0.978
2024-01-18 04:00:00,-3.700,1023.300,1.800,228.000,3.200,2.044
2024-01-18 05:00:00,-3.500,1023.400,2.600,237.000,3.900,2.992
2024-01-18 06:00:00,-2.900,1023.600,3.700,250.000,5.400,3.517
2024-01-18 07:00:00,-3.300,1023.900,2.700,240.000,3.700,3.753
2024-01-18 08:00:00,-3.400,1023.900,2.800,241.000,3.400,3.550
2024-01-18 09:00:00,-3.600,1023.500,1.200,228.000,1.600,2.972
2024-01-18 10:00:00,-3.800,1023.600,2.400,216.000,2.900,2.142
2024-01-18 11:00:00,-4.000,1023.800,1.900,213.000,2.500,1.132
2024-01-18 12:00:00,-3.800,1024.200,2.100,215.000,2.800,0.420
2024-01-18 13:00:00,-3.100,1023.600,1.700,204.000,2.800,0.026
2024-01-18 14:00:00,-0.600,1024.300,1.900,224.000,2.900,0.226
2024-01-18 15:00:00,0.700,1024.800,2.900,256.000,4.500,0.617
2024-01-18 16:00:00,1.200,1024.900,2.200,297.000,3.300,1.385
2024-01-18 17:00:00,1.700,1023.500,0.800,322.000,1.400,2.379
2024-01-18 18:00:00,2.700,1022.400,1.000,300.000,1.400,3.130
2024-01-18 19:00:00,2.800,1020.700,3.100,91.000,3.600,3.369
2024-01-18 20:00:00,2.900,1019.700,3.200,159.000,4.600,3.317
2024-01-18 21:00:00,3.400,1019.000,3.000,162.000,5.000,2.881
2024-01-18 22:00:00,3.300,1019.100,2.200,181.000,3.600,2.326
2024-01-18 23:00:00,3.600,1018.900,2.500,188.000,4.200,1.302
2024-01-19 00:00:00,3.400,1019.000,1.300,222.000,2.400,0.463
2024-01-19 01:00:00,3.100,1018.500,0.500,256.000,0.700,-0.013
2024-01-19 02:00:00,2.800,1018.100,0.900,302.000,1.000,-0.033
2024-01-19 03:00:00,3.700,1017.200,4.900,16.000,5.400,0.466
2024-01-19 04:00:00,3.200,1016.400,1.100,111.000,2.600,1.250
2024-01-19 05:00:00,3.800,1015.900,2.100,86.000,2.600,2.392
2024-01-19 06:00:00,3.900,1014.400,2.900,94.000,3.500,3.419
2024-01-19 07:00:00,4.400,1012.800,1.900,105.000,2.600,4.213
2024-01-19 08:00:00,4.200,1012.100,3.200,161.000,4.100,4.524
2024-01-19 09:00:00,4.700,1010.900,0.900,129.000,1.500,4.639
2024-01-19 10:00:00,4.400,1011.000,2.200,120.000,2.900,4.058
2024-01-19 11:00:00,4.600,1010.300,0.500,234.000,1.600,3.146
2024-01-19 12:00:00,1.700,1009.800,5.600,11.000,6.800,2.159
2024-01-19 13:00:00,1.100,1009.600,6.900,45.000,7.900,1.358
2024-01-19 14:00:00,1.400,1008.300,6.400,58.000,7.000,0.965
2024-01-19 15:00:00,1.500,1007.500,7.300,58.000,8.900,1.152
2024-01-19 16:00:00,1.500,1006.600,8.000,56.000,9.000,1.775
2024-01-19 17:00:00,1.400,1005.500,6.900,34.000,8.300,2.418
2024-01-19 18:00:00,1.200,1004.800,6.900,17.000,8.200,3.320
2024-01-19 19:00:00,1.500,1005.000,7.700,9.000,9.200,4.052
2024-01-19 20:00:00,0.400,1005.600,9.300,342.000,10.400,4.478
2024-01-19 21:00:00,0.100,1006.900,11.300,336.000,13.200,4.390
2024-01-19 22:00:00,-0.200,1008.800,11.400,336.000,13.100,3.930
2024-01-19 23:00:00,-0.900,1010.300,13.100,319.000,14.300,3.123
2024-01-20 00:00:00,-0.700,1011.500,12.300,319.000,13.800,2.067
2024-01-20 01:00:00,-0.800,1012.400,9.500,309.000,12.700,1.086
2024-01-20 02:00:00,-0.700,1013.200,9.100,308.000,10.800,0.643
2024-01-20 03:00:00,-1.000,1013.700,9.200,304.000,11.600,0.896
2024-01-20 04:00:00,-1.400,1014.400,8.300,304.000,9.700,1.617
2024-01-20 05:00:00,-2.000,1015.200,5.900,287.000,7.100,2.434
2024-01-20 06:00:00,-2.200,1015.000,6.600,291.000,8.800,3.353
2024-01-20 07:00:00,-2.500,1015.400,5.400,290.000,6.700,4.232
2024-01-20 08:00:00,-2.500,1015.900,6.100,295.000,7.800,4.921
2024-01-20 09:00:00,-1.800,1016.300,8.500,299.000,10.000,5.279
2024-01-20 10:00:00,-2.100,1016.700,8.700,314.000,11.600,4.846
2024-01-20 11:00:00,-2.800,1017.600,8.500,303.000,11.100,4.078
2024-01-20 12:00:00,-3.400,1018.400,12.000,314.000,13.600,3.182
2024-01-20 13:00:00,-4.100,1018.900,9.500,304.000,12.900,1.978
2024-01-20 14:00:00,-4.200,1019.400,8.700,301.000,10.300,1.342
2024-01-20 15:00:00,-4.300,1019.500,9.400,301.000,11.500,0.771
2024-01-20 16:00:00,-4.000,1019.200,10.500,299.000,13.000,0.725
2024-01-20 17:00:00,-4.200,1018.600,14.800,310.000,17.000,0.945
2024-01-20 18:00:00,-4.100,1018.100,12.300,293.000,14.600,1.572
2024-01-20 19:00:00,-3.800,1018.200,11.600,302.000,14.200,2.349
2024-01-20 20:00:00,-3.600,1018.500,14.600,299.000,16.900,2.838
2024-01-20 21:00:00,-3.200,1018.900,12.200,305.000,13.800,2.982
2024-01-20 22:00:00,-3.400,1019.800,11.100,304.000,13.500,3.031
2024-01-20 23:00:00,-3.700,1020.800,9.400,299.000,10.900,2.585
2024-01-21 00:00:00,-4.400,1021.200,8.300,288.000,10.300,1.788
2024-01-21 01:00:00,-4.400,1021.900,8.100,288.000,10.000,1.017
2024-01-21 02:00:00,-4.200,1022.100,13.200,288.000,15.700,0.285
2024-01-21 03:00:00,-4.400,1022.400,12.700,291.000,15.600,-0.203
2024-01-21 04:00:00,-4.500,1022.500,11.300,294.000,14.100,-0.013
2024-01-21 05:00:00,-4.500,1022.900,12.400,295.000,15.100,0.486
2024-01-21 06:00:00,-4.700,1023.800,10.000,292.000,12.500,1.243
2024-01-21 07:00:00,-4.500,1024.500,10.500,293.000,12.600,2.303
2024-01-21 08:00:00,-4.700,1025.100,8.600,288.000,11.100,3.238
2024-01-21 09:00:00,-4.800,1025.300,8.700,294.000,10.800,3.963
2024-01-21 10:00:00,-4.600,1026.200,8.300,289.000,10.900,4.265
2024-01-21 11:00:00,-4.500,1027.300,8.400,297.000,10.200,4.209
2024-01-21 12:00:00,-4.300,1028.200,7.800,291.000,9.000,3.711
2024-01-21 13:00:00,-3.800,1029.100,9.800,298.000,11.600,2.759
2024-01-21 14:00:00,-3.100,1030.200,10.800,303.000,12.300,1.903
2024-01-21 15:00:00,-2.900,1030.800,11.800,300.000,13.700,1.148
2024-01-21 16:00:00,-2.100,1030.700,11.600,311.000,13.100,0.804
2024-01-21 17:00:00,-1.400,1030.400,10.700,305.000,12.700,0.823
2024-01-21 18:00:00,-0.700,1030.300,11.600,312.000,14.000,1.060
2024-01-21 19:00:00,-0.300,1030.000,11.400,315.000,13.100,1.539
2024-01-21 20:00:00,0.000,1030.300,11.200,310.000,12.500,2.267
2024-01-21 21:00:00,0.400,1031.000,10.400,309.000,12.200,2.930
2024-01-21 22:00:00,0.500,1031.900,8.400,308.000,9.800,3.333
2024-01-21 23:00:00,0.100,1032.900,7.400,304.000,9.000,3.287
2024-01-22 00:00:00,-0.100,1033.900,7.100,300.000,7.700,2.864
2024-01-22 01:00:00,-1.000,1034.300,5.500,292.000,7.000,2.103
2024-01-22 02:00:00,-1.000,1034.700,5.600,296.000,6.600,1.247
2024-01-22 03:00:00,-1.500,1035.200,4.500,292.000,5.500,0.433
2024-01-22 04:00:00,-1.500,1035.300,5.800,301.000,8.000,0.102
2024-01-22 05:00:00,-1.900,1035.400,6.000,297.000,7.800,0.374
2024-01-22 06:00:00,-1.500,1035.200,8.200,317.000,10.300,0.938
2024-01-22 07:00:00,-2.300,1035.700,6.900,308.000,7.900,1.818
2024-01-22 08:00:00,-2.300,1036.200,6.200,307.000,8.000,2.920
2024-01-22 09:00:00,-2.700,1036.200,5.400,306.000,6.500,3.930
2024-01-22 10:00:00,-4.300,1036.600,3.900,271.000,4.300,4.567
2024-01-22 11:00:00,-4.000,1037.000,3.500,281.000,4.100,4.774
2024-01-22 12:00:00,-4.800,1037.300,2.600,270.000,3.100,4.606
2024-01-22 13:00:00,-4.600,1037.000,2.200,270.000,3.100,3.999
2024-01-22 14:00:00,-3.200,1037.800,4.000,295.000,4.800,3.100
2024-01-22 15:00:00,-2.100,1038.000,2.600,298.000,2.900,2.031
2024-01-22 16:00:00,-0.500,1037.300,0.200,330.000,1.800,1.175
2024-01-22 17:00:00,1.400,1036.700,1.800,232.000,3.500,0.679
2024-01-22 18:00:00,1.700,1035.800,3.300,237.000,5.900,0.594
2024-01-22 19:00:00,2.200,1035.100,4.600,265.000,5.900,0.781
2024-01-22 20:00:00,3.100,1034.600,3.500,262.000,5.400,1.362
2024-01-22 21:00:00,4.100,1034.500,1.200,231.000,3.100,2.224
2024-01-22 22:00:00,3.700,1034.100,1.600,212.000,2.700,2.890
2024-01-22 23:00:00,2.800,1034.400,0.800,228.000,1.400,3.189
2024-01-23 00:00:00,1.600,1034.500,1.200,200.000,1.700,3.281
2024-01-23 01:00:00,1.100,1034.500,0.900,233.000,1.500,2.871
2024-01-23 02:00:00,0.500,1034.700,1.000,218.000,1.300,2.136
2024-01-23 03:00:00,0.300,1034.500,2.600,209.000,3.900,1.115
2024-01-23 04:00:00,0.600,1034.700,2.200,223.000,4.500,0.272
2024-01-23 05:00:00,0.800,1033.800,2.900,211.000,4.500,-0.131
2024-01-23 06:00:00,1.700,1033.400,3.100,217.000,4.500,0.069
2024-01-23 07:00:00,1.700,1033.100,3.900,228.000,5.300,0.600
2024-01-23 08:00:00,1.600,1032.800,4.400,232.000,6.200,1.552
2024-01-23 09:00:00,1.900,1032.200,4.000,236.000,6.900,2.625
2024-01-23 10:00:00,1.900,1031.800,3.400,245.000,4.800,3.543
2024-01-23 11:00:00,1.600,1032.400,2.400,241.000,3.600,4.072
2024-01-23 12:00:00,1.300,1032.600,2.800,232.000,3.700,4.245
2024-01-23 13:00:00,1.900,1032.700,0.300,160.000,2.600,3.950
2024-01-23 14:00:00,3.100,1033.600,1.400,224.000,2.800,3.189
2024-01-23 15:00:00,4.300,1033.900,2.400,264.000,3.000,2.169
2024-01-23 16:00:00,5.500,1033.900,1.800,249.000,2.700,1.138
2024-01-23 17:00:00,6.600,1033.200,0.800,197.000,2.100,0.138
2024-01-23 18:00:00,5.000,1032.600,2.600,62.000,2.800,-0.167
2024-01-23 19:00:00,6.100,1032.400,3.900,58.000,4.100,-0.138
2024-01-23 20:00:00,7.700,1032.800,2.500,157.000,2.900,0.210
2024-01-23 21:00:00,5.200,1033.300,1.700,72.000,2.000,0.968
2024-01-23 22:00:00,5.800,1033.700,1.400,105.000,1.800,1.923
2024-01-23 23:00:00,5.100,1034.200,1.800,174.000,3.200,2.549
2024-01-24 00:00:00,5.100,1033.800,2.600,132.000,3.200,2.999
2024-01-24 01:00:00,5.100,1033.800,1.600,114.000,2.200,2.969
2024-01-24 02:00:00,5.100,1033.100,3.000,133.000,3.700,2.533
2024-01-24 03:00:00,5.200,1033.200,2.500,131.000,3.200,1.847
2024-01-24 04:00:00,5.100,1033.400,2.000,168.000,2.900,0.912
2024-01-24 05:00:00,5.100,1033.600,2.200,169.000,3.700,0.210
2024-01-24 06:00:00,5.200,1033.200,2.500,165.000,3.900,0.013
2024-01-24 07:00:00,5.500,1033.600,3.100,172.000,4.200,0.338
2024-01-24 08:00:00,6.000,1033.400,3.500,158.000,4.400,1.224
2024-01-24 09:00:00,6.000,1033.100,2.200,163.000,4.200,2.346
2024-01-24 10:00:00,5.400,1032.700,2.800,170.000,4.600,3.327
2024-01-24 11:00:00,5.600,1032.600,1.600,154.000,2.700,4.331
2024-01-24 12:00:00,5.700,1033.000,2.100,160.000,3.200,4.984
2024-01-24 13:00:00,6.000,1032.600,1.900,154.000,2.800,5.072
2024-01-24 14:00:00,7.100,1032.700,1.800,163.000,2.800,4.649
2024-01-24 15:00:00,8.400,1032.300,2.500,162.000,4.000,3.848
2024-01-24 16:00:00,10.300,1032.200,1.600,175.000,3.400,2.713
2024-01-24 17:00:00,12.200,1031.300,2.400,165.000,3.600,1.644
2024-01-24 18:00:00,13.700,1029.600,2.900,160.000,4.400,0.997
2024-01-24 19:00:00,13.500,1029.100,2.100,140.000,3.500,0.728
2024-01-24 20:00:00,12.600,1028.900,3.400,161.000,4.200,0.928
2024-01-24 21:00:00,13.400,1028.100,2.300,167.000,4.100,1.483
2024-01-24 22:00:00,13.300,1027.900,2.200,174.000,3.600,2.461
2024-01-24 23:00:00,12.200,1027.600,2.800,178.000,4.000,3.301
2024-01-25 00:00:00,11.600,1027.600,2.800,167.000,4.100,3.940
2024-01-25 01:00:00,13.100,1026.800,3.400,186.000,6.200,4.137
2024-01-25 02:00:00,13.800,1026.200,3.400,194.000,5.100,3.957
2024-01-25 03:00:00,15.000,1025.900,4.300,202.000,6.200,3.307
2024-01-25 04:00:00,15.700,1025.200,3.400,210.000,6.700,2.349
2024-01-25 05:00:00,16.100,1024.100,3.500,213.000,7.200,1.499
2024-01-25 06:00:00,16.300,1023.200,4.000,221.000,6.600,0.853
2024-01-25 07:00:00,16.100,1022.800,4.000,225.000,7.000,0.702
2024-01-25 08:00:00,16.800,1022.000,5.200,223.000,7.500,1.181
2024-01-25 09:00:00,17.400,1021.500,5.900,232.000,9.500,2.024
2024-01-25 10:00:00,17.100,1021.600,6.200,232.000,9.700,3.015
2024-01-25 11:00:00,16.900,1021.600,4.300,223.000,9.100,3.999
2024-01-25 12:00:00,17.100,1021.700,4.800,230.000,8.400,4.836
2024-01-25 13:00:00,17.200,1021.600,3.900,232.000,7.300,5.289
2024-01-25 14:00:00,17.300,1021.600,4.500,233.000,7.400,5.177
2024-01-25 15:00:00,17.100,1021.500,4.000,230.000,7.000,4.531
2024-01-25 16:00:00,17.600,1020.900,4.800,235.000,7.700,3.494
2024-01-25 17:00:00,18.500,1020.000,3.300,241.000,6.100,2.346
2024-01-25 18:00:00,18.900,1019.400,7.300,248.000,9.300,1.355
2024-01-25 19:00:00,19.300,1019.000,4.500,248.000,6.800,0.709
2024-01-25 20:00:00,19.200,1019.200,4.000,257.000,5.100,0.522
2024-01-25 21:00:00,19.100,1019.400,2.800,252.000,4.000,0.971
2024-01-25 22:00:00,15.200,1020.000,1.000,77.000,1.300,1.680
2024-01-25 23:00:00,13.600,1020.300,2.600,7.000,3.800,2.461
2024-01-26 00:00:00,14.100,1020.800,0.000,70.000,0.000,3.271
2024-01-26 01:00:00,12.700,1020.500,1.300,81.000,1.400,3.714
2024-01-26 02:00:00,12.100,1020.300,1.100,104.000,1.700,3.812
2024-01-26 03:00:00,12.400,1020.400,0.700,178.000,1.000,3.510
2024-01-26 04:00:00,12.000,1020.100,1.100,178.000,1.300,2.940
2024-01-26 05:00:00,12.000,1019.500,0.600,142.000,1.000,1.969
2024-01-26 06:00:00,13.200,1018.400,2.000,167.000,2.400,1.112
2024-01-26 07:00:00,13.300,1017.600,1.900,170.000,2.600,0.669
2024-01-26 08:00:00,11.100,1017.300,1.100,118.000,2.200,0.899
2024-01-26 09:00:00,12.900,1016.800,1.200,165.000,2.100,1.657
2024-01-26 10:00:00,14.000,1016.800,1.700,176.000,2.600,2.579
2024-01-26 11:00:00,15.600,1016.700,1.400,179.000,2.200,3.668
2024-01-26 12:00:00,16.100,1016.400,2.000,186.000,3.300,4.777
2024-01-26 13:00:00,17.600,1015.700,4.000,208.000,7.000,5.610
2024-01-26 14:00:00,19.500,1016.400,5.400,243.000,7.600,5.814
2024-01-26 15:00:00,20.500,1016.300,6.600,248.000,10.700,5.518
2024-01-26 16:00:00,21.000,1015.900,7.000,239.000,9.400,4.708
2024-01-26 17:00:00,21.800,1015.200,3.900,251.000,8.300,3.701
2024-01-26 18:00:00,21.600,1014.600,5.500,264.000,8.600,2.572
2024-01-26 19:00:00,22.300,1014.100,6.600,259.000,8.400,1.660
2024-01-26 20:00:00,22.800,1014.200,4.100,262.000,6.000,1.155
2024-01-26 21:00:00,10.700,1014.400,0.600,358.000,4.400,1.125
2024-01-26 22:00:00,7.600,1014.800,1.900,283.000,2.500,1.906
2024-01-26 23:00:00,8.100,1016.200,3.800,82.000,4.300,2.766
2024-01-27 00:00:00,6.900,1016.900,3.900,97.000,5.300,3.704
2024-01-27 01:00:00,7.000,1017.400,4.100,90.000,5.800,4.370
2024-01-27 02:00:00,6.600,1018.300,2.700,346.000,3.200,4.675
2024-01-27 03:00:00,7.900,1018.300,2.100,54.000,2.900,4.659
2024-01-27 04:00:00,7.500,1018.400,0.200,120.000,0.900,4.193
2024-01-27 05:00:00,7.100,1019.100,1.500,317.000,1.700,3.409
2024-01-27 06:00:00,6.700,1019.600,2.800,318.000,3.200,2.575
2024-01-27 07:00:00,6.600,1020.100,2.300,316.000,2.500,1.798
2024-01-27 08:00:00,6.300,1020.100,2.000,339.000,2.900,1.421
2024-01-27 09:00:00,6.200,1020.200,1.500,356.000,2.700,1.772
2024-01-27 10:00:00,5.800,1021.000,2.400,6.000,2.800,2.343
2024-01-27 11:00:00,5.200,1021.500,1.200,347.000,1.700,3.176
2024-01-27 12:00:00,5.100,1022.200,0.700,295.000,1.300,4.154
2024-01-27 13:00:00,5.000,1023.000,1.600,281.000,1.700,5.095
2024-01-27 14:00:00,5.100,1023.100,0.700,5.000,1.000,5.656
2024-01-27 15:00:00,4.600,1024.000,3.300,355.000,4.100,5.643
2024-01-27 16:00:00,4.800,1024.000,2.500,30.000,3.100,5.105
2024-01-27 17:00:00,5.100,1023.700,1.600,25.000,2.100,4.173
2024-01-27 18:00:00,5.300,1023.400,2.300,74.000,2.900,3.077
2024-01-27 19:00:00,6.000,1022.700,1.800,129.000,3.400,2.031
2024-01-27 20:00:00,5.800,1022.800,2.100,157.000,2.800,1.322
2024-01-27 21:00:00,5.800,1022.400,1.800,146.000,2.600,1.093
2024-01-27 22:00:00,6.400,1022.400,1.800,132.000,2.400,1.539
2024-01-27 23:00:00,6.000,1022.700,3.000,111.000,3.500,2.283
2024-01-28 00:00:00,6.200,1022.300,3.500,110.000,4.300,3.114
2024-01-28 01:00:00,6.500,1022.900,2.600,128.000,3.300,4.016
2024-01-28 02:00:00,6.600,1021.900,2.500,106.000,3.600,4.580
2024-01-28 03:00:00,6.800,1021.500,4.700,113.000,6.200,4.813
2024-01-28 04:00:00,6.600,1020.700,3.500,125.000,6.200,4.544
2024-01-28 05:00:00,6.400,1020.400,3.500,112.000,5.600,3.957
2024-01-28 06:00:00,6.200,1016.900,8.100,90.000,10.400,3.127
2024-01-28 07:00:00,6.400,1015.600,8.600,115.000,10.000,2.303
2024-01-28 08:00:00,6.500,1014.000,7.700,102.000,10.200,1.709
2024-01-28 09:00:00,6.600,1011.900,7.900,108.000,10.400,1.827
2024-01-28 10:00:00,6.700,1011.200,7.700,89.000,9.700,2.474
2024-01-28 11:00:00,6.500,1009.400,10.500,84.000,12.600,3.343
2024-01-28 12:00:00,6.400,1007.200,12.300,85.000,14.000,4.304
2024-01-28 13:00:00,6.300,1008.100,12.700,69.000,13.800,5.249
2024-01-28 14:00:00,6.200,1006.100,12.300,81.000,15.400,6.250
2024-01-28 15:00:00,6.200,1005.300,11.700,76.000,16.500,6.463
2024-01-28 16:00:00,6.600,1004.100,11.100,81.000,14.400,6.191
2024-01-28 17:00:00,6.500,1003.000,8.300,75.000,11.900,5.646
2024-01-28 18:00:00,6.300,1002.800,6.000,52.000,6.900,4.885
2024-01-28 19:00:00,6.200,1002.500,3.400,339.000,4.000,3.986
2024-01-28 20:00:00,5.900,1002.100,6.000,344.000,6.900,3.114
2024-01-28 21:00:00,5.900,1002.100,7.100,327.000,8.500,2.592
2024-01-28 22:00:00,6.000,1002.600,6.700,331.000,7.600,2.533
2024-01-28 23:00:00,6.000,1002.700,7.300,335.000,8.400,3.005
2024-01-29 00:00:00,5.700,1003.200,7.400,334.000,9.300,3.415
2024-01-29 01:00:00,5.400,1003.500,8.800,341.000,10.000,4.262
2024-01-29 02:00:00,5.200,1003.600,9.100,349.000,11.900,5.007
2024-01-29 03:00:00,4.900,1004.300,6.600,336.000,8.300,5.344
2024-01-29 04:00:00,4.800,1004.200,8.200,331.000,9.800,5.614
2024-01-29 05:00:00,4.800,1004.300,7.600,331.000,8.900,5.256
2024-01-29 06:00:00,4.600,1004.500,8.800,343.000,10.900,4.593
2024-01-29 07:00:00,4.600,1004.900,8.900,333.000,10.700,3.793
2024-01-29 08:00:00,4.700,1005.400,9.900,341.000,12.000,3.054
2024-01-29 09:00:00,4.700,1006.000,11.000,341.000,13.100,2.592
2024-01-29 10:00:00,5.200,1006.600,9.900,338.000,12.700,2.539
2024-01-29 11:00:00,5.200,1007.600,10.600,342.000,12.400,2.982
2024-01-29 12:00:00,5.300,1008.600,8.000,339.000,9.300,3.602
2024-01-29 13:00:00,5.600,1009.400,9.400,331.000,10.900,4.528
2024-01-29 14:00:00,5.400,1010.400,10.800,336.000,12.000,5.427
2024-01-29 15:00:00,5.200,1011.000,10.400,332.000,11.900,5.942
2024-01-29 16:00:00,4.900,1011.900,12.400,341.000,14.000,6.033
2024-01-29 17:00:00,5.100,1011.600,12.000,340.000,14.800,5.518
2024-01-29 18:00:00,5.100,1012.200,11.100,338.000,14.400,4.846
2024-01-29 19:00:00,5.300,1012.400,9.800,334.000,11.700,3.799
2024-01-29 20:00:00,5.400,1012.900,9.600,335.000,11.400,2.805
2024-01-29 21:00:00,5.500,1013.700,10.400,337.000,12.200,2.093
2024-01-29 22:00:00,5.600,1014.600,8.800,338.000,11.100,1.860
2024-01-29 23:00:00,5.800,1015.700,7.900,335.000,9.900,2.126
2024-01-30 00:00:00,5.800,1016.400,7.500,336.000,8.400,2.664
2024-01-30 01:00:00,5.800,1017.100,7.800,334.000,9.200,3.458
2024-01-30 02:00:00,5.200,1018.200,6.800,44.000,8.300,4.275
2024-01-30 03:00:00,4.700,1019.000,8.600,36.000,9.500,4.879
2024-01-30 04:00:00,4.500,1019.500,8.000,26.000,9.200,5.272
2024-01-30 05:00:00,4.400,1019.900,8.300,35.000,9.400,5.203
2024-01-30 06:00:00,4.100,1020.100,7.000,31.000,8.600,4.672
2024-01-30 07:00:00,4.000,1020.200,5.400,9.000,7.300,3.944
2024-01-30 08:00:00,3.900,1020.600,5.600,4.000,6.400,3.199
2024-01-30 09:00:00,3.700,1021.000,5.800,20.000,6.700,2.697
2024-01-30 10:00:00,3.400,1021.600,5.900,9.000,6.700,2.421
2024-01-30 11:00:00,3.200,1021.800,6.200,36.000,7.500,2.549
2024-01-30 12:00:00,3.200,1022.500,6.500,58.000,7.500,3.110
2024-01-30 13:00:00,3.000,1023.400,6.400,57.000,7.300,3.809
2024-01-30 14:00:00,3.000,1023.800,2.500,34.000,4.200,4.695
2024-01-30 15:00:00,3.200,1023.800,3.000,17.000,4.300,5.348
2024-01-30 16:00:00,3.300,1023.800,1.900,20.000,3.100,5.666
2024-01-30 17:00:00,3.600,1023.100,2.100,13.000,2.800,5.686
2024-01-30 18:00:00,3.600,1022.500,3.000,29.000,3.500,5.236
2024-01-30 19:00:00,3.600,1021.500,3.500,53.000,4.300,4.528
2024-01-30 20:00:00,3.800,1021.200,4.600,83.000,5.800,3.691
2024-01-30 21:00:00,4.100,1021.400,4.400,87.000,5.600,2.828
2024-01-30 22:00:00,4.000,1021.400,5.300,98.000,6.000,2.523
2024-01-30 23:00:00,4.000,1021.600,4.200,91.000,4.800,2.575
2024-01-31 00:00:00,4.200,1022.000,2.900,97.000,3.700,2.841
2024-01-31 01:00:00,4.400,1021.600,1.200,123.000,2.900,3.337
2024-01-31 02:00:00,4.600,1021.300,1.400,147.000,2.100,4.140
2024-01-31 03:00:00,4.400,1020.900,2.400,143.000,3.400,4.925
2024-01-31 04:00:00,4.600,1020.500,2.900,125.000,5.400,5.479
2024-01-31 05:00:00,4.400,1020.300,4.000,103.000,6.000,5.650
2024-01-31 06:00:00,4.500,1019.700,3.400,96.000,5.000,5.374
2024-01-31 07:00:00,4.600,1019.500,5.100,97.000,6.800,4.777
2024-01-31 08:00:00,4.400,1018.900,6.900,88.000,8.100,4.045
2024-01-31 09:00:00,4.800,1018.500,6.900,85.000,8.600,3.323
2024-01-31 10:00:00,5.000,1018.300,7.900,90.000,8.600,2.795
2024-01-31 11:00:00,5.100,1018.300,8.400,81.000,9.700,2.602
2024-01-31 12:00:00,5.000,1019.100,7.400,80.000,8.300,2.848
2024-01-31 13:00:00,5.400,1019.600,5.500,86.000,7.300,3.278
2024-01-31 14:00:00,5.200,1019.700,7.500,77.000,9.100,3.944
2024-01-31 15:00:00,5.400,1019.700,7.200,78.000,9.000,4.626
2024-01-31 16:00:00,5.400,1019.400,6.600,90.000,8.400,5.095
2024-01-31 17:00:00,5.400,1018.700,7.300,92.000,8.400,5.171
2024-01-31 18:00:00,5.300,1018.800,5.600,80.000,6.500,5.112
2024-01-31 19:00:00,5.400,1018.800,5.000,60.000,5.600,4.514
2024-01-31 20:00:00,4.900,1019.200,2.500,23.000,3.100,3.665
2024-01-31 21:00:00,5.000,1019.200,3.000,35.000,4.000,2.838
2024-01-31 22:00:00,5.100,1019.400,3.300,17.000,4.400,2.218
2024-01-31 23:00:00,4.600,1019.200,4.800,40.000,5.800,1.975
2024-02-01 00:00:00,4.500,1019.400,3.700,46.000,4.500,2.051
2024-02-01 01:00:00,4.500,1019.400,3.000,41.000,3.500,2.474
2024-02-01 02:00:00,4.600,1019.400,2.700,51.000,3.100,3.107
2024-02-01 03:00:00,4.600,1019.400,2.800,51.000,3.100,3.845
2024-02-01 04:00:00,3.100,1019.600,0.000,113.000,0.400,4.583
2024-02-01 05:00:00,3.200,1019.300,0.000,139.000,0.000,4.944
2024-02-01 06:00:00,2.600,1018.800,1.300,270.000,1.300,4.997
2024-02-01 07:00:00,1.400,1018.700,1.200,242.000,1.600,4.573
2024-02-01 08:00:00,1.900,1018.500,1.800,249.000,2.000,3.990
2024-02-01 09:00:00,0.500,1018.500,0.900,243.000,1.100,3.238
2024-02-01 10:00:00,0.600,1018.600,1.500,248.000,1.700,2.520
2024-02-01 11:00:00,0.400,1018.900,0.900,226.000,1.400,2.077
2024-02-01 12:00:00,0.800,1019.100,2.600,225.000,3.100,1.959
2024-02-01 13:00:00,1.300,1020.200,2.600,234.000,3.300,2.192
2024-02-01 14:00:00,3.500,1020.000,2.800,242.000,4.300,2.671
2024-02-01 15:00:00,5.400,1019.800,3.900,248.000,5.400,3.366
2024-02-01 16:00:00,6.900,1018.900,4.000,269.000,5.900,3.960
2024-02-01 17:00:00,8.300,1017.700,2.000,253.000,3.800,4.416
2024-02-01 18:00:00,9.000,1016.300,2.500,284.000,5.800,4.501
2024-02-01 19:00:00,9.700,1015.300,3.800,271.000,5.200,4.288
2024-02-01 20:00:00,10.400,1014.800,3.800,276.000,5.500,3.645
2024-02-01 21:00:00,9.800,1014.600,5.000,289.000,6.200,2.982
2024-02-01 22:00:00,10.000,1014.200,3.000,266.000,3.700,2.365
2024-02-01 23:00:00,8.300,1013.900,2.000,227.000,2.600,1.821
2024-02-02 00:00:00,7.400,1014.400,2.000,226.000,2.300,1.683
2024-02-02 01:00:00,6.800,1014.100,1.300,205.000,1.900,1.824
2024-02-02 02:00:00,6.500,1013.800,1.500,192.000,2.500,2.283
2024-02-02 03:00:00,6.100,1013.600,2.400,171.000,3.100,3.002
2024-02-02 04:00:00,6.000,1013.100,2.500,179.000,3.300,3.806
2024-02-02 05:00:00,6.200,1012.500,2.400,182.000,4.700,4.350
2024-02-02 06:00:00,6.400,1011.700,2.900,193.000,4.700,4.692
2024-02-02 07:00:00,6.500,1011.100,2.700,182.000,3.800,4.669
2024-02-02 08:00:00,6.600,1010.300,2.600,177.000,3.800,4.324
2024-02-02 09:00:00,6.700,1010.000,1.100,243.000,2.000,3.819
2024-02-02 10:00:00,6.200,1010.200,3.100,302.000,3.400,3.107
2024-02-02 11:00:00,5.500,1010.100,4.200,322.000,4.900,2.467
2024-02-02 12:00:00,5.500,1010.300,3.600,307.000,4.100,2.093
2024-02-02 13:00:00,5.600,1010.500,4.700,317.000,5.300,2.073
2024-02-02 14:00:00,5.700,1010.800,4.700,323.000,5.300,2.418
2024-02-02 15:00:00,5.700,1010.800,2.900,313.000,3.900,2.851
2024-02-02 16:00:00,5.800,1011.100,3.700,310.000,4.100,3.550
2024-02-02 17:00:00,6.100,1011.000,3.900,311.000,4.500,4.108
2024-02-02 18:00:00,6.200,1010.800,5.800,324.000,6.700,4.498
2024-02-02 19:00:00,6.200,1010.700,6.800,333.000,8.600,4.472
2024-02-02 20:00:00,6.100,1011.200,7.300,334.000,8.900,4.167
2024-02-02 21:00:00,6.200,1011.800,7.100,353.000,8.300,3.675
2024-02-02 22:00:00,6.300,1013.100,7.500,5.000,9.600,3.009
2024-02-02 23:00:00,6.100,1013.700,5.200,344.000,5.900,2.382
2024-02-03 00:00:00,6.100,1014.400,5.700,2.000,6.400,2.136
2024-02-03 01:00:00,6.000,1014.800,4.600,344.000,5.500,2.110
2024-02-03 02:00:00,6.200,1015.400,6.700,6.000,8.000,2.411
2024-02-03 03:00:00,6.000,1015.600,6.800,352.000,8.700,2.989
2024-02-03 04:00:00,5.800,1015.700,6.200,343.000,7.100,3.842
2024-02-03 05:00:00,5.700,1015.900,7.000,346.000,8.000,4.551
2024-02-03 06:00:00,5.600,1016.100,7.400,350.000,8.600,5.115
2024-02-03 07:00:00,5.400,1016.200,6.300,4.000,7.800,5.397
2024-02-03 08:00:00,5.200,1016.400,9.400,360.000,10.700,5.361
2024-02-03 09:00:00,5.000,1016.600,8.700,6.000,10.900,5.125
2024-02-03 10:00:00,4.700,1016.900,8.300,5.000,9.400,4.459
2024-02-03 11:00:00,4.300,1017.400,7.100,344.000,8.100,3.773
2024-02-03 12:00:00,4.400,1018.000,7.400,7.000,8.800,3.143
2024-02-03 13:00:00,4.200,1018.400,8.000,5.000,9.200,2.822
2024-02-03 14:00:00,4.200,1018.800,7.600,12.000,8.900,2.831
2024-02-03 15:00:00,4.100,1018.800,6.700,9.000,8.000,2.976
2024-02-03 16:00:00,3.800,1019.000,7.400,21.000,8.200,3.425
2024-02-03 17:00:00,3.700,1018.500,4.800,342.000,6.100,3.914
2024-02-03 18:00:00,3.800,1018.000,4.800,332.000,6.600,4.383
2024-02-03 19:00:00,4.100,1017.400,5.400,334.000,6.200,4.642
2024-02-03 20:00:00,4.900,1017.200,5.600,338.000,6.600,4.600
2024-02-03 21:00:00,5.400,1016.800,4.600,323.000,5.800,4.331
2024-02-03 22:00:00,6.000,1016.700,4.500,330.000,5.600,3.885
2024-02-03 23:00:00,6.000,1017.100,4.400,329.000,5.500,3.320
2024-02-04 00:00:00,6.100,1017.400,4.700,344.000,5.100,2.743
2024-02-04 01:00:00,4.800,1017.500,0.000,149.000,0.900,2.336
2024-02-04 02:00:00,4.400,1017.600,0.800,244.000,2.200,2.277
2024-02-04 03:00:00,3.600,1017.700,1.300,262.000,1.400,2.566
2024-02-04 04:00:00,2.500,1017.600,0.400,260.000,0.800,3.120
2024-02-04 05:00:00,1.900,1017.400,1.500,268.000,1.700,3.947
2024-02-04 06:00:00,2.600,1017.100,2.400,294.000,2.900,4.685
2024-02-04 07:00:00,4.600,1016.900,5.800,29.000,6.500,5.272
2024-02-04 08:00:00,3.800,1016.700,4.100,45.000,4.500,5.509
2024-02-04 09:00:00,4.100,1016.400,2.800,43.000,3.200,5.486
2024-02-04 10:00:00,4.100,1016.600,4.500,18.000,5.200,5.125
2024-02-04 11:00:00,3.800,1017.100,6.300,19.000,6.900,4.475
2024-02-04 12:00:00,3.700,1017.500,6.400,27.000,7.200,3.858
2024-02-04 13:00:00,3.500,1018.000,5.900,28.000,7.000,3.192
2024-02-04 14:00:00,3.200,1018.200,6.000,30.000,7.000,2.874
2024-02-04 15:00:00,3.000,1018.000,4.800,26.000,5.500,2.802
2024-02-04 16:00:00,3.100,1017.400,4.200,16.000,4.800,2.976
2024-02-04 17:00:00,3.400,1016.800,4.100,347.000,4.700,3.425
2024-02-04 18:00:00,3.500,1016.000,3.900,320.000,4.400,4.003
2024-02-04 19:00:00,3.700,1015.400,3.100,329.000,3.500,4.475
2024-02-04 20:00:00,4.700,1014.700,1.800,334.000,2.200,4.724
2024-02-04 21:00:00,5.600,1014.300,1.700,298.000,2.400,4.724
2024-02-04 22:00:00,5.600,1014.100,1.600,307.000,2.000,4.554
2024-02-04 23:00:00,5.300,1014.400,0.900,260.000,1.700,4.052
2024-02-05 00:00:00,3.900,1014.500,1.900,197.000,2.100,3.448
2024-02-05 01:00:00,3.600,1013.900,2.200,210.000,2.900,2.805
2024-02-05 03:00:00,2.400,1013.800,2.300,210.000,3.400,2.343
2024-02-05 04:00:00,2.000,1013.600,3.200,229.000,4.200,2.631
2024-02-05 05:00:00,2.000,1012.900,1.100,228.000,2.300,3.209
2024-02-05 06:00:00,1.500,1012.600,1.400,284.000,1.600,4.134
2024-02-05 07:00:00,1.600,1012.700,2.000,260.000,2.700,4.823
2024-02-05 08:00:00,1.400,1012.400,2.700,266.000,3.100,5.505
2024-02-05 09:00:00,0.700,1012.200,2.500,267.000,3.400,5.978
2024-02-05 10:00:00,4.100,1012.300,3.300,12.000,3.900,5.784
2024-02-05 11:00:00,3.900,1012.300,3.400,19.000,4.100,5.279
2024-02-05 12:00:00,4.000,1012.900,6.000,25.000,6.400,4.662
2024-02-05 13:00:00,3.700,1013.600,7.200,32.000,8.200,3.904
2024-02-05 14:00:00,2.900,1014.200,6.500,27.000,7.400,3.245
2024-02-05 15:00:00,3.000,1014.500,4.700,29.000,6.000,2.779
2024-02-05 16:00:00,3.300,1014.600,3.000,11.000,3.500,2.648
2024-02-05 17:00:00,3.700,1014.300,2.600,6.000,3.000,2.867
2024-02-05 18:00:00,3.900,1013.700,2.500,7.000,2.800,3.294
2024-02-05 19:00:00,4.200,1013.300,2.000,12.000,2.500,3.934
2024-02-05 20:00:00,4.500,1013.400,1.900,17.000,2.600,4.403
2024-02-05 21:00:00,5.500,1013.700,0.800,30.000,2.200,4.846
2024-02-05 22:00:00,4.400,1013.900,2.500,83.000,2.800,4.984
2024-02-05 23:00:00,3.300,1014.400,1.700,127.000,2.000,4.715
2024-02-06 00:00:00,3.000,1015.100,1.300,126.000,1.600,4.209
2024-02-06 01:00:00,3.100,1015.300,1.400,102.000,1.600,3.586
2024-02-06 02:00:00,3.700,1015.500,1.900,90.000,2.600,2.940
2024-02-06 03:00:00,3.200,1015.700,1.600,103.000,2.100,2.500
2024-02-06 04:00:00,4.900,1016.200,4.200,64.000,4.800,2.605
2024-02-06 05:00:00,4.300,1016.900,8.400,42.000,9.800,3.012
2024-02-06 06:00:00,3.500,1017.100,8.800,40.000,10.000,3.615
2024-02-06 07:00:00,3.400,1017.200,8.800,46.000,9.800,4.531
2024-02-06 08:00:00,3.000,1017.400,9.300,40.000,10.300,5.423
2024-02-06 09:00:00,3.000,1017.700,9.300,39.000,11.100,6.171
2024-02-06 10:00:00,2.300,1018.100,11.400,41.000,12.900,6.503
2024-02-06 11:00:00,2.200,1018.800,10.800,37.000,11.500,6.348
2024-02-06 12:00:00,2.000,1019.600,10.700,29.000,12.300,5.853
2024-02-06 13:00:00,1.600,1020.400,10.100,30.000,12.100,5.069
2024-02-06 14:00:00,1.200,1020.900,10.900,32.000,12.300,4.137
2024-02-06 15:00:00,1.700,1021.200,8.300,35.000,9.500,3.291
2024-02-06 16:00:00,2.400,1021.400,7.700,35.000,8.800,2.756
2024-02-06 17:00:00,2.900,1021.100,7.200,20.000,8.200,2.549
2024-02-06 18:00:00,3.400,1020.900,5.000,14.000,6.700,2.851
2024-02-06 19:00:00,3.700,1020.900,4.800,8.000,5.300,3.238
2024-02-06 20:00:00,4.300,1021.400,3.600,22.000,5.500,3.865
2024-02-06 21:00:00,3.800,1021.500,6.400,72.000,7.400,4.455
2024-02-06 22:00:00,3.900,1022.000,6.600,73.000,7.700,4.977
2024-02-06 23:00:00,3.800,1022.600,6.800,71.000,8.200,5.141
2024-02-07 00:00:00,3.600,1023.100,8.900,68.000,9.800,4.872
2024-02-07 01:00:00,3.700,1023.000,8.100,59.000,9.100,4.255
2024-02-07 02:00:00,3.900,1022.800,6.600,72.000,8.700,3.504
2024-02-07 03:00:00,3.700,1023.300,6.000,49.000,7.300,2.776
2024-02-07 04:00:00,3.600,1023.300,5.500,51.000,6.300,2.411
2024-02-07 05:00:00,3.600,1023.600,5.500,37.000,6.200,2.457
2024-02-07 06:00:00,3.600,1023.500,6.300,43.000,7.500,2.740
2024-02-07 07:00:00,3.300,1023.500,6.500,32.000,7.500,3.406
2024-02-07 08:00:00,3.200,1023.700,6.700,28.000,7.400,4.386
2024-02-07 09:00:00,3.200,1023.800,6.900,28.000,7.800,5.407
2024-02-07 10:00:00,3.100,1024.400,7.100,23.000,7.900,6.142
2024-02-07 11:00:00,3.100,1024.800,6.600,29.000,7.300,6.480
2024-02-07 12:00:00,2.800,1025.500,6.600,29.000,8.400,6.365
2024-02-07 13:00:00,2.900,1026.500,7.900,28.000,9.300,5.761
2024-02-07 14:00:00,3.000,1026.800,7.200,30.000,8.800,4.836
2024-02-07 15:00:00,3.100,1027.200,6.200,18.000,6.900,3.753
2024-02-07 16:00:00,3.200,1027.200,5.700,15.000,6.400,2.720
2024-02-07 17:00:00,3.800,1026.700,4.800,7.000,5.600,2.080
2024-02-07 18:00:00,4.100,1025.700,3.700,6.000,4.200,2.001
2024-02-07 19:00:00,4.000,1025.600,5.400,314.000,6.000,2.339
2024-02-07 20:00:00,4.900,1025.000,2.300,327.000,3.200,2.726
2024-02-07 21:00:00,5.600,1025.200,2.200,20.000,2.600,3.622
2024-02-07 22:00:00,4.700,1026.000,2.300,114.000,4.100,4.416
2024-02-07 23:00:00,3.700,1025.800,1.700,132.000,2.300,4.875
2024-02-08 00:00:00,3.400,1026.100,1.300,131.000,1.600,4.997
2024-02-08 01:00:00,3.800,1026.600,2.300,131.000,2.700,4.590
2024-02-08 02:00:00,3.600,1026.700,1.800,149.000,2.200,3.858
2024-02-08 03:00:00,2.900,1027.100,1.600,169.000,1.900,2.874
2024-02-08 04:00:00,2.300,1026.600,1.300,205.000,1.900,2.018
2024-02-08 05:00:00,1.800,1026.700,1.900,221.000,2.200,1.539
2024-02-08 06:00:00,1.000,1026.800,1.900,235.000,2.900,1.453
2024-02-08 07:00:00,0.900,1027.100,0.900,235.000,1.100,2.047
2024-02-08 08:00:00,0.800,1026.800,1.700,231.000,2.800,2.818
2024-02-08 09:00:00,0.400,1026.800,1.000,226.000,1.500,3.927
2024-02-08 10:00:00,0.100,1026.900,0.900,259.000,1.500,4.964
2024-02-08 11:00:00,0.200,1027.100,0.700,224.000,0.800,5.768
2024-02-08 12:00:00,0.200,1027.700,0.800,276.000,1.200,6.135
2024-02-08 13:00:00,1.400,1028.100,0.800,261.000,0.900,5.892
2024-02-08 14:00:00,3.800,1028.000,0.800,308.000,1.100,5.108
2024-02-08 15:00:00,4.400,1027.800,1.600,339.000,1.800,3.976
2024-02-08 16:00:00,5.300,1027.800,1.000,33.000,1.300,2.746
2024-02-08 17:00:00,6.100,1027.200,2.900,56.000,3.000,1.677
2024-02-08 18:00:00,7.800,1026.000,3.900,86.000,5.000,1.109
2024-02-08 19:00:00,7.800,1025.400,3.900,122.000,5.000,0.965
2024-02-08 20:00:00,7.000,1025.400,4.600,141.000,5.600,1.516
2024-02-08 21:00:00,7.900,1025.400,3.200,164.000,4.900,2.287
2024-02-08 22:00:00,6.500,1025.300,4.000,155.000,4.900,3.376
2024-02-08 23:00:00,6.000,1025.200,3.700,172.000,5.100,4.245
2024-02-09 00:00:00,5.900,1025.400,2.200,167.000,3.300,4.724
2024-02-09 01:00:00,5.800,1025.100,2.600,160.000,4.100,4.747
2024-02-09 02:00:00,5.500,1024.400,2.700,175.000,4.500,4.134
2024-02-09 03:00:00,5.700,1024.600,1.800,187.000,4.300,3.225
2024-02-09 04:00:00,5.000,1025.200,1.500,181.000,2.800,2.195
2024-02-09 05:00:00,4.200,1024.800,1.400,167.000,1.900,1.260
2024-02-09 06:00:00,4.900,1023.500,2.500,181.000,5.100,0.607
2024-02-09 07:00:00,5.500,1022.400,3.100,160.000,5.100,0.755
2024-02-09 08:00:00,5.400,1022.500,2.800,176.000,4.500,1.490
2024-02-09 09:00:00,5.500,1022.600,2.400,180.000,3.500,2.638
2024-02-09 10:00:00,5.800,1022.000,2.900,177.000,4.700,3.990
2024-02-09 11:00:00,6.300,1021.900,3.300,174.000,4.900,5.171
2024-02-09 12:00:00,6.500,1021.800,3.100,181.000,4.600,6.033
2024-02-09 13:00:00,6.900,1021.700,2.600,170.000,4.100,6.414
2024-02-09 14:00:00,7.400,1022.000,3.400,175.000,4.900,6.007
2024-02-09 15:00:00,9.100,1021.300,3.000,189.000,4.600,5.030
2024-02-09 16:00:00,11.000,1020.100,2.600,180.000,4.700,3.717
2024-02-09 17:00:00,12.800,1018.900,1.500,202.000,4.800,2.313
2024-02-09 18:00:00,13.000,1018.100,3.300,222.000,4.600,1.253
2024-02-09 19:00:00,14.000,1017.300,3.100,262.000,4.700,0.761
2024-02-09 20:00:00,12.700,1016.300,3.600,95.000,4.000,0.820
2024-02-09 21:00:00,15.200,1016.600,2.500,226.000,4.600,1.549
2024-02-09 22:00:00,11.000,1016.300,1.400,178.000,1.700,2.657
2024-02-09 23:00:00,11.500,1016.600,2.100,261.000,2.600,3.878
2024-02-10 00:00:00,10.900,1016.600,1.600,232.000,2.500,4.669
2024-02-10 01:00:00,9.200,1016.600,0.500,161.000,0.600,5.121
2024-02-10 02:00:00,9.000,1016.800,1.200,207.000,1.600,4.964
2024-02-10 03:00:00,9.300,1016.500,2.100,212.000,3.600,4.400
2024-02-10 04:00:00,9.500,1015.900,2.200,210.000,3.400,3.333
2024-02-10 05:00:00,9.800,1015.300,2.700,218.000,3.900,2.047
2024-02-10 06:00:00,9.700,1014.700,2.800,197.000,3.800,0.984
2024-02-10 07:00:00,9.800,1014.200,1.700,219.000,2.400,0.476
2024-02-10 08:00:00,9.800,1014.000,2.700,227.000,4.200,0.814
2024-02-10 09:00:00,9.600,1013.500,2.800,235.000,4.500,1.667
2024-02-10 10:00:00,9.500,1013.700,2.900,244.000,4.100,2.936
2024-02-10 11:00:00,9.400,1013.900,2.500,234.000,4.000,4.318
2024-02-10 12:00:00,9.400,1013.600,2.100,231.000,4.200,5.571
2024-02-10 13:00:00,9.800,1013.800,2.000,233.000,3.100,6.385
2024-02-10 14:00:00,11.600,1013.900,2.900,229.000,5.100,6.555
2024-02-10 15:00:00,13.800,1013.800,4.200,260.000,6.000,6.047
2024-02-10 16:00:00,14.600,1013.500,2.700,286.000,4.400,4.980
2024-02-10 17:00:00,13.500,1013.200,1.600,321.000,2.200,3.514
2024-02-10 18:00:00,16.400,1012.600,3.700,279.000,4.500,2.018
2024-02-10 19:00:00,16.600,1011.800,2.200,279.000,3.100,0.814
2024-02-10 20:00:00,17.100,1009.500,5.100,205.000,8.900,0.259
2024-02-10 21:00:00,16.700,1010.100,2.000,229.000,4.000,0.745
2024-02-10 22:00:00,15.800,1010.200,2.900,238.000,5.700,1.814
2024-02-10 23:00:00,15.200,1010.900,4.300,247.000,7.200,3.051
2024-02-11 00:00:00,14.500,1011.000,3.800,246.000,6.800,4.180
2024-02-11 01:00:00,14.000,1011.200,3.400,242.000,5.900,4.974
2024-02-11 02:00:00,13.500,1011.600,4.200,249.000,6.400,5.328
2024-02-11 03:00:00,13.300,1011.800,4.000,261.000,6.000,5.095
2024-02-11 04:00:00,13.100,1011.500,4.200,258.000,5.500,4.400
2024-02-11 05:00:00,13.100,1011.400,2.800,255.000,5.600,3.232
2024-02-11 06:00:00,13.600,1011.200,4.400,256.000,5.700,1.841
2024-02-11 07:00:00,13.000,1011.800,3.300,261.000,4.600,0.686
2024-02-11 08:00:00,13.300,1011.700,2.600,244.000,4.000,0.161
2024-02-11 09:00:00,13.400,1011.500,2.400,255.000,3.400,0.719
2024-02-11 10:00:00,9.400,1012.500,0.500,333.000,1.700,1.644
2024-02-11 11:00:00,9.600,1012.500,0.600,251.000,0.800,2.867
2024-02-11 12:00:00,9.700,1012.600,0.900,344.000,1.300,4.344
2024-02-11 13:00:00,9.200,1013.400,0.800,36.000,1.300,5.581
2024-02-11 14:00:00,9.500,1014.000,1.400,306.000,1.600,6.289
2024-02-11 15:00:00,9.200,1014.600,0.300,297.000,0.600,6.401
2024-02-11 16:00:00,9.400,1014.700,3.400,74.000,3.700,5.673
2024-02-11 17:00:00,7.700,1013.200,5.100,107.000,6.700,4.482
2024-02-11 18:00:00,6.900,1012.100,4.600,96.000,5.700,3.107
2024-02-11 19:00:00,6.800,1012.900,3.500,51.000,4.100,1.673
2024-02-11 20:00:00,6.500,1013.600,3.500,87.000,4.000,0.604
2024-02-11 21:00:00,6.600,1012.500,3.400,132.000,4.900,0.456
2024-02-11 22:00:00,6.800,1012.100,2.200,91.000,2.700,1.066
2024-02-11 23:00:00,6.600,1013.000,2.400,47.000,2.800,1.969
2024-02-12 00:00:00,6.800,1013.500,1.700,59.000,2.300,3.340
2024-02-12 01:00:00,6.700,1013.600,1.000,16.000,1.400,4.662
2024-02-12 02:00:00,6.500,1013.500,0.000,3.000,0.000,5.397
2024-02-12 03:00:00,6.500,1014.100,1.300,288.000,1.500,5.509
2024-02-12 04:00:00,6.700,1014.200,0.000,312.000,0.400,5.194
2024-02-12 05:00:00,6.500,1013.600,0.000,256.000,0.000,4.367
2024-02-12 06:00:00,6.200,1013.100,0.400,234.000,0.700,3.074
2024-02-12 07:00:00,5.700,1013.000,0.100,304.000,1.100,1.765
2024-02-12 08:00:00,5.900,1013.300,1.000,247.000,1.300,0.659
2024-02-12 09:00:00,6.000,1013.000,0.000,259.000,0.700,0.325
2024-02-12 10:00:00,6.300,1013.500,0.600,324.000,1.000,0.837
2024-02-12 11:00:00,6.400,1013.800,0.800,293.000,1.000,1.772
2024-02-12 12:00:00,6.500,1013.700,0.400,265.000,0.500,2.972
2024-02-12 13:00:00,6.900,1013.900,0.800,287.000,1.000,4.341
2024-02-12 14:00:00,7.200,1014.700,0.000,25.000,0.500,5.610
2024-02-12 15:00:00,6.800,1013.500,2.700,79.000,3.000,6.115
2024-02-12 16:00:00,6.700,1013.300,3.500,75.000,3.900,5.955
2024-02-12 17:00:00,6.900,1013.000,3.200,60.000,3.400,5.233
2024-02-12 18:00:00,7.100,1011.000,3.700,91.000,4.000,4.150
2024-02-12 19:00:00,6.700,1011.500,2.400,125.000,2.900,2.713
2024-02-12 20:00:00,6.600,1011.000,2.800,112.000,3.100,1.371
2024-02-12 21:00:00,6.500,1010.100,3.800,116.000,4.800,0.522
2024-02-12 22:00:00,6.600,1010.600,2.100,108.000,2.600,0.663
2024-02-12 23:00:00,5.900,1010.300,2.400,132.000,3.100,1.388
2024-02-13 00:00:00,5.700,1009.300,3.500,93.000,4.000,2.487
2024-02-13 01:00:00,5.800,1009.100,2.500,120.000,4.100,3.848
2024-02-13 02:00:00,5.600,1008.400,4.400,101.000,6.800,4.997
2024-02-13 03:00:00,5.500,1006.700,6.100,103.000,8.500,5.837
2024-02-13 04:00:00,5.600,1005.200,7.200,94.000,8.700,5.984
2024-02-13 05:00:00,5.800,1003.700,6.800,100.000,9.000,5.686
2024-02-13 06:00:00,5.900,1001.900,7.000,110.000,9.900,4.869
2024-02-13 07:00:00,6.000,1000.000,7.700,100.000,9.300,3.698
2024-02-13 08:00:00,6.000,998.000,8.000,97.000,11.100,2.575
2024-02-13 09:00:00,6.000,995.500,10.600,90.000,12.900,1.946
2024-02-13 10:00:00,5.700,993.100,13.700,84.000,16.300,1.942
2024-02-13 11:00:00,5.600,994.100,10.400,59.000,14.500,2.664
2024-02-13 12:00:00,5.300,994.000,11.300,40.000,13.400,3.474
2024-02-13 13:00:00,5.200,993.800,11.900,34.000,14.200,4.606
2024-02-13 14:00:00,3.900,994.900,11.700,10.000,13.500,5.846
2024-02-13 15:00:00,2.900,997.800,13.700,345.000,17.700,6.860
2024-02-13 16:00:00,2.500,1000.000,13.400,331.000,16.600,7.031
2024-02-13 17:00:00,3.400,1001.800,14.900,323.000,18.000,6.407
2024-02-13 18:00:00,3.800,1003.500,12.900,332.000,16.500,5.669
2024-02-13 19:00:00,4.900,1004.500,13.000,321.000,15.800,4.022
2024-02-13 20:00:00,5.200,1005.800,11.600,324.000,15.300,2.671
2024-02-13 21:00:00,5.600,1006.600,13.100,317.000,14.500,1.827
2024-02-13 22:00:00,6.000,1008.300,12.800,322.000,15.500,1.516
2024-02-13 23:00:00,6.100,1009.800,8.400,312.000,10.300,1.430
2024-02-14 00:00:00,4.700,1011.400,3.400,272.000,3.900,1.988
2024-02-14 01:00:00,5.000,1012.200,5.000,278.000,6.200,3.061
2024-02-14 02:00:00,4.400,1013.100,4.400,268.000,5.600,4.314
2024-02-14 03:00:00,3.100,1013.200,2.700,238.000,3.900,5.525
2024-02-14 04:00:00,4.300,1013.600,5.200,263.000,7.000,6.004
2024-02-14 05:00:00,4.600,1013.900,4.500,269.000,5.500,5.974
2024-02-14 06:00:00,5.600,1014.400,8.500,285.000,10.500,5.430
2024-02-14 07:00:00,5.800,1014.800,7.300,285.000,9.100,4.518
2024-02-14 08:00:00,5.600,1014.900,9.700,294.000,11.200,3.287
2024-02-14 09:00:00,4.900,1015.400,8.700,298.000,10.200,2.044
2024-02-14 10:00:00,4.200,1016.100,5.600,292.000,6.400,0.840
2024-02-14 11:00:00,3.700,1016.700,6.800,287.000,7.900,0.607
2024-02-14 12:00:00,3.300,1017.600,5.200,280.000,6.100,1.043
2024-02-14 13:00:00,3.200,1018.600,6.200,286.000,7.800,1.939
2024-02-14 14:00:00,3.900,1019.200,9.700,315.000,11.400,3.130
2024-02-14 15:00:00,4.000,1019.600,11.800,314.000,14.100,4.117
2024-02-14 16:00:00,3.900,1019.800,10.600,324.000,12.200,4.767
2024-02-14 17:00:00,4.400,1019.500,1.900,75.000,12.500,4.977
2024-02-14 18:00:00,4.000,1019.200,9.500,323.000,12.800,4.734
2024-02-14 19:00:00,4.500,1019.000,7.100,328.000,10.400,4.022
2024-02-14 20:00:00,4.900,1019.100,8.200,324.000,10.900,2.936
2024-02-14 21:00:00,4.800,1019.700,8.100,325.000,10.400,1.870
2024-02-14 22:00:00,4.700,1020.200,9.000,336.000,10.400,0.912
2024-02-14 23:00:00,4.600,1021.200,7.700,327.000,9.400,0.679
2024-02-15 00:00:00,4.400,1022.400,7.600,322.000,9.400,0.984
2024-02-15 01:00:00,4.100,1022.600,7.600,326.000,9.000,1.549
2024-02-15 02:00:00,3.500,1022.700,4.400,303.000,5.600,2.402
2024-02-15 03:00:00,3.200,1022.800,4.300,315.000,5.100,3.566
2024-02-15 04:00:00,3.800,1022.900,9.200,320.000,11.700,4.636
2024-02-15 05:00:00,3.600,1023.300,7.600,337.000,9.600,5.125
2024-02-15 06:00:00,3.500,1023.700,10.900,338.000,13.000,5.069
2024-02-15 07:00:00,3.100,1023.900,9.700,350.000,11.100,4.446
2024-02-15 08:00:00,2.900,1024.800,7.900,350.000,10.100,3.488
2024-02-15 09:00:00,2.600,1024.600,7.500,334.000,9.900,2.316
2024-02-15 10:00:00,1.900,1024.800,7.500,8.000,9.300,1.207
2024-02-15 11:00:00,1.400,1025.000,8.000,4.000,9.700,0.341
2024-02-15 12:00:00,0.700,1024.300,5.200,22.000,6.200,0.230
2024-02-15 13:00:00,0.900,1025.100,4.100,353.000,5.000,0.682
2024-02-15 14:00:00,1.000,1025.100,2.500,10.000,3.700,1.509
2024-02-15 15:00:00,1.100,1025.000,2.500,344.000,2.900,2.510
2024-02-15 16:00:00,1.300,1024.300,1.900,29.000,3.200,3.369
2024-02-15 17:00:00,1.800,1022.700,2.500,25.000,2.700,3.953
2024-02-15 18:00:00,2.500,1021.000,3.200,134.000,4.500,4.157
2024-02-15 19:00:00,3.600,1018.900,3.400,153.000,5.900,3.999
2024-02-15 20:00:00,3.900,1017.900,4.400,171.000,5.800,3.402
2024-02-15 21:00:00,5.000,1015.200,5.400,168.000,9.800,2.365
2024-02-15 22:00:00,4.500,1014.700,4.000,176.000,6.800,1.549
2024-02-15 23:00:00,4.500,1014.100,3.300,198.000,6.200,0.984
2024-02-16 00:00:00,4.000,1013.200,2.400,191.000,4.900,0.955
2024-02-16 01:00:00,4.100,1012.300,1.400,199.000,3.400,1.319
2024-02-16 02:00:00,3.600,1011.200,1.300,188.000,2.000,1.814
2024-02-16 03:00:00,4.900,1010.300,1.500,230.000,3.100,2.700
2024-02-16 04:00:00,4.600,1009.500,3.000,250.000,4.000,3.852
2024-02-16 05:00:00,5.100,1009.200,4.500,248.000,5.800,4.626
2024-02-16 06:00:00,7.200,1009.800,6.000,269.000,8.400,5.052
2024-02-16 07:00:00,6.700,1010.900,7.600,296.000,8.900,4.970
2024-02-16 08:00:00,6.200,1011.900,6.300,311.000,7.600,4.501
2024-02-16 09:00:00,6.300,1012.200,10.200,322.000,12.400,3.681
2024-02-16 10:00:00,6.900,1013.600,11.800,300.000,15.200,2.484
2024-02-16 11:00:00,5.800,1014.200,6.600,299.000,7.700,1.358
2024-02-16 12:00:00,5.500,1015.000,9.600,299.000,11.800,0.627
2024-02-16 13:00:00,4.900,1015.800,9.700,315.000,11.200,0.512
2024-02-16 14:00:00,4.500,1016.500,10.000,320.000,11.900,0.827
2024-02-16 15:00:00,4.500,1017.300,10.600,311.000,12.400,1.385
2024-02-16 16:00:00,4.700,1017.200,8.600,324.000,11.500,2.201
2024-02-16 17:00:00,5.100,1016.400,9.100,317.000,10.500,3.031
2024-02-16 18:00:00,5.500,1015.600,5.900,325.000,7.300,3.514
2024-02-16 19:00:00,5.900,1015.000,5.300,318.000,6.500,3.665
2024-02-16 20:00:00,6.200,1015.300,5.500,291.000,7.700,3.609
2024-02-16 21:00:00,6.300,1015.100,6.800,298.000,8.000,3.002
2024-02-16 22:00:00,6.200,1015.200,2.200,261.000,3.600,2.274
2024-02-16 23:00:00,5.800,1015.200,1.600,262.000,2.500,1.440
2024-02-17 00:00:00,5.300,1014.800,2.000,194.000,2.700,0.764
2024-02-17 01:00:00,4.900,1014.500,1.600,181.000,2.200,0.531
2024-02-17 02:00:00,4.500,1013.500,1.900,156.000,2.400,0.856
2024-02-17 03:00:00,4.900,1011.900,2.600,126.000,3.300,1.555
2024-02-17 04:00:00,4.600,1011.400,2.300,148.000,3.300,2.480
2024-02-17 05:00:00,5.300,1010.400,3.500,135.000,4.900,3.576
2024-02-17 06:00:00,5.600,1010.000,4.600,142.000,6.400,4.531
2024-02-17 07:00:00,5.600,1008.300,4.800,116.000,5.800,5.030
2024-02-17 08:00:00,3.000,1006.900,5.800,97.000,7.000,5.105
2024-02-17 09:00:00,0.900,1006.700,7.700,50.000,8.800,4.770
2024-02-17 10:00:00,1.700,1006.300,7.600,58.000,10.800,4.114
2024-02-17 11:00:00,1.800,1005.200,6.700,55.000,7.900,3.179
2024-02-17 12:00:00,2.100,1006.900,5.600,26.000,7.300,2.215
2024-02-17 13:00:00,2.500,1008.000,6.300,4.000,7.200,1.673
2024-02-17 14:00:00,2.100,1009.100,8.000,331.000,10.500,1.722
2024-02-17 15:00:00,2.000,1009.700,7.000,310.000,8.400,1.965
2024-02-17 16:00:00,1.700,1010.100,8.500,303.000,9.800,2.566
2024-02-17 17:00:00,2.500,1009.900,12.600,314.000,13.700,3.379
2024-02-17 18:00:00,2.400,1010.000,11.100,331.000,13.800,4.045
2024-02-17 19:00:00,2.700,1010.400,12.900,324.000,15.500,4.406
2024-02-17 20:00:00,2.900,1010.300,11.900,322.000,14.400,4.265
2024-02-17 21:00:00,3.100,1010.800,12.100,306.000,13.900,3.950
2024-02-17 22:00:00,2.700,1011.700,11.800,323.000,14.000,3.478
2024-02-17 23:00:00,2.700,1012.800,10.600,309.000,12.600,2.707
2024-02-18 00:00:00,2.100,1014.000,8.100,293.000,9.900,2.093
2024-02-18 01:00:00,1.500,1015.100,7.800,293.000,9.600,1.736
2024-02-18 02:00:00,1.100,1015.700,5.600,287.000,6.900,1.385
2024-02-18 03:00:00,0.000,1016.200,3.800,279.000,5.000,1.585
2024-02-18 04:00:00,0.200,1016.100,5.100,288.000,6.100,2.142
2024-02-18 05:00:00,-0.900,1016.000,3.800,272.000,4.800,3.051
2024-02-18 06:00:00,-1.300,1016.300,3.000,266.000,3.700,4.022
2024-02-18 07:00:00,-1.500,1016.700,2.500,264.000,4.600,4.688
2024-02-18 08:00:00,-1.800,1016.900,2.300,271.000,3.500,5.026
2024-02-18 09:00:00,-2.200,1016.300,1.500,227.000,2.100,5.075
2024-02-18 10:00:00,-3.000,1016.700,2.500,218.000,3.500,4.731
2024-02-18 11:00:00,-3.500,1017.000,2.100,209.000,3.000,3.970
2024-02-18 12:00:00,-3.600,1017.000,2.000,222.000,2.600,3.094
2024-02-18 13:00:00,-2.500,1018.000,2.100,216.000,3.800,2.175
2024-02-18 14:00:00,-0.500,1017.700,2.500,223.000,3.800,1.562
2024-02-18 15:00:00,0.900,1017.400,3.000,242.000,4.800,1.181
2024-02-18 16:00:00,2.800,1016.400,3.700,233.000,8.100,1.165
2024-02-18 17:00:00,3.800,1015.100,4.300,247.000,8.600,1.463
2024-02-18 18:00:00,5.100,1013.700,4.800,243.000,8.700,2.090
2024-02-18 19:00:00,5.700,1013.000,4.700,248.000,7.600,2.644
2024-02-18 20:00:00,6.100,1012.300,5.600,244.000,8.700,2.913
2024-02-18 21:00:00,6.600,1011.700,4.100,234.000,6.100,3.100
2024-02-18 22:00:00,6.000,1011.900,4.000,244.000,5.800,3.028
2024-02-18 23:00:00,4.800,1012.000,2.600,232.000,4.900,2.615
2024-02-19 00:00:00,3.800,1013.000,2.200,222.000,3.200,1.893
2024-02-19 01:00:00,3.600,1013.600,3.300,219.000,5.600,1.063
2024-02-19 02:00:00,3.300,1013.800,3.600,225.000,4.800,0.361
2024-02-19 03:00:00,3.400,1014.500,3.500,232.000,5.900,0.151
2024-02-19 04:00:00,4.100,1015.500,5.000,247.000,8.300,0.358
2024-02-19 05:00:00,3.800,1016.500,5.100,260.000,6.800,0.735
2024-02-19 06:00:00,3.400,1016.900,4.100,262.000,5.400,1.486
2024-02-19 07:00:00,3.700,1017.000,5.100,285.000,6.100,2.369
2024-02-19 08:00:00,3.200,1017.300,5.300,288.000,6.100,3.045
2024-02-19 09:00:00,4.200,1018.000,7.500,317.000,9.200,3.586
2024-02-19 10:00:00,4.200,1018.900,7.900,356.000,9.000,3.730
2024-02-19 11:00:00,4.000,1019.500,6.100,348.000,8.000,3.363
2024-02-19 12:00:00,3.900,1020.700,6.200,337.000,7.200,3.005
2024-02-19 13:00:00,3.400,1021.900,5.300,317.000,5.900,2.251
2024-02-19 14:00:00,3.400,1022.500,4.900,325.000,5.700,1.506
2024-02-19 15:00:00,3.700,1022.800,7.600,338.000,8.500,1.066
2024-02-19 16:00:00,3.800,1023.200,7.000,338.000,8.100,0.751
2024-02-19 17:00:00,4.000,1022.900,6.600,354.000,7.200,0.745
2024-02-19 18:00:00,4.100,1022.500,4.700,13.000,6.100,1.273
2024-02-19 19:00:00,4.500,1022.000,4.300,7.000,5.400,1.946
2024-02-19 20:00:00,5.000,1022.000,4.000,8.000,5.100,2.579
2024-02-19 21:00:00,5.400,1022.300,3.300,17.000,3.700,3.163
2024-02-19 22:00:00,5.700,1022.900,2.300,19.000,2.700,3.386
2024-02-19 23:00:00,5.300,1023.700,1.600,359.000,2.400,3.386
2024-02-20 00:00:00,4.500,1024.600,1.800,274.000,2.100,3.061
2024-02-20 01:00:00,4.300,1025.500,1.600,275.000,2.100,2.287
2024-02-20 02:00:00,4.000,1026.400,1.600,269.000,1.800,1.417
2024-02-20 03:00:00,1.600,1026.900,2.600,210.000,3.200,0.925
2024-02-20 04:00:00,1.400,1027.100,2.400,203.000,2.700,0.771
2024-02-20 05:00:00,1.400,1027.000,1.500,276.000,1.600,1.004
2024-02-20 06:00:00,1.600,1027.000,0.800,241.000,1.100,1.594
2024-02-20 07:00:00,3.200,1027.000,3.300,99.000,4.400,2.493
2024-02-20 08:00:00,4.200,1027.000,4.700,95.000,5.800,3.442
2024-02-20 09:00:00,4.100,1027.600,3.800,92.000,5.300,4.272
2024-02-20 10:00:00,3.300,1028.300,7.200,55.000,7.800,4.793
2024-02-20 11:00:00,2.400,1029.100,7.100,57.000,7.900,4.925
2024-02-20 12:00:00,2.000,1030.200,5.200,59.000,5.900,4.656
2024-02-20 13:00:00,2.100,1031.100,5.600,62.000,6.600,3.885
2024-02-20 14:00:00,2.900,1031.800,5.800,66.000,6.700,3.048
2024-02-20 15:00:00,3.500,1032.400,6.200,71.000,7.500,2.146
2024-02-20 16:00:00,3.700,1032.300,7.800,73.000,9.000,1.545
2024-02-20 17:00:00,3.700,1032.200,8.300,79.000,10.100,1.283
2024-02-20 18:00:00,3.400,1031.800,7.900,93.000,9.000,1.522
2024-02-20 19:00:00,3.300,1031.400,7.900,70.000,8.900,1.814
2024-02-20 20:00:00,3.300,1031.200,7.100,83.000,8.200,2.467
2024-02-20 21:00:00,3.400,1031.000,6.200,96.000,7.400,3.054
2024-02-20 22:00:00,3.300,1030.800,5.000,94.000,6.700,3.678
2024-02-20 23:00:00,3.200,1030.900,6.000,86.000,7.100,3.914
2024-02-21 00:00:00,3.000,1031.000,6.400,80.000,7.200,3.881
2024-02-21 01:00:00,3.000,1031.400,5.700,91.000,6.500,3.419
2024-02-21 02:00:00,3.000,1031.600,6.500,84.000,8.000,2.694
2024-02-21 03:00:00,3.000,1032.000,5.800,92.000,7.300,1.982
2024-02-21 04:00:00,3.000,1031.700,5.800,91.000,7.000,1.417
2024-02-21 05:00:00,3.100,1031.400,6.900,78.000,8.300,1.247
2024-02-21 06:00:00,3.100,1031.100,6.800,74.000,8.000,1.555
2024-02-21 07:00:00,2.800,1031.100,5.000,92.000,7.000,2.162
2024-02-21 08:00:00,2.800,1030.900,5.100,82.000,6.300,2.963
2024-02-21 09:00:00,2.800,1030.500,4.600,101.000,5.600,3.957
2024-02-21 10:00:00,3.200,1030.500,5.400,71.000,6.200,4.708
2024-02-21 11:00:00,3.200,1030.500,3.700,95.000,4.400,5.095
2024-02-21 12:00:00,3.900,1030.300,5.800,81.000,7.500,5.098
2024-02-21 13:00:00,4.000,1030.800,5.600,71.000,6.100,4.711
2024-02-21 14:00:00,4.200,1030.900,5.900,71.000,8.700,4.032
2024-02-21 15:00:00,3.500,1031.400,4.400,22.000,6.200,3.035
2024-02-21 16:00:00,4.700,1030.600,5.400,81.000,6.400,2.119
2024-02-21 17:00:00,4.600,1029.600,6.800,72.000,8.100,1.358
2024-02-21 18:00:00,4.400,1028.900,6.200,70.000,8.200,1.207
2024-02-21 19:00:00,4.000,1027.700,6.500,72.000,7.600,1.407
2024-02-21 20:00:00,4.100,1027.200,5.500,89.000,7.100,1.860
2024-02-21 21:00:00,4.000,1027.400,6.500,80.000,7.300,2.484
2024-02-21 22:00:00,4.200,1027.200,4.500,88.000,5.900,3.327
2024-02-21 23:00:00,4.100,1026.300,4.100,108.000,5.700,3.898
2024-02-22 00:00:00,4.000,1026.200,5.000,112.000,7.000,4.101
2024-02-22 01:00:00,4.100,1026.100,4.200,104.000,6.600,3.904
2024-02-22 02:00:00,3.800,1026.200,1.500,127.000,2.800,3.373
2024-02-22 03:00:00,3.600,1025.400,2.400,115.000,4.100,2.612
2024-02-22 04:00:00,3.200,1024.900,1.100,147.000,2.300,1.762
2024-02-22 05:00:00,3.100,1024.200,2.000,129.000,2.200,1.273
2024-02-22 06:00:00,2.000,1023.800,0.000,122.000,0.000,1.178
2024-02-22 07:00:00,2.400,1023.000,2.400,132.000,2.700,1.529
2024-02-22 08:00:00,2.500,1022.200,1.700,127.000,2.000,2.251
2024-02-22 09:00:00,2.400,1021.700,0.800,168.000,1.500,3.291
2024-02-22 10:00:00,0.300,1021.800,0.600,245.000,0.900,4.262
2024-02-22 11:00:00,1.100,1021.600,0.000,256.000,0.000,5.030
2024-02-22 12:00:00,1.600,1021.000,1.800,170.000,1.900,5.443
2024-02-22 13:00:00,2.300,1020.100,1.800,160.000,2.300,5.397
2024-02-22 14:00:00,4.600,1019.400,3.700,150.000,4.800,4.888
2024-02-22 15:00:00,5.100,1018.800,4.100,151.000,7.200,4.009
2024-02-22 16:00:00,6.000,1017.600,5.200,156.000,7.800,3.028
2024-02-22 17:00:00,6.300,1016.200,5.600,137.000,7.800,2.073
2024-02-22 18:00:00,6.300,1014.700,4.600,148.000,7.300,1.529
2024-02-22 19:00:00,6.100,1012.900,4.800,157.000,8.000,1.329
2024-02-22 20:00:00,6.600,1011.200,4.900,170.000,8.300,1.781
2024-02-22 21:00:00,6.500,1010.600,3.800,158.000,7.000,2.349
2024-02-22 22:00:00,6.800,1009.400,4.500,165.000,6.600,3.310
2024-02-22 23:00:00,6.800,1009.500,2.900,184.000,5.200,4.117
2024-02-23 00:00:00,7.300,1009.500,2.700,199.000,4.500,4.554
2024-02-23 01:00:00,7.900,1008.600,2.500,186.000,4.900,4.642
2024-02-23 02:00:00,7.700,1007.600,2.400,160.000,3.500,4.154
2024-02-23 03:00:00,8.700,1005.500,4.300,175.000,6.200,3.563
2024-02-23 04:00:00,9.400,1004.900,3.600,189.000,5.500,2.562
2024-02-23 05:00:00,9.400,1003.900,3.800,186.000,5.900,1.795
2024-02-23 06:00:00,10.200,1002.800,3.100,199.000,6.300,1.329
2024-02-23 07:00:00,9.900,1001.600,4.500,203.000,7.700,1.411
2024-02-23 08:00:00,9.100,1000.700,3.100,204.000,5.000,1.903
2024-02-23 09:00:00,9.600,1000.300,3.300,212.000,6.700,2.644
2024-02-23 10:00:00,9.800,1000.300,3.000,220.000,4.900,3.678
2024-02-23 11:00:00,10.300,1000.100,2.800,217.000,5.000,4.603
2024-02-23 12:00:00,11.200,999.800,4.400,225.000,6.600,5.226
2024-02-23 13:00:00,10.900,1000.400,4.100,226.000,6.700,5.531
2024-02-23 14:00:00,11.500,1000.200,4.100,235.000,6.000,5.236
2024-02-23 15:00:00,11.400,1000.100,2.500,236.000,4.500,4.662
2024-02-23 16:00:00,11.200,999.300,4.300,274.000,5.600,3.652
2024-02-23 17:00:00,9.500,998.500,3.500,314.000,4.000,2.608
2024-02-23 18:00:00,8.200,997.600,2.700,336.000,3.200,1.827
2024-02-23 19:00:00,7.500,997.400,2.600,294.000,3.000,1.411
2024-02-23 20:00:00,6.400,997.400,4.600,347.000,5.500,1.558
2024-02-23 21:00:00,6.400,997.500,5.300,321.000,6.100,2.139
2024-02-23 22:00:00,6.300,997.600,4.800,331.000,5.500,2.910
2024-02-23 23:00:00,6.400,997.800,3.800,333.000,4.400,3.809
2024-02-24 00:00:00,6.400,998.700,3.200,315.000,3.800,4.570
2024-02-24 01:00:00,6.600,999.000,4.300,310.000,4.700,4.862
2024-02-24 02:00:00,6.700,999.300,4.800,302.000,5.600,4.783
2024-02-24 03:00:00,6.500,999.700,3.500,277.000,4.500,4.265
2024-02-24 04:00:00,6.300,999.600,4.000,283.000,4.300,3.465
2024-02-24 05:00:00,6.400,999.900,3.700,281.000,4.100,2.523
2024-02-24 06:00:00,5.900,1000.000,3.400,278.000,3.700,1.608
2024-02-24 07:00:00,5.200,1000.200,3.100,264.000,4.400,1.178
2024-02-24 08:00:00,5.600,1000.300,4.000,276.000,5.000,1.532
2024-02-24 09:00:00,5.500,1000.400,3.300,272.000,4.400,2.234
2024-02-24 10:00:00,5.600,1000.800,1.600,270.000,2.000,3.222
2024-02-24 11:00:00,5.200,1001.600,1.100,262.000,2.400,4.236
2024-02-24 12:00:00,5.600,1002.700,2.200,311.000,2.700,5.180
2024-02-24 13:00:00,5.700,1004.300,6.400,352.000,7.600,5.751
2024-02-24 14:00:00,5.300,1005.200,8.400,13.000,10.600,5.817
2024-02-24 15:00:00,5.000,1006.000,7.000,19.000,8.500,5.200
2024-02-24 16:00:00,4.700,1006.600,6.300,7.000,7.700,4.275
2024-02-24 17:00:00,4.700,1006.800,5.600,356.000,6.600,3.091
2024-02-24 18:00:00,4.800,1007.100,4.000,343.000,5.300,2.083
2024-02-24 19:00:00,5.000,1006.800,2.500,23.000,3.000,1.506
2024-02-24 20:00:00,5.300,1007.100,1.600,340.000,2.000,1.371
2024-02-24 21:00:00,5.900,1007.800,0.600,317.000,1.100,1.785
2024-02-24 22:00:00,6.000,1008.900,1.800,330.000,2.200,2.510
2024-02-24 23:00:00,6.200,1010.300,8.500,351.000,9.900,3.540
2024-02-25 00:00:00,5.900,1011.600,10.700,343.000,12.100,4.452
2024-02-25 01:00:00,4.800,1013.100,9.900,8.000,11.100,4.885
2024-02-25 02:00:00,4.000,1014.400,9.000,8.000,10.400,4.888
2024-02-25 03:00:00,3.300,1015.400,10.000,2.000,11.300,4.501
2024-02-25 04:00:00,2.600,1016.100,10.000,5.000,11.700,3.757
2024-02-25 05:00:00,2.000,1016.900,9.900,10.000,11.400,2.772
2024-02-25 06:00:00,1.500,1017.700,9.800,20.000,11.300,1.850
2024-02-25 07:00:00,1.000,1018.300,8.900,11.000,11.400,1.260
2024-02-25 08:00:00,0.600,1019.000,8.100,20.000,10.600,1.296
2024-02-25 09:00:00,-0.200,1019.900,7.000,16.000,8.600,1.736
2024-02-25 10:00:00,-0.200,1020.400,6.400,13.000,8.800,2.552
2024-02-25 11:00:00,-0.500,1021.000,6.300,26.000,7.600,3.507
2024-02-25 12:00:00,-0.500,1021.700,6.700,32.000,7.900,4.491
2024-02-25 13:00:00,-0.700,1022.600,6.300,25.000,7.600,5.174
2024-02-25 14:00:00,-1.000,1023.300,5.500,25.000,6.700,5.538
2024-02-25 15:00:00,-0.800,1023.500,3.700,1.000,4.500,5.272
2024-02-25 16:00:00,-0.400,1023.400,2.300,358.000,4.200,4.518
2024-02-25 17:00:00,0.000,1022.700,2.600,346.000,3.800,3.645
2024-02-25 18:00:00,0.500,1022.200,2.200,9.000,2.900,2.510
2024-02-25 19:00:00,1.200,1021.500,2.800,36.000,3.300,1.594
2024-02-25 20:00:00,2.000,1021.100,4.400,43.000,4.800,1.056
2024-02-25 21:00:00,2.900,1020.900,2.900,57.000,3.300,1.043
2024-02-25 22:00:00,2.900,1020.600,2.900,149.000,4.300,1.558
2024-02-25 23:00:00,1.600,1020.700,3.200,172.000,4.200,2.411
2024-02-26 00:00:00,1.300,1020.800,3.000,173.000,4.600,3.373
2024-02-26 01:00:00,1.400,1021.100,2.200,175.000,3.100,4.121
2024-02-26 02:00:00,1.800,1021.300,2.800,190.000,4.700,4.446
2024-02-26 03:00:00,1.700,1021.400,2.500,199.000,3.800,4.432
2024-02-26 04:00:00,1.700,1020.800,2.800,199.000,5.300,3.911
2024-02-26 05:00:00,1.800,1020.400,3.000,190.000,4.500,3.038
2024-02-26 06:00:00,2.100,1019.900,2.500,185.000,4.500,1.913
2024-02-26 07:00:00,2.200,1019.500,2.900,185.000,4.600,0.978
2024-02-26 08:00:00,2.400,1019.300,3.200,197.000,4.700,0.440
2024-02-26 09:00:00,3.100,1018.900,3.300,203.000,6.000,0.617
2024-02-26 10:00:00,4.300,1018.600,4.100,199.000,5.600,1.194
2024-02-26 11:00:00,4.900,1018.300,4.100,194.000,5.500,1.916
2024-02-26 12:00:00,5.400,1018.300,3.200,200.000,4.700,2.927
2024-02-26 13:00:00,5.900,1018.400,3.500,200.000,7.200,3.986
2024-02-26 14:00:00,7.800,1018.500,4.600,215.000,9.300,4.587
2024-02-26 15:00:00,9.400,1018.300,4.600,226.000,6.400,4.669
2024-02-26 16:00:00,10.900,1018.100,3.400,241.000,6.200,4.180
2024-02-26 17:00:00,13.000,1017.700,2.100,223.000,5.000,3.438
2024-02-26 18:00:00,13.800,1016.900,1.400,267.000,5.700,2.382
2024-02-26 19:00:00,12.500,1016.300,3.300,99.000,3.700,1.302
2024-02-26 20:00:00,12.200,1016.000,3.600,136.000,5.000,0.535
2024-02-26 21:00:00,12.500,1016.200,2.700,147.000,4.100,0.331
2024-02-26 22:00:00,11.000,1016.300,3.000,144.000,3.800,0.843
2024-02-26 23:00:00,10.700,1016.800,2.600,166.000,3.600,1.558
2024-02-27 00:00:00,9.500,1017.300,2.100,171.000,2.600,2.530
2024-02-27 01:00:00,9.500,1017.400,2.300,178.000,2.900,3.520
2024-02-27 02:00:00,8.100,1017.200,2.700,165.000,3.500,4.183
2024-02-27 03:00:00,8.300,1017.500,2.500,179.000,3.600,4.439
2024-02-27 04:00:00,8.800,1017.200,1.900,175.000,3.100,4.209
2024-02-27 05:00:00,9.100,1017.000,2.300,210.000,3.900,3.599
2024-02-27 06:00:00,9.000,1016.800,2.900,171.000,4.700,2.710
2024-02-27 07:00:00,9.100,1016.500,2.700,183.000,4.000,1.631
2024-02-27 08:00:00,10.200,1016.100,3.200,199.000,4.500,0.850
2024-02-27 09:00:00,10.800,1016.100,2.800,200.000,4.900,0.656
2024-02-27 10:00:00,10.600,1016.100,2.400,195.000,4.000,0.994
2024-02-27 11:00:00,11.100,1016.200,3.200,203.000,4.700,1.617
2024-02-27 12:00:00,11.600,1016.500,3.900,218.000,6.800,2.474
2024-02-27 13:00:00,12.400,1016.400,3.500,214.000,5.900,3.524
2024-02-27 14:00:00,14.200,1016.400,5.600,204.000,8.000,4.308
2024-02-27 15:00:00,16.000,1015.800,4.000,222.000,6.000,4.633
2024-02-27 16:00:00,17.900,1015.400,2.700,195.000,6.700,4.537
2024-02-27 17:00:00,20.000,1014.900,5.900,220.000,10.200,3.930
2024-02-27 18:00:00,20.100,1014.700,5.400,243.000,10.100,3.051
2024-02-27 19:00:00,18.500,1014.300,3.100,183.000,11.400,2.021
2024-02-27 20:00:00,16.600,1013.700,4.200,183.000,9.100,1.109
2024-02-27 21:00:00,15.600,1013.100,3.400,188.000,8.600,0.581
2024-02-27 22:00:00,14.600,1012.800,4.700,181.000,7.000,0.955
2024-02-27 23:00:00,13.900,1013.100,5.700,206.000,11.300,1.526
2024-02-28 00:00:00,13.600,1013.100,5.700,184.000,8.800,2.428
2024-02-28 01:00:00,13.100,1013.100,5.300,186.000,9.900,3.333
2024-02-28 02:00:00,13.800,1013.000,6.000,200.000,9.300,4.078
2024-02-28 03:00:00,14.500,1012.900,5.300,191.000,8.100,4.636
2024-02-28 04:00:00,14.000,1012.500,4.700,189.000,7.600,4.701
2024-02-28 05:00:00,13.500,1011.400,3.200,189.000,7.600,4.134
2024-02-28 06:00:00,13.600,1010.800,4.400,200.000,6.900,3.409
2024-02-28 07:00:00,14.900,1009.800,3.300,193.000,5.800,2.283
2024-02-28 08:00:00,15.500,1009.000,3.600,189.000,6.000,1.391
2024-02-28 09:00:00,15.900,1008.700,5.200,206.000,7.200,0.853
2024-02-28 10:00:00,15.200,1008.300,3.100,201.000,7.100,0.850
2024-02-28 11:00:00,15.200,1008.100,3.600,190.000,5.300,1.115
2024-02-28 12:00:00,15.700,1007.700,4.400,194.000,6.600,1.709
2024-02-28 13:00:00,15.900,1008.100,3.400,201.000,7.500,2.526
2024-02-28 14:00:00,16.800,1007.900,4.900,214.000,8.400,3.514
2024-02-28 15:00:00,17.800,1007.600,5.100,210.000,7.700,4.068
2024-02-28 16:00:00,17.900,1007.000,4.300,215.000,10.300,4.117
2024-02-28 17:00:00,17.500,1006.100,3.500,195.000,7.100,3.743
2024-02-28 18:00:00,19.000,1005.400,5.600,210.000,9.300,3.225
2024-02-28 19:00:00,19.500,1004.600,5.700,220.000,12.300,2.211
2024-02-28 20:00:00,19.200,1004.600,6.900,244.000,10.000,1.348
2024-02-28 21:00:00,18.800,1004.900,2.700,238.000,10.400,0.696
2024-02-28 22:00:00,15.800,1006.600,6.200,250.000,8.400,0.299
2024-02-28 23:00:00,15.200,1006.700,5.700,221.000,8.600,0.676
2024-02-29 00:00:00,15.500,1005.700,5.100,222.000,7.900,1.171
2024-02-29 01:00:00,15.700,1006.200,6.500,236.000,10.000,2.031
2024-02-29 02:00:00,15.800,1006.700,5.100,237.000,8.800,3.104
2024-02-29 03:00:00,11.200,1009.900,11.800,290.000,14.500,3.776
2024-02-29 04:00:00,10.400,1011.900,17.300,309.000,21.100,4.665
2024-02-29 05:00:00,8.900,1013.800,13.600,304.000,16.000,4.009
2024-02-29 06:00:00,7.200,1016.400,12.900,302.000,17.300,3.012
2024-02-29 07:00:00,6.100,1017.900,13.800,318.000,16.400,1.552
2024-02-29 08:00:00,4.900,1019.500,12.400,305.000,15.100,0.495
2024-02-29 09:00:00,3.900,1021.600,13.700,310.000,16.800,-0.108
2024-02-29 10:00:00,3.000,1023.300,9.200,293.000,11.000,-0.482
2024-02-29 11:00:00,2.300,1025.400,12.800,307.000,15.700,0.098
2024-02-29 12:00:00,1.900,1026.800,10.200,300.000,11.500,0.338
2024-02-29 13:00:00,2.000,1028.300,10.200,301.000,12.600,1.237
2024-02-29 14:00:00,2.200,1029.100,9.100,310.000,12.700,2.133
2024-02-29 15:00:00,2.400,1029.200,9.500,295.000,11.400,2.897
2024-02-29 16:00:00,2.800,1029.100,7.900,296.000,10.600,3.110
2024-02-29 17:00:00,3.400,1029.000,8.400,306.000,10.100,3.048
2024-02-29 18:00:00,3.800,1029.000,8.500,303.000,10.300,2.733
2024-02-29 19:00:00,4.500,1028.400,7.400,290.000,10.900,1.962
2024-02-29 20:00:00,5.000,1028.200,10.200,300.000,11.900,1.089
2024-02-29 21:00:00,5.800,1028.400,8.500,292.000,10.200,0.066
2024-02-29 22:00:00,6.100,1028.900,8.400,279.000,9.600,-0.289
2024-02-29 23:00:00,5.900,1029.400,4.500,284.000,5.400,-0.249
2025-01-01 00:00:00,12.600,1001.600,3.800,170.000,6.400,3.688
2025-01-01 01:00:00,13.600,1001.300,3.400,181.000,6.000,4.347
2025-01-01 02:00:00,10.900,1002.200,2.200,247.000,2.900,4.409
2025-01-01 03:00:00,11.400,1001.700,2.700,196.000,5.200,4.265
2025-01-01 04:00:00,10.700,1000.100,2.100,211.000,3.800,3.553
2025-01-01 05:00:00,10.300,1000.000,3.400,234.000,5.400,2.631
2025-01-01 06:00:00,9.900,1000.100,3.300,248.000,4.700,1.703
2025-01-01 07:00:00,9.700,1001.100,4.200,250.000,5.700,1.030
2025-01-01 08:00:00,9.300,1001.300,2.800,252.000,4.300,0.958
2025-01-01 09:00:00,8.800,1001.400,3.800,246.000,5.000,1.532
2025-01-01 10:00:00,8.800,1001.700,3.000,246.000,4.000,2.129
2025-01-01 11:00:00,9.000,1002.300,3.000,245.000,4.400,3.189
2025-01-01 12:00:00,9.300,1002.600,4.200,270.000,5.900,4.616
2025-01-01 13:00:00,9.400,1003.600,9.600,283.000,11.200,5.482
2025-01-01 14:00:00,9.000,1004.700,9.800,284.000,12.400,6.033
2025-01-01 15:00:00,9.000,1005.600,11.500,287.000,14.300,5.558
2025-01-01 16:00:00,8.900,1006.100,14.500,292.000,16.600,4.783
2025-01-01 17:00:00,9.100,1005.200,14.000,293.000,17.600,3.757
2025-01-01 18:00:00,9.500,1005.600,16.300,289.000,20.500,2.293
2025-01-01 19:00:00,9.500,1006.500,17.600,293.000,20.200,1.024
2025-01-01 20:00:00,9.200,1007.500,16.700,297.000,20.000,0.236
2025-01-01 21:00:00,8.600,1008.700,14.800,293.000,17.700,0.030
2025-01-01 22:00:00,8.000,1010.100,13.600,295.000,16.600,0.144
2025-01-01 23:00:00,7.100,1011.500,10.000,286.000,13.300,0.817
2025-01-02 00:00:00,6.700,1012.600,8.400,283.000,11.100,1.614
2025-01-02 01:00:00,6.600,1013.100,8.700,281.000,12.200,2.300
2025-01-02 02:00:00,5.700,1013.400,5.900,268.000,8.100,2.861
2025-01-02 03:00:00,5.500,1013.700,6.700,267.000,10.300,3.150
2025-01-02 04:00:00,5.000,1014.000,5.700,265.000,8.000,2.835
2025-01-02 05:00:00,5.000,1014.400,7.500,276.000,9.000,2.238
2025-01-02 06:00:00,4.800,1014.800,6.300,274.000,8.300,1.430
2025-01-02 07:00:00,5.200,1015.500,7.700,296.000,9.100,0.308
2025-01-02 08:00:00,4.300,1016.600,14.500,301.000,19.400,-0.505
2025-01-02 09:00:00,3.800,1016.600,9.100,294.000,10.400,-0.974
2025-01-02 10:00:00,3.400,1017.200,11.500,288.000,13.300,-0.433
2025-01-02 11:00:00,2.600,1017.800,7.500,281.000,9.200,0.253
2025-01-02 12:00:00,2.100,1018.500,6.500,280.000,7.900,1.424
2025-01-02 13:00:00,2.500,1019.200,7.700,283.000,9.000,2.602
2025-01-02 14:00:00,3.200,1019.800,8.500,291.000,13.100,3.566
2025-01-02 15:00:00,4.100,1020.800,10.800,296.000,13.800,4.016
2025-01-02 16:00:00,4.300,1020.400,13.500,290.000,14.900,3.661
2025-01-02 17:00:00,4.500,1019.100,12.800,296.000,15.000,2.897
2025-01-02 18:00:00,4.400,1018.600,13.700,297.000,16.100,1.847
2025-01-02 19:00:00,4.300,1018.300,13.200,298.000,15.100,0.571
2025-01-02 20:00:00,4.300,1018.300,13.300,292.000,15.300,-0.538
2025-01-02 21:00:00,4.300,1018.900,12.200,293.000,14.500,-1.198
2025-01-02 22:00:00,3.800,1019.500,10.000,293.000,12.500,-1.342
2025-01-02 23:00:00,3.300,1020.100,8.200,292.000,10.400,-0.719
2025-01-03 00:00:00,2.200,1020.600,4.700,273.000,5.700,0.000
2025-01-03 01:00:00,2.000,1020.500,5.400,285.000,6.600,0.928
2025-01-03 02:00:00,1.400,1020.400,4.300,268.000,5.500,1.693
2025-01-03 03:00:00,1.200,1020.100,3.800,262.000,4.900,2.205
2025-01-03 04:00:00,1.000,1020.100,2.800,265.000,3.800,2.257
2025-01-03 05:00:00,1.300,1019.900,3.600,251.000,6.200,1.965
2025-01-03 06:00:00,1.800,1019.700,4.900,279.000,6.300,1.355
2025-01-03 07:00:00,1.700,1019.600,5.600,290.000,7.100,0.374
2025-01-03 08:00:00,1.500,1020.000,5.200,285.000,6.800,-0.591
2025-01-03 09:00:00,1.500,1019.500,8.700,310.000,10.600,-1.122
2025-01-03 10:00:00,0.800,1019.800,7.300,298.000,8.500,-1.214
2025-01-03 11:00:00,0.000,1019.700,3.800,288.000,5.100,-0.666
2025-01-03 12:00:00,-1.000,1019.700,3.300,269.000,4.100,0.246
2025-01-03 13:00:00,-1.200,1019.500,2.700,235.000,3.700,1.411
2025-01-03 14:00:00,0.300,1019.300,3.100,254.000,4.100,2.661
2025-01-03 15:00:00,1.200,1018.500,1.600,229.000,3.100,3.481
2025-01-03 16:00:00,2.400,1016.700,2.300,271.000,3.600,3.780
2025-01-03 17:00:00,3.700,1014.000,2.600,208.000,4.200,3.570
2025-01-03 18:00:00,4.600,1012.400,3.200,226.000,4.300,2.835
2025-01-03 19:00:00,5.700,1011.200,1.900,233.000,4.300,1.837
2025-01-03 20:00:00,5.600,1010.600,6.400,252.000,8.800,0.633
2025-01-03 21:00:00,5.600,1010.200,4.100,254.000,6.600,-0.433
2025-01-03 22:00:00,5.100,1010.000,3.200,273.000,5.500,-0.817
2025-01-03 23:00:00,2.700,1010.600,11.800,319.000,13.400,-0.374
2025-01-04 00:00:00,2.200,1010.900,6.300,280.000,7.700,-0.079
2025-01-04 01:00:00,2.000,1011.300,7.600,292.000,9.000,0.991
2025-01-04 02:00:00,2.200,1011.400,11.500,314.000,13.300,1.726
2025-01-04 03:00:00,2.100,1011.500,12.900,309.000,17.000,2.310
2025-01-04 04:00:00,1.700,1011.900,10.500,304.000,12.700,2.933
2025-01-04 05:00:00,0.700,1011.900,12.100,300.000,14.400,2.894
2025-01-04 06:00:00,0.200,1012.300,12.200,301.000,14.600,2.438
2025-01-04 07:00:00,0.400,1013.100,12.500,302.000,15.600,1.581
2025-01-04 08:00:00,-0.200,1013.800,9.000,289.000,12.000,0.440
2025-01-04 09:00:00,-0.400,1014.100,11.000,297.000,13.200,-0.331
2025-01-04 10:00:00,-1.100,1015.000,7.200,283.000,9.600,-0.804
2025-01-04 11:00:00,-1.700,1015.600,5.800,276.000,7.500,-0.440
2025-01-04 12:00:00,-1.400,1016.200,6.400,280.000,9.200,0.344
2025-01-04 13:00:00,-1.500,1016.700,5.700,276.000,9.100,1.073
2025-01-04 14:00:00,-0.400,1017.100,11.700,290.000,14.100,2.313
2025-01-04 15:00:00,-0.100,1017.400,12.800,298.000,15.700,3.343
2025-01-04 16:00:00,0.300,1016.900,13.500,308.000,16.700,3.894
2025-01-04 17:00:00,0.500,1016.000,12.500,300.000,15.700,4.042
2025-01-04 18:00:00,0.400,1016.300,14.700,306.000,17.100,3.638
2025-01-04 19:00:00,0.100,1016.400,13.200,309.000,15.800,2.589
2025-01-04 20:00:00,-0.200,1016.800,12.600,296.000,15.700,1.503
2025-01-04 21:00:00,-0.100,1017.500,13.400,293.000,15.500,0.371
2025-01-04 22:00:00,-0.300,1018.100,10.700,297.000,13.100,-0.505
2025-01-04 23:00:00,-0.300,1019.000,10.700,303.000,13.200,-0.679
2025-01-05 00:00:00,-1.200,1019.600,6.300,286.000,9.000,-0.502
2025-01-05 01:00:00,-1.700,1019.900,6.300,288.000,9.500,0.121
2025-01-05 02:00:00,-2.200,1020.000,6.300,279.000,7.500,1.060
2025-01-05 03:00:00,-2.800,1020.500,5.000,282.000,5.700,2.028
2025-01-05 04:00:00,-2.400,1020.600,7.000,286.000,7.700,2.802
2025-01-05 05:00:00,-2.000,1020.700,9.600,299.000,11.500,3.140
2025-01-05 06:00:00,-2.300,1020.400,10.100,305.000,11.500,3.146
2025-01-05 07:00:00,-2.900,1020.900,8.300,298.000,10.000,2.546
2025-01-05 08:00:00,-3.900,1021.400,4.300,277.000,5.400,1.519
2025-01-05 09:00:00,-4.300,1021.500,5.300,264.000,7.200,0.597
2025-01-05 10:00:00,-4.500,1021.400,5.900,267.000,7.400,-0.259
2025-01-05 11:00:00,-4.700,1022.000,5.900,273.000,7.300,-0.538
2025-01-05 12:00:00,-4.700,1022.700,6.100,269.000,8.700,-0.289
2025-01-05 13:00:00,-3.500,1022.900,9.400,290.000,11.500,0.233
2025-01-05 14:00:00,-2.700,1022.500,11.900,300.000,14.200,1.237
2025-01-05 15:00:00,-2.300,1022.900,9.100,300.000,11.200,2.159
2025-01-05 16:00:00,-1.200,1021.700,11.200,295.000,14.600,3.058
2025-01-05 17:00:00,-0.400,1020.400,11.100,304.000,13.300,3.573
2025-01-05 18:00:00,-0.100,1019.900,12.100,300.000,14.600,3.701
2025-01-05 19:00:00,0.100,1019.400,10.900,296.000,13.800,3.232
2025-01-05 20:00:00,0.200,1019.600,10.800,295.000,12.400,2.454
2025-01-05 21:00:00,0.400,1019.900,10.800,297.000,12.800,1.368
2025-01-05 22:00:00,0.000,1020.400,9.600,301.000,11.100,0.295
2025-01-05 23:00:00,-0.300,1020.700,6.500,314.000,7.300,-0.331
2025-01-06 00:00:00,-0.600,1020.700,6.900,304.000,8.300,-0.463
2025-01-06 01:00:00,-0.800,1020.700,6.400,315.000,7.300,-0.039
2025-01-06 02:00:00,-0.500,1020.800,5.800,317.000,6.600,0.764
2025-01-06 03:00:00,0.100,1020.800,7.300,319.000,9.100,1.791
2025-01-06 04:00:00,0.200,1020.400,8.100,322.000,9.700,2.881
2025-01-06 05:00:00,0.300,1019.800,6.400,337.000,8.100,3.579
2025-01-06 06:00:00,-0.900,1019.600,4.400,267.000,5.900,3.799
2025-01-06 07:00:00,-1.500,1019.600,6.100,317.000,8.300,3.612
2025-01-06 08:00:00,-3.200,1019.300,3.400,294.000,4.100,2.979
2025-01-06 09:00:00,-3.600,1018.900,2.000,252.000,2.300,2.251
2025-01-06 10:00:00,-3.600,1017.500,1.000,211.000,1.600,1.293
2025-01-06 11:00:00,-3.700,1016.300,0.600,167.000,1.300,0.400
2025-01-06 12:00:00,-3.600,1015.300,0.800,134.000,1.400,0.135
2025-01-06 13:00:00,-3.000,1014.000,1.300,90.000,1.600,0.449
2025-01-06 14:00:00,-2.400,1013.000,3.700,71.000,4.000,1.191
2025-01-06 15:00:00,-1.500,1011.400,5.000,92.000,6.200,2.159
2025-01-06 16:00:00,-1.100,1010.200,5.600,72.000,6.400,3.114
2025-01-06 17:00:00,-0.800,1008.400,6.700,38.000,7.400,4.042
2025-01-06 18:00:00,-0.700,1006.100,8.800,32.000,10.000,4.524
2025-01-06 19:00:00,-1.000,1004.800,9.000,37.000,10.100,4.501
2025-01-06 20:00:00,-1.000,1004.200,7.500,46.000,9.800,3.953
2025-01-06 21:00:00,-0.900,1004.100,7.900,38.000,9.200,2.959
2025-01-06 22:00:00,-0.800,1003.200,8.700,26.000,10.300,2.215
2025-01-06 23:00:00,-1.500,1003.300,9.600,19.000,11.800,1.280
2025-01-07 00:00:00,-1.400,1002.800,9.900,10.000,11.400,0.988
2025-01-07 01:00:00,-1.200,1003.700,10.600,5.000,12.400,1.066
2025-01-07 02:00:00,-1.000,1004.800,12.200,353.000,14.000,1.542
2025-01-07 03:00:00,-1.100,1006.400,9.900,321.000,13.400,2.152
2025-01-07 04:00:00,-1.200,1007.000,12.900,341.000,15.300,3.074
2025-01-07 05:00:00,-1.500,1007.800,13.800,335.000,16.200,3.940
2025-01-07 06:00:00,-2.600,1008.600,14.700,323.000,17.700,4.531
2025-01-07 07:00:00,-3.600,1009.600,15.200,320.000,19.000,4.508
2025-01-07 08:00:00,-4.400,1010.400,16.000,325.000,18.900,4.285
2025-01-07 09:00:00,-4.700,1011.300,14.800,321.000,19.700,3.645
2025-01-07 10:00:00,-4.700,1012.000,13.500,321.000,20.100,2.510
2025-01-07 11:00:00,-5.000,1013.000,15.600,319.000,18.300,1.266
2025-01-07 12:00:00,-4.400,1013.800,13.000,314.000,17.300,0.666
2025-01-07 13:00:00,-5.500,1014.700,10.300,299.000,12.100,0.289
2025-01-07 14:00:00,-5.000,1015.200,11.400,297.000,14.500,0.285
2025-01-07 15:00:00,-4.100,1015.800,13.100,300.000,14.500,0.797
2025-01-07 16:00:00,-3.100,1015.900,12.100,301.000,16.000,1.463
2025-01-07 17:00:00,-2.300,1015.300,13.100,300.000,15.600,2.526
2025-01-07 18:00:00,-1.200,1015.000,11.400,303.000,13.600,3.071
2025-01-07 19:00:00,-0.300,1014.500,15.100,302.000,16.200,3.241
2025-01-07 20:00:00,0.300,1015.300,12.400,295.000,16.600,3.146
2025-01-07 21:00:00,0.700,1015.900,13.200,294.000,16.500,2.546
2025-01-07 22:00:00,0.600,1016.600,11.100,299.000,13.000,1.719
2025-01-07 23:00:00,0.200,1017.400,9.000,299.000,10.600,0.823
2025-01-08 00:00:00,0.000,1018.000,8.600,293.000,10.200,0.010
2025-01-08 01:00:00,0.000,1018.400,8.900,305.000,10.800,-0.610
2025-01-08 02:00:00,-0.900,1018.800,4.900,287.000,5.700,-0.623
2025-01-08 03:00:00,-0.900,1019.000,5.400,296.000,6.500,-0.052
2025-01-08 04:00:00,-0.800,1019.100,8.000,297.000,9.300,0.922
2025-01-08 05:00:00,-1.300,1019.600,6.800,292.000,8.600,1.985
2025-01-08 06:00:00,-1.800,1019.800,6.900,286.000,8.900,3.025
2025-01-08 07:00:00,-2.200,1019.600,8.800,290.000,10.100,3.566
2025-01-08 08:00:00,-2.500,1019.800,7.600,282.000,9.500,3.871
2025-01-08 09:00:00,-2.500,1019.700,8.300,289.000,10.300,3.665
2025-01-08 10:00:00,-3.000,1019.700,7.500,284.000,8.900,2.966
2025-01-08 11:00:00,-2.900,1019.600,8.900,292.000,10.100,2.031
2025-01-08 12:00:00,-2.900,1019.900,8.000,290.000,9.600,0.974
2025-01-08 13:00:00,-3.100,1020.100,7.100,291.000,9.200,0.207
2025-01-08 14:00:00,-2.500,1019.900,8.100,297.000,10.300,-0.118
2025-01-08 15:00:00,-1.900,1019.600,9.000,297.000,10.500,-0.115
2025-01-08 16:00:00,-1.400,1018.800,10.400,298.000,13.200,0.440
2025-01-08 17:00:00,-0.900,1017.000,9.100,312.000,13.700,1.073
2025-01-08 18:00:00,-0.700,1015.800,12.200,295.000,15.100,1.722
2025-01-08 19:00:00,-0.400,1014.600,11.100,306.000,13.000,2.415
2025-01-08 20:00:00,-0.500,1014.500,12.900,307.000,16.500,2.690
2025-01-08 21:00:00,-0.600,1014.300,12.700,299.000,14.100,2.585
2025-01-08 22:00:00,-0.900,1014.500,7.700,292.000,10.500,2.287
2025-01-08 23:00:00,-1.300,1014.500,7.200,289.000,8.400,1.457
2025-01-09 00:00:00,-1.400,1014.600,8.100,293.000,9.500,0.440
2025-01-09 01:00:00,-1.500,1014.500,10.200,301.000,11.800,-0.433
2025-01-09 02:00:00,-2.200,1014.700,9.100,305.000,10.900,-0.938
2025-01-09 03:00:00,-2.700,1014.600,8.900,296.000,11.100,-0.823
2025-01-09 04:00:00,-3.200,1014.600,9.100,297.000,9.900,-0.180
2025-01-09 05:00:00,-4.100,1014.300,7.400,293.000,9.100,0.390
2025-01-09 06:00:00,-4.300,1014.000,7.400,296.000,9.300,1.414
2025-01-09 07:00:00,-5.200,1013.900,5.700,283.000,7.000,2.365
2025-01-09 08:00:00,-4.600,1013.300,9.400,299.000,11.300,3.071
2025-01-09 09:00:00,-4.800,1013.000,11.700,296.000,13.800,3.307
2025-01-09 10:00:00,-4.900,1013.100,11.000,298.000,14.000,3.045
2025-01-09 11:00:00,-5.100,1013.400,12.100,301.000,14.300,2.323
2025-01-09 12:00:00,-5.000,1013.600,12.700,301.000,15.400,1.463
2025-01-09 13:00:00,-5.100,1013.800,12.900,299.000,15.600,0.318
2025-01-09 14:00:00,-4.700,1014.100,14.100,306.000,17.000,-0.453
2025-01-09 15:00:00,-4.300,1014.400,15.500,308.000,18.000,-0.896
2025-01-09 16:00:00,-3.600,1013.700,16.600,306.000,19.000,-0.709
2025-01-09 17:00:00,-2.900,1013.400,16.500,307.000,18.800,-0.440
2025-01-09 18:00:00,-2.000,1013.100,13.800,307.000,18.000,0.095
2025-01-09 19:00:00,-1.300,1012.700,13.000,305.000,15.500,0.912
2025-01-09 20:00:00,-0.600,1013.200,13.500,300.000,15.300,1.519
2025-01-09 21:00:00,-0.300,1013.600,11.500,302.000,13.100,1.824
2025-01-09 22:00:00,-0.400,1014.100,12.800,298.000,14.600,2.024
2025-01-09 23:00:00,-0.700,1014.200,12.600,297.000,15.100,1.749
2025-01-10 00:00:00,-1.000,1014.600,11.000,294.000,13.400,0.958
2025-01-10 01:00:00,-1.300,1015.200,10.700,294.000,13.100,0.135
2025-01-10 02:00:00,-1.300,1015.400,12.200,298.000,15.100,-0.581
2025-01-10 03:00:00,-1.600,1016.100,11.500,298.000,14.900,-0.955
2025-01-10 04:00:00,-1.800,1016.300,11.800,304.000,13.600,-0.630
2025-01-10 05:00:00,-1.900,1016.300,11.600,309.000,14.000,-0.115
2025-01-10 06:00:00,-2.400,1016.100,9.500,307.000,11.400,0.892
2025-01-10 07:00:00,-2.500,1016.300,9.600,311.000,11.300,2.215
2025-01-10 08:00:00,-3.000,1017.100,9.800,299.000,11.200,3.314
2025-01-10 09:00:00,-3.300,1016.700,10.000,301.000,11.900,4.275
2025-01-10 10:00:00,-3.200,1018.200,10.400,307.000,12.300,4.580
2025-01-10 11:00:00,-3.100,1018.300,10.700,310.000,12.600,4.491
2025-01-10 12:00:00,-3.400,1018.600,10.500,307.000,13.400,3.911
2025-01-10 13:00:00,-3.600,1019.000,9.700,309.000,11.300,2.920
2025-01-10 14:00:00,-3.300,1018.900,9.400,308.000,11.200,2.044
2025-01-10 15:00:00,-2.500,1018.800,10.300,317.000,12.000,1.112
2025-01-10 16:00:00,-2.000,1018.100,8.300,315.000,10.800,0.741
2025-01-10 17:00:00,-1.300,1016.700,8.700,317.000,10.300,0.715
2025-01-10 18:00:00,-0.600,1016.200,8.300,305.000,9.600,1.083
2025-01-10 19:00:00,0.000,1015.900,5.900,298.000,8.100,1.808
2025-01-10 20:00:00,0.100,1015.700,7.600,294.000,8.200,2.625
2025-01-10 21:00:00,-0.100,1014.200,5.600,297.000,6.900,3.392
2025-01-10 22:00:00,-0.500,1013.700,2.300,270.000,3.000,4.029
2025-01-10 23:00:00,-0.900,1013.600,2.500,264.000,2.900,4.085
2025-01-11 00:00:00,-0.900,1013.200,2.200,268.000,3.300,3.757
2025-01-11 01:00:00,-0.800,1013.000,2.200,265.000,2.800,2.986
2025-01-11 02:00:00,-0.800,1011.600,1.400,230.000,1.900,2.011
2025-01-11 03:00:00,-0.900,1010.500,1.500,186.000,2.900,1.112
2025-01-11 04:00:00,-1.000,1009.800,1.600,207.000,2.600,0.548
2025-01-11 05:00:00,-0.800,1009.900,2.100,216.000,3.500,0.732
2025-01-11 06:00:00,-1.800,1008.100,1.500,205.000,3.200,1.447
2025-01-11 07:00:00,-2.000,1006.600,1.000,144.000,1.300,2.192
2025-01-11 08:00:00,-2.000,1005.200,1.100,158.000,1.600,3.415
2025-01-11 09:00:00,-1.900,1003.400,1.700,143.000,2.000,4.839
2025-01-11 10:00:00,-1.600,1001.900,0.800,93.000,1.500,5.643
2025-01-11 11:00:00,-1.500,1001.000,0.300,214.000,0.900,5.919
2025-01-11 12:00:00,-1.000,1000.700,4.600,306.000,5.100,5.600
2025-01-11 13:00:00,-0.700,1000.600,5.300,312.000,6.100,4.967
2025-01-11 14:00:00,-1.100,1001.000,6.300,313.000,7.400,3.924
2025-01-11 15:00:00,-1.100,1001.400,8.900,310.000,10.700,2.516
2025-01-11 16:00:00,-1.000,1000.900,9.200,321.000,10.900,1.558
2025-01-11 17:00:00,-0.800,1000.300,9.700,314.000,11.400,0.974
2025-01-11 18:00:00,-0.400,1000.500,10.600,314.000,12.800,0.994
2025-01-11 19:00:00,-0.100,1001.200,11.200,308.000,12.700,1.302
2025-01-11 20:00:00,0.300,1002.400,11.400,312.000,13.900,2.073
2025-01-11 21:00:00,0.800,1003.900,10.700,310.000,13.900,2.871
2025-01-11 22:00:00,0.700,1005.500,7.100,304.000,8.100,3.593
2025-01-11 23:00:00,0.800,1006.900,9.000,307.000,10.200,3.845
2025-01-12 00:00:00,0.700,1008.200,8.500,302.000,10.000,3.881
2025-01-12 01:00:00,0.600,1009.200,9.800,304.000,11.200,3.517
2025-01-12 02:00:00,0.400,1010.100,9.000,305.000,11.000,2.648
2025-01-12 03:00:00,-0.100,1010.900,8.800,294.000,10.300,1.690
2025-01-12 04:00:00,-0.400,1011.900,6.900,286.000,8.300,0.827
2025-01-12 05:00:00,-0.400,1013.000,7.900,291.000,10.300,0.315
2025-01-12 06:00:00,-0.700,1013.300,7.000,290.000,8.300,0.617
2025-01-12 07:00:00,-0.800,1014.300,8.200,286.000,9.400,1.322
2025-01-12 08:00:00,-0.200,1015.200,6.500,285.000,8.900,2.169
2025-01-12 09:00:00,-0.400,1015.400,6.700,292.000,7.600,3.478
2025-01-12 10:00:00,0.100,1015.700,6.800,303.000,7.800,4.665
2025-01-12 11:00:00,-0.800,1016.000,5.300,287.000,6.300,5.456
2025-01-12 12:00:00,-0.900,1016.300,4.700,292.000,6.200,5.807
2025-01-12 13:00:00,-0.800,1017.300,5.500,291.000,6.500,5.531
2025-01-12 14:00:00,-0.300,1018.200,5.200,295.000,6.100,4.938
2025-01-12 15:00:00,0.600,1019.200,6.800,306.000,7.800,3.842
2025-01-12 16:00:00,1.400,1019.400,4.900,302.000,6.200,2.526
2025-01-12 17:00:00,1.800,1018.900,4.300,305.000,5.200,1.312
2025-01-12 18:00:00,2.600,1018.600,4.000,303.000,5.900,0.840
2025-01-12 19:00:00,3.300,1018.300,4.900,290.000,6.100,0.787
2025-01-12 20:00:00,3.700,1017.900,4.200,287.000,4.700,1.158
2025-01-12 21:00:00,3.500,1018.400,3.100,298.000,3.400,1.936
2025-01-12 22:00:00,2.700,1018.700,1.900,285.000,2.200,3.022
2025-01-12 23:00:00,2.100,1019.100,1.900,245.000,2.200,3.770
2025-01-13 00:00:00,1.200,1019.100,1.800,213.000,2.500,4.173
2025-01-13 01:00:00,0.600,1019.900,2.900,233.000,3.600,4.131
2025-01-13 02:00:00,0.000,1020.100,2.600,236.000,3.600,3.675
2025-01-13 03:00:00,-0.300,1020.100,2.500,227.000,3.400,2.818
2025-01-13 04:00:00,-0.700,1019.800,2.600,235.000,4.100,1.686
2025-01-13 05:00:00,-0.800,1019.500,2.200,223.000,3.700,0.751
2025-01-13 06:00:00,-1.200,1018.700,2.700,221.000,3.600,0.279
2025-01-13 07:00:00,-0.800,1018.800,2.600,221.000,4.000,0.538
2025-01-13 08:00:00,-0.800,1018.600,2.300,205.000,4.100,1.329
2025-01-13 09:00:00,-0.800,1018.200,2.300,211.000,3.800,2.431
2025-01-13 10:00:00,-1.200,1018.400,2.700,215.000,4.100,3.619
2025-01-13 11:00:00,-1.600,1017.800,2.800,210.000,4.100,4.718
2025-01-13 12:00:00,-1.500,1018.200,2.700,213.000,4.100,5.502
2025-01-13 13:00:00,-0.900,1017.600,3.200,229.000,5.100,5.738
2025-01-13 14:00:00,0.500,1018.000,2.900,240.000,5.400,5.302
2025-01-13 15:00:00,2.200,1018.200,2.600,234.000,4.400,4.491
2025-01-13 16:00:00,4.300,1017.600,2.600,253.000,4.000,3.366
2025-01-13 17:00:00,6.000,1016.700,1.700,254.000,4.000,1.936
2025-01-13 18:00:00,7.400,1015.400,3.300,242.000,5.200,1.014
2025-01-13 19:00:00,8.000,1014.500,3.300,279.000,4.300,0.449
2025-01-13 20:00:00,7.700,1014.600,5.500,288.000,7.000,0.548
2025-01-13 21:00:00,7.100,1015.200,5.300,288.000,7.000,1.175
2025-01-13 22:00:00,6.500,1015.500,3.200,274.000,3.800,2.129
2025-01-13 23:00:00,6.000,1015.800,2.200,219.000,2.600,3.094
2025-01-14 00:00:00,4.300,1016.200,2.900,241.000,3.800,3.789
2025-01-14 01:00:00,2.600,1016.800,2.300,290.000,3.000,4.124
2025-01-14 02:00:00,2.800,1016.800,3.600,226.000,4.100,3.957
2025-01-14 03:00:00,1.900,1016.700,3.000,229.000,3.900,3.406
2025-01-14 04:00:00,2.700,1016.600,4.400,271.000,5.300,2.480
2025-01-14 05:00:00,2.300,1016.800,4.300,269.000,5.200,1.316
2025-01-14 06:00:00,2.600,1016.800,4.000,293.000,4.600,0.358
2025-01-14 07:00:00,2.600,1017.300,4.300,296.000,5.800,-0.141
2025-01-14 08:00:00,2.100,1017.800,4.200,288.000,5.200,0.141
2025-01-14 09:00:00,1.500,1018.200,6.200,305.000,7.800,1.020
2025-01-14 10:00:00,1.400,1018.800,10.300,317.000,13.400,1.906
2025-01-14 11:00:00,0.300,1019.600,8.400,302.000,9.100,3.048
2025-01-14 12:00:00,-0.600,1020.500,7.100,293.000,8.500,4.177
2025-01-14 13:00:00,-1.100,1021.400,9.300,304.000,10.800,4.754
2025-01-14 14:00:00,-1.700,1022.200,10.400,301.000,12.900,4.928
2025-01-14 15:00:00,-1.600,1022.600,8.900,304.000,10.500,4.367
2025-01-14 16:00:00,-1.700,1022.200,9.200,306.000,10.600,3.428
2025-01-14 17:00:00,-1.600,1021.200,8.500,311.000,10.700,2.205
2025-01-14 18:00:00,-1.100,1020.200,8.500,318.000,9.900,1.007
2025-01-14 19:00:00,-0.600,1020.000,9.200,284.000,11.300,0.131
2025-01-14 20:00:00,-0.500,1019.400,9.500,301.000,11.800,-0.164
2025-01-14 21:00:00,-0.300,1019.500,9.400,289.000,11.100,0.177
2025-01-14 22:00:00,-0.600,1019.600,6.100,292.000,7.500,0.764
2025-01-14 23:00:00,-1.800,1019.700,2.500,268.000,3.700,1.686
2025-01-15 00:00:00,-1.900,1019.800,2.000,260.000,3.100,2.562
2025-01-15 01:00:00,-1.800,1019.700,2.600,253.000,3.500,3.294
2025-01-15 02:00:00,-1.800,1020.200,3.100,266.000,4.000,3.593
2025-01-15 03:00:00,-0.900,1020.600,6.100,292.000,7.300,3.458
2025-01-15 04:00:00,-0.800,1020.800,12.200,316.000,14.300,2.881
2025-01-15 05:00:00,-2.200,1021.100,11.000,324.000,15.500,1.660
2025-01-15 06:00:00,-2.600,1021.400,12.100,319.000,14.900,0.433
2025-01-15 07:00:00,-3.400,1022.400,14.100,313.000,16.500,-0.807
2025-01-15 08:00:00,-3.600,1023.100,10.200,308.000,14.000,-1.004
2025-01-15 09:00:00,-4.100,1024.000,11.200,308.000,13.900,-0.322
2025-01-15 10:00:00,-4.400,1024.500,11.000,301.000,13.000,0.554
2025-01-15 11:00:00,-4.700,1024.800,10.200,297.000,12.100,1.572
2025-01-15 12:00:00,-5.100,1025.700,7.600,286.000,8.500,2.644
2025-01-15 13:00:00,-4.900,1026.000,9.900,294.000,11.300,3.776
2025-01-15 14:00:00,-4.300,1026.600,9.400,298.000,11.300,4.321
2025-01-15 15:00:00,-3.700,1027.000,10.700,306.000,11.700,4.308
2025-01-15 16:00:00,-2.900,1026.500,10.000,306.000,13.800,3.881
2025-01-15 17:00:00,-2.300,1025.000,11.900,304.000,14.000,2.861
2025-01-15 18:00:00,-1.600,1024.100,10.800,313.000,13.900,1.762
2025-01-15 19:00:00,-1.300,1023.400,9.700,298.000,12.200,0.627
2025-01-15 20:00:00,-0.800,1023.300,9.100,290.000,11.100,-0.131
2025-01-15 21:00:00,-0.800,1023.700,9.900,284.000,11.200,-0.164
2025-01-15 22:00:00,-1.100,1024.000,8.100,281.000,11.600,0.325
2025-01-15 23:00:00,-1.700,1024.400,5.900,277.000,7.500,1.024
2025-01-16 00:00:00,-2.100,1024.600,5.700,270.000,7.400,1.969
2025-01-16 01:00:00,-2.100,1024.800,6.700,276.000,8.500,2.949
2025-01-16 02:00:00,-2.800,1024.700,5.300,272.000,6.400,3.514
2025-01-16 03:00:00,-2.600,1024.900,6.600,284.000,8.100,3.757
2025-01-16 04:00:00,-3.200,1024.900,5.300,285.000,6.200,3.501
2025-01-16 05:00:00,-4.400,1024.300,3.700,262.000,5.000,2.746
2025-01-16 06:00:00,-4.300,1023.700,4.400,278.000,5.300,1.824
2025-01-16 07:00:00,-4.800,1023.500,4.300,275.000,6.000,0.846
2025-01-16 08:00:00,-5.100,1023.200,4.600,275.000,6.600,0.279
2025-01-16 09:00:00,-5.600,1022.500,4.000,270.000,5.600,0.367
2025-01-16 10:00:00,-6.200,1022.300,3.500,258.000,5.100,0.892
2025-01-16 11:00:00,-6.500,1021.500,2.500,258.000,3.500,1.745
2025-01-16 12:00:00,-6.900,1021.300,2.600,222.000,3.100,2.884
2025-01-16 13:00:00,-6.000,1021.200,1.500,279.000,2.600,4.114
2025-01-16 14:00:00,-3.600,1020.200,2.100,1.000,2.800,5.036
2025-01-16 15:00:00,-3.400,1020.200,1.700,266.000,2.000,5.341
2025-01-16 16:00:00,-3.000,1018.800,2.100,184.000,2.900,5.049
2025-01-16 17:00:00,-2.000,1016.600,3.000,207.000,5.000,4.236
2025-01-16 18:00:00,-0.900,1014.400,2.200,205.000,5.900,3.268
2025-01-16 19:00:00,-0.600,1012.700,3.800,189.000,5.500,2.103
2025-01-16 20:00:00,0.400,1012.100,1.800,208.000,3.200,1.132
2025-01-16 21:00:00,1.200,1011.200,1.900,231.000,3.600,0.620
2025-01-16 22:00:00,0.600,1010.900,2.900,221.000,4.000,0.768
2025-01-16 23:00:00,-0.100,1010.900,1.600,207.000,3.000,1.181
2025-01-17 00:00:00,0.000,1010.900,2.700,228.000,4.000,2.080
2025-01-17 01:00:00,0.500,1011.500,2.800,280.000,3.500,2.861
2025-01-17 02:00:00,0.600,1011.900,3.800,307.000,4.400,3.533
2025-01-17 03:00:00,0.200,1012.300,3.200,282.000,4.200,3.901
2025-01-17 04:00:00,0.600,1012.800,3.400,308.000,4.000,3.953
2025-01-17 05:00:00,1.400,1013.300,5.800,321.000,6.600,3.517
2025-01-17 06:00:00,1.200,1014.100,9.200,328.000,11.200,2.812
2025-01-17 07:00:00,1.100,1015.100,9.100,321.000,10.900,1.657
2025-01-17 08:00:00,0.300,1015.800,7.200,313.000,8.700,0.741
2025-01-17 09:00:00,0.300,1016.400,7.900,316.000,9.900,0.282
2025-01-17 10:00:00,0.300,1017.000,6.100,328.000,7.600,0.472
2025-01-17 11:00:00,0.100,1018.100,5.100,294.000,6.700,1.325
2025-01-17 12:00:00,-1.300,1019.500,3.100,241.000,5.000,2.172
2025-01-17 13:00:00,-1.100,1020.700,3.500,251.000,5.000,3.360
2025-01-17 14:00:00,0.600,1021.700,3.900,256.000,5.900,4.419
2025-01-17 15:00:00,2.200,1022.400,4.600,272.000,5.700,4.993
2025-01-17 16:00:00,3.400,1022.200,6.000,283.000,9.700,5.052
2025-01-17 17:00:00,3.800,1021.500,7.800,293.000,9.600,4.636
2025-01-17 18:00:00,4.100,1020.700,6.200,307.000,8.200,3.855
2025-01-17 19:00:00,4.200,1020.100,5.000,312.000,5.800,2.759
2025-01-17 20:00:00,4.800,1020.200,3.400,298.000,4.000,1.614
2025-01-17 21:00:00,5.300,1020.600,2.100,284.000,2.900,0.873
2025-01-17 22:00:00,4.700,1021.300,1.700,233.000,2.500,0.850
2025-01-17 23:00:00,3.400,1021.900,1.800,219.000,2.300,1.096
2025-01-18 00:00:00,2.700,1021.900,1.900,190.000,2.100,1.509
2025-01-18 01:00:00,1.800,1022.000,2.300,175.000,3.300,2.343
2025-01-18 02:00:00,1.800,1021.900,2.500,172.000,3.300,3.169
2025-01-18 03:00:00,2.100,1022.000,2.900,179.000,4.600,3.934
2025-01-18 04:00:00,2.000,1022.000,2.400,197.000,4.800,4.242
2025-01-18 05:00:00,2.000,1021.400,2.400,188.000,3.700,4.075
2025-01-18 06:00:00,2.200,1020.400,2.700,183.000,4.500,3.491
2025-01-18 07:00:00,2.500,1020.300,2.400,178.000,3.800,2.667
2025-01-18 08:00:00,3.000,1019.800,3.000,175.000,4.600,1.677
2025-01-18 09:00:00,2.900,1019.000,2.400,163.000,4.100,0.994
2025-01-18 10:00:00,3.200,1018.400,2.100,179.000,3.500,0.673
2025-01-18 11:00:00,3.600,1018.100,3.000,156.000,4.100,0.948
2025-01-18 12:00:00,4.300,1018.000,2.800,170.000,4.400,1.568
2025-01-18 13:00:00,5.200,1017.100,3.200,174.000,4.700,2.526
2025-01-18 14:00:00,6.400,1016.400,3.000,172.000,6.100,3.566
2025-01-18 15:00:00,7.600,1015.500,5.600,171.000,7.300,4.413
2025-01-18 16:00:00,8.700,1013.600,4.300,173.000,5.600,4.872
2025-01-18 17:00:00,8.500,1011.900,2.400,167.000,5.100,4.770
2025-01-18 18:00:00,9.200,1009.900,3.700,180.000,5.700,4.400
2025-01-18 19:00:00,10.000,1009.700,1.900,214.000,3.200,3.638
2025-01-18 20:00:00,10.500,1008.500,1.900,222.000,3.100,2.605
2025-01-18 21:00:00,9.900,1008.400,1.100,230.000,1.800,1.581
2025-01-18 22:00:00,9.400,1008.300,1.700,187.000,3.300,1.089
2025-01-18 23:00:00,8.500,1008.500,2.100,194.000,3.100,1.040
2025-01-19 00:00:00,7.500,1009.000,1.800,227.000,2.300,1.414
2025-01-19 01:00:00,6.000,1009.100,0.000,310.000,0.500,2.047
2025-01-19 02:00:00,4.000,1009.600,1.000,270.000,1.300,2.943
2025-01-19 03:00:00,4.700,1009.700,0.700,278.000,1.000,3.776
2025-01-19 04:00:00,3.900,1009.800,0.600,310.000,0.900,4.236
2025-01-19 05:00:00,3.000,1009.900,1.100,288.000,1.200,4.485
2025-01-19 06:00:00,2.700,1009.900,1.400,300.000,1.500,4.311
2025-01-19 07:00:00,2.900,1009.600,1.200,300.000,1.400,3.717
2025-01-19 08:00:00,2.900,1009.800,1.100,249.000,1.300,2.835
2025-01-19 09:00:00,2.900,1010.000,1.900,276.000,2.000,2.057
2025-01-19 10:00:00,2.200,1010.200,2.000,295.000,2.300,1.417
2025-01-19 11:00:00,2.100,1010.100,0.900,308.000,1.100,1.266
2025-01-19 12:00:00,2.400,1010.900,0.400,293.000,1.500,1.552
2025-01-19 13:00:00,2.300,1011.000,0.400,27.000,1.800,2.192
2025-01-19 14:00:00,2.700,1011.000,0.000,339.000,0.300,2.999
2025-01-19 15:00:00,2.800,1010.700,1.700,31.000,2.200,3.950
2025-01-19 16:00:00,2.900,1009.800,1.100,45.000,2.100,4.518
2025-01-19 17:00:00,2.900,1008.100,1.800,52.000,2.600,4.813
2025-01-19 18:00:00,2.700,1005.800,3.700,32.000,4.400,4.731
2025-01-19 19:00:00,2.800,1004.500,2.800,26.000,3.200,4.104
2025-01-19 20:00:00,2.900,1003.600,1.600,40.000,2.300,3.323
2025-01-19 21:00:00,3.400,1002.300,1.700,51.000,2.800,2.356
2025-01-19 22:00:00,2.900,1002.400,5.200,320.000,6.100,1.959
2025-01-19 23:00:00,1.400,1004.600,11.500,332.000,12.900,1.673
2025-01-20 00:00:00,-0.400,1006.600,13.800,337.000,17.000,1.640
2025-01-20 01:00:00,-0.200,1006.900,10.700,333.000,14.000,1.644
2025-01-20 02:00:00,0.100,1008.600,10.700,316.000,13.600,2.057
2025-01-20 03:00:00,-0.800,1010.500,10.900,301.000,13.200,2.631
2025-01-20 04:00:00,-1.500,1012.200,13.000,303.000,15.700,3.547
2025-01-20 05:00:00,-2.100,1013.600,12.100,305.000,16.100,3.976
2025-01-20 06:00:00,-2.300,1014.600,14.400,310.000,17.300,4.114
2025-01-20 07:00:00,-3.000,1016.400,11.700,303.000,14.800,3.563
2025-01-20 08:00:00,-3.200,1018.100,10.800,312.000,13.100,2.700
2025-01-20 09:00:00,-3.400,1019.100,11.800,308.000,13.300,2.005
2025-01-20 10:00:00,-3.700,1020.800,9.200,307.000,11.100,1.375
2025-01-20 11:00:00,-4.000,1022.000,7.500,312.000,9.200,0.820
2025-01-20 12:00:00,-3.700,1023.300,8.400,320.000,9.400,0.682
2025-01-20 13:00:00,-3.800,1024.800,5.900,311.000,6.900,1.129
2025-01-20 14:00:00,-3.600,1025.500,6.400,308.000,7.400,1.955
2025-01-20 15:00:00,-3.100,1026.700,7.500,337.000,9.400,2.799
2025-01-20 16:00:00,-3.000,1027.800,6.400,327.000,9.200,3.445
2025-01-20 17:00:00,-2.700,1027.600,6.200,304.000,7.300,3.760
2025-01-20 18:00:00,-3.000,1027.100,5.400,329.000,6.300,3.822
2025-01-20 19:00:00,-2.600,1027.500,5.700,320.000,7.400,3.530
2025-01-20 20:00:00,-2.700,1028.300,8.700,314.000,10.400,2.936
2025-01-20 21:00:00,-2.400,1029.300,10.000,297.000,11.500,2.080
2025-01-20 22:00:00,-2.900,1030.100,9.400,307.000,11.100,1.181
2025-01-20 23:00:00,-3.900,1030.900,8.300,307.000,10.200,0.463
2025-01-21 00:00:00,-4.300,1032.100,9.700,304.000,10.500,0.213
2025-01-21 01:00:00,-4.800,1033.000,9.200,315.000,11.400,0.364
2025-01-21 02:00:00,-5.400,1034.000,9.000,315.000,10.800,0.755
2025-01-21 03:00:00,-5.600,1034.800,9.600,319.000,11.600,1.375
2025-01-21 04:00:00,-5.900,1035.300,9.000,319.000,11.300,2.083
2025-01-21 05:00:00,-6.500,1035.800,9.400,324.000,12.100,2.723
2025-01-21 06:00:00,-6.900,1035.600,9.400,324.000,11.600,3.031
2025-01-21 07:00:00,-7.500,1035.600,8.200,330.000,11.700,3.045
2025-01-21 08:00:00,-7.900,1036.000,9.400,327.000,12.500,2.713
2025-01-21 09:00:00,-8.000,1035.800,7.600,324.000,9.900,2.195
2025-01-21 10:00:00,-8.200,1036.800,6.000,296.000,7.800,1.430
2025-01-21 11:00:00,-8.600,1037.500,6.400,296.000,8.200,0.810
2025-01-21 12:00:00,-8.500,1037.400,8.600,311.000,10.300,0.420
2025-01-21 13:00:00,-8.300,1037.600,8.600,322.000,11.300,0.499
2025-01-21 14:00:00,-8.100,1037.400,7.400,333.000,10.100,0.778
2025-01-21 15:00:00,-8.200,1037.900,8.500,319.000,10.100,1.276
2025-01-21 16:00:00,-8.200,1037.000,8.400,328.000,9.800,1.991
2025-01-21 17:00:00,-8.100,1035.900,6.200,311.000,8.000,2.677
2025-01-21 18:00:00,-8.000,1035.200,4.100,309.000,6.000,2.949
2025-01-21 19:00:00,-7.700,1033.200,1.900,318.000,3.400,2.940
2025-01-21 20:00:00,-7.300,1032.600,4.700,326.000,6.800,2.766
2025-01-21 21:00:00,-7.100,1033.200,5.200,319.000,6.700,2.146
2025-01-21 22:00:00,-6.800,1033.000,4.400,319.000,6.600,1.578
2025-01-21 23:00:00,-6.900,1033.800,6.000,293.000,7.100,0.784
2025-01-22 00:00:00,-6.700,1034.000,6.100,315.000,7.800,0.315
2025-01-22 01:00:00,-7.900,1034.100,8.400,301.000,9.800,0.230
2025-01-22 02:00:00,-8.000,1032.600,6.800,319.000,8.100,0.423
2025-01-22 03:00:00,-7.500,1032.800,5.200,327.000,6.800,0.876
2025-01-22 04:00:00,-7.200,1032.800,4.200,305.000,6.600,1.706
2025-01-22 05:00:00,-5.900,1032.800,7.900,350.000,11.200,2.621
2025-01-22 06:00:00,-5.800,1032.800,9.600,3.000,11.600,3.110
2025-01-22 07:00:00,-5.600,1033.800,7.800,349.000,10.200,3.219
2025-01-22 08:00:00,-5.800,1032.400,9.300,4.000,10.800,3.196
2025-01-22 09:00:00,-6.100,1032.300,10.200,360.000,12.000,3.005
2025-01-22 10:00:00,-6.400,1032.600,9.000,3.000,10.200,2.523
2025-01-22 11:00:00,-6.600,1032.500,8.100,17.000,10.300,1.886
2025-01-22 12:00:00,-6.800,1033.100,8.900,16.000,11.700,1.378
2025-01-22 13:00:00,-7.100,1032.700,8.200,26.000,10.200,1.089
2025-01-22 14:00:00,-7.700,1033.600,7.900,26.000,10.400,1.230
2025-01-22 15:00:00,-7.900,1034.300,7.400,5.000,9.700,1.467
2025-01-22 16:00:00,-7.900,1034.700,8.000,346.000,9.400,1.982
2025-01-22 17:00:00,-7.800,1034.200,7.900,338.000,10.100,2.526
2025-01-22 18:00:00,-7.900,1034.000,6.700,330.000,9.400,2.933
2025-01-22 19:00:00,-7.400,1033.600,5.500,325.000,7.000,3.209
2025-01-22 20:00:00,-7.100,1033.600,3.700,345.000,4.400,3.074
2025-01-22 21:00:00,-6.900,1033.400,3.900,338.000,4.900,2.904
2025-01-22 22:00:00,-6.800,1033.400,2.800,340.000,3.400,2.395
2025-01-22 23:00:00,-7.100,1033.500,0.800,250.000,1.500,1.857
2025-01-23 00:00:00,-7.700,1033.600,1.700,254.000,2.200,1.257
2025-01-23 01:00:00,-7.700,1032.900,1.700,274.000,2.500,0.974
2025-01-23 02:00:00,-8.300,1032.800,2.100,263.000,2.500,0.873
2025-01-23 03:00:00,-8.600,1033.200,3.200,272.000,3.700,1.115
2025-01-23 04:00:00,-9.000,1032.000,2.500,274.000,3.500,1.601
2025-01-23 05:00:00,-9.100,1031.500,3.000,279.000,3.900,2.385
2025-01-23 06:00:00,-8.200,1031.200,3.200,282.000,4.900,3.192
2025-01-23 07:00:00,-8.000,1031.000,3.600,287.000,4.200,3.619
2025-01-23 08:00:00,-8.800,1030.200,3.400,272.000,3.900,3.980
2025-01-23 09:00:00,-8.000,1029.100,2.600,280.000,2.900,3.967
2025-01-23 10:00:00,-5.300,1029.100,3.500,331.000,4.500,3.527
2025-01-23 11:00:00,-7.900,1028.800,2.400,274.000,2.800,2.943
2025-01-23 12:00:00,-8.400,1028.700,1.100,262.000,1.700,2.277
2025-01-23 13:00:00,-8.400,1028.200,1.300,261.000,1.500,1.729
2025-01-23 14:00:00,-5.400,1028.000,2.900,303.000,3.500,1.417
2025-01-23 15:00:00,-5.500,1028.000,4.000,315.000,4.500,1.480
2025-01-23 16:00:00,-5.200,1027.300,4.000,318.000,4.800,1.729
2025-01-23 17:00:00,-4.800,1026.000,4.400,324.000,5.300,2.083
2025-01-23 18:00:00,-4.400,1024.700,3.700,333.000,4.800,2.579
2025-01-23 19:00:00,-3.800,1023.900,2.800,343.000,3.600,3.005
2025-01-23 20:00:00,-3.400,1022.900,3.000,6.000,3.400,3.146
2025-01-23 21:00:00,-3.100,1022.800,2.200,3.000,3.400,3.176
2025-01-23 22:00:00,-3.000,1022.600,0.000,310.000,0.400,2.963
2025-01-23 23:00:00,-3.300,1023.000,0.900,260.000,0.900,2.510
2025-01-24 00:00:00,-3.100,1023.100,1.900,240.000,2.000,1.962
2025-01-24 01:00:00,-3.900,1023.100,1.900,225.000,2.200,1.250
2025-01-24 02:00:00,-4.500,1023.000,2.300,239.000,3.100,0.863
2025-01-24 03:00:00,-4.900,1023.000,2.100,248.000,3.000,0.741
2025-01-24 04:00:00,-5.000,1022.800,3.000,231.000,4.100,1.070
2025-01-24 05:00:00,-4.600,1022.500,3.500,240.000,5.000,1.654
2025-01-24 06:00:00,-4.000,1022.400,3.100,243.000,5.000,2.241
2025-01-24 07:00:00,-4.500,1022.900,2.400,260.000,3.900,2.913
2025-01-24 08:00:00,-4.400,1023.100,3.000,266.000,3.800,3.406
2025-01-24 09:00:00,-3.900,1023.100,3.100,283.000,3.600,3.629
2025-01-24 10:00:00,-4.600,1023.500,2.600,269.000,3.100,3.396
2025-01-24 11:00:00,-5.000,1023.900,1.700,255.000,2.100,2.949
2025-01-24 12:00:00,-5.200,1024.700,2.200,248.000,2.700,2.352
2025-01-24 13:00:00,-4.300,1024.300,1.200,241.000,1.600,1.690
2025-01-24 14:00:00,-2.500,1025.000,0.700,251.000,1.600,1.220
2025-01-24 15:00:00,-1.200,1025.700,2.700,275.000,3.000,0.876
2025-01-24 16:00:00,-1.000,1025.500,2.700,295.000,3.100,0.778
2025-01-24 17:00:00,-0.900,1024.500,3.400,5.000,4.100,1.037
2025-01-24 18:00:00,-0.700,1023.700,2.700,10.000,3.200,1.430
2025-01-24 19:00:00,-0.100,1022.700,2.200,7.000,2.600,1.909
2025-01-24 20:00:00,0.700,1022.600,0.500,31.000,1.000,2.343
2025-01-24 21:00:00,0.800,1023.000,0.400,8.000,1.400,2.690
2025-01-24 22:00:00,0.900,1023.600,3.400,304.000,3.900,2.812
2025-01-24 23:00:00,0.500,1024.400,2.900,315.000,3.600,2.631
2025-01-25 00:00:00,-0.300,1025.200,2.600,277.000,3.000,2.123
2025-01-25 01:00:00,-0.500,1025.500,1.200,263.000,1.400,1.535
2025-01-25 02:00:00,-0.600,1025.800,2.000,266.000,2.100,0.945
2025-01-25 03:00:00,-1.400,1026.500,2.100,275.000,2.400,0.594
2025-01-25 04:00:00,-2.000,1026.600,1.700,281.000,1.800,0.755
2025-01-25 05:00:00,-2.600,1027.000,1.100,286.000,1.200,1.155
2025-01-25 06:00:00,-3.600,1027.100,1.300,283.000,1.500,1.706
2025-01-25 07:00:00,-4.000,1027.900,2.000,284.000,2.200,2.549
2025-01-25 08:00:00,-2.600,1028.000,2.200,304.000,2.600,3.383
2025-01-25 09:00:00,-2.000,1028.200,2.800,303.000,3.500,3.996
2025-01-25 10:00:00,-1.500,1028.700,5.100,333.000,5.900,4.186
2025-01-25 11:00:00,-1.600,1029.500,4.600,330.000,5.400,3.901
2025-01-25 12:00:00,-4.900,1030.200,1.600,265.000,2.400,3.445
2025-01-25 13:00:00,-4.400,1030.500,1.600,274.000,1.900,2.759
2025-01-25 14:00:00,-3.000,1031.200,2.100,289.000,2.500,1.995
2025-01-25 15:00:00,-1.300,1031.300,0.200,311.000,0.900,1.220
2025-01-25 16:00:00,-1.200,1030.800,1.300,332.000,1.600,0.764
2025-01-25 17:00:00,-0.900,1030.400,1.200,21.000,1.500,0.686
2025-01-25 18:00:00,-0.600,1029.000,1.800,35.000,2.500,0.958
2025-01-25 19:00:00,2.100,1028.300,3.200,288.000,4.900,1.434
2025-01-25 20:00:00,3.200,1027.400,4.500,245.000,7.200,1.877
2025-01-25 21:00:00,3.100,1027.200,1.900,180.000,3.200,2.470
2025-01-25 22:00:00,3.000,1026.900,2.700,236.000,4.000,2.828
2025-01-25 23:00:00,1.600,1027.500,2.300,242.000,3.100,2.900
2025-01-26 00:00:00,-0.100,1027.200,2.500,186.000,4.000,2.539
2025-01-26 01:00:00,-0.100,1027.000,2.100,200.000,4.100,1.900
2025-01-26 02:00:00,0.600,1026.700,3.400,215.000,4.900,1.017
2025-01-26 03:00:00,1.000,1026.600,3.400,208.000,5.500,0.377
2025-01-26 04:00:00,1.800,1026.000,4.100,220.000,6.900,0.069
2025-01-26 05:00:00,2.900,1025.600,4.600,230.000,7.300,0.223
2025-01-26 06:00:00,2.500,1024.500,4.700,228.000,8.200,0.620
2025-01-26 07:00:00,2.200,1024.000,5.100,233.000,7.300,1.302
2025-01-26 08:00:00,2.400,1023.500,4.900,234.000,6.900,2.201
2025-01-26 09:00:00,3.200,1023.100,5.800,253.000,7.900,3.031
2025-01-26 10:00:00,2.500,1023.200,4.600,254.000,7.600,3.547
2025-01-26 11:00:00,1.900,1023.000,3.900,240.000,5.900,3.698
2025-01-26 12:00:00,2.200,1023.300,4.000,243.000,5.200,3.409
2025-01-26 13:00:00,3.000,1023.300,3.900,241.000,6.400,2.848
2025-01-26 14:00:00,3.900,1023.700,4.100,244.000,5.200,2.175
2025-01-26 15:00:00,5.600,1023.900,4.800,258.000,6.700,1.243
2025-01-26 16:00:00,6.700,1023.600,4.400,254.000,6.000,0.443
2025-01-26 17:00:00,7.600,1023.100,4.900,265.000,7.000,-0.043
2025-01-26 18:00:00,6.400,1022.700,6.000,294.000,7.600,0.013
2025-01-26 19:00:00,5.700,1022.500,6.800,302.000,8.100,0.285
2025-01-26 20:00:00,5.600,1022.400,4.800,295.000,5.500,0.863
2025-01-26 21:00:00,5.500,1022.400,4.900,289.000,5.800,1.552
2025-01-26 22:00:00,6.400,1022.800,1.700,272.000,2.500,2.211
2025-01-26 23:00:00,5.700,1022.900,2.100,251.000,2.500,2.575
2025-01-27 00:00:00,5.300,1023.100,2.200,237.000,2.600,2.546
2025-01-27 01:00:00,4.500,1023.200,2.400,221.000,2.600,2.257
2025-01-27 02:00:00,3.700,1022.600,2.200,198.000,2.500,1.565
2025-01-27 03:00:00,3.200,1022.400,2.400,198.000,3.200,0.774
2025-01-27 04:00:00,2.700,1022.200,3.000,208.000,3.700,0.138
2025-01-27 05:00:00,2.800,1021.600,2.800,202.000,3.100,-0.118
2025-01-27 06:00:00,0.800,1020.800,0.000,204.000,0.000,0.161
2025-01-27 07:00:00,-0.300,1020.300,1.000,297.000,1.400,0.751
2025-01-27 08:00:00,0.000,1020.400,0.800,241.000,1.100,1.729
2025-01-27 09:00:00,-0.300,1019.300,0.000,233.000,0.800,2.802
2025-01-27 10:00:00,-0.600,1019.300,0.300,92.000,1.500,3.770
2025-01-27 11:00:00,0.300,1019.300,1.500,258.000,1.800,4.308
2025-01-27 12:00:00,-0.300,1019.600,1.500,247.000,2.000,4.501
2025-01-27 13:00:00,2.400,1020.200,3.200,272.000,3.700,4.111
2025-01-27 14:00:00,3.000,1020.900,3.700,283.000,4.100,3.543
2025-01-27 15:00:00,3.200,1021.100,2.800,322.000,3.300,2.523
2025-01-27 16:00:00,2.900,1020.100,2.300,13.000,2.600,1.401
2025-01-27 17:00:00,2.600,1018.900,1.600,60.000,1.700,0.512
2025-01-27 18:00:00,3.500,1017.000,2.100,94.000,2.700,0.171
2025-01-27 19:00:00,5.000,1015.600,3.200,107.000,4.100,0.413
2025-01-27 20:00:00,4.500,1014.300,4.400,157.000,6.500,0.902
2025-01-27 21:00:00,5.100,1013.500,2.400,133.000,5.400,1.621
2025-01-27 22:00:00,4.000,1013.000,1.800,181.000,3.000,2.615
2025-01-27 23:00:00,4.300,1012.100,3.300,181.000,4.700,3.268
2025-01-28 00:00:00,3.600,1011.500,2.600,193.000,4.000,3.399
2025-01-28 01:00:00,3.000,1010.500,3.200,191.000,5.100,3.274
2025-01-28 02:00:00,2.900,1009.800,2.400,199.000,4.000,2.618
2025-01-28 03:00:00,3.100,1008.800,3.300,217.000,4.900,1.795
2025-01-28 04:00:00,3.500,1007.700,3.700,228.000,5.100,0.781
2025-01-28 05:00:00,3.100,1006.900,3.300,225.000,4.800,-0.043
2025-01-28 06:00:00,3.200,1006.000,3.800,235.000,5.700,-0.305
2025-01-28 07:00:00,4.500,1005.400,5.200,257.000,7.000,0.049
2025-01-28 08:00:00,3.800,1005.300,4.000,250.000,5.300,0.814
2025-01-28 09:00:00,4.300,1004.500,4.600,251.000,6.500,1.824
2025-01-28 10:00:00,4.900,1004.500,5.100,255.000,6.900,2.851
2025-01-28 11:00:00,4.600,1004.900,5.900,262.000,9.400,3.665
2025-01-28 12:00:00,3.900,1005.900,5.200,266.000,6.900,4.255
2025-01-28 13:00:00,3.600,1006.800,6.200,279.000,7.300,4.281
2025-01-28 14:00:00,4.800,1007.500,6.600,268.000,9.800,3.832
2025-01-28 15:00:00,6.200,1008.100,9.700,283.000,12.600,2.815
2025-01-28 16:00:00,6.300,1008.100,9.500,288.000,15.700,1.644
2025-01-28 17:00:00,6.000,1007.800,11.400,289.000,14.500,0.397
2025-01-28 18:00:00,6.100,1007.700,7.900,302.000,10.600,-0.486
2025-01-28 19:00:00,6.900,1007.400,9.300,294.000,10.800,-0.653
2025-01-28 20:00:00,7.200,1007.200,8.800,294.000,10.200,-0.381
2025-01-28 21:00:00,7.200,1007.100,5.900,286.000,8.700,0.308
2025-01-28 22:00:00,8.200,1007.700,2.300,249.000,3.000,1.407
2025-01-28 23:00:00,6.300,1007.800,1.900,178.000,2.300,2.480
2025-01-29 00:00:00,5.700,1008.000,2.200,189.000,2.700,3.051
2025-01-29 01:00:00,5.200,1007.500,2.800,182.000,3.900,3.294
2025-01-29 02:00:00,5.600,1006.600,3.100,193.000,4.600,2.982
2025-01-29 03:00:00,5.900,1005.500,4.000,194.000,7.000,2.326
2025-01-29 04:00:00,6.400,1005.000,3.500,208.000,5.600,1.434
2025-01-29 05:00:00,7.600,1004.300,4.000,221.000,5.400,0.413
2025-01-29 06:00:00,7.500,1003.000,4.900,218.000,8.400,-0.387
2025-01-29 07:00:00,6.600,1002.500,4.500,227.000,6.400,-0.518
2025-01-29 08:00:00,6.300,1002.200,3.900,231.000,6.600,-0.085
2025-01-29 09:00:00,7.100,1001.900,5.200,240.000,8.400,0.951
2025-01-29 10:00:00,7.600,1001.800,5.000,237.000,7.000,2.054
2025-01-29 11:00:00,7.600,1002.200,4.600,246.000,7.200,3.248
2025-01-29 12:00:00,7.300,1002.400,4.500,245.000,7.400,4.252
2025-01-29 13:00:00,7.300,1002.300,2.800,233.000,4.300,4.672
2025-01-29 14:00:00,8.900,1002.600,5.500,245.000,7.300,4.580
2025-01-29 15:00:00,10.600,1002.700,7.000,258.000,11.000,4.068
2025-01-29 16:00:00,12.500,1002.200,6.200,250.000,9.400,3.097
2025-01-29 17:00:00,14.000,1001.100,5.000,256.000,9.000,1.844
2025-01-29 18:00:00,14.400,1000.600,8.900,272.000,10.800,0.617
2025-01-29 19:00:00,12.500,1001.000,10.300,284.000,14.000,-0.210
2025-01-29 20:00:00,12.000,1002.100,10.200,292.000,14.700,-0.302
2025-01-29 21:00:00,9.200,1003.800,7.600,316.000,9.700,0.433
2025-01-29 22:00:00,9.100,1005.300,10.000,309.000,14.100,1.339
2025-01-29 23:00:00,7.000,1007.200,8.000,312.000,9.800,2.339
2025-01-30 00:00:00,7.000,1009.000,5.400,293.000,7.100,3.196
2025-01-30 01:00:00,6.900,1010.300,6.800,302.000,7.900,3.583
2025-01-30 02:00:00,6.800,1011.600,5.700,290.000,6.800,3.658
2025-01-30 03:00:00,6.100,1012.700,5.200,287.000,6.000,3.255
2025-01-30 04:00:00,4.300,1014.200,5.300,327.000,6.900,2.448
2025-01-30 05:00:00,3.900,1015.400,5.000,318.000,5.700,1.345
2025-01-30 06:00:00,3.200,1016.300,4.300,293.000,5.100,0.112
2025-01-30 07:00:00,3.500,1017.300,4.600,297.000,5.300,-0.682
2025-01-30 08:00:00,3.300,1018.200,3.600,302.000,4.000,-0.725
2025-01-30 09:00:00,3.200,1019.400,3.800,300.000,4.400,0.125
2025-01-30 10:00:00,3.000,1020.600,5.000,339.000,6.600,1.194
2025-01-30 11:00:00,2.600,1021.900,3.500,343.000,4.600,2.238
2025-01-30 12:00:00,2.500,1023.500,4.700,336.000,5.500,3.448
2025-01-30 13:00:00,2.500,1024.400,3.600,331.000,4.900,4.324
2025-01-30 14:00:00,2.500,1025.600,3.400,333.000,4.000,4.688
2025-01-30 15:00:00,2.400,1026.000,2.800,360.000,3.400,4.364
2025-01-30 16:00:00,2.500,1026.200,2.700,1.000,3.100,3.625
2025-01-30 17:00:00,2.600,1026.600,2.100,19.000,2.400,2.388
2025-01-30 18:00:00,2.700,1025.300,3.200,64.000,3.800,1.070
2025-01-30 19:00:00,3.000,1025.500,3.600,59.000,4.000,-0.128
2025-01-30 20:00:00,4.200,1024.300,1.900,75.000,3.000,-0.650
2025-01-30 21:00:00,4.400,1024.900,4.600,151.000,6.300,-0.387
2025-01-30 22:00:00,3.500,1024.900,4.400,168.000,5.800,0.374
2025-01-30 23:00:00,3.200,1024.700,3.100,154.000,4.600,1.493
2025-01-31 00:00:00,3.500,1024.700,3.700,161.000,5.500,2.654
2025-01-31 01:00:00,3.800,1025.200,2.500,171.000,4.300,3.432
2025-01-31 02:00:00,4.300,1024.700,2.300,161.000,3.500,3.845
2025-01-31 03:00:00,5.300,1023.600,2.900,166.000,4.900,3.665
2025-01-31 04:00:00,6.900,1023.200,4.800,177.000,7.100,3.091
2025-01-31 05:00:00,7.300,1022.200,5.400,175.000,6.600,2.205
2025-01-31 06:00:00,7.500,1021.400,3.100,180.000,6.400,0.991
2025-01-31 07:00:00,8.400,1021.200,4.000,205.000,5.900,-0.180
2025-01-31 08:00:00,8.100,1020.900,2.100,193.000,4.600,-0.636
2025-01-31 09:00:00,7.000,1019.200,1.900,148.000,3.100,-0.302
2025-01-31 10:00:00,6.700,1018.200,2.800,173.000,3.400,0.489
2025-01-31 11:00:00,7.200,1017.300,1.900,196.000,3.700,1.585
2025-01-31 12:00:00,6.000,1016.800,3.600,347.000,4.100,2.979
2025-01-31 13:00:00,7.000,1016.200,1.400,110.000,1.800,4.239
2025-01-31 14:00:00,7.900,1016.000,1.800,200.000,2.900,5.079
2025-01-31 15:00:00,9.300,1014.700,4.200,231.000,6.300,5.121
2025-01-31 16:00:00,11.300,1013.600,4.500,233.000,7.700,4.590
2025-01-31 17:00:00,12.100,1012.700,3.800,248.000,6.900,3.622
2025-01-31 18:00:00,12.800,1011.000,7.600,242.000,14.400,2.503
2025-01-31 19:00:00,12.700,1010.500,5.000,245.000,9.800,1.017
2025-01-31 20:00:00,13.300,1008.800,5.000,224.000,8.400,-0.138
2025-01-31 21:00:00,14.200,1007.900,4.900,206.000,7.600,-0.397
2025-01-31 22:00:00,14.400,1007.700,3.400,223.000,7.000,0.230
2025-02-01 00:00:00,14.900,1008.000,5.300,237.000,8.400,2.077
2025-02-01 01:00:00,14.700,1007.300,4.100,233.000,6.500,3.166
2025-02-01 02:00:00,14.400,1006.900,3.800,234.000,7.000,3.950
2025-02-01 03:00:00,13.400,1006.700,3.300,254.000,4.800,4.131
2025-02-01 04:00:00,12.900,1005.600,2.400,212.000,4.500,4.144
2025-02-01 05:00:00,13.000,1005.600,3.100,219.000,5.100,3.337
2025-02-01 06:00:00,13.000,1005.300,3.500,224.000,5.500,2.346
2025-02-01 07:00:00,12.900,1003.900,2.300,236.000,4.600,1.115
2025-02-01 08:00:00,12.700,1003.300,2.300,235.000,3.800,0.020
2025-02-01 09:00:00,12.300,1004.400,3.600,259.000,4.100,-0.210
2025-02-01 10:00:00,11.900,1004.700,4.400,277.000,5.300,0.187
2025-02-01 11:00:00,9.700,1005.700,6.800,305.000,7.500,0.958
2025-02-01 12:00:00,6.400,1009.200,11.400,338.000,14.100,2.162
2025-02-01 13:00:00,4.900,1013.300,8.000,336.000,10.500,3.317
2025-02-01 14:00:00,4.500,1016.000,10.100,340.000,11.300,4.252
2025-02-01 15:00:00,4.000,1018.200,10.900,348.000,13.900,4.593
2025-02-01 16:00:00,3.600,1020.100,11.900,344.000,14.400,4.377
2025-02-01 17:00:00,3.200,1020.900,12.400,339.000,14.200,3.829
2025-02-01 18:00:00,3.500,1021.900,10.800,344.000,13.600,3.045
2025-02-01 19:00:00,3.600,1022.800,9.000,359.000,12.100,1.781
2025-02-01 20:00:00,3.500,1024.600,8.600,350.000,10.500,0.587
2025-02-01 21:00:00,3.700,1025.900,8.300,356.000,9.600,-0.259
2025-02-01 22:00:00,3.600,1026.800,9.500,1.000,11.800,-0.128
2025-02-01 23:00:00,3.300,1028.100,8.400,351.000,10.700,0.640
2025-02-02 00:00:00,3.000,1029.200,10.000,359.000,11.600,1.624
2025-02-02 01:00:00,2.300,1029.800,9.400,6.000,11.400,2.776
2025-02-02 02:00:00,1.600,1030.900,8.900,20.000,10.800,3.944
2025-02-02 03:00:00,0.800,1031.700,9.600,35.000,11.100,4.780
2025-02-02 04:00:00,0.000,1032.200,9.900,46.000,11.100,5.052
2025-02-02 05:00:00,-1.000,1032.900,8.500,43.000,10.600,4.718
2025-02-02 06:00:00,-1.600,1033.500,8.300,48.000,9.200,4.003
2025-02-02 07:00:00,-1.800,1033.200,6.800,51.000,7.800,2.904
2025-02-02 08:00:00,-2.100,1033.700,7.400,38.000,8.700,1.762
2025-02-02 09:00:00,-2.400,1033.400,6.400,54.000,7.600,0.886
2025-02-02 10:00:00,-2.400,1033.700,5.900,44.000,7.100,0.607
2025-02-02 11:00:00,-1.400,1033.800,5.600,46.000,6.500,0.971
2025-02-02 12:00:00,0.200,1034.300,1.700,115.000,2.900,1.713
2025-02-02 13:00:00,1.500,1034.300,3.200,103.000,4.000,2.726
2025-02-02 14:00:00,0.400,1034.400,4.900,28.000,5.600,3.862
2025-02-02 15:00:00,1.100,1034.200,3.600,47.000,4.100,4.757
2025-02-02 16:00:00,3.400,1032.100,6.700,112.000,8.900,5.046
2025-02-02 17:00:00,3.600,1031.600,6.500,117.000,8.700,4.918
2025-02-02 18:00:00,3.900,1030.400,3.000,119.000,7.300,4.301
2025-02-02 19:00:00,3.900,1029.100,4.100,130.000,5.200,3.402
2025-02-02 20:00:00,4.000,1028.400,3.500,109.000,4.600,2.129
2025-02-02 21:00:00,4.400,1027.900,2.600,129.000,3.700,1.001
2025-02-02 22:00:00,4.400,1027.100,2.500,158.000,3.200,0.453
2025-02-02 23:00:00,4.400,1026.700,1.500,144.000,3.000,0.604
2025-02-03 00:00:00,4.500,1026.500,2.200,154.000,3.600,1.207
2025-02-03 01:00:00,4.700,1025.900,2.500,173.000,3.800,2.149
2025-02-03 02:00:00,4.800,1025.700,1.900,214.000,3.200,3.287
2025-02-03 03:00:00,4.800,1024.700,1.800,210.000,2.900,4.304
2025-02-03 04:00:00,4.600,1023.900,1.900,215.000,3.200,4.813
2025-02-03 05:00:00,4.800,1023.800,1.900,236.000,3.100,4.902
2025-02-03 06:00:00,5.300,1023.100,3.300,214.000,4.600,4.393
2025-02-03 07:00:00,5.900,1023.000,2.800,231.000,3.600,3.576
2025-02-03 08:00:00,6.200,1022.500,2.400,238.000,3.200,2.382
2025-02-03 09:00:00,5.800,1022.400,0.600,263.000,1.100,1.217
2025-02-03 10:00:00,5.800,1022.200,0.000,244.000,0.000,0.381
2025-02-03 11:00:00,4.200,1022.100,0.000,60.000,0.000,0.207
2025-02-03 12:00:00,3.300,1022.800,0.900,119.000,1.100,0.719
2025-02-03 13:00:00,5.300,1023.300,0.000,208.000,0.100,1.463
2025-02-03 14:00:00,6.700,1022.900,2.000,206.000,3.100,2.516
2025-02-03 15:00:00,8.200,1022.600,2.700,252.000,3.600,3.537
2025-02-03 16:00:00,9.500,1021.500,2.100,218.000,3.100,4.226
2025-02-03 17:00:00,8.900,1020.600,1.900,53.000,2.400,4.459
2025-02-03 18:00:00,8.900,1019.200,3.600,150.000,4.200,4.213
2025-02-03 19:00:00,11.500,1018.000,2.500,150.000,3.100,3.609
2025-02-03 20:00:00,11.300,1017.000,3.600,159.000,5.600,2.513
2025-02-03 21:00:00,9.300,1016.400,3.300,155.000,4.400,1.371
2025-02-03 22:00:00,9.600,1015.600,3.500,166.000,4.900,0.525
2025-02-03 23:00:00,7.800,1015.100,3.300,166.000,4.300,0.184
2025-02-04 00:00:00,7.300,1014.600,3.200,166.000,4.300,0.420
2025-02-04 01:00:00,8.700,1014.100,2.700,190.000,4.500,1.129
2025-02-04 02:00:00,8.700,1013.500,2.600,196.000,3.500,1.988
2025-02-04 03:00:00,11.400,1012.200,5.800,228.000,8.400,3.114
2025-02-04 04:00:00,11.000,1011.900,4.400,232.000,8.800,4.045
2025-02-04 05:00:00,11.600,1011.200,5.300,228.000,7.400,4.505
2025-02-04 06:00:00,11.900,1010.700,5.600,239.000,8.900,4.472
2025-02-04 07:00:00,12.800,1010.000,5.900,244.000,9.600,4.088
2025-02-04 08:00:00,13.100,1009.500,5.600,241.000,8.500,3.301
2025-02-04 09:00:00,13.100,1009.000,5.400,246.000,8.500,2.172
2025-02-04 10:00:00,13.200,1009.000,7.300,246.000,9.600,1.224
2025-02-04 11:00:00,12.800,1009.200,5.700,247.000,8.900,0.427
2025-02-04 12:00:00,12.300,1010.100,5.700,260.000,8.300,0.371
2025-02-04 13:00:00,6.600,1011.800,5.400,338.000,6.600,0.732
2025-02-04 14:00:00,10.800,1012.500,4.700,289.000,5.400,1.460
2025-02-04 15:00:00,9.300,1013.700,4.600,336.000,6.400,2.441
2025-02-04 16:00:00,7.200,1014.900,7.400,2.000,9.300,3.396
2025-02-04 17:00:00,6.700,1015.200,5.100,358.000,6.200,3.993
2025-02-04 18:00:00,7.100,1016.100,10.900,353.000,13.500,4.426
2025-02-04 19:00:00,6.700,1017.500,11.200,1.000,13.100,4.035
2025-02-04 20:00:00,6.300,1017.900,10.700,3.000,12.000,3.219
2025-02-04 21:00:00,6.200,1019.300,6.600,6.000,8.100,2.080
2025-02-04 22:00:00,6.300,1020.600,7.300,351.000,8.200,1.056
2025-02-04 23:00:00,6.000,1021.900,5.900,348.000,7.100,0.443
2025-02-05 00:00:00,6.000,1023.300,6.700,348.000,7.800,0.318
2025-02-05 01:00:00,5.600,1024.200,7.700,350.000,9.200,0.751
2025-02-05 02:00:00,4.900,1024.700,6.600,356.000,8.700,1.486
2025-02-05 03:00:00,4.500,1025.300,5.000,17.000,5.900,2.320
2025-02-05 04:00:00,4.300,1025.600,4.400,12.000,5.000,3.432
2025-02-05 05:00:00,4.100,1026.400,5.400,4.000,6.200,4.262
2025-02-05 06:00:00,3.800,1027.000,4.200,3.000,5.500,4.741
2025-02-05 07:00:00,3.500,1026.500,5.600,6.000,7.200,4.616
2025-02-05 08:00:00,3.200,1027.200,4.300,8.000,5.200,4.032
2025-02-05 09:00:00,2.900,1027.100,4.600,11.000,5.600,3.356
2025-02-05 10:00:00,2.600,1027.700,3.700,9.000,4.500,2.264
2025-02-05 11:00:00,2.500,1028.300,3.400,5.000,4.000,1.309
2025-02-05 12:00:00,2.300,1029.000,4.400,359.000,5.600,0.600
2025-02-05 13:00:00,2.200,1029.800,4.700,11.000,5.900,0.338
2025-02-05 14:00:00,1.900,1030.400,4.400,12.000,5.200,0.653
2025-02-05 15:00:00,1.800,1030.800,2.700,8.000,4.200,1.234
2025-02-05 16:00:00,1.700,1030.900,2.000,10.000,3.100,1.982
2025-02-05 17:00:00,1.700,1030.400,2.100,347.000,3.600,2.851
2025-02-05 18:00:00,1.200,1029.800,3.500,24.000,4.600,3.415
2025-02-05 19:00:00,1.300,1029.200,3.600,16.000,4.100,3.556
2025-02-05 20:00:00,1.400,1028.900,2.100,12.000,2.600,3.369
2025-02-05 21:00:00,1.600,1028.600,1.400,36.000,2.300,2.851
2025-02-05 22:00:00,1.600,1028.600,1.600,70.000,2.200,2.093
2025-02-05 23:00:00,1.800,1028.900,1.000,96.000,1.500,1.296
2025-02-06 00:00:00,1.900,1028.600,1.900,151.000,2.300,0.666
2025-02-06 01:00:00,1.800,1028.700,1.700,134.000,2.400,0.515
2025-02-06 02:00:00,2.200,1028.200,3.000,134.000,4.400,0.830
2025-02-06 03:00:00,1.700,1028.200,3.500,122.000,5.400,1.535
2025-02-06 04:00:00,1.000,1028.100,3.800,121.000,5.400,2.493
2025-02-06 05:00:00,0.400,1027.700,3.600,115.000,4.500,3.520
2025-02-06 06:00:00,0.800,1027.000,2.200,108.000,3.800,4.334
2025-02-06 07:00:00,1.000,1026.100,2.600,111.000,3.300,4.810
2025-02-06 08:00:00,1.300,1024.200,3.500,122.000,5.200,4.849
2025-02-06 09:00:00,1.900,1023.100,2.200,128.000,3.900,4.528
2025-02-06 10:00:00,2.800,1021.700,3.800,126.000,5.200,3.930
2025-02-06 11:00:00,3.300,1019.700,5.000,120.000,7.600,3.012
2025-02-06 12:00:00,4.000,1018.000,7.100,120.000,9.200,2.260
2025-02-06 13:00:00,4.500,1018.000,3.000,130.000,4.700,1.719
2025-02-06 14:00:00,4.700,1017.500,1.200,233.000,2.400,1.483
2025-02-06 15:00:00,4.400,1015.800,0.000,296.000,0.700,1.578
2025-02-06 16:00:00,4.100,1014.800,2.300,324.000,2.700,1.890
2025-02-06 17:00:00,5.300,1013.200,2.300,225.000,6.800,2.559
2025-02-06 18:00:00,5.200,1012.400,6.200,253.000,9.000,3.248
2025-02-06 19:00:00,6.400,1010.600,3.000,239.000,5.700,3.661
2025-02-06 20:00:00,7.400,1011.000,7.500,261.000,10.800,3.766
2025-02-06 21:00:00,7.400,1011.000,5.500,252.000,10.000,3.707
2025-02-06 22:00:00,7.600,1011.200,5.600,252.000,8.900,3.301
2025-02-06 23:00:00,7.800,1011.200,5.100,255.000,6.400,2.461
2025-02-07 00:00:00,7.900,1011.500,3.900,253.000,5.400,1.673
2025-02-07 01:00:00,7.600,1011.800,3.800,258.000,6.300,1.073
2025-02-07 02:00:00,6.800,1011.800,2.300,241.000,4.100,0.899
2025-02-07 03:00:00,6.500,1011.300,1.200,238.000,2.100,1.093
2025-02-07 04:00:00,6.600,1010.600,2.300,214.000,3.200,1.532
2025-02-07 05:00:00,7.800,1010.200,3.200,237.000,4.700,2.487
2025-02-07 06:00:00,9.700,1008.800,4.800,228.000,6.600,3.625
2025-02-07 07:00:00,10.400,1009.300,4.900,286.000,5.900,4.439
2025-02-07 08:00:00,5.400,1010.500,5.400,339.000,6.600,4.862
2025-02-07 09:00:00,8.100,1009.800,2.500,277.000,3.100,5.020
2025-02-07 10:00:00,8.700,1010.000,2.500,255.000,3.800,4.534
2025-02-07 11:00:00,8.100,1011.000,4.300,280.000,4.800,3.812
2025-02-07 12:00:00,7.300,1012.400,5.300,287.000,5.900,2.894
2025-02-07 13:00:00,6.800,1013.500,6.200,307.000,7.500,1.873
2025-02-07 14:00:00,7.600,1015.100,10.300,322.000,11.700,1.152
2025-02-07 15:00:00,7.100,1016.100,9.900,323.000,12.000,0.600
2025-02-07 16:00:00,7.900,1016.800,9.800,300.000,12.200,0.607
2025-02-07 17:00:00,6.600,1017.100,8.700,320.000,10.800,0.823
2025-02-07 18:00:00,6.400,1017.500,7.100,322.000,8.400,1.217
2025-02-07 19:00:00,7.100,1017.600,8.000,305.000,10.900,1.952
2025-02-07 20:00:00,7.400,1018.400,9.400,308.000,11.800,2.480
2025-02-07 21:00:00,7.500,1019.500,9.200,304.000,11.200,2.602
2025-02-07 22:00:00,7.000,1020.400,6.700,308.000,7.600,2.743
2025-02-07 23:00:00,6.500,1021.300,4.500,312.000,4.800,2.428
2025-02-08 00:00:00,5.000,1022.800,6.100,8.000,7.000,1.726
2025-02-08 01:00:00,4.600,1023.300,7.000,16.000,8.600,0.886
2025-02-08 02:00:00,4.300,1023.900,8.400,12.000,9.400,0.253
2025-02-08 03:00:00,3.900,1024.500,7.300,17.000,9.500,0.020
2025-02-08 04:00:00,3.500,1025.300,6.100,23.000,7.300,0.305
2025-02-08 05:00:00,3.200,1026.300,2.900,20.000,4.300,0.955
2025-02-08 06:00:00,2.900,1025.900,3.800,12.000,4.300,1.798
2025-02-08 07:00:00,2.800,1025.800,3.400,16.000,4.100,2.877
2025-02-08 08:00:00,2.700,1026.000,3.500,7.000,4.000,3.789
2025-02-08 09:00:00,2.600,1026.300,3.500,28.000,3.800,4.383
2025-02-08 10:00:00,2.500,1026.200,4.300,24.000,5.100,4.426
2025-02-08 11:00:00,1.800,1026.500,1.200,103.000,1.700,4.206
2025-02-08 12:00:00,1.800,1027.300,1.100,102.000,1.900,3.481
2025-02-08 13:00:00,2.100,1028.200,3.400,75.000,3.900,2.592
2025-02-08 14:00:00,1.700,1027.800,5.000,79.000,5.700,1.644
2025-02-08 15:00:00,1.800,1027.500,4.300,92.000,5.600,0.764
2025-02-08 16:00:00,2.100,1027.700,3.800,96.000,4.600,0.262
2025-02-08 17:00:00,1.800,1025.900,5.000,82.000,6.300,0.240
2025-02-08 18:00:00,1.200,1025.300,3.500,96.000,4.500,0.869
2025-02-08 19:00:00,1.300,1023.700,2.900,134.000,4.500,1.444
2025-02-08 20:00:00,1.100,1023.800,2.400,129.000,3.500,2.169
2025-02-08 21:00:00,1.100,1022.300,3.200,119.000,5.800,2.844
2025-02-08 22:00:00,1.300,1021.100,3.700,122.000,7.000,3.425
2025-02-08 23:00:00,1.800,1019.700,3.800,127.000,6.200,3.494
2025-02-09 00:00:00,1.700,1018.900,4.200,117.000,5.000,3.356
2025-02-09 01:00:00,2.500,1016.500,4.600,139.000,7.300,2.756
2025-02-09 02:00:00,3.200,1014.100,3.800,139.000,6.100,1.883
2025-02-09 03:00:00,3.600,1013.700,1.100,169.000,1.700,1.329
2025-02-09 04:00:00,3.700,1011.300,2.200,222.000,3.400,1.083
2025-02-09 05:00:00,2.900,1011.100,4.300,287.000,6.000,1.165
2025-02-09 06:00:00,2.400,1010.300,4.000,309.000,4.500,1.745
2025-02-09 07:00:00,2.200,1010.100,3.900,312.000,5.000,2.461
2025-02-09 08:00:00,2.500,1009.300,1.100,230.000,2.100,3.366
2025-02-09 09:00:00,3.300,1009.700,3.700,259.000,6.000,4.255
2025-02-09 10:00:00,3.800,1010.700,4.700,267.000,7.400,4.918
2025-02-09 11:00:00,4.000,1011.700,7.400,287.000,8.200,5.230
2025-02-09 12:00:00,3.700,1013.300,4.800,304.000,5.800,4.980
2025-02-09 13:00:00,3.900,1014.900,7.600,300.000,8.100,4.140
2025-02-09 14:00:00,6.000,1016.700,8.500,309.000,10.200,3.196
2025-02-09 15:00:00,6.000,1017.900,10.200,322.000,13.000,2.080
2025-02-09 16:00:00,5.900,1018.900,10.300,318.000,12.400,1.093
2025-02-09 17:00:00,5.000,1019.500,8.200,338.000,9.300,0.650
2025-02-09 18:00:00,4.100,1019.700,10.400,358.000,12.500,0.604
2025-02-09 19:00:00,4.300,1020.600,11.500,356.000,13.800,1.165
2025-02-09 20:00:00,4.200,1021.200,10.300,7.000,12.600,1.818
2025-02-09 21:00:00,4.300,1021.800,9.400,5.000,11.700,2.621
2025-02-09 22:00:00,4.200,1022.900,9.100,6.000,11.600,3.386
2025-02-09 23:00:00,4.100,1024.400,7.100,13.000,8.100,3.842
2025-02-10 00:00:00,3.800,1025.400,6.600,29.000,7.700,3.806
2025-02-10 01:00:00,3.800,1025.900,4.700,36.000,5.600,3.514
2025-02-10 02:00:00,3.700,1026.500,4.500,21.000,6.200,2.904
2025-02-10 03:00:00,3.700,1026.900,3.200,16.000,4.000,2.034
2025-02-10 04:00:00,3.600,1027.200,1.900,17.000,2.200,1.289
2025-02-10 05:00:00,3.500,1027.000,3.000,11.000,3.600,0.748
2025-02-10 06:00:00,3.300,1026.200,5.800,26.000,6.300,0.863
2025-02-10 07:00:00,3.000,1026.700,6.400,2.000,7.300,1.437
2025-02-10 08:00:00,2.900,1027.600,4.500,354.000,5.000,2.274
2025-02-10 09:00:00,2.800,1027.800,5.100,349.000,6.100,3.346
2025-02-10 10:00:00,2.700,1028.400,4.600,326.000,5.200,4.311
2025-02-10 11:00:00,2.600,1028.600,5.600,340.000,6.700,4.895
2025-02-10 12:00:00,2.300,1029.300,5.000,320.000,5.700,5.026
2025-02-10 13:00:00,2.400,1029.600,6.100,338.000,7.300,4.790
2025-02-10 14:00:00,2.200,1030.000,7.000,339.000,7.900,4.183
2025-02-10 15:00:00,2.100,1030.300,6.800,352.000,8.300,3.058
2025-02-10 16:00:00,2.000,1030.300,7.300,350.000,8.500,1.913
2025-02-10 17:00:00,2.000,1029.500,7.100,3.000,8.700,1.099
2025-02-10 18:00:00,2.300,1028.900,5.700,13.000,6.400,0.728
2025-02-10 19:00:00,2.700,1028.400,5.900,8.000,6.900,0.804
2025-02-10 20:00:00,3.000,1028.200,7.200,20.000,8.200,1.240
2025-02-10 21:00:00,3.300,1028.300,5.300,15.000,6.000,1.949
2025-02-10 22:00:00,3.700,1028.900,5.400,10.000,6.300,2.890
2025-02-10 23:00:00,3.800,1029.500,2.400,13.000,3.400,3.658
2025-02-11 00:00:00,4.100,1029.700,4.200,9.000,5.100,3.894
2025-02-11 01:00:00,4.000,1030.400,3.100,342.000,3.900,3.773
2025-02-11 02:00:00,3.800,1030.700,3.200,1.000,4.000,3.156
2025-02-11 03:00:00,3.600,1031.200,5.600,351.000,6.500,2.283
2025-02-11 04:00:00,3.200,1031.600,5.900,346.000,8.000,1.309
2025-02-11 05:00:00,2.800,1031.300,4.900,6.000,6.500,0.387
2025-02-11 06:00:00,2.500,1031.300,5.100,346.000,6.200,0.033
2025-02-11 07:00:00,2.300,1031.100,4.100,8.000,5.600,0.292
2025-02-11 08:00:00,2.100,1031.000,3.400,336.000,4.300,1.112
2025-02-11 09:00:00,1.700,1031.000,4.000,7.000,4.900,2.198
2025-02-11 10:00:00,1.600,1031.100,4.600,31.000,5.500,3.314
2025-02-11 11:00:00,1.300,1031.000,4.400,29.000,5.500,4.239
2025-02-11 12:00:00,1.400,1031.800,2.800,64.000,3.700,4.803
2025-02-11 13:00:00,1.300,1032.100,0.600,95.000,1.100,4.928
2025-02-11 14:00:00,1.700,1031.400,3.800,69.000,4.200,4.567
2025-02-11 15:00:00,2.100,1031.200,4.000,91.000,5.200,3.789
2025-02-11 16:00:00,3.000,1030.700,4.100,132.000,6.100,2.628
2025-02-11 17:00:00,3.500,1029.400,1.200,143.000,3.100,1.417
2025-02-11 18:00:00,4.200,1027.500,2.500,156.000,4.700,0.620
2025-02-11 19:00:00,3.900,1026.200,2.200,160.000,4.900,0.289
2025-02-11 20:00:00,3.800,1026.400,1.900,165.000,2.600,0.571
2025-02-11 21:00:00,0.500,1026.600,1.000,166.000,2.300,1.099
2025-02-11 22:00:00,0.100,1026.300,0.600,48.000,0.700,2.139
2025-02-11 23:00:00,0.300,1025.900,1.800,49.000,2.200,3.222
2025-02-12 00:00:00,0.400,1025.100,3.800,60.000,4.300,3.770
2025-02-12 01:00:00,0.500,1024.400,5.400,49.000,6.000,4.022
2025-02-12 02:00:00,0.700,1023.700,6.300,55.000,7.700,3.832
2025-02-12 03:00:00,1.000,1023.300,7.400,55.000,8.200,3.297
2025-02-12 04:00:00,1.000,1022.500,8.400,59.000,9.300,2.421
2025-02-12 05:00:00,1.000,1021.500,9.100,64.000,10.900,1.493
2025-02-12 06:00:00,1.000,1021.300,8.800,60.000,11.200,0.827
2025-02-12 07:00:00,0.800,1021.500,9.100,46.000,10.400,0.692
2025-02-12 08:00:00,1.100,1020.400,9.200,58.000,10.900,1.122
2025-02-12 09:00:00,1.900,1020.300,7.100,77.000,9.600,2.008
2025-02-12 10:00:00,2.100,1021.100,7.200,36.000,8.200,3.143
2025-02-12 11:00:00,1.700,1021.500,6.700,37.000,7.700,4.386
2025-02-12 12:00:00,2.000,1021.600,6.300,45.000,7.000,5.292
2025-02-12 13:00:00,2.400,1022.000,5.500,44.000,6.700,5.745
2025-02-12 14:00:00,2.400,1022.600,6.300,33.000,7.300,5.597
2025-02-12 15:00:00,2.600,1023.500,5.900,29.000,6.800,5.102
2025-02-12 16:00:00,2.700,1023.200,5.800,46.000,6.500,4.216
2025-02-12 17:00:00,4.000,1022.300,6.500,90.000,7.900,2.881
2025-02-12 18:00:00,4.300,1021.000,6.600,90.000,8.200,1.926
2025-02-12 19:00:00,4.400,1021.100,7.700,76.000,9.000,1.204
2025-02-12 20:00:00,3.900,1022.200,7.700,81.000,9.300,1.148
2025-02-12 21:00:00,4.000,1021.800,8.200,89.000,9.400,1.470
2025-02-12 22:00:00,4.300,1022.200,7.600,88.000,9.200,2.372
2025-02-12 23:00:00,4.500,1022.400,6.300,95.000,7.900,3.310
2025-02-13 00:00:00,4.500,1021.900,5.700,94.000,7.100,4.327
2025-02-13 01:00:00,4.700,1021.100,5.900,99.000,7.900,4.905
2025-02-13 02:00:00,4.900,1020.200,6.000,101.000,7.600,5.164
2025-02-13 03:00:00,5.100,1019.300,4.400,117.000,6.300,4.987
2025-02-13 04:00:00,5.100,1019.800,1.700,36.000,2.700,4.242
2025-02-13 05:00:00,4.600,1018.600,2.700,70.000,3.400,3.281
2025-02-13 06:00:00,4.500,1017.800,4.900,71.000,5.500,2.162
2025-02-13 07:00:00,4.500,1017.000,4.300,79.000,5.000,1.503
2025-02-13 08:00:00,4.800,1015.800,3.600,100.000,4.600,1.276
2025-02-13 09:00:00,4.900,1014.100,2.600,114.000,3.600,1.919
2025-02-13 10:00:00,5.300,1013.200,3.400,137.000,4.300,2.799
2025-02-13 11:00:00,6.600,1010.000,5.800,159.000,8.200,3.885
2025-02-13 12:00:00,6.400,1012.400,3.300,282.000,4.700,4.970
2025-02-13 13:00:00,4.700,1011.800,0.700,256.000,1.300,5.791
2025-02-13 14:00:00,6.800,1010.500,1.500,183.000,3.600,6.253
2025-02-13 15:00:00,8.000,1011.100,3.100,221.000,3.900,5.856
2025-02-13 16:00:00,9.000,1011.100,5.400,247.000,7.900,5.043
2025-02-13 17:00:00,8.800,1010.000,4.200,239.000,9.700,3.934
2025-02-13 18:00:00,9.100,1010.200,8.900,251.000,12.000,2.717
2025-02-13 19:00:00,7.600,1011.100,6.600,265.000,11.500,1.634
2025-02-13 20:00:00,7.700,1011.700,5.800,260.000,8.000,1.070
2025-02-13 21:00:00,7.800,1013.200,5.100,264.000,6.700,1.207
2025-02-13 22:00:00,7.900,1014.300,3.800,251.000,6.000,1.713
2025-02-13 23:00:00,7.300,1016.200,4.000,248.000,5.100,2.648
2025-02-14 00:00:00,7.200,1018.600,8.200,293.000,10.000,3.655
2025-02-14 01:00:00,6.300,1021.200,10.800,324.000,13.400,4.560
2025-02-14 02:00:00,5.500,1022.500,9.900,308.000,12.600,4.656
2025-02-14 03:00:00,5.100,1023.900,11.600,306.000,12.800,4.199
2025-02-14 04:00:00,4.400,1025.300,10.700,302.000,13.200,3.504
2025-02-14 05:00:00,3.700,1026.300,10.500,308.000,12.500,2.267
2025-02-14 06:00:00,3.100,1027.400,8.100,305.000,11.800,1.056
2025-02-14 07:00:00,2.700,1028.200,7.700,304.000,9.400,0.157
2025-02-14 08:00:00,1.900,1029.200,5.000,293.000,6.300,-0.174
2025-02-14 09:00:00,2.500,1030.300,8.700,302.000,10.300,0.177
2025-02-14 10:00:00,2.000,1031.500,5.800,295.000,7.400,0.827
2025-02-14 11:00:00,2.100,1032.800,8.800,308.000,10.400,1.555
2025-02-14 12:00:00,1.300,1033.900,7.900,299.000,9.100,2.523
2025-02-14 13:00:00,1.200,1035.200,8.200,297.000,9.100,3.363
2025-02-14 14:00:00,1.300,1036.400,8.500,307.000,11.000,4.042
2025-02-14 15:00:00,1.400,1036.500,9.400,328.000,10.800,4.039
2025-02-14 16:00:00,1.800,1037.200,9.800,328.000,12.200,3.445
2025-02-14 17:00:00,1.500,1035.900,10.700,342.000,11.300,2.598
2025-02-14 18:00:00,1.900,1035.600,8.500,348.000,10.400,1.391
2025-02-14 19:00:00,2.000,1035.500,7.300,4.000,8.800,0.387
2025-02-14 20:00:00,2.400,1035.500,6.700,360.000,7.400,-0.479
2025-02-14 21:00:00,2.500,1035.600,7.000,11.000,7.600,-0.643
2025-02-14 22:00:00,2.800,1035.900,7.900,7.000,9.300,-0.157
2025-02-14 23:00:00,2.700,1036.000,7.900,9.000,9.500,0.633
2025-02-15 00:00:00,2.500,1036.100,6.400,12.000,8.000,1.706
2025-02-15 01:00:00,2.400,1036.600,5.200,16.000,6.200,2.556
2025-02-15 02:00:00,2.300,1037.200,4.000,6.000,5.400,3.189
2025-02-15 03:00:00,2.100,1037.500,3.100,1.000,4.400,3.510
2025-02-15 04:00:00,1.900,1036.500,1.700,42.000,2.800,3.196
2025-02-15 05:00:00,1.800,1035.400,3.300,57.000,4.000,2.582
2025-02-15 06:00:00,1.200,1035.500,1.900,112.000,2.300,1.591
2025-02-15 07:00:00,1.200,1035.500,1.100,128.000,1.500,0.653
2025-02-15 08:00:00,1.200,1034.700,1.700,120.000,2.100,-0.282
2025-02-15 09:00:00,1.500,1033.900,2.400,132.000,3.500,-0.489
2025-02-15 10:00:00,2.100,1033.300,2.800,131.000,3.800,-0.236
2025-02-15 11:00:00,2.300,1033.100,2.600,148.000,3.800,0.505
2025-02-15 12:00:00,2.500,1031.900,2.900,158.000,5.400,1.483
2025-02-15 13:00:00,3.400,1031.500,4.300,157.000,6.100,2.654
2025-02-15 14:00:00,4.500,1031.300,3.900,163.000,6.800,3.550
2025-02-15 15:00:00,4.900,1030.200,4.200,172.000,8.500,3.947
2025-02-15 16:00:00,5.300,1029.900,5.200,162.000,7.400,3.750
2025-02-15 17:00:00,5.600,1028.600,3.500,162.000,6.000,3.048
2025-02-15 18:00:00,5.400,1027.000,3.600,154.000,5.500,2.313
2025-02-15 19:00:00,4.200,1024.800,3.000,152.000,4.100,1.253
2025-02-15 20:00:00,3.900,1023.500,3.000,151.000,4.200,0.269
2025-02-15 21:00:00,3.700,1022.500,3.300,140.000,4.500,-0.161
2025-02-15 22:00:00,3.900,1021.100,3.800,135.000,5.200,0.098
2025-02-15 23:00:00,4.500,1019.300,4.900,146.000,7.400,0.784
2025-02-16 00:00:00,6.200,1018.000,4.600,171.000,8.100,1.545
2025-02-16 01:00:00,9.000,1016.100,6.500,181.000,11.300,2.539
2025-02-16 02:00:00,11.000,1014.400,8.000,196.000,12.000,3.593
2025-02-16 03:00:00,11.700,1013.800,5.900,200.000,12.300,4.081
2025-02-16 04:00:00,12.000,1013.000,3.400,198.000,9.000,4.327
2025-02-16 05:00:00,11.600,1011.800,3.600,195.000,5.200,3.885
2025-02-16 06:00:00,10.900,1010.600,2.800,189.000,3.900,3.133
2025-02-16 07:00:00,4.100,1010.100,2.400,327.000,3.200,2.096
2025-02-16 08:00:00,4.200,1008.300,0.000,294.000,0.000,1.060
2025-02-16 09:00:00,5.100,1006.500,0.700,70.000,1.000,0.479
2025-02-16 10:00:00,9.900,1004.800,2.500,172.000,3.700,0.584
2025-02-16 11:00:00,8.800,1003.200,2.800,156.000,4.000,1.070
2025-02-16 12:00:00,11.500,1001.900,2.200,186.000,4.500,1.778
2025-02-16 13:00:00,14.700,1000.400,3.700,194.000,6.500,2.848
2025-02-16 14:00:00,16.800,999.100,5.500,213.000,8.200,3.891
2025-02-16 15:00:00,18.000,997.100,5.200,200.000,9.800,4.462
2025-02-16 16:00:00,18.200,994.700,6.600,191.000,10.100,4.600
2025-02-16 17:00:00,16.500,991.800,5.500,195.000,10.500,4.239
2025-02-16 18:00:00,17.900,989.900,8.000,217.000,12.200,3.619
2025-02-16 19:00:00,16.900,987.800,4.200,188.000,6.700,2.920
2025-02-16 20:00:00,18.900,987.400,8.500,235.000,17.700,1.798
2025-02-16 21:00:00,18.800,987.300,8.400,247.000,13.800,0.801
2025-02-16 22:00:00,18.200,987.900,12.700,260.000,16.000,0.610
2025-02-16 23:00:00,11.300,991.800,15.600,293.000,18.300,0.630
2025-02-17 00:00:00,10.500,995.300,15.300,292.000,21.300,1.220
2025-02-17 01:00:00,8.200,997.700,16.100,289.000,21.000,1.624
2025-02-17 02:00:00,6.900,1000.200,14.300,283.000,18.300,1.890
2025-02-17 03:00:00,6.000,1001.600,16.500,293.000,19.400,2.362
2025-02-17 04:00:00,5.100,1002.900,17.400,291.000,20.100,2.897
2025-02-17 05:00:00,4.300,1004.300,14.900,285.000,19.200,2.664
2025-02-17 06:00:00,3.800,1005.200,12.900,286.000,16.700,2.215
2025-02-17 07:00:00,3.400,1006.500,13.900,289.000,18.700,1.453
2025-02-17 08:00:00,2.900,1007.500,11.500,292.000,14.700,0.561
2025-02-17 09:00:00,2.700,1008.300,10.100,287.000,13.900,-0.203
2025-02-17 10:00:00,2.500,1009.400,11.100,301.000,14.700,-0.846
2025-02-17 11:00:00,1.900,1010.900,11.200,294.000,14.700,-0.942
2025-02-17 12:00:00,1.300,1012.300,14.900,290.000,18.200,-0.663
2025-02-17 13:00:00,1.200,1014.500,11.500,282.000,14.300,-0.377
2025-02-17 14:00:00,0.900,1015.500,15.500,293.000,18.500,0.768
2025-02-17 15:00:00,1.100,1015.600,15.700,298.000,18.900,1.424
2025-02-17 16:00:00,1.600,1015.800,15.400,290.000,18.700,1.893
2025-02-17 17:00:00,2.400,1015.700,13.100,291.000,16.500,1.821
2025-02-17 18:00:00,3.200,1015.300,12.700,290.000,16.300,1.509
2025-02-17 19:00:00,3.700,1015.000,10.000,280.000,14.900,1.010
2025-02-17 20:00:00,4.000,1015.200,12.600,293.000,14.400,0.161
2025-02-17 21:00:00,4.600,1015.800,8.600,291.000,17.400,-0.650
2025-02-17 22:00:00,4.100,1016.500,12.000,280.000,15.100,-1.230
2025-02-17 23:00:00,3.500,1017.100,6.800,286.000,9.000,-1.302
2025-02-18 00:00:00,3.200,1017.700,8.200,290.000,10.600,-0.873
2025-02-18 01:00:00,3.100,1017.700,11.800,294.000,14.200,-0.354
2025-02-18 02:00:00,2.700,1018.100,10.000,301.000,11.400,0.341
2025-02-18 03:00:00,2.000,1018.900,9.700,295.000,11.200,1.165
2025-02-18 04:00:00,2.000,1019.300,10.200,295.000,13.900,1.772
2025-02-18 05:00:00,1.300,1019.700,8.700,287.000,12.300,1.831
2025-02-18 06:00:00,0.900,1020.100,8.600,291.000,10.800,1.690
2025-02-18 07:00:00,0.400,1020.300,8.500,292.000,10.200,1.181
2025-02-18 08:00:00,0.000,1020.800,8.300,296.000,10.000,0.459
2025-02-18 09:00:00,-0.400,1021.300,7.300,291.000,8.900,-0.413
2025-02-18 10:00:00,-0.500,1021.800,11.100,308.000,12.200,-1.043
2025-02-18 11:00:00,-1.200,1022.800,11.800,304.000,14.000,-1.398
2025-02-18 12:00:00,-1.800,1023.600,11.200,314.000,13.100,-1.152
2025-02-18 13:00:00,-2.300,1024.500,11.400,311.000,12.700,-0.778
2025-02-18 14:00:00,-2.300,1025.100,9.400,315.000,11.900,-0.026
2025-02-18 15:00:00,-2.200,1025.100,11.600,306.000,13.700,0.725
2025-02-18 16:00:00,-2.100,1025.600,10.300,292.000,12.700,1.280
2025-02-18 17:00:00,-2.000,1025.100,9.400,283.000,13.500,1.526
2025-02-18 18:00:00,-1.600,1024.300,11.100,287.000,13.100,1.572
2025-02-18 19:00:00,-1.400,1024.500,10.200,308.000,14.700,1.010
2025-02-18 20:00:00,-0.800,1024.300,9.000,284.000,11.700,0.174
2025-02-18 21:00:00,-1.100,1025.000,11.000,303.000,13.000,-0.581
2025-02-18 22:00:00,-1.000,1025.600,7.800,290.000,11.000,-1.247
2025-02-18 23:00:00,-1.200,1025.700,6.700,296.000,7.700,-1.480
2025-02-19 00:00:00,-2.100,1026.300,2.800,266.000,3.400,-1.270
2025-02-19 01:00:00,-1.800,1026.800,3.400,282.000,4.300,-0.787
2025-02-19 02:00:00,-1.500,1027.500,9.700,340.000,12.400,0.020
2025-02-19 03:00:00,-2.100,1028.200,9.600,348.000,11.800,0.810
2025-02-19 04:00:00,-3.000,1028.100,10.600,337.000,12.500,1.591
2025-02-19 05:00:00,-3.500,1028.700,9.800,324.000,13.000,1.982
2025-02-19 06:00:00,-4.200,1029.100,11.400,337.000,13.500,1.995
2025-02-19 07:00:00,-4.500,1029.300,10.100,327.000,13.000,1.722
2025-02-19 08:00:00,-5.000,1029.600,10.400,334.000,12.100,1.214
2025-02-19 09:00:00,-5.300,1029.600,8.400,333.000,11.000,0.453
2025-02-19 10:00:00,-5.400,1029.200,8.100,335.000,10.400,-0.289
2025-02-19 11:00:00,-5.600,1029.800,8.900,331.000,11.500,-0.705
2025-02-19 12:00:00,-5.900,1030.300,7.700,322.000,10.100,-0.751
2025-02-19 13:00:00,-5.900,1030.400,7.900,318.000,10.000,-0.404
2025-02-19 14:00:00,-5.400,1030.900,6.400,327.000,8.600,0.118
2025-02-19 15:00:00,-5.300,1030.700,6.700,315.000,8.200,0.741
2025-02-19 16:00:00,-4.900,1030.300,6.500,317.000,8.000,1.378
2025-02-19 17:00:00,-4.400,1029.100,6.100,334.000,8.200,1.923
2025-02-19 18:00:00,-3.900,1027.200,6.100,329.000,8.300,2.034
2025-02-19 19:00:00,-3.600,1026.400,6.300,331.000,8.200,1.975
2025-02-19 20:00:00,-3.900,1026.500,5.800,299.000,6.600,1.572
2025-02-19 21:00:00,-4.900,1025.600,4.200,292.000,5.400,0.876
2025-02-19 22:00:00,-5.400,1025.100,4.000,279.000,4.600,0.436
2025-02-19 23:00:00,-5.600,1025.400,2.800,260.000,4.600,0.154
2025-02-20 00:00:00,-5.800,1025.200,2.200,246.000,3.300,-0.010
2025-02-20 01:00:00,-5.300,1024.500,3.500,270.000,4.100,0.325
2025-02-20 02:00:00,-4.700,1024.800,5.100,283.000,5.700,0.925
2025-02-20 03:00:00,-4.800,1023.700,3.100,273.000,4.100,1.791
2025-02-20 04:00:00,-4.100,1022.800,5.000,300.000,6.200,2.726
2025-02-20 05:00:00,-3.400,1021.700,6.800,318.000,7.800,3.471
2025-02-20 06:00:00,-2.900,1021.200,5.400,332.000,7.300,3.904
2025-02-20 07:00:00,-2.000,1020.000,7.700,15.000,8.800,3.894
2025-02-20 08:00:00,-2.600,1019.800,9.000,26.000,10.200,3.812
2025-02-20 09:00:00,-3.300,1018.900,9.700,30.000,11.200,3.402
2025-02-20 10:00:00,-3.800,1018.400,8.900,26.000,11.700,2.687
2025-02-20 11:00:00,-4.100,1018.100,8.900,21.000,10.900,2.044
2025-02-20 12:00:00,-4.400,1017.900,10.400,6.000,12.200,1.818
2025-02-20 13:00:00,-4.400,1018.000,9.600,5.000,11.100,1.660
2025-02-20 14:00:00,-4.300,1017.400,9.700,8.000,12.100,1.893
2025-02-20 15:00:00,-3.900,1017.500,7.900,338.000,10.800,2.198
2025-02-20 16:00:00,-3.800,1017.200,7.900,337.000,10.100,2.648
2025-02-20 17:00:00,-3.400,1016.000,7.200,336.000,8.900,3.146
2025-02-20 18:00:00,-2.700,1015.600,8.200,310.000,12.300,3.350
2025-02-20 19:00:00,-2.400,1015.000,10.100,303.000,13.900,3.317
2025-02-20 20:00:00,-2.100,1015.100,10.800,303.000,14.000,3.074
2025-02-20 21:00:00,-2.500,1015.200,12.900,301.000,15.300,2.602
2025-02-20 22:00:00,-2.400,1016.000,13.700,304.000,16.800,1.850
2025-02-20 23:00:00,-2.500,1017.100,12.100,308.000,15.800,1.178
2025-02-21 00:00:00,-2.300,1017.900,11.800,313.000,14.400,0.607
2025-02-21 01:00:00,-2.400,1018.000,11.500,298.000,12.900,0.499
2025-02-21 02:00:00,-2.800,1018.700,13.500,299.000,15.500,0.597
2025-02-21 03:00:00,-2.900,1019.400,11.900,295.000,13.900,0.988
2025-02-21 04:00:00,-3.000,1019.500,10.900,293.000,12.700,1.831
2025-02-21 05:00:00,-3.100,1019.600,11.300,298.000,13.500,2.484
2025-02-21 06:00:00,-3.000,1020.400,9.400,297.000,12.600,3.104
2025-02-21 07:00:00,-2.700,1021.000,11.400,305.000,14.200,3.284
2025-02-21 08:00:00,-2.800,1021.400,12.000,303.000,14.500,3.150
2025-02-21 09:00:00,-3.000,1022.100,10.100,305.000,12.500,2.930
2025-02-21 10:00:00,-3.200,1023.000,11.600,305.000,13.400,2.398
2025-02-21 11:00:00,-3.200,1023.600,10.500,296.000,11.900,1.663
2025-02-21 12:00:00,-2.900,1024.400,11.300,304.000,13.000,1.234
2025-02-21 13:00:00,-2.600,1025.500,11.200,307.000,13.900,0.896
2025-02-21 14:00:00,-2.000,1025.800,12.000,311.000,14.000,0.958
2025-02-21 15:00:00,-1.400,1025.900,11.200,314.000,13.700,1.043
2025-02-21 16:00:00,-0.700,1026.500,10.900,317.000,12.900,1.358
2025-02-21 17:00:00,0.000,1026.100,8.000,314.000,13.800,1.785
2025-02-21 18:00:00,0.600,1025.700,10.200,318.000,13.100,2.139
2025-02-21 19:00:00,1.200,1025.700,10.600,311.000,12.300,2.303
2025-02-21 20:00:00,1.600,1026.000,9.100,323.000,10.700,2.323
2025-02-21 21:00:00,1.800,1026.300,7.800,312.000,10.400,2.149
2025-02-21 22:00:00,2.000,1026.600,8.800,327.000,11.500,1.814
2025-02-21 23:00:00,1.800,1027.600,7.600,315.000,9.000,1.309
2025-02-22 00:00:00,1.400,1028.500,8.500,322.000,10.000,0.751
2025-02-22 01:00:00,0.600,1029.400,7.100,315.000,8.900,0.410
2025-02-22 02:00:00,0.300,1029.900,10.600,315.000,11.900,0.325
2025-02-22 03:00:00,-0.100,1030.200,11.000,315.000,12.900,0.640
2025-02-22 04:00:00,-0.700,1030.500,9.600,310.000,11.200,1.122
2025-02-22 05:00:00,-1.000,1031.000,7.400,308.000,9.400,1.919
2025-02-22 06:00:00,-1.300,1031.200,10.000,315.000,11.300,2.687
2025-02-22 07:00:00,-1.900,1031.200,7.200,302.000,9.000,3.179
2025-02-22 08:00:00,-2.100,1031.200,9.400,312.000,11.500,3.527
2025-02-22 09:00:00,-2.300,1031.500,8.000,311.000,9.800,3.615
2025-02-22 10:00:00,-2.600,1031.700,6.700,312.000,8.700,3.281
2025-02-22 11:00:00,-2.700,1031.400,7.300,321.000,8.500,2.782
2025-02-22 12:00:00,-3.000,1031.400,5.700,301.000,6.800,2.201
2025-02-22 13:00:00,-2.500,1031.900,7.400,326.000,8.700,1.657
2025-02-22 14:00:00,-2.300,1031.700,5.500,330.000,7.200,1.316
2025-02-22 15:00:00,-1.900,1031.100,6.800,332.000,8.300,1.325
2025-02-22 16:00:00,-1.500,1030.800,4.200,353.000,5.000,1.385
2025-02-22 17:00:00,-0.900,1030.000,2.100,1.000,2.600,1.722
2025-02-22 18:00:00,-0.200,1028.400,2.700,20.000,3.200,2.178
2025-02-22 19:00:00,0.900,1027.200,3.600,68.000,4.500,2.690
2025-02-22 20:00:00,1.200,1026.500,4.700,145.000,5.400,2.956
2025-02-22 21:00:00,2.600,1025.900,3.600,150.000,6.900,3.031
2025-02-22 22:00:00,2.200,1025.700,3.300,173.000,4.500,2.910
2025-02-22 23:00:00,2.600,1025.500,0.000,273.000,0.000,2.497
2025-02-23 00:00:00,2.900,1025.700,2.600,239.000,4.900,1.906
2025-02-23 01:00:00,2.100,1025.800,3.100,238.000,5.100,1.289
2025-02-23 02:00:00,0.800,1025.200,2.500,227.000,3.800,0.755
2025-02-23 03:00:00,0.200,1024.800,2.700,214.000,4.400,0.725
2025-02-23 04:00:00,0.100,1024.500,3.300,228.000,5.400,1.109
2025-02-23 05:00:00,-0.100,1024.100,3.600,226.000,5.500,1.542
2025-02-23 06:00:00,0.500,1023.400,3.000,225.000,4.900,2.238
2025-02-23 07:00:00,0.500,1022.900,2.600,214.000,3.800,3.018
2025-02-23 08:00:00,0.900,1021.700,3.000,218.000,4.300,3.606
2025-02-23 09:00:00,1.000,1021.300,3.000,250.000,5.200,3.973
2025-02-23 10:00:00,1.000,1021.600,4.300,253.000,5.400,3.930
2025-02-23 11:00:00,0.700,1022.000,3.700,272.000,4.800,3.547
2025-02-23 12:00:00,0.600,1022.500,4.100,277.000,5.000,2.890
2025-02-23 13:00:00,1.400,1023.200,5.700,286.000,6.500,2.011
2025-02-23 14:00:00,2.700,1023.500,6.200,300.000,6.900,1.250
2025-02-23 15:00:00,3.100,1023.300,5.200,313.000,6.700,0.820
2025-02-23 16:00:00,3.900,1023.000,5.300,320.000,6.100,0.732
2025-02-23 17:00:00,4.800,1021.900,0.600,43.000,3.800,0.961
2025-02-23 18:00:00,4.400,1021.100,2.000,13.000,3.100,1.335
2025-02-23 19:00:00,4.000,1020.300,3.000,44.000,3.300,1.883
2025-02-23 20:00:00,4.100,1019.700,2.400,82.000,2.700,2.428
2025-02-23 21:00:00,6.100,1019.400,3.400,126.000,4.700,2.749
2025-02-23 22:00:00,5.700,1019.400,2.600,145.000,3.900,2.969
2025-02-23 23:00:00,3.900,1019.800,2.800,146.000,3.300,2.890
2025-02-24 00:00:00,3.400,1020.400,2.300,188.000,3.300,2.480
2025-02-24 01:00:00,4.400,1020.700,2.000,208.000,3.100,1.919
2025-02-24 02:00:00,3.800,1020.800,2.200,188.000,3.300,1.198
2025-02-24 03:00:00,4.200,1020.800,2.000,211.000,2.700,0.794
2025-02-24 04:00:00,3.600,1020.500,2.400,224.000,3.100,0.833
2025-02-24 05:00:00,3.000,1020.200,1.300,232.000,1.500,1.119
2025-02-24 06:00:00,2.600,1020.000,1.100,268.000,1.100,1.765
2025-02-24 07:00:00,1.800,1020.000,0.500,261.000,1.500,2.707
2025-02-24 08:00:00,2.500,1019.800,0.600,339.000,2.700,3.540
2025-02-24 09:00:00,3.000,1020.100,1.700,341.000,1.900,4.291
2025-02-24 10:00:00,2.500,1020.000,0.000,215.000,0.000,4.744
2025-02-24 11:00:00,2.800,1020.200,0.000,172.000,0.000,4.623
2025-02-24 12:00:00,1.900,1020.400,1.800,187.000,2.100,4.242
2025-02-24 13:00:00,3.300,1020.900,1.500,190.000,2.000,3.438
2025-02-24 14:00:00,6.300,1021.300,0.900,179.000,2.100,2.579
2025-02-24 15:00:00,5.700,1020.900,1.800,29.000,2.000,1.709
2025-02-24 16:00:00,8.500,1020.600,3.600,135.000,5.000,1.227
2025-02-24 17:00:00,8.400,1019.900,4.300,150.000,5.900,1.033
2025-02-24 18:00:00,7.900,1018.000,6.100,143.000,7.400,1.273
2025-02-24 19:00:00,9.300,1017.100,5.500,163.000,8.600,1.745
2025-02-24 20:00:00,9.800,1017.000,4.000,166.000,7.400,2.402
2025-02-24 21:00:00,9.200,1016.300,5.100,146.000,7.900,3.071
2025-02-24 22:00:00,8.200,1015.700,4.500,163.000,6.100,3.553
2025-02-24 23:00:00,7.500,1015.700,3.100,174.000,4.900,3.714
2025-02-25 00:00:00,6.900,1015.800,3.600,183.000,6.000,3.615
2025-02-25 01:00:00,6.600,1015.800,2.800,190.000,5.400,2.999
2025-02-25 02:00:00,6.900,1015.700,4.000,194.000,7.100,2.185
2025-02-25 03:00:00,7.300,1015.200,3.000,188.000,5.000,1.378
2025-02-25 04:00:00,7.200,1014.800,2.700,187.000,4.400,0.896
2025-02-25 05:00:00,7.400,1014.300,2.700,198.000,4.500,0.915
2025-02-25 06:00:00,7.700,1013.700,2.400,202.000,4.700,1.345
2025-02-25 07:00:00,7.200,1013.200,2.500,191.000,3.800,1.998
2025-02-25 08:00:00,7.100,1012.400,2.600,182.000,4.800,3.012
2025-02-25 09:00:00,7.000,1012.100,2.500,198.000,5.300,4.072
2025-02-25 10:00:00,6.800,1012.300,3.200,212.000,4.800,4.816
2025-02-25 11:00:00,7.000,1012.000,3.300,208.000,5.700,5.187
2025-02-25 12:00:00,7.100,1011.500,3.000,219.000,4.100,4.961
2025-02-25 13:00:00,8.800,1011.200,3.100,214.000,5.000,4.478
2025-02-25 14:00:00,10.800,1010.900,3.200,208.000,5.700,3.652
2025-02-25 15:00:00,13.400,1010.600,5.300,225.000,7.700,2.638
2025-02-25 16:00:00,15.700,1009.600,3.500,225.000,6.300,1.617
2025-02-25 17:00:00,17.500,1008.800,4.700,197.000,7.500,1.096
2025-02-25 18:00:00,18.100,1007.200,6.300,249.000,9.300,1.056
2025-02-25 19:00:00,18.200,1005.700,5.800,253.000,8.600,1.371
2025-02-25 20:00:00,18.000,1005.800,7.100,261.000,8.700,2.123
2025-02-25 21:00:00,16.200,1006.300,7.400,277.000,8.600,2.953
2025-02-25 22:00:00,14.000,1007.000,5.200,297.000,6.000,3.711
2025-02-25 23:00:00,10.900,1007.900,3.300,340.000,3.600,4.114
2025-02-26 00:00:00,9.100,1008.900,1.400,73.000,2.700,4.213
2025-02-26 01:00:00,8.100,1009.400,1.900,333.000,3.300,3.898
2025-02-26 02:00:00,7.900,1009.900,3.200,304.000,4.000,3.117
2025-02-26 03:00:00,6.300,1010.400,1.700,294.000,2.200,2.129
2025-02-26 04:00:00,6.400,1010.100,2.400,292.000,3.600,1.260
2025-02-26 05:00:00,6.500,1009.800,1.400,287.000,1.900,0.692
2025-02-26 06:00:00,7.800,1010.000,1.300,281.000,1.800,0.778
2025-02-26 07:00:00,7.700,1010.200,2.900,295.000,3.100,1.375
2025-02-26 08:00:00,5.500,1010.300,3.000,303.000,3.200,2.231
2025-02-26 09:00:00,5.800,1010.400,3.600,307.000,4.000,3.392
2025-02-26 10:00:00,5.400,1011.000,3.600,296.000,3.900,4.488
2025-02-26 11:00:00,6.300,1012.200,3.800,293.000,3.900,5.226
2025-02-26 12:00:00,7.400,1013.400,5.300,276.000,5.700,5.479
2025-02-26 13:00:00,7.600,1014.500,4.100,287.000,4.600,5.135
2025-02-26 14:00:00,7.700,1015.400,2.300,314.000,2.400,4.518
2025-02-26 15:00:00,8.200,1015.500,3.500,357.000,4.200,3.396
2025-02-26 16:00:00,9.700,1016.200,1.100,317.000,1.800,2.129
2025-02-26 17:00:00,8.900,1015.700,2.000,86.000,2.400,1.073
2025-02-26 18:00:00,11.400,1015.000,3.200,88.000,4.000,0.548
2025-02-26 19:00:00,11.600,1014.700,4.800,154.000,5.700,0.535
2025-02-26 20:00:00,11.500,1014.800,5.500,161.000,8.400,1.056
2025-02-26 21:00:00,11.900,1015.200,4.300,159.000,6.900,1.841
2025-02-26 22:00:00,12.100,1014.900,5.000,181.000,6.400,2.900
2025-02-26 23:00:00,11.900,1015.300,3.800,181.000,5.800,3.885
2025-02-27 00:00:00,11.000,1015.700,2.800,192.000,4.400,4.183
2025-02-27 01:00:00,10.300,1015.900,2.500,199.000,4.700,4.081
2025-02-27 02:00:00,10.000,1015.900,3.600,182.000,5.100,3.583
2025-02-27 03:00:00,9.100,1015.700,3.000,170.000,5.100,2.687
2025-02-27 04:00:00,9.100,1015.500,3.400,170.000,4.800,1.604
2025-02-27 05:00:00,8.600,1014.700,3.500,162.000,4.800,0.463
2025-02-27 06:00:00,7.300,1014.100,4.500,156.000,5.900,-0.039
2025-02-27 07:00:00,7.200,1012.900,3.700,156.000,6.100,0.223
2025-02-27 08:00:00,8.100,1011.700,3.600,171.000,5.200,1.063
2025-02-27 09:00:00,9.600,1010.500,3.600,186.000,5.800,2.123
2025-02-27 10:00:00,11.300,1009.800,4.000,196.000,5.700,3.438
2025-02-27 11:00:00,13.000,1009.400,4.000,207.000,7.200,4.600
2025-02-27 12:00:00,13.300,1008.600,3.400,210.000,6.900,5.466
2025-02-27 13:00:00,14.000,1008.600,3.700,211.000,6.800,5.741
2025-02-27 14:00:00,15.700,1008.200,5.200,219.000,7.700,5.262
2025-02-27 15:00:00,17.300,1007.600,3.800,216.000,5.900,4.347
2025-02-27 16:00:00,18.200,1007.100,5.100,227.000,7.300,3.091
2025-02-27 17:00:00,19.900,1005.900,3.800,223.000,6.700,1.686
2025-02-27 18:00:00,18.700,1005.100,4.600,225.000,10.400,0.502
2025-02-27 19:00:00,18.300,1004.500,4.900,244.000,6.800,0.089
2025-02-27 20:00:00,17.600,1004.200,4.100,241.000,6.600,0.436
2025-02-27 21:00:00,16.900,1003.300,2.400,224.000,6.000,1.230
2025-02-27 22:00:00,17.500,1003.400,4.700,246.000,8.200,2.395
2025-02-27 23:00:00,17.000,1003.600,4.100,262.000,6.200,3.566
2025-02-28 00:00:00,9.600,1004.200,5.000,330.000,7.400,4.429
2025-02-28 01:00:00,9.100,1005.300,5.400,315.000,7.200,4.836
2025-02-28 02:00:00,9.800,1005.800,6.300,307.000,6.500,4.764
2025-02-28 03:00:00,9.800,1005.500,8.500,308.000,9.500,4.022
2025-02-28 04:00:00,9.100,1005.700,6.900,297.000,7.800,2.930
2025-02-28 05:00:00,9.000,1005.700,3.800,285.000,4.600,1.611
2025-02-28 06:00:00,9.100,1006.200,2.800,272.000,3.400,0.659
2025-02-28 07:00:00,8.400,1006.100,3.900,273.000,4.400,0.167
2025-02-28 08:00:00,7.500,1005.700,3.100,250.000,3.600,0.679
2025-02-28 09:00:00,6.400,1005.700,2.700,253.000,3.700,1.335
2025-02-28 10:00:00,7.000,1007.000,6.200,277.000,9.100,2.484
2025-02-28 11:00:00,7.300,1008.000,5.900,281.000,9.200,3.832
2025-02-28 12:00:00,6.700,1009.000,7.800,298.000,9.100,4.993
2025-02-28 13:00:00,6.700,1010.100,5.100,295.000,5.800,5.545
2025-02-28 14:00:00,7.300,1010.300,8.000,300.000,10.700,5.502
2025-02-28 15:00:00,7.600,1011.000,6.700,311.000,9.700,4.806
2025-02-28 16:00:00,7.800,1011.000,7.700,304.000,10.600,3.819
2025-02-28 17:00:00,7.900,1010.500,6.600,316.000,7.700,2.343
2025-02-28 18:00:00,8.700,1010.100,6.600,291.000,8.900,0.883
2025-02-28 19:00:00,9.800,1009.500,6.900,294.000,7.800,-0.033
2025-02-28 20:00:00,10.100,1009.200,7.300,288.000,8.800,-0.243
2025-02-28 21:00:00,10.100,1008.600,5.400,304.000,7.500,0.371
2025-02-28 22:00:00,10.100,1008.600,5.600,286.000,6.300,1.299
2025-02-28 23:00:00,10.000,1009.300,2.200,242.000,4.600,2.736
2026-01-01 00:00:00,0.200,1011.200,1.800,182.000,2.700,2.992
2026-01-01 01:00:00,0.400,1010.300,2.700,182.000,4.600,2.185
2026-01-01 02:00:00,0.500,1009.400,2.600,179.000,3.900,1.161
2026-01-01 03:00:00,1.500,1008.200,2.100,186.000,4.500,0.200
2026-01-01 04:00:00,2.100,1007.700,3.100,211.000,5.600,-0.344
2026-01-01 05:00:00,2.600,1006.600,3.100,208.000,5.400,-0.272
2026-01-01 06:00:00,3.900,1005.200,4.200,217.000,6.500,0.374
2026-01-01 07:00:00,4.100,1005.000,3.900,226.000,6.800,1.266
2026-01-01 08:00:00,4.100,1004.400,3.800,244.000,5.700,2.477
2026-01-01 09:00:00,3.900,1003.900,2.900,237.000,4.900,3.593
2026-01-01 10:00:00,4.000,1004.300,2.900,240.000,4.400,4.511
2026-01-01 11:00:00,4.200,1003.800,3.900,235.000,5.700,4.888
2026-01-01 12:00:00,3.500,1006.400,8.700,300.000,12.300,4.711
2026-01-01 13:00:00,1.000,1008.300,11.800,306.000,14.500,4.173
2026-01-01 14:00:00,0.200,1009.900,10.500,308.000,13.400,2.779
2026-01-01 15:00:00,-0.100,1011.200,12.700,333.000,15.000,1.608
2026-01-01 16:00:00,-0.600,1011.900,10.800,304.000,13.900,0.203
2026-01-01 17:00:00,-0.900,1011.800,8.900,330.000,10.700,-0.322
2026-01-01 18:00:00,-0.700,1011.600,8.600,310.000,10.100,-0.400
2026-01-01 19:00:00,-0.100,1011.900,7.500,304.000,10.000,0.249
2026-01-01 20:00:00,-0.100,1012.000,10.700,291.000,13.700,1.155
2026-01-01 21:00:00,-0.300,1012.900,8.400,289.000,10.500,2.201
2026-01-01 22:00:00,-0.900,1013.600,8.900,286.000,10.900,3.182
2026-01-01 23:00:00,-1.600,1013.800,4.500,278.000,5.700,3.550
2026-01-02 00:00:00,-1.900,1014.200,3.600,276.000,4.500,3.622
2026-01-02 01:00:00,-2.500,1014.600,3.000,264.000,3.700,3.225
2026-01-02 02:00:00,-1.100,1014.400,4.800,327.000,6.800,2.470
2026-01-02 03:00:00,-2.900,1014.200,2.500,250.000,3.600,1.447
2026-01-02 04:00:00,-2.800,1013.400,1.400,236.000,2.200,0.469
2026-01-02 05:00:00,-2.800,1013.400,1.900,256.000,2.800,-0.144
2026-01-02 06:00:00,-2.400,1013.300,2.700,271.000,4.000,-0.079
2026-01-02 07:00:00,-2.300,1013.200,3.600,283.000,4.500,0.417
2026-01-02 08:00:00,-2.500,1012.900,1.500,256.000,2.200,1.575
2026-01-02 09:00:00,-2.500,1011.700,0.800,219.000,1.200,2.884
2026-01-02 10:00:00,-2.200,1011.600,2.000,261.000,2.500,4.101
2026-01-02 11:00:00,-2.100,1011.400,1.800,246.000,2.200,4.977
2026-01-02 12:00:00,-1.900,1011.500,2.000,261.000,2.300,5.440
2026-01-02 13:00:00,-1.000,1011.300,2.300,355.000,2.900,5.226
2026-01-02 14:00:00,-0.800,1011.400,0.000,349.000,0.400,4.469
2026-01-02 15:00:00,-1.000,1011.400,0.000,201.000,0.600,3.330
2026-01-02 16:00:00,-0.700,1010.900,1.600,286.000,2.000,1.962
2026-01-02 17:00:00,-0.300,1009.500,1.300,2.000,2.600,0.656
2026-01-02 18:00:00,-0.100,1009.000,1.400,359.000,2.100,0.095
2026-01-02 19:00:00,0.200,1009.000,1.500,332.000,1.900,0.000
2026-01-02 20:00:00,0.500,1008.700,1.300,337.000,2.000,0.525
2026-01-02 21:00:00,0.800,1009.400,1.500,309.000,1.800,1.434
2026-01-02 22:00:00,1.100,1009.900,2.100,315.000,2.600,2.608
2026-01-02 23:00:00,1.300,1010.500,3.800,339.000,4.100,3.573
2026-01-03 00:00:00,1.100,1011.000,0.900,329.000,2.900,3.891
2026-01-03 01:00:00,-1.400,1011.700,2.100,211.000,2.500,3.940
2026-01-03 02:00:00,-0.700,1012.200,1.500,259.000,1.700,3.494
2026-01-03 03:00:00,-0.800,1012.800,1.900,276.000,2.700,2.585
2026-01-03 04:00:00,-1.500,1013.300,2.900,270.000,3.200,1.391
2026-01-03 05:00:00,0.600,1013.700,5.500,331.000,7.500,0.217
2026-01-03 06:00:00,0.500,1014.100,6.300,351.000,8.000,-0.482
2026-01-03 07:00:00,0.100,1014.200,7.700,350.000,9.700,-0.351
2026-01-03 08:00:00,-0.300,1014.500,8.100,342.000,9.400,0.463
2026-01-03 09:00:00,-0.500,1014.800,7.100,328.000,10.000,1.660
2026-01-03 10:00:00,-0.700,1015.200,8.800,333.000,10.300,2.969
2026-01-03 11:00:00,-0.800,1015.600,8.800,339.000,10.000,4.183
2026-01-03 12:00:00,-1.000,1016.400,5.400,340.000,7.500,5.052
2026-01-03 13:00:00,-2.200,1017.300,5.000,287.000,6.500,5.377
2026-01-03 14:00:00,-2.500,1018.000,4.900,279.000,6.000,5.128
2026-01-03 15:00:00,-1.800,1018.300,4.400,307.000,5.600,4.367
2026-01-03 16:00:00,-1.800,1018.000,4.500,310.000,5.200,3.100
2026-01-03 17:00:00,-1.300,1016.700,5.400,337.000,6.900,1.663
2026-01-03 18:00:00,-1.200,1016.500,4.100,310.000,6.300,0.404
2026-01-03 19:00:00,-0.900,1016.300,3.300,319.000,4.000,-0.236
2026-01-03 20:00:00,-0.600,1016.100,1.500,354.000,2.300,-0.121
2026-01-03 21:00:00,-0.100,1016.500,2.000,322.000,2.600,0.469
2026-01-03 22:00:00,0.500,1016.700,3.900,304.000,4.700,1.542
2026-01-03 23:00:00,0.500,1017.000,3.100,299.000,4.200,2.651
2026-01-04 00:00:00,0.700,1017.000,4.000,326.000,5.200,3.465
2026-01-04 01:00:00,0.700,1016.600,3.300,332.000,4.500,3.957
2026-01-04 02:00:00,0.800,1016.300,3.800,340.000,4.400,3.996
2026-01-04 03:00:00,0.900,1016.100,4.100,2.000,5.000,3.573
2026-01-04 04:00:00,1.000,1015.800,2.600,356.000,4.000,2.707
2026-01-04 05:00:00,0.900,1016.100,5.100,6.000,5.700,1.588
2026-01-04 06:00:00,0.600,1016.200,4.100,6.000,6.000,0.489
2026-01-04 07:00:00,0.400,1016.700,3.900,15.000,5.500,-0.059
2026-01-04 08:00:00,0.400,1016.600,3.900,10.000,5.000,0.240
2026-01-04 09:00:00,0.500,1016.800,4.100,3.000,6.000,1.115
2026-01-04 10:00:00,0.500,1017.100,5.000,347.000,6.700,2.290
2026-01-04 11:00:00,0.500,1017.700,5.100,346.000,6.300,3.573
2026-01-04 12:00:00,0.300,1018.100,6.900,344.000,8.200,4.826
2026-01-04 13:00:00,0.600,1018.400,6.200,342.000,7.300,5.761
2026-01-04 14:00:00,0.600,1019.300,4.200,327.000,5.700,5.961
2026-01-04 15:00:00,0.400,1020.000,6.000,321.000,7.200,5.564
2026-01-04 16:00:00,0.600,1020.100,7.500,327.000,9.200,4.685
2026-01-04 17:00:00,0.700,1019.400,7.100,334.000,8.600,3.363
2026-01-04 18:00:00,1.000,1019.100,6.200,353.000,7.200,1.860
2026-01-04 19:00:00,1.500,1019.400,5.900,2.000,7.000,0.604
2026-01-04 20:00:00,2.100,1019.700,6.300,358.000,7.200,0.075
2026-01-04 21:00:00,2.400,1020.000,4.800,343.000,5.600,0.187
2026-01-04 22:00:00,2.600,1020.700,4.300,324.000,5.100,0.948
2026-01-04 23:00:00,2.700,1021.900,6.100,344.000,7.300,1.985
2026-01-05 00:00:00,1.800,1022.400,9.000,3.000,10.100,3.143
2026-01-05 01:00:00,1.100,1023.700,7.500,333.000,9.100,3.888
2026-01-05 02:00:00,0.800,1024.300,6.900,352.000,8.700,4.259
2026-01-05 03:00:00,0.600,1024.700,5.100,7.000,7.800,4.265
2026-01-05 04:00:00,0.700,1024.800,6.300,8.000,8.000,3.612
2026-01-05 05:00:00,0.800,1023.900,5.100,8.000,6.600,2.690
2026-01-05 06:00:00,0.900,1023.900,5.400,353.000,6.200,1.522
2026-01-05 07:00:00,-0.200,1023.900,2.600,302.000,3.000,0.394
2026-01-05 08:00:00,-1.100,1024.200,3.300,269.000,3.600,-0.026
2026-01-05 09:00:00,-1.800,1024.700,2.700,234.000,3.800,0.394
2026-01-05 10:00:00,-1.800,1025.000,0.400,273.000,1.100,1.138
2026-01-05 11:00:00,-2.100,1025.100,0.700,203.000,1.200,2.178
2026-01-05 12:00:00,-2.700,1025.100,1.200,221.000,2.100,3.497
2026-01-05 13:00:00,-2.200,1024.900,1.500,208.000,2.400,4.777
2026-01-05 14:00:00,-1.000,1025.400,1.100,231.000,1.400,5.558
2026-01-05 15:00:00,0.200,1025.300,0.600,195.000,1.000,5.614
2026-01-05 16:00:00,2.100,1024.700,1.400,168.000,2.600,5.082
2026-01-05 17:00:00,2.800,1023.200,2.900,166.000,4.700,4.068
2026-01-05 18:00:00,3.400,1022.100,3.900,161.000,5.500,2.907
2026-01-05 19:00:00,3.900,1021.100,4.000,164.000,5.500,1.532
2026-01-05 20:00:00,4.300,1020.500,3.900,157.000,5.100,0.459
2026-01-05 21:00:00,4.600,1019.800,2.000,170.000,5.700,0.013
2026-01-05 22:00:00,4.600,1019.300,3.300,166.000,4.800,0.430
2026-01-05 23:00:00,4.700,1018.600,3.100,164.000,4.600,1.217
2026-01-06 00:00:00,5.400,1018.300,2.400,179.000,4.500,2.231
2026-01-06 01:00:00,6.400,1017.300,2.900,176.000,5.700,3.235
2026-01-06 02:00:00,6.900,1017.100,2.500,199.000,4.700,4.032
2026-01-06 03:00:00,7.300,1017.100,1.900,217.000,3.100,4.301
2026-01-06 04:00:00,7.300,1016.900,2.400,226.000,3.200,4.137
2026-01-06 05:00:00,6.700,1016.400,1.200,208.000,1.600,3.540
2026-01-06 06:00:00,6.500,1015.600,2.000,207.000,3.100,2.408
2026-01-06 07:00:00,6.700,1015.200,2.400,226.000,3.800,1.175
2026-01-06 08:00:00,7.100,1015.100,3.000,230.000,4.900,0.240
2026-01-06 09:00:00,7.300,1015.000,3.600,240.000,5.000,0.036
2026-01-06 10:00:00,6.500,1015.300,1.700,316.000,2.300,0.518
2026-01-06 11:00:00,5.500,1015.300,1.000,76.000,1.200,1.289
2026-01-06 12:00:00,4.700,1015.100,1.500,149.000,1.700,2.356
2026-01-06 13:00:00,4.900,1015.700,0.100,105.000,1.000,3.720
2026-01-06 14:00:00,6.400,1015.000,1.000,143.000,1.300,4.846
2026-01-06 15:00:00,7.800,1014.500,2.300,147.000,3.300,5.489
2026-01-06 16:00:00,8.500,1014.200,0.700,156.000,1.400,5.512
2026-01-06 17:00:00,8.200,1012.600,1.400,57.000,1.500,4.875
2026-01-06 18:00:00,7.900,1010.800,2.800,85.000,3.200,4.104
2026-01-06 19:00:00,8.000,1009.800,2.000,133.000,3.100,2.818
2026-01-06 20:00:00,8.000,1009.500,1.900,150.000,3.900,1.663
2026-01-06 21:00:00,6.700,1008.300,4.500,144.000,6.300,0.656
2026-01-06 22:00:00,6.900,1007.800,2.100,150.000,3.600,0.646
2026-01-06 23:00:00,8.900,1007.900,2.500,167.000,4.400,1.040
2026-01-07 00:00:00,9.800,1008.300,2.300,199.000,3.400,1.788
2026-01-07 01:00:00,9.900,1007.300,2.000,200.000,3.600,2.795
2026-01-07 02:00:00,9.600,1006.400,2.600,197.000,4.400,3.789
2026-01-07 03:00:00,10.400,1005.500,3.000,209.000,5.300,4.475
2026-01-07 04:00:00,10.500,1005.400,2.700,227.000,4.900,4.747
2026-01-07 05:00:00,10.600,1005.100,2.800,232.000,4.300,4.633
2026-01-07 06:00:00,11.200,1004.200,3.800,230.000,6.200,4.045
2026-01-07 07:00:00,11.400,1004.500,4.900,242.000,7.500,2.999
2026-01-07 08:00:00,10.900,1004.700,4.100,251.000,6.000,1.939
2026-01-07 09:00:00,6.300,1005.100,2.400,288.000,3.500,1.119
2026-01-07 10:00:00,5.200,1005.400,1.900,284.000,2.100,0.955
2026-01-07 11:00:00,7.000,1005.700,0.800,259.000,1.800,1.243
2026-01-07 12:00:00,8.500,1006.700,3.300,263.000,4.900,1.939
2026-01-07 13:00:00,8.500,1007.600,4.600,287.000,5.900,3.031
2026-01-07 14:00:00,8.500,1008.500,4.500,295.000,5.000,4.285
2026-01-07 15:00:00,11.400,1009.000,4.100,283.000,5.000,5.167
2026-01-07 16:00:00,11.700,1009.200,5.400,298.000,7.400,5.486
2026-01-07 17:00:00,12.400,1008.800,6.000,304.000,7.300,5.358
2026-01-07 18:00:00,14.400,1009.000,12.500,298.000,15.700,4.839
2026-01-07 19:00:00,13.100,1009.600,9.600,299.000,11.200,3.852
2026-01-07 20:00:00,9.800,1010.900,4.900,334.000,6.000,2.618
2026-01-07 21:00:00,9.800,1012.000,4.000,339.000,4.900,1.457
2026-01-07 22:00:00,10.400,1012.700,1.200,267.000,1.800,0.725
2026-01-07 23:00:00,10.500,1013.400,1.200,263.000,1.300,0.610
2026-01-08 00:00:00,10.100,1014.300,1.600,277.000,1.900,1.043
2026-01-08 01:00:00,11.600,1015.600,4.600,290.000,5.000,1.772
2026-01-08 02:00:00,9.200,1016.300,3.800,351.000,4.900,2.713
2026-01-08 03:00:00,8.400,1016.800,3.400,284.000,3.500,3.527
2026-01-08 04:00:00,8.200,1016.900,0.800,300.000,0.900,4.055
2026-01-08 05:00:00,7.200,1017.600,1.000,104.000,1.100,4.298
2026-01-08 06:00:00,7.100,1018.000,0.900,290.000,1.000,4.039
2026-01-08 07:00:00,7.200,1018.700,1.500,265.000,1.700,3.383
2026-01-08 08:00:00,6.500,1019.600,2.200,250.000,2.300,2.448
2026-01-08 09:00:00,6.300,1020.100,2.000,222.000,2.600,1.427
2026-01-08 10:00:00,5.800,1020.900,2.300,245.000,2.800,0.604
2026-01-08 11:00:00,5.900,1021.600,2.000,258.000,2.300,0.509
2026-01-08 12:00:00,5.900,1022.100,2.300,236.000,2.500,0.879
2026-01-08 13:00:00,5.800,1022.800,1.100,242.000,1.400,1.572
2026-01-08 14:00:00,5.300,1023.700,0.700,291.000,1.300,2.598
2026-01-08 15:00:00,5.800,1024.600,1.100,342.000,2.000,3.668
2026-01-08 16:00:00,6.300,1024.400,1.200,313.000,1.600,4.396
2026-01-08 17:00:00,6.400,1024.800,2.700,314.000,3.000,4.619
2026-01-08 18:00:00,7.300,1024.000,2.200,10.000,2.500,4.357
2026-01-08 19:00:00,7.900,1023.700,1.600,51.000,1.700,3.707
2026-01-08 20:00:00,8.100,1023.900,2.500,69.000,2.600,2.831
2026-01-08 21:00:00,8.800,1024.400,1.700,78.000,2.300,1.788
2026-01-08 22:00:00,8.300,1024.800,1.100,112.000,1.300,0.965
2026-01-08 23:00:00,7.600,1025.300,0.600,179.000,1.200,0.482
2026-01-09 00:00:00,6.600,1025.900,2.400,184.000,2.700,0.535
2026-01-09 01:00:00,6.000,1026.700,2.100,213.000,2.700,0.899
2026-01-09 02:00:00,5.800,1026.500,2.400,183.000,2.900,1.703
2026-01-09 03:00:00,6.100,1026.400,2.600,158.000,3.100,2.746
2026-01-09 04:00:00,5.500,1026.600,2.000,193.000,2.900,3.573
2026-01-09 05:00:00,5.800,1026.000,3.500,161.000,4.100,4.052
2026-01-09 06:00:00,6.000,1025.700,2.600,176.000,3.600,4.232
2026-01-09 07:00:00,6.200,1025.800,2.800,158.000,3.800,3.888
2026-01-09 08:00:00,7.200,1025.700,3.100,164.000,5.200,3.379
2026-01-09 09:00:00,7.300,1026.600,0.700,201.000,2.800,2.530
2026-01-09 10:00:00,7.300,1026.300,2.000,167.000,3.300,1.650
2026-01-09 11:00:00,7.000,1026.000,2.600,155.000,3.300,1.033
2026-01-09 12:00:00,6.600,1026.000,3.100,152.000,4.100,0.899
2026-01-09 13:00:00,6.800,1025.600,2.100,155.000,3.800,1.270
2026-01-09 14:00:00,8.900,1025.700,3.400,163.000,6.400,1.932
2026-01-09 15:00:00,9.600,1025.200,4.300,161.000,8.600,2.684
2026-01-09 16:00:00,9.600,1024.300,6.300,161.000,8.800,3.527
2026-01-09 17:00:00,10.400,1022.900,4.400,154.000,7.300,3.986
2026-01-09 18:00:00,11.700,1021.400,6.300,162.000,9.000,4.268
2026-01-09 19:00:00,13.000,1020.900,4.000,169.000,7.000,4.091
2026-01-09 20:00:00,14.100,1020.200,3.900,163.000,5.700,3.422
2026-01-09 21:00:00,14.100,1020.100,2.300,169.000,5.000,2.507
2026-01-09 22:00:00,14.600,1019.800,2.600,175.000,4.400,1.722
2026-01-09 23:00:00,15.600,1019.600,3.000,192.000,5.000,0.974
2026-01-10 00:00:00,16.700,1019.300,2.900,190.000,4.500,0.696
2026-01-10 01:00:00,17.300,1019.500,2.700,205.000,4.000,0.781
2026-01-10 02:00:00,16.900,1019.800,3.000,227.000,5.400,1.286
2026-01-10 03:00:00,16.900,1020.000,3.800,223.000,5.800,2.018
2026-01-10 04:00:00,17.000,1019.900,3.800,232.000,6.100,2.831
2026-01-10 05:00:00,17.000,1020.000,4.100,237.000,5.400,3.619
2026-01-10 06:00:00,17.100,1020.300,4.100,249.000,6.900,4.016
2026-01-10 07:00:00,16.600,1020.900,3.900,270.000,5.800,4.052
2026-01-10 08:00:00,7.600,1021.600,1.700,275.000,2.100,3.786
2026-01-10 09:00:00,7.500,1021.800,0.300,333.000,1.100,3.159
2026-01-10 10:00:00,7.700,1022.000,1.500,311.000,1.700,2.254
2026-01-10 11:00:00,7.900,1022.300,0.600,322.000,1.400,1.496
2026-01-10 12:00:00,8.100,1022.000,0.800,48.000,1.200,1.030
2026-01-10 13:00:00,6.900,1022.600,0.300,317.000,0.700,1.066
2026-01-10 14:00:00,6.500,1022.700,2.900,47.000,3.300,1.286
2026-01-10 15:00:00,9.100,1021.700,6.900,92.000,9.000,1.857
2026-01-10 16:00:00,7.900,1020.700,6.200,101.000,8.400,2.572
2026-01-10 17:00:00,7.200,1019.800,4.600,91.000,7.700,3.314
2026-01-10 18:00:00,6.700,1018.200,6.500,94.000,8.200,3.894
2026-01-10 19:00:00,6.800,1016.900,5.000,96.000,6.200,4.026
2026-01-10 20:00:00,7.300,1015.600,5.200,107.000,5.900,3.855
2026-01-10 21:00:00,8.700,1014.600,3.900,124.000,5.700,3.330
2026-01-10 22:00:00,8.500,1013.500,2.200,323.000,2.700,2.759
2026-01-10 23:00:00,8.100,1011.900,1.000,73.000,1.500,2.142
2026-01-11 00:00:00,11.000,1010.600,2.000,174.000,2.700,1.440
2026-01-11 01:00:00,13.900,1010.100,2.200,226.000,3.700,1.224
2026-01-11 02:00:00,9.000,1009.500,9.800,300.000,12.900,1.243
2026-01-11 03:00:00,17.700,1008.100,4.700,206.000,6.800,1.617
2026-01-11 04:00:00,18.300,1007.600,3.600,208.000,6.900,2.274
2026-01-11 05:00:00,9.500,1008.000,4.600,4.000,5.800,3.166
2026-01-11 06:00:00,12.500,1009.200,6.700,281.000,9.500,3.780
2026-01-11 07:00:00,10.600,1009.900,4.600,290.000,5.200,3.950
2026-01-11 08:00:00,10.400,1009.800,2.900,299.000,3.100,3.878
2026-01-11 09:00:00,9.300,1010.000,3.000,299.000,3.700,3.543
2026-01-11 10:00:00,7.700,1011.200,5.000,316.000,5.400,3.018
2026-01-11 11:00:00,6.800,1011.600,3.600,348.000,4.100,2.221
2026-01-11 12:00:00,6.700,1011.900,1.000,306.000,1.300,1.453
2026-01-11 13:00:00,7.100,1012.100,3.400,322.000,4.000,0.948
2026-01-11 14:00:00,7.100,1012.100,7.200,317.000,8.000,1.060
2026-01-11 15:00:00,6.900,1012.900,8.000,331.000,10.000,1.368
2026-01-11 16:00:00,6.400,1013.100,5.500,314.000,6.500,1.785
2026-01-11 17:00:00,6.100,1011.300,2.400,298.000,3.000,2.336
2026-01-11 18:00:00,6.500,1010.700,4.000,297.000,4.300,3.005
2026-01-11 19:00:00,7.400,1011.100,5.700,292.000,8.000,3.435
2026-01-11 20:00:00,8.000,1011.500,10.500,291.000,12.600,3.488
2026-01-11 21:00:00,8.000,1012.300,9.000,291.000,11.300,3.412
2026-01-11 22:00:00,6.000,1014.700,13.600,294.000,18.100,2.976
2026-01-11 23:00:00,5.600,1016.200,15.000,294.000,16.900,1.952
2026-01-12 00:00:00,4.700,1017.500,12.500,291.000,14.800,0.745
2026-01-12 01:00:00,4.000,1018.900,11.100,285.000,13.100,0.023
2026-01-12 02:00:00,3.200,1019.600,9.600,280.000,11.700,-0.505
2026-01-12 03:00:00,2.900,1019.900,10.200,284.000,11.900,-0.387
2026-01-12 04:00:00,2.300,1020.700,8.000,276.000,10.300,0.322
2026-01-12 05:00:00,2.700,1021.800,10.100,289.000,12.600,1.302
2026-01-12 06:00:00,2.600,1022.200,9.700,300.000,11.900,2.119
2026-01-12 07:00:00,2.100,1023.200,7.600,288.000,9.000,2.690
2026-01-12 08:00:00,1.600,1023.300,5.800,284.000,6.800,3.012
2026-01-12 09:00:00,1.300,1023.900,5.900,284.000,7.100,2.936
2026-01-12 10:00:00,0.900,1024.100,4.700,287.000,5.600,2.726
2026-01-12 11:00:00,0.400,1025.300,4.600,268.000,6.100,2.192
2026-01-12 12:00:00,0.400,1026.000,3.700,271.000,5.300,1.411
2026-01-12 13:00:00,1.000,1026.800,5.100,277.000,6.100,0.741
2026-01-12 14:00:00,2.100,1027.000,6.200,276.000,7.600,0.538
2026-01-12 15:00:00,2.700,1027.100,7.100,288.000,8.500,0.515
2026-01-12 16:00:00,3.700,1026.400,5.500,281.000,8.000,0.610
2026-01-12 17:00:00,4.500,1025.000,6.200,270.000,7.500,1.125
2026-01-12 18:00:00,5.700,1024.300,5.100,254.000,8.400,1.562
2026-01-12 19:00:00,6.400,1023.700,3.600,277.000,5.800,2.073
2026-01-12 20:00:00,7.400,1023.200,4.600,247.000,6.900,2.477
2026-01-12 21:00:00,6.900,1023.200,5.300,271.000,6.900,2.530
2026-01-12 22:00:00,6.000,1022.900,2.900,233.000,4.100,2.372
2026-01-12 23:00:00,4.800,1023.200,2.400,237.000,4.600,1.854
2026-01-13 00:00:00,4.200,1023.100,4.300,232.000,6.200,1.001
2026-01-13 01:00:00,3.900,1022.900,3.000,216.000,5.400,0.302
2026-01-13 02:00:00,3.700,1022.600,3.400,213.000,5.000,-0.279
2026-01-13 03:00:00,3.700,1022.300,3.000,210.000,5.000,-0.374
2026-01-13 04:00:00,3.600,1022.600,3.300,223.000,5.100,-0.115
2026-01-13 05:00:00,3.300,1022.200,2.700,217.000,3.800,0.515
2026-01-13 06:00:00,3.300,1022.100,3.300,224.000,4.800,1.194
2026-01-13 07:00:00,3.100,1021.800,3.300,243.000,4.100,1.946
2026-01-13 08:00:00,3.600,1021.500,4.200,254.000,5.800,2.684
2026-01-13 09:00:00,3.100,1021.500,2.700,250.000,4.300,3.074
2026-01-13 10:00:00,2.100,1021.500,3.400,228.000,4.200,3.084
2026-01-13 11:00:00,1.100,1021.300,2.800,212.000,3.600,2.749
2026-01-13 12:00:00,1.300,1021.100,2.300,203.000,2.800,2.211
2026-01-13 13:00:00,1.300,1020.900,2.400,193.000,3.200,1.509
2026-01-13 14:00:00,3.500,1021.400,3.100,198.000,4.100,0.912
2026-01-13 15:00:00,5.900,1021.400,3.400,187.000,4.900,0.617
2026-01-13 16:00:00,8.000,1020.100,1.700,187.000,3.500,0.482
2026-01-13 17:00:00,8.500,1018.300,3.800,153.000,5.300,0.571
2026-01-13 18:00:00,9.000,1016.800,4.500,151.000,6.000,1.027
2026-01-13 19:00:00,8.900,1015.600,5.800,146.000,8.100,1.535
2026-01-13 20:00:00,7.600,1014.400,4.200,142.000,6.000,2.188
2026-01-13 21:00:00,7.500,1013.700,3.600,160.000,5.400,2.405
2026-01-13 22:00:00,7.200,1013.000,3.100,187.000,4.600,2.710
2026-01-13 23:00:00,6.900,1012.500,3.100,193.000,5.300,2.661
2026-01-14 00:00:00,7.400,1011.500,3.200,192.000,5.900,2.116
2026-01-14 01:00:00,8.700,1011.200,3.800,210.000,6.500,1.460
2026-01-14 02:00:00,9.600,1010.500,4.100,210.000,7.100,0.768
2026-01-14 03:00:00,9.600,1009.800,4.900,212.000,8.900,0.217
2026-01-14 04:00:00,9.600,1009.200,5.100,218.000,8.800,0.082
2026-01-14 05:00:00,9.500,1008.500,3.000,210.000,7.200,0.433
2026-01-14 06:00:00,9.900,1007.900,5.100,222.000,8.100,1.043
2026-01-14 07:00:00,9.500,1007.700,5.300,229.000,8.200,1.864
2026-01-14 08:00:00,9.200,1007.000,4.500,230.000,6.200,2.694
2026-01-14 09:00:00,8.300,1006.700,4.400,227.000,6.000,3.573
2026-01-14 10:00:00,8.400,1006.500,4.000,225.000,6.000,3.852
2026-01-14 11:00:00,7.800,1006.700,3.800,228.000,8.300,3.776
2026-01-14 12:00:00,7.800,1006.600,3.900,228.000,5.700,3.510
2026-01-14 13:00:00,7.400,1006.600,3.400,207.000,5.100,2.881
2026-01-14 14:00:00,8.300,1006.600,4.800,217.000,7.000,2.156
2026-01-14 15:00:00,9.400,1006.300,4.900,230.000,7.900,1.440
2026-01-14 16:00:00,11.000,1005.400,3.400,210.000,7.000,1.027
2026-01-14 17:00:00,12.100,1004.100,3.400,195.000,5.100,1.056
2026-01-14 18:00:00,12.000,1002.900,3.200,208.000,6.000,1.302
2026-01-14 19:00:00,12.100,1002.300,2.500,191.000,3.900,1.732
2026-01-14 20:00:00,11.200,1002.000,1.800,192.000,2.800,2.438
2026-01-14 21:00:00,10.300,1002.500,3.900,202.000,6.400,3.084
2026-01-14 22:00:00,8.400,1001.300,2.800,196.000,6.200,3.488
2026-01-14 23:00:00,7.800,1000.700,2.700,217.000,4.200,3.579
2026-01-15 00:00:00,8.200,1000.400,3.300,201.000,5.100,3.412
2026-01-15 01:00:00,8.300,999.200,3.000,179.000,5.300,2.890
2026-01-15 02:00:00,8.900,998.500,3.400,182.000,5.600,2.260
2026-01-15 03:00:00,8.400,998.500,2.600,187.000,5.000,1.601
2026-01-15 04:00:00,8.800,997.600,2.600,205.000,5.900,1.240
2026-01-15 05:00:00,8.600,996.700,2.900,214.000,5.800,1.293
2026-01-15 06:00:00,8.200,996.500,3.400,245.000,4.400,1.699
2026-01-15 07:00:00,8.000,996.400,3.100,221.000,4.300,2.408
2026-01-15 08:00:00,7.700,996.400,2.600,228.000,4.800,3.258
2026-01-15 09:00:00,7.700,996.600,4.600,260.000,5.800,4.114
2026-01-15 10:00:00,7.300,997.100,3.400,252.000,4.600,4.718
2026-01-15 11:00:00,6.800,997.800,8.800,292.000,11.800,4.964
2026-01-15 12:00:00,5.300,999.200,10.800,293.000,13.200,4.669
2026-01-15 13:00:00,4.100,1000.500,11.500,286.000,13.800,4.104
2026-01-15 14:00:00,3.100,1001.600,11.600,295.000,13.900,3.268
2026-01-15 15:00:00,2.400,1002.000,12.700,303.000,14.000,2.136
2026-01-15 16:00:00,2.200,1002.500,11.000,283.000,13.400,1.224
2026-01-15 17:00:00,2.000,1001.800,10.500,281.000,12.300,0.797
2026-01-15 18:00:00,1.700,1001.300,9.400,300.000,13.000,0.994
2026-01-15 19:00:00,1.600,1001.600,9.900,288.000,12.700,1.257
2026-01-15 20:00:00,1.500,1001.800,11.300,295.000,14.300,1.713
2026-01-15 21:00:00,0.900,1002.400,11.400,296.000,13.900,2.402
2026-01-15 22:00:00,0.500,1002.900,11.900,302.000,13.400,3.054
2026-01-15 23:00:00,-0.300,1003.700,11.200,294.000,12.700,3.133
2026-01-16 00:00:00,-0.800,1004.300,10.000,303.000,11.500,3.048
2026-01-16 01:00:00,-1.400,1004.100,11.500,301.000,13.500,2.552
2026-01-16 02:00:00,-2.300,1005.500,8.600,297.000,11.100,1.890
2026-01-16 03:00:00,-2.700,1006.100,9.700,290.000,12.300,1.083
2026-01-16 04:00:00,-3.200,1006.200,13.500,304.000,14.600,0.410
2026-01-16 05:00:00,-3.500,1006.500,8.200,282.000,11.000,-0.033
2026-01-16 06:00:00,-3.500,1007.200,10.000,278.000,11.700,0.148
2026-01-16 07:00:00,-3.600,1008.300,8.000,276.000,12.100,0.568
2026-01-16 08:00:00,-3.400,1009.500,8.800,280.000,11.200,1.503
2026-01-16 09:00:00,-3.700,1010.500,8.800,280.000,10.600,2.379
2026-01-16 10:00:00,-3.800,1011.500,9.100,283.000,13.800,3.084
2026-01-16 11:00:00,-3.900,1012.900,9.200,285.000,11.000,3.579
2026-01-16 12:00:00,-3.700,1014.800,9.800,283.000,11.700,3.737
2026-01-16 13:00:00,-3.700,1015.700,6.600,289.000,9.400,3.488
2026-01-16 14:00:00,-3.200,1016.300,8.400,281.000,11.500,2.792
2026-01-16 15:00:00,-2.100,1017.300,9.800,288.000,12.000,2.008
2026-01-16 16:00:00,-1.100,1017.300,6.300,262.000,9.200,1.184
2026-01-16 17:00:00,0.000,1016.800,5.700,269.000,8.800,0.561
2026-01-16 18:00:00,0.900,1017.400,6.700,266.000,9.500,0.210
2026-01-16 19:00:00,1.800,1017.100,3.900,259.000,7.600,0.259
2026-01-16 20:00:00,2.600,1017.500,4.300,236.000,7.400,0.528
2026-01-16 21:00:00,2.300,1017.900,4.900,255.000,5.900,1.007
2026-01-16 22:00:00,1.600,1018.600,2.100,204.000,4.200,1.877
2026-01-16 23:00:00,1.000,1019.300,1.000,197.000,1.800,2.408
2026-01-17 00:00:00,0.700,1019.000,2.200,181.000,4.100,2.602
2026-01-17 01:00:00,1.400,1019.200,3.200,168.000,4.900,2.428
2026-01-17 02:00:00,2.000,1019.300,2.700,193.000,4.400,1.860
2026-01-17 03:00:00,2.700,1019.400,3.300,202.000,6.100,1.115
2026-01-17 04:00:00,3.700,1018.800,4.300,192.000,6.700,0.292
2026-01-17 05:00:00,4.000,1018.300,4.900,208.000,7.900,-0.459
2026-01-17 06:00:00,4.400,1018.600,3.500,211.000,8.000,-0.610
2026-01-17 07:00:00,4.400,1019.200,3.200,218.000,6.000,-0.456
2026-01-17 08:00:00,4.100,1019.200,2.900,211.000,4.700,0.108
2026-01-17 09:00:00,3.700,1018.600,2.900,191.000,4.000,1.086
2026-01-17 10:00:00,3.900,1018.600,2.500,201.000,5.600,2.021
2026-01-17 11:00:00,4.400,1018.400,3.300,201.000,5.600,2.746
2026-01-17 12:00:00,4.800,1018.500,3.600,197.000,5.100,3.323
2026-01-17 13:00:00,5.800,1019.100,4.000,224.000,6.100,3.524
2026-01-17 14:00:00,7.200,1018.700,5.000,207.000,8.000,3.205
2026-01-17 15:00:00,8.300,1018.500,4.700,191.000,7.100,2.523
2026-01-17 16:00:00,8.400,1018.700,4.200,227.000,7.200,1.572
2026-01-17 17:00:00,9.800,1017.600,3.700,237.000,9.500,0.577
2026-01-17 18:00:00,8.700,1017.600,7.500,257.000,9.800,-0.095
2026-01-17 19:00:00,8.000,1017.700,6.700,255.000,10.500,-0.318
2026-01-17 20:00:00,6.300,1018.100,6.100,248.000,11.800,-0.108
2026-01-17 21:00:00,6.800,1018.600,4.100,243.000,7.800,0.387
2026-01-17 22:00:00,6.700,1019.400,3.200,249.000,5.000,1.240
2026-01-17 23:00:00,6.300,1019.900,1.500,255.000,2.900,2.142
2026-01-18 00:00:00,5.600,1020.000,1.300,267.000,1.400,2.631
2026-01-18 01:00:00,5.100,1020.500,1.300,233.000,2.000,2.792
2026-01-18 02:00:00,4.800,1020.300,0.000,203.000,0.000,2.533
2026-01-18 03:00:00,4.900,1019.700,0.300,179.000,0.500,2.113
2026-01-18 04:00:00,3.800,1019.900,0.200,311.000,0.300,1.365
2026-01-18 05:00:00,3.800,1019.600,1.600,148.000,1.600,0.581
2026-01-18 06:00:00,4.000,1019.000,1.500,16.000,1.600,0.098
2026-01-18 07:00:00,4.600,1018.600,2.800,68.000,3.700,0.082
2026-01-18 08:00:00,4.700,1018.000,3.300,78.000,4.200,0.594
2026-01-18 09:00:00,4.800,1017.300,2.800,98.000,3.900,1.503
2026-01-18 10:00:00,5.000,1017.600,1.900,120.000,2.500,2.644
2026-01-18 11:00:00,5.300,1017.300,2.400,63.000,2.800,3.760
2026-01-18 12:00:00,5.000,1017.200,1.600,66.000,1.900,4.528
2026-01-18 13:00:00,5.300,1016.700,0.700,51.000,0.800,4.905
2026-01-18 14:00:00,5.200,1016.000,1.600,326.000,1.700,4.852
2026-01-18 15:00:00,4.700,1015.400,3.000,348.000,3.200,4.308
2026-01-18 16:00:00,4.100,1015.300,4.300,317.000,4.700,3.432
2026-01-18 17:00:00,3.900,1013.400,3.200,345.000,3.700,2.346
2026-01-18 18:00:00,3.500,1012.500,6.400,336.000,7.400,1.381
2026-01-18 19:00:00,2.600,1011.800,8.000,331.000,9.600,0.827
2026-01-18 20:00:00,2.700,1010.800,8.100,333.000,9.400,0.787
2026-01-18 21:00:00,2.600,1010.600,7.400,350.000,9.200,1.253
2026-01-18 22:00:00,2.100,1010.500,7.900,346.000,8.700,2.044
2026-01-18 23:00:00,1.500,1011.300,9.800,320.000,11.200,2.877
2026-01-19 00:00:00,1.200,1012.200,10.500,320.000,13.000,3.698
2026-01-19 01:00:00,0.900,1011.600,11.600,328.000,13.600,4.062
2026-01-19 02:00:00,0.300,1012.100,12.800,327.000,14.900,3.963
2026-01-19 03:00:00,-0.700,1013.200,10.600,308.000,12.000,3.389
2026-01-19 04:00:00,-0.800,1013.500,12.400,320.000,13.800,2.641
2026-01-19 05:00:00,-1.000,1013.600,9.200,329.000,11.700,1.713
2026-01-19 06:00:00,-1.300,1013.900,10.000,317.000,10.900,0.876
2026-01-19 07:00:00,-1.700,1014.600,7.700,323.000,9.600,0.528
2026-01-19 08:00:00,-3.300,1015.600,4.400,268.000,5.100,0.646
2026-01-19 09:00:00,-3.800,1016.300,5.000,272.000,6.400,1.358
2026-01-19 10:00:00,-4.400,1016.600,2.700,265.000,3.300,2.218
2026-01-19 11:00:00,-3.600,1016.500,3.200,295.000,4.300,3.251
2026-01-19 12:00:00,-5.100,1017.000,2.400,222.000,3.100,4.121
2026-01-19 13:00:00,-4.600,1017.300,1.900,214.000,3.400,4.803
2026-01-19 14:00:00,-2.700,1017.500,2.500,207.000,4.400,5.164
2026-01-19 15:00:00,-0.800,1017.700,3.200,207.000,4.400,4.744
2026-01-19 16:00:00,0.900,1017.500,3.500,226.000,5.600,4.006
2026-01-19 17:00:00,2.500,1016.600,3.000,223.000,5.300,2.930
2026-01-19 18:00:00,3.300,1015.300,6.100,258.000,8.900,1.867
2026-01-19 19:00:00,3.800,1015.200,5.400,244.000,8.800,0.915
2026-01-19 20:00:00,4.100,1015.900,5.400,255.000,6.900,0.325
2026-01-19 21:00:00,4.400,1016.600,3.800,238.000,6.100,0.417
2026-01-19 22:00:00,3.400,1017.000,1.800,237.000,2.700,0.984
2026-01-19 23:00:00,2.100,1017.800,1.800,228.000,2.400,1.926
2026-01-20 00:00:00,1.600,1018.100,1.600,206.000,2.600,2.759
2026-01-20 01:00:00,1.000,1018.700,2.000,190.000,2.700,3.261
2026-01-20 02:00:00,0.800,1019.000,2.000,192.000,2.800,3.468
2026-01-20 03:00:00,1.800,1019.800,5.100,309.000,6.700,3.491
2026-01-20 04:00:00,2.600,1020.600,6.000,328.000,7.800,2.917
2026-01-20 05:00:00,2.100,1021.400,6.800,318.000,8.200,1.926
2026-01-20 06:00:00,1.500,1021.800,9.100,329.000,10.100,1.007
2026-01-20 07:00:00,1.000,1022.700,8.000,339.000,9.600,-0.003
2026-01-20 08:00:00,0.000,1023.600,9.500,328.000,11.500,-0.394
2026-01-20 09:00:00,-1.100,1024.300,12.000,306.000,15.100,-0.075
2026-01-20 10:00:00,-2.400,1025.200,10.800,307.000,12.900,0.531
2026-01-20 11:00:00,-3.400,1026.000,11.200,301.000,13.200,1.417
2026-01-20 12:00:00,-3.800,1027.300,11.100,312.000,14.000,2.451
2026-01-20 13:00:00,-4.100,1028.300,9.200,311.000,12.200,3.222
2026-01-20 14:00:00,-4.100,1028.900,11.300,315.000,13.100,3.773
2026-01-20 15:00:00,-3.700,1029.900,11.500,306.000,13.900,3.684
2026-01-20 16:00:00,-2.900,1030.200,12.400,304.000,14.400,3.150
2026-01-20 17:00:00,-2.200,1029.000,10.000,306.000,12.300,2.188
2026-01-20 18:00:00,-2.200,1028.600,10.100,313.000,11.700,1.086
2026-01-20 19:00:00,-1.500,1028.300,8.400,301.000,11.100,-0.069
2026-01-20 20:00:00,-1.400,1028.700,10.100,308.000,11.300,-0.712
2026-01-20 21:00:00,-1.600,1029.700,9.400,307.000,11.500,-0.751
2026-01-20 22:00:00,-1.700,1030.800,8.200,296.000,10.100,-0.325
2026-01-20 23:00:00,-1.800,1031.600,6.700,317.000,8.100,0.397
2026-01-21 00:00:00,-1.800,1032.400,5.000,307.000,5.800,1.312
2026-01-21 01:00:00,-1.900,1033.100,4.700,328.000,6.400,2.175
2026-01-21 02:00:00,-2.100,1033.700,3.600,301.000,5.400,2.677
2026-01-21 03:00:00,-2.000,1034.200,4.000,342.000,4.900,2.825
2026-01-21 04:00:00,-2.000,1034.600,3.700,327.000,4.800,2.549
2026-01-21 05:00:00,-3.400,1034.900,2.300,258.000,3.500,1.909
2026-01-21 06:00:00,-4.000,1034.900,2.700,281.000,2.900,0.945
2026-01-21 07:00:00,-4.700,1035.300,2.300,272.000,2.600,-0.066
2026-01-21 08:00:00,-5.200,1035.200,2.300,267.000,2.600,-0.725
2026-01-21 09:00:00,-5.500,1035.100,1.300,244.000,1.900,-0.794
2026-01-21 10:00:00,-4.500,1035.500,1.000,260.000,1.500,-0.302
2026-01-21 11:00:00,-4.500,1035.900,0.600,96.000,1.800,0.584
2026-01-21 12:00:00,-4.700,1035.500,2.200,123.000,2.600,1.663
2026-01-21 13:00:00,-2.600,1035.400,2.600,115.000,3.200,2.795
2026-01-21 14:00:00,-0.700,1035.200,2.800,129.000,4.700,3.681
2026-01-21 15:00:00,0.500,1035.000,5.100,145.000,6.300,4.055
2026-01-21 16:00:00,2.300,1034.200,5.000,149.000,7.500,3.783
2026-01-21 17:00:00,3.300,1032.900,4.300,150.000,7.300,2.946
2026-01-21 18:00:00,4.800,1031.100,4.300,172.000,8.500,2.090
2026-01-21 19:00:00,5.400,1028.900,3.500,180.000,7.700,0.981
2026-01-21 20:00:00,5.500,1027.100,4.300,169.000,8.100,-0.030
2026-01-21 21:00:00,5.700,1025.900,4.400,181.000,8.200,-0.725
2026-01-21 22:00:00,4.900,1026.500,4.700,198.000,7.700,-0.282
2026-01-21 23:00:00,4.000,1026.200,2.500,190.000,4.400,0.315
2026-01-22 00:00:00,3.400,1025.900,2.500,186.000,3.500,1.234
2026-01-22 01:00:00,3.300,1025.000,2.900,183.000,5.200,2.251
2026-01-22 02:00:00,3.800,1024.500,2.700,191.000,5.000,2.792
2026-01-22 03:00:00,4.500,1023.300,4.300,189.000,7.000,3.012
2026-01-22 04:00:00,5.000,1022.300,4.600,194.000,6.700,3.100
2026-01-22 05:00:00,6.600,1021.700,5.400,226.000,7.800,2.720
2026-01-22 06:00:00,7.300,1020.700,5.000,230.000,7.800,1.883
2026-01-22 07:00:00,7.600,1020.100,4.700,231.000,9.500,0.902
2026-01-22 08:00:00,7.900,1019.000,4.000,227.000,7.000,-0.075
2026-01-22 09:00:00,9.800,1018.200,7.000,234.000,10.500,-0.653
2026-01-22 10:00:00,9.100,1018.000,7.100,244.000,11.900,-0.482
2026-01-22 11:00:00,8.100,1018.300,5.500,245.000,9.700,0.030
2026-01-22 12:00:00,7.300,1018.400,4.900,250.000,7.800,0.991
2026-01-22 13:00:00,7.000,1019.000,4.300,243.000,6.500,2.096
2026-01-22 14:00:00,8.100,1019.600,4.400,246.000,7.000,3.150
2026-01-22 15:00:00,7.000,1020.200,4.700,297.000,6.300,3.757
2026-01-22 16:00:00,8.200,1019.700,3.700,290.000,5.200,3.885
2026-01-22 17:00:00,9.600,1018.600,5.700,296.000,7.200,3.501
2026-01-22 18:00:00,11.300,1017.900,6.000,267.000,10.000,2.736
2026-01-22 19:00:00,11.500,1017.400,5.400,276.000,9.400,1.650
2026-01-22 20:00:00,11.800,1017.700,6.800,271.000,9.300,0.584
2026-01-22 21:00:00,11.400,1018.300,5.800,277.000,7.800,-0.161
2026-01-22 22:00:00,10.700,1018.700,1.700,258.000,3.900,-0.374
2026-01-22 23:00:00,9.900,1019.500,2.100,217.000,2.700,0.007
2026-01-23 00:00:00,9.300,1019.800,2.000,213.000,2.400,0.620
2026-01-23 01:00:00,7.100,1020.300,2.300,269.000,2.400,1.611
2026-01-23 02:00:00,7.500,1020.200,2.300,220.000,2.600,2.707
2026-01-23 03:00:00,7.300,1020.700,3.200,264.000,3.600,3.428
2026-01-23 04:00:00,5.700,1021.400,3.100,272.000,3.500,3.688
2026-01-23 05:00:00,5.600,1021.600,3.000,271.000,3.200,3.593
2026-01-23 06:00:00,4.800,1021.700,2.200,262.000,2.500,2.972
2026-01-23 07:00:00,4.700,1021.900,2.000,264.000,2.200,2.054
2026-01-23 08:00:00,4.700,1021.800,2.400,244.000,2.800,0.997
2026-01-23 09:00:00,3.200,1021.600,2.000,230.000,2.400,0.171
2026-01-23 10:00:00,3.800,1022.300,2.600,238.000,3.000,-0.141
2026-01-23 11:00:00,2.400,1022.700,2.300,266.000,2.500,0.167
2026-01-23 12:00:00,3.100,1023.100,2.800,255.000,3.300,0.817
2026-01-23 13:00:00,3.500,1023.600,3.900,281.000,4.500,1.716
2026-01-23 14:00:00,4.500,1024.200,3.700,277.000,5.200,2.822
2026-01-23 15:00:00,3.700,1024.000,2.600,283.000,3.100,3.694
2026-01-23 16:00:00,4.100,1024.000,1.400,309.000,2.500,4.081
2026-01-23 17:00:00,6.700,1023.300,7.300,293.000,8.400,4.167
2026-01-23 18:00:00,8.000,1022.100,4.600,280.000,6.200,3.530
2026-01-23 19:00:00,8.600,1021.800,5.800,274.000,7.200,2.730
2026-01-23 20:00:00,8.800,1021.500,5.000,267.000,6.900,1.598
2026-01-23 21:00:00,9.000,1021.600,4.900,265.000,6.100,0.531
2026-01-23 22:00:00,5.100,1022.000,2.800,322.000,3.800,-0.121
2026-01-23 23:00:00,4.800,1022.800,4.000,302.000,4.500,-0.036
2026-01-24 00:00:00,4.600,1023.300,3.800,295.000,4.300,0.240
2026-01-24 01:00:00,5.000,1024.300,6.900,306.000,8.400,1.007
2026-01-24 02:00:00,0.900,1027.000,16.500,348.000,19.300,2.628
2026-01-24 03:00:00,-0.400,1029.200,15.200,341.000,18.300,3.094
2026-01-24 04:00:00,-2.600,1030.800,14.700,338.000,17.700,3.435
2026-01-24 05:00:00,-3.700,1031.200,12.400,329.000,16.300,3.041
2026-01-24 06:00:00,-4.700,1032.100,15.400,347.000,17.200,2.631
2026-01-24 07:00:00,-5.800,1033.000,14.100,353.000,17.000,2.218
2026-01-24 08:00:00,-7.000,1033.900,14.100,347.000,17.000,1.709
2026-01-24 09:00:00,-7.900,1034.700,12.600,1.000,15.200,0.856
2026-01-24 10:00:00,-8.200,1035.600,12.400,7.000,15.800,0.279
2026-01-24 11:00:00,-8.600,1036.500,11.300,7.000,15.900,0.082
2026-01-24 12:00:00,-9.100,1037.800,10.200,4.000,13.700,0.246
2026-01-24 13:00:00,-9.300,1038.900,10.700,8.000,13.100,0.919
2026-01-24 14:00:00,-9.000,1039.700,8.800,10.000,12.100,1.873
2026-01-24 15:00:00,-8.600,1039.600,9.400,357.000,11.600,2.802
2026-01-24 16:00:00,-8.500,1039.600,8.600,349.000,10.900,3.438
2026-01-24 17:00:00,-8.300,1038.700,9.500,348.000,11.400,3.737
2026-01-24 18:00:00,-8.000,1038.000,8.200,344.000,10.100,3.737
2026-01-24 19:00:00,-7.400,1037.400,7.600,340.000,9.400,3.166
2026-01-24 20:00:00,-7.100,1037.700,6.900,352.000,8.800,2.136
2026-01-24 21:00:00,-6.600,1037.900,7.400,346.000,9.100,1.086
2026-01-24 22:00:00,-6.400,1038.300,5.500,3.000,8.000,0.187
2026-01-24 23:00:00,-6.400,1038.700,5.100,26.000,6.200,-0.282
2026-01-25 00:00:00,-6.200,1039.000,5.900,17.000,6.600,-0.184
2026-01-25 01:00:00,-6.200,1039.200,3.800,21.000,5.700,0.269
2026-01-25 02:00:00,-6.300,1039.200,4.200,61.000,5.400,1.188
2026-01-25 03:00:00,-6.200,1038.800,3.700,59.000,4.600,2.152
2026-01-25 04:00:00,-6.200,1037.900,4.100,73.000,6.200,3.136
2026-01-25 05:00:00,-6.100,1037.500,4.100,52.000,6.400,3.734
2026-01-25 06:00:00,-5.900,1036.500,4.500,50.000,6.600,3.888
2026-01-25 07:00:00,-6.300,1035.600,6.100,50.000,7.400,3.724
2026-01-25 08:00:00,-6.700,1034.100,8.500,39.000,9.800,3.232
2026-01-25 09:00:00,-6.800,1033.000,9.700,39.000,11.900,2.530
2026-01-25 10:00:00,-5.800,1031.500,11.100,44.000,12.600,1.785
2026-01-25 11:00:00,-5.400,1031.300,11.100,50.000,12.700,1.247
2026-01-25 12:00:00,-3.900,1029.700,11.200,42.000,13.300,1.306
2026-01-25 13:00:00,-1.600,1027.100,14.100,71.000,16.500,1.640
2026-01-25 14:00:00,-1.000,1025.600,12.300,79.000,15.100,2.287
2026-01-25 15:00:00,0.100,1023.900,13.900,77.000,17.000,3.287
2026-01-25 16:00:00,0.500,1021.800,10.900,82.000,15.600,4.291
2026-01-25 17:00:00,1.000,1018.300,12.200,85.000,14.500,4.974
2026-01-25 18:00:00,2.000,1016.800,9.100,76.000,13.300,5.502
2026-01-25 19:00:00,2.400,1014.300,10.600,75.000,11.900,5.318
2026-01-25 20:00:00,3.200,1011.500,11.500,86.000,14.600,4.488
2026-01-25 21:00:00,3.400,1009.900,9.600,73.000,11.200,4.019
2026-01-25 22:00:00,3.000,1008.800,8.000,42.000,9.600,3.071
2026-01-25 23:00:00,2.700,1008.600,4.500,52.000,6.100,2.228
2026-01-26 00:00:00,2.900,1008.200,3.900,360.000,5.300,1.864
2026-01-26 01:00:00,3.100,1006.400,2.200,41.000,2.300,1.896
2026-01-26 02:00:00,2.200,1006.100,0.900,272.000,1.500,2.306
2026-01-26 03:00:00,1.600,1008.100,6.500,286.000,8.600,2.867
2026-01-26 04:00:00,0.800,1007.300,4.800,303.000,5.600,4.062
2026-01-26 05:00:00,-1.700,1008.000,9.200,336.000,10.400,5.023
2026-01-26 06:00:00,-1.900,1008.300,7.600,334.000,8.800,5.213
2026-01-26 07:00:00,-1.800,1008.200,6.400,326.000,7.500,5.299
2026-01-26 08:00:00,-1.900,1009.000,5.600,308.000,6.900,5.102
2026-01-26 09:00:00,-2.200,1008.600,5.600,328.000,7.800,4.498
2026-01-26 10:00:00,-2.800,1009.100,5.700,325.000,7.400,3.809
2026-01-26 11:00:00,-2.900,1009.900,6.600,303.000,7.800,2.910
2026-01-26 12:00:00,-3.100,1009.900,6.100,297.000,8.000,2.156
2026-01-26 13:00:00,-3.000,1010.400,8.400,302.000,10.700,2.008
2026-01-26 14:00:00,-3.200,1011.100,11.800,310.000,14.200,2.192
2026-01-26 15:00:00,-2.900,1011.400,11.300,318.000,14.100,2.438
2026-01-26 16:00:00,-2.800,1011.200,11.800,318.000,15.500,3.025
2026-01-26 17:00:00,-2.600,1010.600,11.400,313.000,13.000,3.484
2026-01-26 18:00:00,-2.500,1010.100,12.300,306.000,14.700,3.802
2026-01-26 19:00:00,-2.100,1010.700,12.600,307.000,15.700,4.311
2026-01-26 20:00:00,-2.000,1011.300,11.800,291.000,14.100,4.098
2026-01-26 21:00:00,-2.000,1012.000,12.300,307.000,14.700,3.638
2026-01-26 22:00:00,-2.300,1012.800,11.600,291.000,13.500,2.671
2026-01-26 23:00:00,-2.900,1014.200,12.900,293.000,15.400,1.719
2026-01-27 00:00:00,-3.500,1015.500,13.000,296.000,15.400,0.820
2026-01-27 01:00:00,-4.100,1016.800,11.800,296.000,13.100,0.328
2026-01-27 02:00:00,-4.400,1018.000,12.400,301.000,14.800,0.249
2026-01-27 03:00:00,-4.800,1019.000,9.100,297.000,12.800,0.738
2026-01-27 04:00:00,-5.300,1019.900,9.400,288.000,12.200,1.476
2026-01-27 05:00:00,-5.200,1020.700,10.700,292.000,12.700,2.513
2026-01-27 06:00:00,-5.400,1021.300,9.100,292.000,12.400,3.406
2026-01-27 07:00:00,-5.600,1022.200,9.100,290.000,10.500,4.032
2026-01-27 08:00:00,-6.100,1022.600,7.800,288.000,9.700,4.311
2026-01-27 09:00:00,-6.600,1022.900,5.900,280.000,7.100,4.098
2026-01-27 10:00:00,-7.800,1023.900,3.600,263.000,5.800,3.438
2026-01-27 11:00:00,-8.200,1024.000,3.300,259.000,5.000,2.657
2026-01-27 12:00:00,-8.200,1024.300,3.700,260.000,5.200,1.736
2026-01-27 13:00:00,-7.700,1024.700,3.400,257.000,4.800,1.079
2026-01-27 14:00:00,-6.800,1024.300,6.600,275.000,8.300,0.787
2026-01-27 15:00:00,-5.900,1023.600,4.200,264.000,6.300,0.863
2026-01-27 16:00:00,-4.600,1022.800,4.500,248.000,6.400,1.378
2026-01-27 17:00:00,-3.700,1021.000,5.100,252.000,8.000,1.903
2026-01-27 18:00:00,-2.700,1020.100,5.300,241.000,8.600,2.671
2026-01-27 19:00:00,-1.800,1018.700,4.600,234.000,8.700,3.307
2026-01-27 20:00:00,-1.100,1017.000,5.400,241.000,9.000,3.465
2026-01-27 21:00:00,-1.100,1016.500,4.400,251.000,7.700,3.278
2026-01-27 22:00:00,-1.900,1017.000,6.500,253.000,9.400,2.838
2026-01-27 23:00:00,-2.600,1017.200,6.300,256.000,8.400,2.021
2026-01-28 00:00:00,-3.200,1017.700,2.200,254.000,4.500,1.010
2026-01-28 01:00:00,-3.900,1018.100,1.400,246.000,2.200,0.075
2026-01-28 02:00:00,-4.600,1018.500,1.900,247.000,2.500,-0.377
2026-01-28 03:00:00,-3.100,1020.000,9.100,311.000,11.200,-0.003
2026-01-28 04:00:00,-3.200,1020.700,13.800,319.000,15.800,0.509
2026-01-28 05:00:00,-3.700,1021.200,11.100,326.000,13.900,1.322
2026-01-28 06:00:00,-4.400,1022.200,11.000,309.000,12.900,1.916
2026-01-28 07:00:00,-5.200,1022.900,5.700,281.000,7.700,2.766
2026-01-28 08:00:00,-5.900,1023.300,4.900,271.000,6.600,3.310
2026-01-28 09:00:00,-5.600,1023.600,7.600,302.000,8.900,3.835
2026-01-28 10:00:00,-6.800,1024.400,5.200,270.000,6.700,3.970
2026-01-28 11:00:00,-7.000,1024.400,4.600,283.000,6.000,3.373
2026-01-28 12:00:00,-6.500,1024.100,7.700,300.000,9.600,2.418
2026-01-28 13:00:00,-6.600,1024.900,8.900,297.000,10.400,1.512
2026-01-28 14:00:00,-6.300,1024.900,7.800,306.000,9.800,0.751
2026-01-28 15:00:00,-6.300,1024.600,7.600,314.000,9.900,0.308
2026-01-28 16:00:00,-6.100,1024.000,7.100,317.000,8.400,0.466
2026-01-28 17:00:00,-5.700,1022.700,4.400,322.000,6.200,0.896
2026-01-28 18:00:00,-5.200,1021.000,4.100,328.000,5.300,1.549
2026-01-28 19:00:00,-4.500,1019.900,3.800,323.000,5.400,2.326
2026-01-28 20:00:00,-4.100,1019.200,4.800,302.000,7.100,3.031
2026-01-28 21:00:00,-4.200,1019.100,5.500,297.000,6.800,3.245
2026-01-28 22:00:00,-4.100,1018.900,5.700,294.000,7.000,3.284
2026-01-28 23:00:00,-4.700,1019.400,3.100,265.000,4.400,2.812
2026-01-29 00:00:00,-4.900,1019.600,2.900,268.000,3.600,2.080
2026-01-29 01:00:00,-4.400,1019.400,4.600,306.000,5.200,1.089
2026-01-29 02:00:00,-4.500,1019.400,5.200,330.000,6.300,0.256
2026-01-29 03:00:00,-4.600,1019.500,4.900,324.000,6.400,-0.131
2026-01-29 04:00:00,-5.200,1020.100,4.700,0.000,6.300,0.151
2026-01-29 05:00:00,-5.300,1020.000,7.700,326.000,9.500,0.922
2026-01-29 06:00:00,-5.800,1020.200,8.600,327.000,13.600,1.913
2026-01-29 07:00:00,-6.300,1020.600,8.700,322.000,11.400,2.930
2026-01-29 08:00:00,-7.100,1021.100,7.600,301.000,9.100,3.875
2026-01-29 09:00:00,-6.900,1021.500,8.300,313.000,9.900,4.593
2026-01-29 10:00:00,-7.300,1021.900,8.400,320.000,10.100,4.767
2026-01-29 11:00:00,-7.500,1022.200,9.900,309.000,11.300,4.505
2026-01-29 12:00:00,-8.200,1022.600,11.900,306.000,13.700,3.780
2026-01-29 13:00:00,-8.300,1023.000,10.400,306.000,13.200,2.822
2026-01-29 14:00:00,-8.100,1023.400,11.300,296.000,13.100,1.909
2026-01-29 15:00:00,-7.200,1024.000,10.500,300.000,12.900,1.053
2026-01-29 16:00:00,-7.200,1023.800,11.500,298.000,13.300,0.551
2026-01-29 17:00:00,-6.200,1022.700,10.100,287.000,12.200,0.469
2026-01-29 18:00:00,-6.000,1022.100,11.600,313.000,13.500,0.971
2026-01-29 19:00:00,-5.700,1022.000,11.600,309.000,13.400,1.434
2026-01-29 20:00:00,-5.400,1022.300,10.900,310.000,12.500,2.198
2026-01-29 21:00:00,-5.300,1022.500,10.400,295.000,12.800,2.894
2026-01-29 22:00:00,-5.300,1022.800,8.800,296.000,10.300,3.176
2026-01-29 23:00:00,-5.300,1023.600,7.300,289.000,9.800,3.219
2026-01-30 00:00:00,-6.800,1024.100,3.000,263.000,4.000,2.756
2026-01-30 01:00:00,-6.600,1023.900,3.400,260.000,4.200,1.942
2026-01-30 02:00:00,-6.500,1024.300,3.900,272.000,5.000,1.030
2026-01-30 03:00:00,-5.800,1024.600,5.800,289.000,7.100,0.243
2026-01-30 04:00:00,-7.300,1024.800,3.900,269.000,4.400,-0.266
2026-01-30 05:00:00,-6.900,1024.700,5.000,285.000,6.100,-0.098
2026-01-30 06:00:00,-7.000,1024.400,6.800,294.000,7.700,0.636
2026-01-30 07:00:00,-7.000,1024.600,6.600,299.000,8.300,1.654
2026-01-30 08:00:00,-8.700,1024.600,4.100,273.000,4.800,2.815
2026-01-30 09:00:00,-7.900,1024.700,7.500,292.000,9.900,3.940
2026-01-30 10:00:00,-8.200,1025.100,6.700,292.000,9.000,4.656
2026-01-30 11:00:00,-9.000,1025.000,5.200,278.000,6.800,4.931
2026-01-30 12:00:00,-8.600,1025.100,9.400,303.000,11.800,4.665
2026-01-30 13:00:00,-8.700,1025.800,10.200,314.000,12.600,3.953
2026-01-30 14:00:00,-8.600,1026.300,10.300,308.000,12.900,2.933
2026-01-30 15:00:00,-8.300,1026.300,8.500,324.000,11.200,1.680
2026-01-30 16:00:00,-8.300,1026.100,8.400,297.000,9.800,0.617
2026-01-30 17:00:00,-7.800,1025.300,7.700,294.000,9.100,-0.056
2026-01-30 18:00:00,-7.700,1024.800,8.100,318.000,11.000,-0.056
2026-01-30 19:00:00,-7.300,1024.200,6.800,287.000,9.500,0.436
2026-01-30 20:00:00,-6.700,1024.000,7.600,295.000,9.400,1.129
2026-01-30 21:00:00,-6.400,1023.600,7.500,288.000,9.100,1.975
2026-01-30 22:00:00,-6.400,1023.900,5.900,290.000,7.300,2.776
2026-01-30 23:00:00,-6.400,1023.900,6.600,301.000,8.300,3.123
2026-01-31 00:00:00,-6.700,1024.500,6.100,293.000,6.900,3.169
2026-01-31 01:00:00,-6.300,1024.500,6.200,304.000,7.600,2.730
2026-01-31 02:00:00,-6.000,1024.500,9.300,318.000,10.300,1.844
2026-01-31 03:00:00,-6.000,1024.700,9.100,331.000,11.300,0.738
2026-01-31 04:00:00,-6.300,1024.600,8.000,323.000,9.500,-0.312
2026-01-31 05:00:00,-6.600,1024.500,8.500,318.000,10.200,-0.810
2026-01-31 06:00:00,-7.100,1024.300,9.200,314.000,10.600,-0.390
2026-01-31 07:00:00,-7.700,1024.500,7.800,315.000,9.200,0.397
2026-01-31 08:00:00,-7.300,1024.200,8.200,337.000,9.800,1.483
2026-01-31 09:00:00,-7.400,1023.800,7.700,349.000,9.600,2.815
2026-01-31 10:00:00,-7.600,1023.700,6.500,2.000,7.500,3.898
2026-01-31 11:00:00,-7.600,1023.500,6.200,328.000,8.700,4.738
2026-01-31 12:00:00,-7.500,1023.400,7.000,13.000,8.700,4.984
2026-01-31 13:00:00,-7.400,1023.400,7.400,12.000,9.800,4.790
2026-01-31 14:00:00,-7.600,1023.700,6.700,8.000,9.100,4.111
2026-01-31 15:00:00,-7.800,1023.400,7.000,10.000,8.600,2.963
2026-01-31 16:00:00,-7.700,1022.800,6.500,8.000,8.500,1.745
2026-01-31 17:00:00,-7.000,1021.700,7.300,350.000,8.600,0.702
2026-01-31 18:00:00,-6.700,1020.700,6.800,5.000,8.500,0.184
2026-01-31 19:00:00,-6.200,1019.800,7.200,5.000,9.400,0.440
2026-01-31 20:00:00,-5.800,1019.500,6.700,17.000,8.100,0.912
2026-01-31 21:00:00,-5.300,1018.500,6.700,357.000,8.100,1.873
2026-01-31 22:00:00,-4.900,1018.400,6.900,15.000,9.700,3.146
2026-01-31 23:00:00,-4.700,1018.100,7.800,29.000,10.000,3.802
2026-02-01 00:00:00,-4.900,1017.600,8.700,23.000,10.900,4.495
2026-02-01 01:00:00,-4.700,1016.600,10.900,25.000,13.500,4.413
2026-02-01 02:00:00,-4.700,1016.100,9.800,11.000,11.400,4.019
2026-02-01 03:00:00,-4.600,1015.500,8.400,11.000,11.800,3.182
2026-02-01 04:00:00,-4.800,1014.400,11.000,15.000,13.600,2.149
2026-02-01 05:00:00,-5.100,1013.400,12.000,9.000,14.500,1.263
2026-02-01 06:00:00,-5.500,1012.100,11.000,7.000,14.900,0.804
2026-02-01 07:00:00,-6.200,1011.100,13.900,0.000,16.200,1.178
2026-02-01 08:00:00,-6.700,1011.000,11.400,4.000,14.700,1.795
2026-02-01 09:00:00,-7.100,1010.700,11.500,7.000,14.300,3.064
2026-02-01 10:00:00,-7.300,1010.300,12.800,4.000,16.800,4.367
2026-02-01 11:00:00,-7.500,1010.300,12.800,5.000,15.400,5.479
2026-02-01 12:00:00,-7.600,1010.300,14.000,346.000,16.900,6.375
2026-02-01 13:00:00,-7.600,1010.600,16.100,347.000,18.000,6.719
2026-02-01 14:00:00,-7.600,1011.200,14.700,351.000,17.900,6.319
2026-02-01 15:00:00,-7.300,1011.700,13.600,342.000,16.900,5.410
2026-02-01 16:00:00,-7.400,1011.900,13.200,329.000,17.600,4.229
2026-02-01 17:00:00,-7.400,1012.000,11.200,325.000,16.300,2.749
2026-02-01 18:00:00,-6.900,1011.200,11.800,321.000,15.800,1.624
2026-02-01 19:00:00,-6.300,1011.200,11.300,312.000,14.500,1.073
2026-02-01 20:00:00,-5.500,1011.200,12.300,318.000,14.900,0.823
2026-02-01 21:00:00,-4.600,1011.100,10.900,313.000,13.400,1.404
2026-02-01 22:00:00,-4.100,1011.400,11.400,310.000,13.800,2.533
2026-02-01 23:00:00,-4.100,1012.300,8.000,302.000,9.600,3.625
2026-02-02 00:00:00,-4.600,1012.700,5.100,294.000,6.200,4.344
2026-02-02 01:00:00,-4.000,1012.900,7.300,301.000,8.800,4.833
2026-02-02 02:00:00,-3.800,1013.200,8.400,301.000,9.300,4.885
2026-02-02 03:00:00,-4.100,1013.800,7.400,301.000,8.900,4.452
2026-02-02 04:00:00,-3.300,1014.500,9.500,322.000,11.200,3.638
2026-02-02 05:00:00,-3.400,1015.200,10.000,332.000,13.100,2.457
2026-02-02 06:00:00,-3.700,1015.900,10.700,332.000,14.300,1.289
2026-02-02 07:00:00,-4.200,1016.500,9.600,330.000,13.500,0.663
2026-02-02 08:00:00,-4.700,1017.200,9.300,324.000,11.100,0.791
2026-02-02 09:00:00,-5.000,1018.000,10.600,330.000,13.400,1.565
2026-02-02 10:00:00,-5.200,1018.500,9.500,318.000,12.000,2.520
2026-02-02 11:00:00,-6.000,1018.800,6.600,302.000,8.500,3.661
2026-02-02 12:00:00,-6.400,1019.500,7.600,300.000,9.800,4.869
2026-02-02 13:00:00,-6.500,1020.300,7.900,299.000,9.700,5.659
2026-02-02 14:00:00,-5.800,1020.600,9.200,310.000,11.300,5.912
2026-02-02 15:00:00,-4.800,1020.800,8.300,315.000,9.900,5.545
2026-02-02 16:00:00,-3.900,1020.600,7.800,308.000,9.700,4.544
2026-02-02 17:00:00,-2.900,1020.000,8.400,308.000,10.000,3.369
2026-02-02 18:00:00,-1.900,1019.500,8.700,308.000,11.000,1.978
2026-02-02 19:00:00,-1.300,1019.400,9.000,301.000,10.600,0.961
2026-02-02 20:00:00,-0.400,1019.600,6.700,305.000,8.900,0.568
2026-02-02 21:00:00,-0.200,1019.900,5.600,306.000,7.000,0.856
2026-02-02 22:00:00,-0.100,1020.400,5.600,292.000,6.400,1.745
2026-02-02 23:00:00,-0.900,1021.100,4.500,279.000,5.700,2.792
2026-02-03 00:00:00,-1.500,1021.500,3.600,280.000,4.300,3.937
2026-02-03 01:00:00,-2.000,1021.900,3.800,277.000,4.100,4.774
2026-02-03 02:00:00,-2.200,1022.300,3.800,272.000,4.400,5.118
2026-02-03 03:00:00,-2.300,1022.200,3.800,270.000,4.600,4.934
2026-02-03 04:00:00,-2.500,1022.600,3.400,258.000,4.400,4.272
2026-02-03 05:00:00,-2.700,1022.700,2.700,250.000,3.600,3.136
2026-02-03 06:00:00,-3.200,1022.500,2.500,248.000,3.400,1.877
2026-02-03 07:00:00,-2.400,1022.600,2.400,256.000,3.400,0.817
2026-02-03 08:00:00,-2.000,1022.500,1.800,251.000,2.000,0.479
2026-02-03 09:00:00,-2.700,1022.600,1.400,229.000,2.400,0.968
2026-02-03 10:00:00,-3.000,1022.900,2.300,227.000,3.300,1.824
2026-02-03 11:00:00,-3.200,1023.000,1.700,244.000,2.200,2.963
2026-02-03 12:00:00,-2.900,1023.000,2.300,205.000,4.000,4.173
2026-02-03 13:00:00,-2.500,1023.700,2.200,224.000,3.000,5.289
2026-02-03 14:00:00,-0.500,1024.300,1.500,243.000,2.000,5.850
2026-02-03 15:00:00,1.200,1024.600,2.400,266.000,3.900,5.801
2026-02-03 16:00:00,1.100,1024.600,2.400,315.000,2.900,5.105
2026-02-03 17:00:00,1.400,1023.900,1.800,347.000,2.600,4.062
2026-02-03 18:00:00,1.800,1023.000,1.900,353.000,2.200,2.638
2026-02-03 19:00:00,1.700,1022.000,2.500,23.000,2.800,1.325
2026-02-03 20:00:00,1.000,1021.900,1.100,49.000,2.000,0.413
2026-02-03 21:00:00,1.300,1022.300,2.300,72.000,2.500,0.374
2026-02-03 22:00:00,1.200,1022.900,2.200,144.000,3.000,1.014
2026-02-03 23:00:00,1.000,1023.100,1.900,157.000,2.700,1.909
2026-02-04 00:00:00,0.800,1022.900,2.300,148.000,3.200,2.982
2026-02-04 01:00:00,0.600,1022.400,2.300,137.000,3.300,4.094
2026-02-04 02:00:00,0.900,1022.200,1.900,123.000,2.900,4.806
2026-02-04 03:00:00,1.100,1022.500,1.400,137.000,2.000,4.974
2026-02-04 04:00:00,1.200,1022.600,1.700,126.000,2.300,4.705
2026-02-04 05:00:00,1.400,1022.600,1.500,131.000,1.800,3.806
2026-02-04 06:00:00,1.400,1022.200,1.900,93.000,2.800,2.628
2026-02-04 07:00:00,1.500,1022.000,1.500,121.000,2.200,1.329
2026-02-04 08:00:00,0.900,1021.700,1.500,143.000,1.700,0.436
2026-02-04 09:00:00,0.900,1021.800,1.400,153.000,2.800,0.328
2026-02-04 10:00:00,1.000,1021.900,0.200,214.000,0.400,0.919
2026-02-04 11:00:00,0.200,1022.100,2.200,75.000,3.200,1.709
2026-02-04 12:00:00,0.000,1022.600,1.900,65.000,2.500,2.815
2026-02-04 13:00:00,-0.200,1023.700,3.600,22.000,4.200,4.068
2026-02-04 14:00:00,-0.100,1024.000,3.800,25.000,4.600,4.974
2026-02-04 15:00:00,0.300,1024.500,1.600,21.000,2.100,5.328
2026-02-04 16:00:00,0.200,1024.500,3.600,348.000,4.100,5.115
2026-02-04 17:00:00,0.500,1023.900,5.500,341.000,6.100,4.406
2026-02-04 18:00:00,0.600,1023.400,5.900,351.000,6.800,3.287
2026-02-04 19:00:00,0.600,1022.400,4.300,6.000,5.100,1.952
2026-02-04 20:00:00,0.800,1022.500,6.000,339.000,7.400,0.823
2026-02-04 21:00:00,0.700,1022.200,5.400,341.000,6.000,0.243
2026-02-04 22:00:00,0.600,1022.800,3.900,323.000,4.600,0.505
2026-02-04 23:00:00,0.500,1023.100,4.400,323.000,5.400,1.158
2026-02-05 00:00:00,0.500,1023.100,5.100,344.000,6.200,2.129
2026-02-05 01:00:00,0.600,1023.200,4.500,9.000,5.700,3.196
2026-02-05 02:00:00,0.100,1023.200,4.300,25.000,5.300,4.196
2026-02-05 03:00:00,0.000,1022.900,4.400,30.000,5.100,4.820
2026-02-05 04:00:00,-0.300,1022.800,3.400,9.000,3.900,4.885
2026-02-05 05:00:00,-0.500,1022.600,4.000,4.000,5.300,4.380
2026-02-05 06:00:00,-0.600,1021.700,6.200,6.000,7.100,3.619
2026-02-05 07:00:00,-1.100,1021.600,6.300,12.000,7.900,2.484
2026-02-05 08:00:00,-1.400,1020.900,7.900,17.000,9.200,1.404
2026-02-05 09:00:00,-1.700,1020.500,7.300,14.000,8.800,0.614
2026-02-05 10:00:00,-2.100,1020.200,7.000,15.000,7.900,0.692
2026-02-05 11:00:00,-2.400,1020.400,7.400,15.000,8.200,1.266
2026-02-05 12:00:00,-2.700,1020.500,7.200,16.000,9.500,2.178
2026-02-05 13:00:00,-3.000,1020.700,7.200,20.000,8.300,3.222
2026-02-05 14:00:00,-3.000,1020.600,6.800,17.000,8.400,4.318
2026-02-05 15:00:00,-3.100,1020.900,6.000,3.000,7.700,4.987
2026-02-05 16:00:00,-2.700,1020.100,5.700,358.000,7.300,5.151
2026-02-05 17:00:00,-2.400,1018.900,5.800,342.000,6.400,4.793
2026-02-05 18:00:00,-2.300,1017.400,6.700,338.000,7.500,4.062
2026-02-05 19:00:00,-2.000,1016.700,4.800,331.000,6.200,3.058
2026-02-05 20:00:00,-1.400,1016.100,5.800,334.000,6.600,1.926
2026-02-05 21:00:00,-1.100,1015.700,6.900,333.000,8.100,1.083
2026-02-05 22:00:00,-0.800,1015.500,6.100,335.000,6.700,0.932
2026-02-05 23:00:00,-0.800,1015.500,4.900,330.000,6.000,1.263
2026-02-06 00:00:00,-0.600,1014.900,5.200,333.000,7.000,1.775
2026-02-06 01:00:00,-0.500,1014.500,7.300,346.000,8.500,2.805
2026-02-06 02:00:00,-1.000,1014.000,5.800,0.000,6.900,3.921
2026-02-06 03:00:00,-1.300,1013.800,3.500,14.000,4.100,4.695
2026-02-06 04:00:00,-1.200,1013.000,3.900,9.000,5.100,5.174
2026-02-06 05:00:00,-1.300,1012.500,4.800,4.000,5.500,5.174
2026-02-06 06:00:00,-1.500,1012.100,6.500,344.000,7.100,4.636
2026-02-06 07:00:00,-1.700,1012.100,6.200,337.000,7.400,3.793
2026-02-06 08:00:00,-1.600,1010.900,5.900,3.000,7.200,2.726
2026-02-06 09:00:00,-1.600,1010.300,5.500,7.000,6.400,1.795
2026-02-06 10:00:00,-2.000,1010.300,5.000,353.000,5.800,1.319
2026-02-06 11:00:00,-4.700,1010.100,3.300,276.000,4.200,1.414
2026-02-06 12:00:00,-4.500,1009.900,4.800,286.000,5.800,2.014
2026-02-06 13:00:00,-4.900,1009.400,2.000,283.000,3.100,2.818
2026-02-06 14:00:00,-4.000,1008.500,3.000,294.000,3.700,3.819
2026-02-06 15:00:00,-3.300,1007.900,2.400,314.000,3.200,4.672
2026-02-06 16:00:00,-2.800,1007.500,1.900,322.000,2.100,5.269
2026-02-06 17:00:00,-1.800,1007.100,3.300,340.000,3.900,5.394
2026-02-06 18:00:00,-1.200,1005.900,2.700,5.000,3.300,4.836
2026-02-06 19:00:00,-0.800,1005.100,3.100,6.000,3.900,4.081
2026-02-06 20:00:00,-0.700,1004.900,2.400,8.000,3.000,3.071
2026-02-06 21:00:00,-0.600,1004.300,1.600,31.000,1.800,2.126
2026-02-06 22:00:00,-0.500,1004.400,0.000,127.000,0.000,1.572
2026-02-06 23:00:00,-0.600,1004.400,1.100,106.000,1.200,1.545
2026-02-07 00:00:00,-0.500,1004.800,1.500,222.000,2.300,1.962
2026-02-07 01:00:00,-0.400,1005.000,3.600,265.000,4.300,2.628
2026-02-07 02:00:00,-1.100,1004.800,1.300,265.000,1.900,3.510
2026-02-07 03:00:00,-1.100,1004.800,2.300,255.000,2.800,4.541
2026-02-07 04:00:00,-1.500,1004.500,2.100,251.000,2.600,5.154
2026-02-07 05:00:00,-1.500,1004.200,3.200,263.000,4.600,5.302
2026-02-07 06:00:00,-1.300,1004.000,5.400,284.000,6.100,5.128
2026-02-07 07:00:00,-0.900,1003.900,5.300,284.000,6.300,4.455
2026-02-07 08:00:00,-0.400,1003.600,7.400,281.000,8.300,3.530
2026-02-07 09:00:00,-0.100,1003.500,7.300,288.000,9.100,2.493
2026-02-07 10:00:00,0.000,1003.600,7.600,278.000,10.000,1.670
2026-02-07 11:00:00,0.100,1004.000,10.600,299.000,13.200,1.375
2026-02-07 12:00:00,-2.200,1005.900,16.500,307.000,21.000,1.368
2026-02-07 13:00:00,-3.700,1007.400,16.200,311.000,21.100,1.821
2026-02-07 14:00:00,-4.700,1008.400,17.800,301.000,21.300,2.218
2026-02-07 15:00:00,-6.000,1009.900,19.700,307.000,22.700,2.831
2026-02-07 16:00:00,-7.100,1011.200,18.400,316.000,23.300,3.488
2026-02-07 17:00:00,-7.600,1010.900,15.500,312.000,18.400,3.484
2026-02-07 18:00:00,-8.000,1011.000,16.800,319.000,20.400,3.491
2026-02-07 19:00:00,-7.700,1011.600,18.300,314.000,23.100,3.169
2026-02-07 20:00:00,-7.400,1012.300,19.100,322.000,23.100,2.589
2026-02-07 21:00:00,-7.000,1013.200,20.500,315.000,25.100,1.772
2026-02-07 22:00:00,-6.800,1014.700,18.600,315.000,23.600,1.145
2026-02-07 23:00:00,-6.500,1016.100,14.200,330.000,19.600,0.561
2026-02-08 00:00:00,-6.800,1017.400,14.600,324.000,17.800,0.696
2026-02-08 01:00:00,-7.200,1018.400,15.700,337.000,18.300,1.073
2026-02-08 02:00:00,-7.700,1019.500,17.200,331.000,20.800,1.844
2026-02-08 03:00:00,-7.800,1020.300,15.100,334.000,19.000,2.894
2026-02-08 04:00:00,-8.500,1021.000,16.900,337.000,19.900,3.747
2026-02-08 05:00:00,-8.700,1021.400,14.100,329.000,17.900,4.085
2026-02-08 06:00:00,-8.900,1021.800,15.700,325.000,19.500,4.298
2026-02-08 07:00:00,-8.800,1022.100,14.900,322.000,18.200,4.121
2026-02-08 08:00:00,-9.300,1022.300,14.700,323.000,18.900,3.599
2026-02-08 09:00:00,-9.100,1022.600,13.200,323.000,18.100,3.028
2026-02-08 10:00:00,-9.900,1023.300,14.300,320.000,17.100,2.382
2026-02-08 11:00:00,-10.200,1024.100,13.500,322.000,16.200,1.772
2026-02-08 12:00:00,-10.500,1025.000,13.100,319.000,15.200,1.480
2026-02-08 13:00:00,-10.600,1025.700,14.300,316.000,18.700,1.552
2026-02-08 14:00:00,-10.300,1026.000,12.600,325.000,16.700,1.962
2026-02-08 15:00:00,-10.100,1025.800,12.900,316.000,16.200,2.398
2026-02-08 16:00:00,-9.600,1025.300,12.600,315.000,14.900,3.045
2026-02-08 17:00:00,-8.900,1024.800,13.700,314.000,16.100,3.629
2026-02-08 18:00:00,-8.500,1024.600,12.000,318.000,16.500,4.009
2026-02-08 19:00:00,-8.000,1024.300,12.800,318.000,15.600,3.757
2026-02-08 20:00:00,-7.500,1024.600,10.200,323.000,13.700,3.196
2026-02-08 21:00:00,-7.200,1024.800,12.800,319.000,16.400,2.484
2026-02-08 22:00:00,-7.100,1025.200,10.600,313.000,12.400,1.857
2026-02-08 23:00:00,-6.900,1026.000,9.200,318.000,13.500,1.388
2026-02-09 00:00:00,-6.900,1026.500,11.000,310.000,13.500,1.178
2026-02-09 01:00:00,-6.800,1026.500,11.600,318.000,14.400,1.260
2026-02-09 02:00:00,-6.700,1026.800,11.800,315.000,14.500,1.644
2026-02-09 03:00:00,-7.000,1026.800,9.700,315.000,13.200,2.290
2026-02-09 04:00:00,-7.200,1026.900,9.100,308.000,11.400,3.225
2026-02-09 05:00:00,-7.100,1026.800,9.300,323.000,12.200,4.045
2026-02-09 06:00:00,-7.100,1026.900,8.700,329.000,11.200,4.544
2026-02-09 07:00:00,-7.200,1027.000,8.800,338.000,11.200,4.649
2026-02-09 08:00:00,-7.600,1027.100,7.800,328.000,10.700,4.547
2026-02-09 09:00:00,-8.100,1027.200,7.400,326.000,10.100,4.114
2026-02-09 10:00:00,-8.400,1027.600,7.900,327.000,9.400,3.373
2026-02-09 11:00:00,-8.700,1027.900,7.700,325.000,10.000,2.690
2026-02-09 12:00:00,-9.200,1028.400,7.300,318.000,8.800,2.064
2026-02-09 13:00:00,-9.400,1029.000,7.400,316.000,8.700,1.873
2026-02-09 14:00:00,-9.300,1028.700,6.300,319.000,7.700,2.014
2026-02-09 15:00:00,-8.500,1028.700,7.800,318.000,9.000,2.359
2026-02-09 16:00:00,-7.300,1028.800,5.000,324.000,7.300,2.759
2026-02-09 17:00:00,-6.200,1028.000,5.200,326.000,6.500,3.396
2026-02-09 18:00:00,-5.100,1026.800,5.400,333.000,6.200,3.780
2026-02-09 19:00:00,-4.300,1025.500,3.900,353.000,5.000,3.819
2026-02-09 20:00:00,-3.700,1025.600,5.400,345.000,6.200,3.652
2026-02-09 21:00:00,-2.600,1025.100,3.900,321.000,4.800,3.209
2026-02-09 22:00:00,-2.400,1024.600,3.900,292.000,4.400,2.651
2026-02-09 23:00:00,-3.100,1024.400,3.000,293.000,3.200,1.998
2026-02-10 00:00:00,-3.500,1025.200,2.300,288.000,3.400,1.624
2026-02-10 01:00:00,-3.300,1025.500,2.100,283.000,2.100,1.404
2026-02-10 02:00:00,-3.300,1025.300,3.200,277.000,3.300,1.578
2026-02-10 03:00:00,-3.800,1025.200,2.500,267.000,2.800,2.001
2026-02-10 04:00:00,-4.300,1024.700,2.100,253.000,2.400,2.730
2026-02-10 05:00:00,-4.400,1024.400,2.400,253.000,2.700,3.510
2026-02-10 06:00:00,-4.400,1023.700,1.900,241.000,2.100,4.199
2026-02-10 07:00:00,-3.600,1023.500,1.500,230.000,2.200,4.534
2026-02-10 08:00:00,-3.800,1022.900,1.400,197.000,1.800,4.547
2026-02-10 09:00:00,-3.400,1022.600,2.000,208.000,2.800,4.419
2026-02-10 10:00:00,-2.900,1022.400,0.900,206.000,1.300,3.878
2026-02-10 11:00:00,-2.500,1022.300,1.000,188.000,1.600,3.091
2026-02-10 12:00:00,-3.100,1022.400,1.100,112.000,1.400,2.405
2026-02-10 13:00:00,-1.900,1022.400,1.700,134.000,2.100,1.814
2026-02-10 14:00:00,-0.300,1022.500,2.000,152.000,3.000,1.706
2026-02-10 15:00:00,1.100,1021.600,2.800,145.000,4.000,1.844
2026-02-10 16:00:00,2.600,1020.800,2.000,147.000,3.900,2.244
2026-02-10 17:00:00,3.900,1019.800,2.600,123.000,3.500,2.772
2026-02-10 18:00:00,3.100,1018.000,3.800,137.000,4.800,3.301
2026-02-10 19:00:00,3.600,1017.200,2.200,156.000,3.900,3.638
2026-02-10 20:00:00,5.100,1016.300,1.500,135.000,2.200,3.766
2026-02-10 21:00:00,5.000,1015.300,2.900,155.000,3.700,3.599
2026-02-10 22:00:00,5.500,1014.700,2.500,156.000,3.200,3.301
2026-02-10 23:00:00,5.100,1014.200,2.400,168.000,4.000,2.805
2026-02-11 00:00:00,4.000,1013.600,2.900,170.000,4.600,2.228
2026-02-11 01:00:00,3.700,1012.300,2.800,180.000,5.000,1.788
2026-02-11 02:00:00,4.700,1010.800,4.300,195.000,6.200,1.693
2026-02-11 03:00:00,6.200,1009.000,3.800,199.000,8.000,1.877
2026-02-11 04:00:00,7.500,1008.000,4.300,212.000,7.900,2.385
2026-02-11 05:00:00,9.000,1006.500,5.700,212.000,7.900,3.258
2026-02-11 06:00:00,9.700,1005.900,4.600,228.000,7.300,3.937
2026-02-11 07:00:00,10.400,1005.500,4.300,236.000,6.300,4.669
2026-02-11 08:00:00,2.700,1006.900,7.000,337.000,8.300,4.797
2026-02-11 09:00:00,1.200,1006.800,2.500,310.000,2.800,4.839
2026-02-11 10:00:00,0.800,1007.500,2.800,348.000,3.600,4.629
2026-02-11 11:00:00,1.400,1008.200,1.300,279.000,1.400,3.802
2026-02-11 12:00:00,2.700,1009.100,3.900,312.000,4.200,3.143
2026-02-11 13:00:00,2.500,1010.300,3.700,321.000,4.900,2.507
2026-02-11 14:00:00,2.200,1010.800,3.300,314.000,4.100,2.188
2026-02-11 15:00:00,3.300,1011.200,4.100,335.000,5.000,1.991
2026-02-11 16:00:00,2.200,1011.400,2.800,308.000,3.200,1.975
2026-02-11 17:00:00,4.400,1010.500,5.800,318.000,6.500,2.257
2026-02-11 18:00:00,5.600,1010.100,8.700,300.000,10.400,2.825
2026-02-11 19:00:00,6.100,1009.800,8.100,305.000,10.200,3.465
2026-02-11 20:00:00,5.400,1010.100,6.800,306.000,8.200,3.734
2026-02-11 21:00:00,5.200,1010.400,10.600,320.000,12.100,3.717
2026-02-11 22:00:00,3.400,1011.600,4.500,319.000,6.400,3.550
2026-02-11 23:00:00,3.900,1012.600,6.400,301.000,7.100,3.186
2026-02-12 00:00:00,2.600,1013.400,3.900,324.000,5.800,2.569
2026-02-12 01:00:00,2.700,1014.000,6.500,323.000,7.900,2.054
2026-02-12 02:00:00,2.500,1014.500,7.600,319.000,8.800,1.493
2026-02-12 03:00:00,2.100,1014.700,6.500,322.000,8.200,1.237
2026-02-12 04:00:00,1.600,1015.000,6.200,312.000,7.100,1.480
2026-02-12 05:00:00,1.800,1015.300,7.200,313.000,8.100,1.900
2026-02-12 06:00:00,2.200,1015.700,11.500,314.000,15.600,2.661
2026-02-12 07:00:00,1.500,1016.100,7.700,332.000,8.500,3.363
2026-02-12 08:00:00,1.000,1016.400,7.500,324.000,9.400,3.885
2026-02-12 09:00:00,1.000,1016.600,7.600,325.000,8.900,4.199
2026-02-12 10:00:00,0.800,1017.200,8.500,324.000,10.700,4.094
2026-02-12 11:00:00,0.800,1017.500,9.100,308.000,11.200,3.740
2026-02-12 12:00:00,0.700,1018.100,8.500,309.000,10.300,3.159
2026-02-12 13:00:00,0.500,1018.700,7.900,303.000,11.100,2.484
2026-02-12 14:00:00,0.600,1019.100,9.300,302.000,12.800,1.870
2026-02-12 15:00:00,0.700,1019.100,8.500,311.000,12.400,1.339
2026-02-12 16:00:00,0.900,1019.000,8.000,309.000,9.700,1.184
2026-02-12 17:00:00,1.100,1018.400,8.800,311.000,11.500,1.339
2026-02-12 18:00:00,1.400,1017.800,8.800,313.000,12.100,1.706
2026-02-12 19:00:00,1.600,1017.700,8.900,311.000,11.100,2.257
2026-02-12 20:00:00,1.600,1018.100,9.500,317.000,11.200,2.687
2026-02-12 21:00:00,1.400,1018.100,8.600,316.000,10.300,2.992
2026-02-12 22:00:00,1.200,1018.600,6.600,325.000,8.000,3.186
2026-02-12 23:00:00,1.200,1019.300,7.200,311.000,7.900,3.110
2026-02-13 00:00:00,0.600,1020.100,4.600,290.000,5.200,2.759
2026-02-13 01:00:00,0.200,1020.300,4.800,289.000,5.500,2.218
2026-02-13 02:00:00,0.500,1020.400,7.700,304.000,8.800,1.634
2026-02-13 03:00:00,0.200,1020.400,8.200,300.000,9.500,1.198
2026-02-13 04:00:00,-0.100,1020.400,7.200,302.000,8.500,1.175
2026-02-13 05:00:00,-0.400,1020.600,7.200,305.000,8.500,1.463
2026-02-13 06:00:00,-0.500,1020.700,7.400,313.000,8.800,1.985
2026-02-13 07:00:00,-0.900,1021.200,6.800,302.000,9.000,2.789
2026-02-13 08:00:00,-1.000,1021.000,7.600,316.000,9.700,3.675
2026-02-13 09:00:00,-1.200,1021.200,7.400,312.000,8.700,4.416
2026-02-13 10:00:00,-1.100,1021.700,7.000,319.000,8.300,4.875
2026-02-13 11:00:00,-1.400,1022.500,8.700,343.000,10.300,4.951
2026-02-13 12:00:00,-1.800,1023.100,7.600,4.000,9.000,4.518
2026-02-13 13:00:00,-1.900,1023.700,8.100,335.000,9.400,3.907
2026-02-13 14:00:00,-2.000,1024.100,7.400,333.000,9.300,3.107
2026-02-13 15:00:00,-2.200,1024.200,7.900,329.000,9.200,2.264
2026-02-13 16:00:00,-1.900,1024.200,7.300,337.000,8.900,1.647
2026-02-13 17:00:00,-1.600,1023.700,7.000,346.000,8.300,1.407
2026-02-13 18:00:00,-1.200,1023.200,5.700,1.000,6.900,1.634
2026-02-13 19:00:00,-0.900,1022.700,4.800,6.000,6.300,2.028
2026-02-13 20:00:00,-0.500,1022.400,4.200,1.000,4.900,2.536
2026-02-13 21:00:00,-0.200,1022.500,3.300,8.000,4.100,3.130
2026-02-13 22:00:00,-0.100,1022.500,1.300,9.000,1.900,3.543
2026-02-13 23:00:00,-0.200,1023.100,2.600,268.000,3.200,3.704
2026-02-14 00:00:00,-0.300,1023.400,2.500,264.000,3.100,3.517
2026-02-14 01:00:00,-0.700,1023.600,2.800,257.000,3.200,2.979
2026-02-14 02:00:00,-1.100,1023.600,2.500,230.000,3.100,2.192
2026-02-14 03:00:00,-1.700,1023.500,2.700,225.000,3.200,1.463
2026-02-14 04:00:00,-1.900,1023.300,3.200,225.000,3.700,1.043
2026-02-14 05:00:00,-2.300,1023.500,2.800,224.000,3.900,1.027
2026-02-14 06:00:00,-2.300,1023.200,2.900,222.000,3.900,1.342
2026-02-14 07:00:00,-2.600,1023.300,2.700,221.000,3.700,1.949
2026-02-14 08:00:00,-2.800,1022.700,2.600,219.000,4.000,2.812
2026-02-14 09:00:00,-2.600,1022.700,3.000,227.000,4.200,3.720
2026-02-14 10:00:00,-2.400,1022.800,2.400,222.000,4.100,4.413
2026-02-14 11:00:00,-1.800,1022.600,3.600,220.000,5.800,4.692
2026-02-14 12:00:00,-1.200,1022.800,4.400,230.000,5.900,4.616
2026-02-14 13:00:00,-0.100,1022.700,3.200,225.000,5.100,4.085
2026-02-14 14:00:00,1.100,1022.400,3.800,223.000,6.100,3.323
2026-02-14 15:00:00,3.600,1022.300,5.200,247.000,6.800,2.310
2026-02-14 16:00:00,7.100,1021.800,4.000,240.000,6.800,1.381
2026-02-14 17:00:00,8.800,1020.500,6.600,250.000,8.700,0.817
2026-02-14 18:00:00,10.400,1019.600,6.000,260.000,7.900,0.797
2026-02-14 19:00:00,10.200,1019.100,5.600,272.000,8.900,0.994
2026-02-14 20:00:00,10.600,1018.900,6.200,274.000,7.500,1.437
2026-02-14 21:00:00,8.600,1019.000,4.600,289.000,5.300,2.100
2026-02-14 22:00:00,11.100,1019.200,4.100,266.000,5.000,2.867
2026-02-14 23:00:00,9.700,1019.700,1.900,235.000,2.100,3.386
2026-02-15 00:00:00,9.000,1020.100,1.300,217.000,1.600,3.442
2026-02-15 01:00:00,6.900,1020.100,2.100,195.000,3.000,3.179
2026-02-15 02:00:00,6.900,1020.000,2.300,200.000,3.700,2.648
2026-02-15 03:00:00,6.700,1019.700,3.000,209.000,4.900,1.847
2026-02-15 04:00:00,6.500,1019.100,3.300,215.000,5.500,1.115
2026-02-15 05:00:00,6.200,1019.400,3.700,222.000,4.800,0.696
2026-02-15 06:00:00,6.000,1019.100,3.900,222.000,5.200,0.748
2026-02-15 07:00:00,6.200,1018.900,3.300,219.000,5.300,1.198
2026-02-15 08:00:00,5.600,1018.700,3.900,226.000,4.900,2.018
2026-02-15 09:00:00,5.400,1018.100,3.500,227.000,4.900,3.071
2026-02-15 10:00:00,5.100,1018.000,2.900,218.000,4.200,4.081
2026-02-15 11:00:00,5.100,1018.100,3.100,219.000,4.300,4.757
2026-02-15 12:00:00,5.300,1018.300,2.300,222.000,3.800,5.161
2026-02-15 13:00:00,5.700,1018.500,2.300,207.000,3.400,4.938
2026-02-15 14:00:00,6.400,1018.500,1.100,192.000,2.100,4.383
2026-02-15 15:00:00,7.200,1018.300,0.100,12.000,0.800,3.465
2026-02-15 16:00:00,6.100,1018.200,1.000,63.000,1.100,2.326
2026-02-15 17:00:00,7.700,1017.900,1.500,43.000,2.200,1.486
2026-02-15 18:00:00,8.400,1017.100,1.100,55.000,1.600,0.965
2026-02-15 19:00:00,4.100,1017.200,1.500,287.000,2.600,1.093
2026-02-15 20:00:00,8.200,1016.900,1.900,86.000,2.000,1.490
2026-02-15 21:00:00,5.600,1016.500,2.300,85.000,2.500,2.106
2026-02-15 22:00:00,3.100,1016.600,3.800,94.000,4.400,3.159
2026-02-15 23:00:00,1.900,1016.100,5.900,85.000,7.300,3.937
2026-02-16 00:00:00,1.700,1015.700,4.400,82.000,5.900,4.249
2026-02-16 01:00:00,2.000,1015.600,4.100,87.000,4.800,4.373
2026-02-16 02:00:00,2.500,1015.100,4.100,91.000,5.500,3.888
2026-02-16 03:00:00,1.900,1014.800,5.200,72.000,5.800,3.179
2026-02-16 04:00:00,2.500,1014.200,4.800,79.000,5.800,2.293
2026-02-16 05:00:00,2.400,1013.500,5.800,69.000,6.300,1.598
2026-02-16 06:00:00,2.800,1012.300,7.700,46.000,9.000,1.096
2026-02-16 07:00:00,2.000,1012.800,5.700,30.000,6.800,1.529
2026-02-16 08:00:00,2.200,1012.200,6.500,28.000,7.200,2.103
2026-02-16 09:00:00,2.200,1012.600,8.300,17.000,9.600,3.205
2026-02-16 10:00:00,2.200,1013.500,7.300,17.000,8.900,4.298
2026-02-16 11:00:00,2.000,1014.500,7.700,6.000,8.900,5.351
2026-02-16 12:00:00,1.500,1016.000,7.000,347.000,8.600,6.007
2026-02-16 13:00:00,1.400,1017.200,7.300,8.000,8.800,6.204
2026-02-16 14:00:00,1.400,1018.600,5.600,10.000,7.400,5.686
2026-02-16 15:00:00,1.300,1019.400,6.800,8.000,7.600,4.987
2026-02-16 16:00:00,1.200,1019.900,5.300,10.000,6.300,4.055
2026-02-16 17:00:00,1.300,1019.900,2.500,351.000,5.300,2.904
2026-02-16 18:00:00,1.400,1020.300,4.200,328.000,5.000,2.136
2026-02-16 19:00:00,1.600,1020.800,4.600,318.000,5.100,1.841
2026-02-16 20:00:00,2.000,1021.000,3.700,325.000,4.300,1.919
2026-02-16 21:00:00,2.200,1022.000,4.900,334.000,5.600,2.418
2026-02-16 22:00:00,1.900,1022.100,2.500,4.000,3.100,3.264
2026-02-16 23:00:00,1.600,1023.000,2.000,88.000,2.400,4.154
2026-02-17 00:00:00,1.500,1023.300,2.100,103.000,2.800,4.790
2026-02-17 01:00:00,1.000,1023.800,0.900,156.000,1.300,5.026
2026-02-17 02:00:00,0.500,1023.600,1.400,163.000,2.000,4.810
2026-02-17 03:00:00,0.200,1023.300,1.400,187.000,1.900,4.219
2026-02-17 04:00:00,0.200,1023.100,1.700,183.000,2.700,3.192
2026-02-17 05:00:00,-0.500,1023.500,0.600,197.000,0.900,2.087
2026-02-17 06:00:00,-0.500,1023.600,1.200,228.000,1.500,1.181
2026-02-17 07:00:00,-0.300,1023.700,1.000,203.000,2.100,0.771
2026-02-17 08:00:00,0.300,1023.300,1.800,230.000,2.700,1.122
2026-02-17 09:00:00,1.000,1023.600,1.400,204.000,2.000,1.916
2026-02-17 10:00:00,1.300,1023.500,1.200,201.000,1.900,2.923
2026-02-17 11:00:00,1.600,1023.400,1.300,195.000,2.800,3.999
2026-02-17 12:00:00,1.700,1023.500,1.600,213.000,2.800,4.944
2026-02-17 13:00:00,1.800,1023.600,2.300,226.000,3.300,5.522
2026-02-17 14:00:00,2.200,1023.500,2.600,229.000,3.800,5.518
2026-02-17 15:00:00,2.400,1023.800,2.900,269.000,3.600,4.892
2026-02-17 16:00:00,3.200,1022.800,2.800,238.000,4.400,3.917
2026-02-17 17:00:00,4.200,1022.100,2.200,227.000,4.700,2.680
2026-02-17 18:00:00,4.900,1021.500,2.400,245.000,4.800,1.453
2026-02-17 19:00:00,5.500,1021.100,3.000,258.000,4.100,0.715
2026-02-17 20:00:00,5.700,1020.900,1.600,307.000,2.000,0.623
2026-02-17 21:00:00,4.000,1021.000,1.800,65.000,2.000,1.037
2026-02-17 22:00:00,4.300,1020.900,1.200,141.000,1.900,1.939
2026-02-17 23:00:00,3.800,1021.000,1.200,154.000,1.700,2.999
2026-02-18 00:00:00,2.900,1021.200,1.800,168.000,2.300,3.907
2026-02-18 01:00:00,2.500,1021.000,1.900,162.000,2.600,4.498
2026-02-18 02:00:00,2.500,1020.900,0.900,187.000,1.300,4.583
2026-02-18 03:00:00,2.700,1020.600,1.400,199.000,2.500,4.190
2026-02-18 04:00:00,2.600,1019.900,0.200,144.000,0.400,3.399
2026-02-18 05:00:00,1.300,1019.200,1.100,147.000,1.900,2.251
2026-02-18 06:00:00,1.000,1018.700,1.100,108.000,1.300,1.168
2026-02-18 07:00:00,1.800,1017.900,2.100,146.000,2.600,0.407
2026-02-18 08:00:00,1.900,1017.000,2.000,150.000,3.300,0.341
2026-02-18 09:00:00,2.300,1016.500,0.300,176.000,1.300,1.037
2026-02-18 10:00:00,2.500,1015.800,1.500,150.000,2.100,2.051
2026-02-18 11:00:00,3.300,1014.700,1.700,159.000,2.700,3.130
2026-02-18 12:00:00,4.500,1013.700,3.000,186.000,3.700,4.321
2026-02-18 13:00:00,6.800,1013.200,3.400,190.000,4.900,5.194
2026-02-18 14:00:00,8.200,1012.600,2.200,207.000,3.900,5.620
2026-02-18 15:00:00,9.700,1012.000,2.800,220.000,5.400,5.279
2026-02-18 16:00:00,10.800,1010.700,4.000,230.000,6.100,4.564
2026-02-18 17:00:00,12.100,1009.500,3.100,245.000,6.400,3.435
2026-02-18 18:00:00,13.000,1008.000,5.400,245.000,8.000,2.060
2026-02-18 19:00:00,13.300,1007.600,4.700,240.000,6.700,1.014
2026-02-18 20:00:00,13.800,1007.800,4.700,266.000,5.600,0.545
2026-02-18 21:00:00,7.300,1007.700,1.000,320.000,1.200,0.741
2026-02-18 22:00:00,6.000,1007.400,2.300,79.000,2.600,1.516
2026-02-18 23:00:00,4.600,1008.500,0.500,81.000,0.700,2.513
2026-02-19 00:00:00,4.200,1008.400,0.000,278.000,0.600,3.684
2026-02-19 01:00:00,4.000,1008.500,1.800,19.000,2.100,4.596
2026-02-19 02:00:00,3.600,1009.200,1.100,331.000,1.400,5.000
2026-02-19 03:00:00,3.900,1009.400,0.300,257.000,1.000,4.820
2026-02-19 04:00:00,5.200,1009.200,0.500,270.000,0.600,4.373
2026-02-19 05:00:00,3.500,1010.200,1.700,324.000,2.400,3.409
2026-02-19 06:00:00,3.000,1011.100,1.400,59.000,1.700,2.251
2026-02-19 07:00:00,2.900,1011.600,0.900,19.000,2.200,1.142
2026-02-19 08:00:00,2.800,1012.200,3.700,68.000,4.200,0.591
2026-02-19 09:00:00,1.700,1012.900,5.900,82.000,6.500,0.787
2026-02-19 10:00:00,2.600,1013.700,6.600,83.000,8.000,1.470
2026-02-19 11:00:00,2.300,1014.900,4.900,73.000,5.800,2.549
2026-02-19 12:00:00,2.000,1015.000,3.000,75.000,3.800,3.691
2026-02-19 13:00:00,2.400,1016.100,3.100,76.000,3.600,4.783
2026-02-19 14:00:00,2.900,1016.800,5.500,77.000,6.700,5.591
2026-02-19 15:00:00,2.900,1017.300,5.000,77.000,6.000,5.650
2026-02-19 16:00:00,3.100,1017.600,4.700,75.000,6.200,5.056
2026-02-19 17:00:00,3.700,1016.200,6.900,80.000,8.400,4.252
2026-02-19 18:00:00,3.200,1016.100,6.800,72.000,7.400,3.051
2026-02-19 19:00:00,3.600,1015.700,8.300,73.000,8.900,1.722
2026-02-19 20:00:00,3.400,1014.400,8.800,79.000,10.900,0.889
2026-02-19 21:00:00,3.200,1014.100,7.200,70.000,8.200,0.814
2026-02-19 22:00:00,4.000,1015.200,8.500,64.000,10.300,1.280
2026-02-19 23:00:00,3.900,1015.100,7.000,69.000,8.100,2.290
2026-02-20 00:00:00,3.600,1014.300,9.900,80.000,11.600,3.533
2026-02-20 01:00:00,3.500,1015.200,5.400,50.000,8.300,4.541
2026-02-20 02:00:00,3.600,1013.300,10.100,71.000,12.300,5.272
2026-02-20 03:00:00,3.300,1012.900,6.300,79.000,7.400,5.554
2026-02-20 04:00:00,4.700,1012.700,5.900,82.000,7.600,5.318
2026-02-20 05:00:00,4.000,1013.000,5.100,81.000,5.700,4.675
2026-02-20 06:00:00,3.400,1012.500,4.000,74.000,4.500,3.563
2026-02-20 07:00:00,3.500,1012.700,3.400,73.000,4.100,2.211
2026-02-20 08:00:00,3.600,1012.200,6.000,75.000,7.100,1.204
2026-02-20 09:00:00,4.600,1010.500,8.800,91.000,10.500,0.912
2026-02-20 10:00:00,4.600,1009.800,7.200,97.000,9.000,1.309
2026-02-20 11:00:00,4.900,1008.100,7.400,101.000,10.100,1.995
2026-02-20 12:00:00,5.300,1007.300,6.700,103.000,9.500,3.110
2026-02-20 13:00:00,6.700,1006.800,3.400,154.000,5.500,4.298
2026-02-20 14:00:00,7.900,1006.300,2.500,119.000,4.200,5.413
2026-02-20 15:00:00,4.800,1006.500,6.100,35.000,6.500,6.089
2026-02-20 16:00:00,4.500,1006.300,5.000,36.000,6.400,5.791
2026-02-20 17:00:00,8.000,1002.400,3.400,131.000,4.600,4.869
2026-02-20 18:00:00,9.100,1002.500,2.100,226.000,3.200,4.196
2026-02-20 19:00:00,11.300,1002.000,6.500,271.000,8.500,2.835
2026-02-20 20:00:00,12.600,1001.400,5.700,281.000,6.300,1.864
2026-02-20 21:00:00,14.100,1000.700,4.100,266.000,5.200,1.480
2026-02-20 22:00:00,11.500,1001.700,1.900,290.000,2.300,1.480
2026-02-20 23:00:00,13.100,1002.300,2.200,246.000,3.400,1.923
2026-02-21 00:00:00,11.500,1003.000,2.000,249.000,2.800,3.038
2026-02-21 01:00:00,3.700,1004.300,4.900,358.000,5.900,4.042
2026-02-21 02:00:00,3.100,1005.200,1.500,305.000,2.600,5.062
2026-02-21 03:00:00,3.400,1006.300,3.000,301.000,3.600,5.696
2026-02-21 04:00:00,3.900,1007.000,3.000,301.000,3.300,5.971
2026-02-21 05:00:00,3.600,1008.100,2.500,307.000,3.000,5.456
2026-02-21 06:00:00,4.200,1008.800,3.600,320.000,4.700,4.488
2026-02-21 07:00:00,4.000,1009.200,3.100,337.000,3.700,3.205
2026-02-21 08:00:00,3.300,1009.500,2.700,290.000,3.500,2.051
2026-02-21 09:00:00,4.100,1010.200,2.700,322.000,3.600,1.122
2026-02-21 10:00:00,2.400,1011.900,0.200,264.000,0.600,1.093
2026-02-21 11:00:00,3.600,1013.200,5.700,320.000,7.600,1.490
2026-02-21 12:00:00,3.100,1014.300,1.900,315.000,2.500,2.057
2026-02-21 13:00:00,3.400,1015.600,2.000,337.000,2.900,3.064
2026-02-21 14:00:00,4.700,1016.600,5.700,332.000,6.400,4.117
2026-02-21 15:00:00,4.600,1016.600,5.100,4.000,6.600,4.797
2026-02-21 16:00:00,4.100,1016.800,4.300,14.000,4.700,5.108
2026-02-21 17:00:00,5.700,1016.200,5.100,8.000,5.500,4.839
2026-02-21 18:00:00,4.700,1016.000,3.300,19.000,3.800,4.144
2026-02-21 19:00:00,5.700,1016.200,2.100,6.000,2.600,3.035
2026-02-21 20:00:00,5.700,1016.200,1.300,15.000,2.300,1.716
2026-02-21 21:00:00,5.500,1016.900,1.100,277.000,1.300,0.758
2026-02-21 22:00:00,7.900,1017.400,0.400,349.000,0.800,0.420
2026-02-21 23:00:00,5.800,1017.800,0.800,2.000,1.000,0.801
2026-02-22 00:00:00,5.900,1018.400,0.000,164.000,0.400,1.549
2026-02-22 01:00:00,4.400,1018.500,1.900,170.000,2.400,2.635
2026-02-22 02:00:00,4.700,1018.800,2.300,170.000,2.600,3.845
2026-02-22 03:00:00,5.000,1019.000,2.200,170.000,3.100,4.728
2026-02-22 04:00:00,3.800,1018.900,1.800,146.000,2.600,5.246
2026-02-22 05:00:00,3.300,1018.700,2.500,141.000,3.400,5.125
2026-02-22 06:00:00,4.100,1018.600,2.200,139.000,3.200,4.636
2026-02-22 07:00:00,4.900,1017.700,3.700,116.000,4.500,3.822
2026-02-22 08:00:00,5.000,1016.900,4.000,114.000,5.800,2.785
2026-02-22 09:00:00,5.000,1017.400,3.400,117.000,4.200,1.785
2026-02-22 10:00:00,4.700,1016.100,5.500,89.000,6.600,1.047
2026-02-22 11:00:00,3.400,1016.800,3.800,74.000,4.500,1.024
2026-02-22 12:00:00,3.900,1016.900,4.800,83.000,5.400,1.519
2026-02-22 13:00:00,4.000,1015.700,8.400,77.000,9.800,2.313
2026-02-22 14:00:00,4.100,1014.900,7.500,84.000,9.400,3.301
2026-02-22 15:00:00,3.600,1014.300,7.600,84.000,10.100,4.485
2026-02-22 16:00:00,3.400,1013.200,7.300,98.000,9.300,5.180
2026-02-22 17:00:00,2.900,1011.700,7.700,78.000,8.900,5.387
2026-02-22 18:00:00,2.200,1010.500,8.100,57.000,9.400,5.240
2026-02-22 19:00:00,0.500,1009.800,7.200,75.000,8.200,4.751
2026-02-22 20:00:00,0.700,1008.300,9.100,55.000,10.200,3.743
2026-02-22 21:00:00,1.000,1006.600,10.500,48.000,13.800,2.940
2026-02-22 22:00:00,1.000,1005.600,12.700,46.000,15.300,2.572
2026-02-22 23:00:00,0.700,1005.600,12.800,33.000,16.500,2.457
2026-02-23 00:00:00,0.500,1005.000,11.900,9.000,13.500,2.854
2026-02-23 01:00:00,0.500,1004.000,14.300,352.000,16.900,3.819
2026-02-23 02:00:00,0.400,1003.000,15.600,349.000,20.200,4.767
2026-02-23 03:00:00,0.200,1001.800,17.200,346.000,22.600,5.564
2026-02-23 04:00:00,0.000,1000.800,17.000,345.000,20.700,6.427
2026-02-23 05:00:00,0.100,1000.000,18.000,344.000,20.500,6.686
2026-02-23 06:00:00,0.100,999.500,16.700,339.000,20.300,6.709
2026-02-23 07:00:00,0.100,999.600,16.500,332.000,20.800,6.325
2026-02-23 08:00:00,0.100,1000.200,15.100,327.000,18.600,5.512
2026-02-23 09:00:00,0.000,1000.600,15.600,318.000,20.100,4.442
2026-02-23 10:00:00,0.000,1001.200,15.600,313.000,18.500,3.622
2026-02-23 11:00:00,0.200,1001.900,17.300,314.000,19.200,2.976
2026-02-23 12:00:00,0.400,1002.000,14.800,310.000,18.800,2.533
2026-02-23 13:00:00,0.400,1002.500,14.400,315.000,17.600,2.671
2026-02-23 14:00:00,0.500,1002.900,13.000,304.000,15.400,3.248
2026-02-23 15:00:00,0.600,1003.200,13.700,306.000,16.300,4.016
2026-02-23 16:00:00,0.700,1003.800,14.600,309.000,16.700,4.902
2026-02-23 17:00:00,0.700,1004.400,13.700,309.000,15.500,5.479
2026-02-23 18:00:00,1.100,1004.800,12.800,311.000,15.800,5.814
2026-02-23 19:00:00,2.100,1005.200,12.300,307.000,14.700,5.492
2026-02-23 20:00:00,2.800,1006.000,12.500,310.000,14.600,4.938
2026-02-23 21:00:00,3.400,1006.900,12.400,310.000,16.600,4.032
2026-02-23 22:00:00,3.500,1007.900,12.200,310.000,13.900,3.205
2026-02-23 23:00:00,3.300,1009.100,9.400,310.000,12.900,2.438
2026-02-24 00:00:00,3.200,1010.000,10.400,310.000,12.400,2.165
2026-02-24 01:00:00,3.000,1010.500,11.700,310.000,14.800,2.549
2026-02-24 02:00:00,2.900,1011.100,11.500,305.000,13.900,2.972
2026-02-24 03:00:00,2.500,1011.400,9.100,304.000,12.100,3.730
2026-02-24 04:00:00,2.400,1011.900,10.100,303.000,11.500,4.806
2026-02-24 05:00:00,2.000,1012.200,9.400,302.000,10.700,5.604
2026-02-24 06:00:00,1.800,1012.700,9.700,295.000,11.500,5.958
2026-02-24 07:00:00,1.600,1013.000,8.400,295.000,10.000,5.794
2026-02-24 08:00:00,1.200,1013.500,10.600,303.000,12.400,5.295
2026-02-24 09:00:00,0.600,1014.000,11.100,309.000,13.600,4.370
2026-02-24 10:00:00,0.100,1014.500,12.200,313.000,14.200,3.245
2026-02-24 11:00:00,-0.500,1015.400,8.900,299.000,12.400,2.057
2026-02-24 12:00:00,-0.800,1016.000,9.100,300.000,11.200,1.299
2026-02-24 13:00:00,-1.300,1016.700,10.500,303.000,11.800,1.289
2026-02-24 14:00:00,-1.300,1016.800,10.000,304.000,12.200,1.496
2026-02-24 15:00:00,-0.900,1016.800,11.200,308.000,13.400,2.064
2026-02-24 16:00:00,-0.500,1016.700,10.000,298.000,11.900,2.812
2026-02-24 17:00:00,-0.400,1016.500,8.700,303.000,10.900,3.540
2026-02-24 18:00:00,-0.100,1016.100,9.800,293.000,10.900,3.917
2026-02-24 19:00:00,0.200,1015.900,9.100,284.000,11.700,3.911
2026-02-24 20:00:00,0.600,1015.400,8.700,281.000,11.400,3.465
2026-02-24 21:00:00,1.000,1015.100,7.600,290.000,9.400,2.851
2026-02-24 22:00:00,1.000,1015.500,4.200,271.000,5.200,2.093
2026-02-24 23:00:00,0.400,1015.800,1.000,217.000,1.200,1.293
2026-02-25 00:00:00,-0.700,1015.600,1.400,159.000,1.700,0.745
2026-02-25 01:00:00,-0.600,1016.100,1.900,198.000,2.500,0.728
2026-02-25 02:00:00,-1.000,1016.100,1.800,162.000,3.000,1.020
2026-02-25 03:00:00,-0.900,1015.400,2.800,162.000,3.600,1.713
2026-02-25 04:00:00,-0.400,1014.500,3.100,167.000,4.600,2.661
2026-02-25 05:00:00,0.100,1014.000,4.100,183.000,5.800,3.717
2026-02-25 06:00:00,0.300,1013.100,3.100,194.000,5.600,4.432
2026-02-25 07:00:00,1.000,1012.200,4.200,201.000,6.700,4.833
2026-02-25 08:00:00,1.800,1010.500,5.000,189.000,7.700,4.669
2026-02-25 09:00:00,2.700,1009.400,4.700,206.000,7.900,4.072
2026-02-25 10:00:00,3.000,1008.500,4.000,199.000,7.900,3.222
2026-02-25 11:00:00,3.400,1008.300,3.900,212.000,6.000,2.185
2026-02-25 12:00:00,3.500,1008.100,3.800,207.000,6.600,1.299
2026-02-25 13:00:00,3.700,1007.800,3.600,203.000,6.000,0.663
2026-02-25 14:00:00,4.400,1007.700,2.900,209.000,4.800,0.374
2026-02-25 15:00:00,6.100,1007.100,3.600,233.000,6.100,0.509
2026-02-25 16:00:00,7.200,1007.400,5.700,234.000,8.000,0.912
2026-02-25 17:00:00,7.600,1006.900,3.000,238.000,6.300,1.529
2026-02-25 18:00:00,7.500,1006.200,2.600,224.000,4.600,2.277
2026-02-25 19:00:00,8.500,1005.800,4.300,233.000,6.900,2.657
2026-02-25 20:00:00,9.500,1005.500,3.300,226.000,4.900,2.713
2026-02-25 21:00:00,10.100,1005.600,1.400,228.000,4.300,2.651
2026-02-25 22:00:00,9.600,1005.900,2.000,216.000,3.200,2.316
2026-02-25 23:00:00,8.700,1006.300,2.100,187.000,3.300,1.663
2026-02-26 00:00:00,7.500,1007.200,2.400,200.000,4.300,0.922
2026-02-26 01:00:00,7.500,1007.900,2.900,198.000,4.900,0.351
2026-02-26 02:00:00,7.300,1008.100,2.800,202.000,4.700,0.167
2026-02-26 03:00:00,8.500,1008.500,3.200,214.000,6.000,0.489
2026-02-26 04:00:00,8.700,1008.400,3.100,205.000,6.300,1.404
2026-02-26 05:00:00,8.100,1008.300,3.100,222.000,4.300,2.395
2026-02-26 06:00:00,7.700,1008.900,3.900,220.000,5.400,3.419
2026-02-26 07:00:00,7.300,1009.500,3.700,221.000,5.400,4.239
2026-02-26 08:00:00,7.300,1009.500,3.500,222.000,4.900,4.705
2026-02-26 09:00:00,7.200,1010.000,3.400,220.000,5.000,4.721
2026-02-26 10:00:00,7.300,1010.800,3.400,229.000,4.500,4.334
2026-02-26 11:00:00,7.100,1011.400,2.900,224.000,3.900,3.606
2026-02-26 12:00:00,7.300,1011.700,1.700,262.000,2.300,2.575
2026-02-26 13:00:00,7.000,1012.600,1.300,227.000,1.500,1.716
2026-02-26 14:00:00,4.300,1013.300,2.300,12.000,2.800,1.050
2026-02-26 15:00:00,3.700,1013.100,1.200,50.000,1.600,0.768
2026-02-26 16:00:00,5.200,1013.200,2.700,78.000,3.200,1.001
2026-02-26 17:00:00,5.500,1013.000,4.100,111.000,4.900,1.388
2026-02-26 18:00:00,4.000,1012.000,2.700,50.000,3.600,2.215
2026-02-26 19:00:00,2.700,1011.900,2.100,352.000,2.400,2.992
2026-02-26 20:00:00,3.600,1011.200,2.600,25.000,3.600,3.556
2026-02-26 21:00:00,3.600,1011.300,2.200,65.000,2.700,3.599
2026-02-26 22:00:00,4.500,1012.000,2.300,81.000,2.600,3.740
2026-02-26 23:00:00,5.100,1012.200,5.300,90.000,6.300,3.268
2026-02-27 00:00:00,3.900,1012.900,3.100,38.000,4.100,2.569
2026-02-27 01:00:00,3.600,1013.600,2.400,34.000,3.300,1.604
2026-02-27 02:00:00,3.600,1014.100,0.300,94.000,1.000,0.906
2026-02-27 03:00:00,3.800,1014.600,1.000,272.000,1.200,0.702
2026-02-27 04:00:00,3.500,1015.000,1.600,275.000,2.100,1.010
2026-02-27 05:00:00,3.700,1015.300,2.000,280.000,2.400,1.772
2026-02-27 06:00:00,3.800,1015.800,1.600,256.000,2.300,2.625
2026-02-27 07:00:00,3.600,1016.100,1.800,257.000,2.400,3.658
2026-02-27 08:00:00,3.100,1015.800,1.600,247.000,1.900,4.528
2026-02-27 09:00:00,2.800,1016.500,1.900,256.000,2.200,5.082
2026-02-27 10:00:00,2.400,1016.900,0.000,138.000,0.600,5.062
2026-02-27 11:00:00,1.800,1018.400,0.500,266.000,1.000,4.656
2026-02-27 12:00:00,1.300,1019.200,1.000,294.000,1.200,3.960
2026-02-27 13:00:00,1.400,1019.800,0.900,261.000,1.100,3.038
2026-02-27 14:00:00,2.100,1020.400,0.800,290.000,0.900,1.955
2026-02-27 15:00:00,2.500,1020.800,1.900,18.000,2.200,1.293
2026-02-27 16:00:00,3.000,1021.000,3.100,51.000,3.200,0.886
2026-02-27 17:00:00,3.000,1020.900,2.700,49.000,3.200,0.935
2026-02-27 18:00:00,3.400,1020.500,3.200,45.000,3.300,1.529
2026-02-27 19:00:00,5.100,1020.000,3.000,53.000,3.100,2.188
2026-02-27 20:00:00,6.000,1019.700,2.500,65.000,2.800,2.995
2026-02-27 21:00:00,6.400,1019.900,1.700,109.000,2.200,3.520
2026-02-27 22:00:00,6.400,1020.100,2.200,163.000,3.100,3.891
2026-02-27 23:00:00,4.500,1020.100,2.100,148.000,2.600,3.881
2026-02-28 00:00:00,2.600,1020.800,1.000,117.000,1.200,3.406
2026-02-28 01:00:00,2.300,1020.900,2.000,109.000,2.400,2.677
2026-02-28 02:00:00,2.500,1021.400,1.300,125.000,2.300,1.621
2026-02-28 03:00:00,2.400,1021.200,0.800,101.000,0.900,0.715
2026-02-28 04:00:00,1.200,1021.000,0.300,155.000,0.400,0.384
2026-02-28 05:00:00,1.300,1020.500,0.700,109.000,1.000,0.623
2026-02-28 06:00:00,2.600,1020.400,2.500,146.000,3.600,1.289
2026-02-28 07:00:00,2.700,1020.300,1.900,152.000,2.300,2.323
2026-02-28 08:00:00,3.100,1019.800,2.100,156.000,2.900,3.471
2026-02-28 09:00:00,3.400,1019.700,1.800,151.000,2.500,4.508
2026-02-28 10:00:00,1.500,1020.000,1.700,293.000,1.900,5.003
2026-02-28 11:00:00,1.500,1020.300,1.500,303.000,1.700,5.200
2026-02-28 12:00:00,2.100,1020.300,1.000,322.000,1.100,4.806
2026-02-28 13:00:00,2.700,1020.400,0.800,30.000,1.100,4.052
2026-02-28 14:00:00,3.700,1020.100,1.000,24.000,1.100,3.051
2026-02-28 15:00:00,3.300,1020.300,2.300,349.000,2.400,1.965
2026-02-28 16:00:00,3.100,1020.400,3.000,3.000,3.300,1.152
2026-02-28 17:00:00,3.600,1019.400,1.100,11.000,1.900,0.728
2026-02-28 18:00:00,4.100,1018.600,1.200,39.000,1.400,0.938
2026-02-28 19:00:00,7.300,1018.200,3.800,58.000,4.000,1.473
2026-02-28 20:00:00,10.600,1017.300,3.000,118.000,4.700,2.195
2026-02-28 21:00:00,10.800,1016.700,2.600,103.000,3.100,3.077
2026-02-28 22:00:00,10.100,1016.500,1.800,140.000,3.000,3.855
2026-02-28 23:00:00,6.500,1016.800,1.900,158.000,2.300,4.268
