timestamp,air_temp,air_pressure,wind_speed,wind_direction,wind_gust,water_level
2021-01-01 00:00:00,7.500,1026.700,5.300,5.000,6.300,1.342
2021-01-01 01:00:00,7.300,1027.200,5.500,11.000,7.200,1.555
2021-01-01 02:00:00,6.800,1027.900,5.900,7.000,7.200,1.709
2021-01-01 03:00:00,6.700,1028.400,5.300,14.000,7.000,1.532
2021-01-01 04:00:00,5.900,1029.400,6.800,12.000,8.100,1.348
2021-01-01 05:00:00,6.200,1029.600,4.700,19.000,6.900,0.650
2021-01-01 06:00:00,6.200,1029.800,4.800,36.000,6.800,0.276
2021-01-01 07:00:00,6.300,1030.900,4.100,34.000,7.100,0.010
2021-01-01 08:00:00,5.700,1031.200,5.600,31.000,8.600,0.059
2021-01-01 09:00:00,5.200,1031.500,3.700,33.000,6.700,0.459
2021-01-01 10:00:00,5.000,1031.700,4.500,32.000,6.400,1.047
2021-01-01 11:00:00,5.100,1031.900,4.300,32.000,6.600,1.549
2021-01-01 12:00:00,5.400,1032.200,4.300,32.000,6.100,1.959
2021-01-01 13:00:00,4.800,1032.400,3.800,10.000,4.900,2.431
2021-01-01 14:00:00,7.400,1032.600,4.000,74.000,5.600,2.644
2021-01-01 15:00:00,7.600,1032.800,4.100,73.000,6.200,2.661
2021-01-01 16:00:00,7.900,1031.000,4.600,86.000,7.500,2.333
2021-01-01 17:00:00,8.200,1030.800,3.200,82.000,6.800,2.064
2021-01-01 18:00:00,8.300,1027.900,4.800,89.000,7.100,1.332
2021-01-01 19:00:00,8.800,1027.700,3.100,79.000,5.700,0.804
2021-01-01 20:00:00,8.900,1026.300,4.700,82.000,6.900,0.584
2021-01-01 21:00:00,9.400,1025.600,3.100,89.000,5.000,0.666
2021-01-01 22:00:00,9.300,1024.800,2.100,91.000,3.800,1.030
2021-01-01 23:00:00,9.400,1023.500,2.700,104.000,4.300,1.339
2021-01-02 00:00:00,9.400,1022.600,2.700,99.000,4.500,1.742
2021-01-02 01:00:00,9.700,1020.700,2.800,112.000,4.300,2.215
2021-01-02 02:00:00,10.700,1018.400,5.000,122.000,6.400,2.352
2021-01-02 03:00:00,10.900,1017.600,2.900,178.000,3.800,2.326
2021-01-02 04:00:00,10.100,1016.500,3.300,218.000,4.000,2.260
2021-01-02 05:00:00,10.600,1014.700,3.100,207.000,3.900,1.985
2021-01-02 06:00:00,9.300,1012.300,3.200,197.000,4.200,1.365
2021-01-02 07:00:00,11.900,1012.700,5.700,253.000,8.400,1.014
2021-01-02 08:00:00,11.100,1012.200,7.300,275.000,10.100,0.889
2021-01-02 09:00:00,9.300,1011.700,6.700,276.000,10.000,0.814
2021-01-02 10:00:00,8.700,1011.300,8.600,265.000,10.800,1.093
2021-01-02 11:00:00,8.700,1011.000,8.300,262.000,11.000,1.594
2021-01-02 12:00:00,8.700,1011.800,10.100,263.000,12.600,1.991
2021-01-02 13:00:00,8.100,1013.200,4.200,300.000,9.600,2.392
2021-01-02 14:00:00,7.300,1014.500,4.700,302.000,6.900,2.871
2021-01-02 15:00:00,7.800,1014.500,4.900,276.000,6.300,2.812
2021-01-02 16:00:00,9.500,1014.500,2.400,297.000,4.900,2.697
2021-01-02 17:00:00,10.400,1014.600,5.200,311.000,7.800,2.461
2021-01-02 18:00:00,11.700,1014.800,7.200,311.000,8.900,1.778
2021-01-02 19:00:00,12.300,1015.300,5.900,307.000,8.200,1.322
2021-01-02 20:00:00,12.300,1016.100,5.300,328.000,8.400,0.909
2021-01-02 21:00:00,12.100,1017.100,3.000,305.000,5.400,0.722
2021-01-02 22:00:00,11.400,1017.700,4.700,340.000,6.200,0.774
2021-01-02 23:00:00,11.100,1018.000,5.200,348.000,7.500,0.938
2021-01-03 00:00:00,10.500,1018.600,3.300,350.000,4.100,1.234
2021-01-03 01:00:00,9.700,1018.800,3.000,29.000,5.900,1.788
2021-01-03 02:00:00,9.100,1019.200,5.300,12.000,6.100,2.021
2021-01-03 03:00:00,8.500,1020.000,3.900,26.000,5.600,2.159
2021-01-03 04:00:00,8.200,1019.500,3.600,35.000,6.700,2.100
2021-01-03 05:00:00,7.900,1019.500,3.300,42.000,7.000,1.896
2021-01-03 06:00:00,7.600,1019.100,1.600,57.000,4.300,1.414
2021-01-03 07:00:00,7.500,1019.900,3.100,71.000,4.900,0.846
2021-01-03 08:00:00,7.800,1019.100,3.300,84.000,6.300,0.522
2021-01-03 09:00:00,8.200,1018.000,3.100,91.000,5.300,0.413
2021-01-03 10:00:00,8.300,1016.300,5.400,106.000,8.100,0.400
2021-01-03 11:00:00,8.500,1015.900,3.500,83.000,5.400,0.899
2021-01-03 12:00:00,8.200,1018.100,2.600,29.000,3.000,1.585
2021-01-03 13:00:00,8.000,1017.200,2.100,68.000,3.300,2.093
2021-01-03 14:00:00,8.500,1016.100,4.400,71.000,7.000,2.530
2021-01-03 15:00:00,8.800,1015.600,3.500,80.000,5.700,2.848
2021-01-03 16:00:00,9.200,1013.900,3.300,78.000,5.300,2.910
2021-01-03 17:00:00,9.500,1011.500,3.800,73.000,6.100,2.966
2021-01-03 18:00:00,9.800,1010.600,1.500,66.000,4.200,2.812
2021-01-03 19:00:00,10.100,1010.500,2.100,34.000,3.600,2.293
2021-01-03 20:00:00,9.200,1010.800,3.200,16.000,4.700,1.834
2021-01-03 21:00:00,8.600,1010.700,3.900,14.000,5.000,1.594
2021-01-03 22:00:00,9.000,1011.200,4.400,351.000,5.900,1.407
2021-01-03 23:00:00,8.800,1011.400,4.700,0.000,5.600,1.499
2021-01-04 00:00:00,7.200,1012.000,6.200,349.000,8.000,1.798
2021-01-04 01:00:00,6.400,1012.400,9.200,355.000,10.700,2.369
2021-01-04 02:00:00,5.800,1012.700,5.800,340.000,8.000,2.618
2021-01-04 03:00:00,5.800,1013.200,6.200,342.000,7.200,2.913
2021-01-04 04:00:00,5.300,1013.400,6.200,343.000,7.400,3.150
2021-01-04 05:00:00,5.400,1013.400,6.300,338.000,7.600,3.091
2021-01-04 06:00:00,5.200,1013.600,7.300,341.000,8.900,3.009
2021-01-04 07:00:00,5.100,1013.700,6.200,338.000,7.700,2.661
2021-01-04 08:00:00,4.900,1013.900,5.100,346.000,6.500,2.106
2021-01-04 09:00:00,4.700,1014.100,5.500,343.000,7.300,1.745
2021-01-04 10:00:00,4.500,1014.700,6.100,356.000,7.900,1.594
2021-01-04 11:00:00,4.400,1015.200,5.900,348.000,7.100,1.827
2021-01-04 12:00:00,4.200,1015.700,6.600,5.000,7.600,2.162
2021-01-04 13:00:00,4.300,1016.400,5.400,6.000,7.600,2.569
2021-01-04 14:00:00,4.500,1017.000,4.900,6.000,5.900,2.894
2021-01-04 15:00:00,4.700,1017.400,4.500,1.000,6.400,3.251
2021-01-04 16:00:00,4.800,1016.800,3.700,346.000,6.400,3.471
2021-01-04 17:00:00,4.600,1016.300,4.800,347.000,5.900,3.517
2021-01-04 18:00:00,5.000,1015.700,4.500,338.000,6.000,3.353
2021-01-04 19:00:00,4.900,1015.400,4.400,359.000,5.500,3.120
2021-01-04 20:00:00,5.000,1015.600,4.000,10.000,5.100,2.523
2021-01-04 21:00:00,5.200,1015.800,3.100,357.000,4.400,2.113
2021-01-04 22:00:00,5.200,1015.900,4.000,5.000,5.200,1.841
2021-01-04 23:00:00,5.200,1016.100,4.400,3.000,4.900,1.709
2021-01-05 00:00:00,5.300,1016.000,3.600,8.000,4.700,1.703
2021-01-05 01:00:00,5.100,1016.000,2.200,330.000,2.600,2.044
2021-01-05 02:00:00,5.100,1015.800,2.400,345.000,3.100,2.536
2021-01-05 03:00:00,4.900,1015.500,1.700,329.000,2.600,2.838
2021-01-05 04:00:00,4.700,1015.200,1.600,302.000,2.300,3.127
2021-01-05 05:00:00,5.000,1014.700,1.500,335.000,1.900,3.212
2021-01-05 06:00:00,4.800,1014.200,1.600,292.000,1.900,3.219
2021-01-05 07:00:00,4.700,1014.500,2.100,299.000,3.200,3.110
2021-01-05 08:00:00,4.600,1014.200,0.900,348.000,1.300,2.697
2021-01-05 09:00:00,4.400,1013.800,2.700,300.000,3.800,2.270
2021-01-05 10:00:00,4.600,1014.200,2.700,309.000,4.000,1.909
2021-01-05 11:00:00,4.600,1014.400,2.200,308.000,2.900,1.745
2021-01-05 12:00:00,4.700,1014.400,1.700,340.000,2.200,1.860
2021-01-05 13:00:00,4.800,1014.500,1.600,315.000,2.100,2.238
2021-01-05 14:00:00,4.800,1014.800,1.700,308.000,2.200,2.677
2021-01-05 15:00:00,5.200,1014.400,1.600,8.000,2.500,2.927
2021-01-05 16:00:00,5.400,1013.600,2.100,11.000,2.700,3.225
2021-01-05 17:00:00,5.700,1012.700,2.800,22.000,3.500,3.432
2021-01-05 18:00:00,5.800,1012.400,2.700,13.000,3.500,3.458
2021-01-05 19:00:00,5.600,1012.400,4.100,28.000,5.300,3.343
2021-01-05 20:00:00,5.600,1012.700,2.500,21.000,3.800,3.041
2021-01-05 21:00:00,5.500,1013.300,3.100,20.000,4.300,2.552
2021-01-05 22:00:00,5.400,1014.000,3.700,9.000,5.000,2.165
2021-01-05 23:00:00,5.200,1014.500,3.600,350.000,4.700,1.877
2021-01-06 00:00:00,5.000,1015.000,3.000,340.000,4.000,1.772
2021-01-06 01:00:00,5.000,1015.100,5.200,352.000,6.500,1.864
2021-01-06 02:00:00,4.900,1015.200,3.800,342.000,5.000,2.260
2021-01-06 03:00:00,4.700,1015.400,3.800,328.000,5.600,2.782
2021-01-06 04:00:00,4.600,1015.300,5.200,342.000,6.300,3.038
2021-01-06 05:00:00,4.400,1015.300,4.900,329.000,5.900,3.297
2021-01-06 06:00:00,4.300,1015.300,5.600,326.000,7.100,3.471
2021-01-06 07:00:00,4.200,1015.700,6.000,329.000,7.100,3.488
2021-01-06 08:00:00,4.100,1016.400,5.700,323.000,7.800,3.360
2021-01-06 09:00:00,4.100,1016.600,5.000,332.000,6.800,3.058
2021-01-06 10:00:00,4.100,1016.700,4.300,339.000,6.000,2.398
2021-01-06 11:00:00,4.100,1017.000,4.600,336.000,6.100,2.149
2021-01-06 12:00:00,4.000,1017.800,4.700,333.000,7.100,2.044
2021-01-06 14:00:00,4.200,1019.100,5.600,333.000,8.100,2.270
2021-01-06 15:00:00,4.700,1019.000,8.000,338.000,9.600,2.648
2021-01-06 16:00:00,5.200,1018.900,6.800,329.000,9.200,3.018
2021-01-06 17:00:00,5.500,1018.200,8.200,333.000,10.000,3.268
2021-01-06 18:00:00,5.300,1017.600,7.800,331.000,10.300,3.389
2021-01-06 19:00:00,5.600,1017.600,6.200,337.000,9.800,3.409
2021-01-06 20:00:00,5.100,1018.300,7.200,348.000,9.500,3.304
2021-01-06 21:00:00,4.800,1018.900,8.800,327.000,12.200,2.963
2021-01-06 22:00:00,4.700,1019.500,9.100,341.000,10.700,2.451
2021-01-06 23:00:00,4.400,1020.300,6.700,332.000,10.200,1.978
2021-01-07 00:00:00,4.200,1020.600,6.000,335.000,8.200,1.608
2021-01-07 01:00:00,3.900,1020.900,8.300,334.000,10.200,1.532
2021-01-07 02:00:00,3.600,1020.800,5.600,335.000,7.400,1.726
2021-01-07 03:00:00,3.200,1020.900,4.100,334.000,6.600,2.172
2021-01-07 04:00:00,3.000,1021.200,3.800,321.000,4.900,2.664
2021-01-07 05:00:00,2.700,1020.700,3.900,321.000,5.400,2.913
2021-01-07 06:00:00,2.600,1020.500,5.200,340.000,6.300,3.209
2021-01-07 07:00:00,2.500,1020.800,5.000,334.000,8.400,3.409
2021-01-07 08:00:00,2.200,1021.200,4.500,337.000,6.500,3.425
2021-01-07 09:00:00,2.000,1021.200,5.000,339.000,5.900,3.281
2021-01-07 10:00:00,2.100,1020.900,5.700,338.000,7.300,2.854
2021-01-07 11:00:00,1.800,1021.500,5.300,335.000,7.500,2.356
2021-01-07 12:00:00,1.500,1022.200,4.100,333.000,5.800,2.070
2021-01-07 13:00:00,1.300,1022.700,4.500,334.000,5.900,1.860
2021-01-07 14:00:00,2.100,1022.900,7.100,335.000,8.800,1.893
2021-01-07 15:00:00,2.700,1023.000,5.500,345.000,8.700,2.090
2021-01-07 16:00:00,3.000,1022.400,5.100,1.000,6.900,2.467
2021-01-07 17:00:00,4.100,1021.300,4.600,352.000,6.100,2.808
2021-01-07 18:00:00,4.900,1020.700,5.300,337.000,6.500,3.048
2021-01-07 19:00:00,5.700,1020.400,4.500,303.000,6.800,3.186
2021-01-07 20:00:00,6.000,1020.400,6.100,324.000,7.700,3.153
2021-01-07 21:00:00,6.200,1020.500,4.700,332.000,6.300,3.012
2021-01-07 22:00:00,5.400,1020.900,3.200,314.000,5.700,2.667
2021-01-07 23:00:00,4.600,1021.100,2.400,320.000,3.500,2.169
2021-01-08 00:00:00,3.600,1021.700,1.500,293.000,2.000,1.732
2021-01-08 01:00:00,2.900,1021.500,2.000,296.000,2.700,1.398
2021-01-08 02:00:00,2.400,1021.400,2.100,287.000,2.700,1.339
2021-01-08 03:00:00,2.200,1021.000,1.500,305.000,2.300,1.552
2021-01-08 04:00:00,2.200,1020.800,1.900,333.000,2.800,2.001
2021-01-08 05:00:00,1.600,1020.700,2.200,329.000,2.800,2.461
2021-01-08 06:00:00,1.400,1020.500,2.700,329.000,3.400,2.812
2021-01-08 07:00:00,2.300,1019.900,3.600,348.000,4.500,3.133
2021-01-08 08:00:00,2.400,1018.900,5.000,16.000,6.100,3.268
2021-01-08 09:00:00,2.700,1018.000,3.500,24.000,5.400,3.271
2021-01-08 10:00:00,2.900,1019.200,1.200,283.000,1.900,3.117
2021-01-08 11:00:00,1.700,1018.600,2.600,331.000,2.900,2.802
2021-01-08 12:00:00,2.400,1017.500,3.500,21.000,5.400,2.051
2021-01-08 13:00:00,1.700,1019.000,2.200,312.000,2.600,1.847
2021-01-08 14:00:00,1.500,1019.800,2.000,285.000,2.900,1.483
2021-01-08 15:00:00,2.000,1017.700,5.500,17.000,6.600,1.581
2021-01-08 16:00:00,2.000,1017.800,2.600,7.000,3.500,1.670
2021-01-08 17:00:00,2.200,1015.800,2.100,28.000,2.700,2.123
2021-01-08 18:00:00,2.500,1015.300,1.900,39.000,3.600,2.552
2021-01-08 19:00:00,2.700,1014.600,2.400,14.000,3.600,2.684
2021-01-08 20:00:00,2.900,1013.800,3.700,10.000,4.500,2.887
2021-01-08 21:00:00,3.300,1013.400,4.100,16.000,5.300,3.015
2021-01-08 22:00:00,2.900,1013.300,5.100,22.000,7.200,2.894
2021-01-08 23:00:00,2.700,1012.600,5.700,15.000,7.900,2.343
2021-01-09 00:00:00,2.300,1012.200,6.800,5.000,8.100,2.024
2021-01-09 01:00:00,2.500,1011.800,4.900,355.000,6.300,1.467
2021-01-09 02:00:00,2.700,1011.000,7.300,7.000,9.000,1.247
2021-01-09 03:00:00,2.500,1010.900,5.900,4.000,8.000,1.171
2021-01-09 04:00:00,2.000,1010.600,5.000,357.000,5.700,1.516
2021-01-09 05:00:00,1.500,1009.800,4.800,346.000,5.900,2.080
2021-01-09 06:00:00,1.500,1009.100,6.400,356.000,7.900,2.598
2021-01-09 07:00:00,2.900,1009.100,8.300,27.000,12.200,3.045
2021-01-09 08:00:00,2.500,1009.200,7.400,26.000,12.700,3.517
2021-01-09 09:00:00,2.600,1009.100,9.100,17.000,12.100,3.599
2021-01-09 10:00:00,2.300,1009.500,8.900,22.000,12.200,3.665
2021-01-09 11:00:00,2.000,1010.100,11.000,10.000,13.700,3.501
2021-01-09 12:00:00,1.400,1011.500,7.700,7.000,10.600,3.232
2021-01-09 13:00:00,0.900,1012.000,7.300,348.000,9.400,2.503
2021-01-09 14:00:00,-0.200,1013.000,8.100,351.000,10.400,2.037
2021-01-09 15:00:00,1.000,1013.400,7.700,348.000,9.000,1.801
2021-01-09 16:00:00,1.400,1013.400,7.700,346.000,9.600,1.706
2021-01-09 17:00:00,2.200,1013.200,6.200,349.000,8.200,1.896
2021-01-09 18:00:00,3.000,1013.200,6.100,351.000,8.300,2.251
2021-01-09 19:00:00,3.600,1013.300,6.000,329.000,8.200,2.651
2021-01-09 20:00:00,4.100,1013.700,5.600,328.000,8.200,2.854
2021-01-09 21:00:00,4.200,1014.100,7.600,343.000,9.500,3.038
2021-01-09 22:00:00,4.400,1014.900,4.000,328.000,5.500,3.061
2021-01-09 23:00:00,4.100,1015.400,4.100,326.000,5.000,2.904
2021-01-10 00:00:00,3.800,1015.700,3.200,305.000,4.000,2.438
2021-01-10 01:00:00,4.300,1016.100,5.100,332.000,7.400,1.936
2021-01-10 02:00:00,4.500,1016.500,5.900,333.000,9.800,1.476
2021-01-10 03:00:00,4.000,1017.000,5.400,330.000,7.100,1.181
2021-01-10 04:00:00,3.700,1017.500,4.500,331.000,5.600,1.191
2021-01-10 05:00:00,3.400,1018.000,4.900,330.000,6.000,1.401
2021-01-10 06:00:00,3.000,1018.500,3.400,319.000,4.300,1.860
2021-01-10 07:00:00,3.000,1019.300,4.100,334.000,4.900,2.490
2021-01-10 08:00:00,3.200,1020.200,4.500,335.000,6.200,2.904
2021-01-10 09:00:00,3.300,1020.300,6.700,342.000,8.500,3.274
2021-01-10 10:00:00,2.700,1020.600,4.700,351.000,7.900,3.406
2021-01-10 11:00:00,2.200,1021.600,4.500,337.000,6.400,3.419
2021-01-10 12:00:00,1.800,1022.200,4.900,348.000,5.700,3.258
2021-01-10 13:00:00,1.400,1023.700,4.200,323.000,5.500,2.900
2021-01-10 14:00:00,2.500,1024.400,5.700,351.000,7.700,2.100
2021-01-10 15:00:00,3.200,1025.400,5.800,343.000,8.400,1.617
2021-01-10 16:00:00,3.700,1025.300,5.300,4.000,6.800,1.319
2021-01-10 17:00:00,4.200,1024.300,3.100,22.000,5.000,1.224
2021-01-10 18:00:00,5.300,1024.200,3.000,18.000,4.500,1.348
2021-01-10 19:00:00,6.200,1024.100,3.400,31.000,4.000,1.722
2021-01-10 20:00:00,5.700,1024.200,4.100,67.000,5.300,2.267
2021-01-10 21:00:00,5.700,1025.000,3.300,69.000,4.300,2.598
2021-01-10 22:00:00,5.300,1025.600,1.300,55.000,2.200,2.766
2021-01-10 23:00:00,4.900,1026.500,0.500,326.000,0.800,2.680
2021-01-11 00:00:00,3.800,1026.900,0.600,263.000,0.900,2.470
2021-01-11 01:00:00,3.200,1027.400,0.000,329.000,0.800,2.031
2021-01-11 02:00:00,2.900,1027.700,0.800,287.000,0.900,1.526
2021-01-11 03:00:00,2.800,1027.600,0.600,278.000,1.100,1.033
2021-01-11 04:00:00,2.000,1028.000,1.100,270.000,1.400,0.771
2021-01-11 05:00:00,1.500,1028.000,0.600,306.000,0.700,0.705
2021-01-11 06:00:00,1.300,1027.700,0.700,302.000,0.900,1.001
2021-01-11 07:00:00,0.600,1028.000,1.000,270.000,1.500,1.647
2021-01-11 08:00:00,0.400,1028.200,0.900,326.000,1.200,2.260
2021-01-11 09:00:00,1.100,1027.700,0.800,322.000,1.100,2.648
2021-01-11 10:00:00,1.000,1028.200,1.000,315.000,1.500,3.028
2021-01-11 11:00:00,0.500,1027.900,1.100,336.000,1.600,3.202
2021-01-11 12:00:00,0.900,1028.000,1.100,344.000,1.400,3.173
2021-01-11 13:00:00,1.300,1028.300,1.000,348.000,1.700,2.966
2021-01-11 14:00:00,2.700,1028.500,0.500,309.000,0.800,2.595
2021-01-11 15:00:00,4.500,1029.200,1.300,252.000,1.900,1.772
2021-01-11 16:00:00,5.700,1028.500,3.100,245.000,3.800,1.214
2021-01-11 17:00:00,5.800,1026.800,3.400,205.000,4.600,0.899
2021-01-11 18:00:00,6.000,1026.300,5.300,212.000,5.900,0.843
2021-01-11 19:00:00,6.000,1025.500,4.700,210.000,5.500,1.007
2021-01-11 20:00:00,6.200,1025.500,6.300,213.000,6.900,1.414
2021-01-11 21:00:00,6.300,1025.100,3.600,230.000,4.600,1.949
2021-01-11 22:00:00,6.000,1024.900,3.600,222.000,4.100,2.339
2021-01-11 23:00:00,6.000,1024.600,2.100,219.000,2.300,2.516
2021-01-12 00:00:00,5.900,1024.700,2.500,216.000,2.700,2.379
2021-01-12 01:00:00,5.900,1024.700,2.300,256.000,3.400,2.188
2021-01-12 02:00:00,6.000,1024.400,2.200,256.000,2.700,1.781
2021-01-12 03:00:00,5.300,1024.600,2.700,223.000,3.300,1.132
2021-01-12 04:00:00,5.700,1024.500,2.300,264.000,2.700,0.577
2021-01-12 05:00:00,5.400,1024.100,2.300,251.000,2.900,0.338
2021-01-12 06:00:00,5.400,1023.600,2.700,248.000,3.300,0.315
2021-01-12 07:00:00,5.100,1023.400,2.800,274.000,3.800,0.643
2021-01-12 08:00:00,4.700,1023.000,2.500,274.000,3.400,1.335
2021-01-12 09:00:00,4.400,1022.500,2.100,298.000,3.200,2.001
2021-01-12 10:00:00,3.900,1022.600,2.000,299.000,2.600,2.434
2021-01-12 11:00:00,2.900,1022.300,1.600,322.000,2.300,2.785
2021-01-12 12:00:00,2.500,1022.600,1.900,322.000,2.500,3.002
2021-01-12 13:00:00,2.200,1022.800,2.400,338.000,3.000,2.943
2021-01-12 14:00:00,3.100,1023.200,2.700,356.000,4.100,2.740
2021-01-12 15:00:00,4.500,1023.300,4.000,351.000,5.000,2.041
2021-01-12 16:00:00,5.300,1022.700,4.300,354.000,5.400,1.365
2021-01-12 17:00:00,5.900,1021.700,3.000,21.000,4.400,0.774
2021-01-12 18:00:00,5.500,1020.800,4.200,82.000,4.900,0.463
2021-01-12 19:00:00,5.400,1020.100,4.000,80.000,5.400,0.453
2021-01-12 20:00:00,5.100,1019.900,3.600,66.000,5.900,0.827
2021-01-12 21:00:00,5.000,1020.000,2.600,73.000,4.900,1.293
2021-01-12 22:00:00,4.400,1020.000,1.200,82.000,2.300,1.949
2021-01-12 23:00:00,4.100,1020.400,0.600,137.000,0.700,2.290
2021-01-13 00:00:00,3.000,1020.700,1.400,330.000,1.600,2.431
2021-01-13 01:00:00,2.600,1021.100,1.500,300.000,2.300,2.254
2021-01-13 02:00:00,2.200,1021.500,0.400,285.000,1.000,2.054
2021-01-13 03:00:00,1.900,1021.500,1.000,302.000,1.300,1.476
2021-01-13 04:00:00,2.300,1021.200,1.900,286.000,2.400,0.915
2021-01-13 05:00:00,1.600,1020.600,0.800,334.000,1.700,0.387
2021-01-13 06:00:00,1.900,1020.600,1.100,14.000,1.700,0.213
2021-01-13 07:00:00,1.500,1020.800,0.800,316.000,1.000,0.272
2021-01-13 08:00:00,1.600,1020.600,1.800,354.000,2.200,0.771
2021-01-13 09:00:00,0.700,1020.200,1.000,350.000,1.200,1.421
2021-01-13 10:00:00,0.800,1020.600,1.200,347.000,1.700,2.051
2021-01-13 11:00:00,0.600,1021.000,0.800,290.000,1.300,2.549
2021-01-13 12:00:00,1.400,1020.700,1.300,315.000,1.500,2.943
2021-01-13 13:00:00,2.000,1021.000,1.100,284.000,1.400,3.110
2021-01-13 14:00:00,3.900,1021.300,1.500,269.000,1.700,3.054
2021-01-13 15:00:00,5.600,1021.300,1.500,255.000,2.000,2.657
2021-01-13 16:00:00,6.300,1020.300,2.100,236.000,2.900,2.031
2021-01-13 17:00:00,7.100,1019.000,2.600,186.000,3.500,1.381
2021-01-13 18:00:00,7.000,1018.000,2.600,178.000,3.600,0.860
2021-01-13 19:00:00,7.400,1017.400,3.200,187.000,4.800,0.627
2021-01-13 20:00:00,7.500,1016.800,4.500,186.000,5.400,0.712
2021-01-13 21:00:00,6.900,1016.000,4.300,198.000,5.300,1.053
2021-01-13 22:00:00,6.600,1016.000,3.600,204.000,4.200,1.732
2021-01-13 23:00:00,6.600,1015.900,4.500,210.000,4.900,2.241
2021-01-14 00:00:00,5.900,1015.900,3.000,238.000,3.500,2.493
2021-01-14 01:00:00,5.400,1015.500,2.600,219.000,3.000,2.572
2021-01-14 02:00:00,5.600,1015.400,3.300,226.000,3.700,2.431
2021-01-14 03:00:00,5.400,1015.000,2.000,228.000,2.300,2.218
2021-01-14 04:00:00,5.600,1014.400,2.400,212.000,3.000,1.581
2021-01-14 05:00:00,5.400,1013.500,2.900,216.000,3.300,1.043
2021-01-14 06:00:00,5.100,1012.800,2.300,223.000,2.700,0.584
2021-01-14 07:00:00,4.800,1013.100,2.900,229.000,3.700,0.417
2021-01-14 08:00:00,4.800,1012.800,2.800,225.000,3.200,0.545
2021-01-14 09:00:00,4.500,1012.200,2.900,231.000,3.800,1.047
2021-01-14 10:00:00,4.500,1011.800,2.100,217.000,2.600,1.831
2021-01-14 11:00:00,5.200,1011.800,2.800,215.000,3.600,2.257
2021-01-14 12:00:00,5.300,1011.300,1.600,228.000,2.000,2.743
2021-01-14 13:00:00,5.100,1011.100,1.000,318.000,2.000,3.133
2021-01-14 14:00:00,5.500,1011.700,2.500,295.000,4.100,3.228
2021-01-14 15:00:00,6.400,1011.900,2.800,260.000,3.500,3.045
2021-01-14 16:00:00,7.400,1011.500,2.500,317.000,3.000,2.723
2021-01-14 17:00:00,8.400,1010.500,1.600,31.000,3.000,2.024
2021-01-14 18:00:00,7.500,1010.000,2.200,132.000,2.800,1.375
2021-01-14 19:00:00,7.800,1009.600,2.400,107.000,3.300,0.978
2021-01-14 20:00:00,7.400,1009.800,2.400,96.000,3.600,0.886
2021-01-14 21:00:00,6.800,1010.100,1.900,94.000,2.800,1.043
2021-01-14 22:00:00,6.100,1010.600,0.700,97.000,1.100,1.444
2021-01-14 23:00:00,5.800,1010.800,0.900,130.000,1.100,2.090
2021-01-15 00:00:00,5.600,1010.900,1.000,124.000,1.300,2.418
2021-01-15 01:00:00,5.000,1011.400,0.700,337.000,0.900,2.684
2021-01-15 02:00:00,4.700,1012.200,2.300,356.000,2.700,2.743
2021-01-15 03:00:00,4.100,1012.500,0.700,278.000,0.900,2.621
2021-01-15 04:00:00,4.000,1012.600,0.600,269.000,1.100,2.379
2021-01-15 05:00:00,3.700,1012.900,0.000,289.000,0.000,1.732
2021-01-15 06:00:00,3.700,1013.000,0.700,15.000,0.800,1.171
2021-01-15 07:00:00,3.100,1013.400,1.400,14.000,1.500,0.768
2021-01-15 08:00:00,2.300,1013.900,1.300,9.000,1.500,0.758
2021-01-15 09:00:00,3.100,1013.900,2.100,17.000,2.700,1.007
2021-01-15 10:00:00,3.300,1013.800,1.300,33.000,1.700,1.453
2021-01-15 11:00:00,4.800,1013.100,1.700,88.000,2.700,2.064
2021-01-15 12:00:00,5.300,1014.000,0.400,41.000,0.800,2.575
2021-01-15 13:00:00,6.500,1013.800,2.500,119.000,3.400,3.031
2021-01-15 14:00:00,7.400,1014.100,2.600,130.000,3.500,3.323
2021-01-15 15:00:00,8.000,1014.400,2.500,119.000,3.400,3.333
2021-01-15 16:00:00,8.700,1013.400,2.400,123.000,3.600,3.169
2021-01-15 17:00:00,9.300,1012.300,2.200,144.000,3.600,2.785
2021-01-15 18:00:00,9.700,1010.600,2.000,150.000,4.000,2.165
2021-01-15 19:00:00,9.800,1010.400,3.000,158.000,4.100,1.660
2021-01-15 20:00:00,9.300,1010.100,3.700,157.000,4.700,1.335
2021-01-15 21:00:00,9.700,1010.200,2.700,159.000,5.600,1.299
2021-01-15 22:00:00,9.100,1009.800,2.900,144.000,4.200,1.486
2021-01-15 23:00:00,9.200,1009.400,3.200,162.000,4.300,1.900
2021-01-16 00:00:00,8.600,1009.400,2.900,217.000,3.800,2.402
2021-01-16 01:00:00,8.400,1008.700,1.600,221.000,1.900,2.736
2021-01-16 02:00:00,8.800,1007.300,0.600,19.000,1.100,3.022
2021-01-16 03:00:00,8.400,1006.300,0.000,67.000,0.400,3.081
2021-01-16 04:00:00,8.100,1006.000,0.900,147.000,2.000,2.995
2021-01-16 05:00:00,8.300,1005.300,1.400,101.000,1.600,2.697
2021-01-16 06:00:00,8.500,1004.400,5.100,314.000,6.700,2.119
2021-01-16 07:00:00,7.800,1005.200,1.100,355.000,1.900,1.814
2021-01-16 08:00:00,7.500,1004.300,0.500,339.000,0.900,1.512
2021-01-16 09:00:00,7.200,1002.800,1.300,97.000,1.900,1.355
2021-01-16 10:00:00,6.800,1001.200,1.200,324.000,1.500,1.722
2021-01-16 11:00:00,6.500,1001.200,1.300,242.000,1.500,2.310
2021-01-16 12:00:00,6.200,1001.100,3.600,230.000,4.100,2.749
2021-01-16 13:00:00,6.000,1001.000,3.700,234.000,4.500,3.136
2021-01-16 14:00:00,5.900,1001.500,3.700,275.000,6.300,3.491
2021-01-16 15:00:00,6.600,1001.600,4.600,263.000,6.600,3.665
2021-01-16 16:00:00,6.800,1000.900,4.300,275.000,5.500,3.599
2021-01-16 17:00:00,6.900,999.600,4.800,271.000,7.000,3.478
2021-01-16 18:00:00,8.300,998.700,3.700,266.000,5.700,3.107
2021-01-16 19:00:00,8.500,998.600,5.200,278.000,6.600,2.631
2021-01-16 20:00:00,7.700,998.600,4.700,291.000,7.100,1.909
2021-01-16 21:00:00,7.100,999.300,3.900,253.000,4.500,1.709
2021-01-16 22:00:00,6.700,999.900,3.800,275.000,5.400,1.716
2021-01-16 23:00:00,6.100,1001.000,3.900,281.000,5.300,1.864
2021-01-17 00:00:00,5.800,1001.900,4.500,280.000,6.900,2.028
2021-01-17 01:00:00,5.400,1002.200,5.400,289.000,6.800,2.487
2021-01-17 02:00:00,4.100,1002.800,6.300,277.000,8.100,2.723
2021-01-17 03:00:00,3.800,1003.500,6.100,278.000,8.800,2.969
2021-01-17 04:00:00,3.500,1004.400,6.600,285.000,8.800,2.923
2021-01-17 05:00:00,3.600,1005.200,5.800,281.000,7.400,2.484
2021-01-17 06:00:00,3.300,1005.900,5.200,281.000,6.600,2.054
2021-01-17 07:00:00,2.900,1007.300,3.900,263.000,5.000,1.617
2021-01-17 08:00:00,2.500,1007.700,4.800,266.000,5.400,1.109
2021-01-17 09:00:00,2.500,1007.800,3.800,262.000,5.100,0.810
2021-01-17 10:00:00,2.200,1008.100,3.900,273.000,5.700,0.748
2021-01-17 11:00:00,2.200,1008.800,4.800,252.000,6.100,0.906
2021-01-17 12:00:00,2.300,1009.100,4.200,238.000,6.200,1.211
2021-01-17 13:00:00,2.500,1009.700,5.700,247.000,7.000,1.785
2021-01-17 14:00:00,3.400,1010.400,4.800,267.000,8.400,2.238
2021-01-17 15:00:00,4.600,1011.000,5.800,264.000,8.800,2.480
2021-01-17 16:00:00,5.800,1010.300,8.200,259.000,9.700,2.454
2021-01-17 17:00:00,6.600,1009.600,7.200,286.000,9.400,2.247
2021-01-17 18:00:00,7.000,1009.100,7.900,275.000,10.800,1.837
2021-01-17 19:00:00,7.800,1008.700,5.300,282.000,6.800,1.322
2021-01-17 20:00:00,7.800,1009.000,7.100,251.000,8.200,0.722
2021-01-17 21:00:00,7.600,1009.500,6.700,278.000,8.400,0.407
2021-01-17 22:00:00,7.400,1010.000,3.900,271.000,6.000,0.177
2021-01-17 23:00:00,6.400,1010.100,1.600,252.000,1.900,0.259
2021-01-18 00:00:00,5.800,1010.700,2.500,225.000,2.600,0.505
2021-01-18 01:00:00,6.200,1010.600,2.700,218.000,3.000,0.896
2021-01-18 02:00:00,5.600,1010.400,2.300,233.000,3.000,1.253
2021-01-18 03:00:00,5.700,1010.500,3.100,234.000,4.000,1.640
2021-01-18 04:00:00,6.000,1010.300,4.300,248.000,5.900,1.755
2021-01-18 05:00:00,6.200,1009.500,4.500,246.000,5.600,1.663
2021-01-18 06:00:00,6.300,1009.500,4.200,243.000,6.600,1.316
2021-01-18 07:00:00,6.600,1010.000,4.300,255.000,6.500,0.971
2021-01-18 08:00:00,6.400,1009.700,4.900,253.000,6.500,0.476
2021-01-18 09:00:00,6.000,1009.600,4.300,259.000,5.600,0.082
2021-01-18 10:00:00,5.000,1009.700,3.000,255.000,4.200,-0.177
2021-01-18 11:00:00,4.500,1010.100,3.400,266.000,4.200,-0.112
2021-01-18 12:00:00,4.200,1010.600,3.600,250.000,4.400,0.049
2021-01-18 13:00:00,4.100,1010.700,4.300,259.000,4.700,0.505
2021-01-18 14:00:00,4.800,1011.200,3.500,264.000,4.600,1.079
2021-01-18 15:00:00,5.600,1011.300,4.800,289.000,6.400,1.512
2021-01-18 16:00:00,5.800,1011.200,5.300,263.000,6.500,1.696
2021-01-18 17:00:00,6.700,1010.200,4.300,298.000,6.700,1.745
2021-01-18 18:00:00,6.900,1009.800,5.100,293.000,8.200,1.499
2021-01-18 19:00:00,7.200,1010.100,5.000,305.000,7.900,1.198
2021-01-18 20:00:00,7.100,1011.000,5.500,292.000,8.300,0.600
2021-01-18 21:00:00,7.000,1012.200,6.000,307.000,8.600,0.203
2021-01-18 22:00:00,6.300,1013.500,5.000,299.000,6.800,-0.144
2021-01-18 23:00:00,5.400,1014.600,3.000,298.000,3.700,-0.154
2021-01-19 00:00:00,4.500,1015.900,1.700,276.000,2.400,-0.141
2021-01-19 01:00:00,4.000,1016.900,2.700,285.000,3.800,0.161
2021-01-19 02:00:00,3.200,1017.900,2.500,296.000,3.900,0.673
2021-01-19 03:00:00,3.200,1018.700,2.800,289.000,4.100,1.158
2021-01-19 04:00:00,3.000,1019.400,3.300,288.000,4.400,1.486
2021-01-19 05:00:00,2.900,1019.500,2.300,301.000,3.300,1.512
2021-01-19 06:00:00,2.500,1019.600,2.300,272.000,3.200,1.398
2021-01-19 07:00:00,1.900,1020.100,2.500,276.000,3.400,1.234
2021-01-19 08:00:00,1.700,1020.600,2.400,268.000,3.000,0.951
2021-01-19 09:00:00,1.400,1021.000,2.600,279.000,3.500,0.561
2021-01-19 10:00:00,1.500,1021.900,3.300,283.000,4.300,0.112
2021-01-19 11:00:00,1.500,1022.500,3.600,303.000,5.200,-0.157
2021-01-19 12:00:00,1.300,1022.900,2.600,278.000,3.200,-0.016
2021-01-19 13:00:00,1.300,1023.300,3.700,260.000,4.400,0.377
2021-01-19 14:00:00,3.300,1023.900,5.000,265.000,6.000,0.787
2021-01-19 15:00:00,4.800,1024.100,6.300,268.000,8.200,1.152
2021-01-19 16:00:00,6.000,1023.700,6.700,262.000,9.000,1.424
2021-01-19 17:00:00,6.700,1021.900,7.700,256.000,9.100,1.647
2021-01-19 18:00:00,7.500,1020.900,6.600,254.000,9.500,1.594
2021-01-19 19:00:00,8.500,1020.400,5.800,267.000,8.000,1.329
2021-01-19 20:00:00,8.800,1020.900,8.700,271.000,11.100,1.076
2021-01-19 21:00:00,9.000,1021.600,5.000,279.000,9.300,0.702
2021-01-19 22:00:00,8.400,1022.200,2.900,269.000,5.400,0.308
2021-01-19 23:00:00,7.200,1022.600,1.500,235.000,1.600,-0.026
2021-01-20 00:00:00,6.100,1022.900,1.200,243.000,1.300,0.023
2021-01-20 01:00:00,5.200,1022.700,2.100,238.000,2.700,0.217
2021-01-20 02:00:00,5.100,1022.100,3.000,247.000,3.400,0.666
2021-01-20 03:00:00,5.700,1021.600,3.800,236.000,4.400,1.142
2021-01-20 04:00:00,5.600,1021.000,3.900,241.000,4.500,1.467
2021-01-20 05:00:00,6.100,1020.000,2.800,243.000,3.700,1.686
2021-01-20 06:00:00,6.300,1018.800,2.200,233.000,2.900,1.726
2021-01-20 07:00:00,6.000,1017.800,2.000,233.000,2.500,1.644
2021-01-20 08:00:00,5.300,1016.800,1.600,235.000,2.400,1.542
2021-01-20 09:00:00,4.800,1015.400,1.300,318.000,1.400,1.345
2021-01-20 10:00:00,4.800,1013.700,0.500,321.000,0.700,0.830
2021-01-20 11:00:00,4.000,1013.800,2.000,307.000,2.500,0.597
2021-01-20 12:00:00,4.300,1014.500,7.700,340.000,9.500,0.653
2021-01-20 13:00:00,3.900,1015.300,5.600,340.000,8.000,0.761
2021-01-20 14:00:00,5.200,1016.100,6.300,311.000,9.400,0.676
2021-01-20 15:00:00,6.000,1016.600,9.100,321.000,12.900,0.735
2021-01-20 16:00:00,6.200,1016.700,11.800,326.000,15.500,1.496
2021-01-20 17:00:00,6.700,1016.100,9.100,308.000,13.100,1.617
2021-01-20 18:00:00,6.000,1016.000,8.900,325.000,13.200,1.759
2021-01-20 19:00:00,6.500,1016.300,9.300,321.000,14.200,1.650
2021-01-20 20:00:00,6.100,1017.100,10.000,323.000,12.100,1.407
2021-01-20 21:00:00,6.100,1018.100,7.900,329.000,11.400,1.322
2021-01-20 22:00:00,5.300,1019.200,7.800,338.000,10.800,0.919
2021-01-20 23:00:00,4.500,1020.100,5.400,320.000,7.700,0.679
2021-01-21 00:00:00,3.800,1020.200,4.200,329.000,5.400,0.486
2021-01-21 01:00:00,3.000,1020.200,3.400,330.000,4.800,0.696
2021-01-21 02:00:00,2.000,1019.900,2.300,325.000,3.100,0.886
2021-01-21 03:00:00,1.600,1020.000,3.100,350.000,3.900,1.417
2021-01-21 04:00:00,1.900,1020.000,4.300,12.000,5.000,1.827
2021-01-21 05:00:00,1.600,1019.500,4.000,2.000,5.100,2.100
2021-01-21 06:00:00,1.000,1018.900,1.900,357.000,3.100,2.270
2021-01-21 07:00:00,-0.100,1018.700,1.400,274.000,2.200,2.290
2021-01-21 08:00:00,-0.600,1018.400,1.800,273.000,2.200,2.323
2021-01-21 09:00:00,-0.300,1017.700,2.000,276.000,2.200,2.195
2021-01-21 10:00:00,0.000,1016.100,0.500,275.000,1.400,1.932
2021-01-21 11:00:00,0.700,1015.400,1.500,232.000,2.400,1.417
2021-01-21 12:00:00,3.500,1015.200,4.300,192.000,5.500,1.214
2021-01-21 13:00:00,4.600,1014.700,6.400,203.000,7.300,1.266
2021-01-21 14:00:00,5.400,1013.400,8.400,207.000,9.900,1.371
2021-01-21 15:00:00,6.400,1012.600,7.600,220.000,9.000,1.381
2021-01-21 16:00:00,6.500,1011.400,6.900,221.000,9.200,1.627
2021-01-21 17:00:00,6.500,1009.800,6.500,223.000,7.400,2.031
2021-01-21 18:00:00,6.600,1008.100,6.200,212.000,7.200,2.234
2021-01-21 19:00:00,8.300,1006.900,5.600,208.000,6.500,2.165
2021-01-21 20:00:00,8.500,1005.900,5.400,208.000,6.400,2.057
2021-01-21 21:00:00,9.500,1005.700,5.900,264.000,7.600,1.959
2021-01-21 22:00:00,9.000,1005.900,2.900,288.000,6.300,1.765
2021-01-21 23:00:00,7.600,1006.400,1.200,282.000,1.500,1.316
2021-01-22 00:00:00,5.600,1006.400,2.400,246.000,2.500,0.942
2021-01-22 01:00:00,5.700,1006.300,1.900,236.000,2.300,0.906
2021-01-22 02:00:00,5.600,1006.200,1.900,234.000,2.200,1.020
2021-01-22 03:00:00,5.700,1006.300,3.200,268.000,3.800,1.365
2021-01-22 04:00:00,5.900,1006.300,4.300,279.000,5.400,1.699
2021-01-22 05:00:00,5.400,1006.900,3.100,297.000,4.600,2.001
2021-01-22 06:00:00,4.600,1007.300,2.700,308.000,3.700,2.218
2021-01-22 07:00:00,4.800,1007.500,3.700,316.000,5.200,2.395
2021-01-22 08:00:00,4.400,1007.600,2.000,300.000,3.000,2.441
2021-01-22 09:00:00,4.000,1007.700,2.500,303.000,3.400,2.379
2021-01-22 10:00:00,2.900,1007.800,2.700,280.000,3.100,2.283
2021-01-22 11:00:00,2.800,1008.500,3.600,285.000,4.200,1.955
2021-01-22 12:00:00,2.600,1009.100,3.900,276.000,4.900,1.542
2021-01-22 13:00:00,2.800,1009.800,4.400,266.000,5.200,1.253
2021-01-22 14:00:00,4.600,1010.300,4.100,274.000,5.000,1.253
2021-01-22 15:00:00,6.500,1011.200,4.100,297.000,5.300,1.247
2021-01-22 16:00:00,7.900,1010.500,4.500,323.000,7.300,1.460
2021-01-22 17:00:00,8.900,1009.900,5.000,303.000,6.000,1.821
2021-01-22 18:00:00,9.000,1009.300,6.800,309.000,8.200,1.982
2021-01-22 19:00:00,9.100,1009.700,7.700,327.000,9.800,2.146
2021-01-22 20:00:00,8.800,1010.300,5.600,330.000,7.300,2.123
2021-01-22 21:00:00,8.600,1010.900,5.900,357.000,7.300,2.087
2021-01-22 22:00:00,7.800,1011.600,2.900,326.000,4.100,1.867
2021-01-22 23:00:00,7.000,1012.800,3.700,335.000,4.300,1.516
2021-01-23 00:00:00,6.300,1013.700,4.000,334.000,5.100,1.132
2021-01-23 01:00:00,5.800,1014.400,5.200,345.000,6.400,0.879
2021-01-23 02:00:00,4.800,1014.900,3.200,333.000,4.800,0.735
2021-01-23 03:00:00,3.700,1015.500,2.300,301.000,2.900,0.883
2021-01-23 04:00:00,3.600,1015.800,1.800,297.000,3.100,1.243
2021-01-23 05:00:00,2.800,1015.900,2.500,311.000,3.200,1.585
2021-01-23 06:00:00,2.200,1016.100,2.300,277.000,2.800,1.880
2021-01-23 07:00:00,1.800,1016.500,3.000,290.000,4.000,2.146
2021-01-23 08:00:00,1.400,1016.600,2.200,277.000,3.000,2.329
2021-01-23 09:00:00,1.300,1016.300,1.400,313.000,2.000,2.451
2021-01-23 10:00:00,2.100,1016.900,3.800,336.000,5.100,2.362
2021-01-23 11:00:00,1.500,1017.800,4.800,339.000,6.000,2.110
2021-01-23 12:00:00,1.100,1018.800,6.400,340.000,7.500,1.670
2021-01-23 13:00:00,0.600,1019.600,5.100,329.000,7.300,1.296
2021-01-23 14:00:00,1.000,1020.500,8.300,333.000,9.800,1.129
2021-01-23 15:00:00,0.300,1021.800,11.200,350.000,13.800,1.007
2021-01-23 16:00:00,0.200,1022.100,8.900,345.000,12.100,0.935
2021-01-23 17:00:00,0.500,1022.000,9.400,336.000,13.000,1.145
2021-01-23 18:00:00,0.400,1021.800,8.400,336.000,13.000,1.312
2021-01-23 19:00:00,0.800,1021.900,9.400,331.000,13.000,1.729
2021-01-23 20:00:00,1.100,1022.100,8.800,349.000,11.700,1.857
2021-01-23 21:00:00,1.200,1023.000,7.600,333.000,12.500,1.959
2021-01-23 22:00:00,0.800,1023.500,7.700,333.000,9.300,1.775
2021-01-23 23:00:00,0.300,1024.400,4.600,329.000,5.700,1.450
2021-01-24 00:00:00,-0.300,1025.100,3.700,334.000,4.900,0.994
2021-01-24 01:00:00,-0.600,1025.500,4.700,322.000,6.300,0.741
2021-01-24 02:00:00,-1.200,1026.000,4.500,333.000,5.800,0.417
2021-01-24 03:00:00,-1.500,1026.300,6.700,325.000,8.000,0.344
2021-01-24 04:00:00,-1.700,1026.200,6.300,340.000,7.900,0.656
2021-01-24 05:00:00,-2.100,1026.000,4.600,322.000,6.700,0.968
2021-01-24 06:00:00,-2.600,1026.000,5.200,316.000,6.300,1.401
2021-01-24 07:00:00,-2.800,1026.100,4.200,306.000,6.600,1.677
2021-01-24 08:00:00,-3.000,1026.100,4.300,310.000,6.500,2.001
2021-01-24 09:00:00,-2.900,1025.900,6.000,322.000,7.600,2.119
2021-01-24 10:00:00,-2.900,1025.900,5.500,321.000,7.900,2.126
2021-01-24 11:00:00,-2.800,1026.100,5.900,328.000,7.200,1.946
2021-01-24 12:00:00,-2.800,1026.900,5.000,317.000,6.900,1.693
2021-01-24 13:00:00,-2.700,1026.700,5.700,328.000,7.700,1.234
2021-01-24 14:00:00,-1.900,1026.900,7.800,343.000,9.900,0.883
2021-01-24 15:00:00,-1.600,1026.400,7.200,354.000,10.600,0.564
2021-01-24 16:00:00,-0.600,1025.600,6.400,325.000,8.000,0.463
2021-01-24 17:00:00,0.500,1024.700,5.400,313.000,7.200,0.587
2021-01-24 18:00:00,1.200,1024.300,5.900,312.000,7.900,0.715
2021-01-24 19:00:00,1.700,1023.800,5.800,314.000,8.000,0.978
2021-01-24 20:00:00,1.900,1023.500,4.800,318.000,6.900,1.266
2021-01-24 21:00:00,1.900,1023.200,3.700,323.000,6.000,1.398
2021-01-24 22:00:00,1.200,1023.400,3.500,309.000,5.100,1.335
2021-01-24 23:00:00,0.800,1023.300,2.700,300.000,3.800,1.289
2021-01-25 00:00:00,0.800,1023.800,3.700,322.000,4.900,0.781
2021-01-25 01:00:00,0.800,1023.400,3.600,313.000,5.800,0.505
2021-01-25 02:00:00,0.800,1022.900,2.900,306.000,4.000,0.062
2021-01-25 03:00:00,0.600,1022.900,2.500,312.000,3.100,-0.154
2021-01-25 04:00:00,1.100,1022.800,1.800,302.000,2.800,-0.089
2021-01-25 05:00:00,1.000,1022.500,1.900,278.000,2.700,0.157
2021-01-25 06:00:00,0.900,1022.100,1.000,296.000,1.800,0.476
2021-01-25 07:00:00,1.100,1021.900,0.800,346.000,1.400,0.958
2021-01-25 08:00:00,1.500,1021.800,0.600,324.000,1.000,1.375
2021-01-25 09:00:00,1.300,1021.600,0.900,347.000,1.200,1.726
2021-01-25 10:00:00,1.600,1021.400,1.300,329.000,1.700,1.854
2021-01-25 11:00:00,1.700,1021.300,1.200,65.000,2.200,1.883
2021-01-25 12:00:00,1.900,1022.000,0.800,64.000,1.600,1.736
2021-01-25 13:00:00,2.200,1022.000,2.000,32.000,2.800,1.496
2021-01-25 14:00:00,2.700,1021.900,1.300,84.000,1.700,1.043
2021-01-25 15:00:00,3.100,1021.300,2.400,68.000,3.300,0.564
2021-01-25 16:00:00,3.500,1022.100,1.700,67.000,2.400,0.410
2021-01-25 17:00:00,3.400,1021.200,2.800,81.000,3.900,0.492
2021-01-25 18:00:00,3.700,1020.500,1.100,46.000,2.500,0.640
2021-01-25 19:00:00,3.600,1020.100,1.500,80.000,2.400,1.099
2021-01-25 20:00:00,3.600,1019.200,2.000,74.000,2.700,1.430
2021-01-25 21:00:00,3.500,1019.100,2.400,76.000,3.300,1.814
2021-01-25 22:00:00,3.500,1018.900,1.600,80.000,2.900,2.110
2021-01-25 23:00:00,3.500,1019.100,2.800,72.000,4.200,2.142
2021-01-26 00:00:00,3.500,1019.200,2.300,75.000,3.900,2.024
2021-01-26 01:00:00,2.400,1020.000,2.700,68.000,3.400,1.667
2021-01-26 02:00:00,1.500,1019.900,1.300,61.000,2.500,1.411
2021-01-26 03:00:00,1.800,1017.900,3.200,84.000,5.700,0.932
2021-01-26 04:00:00,2.100,1019.800,4.600,31.000,6.600,0.909
2021-01-26 05:00:00,2.000,1018.100,3.500,69.000,6.000,1.106
2021-01-26 06:00:00,2.600,1017.500,4.600,73.000,6.700,1.450
2021-01-26 07:00:00,3.100,1017.100,4.100,74.000,6.200,1.755
2021-01-26 08:00:00,3.600,1016.400,4.400,78.000,6.100,2.211
2021-01-26 09:00:00,4.400,1015.800,4.700,85.000,6.500,2.579
2021-01-26 10:00:00,5.000,1014.600,4.700,89.000,7.300,2.927
2021-01-26 11:00:00,5.600,1014.500,4.000,82.000,6.600,3.025
2021-01-26 12:00:00,5.500,1015.000,3.900,80.000,6.100,3.041
2021-01-26 13:00:00,5.900,1014.600,3.300,84.000,4.800,2.854
2021-01-26 14:00:00,6.500,1014.000,2.300,95.000,3.200,2.569
2021-01-26 15:00:00,6.800,1013.500,2.000,91.000,3.200,1.801
2021-01-26 16:00:00,6.800,1013.000,2.900,73.000,4.700,1.526
2021-01-26 17:00:00,7.100,1011.700,2.400,58.000,5.000,1.447
2021-01-26 18:00:00,7.700,1010.200,1.100,37.000,3.600,1.342
2021-01-26 19:00:00,6.300,1010.300,3.800,9.000,4.600,1.532
2021-01-26 20:00:00,7.200,1009.500,1.600,27.000,2.200,1.903
2021-01-26 21:00:00,6.600,1009.800,2.300,2.000,3.100,2.293
2021-01-26 22:00:00,7.200,1009.800,1.800,27.000,2.100,2.497
2021-01-26 23:00:00,7.100,1009.900,3.300,2.000,3.700,2.657
2021-01-27 00:00:00,7.000,1010.400,2.100,324.000,4.000,2.572
2021-01-27 01:00:00,6.800,1010.700,5.500,320.000,6.800,2.434
2021-01-27 02:00:00,5.800,1012.100,5.400,318.000,6.800,1.873
2021-01-27 03:00:00,5.300,1012.400,3.300,330.000,4.200,1.532
2021-01-27 04:00:00,4.700,1012.900,3.500,328.000,5.100,1.070
2021-01-27 05:00:00,4.500,1013.100,3.000,318.000,3.700,1.027
2021-01-27 06:00:00,4.100,1013.200,3.100,326.000,3.800,1.204
2021-01-27 07:00:00,3.800,1014.100,1.900,310.000,4.600,1.624
2021-01-27 08:00:00,3.500,1014.700,1.000,294.000,3.300,2.270
2021-01-27 09:00:00,3.300,1015.000,3.200,322.000,4.100,2.556
2021-01-27 10:00:00,3.100,1015.200,4.100,323.000,5.800,2.897
2021-01-27 11:00:00,3.200,1016.000,4.200,328.000,5.200,3.123
2021-01-27 12:00:00,3.300,1017.200,2.200,301.000,3.900,3.245
2021-01-27 13:00:00,3.400,1018.100,3.700,318.000,4.900,3.146
2021-01-27 14:00:00,3.900,1018.800,5.800,325.000,7.400,2.976
2021-01-27 15:00:00,4.800,1019.000,5.000,340.000,6.800,2.339
2021-01-27 16:00:00,5.700,1019.100,8.100,353.000,10.500,1.821
2021-01-27 17:00:00,6.000,1017.900,8.600,352.000,11.600,1.476
2021-01-27 18:00:00,6.200,1017.600,4.900,351.000,8.000,1.388
2021-01-27 19:00:00,6.100,1018.200,7.700,352.000,9.500,1.496
2021-01-27 20:00:00,5.600,1019.000,6.100,353.000,8.700,1.683
2021-01-27 21:00:00,4.900,1018.900,3.800,31.000,5.600,2.073
2021-01-27 22:00:00,4.400,1019.200,4.400,30.000,6.800,2.615
2021-01-27 23:00:00,4.200,1019.900,5.400,12.000,7.000,2.740
2021-01-28 00:00:00,3.900,1020.700,5.000,12.000,6.700,2.841
2021-01-28 01:00:00,3.700,1020.400,6.300,10.000,8.400,2.694
2021-01-28 02:00:00,3.400,1019.800,5.700,19.000,8.600,2.530
2021-01-28 03:00:00,3.100,1020.200,5.900,17.000,8.400,1.857
2021-01-28 04:00:00,2.500,1020.200,4.700,358.000,6.000,1.565
2021-01-28 05:00:00,2.000,1019.900,6.100,19.000,9.200,1.188
2021-01-28 06:00:00,1.600,1017.700,6.000,24.000,8.300,1.004
2021-01-28 07:00:00,1.500,1017.800,5.300,24.000,8.000,1.286
2021-01-28 08:00:00,1.200,1017.100,7.600,1.000,10.900,1.775
2021-01-28 09:00:00,1.100,1017.100,7.500,7.000,10.000,2.385
2021-01-28 10:00:00,0.800,1017.600,7.700,355.000,10.500,2.726
2021-01-28 11:00:00,-1.000,1018.200,7.300,343.000,10.500,3.143
2021-01-28 12:00:00,-1.200,1018.800,7.500,339.000,10.200,3.314
2021-01-28 13:00:00,0.200,1018.800,8.500,348.000,11.900,3.333
2021-01-28 14:00:00,-0.400,1019.000,11.300,355.000,15.800,3.297
2021-01-28 15:00:00,-0.700,1019.500,11.700,356.000,15.300,3.051
2021-01-28 16:00:00,-1.100,1019.700,10.600,345.000,13.400,2.077
2021-01-28 17:00:00,-1.100,1019.300,12.900,350.000,16.100,1.529
2021-01-28 18:00:00,-0.400,1018.900,10.900,3.000,13.500,1.257
2021-01-28 19:00:00,0.100,1018.800,9.200,343.000,14.300,1.145
2021-01-28 20:00:00,0.700,1019.400,10.900,345.000,12.900,1.273
2021-01-28 21:00:00,0.900,1020.300,11.900,346.000,16.000,1.644
2021-01-28 22:00:00,0.800,1020.700,9.300,339.000,13.700,2.224
2021-01-28 23:00:00,0.700,1021.900,8.900,341.000,12.600,2.418
2021-01-29 00:00:00,0.400,1022.600,7.600,339.000,9.800,2.628
2021-01-29 01:00:00,0.200,1023.100,8.000,345.000,10.600,2.648
2021-01-29 02:00:00,0.300,1023.300,9.000,339.000,12.700,2.493
2021-01-29 03:00:00,-0.500,1023.800,6.200,337.000,11.800,2.238
2021-01-29 04:00:00,-1.000,1024.000,7.200,340.000,10.800,1.591
2021-01-29 05:00:00,-2.200,1024.100,8.900,329.000,12.700,1.030
2021-01-29 06:00:00,-2.800,1024.100,7.900,337.000,9.700,0.719
2021-01-29 07:00:00,-3.200,1024.300,4.300,330.000,6.500,0.581
2021-01-29 08:00:00,-3.300,1024.200,4.500,341.000,7.000,0.919
2021-01-29 09:00:00,-3.500,1024.000,4.000,328.000,6.300,1.552
2021-01-29 10:00:00,-3.000,1023.900,6.000,321.000,9.800,2.070
2021-01-29 11:00:00,-3.100,1024.000,7.400,331.000,10.300,2.448
2021-01-29 12:00:00,-3.600,1024.600,5.900,310.000,8.600,2.858
2021-01-29 13:00:00,-2.600,1024.700,7.200,322.000,11.800,2.982
2021-01-29 14:00:00,-2.500,1024.500,9.000,322.000,12.300,3.031
2021-01-29 15:00:00,-2.000,1024.300,8.200,332.000,10.400,2.710
2021-01-29 16:00:00,-1.600,1024.200,11.200,325.000,14.300,2.001
2021-01-29 17:00:00,-1.500,1023.400,11.300,335.000,15.500,1.362
2021-01-29 18:00:00,-1.000,1022.500,9.300,317.000,12.400,0.935
2021-01-29 19:00:00,-0.400,1022.300,8.900,338.000,11.900,0.476
2021-01-29 20:00:00,-0.500,1022.600,11.100,324.000,14.500,0.554
2021-01-29 21:00:00,-0.300,1023.000,10.200,323.000,13.200,0.617
2021-01-29 22:00:00,-0.700,1023.700,9.500,335.000,12.000,1.086
2021-01-29 23:00:00,-1.100,1024.400,5.800,333.000,6.900,1.703
2021-01-30 00:00:00,-1.200,1024.900,3.700,328.000,4.600,2.034
2021-01-30 01:00:00,-1.400,1025.000,4.200,331.000,5.400,2.283
2021-01-30 02:00:00,-1.300,1025.200,5.500,7.000,6.500,2.320
2021-01-30 03:00:00,-1.800,1025.500,5.800,355.000,7.300,2.080
2021-01-30 04:00:00,-1.700,1026.100,6.400,350.000,8.900,1.716
2021-01-30 05:00:00,-2.200,1026.200,5.500,349.000,7.200,1.043
2021-01-30 06:00:00,-2.700,1026.400,3.700,330.000,5.400,0.574
2021-01-30 07:00:00,-3.200,1027.000,3.100,323.000,4.400,0.381
2021-01-30 08:00:00,-3.100,1026.900,4.700,350.000,6.300,0.564
2021-01-30 09:00:00,-3.300,1026.800,4.600,2.000,5.600,1.066
2021-01-30 10:00:00,-3.200,1027.300,3.300,346.000,4.400,1.667
2021-01-30 11:00:00,-3.400,1027.800,3.100,342.000,4.300,2.136
2021-01-30 12:00:00,-4.900,1028.100,2.500,286.000,2.800,2.592
2021-01-30 13:00:00,-4.300,1028.500,2.000,304.000,3.200,2.976
2021-01-30 14:00:00,-3.400,1029.200,2.300,290.000,3.200,3.189
2021-01-30 15:00:00,-2.200,1029.100,1.600,302.000,3.500,3.120
2021-01-30 16:00:00,-0.900,1029.000,5.200,339.000,7.700,2.835
2021-01-30 17:00:00,-0.200,1028.400,4.200,329.000,5.900,2.323
2021-01-30 18:00:00,0.500,1028.000,5.400,358.000,7.200,1.650
2021-01-30 19:00:00,1.400,1027.200,4.100,8.000,6.500,1.220
2021-01-30 20:00:00,1.500,1027.000,3.100,89.000,4.400,1.027
2021-01-30 21:00:00,1.500,1027.300,2.300,97.000,3.500,1.148
2021-01-30 22:00:00,1.100,1027.500,1.200,63.000,1.900,1.572
2021-01-30 23:00:00,0.300,1028.000,0.000,69.000,0.400,2.129
2021-01-31 00:00:00,0.400,1028.500,1.400,289.000,1.900,2.500
2021-01-31 01:00:00,-0.100,1029.000,1.600,282.000,2.200,2.772
2021-01-31 02:00:00,-0.700,1028.700,1.900,280.000,2.300,2.943
2021-01-31 03:00:00,-0.800,1028.500,1.700,286.000,2.200,2.917
2021-01-31 04:00:00,-0.800,1028.200,1.800,272.000,2.600,2.726
2021-01-31 05:00:00,-0.700,1027.900,1.800,284.000,2.200,2.192
2021-01-31 06:00:00,-0.200,1027.600,0.700,329.000,1.000,1.611
2021-01-31 07:00:00,0.400,1027.500,1.500,302.000,2.000,1.125
2021-01-31 08:00:00,-0.200,1028.500,2.300,274.000,2.500,0.997
2021-01-31 09:00:00,0.000,1027.100,0.600,97.000,1.000,1.102
2021-01-31 10:00:00,0.500,1027.900,0.900,273.000,1.100,1.368
2021-01-31 11:00:00,-0.300,1027.500,2.900,65.000,3.600,2.090
2021-01-31 12:00:00,0.200,1026.400,3.200,92.000,4.900,2.448
2021-01-31 13:00:00,1.000,1026.100,2.900,113.000,4.000,2.867
2021-01-31 14:00:00,1.100,1026.100,3.300,153.000,4.800,3.179
2021-01-31 15:00:00,0.000,1025.900,2.900,144.000,4.400,3.189
2021-01-31 16:00:00,0.400,1025.200,2.400,130.000,3.800,3.018
2021-01-31 17:00:00,0.900,1024.100,2.400,114.000,4.100,2.766
2021-01-31 18:00:00,0.800,1022.900,3.600,100.000,4.900,2.070
2021-01-31 19:00:00,0.700,1021.600,3.800,82.000,5.200,1.381
2021-01-31 20:00:00,0.900,1020.500,6.000,80.000,8.100,1.112
2021-01-31 21:00:00,1.500,1018.600,6.100,80.000,10.400,1.043
2021-01-31 22:00:00,3.100,1017.400,7.000,93.000,11.600,1.345
2021-01-31 23:00:00,4.400,1016.700,7.600,102.000,10.800,1.991
2021-02-01 00:00:00,5.300,1015.200,8.000,106.000,11.400,2.398
2021-02-01 01:00:00,5.700,1014.400,6.500,100.000,9.600,2.936
2021-02-01 02:00:00,6.000,1013.600,4.400,84.000,7.300,3.294
2021-02-01 03:00:00,6.100,1011.800,4.400,68.000,6.300,3.435
2021-02-01 04:00:00,6.500,1010.000,4.400,37.000,6.900,3.422
2021-02-01 05:00:00,6.800,1008.700,5.100,29.000,7.000,3.363
2021-02-01 06:00:00,7.300,1006.800,4.200,62.000,6.900,2.953
2021-02-01 07:00:00,6.900,1005.700,4.900,69.000,8.100,2.369
2021-02-01 08:00:00,7.700,1005.100,2.500,64.000,6.000,1.932
2021-02-01 09:00:00,6.700,1004.400,2.900,52.000,6.000,1.900
2021-02-01 10:00:00,6.600,1004.200,2.900,56.000,5.900,2.195
2021-02-01 11:00:00,6.600,1003.800,6.600,32.000,10.700,2.687
2021-02-01 12:00:00,5.500,1003.800,6.000,16.000,7.700,3.104
2021-02-01 13:00:00,5.800,1002.800,5.400,23.000,9.100,3.533
2021-02-01 14:00:00,5.500,1002.600,7.700,25.000,11.200,4.039
2021-02-01 15:00:00,5.200,1002.200,8.900,21.000,12.700,4.285
2021-02-01 16:00:00,4.700,1002.500,9.700,15.000,13.800,4.344
2021-02-01 17:00:00,4.400,1001.900,10.800,11.000,13.800,4.281
2021-02-01 18:00:00,3.800,1001.100,13.200,8.000,15.500,3.983
2021-02-01 19:00:00,4.100,1001.000,10.800,1.000,13.500,3.133
2021-02-01 20:00:00,3.100,1001.200,9.400,343.000,13.000,2.694
2021-02-01 21:00:00,2.400,1002.200,9.500,338.000,12.200,2.484
2021-02-01 22:00:00,1.700,1002.300,9.400,342.000,11.500,2.484
2021-02-01 23:00:00,1.300,1002.300,8.400,342.000,11.800,2.641
2021-02-02 00:00:00,1.200,1002.500,8.600,339.000,11.000,3.058
2021-02-02 01:00:00,1.100,1001.700,8.500,340.000,13.000,3.497
2021-02-02 02:00:00,1.100,1001.600,7.700,338.000,10.600,3.819
2021-02-02 03:00:00,0.900,1001.400,7.900,337.000,11.300,4.098
2021-02-02 04:00:00,0.800,1000.900,8.400,337.000,11.100,4.285
2021-02-02 05:00:00,0.800,1000.400,8.200,338.000,10.300,4.288
2021-02-02 06:00:00,0.800,1000.200,6.800,339.000,9.500,4.131
2021-02-02 07:00:00,1.000,999.600,7.100,338.000,9.400,3.760
2021-02-02 08:00:00,1.000,999.500,7.400,339.000,10.000,3.192
2021-02-02 09:00:00,1.100,999.200,6.100,341.000,8.900,2.890
2021-02-02 10:00:00,1.000,999.300,7.200,336.000,8.800,2.661
2021-02-02 11:00:00,0.900,999.100,6.800,336.000,8.400,2.815
2021-02-02 12:00:00,0.700,999.200,6.000,331.000,8.700,3.241
2021-02-02 13:00:00,0.900,999.200,7.700,342.000,10.200,3.648
2021-02-02 14:00:00,0.700,999.300,6.000,335.000,8.700,3.924
2021-02-02 15:00:00,0.900,999.200,6.400,334.000,9.500,4.229
2021-02-02 16:00:00,0.900,998.900,7.900,338.000,9.600,4.370
2021-02-02 17:00:00,1.000,997.900,7.700,334.000,9.900,4.423
2021-02-02 18:00:00,1.100,997.300,7.200,329.000,9.500,4.272
2021-02-02 19:00:00,1.200,997.700,5.600,326.000,7.800,3.829
2021-02-02 20:00:00,1.300,997.800,5.400,323.000,7.100,3.225
2021-02-02 21:00:00,0.900,998.100,4.900,318.000,6.900,2.812
2021-02-02 22:00:00,1.200,998.300,6.300,323.000,7.900,2.608
2021-02-02 23:00:00,0.900,999.000,6.500,315.000,9.500,2.552
2021-02-03 00:00:00,0.700,999.400,7.100,330.000,10.100,2.575
2021-02-03 01:00:00,0.300,999.800,8.100,326.000,11.500,2.917
2021-02-03 02:00:00,0.000,999.900,7.500,317.000,9.700,3.481
2021-02-03 03:00:00,-0.500,1000.300,7.500,326.000,10.600,3.780
2021-02-03 05:00:00,-0.800,1000.400,6.000,320.000,9.300,4.019
2021-02-03 06:00:00,-0.800,1000.500,6.500,312.000,9.600,3.983
2021-02-03 07:00:00,-0.800,1000.700,5.900,320.000,7.300,3.727
2021-02-03 08:00:00,-0.600,1000.800,5.700,312.000,8.900,3.150
2021-02-03 09:00:00,-0.500,1000.800,6.200,311.000,8.300,2.717
2021-02-03 10:00:00,-0.700,1001.000,5.000,306.000,7.200,2.385
2021-02-03 11:00:00,-0.600,1001.500,4.700,311.000,6.800,2.221
2021-02-03 12:00:00,-0.200,1002.000,4.800,307.000,6.200,2.316
2021-02-03 13:00:00,0.200,1002.700,4.600,305.000,5.900,2.641
2021-02-03 14:00:00,0.900,1003.100,5.500,306.000,8.200,3.140
2021-02-03 15:00:00,1.500,1003.400,6.200,315.000,9.300,3.419
2021-02-03 16:00:00,2.200,1003.400,8.800,341.000,10.900,3.743
2021-02-03 17:00:00,2.200,1003.400,5.800,320.000,9.100,3.819
2021-02-03 18:00:00,2.600,1003.000,6.800,323.000,9.000,3.799
2021-02-03 19:00:00,2.600,1003.500,4.300,304.000,7.600,3.504
2021-02-03 20:00:00,2.500,1004.100,6.200,317.000,9.000,2.917
2021-02-03 21:00:00,2.600,1004.800,7.300,325.000,11.000,2.392
2021-02-03 22:00:00,2.500,1006.000,7.100,328.000,9.900,2.024
2021-02-03 23:00:00,2.100,1007.100,5.900,336.000,9.800,1.732
2021-02-04 00:00:00,2.100,1007.800,3.800,319.000,5.100,1.693
2021-02-04 01:00:00,1.600,1008.400,2.300,288.000,2.700,1.923
2021-02-04 02:00:00,1.300,1009.000,2.100,290.000,3.300,2.375
2021-02-04 03:00:00,1.600,1009.700,2.300,308.000,2.800,2.949
2021-02-04 04:00:00,2.300,1010.300,3.600,338.000,4.400,3.215
2021-02-04 05:00:00,2.500,1010.900,3.400,335.000,4.600,3.340
2021-02-04 06:00:00,1.800,1011.200,2.900,284.000,3.500,3.369
2021-02-04 07:00:00,1.800,1011.900,3.900,289.000,5.300,3.343
2021-02-04 08:00:00,1.400,1012.500,5.700,303.000,7.900,2.904
2021-02-04 09:00:00,1.000,1013.300,5.300,311.000,7.200,2.454
2021-02-04 10:00:00,0.500,1013.600,4.400,304.000,6.200,1.850
2021-02-04 11:00:00,0.200,1014.200,3.900,294.000,6.400,1.450
2021-02-04 12:00:00,-0.100,1015.000,5.000,303.000,7.700,1.316
2021-02-04 13:00:00,0.000,1016.000,4.000,301.000,7.500,1.378
2021-02-04 14:00:00,0.800,1016.200,5.000,306.000,6.200,1.604
2021-02-04 15:00:00,1.600,1016.200,6.000,327.000,8.300,2.103
2021-02-04 16:00:00,2.700,1016.200,5.600,320.000,7.700,2.510
2021-02-04 17:00:00,3.400,1015.600,5.300,352.000,6.600,2.710
2021-02-04 18:00:00,4.500,1015.100,5.800,331.000,8.900,2.795
2021-02-04 19:00:00,5.300,1014.900,5.800,305.000,7.400,2.703
2021-02-04 20:00:00,6.100,1014.900,4.900,289.000,6.200,2.362
2021-02-04 21:00:00,6.700,1015.200,3.900,305.000,5.800,1.946
2021-02-04 22:00:00,6.700,1015.400,3.800,296.000,5.600,1.545
2021-02-04 23:00:00,5.000,1015.500,1.300,317.000,1.700,1.060
2021-02-05 00:00:00,3.500,1016.100,2.400,246.000,2.600,0.968
2021-02-05 01:00:00,3.400,1016.100,1.400,217.000,1.600,0.912
2021-02-05 02:00:00,2.900,1015.600,1.100,178.000,1.600,1.243
2021-02-05 03:00:00,3.000,1015.700,2.700,222.000,3.300,1.768
2021-02-05 04:00:00,4.300,1014.900,2.700,191.000,4.100,2.336
2021-02-05 05:00:00,4.800,1014.200,4.100,205.000,4.600,2.618
2021-02-05 06:00:00,5.000,1013.100,4.700,199.000,5.500,2.936
2021-02-05 07:00:00,5.200,1012.700,5.700,208.000,6.400,2.890
2021-02-05 08:00:00,5.300,1012.500,5.500,214.000,7.100,2.890
2021-02-05 09:00:00,5.300,1011.300,6.500,208.000,7.200,2.589
2021-02-05 10:00:00,5.300,1010.300,6.200,204.000,7.200,1.998
2021-02-05 11:00:00,5.300,1009.900,6.700,211.000,8.200,1.608
2021-02-05 12:00:00,5.800,1010.500,7.800,232.000,10.200,1.217
2021-02-05 13:00:00,5.200,1010.400,6.400,204.000,8.500,1.033
2021-02-05 14:00:00,4.600,1009.400,6.100,217.000,7.500,1.047
2021-02-05 15:00:00,5.100,1008.800,6.500,202.000,7.700,1.407
2021-02-05 16:00:00,5.100,1008.100,7.600,215.000,9.500,1.677
2021-02-05 17:00:00,6.000,1007.000,9.000,220.000,11.200,2.165
2021-02-05 18:00:00,5.900,1006.000,8.100,215.000,8.900,2.388
2021-02-05 19:00:00,8.300,1005.400,6.800,256.000,9.200,2.349
2021-02-05 20:00:00,8.400,1005.400,5.300,241.000,7.000,2.175
2021-02-05 21:00:00,8.000,1005.300,4.100,241.000,5.400,2.070
2021-02-05 22:00:00,7.400,1005.700,3.500,259.000,4.500,1.680
2021-02-05 23:00:00,7.200,1006.700,4.500,250.000,5.400,1.257
2021-02-06 00:00:00,6.700,1007.800,2.700,238.000,3.400,0.515
2021-02-06 01:00:00,5.000,1008.000,3.800,219.000,4.100,0.404
2021-02-06 02:00:00,5.600,1009.000,2.700,245.000,3.800,0.581
2021-02-06 03:00:00,6.000,1010.800,3.300,306.000,4.200,1.040
2021-02-06 04:00:00,6.100,1011.700,4.500,328.000,5.600,1.621
2021-02-06 05:00:00,5.700,1012.300,3.900,335.000,5.300,2.103
2021-02-06 06:00:00,5.300,1013.300,3.900,331.000,6.200,2.392
2021-02-06 07:00:00,4.500,1014.600,2.700,321.000,4.100,2.707
2021-02-06 08:00:00,3.200,1015.600,1.500,257.000,1.900,2.746
2021-02-06 09:00:00,2.800,1015.700,1.700,211.000,1.900,2.818
2021-02-06 10:00:00,2.100,1017.200,2.900,233.000,3.400,2.575
2021-02-06 11:00:00,2.600,1017.800,3.100,229.000,3.500,2.014
2021-02-06 12:00:00,2.400,1018.600,3.200,233.000,4.100,1.506
2021-02-06 13:00:00,3.800,1019.900,3.000,234.000,3.600,1.178
2021-02-06 14:00:00,4.900,1020.700,5.000,218.000,6.000,1.109
2021-02-06 15:00:00,6.700,1021.000,4.300,247.000,5.900,0.866
2021-02-06 16:00:00,6.600,1021.300,5.500,201.000,6.600,1.007
2021-02-06 17:00:00,9.200,1021.100,4.400,283.000,8.000,1.348
2021-02-06 18:00:00,9.600,1020.300,6.200,291.000,10.300,1.601
2021-02-06 19:00:00,9.700,1020.500,7.900,276.000,12.300,1.909
2021-02-06 20:00:00,9.800,1020.800,7.400,278.000,9.300,1.909
2021-02-06 21:00:00,9.700,1021.300,4.400,252.000,8.200,1.742
2021-02-06 22:00:00,6.400,1022.200,2.700,246.000,6.300,1.434
2021-02-06 23:00:00,5.700,1022.300,2.700,194.000,3.500,1.040
2021-02-07 00:00:00,6.100,1023.000,3.200,214.000,3.900,0.430
2021-02-07 01:00:00,5.400,1022.300,2.500,204.000,3.000,0.056
2021-02-07 02:00:00,5.700,1023.000,3.400,216.000,4.000,-0.118
2021-02-07 03:00:00,5.200,1022.700,2.900,217.000,3.300,-0.102
2021-02-07 04:00:00,4.900,1020.800,0.100,210.000,0.800,0.325
2021-02-07 05:00:00,4.900,1020.800,1.500,215.000,2.100,0.827
2021-02-07 06:00:00,5.100,1019.800,1.600,242.000,1.800,1.522
2021-02-07 07:00:00,5.400,1019.700,1.100,215.000,1.300,1.896
2021-02-07 08:00:00,7.100,1017.800,4.400,149.000,6.500,2.283
2021-02-07 09:00:00,6.700,1017.200,3.300,161.000,5.300,2.402
2021-02-07 10:00:00,5.600,1015.800,1.600,145.000,3.600,2.470
2021-02-07 11:00:00,5.400,1014.500,2.300,127.000,3.500,2.198
2021-02-07 12:00:00,5.000,1012.400,2.500,81.000,4.000,1.900
2021-02-07 13:00:00,5.100,1011.400,4.200,65.000,6.200,1.293
2021-02-07 14:00:00,5.400,1010.700,4.300,29.000,6.600,0.948
2021-02-07 15:00:00,5.400,1008.700,6.600,30.000,9.100,0.899
2021-02-07 16:00:00,4.000,1008.300,11.300,7.000,15.400,0.899
2021-02-07 17:00:00,2.800,1007.800,10.900,8.000,14.500,1.342
2021-02-07 18:00:00,2.400,1008.100,8.600,348.000,12.200,1.309
2021-02-07 19:00:00,2.200,1008.100,9.000,359.000,11.500,1.762
2021-02-07 20:00:00,1.900,1009.900,8.600,345.000,11.600,2.247
2021-02-07 21:00:00,2.500,1010.900,10.100,357.000,13.300,2.497
2021-02-07 22:00:00,3.200,1012.800,6.600,345.000,8.300,2.405
2021-02-07 23:00:00,3.100,1014.700,6.100,335.000,7.700,2.411
2021-02-08 00:00:00,2.700,1016.500,3.900,327.000,4.900,1.811
2021-02-08 01:00:00,2.000,1018.200,2.600,303.000,3.800,1.125
2021-02-08 02:00:00,2.200,1019.600,4.700,316.000,8.400,0.807
2021-02-08 03:00:00,1.800,1021.000,6.200,316.000,8.200,0.892
2021-02-08 04:00:00,1.200,1022.100,5.500,312.000,8.100,0.955
2021-02-08 05:00:00,0.700,1023.000,5.600,319.000,7.500,0.745
2021-02-08 06:00:00,0.300,1024.300,5.400,321.000,7.700,1.378
2021-02-08 07:00:00,-0.200,1025.600,5.000,329.000,6.400,2.005
2021-02-08 08:00:00,-0.500,1026.500,4.800,335.000,6.500,2.474
2021-02-08 09:00:00,-0.900,1027.100,7.300,347.000,9.100,2.756
2021-02-08 10:00:00,-1.400,1028.000,7.500,7.000,9.500,2.904
2021-02-08 11:00:00,-1.800,1028.800,7.400,4.000,8.500,2.844
2021-02-08 12:00:00,-2.200,1030.000,6.100,359.000,7.700,2.628
2021-02-08 13:00:00,-1.900,1030.700,5.300,18.000,7.200,2.037
2021-02-08 14:00:00,-1.800,1031.400,5.400,30.000,8.100,1.473
2021-02-08 15:00:00,-1.700,1031.900,3.900,29.000,6.900,0.965
2021-02-08 16:00:00,-2.000,1033.300,3.700,3.000,5.000,0.705
2021-02-08 17:00:00,-1.100,1032.400,2.200,31.000,3.900,0.630
2021-02-08 18:00:00,-1.200,1031.800,3.100,78.000,4.400,0.863
2021-02-08 19:00:00,-0.500,1031.900,2.400,86.000,3.800,1.230
2021-02-08 20:00:00,0.100,1031.700,3.500,103.000,4.500,1.732
2021-02-08 21:00:00,0.500,1031.700,2.500,140.000,4.600,1.919
2021-02-08 22:00:00,0.300,1031.600,3.300,154.000,4.500,2.159
2021-02-08 23:00:00,0.500,1031.300,2.200,140.000,4.000,2.182
2021-02-09 00:00:00,0.900,1031.200,3.100,152.000,4.300,1.860
2021-02-09 01:00:00,1.300,1031.100,2.800,152.000,3.600,1.424
2021-02-09 02:00:00,1.800,1031.100,2.700,157.000,3.600,0.945
2021-02-09 03:00:00,2.500,1030.800,3.900,154.000,5.000,0.509
2021-02-09 04:00:00,3.000,1030.400,1.900,142.000,3.100,0.292
2021-02-09 05:00:00,3.600,1029.600,1.700,138.000,2.700,0.417
2021-02-09 06:00:00,4.300,1028.800,1.700,132.000,2.900,0.722
2021-02-09 07:00:00,4.600,1028.400,1.200,115.000,2.500,1.299
2021-02-09 08:00:00,4.900,1027.400,1.700,86.000,2.600,1.939
2021-02-09 09:00:00,5.100,1026.100,3.200,85.000,4.400,2.336
2021-02-09 10:00:00,5.500,1025.200,3.600,73.000,4.800,2.726
2021-02-09 11:00:00,5.800,1024.600,2.000,35.000,4.300,2.822
2021-02-09 12:00:00,5.300,1024.600,3.700,342.000,4.400,2.792
2021-02-09 13:00:00,5.300,1024.300,1.900,17.000,2.900,2.493
2021-02-09 14:00:00,5.300,1023.900,4.400,319.000,5.000,1.932
2021-02-09 15:00:00,5.200,1022.900,3.600,9.000,4.100,1.230
2021-02-09 16:00:00,5.400,1022.500,0.400,113.000,5.000,0.804
2021-02-09 17:00:00,5.600,1021.200,0.000,218.000,0.600,0.663
2021-02-09 18:00:00,5.600,1019.700,1.800,174.000,2.500,0.679
2021-02-09 19:00:00,5.400,1018.900,2.600,214.000,2.900,0.915
2021-02-09 20:00:00,6.300,1018.000,1.900,195.000,2.800,1.506
2021-02-09 21:00:00,8.700,1019.100,3.900,338.000,5.500,1.955
2021-02-09 22:00:00,8.300,1019.900,2.100,27.000,3.800,2.287
2021-02-09 23:00:00,5.300,1020.800,3.800,8.000,4.800,2.382
2021-02-10 00:00:00,5.000,1022.100,4.900,5.000,6.500,2.165
2021-02-10 01:00:00,4.500,1022.200,4.600,356.000,5.600,1.860
2021-02-10 02:00:00,3.800,1022.700,4.200,7.000,5.000,1.302
2021-02-10 03:00:00,3.300,1023.100,3.200,19.000,4.800,0.873
2021-02-10 04:00:00,2.800,1023.600,5.100,5.000,6.700,0.381
2021-02-10 05:00:00,2.400,1023.900,5.200,2.000,6.200,0.292
2021-02-10 06:00:00,1.900,1024.600,4.400,6.000,5.900,0.318
2021-02-10 07:00:00,1.700,1025.200,4.100,349.000,5.600,0.745
2021-02-10 08:00:00,1.500,1025.500,3.700,6.000,4.400,1.430
2021-02-10 09:00:00,1.500,1025.900,3.700,5.000,4.500,2.031
2021-02-10 10:00:00,1.500,1026.800,3.000,17.000,4.400,2.484
2021-02-10 11:00:00,1.700,1027.500,3.500,27.000,5.600,2.854
2021-02-10 12:00:00,1.300,1028.100,4.500,31.000,6.300,2.943
2021-02-10 13:00:00,1.500,1028.800,1.400,51.000,4.900,2.831
2021-02-10 14:00:00,1.700,1029.300,2.900,33.000,4.400,2.520
2021-02-10 15:00:00,1.800,1030.100,2.500,31.000,4.900,1.880
2021-02-10 16:00:00,1.700,1029.900,3.600,68.000,5.400,1.135
2021-02-10 17:00:00,1.000,1029.600,4.300,67.000,5.300,0.735
2021-02-10 18:00:00,1.700,1028.600,3.000,61.000,5.400,0.512
2021-02-10 20:00:00,1.200,1028.000,2.900,69.000,5.400,0.846
2021-02-10 21:00:00,1.100,1027.800,2.700,68.000,4.300,1.417
2021-02-10 22:00:00,1.200,1027.700,2.600,60.000,3.800,1.775
2021-02-10 23:00:00,1.300,1027.400,2.800,92.000,4.100,2.103
2021-02-11 00:00:00,1.900,1027.100,2.900,79.000,4.100,2.234
2021-02-11 01:00:00,2.300,1026.500,2.500,109.000,3.200,2.110
2021-02-11 02:00:00,2.700,1026.000,2.100,95.000,3.500,1.841
2021-02-11 03:00:00,3.100,1025.800,2.000,79.000,3.000,1.266
2021-02-11 04:00:00,3.100,1025.300,2.500,83.000,3.400,0.699
2021-02-11 05:00:00,3.100,1023.900,3.000,78.000,4.700,0.236
2021-02-11 06:00:00,2.200,1023.700,2.500,53.000,4.600,0.066
2021-02-11 07:00:00,1.600,1023.500,4.600,27.000,6.300,0.453
2021-02-11 08:00:00,1.800,1023.000,3.000,41.000,6.200,0.906
2021-02-11 09:00:00,2.000,1022.400,3.400,73.000,6.300,1.703
2021-02-11 10:00:00,2.700,1021.900,3.500,73.000,5.900,2.093
2021-02-11 11:00:00,3.200,1021.700,3.500,63.000,5.200,2.625
2021-02-11 12:00:00,3.100,1022.100,4.100,36.000,7.200,3.028
2021-02-11 13:00:00,2.900,1022.700,3.100,34.000,5.300,3.166
2021-02-11 14:00:00,3.100,1022.700,3.000,34.000,5.100,2.904
2021-02-11 15:00:00,3.200,1023.000,5.400,34.000,8.700,2.585
2021-02-11 16:00:00,3.100,1022.800,4.100,34.000,6.800,1.926
2021-02-11 17:00:00,3.000,1022.600,5.200,33.000,8.300,1.293
2021-02-11 18:00:00,2.700,1022.600,5.600,27.000,9.000,0.843
2021-02-11 19:00:00,2.600,1022.400,4.800,33.000,8.800,0.722
2021-02-11 20:00:00,2.000,1022.900,6.900,31.000,9.800,0.892
2021-02-11 21:00:00,2.300,1023.700,5.100,32.000,7.400,1.250
2021-02-11 22:00:00,2.000,1024.500,5.400,30.000,7.700,1.955
2021-02-11 23:00:00,1.600,1025.200,4.500,34.000,7.800,2.274
2021-02-12 00:00:00,1.100,1025.200,5.200,34.000,7.100,2.464
2021-02-12 01:00:00,1.300,1025.500,3.200,31.000,6.000,2.549
2021-02-12 02:00:00,1.200,1026.100,5.000,31.000,7.200,2.490
2021-02-12 03:00:00,0.900,1026.200,5.300,32.000,8.300,1.995
2021-02-12 04:00:00,0.700,1026.500,5.600,32.000,8.800,1.391
2021-02-12 05:00:00,0.400,1026.400,5.800,31.000,7.400,0.863
2021-02-12 06:00:00,0.500,1026.600,4.500,35.000,6.700,0.354
2021-02-12 07:00:00,-0.800,1026.000,4.200,29.000,6.900,0.269
2021-02-12 08:00:00,-1.400,1026.100,5.500,30.000,8.000,0.577
2021-02-12 09:00:00,-1.100,1025.200,4.100,30.000,7.300,1.194
2021-02-12 10:00:00,-0.400,1025.200,4.300,37.000,7.300,1.791
2021-02-12 11:00:00,0.100,1025.500,3.300,41.000,7.100,2.251
2021-02-12 12:00:00,0.100,1026.400,5.700,34.000,8.400,2.736
2021-02-12 13:00:00,0.500,1026.600,3.100,67.000,7.300,2.986
2021-02-12 14:00:00,1.100,1027.000,3.900,70.000,9.300,2.969
2021-02-12 15:00:00,1.600,1026.700,4.800,67.000,8.800,2.638
2021-02-12 16:00:00,1.700,1027.200,4.400,72.000,7.000,2.234
2021-02-12 17:00:00,2.000,1026.500,2.600,66.000,7.400,1.460
2021-02-12 18:00:00,2.000,1026.000,3.900,71.000,7.400,0.909
2021-02-12 19:00:00,2.100,1025.300,3.800,34.000,5.600,0.535
2021-02-12 20:00:00,1.700,1025.400,2.400,47.000,5.100,0.499
2021-02-12 21:00:00,1.200,1025.300,4.600,35.000,7.800,0.728
2021-02-12 22:00:00,1.000,1025.600,2.500,43.000,6.600,1.230
2021-02-12 23:00:00,1.200,1025.300,3.300,40.000,8.600,1.877
2021-02-13 00:00:00,1.500,1025.700,2.900,48.000,7.000,2.215
2021-02-13 01:00:00,1.800,1025.900,5.300,32.000,7.300,2.464
2021-02-13 02:00:00,1.700,1025.900,2.100,50.000,5.300,2.457
2021-02-13 03:00:00,1.800,1025.800,3.100,40.000,5.100,2.188
2021-02-13 04:00:00,2.400,1026.100,4.600,35.000,7.200,1.850
2021-02-13 05:00:00,2.200,1025.600,4.100,37.000,7.700,1.148
2021-02-13 06:00:00,1.500,1025.400,4.900,30.000,7.300,0.594
2021-02-13 07:00:00,2.100,1025.000,3.300,29.000,5.900,0.249
2021-02-13 08:00:00,2.800,1024.500,3.000,35.000,4.900,0.240
2021-02-13 09:00:00,2.600,1024.300,4.000,35.000,7.500,0.712
2021-02-13 10:00:00,2.400,1024.500,4.600,31.000,7.000,1.322
2021-02-13 11:00:00,2.100,1024.300,4.200,36.000,8.400,1.893
2021-02-13 12:00:00,2.700,1024.100,3.000,54.000,7.400,2.333
2021-02-13 13:00:00,2.700,1024.700,3.100,51.000,6.500,2.736
2021-02-13 14:00:00,3.100,1024.300,4.300,64.000,7.300,2.917
2021-02-13 15:00:00,3.400,1023.800,4.500,68.000,8.000,2.907
2021-02-13 16:00:00,3.600,1023.300,6.100,66.000,9.100,2.641
2021-02-13 17:00:00,3.600,1022.600,3.600,65.000,6.900,2.228
2021-02-13 18:00:00,3.500,1021.700,3.400,39.000,8.100,1.585
2021-02-13 19:00:00,3.000,1021.300,4.500,37.000,10.300,1.125
2021-02-13 20:00:00,2.500,1021.000,6.300,34.000,10.100,0.915
2021-02-13 21:00:00,2.500,1020.600,7.000,34.000,10.100,1.001
2021-02-13 22:00:00,2.600,1020.300,4.500,45.000,8.300,1.463
2021-02-13 23:00:00,2.900,1020.100,5.000,38.000,10.100,2.077
2021-02-14 00:00:00,3.300,1019.600,4.100,40.000,7.800,2.461
2021-02-14 01:00:00,3.600,1019.300,4.800,39.000,8.700,2.805
2021-02-14 02:00:00,3.700,1020.100,5.300,34.000,9.900,3.009
2021-02-14 03:00:00,3.600,1018.400,3.000,46.000,6.100,2.969
2021-02-14 04:00:00,2.400,1019.400,8.000,26.000,12.200,2.943
2021-02-14 05:00:00,1.700,1019.200,6.300,31.000,9.400,2.608
2021-02-14 06:00:00,1.600,1019.700,6.000,25.000,9.600,1.837
2021-02-14 07:00:00,1.300,1020.000,6.000,21.000,9.500,1.270
2021-02-14 08:00:00,0.700,1020.200,5.900,20.000,9.500,1.125
2021-02-14 09:00:00,0.600,1020.300,7.000,14.000,9.100,1.181
2021-02-14 10:00:00,0.800,1021.200,5.900,12.000,7.000,1.594
2021-02-14 11:00:00,1.000,1021.200,6.100,15.000,7.800,1.982
2021-02-14 12:00:00,1.000,1021.700,6.800,8.000,7.900,2.421
2021-02-14 13:00:00,0.900,1023.000,6.800,9.000,8.000,2.858
2021-02-14 14:00:00,0.500,1023.700,6.100,356.000,7.700,3.150
2021-02-14 15:00:00,0.700,1024.000,6.200,7.000,7.800,3.097
2021-02-14 16:00:00,1.500,1024.300,5.600,9.000,7.400,3.028
2021-02-14 17:00:00,1.400,1024.200,5.400,15.000,6.600,2.723
2021-02-14 18:00:00,1.900,1024.000,4.600,19.000,5.800,2.106
2021-02-14 19:00:00,2.400,1023.800,4.500,23.000,6.700,1.598
2021-02-14 20:00:00,2.200,1023.400,4.100,25.000,6.300,1.257
2021-02-14 21:00:00,1.900,1023.600,3.500,29.000,6.900,1.070
2021-02-14 22:00:00,1.800,1023.600,4.500,24.000,7.800,1.352
2021-02-14 23:00:00,1.800,1024.200,5.100,17.000,6.400,1.660
2021-02-15 00:00:00,2.100,1024.100,4.500,32.000,5.900,2.156
2021-02-15 01:00:00,2.500,1023.600,5.300,33.000,7.800,2.539
2021-02-15 02:00:00,2.700,1023.400,1.900,43.000,7.200,2.812
2021-02-15 03:00:00,2.700,1023.100,5.400,30.000,7.600,2.927
2021-02-15 04:00:00,2.700,1022.900,5.400,30.000,6.900,2.910
2021-02-15 05:00:00,3.200,1020.900,4.900,36.000,8.300,2.723
2021-02-15 06:00:00,3.100,1021.300,5.500,29.000,7.400,2.159
2021-02-15 07:00:00,3.000,1020.900,5.200,35.000,7.200,1.798
2021-02-15 08:00:00,2.700,1020.800,7.700,16.000,9.700,1.302
2021-02-15 09:00:00,2.600,1020.700,6.700,21.000,9.100,1.178
2021-02-15 10:00:00,2.400,1021.000,5.200,25.000,8.700,1.365
2021-02-15 11:00:00,2.600,1021.000,5.400,27.000,8.300,1.667
2021-02-15 12:00:00,2.900,1021.300,4.100,27.000,8.000,2.224
2021-02-15 13:00:00,2.900,1022.400,4.300,25.000,5.700,2.575
2021-02-15 14:00:00,3.300,1022.000,5.700,27.000,8.000,2.969
2021-02-15 15:00:00,3.800,1022.300,5.100,29.000,7.500,3.084
2021-02-15 16:00:00,4.000,1022.000,6.200,28.000,7.600,3.061
2021-02-15 17:00:00,3.400,1021.800,6.200,20.000,8.200,2.877
2021-02-15 18:00:00,3.800,1021.300,5.300,27.000,6.900,2.585
2021-02-15 19:00:00,3.500,1020.500,4.400,32.000,7.800,1.969
2021-02-15 20:00:00,3.300,1020.300,5.000,29.000,7.500,1.585
2021-02-15 21:00:00,3.200,1019.800,4.300,30.000,6.900,1.283
2021-02-15 22:00:00,3.400,1019.800,4.600,30.000,6.800,1.342
2021-02-15 23:00:00,3.200,1019.500,4.800,34.000,7.100,1.690
2021-02-16 00:00:00,3.800,1018.900,4.800,30.000,6.700,2.083
2021-02-16 01:00:00,4.300,1017.900,3.100,34.000,4.900,2.480
2021-02-16 02:00:00,5.100,1017.000,1.800,49.000,4.300,2.759
2021-02-16 03:00:00,5.700,1016.100,1.100,60.000,3.300,2.982
2021-02-16 04:00:00,6.400,1013.500,4.000,84.000,6.000,3.100
2021-02-16 05:00:00,7.200,1011.600,4.000,121.000,5.600,3.005
2021-02-16 06:00:00,7.500,1010.400,3.700,145.000,5.100,2.835
2021-02-16 07:00:00,6.300,1009.600,4.100,190.000,5.400,2.582
2021-02-16 08:00:00,8.300,1007.900,4.500,224.000,6.000,2.054
2021-02-16 09:00:00,9.000,1006.000,5.000,221.000,6.100,1.936
2021-02-16 10:00:00,9.200,1004.600,9.500,212.000,11.100,2.060
2021-02-16 11:00:00,9.900,1003.900,6.200,219.000,7.800,2.060
2021-02-16 12:00:00,9.000,1004.600,8.700,219.000,9.800,2.090
2021-02-16 13:00:00,8.100,1006.200,6.700,214.000,7.400,2.694
2021-02-16 14:00:00,7.800,1005.900,5.500,215.000,6.000,2.900
2021-02-16 15:00:00,11.100,1006.200,8.600,259.000,15.100,3.097
2021-02-16 16:00:00,10.900,1005.400,10.300,269.000,12.400,3.156
2021-02-16 17:00:00,11.900,1005.200,8.200,248.000,10.300,3.048
2021-02-16 18:00:00,12.400,1005.000,8.900,255.000,10.600,2.864
2021-02-16 19:00:00,12.400,1005.200,9.400,258.000,13.200,2.365
2021-02-16 20:00:00,10.800,1007.000,9.000,274.000,11.800,1.949
2021-02-16 21:00:00,9.000,1009.000,7.700,302.000,10.200,1.532
2021-02-16 22:00:00,8.300,1010.200,5.100,298.000,9.100,1.316
2021-02-16 23:00:00,8.100,1011.900,4.700,284.000,6.400,1.404
2021-02-17 00:00:00,8.000,1013.300,3.400,311.000,4.500,1.496
2021-02-17 01:00:00,7.200,1015.100,6.300,314.000,8.300,2.051
2021-02-17 02:00:00,5.200,1017.100,8.400,333.000,10.800,2.434
2021-02-17 03:00:00,3.500,1018.300,7.700,336.000,10.900,2.510
2021-02-17 04:00:00,2.100,1019.400,8.000,330.000,11.600,2.467
2021-02-17 05:00:00,1.100,1019.600,9.400,332.000,12.500,2.392
2021-02-17 06:00:00,0.300,1021.300,7.700,338.000,10.900,2.024
2021-02-17 07:00:00,-0.300,1022.500,5.600,336.000,9.800,1.716
2021-02-17 08:00:00,-0.700,1023.300,6.700,335.000,8.100,1.204
2021-02-17 09:00:00,-1.100,1024.200,6.200,327.000,8.300,0.906
2021-02-17 10:00:00,-1.100,1025.000,6.200,342.000,8.500,0.666
2021-02-17 11:00:00,-1.500,1026.600,6.700,339.000,9.600,0.722
2021-02-17 12:00:00,-1.600,1027.800,7.300,344.000,9.100,0.791
2021-02-17 13:00:00,-1.900,1028.600,8.500,357.000,10.300,1.040
2021-02-17 14:00:00,-1.400,1030.000,6.200,347.000,9.100,1.506
2021-02-17 15:00:00,-1.500,1031.100,5.400,15.000,6.400,1.844
2021-02-17 16:00:00,-1.000,1030.400,4.300,339.000,5.500,1.946
2021-02-17 17:00:00,-0.100,1030.300,4.600,6.000,6.200,2.001
2021-02-17 18:00:00,0.300,1029.800,4.400,22.000,7.300,1.916
2021-02-17 19:00:00,0.800,1029.900,3.700,67.000,5.700,1.220
2021-02-17 20:00:00,0.000,1030.200,5.100,72.000,7.200,0.968
2021-02-17 21:00:00,0.200,1030.300,3.900,65.000,6.400,0.509
2021-02-17 22:00:00,0.000,1030.100,3.900,64.000,5.900,0.338
2021-02-17 23:00:00,-0.300,1031.200,2.200,76.000,3.500,0.295
2021-02-18 00:00:00,-0.100,1032.000,1.500,83.000,2.700,0.515
2021-02-18 01:00:00,0.200,1032.500,1.700,82.000,3.200,0.781
2021-02-18 02:00:00,0.300,1032.100,1.200,70.000,2.200,1.289
2021-02-18 03:00:00,0.600,1031.400,2.400,65.000,4.200,1.627
2021-02-18 04:00:00,0.800,1031.000,2.100,71.000,3.500,1.946
2021-02-18 05:00:00,1.100,1030.800,1.900,68.000,3.300,2.001
2021-02-18 06:00:00,1.400,1030.300,2.600,67.000,4.400,1.959
2021-02-18 08:00:00,2.000,1029.900,2.600,64.000,4.400,1.470
2021-02-18 09:00:00,2.200,1029.000,3.000,67.000,7.600,1.040
2021-02-18 10:00:00,1.300,1028.700,3.700,66.000,6.300,0.807
2021-02-18 11:00:00,1.100,1028.800,4.900,71.000,8.100,0.682
2021-02-18 12:00:00,0.900,1028.300,5.700,66.000,8.700,0.735
2021-02-18 13:00:00,1.700,1028.100,5.300,65.000,8.600,1.056
2021-02-18 14:00:00,2.500,1026.500,5.700,65.000,8.100,1.480
2021-02-18 15:00:00,3.100,1025.100,6.200,71.000,9.100,1.883
2021-02-18 16:00:00,3.000,1024.600,4.700,74.000,8.500,2.310
2021-02-18 17:00:00,2.100,1025.800,8.500,30.000,10.900,2.490
2021-02-18 18:00:00,2.400,1024.200,3.800,35.000,8.500,2.267
2021-02-18 19:00:00,3.200,1022.000,5.700,67.000,8.400,2.096
2021-02-18 20:00:00,4.700,1020.500,4.400,76.000,9.000,2.093
2021-02-18 21:00:00,5.200,1021.100,5.000,32.000,6.300,1.975
2021-02-18 22:00:00,3.700,1021.400,6.700,22.000,10.100,1.778
2021-02-18 23:00:00,2.000,1021.500,7.800,8.000,10.000,1.381
2021-02-19 00:00:00,2.700,1021.500,8.600,16.000,11.000,1.319
2021-02-19 01:00:00,4.000,1021.200,5.800,32.000,10.100,1.535
2021-02-19 02:00:00,3.900,1022.100,6.800,30.000,9.600,2.031
2021-02-19 03:00:00,3.800,1021.900,7.200,32.000,10.600,2.480
2021-02-19 04:00:00,3.700,1021.100,6.300,31.000,9.200,2.769
2021-02-19 05:00:00,3.500,1020.400,6.900,32.000,9.200,2.881
2021-02-19 06:00:00,3.500,1019.900,4.700,39.000,7.800,3.015
2021-02-19 07:00:00,3.600,1019.700,4.500,33.000,7.200,2.897
2021-02-19 08:00:00,3.600,1018.900,5.600,32.000,8.600,2.874
2021-02-19 09:00:00,3.500,1018.400,5.900,29.000,8.400,2.776
2021-02-19 10:00:00,2.300,1018.000,7.200,27.000,10.800,2.254
2021-02-19 11:00:00,2.100,1018.700,6.800,25.000,10.900,1.991
2021-02-19 12:00:00,1.800,1018.300,7.900,34.000,9.900,1.913
2021-02-19 13:00:00,1.800,1017.700,9.100,16.000,11.400,1.926
2021-02-19 14:00:00,1.500,1017.700,7.600,359.000,10.200,2.503
2021-02-19 15:00:00,1.600,1017.700,7.500,8.000,9.700,2.500
2021-02-19 16:00:00,1.300,1018.400,7.800,350.000,9.800,2.792
2021-02-19 17:00:00,1.200,1016.400,8.200,11.000,10.500,2.897
2021-02-19 18:00:00,1.100,1016.300,8.400,1.000,10.800,3.097
2021-02-19 19:00:00,1.100,1016.300,8.400,350.000,10.900,3.068
2021-02-19 20:00:00,1.600,1016.200,8.200,359.000,9.400,2.913
2021-02-19 21:00:00,1.500,1017.000,7.700,5.000,9.100,2.776
2021-02-19 22:00:00,1.300,1017.800,7.100,356.000,8.400,2.238
2021-02-19 23:00:00,1.000,1018.300,7.200,352.000,9.800,1.978
2021-02-20 00:00:00,1.000,1019.000,5.700,345.000,8.600,1.834
2021-02-20 01:00:00,1.000,1018.500,7.400,344.000,8.900,1.929
2021-02-20 02:00:00,1.000,1019.300,8.000,357.000,9.700,2.087
2021-02-20 03:00:00,0.800,1020.100,5.200,344.000,6.500,2.487
2021-02-20 04:00:00,0.800,1019.700,6.300,333.000,8.600,2.644
2021-02-20 05:00:00,0.900,1019.800,7.400,330.000,9.800,2.864
2021-02-20 06:00:00,0.800,1020.500,6.600,332.000,9.900,3.058
2021-02-20 07:00:00,0.600,1020.900,6.000,331.000,7.800,3.117
2021-02-20 08:00:00,0.300,1020.900,6.500,327.000,9.300,3.041
2021-02-20 09:00:00,-0.300,1021.400,6.500,329.000,11.700,2.900
2021-02-20 10:00:00,-0.800,1021.600,7.100,330.000,8.800,2.346
2021-02-20 11:00:00,-1.200,1022.100,7.400,335.000,10.200,1.988
2021-02-20 12:00:00,-1.500,1022.700,6.500,331.000,8.400,1.762
2021-02-20 13:00:00,-1.400,1023.500,8.600,325.000,11.900,1.647
2021-02-20 14:00:00,-0.800,1024.000,7.200,331.000,10.300,1.729
2021-02-20 15:00:00,-0.600,1024.300,6.900,324.000,9.900,1.798
2021-02-20 16:00:00,-0.600,1024.400,6.500,321.000,10.500,1.942
2021-02-20 17:00:00,-0.900,1024.300,6.100,311.000,9.100,2.198
2021-02-20 18:00:00,-0.500,1023.600,7.900,308.000,10.600,2.310
2021-02-20 19:00:00,0.100,1023.800,4.300,307.000,10.300,2.274
2021-02-20 20:00:00,-0.300,1024.000,5.700,313.000,9.000,2.244
2021-02-20 21:00:00,-0.800,1024.600,6.700,308.000,8.200,1.811
2021-02-20 22:00:00,-0.700,1024.900,7.300,299.000,11.200,1.539
2021-02-20 23:00:00,-0.600,1026.000,6.800,325.000,9.200,1.165
2021-02-21 00:00:00,-0.700,1027.300,6.800,322.000,9.700,0.889
2021-02-21 01:00:00,-1.200,1028.400,7.700,319.000,9.500,0.673
2021-02-21 02:00:00,-1.600,1029.400,5.700,319.000,7.500,0.804
2021-02-21 03:00:00,-2.000,1030.200,4.900,320.000,8.100,0.991
2021-02-21 04:00:00,-2.300,1030.700,5.000,314.000,8.000,1.450
2021-02-21 05:00:00,-2.400,1031.300,5.700,320.000,7.800,1.736
2021-02-21 06:00:00,-2.600,1032.300,6.400,323.000,8.000,1.998
2021-02-21 07:00:00,-2.700,1032.800,6.700,326.000,9.600,2.162
2021-02-21 08:00:00,-2.900,1033.300,6.000,319.000,8.900,2.156
2021-02-21 09:00:00,-3.000,1033.500,5.600,329.000,8.000,2.080
2021-02-21 10:00:00,-2.900,1034.100,6.100,336.000,8.700,1.932
2021-02-21 11:00:00,-3.400,1035.000,4.800,326.000,6.300,1.565
2021-02-21 12:00:00,-3.800,1035.700,2.500,325.000,3.700,1.217
2021-02-21 13:00:00,-2.800,1036.200,5.700,338.000,7.000,0.935
2021-02-21 14:00:00,-2.100,1036.500,8.000,352.000,9.500,0.840
2021-02-21 15:00:00,-1.500,1037.000,6.400,351.000,7.400,0.955
2021-02-21 16:00:00,-0.700,1037.600,4.900,354.000,6.600,1.145
2021-02-21 17:00:00,0.100,1037.200,3.100,9.000,4.900,1.437
2021-02-21 18:00:00,0.900,1036.200,2.700,18.000,4.100,1.598
2021-02-21 19:00:00,1.100,1035.600,4.100,68.000,5.800,1.716
2021-02-21 20:00:00,1.200,1035.400,3.500,78.000,4.500,1.772
2021-02-21 21:00:00,1.800,1035.600,1.700,155.000,2.500,1.690
2021-02-21 22:00:00,1.600,1035.000,2.100,174.000,3.000,1.430
2021-02-21 23:00:00,0.900,1034.800,2.200,206.000,2.600,1.230
2021-02-22 00:00:00,0.500,1035.200,2.400,244.000,3.000,0.892
2021-02-22 01:00:00,0.600,1035.000,2.300,238.000,3.500,0.623
2021-02-22 02:00:00,0.600,1034.800,2.800,232.000,3.400,0.581
2021-02-22 03:00:00,-0.100,1034.700,2.800,228.000,3.400,0.702
2021-02-22 04:00:00,0.000,1033.600,2.100,229.000,2.400,1.033
2021-02-22 05:00:00,0.600,1033.000,2.000,233.000,2.900,1.414
2021-02-22 06:00:00,1.100,1032.700,3.500,232.000,4.400,1.729
2021-02-22 07:00:00,1.700,1031.700,5.100,212.000,6.400,1.988
2021-02-22 08:00:00,2.400,1030.700,7.700,204.000,9.100,2.178
2021-02-22 09:00:00,2.000,1029.600,5.000,223.000,6.600,2.244
2021-02-22 10:00:00,2.700,1028.400,5.900,207.000,6.800,2.165
2021-02-22 11:00:00,3.300,1027.400,6.700,210.000,8.200,2.077
2021-02-22 12:00:00,3.300,1026.000,3.500,206.000,4.200,1.690
2021-02-22 13:00:00,3.900,1025.000,3.900,196.000,5.000,1.430
2021-02-22 14:00:00,4.200,1022.800,4.000,190.000,5.400,1.106
2021-02-22 15:00:00,4.700,1020.600,4.100,188.000,5.000,1.089
2021-02-22 16:00:00,6.500,1018.500,8.700,185.000,10.700,1.283
2021-02-22 17:00:00,6.400,1016.100,7.700,195.000,9.600,1.329
2021-02-22 18:00:00,6.800,1013.900,10.200,202.000,12.200,1.558
2021-02-22 19:00:00,6.800,1011.000,10.200,207.000,11.300,1.680
2021-02-22 20:00:00,4.200,1013.200,8.600,308.000,13.700,1.946
2021-02-22 21:00:00,5.000,1011.400,5.700,252.000,8.300,1.926
2021-02-22 22:00:00,4.300,1010.000,6.700,200.000,7.500,1.644
2021-02-22 23:00:00,4.500,1010.100,5.300,231.000,7.200,1.204
2021-02-23 00:00:00,4.700,1010.700,5.000,264.000,6.500,1.401
2021-02-23 01:00:00,4.900,1011.000,4.600,273.000,5.700,0.988
2021-02-23 02:00:00,4.400,1011.500,3.700,278.000,5.600,0.564
2021-02-23 03:00:00,4.100,1012.200,3.600,291.000,4.800,0.505
2021-02-23 04:00:00,3.700,1012.100,3.100,295.000,3.900,0.650
2021-02-23 05:00:00,3.400,1011.700,3.000,289.000,3.800,0.823
2021-02-23 06:00:00,3.700,1011.700,3.100,291.000,4.400,1.312
2021-02-23 07:00:00,3.600,1011.400,2.600,307.000,4.000,1.729
2021-02-23 08:00:00,3.600,1010.600,2.800,322.000,3.600,2.103
2021-02-23 09:00:00,3.100,1010.700,2.200,300.000,3.300,2.270
2021-02-23 10:00:00,2.700,1010.700,1.800,296.000,3.600,2.290
2021-02-23 11:00:00,1.800,1010.900,1.900,233.000,2.000,2.224
2021-02-23 12:00:00,1.800,1011.100,2.200,252.000,3.000,2.123
2021-02-23 13:00:00,2.600,1011.600,3.500,257.000,4.300,1.765
2021-02-23 14:00:00,3.800,1010.900,5.100,219.000,5.900,1.302
2021-02-23 15:00:00,3.700,1010.100,6.000,212.000,6.900,0.955
2021-02-23 16:00:00,5.900,1009.900,7.100,222.000,8.000,0.925
2021-02-23 17:00:00,4.600,1008.300,7.300,208.000,8.100,0.991
2021-02-23 18:00:00,8.500,1007.400,5.900,231.000,9.900,1.112
2021-02-23 19:00:00,10.100,1006.900,6.500,264.000,9.500,1.319
2021-02-23 20:00:00,11.800,1006.700,6.700,272.000,10.800,1.522
2021-02-23 21:00:00,13.100,1007.200,9.200,291.000,11.400,1.683
2021-02-23 22:00:00,12.800,1008.300,5.200,284.000,7.200,1.709
2021-02-23 23:00:00,12.200,1010.100,5.200,288.000,8.700,1.594
2021-02-24 00:00:00,11.200,1011.800,4.300,314.000,6.000,1.260
2021-02-24 01:00:00,10.200,1013.200,2.900,287.000,4.600,0.823
2021-02-24 02:00:00,10.100,1014.100,3.500,293.000,5.800,0.338
2021-02-24 03:00:00,9.500,1015.200,3.000,296.000,4.100,0.144
2021-02-24 04:00:00,8.800,1016.200,2.600,300.000,3.800,0.197
2021-02-24 05:00:00,8.300,1016.700,3.400,347.000,4.600,0.328
2021-02-24 06:00:00,7.400,1017.700,3.100,342.000,4.000,0.738
2021-02-24 07:00:00,7.200,1019.100,1.800,311.000,2.600,1.201
2021-02-24 08:00:00,5.400,1019.700,0.300,179.000,0.600,1.575
2021-02-24 09:00:00,4.000,1019.800,0.400,234.000,0.800,1.972
2021-02-24 10:00:00,3.700,1020.300,1.200,27.000,1.300,2.198
2021-02-24 11:00:00,3.600,1020.900,1.800,4.000,2.500,2.300
2021-02-24 12:00:00,3.900,1021.200,1.300,14.000,1.500,2.116
2021-02-24 13:00:00,4.500,1022.100,1.900,190.000,2.400,1.883
2021-02-24 14:00:00,5.300,1022.200,4.400,212.000,6.200,1.352
2021-02-24 15:00:00,6.000,1021.500,4.300,211.000,5.000,0.896
2021-02-24 16:00:00,5.700,1021.600,3.800,206.000,4.300,0.591
2021-02-24 17:00:00,6.000,1020.900,2.700,202.000,3.400,0.436
2021-02-24 18:00:00,6.800,1020.100,5.100,212.000,5.800,0.594
2021-02-24 19:00:00,8.400,1019.500,6.500,204.000,7.300,0.761
2021-02-24 20:00:00,7.700,1018.400,4.400,199.000,5.000,1.155
2021-02-24 21:00:00,7.400,1017.100,5.500,204.000,6.300,1.529
2021-02-24 22:00:00,7.400,1016.300,4.600,200.000,5.100,1.788
2021-02-24 23:00:00,6.300,1015.100,4.700,217.000,5.300,1.824
2021-02-25 00:00:00,6.900,1014.400,5.800,221.000,6.600,1.624
2021-02-25 01:00:00,7.300,1013.600,5.100,228.000,5.800,1.306
2021-02-25 02:00:00,7.600,1013.300,6.700,210.000,8.000,0.971
2021-02-25 03:00:00,7.500,1013.000,6.900,216.000,7.800,0.449
2021-02-25 04:00:00,7.800,1012.300,6.200,217.000,6.900,0.112
2021-02-25 05:00:00,8.400,1011.800,5.400,217.000,6.200,0.013
2021-02-25 06:00:00,9.700,1011.600,5.800,226.000,6.800,0.289
2021-02-25 07:00:00,12.100,1012.600,3.300,281.000,4.200,0.899
2021-02-25 08:00:00,11.800,1013.000,3.000,298.000,5.300,1.381
2021-02-25 09:00:00,10.700,1014.200,3.800,325.000,4.700,1.847
2021-02-25 10:00:00,10.600,1015.400,6.000,342.000,7.400,2.182
2021-02-25 11:00:00,9.600,1017.000,7.000,341.000,8.500,2.405
2021-02-25 12:00:00,8.600,1018.300,6.700,336.000,8.400,2.441
2021-02-25 13:00:00,8.000,1019.900,5.000,341.000,6.100,2.175
2021-02-25 14:00:00,8.200,1020.900,8.700,350.000,12.800,1.808
2021-02-25 15:00:00,8.400,1022.100,6.800,351.000,8.400,1.253
2021-02-25 16:00:00,8.700,1022.700,6.300,354.000,8.000,0.676
2021-02-25 17:00:00,9.300,1023.000,5.600,354.000,7.500,0.518
2021-02-25 18:00:00,9.500,1022.800,2.400,72.000,4.200,0.495
2021-02-25 19:00:00,9.600,1022.600,3.900,69.000,5.100,0.705
2021-02-25 20:00:00,9.000,1023.000,3.100,71.000,4.500,1.250
2021-02-25 21:00:00,8.800,1023.300,2.700,70.000,3.300,1.627
2021-02-25 22:00:00,7.300,1023.900,2.500,67.000,4.000,1.936
2021-02-25 23:00:00,6.600,1024.400,1.900,65.000,3.000,2.100
2021-02-26 00:00:00,5.400,1025.600,0.000,344.000,0.500,2.054
2021-02-26 01:00:00,4.400,1026.200,1.000,207.000,1.600,1.778
2021-02-26 02:00:00,3.900,1026.500,0.700,242.000,1.000,1.188
2021-02-26 03:00:00,3.900,1027.000,1.200,237.000,1.500,0.728
2021-02-26 04:00:00,3.600,1027.100,0.600,257.000,0.800,0.171
2021-02-26 05:00:00,3.500,1026.900,0.600,277.000,1.000,-0.102
2021-02-26 06:00:00,2.900,1027.300,0.100,349.000,1.200,-0.118
2021-02-26 07:00:00,2.700,1027.700,0.700,300.000,1.900,0.164
2021-02-26 08:00:00,2.200,1027.600,1.500,330.000,1.900,0.699
2021-02-26 09:00:00,2.800,1028.200,1.600,4.000,1.700,1.348
2021-02-26 10:00:00,2.000,1029.400,0.800,343.000,1.700,1.785
2021-02-26 11:00:00,2.800,1030.000,2.100,359.000,2.300,2.159
2021-02-26 12:00:00,2.800,1030.900,2.000,343.000,2.400,2.320
2021-02-26 13:00:00,3.800,1032.500,1.600,15.000,2.500,2.224
2021-02-26 14:00:00,5.600,1033.200,4.400,30.000,7.000,1.978
2021-02-26 15:00:00,5.300,1032.800,3.800,60.000,5.500,1.224
2021-02-26 16:00:00,5.400,1033.200,3.500,60.000,7.800,0.666
2021-02-26 17:00:00,5.700,1033.400,4.200,71.000,6.800,0.279
2021-02-26 18:00:00,5.800,1032.200,3.900,73.000,5.900,0.072
2021-02-26 19:00:00,6.400,1031.200,2.600,83.000,4.500,0.095
2021-02-26 20:00:00,6.500,1031.600,2.800,97.000,4.200,0.482
2021-02-26 21:00:00,6.000,1031.800,2.500,85.000,4.000,1.145
2021-02-26 22:00:00,5.800,1032.000,2.800,66.000,3.700,1.568
2021-02-26 23:00:00,5.900,1031.100,3.700,83.000,5.800,1.962
2021-02-27 00:00:00,6.000,1032.200,2.600,79.000,3.800,2.136
2021-02-27 01:00:00,6.100,1032.000,2.400,86.000,3.900,2.011
2021-02-27 02:00:00,6.300,1031.700,3.600,83.000,5.600,1.732
2021-02-27 03:00:00,6.400,1031.400,3.800,125.000,4.800,1.217
2021-02-27 04:00:00,6.600,1030.400,3.100,126.000,4.700,0.643
2021-02-27 06:00:00,6.800,1028.000,4.300,119.000,6.500,-0.108
2021-02-27 07:00:00,7.000,1026.100,5.000,111.000,7.700,-0.030
2021-02-27 08:00:00,7.300,1024.900,4.000,113.000,6.400,0.604
2021-02-27 09:00:00,7.300,1023.400,4.400,128.000,6.700,1.299
2021-02-27 10:00:00,7.500,1023.300,3.100,141.000,4.300,1.814
2021-02-27 11:00:00,10.500,1022.200,8.700,152.000,13.100,2.287
2021-02-27 12:00:00,8.300,1021.000,3.300,173.000,4.400,2.648
2021-02-27 13:00:00,8.700,1020.800,5.300,176.000,9.100,2.776
2021-02-27 14:00:00,8.400,1021.100,3.100,224.000,3.800,2.625
2021-02-27 15:00:00,9.400,1020.200,7.000,214.000,8.200,2.231
2021-02-27 16:00:00,8.200,1019.500,5.600,204.000,6.900,1.535
2021-02-27 17:00:00,11.900,1019.200,6.300,255.000,9.200,1.024
2021-02-27 18:00:00,11.800,1018.700,8.400,267.000,9.800,0.614
2021-02-27 19:00:00,10.800,1018.900,7.400,271.000,9.900,0.413
2021-02-27 20:00:00,9.500,1019.800,7.100,285.000,9.700,0.623
2021-02-27 21:00:00,9.500,1020.500,4.100,298.000,7.200,0.968
2021-02-27 22:00:00,9.600,1021.200,3.400,295.000,5.300,1.512
2021-02-27 23:00:00,9.200,1022.000,3.600,283.000,4.500,1.985
2021-02-28 00:00:00,8.900,1023.100,3.300,293.000,4.200,2.316
2021-02-28 01:00:00,8.600,1023.600,2.300,299.000,4.000,2.520
2021-02-28 02:00:00,8.300,1025.000,1.400,278.000,2.300,2.313
2021-02-28 03:00:00,7.500,1025.700,0.700,223.000,0.900,1.975
2021-02-28 04:00:00,7.200,1026.400,0.500,217.000,0.700,1.352
2021-02-28 05:00:00,7.500,1027.000,1.000,3.000,1.300,0.755
2021-02-28 06:00:00,6.800,1026.600,1.300,18.000,1.500,0.299
2021-02-28 07:00:00,6.700,1026.200,0.600,251.000,0.600,0.059
2021-02-28 08:00:00,7.300,1026.600,0.300,358.000,0.600,0.272
2021-02-28 09:00:00,7.200,1026.600,0.900,342.000,1.100,0.623
2021-02-28 10:00:00,7.600,1026.500,0.200,83.000,0.900,1.453
2021-02-28 11:00:00,6.500,1026.100,0.000,237.000,0.500,1.893
2021-02-28 12:00:00,7.000,1026.100,0.900,95.000,2.300,2.382
2021-02-28 13:00:00,7.300,1026.500,2.300,69.000,3.800,2.733
2021-02-28 14:00:00,7.100,1025.800,2.500,82.000,3.700,2.680
2021-02-28 15:00:00,7.300,1025.300,3.300,72.000,4.800,2.533
2021-02-28 16:00:00,6.700,1023.800,2.200,91.000,3.100,2.028
2021-02-28 17:00:00,7.000,1023.600,2.900,97.000,4.900,1.332
2021-02-28 18:00:00,7.000,1022.200,2.900,108.000,4.400,0.778
2021-02-28 19:00:00,7.000,1020.700,3.500,67.000,4.800,0.341
2021-02-28 20:00:00,6.900,1019.300,3.500,89.000,6.200,0.407
2021-02-28 21:00:00,7.300,1018.900,2.400,86.000,4.100,0.584
2021-02-28 22:00:00,7.300,1018.600,3.400,67.000,4.900,1.312
2021-02-28 23:00:00,8.100,1017.500,0.900,131.000,2.300,1.962
2022-01-01 00:00:00,10.300,1015.600,4.600,203.000,5.500,2.740
2022-01-01 01:00:00,10.200,1015.100,5.000,200.000,6.200,2.375
2022-01-01 02:00:00,10.300,1016.100,5.600,214.000,6.700,1.880
2022-01-01 03:00:00,10.200,1015.400,5.300,214.000,6.200,1.283
2022-01-01 04:00:00,10.200,1015.600,5.300,213.000,6.100,0.791
2022-01-01 05:00:00,10.300,1014.800,6.400,213.000,7.700,0.883
2022-01-01 06:00:00,10.200,1013.800,4.200,205.000,5.100,1.201
2022-01-01 07:00:00,10.600,1013.500,5.400,218.000,6.200,1.752
2022-01-01 08:00:00,11.600,1013.400,6.000,224.000,8.300,2.582
2022-01-01 09:00:00,11.200,1012.500,6.800,217.000,7.600,2.995
2022-01-01 10:00:00,11.400,1012.100,6.000,223.000,7.000,3.369
2022-01-01 11:00:00,11.200,1011.700,4.800,227.000,5.700,3.570
2022-01-01 12:00:00,11.700,1011.800,4.600,234.000,6.200,3.537
2022-01-01 13:00:00,11.800,1012.500,4.200,237.000,5.400,3.442
2022-01-01 14:00:00,11.000,1012.500,1.900,219.000,3.500,2.949
2022-01-01 15:00:00,10.600,1012.500,2.600,216.000,3.100,2.195
2022-01-01 16:00:00,10.600,1011.100,0.800,220.000,1.200,1.624
2022-01-01 17:00:00,11.400,1009.200,2.200,179.000,3.700,1.388
2022-01-01 18:00:00,10.900,1009.100,2.700,213.000,3.400,1.243
2022-01-01 19:00:00,12.600,1009.700,3.400,344.000,4.000,1.476
2022-01-01 20:00:00,13.100,1008.200,0.200,44.000,0.800,2.024
2022-01-01 21:00:00,13.400,1007.400,3.700,145.000,5.800,2.575
2022-01-01 22:00:00,12.300,1007.000,4.800,163.000,6.700,2.881
2022-01-01 23:00:00,11.900,1006.600,4.400,171.000,5.300,3.153
2022-01-02 00:00:00,10.700,1006.300,3.100,202.000,3.800,3.140
2022-01-02 01:00:00,11.100,1005.700,4.500,200.000,5.600,3.051
2022-01-02 02:00:00,12.000,1004.800,5.100,227.000,6.800,2.592
2022-01-02 03:00:00,14.800,1003.900,10.100,232.000,12.800,1.936
2022-01-02 04:00:00,15.100,1003.500,8.900,231.000,10.700,1.388
2022-01-02 05:00:00,15.700,1003.200,7.600,226.000,9.800,1.030
2022-01-02 06:00:00,14.700,1003.700,7.300,223.000,9.000,1.083
2022-01-02 07:00:00,14.200,1003.600,8.000,224.000,9.300,1.362
2022-01-02 08:00:00,13.600,1004.200,4.400,221.000,5.000,1.965
2022-01-02 09:00:00,17.400,1003.700,3.700,280.000,4.800,2.612
2022-01-02 10:00:00,16.600,1004.000,2.000,300.000,2.800,3.077
2022-01-02 11:00:00,16.200,1005.900,4.900,318.000,6.500,3.537
2022-01-02 12:00:00,14.500,1005.400,2.000,231.000,2.300,3.734
2022-01-02 13:00:00,12.200,1004.700,5.000,198.000,6.500,3.698
2022-01-02 14:00:00,12.500,1005.500,8.700,220.000,10.300,3.576
2022-01-02 15:00:00,14.100,1006.500,5.000,238.000,6.500,3.143
2022-01-02 16:00:00,14.500,1006.800,3.800,234.000,4.800,2.349
2022-01-02 17:00:00,14.400,1007.200,2.700,239.000,3.400,1.755
2022-01-02 18:00:00,16.600,1006.900,5.000,273.000,7.000,1.325
2022-01-02 19:00:00,15.300,1007.100,6.400,255.000,7.800,1.280
2022-01-02 20:00:00,15.800,1007.900,5.300,265.000,6.700,1.673
2022-01-02 21:00:00,15.100,1008.700,4.100,243.000,5.000,2.044
2022-01-02 22:00:00,15.800,1009.700,4.700,265.000,5.700,2.526
2022-01-02 23:00:00,15.200,1011.000,2.400,274.000,3.100,2.943
2022-01-03 00:00:00,15.300,1011.800,1.800,288.000,2.300,2.999
2022-01-03 01:00:00,14.900,1011.700,2.800,322.000,3.300,2.972
2022-01-03 02:00:00,15.000,1012.800,3.800,335.000,5.500,2.717
2022-01-03 03:00:00,12.800,1014.000,4.400,10.000,5.300,2.260
2022-01-03 04:00:00,11.500,1014.700,5.500,28.000,8.200,1.722
2022-01-03 05:00:00,9.600,1015.500,8.500,20.000,11.600,0.902
2022-01-03 06:00:00,7.600,1016.400,7.200,27.000,11.400,0.627
2022-01-03 07:00:00,6.400,1017.300,6.700,37.000,11.300,0.607
2022-01-03 08:00:00,6.300,1017.900,5.600,34.000,9.000,1.099
2022-01-03 09:00:00,5.200,1016.800,6.000,43.000,9.500,2.198
2022-01-03 10:00:00,4.200,1016.000,4.300,62.000,10.300,2.703
2022-01-03 11:00:00,4.300,1015.500,4.100,45.000,9.800,3.419
2022-01-03 12:00:00,4.200,1014.500,5.700,40.000,11.400,3.937
2022-01-03 13:00:00,3.800,1015.700,6.400,38.000,10.800,4.213
2022-01-03 14:00:00,3.400,1016.200,8.300,39.000,13.900,4.203
2022-01-03 15:00:00,2.500,1014.200,9.100,38.000,14.800,4.016
2022-01-03 16:00:00,1.700,1014.100,9.500,37.000,14.200,3.734
2022-01-03 17:00:00,1.400,1010.400,11.800,31.000,19.500,3.094
2022-01-03 18:00:00,1.100,1010.100,10.900,35.000,16.200,2.674
2022-01-03 19:00:00,0.400,1011.000,12.900,24.000,18.100,1.726
2022-01-03 20:00:00,0.000,1013.900,11.500,1.000,15.100,1.578
2022-01-03 21:00:00,-0.400,1016.200,12.500,8.000,16.400,2.113
2022-01-03 22:00:00,-0.900,1018.500,9.600,1.000,12.900,2.208
2022-01-03 23:00:00,-1.400,1019.700,9.200,348.000,11.600,2.733
2022-01-04 00:00:00,-2.000,1021.100,8.900,342.000,11.100,2.966
2022-01-04 01:00:00,-2.300,1022.400,7.200,342.000,8.900,3.497
2022-01-04 02:00:00,-2.600,1023.500,8.000,344.000,10.900,3.402
2022-01-04 03:00:00,-2.700,1024.500,8.500,346.000,11.400,3.150
2022-01-04 04:00:00,-2.900,1025.700,7.400,337.000,9.400,2.720
2022-01-04 05:00:00,-2.700,1026.100,7.800,349.000,10.000,2.142
2022-01-04 06:00:00,-3.000,1026.800,7.600,354.000,9.100,1.572
2022-01-04 07:00:00,-3.100,1028.500,6.800,343.000,9.000,1.283
2022-01-04 08:00:00,-3.500,1029.400,6.800,341.000,8.700,1.283
2022-01-04 09:00:00,-3.500,1030.200,6.400,346.000,7.700,1.516
2022-01-04 10:00:00,-3.400,1030.600,8.800,345.000,10.900,2.106
2022-01-04 11:00:00,-3.600,1031.000,7.700,5.000,9.800,2.746
2022-01-04 12:00:00,-3.500,1031.300,7.800,3.000,9.300,3.271
2022-01-04 13:00:00,-3.000,1031.600,6.400,356.000,7.600,3.714
2022-01-04 14:00:00,-2.800,1033.000,4.000,334.000,5.200,3.885
2022-01-04 15:00:00,-2.000,1033.400,4.800,3.000,5.500,3.727
2022-01-04 16:00:00,-1.300,1032.700,5.200,10.000,6.200,3.497
2022-01-04 17:00:00,-0.200,1031.700,5.300,14.000,6.400,2.956
2022-01-04 18:00:00,0.400,1031.600,2.900,29.000,4.600,2.113
2022-01-04 19:00:00,0.900,1031.500,2.300,20.000,3.700,1.578
2022-01-04 20:00:00,1.300,1031.000,0.700,17.000,2.300,1.201
2022-01-04 21:00:00,1.900,1031.300,1.000,17.000,1.400,1.181
2022-01-04 22:00:00,0.900,1031.400,2.400,242.000,2.700,1.519
2022-01-04 23:00:00,0.700,1031.300,1.500,240.000,2.100,2.014
2022-01-05 00:00:00,0.800,1030.800,1.800,241.000,2.200,2.516
2022-01-05 01:00:00,1.000,1030.500,2.900,250.000,3.300,2.818
2022-01-05 02:00:00,1.400,1029.400,1.400,189.000,3.000,3.005
2022-01-05 03:00:00,2.900,1028.300,3.700,164.000,5.300,3.015
2022-01-05 04:00:00,4.200,1028.000,4.500,181.000,5.700,2.730
2022-01-05 05:00:00,5.500,1026.900,5.200,176.000,7.400,2.198
2022-01-05 06:00:00,6.700,1025.400,4.500,174.000,6.800,1.591
2022-01-05 07:00:00,7.600,1024.100,6.000,165.000,8.200,1.119
2022-01-05 08:00:00,8.800,1023.000,5.600,178.000,7.800,0.909
2022-01-05 09:00:00,4.500,1022.800,6.200,315.000,9.000,1.122
2022-01-05 10:00:00,1.300,1021.500,3.000,339.000,3.800,1.414
2022-01-05 11:00:00,2.300,1021.200,2.200,316.000,3.200,1.965
2022-01-05 12:00:00,3.600,1020.000,0.600,1.000,0.800,2.523
2022-01-05 13:00:00,6.100,1019.300,1.600,161.000,2.000,2.992
2022-01-05 14:00:00,5.000,1019.100,3.000,295.000,4.100,3.330
2022-01-05 15:00:00,5.300,1018.300,3.500,289.000,4.400,3.445
2022-01-05 16:00:00,5.500,1017.200,2.400,279.000,3.400,3.245
2022-01-05 17:00:00,6.400,1015.600,3.900,257.000,4.600,2.930
2022-01-05 18:00:00,7.100,1014.000,2.000,265.000,2.700,2.244
2022-01-05 19:00:00,7.200,1013.000,2.100,233.000,3.000,1.637
2022-01-05 20:00:00,7.400,1012.000,3.900,230.000,4.700,1.184
2022-01-05 21:00:00,7.600,1012.000,3.500,231.000,4.500,1.004
2022-01-05 22:00:00,7.500,1011.300,5.000,217.000,5.700,1.102
2022-01-05 23:00:00,7.800,1010.500,4.200,223.000,5.800,1.391
2022-01-06 00:00:00,8.000,1010.600,4.400,249.000,6.400,1.818
2022-01-06 01:00:00,7.200,1010.000,4.000,215.000,4.300,2.316
2022-01-06 02:00:00,7.400,1009.600,3.400,224.000,4.000,2.661
2022-01-06 03:00:00,7.300,1009.300,3.300,244.000,4.200,2.808
2022-01-06 04:00:00,7.900,1009.100,4.300,263.000,5.700,2.635
2022-01-06 05:00:00,8.000,1009.000,5.600,282.000,7.200,2.408
2022-01-06 06:00:00,7.600,1009.200,4.100,282.000,4.900,1.736
2022-01-06 07:00:00,7.400,1009.900,4.100,285.000,5.300,1.237
2022-01-06 08:00:00,7.000,1010.700,4.100,280.000,5.300,0.679
2022-01-06 09:00:00,6.600,1011.500,3.400,296.000,4.700,0.446
2022-01-06 10:00:00,5.700,1012.000,2.500,280.000,3.100,0.561
2022-01-06 11:00:00,5.300,1013.300,2.600,276.000,3.100,0.873
2022-01-06 12:00:00,5.000,1014.200,3.200,293.000,3.700,1.598
2022-01-06 13:00:00,5.300,1015.500,3.800,293.000,4.400,2.172
2022-01-06 14:00:00,5.600,1016.600,2.800,313.000,3.800,2.602
2022-01-06 15:00:00,6.400,1017.400,4.300,352.000,5.200,2.864
2022-01-06 16:00:00,6.200,1017.300,3.500,21.000,4.100,2.904
2022-01-06 17:00:00,6.400,1016.200,3.000,26.000,4.000,2.680
2022-01-06 18:00:00,7.300,1015.400,3.400,36.000,5.000,2.444
2022-01-06 19:00:00,7.500,1014.900,2.000,25.000,2.400,1.709
2022-01-06 20:00:00,7.500,1015.000,2.500,77.000,4.600,1.132
2022-01-06 21:00:00,6.300,1015.200,2.500,81.000,3.700,0.676
2022-01-06 22:00:00,5.800,1015.200,1.700,78.000,5.000,0.577
2022-01-06 23:00:00,5.900,1016.100,1.100,38.000,2.700,0.682
2022-01-07 00:00:00,5.700,1016.100,2.400,73.000,4.800,1.014
2022-01-07 01:00:00,5.400,1014.600,3.700,70.000,5.700,1.532
2022-01-07 02:00:00,5.400,1011.800,4.400,73.000,7.200,2.142
2022-01-07 03:00:00,6.400,1011.200,5.400,79.000,8.000,2.500
2022-01-07 04:00:00,5.900,1009.900,5.200,71.000,8.200,2.671
2022-01-07 05:00:00,5.900,1008.100,5.300,80.000,7.900,2.562
2022-01-07 06:00:00,5.000,1008.100,2.900,66.000,5.100,2.418
2022-01-07 07:00:00,4.500,1006.700,4.200,72.000,7.000,2.064
2022-01-07 08:00:00,4.500,1006.100,2.600,16.000,5.900,1.368
2022-01-07 09:00:00,4.700,1004.300,4.200,78.000,8.400,1.010
2022-01-07 10:00:00,-0.100,1007.900,10.600,337.000,13.300,0.827
2022-01-07 11:00:00,0.000,1009.300,9.000,342.000,11.800,0.955
2022-01-07 12:00:00,-0.200,1011.300,9.100,331.000,12.700,1.040
2022-01-07 13:00:00,-0.300,1013.100,11.100,326.000,13.600,1.575
2022-01-07 14:00:00,0.300,1014.900,7.600,326.000,10.200,2.323
2022-01-07 15:00:00,0.500,1015.300,8.300,321.000,10.600,2.700
2022-01-07 16:00:00,0.500,1015.400,8.200,322.000,12.100,2.871
2022-01-07 17:00:00,0.100,1016.700,8.500,310.000,12.800,2.923
2022-01-07 18:00:00,0.100,1017.000,7.200,309.000,10.200,2.579
2022-01-07 19:00:00,-0.200,1017.700,8.400,325.000,10.400,2.152
2022-01-07 20:00:00,0.400,1018.600,7.300,334.000,10.000,1.594
2022-01-07 21:00:00,0.400,1020.100,7.100,317.000,10.300,1.381
2022-01-07 22:00:00,-0.100,1021.700,5.400,315.000,7.800,0.820
2022-01-07 23:00:00,-0.700,1023.200,4.900,321.000,7.100,0.620
2022-01-08 00:00:00,-1.200,1024.600,5.500,318.000,7.400,0.535
2022-01-08 01:00:00,-1.500,1025.600,6.400,324.000,9.800,1.099
2022-01-08 02:00:00,-2.200,1026.500,8.300,328.000,10.300,1.493
2022-01-08 03:00:00,-2.400,1027.900,6.900,333.000,9.800,1.942
2022-01-08 04:00:00,-2.500,1029.100,5.600,326.000,7.100,2.021
2022-01-08 05:00:00,-3.100,1029.500,5.200,323.000,6.400,2.087
2022-01-08 06:00:00,-3.400,1030.000,6.000,321.000,7.800,2.096
2022-01-08 07:00:00,-3.600,1031.500,5.200,312.000,6.700,1.762
2022-01-08 08:00:00,-3.400,1032.200,6.100,318.000,7.400,1.247
2022-01-08 09:00:00,-3.400,1032.300,7.700,333.000,9.900,0.692
2022-01-08 10:00:00,-3.500,1033.000,6.300,333.000,8.200,0.256
2022-01-08 11:00:00,-3.700,1034.000,5.700,341.000,6.900,0.217
2022-01-08 12:00:00,-3.800,1035.300,6.100,341.000,8.100,0.249
2022-01-08 13:00:00,-3.700,1036.800,7.500,343.000,10.300,0.722
2022-01-08 14:00:00,-3.200,1037.900,8.400,347.000,10.200,1.152
2022-01-08 15:00:00,-2.600,1038.500,7.900,356.000,9.600,1.739
2022-01-08 16:00:00,-1.800,1039.300,6.500,355.000,8.700,2.021
2022-01-08 17:00:00,-1.600,1038.700,4.900,10.000,6.100,2.165
2022-01-08 18:00:00,-0.700,1038.200,2.900,5.000,3.700,2.146
2022-01-08 19:00:00,0.000,1037.900,2.600,29.000,4.200,1.850
2022-01-08 20:00:00,1.000,1037.500,0.300,34.000,1.000,1.453
2022-01-08 21:00:00,1.200,1037.800,0.900,35.000,2.100,0.974
2022-01-08 22:00:00,0.200,1038.400,0.900,148.000,1.900,0.531
2022-01-08 23:00:00,0.700,1039.100,2.000,187.000,2.700,0.246
2022-01-09 00:00:00,0.500,1039.500,2.900,246.000,3.300,0.217
2022-01-09 01:00:00,0.400,1038.900,2.400,248.000,2.800,0.282
2022-01-09 02:00:00,1.400,1038.300,3.500,195.000,5.400,0.728
2022-01-09 03:00:00,1.800,1036.900,4.400,183.000,5.900,1.250
2022-01-09 04:00:00,2.800,1036.500,7.400,210.000,8.400,1.627
2022-01-09 05:00:00,1.100,1037.000,2.700,300.000,3.800,1.811
2022-01-09 06:00:00,0.000,1035.700,2.200,257.000,2.700,1.841
2022-01-09 07:00:00,0.300,1035.400,3.200,267.000,3.900,1.670
2022-01-09 08:00:00,0.700,1035.000,3.500,259.000,4.300,1.430
2022-01-09 09:00:00,1.400,1033.700,4.300,254.000,5.300,0.958
2022-01-09 10:00:00,1.900,1032.400,6.000,232.000,7.300,0.499
2022-01-09 11:00:00,2.600,1031.200,4.600,222.000,5.600,0.079
2022-01-09 12:00:00,3.100,1030.500,5.800,230.000,6.900,0.039
2022-01-09 13:00:00,3.700,1030.000,6.400,236.000,7.800,0.121
2022-01-09 14:00:00,4.600,1029.100,8.400,227.000,9.700,0.259
2022-01-09 15:00:00,6.300,1028.900,6.000,239.000,7.900,0.827
2022-01-09 16:00:00,6.700,1027.800,8.500,224.000,10.100,1.178
2022-01-09 17:00:00,6.800,1025.800,9.300,229.000,10.700,1.529
2022-01-09 18:00:00,7.800,1024.100,9.400,231.000,12.300,1.581
2022-01-09 19:00:00,8.800,1022.700,9.600,229.000,11.700,1.575
2022-01-09 20:00:00,9.500,1022.000,7.500,234.000,9.300,1.319
2022-01-09 21:00:00,8.000,1020.500,5.300,224.000,6.000,1.001
2022-01-09 22:00:00,8.900,1019.900,5.500,223.000,6.900,0.666
2022-01-09 23:00:00,9.200,1019.400,7.000,234.000,8.600,0.180
2022-01-10 00:00:00,10.300,1019.100,6.700,238.000,8.200,-0.036
2022-01-10 01:00:00,10.400,1018.800,4.400,245.000,5.400,-0.056
2022-01-10 02:00:00,10.400,1018.300,5.500,261.000,6.500,0.125
2022-01-10 03:00:00,11.600,1018.000,3.800,292.000,4.900,0.505
2022-01-10 04:00:00,11.500,1017.900,6.000,300.000,8.200,1.053
2022-01-10 05:00:00,8.800,1018.500,4.700,322.000,6.000,1.322
2022-01-10 06:00:00,8.300,1018.400,5.000,329.000,5.700,1.565
2022-01-10 07:00:00,7.700,1018.800,6.700,345.000,8.400,1.565
2022-01-10 08:00:00,6.100,1019.400,6.800,342.000,9.200,1.581
2022-01-10 09:00:00,5.200,1019.800,8.400,335.000,10.500,1.250
2022-01-10 10:00:00,4.200,1020.400,6.700,343.000,8.300,0.791
2022-01-10 11:00:00,3.200,1021.300,6.600,340.000,9.500,0.335
2022-01-10 12:00:00,2.300,1022.900,8.700,340.000,10.900,0.007
2022-01-10 13:00:00,1.500,1023.900,5.400,343.000,7.100,0.023
2022-01-10 14:00:00,1.000,1024.600,7.100,343.000,8.900,0.203
2022-01-10 15:00:00,1.100,1025.100,8.500,356.000,11.200,0.443
2022-01-10 16:00:00,0.900,1025.300,8.600,6.000,10.300,0.778
2022-01-10 17:00:00,1.100,1024.700,8.700,326.000,12.100,1.217
2022-01-10 18:00:00,1.500,1023.900,9.500,341.000,12.400,1.549
2022-01-10 19:00:00,1.900,1023.700,5.800,327.000,7.800,1.562
2022-01-10 20:00:00,1.200,1024.200,5.200,316.000,8.100,1.417
2022-01-10 21:00:00,1.000,1024.300,5.100,323.000,6.300,1.266
2022-01-10 22:00:00,0.700,1024.400,3.900,335.000,5.400,0.879
2022-01-10 23:00:00,0.300,1024.400,2.800,348.000,3.600,0.505
2022-01-11 00:00:00,0.000,1024.500,3.200,353.000,4.100,0.089
2022-01-11 01:00:00,-0.600,1024.900,1.600,331.000,2.100,-0.102
2022-01-11 02:00:00,-1.600,1025.000,1.900,312.000,2.300,-0.033
2022-01-11 03:00:00,-1.600,1025.800,2.000,281.000,2.800,0.131
2022-01-11 04:00:00,-1.500,1026.300,3.800,316.000,5.300,0.453
2022-01-11 05:00:00,-1.000,1027.000,6.900,323.000,8.700,0.892
2022-01-11 06:00:00,-1.400,1027.900,7.000,333.000,9.900,1.204
2022-01-11 07:00:00,-1.600,1028.900,7.400,327.000,9.900,1.286
2022-01-11 08:00:00,-1.600,1029.300,5.900,336.000,7.400,1.480
2022-01-11 09:00:00,-2.100,1030.100,6.300,349.000,7.900,1.460
2022-01-11 10:00:00,-2.400,1030.900,5.500,339.000,6.700,1.142
2022-01-11 11:00:00,-2.700,1032.300,3.900,337.000,5.200,0.899
2022-01-11 12:00:00,-3.600,1033.600,6.800,1.000,9.000,0.554
2022-01-11 13:00:00,-4.300,1034.600,8.000,4.000,9.800,0.075
2022-01-11 14:00:00,-5.000,1035.500,9.100,8.000,11.000,-0.003
2022-01-11 15:00:00,-4.400,1036.500,6.600,358.000,9.100,0.344
2022-01-11 16:00:00,-4.100,1036.300,4.900,340.000,7.300,0.476
2022-01-11 17:00:00,-4.200,1035.500,6.200,358.000,7.600,0.856
2022-01-11 18:00:00,-3.600,1034.900,3.800,26.000,5.400,1.132
2022-01-11 19:00:00,-3.000,1034.700,5.800,332.000,8.500,1.496
2022-01-11 20:00:00,-2.600,1035.100,4.800,307.000,5.700,1.562
2022-01-11 21:00:00,-2.700,1034.900,5.500,11.000,7.400,1.499
2022-01-11 22:00:00,-2.700,1034.900,6.200,1.000,7.600,1.371
2022-01-11 23:00:00,-3.000,1035.900,3.300,333.000,4.400,1.070
2022-01-12 00:00:00,-3.600,1036.500,2.200,313.000,2.500,0.581
2022-01-12 01:00:00,-4.000,1036.400,2.700,312.000,3.200,0.200
2022-01-12 02:00:00,-4.700,1036.400,1.800,312.000,2.900,0.161
2022-01-12 03:00:00,-4.800,1035.900,1.400,278.000,1.900,0.253
2022-01-12 04:00:00,-4.800,1035.400,2.100,259.000,2.500,0.676
2022-01-12 05:00:00,-4.000,1034.400,1.200,246.000,1.600,1.106
2022-01-12 06:00:00,-4.200,1033.700,2.600,282.000,3.000,1.522
2022-01-12 07:00:00,-3.000,1033.100,3.000,228.000,3.900,1.857
2022-01-12 08:00:00,-1.900,1032.600,4.100,248.000,5.000,2.060
2022-01-12 09:00:00,-0.500,1031.000,6.200,232.000,7.300,2.156
2022-01-12 10:00:00,0.900,1029.900,6.900,237.000,8.700,2.113
2022-01-12 11:00:00,1.000,1029.800,5.000,238.000,6.500,1.982
2022-01-12 12:00:00,0.300,1029.600,4.300,246.000,5.200,1.683
2022-01-12 13:00:00,0.200,1028.700,5.400,236.000,6.800,1.145
2022-01-12 14:00:00,1.800,1028.300,9.200,230.000,11.600,0.850
2022-01-12 15:00:00,2.100,1027.800,9.300,233.000,11.900,0.722
2022-01-12 16:00:00,2.800,1026.800,7.900,229.000,9.400,0.748
2022-01-12 17:00:00,3.300,1025.000,9.300,234.000,10.900,0.814
2022-01-12 18:00:00,4.700,1023.100,9.700,230.000,12.300,1.040
2022-01-12 19:00:00,5.300,1022.300,7.900,229.000,10.300,1.345
2022-01-12 20:00:00,5.200,1022.100,7.600,227.000,9.200,1.522
2022-01-12 21:00:00,5.500,1021.900,5.100,237.000,6.200,1.483
2022-01-12 22:00:00,4.700,1021.400,6.700,236.000,8.300,1.470
2022-01-12 23:00:00,4.700,1021.600,3.800,240.000,4.400,1.119
2022-01-13 00:00:00,4.200,1021.500,4.700,235.000,5.400,0.640
2022-01-13 01:00:00,4.600,1021.400,5.500,227.000,6.400,0.266
2022-01-13 02:00:00,3.900,1021.200,4.700,230.000,5.400,-0.089
2022-01-13 03:00:00,3.500,1021.000,3.900,231.000,4.600,-0.141
2022-01-13 04:00:00,3.600,1020.800,4.700,223.000,5.200,-0.013
2022-01-13 05:00:00,3.400,1020.400,4.100,232.000,4.700,0.289
2022-01-13 06:00:00,3.200,1020.200,3.700,223.000,4.200,0.725
2022-01-13 07:00:00,3.200,1019.900,3.400,233.000,4.000,1.194
2022-01-13 08:00:00,3.200,1019.400,2.400,241.000,2.800,1.565
2022-01-13 09:00:00,2.800,1018.600,0.900,239.000,1.200,1.821
2022-01-13 10:00:00,3.400,1018.300,1.600,272.000,2.000,1.913
2022-01-13 11:00:00,3.000,1018.000,1.500,261.000,1.900,1.821
2022-01-13 12:00:00,2.200,1018.200,1.400,239.000,1.600,1.598
2022-01-13 13:00:00,2.200,1018.200,0.000,247.000,0.200,1.302
2022-01-13 14:00:00,4.200,1018.200,0.200,247.000,0.400,0.961
2022-01-13 15:00:00,5.100,1017.900,0.500,247.000,0.800,0.643
2022-01-13 16:00:00,5.600,1017.300,1.700,17.000,1.900,0.548
2022-01-13 17:00:00,6.100,1016.200,1.600,87.000,2.100,0.748
2022-01-13 18:00:00,6.000,1015.000,1.600,82.000,2.300,0.978
2022-01-13 19:00:00,6.200,1013.800,1.700,84.000,2.500,1.329
2022-01-13 20:00:00,6.400,1013.400,1.400,87.000,2.200,1.670
2022-01-13 21:00:00,6.500,1012.800,1.200,64.000,2.300,1.883
2022-01-13 22:00:00,6.200,1012.500,0.400,79.000,1.200,2.031
2022-01-13 23:00:00,5.100,1012.300,2.400,15.000,2.900,1.929
2022-01-14 00:00:00,4.800,1012.000,2.600,24.000,3.300,1.703
2022-01-14 01:00:00,4.700,1011.400,3.000,6.000,3.700,1.329
2022-01-14 02:00:00,5.200,1010.800,2.300,25.000,3.400,1.017
2022-01-14 03:00:00,5.100,1010.200,2.900,24.000,4.300,0.791
2022-01-14 04:00:00,4.700,1009.900,2.700,26.000,3.900,0.817
2022-01-14 05:00:00,4.800,1008.800,3.500,20.000,4.500,1.086
2022-01-14 06:00:00,4.800,1008.300,4.100,12.000,5.300,1.617
2022-01-14 07:00:00,4.900,1008.100,2.700,31.000,4.000,1.982
2022-01-14 08:00:00,4.700,1007.400,5.900,3.000,7.400,2.369
2022-01-14 09:00:00,4.400,1006.700,6.000,5.000,7.800,2.785
2022-01-14 10:00:00,4.300,1006.900,6.700,356.000,8.600,2.969
2022-01-14 11:00:00,4.200,1006.700,6.000,1.000,7.500,3.068
2022-01-14 12:00:00,4.600,1006.500,6.800,7.000,8.000,3.031
2022-01-14 13:00:00,4.800,1006.500,7.500,14.000,9.300,2.858
2022-01-14 14:00:00,4.900,1007.200,8.400,6.000,10.400,2.648
2022-01-14 15:00:00,6.000,1007.500,10.300,4.000,12.800,2.044
2022-01-14 16:00:00,6.500,1007.700,10.200,10.000,13.400,1.775
2022-01-14 17:00:00,7.100,1007.400,10.400,4.000,12.600,1.732
2022-01-14 18:00:00,7.500,1007.400,10.400,5.000,12.900,1.890
2022-01-14 19:00:00,8.300,1007.400,11.100,5.000,14.100,2.106
2022-01-14 20:00:00,8.400,1008.000,9.100,360.000,10.800,2.448
2022-01-14 21:00:00,7.600,1009.000,9.400,336.000,11.400,2.618
2022-01-14 22:00:00,7.100,1009.700,7.500,343.000,10.600,2.858
2022-01-14 23:00:00,5.800,1010.900,8.400,339.000,11.900,2.871
2022-01-15 00:00:00,4.300,1012.100,8.600,335.000,10.900,2.720
2022-01-15 01:00:00,3.300,1013.200,8.500,343.000,12.000,2.490
2022-01-15 02:00:00,2.400,1014.000,10.300,356.000,13.400,1.919
2022-01-15 03:00:00,0.800,1015.100,6.900,336.000,9.300,1.572
2022-01-15 04:00:00,0.300,1015.700,9.800,344.000,12.900,1.309
2022-01-15 05:00:00,-0.600,1016.500,7.600,343.000,10.000,1.421
2022-01-15 06:00:00,-1.300,1017.300,8.000,349.000,11.600,1.591
2022-01-15 07:00:00,-1.800,1018.600,7.100,352.000,9.200,2.142
2022-01-15 08:00:00,-2.200,1019.100,7.500,352.000,10.000,2.503
2022-01-15 09:00:00,-3.000,1019.700,9.300,347.000,11.700,2.844
2022-01-15 10:00:00,-3.900,1020.100,9.600,3.000,12.200,3.146
2022-01-15 11:00:00,-4.200,1021.600,8.800,349.000,10.500,3.307
2022-01-15 12:00:00,-4.500,1022.500,7.200,342.000,9.300,3.294
2022-01-15 13:00:00,-4.900,1023.600,7.900,2.000,10.000,3.153
2022-01-15 14:00:00,-4.900,1024.900,7.900,4.000,9.400,2.946
2022-01-15 15:00:00,-4.300,1026.000,6.700,23.000,9.200,2.375
2022-01-15 16:00:00,-3.900,1026.500,5.200,27.000,8.600,1.831
2022-01-15 17:00:00,-4.200,1026.300,6.500,26.000,9.300,1.631
2022-01-15 18:00:00,-4.100,1026.700,3.500,25.000,5.400,1.617
2022-01-15 19:00:00,-3.900,1026.500,5.100,33.000,7.000,1.781
2022-01-15 20:00:00,-3.700,1026.900,5.400,12.000,7.100,2.070
2022-01-15 21:00:00,-3.700,1027.400,5.100,13.000,6.700,2.474
2022-01-15 22:00:00,-4.000,1027.900,4.800,11.000,6.200,2.628
2022-01-15 23:00:00,-3.500,1028.800,5.100,354.000,6.300,2.776
2022-01-16 00:00:00,-3.900,1028.600,3.900,2.000,4.800,2.710
2022-01-16 01:00:00,-3.600,1029.100,4.400,345.000,5.500,2.579
2022-01-16 02:00:00,-3.500,1029.400,4.900,357.000,6.400,2.270
2022-01-16 03:00:00,-3.500,1029.800,5.000,1.000,5.900,1.857
2022-01-16 04:00:00,-2.900,1029.700,4.400,23.000,6.600,1.542
2022-01-16 05:00:00,-3.400,1030.100,3.800,9.000,5.100,1.345
2022-01-16 06:00:00,-3.500,1028.600,3.400,16.000,5.000,1.401
2022-01-16 07:00:00,-2.700,1029.200,2.700,36.000,6.500,1.434
2022-01-16 08:00:00,-3.300,1029.100,3.900,38.000,6.100,2.303
2022-01-16 09:00:00,-2.100,1028.500,3.200,74.000,5.400,2.405
2022-01-16 10:00:00,-1.300,1028.500,3.800,74.000,5.700,2.894
2022-01-16 11:00:00,-0.500,1028.000,4.100,79.000,6.300,3.009
2022-01-16 12:00:00,0.100,1027.400,4.300,76.000,6.700,3.110
2022-01-16 13:00:00,0.700,1028.000,3.100,83.000,4.600,3.022
2022-01-16 14:00:00,1.600,1027.300,3.500,72.000,5.000,2.953
2022-01-16 15:00:00,2.800,1026.600,4.100,96.000,6.000,2.251
2022-01-16 16:00:00,3.700,1025.400,5.400,107.000,7.300,1.847
2022-01-16 17:00:00,4.100,1023.600,4.500,83.000,7.800,1.286
2022-01-16 18:00:00,5.400,1021.100,5.300,89.000,7.800,1.401
2022-01-16 19:00:00,6.100,1018.900,5.200,101.000,9.200,1.102
2022-01-16 20:00:00,6.500,1017.000,6.700,101.000,10.700,1.670
2022-01-16 21:00:00,6.800,1015.600,5.600,102.000,9.200,2.037
2022-01-16 22:00:00,7.200,1013.600,6.800,104.000,11.500,2.329
2022-01-16 23:00:00,7.800,1011.100,5.700,99.000,8.700,2.717
2022-01-17 00:00:00,8.400,1008.100,7.900,102.000,11.600,2.943
2022-01-17 01:00:00,9.400,1005.200,8.300,115.000,12.400,2.795
2022-01-17 02:00:00,10.100,1001.200,8.900,119.000,12.200,2.835
2022-01-17 03:00:00,10.500,997.400,9.500,120.000,14.300,2.789
2022-01-17 04:00:00,10.900,992.900,12.200,124.000,17.500,2.759
2022-01-17 05:00:00,8.300,994.000,4.500,191.000,6.900,2.867
2022-01-17 06:00:00,8.300,991.900,11.700,213.000,14.100,1.617
2022-01-17 07:00:00,6.700,991.400,7.700,224.000,9.300,1.959
2022-01-17 08:00:00,6.300,991.100,9.200,220.000,11.500,2.641
2022-01-17 09:00:00,5.900,989.300,7.900,230.000,9.600,2.884
2022-01-17 10:00:00,5.100,989.600,10.000,228.000,12.200,3.031
2022-01-17 11:00:00,3.500,990.000,10.400,235.000,13.800,3.409
2022-01-17 12:00:00,4.000,990.500,10.500,257.000,13.500,3.553
2022-01-17 13:00:00,4.000,991.100,9.200,247.000,12.500,3.638
2022-01-17 14:00:00,4.300,991.600,11.800,258.000,15.400,3.481
2022-01-17 15:00:00,4.700,992.300,9.500,249.000,11.700,3.005
2022-01-17 16:00:00,5.100,992.700,8.400,249.000,10.800,2.644
2022-01-17 17:00:00,5.600,992.300,8.600,254.000,10.900,2.064
2022-01-17 18:00:00,5.800,992.000,8.500,275.000,12.100,1.611
2022-01-17 19:00:00,5.600,993.000,8.600,276.000,12.300,1.644
2022-01-17 20:00:00,5.600,994.300,8.300,292.000,12.400,1.437
2022-01-17 21:00:00,5.300,995.300,7.100,305.000,10.500,1.722
2022-01-17 22:00:00,4.300,996.600,9.100,294.000,12.700,2.018
2022-01-17 23:00:00,3.100,998.500,7.700,315.000,9.800,2.054
2022-01-18 00:00:00,2.600,999.900,9.500,303.000,16.100,1.995
2022-01-18 01:00:00,2.200,1001.200,8.900,292.000,11.700,1.969
2022-01-18 02:00:00,2.200,1002.400,8.700,306.000,12.500,1.604
2022-01-18 03:00:00,2.100,1003.300,8.200,306.000,12.100,1.342
2022-01-18 04:00:00,1.800,1004.800,6.500,302.000,9.200,0.801
2022-01-18 05:00:00,1.500,1005.400,7.000,302.000,9.700,0.282
2022-01-18 06:00:00,1.300,1006.400,7.700,303.000,10.900,-0.043
2022-01-18 07:00:00,1.100,1007.500,7.600,310.000,11.100,-0.174
2022-01-18 08:00:00,1.300,1008.900,7.600,319.000,10.400,0.125
2022-01-18 09:00:00,1.600,1010.000,8.400,312.000,10.600,0.682
2022-01-18 10:00:00,1.600,1011.700,5.300,320.000,7.900,1.073
2022-01-18 11:00:00,1.600,1013.200,6.200,317.000,9.100,1.572
2022-01-18 12:00:00,1.400,1014.500,4.400,306.000,5.800,1.946
2022-01-18 13:00:00,1.600,1015.800,5.400,303.000,8.900,2.113
2022-01-18 14:00:00,2.600,1017.100,4.400,304.000,6.600,1.988
2022-01-18 15:00:00,3.300,1018.100,5.600,304.000,8.500,1.703
2022-01-18 16:00:00,3.600,1018.700,7.800,300.000,10.300,1.135
2022-01-18 17:00:00,3.800,1018.600,7.800,295.000,9.900,0.666
2022-01-18 18:00:00,3.900,1018.900,4.800,300.000,7.100,0.102
2022-01-18 19:00:00,3.900,1019.400,6.300,314.000,8.200,-0.115
2022-01-18 20:00:00,4.100,1019.600,5.900,314.000,9.100,-0.197
2022-01-18 21:00:00,3.900,1020.500,6.300,313.000,9.200,-0.030
2022-01-18 22:00:00,3.300,1021.600,4.600,329.000,6.200,0.449
2022-01-18 23:00:00,2.600,1022.900,2.800,311.000,3.700,0.955
2022-01-19 00:00:00,1.800,1023.600,1.500,284.000,1.900,1.243
2022-01-19 01:00:00,0.900,1024.300,1.700,232.000,1.900,1.381
2022-01-19 02:00:00,0.700,1024.500,2.100,259.000,2.600,1.214
2022-01-19 03:00:00,0.600,1025.200,1.900,241.000,2.200,0.997
2022-01-19 04:00:00,0.800,1025.200,1.300,264.000,1.600,0.495
2022-01-19 05:00:00,0.600,1024.900,0.300,291.000,0.500,-0.007
2022-01-19 06:00:00,0.500,1024.800,0.400,229.000,0.900,-0.463
2022-01-19 07:00:00,0.200,1025.100,1.100,239.000,1.600,-0.594
2022-01-19 08:00:00,0.600,1025.200,2.700,231.000,3.200,-0.459
2022-01-19 09:00:00,2.600,1024.800,3.700,221.000,6.100,0.062
2022-01-19 10:00:00,3.000,1024.500,5.300,239.000,6.200,0.604
2022-01-19 11:00:00,5.100,1024.300,8.500,212.000,10.000,1.027
2022-01-19 12:00:00,4.800,1024.400,6.600,218.000,7.700,1.496
2022-01-19 13:00:00,4.400,1024.100,6.300,237.000,7.500,1.791
2022-01-19 14:00:00,4.600,1024.100,8.100,233.000,9.600,1.870
2022-01-19 15:00:00,5.300,1024.200,8.100,228.000,10.300,1.611
2022-01-19 16:00:00,5.600,1023.500,10.200,225.000,12.200,1.115
2022-01-19 17:00:00,6.700,1021.800,9.200,234.000,11.100,0.561
2022-01-19 18:00:00,6.400,1020.600,10.400,222.000,12.200,0.000
2022-01-19 19:00:00,7.400,1019.900,9.400,230.000,12.400,-0.351
2022-01-19 20:00:00,7.200,1019.700,7.400,233.000,8.600,-0.492
2022-01-19 21:00:00,6.900,1019.600,7.100,218.000,8.100,-0.394
2022-01-19 22:00:00,6.700,1019.200,4.500,226.000,5.100,-0.023
2022-01-19 23:00:00,7.100,1019.600,7.500,231.000,9.100,0.420
2022-01-20 00:00:00,6.500,1019.600,6.700,233.000,8.000,0.853
2022-01-20 01:00:00,7.100,1019.600,5.800,233.000,6.700,1.220
2022-01-20 02:00:00,7.200,1019.200,6.200,222.000,7.600,1.247
2022-01-20 03:00:00,7.500,1019.300,6.300,222.000,7.100,1.165
2022-01-20 04:00:00,6.800,1019.000,6.800,221.000,7.900,0.860
2022-01-20 05:00:00,7.000,1019.000,4.800,224.000,5.400,0.335
2022-01-20 06:00:00,6.300,1018.600,4.900,226.000,5.700,-0.089
2022-01-20 07:00:00,5.700,1018.400,4.400,217.000,4.800,-0.446
2022-01-20 08:00:00,5.600,1018.400,4.700,225.000,5.400,-0.466
2022-01-20 09:00:00,5.500,1017.700,5.100,224.000,5.900,-0.190
2022-01-20 10:00:00,5.200,1017.700,2.800,239.000,3.100,0.331
2022-01-20 11:00:00,4.800,1018.300,1.500,241.000,1.700,0.843
2022-01-20 12:00:00,4.900,1018.500,0.000,196.000,0.000,1.335
2022-01-20 13:00:00,5.300,1019.000,1.100,239.000,1.500,1.775
2022-01-20 14:00:00,5.900,1020.000,2.000,8.000,2.700,2.054
2022-01-20 15:00:00,6.100,1021.000,4.100,13.000,4.900,1.988
2022-01-20 16:00:00,5.400,1021.200,5.400,25.000,8.100,1.821
2022-01-20 17:00:00,4.600,1021.400,4.700,25.000,6.700,1.342
2022-01-20 18:00:00,4.000,1021.400,6.400,1.000,7.400,0.607
2022-01-20 19:00:00,3.100,1021.400,7.300,7.000,8.800,0.246
2022-01-20 20:00:00,2.500,1021.700,7.600,11.000,9.200,0.049
2022-01-20 21:00:00,1.400,1023.000,6.300,4.000,8.000,0.092
2022-01-20 22:00:00,0.700,1023.700,7.400,5.000,9.200,0.279
2022-01-20 23:00:00,0.500,1024.700,6.700,1.000,8.500,0.879
2022-01-21 00:00:00,0.000,1025.800,7.000,7.000,9.200,1.365
2022-01-21 01:00:00,-0.800,1026.700,5.700,31.000,7.600,1.709
2022-01-21 02:00:00,-0.300,1027.400,5.800,24.000,9.200,2.011
2022-01-21 03:00:00,0.200,1027.800,7.100,12.000,9.300,2.021
2022-01-21 04:00:00,-0.400,1028.000,8.200,359.000,10.100,1.946
2022-01-21 05:00:00,-1.200,1028.000,8.600,5.000,10.500,1.637
2022-01-21 06:00:00,-2.000,1028.000,8.400,2.000,10.200,1.188
2022-01-21 07:00:00,-2.100,1028.300,9.100,15.000,12.800,0.617
2022-01-21 08:00:00,-2.500,1029.000,8.900,20.000,12.800,0.476
2022-01-21 09:00:00,-2.700,1029.300,6.800,22.000,10.100,0.600
2022-01-21 10:00:00,-3.300,1029.600,7.300,26.000,12.100,0.974
2022-01-21 11:00:00,-3.800,1030.900,8.000,22.000,12.400,1.499
2022-01-21 12:00:00,-4.400,1031.800,7.900,29.000,11.800,1.969
2022-01-21 13:00:00,-4.500,1032.400,7.200,26.000,10.900,2.382
2022-01-21 14:00:00,-4.600,1032.600,7.600,31.000,10.700,2.733
2022-01-21 15:00:00,-4.400,1033.600,6.900,27.000,12.200,2.828
2022-01-21 16:00:00,-4.000,1033.500,7.900,22.000,11.200,2.749
2022-01-21 17:00:00,-3.500,1033.000,7.700,22.000,12.500,2.513
2022-01-21 18:00:00,-3.200,1032.300,8.200,19.000,11.500,2.047
2022-01-21 19:00:00,-3.400,1032.300,7.800,30.000,11.600,1.447
2022-01-21 20:00:00,-3.100,1032.100,7.800,31.000,10.900,0.873
2022-01-21 21:00:00,-2.900,1032.500,6.100,29.000,9.800,0.696
2022-01-21 22:00:00,-2.900,1032.200,7.700,27.000,11.300,0.846
2022-01-21 23:00:00,-2.400,1032.600,6.500,29.000,9.700,1.214
2022-01-22 00:00:00,-2.400,1032.700,7.300,32.000,10.700,1.585
2022-01-22 01:00:00,-2.400,1032.200,7.100,30.000,10.200,1.988
2022-01-22 02:00:00,-2.500,1032.100,6.800,30.000,10.500,2.362
2022-01-22 03:00:00,-2.400,1031.800,7.600,25.000,11.100,2.569
2022-01-22 04:00:00,-2.900,1031.500,7.700,9.000,10.000,2.582
2022-01-22 05:00:00,-3.300,1030.400,8.500,3.000,11.000,2.369
2022-01-22 06:00:00,-2.900,1029.000,8.800,8.000,11.400,2.087
2022-01-22 07:00:00,-3.300,1028.200,9.000,5.000,10.600,1.604
2022-01-22 08:00:00,-2.600,1027.500,9.200,15.000,11.000,1.237
2022-01-22 09:00:00,-2.900,1027.300,9.300,10.000,11.900,1.102
2022-01-22 10:00:00,-2.600,1027.700,9.200,11.000,11.600,1.086
2022-01-22 11:00:00,-2.800,1028.400,9.000,3.000,12.100,1.499
2022-01-22 12:00:00,-3.500,1028.800,8.000,7.000,9.400,1.893
2022-01-22 13:00:00,-3.100,1029.100,7.700,6.000,9.900,2.320
2022-01-22 14:00:00,-3.000,1029.000,8.700,8.000,10.300,2.717
2022-01-22 15:00:00,-2.700,1029.200,8.500,10.000,11.100,2.982
2022-01-22 16:00:00,-2.000,1029.300,6.300,22.000,9.300,2.949
2022-01-22 17:00:00,-1.600,1028.100,5.300,19.000,8.600,2.766
2022-01-22 18:00:00,-1.200,1027.100,4.800,20.000,6.600,2.441
2022-01-22 19:00:00,-0.600,1026.100,4.000,28.000,5.400,1.893
2022-01-22 20:00:00,0.100,1025.800,3.500,27.000,4.500,1.401
2022-01-22 21:00:00,0.100,1024.900,3.100,38.000,4.600,1.115
2022-01-22 22:00:00,-0.300,1024.800,2.000,33.000,3.300,1.004
2022-01-22 23:00:00,-1.200,1024.700,1.200,66.000,1.700,1.168
2022-01-23 00:00:00,-1.200,1024.600,1.400,27.000,2.100,1.440
2022-01-23 01:00:00,-1.700,1024.300,1.200,312.000,1.300,1.886
2022-01-23 02:00:00,-2.400,1024.200,2.300,311.000,2.600,2.228
2022-01-23 03:00:00,-2.200,1023.900,1.800,308.000,2.100,2.428
2022-01-23 04:00:00,-2.500,1023.000,1.500,271.000,1.900,2.625
2022-01-23 05:00:00,-2.300,1022.100,2.000,249.000,2.300,2.438
2022-01-23 06:00:00,-3.000,1021.300,1.700,294.000,2.000,2.329
2022-01-23 07:00:00,-2.300,1020.800,2.300,270.000,2.800,1.680
2022-01-23 08:00:00,-2.900,1020.100,1.700,243.000,2.100,1.434
2022-01-23 09:00:00,-3.000,1019.400,1.700,246.000,2.100,1.024
2022-01-23 10:00:00,-3.000,1019.100,2.000,232.000,2.800,0.873
2022-01-23 11:00:00,-2.900,1019.000,1.800,229.000,2.400,0.988
2022-01-23 12:00:00,-2.800,1018.900,1.600,234.000,2.000,1.339
2022-01-23 13:00:00,-2.700,1019.000,2.300,270.000,2.800,1.772
2022-01-23 14:00:00,-1.800,1018.100,2.200,288.000,3.000,2.136
2022-01-23 15:00:00,-0.200,1017.500,1.700,336.000,2.300,2.454
2022-01-23 16:00:00,0.400,1016.700,1.600,26.000,2.200,2.661
2022-01-23 17:00:00,1.000,1015.300,2.300,98.000,3.000,2.612
2022-01-23 18:00:00,1.000,1014.000,2.200,128.000,2.900,2.418
2022-01-23 19:00:00,1.300,1013.000,2.200,183.000,2.800,1.991
2022-01-23 20:00:00,1.300,1012.400,2.400,183.000,4.000,1.575
2022-01-23 21:00:00,1.900,1011.600,3.500,190.000,4.800,1.115
2022-01-23 22:00:00,1.100,1011.500,3.700,236.000,4.300,0.912
2022-01-23 23:00:00,1.200,1011.200,3.800,227.000,4.700,0.886
2022-01-24 00:00:00,1.000,1011.000,2.800,243.000,3.700,1.043
2022-01-24 01:00:00,1.200,1010.900,3.300,240.000,4.000,1.407
2022-01-24 02:00:00,1.300,1011.000,2.100,228.000,2.400,1.824
2022-01-24 03:00:00,1.500,1010.500,1.500,223.000,1.800,2.159
2022-01-24 04:00:00,1.700,1010.200,2.300,234.000,3.400,2.395
2022-01-24 05:00:00,1.600,1010.000,3.600,270.000,4.700,2.441
2022-01-24 06:00:00,1.900,1010.500,4.600,291.000,5.400,2.362
2022-01-24 07:00:00,1.600,1010.700,4.600,318.000,5.600,2.060
2022-01-24 08:00:00,1.500,1011.100,3.900,328.000,4.800,1.558
2022-01-24 09:00:00,0.700,1011.600,3.100,336.000,3.700,1.171
2022-01-24 10:00:00,0.100,1012.300,2.800,321.000,3.300,0.830
2022-01-24 11:00:00,0.300,1013.000,4.300,351.000,6.000,0.732
2022-01-24 12:00:00,0.000,1014.200,4.000,351.000,4.900,1.004
2022-01-24 13:00:00,0.000,1014.900,3.500,1.000,4.200,1.358
2022-01-24 14:00:00,0.100,1015.400,5.000,7.000,5.900,1.762
2022-01-24 15:00:00,0.600,1015.700,3.400,15.000,4.700,2.133
2022-01-24 16:00:00,1.500,1015.600,3.000,28.000,4.500,2.372
2022-01-24 17:00:00,2.100,1014.800,3.100,81.000,4.400,2.513
2022-01-24 18:00:00,2.100,1014.400,2.200,73.000,3.400,2.477
2022-01-24 19:00:00,2.700,1014.200,2.600,141.000,3.500,2.283
2022-01-24 20:00:00,3.000,1014.100,1.600,155.000,2.400,1.873
2022-01-24 21:00:00,2.800,1013.500,3.200,153.000,4.600,1.512
2022-01-24 22:00:00,2.700,1013.800,3.300,190.000,4.100,1.158
2022-01-24 23:00:00,3.300,1013.900,4.100,201.000,5.300,1.040
2022-01-25 00:00:00,3.800,1013.700,4.500,189.000,6.200,0.991
2022-01-25 01:00:00,4.400,1013.600,5.300,199.000,6.300,1.135
2022-01-25 02:00:00,4.600,1013.400,5.200,198.000,6.700,1.572
2022-01-25 03:00:00,5.000,1013.600,6.800,204.000,8.300,2.021
2022-01-25 04:00:00,4.900,1013.600,7.400,222.000,8.900,2.323
2022-01-25 05:00:00,4.700,1013.100,6.300,224.000,7.600,2.520
2022-01-25 06:00:00,4.500,1012.500,5.800,229.000,6.900,2.559
2022-01-25 07:00:00,4.500,1012.800,6.200,217.000,7.100,2.520
2022-01-25 08:00:00,4.200,1012.600,5.100,223.000,6.100,2.228
2022-01-25 09:00:00,4.800,1012.500,4.600,230.000,5.700,1.742
2022-01-25 10:00:00,4.300,1012.600,4.000,219.000,4.500,1.309
2022-01-25 11:00:00,4.200,1013.300,4.900,216.000,5.700,0.971
2022-01-25 12:00:00,4.000,1014.000,5.000,225.000,5.800,0.853
2022-01-25 13:00:00,4.000,1014.600,4.600,219.000,5.200,1.020
2022-01-25 14:00:00,4.400,1015.400,2.900,228.000,3.500,1.286
2022-01-25 15:00:00,4.900,1016.000,1.700,245.000,2.100,1.673
2022-01-25 16:00:00,5.200,1016.200,1.600,243.000,2.100,2.001
2022-01-25 17:00:00,4.800,1015.900,1.300,228.000,1.500,2.215
2022-01-25 18:00:00,5.200,1015.500,0.100,239.000,0.400,2.297
2022-01-25 19:00:00,6.200,1015.600,1.400,33.000,1.700,2.205
2022-01-25 20:00:00,6.400,1016.200,0.800,50.000,1.500,2.014
2022-01-25 21:00:00,5.600,1016.700,2.200,32.000,2.900,1.637
2022-01-25 22:00:00,4.700,1017.600,2.700,17.000,3.700,1.217
2022-01-25 23:00:00,5.200,1018.800,4.800,2.000,5.800,0.794
2022-01-26 00:00:00,4.300,1020.000,6.800,9.000,8.400,0.666
2022-01-26 01:00:00,3.500,1020.500,6.500,11.000,7.900,0.689
2022-01-26 02:00:00,2.800,1021.100,5.600,7.000,7.300,0.961
2022-01-26 03:00:00,2.100,1021.900,6.900,8.000,9.000,1.457
2022-01-26 04:00:00,1.300,1022.300,7.200,0.000,9.100,1.923
2022-01-26 05:00:00,0.700,1022.800,7.500,3.000,9.300,2.244
2022-01-26 06:00:00,0.300,1022.800,7.200,3.000,8.800,2.549
2022-01-26 07:00:00,0.200,1023.300,7.400,10.000,9.200,2.628
2022-01-26 08:00:00,-0.100,1024.300,6.500,348.000,8.800,2.618
2022-01-26 09:00:00,-0.800,1024.600,8.000,358.000,9.900,2.418
2022-01-26 10:00:00,-1.400,1025.200,9.000,358.000,10.500,1.890
2022-01-26 11:00:00,-1.800,1026.100,9.200,355.000,11.200,1.316
2022-01-26 12:00:00,-2.700,1027.400,7.900,353.000,9.500,0.938
2022-01-26 13:00:00,-2.800,1028.400,6.300,350.000,9.800,0.886
2022-01-26 14:00:00,-2.700,1029.200,7.700,353.000,11.000,0.961
2022-01-26 15:00:00,-2.300,1029.600,7.900,12.000,10.500,1.299
2022-01-26 16:00:00,-2.000,1029.500,6.600,2.000,7.800,1.631
2022-01-26 17:00:00,-2.000,1028.900,6.200,8.000,7.700,1.890
2022-01-26 18:00:00,-1.100,1028.300,6.300,359.000,8.400,2.136
2022-01-26 19:00:00,-0.700,1028.200,6.200,11.000,7.900,2.205
2022-01-26 20:00:00,-0.800,1028.500,7.600,15.000,9.700,2.083
2022-01-26 21:00:00,-1.300,1028.900,5.100,31.000,6.500,1.791
2022-01-26 22:00:00,-1.200,1029.700,3.100,20.000,4.400,1.490
2022-01-26 23:00:00,-1.300,1030.700,5.600,16.000,8.300,0.994
2022-01-27 00:00:00,-1.400,1031.400,5.600,10.000,6.800,0.558
2022-01-27 01:00:00,-1.900,1032.000,4.700,352.000,6.100,0.256
2022-01-27 02:00:00,-2.300,1032.400,5.600,2.000,6.600,0.394
2022-01-27 03:00:00,-2.400,1032.800,4.200,345.000,5.700,0.669
2022-01-27 04:00:00,-2.600,1033.000,3.800,353.000,4.600,1.273
2022-01-27 05:00:00,-2.600,1032.900,3.600,349.000,4.700,1.660
2022-01-27 06:00:00,-3.400,1033.000,3.800,337.000,4.700,2.041
2022-01-27 07:00:00,-3.500,1032.900,3.100,332.000,3.600,2.326
2022-01-27 08:00:00,-3.000,1032.500,2.500,28.000,4.200,2.461
2022-01-27 09:00:00,-2.500,1032.100,3.100,16.000,4.000,2.418
2022-01-27 10:00:00,-3.400,1032.300,3.100,337.000,3.700,2.178
2022-01-27 11:00:00,-4.700,1032.600,2.200,333.000,2.700,1.654
2022-01-27 12:00:00,-4.200,1032.800,2.400,342.000,2.800,1.119
2022-01-27 13:00:00,-4.000,1032.800,1.700,340.000,2.200,0.814
2022-01-27 14:00:00,-2.000,1032.800,1.800,15.000,2.600,0.673
2022-01-27 15:00:00,-0.800,1033.100,0.300,77.000,1.100,0.738
2022-01-27 16:00:00,-0.200,1033.000,1.700,200.000,2.300,0.837
2022-01-27 17:00:00,0.700,1031.800,0.400,146.000,1.100,1.234
2022-01-27 18:00:00,0.500,1030.400,0.500,128.000,1.900,1.555
2022-01-27 19:00:00,0.700,1029.300,1.100,246.000,1.600,1.834
2022-01-27 20:00:00,0.800,1028.300,1.900,131.000,3.200,1.913
2022-01-27 21:00:00,1.600,1028.600,0.900,166.000,1.400,1.886
2022-01-27 22:00:00,0.700,1028.200,1.600,175.000,2.000,1.729
2022-01-27 23:00:00,0.200,1027.800,2.100,182.000,3.100,1.306
2022-01-28 00:00:00,0.200,1027.700,0.700,299.000,1.300,0.850
2022-01-28 01:00:00,-0.200,1027.800,0.400,262.000,1.100,0.449
2022-01-28 02:00:00,-0.700,1027.200,1.200,282.000,1.500,0.194
2022-01-28 03:00:00,-0.500,1026.500,1.800,253.000,2.200,0.338
2022-01-28 04:00:00,-0.400,1026.300,1.500,264.000,1.800,0.771
2022-01-28 05:00:00,-0.200,1025.400,1.000,248.000,1.500,1.230
2022-01-28 06:00:00,0.000,1024.700,1.000,267.000,1.300,1.713
2022-01-28 07:00:00,0.300,1024.400,1.200,292.000,1.400,2.106
2022-01-28 08:00:00,0.200,1024.000,1.000,223.000,1.300,2.457
2022-01-28 09:00:00,0.900,1022.900,2.100,195.000,2.800,2.595
2022-01-28 10:00:00,1.100,1022.400,1.300,225.000,1.700,2.510
2022-01-28 11:00:00,0.900,1022.200,0.300,257.000,0.500,2.287
2022-01-28 12:00:00,2.200,1022.200,1.500,164.000,2.300,1.860
2022-01-28 13:00:00,2.800,1022.100,1.500,189.000,2.100,1.257
2022-01-28 14:00:00,2.200,1021.500,1.100,31.000,1.500,0.797
2022-01-28 15:00:00,2.200,1021.700,0.900,34.000,1.000,0.548
2022-01-28 16:00:00,3.000,1021.500,1.300,23.000,1.400,0.515
2022-01-28 17:00:00,3.300,1020.700,1.600,21.000,2.200,0.820
2022-01-28 18:00:00,3.500,1018.700,2.500,29.000,3.500,1.158
2022-01-28 19:00:00,3.500,1017.900,2.000,67.000,3.100,1.644
2022-01-28 20:00:00,3.100,1017.100,2.300,52.000,6.000,1.932
2022-01-28 21:00:00,3.900,1016.500,2.200,74.000,3.900,2.067
2022-01-28 22:00:00,3.200,1015.300,5.400,32.000,7.200,2.136
2022-01-28 23:00:00,3.300,1014.600,4.900,32.000,6.700,2.057
2022-01-29 00:00:00,3.400,1014.200,3.100,39.000,6.300,1.608
2022-01-29 01:00:00,2.500,1014.700,4.800,37.000,8.500,1.106
2022-01-29 02:00:00,1.200,1012.800,6.700,29.000,10.100,0.820
2022-01-29 03:00:00,0.600,1011.400,6.000,24.000,10.500,0.587
2022-01-29 04:00:00,0.300,1010.700,8.000,9.000,10.900,0.912
2022-01-29 05:00:00,0.000,1009.000,8.600,14.000,11.300,1.325
2022-01-29 06:00:00,-0.100,1007.700,9.800,12.000,13.100,2.051
2022-01-29 07:00:00,-0.100,1005.600,11.800,15.000,17.000,2.562
2022-01-29 08:00:00,-0.200,1004.800,11.700,13.000,15.300,3.153
2022-01-29 09:00:00,-0.600,1004.100,11.400,4.000,13.300,3.527
2022-01-29 10:00:00,-1.300,1003.600,12.400,1.000,16.300,3.727
2022-01-29 11:00:00,-1.800,1003.700,13.400,360.000,18.000,3.757
2022-01-29 12:00:00,-2.400,1004.300,12.400,348.000,15.200,3.684
2022-01-29 13:00:00,-2.600,1005.100,11.600,346.000,14.800,3.366
2022-01-29 14:00:00,-3.600,1005.600,11.500,342.000,15.700,2.779
2022-01-29 15:00:00,-4.100,1006.700,9.700,341.000,11.400,2.129
2022-01-29 16:00:00,-4.500,1007.600,10.600,340.000,14.000,1.713
2022-01-29 17:00:00,-5.200,1007.600,12.800,333.000,16.500,1.739
2022-01-29 18:00:00,-5.700,1007.800,10.900,334.000,13.900,1.818
2022-01-29 19:00:00,-5.100,1007.900,9.700,339.000,12.400,2.247
2022-01-29 20:00:00,-5.600,1008.300,10.600,333.000,14.300,2.710
2022-01-29 21:00:00,-4.700,1008.800,8.000,327.000,10.300,2.956
2022-01-29 22:00:00,-5.600,1009.500,7.600,331.000,9.600,3.100
2022-01-29 23:00:00,-5.000,1010.200,8.500,328.000,11.200,3.140
2022-01-30 00:00:00,-5.000,1011.300,6.400,319.000,9.100,2.933
2022-01-30 01:00:00,-5.300,1012.100,6.600,319.000,9.800,2.500
2022-01-30 02:00:00,-5.500,1012.700,5.800,316.000,7.100,1.841
2022-01-30 03:00:00,-5.800,1013.000,6.300,325.000,7.900,1.391
2022-01-30 04:00:00,-5.600,1013.600,9.000,333.000,11.800,1.122
2022-01-30 05:00:00,-5.900,1014.500,9.400,333.000,13.600,1.138
2022-01-30 06:00:00,-6.400,1015.200,7.100,337.000,8.400,1.375
2022-01-30 07:00:00,-6.600,1016.300,7.300,339.000,10.000,1.975
2022-01-30 08:00:00,-7.000,1017.000,5.500,337.000,6.700,2.556
2022-01-30 09:00:00,-7.300,1017.900,5.300,329.000,7.400,2.982
2022-01-30 10:00:00,-8.100,1018.700,4.300,324.000,5.000,3.317
2022-01-30 11:00:00,-9.100,1019.800,3.500,309.000,4.600,3.471
2022-01-30 12:00:00,-9.200,1020.900,2.400,305.000,4.100,3.474
2022-01-30 13:00:00,-8.600,1021.600,4.000,312.000,5.500,3.248
2022-01-30 14:00:00,-6.900,1021.800,2.900,310.000,4.800,2.687
2022-01-30 15:00:00,-5.700,1021.800,4.500,319.000,5.800,1.955
2022-01-30 16:00:00,-4.900,1021.600,4.900,334.000,5.900,1.414
2022-01-30 17:00:00,-3.900,1021.000,3.600,305.000,4.600,1.178
2022-01-30 18:00:00,-2.900,1020.000,2.200,277.000,4.100,1.050
2022-01-30 19:00:00,-1.900,1019.500,4.200,303.000,5.300,1.145
2022-01-30 20:00:00,-1.300,1019.200,2.400,304.000,3.400,1.453
2022-01-30 21:00:00,-1.300,1019.000,5.300,224.000,6.400,1.991
2022-01-30 22:00:00,-2.200,1019.500,4.900,232.000,5.700,2.372
2022-01-30 23:00:00,-2.400,1020.500,4.000,237.000,4.700,2.444
2022-01-31 00:00:00,-2.000,1021.400,1.900,251.000,2.400,2.205
2022-01-31 01:00:00,-1.900,1022.100,1.200,293.000,1.500,1.781
2022-01-31 02:00:00,-2.000,1022.700,1.600,348.000,1.900,1.263
2022-01-31 03:00:00,-1.800,1023.300,1.000,71.000,1.200,0.643
2022-01-31 04:00:00,-1.600,1023.200,1.000,50.000,1.300,0.066
2022-01-31 05:00:00,-0.700,1023.300,0.600,84.000,1.300,-0.305
2022-01-31 06:00:00,-0.200,1022.800,1.600,85.000,2.300,-0.308
2022-01-31 07:00:00,0.200,1022.600,2.900,83.000,4.200,0.062
2022-01-31 08:00:00,0.300,1022.500,2.800,83.000,4.300,0.686
2022-01-31 09:00:00,0.600,1022.700,2.900,76.000,4.500,1.503
2022-01-31 10:00:00,0.900,1023.300,3.400,77.000,4.800,2.087
2022-01-31 11:00:00,1.400,1024.100,3.600,81.000,5.600,2.474
2022-01-31 12:00:00,1.400,1024.700,4.100,85.000,6.000,2.625
2022-01-31 13:00:00,1.900,1025.300,4.400,92.000,6.600,2.536
2022-01-31 14:00:00,2.400,1026.200,4.200,86.000,7.300,2.251
2022-01-31 15:00:00,2.700,1026.700,4.100,86.000,6.900,1.614
2022-01-31 16:00:00,3.200,1027.200,3.500,80.000,5.300,0.797
2022-01-31 17:00:00,3.200,1026.900,3.600,69.000,5.700,0.194
2022-01-31 18:00:00,2.900,1026.500,2.900,74.000,4.600,-0.121
2022-01-31 19:00:00,2.600,1026.200,3.400,71.000,6.200,-0.052
2022-01-31 20:00:00,2.800,1026.700,2.900,80.000,6.200,0.210
2022-01-31 21:00:00,2.600,1026.900,3.400,70.000,6.100,0.863
2022-01-31 22:00:00,2.100,1027.000,2.200,53.000,5.100,1.552
2022-01-31 23:00:00,1.900,1027.700,3.100,74.000,6.400,1.982
2022-02-01 00:00:00,2.100,1028.600,3.900,68.000,6.800,2.192
2022-02-01 01:00:00,2.200,1029.300,3.400,72.000,5.800,2.087
2022-02-01 02:00:00,2.400,1029.500,4.900,70.000,8.000,1.775
2022-02-01 03:00:00,2.700,1030.100,3.500,72.000,6.000,1.227
2022-02-01 04:00:00,3.100,1030.100,4.700,75.000,7.100,0.574
2022-02-01 05:00:00,2.800,1030.200,2.600,50.000,4.200,-0.016
2022-02-01 06:00:00,2.700,1030.000,2.900,48.000,6.100,-0.236
2022-02-01 07:00:00,2.500,1030.400,2.600,40.000,5.500,-0.135
2022-02-01 08:00:00,0.200,1030.600,4.200,10.000,5.100,0.410
2022-02-01 09:00:00,-0.200,1030.500,4.300,20.000,5.600,1.263
2022-02-01 10:00:00,0.500,1030.900,4.700,18.000,5.900,1.864
2022-02-01 11:00:00,-0.600,1031.800,4.400,1.000,5.300,2.448
2022-02-01 12:00:00,-1.200,1032.800,4.000,4.000,4.400,2.789
2022-02-01 13:00:00,-0.600,1033.000,4.900,19.000,5.700,2.936
2022-02-01 14:00:00,0.600,1033.300,4.800,12.000,5.800,2.858
2022-02-01 15:00:00,2.100,1033.500,4.100,8.000,5.100,2.516
2022-02-01 16:00:00,3.500,1033.500,4.300,36.000,6.000,1.929
2022-02-01 17:00:00,3.300,1033.300,4.800,37.000,6.700,1.089
2022-02-01 18:00:00,3.800,1033.100,3.800,35.000,6.000,0.538
2022-02-01 19:00:00,3.000,1032.700,3.600,28.000,5.400,0.328
2022-02-01 20:00:00,3.500,1032.400,4.300,29.000,6.300,0.495
2022-02-01 21:00:00,3.800,1032.000,2.100,58.000,4.900,0.860
2022-02-01 22:00:00,3.400,1032.300,2.600,28.000,4.300,1.657
2022-02-01 23:00:00,3.400,1032.700,2.100,32.000,3.000,2.126
2022-02-02 00:00:00,2.700,1033.400,2.600,12.000,3.000,2.467
2022-02-02 01:00:00,2.500,1033.900,2.700,24.000,3.900,2.598
2022-02-02 02:00:00,3.000,1033.600,2.100,34.000,3.300,2.507
2022-02-02 03:00:00,2.700,1033.800,2.700,6.000,3.100,2.254
2022-02-02 04:00:00,3.000,1033.400,1.500,30.000,2.500,1.703
2022-02-02 05:00:00,2.500,1032.900,2.500,6.000,2.900,0.955
2022-02-02 06:00:00,1.600,1032.400,2.900,14.000,3.400,0.446
2022-02-02 07:00:00,1.600,1032.200,3.100,10.000,3.600,0.269
2022-02-02 08:00:00,1.300,1031.800,2.900,15.000,3.600,0.427
2022-02-02 09:00:00,1.300,1031.600,3.200,10.000,3.600,0.928
2022-02-02 10:00:00,1.100,1031.600,3.600,11.000,4.100,1.614
2022-02-02 11:00:00,1.200,1031.500,3.400,8.000,4.200,2.162
2022-02-02 12:00:00,1.300,1031.400,2.200,20.000,3.300,2.713
2022-02-02 13:00:00,1.800,1031.300,2.500,16.000,3.000,3.012
2022-02-02 14:00:00,2.700,1031.600,3.800,10.000,5.000,3.127
2022-02-02 15:00:00,2.800,1032.100,3.200,7.000,3.900,2.930
2022-02-02 16:00:00,3.800,1032.200,3.600,3.000,4.400,2.546
2022-02-02 17:00:00,4.300,1031.100,1.700,15.000,2.100,1.795
2022-02-02 18:00:00,5.100,1030.500,2.700,7.000,3.200,1.135
2022-02-02 19:00:00,5.500,1030.300,2.200,16.000,2.700,0.620
2022-02-02 20:00:00,5.500,1029.900,2.000,28.000,2.800,0.479
2022-02-02 21:00:00,6.000,1029.000,2.100,83.000,3.400,0.663
2022-02-02 22:00:00,5.300,1029.100,2.000,97.000,2.600,1.086
2022-02-02 23:00:00,4.900,1028.600,2.000,106.000,3.000,1.736
2022-02-03 00:00:00,4.300,1028.800,1.100,132.000,1.800,2.201
2022-02-03 01:00:00,3.800,1028.600,0.000,103.000,0.000,2.530
2022-02-03 02:00:00,3.400,1028.500,0.100,289.000,0.400,2.562
2022-02-03 03:00:00,3.300,1027.800,0.000,306.000,0.000,2.444
2022-02-03 04:00:00,3.100,1027.800,0.600,300.000,0.900,2.057
2022-02-03 05:00:00,3.100,1027.800,0.900,309.000,1.000,1.424
2022-02-03 06:00:00,3.200,1027.400,0.300,292.000,0.900,0.791
2022-02-03 07:00:00,3.300,1027.300,0.000,306.000,0.500,0.312
2022-02-03 08:00:00,3.300,1027.000,1.000,180.000,1.200,0.180
2022-02-03 09:00:00,3.300,1026.800,0.300,162.000,0.500,0.469
2022-02-03 10:00:00,3.500,1026.500,0.000,125.000,0.000,0.899
2022-02-03 11:00:00,2.900,1027.100,1.100,31.000,1.600,1.585
2022-02-03 12:00:00,3.800,1027.100,0.900,75.000,1.400,2.152
2022-02-03 13:00:00,3.300,1027.500,2.900,16.000,3.300,2.595
2022-02-03 14:00:00,3.800,1027.900,2.300,24.000,3.000,2.858
2022-02-03 15:00:00,5.300,1027.300,1.900,74.000,2.700,2.841
2022-02-03 16:00:00,5.300,1027.000,0.300,117.000,0.900,2.605
2022-02-03 17:00:00,6.100,1025.900,1.200,163.000,1.700,2.172
2022-02-03 18:00:00,6.900,1024.700,2.200,196.000,2.700,1.365
2022-02-03 19:00:00,6.900,1023.800,3.000,192.000,3.900,0.807
2022-02-03 20:00:00,6.200,1023.400,2.900,198.000,3.700,0.430
2022-02-03 21:00:00,6.000,1022.800,2.600,195.000,3.300,0.417
2022-02-03 22:00:00,8.300,1023.000,4.100,235.000,5.000,0.692
2022-02-03 23:00:00,6.800,1022.300,4.100,204.000,5.000,1.211
2022-02-04 00:00:00,8.400,1022.100,5.500,221.000,7.600,1.657
2022-02-04 01:00:00,7.000,1022.100,5.600,216.000,6.200,2.165
2022-02-04 02:00:00,7.000,1021.300,5.600,217.000,6.100,2.444
2022-02-04 03:00:00,10.200,1020.900,5.600,225.000,6.500,2.493
2022-02-04 04:00:00,7.500,1020.400,4.900,221.000,5.700,2.260
2022-02-04 05:00:00,8.700,1019.900,6.100,226.000,7.300,1.985
2022-02-04 06:00:00,8.300,1019.000,4.900,224.000,6.300,1.250
2022-02-04 07:00:00,6.900,1018.000,6.100,205.000,7.100,0.699
2022-02-04 08:00:00,7.200,1017.100,6.900,207.000,8.200,0.249
2022-02-04 09:00:00,7.500,1015.800,8.400,214.000,9.900,0.243
2022-02-04 10:00:00,7.900,1014.700,9.300,217.000,10.600,0.459
2022-02-04 11:00:00,9.900,1014.900,7.600,237.000,9.500,0.974
2022-02-04 12:00:00,9.400,1015.300,8.800,229.000,10.900,1.440
2022-02-04 13:00:00,8.200,1015.300,8.000,226.000,10.300,1.988
2022-02-04 14:00:00,9.000,1015.300,6.800,235.000,8.700,2.379
2022-02-04 15:00:00,8.700,1015.100,7.200,223.000,8.900,2.484
2022-02-04 16:00:00,8.100,1014.700,7.500,220.000,8.700,2.326
2022-02-04 17:00:00,6.900,1013.300,5.500,224.000,6.400,1.965
2022-02-04 18:00:00,10.100,1012.000,9.000,236.000,11.300,1.430
2022-02-04 19:00:00,8.100,1011.700,4.400,222.000,7.300,1.027
2022-02-04 20:00:00,10.100,1011.100,9.100,234.000,10.900,0.361
2022-02-04 21:00:00,7.900,1012.900,8.300,356.000,10.400,0.039
2022-02-04 22:00:00,6.200,1014.400,7.900,342.000,11.200,0.059
2022-02-04 23:00:00,5.600,1015.400,5.100,340.000,6.500,0.240
2022-02-05 00:00:00,4.900,1015.700,3.600,4.000,4.700,0.735
2022-02-05 01:00:00,3.700,1017.100,6.400,325.000,8.000,1.371
2022-02-05 02:00:00,2.900,1017.300,3.800,331.000,4.700,1.926
2022-02-05 03:00:00,1.900,1017.300,6.800,357.000,9.100,2.201
2022-02-05 04:00:00,1.100,1018.000,6.600,352.000,8.600,2.244
2022-02-05 05:00:00,0.700,1017.400,6.400,344.000,7.800,2.096
2022-02-05 06:00:00,0.300,1017.400,7.400,338.000,9.300,1.604
2022-02-05 07:00:00,0.200,1017.600,9.000,342.000,11.300,1.004
2022-02-05 08:00:00,0.100,1018.100,7.000,342.000,10.500,0.499
2022-02-05 09:00:00,0.000,1019.100,7.100,347.000,9.600,0.249
2022-02-05 10:00:00,-0.200,1020.400,8.000,360.000,10.300,0.098
2022-02-05 11:00:00,-0.200,1021.500,7.400,349.000,10.300,0.571
2022-02-05 12:00:00,-0.100,1022.800,7.200,346.000,9.200,1.083
2022-02-05 13:00:00,-0.200,1024.500,7.000,350.000,9.000,1.617
2022-02-05 14:00:00,0.200,1025.700,7.300,336.000,9.700,2.100
2022-02-05 15:00:00,0.300,1026.500,11.200,338.000,14.300,2.362
2022-02-05 16:00:00,0.600,1027.400,10.900,324.000,13.100,2.474
2022-02-05 17:00:00,0.600,1028.200,10.400,354.000,13.100,2.267
2022-02-05 18:00:00,0.500,1028.000,9.200,326.000,11.000,1.919
2022-02-05 19:00:00,0.300,1027.900,10.000,342.000,12.400,1.106
2022-02-05 20:00:00,0.500,1028.700,7.500,349.000,9.300,0.558
2022-02-05 21:00:00,0.500,1029.700,7.600,3.000,10.500,0.131
2022-02-05 22:00:00,0.200,1031.300,5.700,329.000,7.300,-0.013
2022-02-05 23:00:00,-0.400,1032.400,6.100,358.000,8.200,0.062
2022-02-06 00:00:00,-0.900,1034.200,5.000,5.000,6.000,0.397
2022-02-06 01:00:00,-1.400,1034.500,7.400,12.000,9.500,0.978
2022-02-06 02:00:00,-1.900,1035.100,6.600,354.000,8.500,1.470
2022-02-06 03:00:00,-2.300,1035.400,5.900,358.000,7.000,1.860
2022-02-06 04:00:00,-2.500,1035.900,5.100,2.000,7.000,2.103
2022-02-06 05:00:00,-2.800,1035.800,4.700,3.000,5.600,1.982
2022-02-06 06:00:00,-2.600,1035.700,4.900,18.000,6.200,1.768
2022-02-06 07:00:00,-3.000,1035.700,4.600,37.000,6.900,1.483
2022-02-06 08:00:00,-3.300,1035.700,2.500,51.000,4.500,0.797
2022-02-06 09:00:00,-3.200,1035.700,3.900,32.000,5.700,0.358
2022-02-06 10:00:00,-3.100,1036.500,2.400,40.000,4.400,0.066
2022-02-06 11:00:00,-3.000,1037.300,3.300,33.000,4.400,0.157
2022-02-06 12:00:00,-3.100,1037.700,3.900,1.000,4.700,0.456
2022-02-06 13:00:00,-3.400,1038.000,3.000,341.000,3.600,1.020
2022-02-06 14:00:00,-1.500,1038.000,2.200,75.000,4.200,1.404
2022-02-06 15:00:00,-1.400,1037.500,3.600,48.000,7.500,1.847
2022-02-06 16:00:00,-0.600,1037.000,3.700,39.000,7.500,2.090
2022-02-06 17:00:00,0.100,1036.500,1.500,46.000,2.800,2.142
2022-02-06 18:00:00,1.300,1035.000,2.800,30.000,5.500,1.919
2022-02-06 19:00:00,2.400,1034.300,2.100,66.000,3.700,1.549
2022-02-06 20:00:00,2.900,1034.300,2.300,99.000,3.600,1.076
2022-02-06 21:00:00,2.700,1033.900,3.000,76.000,4.400,0.715
2022-02-06 22:00:00,2.600,1033.400,2.400,79.000,4.200,0.433
2022-02-06 23:00:00,3.000,1033.200,4.100,75.000,6.200,0.407
2022-02-07 00:00:00,3.000,1033.000,3.400,76.000,5.400,0.505
2022-02-07 01:00:00,3.600,1032.700,3.300,72.000,4.700,1.001
2022-02-07 02:00:00,3.800,1032.100,3.400,69.000,5.000,1.463
2022-02-07 03:00:00,3.700,1031.600,1.500,58.000,2.400,1.932
2022-02-07 04:00:00,3.700,1031.100,3.100,47.000,5.400,2.254
2022-02-07 05:00:00,3.700,1030.800,2.800,35.000,4.000,2.372
2022-02-07 06:00:00,4.100,1030.300,2.200,35.000,3.400,2.339
2022-02-07 07:00:00,4.300,1029.500,1.600,31.000,2.200,2.215
2022-02-07 08:00:00,5.100,1028.500,1.700,55.000,4.200,1.850
2022-02-07 09:00:00,4.200,1028.000,2.200,27.000,3.200,1.348
2022-02-07 10:00:00,3.800,1027.100,3.700,26.000,5.100,0.948
2022-02-07 11:00:00,3.800,1027.100,3.600,29.000,5.400,0.735
2022-02-07 12:00:00,4.000,1026.800,3.500,10.000,4.600,0.896
2022-02-07 13:00:00,3.900,1026.500,4.500,10.000,5.300,1.086
2022-02-07 14:00:00,4.000,1026.100,4.500,11.000,5.500,1.526
2022-02-07 15:00:00,4.000,1025.500,2.900,28.000,4.300,1.841
2022-02-07 16:00:00,4.400,1024.900,3.300,19.000,4.800,2.090
2022-02-07 17:00:00,5.000,1023.800,4.300,355.000,5.300,2.264
2022-02-07 18:00:00,5.500,1022.300,4.200,355.000,5.000,2.192
2022-02-07 19:00:00,5.400,1021.700,3.400,358.000,4.100,1.995
2022-02-07 20:00:00,5.000,1021.500,4.700,3.000,5.700,1.631
2022-02-07 21:00:00,4.700,1021.100,4.000,2.000,4.500,1.289
2022-02-07 22:00:00,4.200,1020.200,5.200,7.000,6.200,0.906
2022-02-07 23:00:00,4.000,1019.400,5.700,9.000,6.400,0.712
2022-02-08 00:00:00,3.700,1019.200,3.800,11.000,5.000,0.856
2022-02-08 01:00:00,3.600,1018.100,5.000,9.000,6.800,0.814
2022-02-08 02:00:00,3.600,1016.800,7.600,5.000,9.400,1.467
2022-02-08 03:00:00,3.500,1016.400,5.200,9.000,6.400,1.985
2022-02-08 04:00:00,3.500,1015.100,4.700,5.000,5.600,2.303
2022-02-08 05:00:00,3.700,1015.000,5.300,351.000,6.100,2.556
2022-02-08 06:00:00,3.900,1015.000,4.400,343.000,5.200,2.769
2022-02-08 07:00:00,3.700,1014.000,5.600,334.000,7.100,2.661
2022-02-08 08:00:00,3.600,1014.700,5.700,312.000,8.000,2.664
2022-02-08 09:00:00,3.700,1014.800,4.400,330.000,6.400,2.343
2022-02-08 10:00:00,3.600,1015.700,4.700,323.000,6.100,1.588
2022-02-08 11:00:00,3.200,1016.400,5.500,325.000,7.600,1.217
2022-02-08 12:00:00,2.500,1017.500,3.100,318.000,4.400,1.312
2022-02-08 13:00:00,2.500,1018.000,3.000,311.000,4.200,1.253
2022-02-08 14:00:00,3.000,1018.500,5.200,323.000,6.800,1.414
2022-02-08 15:00:00,4.200,1018.400,4.000,333.000,4.800,1.637
2022-02-08 16:00:00,6.100,1018.500,4.400,307.000,5.500,1.919
2022-02-08 17:00:00,6.700,1018.000,3.800,322.000,5.100,2.178
2022-02-08 18:00:00,7.100,1017.500,4.500,315.000,6.800,2.290
2022-02-08 19:00:00,7.200,1017.200,4.000,285.000,4.900,2.136
2022-02-08 20:00:00,7.000,1017.200,4.400,315.000,5.900,1.893
2022-02-08 21:00:00,6.800,1017.500,3.800,318.000,4.900,1.608
2022-02-08 22:00:00,6.900,1018.100,3.100,285.000,3.900,1.211
2022-02-08 23:00:00,5.500,1018.900,2.600,273.000,3.200,0.886
2022-02-09 00:00:00,4.500,1020.000,2.300,278.000,3.000,0.614
2022-02-09 01:00:00,3.900,1020.600,3.200,330.000,4.000,0.640
2022-02-09 02:00:00,3.500,1021.300,2.000,310.000,2.300,0.853
2022-02-09 03:00:00,2.600,1021.400,1.500,347.000,2.200,1.132
2022-02-09 04:00:00,2.000,1021.100,0.400,324.000,0.600,1.535
2022-02-09 05:00:00,1.700,1021.200,0.500,347.000,0.800,1.860
2022-02-09 06:00:00,0.700,1021.000,0.000,266.000,0.000,2.014
2022-02-09 07:00:00,1.200,1020.900,0.000,151.000,0.000,2.060
2022-02-09 08:00:00,0.500,1021.200,0.400,28.000,0.600,1.929
2022-02-09 09:00:00,1.000,1020.900,1.400,28.000,1.900,1.775
2022-02-09 10:00:00,1.000,1020.500,0.600,61.000,1.200,1.339
2022-02-09 11:00:00,2.400,1021.200,1.100,133.000,1.500,0.984
2022-02-09 12:00:00,2.400,1021.100,1.000,126.000,1.400,0.650
2022-02-09 13:00:00,4.100,1021.700,1.400,152.000,2.000,0.489
2022-02-09 14:00:00,5.200,1021.400,1.900,106.000,2.700,0.545
2022-02-09 15:00:00,4.800,1021.800,2.300,192.000,3.200,0.659
2022-02-09 16:00:00,5.200,1021.300,1.200,192.000,1.700,0.922
2022-02-09 17:00:00,5.500,1020.200,1.300,193.000,1.600,1.319
2022-02-09 18:00:00,6.200,1019.100,1.500,193.000,1.900,1.503
2022-02-09 19:00:00,7.300,1018.100,1.600,190.000,2.200,1.496
2022-02-09 20:00:00,7.900,1017.400,1.800,191.000,2.800,1.424
2022-02-09 21:00:00,6.800,1017.000,1.200,188.000,1.700,1.312
2022-02-09 22:00:00,6.600,1016.400,1.700,202.000,2.100,1.043
2022-02-09 23:00:00,5.300,1016.400,1.400,202.000,1.800,0.817
2022-02-10 00:00:00,5.300,1016.500,1.100,193.000,1.700,0.404
2022-02-10 01:00:00,7.000,1016.200,4.200,151.000,6.300,0.190
2022-02-10 02:00:00,6.900,1016.000,3.300,154.000,4.500,0.354
2022-02-10 03:00:00,7.000,1015.800,2.700,142.000,4.000,0.633
2022-02-10 04:00:00,6.900,1015.700,1.200,254.000,1.600,1.099
2022-02-10 05:00:00,5.400,1014.700,0.000,192.000,0.100,1.421
2022-02-10 06:00:00,4.000,1014.400,0.000,192.000,0.000,1.693
2022-02-10 07:00:00,3.800,1014.200,2.300,259.000,2.500,1.949
2022-02-10 08:00:00,5.300,1013.600,2.200,246.000,2.500,2.008
2022-02-10 09:00:00,4.800,1013.200,2.700,221.000,3.200,2.028
2022-02-10 10:00:00,6.100,1013.500,3.600,252.000,4.300,1.821
2022-02-10 11:00:00,6.300,1014.100,4.800,275.000,6.300,1.522
2022-02-10 12:00:00,5.800,1014.900,6.100,291.000,7.700,1.122
2022-02-10 13:00:00,5.900,1015.500,5.400,295.000,7.100,0.778
2022-02-10 14:00:00,7.400,1016.000,4.700,295.000,6.500,0.594
2022-02-10 15:00:00,7.400,1016.100,3.500,209.000,4.100,0.692
2022-02-10 16:00:00,10.700,1015.900,4.200,259.000,5.500,0.781
2022-02-10 17:00:00,7.400,1015.200,4.900,195.000,6.700,0.971
2022-02-10 18:00:00,7.300,1014.000,6.000,203.000,8.100,1.165
2022-02-10 19:00:00,13.700,1013.100,9.000,280.000,11.700,1.453
2022-02-10 20:00:00,13.700,1012.900,9.600,271.000,11.700,1.558
2022-02-10 21:00:00,8.600,1013.400,2.900,200.000,4.100,1.486
2022-02-10 22:00:00,6.600,1013.800,5.400,213.000,6.300,1.325
2022-02-10 23:00:00,8.500,1014.800,5.500,228.000,6.500,1.030
2022-02-11 00:00:00,6.900,1015.300,2.100,197.000,2.400,0.620
2022-02-11 01:00:00,5.800,1015.400,2.900,216.000,3.200,0.348
2022-02-11 02:00:00,5.500,1015.400,2.500,223.000,2.700,0.302
2022-02-11 03:00:00,5.700,1015.400,2.500,217.000,3.000,0.436
2022-02-11 04:00:00,7.800,1015.300,1.900,335.000,2.300,0.791
2022-02-11 05:00:00,6.200,1015.600,0.400,84.000,0.600,1.138
2022-02-11 06:00:00,5.000,1015.700,1.000,254.000,1.400,1.509
2022-02-11 07:00:00,5.900,1015.700,1.400,292.000,1.800,1.795
2022-02-11 08:00:00,5.500,1016.000,1.100,9.000,1.300,1.991
2022-02-11 09:00:00,3.200,1016.700,0.600,344.000,1.100,2.175
2022-02-11 10:00:00,3.800,1017.600,1.600,9.000,1.800,2.129
2022-02-11 11:00:00,5.100,1017.900,1.500,83.000,3.400,1.965
2022-02-11 12:00:00,5.100,1018.500,0.700,116.000,1.400,1.683
2022-02-11 13:00:00,6.400,1019.100,1.700,133.000,2.300,1.273
2022-02-11 14:00:00,7.000,1019.600,2.200,146.000,3.300,1.047
2022-02-11 15:00:00,6.300,1019.800,1.700,200.000,1.800,0.928
2022-02-11 16:00:00,6.200,1019.600,2.600,201.000,3.200,0.938
2022-02-11 17:00:00,6.600,1018.700,2.300,184.000,3.100,1.027
2022-02-11 18:00:00,6.000,1017.600,2.900,202.000,3.700,1.247
2022-02-11 19:00:00,6.500,1016.600,2.900,200.000,3.600,1.480
2022-02-11 20:00:00,6.100,1016.600,5.700,212.000,6.500,1.673
2022-02-11 21:00:00,6.200,1016.100,5.700,217.000,6.300,1.621
2022-02-11 22:00:00,6.700,1015.900,6.400,222.000,7.800,1.650
2022-02-11 23:00:00,7.000,1016.300,6.900,221.000,7.900,1.467
2022-02-12 00:00:00,7.400,1016.700,7.000,217.000,7.800,1.119
2022-02-12 01:00:00,7.200,1017.100,7.100,212.000,8.300,0.748
2022-02-12 02:00:00,7.100,1017.000,6.000,218.000,6.700,0.413
2022-02-12 03:00:00,7.200,1017.000,4.700,221.000,5.400,0.305
2022-02-12 04:00:00,7.400,1016.800,4.700,220.000,6.600,0.459
2022-02-12 05:00:00,6.800,1016.600,4.600,213.000,5.400,0.702
2022-02-12 06:00:00,8.200,1016.500,7.200,221.000,8.700,1.093
2022-02-12 07:00:00,8.300,1016.300,6.800,224.000,7.900,1.562
2022-02-12 08:00:00,8.300,1016.100,6.900,229.000,8.400,1.850
2022-02-12 09:00:00,7.300,1015.800,6.300,223.000,7.400,2.096
2022-02-12 10:00:00,6.400,1015.900,4.700,219.000,5.200,2.116
2022-02-12 11:00:00,5.400,1015.900,4.700,212.000,5.200,2.021
2022-02-12 12:00:00,6.100,1016.100,4.000,211.000,5.200,1.775
2022-02-12 13:00:00,8.200,1016.600,5.900,227.000,7.000,1.348
2022-02-12 14:00:00,9.100,1017.000,5.700,226.000,6.600,0.948
2022-02-12 15:00:00,7.800,1017.200,3.800,201.000,5.500,0.699
2022-02-12 16:00:00,14.600,1017.400,4.400,292.000,6.100,0.515
2022-02-12 17:00:00,15.600,1017.100,6.200,290.000,8.100,0.486
2022-02-12 18:00:00,15.300,1016.400,1.900,300.000,3.200,0.594
2022-02-12 19:00:00,16.800,1016.400,5.100,294.000,6.900,0.879
2022-02-12 20:00:00,16.500,1016.600,5.600,326.000,6.500,1.129
2022-02-12 21:00:00,10.500,1017.000,2.000,125.000,2.400,1.398
2022-02-12 22:00:00,12.100,1017.800,0.900,102.000,1.700,1.437
2022-02-12 23:00:00,8.300,1018.900,2.000,101.000,3.100,1.358
2022-02-13 00:00:00,8.600,1019.600,1.600,120.000,2.500,1.086
2022-02-13 01:00:00,8.300,1020.000,1.300,86.000,1.900,0.591
2022-02-13 02:00:00,8.100,1019.700,1.700,28.000,2.100,0.302
2022-02-13 03:00:00,8.200,1019.800,2.300,30.000,3.200,0.030
2022-02-13 04:00:00,9.300,1019.500,3.400,22.000,4.400,0.085
2022-02-13 05:00:00,9.400,1019.000,4.200,33.000,5.600,0.197
2022-02-13 06:00:00,8.900,1018.600,4.500,37.000,6.200,0.630
2022-02-13 07:00:00,7.400,1019.300,3.800,30.000,6.000,1.119
2022-02-13 08:00:00,6.400,1019.200,6.400,36.000,10.000,1.608
2022-02-13 09:00:00,5.500,1019.800,5.900,27.000,8.500,2.018
2022-02-13 10:00:00,4.800,1020.400,8.700,25.000,11.500,2.277
2022-02-13 11:00:00,4.300,1020.400,5.400,33.000,9.200,2.277
2022-02-13 12:00:00,4.000,1020.600,6.700,38.000,9.800,2.188
2022-02-13 13:00:00,3.900,1021.600,3.400,43.000,6.100,2.146
2022-02-13 14:00:00,4.100,1021.400,4.200,38.000,7.900,1.814
2022-02-13 15:00:00,4.200,1021.200,5.000,35.000,7.100,1.362
2022-02-13 16:00:00,4.100,1020.600,4.500,34.000,7.400,0.971
2022-02-13 17:00:00,4.000,1019.700,4.500,33.000,7.400,0.899
2022-02-13 18:00:00,4.000,1018.700,5.700,36.000,7.200,1.017
2022-02-13 19:00:00,3.500,1017.500,6.500,22.000,9.000,1.214
2022-02-13 20:00:00,3.200,1017.400,6.500,9.000,7.500,1.572
2022-02-13 21:00:00,2.800,1017.100,6.200,358.000,8.100,1.765
2022-02-13 22:00:00,1.900,1017.200,6.800,358.000,8.500,2.037
2022-02-13 23:00:00,1.400,1017.800,5.800,348.000,6.900,2.129
2022-02-14 00:00:00,0.700,1018.000,6.300,335.000,7.500,1.965
2022-02-14 01:00:00,0.300,1018.200,5.100,343.000,6.700,1.680
2022-02-14 02:00:00,0.000,1018.400,5.100,331.000,6.000,1.220
2022-02-14 03:00:00,0.000,1018.700,6.700,342.000,8.500,0.719
2022-02-14 04:00:00,0.300,1018.700,5.200,337.000,6.600,0.623
2022-02-14 05:00:00,0.300,1018.100,7.600,5.000,8.900,0.581
2022-02-14 06:00:00,0.000,1018.600,5.900,336.000,7.200,0.853
2022-02-14 07:00:00,-0.800,1018.700,4.100,334.000,5.000,1.306
2022-02-14 08:00:00,-1.200,1019.200,4.600,334.000,5.300,1.722
2022-02-14 09:00:00,-1.700,1019.400,3.500,333.000,4.500,2.156
2022-02-14 10:00:00,-2.700,1019.900,3.600,320.000,4.500,2.493
2022-02-14 11:00:00,-3.200,1020.800,3.200,328.000,4.000,2.661
2022-02-14 12:00:00,-3.800,1021.800,3.900,325.000,4.700,2.740
2022-02-14 13:00:00,-3.200,1023.200,5.600,341.000,6.800,2.569
2022-02-14 14:00:00,-3.600,1024.100,7.100,354.000,8.400,2.346
2022-02-14 15:00:00,-4.000,1025.100,5.900,10.000,8.000,1.585
2022-02-14 16:00:00,-3.800,1025.700,6.400,359.000,7.700,1.024
2022-02-14 17:00:00,-3.000,1025.100,7.100,351.000,9.000,0.761
2022-02-14 18:00:00,-1.900,1024.500,7.900,314.000,10.100,0.705
2022-02-14 19:00:00,-1.300,1024.200,7.800,324.000,10.100,0.853
2022-02-14 20:00:00,-1.200,1024.800,7.600,339.000,10.600,1.024
2022-02-14 21:00:00,-1.200,1025.600,5.100,317.000,7.500,1.289
2022-02-14 22:00:00,-1.100,1027.300,4.300,327.000,5.600,1.722
2022-02-14 23:00:00,-1.800,1028.600,5.100,315.000,7.000,1.814
2022-02-15 00:00:00,-2.200,1029.600,1.700,306.000,2.600,1.654
2022-02-15 01:00:00,-2.500,1030.500,1.300,319.000,1.700,1.335
2022-02-15 02:00:00,-2.500,1030.900,0.900,333.000,1.100,0.919
2022-02-15 03:00:00,-2.300,1031.900,2.300,4.000,2.800,0.564
2022-02-15 04:00:00,-3.000,1032.100,2.800,281.000,4.200,0.121
2022-02-15 05:00:00,-3.600,1033.200,2.300,293.000,3.100,-0.157
2022-02-15 06:00:00,-4.000,1033.800,3.300,329.000,4.300,-0.240
2022-02-15 07:00:00,-4.200,1034.300,2.400,325.000,3.000,0.197
2022-02-15 08:00:00,-4.700,1034.900,2.400,317.000,3.100,0.686
2022-02-15 09:00:00,-4.800,1035.700,2.400,315.000,3.200,1.257
2022-02-15 10:00:00,-4.700,1036.100,3.000,351.000,4.000,1.650
2022-02-15 11:00:00,-3.900,1036.600,3.000,350.000,3.900,2.014
2022-02-15 12:00:00,-3.600,1037.700,4.100,6.000,5.400,2.123
2022-02-15 13:00:00,-3.000,1039.000,4.200,6.000,5.700,2.064
2022-02-15 14:00:00,-2.600,1039.800,6.000,19.000,8.100,1.775
2022-02-15 15:00:00,-2.000,1040.500,5.100,20.000,6.500,1.293
2022-02-15 16:00:00,-1.500,1041.000,2.900,29.000,4.900,0.728
2022-02-15 17:00:00,-0.700,1040.700,4.100,32.000,5.300,0.194
2022-02-15 18:00:00,-1.000,1040.400,3.800,104.000,6.200,-0.039
2022-02-15 19:00:00,-0.700,1040.000,3.100,99.000,4.400,0.118
2022-02-15 20:00:00,-0.300,1040.000,2.000,146.000,3.400,0.262
2022-02-15 21:00:00,-0.100,1040.300,2.200,156.000,3.300,0.705
2022-02-15 22:00:00,-0.500,1040.500,2.800,167.000,3.800,1.204
2022-02-15 23:00:00,-0.800,1041.000,2.600,159.000,3.600,1.627
2022-02-16 00:00:00,-0.600,1041.400,2.700,177.000,3.500,1.686
2022-02-16 01:00:00,-0.200,1041.600,2.200,169.000,3.800,1.532
2022-02-16 02:00:00,0.100,1042.000,2.300,188.000,3.400,1.201
2022-02-16 03:00:00,0.300,1042.200,2.000,169.000,3.200,0.751
2022-02-16 04:00:00,0.800,1042.300,3.500,158.000,5.200,0.200
2022-02-16 05:00:00,1.200,1042.200,3.600,168.000,5.000,-0.194
2022-02-16 06:00:00,1.500,1042.000,3.000,166.000,4.800,-0.390
2022-02-16 07:00:00,2.000,1041.900,4.300,177.000,6.900,-0.161
2022-02-16 08:00:00,2.300,1041.200,5.100,161.000,6.800,0.223
2022-02-16 09:00:00,2.400,1040.700,3.500,150.000,6.300,0.850
2022-02-16 10:00:00,3.000,1040.600,4.900,157.000,7.200,1.398
2022-02-16 11:00:00,3.300,1040.600,2.900,167.000,4.500,1.804
2022-02-16 12:00:00,3.800,1041.000,3.900,161.000,5.400,2.060
2022-02-16 13:00:00,4.500,1041.000,3.200,155.000,4.900,2.090
2022-02-16 14:00:00,5.700,1041.200,2.100,171.000,3.000,1.916
2022-02-16 15:00:00,5.300,1041.000,2.900,175.000,4.200,1.493
2022-02-16 16:00:00,5.400,1040.700,1.500,197.000,2.000,0.840
2022-02-16 17:00:00,6.000,1039.600,3.700,214.000,4.500,0.322
2022-02-16 18:00:00,6.500,1038.200,3.200,200.000,4.200,-0.092
2022-02-16 19:00:00,7.200,1036.800,3.300,213.000,4.000,-0.190
2022-02-16 20:00:00,7.500,1035.800,3.700,213.000,4.100,0.033
2022-02-16 21:00:00,7.300,1035.100,3.600,202.000,4.700,0.443
2022-02-16 22:00:00,6.500,1034.600,3.300,209.000,3.900,1.010
2022-02-16 23:00:00,5.400,1034.700,3.600,215.000,3.800,1.427
2022-02-17 00:00:00,5.000,1034.300,3.300,216.000,3.800,1.722
2022-02-17 01:00:00,5.300,1034.100,3.300,223.000,3.800,1.716
2022-02-17 02:00:00,6.000,1033.600,4.600,216.000,5.000,1.552
2022-02-17 03:00:00,6.100,1033.100,4.900,218.000,5.800,1.194
2022-02-17 04:00:00,7.000,1032.900,5.200,238.000,6.400,0.676
2022-02-17 05:00:00,5.700,1032.600,4.100,218.000,4.400,0.036
2022-02-17 06:00:00,8.100,1032.200,6.500,228.000,7.800,-0.276
2022-02-17 07:00:00,7.000,1031.800,3.800,234.000,5.100,-0.394
2022-02-17 08:00:00,5.400,1030.800,3.600,208.000,4.200,-0.157
2022-02-17 09:00:00,7.400,1029.900,4.500,221.000,5.800,0.381
2022-02-17 10:00:00,6.600,1029.400,5.000,215.000,5.600,1.043
2022-02-17 11:00:00,5.500,1029.100,3.900,214.000,4.900,1.562
2022-02-17 12:00:00,5.700,1028.700,2.800,229.000,3.800,1.946
2022-02-17 13:00:00,7.800,1028.000,4.700,228.000,5.900,2.142
2022-02-17 14:00:00,8.100,1028.100,7.000,221.000,7.500,2.080
2022-02-17 15:00:00,9.800,1027.300,7.500,226.000,9.000,1.765
2022-02-17 16:00:00,6.600,1026.600,4.200,207.000,5.000,1.230
2022-02-17 17:00:00,6.600,1025.000,5.500,213.000,6.500,0.610
2022-02-17 18:00:00,6.800,1023.400,5.000,217.000,6.500,0.095
2022-02-17 19:00:00,8.400,1021.900,6.900,214.000,8.000,-0.066
2022-02-17 20:00:00,7.500,1020.200,2.900,191.000,3.900,-0.092
2022-02-17 21:00:00,8.200,1018.900,6.900,213.000,8.800,0.177
2022-02-17 22:00:00,8.500,1017.600,7.200,227.000,8.900,0.650
2022-02-17 23:00:00,7.400,1016.700,7.300,219.000,8.100,1.181
2022-02-18 00:00:00,6.500,1015.400,5.900,217.000,6.500,1.654
2022-02-18 01:00:00,6.500,1013.400,7.200,216.000,8.300,1.804
2022-02-18 02:00:00,8.800,1012.700,11.500,216.000,14.000,1.850
2022-02-18 03:00:00,10.500,1012.100,9.700,229.000,11.200,1.558
2022-02-18 04:00:00,10.500,1011.500,8.400,236.000,10.300,1.060
2022-02-18 05:00:00,10.200,1010.400,10.000,222.000,12.900,0.479
2022-02-18 06:00:00,8.400,1009.200,10.800,209.000,12.900,-0.072
2022-02-18 07:00:00,9.500,1007.300,10.500,221.000,11.900,-0.387
2022-02-18 08:00:00,10.300,1005.500,13.200,222.000,15.900,-0.318
2022-02-18 09:00:00,9.700,1003.300,11.700,221.000,13.700,-0.092
2022-02-18 10:00:00,10.200,1002.100,13.600,221.000,16.800,0.423
2022-02-18 11:00:00,11.900,1002.000,9.300,235.000,12.300,0.938
2022-02-18 12:00:00,12.000,1002.900,12.300,229.000,16.800,1.289
2022-02-18 13:00:00,10.800,1004.300,6.800,225.000,7.800,1.745
2022-02-18 14:00:00,12.700,1007.100,5.900,343.000,6.900,2.064
2022-02-18 15:00:00,10.800,1009.400,12.100,333.000,15.100,1.821
2022-02-18 16:00:00,8.500,1011.400,11.500,330.000,15.800,1.053
2022-02-18 17:00:00,8.000,1011.900,11.900,326.000,15.500,0.371
2022-02-18 18:00:00,7.600,1012.300,11.000,332.000,14.700,-0.249
2022-02-18 19:00:00,7.600,1012.800,9.200,340.000,12.600,-0.738
2022-02-18 20:00:00,7.100,1014.200,9.400,330.000,13.000,-0.659
2022-02-18 21:00:00,7.100,1014.800,7.200,343.000,9.400,-0.614
2022-02-18 22:00:00,6.300,1015.800,8.500,323.000,11.000,-0.318
2022-02-18 23:00:00,4.900,1017.500,5.900,328.000,8.100,0.577
2022-02-19 00:00:00,4.300,1019.500,6.000,341.000,7.500,0.948
2022-02-19 01:00:00,3.500,1020.500,4.900,336.000,6.500,1.427
2022-02-19 02:00:00,2.900,1021.100,4.100,345.000,6.100,1.637
2022-02-19 03:00:00,2.300,1021.700,3.800,336.000,4.800,1.421
2022-02-19 04:00:00,1.700,1022.200,3.500,334.000,4.000,1.227
2022-02-19 05:00:00,1.200,1021.700,2.200,341.000,2.800,0.827
2022-02-19 06:00:00,1.100,1021.600,2.400,342.000,3.000,0.151
2022-02-19 07:00:00,0.600,1021.100,3.300,347.000,4.300,-0.295
2022-02-19 08:00:00,0.200,1020.800,2.000,321.000,2.600,-0.558
2022-02-19 09:00:00,-0.900,1020.800,1.300,321.000,1.700,-0.433
2022-02-19 10:00:00,-1.100,1020.800,1.600,291.000,1.900,-0.072
2022-02-19 11:00:00,-1.500,1020.800,1.100,297.000,1.500,0.512
2022-02-19 12:00:00,-1.900,1020.900,2.000,287.000,2.200,1.155
2022-02-19 13:00:00,-0.500,1021.300,1.700,257.000,2.000,1.637
2022-02-19 14:00:00,1.100,1020.800,4.400,248.000,5.500,1.873
2022-02-19 15:00:00,2.100,1020.000,5.300,260.000,7.100,1.821
2022-02-19 16:00:00,3.900,1018.700,6.700,220.000,8.900,1.572
2022-02-19 17:00:00,5.400,1016.400,8.800,216.000,11.100,1.073
2022-02-19 18:00:00,5.100,1015.100,9.500,218.000,11.200,0.433
2022-02-19 19:00:00,8.000,1014.300,8.500,259.000,11.100,-0.075
2022-02-19 20:00:00,8.800,1014.700,10.700,291.000,15.000,-0.397
2022-02-19 21:00:00,8.800,1015.600,8.700,319.000,11.900,-0.574
2022-02-19 22:00:00,7.000,1017.700,11.300,327.000,15.300,-0.299
2022-02-19 23:00:00,4.600,1020.600,10.300,333.000,14.900,0.066
2022-02-20 00:00:00,3.800,1023.200,9.600,328.000,11.900,0.105
2022-02-20 01:00:00,1.700,1025.100,10.100,340.000,13.400,0.810
2022-02-20 02:00:00,0.300,1027.000,9.400,335.000,11.500,1.322
2022-02-20 03:00:00,-0.500,1029.000,6.500,342.000,9.200,1.532
2022-02-20 04:00:00,-1.400,1030.300,6.500,339.000,9.400,1.575
2022-02-20 05:00:00,-1.700,1031.100,7.300,351.000,9.700,1.145
2022-02-20 06:00:00,-2.400,1032.000,4.500,337.000,5.800,0.502
2022-02-20 07:00:00,-2.700,1032.500,6.300,342.000,8.700,0.190
2022-02-20 08:00:00,-3.100,1032.900,5.800,349.000,7.200,-0.449
2022-02-20 09:00:00,-3.400,1033.100,5.000,1.000,6.600,-0.636
2022-02-20 10:00:00,-3.700,1033.400,5.500,351.000,7.300,-0.505
2022-02-20 11:00:00,-4.200,1033.800,4.000,324.000,5.600,0.197
2022-02-20 12:00:00,-4.500,1034.700,2.800,336.000,3.900,0.781
2022-02-20 13:00:00,-3.500,1035.800,3.400,342.000,4.700,1.266
2022-02-20 14:00:00,-2.900,1035.700,3.100,3.000,4.000,1.729
2022-02-20 15:00:00,-2.100,1035.300,1.600,86.000,3.500,1.778
2022-02-20 16:00:00,-1.600,1035.600,2.800,100.000,3.300,1.631
2022-02-20 17:00:00,-0.900,1035.700,2.100,116.000,3.100,1.198
2022-02-20 18:00:00,-0.500,1034.900,2.200,191.000,3.100,0.614
2022-02-20 19:00:00,1.000,1033.800,3.300,189.000,5.300,0.020
2022-02-20 20:00:00,1.100,1033.200,5.400,185.000,7.300,-0.469
2022-02-20 21:00:00,1.500,1032.600,6.300,198.000,8.100,-0.702
2022-02-20 22:00:00,2.100,1031.600,7.700,202.000,10.300,-0.617
2022-02-20 23:00:00,2.400,1031.500,7.500,211.000,9.300,-0.171
2022-02-21 00:00:00,2.900,1031.800,7.300,216.000,8.700,0.397
2022-02-21 01:00:00,3.300,1031.500,7.600,209.000,8.900,0.925
2022-02-21 02:00:00,3.500,1031.200,7.400,223.000,8.900,1.362
2022-02-21 03:00:00,3.000,1031.300,5.600,229.000,6.500,1.644
2022-02-21 04:00:00,3.300,1030.700,6.200,226.000,7.300,1.729
2022-02-21 05:00:00,3.700,1030.400,5.700,229.000,6.900,1.493
2022-02-21 06:00:00,3.600,1030.400,4.800,230.000,5.800,1.070
2022-02-21 07:00:00,3.200,1029.800,4.500,223.000,5.200,0.522
2022-02-21 08:00:00,3.300,1029.400,3.500,226.000,4.400,-0.046
2022-02-21 09:00:00,3.500,1029.300,4.100,223.000,4.800,-0.394
2022-02-21 10:00:00,3.400,1029.400,4.100,233.000,5.100,-0.459
2022-02-21 11:00:00,3.600,1029.600,4.100,239.000,5.300,-0.197
2022-02-21 12:00:00,4.200,1030.000,3.600,202.000,4.500,0.240
2022-02-21 13:00:00,4.800,1030.400,5.000,227.000,5.800,0.745
2022-02-21 14:00:00,5.500,1030.700,6.900,221.000,7.900,1.214
2022-02-21 15:00:00,6.100,1030.500,6.300,216.000,7.100,1.535
2022-02-21 16:00:00,6.300,1030.000,4.600,202.000,5.600,1.647
2022-02-21 17:00:00,6.200,1029.500,5.800,206.000,6.900,1.490
2022-02-21 18:00:00,6.500,1028.500,5.500,204.000,6.800,1.102
2022-02-21 19:00:00,6.900,1028.000,5.300,204.000,6.400,0.502
2022-02-21 20:00:00,7.000,1027.900,6.100,216.000,7.200,0.085
2022-02-21 21:00:00,7.000,1027.900,4.200,217.000,5.300,-0.364
2022-02-21 22:00:00,6.800,1027.900,4.800,215.000,5.700,-0.443
2022-02-21 23:00:00,7.100,1028.400,4.500,230.000,5.300,-0.226
2022-02-22 00:00:00,7.300,1028.700,3.200,223.000,3.900,0.079
2022-02-22 01:00:00,8.500,1028.900,4.000,221.000,4.800,0.669
2022-02-22 02:00:00,8.100,1029.200,3.900,225.000,4.600,1.109
2022-02-22 03:00:00,6.900,1029.100,3.500,208.000,3.900,1.526
2022-02-22 04:00:00,6.500,1029.400,2.800,200.000,3.300,1.791
2022-02-22 05:00:00,6.400,1029.100,2.800,179.000,3.600,1.768
2022-02-22 06:00:00,6.000,1028.700,2.800,198.000,3.600,1.496
2022-02-22 07:00:00,6.000,1028.300,3.400,206.000,3.800,1.204
2022-02-22 08:00:00,6.700,1027.900,4.200,203.000,4.800,0.587
2022-02-22 09:00:00,6.300,1027.900,3.800,217.000,4.300,0.184
2022-02-22 10:00:00,8.600,1028.200,5.700,225.000,6.500,-0.197
2022-02-22 11:00:00,7.600,1028.100,4.000,228.000,5.200,-0.230
2022-02-22 12:00:00,7.200,1028.300,4.900,217.000,5.400,-0.059
2022-02-22 13:00:00,7.700,1028.600,5.400,223.000,6.600,0.430
2022-02-22 14:00:00,8.000,1028.500,4.400,198.000,6.300,0.922
2022-02-22 15:00:00,8.600,1028.300,6.300,211.000,7.300,1.339
2022-02-22 16:00:00,9.100,1027.900,6.300,220.000,7.400,1.631
2022-02-22 17:00:00,8.600,1027.100,5.500,215.000,6.000,1.696
2022-02-22 18:00:00,9.800,1025.800,9.000,217.000,10.200,1.503
2022-02-22 19:00:00,9.000,1024.400,8.400,213.000,9.800,1.207
2022-02-22 20:00:00,8.100,1023.900,5.600,221.000,6.400,0.801
2022-02-22 21:00:00,8.400,1023.200,5.300,212.000,6.100,0.413
2022-02-22 22:00:00,9.700,1023.300,9.600,212.000,11.800,0.066
2022-02-22 23:00:00,8.200,1022.700,5.800,216.000,7.000,0.046
2022-02-23 00:00:00,9.400,1022.300,7.800,225.000,9.100,0.220
2022-02-23 01:00:00,10.300,1022.600,10.700,221.000,12.400,0.568
2022-02-23 02:00:00,9.000,1021.800,9.300,217.000,10.800,1.063
2022-02-23 03:00:00,11.300,1021.000,9.500,229.000,12.600,1.604
2022-02-23 04:00:00,12.300,1020.800,10.000,228.000,12.900,1.893
2022-02-23 05:00:00,12.200,1020.500,9.300,229.000,12.200,2.067
2022-02-23 06:00:00,9.200,1020.000,6.700,216.000,8.200,1.942
2022-02-23 07:00:00,8.900,1019.000,8.000,216.000,8.900,1.841
2022-02-23 08:00:00,13.600,1018.000,9.200,234.000,10.600,1.388
2022-02-23 09:00:00,12.600,1018.000,9.900,232.000,12.300,0.883
2022-02-23 10:00:00,13.500,1018.400,7.300,236.000,9.500,0.433
2022-02-23 11:00:00,12.400,1019.300,3.600,238.000,4.300,0.220
2022-02-23 12:00:00,15.500,1019.500,8.000,257.000,10.800,0.016
2022-02-23 13:00:00,15.100,1020.100,8.100,249.000,10.300,0.079
2022-02-23 14:00:00,14.900,1020.500,8.000,258.000,9.800,0.499
2022-02-23 15:00:00,14.700,1019.400,5.900,256.000,7.400,0.873
2022-02-23 16:00:00,16.000,1019.500,7.100,246.000,9.200,1.299
2022-02-23 17:00:00,16.200,1019.000,6.800,252.000,8.400,1.503
2022-02-23 18:00:00,17.200,1018.800,8.800,273.000,12.200,1.450
2022-02-23 19:00:00,17.400,1018.100,5.600,261.000,7.700,1.280
2022-02-23 20:00:00,17.700,1017.900,5.200,255.000,6.600,1.079
2022-02-23 21:00:00,15.100,1018.400,2.200,220.000,3.700,0.633
2022-02-23 22:00:00,17.100,1019.100,5.300,259.000,6.600,0.200
2022-02-23 23:00:00,15.700,1019.100,3.000,266.000,3.600,-0.033
2022-02-24 00:00:00,16.200,1020.200,2.200,298.000,3.100,-0.154
2022-02-24 01:00:00,15.900,1021.500,3.200,298.000,4.500,-0.003
2022-02-24 02:00:00,14.800,1023.100,5.500,19.000,9.600,0.597
2022-02-24 03:00:00,11.400,1024.200,5.200,22.000,7.800,0.994
2022-02-24 04:00:00,10.600,1024.600,8.600,353.000,11.000,1.417
2022-02-24 05:00:00,8.900,1025.600,8.100,7.000,10.700,1.716
2022-02-24 06:00:00,7.400,1027.100,6.400,3.000,7.900,2.028
2022-02-24 07:00:00,6.700,1026.600,7.900,7.000,9.700,1.916
2022-02-24 08:00:00,6.000,1026.700,7.400,3.000,8.800,1.864
2022-02-24 09:00:00,5.500,1027.000,5.500,17.000,7.200,1.476
2022-02-24 10:00:00,5.500,1027.800,5.600,31.000,8.100,1.066
2022-02-24 11:00:00,4.800,1028.200,3.000,64.000,4.800,0.472
2022-02-24 12:00:00,4.200,1029.400,4.600,29.000,7.000,0.226
2022-02-24 13:00:00,3.700,1031.400,4.700,30.000,8.700,0.194
2022-02-24 14:00:00,3.500,1031.200,3.200,66.000,5.100,0.230
2022-02-24 15:00:00,3.600,1031.900,1.700,55.000,3.300,0.472
2022-02-24 16:00:00,3.600,1031.500,4.000,64.000,7.500,1.063
2022-02-24 17:00:00,4.000,1030.900,3.700,54.000,6.700,1.434
2022-02-24 18:00:00,3.900,1030.400,3.500,61.000,6.300,1.621
2022-02-24 19:00:00,3.400,1030.500,6.000,41.000,8.900,1.706
2022-02-24 20:00:00,2.800,1030.500,5.700,40.000,11.000,1.581
2022-02-24 21:00:00,2.700,1029.600,6.400,73.000,9.700,1.319
2022-02-24 22:00:00,2.900,1030.100,4.400,72.000,9.000,0.991
2022-02-24 23:00:00,3.000,1029.100,5.400,70.000,8.800,0.512
2022-02-25 00:00:00,3.800,1029.400,4.300,77.000,6.100,0.220
2022-02-25 01:00:00,4.200,1028.400,5.700,72.000,9.300,0.062
2022-02-25 02:00:00,4.400,1028.500,2.100,74.000,3.900,0.302
2022-02-25 03:00:00,4.600,1028.500,4.700,34.000,6.400,0.873
2022-02-25 04:00:00,4.500,1027.300,1.800,64.000,3.500,1.312
2022-02-25 05:00:00,4.600,1025.800,3.500,72.000,6.300,1.726
2022-02-25 06:00:00,5.000,1025.200,2.900,39.000,4.300,2.116
2022-02-25 07:00:00,5.000,1024.900,4.100,32.000,7.000,2.474
2022-02-25 08:00:00,4.800,1023.200,5.100,36.000,6.500,2.477
2022-02-25 09:00:00,5.000,1021.200,3.500,33.000,5.000,2.375
2022-02-25 10:00:00,5.300,1020.000,2.300,28.000,3.300,2.195
2022-02-25 11:00:00,5.200,1018.600,1.100,50.000,1.800,1.831
2022-02-25 12:00:00,5.400,1018.500,1.800,311.000,2.300,1.335
2022-02-25 13:00:00,5.400,1018.200,4.200,251.000,4.900,0.883
2022-02-25 14:00:00,5.000,1017.400,5.400,250.000,6.800,0.807
2022-02-25 15:00:00,5.100,1019.000,7.700,286.000,10.100,0.846
2022-02-25 16:00:00,5.000,1018.100,5.800,261.000,8.900,1.283
2022-02-25 17:00:00,6.500,1017.600,5.900,267.000,8.500,1.427
2022-02-25 18:00:00,7.000,1018.200,5.700,304.000,10.300,1.795
2022-02-25 19:00:00,7.400,1018.000,4.800,304.000,7.200,1.962
2022-02-25 20:00:00,9.300,1018.800,5.800,328.000,7.500,2.044
2022-02-25 21:00:00,10.200,1019.800,5.300,326.000,7.900,1.969
2022-02-25 22:00:00,10.600,1021.000,2.800,333.000,3.700,1.778
2022-02-25 23:00:00,9.500,1022.400,0.100,317.000,0.600,1.273
2022-02-26 00:00:00,7.800,1023.700,1.700,288.000,2.200,0.784
2022-02-26 01:00:00,8.800,1025.100,5.700,340.000,7.500,0.367
2022-02-26 02:00:00,7.300,1026.400,5.000,33.000,6.800,0.335
2022-02-26 03:00:00,5.900,1027.300,7.400,16.000,9.400,0.413
2022-02-26 04:00:00,4.500,1028.200,9.100,18.000,11.700,0.653
2022-02-26 05:00:00,3.400,1028.500,7.900,6.000,10.100,1.106
2022-02-26 06:00:00,2.800,1029.500,7.400,357.000,8.700,1.732
2022-02-26 07:00:00,2.200,1029.700,7.200,1.000,8.900,2.113
2022-02-26 08:00:00,1.900,1029.500,6.100,1.000,7.300,2.470
2022-02-26 09:00:00,1.500,1030.100,6.200,3.000,8.800,2.480
2022-02-26 10:00:00,1.500,1031.600,5.900,346.000,7.600,2.444
2022-02-26 11:00:00,1.100,1032.300,6.200,2.000,8.100,2.044
2022-02-26 12:00:00,0.900,1033.600,4.500,347.000,5.500,1.637
2022-02-26 13:00:00,0.800,1033.800,5.400,1.000,6.700,1.037
2022-02-26 14:00:00,0.800,1033.500,4.800,1.000,5.700,0.535
2022-02-26 15:00:00,0.900,1034.000,5.300,358.000,6.600,0.335
2022-02-26 16:00:00,1.100,1033.700,3.900,7.000,5.200,0.466
2022-02-26 17:00:00,1.700,1033.200,2.400,7.000,3.200,0.669
2022-02-26 18:00:00,2.600,1031.800,4.200,305.000,6.900,1.001
2022-02-26 19:00:00,2.300,1030.700,1.700,139.000,2.600,1.424
2022-02-26 20:00:00,2.600,1030.100,2.700,134.000,3.900,1.673
2022-02-26 21:00:00,2.400,1029.500,2.500,145.000,3.400,1.827
2022-02-26 22:00:00,2.200,1029.000,0.700,151.000,1.400,1.778
2022-02-26 23:00:00,2.400,1029.500,0.400,262.000,1.200,1.549
2022-02-27 00:00:00,2.800,1030.100,1.200,260.000,1.800,0.994
2022-02-27 01:00:00,2.300,1029.200,0.300,311.000,1.000,0.597
2022-02-27 02:00:00,2.600,1029.200,0.700,267.000,1.000,0.154
2022-02-27 03:00:00,2.400,1028.800,2.000,270.000,2.500,0.190
2022-02-27 04:00:00,2.400,1028.100,1.800,244.000,2.500,0.230
2022-02-27 05:00:00,2.500,1026.800,2.000,251.000,2.600,0.692
2022-02-27 06:00:00,2.700,1026.400,1.200,262.000,1.700,1.309
2022-02-27 07:00:00,2.400,1025.800,2.200,244.000,2.700,1.768
2022-02-27 08:00:00,2.500,1025.600,2.600,265.000,3.400,2.251
2022-02-27 09:00:00,2.400,1025.200,3.100,257.000,4.300,2.559
2022-02-27 10:00:00,2.300,1024.800,1.500,254.000,2.200,2.638
2022-02-27 11:00:00,2.000,1024.500,0.600,305.000,1.200,2.566
2022-02-27 12:00:00,1.800,1024.600,1.800,333.000,2.200,2.260
2022-02-27 13:00:00,2.500,1024.600,1.800,271.000,2.100,1.601
2022-02-27 14:00:00,3.400,1024.500,2.200,299.000,2.600,0.965
2022-02-27 15:00:00,4.200,1023.300,0.900,4.000,1.300,0.456
2022-02-27 16:00:00,5.500,1022.400,0.800,41.000,1.300,0.305
2022-02-27 17:00:00,5.100,1021.700,3.900,200.000,5.800,0.305
2022-02-27 18:00:00,5.100,1019.800,6.000,208.000,7.000,0.420
2022-02-27 19:00:00,5.200,1018.600,5.800,216.000,6.600,0.702
2022-02-27 20:00:00,5.700,1017.500,6.600,206.000,8.300,1.106
2022-02-27 21:00:00,6.100,1016.600,4.800,200.000,6.300,1.447
2022-02-27 22:00:00,8.900,1016.100,5.000,279.000,7.000,1.545
2022-02-27 23:00:00,7.600,1016.400,2.400,273.000,3.300,1.417
2022-02-28 00:00:00,6.300,1016.900,2.600,246.000,3.500,1.093
2022-02-28 01:00:00,5.600,1016.900,4.100,256.000,5.200,0.518
2022-02-28 02:00:00,5.300,1017.300,4.500,265.000,5.900,-0.056
2022-02-28 03:00:00,5.500,1017.700,4.500,272.000,6.200,-0.427
2022-02-28 04:00:00,5.300,1017.900,2.500,295.000,4.900,-0.610
2022-02-28 05:00:00,5.300,1018.200,4.000,307.000,5.800,-0.587
2022-02-28 06:00:00,4.900,1018.800,4.000,324.000,5.600,-0.203
2022-02-28 07:00:00,5.100,1019.800,4.300,5.000,5.800,0.522
2022-02-28 08:00:00,4.600,1020.300,4.600,8.000,5.600,1.240
2022-02-28 09:00:00,4.200,1020.900,5.200,3.000,6.200,1.663
2022-02-28 10:00:00,3.900,1022.100,5.100,33.000,8.100,2.073
2022-02-28 11:00:00,3.600,1023.000,4.500,34.000,6.600,2.175
2022-02-28 12:00:00,3.400,1024.000,6.000,21.000,9.100,2.165
2022-02-28 13:00:00,3.000,1025.200,6.900,31.000,10.600,1.791
2022-02-28 14:00:00,2.800,1026.200,5.700,35.000,8.500,1.191
2022-02-28 15:00:00,2.800,1026.600,4.900,31.000,6.500,0.358
2022-02-28 16:00:00,3.100,1027.200,4.900,75.000,8.300,-0.075
2022-02-28 17:00:00,3.100,1027.100,4.100,73.000,7.800,-0.276
2022-02-28 18:00:00,3.500,1026.800,4.700,79.000,7.200,-0.138
2022-02-28 19:00:00,3.700,1026.400,4.000,73.000,6.700,0.184
2022-02-28 20:00:00,4.000,1026.400,3.700,76.000,6.100,0.942
2022-02-28 21:00:00,3.800,1026.500,2.900,84.000,5.400,1.365
2022-02-28 22:00:00,3.500,1027.100,2.500,109.000,3.400,1.722
2022-02-28 23:00:00,2.500,1027.400,2.800,129.000,4.300,1.886
2023-01-01 00:00:00,8.800,1012.500,1.100,204.000,1.700,1.161
2023-01-01 01:00:00,8.500,1011.600,2.200,179.000,2.800,0.919
2023-01-01 02:00:00,9.500,1010.600,3.400,240.000,4.900,0.958
2023-01-01 03:00:00,14.100,1010.700,3.400,292.000,4.500,1.017
2023-01-01 04:00:00,13.700,1009.800,2.900,252.000,3.400,1.407
2023-01-01 05:00:00,13.400,1010.700,4.600,281.000,6.600,1.716
2023-01-01 06:00:00,13.900,1010.900,4.000,276.000,6.100,2.159
2023-01-01 07:00:00,13.700,1011.800,5.000,294.000,6.300,2.352
2023-01-01 08:00:00,13.400,1012.100,4.400,292.000,5.600,2.539
2023-01-01 09:00:00,12.800,1012.200,3.200,297.000,4.100,2.569
2023-01-01 10:00:00,12.200,1013.000,3.400,307.000,4.300,2.395
2023-01-01 11:00:00,11.900,1013.700,3.400,306.000,4.200,1.949
2023-01-01 12:00:00,11.200,1014.300,3.100,310.000,4.200,1.496
2023-01-01 13:00:00,10.800,1015.300,3.900,321.000,4.600,1.099
2023-01-01 14:00:00,11.800,1016.100,4.900,328.000,6.900,0.817
2023-01-01 15:00:00,12.700,1016.700,6.700,326.000,8.500,0.748
2023-01-01 16:00:00,13.600,1016.300,7.400,328.000,9.000,0.817
2023-01-01 17:00:00,14.300,1016.400,7.500,335.000,9.500,1.066
2023-01-01 18:00:00,14.800,1016.100,5.900,326.000,7.500,1.375
2023-01-01 19:00:00,15.300,1016.100,4.100,322.000,5.200,1.759
2023-01-01 20:00:00,16.100,1015.900,3.100,291.000,4.400,2.018
2023-01-01 21:00:00,15.900,1016.600,1.800,311.000,2.300,2.034
2023-01-01 22:00:00,10.600,1017.000,1.800,170.000,2.100,1.949
2023-01-01 23:00:00,9.600,1017.400,2.400,217.000,3.900,1.634
2023-01-02 00:00:00,7.800,1018.000,3.600,217.000,4.500,1.299
2023-01-02 01:00:00,9.100,1019.000,0.100,233.000,0.500,0.741
2023-01-02 02:00:00,8.700,1019.400,2.100,269.000,2.500,0.436
2023-01-02 03:00:00,7.500,1019.300,1.800,202.000,2.000,0.354
2023-01-02 04:00:00,7.300,1019.200,2.800,215.000,3.200,0.614
2023-01-02 05:00:00,9.300,1018.900,4.000,231.000,4.900,0.984
2023-01-02 06:00:00,9.400,1018.700,2.900,240.000,3.600,1.506
2023-01-02 07:00:00,8.100,1018.600,2.200,241.000,2.400,1.864
2023-01-02 08:00:00,8.900,1019.200,1.700,265.000,1.900,2.185
2023-01-02 09:00:00,10.000,1019.400,3.000,287.000,4.400,2.349
2023-01-02 10:00:00,9.300,1019.800,0.500,262.000,1.200,2.316
2023-01-02 11:00:00,9.000,1020.500,0.300,328.000,0.900,2.192
2023-01-02 12:00:00,9.000,1020.800,0.500,323.000,0.600,1.929
2023-01-02 13:00:00,9.400,1021.500,0.700,320.000,1.000,1.407
2023-01-02 14:00:00,9.800,1022.100,1.100,320.000,1.500,1.027
2023-01-02 15:00:00,11.000,1022.500,1.700,43.000,2.200,0.705
2023-01-02 16:00:00,11.800,1022.100,0.100,43.000,0.400,0.627
2023-01-02 17:00:00,9.200,1021.600,0.700,57.000,1.100,0.741
2023-01-02 18:00:00,10.400,1021.400,1.200,175.000,1.500,1.033
2023-01-02 19:00:00,12.200,1021.200,2.900,189.000,3.600,1.490
2023-01-02 20:00:00,9.800,1020.900,2.700,206.000,3.300,1.781
2023-01-02 21:00:00,9.600,1021.100,3.800,219.000,4.500,2.001
2023-01-02 22:00:00,9.500,1020.900,3.600,228.000,4.400,2.064
2023-01-02 23:00:00,9.300,1021.300,1.900,230.000,2.500,1.883
2023-01-03 00:00:00,10.400,1021.700,3.300,230.000,3.600,1.627
2023-01-03 01:00:00,9.300,1021.400,3.600,213.000,3.900,1.171
2023-01-03 02:00:00,9.200,1021.400,3.400,222.000,4.100,0.702
2023-01-03 03:00:00,8.300,1021.600,2.400,207.000,2.500,0.509
2023-01-03 04:00:00,8.300,1021.400,2.700,208.000,3.100,0.505
2023-01-03 05:00:00,8.500,1020.700,2.600,192.000,3.200,0.817
2023-01-03 06:00:00,8.200,1020.600,2.200,212.000,2.600,1.257
2023-01-03 07:00:00,8.200,1020.500,3.400,210.000,3.900,1.706
2023-01-03 08:00:00,8.300,1020.500,4.000,203.000,4.500,2.060
2023-01-03 09:00:00,8.100,1020.100,3.400,216.000,3.800,2.438
2023-01-03 10:00:00,9.000,1019.700,5.200,221.000,5.800,2.592
2023-01-03 11:00:00,8.100,1019.500,4.100,201.000,4.700,2.612
2023-01-03 12:00:00,8.600,1019.100,6.100,223.000,7.600,2.497
2023-01-03 13:00:00,9.100,1019.100,5.200,225.000,6.700,2.162
2023-01-03 14:00:00,8.900,1018.800,7.500,222.000,8.800,1.768
2023-01-03 15:00:00,10.000,1018.800,8.000,225.000,9.800,1.224
2023-01-03 16:00:00,9.500,1018.300,6.800,214.000,8.100,0.919
2023-01-03 17:00:00,9.300,1017.300,5.300,201.000,6.400,0.974
2023-01-03 18:00:00,10.000,1016.600,5.900,214.000,6.900,1.024
2023-01-03 19:00:00,9.600,1015.700,3.900,200.000,5.600,1.325
2023-01-03 20:00:00,9.100,1015.200,6.800,211.000,7.700,1.703
2023-01-03 21:00:00,9.200,1014.700,7.900,216.000,8.800,1.949
2023-01-03 22:00:00,9.100,1014.500,7.600,214.000,8.400,2.054
2023-01-03 23:00:00,9.400,1013.800,7.800,212.000,9.300,2.051
2023-01-04 00:00:00,9.900,1013.400,7.900,217.000,8.600,1.837
2023-01-04 01:00:00,12.900,1013.100,10.300,234.000,13.800,1.440
2023-01-04 02:00:00,13.200,1013.200,6.300,235.000,8.600,1.096
2023-01-04 03:00:00,13.400,1013.200,11.100,228.000,14.200,0.587
2023-01-04 04:00:00,12.200,1012.400,9.400,226.000,11.800,0.371
2023-01-04 05:00:00,9.800,1010.900,7.900,214.000,9.000,0.387
2023-01-04 06:00:00,12.900,1011.500,7.000,230.000,9.200,0.764
2023-01-04 07:00:00,17.000,1011.800,7.200,247.000,10.300,1.109
2023-01-04 08:00:00,16.900,1012.600,6.700,261.000,8.800,1.713
2023-01-04 09:00:00,17.200,1012.700,5.400,242.000,6.800,2.008
2023-01-04 10:00:00,14.900,1013.000,3.900,231.000,5.400,2.297
2023-01-04 11:00:00,9.800,1013.600,4.700,221.000,5.300,2.467
2023-01-04 12:00:00,10.100,1014.300,3.800,214.000,4.200,2.497
2023-01-04 13:00:00,11.000,1014.200,3.700,226.000,4.200,2.215
2023-01-04 14:00:00,9.400,1014.300,4.400,202.000,5.100,1.909
2023-01-04 15:00:00,9.800,1014.900,5.200,208.000,6.100,1.368
2023-01-04 16:00:00,12.300,1014.400,6.300,216.000,7.200,0.896
2023-01-04 17:00:00,11.800,1012.800,4.200,202.000,5.700,0.745
2023-01-04 18:00:00,10.400,1012.300,5.100,214.000,5.700,0.725
2023-01-04 19:00:00,10.500,1012.100,4.400,209.000,5.100,0.909
2023-01-04 20:00:00,10.200,1012.100,5.200,207.000,6.000,1.270
2023-01-04 21:00:00,10.100,1012.000,6.400,206.000,7.500,1.686
2023-01-04 22:00:00,9.400,1010.700,4.900,207.000,5.900,1.969
2023-01-04 23:00:00,13.700,1010.200,5.400,232.000,6.800,2.116
2023-01-05 00:00:00,11.800,1010.000,5.700,218.000,7.100,2.041
2023-01-05 01:00:00,11.600,1010.500,5.000,221.000,5.400,1.844
2023-01-05 02:00:00,10.300,1010.700,3.900,204.000,4.500,1.457
2023-01-05 03:00:00,15.600,1010.800,10.800,263.000,13.800,0.978
2023-01-05 04:00:00,17.300,1011.500,8.900,254.000,11.400,0.600
2023-01-05 05:00:00,16.900,1011.600,6.500,242.000,9.300,0.509
2023-01-05 06:00:00,12.400,1012.100,5.700,226.000,7.000,0.551
2023-01-05 07:00:00,12.600,1012.600,6.200,223.000,7.100,1.040
2023-01-05 08:00:00,12.900,1013.500,2.500,235.000,2.900,1.539
2023-01-05 09:00:00,10.700,1013.600,2.800,226.000,3.000,1.978
2023-01-05 10:00:00,10.300,1013.600,4.100,212.000,4.600,2.283
2023-01-05 11:00:00,10.500,1013.800,1.900,210.000,2.000,2.612
2023-01-05 12:00:00,8.900,1014.100,0.300,202.000,0.400,2.733
2023-01-05 13:00:00,11.300,1014.600,0.500,256.000,0.500,2.730
2023-01-05 14:00:00,12.900,1015.300,1.700,328.000,2.400,2.516
2023-01-05 15:00:00,12.600,1014.900,2.300,12.000,2.500,1.991
2023-01-05 16:00:00,13.700,1014.800,3.900,28.000,5.200,1.529
2023-01-05 17:00:00,12.700,1014.500,2.900,18.000,3.600,1.230
2023-01-05 18:00:00,13.600,1014.000,2.000,21.000,2.500,0.997
2023-01-05 19:00:00,15.200,1013.300,3.000,78.000,4.700,1.083
2023-01-05 20:00:00,15.300,1013.100,2.700,80.000,3.800,1.417
2023-01-05 21:00:00,12.400,1013.400,1.000,101.000,1.600,1.873
2023-01-05 22:00:00,11.700,1013.400,0.500,102.000,0.900,2.238
2023-01-05 23:00:00,10.200,1013.500,2.700,23.000,3.200,2.467
2023-01-06 00:00:00,9.800,1013.900,2.100,30.000,2.300,2.487
2023-01-06 01:00:00,8.500,1014.200,1.600,49.000,2.900,2.388
2023-01-06 02:00:00,7.700,1014.500,2.600,26.000,3.500,2.192
2023-01-06 03:00:00,8.400,1014.400,2.400,70.000,3.300,1.759
2023-01-06 04:00:00,8.400,1014.300,1.100,128.000,1.900,1.391
2023-01-06 05:00:00,7.800,1013.900,1.000,92.000,1.700,1.115
2023-01-06 06:00:00,7.500,1013.600,1.000,79.000,1.700,1.070
2023-01-06 07:00:00,8.200,1013.700,2.400,31.000,4.400,1.345
2023-01-06 08:00:00,8.300,1013.900,4.500,36.000,6.200,1.972
2023-01-06 09:00:00,8.100,1014.100,3.700,39.000,5.200,2.251
2023-01-06 10:00:00,8.000,1014.500,4.000,21.000,5.600,2.602
2023-01-06 11:00:00,7.400,1014.500,3.900,74.000,5.600,2.995
2023-01-06 12:00:00,7.300,1015.000,1.500,29.000,1.900,3.245
2023-01-06 13:00:00,7.500,1015.600,0.900,335.000,1.600,3.287
2023-01-06 14:00:00,8.100,1016.200,2.000,312.000,2.400,3.192
2023-01-06 15:00:00,8.800,1016.800,3.300,336.000,4.300,2.923
2023-01-06 16:00:00,9.600,1016.900,8.000,348.000,9.900,2.431
2023-01-06 17:00:00,10.600,1016.500,5.100,337.000,7.100,1.916
2023-01-06 18:00:00,10.200,1016.600,6.300,298.000,8.100,1.526
2023-01-06 19:00:00,9.500,1017.100,7.200,326.000,9.100,1.450
2023-01-06 20:00:00,9.200,1017.700,5.700,330.000,8.700,1.434
2023-01-06 21:00:00,9.000,1018.800,5.600,331.000,7.100,1.801
2023-01-06 22:00:00,8.500,1019.700,2.100,309.000,2.600,2.267
2023-01-06 23:00:00,7.400,1020.500,1.400,287.000,1.900,2.441
2023-01-07 00:00:00,7.500,1021.300,2.300,306.000,2.800,2.635
2023-01-07 01:00:00,7.400,1021.900,2.600,305.000,3.700,2.674
2023-01-07 02:00:00,7.200,1022.200,2.000,306.000,2.900,2.516
2023-01-07 03:00:00,7.000,1022.400,3.700,323.000,4.600,2.146
2023-01-07 04:00:00,6.500,1022.800,5.000,336.000,7.100,1.696
2023-01-07 05:00:00,5.500,1023.100,3.400,321.000,4.200,1.312
2023-01-07 06:00:00,4.800,1022.900,1.800,312.000,2.300,1.020
2023-01-07 07:00:00,4.200,1023.100,2.400,300.000,3.200,1.037
2023-01-07 08:00:00,4.400,1023.400,3.000,304.000,4.200,1.371
2023-01-07 09:00:00,5.100,1022.900,4.100,330.000,5.700,1.952
2023-01-07 10:00:00,5.400,1023.200,4.300,338.000,5.200,2.329
2023-01-07 11:00:00,5.100,1023.300,2.900,309.000,3.900,2.664
2023-01-07 12:00:00,4.700,1023.700,2.300,306.000,2.900,2.992
2023-01-07 13:00:00,4.500,1024.100,2.800,291.000,3.400,3.133
2023-01-07 14:00:00,5.300,1024.600,3.500,312.000,4.600,3.146
2023-01-07 15:00:00,6.500,1024.900,4.000,303.000,5.500,2.923
2023-01-07 16:00:00,7.000,1024.300,4.000,303.000,6.200,2.352
2023-01-07 17:00:00,7.300,1023.300,5.300,319.000,6.500,1.860
2023-01-07 18:00:00,7.700,1022.500,4.900,326.000,6.700,1.503
2023-01-07 19:00:00,8.100,1022.000,5.300,345.000,7.900,1.230
2023-01-07 20:00:00,8.000,1022.100,5.400,313.000,7.700,1.224
2023-01-07 21:00:00,8.300,1022.800,3.700,352.000,5.200,1.362
2023-01-07 22:00:00,7.800,1023.500,3.600,331.000,4.600,1.736
2023-01-07 23:00:00,7.000,1024.400,2.700,318.000,3.600,2.110
2023-01-08 00:00:00,6.400,1025.100,1.700,308.000,2.100,2.323
2023-01-08 01:00:00,5.700,1025.900,1.800,338.000,2.200,2.385
2023-01-08 02:00:00,5.100,1026.200,2.200,313.000,2.700,2.320
2023-01-08 03:00:00,4.100,1026.700,2.600,312.000,3.200,2.087
2023-01-08 04:00:00,3.700,1026.600,2.800,318.000,3.600,1.647
2023-01-08 05:00:00,3.300,1026.900,3.600,312.000,4.800,1.243
2023-01-08 06:00:00,3.300,1026.800,4.400,331.000,5.400,0.761
2023-01-08 07:00:00,3.400,1027.100,3.500,328.000,4.100,0.676
2023-01-08 08:00:00,2.500,1027.500,3.600,317.000,4.500,0.814
2023-01-08 09:00:00,2.300,1027.800,4.000,319.000,5.400,1.220
2023-01-08 10:00:00,2.300,1027.400,4.200,342.000,5.200,1.736
2023-01-08 11:00:00,2.500,1027.200,4.900,355.000,5.900,2.185
2023-01-08 12:00:00,2.100,1028.000,3.700,344.000,4.500,2.566
2023-01-08 13:00:00,2.100,1028.300,3.700,3.000,4.300,2.844
2023-01-08 14:00:00,2.500,1028.600,2.300,6.000,3.100,2.927
2023-01-08 15:00:00,3.500,1028.700,2.300,18.000,3.000,2.812
2023-01-08 16:00:00,4.500,1028.500,1.500,16.000,1.900,2.569
2023-01-08 17:00:00,5.300,1027.900,0.900,350.000,1.300,2.051
2023-01-08 18:00:00,5.400,1026.600,2.200,107.000,2.600,1.496
2023-01-08 19:00:00,5.700,1026.000,0.500,99.000,1.100,1.132
2023-01-08 20:00:00,5.300,1026.100,2.800,201.000,3.600,1.024
2023-01-08 21:00:00,5.400,1025.100,2.300,190.000,2.900,1.109
2023-01-08 22:00:00,5.400,1024.800,3.100,189.000,4.100,1.342
2023-01-08 23:00:00,6.000,1024.600,4.500,215.000,5.300,1.775
2023-01-09 00:00:00,5.600,1024.200,4.000,232.000,4.900,2.073
2023-01-09 01:00:00,4.500,1024.300,2.100,248.000,2.800,2.211
2023-01-09 02:00:00,4.500,1023.700,3.000,243.000,3.600,2.352
2023-01-09 03:00:00,5.400,1022.600,3.900,200.000,5.100,2.208
2023-01-09 04:00:00,6.100,1021.200,7.700,205.000,9.200,1.913
2023-01-09 05:00:00,6.600,1020.200,6.500,222.000,7.900,1.512
2023-01-09 06:00:00,6.800,1018.400,6.400,213.000,7.600,1.099
2023-01-09 07:00:00,7.100,1017.400,4.500,217.000,5.300,0.935
2023-01-09 08:00:00,6.900,1016.100,2.600,227.000,3.100,0.948
2023-01-09 09:00:00,7.100,1015.400,3.000,230.000,3.400,1.237
2023-01-09 10:00:00,7.200,1015.100,2.000,234.000,2.500,1.539
2023-01-09 11:00:00,7.200,1014.800,1.300,275.000,1.500,2.067
2023-01-09 12:00:00,7.000,1015.000,3.100,320.000,4.400,2.461
2023-01-09 13:00:00,6.600,1014.900,5.200,320.000,6.500,2.769
2023-01-09 14:00:00,5.900,1015.400,5.000,333.000,6.400,3.025
2023-01-09 15:00:00,4.800,1016.000,5.800,5.000,7.800,2.995
2023-01-09 16:00:00,4.900,1016.100,5.100,350.000,6.200,2.792
2023-01-09 17:00:00,5.900,1015.300,5.200,5.000,6.300,2.467
2023-01-09 18:00:00,7.100,1014.400,5.400,339.000,6.900,1.873
2023-01-09 19:00:00,7.500,1014.000,5.900,334.000,8.200,1.476
2023-01-09 20:00:00,8.100,1014.300,7.200,325.000,9.200,1.299
2023-01-09 21:00:00,7.900,1014.900,6.700,331.000,9.100,1.194
2023-01-09 22:00:00,7.200,1015.400,5.200,326.000,7.500,1.339
2023-01-09 23:00:00,6.600,1016.000,4.600,325.000,5.700,1.627
2023-01-10 00:00:00,5.900,1016.800,5.000,320.000,7.400,1.946
2023-01-10 01:00:00,5.500,1017.000,4.800,319.000,5.900,2.211
2023-01-10 02:00:00,5.000,1016.900,3.700,328.000,4.700,2.408
2023-01-10 03:00:00,5.000,1017.100,5.300,326.000,7.300,2.392
2023-01-10 04:00:00,4.700,1017.500,3.400,327.000,5.300,2.254
2023-01-10 05:00:00,4.000,1017.700,2.500,322.000,3.100,1.890
2023-01-10 06:00:00,3.300,1017.800,2.700,322.000,3.100,1.414
2023-01-10 07:00:00,2.800,1018.200,1.200,311.000,1.600,1.024
2023-01-10 08:00:00,2.400,1018.400,2.100,340.000,2.900,0.902
2023-01-10 09:00:00,1.600,1019.100,2.500,302.000,3.400,0.896
2023-01-10 10:00:00,1.300,1019.400,2.200,324.000,2.800,1.198
2023-01-10 11:00:00,1.000,1019.700,1.400,322.000,1.700,1.578
2023-01-10 12:00:00,0.700,1020.100,2.500,316.000,3.100,2.051
2023-01-10 13:00:00,1.600,1020.300,1.900,352.000,2.500,2.402
2023-01-10 14:00:00,2.400,1020.800,3.200,328.000,3.600,2.707
2023-01-10 15:00:00,3.500,1020.800,2.400,25.000,3.100,2.779
2023-01-10 16:00:00,3.900,1020.000,2.000,24.000,2.700,2.661
2023-01-10 17:00:00,4.700,1019.400,1.200,32.000,1.700,2.372
2023-01-10 18:00:00,5.500,1019.100,2.300,6.000,2.900,1.827
2023-01-10 19:00:00,6.000,1018.100,2.200,32.000,2.900,1.378
2023-01-10 20:00:00,5.500,1018.200,1.700,177.000,2.600,1.027
2023-01-10 21:00:00,5.300,1018.400,1.800,167.000,2.200,1.004
2023-01-10 22:00:00,5.000,1018.800,2.000,196.000,2.400,1.060
2023-01-10 23:00:00,5.100,1019.000,1.800,198.000,2.400,1.266
2023-01-11 00:00:00,4.600,1019.300,0.200,241.000,0.700,1.581
2023-01-11 01:00:00,4.300,1019.500,1.100,262.000,1.300,1.982
2023-01-11 02:00:00,4.000,1019.900,1.300,280.000,1.700,2.169
2023-01-11 03:00:00,3.300,1019.900,0.900,29.000,1.200,2.372
2023-01-11 04:00:00,3.900,1020.200,1.600,3.000,2.100,2.297
2023-01-11 05:00:00,2.700,1020.200,1.400,0.000,1.700,2.057
2023-01-11 06:00:00,2.500,1020.400,2.300,8.000,2.700,1.683
2023-01-11 07:00:00,2.100,1020.800,2.100,360.000,2.400,1.247
2023-01-11 08:00:00,1.800,1021.200,2.000,8.000,2.300,0.981
2023-01-11 09:00:00,1.400,1021.200,2.200,5.000,2.500,1.004
2023-01-11 10:00:00,2.600,1021.200,2.400,27.000,3.400,1.050
2023-01-11 11:00:00,2.200,1021.600,2.300,332.000,2.500,1.450
2023-01-11 12:00:00,1.700,1022.700,1.400,348.000,1.800,1.949
2023-01-11 13:00:00,3.300,1023.000,1.700,32.000,2.200,2.254
2023-01-11 14:00:00,6.100,1023.000,3.400,88.000,5.500,2.654
2023-01-11 15:00:00,6.700,1023.700,2.700,98.000,4.900,2.874
2023-01-11 16:00:00,6.900,1024.000,2.800,94.000,4.600,2.927
2023-01-11 17:00:00,7.100,1023.600,1.600,36.000,3.100,2.805
2023-01-11 18:00:00,7.300,1022.600,3.000,85.000,4.100,2.608
2023-01-11 19:00:00,7.100,1023.100,2.200,73.000,2.900,2.142
2023-01-11 20:00:00,6.900,1023.000,3.100,89.000,4.300,1.683
2023-01-11 21:00:00,6.600,1023.500,3.600,87.000,5.100,1.296
2023-01-11 22:00:00,6.500,1023.400,2.500,86.000,4.100,1.434
2023-01-11 23:00:00,6.800,1023.700,2.300,96.000,3.200,1.496
2023-01-12 00:00:00,6.700,1023.600,2.600,120.000,3.200,1.745
2023-01-12 01:00:00,6.900,1023.700,2.200,131.000,3.100,2.028
2023-01-12 02:00:00,7.100,1023.200,2.800,130.000,4.100,2.365
2023-01-12 03:00:00,7.300,1023.600,1.500,120.000,2.200,2.684
2023-01-12 04:00:00,7.400,1023.500,0.900,120.000,1.300,2.641
2023-01-12 05:00:00,7.500,1023.000,0.700,118.000,1.100,2.510
2023-01-12 06:00:00,7.600,1022.600,1.800,79.000,2.400,2.287
2023-01-12 07:00:00,7.800,1022.100,2.400,121.000,3.300,1.916
2023-01-12 08:00:00,8.200,1021.500,3.500,132.000,4.800,1.516
2023-01-12 09:00:00,8.200,1020.800,2.400,143.000,3.400,1.385
2023-01-12 10:00:00,8.600,1020.500,3.300,151.000,4.700,1.342
2023-01-12 11:00:00,8.700,1020.800,2.500,172.000,3.700,1.545
2023-01-12 12:00:00,8.400,1020.500,1.700,178.000,2.000,1.949
2023-01-12 13:00:00,9.300,1020.200,3.300,168.000,5.000,2.320
2023-01-12 14:00:00,10.100,1019.800,4.100,165.000,6.300,2.618
2023-01-12 15:00:00,10.200,1020.000,4.600,179.000,5.700,2.910
2023-01-12 16:00:00,10.100,1019.100,5.100,178.000,7.200,3.028
2023-01-12 17:00:00,9.600,1017.400,3.900,215.000,4.300,3.009
2023-01-12 18:00:00,9.900,1015.800,4.000,202.000,5.100,2.841
2023-01-12 19:00:00,9.000,1015.500,3.600,219.000,3.900,2.405
2023-01-12 20:00:00,9.900,1014.300,5.300,193.000,7.000,2.028
2023-01-12 21:00:00,9.300,1013.700,3.800,214.000,4.400,1.713
2023-01-12 22:00:00,10.300,1012.500,5.700,191.000,8.900,1.591
2023-01-12 23:00:00,10.100,1012.100,4.900,223.000,5.900,1.611
2023-01-13 00:00:00,9.600,1011.400,5.000,218.000,5.600,1.637
2023-01-13 01:00:00,10.500,1010.700,7.000,214.000,8.600,1.949
2023-01-13 02:00:00,13.000,1010.000,9.400,232.000,11.900,2.352
2023-01-13 03:00:00,10.700,1008.800,7.900,206.000,9.800,2.379
2023-01-13 04:00:00,10.500,1008.100,6.200,229.000,7.300,2.746
2023-01-13 05:00:00,10.700,1006.700,10.000,214.000,12.100,2.710
2023-01-13 06:00:00,13.500,1006.900,6.700,259.000,9.000,2.434
2023-01-13 07:00:00,12.400,1005.800,5.400,235.000,6.600,2.152
2023-01-13 08:00:00,8.800,1005.100,5.100,212.000,6.200,1.900
2023-01-13 09:00:00,8.900,1004.600,6.300,221.000,7.500,1.617
2023-01-13 10:00:00,8.900,1003.900,5.500,212.000,6.600,1.378
2023-01-13 11:00:00,9.500,1003.600,7.500,221.000,8.600,1.306
2023-01-13 12:00:00,10.200,1003.000,6.800,230.000,8.300,1.444
2023-01-13 13:00:00,10.100,1003.400,6.400,228.000,8.100,1.854
2023-01-13 14:00:00,10.400,1003.900,7.100,228.000,8.700,2.257
2023-01-13 15:00:00,10.200,1004.300,5.100,228.000,6.700,2.408
2023-01-13 16:00:00,9.800,1004.700,5.300,311.000,7.200,2.674
2023-01-13 17:00:00,9.700,1003.900,5.200,323.000,6.800,2.792
2023-01-13 18:00:00,9.200,1003.900,5.200,325.000,7.100,2.687
2023-01-13 19:00:00,9.400,1003.200,7.000,339.000,8.500,2.457
2023-01-13 20:00:00,9.100,1003.400,4.500,356.000,5.700,1.919
2023-01-13 21:00:00,8.900,1004.600,5.600,338.000,7.100,1.608
2023-01-13 22:00:00,8.400,1004.900,6.400,5.000,7.800,1.407
2023-01-13 23:00:00,7.700,1005.800,7.700,357.000,9.800,1.247
2023-01-14 00:00:00,7.200,1006.500,7.000,344.000,9.200,1.237
2023-01-14 01:00:00,6.600,1006.300,6.900,352.000,9.100,1.470
2023-01-14 02:00:00,6.200,1006.200,6.200,344.000,8.000,2.041
2023-01-14 03:00:00,5.800,1006.000,9.900,356.000,12.100,2.336
2023-01-14 04:00:00,4.900,1006.300,7.900,355.000,10.800,2.582
2023-01-14 05:00:00,4.700,1005.900,8.200,355.000,10.200,2.779
2023-01-14 06:00:00,4.500,1007.000,7.800,359.000,9.900,2.831
2023-01-14 07:00:00,4.000,1007.400,9.800,343.000,12.200,2.723
2023-01-14 08:00:00,3.600,1007.100,8.700,7.000,12.700,2.415
2023-01-14 09:00:00,3.200,1007.800,7.700,353.000,9.600,2.005
2023-01-14 10:00:00,2.600,1008.000,8.100,352.000,11.300,1.608
2023-01-14 11:00:00,2.300,1008.400,7.100,350.000,9.700,1.417
2023-01-14 12:00:00,2.100,1008.900,6.600,351.000,8.200,1.473
2023-01-14 13:00:00,2.000,1010.100,7.100,348.000,9.600,1.893
2023-01-14 14:00:00,1.900,1010.800,7.800,347.000,9.700,2.142
2023-01-14 15:00:00,1.700,1010.200,10.100,0.000,12.500,2.352
2023-01-14 16:00:00,2.000,1010.900,8.700,342.000,10.200,2.740
2023-01-14 17:00:00,2.200,1010.300,6.700,0.000,8.100,2.943
2023-01-14 18:00:00,1.900,1010.000,8.700,345.000,10.300,3.002
2023-01-14 19:00:00,2.000,1009.900,9.400,356.000,11.700,2.785
2023-01-14 20:00:00,2.200,1010.100,8.800,345.000,11.300,2.575
2023-01-14 21:00:00,1.900,1010.200,9.100,3.000,11.000,2.133
2023-01-14 22:00:00,1.600,1010.700,10.000,353.000,12.100,1.827
2023-01-14 23:00:00,1.000,1010.400,12.300,5.000,15.400,1.549
2023-01-15 00:00:00,1.200,1010.600,11.500,350.000,15.700,1.421
2023-01-15 01:00:00,0.800,1012.000,10.400,17.000,13.500,1.516
2023-01-15 02:00:00,0.400,1012.700,9.200,350.000,11.800,1.699
2023-01-15 03:00:00,0.200,1012.900,9.800,342.000,11.900,2.241
2023-01-15 04:00:00,0.100,1012.300,11.500,348.000,14.900,2.539
2023-01-15 05:00:00,-0.200,1012.100,11.700,348.000,14.600,2.887
2023-01-15 06:00:00,-0.100,1012.500,10.400,348.000,13.900,3.015
2023-01-15 07:00:00,-0.400,1013.000,9.300,345.000,11.400,3.228
2023-01-15 08:00:00,-0.400,1013.400,10.700,355.000,13.600,3.120
2023-01-15 09:00:00,-0.400,1014.300,10.500,358.000,14.100,2.966
2023-01-15 10:00:00,-0.500,1014.500,9.600,0.000,12.000,2.556
2023-01-15 11:00:00,-0.500,1015.000,8.700,352.000,14.100,2.011
2023-01-15 12:00:00,-0.600,1015.500,7.700,348.000,9.800,1.896
2023-01-15 13:00:00,-0.600,1016.000,8.100,351.000,10.400,2.133
2023-01-15 14:00:00,-0.200,1016.600,8.800,357.000,10.600,2.392
2023-01-15 15:00:00,0.600,1017.200,8.800,354.000,11.900,2.608
2023-01-15 16:00:00,1.300,1016.900,9.400,1.000,12.200,2.858
2023-01-15 17:00:00,2.800,1016.400,8.600,352.000,10.800,3.084
2023-01-15 18:00:00,3.800,1015.700,8.700,348.000,10.700,3.258
2023-01-15 19:00:00,5.000,1015.400,8.300,346.000,10.400,3.291
2023-01-15 20:00:00,5.800,1015.200,7.800,348.000,9.400,3.228
2023-01-15 21:00:00,6.000,1015.400,7.500,3.000,9.200,3.028
2023-01-15 22:00:00,5.700,1015.700,8.200,350.000,11.200,2.618
2023-01-15 23:00:00,4.700,1016.600,6.000,345.000,7.400,2.287
2023-01-16 00:00:00,4.300,1016.600,6.800,352.000,8.600,1.969
2023-01-16 01:00:00,3.600,1016.500,4.800,338.000,5.900,1.929
2023-01-16 02:00:00,3.300,1016.500,6.400,351.000,9.100,2.083
2023-01-16 03:00:00,2.900,1016.500,6.700,349.000,8.100,2.533
2023-01-16 04:00:00,2.500,1016.400,7.000,350.000,8.100,2.858
2023-01-16 05:00:00,1.700,1016.400,5.700,344.000,7.400,3.166
2023-01-16 06:00:00,1.000,1016.200,6.000,340.000,7.700,3.458
2023-01-16 07:00:00,0.600,1016.400,6.000,337.000,8.300,3.596
2023-01-16 08:00:00,0.500,1016.600,5.800,341.000,7.100,3.652
2023-01-16 09:00:00,0.500,1016.100,7.000,1.000,8.700,3.619
2023-01-16 10:00:00,0.500,1015.900,6.700,354.000,8.400,3.435
2023-01-16 11:00:00,-0.100,1016.200,5.500,342.000,6.700,3.025
2023-01-16 12:00:00,-0.300,1016.200,5.500,342.000,7.500,2.651
2023-01-16 13:00:00,-0.600,1016.600,6.600,344.000,8.200,2.441
2023-01-16 14:00:00,0.500,1016.500,6.000,333.000,9.700,2.408
2023-01-16 15:00:00,1.600,1016.200,5.800,343.000,7.800,2.516
2023-01-16 16:00:00,2.900,1015.600,5.900,339.000,7.900,2.782
2023-01-16 17:00:00,4.600,1014.800,5.600,329.000,7.100,2.999
2023-01-16 18:00:00,6.200,1013.600,4.600,340.000,6.500,3.097
2023-01-16 19:00:00,7.500,1012.400,4.800,319.000,6.000,3.241
2023-01-16 20:00:00,8.600,1011.600,5.900,332.000,7.400,3.268
2023-01-16 21:00:00,9.400,1012.100,5.100,312.000,6.300,3.209
2023-01-16 22:00:00,8.800,1012.300,2.800,307.000,3.900,2.890
2023-01-16 23:00:00,7.700,1012.200,2.900,310.000,4.000,2.428
2023-01-17 00:00:00,7.200,1012.100,3.600,301.000,4.800,2.087
2023-01-17 01:00:00,6.500,1012.200,3.000,314.000,3.700,1.841
2023-01-17 02:00:00,6.900,1012.500,3.900,311.000,5.600,1.804
2023-01-17 03:00:00,7.200,1012.200,4.400,313.000,6.000,1.850
2023-01-17 04:00:00,7.300,1012.100,4.000,305.000,5.100,2.149
2023-01-17 05:00:00,6.400,1011.800,2.700,314.000,3.600,2.641
2023-01-17 06:00:00,5.800,1011.600,2.900,300.000,4.100,2.927
2023-01-17 07:00:00,5.200,1011.100,1.600,320.000,2.300,3.150
2023-01-17 08:00:00,5.400,1011.000,1.000,291.000,1.500,3.323
2023-01-17 09:00:00,5.100,1011.100,2.700,259.000,3.000,3.323
2023-01-17 10:00:00,4.700,1010.400,0.200,260.000,0.500,3.143
2023-01-17 11:00:00,4.800,1010.500,1.400,217.000,1.800,2.822
2023-01-17 12:00:00,4.900,1010.600,2.400,231.000,3.100,2.313
2023-01-17 13:00:00,5.900,1010.300,2.200,196.000,3.000,1.982
2023-01-17 14:00:00,6.100,1010.100,4.600,221.000,5.300,1.732
2023-01-17 15:00:00,6.500,1009.400,4.400,217.000,4.900,1.683
2023-01-17 16:00:00,7.300,1009.100,4.200,250.000,5.400,1.722
2023-01-17 17:00:00,7.500,1007.800,3.600,266.000,4.100,1.969
2023-01-17 18:00:00,8.000,1007.100,3.100,283.000,4.100,2.073
2023-01-17 19:00:00,7.800,1005.700,2.700,190.000,3.300,2.500
2023-01-17 20:00:00,6.800,1006.500,5.000,222.000,5.600,2.520
2023-01-17 21:00:00,8.400,1006.100,4.400,250.000,5.100,2.598
2023-01-17 22:00:00,7.200,1005.900,4.300,220.000,4.600,2.457
2023-01-17 23:00:00,7.600,1006.200,3.500,240.000,4.200,2.123
2023-01-18 00:00:00,6.700,1006.600,3.400,232.000,4.200,1.611
2023-01-18 01:00:00,7.300,1007.000,3.400,243.000,4.000,1.178
2023-01-18 02:00:00,7.100,1007.400,2.600,259.000,3.100,0.919
2023-01-18 03:00:00,6.600,1007.800,2.300,249.000,3.100,0.820
2023-01-18 04:00:00,6.500,1007.600,3.100,245.000,3.700,0.997
2023-01-18 05:00:00,6.100,1007.500,2.400,256.000,2.800,1.355
2023-01-18 06:00:00,5.800,1007.000,3.300,245.000,4.100,1.850
2023-01-18 07:00:00,6.200,1008.100,2.700,23.000,3.800,2.326
2023-01-18 08:00:00,6.100,1007.800,1.700,255.000,1.900,2.602
2023-01-18 09:00:00,6.900,1008.100,4.000,277.000,5.900,2.812
2023-01-18 10:00:00,7.900,1008.500,4.400,280.000,5.600,2.762
2023-01-18 11:00:00,8.500,1009.100,5.200,279.000,6.500,2.648
2023-01-18 12:00:00,8.300,1010.000,4.200,274.000,5.200,2.159
2023-01-18 13:00:00,8.300,1010.900,4.900,279.000,6.900,1.588
2023-01-18 14:00:00,9.100,1011.900,4.900,284.000,7.600,1.181
2023-01-18 15:00:00,10.100,1012.400,4.900,275.000,6.500,0.830
2023-01-18 16:00:00,12.600,1012.400,4.000,297.000,6.300,0.745
2023-01-18 17:00:00,13.200,1011.900,5.400,313.000,9.100,0.787
2023-01-18 18:00:00,14.000,1011.500,7.100,304.000,10.100,1.001
2023-01-18 19:00:00,14.300,1011.700,6.700,316.000,9.800,1.368
2023-01-18 20:00:00,13.600,1012.600,7.800,318.000,10.000,1.791
2023-01-18 21:00:00,13.300,1014.000,4.100,326.000,5.500,1.975
2023-01-18 22:00:00,12.600,1015.200,5.200,322.000,7.700,1.975
2023-01-18 23:00:00,11.600,1016.400,3.400,328.000,4.200,1.742
2023-01-19 00:00:00,10.500,1017.300,2.600,331.000,3.100,1.273
2023-01-19 01:00:00,9.300,1017.100,3.100,5.000,3.800,0.830
2023-01-19 02:00:00,8.600,1017.600,3.100,345.000,3.400,0.358
2023-01-19 03:00:00,8.300,1018.200,2.800,341.000,3.400,0.121
2023-01-19 04:00:00,7.700,1018.000,1.400,23.000,1.900,0.177
2023-01-19 05:00:00,6.800,1018.200,1.200,3.000,1.700,0.449
2023-01-19 06:00:00,6.700,1018.400,1.400,8.000,1.900,1.122
2023-01-19 07:00:00,6.700,1018.400,0.200,5.000,0.400,1.621
2023-01-19 08:00:00,6.700,1018.400,1.000,295.000,1.400,2.162
2023-01-19 09:00:00,6.400,1018.200,0.000,346.000,0.200,2.595
2023-01-19 10:00:00,6.300,1018.200,0.000,346.000,0.000,2.746
2023-01-19 11:00:00,6.100,1017.900,0.700,349.000,1.100,2.733
2023-01-19 12:00:00,6.200,1017.300,1.500,165.000,2.200,2.605
2023-01-19 13:00:00,6.600,1017.800,0.000,172.000,0.000,2.152
2023-01-19 14:00:00,6.800,1017.100,2.200,105.000,3.600,1.631
2023-01-19 15:00:00,7.800,1016.300,2.000,135.000,3.100,1.017
2023-01-19 16:00:00,8.100,1014.900,2.400,127.000,3.700,0.633
2023-01-19 17:00:00,8.300,1013.100,2.900,68.000,4.000,0.705
2023-01-19 18:00:00,8.300,1011.300,2.300,39.000,2.900,0.823
2023-01-19 19:00:00,9.400,1009.500,3.300,198.000,4.400,1.257
2023-01-19 20:00:00,8.800,1008.700,6.000,207.000,7.100,1.847
2023-01-19 21:00:00,8.900,1008.100,5.000,220.000,5.800,2.110
2023-01-19 22:00:00,8.500,1007.300,4.800,214.000,5.600,2.385
2023-01-19 23:00:00,8.800,1005.900,5.400,213.000,6.500,2.372
2023-01-20 00:00:00,10.100,1005.000,4.400,224.000,6.100,2.136
2023-01-20 01:00:00,10.100,1004.000,7.000,233.000,8.600,1.827
2023-01-20 02:00:00,10.000,1002.900,8.400,233.000,10.800,1.240
2023-01-20 03:00:00,11.700,1002.900,8.900,235.000,11.400,0.702
2023-01-20 04:00:00,11.300,1002.900,5.600,235.000,7.400,0.453
2023-01-20 05:00:00,9.900,1003.400,2.100,251.000,2.600,0.617
2023-01-20 06:00:00,10.500,1003.400,2.100,304.000,3.700,0.876
2023-01-20 07:00:00,10.500,1003.600,4.800,313.000,6.800,1.365
2023-01-20 08:00:00,9.700,1004.400,4.800,333.000,7.800,2.129
2023-01-20 09:00:00,8.500,1004.700,2.800,335.000,3.400,2.559
2023-01-20 10:00:00,8.300,1005.800,0.900,334.000,2.700,2.972
2023-01-20 11:00:00,7.700,1006.600,1.500,342.000,1.800,3.166
2023-01-20 12:00:00,6.900,1007.700,0.400,312.000,0.600,3.199
2023-01-20 13:00:00,6.500,1008.200,2.300,263.000,2.700,3.041
2023-01-20 14:00:00,7.700,1009.600,2.700,277.000,3.700,2.690
2023-01-20 15:00:00,8.400,1009.900,5.700,322.000,7.900,1.722
2023-01-20 16:00:00,9.600,1009.600,5.400,323.000,8.000,1.145
2023-01-20 17:00:00,10.500,1009.200,7.000,311.000,10.000,0.873
2023-01-20 18:00:00,10.400,1008.800,11.700,317.000,17.400,0.650
2023-01-20 19:00:00,10.400,1009.200,9.000,319.000,12.100,0.745
2023-01-20 20:00:00,10.400,1010.000,9.500,318.000,12.700,1.207
2023-01-20 21:00:00,9.600,1011.300,8.100,325.000,11.500,1.778
2023-01-20 22:00:00,9.100,1012.600,7.400,328.000,9.500,2.146
2023-01-20 23:00:00,8.100,1013.900,6.800,331.000,9.800,2.238
2023-01-21 00:00:00,7.400,1014.900,6.500,322.000,9.300,2.103
2023-01-21 01:00:00,6.800,1015.600,5.300,317.000,8.200,1.732
2023-01-21 02:00:00,6.500,1016.300,6.200,321.000,8.100,1.240
2023-01-21 03:00:00,6.200,1017.100,6.400,323.000,8.700,0.686
2023-01-21 04:00:00,5.800,1017.100,7.200,332.000,10.000,0.036
2023-01-21 05:00:00,5.200,1017.200,5.200,314.000,6.900,-0.243
2023-01-21 06:00:00,4.400,1017.500,3.900,305.000,5.000,-0.282
2023-01-21 07:00:00,4.200,1017.700,4.700,316.000,6.400,0.118
2023-01-21 08:00:00,3.900,1018.200,4.100,322.000,5.700,0.912
2023-01-21 09:00:00,3.500,1018.600,4.500,312.000,5.900,1.749
2023-01-21 10:00:00,3.100,1018.900,4.500,312.000,5.500,2.221
2023-01-21 11:00:00,2.300,1019.700,3.700,303.000,5.100,2.740
2023-01-21 12:00:00,2.300,1020.500,3.300,311.000,4.000,2.949
2023-01-21 13:00:00,2.400,1021.200,4.400,306.000,5.600,2.989
2023-01-21 14:00:00,3.900,1021.900,5.800,315.000,7.300,2.802
2023-01-21 15:00:00,5.600,1022.400,4.500,344.000,5.700,2.277
2023-01-21 16:00:00,5.800,1022.700,7.000,1.000,9.000,1.506
2023-01-21 17:00:00,6.000,1022.500,5.300,7.000,6.500,1.040
2023-01-21 18:00:00,6.000,1022.200,5.100,354.000,5.900,0.650
2023-01-21 19:00:00,5.500,1022.200,5.100,29.000,7.100,0.610
2023-01-21 20:00:00,5.400,1022.800,3.800,32.000,5.600,0.846
2023-01-21 21:00:00,5.500,1023.100,4.000,11.000,4.800,1.490
2023-01-21 22:00:00,5.500,1023.700,3.000,20.000,4.000,2.057
2023-01-21 23:00:00,5.100,1024.400,2.900,1.000,3.500,2.523
2023-01-22 00:00:00,5.000,1024.400,3.100,352.000,3.600,2.687
2023-01-22 01:00:00,4.900,1024.800,3.200,353.000,3.800,2.543
2023-01-22 02:00:00,4.800,1025.100,2.500,342.000,3.300,2.408
2023-01-22 03:00:00,4.600,1024.900,2.000,17.000,2.500,1.988
2023-01-22 04:00:00,4.400,1024.400,0.900,45.000,1.900,1.240
2023-01-22 05:00:00,4.300,1024.300,0.000,77.000,0.100,0.581
2023-01-22 06:00:00,4.500,1024.500,1.200,234.000,1.800,0.302
2023-01-22 07:00:00,4.100,1024.500,0.000,212.000,0.200,0.220
2023-01-22 08:00:00,4.000,1024.200,0.800,118.000,1.100,0.883
2023-01-22 09:00:00,4.300,1023.700,1.900,155.000,2.300,1.516
2023-01-22 10:00:00,4.400,1023.200,1.900,169.000,2.400,2.096
2023-01-22 11:00:00,4.600,1022.800,2.200,148.000,3.400,2.644
2023-01-22 12:00:00,5.200,1022.600,2.700,161.000,3.900,3.051
2023-01-22 13:00:00,5.700,1021.800,3.300,154.000,4.800,3.274
2023-01-22 14:00:00,6.100,1021.400,2.500,154.000,3.400,3.238
2023-01-22 15:00:00,6.400,1021.500,2.800,165.000,3.600,2.923
2023-01-22 16:00:00,6.700,1020.800,3.100,160.000,4.500,2.365
2023-01-22 17:00:00,6.900,1019.100,3.000,156.000,4.100,1.565
2023-01-22 18:00:00,6.800,1018.100,1.500,129.000,2.500,0.866
2023-01-22 19:00:00,6.900,1016.700,1.100,120.000,2.000,0.630
2023-01-22 20:00:00,7.000,1015.400,2.500,89.000,3.200,0.627
2023-01-22 21:00:00,7.300,1014.100,2.800,84.000,4.500,1.033
2023-01-22 22:00:00,6.700,1012.300,4.400,82.000,7.500,1.834
2023-01-22 23:00:00,6.800,1011.900,1.400,58.000,2.800,2.359
2023-01-23 00:00:00,7.800,1010.600,1.700,84.000,2.700,2.707
2023-01-23 01:00:00,8.700,1008.600,2.900,115.000,4.400,2.907
2023-01-23 02:00:00,9.400,1006.000,2.900,92.000,4.100,2.969
2023-01-23 03:00:00,9.700,1004.800,2.100,212.000,3.400,2.841
2023-01-23 04:00:00,11.000,1003.500,7.400,227.000,10.000,2.356
2023-01-23 05:00:00,11.600,1003.400,6.100,259.000,7.500,1.608
2023-01-23 06:00:00,11.900,1002.500,4.300,284.000,5.900,1.135
2023-01-23 07:00:00,7.800,1002.600,4.300,316.000,5.100,0.817
2023-01-23 08:00:00,6.900,1001.100,0.100,310.000,0.300,0.919
2023-01-23 09:00:00,6.400,1001.800,3.100,310.000,3.800,1.499
2023-01-23 10:00:00,5.800,1002.100,2.900,290.000,3.900,1.942
2023-01-23 11:00:00,5.400,1002.600,3.000,291.000,4.200,2.523
2023-01-23 12:00:00,5.200,1003.300,5.600,284.000,7.000,3.012
2023-01-23 13:00:00,4.900,1004.300,6.500,289.000,9.200,3.402
2023-01-23 14:00:00,5.200,1004.900,4.700,300.000,7.300,3.514
2023-01-23 15:00:00,5.600,1005.000,5.100,310.000,8.000,3.360
2023-01-23 16:00:00,5.800,1005.700,5.600,302.000,8.500,3.097
2023-01-23 17:00:00,5.900,1005.700,6.400,301.000,10.100,2.408
2023-01-23 18:00:00,6.600,1006.100,7.300,302.000,10.000,1.526
2023-01-23 19:00:00,6.800,1006.800,7.600,312.000,10.100,0.741
2023-01-23 20:00:00,7.000,1008.100,8.000,316.000,10.100,0.505
2023-01-23 21:00:00,7.000,1009.600,8.900,319.000,12.800,0.525
2023-01-23 22:00:00,7.000,1011.500,6.500,311.000,9.200,0.928
2023-01-23 23:00:00,6.900,1013.000,5.500,315.000,7.500,1.519
2023-01-24 00:00:00,6.800,1014.000,5.500,316.000,8.200,2.001
2023-01-24 01:00:00,6.500,1015.200,8.000,324.000,11.300,2.434
2023-01-24 02:00:00,5.700,1016.600,8.000,320.000,11.700,2.438
2023-01-24 03:00:00,5.500,1017.800,6.400,319.000,9.100,2.375
2023-01-24 04:00:00,5.000,1018.600,8.500,332.000,10.700,2.018
2023-01-24 05:00:00,4.400,1019.300,7.100,334.000,9.400,1.388
2023-01-24 06:00:00,4.100,1020.100,5.600,321.000,7.400,0.682
2023-01-24 07:00:00,3.800,1020.600,3.600,305.000,4.800,0.062
2023-01-24 08:00:00,3.200,1021.100,2.500,298.000,3.800,-0.243
2023-01-24 09:00:00,2.600,1021.100,2.300,263.000,3.000,-0.003
2023-01-24 10:00:00,2.800,1022.000,3.700,308.000,4.700,0.344
2023-01-24 11:00:00,2.500,1022.800,3.100,291.000,3.600,0.965
2023-01-24 12:00:00,1.600,1023.400,2.700,274.000,3.300,1.670
2023-01-24 13:00:00,1.800,1024.200,2.800,285.000,3.400,2.238
2023-01-24 14:00:00,3.500,1025.100,3.800,281.000,4.900,2.595
2023-01-24 15:00:00,5.200,1025.500,4.200,300.000,6.100,2.598
2023-01-24 16:00:00,6.000,1024.900,7.900,291.000,9.900,2.287
2023-01-24 17:00:00,7.100,1024.300,5.900,311.000,8.000,1.893
2023-01-24 18:00:00,8.000,1023.200,4.800,302.000,6.300,1.096
2023-01-24 19:00:00,8.700,1023.600,4.600,302.000,5.700,0.364
2023-01-24 20:00:00,8.900,1023.500,5.400,326.000,6.800,-0.253
2023-01-24 21:00:00,9.200,1023.700,4.700,314.000,5.600,-0.436
2023-01-24 22:00:00,8.600,1024.400,2.000,280.000,2.700,-0.230
2023-01-24 23:00:00,7.200,1025.200,1.200,304.000,1.600,0.341
2023-01-25 00:00:00,5.400,1025.600,1.100,286.000,1.200,0.781
2023-01-25 01:00:00,6.000,1026.300,0.500,326.000,0.600,1.467
2023-01-25 02:00:00,4.600,1027.200,1.100,273.000,1.500,1.890
2023-01-25 03:00:00,4.500,1026.900,0.800,284.000,1.200,1.998
2023-01-25 04:00:00,3.700,1026.500,0.600,266.000,1.100,1.857
2023-01-25 05:00:00,3.400,1025.900,0.000,240.000,0.000,1.526
2023-01-25 06:00:00,3.000,1025.800,4.400,12.000,6.800,1.027
2023-01-25 07:00:00,2.700,1026.300,0.500,338.000,1.200,0.397
2023-01-25 08:00:00,3.400,1026.000,1.400,31.000,1.800,-0.121
2023-01-25 09:00:00,3.600,1026.200,1.900,348.000,2.500,-0.381
2023-01-25 10:00:00,6.200,1026.400,2.600,99.000,3.600,-0.213
2023-01-25 11:00:00,6.200,1026.300,2.800,95.000,4.400,0.302
2023-01-25 12:00:00,6.400,1025.200,3.300,110.000,4.900,1.181
2023-01-25 13:00:00,6.700,1024.300,3.800,110.000,5.500,1.791
2023-01-25 14:00:00,7.400,1023.100,4.400,111.000,6.000,2.306
2023-01-25 15:00:00,8.100,1023.000,3.200,115.000,4.600,2.644
2023-01-25 16:00:00,8.600,1022.700,1.700,130.000,3.000,2.717
2023-01-25 17:00:00,8.500,1020.700,3.200,116.000,4.200,2.490
2023-01-25 18:00:00,9.100,1017.400,4.600,126.000,7.100,2.119
2023-01-25 19:00:00,9.000,1015.800,4.400,117.000,6.200,1.588
2023-01-25 20:00:00,9.200,1015.000,5.800,133.000,9.000,0.902
2023-01-25 21:00:00,9.700,1012.800,6.800,141.000,10.800,0.561
2023-01-25 22:00:00,10.200,1011.200,6.200,146.000,8.600,0.571
2023-01-25 23:00:00,10.400,1009.500,6.600,169.000,11.200,1.014
2023-01-26 00:00:00,10.300,1008.200,9.000,188.000,13.200,1.506
2023-01-26 01:00:00,10.500,1006.900,8.300,198.000,13.000,2.057
2023-01-26 02:00:00,10.400,1005.600,7.600,231.000,9.400,2.530
2023-01-26 03:00:00,9.700,1004.000,8.000,218.000,9.300,2.890
2023-01-26 04:00:00,10.300,1002.800,6.200,225.000,7.400,3.002
2023-01-26 05:00:00,10.300,1001.800,6.800,222.000,8.000,2.972
2023-01-26 06:00:00,9.600,1001.000,6.800,221.000,8.000,2.487
2023-01-26 07:00:00,10.500,1000.600,6.500,230.000,8.700,2.257
2023-01-26 08:00:00,11.400,999.700,7.900,229.000,9.600,1.677
2023-01-26 09:00:00,11.100,1001.200,6.600,288.000,8.900,1.207
2023-01-26 10:00:00,10.300,1002.100,4.300,310.000,5.800,0.948
2023-01-26 11:00:00,9.000,1003.700,4.100,314.000,6.600,1.066
2023-01-26 12:00:00,8.200,1005.500,5.200,314.000,6.800,1.211
2023-01-26 13:00:00,7.800,1007.000,5.000,298.000,6.600,1.900
2023-01-26 14:00:00,7.900,1008.300,6.800,297.000,9.600,2.251
2023-01-26 15:00:00,8.100,1009.100,6.000,283.000,7.700,2.592
2023-01-26 16:00:00,8.900,1009.300,7.100,282.000,10.000,2.831
2023-01-26 17:00:00,9.300,1008.600,10.200,292.000,13.100,2.720
2023-01-26 18:00:00,9.200,1008.800,7.200,290.000,10.200,2.448
2023-01-26 19:00:00,9.300,1009.400,8.500,315.000,11.500,1.900
2023-01-26 20:00:00,9.300,1010.400,4.100,305.000,6.400,1.394
2023-01-26 21:00:00,9.100,1011.400,3.600,292.000,5.000,0.879
2023-01-26 22:00:00,8.800,1012.100,3.200,278.000,4.000,0.535
2023-01-26 23:00:00,8.300,1012.900,3.200,264.000,4.200,0.459
2023-01-27 00:00:00,7.800,1013.900,4.100,260.000,5.000,0.581
2023-01-27 01:00:00,7.500,1014.400,3.200,248.000,4.200,1.024
2023-01-27 02:00:00,7.400,1015.300,4.500,277.000,6.200,1.509
2023-01-27 03:00:00,6.500,1015.700,2.700,277.000,3.200,1.946
2023-01-27 04:00:00,6.200,1016.200,2.000,279.000,2.400,2.133
2023-01-27 05:00:00,6.100,1016.800,2.600,266.000,3.200,2.116
2023-01-27 06:00:00,5.800,1017.300,2.200,318.000,3.100,1.946
2023-01-27 07:00:00,5.100,1017.800,2.900,304.000,3.800,1.529
2023-01-27 08:00:00,4.000,1017.800,1.700,323.000,2.300,1.112
2023-01-27 09:00:00,3.500,1018.300,3.000,322.000,3.800,0.505
2023-01-27 10:00:00,3.700,1018.600,3.400,329.000,4.400,0.000
2023-01-27 11:00:00,2.900,1019.800,2.300,318.000,3.500,-0.240
2023-01-27 12:00:00,2.500,1020.900,2.200,305.000,2.800,-0.207
2023-01-27 13:00:00,2.500,1021.700,2.600,296.000,3.400,0.148
2023-01-27 14:00:00,3.500,1022.600,2.400,309.000,3.500,0.640
2023-01-27 15:00:00,4.500,1022.900,3.600,313.000,4.500,1.217
2023-01-27 16:00:00,5.000,1022.600,3.300,289.000,4.400,1.555
2023-01-27 17:00:00,5.300,1021.900,3.600,302.000,5.100,1.713
2023-01-27 18:00:00,5.400,1021.300,3.000,314.000,3.600,1.677
2023-01-27 19:00:00,5.000,1021.400,4.000,319.000,5.400,1.335
2023-01-27 20:00:00,5.600,1021.800,1.700,267.000,2.500,0.991
2023-01-27 21:00:00,5.900,1022.300,1.500,293.000,2.200,0.499
2023-01-27 22:00:00,6.100,1022.500,3.900,268.000,5.100,0.102
2023-01-27 23:00:00,5.100,1023.200,1.400,245.000,1.900,-0.141
2023-01-28 00:00:00,4.500,1023.800,1.500,251.000,1.800,-0.105
2023-01-28 01:00:00,3.900,1024.400,2.000,254.000,2.500,0.177
2023-01-28 02:00:00,3.800,1024.800,2.400,246.000,3.000,0.837
2023-01-28 03:00:00,3.700,1024.900,1.900,239.000,2.300,1.293
2023-01-28 04:00:00,3.700,1024.500,2.000,240.000,2.500,1.778
2023-01-28 05:00:00,4.200,1024.300,4.200,234.000,5.200,2.047
2023-01-28 06:00:00,4.800,1024.300,4.500,236.000,5.400,2.090
2023-01-28 07:00:00,4.700,1025.000,2.900,231.000,3.400,1.998
2023-01-28 08:00:00,4.700,1025.000,4.000,222.000,4.500,1.804
2023-01-28 09:00:00,5.400,1025.100,5.100,241.000,6.900,1.319
2023-01-28 10:00:00,5.200,1024.900,6.400,258.000,7.700,0.702
2023-01-28 11:00:00,5.200,1025.400,6.300,264.000,7.800,0.295
2023-01-28 12:00:00,5.000,1025.900,5.500,265.000,6.500,0.269
2023-01-28 13:00:00,5.200,1026.700,5.100,267.000,6.700,0.285
2023-01-28 14:00:00,6.800,1027.600,5.700,280.000,7.000,0.594
2023-01-28 15:00:00,8.800,1027.700,5.100,285.000,7.000,0.968
2023-01-28 16:00:00,10.100,1027.800,6.300,290.000,7.200,1.371
2023-01-28 17:00:00,11.100,1026.800,4.100,245.000,5.100,1.611
2023-01-28 18:00:00,9.300,1026.000,3.500,193.000,4.900,1.709
2023-01-28 19:00:00,8.300,1025.800,4.400,211.000,5.000,1.575
2023-01-28 20:00:00,8.200,1026.300,5.400,211.000,6.400,1.398
2023-01-28 21:00:00,8.700,1026.800,4.800,204.000,5.900,1.129
2023-01-28 22:00:00,7.800,1027.100,4.500,219.000,5.200,0.669
2023-01-28 23:00:00,7.700,1027.900,3.100,220.000,3.600,0.344
2023-01-29 00:00:00,6.900,1028.500,2.300,233.000,2.900,0.062
2023-01-29 01:00:00,6.800,1028.600,2.000,215.000,2.500,0.125
2023-01-29 02:00:00,6.300,1028.800,2.700,215.000,2.900,0.449
2023-01-29 03:00:00,6.600,1028.900,3.400,226.000,3.900,1.017
2023-01-29 04:00:00,6.600,1028.800,2.400,209.000,2.900,1.460
2023-01-29 05:00:00,6.700,1028.500,2.400,198.000,3.100,1.821
2023-01-29 06:00:00,6.700,1028.200,3.500,219.000,3.800,2.070
2023-01-29 07:00:00,7.100,1027.800,3.600,218.000,4.300,2.093
2023-01-29 08:00:00,6.800,1027.400,3.300,224.000,3.700,1.998
2023-01-29 09:00:00,7.000,1027.700,3.300,230.000,4.100,1.854
2023-01-29 10:00:00,6.800,1027.700,3.500,216.000,4.200,1.404
2023-01-29 11:00:00,6.000,1027.400,3.500,220.000,3.900,0.925
2023-01-29 12:00:00,6.200,1027.200,2.800,212.000,3.200,0.525
2023-01-29 13:00:00,7.200,1027.400,2.700,200.000,3.500,0.453
2023-01-29 14:00:00,7.700,1027.200,4.700,220.000,6.400,0.587
2023-01-29 15:00:00,7.800,1026.800,5.100,204.000,6.300,0.801
2023-01-29 16:00:00,8.000,1026.500,5.800,210.000,7.100,1.086
2023-01-29 17:00:00,8.300,1025.600,5.900,211.000,6.900,1.565
2023-01-29 18:00:00,8.100,1024.400,6.100,211.000,7.200,1.716
2023-01-29 19:00:00,8.200,1023.400,6.600,210.000,7.900,1.762
2023-01-29 20:00:00,10.300,1023.000,5.500,239.000,6.800,1.768
2023-01-29 21:00:00,9.700,1022.700,5.500,222.000,6.400,1.644
2023-01-29 22:00:00,9.600,1022.500,7.100,230.000,8.400,1.358
2023-01-29 23:00:00,10.300,1022.800,6.100,246.000,8.400,1.043
2023-01-30 00:00:00,10.100,1023.200,5.400,247.000,8.800,0.597
2023-01-30 01:00:00,9.700,1023.800,4.200,277.000,6.500,0.430
2023-01-30 02:00:00,9.700,1023.800,3.600,271.000,6.400,0.581
2023-01-30 03:00:00,9.700,1023.700,2.700,272.000,3.700,0.899
2023-01-30 04:00:00,9.500,1023.900,1.700,289.000,3.800,1.391
2023-01-30 05:00:00,9.300,1023.500,1.500,291.000,3.000,1.765
2023-01-30 06:00:00,8.700,1022.900,0.800,286.000,1.300,2.051
2023-01-30 07:00:00,8.500,1022.900,0.700,308.000,1.100,2.274
2023-01-30 08:00:00,7.700,1022.300,2.400,211.000,2.600,2.418
2023-01-30 09:00:00,7.700,1022.500,0.000,270.000,0.000,2.277
2023-01-30 10:00:00,7.700,1023.300,0.100,270.000,0.500,2.100
2023-01-30 11:00:00,7.500,1023.300,1.000,194.000,1.500,1.699
2023-01-30 12:00:00,7.300,1022.600,1.200,164.000,1.800,1.230
2023-01-30 13:00:00,7.300,1022.700,0.100,351.000,0.300,0.883
2023-01-30 14:00:00,7.400,1024.200,1.200,351.000,1.500,0.778
2023-01-30 15:00:00,8.000,1023.700,0.000,152.000,0.700,0.719
2023-01-30 16:00:00,8.900,1023.100,0.800,76.000,1.500,0.863
2023-01-30 17:00:00,8.400,1022.000,1.300,183.000,1.700,1.188
2023-01-30 18:00:00,8.600,1021.400,1.500,199.000,2.100,1.371
2023-01-30 19:00:00,9.400,1020.600,1.300,192.000,2.000,1.585
2023-01-30 20:00:00,10.100,1020.500,1.500,170.000,2.200,1.729
2023-01-30 21:00:00,9.100,1020.300,2.800,109.000,3.500,1.755
2023-01-30 22:00:00,8.200,1020.500,1.900,131.000,2.500,1.627
2023-01-30 23:00:00,7.600,1020.700,1.600,173.000,2.300,1.263
2023-01-31 00:00:00,7.000,1021.300,1.700,220.000,1.900,0.843
2023-01-31 01:00:00,7.000,1021.300,1.300,228.000,1.700,0.505
2023-01-31 02:00:00,6.600,1021.100,1.600,226.000,2.200,0.443
2023-01-31 03:00:00,6.800,1021.000,2.800,229.000,3.500,0.633
2023-01-31 04:00:00,7.100,1020.900,2.700,248.000,3.200,1.079
2023-01-31 05:00:00,6.700,1020.500,1.600,217.000,1.800,1.375
2023-01-31 06:00:00,7.400,1020.100,3.900,220.000,4.400,1.818
2023-01-31 07:00:00,7.200,1019.800,2.200,234.000,2.900,2.142
2023-01-31 08:00:00,7.500,1019.500,3.800,222.000,4.700,2.359
2023-01-31 09:00:00,7.100,1019.200,4.900,222.000,5.500,2.516
2023-01-31 10:00:00,7.300,1019.500,4.400,223.000,5.000,2.405
2023-01-31 11:00:00,7.500,1019.700,5.100,224.000,5.900,2.234
2023-01-31 12:00:00,7.800,1020.100,4.600,227.000,5.200,1.870
2023-01-31 13:00:00,8.800,1021.800,3.500,340.000,4.600,1.476
2023-01-31 14:00:00,9.000,1023.000,4.300,358.000,5.200,1.129
2023-01-31 15:00:00,7.100,1024.100,4.200,26.000,6.300,1.066
2023-01-31 16:00:00,7.000,1023.200,3.000,77.000,5.100,0.994
2023-01-31 17:00:00,6.000,1023.400,5.800,33.000,7.400,1.175
2023-01-31 18:00:00,5.400,1023.000,3.100,62.000,6.700,1.460
2023-01-31 19:00:00,5.200,1022.400,3.400,43.000,6.000,1.913
2023-01-31 20:00:00,4.800,1022.700,3.300,35.000,5.700,1.995
2023-01-31 21:00:00,4.200,1023.400,5.600,11.000,6.700,2.175
2023-01-31 22:00:00,3.900,1023.000,2.800,46.000,5.100,2.123
2023-01-31 23:00:00,4.200,1022.700,2.300,80.000,3.500,2.034
2023-02-01 00:00:00,4.100,1023.300,2.500,69.000,5.200,1.680
2023-02-01 01:00:00,4.000,1023.200,2.800,69.000,5.800,1.385
2023-02-01 02:00:00,4.100,1022.700,1.900,74.000,3.700,1.033
2023-02-01 03:00:00,4.100,1023.100,4.100,37.000,6.000,0.902
2023-02-01 04:00:00,3.600,1022.600,4.300,34.000,6.100,1.247
2023-02-01 05:00:00,3.900,1022.000,4.800,34.000,6.100,1.375
2023-02-01 06:00:00,3.900,1021.100,3.200,39.000,5.000,1.864
2023-02-01 07:00:00,4.100,1021.800,3.300,32.000,5.000,2.201
2023-02-01 08:00:00,3.500,1020.600,4.700,34.000,6.800,2.625
2023-02-01 09:00:00,2.900,1021.100,7.700,20.000,10.300,2.844
2023-02-01 10:00:00,2.500,1022.200,6.000,11.000,8.000,2.927
2023-02-01 11:00:00,1.900,1022.800,6.000,23.000,8.700,2.874
2023-02-01 12:00:00,1.700,1023.100,7.000,12.000,9.000,2.612
2023-02-01 13:00:00,1.400,1024.500,5.600,3.000,7.000,2.238
2023-02-01 14:00:00,1.300,1024.700,3.200,347.000,4.000,1.827
2023-02-01 15:00:00,1.100,1025.500,5.200,357.000,6.200,1.401
2023-02-01 16:00:00,1.900,1025.800,5.500,349.000,7.500,1.437
2023-02-01 17:00:00,1.900,1025.700,6.700,355.000,8.100,1.280
2023-02-01 18:00:00,2.300,1025.000,6.000,12.000,7.500,1.434
2023-02-01 19:00:00,2.300,1024.900,6.800,3.000,8.100,1.677
2023-02-01 20:00:00,2.500,1025.100,4.300,2.000,5.100,2.051
2023-02-01 21:00:00,3.200,1025.500,4.400,3.000,5.400,2.172
2023-02-01 22:00:00,3.100,1025.800,3.200,359.000,3.800,2.287
2023-02-01 23:00:00,2.700,1026.200,2.500,338.000,3.100,2.224
2023-02-02 00:00:00,1.900,1026.600,1.400,309.000,1.900,2.011
2023-02-02 01:00:00,0.700,1027.100,2.100,323.000,2.500,1.680
2023-02-02 02:00:00,1.300,1027.100,2.600,350.000,3.300,1.181
2023-02-02 03:00:00,-0.100,1027.400,1.400,305.000,2.000,0.945
2023-02-02 04:00:00,0.100,1027.000,0.700,348.000,0.900,0.879
2023-02-02 05:00:00,0.300,1027.000,0.800,2.000,1.300,1.073
2023-02-02 06:00:00,0.600,1026.400,0.800,3.000,1.400,1.444
2023-02-02 07:00:00,0.100,1026.800,1.100,339.000,1.400,1.804
2023-02-02 08:00:00,-0.500,1026.500,0.900,295.000,1.400,2.116
2023-02-02 09:00:00,-0.200,1026.000,0.800,295.000,1.100,2.477
2023-02-02 10:00:00,0.300,1025.600,1.400,351.000,2.000,2.700
2023-02-02 11:00:00,0.400,1025.300,1.400,323.000,2.000,2.746
2023-02-02 12:00:00,0.500,1026.100,2.400,323.000,3.100,2.730
2023-02-02 13:00:00,0.700,1024.700,0.900,324.000,1.200,2.539
2023-02-02 14:00:00,1.100,1025.800,2.100,326.000,2.500,2.070
2023-02-02 15:00:00,1.400,1024.500,1.100,20.000,1.700,1.611
2023-02-02 16:00:00,2.100,1024.900,2.400,7.000,2.900,1.178
2023-02-02 17:00:00,2.500,1023.600,0.800,10.000,1.100,1.211
2023-02-02 18:00:00,3.200,1021.600,0.900,356.000,1.300,1.129
2023-02-02 19:00:00,3.300,1020.200,2.000,198.000,3.000,1.270
2023-02-02 20:00:00,3.600,1019.300,3.000,216.000,3.600,1.627
2023-02-02 21:00:00,3.300,1018.400,4.300,230.000,5.000,1.972
2023-02-02 22:00:00,3.300,1018.100,2.500,230.000,3.000,2.165
2023-02-02 23:00:00,3.300,1018.000,3.900,258.000,4.500,2.257
2023-02-03 00:00:00,2.600,1017.100,3.000,269.000,3.700,2.018
2023-02-03 01:00:00,2.300,1016.900,3.500,262.000,5.000,1.775
2023-02-03 02:00:00,2.500,1016.100,4.500,261.000,5.700,1.388
2023-02-03 03:00:00,2.500,1015.600,4.300,254.000,5.100,0.971
2023-02-03 04:00:00,2.500,1014.600,4.300,250.000,5.000,0.640
2023-02-03 05:00:00,2.900,1013.800,4.700,276.000,7.600,0.528
2023-02-03 06:00:00,2.800,1012.800,3.700,283.000,4.600,0.640
2023-02-03 07:00:00,3.200,1012.600,4.400,294.000,6.500,1.063
2023-02-03 08:00:00,3.400,1012.700,3.600,305.000,4.900,1.634
2023-02-03 09:00:00,3.400,1012.000,2.700,293.000,3.500,1.946
2023-02-03 10:00:00,3.900,1012.500,6.000,331.000,8.000,2.241
2023-02-03 11:00:00,3.900,1013.100,5.200,331.000,6.400,2.415
2023-02-03 12:00:00,3.600,1013.500,4.700,328.000,5.800,2.326
2023-02-03 13:00:00,4.200,1014.300,8.100,321.000,10.800,2.228
2023-02-03 14:00:00,4.100,1015.200,7.800,325.000,11.500,1.896
2023-02-03 15:00:00,1.700,1016.600,10.500,356.000,12.200,1.762
2023-02-03 16:00:00,1.900,1017.900,9.000,328.000,11.500,0.942
2023-02-03 17:00:00,1.000,1018.700,7.700,336.000,11.300,0.545
2023-02-03 18:00:00,0.600,1018.200,9.700,323.000,13.900,0.358
2023-02-03 19:00:00,1.000,1019.100,8.200,326.000,10.500,0.495
2023-02-03 20:00:00,0.000,1020.200,9.100,312.000,13.500,0.745
2023-02-03 21:00:00,-0.600,1021.900,9.200,330.000,12.600,1.257
2023-02-03 22:00:00,-1.100,1023.800,9.200,337.000,13.200,1.512
2023-02-03 23:00:00,-2.000,1025.200,10.800,335.000,15.400,1.650
2023-02-04 00:00:00,-2.200,1026.700,9.400,340.000,14.600,1.499
2023-02-04 01:00:00,-2.900,1028.100,10.000,335.000,14.200,1.155
2023-02-04 02:00:00,-3.700,1029.300,8.100,337.000,11.100,0.659
2023-02-04 03:00:00,-4.500,1030.600,6.800,345.000,9.300,0.059
2023-02-04 04:00:00,-5.000,1031.500,9.000,333.000,13.000,-0.354
2023-02-04 05:00:00,-5.600,1032.400,6.800,351.000,10.000,-0.709
2023-02-04 06:00:00,-5.800,1033.600,7.300,339.000,11.900,-0.699
2023-02-04 07:00:00,-6.500,1034.100,6.700,348.000,8.600,-0.443
2023-02-04 08:00:00,-7.000,1035.000,8.500,355.000,10.600,-0.115
2023-02-04 09:00:00,-7.200,1035.900,6.000,340.000,7.700,0.577
2023-02-04 10:00:00,-7.600,1037.700,5.400,330.000,6.500,0.997
2023-02-04 11:00:00,-7.800,1038.400,4.900,334.000,6.900,1.316
2023-02-04 12:00:00,-7.500,1039.000,5.400,340.000,7.300,1.490
2023-02-04 13:00:00,-7.100,1039.900,5.700,332.000,7.600,1.339
2023-02-04 14:00:00,-7.000,1039.800,6.100,349.000,7.800,1.125
2023-02-04 15:00:00,-6.500,1040.300,4.100,345.000,6.700,0.610
2023-02-04 16:00:00,-6.400,1040.000,2.100,53.000,3.100,-0.046
2023-02-04 17:00:00,-5.300,1038.800,1.800,141.000,3.400,-0.433
2023-02-04 18:00:00,-4.700,1037.700,2.000,196.000,3.100,-0.823
2023-02-04 19:00:00,-3.600,1036.900,3.800,176.000,4.900,-0.814
2023-02-04 20:00:00,-3.400,1036.100,3.600,209.000,5.400,-0.574
2023-02-04 21:00:00,-2.900,1035.900,5.600,213.000,7.000,-0.016
2023-02-04 22:00:00,-2.500,1035.500,6.700,234.000,7.900,0.659
2023-02-04 23:00:00,-2.600,1035.100,6.300,229.000,7.400,0.991
2023-02-05 00:00:00,-2.000,1035.100,6.400,235.000,8.500,1.063
2023-02-05 01:00:00,-1.400,1034.400,6.700,232.000,8.200,0.997
2023-02-05 02:00:00,-0.700,1033.800,6.900,231.000,8.200,0.692
2023-02-05 03:00:00,0.100,1033.300,8.000,230.000,9.700,0.207
2023-02-05 04:00:00,0.700,1032.900,5.800,232.000,7.100,-0.226
2023-02-05 05:00:00,1.300,1032.000,8.800,231.000,11.400,-0.696
2023-02-05 06:00:00,1.400,1031.500,8.900,224.000,10.700,-0.955
2023-02-05 07:00:00,1.400,1030.900,9.500,224.000,11.000,-0.853
2023-02-05 08:00:00,1.400,1030.100,7.400,228.000,9.200,-0.476
2023-02-05 09:00:00,1.200,1029.200,6.500,230.000,7.700,0.102
2023-02-05 10:00:00,2.000,1029.100,9.000,234.000,10.800,0.663
2023-02-05 11:00:00,2.500,1028.700,8.800,233.000,11.400,1.053
2023-02-05 12:00:00,2.100,1028.500,6.300,241.000,7.900,1.381
2023-02-05 13:00:00,2.600,1027.600,5.400,235.000,6.500,1.470
2023-02-05 14:00:00,2.900,1027.500,7.800,226.000,10.400,1.332
2023-02-05 15:00:00,3.500,1026.900,9.600,228.000,12.000,0.771
2023-02-05 16:00:00,5.100,1026.100,9.600,223.000,11.400,0.217
2023-02-05 17:00:00,6.200,1025.100,8.600,227.000,10.400,-0.243
2023-02-05 18:00:00,6.700,1023.700,7.300,225.000,8.800,-0.686
2023-02-05 19:00:00,6.700,1022.200,7.500,214.000,8.700,-0.869
2023-02-05 20:00:00,6.400,1021.500,7.600,217.000,8.900,-0.748
2023-02-05 21:00:00,7.000,1021.000,5.000,229.000,6.000,-0.423
2023-02-05 22:00:00,6.500,1020.500,7.800,219.000,8.800,0.154
2023-02-05 23:00:00,6.700,1020.400,7.400,228.000,8.800,0.607
2023-02-06 00:00:00,6.900,1020.200,8.300,228.000,10.200,0.823
2023-02-06 01:00:00,7.600,1019.000,8.200,226.000,10.600,0.945
2023-02-06 02:00:00,7.100,1018.700,8.600,239.000,10.500,0.866
2023-02-06 03:00:00,7.700,1018.500,8.600,238.000,10.500,0.515
2023-02-06 04:00:00,8.400,1018.300,4.200,244.000,4.700,-0.007
2023-02-06 05:00:00,7.700,1017.200,5.200,223.000,6.300,-0.315
2023-02-06 06:00:00,7.900,1016.100,1.600,239.000,1.900,-0.653
2023-02-06 07:00:00,7.100,1014.800,2.600,204.000,3.100,-0.686
2023-02-06 08:00:00,6.600,1014.200,0.200,199.000,0.900,-0.371
2023-02-06 09:00:00,7.100,1013.300,1.600,335.000,2.100,0.308
2023-02-06 10:00:00,7.700,1013.300,1.900,318.000,2.400,0.856
2023-02-06 11:00:00,7.000,1013.500,3.700,336.000,4.500,1.407
2023-02-06 12:00:00,6.500,1013.900,4.200,345.000,5.600,1.821
2023-02-06 13:00:00,6.600,1014.200,5.800,356.000,7.800,2.037
2023-02-06 14:00:00,7.300,1014.900,6.200,359.000,8.000,2.133
2023-02-06 15:00:00,8.200,1015.200,5.900,358.000,7.400,1.880
2023-02-06 16:00:00,9.700,1015.400,7.800,4.000,9.700,1.549
2023-02-06 17:00:00,9.600,1015.300,8.500,21.000,11.400,1.138
2023-02-06 18:00:00,10.200,1014.900,7.600,22.000,11.300,0.630
2023-02-06 19:00:00,10.800,1015.400,9.600,3.000,12.600,0.472
2023-02-06 20:00:00,9.900,1016.100,7.300,10.000,8.500,0.659
2023-02-06 21:00:00,9.000,1017.600,7.000,7.000,8.500,0.771
2023-02-06 22:00:00,8.000,1019.100,8.800,17.000,13.000,1.368
2023-02-06 23:00:00,7.300,1020.300,6.800,22.000,10.300,1.762
2023-02-07 00:00:00,6.900,1021.700,7.700,6.000,9.600,2.064
2023-02-07 01:00:00,6.500,1023.100,5.100,1.000,5.900,2.218
2023-02-07 02:00:00,6.400,1023.700,4.000,355.000,5.500,2.188
2023-02-07 03:00:00,5.900,1024.400,3.400,350.000,4.300,2.064
2023-02-07 04:00:00,5.300,1025.100,3.600,340.000,4.900,1.752
2023-02-07 05:00:00,4.800,1025.200,3.700,4.000,4.600,1.207
2023-02-07 06:00:00,4.600,1025.200,3.600,5.000,4.400,0.669
2023-02-07 07:00:00,3.800,1025.900,3.700,345.000,4.800,0.502
2023-02-07 08:00:00,3.100,1026.300,3.600,348.000,4.300,0.630
2023-02-07 09:00:00,2.300,1027.100,2.900,342.000,3.700,0.981
2023-02-07 10:00:00,1.600,1027.900,2.300,341.000,2.700,1.506
2023-02-07 11:00:00,1.600,1028.000,2.800,2.000,3.500,1.906
2023-02-07 12:00:00,0.500,1028.600,1.800,346.000,2.300,2.323
2023-02-07 13:00:00,1.300,1029.000,1.800,350.000,2.400,2.625
2023-02-07 14:00:00,2.700,1029.500,1.100,1.000,1.400,2.799
2023-02-07 15:00:00,4.100,1029.800,0.100,1.000,0.300,2.703
2023-02-07 16:00:00,4.600,1030.000,0.000,148.000,0.200,2.411
2023-02-07 17:00:00,5.700,1029.000,2.200,177.000,3.200,1.919
2023-02-07 18:00:00,5.900,1027.700,2.800,191.000,3.900,1.391
2023-02-07 19:00:00,5.900,1026.900,4.300,198.000,6.000,1.093
2023-02-07 20:00:00,6.000,1026.400,6.200,205.000,7.300,0.971
2023-02-07 21:00:00,6.000,1025.700,6.500,214.000,7.500,1.096
2023-02-07 22:00:00,6.100,1025.100,7.400,210.000,9.000,1.434
2023-02-07 23:00:00,6.000,1024.000,6.800,213.000,8.100,1.854
2023-02-08 00:00:00,6.100,1024.000,4.800,227.000,6.100,2.283
2023-02-08 01:00:00,6.300,1023.400,5.600,217.000,6.300,2.575
2023-02-08 02:00:00,6.300,1023.000,4.500,221.000,5.100,2.677
2023-02-08 03:00:00,6.900,1022.800,5.000,223.000,6.000,2.625
2023-02-08 04:00:00,6.800,1022.100,4.900,222.000,5.800,2.359
2023-02-08 05:00:00,6.500,1021.500,5.500,218.000,6.100,1.880
2023-02-08 06:00:00,6.500,1021.100,4.300,217.000,4.800,1.473
2023-02-08 07:00:00,6.700,1020.600,4.100,216.000,4.600,1.194
2023-02-08 08:00:00,9.600,1020.100,4.200,259.000,5.000,1.093
2023-02-08 09:00:00,9.900,1020.400,2.800,284.000,3.600,1.250
2023-02-08 10:00:00,9.700,1021.100,1.800,319.000,2.800,1.601
2023-02-08 11:00:00,9.700,1021.200,1.400,296.000,2.100,2.077
2023-02-08 12:00:00,9.300,1022.200,3.200,323.000,3.800,2.375
2023-02-08 13:00:00,9.500,1023.100,2.500,319.000,3.100,2.782
2023-02-08 14:00:00,10.500,1023.600,2.600,308.000,3.900,2.940
2023-02-08 15:00:00,11.300,1023.900,2.300,329.000,3.000,3.018
2023-02-08 16:00:00,12.700,1024.500,2.700,9.000,3.300,2.854
2023-02-08 17:00:00,13.700,1023.800,3.300,23.000,5.500,2.559
2023-02-08 18:00:00,15.400,1023.700,6.600,354.000,8.500,1.801
2023-02-08 19:00:00,12.900,1023.400,2.000,139.000,3.100,1.401
2023-02-08 20:00:00,12.000,1023.900,1.900,108.000,2.500,1.227
2023-02-08 21:00:00,11.700,1024.800,1.600,111.000,2.300,1.115
2023-02-08 22:00:00,10.800,1025.300,0.600,135.000,1.100,1.325
2023-02-08 23:00:00,9.800,1025.800,0.100,126.000,0.600,1.627
2023-02-09 00:00:00,8.100,1026.500,0.000,199.000,0.200,2.041
2023-02-09 01:00:00,6.900,1026.800,1.800,214.000,2.100,2.336
2023-02-09 02:00:00,7.000,1027.100,0.000,228.000,0.200,2.533
2023-02-09 03:00:00,7.100,1027.000,0.000,227.000,0.000,2.582
2023-02-09 04:00:00,6.500,1027.100,1.700,31.000,1.900,2.415
2023-02-09 05:00:00,5.600,1027.400,0.000,29.000,0.000,1.995
2023-02-09 06:00:00,5.000,1026.800,0.300,30.000,0.400,1.483
2023-02-09 07:00:00,6.200,1026.600,0.700,127.000,1.000,0.988
2023-02-09 08:00:00,5.300,1026.700,0.600,128.000,0.700,0.722
2023-02-09 09:00:00,6.800,1025.700,2.000,131.000,2.500,0.682
2023-02-09 10:00:00,6.700,1025.900,0.600,163.000,1.000,0.866
2023-02-09 11:00:00,7.100,1025.600,1.400,141.000,2.000,1.247
2023-02-09 12:00:00,8.800,1025.400,4.900,161.000,6.600,1.736
2023-02-09 13:00:00,9.200,1025.500,3.100,163.000,5.100,2.083
2023-02-09 14:00:00,9.000,1024.800,4.500,155.000,6.500,2.398
2023-02-09 15:00:00,9.600,1024.200,5.300,159.000,7.400,2.487
2023-02-09 16:00:00,9.700,1023.600,4.100,180.000,5.900,2.411
2023-02-09 17:00:00,9.700,1022.000,4.000,174.000,5.900,2.103
2023-02-09 18:00:00,9.500,1020.800,5.000,224.000,5.900,1.512
2023-02-09 19:00:00,8.900,1019.400,3.700,207.000,4.500,1.122
2023-02-09 20:00:00,9.000,1018.900,3.300,205.000,4.100,0.781
2023-02-09 21:00:00,8.700,1018.100,3.700,202.000,4.500,0.656
2023-02-09 22:00:00,8.500,1017.300,3.000,201.000,3.700,0.768
2023-02-09 23:00:00,9.400,1017.100,4.800,225.000,5.600,1.129
2023-02-10 00:00:00,8.400,1016.400,3.500,227.000,4.200,1.535
2023-02-10 01:00:00,9.000,1015.500,5.100,204.000,6.300,2.011
2023-02-10 02:00:00,10.500,1015.100,7.600,222.000,9.200,2.352
2023-02-10 03:00:00,13.000,1014.600,9.400,233.000,11.800,2.474
2023-02-10 04:00:00,12.400,1014.000,12.200,227.000,14.200,2.484
2023-02-10 05:00:00,12.700,1013.700,9.800,231.000,12.000,2.329
2023-02-10 06:00:00,12.400,1013.100,9.800,231.000,12.900,1.713
2023-02-10 07:00:00,12.300,1012.800,10.500,231.000,14.100,1.286
2023-02-10 08:00:00,11.700,1012.700,9.100,230.000,10.600,0.945
2023-02-10 09:00:00,11.800,1012.600,6.800,232.000,8.200,0.692
2023-02-10 10:00:00,11.600,1012.700,6.300,234.000,8.300,0.696
2023-02-10 11:00:00,11.700,1013.000,7.700,231.000,9.600,0.912
2023-02-10 12:00:00,11.500,1013.400,5.000,237.000,5.900,1.247
2023-02-10 13:00:00,11.700,1014.100,3.900,234.000,4.600,1.667
2023-02-10 14:00:00,15.400,1014.400,6.800,253.000,10.100,2.073
2023-02-10 15:00:00,18.200,1014.500,5.800,298.000,8.300,2.313
2023-02-10 16:00:00,15.500,1015.100,7.300,2.000,9.200,2.395
2023-02-10 17:00:00,15.600,1015.400,5.500,318.000,6.900,2.090
2023-02-10 18:00:00,15.200,1015.300,4.600,333.000,6.200,1.693
2023-02-10 19:00:00,16.100,1015.300,6.200,298.000,9.800,1.201
2023-02-10 20:00:00,16.100,1015.900,4.900,311.000,6.400,0.879
2023-02-10 21:00:00,15.000,1016.400,6.100,341.000,7.600,0.627
2023-02-10 22:00:00,14.100,1017.600,4.800,347.000,6.300,0.692
2023-02-10 23:00:00,13.000,1018.000,4.100,5.000,4.800,0.846
2023-02-11 00:00:00,12.300,1018.700,4.000,341.000,4.700,1.263
2023-02-11 01:00:00,11.600,1019.100,5.100,347.000,6.000,1.706
2023-02-11 02:00:00,10.800,1019.700,5.500,3.000,6.400,2.110
2023-02-11 03:00:00,10.000,1020.300,8.600,350.000,11.000,2.438
2023-02-11 04:00:00,8.900,1021.000,6.100,334.000,8.300,2.536
2023-02-11 05:00:00,8.500,1021.100,5.500,339.000,7.400,2.346
2023-02-11 06:00:00,8.400,1021.300,5.900,345.000,8.600,2.064
2023-02-11 07:00:00,8.200,1021.600,5.200,330.000,7.000,1.601
2023-02-11 08:00:00,7.500,1021.800,2.800,317.000,3.400,1.093
2023-02-11 09:00:00,7.300,1022.300,2.700,320.000,3.800,0.696
2023-02-11 10:00:00,7.400,1022.900,5.700,352.000,7.000,0.505
2023-02-11 11:00:00,7.200,1024.200,5.400,334.000,8.400,0.509
2023-02-11 12:00:00,6.500,1025.300,5.700,342.000,7.900,0.712
2023-02-11 13:00:00,6.100,1026.600,4.600,338.000,5.800,1.056
2023-02-11 14:00:00,6.000,1027.100,4.900,342.000,6.600,1.555
2023-02-11 15:00:00,5.900,1027.500,7.000,2.000,8.500,1.923
2023-02-11 16:00:00,6.200,1027.900,4.400,351.000,6.100,2.031
2023-02-11 17:00:00,6.500,1027.400,3.400,37.000,5.000,1.982
2023-02-11 18:00:00,6.400,1026.700,3.900,62.000,7.300,1.742
2023-02-11 19:00:00,6.500,1027.100,4.100,71.000,6.700,1.296
2023-02-11 20:00:00,6.300,1026.900,4.000,88.000,5.200,0.837
2023-02-11 21:00:00,6.000,1026.400,4.100,86.000,6.300,0.443
2023-02-11 22:00:00,5.700,1026.800,3.100,89.000,4.400,0.220
2023-02-11 23:00:00,5.400,1026.500,2.600,92.000,3.500,0.318
2023-02-12 00:00:00,5.500,1027.500,2.000,111.000,2.400,0.518
2023-02-12 01:00:00,5.700,1028.100,1.900,165.000,2.700,1.017
2023-02-12 02:00:00,5.700,1028.000,1.900,170.000,2.900,1.424
2023-02-12 03:00:00,5.600,1027.400,1.700,147.000,2.600,1.778
2023-02-12 04:00:00,5.500,1027.100,1.700,159.000,2.600,2.110
2023-02-12 05:00:00,5.600,1025.600,2.800,124.000,3.900,2.119
2023-02-12 06:00:00,5.700,1025.400,2.000,138.000,3.200,2.021
2023-02-12 07:00:00,6.000,1024.200,1.800,113.000,2.600,1.729
2023-02-12 08:00:00,6.200,1023.900,2.400,83.000,3.200,1.289
2023-02-12 09:00:00,6.400,1022.900,1.800,100.000,3.700,0.902
2023-02-12 10:00:00,6.200,1022.000,3.100,75.000,4.600,0.568
2023-02-12 11:00:00,6.300,1021.400,2.700,82.000,3.900,0.472
2023-02-12 12:00:00,6.200,1021.200,3.700,82.000,5.200,0.692
2023-02-12 13:00:00,6.000,1020.400,5.300,75.000,7.400,1.060
2023-02-12 14:00:00,6.200,1019.900,2.700,75.000,5.300,1.545
2023-02-12 15:00:00,5.900,1018.100,4.200,69.000,6.800,1.965
2023-02-12 16:00:00,6.100,1018.000,3.900,64.000,6.400,2.162
2023-02-12 17:00:00,6.200,1016.000,2.900,53.000,5.900,2.362
2023-02-12 18:00:00,6.100,1014.100,4.500,46.000,7.600,2.375
2023-02-12 19:00:00,6.100,1011.900,2.700,59.000,5.800,2.310
2023-02-12 20:00:00,6.700,1010.100,5.000,74.000,8.400,2.129
2023-02-12 21:00:00,7.200,1008.700,4.600,68.000,9.900,1.657
2023-02-12 22:00:00,7.100,1006.700,5.900,39.000,10.400,1.453
2023-02-12 23:00:00,6.900,1005.600,4.800,44.000,9.400,1.670
2023-02-13 00:00:00,6.900,1004.600,5.500,41.000,9.600,1.657
2023-02-13 01:00:00,7.000,1003.500,7.200,42.000,14.200,1.946
2023-02-13 02:00:00,6.800,1002.700,6.900,37.000,11.600,2.293
2023-02-13 03:00:00,6.200,1001.900,9.700,35.000,13.500,2.828
2023-02-13 04:00:00,5.700,1000.700,8.700,34.000,11.800,3.166
2023-02-13 05:00:00,5.800,999.900,8.600,32.000,13.900,3.389
2023-02-13 06:00:00,5.400,999.000,10.400,21.000,13.100,3.386
2023-02-13 07:00:00,4.700,998.900,9.400,17.000,11.800,3.415
2023-02-13 08:00:00,4.700,998.700,9.800,4.000,12.900,3.278
2023-02-13 09:00:00,5.300,998.700,9.800,359.000,12.700,2.953
2023-02-13 10:00:00,4.300,999.300,12.000,354.000,15.000,2.438
2023-02-13 11:00:00,3.400,1001.000,11.900,357.000,14.200,2.037
2023-02-13 12:00:00,3.900,1002.400,10.000,360.000,13.800,2.008
2023-02-13 13:00:00,5.700,1004.100,8.000,349.000,9.900,2.011
2023-02-13 14:00:00,6.100,1005.100,6.300,343.000,8.400,2.369
2023-02-13 15:00:00,7.400,1006.000,5.900,344.000,7.900,2.684
2023-02-13 16:00:00,8.400,1006.900,6.900,327.000,8.700,2.822
2023-02-13 17:00:00,10.200,1006.300,5.200,326.000,6.800,2.999
2023-02-13 18:00:00,11.400,1005.600,6.800,342.000,8.400,3.038
2023-02-13 19:00:00,12.600,1005.000,4.400,329.000,6.500,3.025
2023-02-13 20:00:00,13.300,1005.100,5.700,308.000,8.200,2.982
2023-02-13 21:00:00,13.200,1005.600,6.900,302.000,9.300,2.684
2023-02-13 22:00:00,12.700,1006.100,4.300,284.000,5.100,2.257
2023-02-13 23:00:00,10.700,1006.500,3.700,262.000,4.500,1.857
2023-02-14 00:00:00,9.800,1006.700,3.800,246.000,5.000,1.778
2023-02-14 01:00:00,9.100,1007.000,4.400,255.000,5.400,1.795
2023-02-14 02:00:00,8.500,1007.800,3.100,243.000,3.600,2.054
2023-02-14 03:00:00,9.500,1008.100,5.000,275.000,6.600,2.375
2023-02-14 04:00:00,9.300,1008.900,4.100,290.000,5.600,2.677
2023-02-14 05:00:00,8.500,1009.800,3.900,291.000,5.300,2.907
2023-02-14 06:00:00,8.100,1011.000,3.600,294.000,5.100,3.061
2023-02-14 07:00:00,8.600,1012.200,3.300,306.000,4.300,3.077
2023-02-14 08:00:00,8.000,1013.200,3.300,307.000,4.700,3.002
2023-02-14 09:00:00,7.300,1014.000,2.300,313.000,3.300,2.736
2023-02-14 10:00:00,6.300,1015.500,2.200,288.000,2.500,2.293
2023-02-14 11:00:00,5.600,1016.800,2.700,291.000,2.900,1.860
2023-02-14 12:00:00,5.500,1018.300,3.100,307.000,4.400,1.555
2023-02-14 13:00:00,6.400,1019.400,3.700,319.000,4.400,1.437
2023-02-14 14:00:00,8.100,1020.200,4.200,5.000,5.300,1.496
2023-02-14 15:00:00,8.900,1020.900,5.500,355.000,6.900,1.663
2023-02-14 16:00:00,9.600,1021.500,4.400,8.000,5.700,1.959
2023-02-14 17:00:00,10.200,1021.100,1.600,346.000,3.100,2.293
2023-02-14 18:00:00,9.400,1020.800,2.500,141.000,4.000,2.415
2023-02-14 19:00:00,9.300,1020.500,3.300,160.000,4.400,2.454
2023-02-14 20:00:00,9.200,1020.700,1.900,164.000,2.900,2.434
2023-02-14 21:00:00,9.300,1021.200,1.600,193.000,2.200,2.205
2023-02-14 22:00:00,8.300,1021.900,3.000,200.000,3.600,1.903
2023-02-14 23:00:00,7.500,1022.800,3.000,210.000,3.400,1.555
2023-02-15 00:00:00,7.200,1023.600,2.200,200.000,2.600,1.178
2023-02-15 01:00:00,7.300,1024.000,3.200,210.000,3.800,1.033
2023-02-15 02:00:00,7.400,1024.100,3.200,201.000,4.000,1.014
2023-02-15 03:00:00,7.400,1024.300,3.800,215.000,4.100,1.401
2023-02-15 04:00:00,7.400,1023.800,4.400,207.000,5.000,1.814
2023-02-15 05:00:00,7.400,1023.400,3.500,198.000,4.900,2.162
2023-02-15 06:00:00,7.500,1023.300,3.500,207.000,4.100,2.464
2023-02-15 07:00:00,7.800,1022.500,4.100,194.000,5.300,2.690
2023-02-15 08:00:00,7.800,1022.800,3.000,225.000,3.500,2.779
2023-02-15 09:00:00,8.100,1022.600,5.000,220.000,6.300,2.766
2023-02-15 10:00:00,8.000,1021.700,2.800,238.000,3.200,2.500
2023-02-15 11:00:00,9.000,1021.200,5.100,191.000,7.400,2.051
2023-02-15 12:00:00,8.800,1021.800,3.200,233.000,3.800,1.739
2023-02-15 13:00:00,9.400,1021.900,4.600,222.000,6.600,1.181
2023-02-15 14:00:00,9.400,1021.600,4.500,232.000,5.500,1.270
2023-02-15 15:00:00,11.000,1021.300,5.400,227.000,6.500,1.204
2023-02-15 16:00:00,12.000,1020.800,8.600,228.000,10.800,1.371
2023-02-15 17:00:00,10.900,1019.900,7.200,218.000,8.400,1.677
2023-02-15 18:00:00,9.300,1018.600,8.000,215.000,9.300,1.965
2023-02-15 19:00:00,9.500,1017.300,8.800,213.000,10.600,2.231
2023-02-15 20:00:00,9.900,1016.700,8.800,217.000,9.900,2.234
2023-02-15 21:00:00,10.100,1016.500,9.000,223.000,10.200,2.165
2023-02-15 22:00:00,9.500,1016.800,5.700,216.000,6.900,1.991
2023-02-15 23:00:00,11.700,1017.000,6.400,224.000,7.300,1.558
2023-02-16 00:00:00,9.800,1017.400,5.200,202.000,6.100,1.102
2023-02-16 01:00:00,8.700,1017.700,5.000,206.000,5.900,0.804
2023-02-16 02:00:00,9.000,1017.800,3.800,210.000,4.200,0.561
2023-02-16 03:00:00,8.600,1018.000,3.000,196.000,3.800,0.646
2023-02-16 04:00:00,9.100,1018.000,2.900,203.000,3.800,0.958
2023-02-16 05:00:00,14.900,1018.300,5.500,255.000,6.400,1.312
2023-02-16 06:00:00,15.600,1018.000,5.900,254.000,6.900,1.795
2023-02-16 07:00:00,9.900,1018.400,4.300,207.000,5.000,2.139
2023-02-16 08:00:00,10.000,1018.000,3.500,206.000,4.100,2.438
2023-02-16 09:00:00,8.400,1018.200,4.000,218.000,4.400,2.536
2023-02-16 10:00:00,8.600,1018.600,3.300,217.000,3.500,2.425
2023-02-16 11:00:00,8.700,1018.800,3.100,228.000,3.700,2.254
2023-02-16 12:00:00,9.400,1019.200,3.800,231.000,4.600,1.736
2023-02-16 13:00:00,10.100,1019.100,3.000,225.000,3.600,1.237
2023-02-16 14:00:00,9.500,1019.100,4.500,216.000,4.700,0.879
2023-02-16 15:00:00,10.000,1019.000,5.000,213.000,5.600,0.633
2023-02-16 16:00:00,12.300,1019.100,7.400,225.000,9.100,0.636
2023-02-16 17:00:00,10.500,1018.100,5.600,215.000,6.400,0.883
2023-02-16 18:00:00,9.400,1016.800,4.600,210.000,5.100,1.181
2023-02-16 19:00:00,9.700,1016.000,5.800,205.000,6.900,1.578
2023-02-16 20:00:00,12.400,1016.100,5.300,223.000,6.000,1.857
2023-02-16 21:00:00,9.800,1016.000,2.500,199.000,3.100,1.939
2023-02-16 22:00:00,9.200,1015.700,3.400,196.000,4.400,1.900
2023-02-16 23:00:00,9.000,1014.800,5.500,208.000,7.200,1.654
2023-02-17 00:00:00,10.000,1014.400,7.700,217.000,8.500,1.316
2023-02-17 01:00:00,10.200,1014.300,6.600,214.000,7.300,0.787
2023-02-17 02:00:00,13.000,1014.300,7.400,228.000,9.400,0.420
2023-02-17 03:00:00,12.600,1013.900,7.800,233.000,10.300,0.253
2023-02-17 04:00:00,13.000,1013.700,7.900,230.000,10.100,0.230
2023-02-17 05:00:00,13.700,1013.100,9.500,225.000,12.000,0.630
2023-02-17 06:00:00,13.300,1012.600,9.500,225.000,11.200,1.211
2023-02-17 07:00:00,10.300,1011.200,6.800,220.000,8.600,1.765
2023-02-17 08:00:00,13.000,1009.600,9.200,231.000,11.600,2.221
2023-02-17 09:00:00,13.200,1008.800,10.200,228.000,12.700,2.549
2023-02-17 10:00:00,13.700,1008.700,10.900,230.000,13.400,2.785
2023-02-17 11:00:00,12.800,1008.000,10.200,227.000,12.600,2.700
2023-02-17 12:00:00,12.800,1008.100,8.200,226.000,10.600,2.503
2023-02-17 13:00:00,12.800,1007.800,10.700,230.000,13.200,1.969
2023-02-17 14:00:00,13.000,1007.400,8.300,227.000,10.300,1.378
2023-02-17 15:00:00,13.700,1006.900,8.300,237.000,10.100,0.922
2023-02-17 16:00:00,13.200,1006.200,7.500,238.000,9.500,0.709
2023-02-17 17:00:00,13.000,1004.400,9.100,230.000,11.700,0.669
2023-02-17 18:00:00,14.100,1003.800,5.400,247.000,7.100,0.866
2023-02-17 19:00:00,16.900,1003.200,8.000,263.000,10.100,1.211
2023-02-17 20:00:00,16.900,1002.600,4.800,245.000,6.100,1.739
2023-02-17 21:00:00,10.800,1004.700,9.100,338.000,11.700,2.142
2023-02-17 22:00:00,8.500,1006.400,11.500,347.000,15.400,2.329
2023-02-17 23:00:00,8.500,1008.600,9.900,347.000,15.900,2.067
2023-02-18 00:00:00,7.800,1010.700,9.200,339.000,11.700,1.503
2023-02-18 01:00:00,6.900,1011.700,11.400,350.000,14.300,0.951
2023-02-18 02:00:00,5.400,1014.300,9.800,338.000,12.700,0.505
2023-02-18 03:00:00,4.600,1016.100,7.200,332.000,10.000,-0.085
2023-02-18 04:00:00,3.900,1017.400,7.900,335.000,12.300,-0.131
2023-02-18 05:00:00,3.000,1018.800,7.800,332.000,9.900,-0.036
2023-02-18 06:00:00,2.500,1020.100,8.000,333.000,10.700,0.440
2023-02-18 07:00:00,2.400,1021.700,5.500,336.000,7.000,1.329
2023-02-18 08:00:00,1.700,1023.100,6.000,334.000,7.800,1.886
2023-02-18 09:00:00,1.400,1024.600,6.300,338.000,7.800,2.428
2023-02-18 10:00:00,0.800,1025.600,5.700,337.000,7.800,2.815
2023-02-18 11:00:00,0.100,1026.900,5.200,329.000,6.900,2.972
2023-02-18 12:00:00,-0.600,1028.400,6.900,337.000,8.200,2.936
2023-02-18 13:00:00,-0.200,1029.500,6.500,341.000,8.400,2.562
2023-02-18 14:00:00,0.000,1030.500,7.400,335.000,9.100,2.169
2023-02-18 15:00:00,0.100,1031.200,5.700,358.000,7.500,1.411
2023-02-18 16:00:00,0.900,1031.100,4.500,356.000,5.700,0.673
2023-02-18 17:00:00,2.000,1030.600,4.800,344.000,5.800,0.400
2023-02-18 18:00:00,3.100,1029.900,1.900,290.000,3.600,0.476
2023-02-18 19:00:00,4.400,1029.400,3.000,321.000,4.600,0.735
2023-02-18 20:00:00,5.600,1029.100,3.200,293.000,4.600,1.155
2023-02-18 21:00:00,5.400,1029.500,2.500,175.000,3.600,1.614
2023-02-18 22:00:00,5.100,1029.800,7.100,216.000,8.000,2.008
2023-02-18 23:00:00,4.900,1030.100,2.400,295.000,3.000,2.178
2023-02-19 00:00:00,3.800,1030.700,2.400,275.000,3.000,2.060
2023-02-19 01:00:00,3.000,1031.200,1.400,246.000,1.700,1.732
2023-02-19 02:00:00,2.600,1031.300,1.500,264.000,1.900,1.135
2023-02-19 03:00:00,2.500,1031.300,2.100,245.000,2.700,0.558
2023-02-19 04:00:00,2.700,1030.900,2.600,252.000,3.400,-0.066
2023-02-19 05:00:00,3.300,1031.000,2.200,244.000,2.900,-0.282
2023-02-19 06:00:00,3.700,1031.000,2.000,244.000,2.200,-0.180
2023-02-19 07:00:00,3.600,1031.200,1.600,225.000,2.100,0.240
2023-02-19 08:00:00,3.700,1030.700,1.900,221.000,2.200,1.073
2023-02-19 09:00:00,4.900,1030.300,4.000,234.000,4.900,1.749
2023-02-19 10:00:00,5.200,1030.100,4.500,231.000,5.200,2.320
2023-02-19 11:00:00,5.300,1030.200,4.600,229.000,5.300,2.710
2023-02-19 12:00:00,5.900,1030.500,6.200,229.000,7.800,2.871
2023-02-19 13:00:00,6.100,1030.400,5.700,225.000,7.000,2.769
2023-02-19 14:00:00,6.700,1029.800,7.500,216.000,8.700,2.385
2023-02-19 15:00:00,7.100,1030.200,7.800,223.000,9.200,1.719
2023-02-19 16:00:00,7.400,1029.200,8.100,219.000,9.900,1.079
2023-02-19 17:00:00,8.000,1027.700,5.100,199.000,6.600,0.502
2023-02-19 18:00:00,8.300,1025.700,6.000,192.000,9.000,0.240
2023-02-19 19:00:00,8.300,1024.600,5.200,198.000,6.800,0.295
2023-02-19 20:00:00,8.000,1023.400,6.600,202.000,8.900,0.676
2023-02-19 21:00:00,7.900,1022.500,7.600,200.000,10.300,1.234
2023-02-19 22:00:00,7.800,1021.200,6.600,198.000,9.700,1.923
2023-02-19 23:00:00,7.900,1020.400,5.800,192.000,8.200,2.375
2023-02-20 00:00:00,8.400,1020.400,6.500,215.000,7.400,2.516
2023-02-20 01:00:00,8.300,1019.200,5.600,207.000,6.700,2.388
2023-02-20 02:00:00,9.500,1018.600,7.100,228.000,8.700,2.021
2023-02-20 03:00:00,9.100,1017.900,6.800,216.000,7.600,1.411
2023-02-20 04:00:00,8.800,1017.200,7.500,213.000,8.600,0.735
2023-02-20 05:00:00,9.900,1016.600,6.500,229.000,7.900,0.072
2023-02-20 06:00:00,9.900,1015.400,7.000,234.000,9.400,-0.180
2023-02-20 07:00:00,9.100,1014.600,6.600,225.000,7.900,-0.072
2023-02-20 08:00:00,9.500,1013.600,6.000,224.000,6.800,0.472
2023-02-20 09:00:00,9.200,1012.900,5.700,221.000,6.400,1.132
2023-02-20 10:00:00,8.700,1012.200,5.500,217.000,6.300,1.962
2023-02-20 11:00:00,8.700,1011.700,5.200,213.000,5.900,2.451
2023-02-28 16:00:00,7.100,1006.100,3.700,33.000,4.600,2.986
2023-02-28 17:00:00,7.000,1006.800,2.700,26.000,3.500,3.114
2023-02-28 18:00:00,7.500,1007.000,2.600,29.000,3.400,3.219
2023-02-28 19:00:00,8.700,1007.700,2.400,71.000,3.500,3.278
2023-02-28 20:00:00,11.700,1008.400,6.700,7.000,8.400,3.360
2023-02-28 21:00:00,12.800,1010.000,6.700,332.000,8.600,3.366
2023-02-28 22:00:00,11.600,1010.800,5.900,16.000,7.500,3.199
2023-02-28 23:00:00,8.100,1012.600,1.500,79.000,3.100,2.733
2024-01-01 00:00:00,5.300,1015.700,2.200,251.000,2.600,1.496
2024-01-01 01:00:00,5.400,1015.700,2.800,249.000,3.300,1.821
2024-01-01 02:00:00,5.600,1015.800,1.900,240.000,2.200,2.129
2024-01-01 03:00:00,6.300,1015.700,1.800,251.000,2.300,2.369
2024-01-01 04:00:00,6.700,1015.700,2.200,229.000,2.700,2.392
2024-01-01 05:00:00,7.100,1015.400,3.200,220.000,3.800,2.287
2024-01-01 06:00:00,7.600,1014.500,3.700,218.000,5.000,2.044
2024-01-01 07:00:00,7.600,1014.600,3.300,230.000,4.100,1.683
2024-01-01 08:00:00,7.300,1014.300,3.300,218.000,3.700,1.421
2024-01-01 09:00:00,7.800,1013.700,3.200,209.000,4.000,1.230
2024-01-01 10:00:00,7.300,1013.500,2.700,213.000,3.100,1.073
2024-01-01 11:00:00,7.800,1013.700,3.400,212.000,4.000,1.306
2024-01-01 12:00:00,7.200,1014.200,2.400,282.000,3.100,1.624
2024-01-01 13:00:00,6.700,1014.200,1.300,242.000,1.600,2.146
2024-01-01 14:00:00,6.600,1014.600,1.700,259.000,2.100,2.421
2024-01-01 15:00:00,7.400,1015.100,3.300,321.000,4.200,2.687
2024-01-01 16:00:00,8.700,1014.800,3.000,352.000,4.000,2.838
2024-01-01 17:00:00,9.300,1013.900,3.500,10.000,3.900,2.828
2024-01-01 18:00:00,10.000,1013.600,2.700,26.000,4.000,2.644
2024-01-01 19:00:00,9.300,1013.200,2.000,23.000,2.800,2.320
2024-01-01 20:00:00,8.900,1013.300,5.500,7.000,6.600,1.886
2024-01-01 21:00:00,7.800,1013.900,4.400,22.000,7.300,1.545
2024-01-01 22:00:00,7.500,1014.700,4.900,9.000,6.200,1.332
2024-01-01 23:00:00,7.200,1015.400,4.200,342.000,5.300,1.302
2024-01-02 00:00:00,6.800,1015.700,4.300,347.000,5.700,1.371
2024-01-02 01:00:00,6.500,1015.700,5.900,356.000,6.900,1.722
2024-01-02 02:00:00,6.100,1016.000,4.900,336.000,5.800,2.182
2024-01-02 03:00:00,6.000,1016.000,4.800,350.000,6.000,2.428
2024-01-02 04:00:00,5.800,1015.900,4.900,351.000,5.900,2.644
2024-01-02 05:00:00,5.500,1015.800,5.700,352.000,7.100,2.664
2024-01-02 06:00:00,5.500,1015.300,6.100,8.000,7.700,2.635
2024-01-02 07:00:00,6.500,1015.500,8.700,12.000,11.000,2.516
2024-01-02 08:00:00,6.200,1015.600,8.600,9.000,10.600,2.169
2024-01-02 09:00:00,5.500,1015.900,8.500,6.000,10.000,1.778
2024-01-02 10:00:00,4.700,1016.100,8.700,7.000,10.600,1.526
2024-01-02 11:00:00,3.700,1017.000,8.300,9.000,9.700,1.542
2024-01-02 12:00:00,3.200,1017.800,7.900,7.000,9.300,1.827
2024-01-02 13:00:00,2.900,1018.700,7.100,7.000,8.300,2.113
2024-01-02 14:00:00,3.300,1019.300,7.600,5.000,9.100,2.398
2024-01-02 15:00:00,3.900,1019.200,8.400,10.000,11.100,2.746
2024-01-02 16:00:00,3.800,1018.400,8.200,0.000,9.600,2.936
2024-01-02 17:00:00,4.100,1017.200,7.100,342.000,10.300,3.107
2024-01-02 18:00:00,4.400,1016.100,8.000,348.000,11.100,3.035
2024-01-02 19:00:00,4.800,1016.100,7.400,332.000,9.500,2.848
2024-01-02 20:00:00,5.100,1016.500,7.000,342.000,9.100,2.477
2024-01-02 21:00:00,5.300,1016.700,3.400,331.000,4.300,2.047
2024-01-02 22:00:00,4.400,1016.900,2.800,299.000,3.800,1.722
2024-01-02 23:00:00,3.800,1017.200,2.200,301.000,3.000,1.549
2024-01-03 00:00:00,3.300,1017.500,2.200,285.000,2.700,1.572
2024-01-03 01:00:00,2.500,1017.300,2.100,276.000,2.500,1.713
2024-01-03 02:00:00,2.000,1017.500,2.300,280.000,3.000,2.067
2024-01-03 03:00:00,2.000,1017.500,2.900,283.000,3.500,2.402
2024-01-03 04:00:00,2.200,1017.300,1.600,294.000,2.100,2.595
2024-01-03 05:00:00,1.800,1017.000,2.600,275.000,3.000,2.769
2024-01-03 06:00:00,1.400,1016.900,2.300,304.000,2.900,2.782
2024-01-03 07:00:00,1.300,1016.900,2.300,305.000,3.100,2.680
2024-01-03 08:00:00,1.300,1017.000,2.500,310.000,3.100,2.411
2024-01-03 09:00:00,0.900,1017.000,2.800,301.000,3.600,2.041
2024-01-03 10:00:00,0.700,1017.200,2.000,316.000,2.500,1.591
2024-01-03 11:00:00,0.300,1017.600,1.900,311.000,2.300,1.430
2024-01-03 12:00:00,0.300,1018.300,2.500,300.000,3.400,1.490
2024-01-03 13:00:00,0.700,1018.400,2.100,302.000,2.600,1.690
2024-01-03 14:00:00,2.500,1018.200,2.200,338.000,2.900,1.982
2024-01-03 15:00:00,3.500,1018.300,3.800,6.000,4.500,2.274
2024-01-03 16:00:00,4.300,1018.000,3.600,13.000,4.500,2.510
2024-01-03 17:00:00,5.000,1017.400,2.900,11.000,3.500,2.726
2024-01-03 18:00:00,5.700,1016.500,1.700,30.000,2.800,2.740
2024-01-03 19:00:00,5.800,1015.600,2.400,150.000,3.300,2.602
2024-01-03 20:00:00,5.800,1015.300,2.300,156.000,3.300,2.425
2024-01-03 21:00:00,4.900,1015.400,1.900,172.000,2.800,2.116
2024-01-03 22:00:00,5.200,1015.700,2.700,214.000,3.300,1.765
2024-01-03 23:00:00,5.100,1015.700,3.100,230.000,3.700,1.427
2024-01-04 00:00:00,5.400,1015.400,2.500,242.000,2.900,1.309
2024-01-04 01:00:00,5.600,1014.900,1.800,219.000,2.200,1.453
2024-01-04 02:00:00,5.100,1014.900,1.500,252.000,2.000,1.690
2024-01-04 03:00:00,5.000,1015.200,1.700,256.000,2.400,2.060
2024-01-04 04:00:00,4.800,1014.700,1.300,286.000,1.700,2.382
2024-01-04 05:00:00,4.700,1014.200,0.900,278.000,1.100,2.575
2024-01-04 06:00:00,4.800,1013.700,0.800,269.000,1.100,2.720
2024-01-04 07:00:00,5.200,1013.200,0.700,233.000,0.900,2.740
2024-01-04 08:00:00,5.400,1012.200,1.700,18.000,2.800,2.703
2024-01-04 09:00:00,4.800,1012.400,0.800,257.000,1.100,2.418
2024-01-04 10:00:00,4.600,1011.600,0.600,324.000,0.900,2.014
2024-01-04 11:00:00,4.400,1012.100,2.600,9.000,3.000,1.804
2024-01-04 12:00:00,4.300,1012.900,3.800,337.000,5.000,1.637
2024-01-04 13:00:00,4.300,1013.100,4.900,344.000,5.600,1.742
2024-01-04 14:00:00,4.400,1013.800,4.500,0.000,5.400,1.985
2024-01-04 15:00:00,4.700,1014.300,3.900,345.000,4.800,2.087
2024-01-04 16:00:00,5.400,1014.100,3.900,340.000,5.200,2.352
2024-01-04 17:00:00,6.200,1013.700,8.500,358.000,10.400,2.664
2024-01-04 18:00:00,6.500,1013.600,7.600,350.000,9.100,2.782
2024-01-04 19:00:00,6.500,1013.800,7.200,323.000,8.500,2.743
2024-01-04 20:00:00,6.600,1014.500,7.400,340.000,10.300,2.671
2024-01-04 21:00:00,6.500,1015.300,8.500,338.000,11.100,2.254
2024-01-04 22:00:00,6.100,1016.800,7.100,344.000,8.700,1.975
2024-01-04 23:00:00,5.400,1018.000,5.200,331.000,6.700,1.493
2024-01-05 00:00:00,5.000,1018.900,6.200,333.000,8.300,1.224
2024-01-05 01:00:00,4.300,1019.800,5.900,335.000,7.500,1.194
2024-01-05 02:00:00,3.700,1020.300,5.800,345.000,7.700,1.345
2024-01-05 03:00:00,2.900,1021.300,5.100,335.000,6.500,1.706
2024-01-05 04:00:00,2.500,1021.900,5.200,339.000,7.100,2.093
2024-01-05 05:00:00,1.900,1022.000,6.500,347.000,8.600,2.359
2024-01-05 06:00:00,1.700,1022.000,7.100,351.000,9.900,2.707
2024-01-05 07:00:00,1.300,1022.700,6.700,340.000,9.400,2.851
2024-01-05 08:00:00,0.800,1023.600,7.400,347.000,8.800,2.838
2024-01-05 09:00:00,0.200,1023.800,7.000,344.000,9.000,2.730
2024-01-05 10:00:00,-0.300,1024.200,5.400,351.000,6.800,2.448
2024-01-05 11:00:00,-0.700,1025.000,5.700,340.000,7.900,2.021
2024-01-05 12:00:00,-1.100,1026.100,6.300,340.000,7.900,1.644
2024-01-05 13:00:00,-1.200,1027.200,6.100,336.000,7.700,1.519
2024-01-05 14:00:00,-0.800,1027.800,5.600,344.000,7.000,1.519
2024-01-05 15:00:00,-0.600,1028.000,5.900,353.000,7.200,1.654
2024-01-05 16:00:00,-0.300,1027.600,4.500,8.000,5.500,1.942
2024-01-05 17:00:00,0.500,1026.500,2.600,7.000,3.300,2.110
2024-01-05 18:00:00,1.700,1025.500,3.100,313.000,4.000,2.326
2024-01-05 19:00:00,2.600,1024.800,3.300,309.000,4.100,2.405
2024-01-05 20:00:00,3.700,1024.000,2.700,244.000,3.400,2.313
2024-01-05 21:00:00,3.800,1024.000,2.200,289.000,2.600,2.365
2024-01-05 22:00:00,2.800,1024.100,2.800,233.000,3.500,2.011
2024-01-05 23:00:00,2.300,1024.100,3.000,235.000,3.500,1.657
2024-01-06 00:00:00,2.200,1025.300,2.100,269.000,3.000,1.316
2024-01-06 01:00:00,1.500,1024.200,1.900,267.000,2.400,1.001
2024-01-06 02:00:00,0.700,1024.700,2.700,271.000,3.900,0.984
2024-01-06 03:00:00,0.600,1023.500,0.300,281.000,0.500,1.198
2024-01-06 04:00:00,1.500,1023.000,0.900,254.000,1.200,1.558
2024-01-06 05:00:00,1.700,1022.800,0.700,257.000,1.200,1.946
2024-01-06 06:00:00,2.000,1023.200,1.500,248.000,1.800,2.238
2024-01-06 07:00:00,1.800,1022.500,0.300,213.000,0.800,2.470
2024-01-06 08:00:00,3.000,1021.800,1.100,213.000,1.500,2.664
2024-01-06 09:00:00,3.000,1021.500,1.000,267.000,1.600,2.677
2024-01-06 10:00:00,3.400,1020.500,0.800,222.000,0.900,2.549
2024-01-06 11:00:00,3.800,1020.200,0.000,214.000,0.400,2.169
2024-01-06 12:00:00,5.700,1020.000,3.700,170.000,5.100,1.850
2024-01-06 13:00:00,6.100,1019.100,4.300,157.000,6.400,1.483
2024-01-06 14:00:00,6.600,1018.500,4.800,155.000,7.200,1.388
2024-01-06 15:00:00,7.100,1017.600,3.400,147.000,5.000,1.490
2024-01-06 16:00:00,7.700,1015.500,4.200,132.000,6.200,1.611
2024-01-06 17:00:00,8.200,1012.700,4.400,127.000,6.300,1.916
2024-01-06 18:00:00,8.300,1009.900,4.700,124.000,7.200,2.169
2024-01-06 19:00:00,9.000,1007.700,3.900,137.000,6.200,2.326
2024-01-06 20:00:00,9.100,1006.800,4.600,136.000,7.000,2.592
2024-01-06 21:00:00,9.300,1004.700,6.600,130.000,10.300,2.726
2024-01-06 22:00:00,9.400,1002.800,8.500,122.000,12.000,2.641
2024-01-06 23:00:00,9.700,1002.200,3.100,104.000,5.800,2.549
2024-01-07 00:00:00,10.000,999.700,7.200,111.000,9.700,2.211
2024-01-07 01:00:00,10.100,998.400,3.700,140.000,5.600,1.831
2024-01-07 02:00:00,9.100,997.900,3.300,219.000,3.700,1.745
2024-01-07 03:00:00,11.000,997.900,7.100,289.000,9.500,1.755
2024-01-07 04:00:00,8.800,999.000,8.000,284.000,11.500,2.277
2024-01-07 05:00:00,6.400,999.800,7.000,284.000,9.400,2.306
2024-01-07 06:00:00,5.600,1000.300,7.200,291.000,10.000,2.835
2024-01-07 07:00:00,4.900,1000.600,6.100,297.000,8.800,3.038
2024-01-07 08:00:00,4.500,1000.900,6.800,287.000,10.300,3.363
2024-01-07 09:00:00,4.300,1000.900,5.600,291.000,7.600,3.524
2024-01-07 10:00:00,4.100,1001.500,4.800,292.000,6.100,3.471
2024-01-07 11:00:00,3.800,1002.200,5.500,276.000,7.200,3.301
2024-01-07 12:00:00,3.400,1002.900,5.800,284.000,8.100,3.182
2024-01-07 13:00:00,3.500,1003.800,5.200,272.000,6.800,2.707
2024-01-07 14:00:00,3.700,1004.100,6.500,289.000,9.100,2.333
2024-01-07 15:00:00,5.100,1004.300,5.900,301.000,8.500,2.169
2024-01-07 16:00:00,6.500,1003.600,7.000,290.000,9.600,2.139
2024-01-07 17:00:00,8.200,1003.500,6.000,302.000,7.900,2.215
2024-01-07 18:00:00,8.900,1003.200,7.600,302.000,10.500,2.543
2024-01-07 19:00:00,9.500,1003.400,9.300,293.000,13.800,2.808
2024-01-07 20:00:00,9.000,1004.700,8.800,318.000,11.500,3.018
2024-01-07 21:00:00,8.700,1006.300,5.900,305.000,8.200,3.100
2024-01-07 22:00:00,8.400,1008.000,4.800,312.000,6.300,3.058
2024-01-07 23:00:00,7.900,1010.200,5.900,321.000,7.400,2.949
2024-01-08 00:00:00,7.100,1011.700,3.400,336.000,4.500,2.385
2024-01-08 01:00:00,6.600,1013.100,2.700,325.000,3.600,2.044
2024-01-08 02:00:00,5.700,1014.300,1.500,296.000,2.100,1.732
2024-01-08 03:00:00,4.600,1015.300,2.400,316.000,3.100,1.621
2024-01-08 04:00:00,4.900,1016.700,3.400,286.000,4.100,1.670
2024-01-08 05:00:00,5.300,1017.500,3.500,311.000,4.300,1.768
2024-01-08 06:00:00,5.200,1018.500,4.000,300.000,5.700,2.221
2024-01-08 07:00:00,4.800,1019.300,3.800,317.000,5.200,2.589
2024-01-08 08:00:00,5.000,1019.900,5.900,320.000,7.800,2.936
2024-01-08 09:00:00,4.600,1020.900,5.100,331.000,7.000,3.232
2024-01-08 10:00:00,3.900,1022.100,3.800,309.000,5.100,3.284
2024-01-08 11:00:00,3.500,1023.800,3.900,305.000,4.700,3.222
2024-01-08 12:00:00,3.700,1024.900,4.300,309.000,5.800,3.041
2024-01-08 13:00:00,3.600,1026.200,3.200,315.000,4.700,2.589
2024-01-08 14:00:00,5.000,1027.200,4.600,338.000,5.600,2.096
2024-01-08 15:00:00,5.800,1028.000,6.900,9.000,8.400,1.663
2024-01-08 16:00:00,6.500,1028.400,4.100,16.000,5.200,1.398
2024-01-08 17:00:00,7.100,1028.100,4.300,28.000,7.400,1.434
2024-01-08 18:00:00,7.100,1028.300,4.800,29.000,6.700,1.565
2024-01-08 19:00:00,7.300,1028.200,4.300,30.000,6.100,1.844
2024-01-08 20:00:00,7.600,1028.700,3.600,69.000,5.300,2.264
2024-01-08 21:00:00,7.300,1028.600,3.100,69.000,4.300,2.605
2024-01-08 22:00:00,6.500,1029.300,1.900,66.000,3.100,2.657
2024-01-08 23:00:00,6.300,1030.600,1.000,86.000,1.900,2.690
2024-01-09 00:00:00,6.000,1030.100,2.200,101.000,3.500,2.428
2024-01-09 01:00:00,6.000,1029.900,2.300,104.000,3.000,2.156
2024-01-09 02:00:00,6.100,1029.300,3.100,115.000,4.400,1.916
2024-01-09 03:00:00,6.100,1028.900,3.000,137.000,5.500,1.562
2024-01-09 04:00:00,6.200,1029.600,2.400,174.000,3.500,1.342
2024-01-09 05:00:00,6.500,1029.000,4.500,159.000,6.300,1.467
2024-01-09 06:00:00,6.300,1027.600,2.900,138.000,4.000,1.785
2024-01-09 07:00:00,6.400,1027.500,2.700,147.000,4.200,2.369
2024-01-09 08:00:00,6.500,1027.000,3.300,140.000,4.900,2.707
2024-01-09 09:00:00,6.800,1026.000,2.400,121.000,3.800,3.159
2024-01-09 10:00:00,7.100,1025.300,3.100,107.000,4.400,3.399
2024-01-09 11:00:00,7.600,1024.000,4.200,107.000,6.000,3.579
2024-01-09 12:00:00,7.900,1021.800,5.600,106.000,8.800,3.530
2024-01-09 13:00:00,8.200,1022.100,5.200,107.000,8.000,3.363
2024-01-09 14:00:00,8.600,1021.800,4.600,107.000,6.600,3.074
2024-01-09 15:00:00,9.600,1019.800,5.900,114.000,8.200,2.402
2024-01-09 16:00:00,10.000,1017.100,6.500,129.000,9.500,1.985
2024-01-09 17:00:00,10.100,1015.100,6.300,141.000,9.200,1.857
2024-01-09 18:00:00,10.400,1012.200,6.200,141.000,9.400,1.946
2024-01-09 19:00:00,11.000,1009.200,7.200,142.000,11.800,2.149
2024-01-09 20:00:00,12.000,1006.100,9.300,154.000,14.000,2.792
2024-01-09 21:00:00,11.600,1004.800,9.900,156.000,14.800,2.959
2024-01-09 22:00:00,12.100,1001.600,11.900,157.000,15.500,3.337
2024-01-09 23:00:00,12.700,998.500,10.900,165.000,16.900,3.478
2024-01-10 00:00:00,13.200,996.200,13.800,169.000,19.700,3.612
2024-01-10 01:00:00,12.800,994.400,14.300,174.000,20.300,3.530
2024-01-10 02:00:00,12.900,991.500,13.700,171.000,18.800,3.084
2024-01-10 03:00:00,12.900,988.700,12.700,176.000,19.100,2.854
2024-01-10 04:00:00,12.300,989.500,12.800,210.000,15.500,2.756
2024-01-10 05:00:00,12.000,986.100,9.200,185.000,12.700,2.828
2024-01-10 06:00:00,11.200,986.300,6.900,223.000,8.400,2.530
2024-01-10 07:00:00,11.200,985.800,6.700,224.000,8.400,2.667
2024-01-10 08:00:00,13.200,986.600,9.400,257.000,12.700,3.133
2024-01-10 09:00:00,11.900,986.900,7.100,250.000,9.900,3.665
2024-01-10 10:00:00,11.800,987.700,9.500,257.000,11.500,3.720
2024-01-10 11:00:00,11.400,988.000,8.400,252.000,11.400,4.216
2024-01-10 12:00:00,11.200,990.100,8.000,266.000,10.700,4.137
2024-01-10 13:00:00,10.400,991.400,6.500,266.000,8.300,3.999
2024-01-10 14:00:00,10.200,993.500,8.500,271.000,11.900,3.638
2024-01-10 15:00:00,10.300,995.300,11.000,283.000,16.700,3.241
2024-01-10 16:00:00,10.200,996.000,9.600,276.000,12.300,2.608
2024-01-10 17:00:00,9.900,996.700,10.700,268.000,14.200,2.260
2024-01-10 18:00:00,10.200,997.800,11.700,291.000,16.600,1.886
2024-01-10 19:00:00,10.400,998.300,8.700,276.000,11.600,2.024
2024-01-10 20:00:00,10.600,999.500,8.300,276.000,11.400,2.093
2024-01-10 21:00:00,10.700,1000.900,6.000,277.000,9.300,2.530
2024-01-10 22:00:00,9.700,1002.500,5.300,263.000,8.300,2.881
2024-01-10 23:00:00,9.000,1003.700,4.000,254.000,4.800,3.179
2024-01-11 00:00:00,8.600,1004.700,5.600,248.000,7.800,3.094
2024-01-11 01:00:00,8.200,1005.400,3.800,258.000,5.200,2.927
2024-01-11 02:00:00,7.700,1006.300,3.900,260.000,5.100,2.408
2024-01-11 03:00:00,7.300,1006.900,4.100,275.000,6.200,1.991
2024-01-11 04:00:00,6.600,1007.300,2.900,266.000,3.500,1.496
2024-01-11 05:00:00,5.800,1007.800,2.500,291.000,3.000,1.073
2024-01-11 06:00:00,5.300,1008.500,2.100,277.000,2.600,0.866
2024-01-11 07:00:00,4.800,1009.300,2.900,262.000,3.400,0.968
2024-01-11 08:00:00,4.500,1009.500,2.100,275.000,2.800,1.368
2024-01-11 09:00:00,4.100,1010.000,2.300,276.000,2.700,2.093
2024-01-11 10:00:00,3.800,1010.000,2.200,273.000,2.600,2.520
2024-01-11 11:00:00,3.600,1010.500,2.300,267.000,2.900,2.930
2024-01-11 12:00:00,3.100,1011.200,1.800,241.000,2.000,3.169
2024-01-11 13:00:00,3.300,1012.000,2.000,274.000,2.500,3.248
2024-01-11 14:00:00,4.800,1012.500,3.100,289.000,3.700,3.058
2024-01-11 15:00:00,6.200,1013.000,3.200,279.000,4.400,2.638
2024-01-11 16:00:00,7.100,1012.700,1.300,319.000,1.900,1.978
2024-01-11 17:00:00,8.000,1011.800,3.600,188.000,4.800,1.503
2024-01-11 18:00:00,7.700,1010.700,4.000,190.000,5.800,0.997
2024-01-11 19:00:00,8.200,1010.500,6.400,215.000,7.300,0.965
2024-01-11 20:00:00,8.700,1010.500,6.200,216.000,7.100,1.079
2024-01-11 21:00:00,9.200,1011.000,5.800,226.000,7.000,1.591
2024-01-11 22:00:00,8.200,1012.300,4.300,252.000,5.900,2.123
2024-01-11 23:00:00,6.700,1013.000,2.100,223.000,2.400,2.520
2024-01-12 00:00:00,7.800,1013.800,4.100,211.000,4.600,2.671
2024-01-12 01:00:00,7.100,1014.300,4.100,226.000,4.900,2.723
2024-01-12 02:00:00,7.200,1014.600,4.100,220.000,4.900,2.520
2024-01-12 03:00:00,7.000,1015.200,2.900,213.000,3.300,2.162
2024-01-12 04:00:00,7.600,1015.700,3.100,242.000,3.700,1.542
2024-01-12 05:00:00,7.300,1016.300,3.800,264.000,4.200,0.922
2024-01-12 06:00:00,6.400,1017.200,3.600,287.000,4.500,0.597
2024-01-12 07:00:00,5.900,1018.100,2.200,287.000,3.000,0.518
2024-01-12 08:00:00,5.000,1018.900,2.000,2.000,2.400,0.810
2024-01-12 09:00:00,5.700,1019.100,2.200,19.000,3.400,1.378
2024-01-12 10:00:00,6.600,1019.200,1.900,35.000,3.300,2.106
2024-01-12 11:00:00,6.600,1019.100,1.800,55.000,3.500,2.569
2024-01-12 12:00:00,6.700,1020.300,3.200,67.000,4.900,3.064
2024-01-12 13:00:00,7.200,1020.900,1.500,65.000,2.700,3.340
2024-01-12 14:00:00,7.800,1021.100,3.700,78.000,6.000,3.409
2024-01-12 15:00:00,8.300,1020.900,3.600,81.000,5.900,3.205
2024-01-12 16:00:00,8.900,1020.400,3.800,91.000,5.900,2.828
2024-01-12 17:00:00,9.400,1019.600,3.900,99.000,5.500,2.014
2024-01-12 18:00:00,9.300,1018.600,4.100,121.000,5.600,1.385
2024-01-12 19:00:00,9.100,1017.400,3.400,118.000,5.500,1.037
2024-01-12 20:00:00,8.800,1016.000,3.600,101.000,5.700,0.991
2024-01-12 21:00:00,8.800,1014.100,5.100,113.000,6.900,1.322
2024-01-12 22:00:00,9.300,1012.000,6.000,123.000,8.500,1.893
2024-01-12 23:00:00,10.400,1009.300,5.500,136.000,9.900,2.457
2024-01-13 00:00:00,10.400,1007.800,6.100,126.000,8.500,2.861
2024-01-13 01:00:00,10.600,1006.500,4.000,141.000,6.200,3.212
2024-01-13 02:00:00,11.000,1003.300,6.400,140.000,9.500,3.228
2024-01-13 03:00:00,11.400,1002.300,8.000,157.000,11.700,3.022
2024-01-13 04:00:00,11.300,1000.100,6.200,164.000,8.500,2.920
2024-01-13 05:00:00,11.900,996.400,8.500,163.000,14.400,2.464
2024-01-13 06:00:00,12.200,994.600,12.600,179.000,16.500,2.037
2024-01-13 07:00:00,12.700,994.800,10.400,200.000,14.100,1.801
2024-01-13 08:00:00,13.000,993.000,12.300,204.000,15.000,2.083
2024-01-13 09:00:00,11.800,992.300,8.400,217.000,10.500,1.991
2024-01-13 10:00:00,11.500,991.700,6.000,216.000,6.900,2.526
2024-01-13 11:00:00,10.900,991.200,7.400,215.000,8.400,2.976
2024-01-13 12:00:00,10.500,990.800,7.700,217.000,8.700,3.461
2024-01-13 13:00:00,10.900,991.000,7.700,213.000,8.400,3.839
2024-01-13 14:00:00,13.700,992.200,5.700,271.000,7.800,4.177
2024-01-13 15:00:00,13.500,993.000,8.600,251.000,11.400,3.973
2024-01-13 16:00:00,13.300,993.400,11.200,262.000,15.300,3.878
2024-01-13 17:00:00,12.600,993.400,13.700,269.000,18.100,3.330
2024-01-13 18:00:00,12.600,993.700,10.000,274.000,14.100,2.799
2024-01-13 19:00:00,12.200,994.900,9.700,279.000,14.400,2.277
2024-01-13 20:00:00,11.400,997.000,9.300,280.000,12.100,1.778
2024-01-13 21:00:00,10.400,999.100,10.000,284.000,13.900,1.726
2024-01-13 22:00:00,9.500,1001.100,7.200,280.000,10.100,1.857
2024-01-13 23:00:00,8.700,1002.900,7.900,282.000,9.700,2.392
2024-01-14 00:00:00,8.100,1004.600,8.100,272.000,10.700,2.785
2024-01-14 01:00:00,7.600,1006.100,6.600,286.000,8.500,3.104
2024-01-14 02:00:00,6.900,1007.300,7.500,287.000,10.200,3.314
2024-01-14 03:00:00,6.100,1008.500,6.500,282.000,8.100,3.156
2024-01-14 04:00:00,5.400,1009.800,2.900,282.000,3.600,2.802
2024-01-14 05:00:00,4.700,1011.000,3.700,280.000,4.500,2.274
2024-01-14 06:00:00,4.000,1011.100,3.500,285.000,4.100,1.565
2024-01-14 07:00:00,3.600,1012.000,2.900,276.000,3.900,1.198
2024-01-14 08:00:00,2.900,1012.700,2.400,269.000,3.000,0.869
2024-01-14 09:00:00,2.800,1013.000,2.100,270.000,2.500,0.722
2024-01-14 10:00:00,2.200,1013.600,2.000,285.000,2.600,0.863
2024-01-14 11:00:00,2.800,1014.300,3.400,247.000,4.800,1.381
2024-01-14 12:00:00,3.200,1014.500,4.500,250.000,6.000,1.952
2024-01-14 13:00:00,4.300,1014.200,7.600,226.000,9.800,2.516
2024-01-14 14:00:00,5.200,1014.000,9.400,224.000,11.000,2.822
2024-01-14 15:00:00,6.100,1013.400,8.300,223.000,10.500,3.002
2024-01-14 16:00:00,7.800,1011.500,9.200,233.000,12.400,2.936
2024-01-14 17:00:00,8.100,1010.700,9.600,222.000,12.600,2.329
2024-01-14 18:00:00,10.000,1009.700,9.300,249.000,11.800,1.745
2024-01-14 19:00:00,10.300,1010.000,9.500,252.000,12.900,1.007
2024-01-14 20:00:00,11.200,1010.500,9.900,283.000,13.700,0.417
2024-01-14 21:00:00,4.900,1013.600,7.800,334.000,10.100,0.230
2024-01-14 22:00:00,4.400,1015.300,6.600,325.000,8.700,-0.026
2024-01-14 23:00:00,4.300,1017.300,5.700,327.000,7.100,0.089
2024-01-15 00:00:00,4.100,1018.300,6.400,349.000,8.100,0.568
2024-01-15 01:00:00,3.100,1019.000,6.100,339.000,7.900,1.247
2024-01-15 02:00:00,2.400,1020.100,4.200,338.000,5.100,1.785
2024-01-15 03:00:00,1.900,1020.400,4.000,340.000,5.800,2.175
2024-01-15 04:00:00,1.800,1020.700,4.400,3.000,5.600,1.988
2024-01-15 05:00:00,1.300,1021.000,4.500,8.000,5.900,1.923
2024-01-15 06:00:00,1.200,1021.200,2.500,27.000,4.500,1.178
2024-01-15 07:00:00,0.900,1022.000,4.400,7.000,5.700,0.636
2024-01-15 08:00:00,0.600,1022.400,3.700,344.000,4.500,0.246
2024-01-15 09:00:00,0.400,1022.200,5.300,9.000,6.700,-0.138
2024-01-15 10:00:00,0.200,1022.500,4.400,11.000,5.300,-0.115
2024-01-15 11:00:00,0.100,1023.300,3.900,9.000,4.900,0.394
2024-01-15 12:00:00,0.100,1023.400,4.200,11.000,5.000,1.112
2024-01-15 13:00:00,0.100,1023.500,4.600,11.000,5.600,1.742
2024-01-15 14:00:00,0.200,1023.900,3.300,27.000,5.200,2.267
2024-01-15 15:00:00,0.500,1024.400,3.300,28.000,4.700,2.674
2024-01-15 16:00:00,1.300,1023.700,2.700,84.000,4.100,2.694
2024-01-15 17:00:00,1.500,1022.800,2.200,60.000,3.400,2.520
2024-01-15 18:00:00,1.600,1021.800,3.700,71.000,5.200,2.264
2024-01-15 19:00:00,0.800,1021.100,2.700,83.000,4.400,1.634
2024-01-15 20:00:00,0.400,1020.800,2.400,79.000,4.000,0.978
2024-01-15 21:00:00,-0.100,1021.000,2.600,68.000,4.600,0.384
2024-01-15 22:00:00,0.200,1020.900,2.600,78.000,4.500,0.276
2024-01-15 23:00:00,1.000,1020.300,3.600,69.000,5.300,0.531
2024-01-16 00:00:00,1.900,1020.600,3.200,68.000,5.300,0.951
2024-01-16 01:00:00,2.600,1019.900,2.900,71.000,4.700,1.686
2024-01-16 02:00:00,3.300,1019.200,3.500,73.000,5.000,2.211
2024-01-16 03:00:00,4.100,1018.700,2.700,67.000,4.200,2.582
2024-01-16 04:00:00,4.500,1017.600,2.800,67.000,4.500,2.822
2024-01-16 05:00:00,5.000,1015.900,4.000,70.000,6.500,2.841
2024-01-16 06:00:00,5.500,1015.000,3.600,69.000,5.400,2.710
2024-01-16 07:00:00,6.000,1014.100,3.000,68.000,5.200,2.388
2024-01-16 08:00:00,6.600,1012.600,5.200,72.000,6.800,1.831
2024-01-16 09:00:00,6.700,1011.800,2.100,68.000,4.500,1.437
2024-01-16 10:00:00,7.000,1011.100,2.100,60.000,5.600,1.188
2024-01-16 11:00:00,6.900,1009.900,3.800,67.000,6.200,1.319
2024-01-16 12:00:00,7.400,1009.000,2.200,48.000,4.600,1.598
2024-01-16 13:00:00,7.800,1007.600,3.000,69.000,5.200,2.234
2024-01-16 14:00:00,8.100,1007.000,1.400,68.000,2.500,2.680
2024-01-16 15:00:00,7.900,1006.400,2.000,8.000,2.500,3.022
2024-01-16 16:00:00,7.700,1004.000,1.000,67.000,2.100,3.333
2024-01-16 17:00:00,7.800,1003.700,1.900,4.000,2.300,3.425
2024-01-16 18:00:00,6.700,1004.100,4.600,289.000,5.900,3.307
2024-01-16 19:00:00,2.100,1004.700,5.400,326.000,8.200,3.051
2024-01-16 20:00:00,1.000,1005.700,6.900,336.000,8.700,2.300
2024-01-16 21:00:00,0.700,1007.200,7.800,342.000,12.000,1.526
2024-01-16 22:00:00,0.400,1008.100,7.700,334.000,10.600,1.096
2024-01-16 23:00:00,-0.200,1008.600,9.900,340.000,12.700,1.017
2024-01-17 00:00:00,-0.600,1009.000,6.700,341.000,8.300,1.306
2024-01-17 01:00:00,-1.400,1009.700,8.600,336.000,12.400,1.804
2024-01-17 02:00:00,-2.100,1010.800,9.400,338.000,11.400,2.320
2024-01-17 03:00:00,-2.900,1012.400,8.600,332.000,11.500,2.749
2024-01-17 04:00:00,-3.300,1013.000,8.500,342.000,11.100,3.005
2024-01-17 05:00:00,-3.900,1013.100,8.200,339.000,10.100,3.205
2024-01-17 06:00:00,-4.300,1013.400,7.300,331.000,9.100,3.222
2024-01-17 07:00:00,-5.000,1013.700,9.300,337.000,12.300,3.041
2024-01-17 08:00:00,-5.200,1014.500,9.000,332.000,11.800,2.680
2024-01-17 09:00:00,-6.000,1014.700,7.300,326.000,10.000,1.975
2024-01-17 10:00:00,-6.200,1015.700,7.100,324.000,8.700,1.391
2024-01-17 11:00:00,-6.400,1016.900,5.600,323.000,7.400,1.250
2024-01-17 12:00:00,-6.600,1017.600,4.700,306.000,6.100,1.214
2024-01-17 13:00:00,-6.400,1018.200,4.900,316.000,6.800,1.437
2024-01-17 14:00:00,-5.700,1019.000,5.600,324.000,7.300,1.867
2024-01-17 15:00:00,-4.900,1019.700,7.000,316.000,9.100,2.257
2024-01-17 16:00:00,-4.000,1019.800,5.500,314.000,8.300,2.539
2024-01-17 17:00:00,-2.900,1019.100,6.100,315.000,8.200,2.776
2024-01-17 18:00:00,-2.200,1017.800,6.100,314.000,8.200,2.753
2024-01-17 19:00:00,-1.000,1017.600,5.800,293.000,8.400,2.480
2024-01-17 20:00:00,-0.700,1017.400,4.200,296.000,5.700,2.041
2024-01-17 21:00:00,-0.600,1018.200,7.700,256.000,9.700,1.585
2024-01-17 22:00:00,-1.000,1019.000,4.200,268.000,5.200,0.856
2024-01-17 23:00:00,-1.700,1019.800,3.000,278.000,3.600,0.548
2024-01-18 00:00:00,-2.000,1020.900,1.400,264.000,2.000,0.381
2024-01-18 01:00:00,-2.200,1021.300,2.500,249.000,3.100,0.499
2024-01-18 02:00:00,-2.000,1021.400,4.300,248.000,5.400,0.719
2024-01-18 03:00:00,-1.600,1021.300,5.400,250.000,6.500,1.132
2024-01-18 04:00:00,-1.000,1021.700,4.800,257.000,5.800,1.739
2024-01-18 05:00:00,-1.700,1022.100,3.000,266.000,3.800,2.070
2024-01-18 06:00:00,-1.800,1022.000,3.100,270.000,3.700,2.116
2024-01-18 07:00:00,-1.800,1022.400,2.600,275.000,3.500,1.972
2024-01-18 08:00:00,-1.700,1022.300,2.100,275.000,2.600,1.798
2024-01-18 09:00:00,-1.700,1021.900,1.900,290.000,2.300,1.411
2024-01-18 10:00:00,-1.600,1022.100,2.100,253.000,2.900,0.902
2024-01-18 11:00:00,-1.300,1022.200,2.500,272.000,3.200,0.463
2024-01-18 12:00:00,-1.900,1022.600,2.600,260.000,3.300,0.108
2024-01-18 13:00:00,-1.400,1022.200,1.800,268.000,2.300,0.194
2024-01-18 14:00:00,0.400,1022.700,3.100,239.000,3.800,0.351
2024-01-18 15:00:00,1.500,1023.100,2.800,243.000,3.500,0.735
2024-01-18 16:00:00,2.400,1022.900,1.800,278.000,2.600,1.125
2024-01-18 17:00:00,3.000,1021.900,0.800,268.000,1.800,1.673
2024-01-18 18:00:00,3.800,1020.600,2.500,193.000,3.400,1.778
2024-01-18 19:00:00,4.300,1019.100,2.800,179.000,4.300,1.699
2024-01-18 20:00:00,4.800,1018.300,3.500,186.000,5.000,1.463
2024-01-18 21:00:00,5.300,1017.700,6.200,204.000,7.800,1.247
2024-01-18 22:00:00,4.600,1017.500,4.000,236.000,5.100,0.860
2024-01-18 23:00:00,4.300,1017.400,4.500,224.000,5.500,0.315
2024-01-19 00:00:00,4.200,1017.200,2.800,233.000,3.800,-0.128
2024-01-19 01:00:00,4.800,1016.500,3.400,228.000,3.900,-0.200
2024-01-19 02:00:00,4.900,1016.000,1.500,219.000,1.700,0.115
2024-01-19 03:00:00,4.400,1015.200,0.900,224.000,1.000,0.597
2024-01-19 04:00:00,4.600,1014.700,1.000,202.000,1.200,1.243
2024-01-19 05:00:00,4.800,1013.800,1.300,151.000,1.800,1.640
2024-01-19 06:00:00,4.100,1012.300,1.100,50.000,1.900,2.021
2024-01-19 07:00:00,5.400,1011.000,2.300,79.000,3.400,2.215
2024-01-19 08:00:00,5.700,1009.800,2.800,84.000,4.000,2.270
2024-01-19 09:00:00,6.000,1009.100,2.900,107.000,3.900,2.169
2024-01-19 10:00:00,6.200,1009.300,1.600,31.000,2.500,1.919
2024-01-19 11:00:00,5.300,1008.100,3.600,339.000,4.400,1.417
2024-01-19 12:00:00,4.600,1007.400,4.500,14.000,5.800,0.938
2024-01-19 13:00:00,2.000,1007.200,4.700,8.000,5.500,0.748
2024-01-19 14:00:00,1.300,1006.500,3.000,30.000,4.000,0.843
2024-01-19 15:00:00,2.100,1005.500,2.000,47.000,3.900,1.007
2024-01-19 16:00:00,2.700,1004.500,2.400,65.000,3.800,1.473
2024-01-19 17:00:00,2.900,1003.200,1.900,83.000,2.200,1.844
2024-01-19 18:00:00,2.400,1002.300,3.000,336.000,3.700,2.165
2024-01-19 19:00:00,1.300,1002.500,5.000,345.000,7.000,2.365
2024-01-19 20:00:00,1.300,1003.000,5.000,333.000,6.300,2.392
2024-01-19 21:00:00,0.700,1004.800,5.700,334.000,7.400,2.169
2024-01-19 22:00:00,-0.100,1006.500,7.100,333.000,9.700,2.031
2024-01-19 23:00:00,-0.500,1008.100,7.400,333.000,10.000,1.512
2024-01-20 00:00:00,-0.700,1009.700,6.100,331.000,7.900,0.961
2024-01-20 01:00:00,-0.600,1010.700,5.400,333.000,7.800,0.627
2024-01-20 02:00:00,-0.800,1011.400,7.900,334.000,9.800,0.594
2024-01-20 03:00:00,-0.900,1012.100,5.600,318.000,8.000,0.988
2024-01-20 04:00:00,-1.300,1013.000,5.700,326.000,7.000,1.591
2024-01-20 05:00:00,-1.800,1013.200,5.700,323.000,7.000,1.952
2024-01-20 06:00:00,-2.200,1013.300,4.500,316.000,5.600,2.277
2024-01-20 07:00:00,-2.600,1014.100,3.400,303.000,5.100,2.585
2024-01-20 08:00:00,-2.400,1014.500,3.300,302.000,4.300,2.756
2024-01-20 09:00:00,-1.900,1014.600,4.600,320.000,6.700,2.782
2024-01-20 10:00:00,-2.300,1015.200,4.900,325.000,6.200,2.680
2024-01-20 11:00:00,-2.700,1015.800,5.200,334.000,6.900,2.352
2024-01-20 12:00:00,-3.100,1016.800,3.900,317.000,5.100,1.713
2024-01-20 13:00:00,-3.400,1017.500,6.400,339.000,8.000,1.332
2024-01-20 14:00:00,-3.600,1017.800,6.400,324.000,7.900,1.083
2024-01-20 15:00:00,-3.800,1018.000,7.600,315.000,9.300,0.984
2024-01-20 16:00:00,-3.400,1017.700,7.200,316.000,10.600,0.945
2024-01-20 17:00:00,-4.000,1017.100,10.600,326.000,13.800,1.165
2024-01-20 18:00:00,-4.000,1016.800,7.900,321.000,10.000,1.480
2024-01-20 19:00:00,-4.000,1016.900,7.800,319.000,10.800,1.916
2024-01-20 20:00:00,-3.800,1017.200,9.400,323.000,12.400,1.942
2024-01-20 21:00:00,-3.500,1017.600,9.400,316.000,12.200,1.870
2024-01-20 22:00:00,-3.900,1018.400,7.000,321.000,8.400,1.634
2024-01-20 23:00:00,-4.100,1019.300,5.600,324.000,8.100,1.270
2024-01-21 00:00:00,-4.500,1020.100,4.900,304.000,7.500,0.732
2024-01-21 01:00:00,-4.600,1020.700,6.200,314.000,9.600,0.180
2024-01-21 02:00:00,-4.800,1021.200,6.900,307.000,9.300,-0.082
2024-01-21 03:00:00,-5.000,1021.400,6.700,307.000,9.500,-0.115
2024-01-21 04:00:00,-5.400,1021.500,8.900,307.000,14.100,0.180
2024-01-21 05:00:00,-5.200,1022.100,7.300,306.000,10.000,0.620
2024-01-21 06:00:00,-5.200,1022.400,8.600,318.000,12.100,1.079
2024-01-21 07:00:00,-4.900,1023.100,6.100,311.000,8.300,1.670
2024-01-21 08:00:00,-5.000,1023.500,6.000,317.000,7.400,1.988
2024-01-21 09:00:00,-5.300,1023.700,7.500,313.000,10.500,2.221
2024-01-21 10:00:00,-5.300,1024.700,6.100,324.000,7.600,2.152
2024-01-21 11:00:00,-5.200,1025.800,5.000,311.000,6.500,2.031
2024-01-21 12:00:00,-5.000,1026.900,5.400,316.000,7.000,1.729
2024-01-21 13:00:00,-4.700,1028.100,4.100,301.000,5.200,1.257
2024-01-21 14:00:00,-3.700,1028.600,6.600,325.000,8.500,0.869
2024-01-21 15:00:00,-2.700,1029.200,10.300,329.000,12.900,0.607
2024-01-21 16:00:00,-1.800,1029.300,6.800,329.000,10.000,0.561
2024-01-21 17:00:00,-1.300,1028.900,9.000,324.000,12.900,0.709
2024-01-21 18:00:00,-0.800,1028.600,7.200,318.000,10.700,0.984
2024-01-21 19:00:00,-0.600,1028.400,8.400,326.000,10.300,1.401
2024-01-21 20:00:00,0.200,1028.700,6.200,320.000,9.100,1.690
2024-01-21 21:00:00,0.400,1029.500,7.900,326.000,11.000,1.883
2024-01-21 22:00:00,-0.100,1030.300,5.300,316.000,7.100,1.942
2024-01-21 23:00:00,-0.300,1031.100,4.900,324.000,6.400,1.699
2024-01-22 00:00:00,-1.000,1032.300,3.300,305.000,4.400,1.283
2024-01-22 01:00:00,-1.100,1032.600,4.300,325.000,5.500,0.797
2024-01-22 02:00:00,-1.500,1033.100,3.900,312.000,5.100,0.367
2024-01-22 03:00:00,-1.500,1033.100,5.300,331.000,6.300,0.075
2024-01-22 04:00:00,-1.800,1033.300,5.400,331.000,6.900,0.272
2024-01-22 05:00:00,-2.100,1033.500,4.800,335.000,6.900,0.351
2024-01-22 06:00:00,-2.200,1033.600,4.600,330.000,6.200,1.001
2024-01-22 07:00:00,-2.800,1034.300,2.900,314.000,4.400,1.509
2024-01-22 08:00:00,-3.100,1034.600,4.200,326.000,5.300,1.886
2024-01-22 09:00:00,-3.400,1034.500,3.500,333.000,4.600,2.303
2024-01-22 10:00:00,-3.600,1035.100,1.900,337.000,2.700,2.428
2024-01-22 11:00:00,-4.300,1035.500,2.200,318.000,2.700,2.375
2024-01-22 12:00:00,-4.500,1036.000,1.600,320.000,2.300,2.146
2024-01-22 13:00:00,-2.500,1035.000,2.400,32.000,3.400,1.972
2024-01-22 14:00:00,-2.800,1036.300,2.700,319.000,3.200,1.549
2024-01-22 15:00:00,-0.900,1036.800,2.100,298.000,2.500,1.020
2024-01-22 16:00:00,0.500,1035.800,1.400,190.000,2.000,0.761
2024-01-22 17:00:00,1.200,1035.300,5.100,222.000,6.200,0.564
2024-01-22 18:00:00,1.700,1034.000,4.000,212.000,5.300,0.623
2024-01-22 19:00:00,2.400,1033.500,3.500,207.000,4.000,0.896
2024-01-22 20:00:00,2.800,1033.200,6.200,219.000,6.900,1.306
2024-01-22 21:00:00,3.100,1033.300,7.400,232.000,9.500,1.594
2024-01-22 22:00:00,2.200,1033.200,5.400,226.000,6.500,1.795
2024-01-22 23:00:00,2.000,1032.900,4.300,224.000,5.000,1.742
2024-01-23 00:00:00,2.200,1033.200,4.000,226.000,4.600,1.496
2024-01-23 01:00:00,2.400,1032.700,3.000,232.000,4.100,1.050
2024-01-23 02:00:00,2.100,1033.200,2.300,245.000,3.000,0.755
2024-01-23 03:00:00,2.000,1033.400,3.000,245.000,3.900,0.135
2024-01-23 04:00:00,2.000,1033.300,3.000,232.000,3.800,-0.112
2024-01-23 05:00:00,2.100,1032.600,2.900,236.000,3.900,-0.105
2024-01-23 06:00:00,2.700,1032.300,3.400,234.000,4.700,0.207
2024-01-23 07:00:00,2.100,1032.100,2.500,239.000,3.500,0.705
2024-01-23 08:00:00,2.900,1031.600,3.000,240.000,4.100,1.342
2024-01-23 09:00:00,2.600,1031.000,2.900,232.000,3.400,1.650
2024-01-23 10:00:00,1.300,1030.800,3.400,223.000,4.100,2.001
2024-01-23 11:00:00,1.100,1031.000,2.800,212.000,3.200,2.123
2024-01-23 12:00:00,1.700,1031.200,2.600,232.000,3.300,2.057
2024-01-23 13:00:00,1.900,1031.200,2.100,230.000,2.400,1.795
2024-01-23 14:00:00,3.000,1031.900,2.900,219.000,3.300,1.457
2024-01-23 15:00:00,4.300,1032.400,2.800,244.000,3.500,0.725
2024-01-23 16:00:00,5.700,1032.000,1.900,24.000,2.400,0.308
2024-01-23 17:00:00,5.000,1031.700,3.200,205.000,3.700,0.075
2024-01-23 18:00:00,5.900,1030.800,1.200,181.000,2.200,-0.033
2024-01-23 19:00:00,6.200,1030.700,1.500,191.000,1.900,0.062
2024-01-23 20:00:00,5.900,1031.000,1.900,174.000,2.500,0.469
2024-01-23 21:00:00,6.200,1031.200,0.500,76.000,0.700,0.958
2024-01-23 22:00:00,5.700,1032.100,1.200,173.000,1.500,1.184
2024-01-23 23:00:00,5.100,1032.100,1.200,209.000,1.300,1.447
2024-01-24 00:00:00,5.300,1031.800,1.300,132.000,1.500,1.243
2024-01-24 01:00:00,5.700,1031.500,1.500,143.000,2.000,1.138
2024-01-24 02:00:00,5.800,1031.500,1.200,74.000,1.400,0.761
2024-01-24 03:00:00,5.900,1031.600,1.600,93.000,2.500,0.305
2024-01-24 04:00:00,5.800,1032.000,1.800,152.000,2.600,-0.115
2024-01-24 05:00:00,5.400,1032.000,1.300,162.000,1.700,-0.246
2024-01-24 06:00:00,5.900,1031.700,2.100,101.000,2.400,-0.203
2024-01-24 07:00:00,6.200,1032.000,2.900,173.000,4.000,0.354
2024-01-24 08:00:00,5.000,1032.100,2.800,200.000,3.200,0.958
2024-01-24 09:00:00,5.100,1031.500,1.500,189.000,2.000,1.490
2024-01-24 10:00:00,5.800,1031.100,1.000,142.000,1.300,1.936
2024-01-24 11:00:00,5.900,1031.300,1.900,126.000,2.400,2.300
2024-01-24 12:00:00,6.000,1031.400,0.000,299.000,1.200,2.461
2024-01-24 13:00:00,6.000,1031.000,1.300,215.000,1.400,2.388
2024-01-24 14:00:00,6.700,1030.900,2.600,209.000,2.900,2.211
2024-01-24 15:00:00,8.000,1030.500,2.200,207.000,2.600,1.804
2024-01-24 16:00:00,9.600,1030.900,3.700,216.000,4.400,1.201
2024-01-24 17:00:00,8.800,1030.100,3.900,199.000,4.600,0.879
2024-01-24 18:00:00,8.500,1028.700,4.300,205.000,5.000,0.663
2024-01-24 19:00:00,8.200,1027.900,3.600,208.000,4.200,0.702
2024-01-24 20:00:00,8.400,1027.800,3.600,205.000,4.000,0.971
2024-01-24 21:00:00,8.800,1027.100,2.300,194.000,3.000,1.453
2024-01-24 22:00:00,7.800,1026.500,2.200,218.000,2.500,1.821
2024-01-24 23:00:00,10.200,1026.500,5.800,220.000,8.000,2.175
2024-01-25 00:00:00,8.300,1026.400,3.700,191.000,4.300,2.244
2024-01-25 01:00:00,7.200,1026.000,3.500,200.000,3.800,2.129
2024-01-25 02:00:00,7.900,1025.400,5.300,214.000,6.100,1.916
2024-01-25 03:00:00,10.100,1025.300,6.400,222.000,7.600,1.457
2024-01-25 04:00:00,10.700,1024.900,7.600,234.000,9.700,0.974
2024-01-25 05:00:00,10.000,1023.900,6.400,236.000,9.000,0.656
2024-01-25 06:00:00,9.300,1022.800,6.800,221.000,8.100,0.535
2024-01-25 07:00:00,9.100,1022.500,5.800,214.000,6.600,0.715
2024-01-25 08:00:00,9.400,1021.900,8.000,219.000,9.300,1.175
2024-01-25 09:00:00,8.700,1021.600,6.900,216.000,8.100,1.716
2024-01-25 10:00:00,11.200,1021.200,8.000,223.000,10.100,2.103
2024-01-25 11:00:00,11.000,1021.300,8.600,220.000,9.900,2.516
2024-01-25 12:00:00,8.500,1021.300,6.500,202.000,7.800,2.769
2024-01-25 13:00:00,8.700,1021.200,6.600,211.000,8.200,2.858
2024-01-25 14:00:00,8.200,1021.100,8.200,213.000,8.800,2.769
2024-01-25 15:00:00,10.400,1020.800,7.300,220.000,8.600,2.415
2024-01-25 16:00:00,11.100,1020.200,6.500,219.000,7.700,1.785
2024-01-25 17:00:00,11.700,1019.300,6.600,222.000,8.000,1.345
2024-01-25 18:00:00,9.300,1018.400,6.100,205.000,7.000,0.958
2024-01-25 19:00:00,10.000,1018.200,6.700,215.000,9.200,0.856
2024-01-25 20:00:00,8.900,1018.300,4.500,208.000,5.300,0.915
2024-01-25 21:00:00,10.600,1018.300,4.300,216.000,5.000,1.158
2024-01-25 22:00:00,10.400,1018.600,2.900,230.000,3.200,1.650
2024-01-25 23:00:00,9.700,1018.700,5.000,216.000,5.700,2.001
2024-01-26 00:00:00,8.900,1019.200,3.800,211.000,4.100,2.172
2024-01-26 01:00:00,9.000,1019.100,4.000,216.000,4.400,2.178
2024-01-26 02:00:00,7.200,1019.200,2.600,202.000,3.000,2.037
2024-01-26 03:00:00,7.600,1019.000,2.800,204.000,3.500,1.732
2024-01-26 04:00:00,9.200,1018.600,4.500,206.000,5.100,1.253
2024-01-26 05:00:00,9.800,1018.100,3.600,223.000,4.300,0.902
2024-01-26 06:00:00,9.500,1017.300,4.400,216.000,5.000,0.541
2024-01-26 07:00:00,8.400,1016.400,2.600,204.000,3.200,0.574
2024-01-26 08:00:00,8.700,1016.200,3.600,194.000,4.700,0.922
2024-01-26 09:00:00,7.700,1015.800,3.300,217.000,3.900,1.499
2024-01-26 10:00:00,7.800,1015.900,4.000,204.000,4.600,1.929
2024-01-26 11:00:00,7.300,1016.000,4.900,207.000,5.500,2.372
2024-01-26 12:00:00,7.800,1016.100,5.500,198.000,6.300,2.776
2024-01-26 13:00:00,8.400,1015.900,4.400,203.000,5.000,3.035
2024-01-26 14:00:00,8.000,1015.600,4.600,195.000,6.200,3.127
2024-01-26 15:00:00,10.500,1015.800,6.900,219.000,8.100,2.959
2024-01-26 16:00:00,9.800,1015.600,6.500,202.000,7.200,2.605
2024-01-26 17:00:00,10.100,1014.300,5.900,202.000,7.000,1.969
2024-01-26 18:00:00,12.000,1013.300,5.600,197.000,6.900,1.522
2024-01-26 19:00:00,11.800,1012.900,4.100,193.000,5.600,1.345
2024-01-26 20:00:00,10.900,1012.800,2.500,187.000,3.800,1.319
2024-01-26 21:00:00,9.700,1013.000,2.600,218.000,3.700,1.440
2024-01-26 22:00:00,9.100,1013.600,5.000,209.000,5.800,1.893
2024-01-26 23:00:00,9.200,1014.400,4.000,214.000,4.700,2.303
2024-01-27 00:00:00,9.400,1014.800,2.100,235.000,2.400,2.546
2024-01-27 01:00:00,10.600,1014.800,2.500,228.000,2.900,2.782
2024-01-27 02:00:00,12.000,1014.900,1.800,72.000,2.300,2.782
2024-01-27 03:00:00,7.800,1016.300,5.400,12.000,6.700,2.684
2024-01-27 04:00:00,7.400,1016.400,2.500,12.000,3.000,2.329
2024-01-27 05:00:00,8.200,1016.800,3.600,7.000,4.400,1.768
2024-01-27 06:00:00,8.200,1017.200,3.000,13.000,3.600,1.460
2024-01-27 07:00:00,8.700,1017.600,3.900,27.000,5.400,1.253
2024-01-27 08:00:00,7.800,1017.800,4.100,23.000,5.400,1.263
2024-01-27 09:00:00,7.500,1018.400,2.400,31.000,3.100,1.732
2024-01-27 10:00:00,6.300,1018.900,1.500,65.000,2.200,2.185
2024-01-27 11:00:00,5.600,1019.800,2.400,25.000,3.900,2.510
2024-01-27 12:00:00,5.500,1020.600,2.600,8.000,3.000,2.943
2024-01-27 13:00:00,5.500,1020.900,1.400,20.000,1.800,3.192
2024-01-27 14:00:00,6.000,1021.100,2.200,16.000,2.700,3.294
2024-01-27 15:00:00,6.700,1021.500,1.900,13.000,2.200,3.241
2024-01-27 16:00:00,7.900,1021.700,2.400,20.000,2.800,2.963
2024-01-27 17:00:00,6.000,1021.700,3.200,72.000,4.900,2.464
2024-01-27 18:00:00,5.500,1021.300,3.900,75.000,5.600,1.824
2024-01-27 19:00:00,5.200,1020.600,3.100,74.000,5.000,1.529
2024-01-27 20:00:00,5.500,1020.800,3.000,65.000,4.500,1.394
2024-01-27 21:00:00,5.600,1020.900,3.000,81.000,4.300,1.473
2024-01-27 22:00:00,5.800,1020.700,2.000,63.000,3.500,1.644
2024-01-27 23:00:00,6.100,1020.300,3.500,66.000,5.200,2.188
2024-01-28 00:00:00,6.300,1020.800,2.400,66.000,3.700,2.523
2024-01-28 01:00:00,6.700,1020.400,2.400,71.000,3.800,2.776
2024-01-28 02:00:00,7.100,1019.700,2.500,92.000,4.000,2.910
2024-01-28 03:00:00,7.100,1019.200,4.100,83.000,7.000,2.874
2024-01-28 04:00:00,6.800,1018.500,3.200,88.000,5.100,2.776
2024-01-28 05:00:00,6.400,1017.300,4.000,81.000,5.300,2.415
2024-01-28 06:00:00,6.500,1015.800,3.400,87.000,4.500,1.804
2024-01-28 07:00:00,6.900,1013.200,4.800,106.000,7.400,1.526
2024-01-28 08:00:00,7.300,1011.400,4.300,100.000,5.600,1.447
2024-01-28 09:00:00,7.500,1009.500,4.800,86.000,8.200,1.765
2024-01-28 10:00:00,7.700,1008.600,2.700,36.000,4.200,2.293
2024-01-28 11:00:00,7.500,1007.000,3.600,74.000,5.600,2.612
2024-01-28 12:00:00,7.800,1005.800,4.100,80.000,6.100,3.005
2024-01-28 13:00:00,8.000,1004.700,2.800,40.000,5.100,3.402
2024-01-28 14:00:00,7.700,1004.000,3.400,40.000,6.000,3.704
2024-01-28 15:00:00,7.600,1003.100,3.800,33.000,6.400,3.701
2024-01-28 16:00:00,7.800,1002.200,2.800,36.000,4.700,3.655
2024-01-28 17:00:00,7.800,1001.100,1.600,40.000,3.100,3.399
2024-01-28 18:00:00,7.400,1000.300,3.900,7.000,4.600,3.058
2024-01-28 19:00:00,7.600,999.800,4.100,4.000,4.800,2.546
2024-01-28 20:00:00,7.300,999.600,5.600,7.000,6.600,2.264
2024-01-28 21:00:00,7.100,1000.400,3.600,5.000,4.600,2.264
2024-01-28 22:00:00,7.100,1000.200,5.300,353.000,6.300,2.500
2024-01-28 23:00:00,6.900,1000.100,6.400,4.000,7.900,2.877
2024-01-29 00:00:00,6.900,1000.300,6.200,356.000,8.300,3.104
2024-01-29 01:00:00,6.700,1001.500,5.600,347.000,6.700,3.343
2024-01-29 02:00:00,6.300,1001.700,5.100,358.000,6.300,3.596
2024-01-29 03:00:00,5.700,1002.100,6.000,348.000,7.300,3.678
2024-01-29 04:00:00,5.300,1002.500,5.100,355.000,6.200,3.609
2024-01-29 05:00:00,5.100,1002.300,4.500,338.000,5.300,3.428
2024-01-29 06:00:00,5.200,1002.300,4.600,343.000,6.600,2.884
2024-01-29 07:00:00,4.900,1002.800,7.300,343.000,8.900,2.608
2024-01-29 08:00:00,4.900,1003.300,5.800,342.000,7.200,2.346
2024-01-29 09:00:00,4.800,1003.900,7.600,340.000,9.900,2.316
2024-01-29 10:00:00,4.400,1004.600,6.500,359.000,8.600,2.454
2024-01-29 11:00:00,4.900,1005.400,7.300,345.000,8.900,2.884
2024-01-29 12:00:00,5.400,1006.200,7.300,5.000,9.600,3.274
2024-01-29 13:00:00,5.200,1007.200,5.800,343.000,7.400,3.471
2024-01-29 14:00:00,5.500,1007.900,8.200,351.000,9.800,3.796
2024-01-29 15:00:00,5.500,1008.700,6.500,349.000,8.400,3.911
2024-01-29 16:00:00,5.700,1009.300,5.900,348.000,8.200,3.885
2024-01-29 17:00:00,5.600,1009.500,6.900,358.000,8.600,3.707
2024-01-29 18:00:00,6.000,1009.800,7.400,340.000,11.200,3.209
2024-01-29 19:00:00,5.600,1010.100,7.400,334.000,9.200,2.631
2024-01-29 20:00:00,5.600,1010.800,8.100,0.000,10.400,2.208
2024-01-29 21:00:00,5.600,1011.800,7.200,342.000,9.200,2.037
2024-01-29 22:00:00,5.600,1012.400,8.600,8.000,9.800,2.136
2024-01-29 23:00:00,5.600,1013.800,7.400,356.000,9.400,2.254
2024-01-30 00:00:00,5.600,1014.500,5.500,3.000,6.600,2.618
2024-01-30 01:00:00,5.600,1015.400,4.900,347.000,6.600,3.018
2024-01-30 02:00:00,5.500,1016.000,4.700,343.000,5.500,3.212
2024-01-30 03:00:00,5.500,1016.700,5.500,356.000,6.600,3.422
2024-01-30 04:00:00,4.700,1017.200,6.100,30.000,8.500,3.451
2024-01-30 05:00:00,4.500,1017.500,4.500,30.000,7.200,3.360
2024-01-30 06:00:00,4.200,1018.000,4.600,29.000,7.100,2.867
2024-01-30 07:00:00,4.300,1018.200,3.500,24.000,5.500,2.500
2024-01-30 08:00:00,4.100,1018.500,4.800,18.000,6.400,2.182
2024-01-30 09:00:00,3.900,1018.800,4.500,7.000,5.400,2.103
2024-01-30 10:00:00,4.000,1019.400,4.400,17.000,6.400,2.077
2024-01-30 11:00:00,3.700,1019.700,3.500,30.000,5.100,2.395
2024-01-30 12:00:00,3.500,1020.500,2.700,34.000,4.700,2.753
2024-01-30 13:00:00,3.600,1021.100,3.900,68.000,5.500,3.104
2024-01-30 14:00:00,3.700,1021.900,1.200,41.000,2.600,3.317
2024-01-30 15:00:00,3.900,1021.700,2.300,22.000,3.500,3.543
2024-01-30 16:00:00,4.100,1021.600,2.400,28.000,3.300,3.599
2024-01-30 17:00:00,5.200,1021.200,2.000,71.000,3.700,3.550
2024-01-30 18:00:00,4.500,1020.500,2.100,72.000,3.200,3.327
2024-01-30 19:00:00,4.800,1019.500,1.600,61.000,2.900,2.822
2024-01-30 20:00:00,4.300,1019.200,2.000,62.000,4.000,2.461
2024-01-30 21:00:00,4.200,1019.700,2.000,54.000,3.700,2.264
2024-01-30 22:00:00,4.100,1019.600,2.700,76.000,4.200,2.247
2024-01-30 23:00:00,4.200,1019.700,1.400,62.000,2.900,2.398
2024-01-31 00:00:00,4.400,1020.000,1.500,68.000,3.600,2.592
2024-01-31 01:00:00,4.300,1019.800,0.700,72.000,1.200,2.986
2024-01-31 02:00:00,4.500,1019.300,0.600,84.000,1.100,3.186
2024-01-31 03:00:00,4.500,1019.000,0.900,334.000,1.300,3.488
2024-01-31 04:00:00,4.800,1018.700,0.900,285.000,1.700,3.625
2024-01-31 05:00:00,5.100,1018.000,0.400,55.000,1.100,3.632
2024-01-31 06:00:00,5.500,1017.300,2.300,88.000,3.200,3.422
2024-01-31 07:00:00,5.700,1017.200,1.800,70.000,2.700,3.104
2024-01-31 08:00:00,5.900,1016.500,1.700,85.000,3.000,2.720
2024-01-31 09:00:00,5.700,1016.000,4.200,95.000,6.700,2.497
2024-01-31 10:00:00,5.800,1015.900,3.700,77.000,5.700,2.352
2024-01-31 11:00:00,5.900,1016.000,3.800,89.000,6.700,2.434
2024-01-31 12:00:00,6.000,1016.700,3.700,86.000,5.500,2.644
2024-01-31 13:00:00,6.000,1017.000,4.000,78.000,6.800,2.913
2024-01-31 14:00:00,6.000,1017.000,5.400,73.000,7.400,3.248
2024-01-31 15:00:00,6.000,1017.600,3.700,75.000,5.500,3.386
2024-01-31 16:00:00,6.500,1017.200,3.700,74.000,5.700,3.517
2024-01-31 17:00:00,6.500,1016.500,4.600,71.000,6.800,3.540
2024-01-31 18:00:00,6.900,1016.200,4.300,66.000,7.700,3.360
2024-01-31 19:00:00,6.300,1016.400,4.400,26.000,8.200,2.884
2024-01-31 20:00:00,6.100,1016.500,5.500,28.000,7.600,2.461
2024-01-31 21:00:00,5.800,1017.000,2.600,40.000,4.800,2.103
2024-01-31 22:00:00,5.300,1016.900,3.900,33.000,5.900,1.972
2024-01-31 23:00:00,5.100,1017.000,3.700,32.000,6.400,1.995
2024-02-01 00:00:00,4.900,1017.400,4.600,26.000,7.600,2.083
2024-02-01 01:00:00,5.100,1017.200,2.400,70.000,3.900,2.398
2024-02-01 02:00:00,5.000,1017.500,3.800,27.000,5.500,2.769
2024-02-01 03:00:00,4.800,1017.500,1.200,58.000,1.900,3.028
2024-02-01 04:00:00,4.700,1017.700,2.500,27.000,2.900,3.251
2024-02-01 05:00:00,3.800,1017.300,1.800,340.000,2.100,3.314
2024-02-01 06:00:00,2.800,1016.800,1.200,334.000,1.500,3.146
2024-02-01 07:00:00,2.000,1017.100,1.100,343.000,1.400,2.966
2024-02-01 08:00:00,1.700,1016.600,1.400,322.000,1.600,2.621
2024-02-01 09:00:00,1.500,1016.800,1.300,356.000,1.600,2.300
2024-02-01 10:00:00,1.300,1016.800,1.700,333.000,1.900,1.985
2024-02-01 11:00:00,1.000,1017.300,1.300,338.000,1.800,1.870
2024-02-01 12:00:00,0.900,1017.700,1.500,317.000,1.900,1.916
2024-02-01 13:00:00,2.200,1018.500,1.900,301.000,2.600,2.090
2024-02-01 14:00:00,4.100,1018.700,2.100,286.000,2.900,2.421
2024-02-01 15:00:00,5.200,1018.300,2.600,263.000,3.400,2.638
2024-02-01 16:00:00,6.600,1017.400,2.200,239.000,3.000,2.861
2024-02-01 17:00:00,7.800,1016.400,2.500,332.000,3.500,2.874
2024-02-01 18:00:00,7.200,1015.000,3.900,178.000,5.000,2.785
2024-02-01 19:00:00,7.300,1013.900,3.200,191.000,4.600,2.635
2024-02-01 20:00:00,6.400,1013.600,5.500,206.000,6.600,2.205
2024-02-01 21:00:00,6.600,1013.400,4.000,209.000,5.000,1.955
2024-02-01 22:00:00,6.400,1013.300,4.900,205.000,5.800,1.644
2024-02-01 23:00:00,6.400,1013.000,4.400,219.000,5.000,1.562
2024-02-02 00:00:00,6.600,1012.800,4.200,226.000,5.000,1.519
2024-02-02 01:00:00,6.300,1012.700,4.800,212.000,5.300,1.742
2024-02-02 02:00:00,6.300,1012.500,4.600,206.000,5.300,2.051
2024-02-02 03:00:00,6.300,1012.300,5.500,211.000,6.200,2.510
2024-02-02 04:00:00,6.100,1011.700,4.800,204.000,5.600,2.720
2024-02-02 05:00:00,6.100,1011.100,5.000,207.000,5.800,2.890
2024-02-02 06:00:00,6.100,1010.400,4.400,199.000,5.300,2.913
2024-02-02 07:00:00,6.200,1009.900,4.100,199.000,5.000,2.841
2024-02-02 08:00:00,6.300,1008.900,5.100,207.000,5.800,2.602
2024-02-02 09:00:00,6.100,1008.200,3.000,229.000,3.500,2.372
2024-02-02 10:00:00,6.500,1008.200,1.300,241.000,1.800,2.047
2024-02-02 11:00:00,6.600,1008.300,2.500,310.000,3.400,1.837
2024-02-02 12:00:00,6.800,1008.300,3.600,353.000,4.300,1.690
2024-02-02 13:00:00,6.700,1008.600,3.400,349.000,4.200,1.791
2024-02-02 14:00:00,6.700,1008.800,3.600,353.000,4.100,2.139
2024-02-02 15:00:00,7.400,1009.000,3.700,349.000,4.600,2.444
2024-02-02 16:00:00,8.100,1008.900,3.800,354.000,4.700,2.612
2024-02-02 17:00:00,7.800,1008.800,4.700,323.000,5.600,2.815
2024-02-02 18:00:00,7.600,1008.500,5.700,340.000,6.900,2.835
2024-02-02 19:00:00,7.600,1008.200,7.100,359.000,8.100,2.762
2024-02-02 20:00:00,7.200,1008.700,6.500,6.000,8.100,2.526
2024-02-02 21:00:00,7.000,1009.500,7.200,5.000,9.700,2.159
2024-02-02 22:00:00,7.000,1010.500,8.500,9.000,11.100,1.870
2024-02-02 23:00:00,6.700,1011.300,10.000,13.000,13.000,1.693
2024-02-03 00:00:00,6.900,1012.000,6.700,1.000,9.700,1.542
2024-02-03 01:00:00,6.800,1012.600,6.000,8.000,7.200,1.824
2024-02-03 02:00:00,6.700,1013.000,5.500,10.000,7.400,2.188
2024-02-03 03:00:00,6.500,1013.000,6.800,8.000,8.100,2.523
2024-02-03 04:00:00,6.500,1013.300,6.900,12.000,9.600,2.910
2024-02-03 05:00:00,6.300,1013.300,8.700,11.000,10.800,3.196
2024-02-03 06:00:00,6.000,1013.500,7.300,10.000,9.400,3.343
2024-02-03 07:00:00,5.700,1013.900,6.600,12.000,9.200,3.340
2024-02-03 08:00:00,5.400,1014.200,5.300,11.000,7.300,3.350
2024-02-03 09:00:00,5.200,1014.300,5.900,9.000,6.700,3.241
2024-02-03 10:00:00,4.900,1014.500,7.100,12.000,9.100,2.979
2024-02-03 11:00:00,4.300,1015.100,5.000,5.000,6.300,2.470
2024-02-03 12:00:00,3.500,1015.900,3.600,350.000,4.700,2.306
2024-02-03 13:00:00,2.900,1016.300,4.900,7.000,5.800,2.359
2024-02-03 14:00:00,3.700,1016.600,4.600,8.000,5.100,2.530
2024-02-03 15:00:00,4.000,1016.500,4.400,7.000,5.700,2.635
2024-02-03 16:00:00,4.600,1016.800,4.000,33.000,7.100,2.867
2024-02-03 17:00:00,4.700,1016.400,4.000,27.000,6.200,3.038
2024-02-03 18:00:00,4.900,1015.700,4.100,26.000,6.300,3.130
2024-02-03 19:00:00,5.100,1015.100,4.000,27.000,5.600,3.153
2024-02-03 20:00:00,6.000,1015.100,3.500,28.000,4.700,3.071
2024-02-03 21:00:00,6.100,1014.900,4.600,26.000,6.700,2.874
2024-02-03 22:00:00,6.100,1014.800,3.600,13.000,4.400,2.500
2024-02-03 23:00:00,5.700,1015.300,2.000,7.000,2.300,2.257
2024-02-04 00:00:00,4.900,1015.600,1.700,313.000,2.000,1.995
2024-02-04 01:00:00,4.100,1015.800,1.300,314.000,1.600,2.024
2024-02-04 02:00:00,3.200,1016.000,0.200,318.000,0.500,1.998
2024-02-04 03:00:00,3.200,1016.000,0.700,7.000,1.100,2.385
2024-02-04 04:00:00,2.900,1015.800,1.000,5.000,1.300,2.730
2024-02-04 05:00:00,2.100,1015.500,0.900,3.000,1.000,2.966
2024-02-04 06:00:00,1.900,1015.200,1.600,316.000,2.300,3.222
2024-02-04 07:00:00,1.900,1015.100,2.000,346.000,2.300,3.419
2024-02-04 08:00:00,1.500,1014.600,2.100,327.000,2.600,3.448
2024-02-04 09:00:00,2.600,1014.300,3.000,8.000,3.400,3.488
2024-02-04 10:00:00,2.300,1014.400,1.600,351.000,2.800,3.304
2024-02-04 11:00:00,0.800,1015.100,1.800,328.000,2.100,2.904
2024-02-04 12:00:00,0.300,1015.800,2.200,335.000,2.700,2.585
2024-02-04 13:00:00,1.900,1016.000,3.500,11.000,4.000,2.388
2024-02-04 14:00:00,3.500,1016.100,3.900,19.000,5.100,2.372
2024-02-04 15:00:00,4.200,1015.600,5.200,26.000,6.300,2.474
2024-02-04 16:00:00,4.200,1015.400,3.200,27.000,4.700,2.687
2024-02-04 17:00:00,4.700,1014.800,4.400,70.000,6.200,2.923
2024-02-04 18:00:00,4.500,1013.900,3.900,67.000,5.900,3.064
2024-02-04 19:00:00,4.800,1013.400,3.900,72.000,5.300,3.222
2024-02-04 20:00:00,5.300,1012.800,2.500,77.000,4.000,3.245
2024-02-04 21:00:00,5.300,1012.500,2.900,87.000,4.300,3.196
2024-02-04 22:00:00,4.800,1012.700,1.200,89.000,1.700,3.097
2024-02-04 23:00:00,4.000,1013.200,2.300,225.000,2.800,2.700
2024-02-05 00:00:00,3.800,1012.800,0.000,172.000,0.000,2.346
2024-02-05 01:00:00,3.100,1012.200,0.500,5.000,0.900,2.162
2024-02-05 02:00:00,2.400,1012.200,2.000,254.000,2.200,2.126
2024-02-05 03:00:00,2.900,1012.200,1.200,260.000,1.600,2.175
2024-02-05 04:00:00,2.900,1011.500,0.700,35.000,1.500,2.546
2024-02-05 05:00:00,1.900,1011.100,1.100,284.000,1.400,2.969
2024-02-05 06:00:00,2.100,1011.000,1.000,253.000,1.300,3.133
2024-02-05 07:00:00,1.900,1010.900,2.500,261.000,2.800,3.396
2024-02-05 08:00:00,1.200,1010.800,3.000,303.000,3.900,3.638
2024-02-05 09:00:00,1.600,1010.100,3.200,305.000,3.900,3.727
2024-02-05 10:00:00,1.900,1009.900,3.400,335.000,4.400,3.678
2024-02-05 11:00:00,1.800,1010.200,2.400,338.000,2.900,3.415
2024-02-05 12:00:00,2.000,1010.500,4.000,0.000,4.800,2.976
2024-02-05 13:00:00,2.000,1011.400,3.800,7.000,4.600,2.671
2024-02-05 14:00:00,3.300,1011.700,4.200,10.000,4.900,2.470
2024-02-05 15:00:00,4.800,1012.000,4.100,37.000,5.600,2.346
2024-02-05 16:00:00,4.600,1012.500,4.100,30.000,6.300,2.415
2024-02-05 17:00:00,4.500,1011.900,4.800,26.000,7.300,2.612
2024-02-05 18:00:00,5.100,1011.400,3.200,64.000,5.700,2.917
2024-02-05 19:00:00,5.400,1011.200,3.300,66.000,6.400,3.127
2024-02-05 20:00:00,5.300,1011.300,3.000,74.000,5.400,3.284
2024-02-05 21:00:00,5.200,1011.800,3.200,68.000,5.700,3.333
2024-02-05 22:00:00,5.000,1011.900,2.200,63.000,4.000,3.291
2024-02-05 23:00:00,4.400,1012.500,1.700,69.000,2.600,3.123
2024-02-06 00:00:00,4.400,1013.000,2.200,66.000,3.400,2.657
2024-02-06 01:00:00,4.400,1013.300,2.100,68.000,3.500,2.369
2024-02-06 02:00:00,4.300,1013.700,1.400,56.000,2.800,2.172
2024-02-06 03:00:00,4.500,1013.800,1.900,64.000,3.100,2.119
2024-02-06 04:00:00,4.600,1013.900,2.600,73.000,4.400,2.343
2024-02-06 05:00:00,4.800,1014.400,2.400,71.000,4.000,2.766
2024-02-06 06:00:00,4.700,1014.700,3.200,52.000,6.200,3.077
2024-02-06 07:00:00,4.200,1014.800,3.200,33.000,5.000,3.442
2024-02-06 08:00:00,4.100,1014.800,2.500,37.000,5.600,3.776
2024-02-06 09:00:00,2.600,1015.000,4.500,1.000,5.500,3.970
2024-02-06 10:00:00,3.300,1015.300,5.500,33.000,7.800,4.085
2024-02-06 11:00:00,3.100,1016.000,4.800,33.000,7.800,4.065
2024-02-06 12:00:00,3.400,1016.700,5.500,30.000,8.700,3.832
2024-02-06 13:00:00,3.400,1017.500,5.200,29.000,7.500,3.396
2024-02-06 14:00:00,3.100,1018.000,5.700,28.000,7.900,2.815
2024-02-06 15:00:00,3.100,1018.400,7.200,30.000,9.900,2.497
2024-02-06 16:00:00,3.900,1018.600,6.400,30.000,9.100,2.343
2024-02-06 17:00:00,4.200,1018.400,5.900,33.000,8.700,2.461
2024-02-06 18:00:00,5.000,1018.400,3.900,35.000,8.500,2.625
2024-02-06 19:00:00,4.400,1018.600,3.600,69.000,6.600,3.025
2024-02-06 20:00:00,4.400,1018.900,2.900,62.000,7.000,3.186
2024-02-06 21:00:00,4.600,1019.400,3.400,70.000,5.400,3.346
2024-02-06 22:00:00,4.100,1020.000,2.900,65.000,5.600,3.392
2024-02-06 23:00:00,3.600,1020.500,2.000,64.000,5.600,3.386
2024-02-07 00:00:00,3.600,1021.000,2.700,66.000,4.700,3.143
2024-02-07 01:00:00,3.500,1020.800,3.200,63.000,5.800,2.651
2024-02-07 02:00:00,3.600,1020.800,2.900,57.000,5.500,2.287
2024-02-07 03:00:00,3.600,1020.900,2.500,54.000,5.400,1.962
2024-02-07 04:00:00,3.600,1021.000,3.100,65.000,5.500,2.051
2024-02-07 05:00:00,3.700,1021.300,2.300,52.000,5.900,2.221
2024-02-07 06:00:00,3.800,1021.100,2.500,55.000,5.300,2.667
2024-02-07 07:00:00,3.900,1021.100,2.500,38.000,4.100,3.081
2024-02-07 08:00:00,4.000,1021.200,3.400,31.000,6.300,3.438
2024-02-07 09:00:00,3.900,1021.300,4.900,29.000,7.300,3.760
2024-02-07 10:00:00,3.000,1022.000,3.700,11.000,4.400,4.009
2024-02-07 11:00:00,2.700,1022.200,4.100,349.000,5.200,4.039
2024-02-07 12:00:00,2.100,1023.000,5.900,355.000,7.200,3.976
2024-02-07 13:00:00,2.200,1023.800,5.600,4.000,7.300,3.720
2024-02-07 14:00:00,3.100,1024.100,5.700,9.000,7.200,3.110
2024-02-07 15:00:00,4.400,1024.300,3.100,46.000,7.300,2.569
2024-02-07 16:00:00,4.300,1024.700,6.100,30.000,9.100,2.241
2024-02-07 17:00:00,4.200,1024.500,4.800,23.000,6.800,2.103
2024-02-07 18:00:00,4.300,1023.800,5.700,19.000,8.300,2.152
2024-02-07 19:00:00,4.900,1023.500,4.000,36.000,7.700,2.395
2024-02-07 20:00:00,5.100,1023.300,4.000,63.000,6.300,2.772
2024-02-07 21:00:00,5.200,1023.300,3.100,67.000,4.300,3.097
2024-02-07 22:00:00,4.900,1024.100,1.700,47.000,3.300,3.271
2024-02-07 23:00:00,4.300,1024.200,2.400,68.000,3.700,3.346
2024-02-08 00:00:00,4.400,1024.300,2.400,80.000,3.300,3.173
2024-02-08 01:00:00,4.600,1024.900,2.400,78.000,3.200,2.844
2024-02-08 02:00:00,4.800,1025.100,2.200,71.000,2.600,2.306
2024-02-08 03:00:00,4.700,1025.400,1.300,84.000,1.800,1.864
2024-02-08 04:00:00,4.400,1024.900,1.600,105.000,2.200,1.617
2024-02-08 05:00:00,1.600,1024.800,0.300,318.000,0.700,1.535
2024-02-08 06:00:00,1.400,1025.000,0.300,329.000,0.600,1.752
2024-02-08 07:00:00,1.500,1025.400,1.200,330.000,1.400,2.162
2024-02-08 08:00:00,1.400,1025.200,1.100,342.000,1.300,2.776
2024-02-08 09:00:00,1.400,1025.300,0.700,13.000,1.100,3.061
2024-02-08 10:00:00,1.500,1024.700,0.900,317.000,1.100,3.481
2024-02-08 11:00:00,1.400,1025.400,0.900,338.000,1.200,3.622
2024-02-08 12:00:00,1.400,1025.800,1.200,316.000,1.700,3.675
2024-02-08 13:00:00,2.000,1026.500,0.000,336.000,0.600,3.504
2024-02-08 14:00:00,5.000,1026.300,0.100,193.000,0.300,3.081
2024-02-08 15:00:00,4.800,1025.900,1.400,125.000,1.700,2.405
2024-02-08 16:00:00,5.500,1026.200,1.400,156.000,2.300,1.916
2024-02-08 17:00:00,6.100,1025.700,1.600,188.000,2.100,1.572
2024-02-08 18:00:00,6.600,1024.600,2.000,163.000,3.100,1.427
2024-02-08 19:00:00,7.300,1024.100,2.500,174.000,3.700,1.562
2024-02-08 20:00:00,6.800,1024.200,3.000,187.000,4.200,1.955
2024-02-08 21:00:00,6.800,1024.200,2.900,192.000,3.600,2.402
2024-02-08 22:00:00,6.100,1024.000,3.300,189.000,4.000,2.848
2024-02-08 23:00:00,6.100,1023.900,3.600,209.000,4.100,3.048
2024-02-09 00:00:00,5.900,1024.000,2.600,193.000,4.000,2.963
2024-02-09 01:00:00,5.900,1023.700,2.800,193.000,3.700,2.772
2024-02-09 02:00:00,5.800,1023.200,3.200,181.000,4.100,2.303
2024-02-09 03:00:00,5.800,1023.000,3.400,192.000,4.500,1.821
2024-02-09 04:00:00,5.800,1023.300,3.300,198.000,4.200,1.263
2024-02-09 05:00:00,5.300,1023.200,1.800,206.000,2.100,0.938
2024-02-09 06:00:00,5.600,1022.300,2.000,187.000,2.600,0.830
2024-02-09 07:00:00,6.000,1020.900,3.600,171.000,5.100,1.148
2024-02-09 08:00:00,5.900,1021.100,2.500,220.000,3.000,1.864
2024-02-09 09:00:00,6.200,1021.100,3.400,213.000,3.800,2.480
2024-02-09 10:00:00,6.000,1020.500,2.100,206.000,2.400,2.923
2024-02-09 11:00:00,6.200,1020.400,3.700,189.000,4.800,3.304
2024-02-09 12:00:00,6.600,1020.400,3.800,184.000,5.400,3.533
2024-02-09 13:00:00,6.400,1019.900,3.100,186.000,4.200,3.563
2024-02-09 14:00:00,7.000,1020.900,4.500,223.000,5.200,3.340
2024-02-09 15:00:00,6.900,1020.100,4.100,196.000,5.200,2.799
2024-02-09 16:00:00,6.900,1019.200,5.100,205.000,6.000,2.090
2024-02-09 17:00:00,6.900,1017.800,5.500,201.000,6.700,1.512
2024-02-09 18:00:00,8.500,1017.100,7.200,218.000,8.700,1.296
2024-02-09 19:00:00,7.800,1016.100,4.300,193.000,6.100,1.224
2024-02-09 20:00:00,7.600,1015.400,5.600,200.000,6.500,1.463
2024-02-09 21:00:00,8.800,1015.700,6.600,218.000,7.500,2.054
2024-02-09 22:00:00,7.900,1015.300,5.700,215.000,6.300,2.513
2024-02-09 23:00:00,7.800,1015.100,4.800,227.000,5.900,2.871
2024-02-10 00:00:00,7.100,1015.300,1.900,221.000,2.000,3.133
2024-02-10 01:00:00,7.200,1015.200,3.400,215.000,3.700,3.071
2024-02-10 02:00:00,7.200,1015.300,2.300,219.000,2.800,2.831
2024-02-10 03:00:00,7.100,1015.000,1.600,224.000,1.800,2.320
2024-02-10 04:00:00,8.500,1014.600,2.400,229.000,3.100,1.768
2024-02-10 05:00:00,7.600,1014.100,3.300,222.000,4.200,1.168
2024-02-10 06:00:00,6.700,1013.400,3.300,193.000,4.100,0.853
2024-02-10 07:00:00,6.800,1013.000,3.500,207.000,4.200,0.869
2024-02-10 08:00:00,7.500,1012.800,2.900,241.000,3.600,1.230
2024-02-10 09:00:00,6.900,1012.100,1.100,227.000,1.600,2.031
2024-02-10 10:00:00,7.100,1012.100,1.900,227.000,2.600,2.585
2024-02-10 11:00:00,8.400,1012.300,2.400,207.000,2.700,3.087
2024-02-10 12:00:00,8.200,1012.400,2.000,220.000,2.400,3.488
2024-02-10 13:00:00,8.300,1012.600,2.400,211.000,2.600,3.681
2024-02-10 14:00:00,9.400,1012.700,2.100,230.000,3.500,3.655
2024-02-10 15:00:00,13.100,1012.000,3.300,272.000,4.300,3.343
2024-02-10 16:00:00,10.900,1012.100,3.800,209.000,4.700,2.733
2024-02-10 17:00:00,9.100,1011.900,1.800,196.000,3.100,2.051
2024-02-10 18:00:00,15.500,1011.100,2.500,273.000,4.300,1.460
2024-02-10 19:00:00,16.900,1010.400,4.700,290.000,6.200,1.099
2024-02-10 20:00:00,15.300,1010.800,3.800,258.000,4.600,1.158
2024-02-10 21:00:00,10.600,1008.600,5.800,191.000,7.700,1.440
2024-02-10 22:00:00,10.400,1009.500,3.400,226.000,4.500,2.192
2024-02-10 23:00:00,9.400,1010.200,4.000,210.000,4.400,2.867
2024-02-11 00:00:00,9.100,1009.900,4.400,208.000,4.800,3.107
2024-02-11 01:00:00,9.700,1010.000,2.300,234.000,3.100,3.251
2024-02-11 02:00:00,9.100,1010.000,2.700,214.000,3.000,3.117
2024-02-11 03:00:00,8.300,1010.400,1.700,230.000,2.500,2.894
2024-02-11 04:00:00,12.500,1010.500,4.900,266.000,5.900,2.343
2024-02-11 05:00:00,13.000,1010.100,3.800,275.000,5.200,1.703
2024-02-11 06:00:00,9.600,1010.000,2.200,200.000,2.900,1.083
2024-02-11 07:00:00,8.800,1010.500,1.900,205.000,2.200,0.735
2024-02-11 08:00:00,10.500,1010.400,2.300,212.000,3.500,0.804
2024-02-11 09:00:00,13.100,1009.900,3.300,311.000,4.700,1.385
2024-02-11 10:00:00,10.000,1010.800,3.200,229.000,3.800,1.955
2024-02-11 11:00:00,10.400,1011.000,0.300,251.000,0.700,2.612
2024-02-11 12:00:00,11.600,1010.900,0.800,286.000,0.900,3.114
2024-02-11 13:00:00,10.400,1011.600,2.200,6.000,2.400,3.530
2024-02-11 14:00:00,10.800,1012.100,1.700,13.000,1.800,3.681
2024-02-11 15:00:00,10.100,1012.300,2.400,25.000,2.900,3.547
2024-02-11 16:00:00,10.900,1012.100,2.500,49.000,4.100,3.179
2024-02-11 17:00:00,10.500,1011.500,1.700,71.000,4.000,2.428
2024-02-11 18:00:00,7.300,1008.500,5.400,94.000,7.800,1.775
2024-02-11 19:00:00,7.700,1010.500,1.800,46.000,2.800,1.217
2024-02-11 20:00:00,7.300,1011.400,3.500,30.000,5.000,1.122
2024-02-11 21:00:00,6.400,1011.400,5.000,32.000,7.500,1.181
2024-02-11 22:00:00,6.600,1010.100,2.300,63.000,4.800,1.581
2024-02-11 23:00:00,6.900,1010.500,2.700,68.000,4.100,2.448
2024-02-12 00:00:00,7.200,1011.300,1.800,36.000,4.600,2.864
2024-02-12 01:00:00,7.300,1012.000,2.000,39.000,2.900,3.219
2024-02-12 02:00:00,7.000,1011.800,0.800,64.000,1.800,3.330
2024-02-12 03:00:00,7.000,1012.300,1.200,4.000,1.400,3.258
2024-02-12 04:00:00,7.000,1012.500,1.100,5.000,1.200,3.035
2024-02-12 05:00:00,7.200,1011.600,0.600,15.000,0.800,2.326
2024-02-12 06:00:00,7.000,1011.000,2.800,7.000,3.300,1.680
2024-02-12 07:00:00,6.800,1011.500,1.200,345.000,1.500,1.171
2024-02-12 08:00:00,6.600,1011.400,0.400,304.000,1.000,0.919
2024-02-12 09:00:00,6.600,1010.900,1.300,30.000,1.800,0.928
2024-02-12 10:00:00,6.800,1011.700,0.300,324.000,0.700,1.378
2024-02-12 11:00:00,6.900,1011.800,1.800,16.000,2.300,2.087
2024-02-12 12:00:00,6.800,1011.600,2.100,15.000,2.700,2.651
2024-02-12 13:00:00,6.900,1012.300,1.200,355.000,1.400,3.136
2024-02-12 14:00:00,7.000,1012.800,1.500,27.000,1.900,3.497
2024-02-12 15:00:00,7.200,1011.600,1.900,61.000,3.000,3.543
2024-02-12 16:00:00,7.700,1011.300,1.800,71.000,2.700,3.363
2024-02-12 17:00:00,7.400,1010.800,2.300,67.000,4.500,3.009
2024-02-12 18:00:00,7.400,1009.400,2.100,69.000,3.800,2.129
2024-02-12 19:00:00,7.100,1009.300,2.000,62.000,3.200,1.611
2024-02-12 20:00:00,6.900,1009.400,1.300,82.000,1.900,1.178
2024-02-12 21:00:00,6.500,1008.300,2.000,105.000,3.400,1.099
2024-02-12 22:00:00,6.600,1008.500,1.800,120.000,2.800,1.286
2024-02-12 23:00:00,6.600,1008.100,1.100,38.000,1.900,1.913
2024-02-13 00:00:00,6.700,1007.000,2.100,72.000,3.100,2.592
2024-02-13 01:00:00,6.800,1007.100,3.100,77.000,5.000,3.025
2024-02-13 02:00:00,6.500,1005.900,3.800,86.000,5.900,3.409
2024-02-13 03:00:00,6.300,1004.100,4.700,93.000,6.700,3.537
2024-02-13 04:00:00,6.200,1002.700,3.500,87.000,5.300,3.547
2024-02-13 05:00:00,6.300,1002.000,3.500,82.000,5.500,3.304
2024-02-13 06:00:00,6.300,999.600,5.000,81.000,7.100,2.812
2024-02-13 07:00:00,6.300,998.000,5.600,85.000,7.800,2.024
2024-02-13 08:00:00,6.500,995.900,3.500,92.000,5.300,1.850
2024-02-13 09:00:00,6.500,992.300,6.000,86.000,10.000,1.745
2024-02-13 10:00:00,6.700,991.200,3.000,36.000,5.400,1.916
2024-02-13 11:00:00,6.400,990.900,4.000,32.000,6.600,2.480
2024-02-13 12:00:00,6.000,990.300,6.200,26.000,9.100,3.028
2024-02-13 13:00:00,5.600,989.800,5.700,38.000,10.400,3.612
2024-02-13 14:00:00,5.000,991.400,10.300,27.000,14.300,4.088
2024-02-13 15:00:00,4.400,994.200,10.500,345.000,12.600,4.262
2024-02-13 16:00:00,3.400,997.100,9.800,343.000,14.100,4.147
2024-02-13 17:00:00,3.800,999.700,9.000,337.000,10.900,3.953
2024-02-13 18:00:00,4.300,1000.900,10.000,335.000,14.200,3.350
2024-02-13 19:00:00,4.600,1002.400,8.300,334.000,11.200,2.677
2024-02-13 20:00:00,5.700,1003.500,8.500,332.000,11.100,2.116
2024-02-13 21:00:00,6.100,1004.900,10.300,328.000,15.900,1.808
2024-02-13 22:00:00,6.000,1006.500,7.300,331.000,9.300,1.759
2024-02-13 23:00:00,5.800,1008.500,4.900,332.000,5.900,2.028
2024-02-14 00:00:00,5.700,1010.000,4.600,316.000,6.100,2.392
2024-02-14 01:00:00,5.500,1011.100,4.000,312.000,5.500,2.940
2024-02-14 02:00:00,4.300,1011.800,1.500,283.000,2.800,3.369
2024-02-14 03:00:00,3.800,1012.100,2.600,264.000,3.200,3.668
2024-02-14 04:00:00,3.400,1012.300,1.100,290.000,2.600,3.780
2024-02-14 05:00:00,4.000,1012.400,1.500,279.000,2.400,3.622
2024-02-14 06:00:00,3.800,1013.100,1.400,287.000,2.700,3.307
2024-02-14 07:00:00,4.100,1013.700,3.000,300.000,4.200,2.697
2024-02-14 08:00:00,4.800,1013.800,3.900,316.000,5.200,2.175
2024-02-14 09:00:00,4.500,1014.200,3.900,320.000,5.900,1.637
2024-02-14 10:00:00,4.800,1014.800,4.600,328.000,5.800,1.365
2024-02-14 11:00:00,4.300,1015.300,4.000,322.000,5.200,1.381
2024-02-14 12:00:00,4.200,1015.800,8.100,338.000,10.800,1.709
2024-02-14 13:00:00,4.300,1016.600,7.500,334.000,9.400,2.297
2024-02-14 14:00:00,4.700,1017.000,9.700,331.000,15.700,2.785
2024-02-14 15:00:00,4.800,1017.200,11.300,333.000,14.300,3.091
2024-02-14 16:00:00,4.700,1017.800,7.200,338.000,9.600,3.228
2024-02-14 17:00:00,4.700,1017.500,8.600,336.000,11.100,3.192
2024-02-14 18:00:00,5.100,1017.200,6.500,318.000,8.500,2.910
2024-02-14 19:00:00,5.300,1017.100,7.400,335.000,9.700,2.316
2024-02-14 20:00:00,5.600,1017.400,7.200,328.000,10.700,1.785
2024-02-14 21:00:00,5.600,1017.900,5.500,311.000,7.100,1.230
2024-02-14 22:00:00,5.400,1018.400,6.500,328.000,9.800,1.007
2024-02-14 23:00:00,4.700,1019.500,3.900,337.000,4.900,1.158
2024-02-15 00:00:00,4.200,1020.400,4.800,11.000,5.500,1.355
2024-02-15 01:00:00,3.300,1020.800,2.700,323.000,3.300,1.804
2024-02-15 02:00:00,3.000,1020.900,2.900,347.000,3.300,2.362
2024-02-15 03:00:00,2.000,1021.000,2.000,318.000,2.500,2.772
2024-02-15 04:00:00,2.100,1021.100,2.300,324.000,3.800,3.110
2024-02-15 05:00:00,2.100,1021.500,4.500,359.000,5.600,3.120
2024-02-15 06:00:00,2.100,1021.800,5.500,349.000,6.900,2.943
2024-02-15 07:00:00,1.400,1022.400,4.700,335.000,5.800,2.589
2024-02-15 08:00:00,0.900,1022.900,3.500,339.000,4.200,1.962
2024-02-15 09:00:00,1.300,1022.800,4.600,352.000,6.000,1.325
2024-02-15 10:00:00,1.000,1023.000,4.200,348.000,5.000,0.925
2024-02-15 11:00:00,0.400,1023.300,2.900,343.000,3.600,0.741
2024-02-15 12:00:00,0.100,1022.700,2.100,321.000,2.500,0.764
2024-02-15 13:00:00,0.400,1023.500,2.300,309.000,2.700,1.089
2024-02-15 14:00:00,1.300,1023.600,2.000,336.000,2.600,1.509
2024-02-15 15:00:00,1.900,1023.300,2.800,5.000,3.600,2.011
2024-02-15 16:00:00,2.500,1022.900,3.300,17.000,3.700,2.356
2024-02-15 17:00:00,3.600,1021.300,2.300,139.000,3.200,2.425
2024-02-15 18:00:00,3.300,1019.600,3.400,170.000,4.700,2.254
2024-02-15 19:00:00,3.800,1017.900,4.700,191.000,6.100,2.123
2024-02-15 20:00:00,3.400,1017.000,7.500,202.000,9.300,1.637
2024-02-15 21:00:00,4.400,1015.000,7.900,196.000,10.400,1.286
2024-02-15 22:00:00,4.600,1013.800,9.300,203.000,11.400,0.817
2024-02-15 23:00:00,5.100,1013.300,9.700,206.000,11.400,0.761
2024-02-16 00:00:00,5.800,1012.200,9.900,206.000,12.800,0.830
2024-02-16 01:00:00,6.300,1010.600,9.400,209.000,11.400,1.132
2024-02-16 02:00:00,6.200,1009.700,5.700,220.000,6.600,1.680
2024-02-16 03:00:00,7.300,1008.700,6.700,231.000,8.800,2.293
2024-02-16 04:00:00,7.300,1007.700,4.200,239.000,5.500,2.621
2024-02-16 05:00:00,7.500,1007.700,3.500,267.000,4.600,2.838
2024-02-16 06:00:00,6.800,1008.200,2.500,296.000,3.400,2.841
2024-02-16 07:00:00,7.900,1009.000,4.500,310.000,5.900,2.808
2024-02-16 08:00:00,7.600,1009.700,7.300,334.000,9.300,2.533
2024-02-16 09:00:00,6.500,1010.500,4.500,339.000,5.800,2.077
2024-02-16 10:00:00,6.300,1011.700,6.800,336.000,8.500,1.407
2024-02-16 11:00:00,6.800,1011.900,10.800,334.000,16.300,0.991
2024-02-16 12:00:00,6.000,1013.400,6.000,337.000,7.900,0.843
2024-02-16 13:00:00,5.800,1014.300,8.000,334.000,10.900,0.827
2024-02-16 14:00:00,5.600,1015.200,6.100,336.000,8.500,1.060
2024-02-16 15:00:00,5.600,1015.600,6.400,332.000,9.700,1.572
2024-02-16 16:00:00,5.500,1015.400,7.200,328.000,9.000,1.880
2024-02-16 17:00:00,5.800,1015.100,4.400,314.000,6.400,2.162
2024-02-16 18:00:00,5.900,1014.100,4.500,307.000,6.000,2.264
2024-02-16 19:00:00,6.200,1013.500,3.300,297.000,5.200,2.149
2024-02-16 20:00:00,6.400,1013.800,4.700,322.000,6.200,2.001
2024-02-16 21:00:00,6.500,1013.800,3.400,306.000,4.500,1.578
2024-02-16 22:00:00,6.000,1013.700,2.900,294.000,3.800,1.106
2024-02-16 23:00:00,5.600,1013.500,2.800,328.000,3.200,0.735
2024-02-17 00:00:00,5.600,1013.100,1.000,11.000,1.300,0.525
2024-02-17 01:00:00,5.500,1012.400,2.100,71.000,2.900,0.617
2024-02-17 02:00:00,5.600,1011.700,2.100,74.000,3.500,0.948
2024-02-17 03:00:00,5.500,1010.900,2.800,144.000,4.400,1.486
2024-02-17 04:00:00,5.600,1010.000,4.200,152.000,6.400,1.955
2024-02-17 05:00:00,6.000,1008.700,5.900,158.000,7.700,2.316
2024-02-17 06:00:00,6.100,1007.500,4.200,163.000,6.500,2.612
2024-02-17 07:00:00,6.200,1005.100,4.400,136.000,6.900,2.740
2024-02-17 08:00:00,5.700,1002.700,4.300,88.000,7.400,2.799
2024-02-17 09:00:00,3.600,1003.700,6.400,29.000,9.300,2.730
2024-02-17 10:00:00,1.900,1003.200,3.700,60.000,7.900,2.395
2024-02-17 11:00:00,2.400,1003.000,4.800,31.000,6.400,1.680
2024-02-17 12:00:00,2.800,1004.100,5.000,32.000,7.500,1.204
2024-02-17 13:00:00,2.700,1005.600,4.300,356.000,5.200,1.260
2024-02-17 14:00:00,2.500,1006.900,5.300,355.000,6.300,1.444
2024-02-17 15:00:00,1.800,1007.900,5.400,345.000,7.100,1.768
2024-02-17 16:00:00,2.600,1008.500,7.400,333.000,9.400,2.014
2024-02-17 17:00:00,3.300,1008.000,8.400,337.000,10.600,2.392
2024-02-17 18:00:00,3.300,1008.300,6.200,332.000,7.600,2.631
2024-02-17 19:00:00,3.100,1008.400,8.700,349.000,11.000,2.785
2024-02-17 20:00:00,2.800,1008.900,6.800,349.000,9.000,2.674
2024-02-17 21:00:00,3.300,1009.500,8.000,333.000,9.800,2.454
2024-02-17 22:00:00,2.500,1010.600,6.200,325.000,8.100,2.064
2024-02-17 23:00:00,2.100,1011.600,6.400,329.000,8.600,1.709
2024-02-18 00:00:00,1.700,1012.600,3.200,318.000,4.400,1.401
2024-02-18 01:00:00,1.100,1013.700,2.500,304.000,3.100,1.280
2024-02-18 02:00:00,1.000,1014.400,4.100,323.000,5.400,1.312
2024-02-18 03:00:00,0.200,1014.800,1.500,307.000,1.900,1.552
2024-02-18 04:00:00,0.100,1014.600,1.800,287.000,2.600,2.037
2024-02-18 05:00:00,-0.300,1014.500,1.800,277.000,2.300,2.408
2024-02-18 06:00:00,-0.800,1014.600,2.300,290.000,2.800,2.749
2024-02-18 07:00:00,-1.000,1015.200,1.900,284.000,2.600,2.953
2024-02-18 08:00:00,-1.200,1015.500,1.900,301.000,2.200,3.054
2024-02-18 09:00:00,-1.000,1015.600,1.500,272.000,2.100,2.999
2024-02-18 10:00:00,-1.400,1015.400,2.200,260.000,2.600,2.854
2024-02-18 11:00:00,-1.700,1015.500,2.900,246.000,3.500,2.503
2024-02-18 12:00:00,-1.300,1015.800,2.400,252.000,3.000,1.923
2024-02-18 13:00:00,-0.300,1016.300,2.300,239.000,2.800,1.578
2024-02-18 14:00:00,0.500,1016.300,2.800,250.000,3.700,1.440
2024-02-18 15:00:00,1.900,1015.800,5.200,244.000,6.600,1.296
2024-02-18 16:00:00,2.900,1015.400,6.000,263.000,7.500,1.339
2024-02-18 17:00:00,4.100,1014.100,4.900,264.000,6.800,1.588
2024-02-18 18:00:00,4.700,1012.700,5.500,243.000,7.000,1.804
2024-02-18 19:00:00,4.800,1012.000,7.900,236.000,9.500,1.982
2024-02-18 20:00:00,5.500,1011.500,7.400,227.000,9.600,1.969
2024-02-18 21:00:00,5.600,1010.900,6.800,237.000,8.700,1.752
2024-02-18 22:00:00,5.300,1010.600,7.000,243.000,8.600,1.552
2024-02-18 23:00:00,4.800,1010.900,3.600,236.000,4.400,1.299
2024-02-19 00:00:00,4.700,1011.700,4.100,232.000,5.000,0.889
2024-02-19 01:00:00,5.000,1012.200,4.300,233.000,5.000,0.430
2024-02-19 02:00:00,4.600,1012.700,2.700,251.000,3.500,0.259
2024-02-19 03:00:00,4.400,1013.200,3.600,241.000,4.600,0.243
2024-02-19 04:00:00,4.200,1013.900,3.300,246.000,4.200,0.440
2024-02-19 05:00:00,3.500,1014.800,2.300,282.000,2.900,0.833
2024-02-19 06:00:00,2.700,1015.200,2.400,271.000,2.800,1.240
2024-02-19 07:00:00,2.800,1015.000,2.700,302.000,3.600,1.614
2024-02-19 08:00:00,3.700,1015.700,3.800,333.000,4.600,1.870
2024-02-19 09:00:00,2.700,1016.300,1.600,294.000,2.300,1.890
2024-02-19 10:00:00,3.000,1016.800,4.000,336.000,4.900,1.936
2024-02-19 11:00:00,2.700,1018.100,3.800,6.000,4.700,1.768
2024-02-19 12:00:00,2.100,1019.200,1.500,13.000,2.000,1.329
2024-02-19 13:00:00,2.900,1020.200,2.400,360.000,3.000,0.961
2024-02-19 14:00:00,3.700,1020.800,4.700,7.000,5.900,0.663
2024-02-19 15:00:00,4.200,1020.900,5.500,11.000,7.500,0.453
2024-02-19 16:00:00,4.700,1021.200,3.700,28.000,5.000,0.443
2024-02-19 17:00:00,5.100,1020.800,3.100,26.000,4.600,0.673
2024-02-19 18:00:00,5.300,1020.300,4.000,66.000,7.100,1.096
2024-02-19 19:00:00,5.500,1020.200,3.700,67.000,6.200,1.490
2024-02-19 20:00:00,5.500,1020.100,3.800,77.000,5.700,1.742
2024-02-19 21:00:00,5.700,1020.600,3.500,78.000,4.600,1.778
2024-02-19 22:00:00,5.700,1021.000,2.800,84.000,4.100,1.791
2024-02-19 23:00:00,4.600,1022.100,1.500,112.000,2.300,1.742
2024-02-20 00:00:00,4.400,1023.100,1.200,129.000,1.800,1.342
2024-02-20 01:00:00,3.700,1023.900,1.200,243.000,1.500,0.833
2024-02-20 02:00:00,3.100,1024.900,0.900,234.000,1.300,0.525
2024-02-20 03:00:00,3.400,1024.900,0.800,6.000,0.900,0.312
2024-02-20 04:00:00,1.100,1025.100,0.900,326.000,1.200,0.469
2024-02-20 05:00:00,0.800,1025.200,0.600,341.000,0.900,0.817
2024-02-20 06:00:00,1.300,1025.200,1.500,353.000,1.900,1.207
2024-02-20 07:00:00,2.000,1025.200,1.700,27.000,1.900,1.759
2024-02-20 08:00:00,1.900,1025.400,0.900,348.000,1.200,2.126
2024-02-20 09:00:00,1.300,1025.400,1.300,8.000,1.800,2.375
2024-02-20 10:00:00,4.300,1026.100,2.000,78.000,3.100,2.536
2024-02-20 11:00:00,4.500,1026.900,3.800,78.000,5.800,2.543
2024-02-20 12:00:00,4.300,1027.800,3.600,81.000,5.200,2.270
2024-02-20 13:00:00,5.100,1028.800,3.900,82.000,5.500,2.011
2024-02-20 14:00:00,5.400,1029.400,4.800,79.000,7.200,1.545
2024-02-20 15:00:00,5.900,1029.900,3.400,87.000,5.800,1.178
2024-02-20 16:00:00,5.800,1030.000,3.900,71.000,6.200,0.971
2024-02-20 17:00:00,6.200,1029.900,3.700,73.000,5.600,1.033
2024-02-20 18:00:00,6.000,1029.400,4.000,70.000,5.900,1.217
2024-02-20 19:00:00,6.000,1029.000,3.600,76.000,6.600,1.604
2024-02-20 20:00:00,5.200,1029.000,4.500,81.000,7.200,1.890
2024-02-20 21:00:00,4.700,1028.900,4.000,74.000,6.000,2.113
2024-02-20 22:00:00,3.900,1028.700,4.900,68.000,7.700,2.274
2024-02-20 23:00:00,3.500,1028.500,5.200,81.000,7.400,2.247
2024-02-21 00:00:00,3.500,1029.000,4.200,85.000,6.500,2.142
2024-02-21 01:00:00,3.500,1029.200,3.800,75.000,5.600,1.693
2024-02-21 02:00:00,3.500,1029.500,4.300,72.000,5.900,1.253
2024-02-21 03:00:00,3.600,1029.800,3.500,69.000,5.700,0.896
2024-02-21 04:00:00,3.500,1029.500,4.100,82.000,5.900,0.764
2024-02-21 05:00:00,3.300,1029.200,3.600,77.000,5.500,0.879
2024-02-21 06:00:00,3.200,1028.800,5.100,71.000,7.500,1.250
2024-02-21 07:00:00,3.200,1028.700,4.000,79.000,5.700,1.732
2024-02-21 08:00:00,3.200,1028.600,3.100,73.000,4.600,2.152
2024-02-21 09:00:00,3.300,1028.000,3.400,70.000,5.200,2.516
2024-02-21 10:00:00,3.300,1028.100,4.300,78.000,6.100,2.779
2024-02-21 11:00:00,3.600,1028.100,3.400,73.000,5.400,2.894
2024-02-21 12:00:00,4.000,1028.000,4.300,68.000,6.200,2.881
2024-02-21 13:00:00,4.500,1028.400,3.600,82.000,5.300,2.631
2024-02-21 14:00:00,5.300,1028.500,2.400,69.000,4.500,2.329
2024-02-21 15:00:00,5.800,1028.800,3.800,68.000,6.500,1.690
2024-02-21 16:00:00,6.000,1028.200,4.500,71.000,6.400,1.296
2024-02-21 17:00:00,6.100,1027.400,4.900,75.000,6.900,1.158
2024-02-21 18:00:00,5.500,1026.500,4.100,67.000,6.500,1.175
2024-02-21 19:00:00,5.800,1025.500,2.800,60.000,6.000,1.407
2024-02-21 20:00:00,5.300,1025.000,3.900,67.000,6.400,1.831
2024-02-21 21:00:00,5.000,1025.300,2.400,67.000,4.000,2.044
2024-02-21 22:00:00,4.700,1025.200,2.100,74.000,3.800,2.293
2024-02-21 23:00:00,4.400,1024.600,4.100,76.000,7.300,2.441
2024-02-22 00:00:00,4.300,1024.300,4.100,83.000,5.500,2.359
2024-02-22 01:00:00,4.100,1024.200,3.000,89.000,4.900,2.139
2024-02-22 02:00:00,4.200,1024.100,2.400,98.000,4.100,1.703
2024-02-22 03:00:00,4.200,1023.700,2.600,83.000,3.500,1.283
2024-02-22 04:00:00,3.900,1022.800,2.200,110.000,3.400,1.040
2024-02-22 05:00:00,3.800,1022.300,2.100,85.000,3.200,0.915
2024-02-22 06:00:00,3.700,1021.800,1.500,74.000,2.000,1.066
2024-02-22 07:00:00,3.200,1021.100,0.600,89.000,1.100,1.417
2024-02-22 08:00:00,2.000,1020.200,1.000,16.000,1.600,1.985
2024-02-22 09:00:00,1.100,1019.800,0.900,7.000,1.100,2.392
2024-02-22 10:00:00,1.300,1019.700,0.700,10.000,1.000,2.779
2024-02-22 11:00:00,1.500,1019.700,0.500,8.000,0.800,3.022
2024-02-22 12:00:00,0.800,1019.400,0.500,348.000,0.700,3.091
2024-02-22 13:00:00,4.200,1018.700,2.000,136.000,3.500,2.979
2024-02-22 14:00:00,4.800,1017.800,4.000,157.000,5.000,2.753
2024-02-22 15:00:00,5.700,1017.400,3.700,179.000,4.800,2.343
2024-02-22 16:00:00,6.100,1016.600,3.800,187.000,5.800,1.857
2024-02-22 17:00:00,6.200,1015.000,4.400,190.000,5.600,1.585
2024-02-22 18:00:00,6.300,1013.700,4.500,188.000,6.600,1.430
2024-02-22 19:00:00,5.900,1011.900,5.700,197.000,6.900,1.493
2024-02-22 20:00:00,6.700,1010.300,5.100,192.000,7.000,1.834
2024-02-22 21:00:00,6.300,1009.800,5.700,197.000,7.100,2.224
2024-02-22 22:00:00,6.400,1008.500,4.200,192.000,5.800,2.572
2024-02-22 23:00:00,6.400,1008.200,3.600,194.000,5.000,2.792
2024-02-23 00:00:00,6.700,1008.000,4.600,196.000,6.100,2.848
2024-02-23 01:00:00,7.100,1007.500,7.000,214.000,7.800,2.661
2024-02-23 02:00:00,7.200,1006.200,6.200,214.000,7.600,2.421
2024-02-23 03:00:00,7.400,1004.900,7.100,209.000,8.400,2.024
2024-02-23 04:00:00,7.300,1004.400,7.100,215.000,8.500,1.631
2024-02-23 05:00:00,7.600,1003.300,9.100,210.000,11.100,1.368
2024-02-23 06:00:00,7.500,1002.300,8.800,212.000,10.400,1.257
2024-02-23 07:00:00,7.300,1001.200,7.500,212.000,8.600,1.480
2024-02-23 08:00:00,7.100,1000.300,6.800,211.000,7.700,1.860
2024-02-23 09:00:00,8.100,999.700,7.300,219.000,9.000,2.264
2024-02-23 10:00:00,7.900,999.600,6.300,218.000,7.600,2.789
2024-02-23 11:00:00,7.100,999.400,5.800,207.000,6.900,2.979
2024-02-23 12:00:00,7.900,999.200,5.300,214.000,6.200,3.189
2024-02-23 13:00:00,7.900,999.100,5.600,218.000,6.500,3.173
2024-02-23 14:00:00,7.900,999.200,5.700,217.000,6.400,3.051
2024-02-23 15:00:00,8.600,998.300,3.200,229.000,3.700,2.648
2024-02-23 16:00:00,8.500,997.500,2.200,229.000,2.500,2.247
2024-02-23 17:00:00,7.200,997.200,2.900,193.000,3.800,1.831
2024-02-23 18:00:00,7.400,995.900,3.300,202.000,3.600,1.545
2024-02-23 19:00:00,8.000,995.400,2.500,223.000,3.500,1.578
2024-02-23 20:00:00,8.300,995.200,1.400,269.000,1.700,1.814
2024-02-23 21:00:00,8.700,995.100,3.800,331.000,5.100,2.224
2024-02-23 22:00:00,8.200,995.600,4.100,351.000,5.000,2.612
2024-02-23 23:00:00,7.500,996.000,3.600,6.000,4.200,2.854
2024-02-24 00:00:00,7.400,996.300,4.700,7.000,5.800,3.068
2024-02-24 01:00:00,7.400,997.100,3.900,337.000,5.200,3.045
2024-02-24 02:00:00,7.000,997.900,4.500,325.000,5.800,2.835
2024-02-24 03:00:00,6.800,997.900,3.300,338.000,4.000,2.461
2024-02-24 04:00:00,6.500,997.900,3.600,326.000,4.400,2.011
2024-02-24 05:00:00,6.300,998.300,2.800,316.000,3.400,1.716
2024-02-24 06:00:00,5.900,998.100,3.000,318.000,3.400,1.332
2024-02-24 07:00:00,5.300,998.500,3.600,316.000,4.400,1.342
2024-02-24 08:00:00,5.200,998.700,3.300,317.000,3.900,1.726
2024-02-24 09:00:00,4.900,998.800,2.000,318.000,2.800,2.231
2024-02-24 10:00:00,4.800,999.400,0.400,25.000,0.600,2.648
2024-02-24 11:00:00,4.900,999.700,1.400,240.000,1.900,2.949
2024-02-24 12:00:00,5.400,1000.700,3.700,330.000,4.700,3.268
2024-02-24 13:00:00,5.800,1001.800,4.300,3.000,5.100,3.438
2024-02-24 14:00:00,6.000,1002.800,5.500,9.000,7.000,3.350
2024-02-24 15:00:00,5.900,1003.800,5.800,5.000,7.100,3.094
2024-02-24 16:00:00,5.800,1004.300,4.000,22.000,6.600,2.539
2024-02-24 17:00:00,5.600,1004.800,4.000,26.000,6.000,2.014
2024-02-24 18:00:00,5.400,1004.800,5.300,13.000,6.700,1.627
2024-02-24 19:00:00,6.700,1004.800,2.600,50.000,4.000,1.516
2024-02-24 20:00:00,5.700,1005.100,4.400,72.000,6.200,1.706
2024-02-24 21:00:00,6.000,1006.000,2.900,73.000,4.900,2.028
2024-02-24 22:00:00,5.600,1006.900,2.600,80.000,4.300,2.434
2024-02-24 23:00:00,5.500,1008.000,1.000,42.000,1.500,2.733
2024-02-25 00:00:00,6.200,1009.200,5.800,15.000,8.500,3.051
2024-02-25 01:00:00,5.600,1010.500,6.300,8.000,7.700,3.120
2024-02-25 02:00:00,4.600,1012.000,6.600,4.000,7.900,3.015
2024-02-25 03:00:00,3.800,1013.100,4.700,359.000,5.800,2.720
2024-02-25 04:00:00,2.900,1013.600,7.300,7.000,8.800,2.172
2024-02-25 05:00:00,2.200,1014.600,5.300,9.000,6.400,1.690
2024-02-25 06:00:00,2.200,1015.200,6.800,22.000,10.500,1.302
2024-02-25 07:00:00,1.700,1016.000,6.300,25.000,9.600,1.214
2024-02-25 08:00:00,1.300,1016.700,5.400,6.000,6.500,1.368
2024-02-25 09:00:00,0.900,1017.400,6.800,18.000,9.400,1.821
2024-02-25 10:00:00,0.400,1018.000,5.700,14.000,9.100,2.306
2024-02-25 11:00:00,-0.500,1018.800,2.200,63.000,4.500,2.644
2024-02-25 12:00:00,0.000,1019.600,4.600,23.000,7.100,3.015
2024-02-25 13:00:00,0.000,1020.500,3.300,36.000,5.600,3.278
2024-02-25 14:00:00,0.300,1021.200,4.000,24.000,5.600,3.320
2024-02-25 15:00:00,0.700,1021.500,2.500,25.000,3.700,3.028
2024-02-25 16:00:00,1.000,1021.500,2.100,18.000,3.000,2.664
2024-02-25 17:00:00,2.300,1020.700,3.200,81.000,4.600,2.080
2024-02-25 18:00:00,1.800,1020.200,3.300,75.000,4.300,1.631
2024-02-25 19:00:00,2.600,1020.100,1.800,136.000,3.200,1.302
2024-02-25 20:00:00,2.600,1019.800,2.600,124.000,3.400,1.257
2024-02-25 21:00:00,2.900,1019.500,1.500,164.000,2.700,1.378
2024-02-25 22:00:00,2.800,1019.400,2.200,164.000,3.100,1.795
2024-02-25 23:00:00,2.600,1019.500,2.700,190.000,4.000,2.339
2024-02-26 00:00:00,3.100,1019.600,4.100,189.000,5.500,2.579
2024-02-26 01:00:00,3.800,1019.800,5.900,202.000,6.700,2.736
2024-02-26 02:00:00,3.600,1020.200,5.300,225.000,6.500,2.743
2024-02-26 03:00:00,3.400,1020.000,4.500,224.000,5.400,2.533
2024-02-26 04:00:00,4.500,1019.400,7.100,205.000,8.400,2.159
2024-02-26 05:00:00,4.700,1019.300,7.900,207.000,9.200,1.631
2024-02-26 06:00:00,4.700,1018.800,6.700,221.000,8.500,1.089
2024-02-26 07:00:00,4.400,1018.500,6.300,222.000,7.300,0.787
2024-02-26 08:00:00,4.700,1018.100,6.400,221.000,7.600,0.696
2024-02-26 09:00:00,5.200,1017.700,7.300,215.000,8.800,0.896
2024-02-26 10:00:00,5.500,1017.500,8.100,215.000,9.500,1.358
2024-02-26 11:00:00,5.800,1017.400,6.600,219.000,8.600,1.729
2024-02-26 12:00:00,6.000,1017.400,6.500,219.000,7.900,2.260
2024-02-26 13:00:00,6.200,1017.700,5.500,219.000,7.500,2.579
2024-02-26 14:00:00,6.900,1017.500,7.800,222.000,9.800,2.733
2024-02-26 15:00:00,7.300,1017.400,8.500,220.000,10.600,2.559
2024-02-26 16:00:00,8.400,1016.900,8.800,228.000,11.600,2.172
2024-02-26 17:00:00,7.600,1016.700,7.000,211.000,7.900,1.690
2024-02-26 18:00:00,7.300,1015.900,7.200,204.000,9.200,1.270
2024-02-26 19:00:00,7.500,1015.300,6.900,207.000,7.900,0.758
2024-02-26 20:00:00,7.700,1015.100,6.300,209.000,7.700,0.574
2024-02-26 21:00:00,7.700,1015.100,5.200,203.000,6.500,0.705
2024-02-26 22:00:00,7.900,1015.400,5.900,221.000,7.200,1.040
2024-02-26 23:00:00,7.500,1015.700,4.300,220.000,5.200,1.614
2024-02-27 00:00:00,7.000,1015.900,2.800,208.000,3.300,2.090
2024-02-27 01:00:00,7.000,1016.100,3.000,206.000,3.400,2.310
2024-02-27 02:00:00,6.600,1016.000,1.600,177.000,2.300,2.493
2024-02-27 03:00:00,7.400,1016.100,2.700,183.000,3.400,2.461
2024-02-27 04:00:00,7.000,1015.800,2.100,174.000,2.600,2.244
2024-02-27 05:00:00,7.200,1015.900,3.700,216.000,4.100,1.765
2024-02-27 06:00:00,7.400,1015.700,4.100,201.000,4.600,1.276
2024-02-27 07:00:00,7.300,1015.400,3.800,202.000,4.400,0.843
2024-02-27 08:00:00,7.400,1015.100,4.200,208.000,4.700,0.633
2024-02-27 09:00:00,7.400,1015.200,5.000,214.000,5.400,0.758
2024-02-27 10:00:00,7.300,1015.200,4.600,204.000,5.400,0.991
2024-02-27 11:00:00,7.000,1015.400,3.900,214.000,4.600,1.483
2024-02-27 12:00:00,7.300,1015.700,4.800,212.000,5.100,1.926
2024-02-27 13:00:00,7.500,1015.800,6.700,211.000,7.600,2.260
2024-02-27 14:00:00,7.700,1015.900,6.400,207.000,7.300,2.549
2024-02-27 15:00:00,7.900,1015.400,6.500,208.000,7.400,2.526
2024-02-27 16:00:00,8.400,1015.200,6.700,205.000,8.000,2.320
2024-02-27 17:00:00,8.500,1015.100,7.900,211.000,8.800,2.051
2024-02-27 18:00:00,8.600,1014.900,7.500,210.000,8.400,1.509
2024-02-27 19:00:00,8.700,1014.300,6.900,203.000,8.600,1.010
2024-02-27 20:00:00,8.500,1013.400,4.600,213.000,5.500,0.804
2024-02-27 21:00:00,9.200,1012.800,5.800,221.000,7.000,0.804
2024-02-27 22:00:00,9.100,1012.700,6.900,219.000,8.200,1.020
2024-02-27 23:00:00,8.300,1012.700,5.700,207.000,6.500,1.631
2024-02-28 00:00:00,9.000,1013.000,5.500,198.000,6.600,2.008
2024-02-28 01:00:00,9.300,1012.200,4.700,218.000,5.700,2.362
2024-02-28 02:00:00,10.600,1012.800,10.400,207.000,12.200,2.618
2024-02-28 03:00:00,10.200,1012.500,7.600,186.000,10.600,2.746
2024-02-28 04:00:00,9.600,1011.900,7.600,206.000,9.200,2.598
2024-02-28 05:00:00,9.000,1010.900,7.400,212.000,8.500,2.260
2024-02-28 06:00:00,10.900,1010.200,9.800,216.000,11.200,1.837
2024-02-28 07:00:00,12.500,1009.400,11.800,219.000,14.900,1.257
2024-02-28 08:00:00,10.800,1008.600,5.700,221.000,8.400,1.037
2024-02-28 09:00:00,9.900,1008.700,8.500,208.000,9.600,0.860
2024-02-28 10:00:00,9.300,1008.100,7.500,213.000,8.700,0.984
2024-02-28 11:00:00,12.300,1008.100,9.800,222.000,12.300,1.322
2024-02-28 12:00:00,9.800,1007.900,10.200,207.000,12.200,1.486
2024-02-28 13:00:00,9.200,1008.200,6.800,198.000,8.300,1.926
2024-02-28 14:00:00,10.800,1008.200,7.900,223.000,10.500,2.362
2024-02-28 15:00:00,10.000,1008.000,10.100,207.000,11.800,2.346
2024-02-28 16:00:00,10.800,1007.200,8.600,211.000,9.600,2.339
2024-02-28 17:00:00,10.700,1006.400,9.800,221.000,11.700,1.883
2024-02-28 18:00:00,9.700,1005.700,8.800,212.000,10.100,1.529
2024-02-28 19:00:00,10.300,1005.500,9.500,216.000,10.900,1.204
2024-02-28 20:00:00,10.400,1004.200,10.300,211.000,12.200,0.827
2024-02-28 21:00:00,10.800,1004.100,11.600,213.000,13.700,0.541
2024-02-28 22:00:00,15.200,1005.300,6.300,237.000,8.100,0.748
2024-02-28 23:00:00,11.700,1006.600,3.700,244.000,4.700,1.135
2024-02-29 00:00:00,9.900,1005.400,5.900,206.000,7.300,1.365
2024-02-29 01:00:00,10.000,1005.800,6.700,216.000,7.700,1.683
2024-02-29 02:00:00,14.000,1005.100,3.800,230.000,5.200,2.018
2024-02-29 03:00:00,14.100,1007.300,9.100,310.000,13.700,2.402
2024-02-29 04:00:00,10.000,1009.700,8.600,322.000,10.900,2.333
2024-02-29 05:00:00,9.200,1012.200,8.900,314.000,12.600,2.096
2024-02-29 06:00:00,7.700,1014.500,8.100,312.000,11.600,1.155
2024-02-29 07:00:00,6.000,1016.200,8.600,320.000,12.000,0.991
2024-02-29 08:00:00,5.100,1018.200,6.900,328.000,9.300,0.213
2024-02-29 09:00:00,4.200,1020.000,7.300,326.000,10.100,0.210
2024-02-29 10:00:00,2.900,1022.000,4.400,313.000,6.000,0.052
2024-02-29 11:00:00,2.300,1023.900,4.200,317.000,5.400,0.394
2024-02-29 12:00:00,2.000,1025.400,5.700,326.000,7.600,0.469
2024-02-29 13:00:00,2.200,1027.100,7.000,330.000,8.500,1.194
2024-02-29 14:00:00,2.700,1027.600,6.700,321.000,8.800,1.506
2024-02-29 15:00:00,3.300,1027.800,6.200,306.000,8.000,1.722
2024-02-29 16:00:00,3.700,1027.600,6.400,303.000,8.900,1.677
2024-02-29 17:00:00,4.000,1027.600,6.800,298.000,9.100,1.444
2024-02-29 18:00:00,4.400,1027.700,6.100,286.000,7.500,1.089
2024-02-29 19:00:00,5.100,1026.900,7.300,341.000,9.500,0.466
2024-02-29 20:00:00,5.900,1026.600,6.300,291.000,10.500,0.164
2024-02-29 21:00:00,6.400,1027.100,5.300,294.000,7.000,-0.171
2024-02-29 22:00:00,6.800,1027.500,3.600,295.000,4.900,-0.197
2024-02-29 23:00:00,5.800,1028.200,3.300,271.000,4.100,-0.049
2025-01-01 00:00:00,11.300,999.900,5.000,162.000,7.200,2.539
2025-01-01 01:00:00,10.500,999.800,3.300,244.000,4.400,2.644
2025-01-01 02:00:00,12.600,999.900,2.100,321.000,2.700,2.566
2025-01-01 03:00:00,11.900,999.800,3.300,6.000,3.800,2.379
2025-01-01 04:00:00,10.800,999.200,1.900,183.000,2.300,1.886
2025-01-01 05:00:00,10.700,999.200,4.000,258.000,5.700,1.270
2025-01-01 06:00:00,10.400,999.300,3.800,251.000,4.400,1.001
2025-01-01 07:00:00,10.600,999.700,3.200,277.000,4.400,0.863
2025-01-01 08:00:00,9.900,999.900,2.500,279.000,2.900,1.079
2025-01-01 09:00:00,9.300,1000.000,2.300,278.000,2.800,1.568
2025-01-01 10:00:00,9.500,1000.300,2.500,274.000,3.300,1.985
2025-01-01 11:00:00,10.000,1000.600,2.600,273.000,3.100,2.484
2025-01-01 12:00:00,10.200,1000.800,4.400,295.000,6.400,2.940
2025-01-01 13:00:00,9.800,1002.200,6.100,311.000,9.400,3.337
2025-01-01 14:00:00,9.800,1003.300,7.800,304.000,11.400,3.379
2025-01-01 15:00:00,9.700,1004.400,10.500,296.000,19.200,3.192
2025-01-01 16:00:00,9.600,1004.400,10.200,300.000,15.000,2.792
2025-01-01 17:00:00,9.500,1004.200,12.600,315.000,17.700,2.054
2025-01-01 18:00:00,9.900,1004.400,11.600,312.000,16.600,1.414
2025-01-01 19:00:00,10.100,1005.200,10.300,296.000,15.000,0.906
2025-01-01 20:00:00,9.900,1006.200,8.800,314.000,11.400,0.650
2025-01-01 21:00:00,9.300,1007.400,9.000,308.000,15.900,0.781
2025-01-01 22:00:00,8.300,1008.700,8.200,302.000,13.600,1.020
2025-01-01 23:00:00,7.500,1010.100,8.100,306.000,12.200,1.394
2025-01-02 00:00:00,7.200,1011.300,8.800,323.000,11.900,1.765
2025-01-02 01:00:00,6.700,1012.200,5.300,293.000,7.400,1.923
2025-01-02 02:00:00,5.900,1012.400,4.900,290.000,7.000,1.926
2025-01-02 03:00:00,5.600,1012.800,4.300,280.000,5.500,1.811
2025-01-02 04:00:00,5.300,1013.000,3.700,275.000,5.300,1.421
2025-01-02 05:00:00,5.000,1013.400,3.500,271.000,4.400,0.866
2025-01-02 06:00:00,4.300,1013.600,2.500,272.000,3.600,0.325
2025-01-02 07:00:00,4.100,1014.400,4.300,287.000,5.600,-0.085
2025-01-02 08:00:00,4.000,1015.200,9.100,317.000,11.400,-0.371
2025-01-02 09:00:00,3.300,1015.400,6.900,310.000,10.600,-0.230
2025-01-02 10:00:00,3.000,1016.000,5.800,316.000,7.700,0.043
2025-01-02 11:00:00,2.700,1016.600,4.900,305.000,7.400,0.728
2025-01-02 12:00:00,2.400,1017.500,3.800,294.000,4.700,1.394
2025-01-02 13:00:00,2.500,1018.100,3.900,303.000,6.000,1.850
2025-01-02 14:00:00,3.100,1018.600,5.300,281.000,7.700,2.083
2025-01-02 15:00:00,4.200,1019.300,10.600,311.000,14.700,2.100
2025-01-02 16:00:00,4.700,1018.600,10.500,321.000,12.800,1.716
2025-01-02 17:00:00,5.000,1017.700,6.900,301.000,11.900,1.109
2025-01-02 18:00:00,5.200,1016.600,6.800,300.000,11.900,0.449
2025-01-02 19:00:00,4.900,1017.200,9.100,313.000,12.400,-0.092
2025-01-02 20:00:00,5.100,1017.100,5.700,318.000,9.500,-0.509
2025-01-02 21:00:00,4.700,1017.700,6.600,319.000,8.000,-0.676
2025-01-02 22:00:00,3.900,1018.400,4.700,318.000,7.400,-0.456
2025-01-02 23:00:00,3.300,1019.000,3.300,302.000,4.500,-0.180
2025-01-03 00:00:00,2.700,1019.400,2.000,265.000,2.500,0.387
2025-01-03 01:00:00,1.900,1019.100,1.800,288.000,2.300,0.810
2025-01-03 02:00:00,1.300,1019.100,2.600,292.000,3.100,1.132
2025-01-03 03:00:00,1.500,1018.800,2.400,312.000,2.900,1.060
2025-01-03 04:00:00,0.800,1018.900,2.100,278.000,2.700,0.843
2025-01-03 05:00:00,1.200,1018.500,2.900,287.000,3.600,0.420
2025-01-03 06:00:00,1.100,1018.000,2.500,276.000,2.900,-0.121
2025-01-03 07:00:00,0.400,1018.500,2.400,307.000,3.200,-0.650
2025-01-03 08:00:00,0.500,1018.600,2.300,316.000,2.800,-1.001
2025-01-03 09:00:00,0.300,1018.400,2.200,307.000,3.000,-1.093
2025-01-03 10:00:00,-0.300,1018.600,2.300,280.000,2.800,-0.843
2025-01-03 11:00:00,-0.500,1018.300,1.900,293.000,3.000,-0.440
2025-01-03 12:00:00,-0.900,1018.500,2.400,275.000,2.900,0.384
2025-01-03 13:00:00,-0.400,1018.300,2.500,285.000,3.400,1.040
2025-01-03 14:00:00,0.900,1017.800,2.200,282.000,2.900,1.522
2025-01-03 15:00:00,1.800,1017.300,3.500,248.000,4.300,1.729
2025-01-03 16:00:00,3.100,1015.500,4.200,212.000,5.300,1.640
2025-01-03 17:00:00,3.600,1012.600,5.300,213.000,6.500,1.348
2025-01-03 18:00:00,4.300,1011.000,6.100,223.000,8.000,0.919
2025-01-03 19:00:00,5.500,1009.800,6.700,228.000,8.400,0.148
2025-01-03 20:00:00,5.600,1009.100,6.400,229.000,8.000,-0.308
2025-01-03 21:00:00,5.800,1008.600,8.900,279.000,11.500,-0.646
2025-01-03 22:00:00,5.200,1008.500,2.400,264.000,2.800,-0.564
2025-01-03 23:00:00,4.600,1008.600,7.600,260.000,12.500,-0.322
2025-01-04 00:00:00,1.300,1009.500,6.500,290.000,8.500,0.026
2025-01-04 01:00:00,1.400,1009.400,7.000,316.000,8.700,0.459
2025-01-04 02:00:00,-0.400,1010.100,11.200,333.000,16.100,0.876
2025-01-04 03:00:00,0.500,1010.300,5.200,326.000,7.400,1.368
2025-01-04 04:00:00,0.200,1010.400,8.500,317.000,11.700,1.289
2025-01-04 05:00:00,-0.200,1010.500,6.900,318.000,10.300,1.270
2025-01-04 06:00:00,-0.400,1010.800,8.500,316.000,11.600,0.709
2025-01-04 07:00:00,-0.900,1011.800,7.400,320.000,9.900,0.066
2025-01-04 08:00:00,-1.100,1012.500,5.200,311.000,7.000,-0.502
2025-01-04 09:00:00,-1.400,1012.900,5.700,312.000,8.400,-0.846
2025-01-04 10:00:00,-1.500,1013.500,6.100,312.000,8.500,-0.659
2025-01-04 11:00:00,-1.600,1014.400,5.000,307.000,6.600,-0.236
2025-01-04 12:00:00,-1.600,1015.000,4.500,298.000,7.300,0.292
2025-01-04 13:00:00,-1.500,1015.300,5.400,308.000,8.200,0.883
2025-01-04 14:00:00,-0.700,1015.900,8.800,306.000,11.800,1.483
2025-01-04 15:00:00,-0.200,1015.900,8.200,303.000,12.900,1.847
2025-01-04 16:00:00,-0.100,1015.400,10.200,316.000,13.800,1.998
2025-01-04 17:00:00,0.000,1014.900,9.400,310.000,13.600,1.936
2025-01-04 18:00:00,0.100,1014.700,9.300,320.000,13.800,1.594
2025-01-04 19:00:00,-0.100,1014.900,9.000,300.000,12.800,0.902
2025-01-04 20:00:00,-0.200,1015.500,9.000,314.000,12.000,0.322
2025-01-04 21:00:00,-0.500,1016.400,8.800,304.000,11.000,-0.259
2025-01-04 22:00:00,-0.600,1016.900,6.800,300.000,10.200,-0.512
2025-01-04 23:00:00,-1.100,1017.600,5.300,310.000,7.300,-0.436
2025-01-05 00:00:00,-1.400,1018.200,5.100,306.000,6.700,-0.177
2025-01-05 01:00:00,-1.800,1018.600,3.300,305.000,4.200,0.390
2025-01-05 02:00:00,-2.100,1018.700,3.900,307.000,5.800,0.906
2025-01-05 03:00:00,-2.300,1018.900,3.600,309.000,4.900,1.332
2025-01-05 04:00:00,-2.700,1019.300,3.700,314.000,5.100,1.578
2025-01-05 05:00:00,-2.800,1019.000,5.500,312.000,8.000,1.483
2025-01-05 06:00:00,-3.300,1019.000,5.600,305.000,7.400,1.234
2025-01-05 07:00:00,-3.700,1019.700,5.400,308.000,7.000,0.774
2025-01-05 08:00:00,-3.700,1020.500,3.900,282.000,4.800,0.174
2025-01-05 09:00:00,-4.000,1020.200,3.900,306.000,5.200,-0.374
2025-01-05 10:00:00,-4.100,1020.200,4.100,293.000,5.700,-0.515
2025-01-05 11:00:00,-4.100,1021.000,4.700,300.000,7.000,-0.505
2025-01-05 12:00:00,-4.100,1021.300,5.000,312.000,7.100,-0.302
2025-01-05 13:00:00,-3.900,1021.100,5.900,327.000,7.800,0.331
2025-01-05 14:00:00,-3.100,1021.100,6.800,322.000,8.700,0.896
2025-01-05 15:00:00,-1.900,1020.900,6.400,327.000,8.500,1.414
2025-01-05 16:00:00,-0.100,1019.900,6.400,309.000,8.400,1.742
2025-01-05 17:00:00,1.100,1018.500,6.000,305.000,9.000,1.841
2025-01-05 18:00:00,1.600,1018.100,6.700,316.000,10.400,1.778
2025-01-05 19:00:00,1.100,1017.600,7.300,323.000,9.200,1.325
2025-01-05 20:00:00,1.200,1017.700,6.600,314.000,8.600,0.719
2025-01-05 21:00:00,1.200,1018.400,4.000,310.000,5.900,0.249
2025-01-05 22:00:00,0.700,1019.000,5.400,314.000,7.200,-0.246
2025-01-05 23:00:00,0.400,1019.100,2.600,307.000,3.500,-0.338
2025-01-06 00:00:00,-0.100,1018.900,2.600,337.000,3.100,-0.295
2025-01-06 01:00:00,-0.300,1019.200,1.700,308.000,2.100,0.259
2025-01-06 02:00:00,-0.300,1019.000,2.200,338.000,2.700,0.768
2025-01-06 03:00:00,0.000,1019.200,3.200,340.000,4.200,1.332
2025-01-06 04:00:00,0.100,1019.000,2.300,319.000,2.900,1.726
2025-01-06 05:00:00,-0.100,1018.500,2.000,308.000,2.700,1.857
2025-01-06 06:00:00,-0.100,1018.200,1.800,268.000,2.600,1.801
2025-01-06 07:00:00,-0.900,1017.700,2.900,270.000,3.900,1.598
2025-01-06 08:00:00,-1.500,1017.700,3.100,246.000,4.000,1.224
2025-01-06 09:00:00,-2.100,1017.000,2.300,249.000,2.800,0.820
2025-01-06 10:00:00,-2.800,1015.400,0.800,26.000,1.200,0.217
2025-01-06 11:00:00,-2.600,1014.100,1.400,30.000,2.200,-0.036
2025-01-06 12:00:00,-1.900,1013.000,2.300,83.000,3.500,0.098
2025-01-06 13:00:00,-1.100,1011.600,3.200,81.000,4.000,0.518
2025-01-06 14:00:00,-0.300,1010.500,3.200,84.000,5.400,1.109
2025-01-06 15:00:00,0.000,1009.300,3.700,117.000,4.800,1.526
2025-01-06 16:00:00,1.000,1007.500,3.700,100.000,6.200,1.900
2025-01-06 17:00:00,1.700,1004.600,4.500,70.000,6.200,2.195
2025-01-06 18:00:00,1.800,1003.500,5.000,35.000,7.100,2.375
2025-01-06 19:00:00,1.800,1001.000,4.000,64.000,6.500,2.162
2025-01-06 20:00:00,2.100,1001.400,4.600,31.000,8.200,1.903
2025-01-06 21:00:00,2.000,1000.800,5.200,34.000,9.500,1.430
2025-01-06 22:00:00,1.500,999.900,6.800,31.000,9.600,0.856
2025-01-06 23:00:00,1.200,1000.000,6.200,24.000,9.800,0.682
2025-01-07 00:00:00,-0.100,999.500,8.900,12.000,11.400,0.528
2025-01-07 01:00:00,-0.500,1001.000,7.800,0.000,10.600,0.896
2025-01-07 02:00:00,-1.100,1002.500,6.200,338.000,7.500,1.339
2025-01-07 03:00:00,-1.400,1004.300,6.000,336.000,9.100,1.739
2025-01-07 04:00:00,-1.000,1004.400,7.800,350.000,10.500,2.136
2025-01-07 05:00:00,-1.400,1005.300,7.000,339.000,9.300,2.398
2025-01-07 06:00:00,-1.400,1006.000,7.700,343.000,9.800,2.710
2025-01-07 07:00:00,-2.600,1007.000,7.900,334.000,10.300,2.674
2025-01-07 08:00:00,-3.900,1008.100,9.400,343.000,13.900,2.329
2025-01-07 09:00:00,-5.100,1008.900,11.300,336.000,15.200,1.860
2025-01-07 10:00:00,-5.600,1010.000,8.500,335.000,10.000,1.201
2025-01-07 11:00:00,-5.700,1011.200,10.400,330.000,12.500,0.518
2025-01-07 12:00:00,-5.700,1012.100,8.200,332.000,11.400,0.367
2025-01-07 13:00:00,-5.400,1012.900,9.600,332.000,13.000,0.499
2025-01-07 14:00:00,-4.800,1013.900,6.300,326.000,7.500,0.627
2025-01-07 15:00:00,-3.700,1014.300,9.700,328.000,12.900,0.784
2025-01-07 16:00:00,-2.900,1014.400,10.100,325.000,13.100,1.319
2025-01-07 17:00:00,-1.600,1013.600,7.300,320.000,9.900,1.818
2025-01-07 18:00:00,-0.800,1012.800,10.500,320.000,15.100,2.034
2025-01-07 19:00:00,0.000,1013.100,7.500,327.000,9.200,1.913
2025-01-07 20:00:00,0.600,1013.400,7.300,326.000,10.500,1.719
2025-01-07 21:00:00,0.900,1014.100,6.900,317.000,8.600,1.115
2025-01-07 22:00:00,0.700,1015.000,6.800,326.000,11.500,0.692
2025-01-07 23:00:00,0.300,1015.800,6.400,325.000,8.900,0.151
2025-01-08 00:00:00,0.300,1016.300,8.200,325.000,11.100,-0.302
2025-01-08 01:00:00,-0.200,1016.900,5.400,323.000,7.600,-0.374
2025-01-08 02:00:00,-0.700,1017.000,4.300,312.000,5.100,-0.207
2025-01-08 03:00:00,-0.900,1017.400,5.100,314.000,6.500,0.374
2025-01-08 04:00:00,-1.200,1018.000,4.100,313.000,5.300,1.056
2025-01-08 05:00:00,-1.300,1018.200,4.500,312.000,6.100,1.460
2025-01-08 06:00:00,-1.500,1018.200,6.200,324.000,7.300,1.795
2025-01-08 07:00:00,-2.000,1018.400,5.500,305.000,7.200,2.008
2025-01-08 08:00:00,-2.500,1018.500,4.800,302.000,7.000,1.988
2025-01-08 09:00:00,-2.800,1018.400,5.900,305.000,8.200,1.716
2025-01-08 10:00:00,-3.000,1018.500,4.800,301.000,7.000,1.319
2025-01-08 11:00:00,-3.300,1018.400,5.300,312.000,7.100,0.715
2025-01-08 12:00:00,-3.200,1018.500,4.500,314.000,5.400,0.223
2025-01-08 13:00:00,-3.100,1018.600,5.200,320.000,6.500,-0.089
2025-01-08 14:00:00,-2.400,1018.600,5.500,305.000,7.200,-0.033
2025-01-08 15:00:00,-1.700,1018.200,7.400,310.000,11.300,0.105
2025-01-08 16:00:00,-1.200,1017.400,8.400,334.000,10.700,0.436
2025-01-08 17:00:00,-1.000,1015.900,9.400,328.000,14.600,0.919
2025-01-08 18:00:00,-1.000,1014.400,7.400,324.000,9.900,1.312
2025-01-08 19:00:00,-0.600,1013.100,7.800,318.000,10.100,1.424
2025-01-08 20:00:00,-0.200,1013.000,9.700,330.000,12.300,1.437
2025-01-08 21:00:00,-0.200,1013.100,6.500,323.000,8.600,1.257
2025-01-08 22:00:00,-0.900,1013.200,4.600,323.000,6.600,0.768
2025-01-08 23:00:00,-1.200,1013.300,4.400,304.000,6.300,0.194
2025-01-09 00:00:00,-1.500,1013.300,4.800,308.000,6.900,-0.364
2025-01-09 01:00:00,-1.800,1013.300,3.900,309.000,5.400,-0.738
2025-01-09 02:00:00,-2.000,1013.100,5.800,323.000,7.200,-0.771
2025-01-09 03:00:00,-2.700,1013.200,5.700,321.000,6.900,-0.420
2025-01-09 04:00:00,-3.400,1013.000,6.200,313.000,8.900,-0.056
2025-01-09 05:00:00,-3.800,1012.900,6.800,316.000,8.600,0.499
2025-01-09 06:00:00,-4.200,1012.500,5.700,314.000,7.400,1.070
2025-01-09 07:00:00,-4.500,1012.100,7.000,319.000,8.800,1.453
2025-01-09 08:00:00,-4.900,1011.800,8.400,316.000,11.000,1.690
2025-01-09 09:00:00,-5.100,1011.700,6.400,317.000,8.900,1.654
2025-01-09 10:00:00,-5.400,1011.600,6.100,313.000,8.400,1.348
2025-01-09 11:00:00,-5.400,1012.000,6.700,315.000,9.100,0.784
2025-01-09 12:00:00,-5.300,1012.100,7.200,313.000,10.000,0.069
2025-01-09 13:00:00,-5.100,1012.000,8.800,313.000,11.300,-0.384
2025-01-09 14:00:00,-4.300,1012.200,9.700,316.000,12.600,-0.607
2025-01-09 15:00:00,-3.700,1012.600,9.300,325.000,15.900,-0.633
2025-01-09 16:00:00,-3.300,1011.800,11.700,327.000,18.700,-0.538
2025-01-09 17:00:00,-2.700,1011.200,11.800,324.000,15.900,-0.230
2025-01-09 18:00:00,-2.100,1011.400,8.700,318.000,14.200,0.259
2025-01-09 19:00:00,-1.500,1011.000,10.400,308.000,13.600,0.738
2025-01-09 20:00:00,-0.800,1011.000,11.200,324.000,15.300,0.961
2025-01-09 21:00:00,-0.500,1011.700,9.600,313.000,13.900,0.974
2025-01-09 22:00:00,-0.800,1012.300,7.500,311.000,10.600,0.768
2025-01-09 23:00:00,-0.900,1012.400,9.800,314.000,13.500,0.305
2025-01-10 00:00:00,-1.100,1013.000,8.900,313.000,14.000,-0.197
2025-01-10 01:00:00,-1.400,1013.500,7.400,311.000,10.700,-0.787
2025-01-10 02:00:00,-1.800,1013.900,7.600,310.000,9.400,-1.079
2025-01-10 03:00:00,-2.000,1014.300,8.800,318.000,13.000,-0.948
2025-01-10 04:00:00,-2.000,1014.400,8.300,325.000,11.000,-0.653
2025-01-10 05:00:00,-2.300,1014.400,8.100,323.000,10.900,-0.030
2025-01-10 06:00:00,-2.300,1014.000,7.900,335.000,10.000,0.797
2025-01-10 07:00:00,-2.500,1014.200,9.400,337.000,12.000,1.375
2025-01-10 08:00:00,-2.900,1014.800,8.700,327.000,11.000,1.949
2025-01-10 09:00:00,-3.000,1014.800,7.400,337.000,9.600,2.218
2025-01-10 10:00:00,-3.100,1015.700,8.400,330.000,10.900,2.228
2025-01-10 11:00:00,-3.400,1016.000,8.000,329.000,11.200,2.054
2025-01-10 12:00:00,-3.700,1016.400,8.300,328.000,10.300,1.798
2025-01-10 13:00:00,-3.700,1016.500,9.000,332.000,11.000,1.371
2025-01-10 14:00:00,-3.000,1016.400,8.500,339.000,9.800,0.738
2025-01-10 15:00:00,-2.000,1016.600,8.900,343.000,11.100,0.495
2025-01-10 16:00:00,-0.900,1015.800,6.000,346.000,8.600,0.545
2025-01-10 17:00:00,0.000,1014.900,6.000,334.000,7.400,0.699
2025-01-10 18:00:00,0.600,1014.400,5.000,317.000,6.800,0.955
2025-01-10 19:00:00,1.200,1013.800,5.000,319.000,6.000,1.457
2025-01-10 20:00:00,1.100,1014.100,3.800,297.000,4.700,1.804
2025-01-10 21:00:00,0.900,1012.900,3.000,295.000,3.800,2.116
2025-01-10 22:00:00,0.500,1011.700,1.700,322.000,2.100,2.110
2025-01-10 23:00:00,0.100,1011.700,2.300,342.000,2.900,2.113
2025-01-11 00:00:00,0.000,1011.600,1.800,311.000,2.200,1.795
2025-01-11 01:00:00,-0.100,1011.000,1.800,259.000,2.300,1.230
2025-01-11 02:00:00,-0.200,1010.300,2.000,279.000,2.400,0.791
2025-01-11 03:00:00,-0.200,1008.800,0.500,228.000,0.900,0.486
2025-01-11 04:00:00,-0.100,1008.500,3.800,228.000,4.700,0.522
2025-01-11 05:00:00,-0.100,1008.400,3.400,229.000,4.400,0.741
2025-01-11 06:00:00,-0.900,1006.300,4.000,252.000,4.800,1.325
2025-01-11 07:00:00,-1.100,1004.800,2.700,229.000,3.200,1.775
2025-01-11 08:00:00,-1.000,1003.100,3.300,222.000,4.000,2.375
2025-01-11 09:00:00,-0.600,1001.100,2.200,223.000,2.800,2.825
2025-01-11 10:00:00,-0.400,999.800,2.700,239.000,3.700,3.031
2025-01-11 11:00:00,-0.500,998.600,2.300,233.000,2.800,3.133
2025-01-11 12:00:00,-0.800,998.000,2.800,342.000,3.500,3.009
2025-01-11 13:00:00,-1.000,998.700,4.300,338.000,5.500,2.697
2025-01-11 14:00:00,-1.300,998.700,4.200,345.000,5.800,2.254
2025-01-11 15:00:00,-0.800,999.400,6.800,341.000,9.500,1.444
2025-01-11 16:00:00,-0.800,999.000,6.200,343.000,8.600,1.138
2025-01-11 17:00:00,-0.500,998.600,7.200,322.000,10.200,1.086
2025-01-11 18:00:00,-0.200,998.600,7.900,333.000,10.700,1.047
2025-01-11 19:00:00,0.400,999.100,8.600,315.000,11.100,1.457
2025-01-11 20:00:00,0.600,1000.400,8.300,329.000,10.500,1.919
2025-01-11 21:00:00,1.100,1002.200,8.900,331.000,12.500,2.375
2025-01-11 22:00:00,0.900,1003.500,6.500,330.000,8.300,2.533
2025-01-11 23:00:00,0.800,1004.800,6.700,337.000,9.300,2.448
2025-01-12 00:00:00,0.600,1006.500,7.200,325.000,9.900,2.277
2025-01-12 01:00:00,0.300,1007.400,7.300,320.000,10.400,2.126
2025-01-12 02:00:00,0.100,1008.700,5.600,318.000,6.900,1.207
2025-01-12 03:00:00,-0.200,1009.600,4.500,321.000,7.000,0.879
2025-01-12 04:00:00,-0.700,1010.400,5.200,310.000,6.700,0.574
2025-01-12 05:00:00,-1.000,1011.700,4.800,308.000,6.900,0.558
2025-01-12 06:00:00,-1.000,1011.800,5.400,310.000,7.600,0.817
2025-01-12 07:00:00,-1.200,1012.900,5.000,310.000,6.600,1.371
2025-01-12 08:00:00,-1.200,1013.400,5.300,317.000,7.300,2.031
2025-01-12 09:00:00,-1.100,1013.200,5.400,336.000,6.600,2.487
2025-01-12 10:00:00,-1.500,1014.200,3.400,309.000,4.300,2.910
2025-01-12 11:00:00,-1.700,1014.500,2.700,319.000,3.500,3.179
2025-01-12 12:00:00,-1.800,1014.800,3.000,321.000,4.200,3.205
2025-01-12 13:00:00,-1.700,1015.600,3.400,326.000,4.300,3.110
2025-01-12 14:00:00,-0.700,1016.700,4.400,314.000,5.600,2.799
2025-01-12 15:00:00,0.700,1017.400,4.400,313.000,5.900,2.060
2025-01-12 16:00:00,1.600,1017.700,4.700,322.000,6.000,1.411
2025-01-12 17:00:00,2.500,1017.200,3.600,309.000,4.700,1.086
2025-01-12 18:00:00,3.200,1016.900,3.100,302.000,4.400,0.948
2025-01-12 19:00:00,3.700,1016.600,3.500,298.000,4.600,1.155
2025-01-12 20:00:00,3.800,1016.600,3.300,321.000,4.300,1.483
2025-01-12 21:00:00,4.400,1016.700,1.000,264.000,1.200,1.962
2025-01-12 22:00:00,3.400,1017.200,1.400,330.000,1.700,2.379
2025-01-12 23:00:00,2.400,1017.600,1.700,298.000,2.000,2.569
2025-01-13 00:00:00,1.600,1017.800,1.100,257.000,1.200,2.461
2025-01-13 01:00:00,1.000,1018.400,2.600,268.000,3.200,2.326
2025-01-13 02:00:00,0.400,1018.500,2.800,272.000,3.600,1.860
2025-01-13 03:00:00,0.500,1018.600,2.100,265.000,2.600,1.325
2025-01-13 04:00:00,0.200,1018.300,2.300,244.000,2.800,0.817
2025-01-13 05:00:00,0.200,1017.900,2.000,250.000,2.500,0.476
2025-01-13 06:00:00,0.200,1017.300,2.300,259.000,2.900,0.463
2025-01-13 07:00:00,0.300,1017.200,2.700,232.000,3.300,0.866
2025-01-13 08:00:00,0.600,1017.200,3.400,238.000,4.200,1.470
2025-01-13 09:00:00,0.300,1016.600,2.900,244.000,3.700,2.054
2025-01-13 10:00:00,-0.200,1016.600,2.300,232.000,3.200,2.500
2025-01-13 11:00:00,-0.600,1016.500,2.600,220.000,3.200,2.917
2025-01-13 12:00:00,-0.100,1016.900,2.200,227.000,2.700,3.110
2025-01-13 13:00:00,0.400,1016.000,1.600,234.000,2.600,3.081
2025-01-13 14:00:00,1.300,1017.000,2.900,230.000,3.700,2.953
2025-01-13 15:00:00,2.100,1016.700,2.900,254.000,3.400,2.470
2025-01-13 16:00:00,3.700,1016.500,3.000,213.000,3.700,1.594
2025-01-13 17:00:00,3.700,1015.300,3.700,208.000,4.100,1.214
2025-01-13 18:00:00,5.100,1014.000,2.000,195.000,3.200,0.804
2025-01-13 19:00:00,4.700,1013.300,6.300,219.000,7.500,0.909
2025-01-13 20:00:00,5.200,1013.200,5.200,218.000,6.100,1.024
2025-01-13 21:00:00,5.000,1013.700,4.100,218.000,4.600,1.509
2025-01-13 22:00:00,6.500,1014.000,3.200,262.000,3.900,1.962
2025-01-13 23:00:00,4.600,1014.400,2.200,252.000,2.300,2.326
2025-01-14 00:00:00,3.800,1014.700,0.800,258.000,1.100,2.434
2025-01-14 01:00:00,2.800,1014.900,1.500,233.000,1.800,2.375
2025-01-14 02:00:00,2.400,1015.000,2.600,13.000,3.100,2.169
2025-01-14 03:00:00,1.700,1015.100,2.200,322.000,2.700,1.699
2025-01-14 04:00:00,2.300,1015.200,2.100,300.000,2.700,1.184
2025-01-14 05:00:00,1.800,1015.100,1.900,313.000,2.100,0.581
2025-01-14 06:00:00,1.600,1015.100,2.100,321.000,2.400,0.289
2025-01-14 07:00:00,1.400,1015.600,3.000,323.000,3.800,0.272
2025-01-14 08:00:00,1.000,1016.000,3.800,330.000,4.400,0.643
2025-01-14 09:00:00,0.200,1016.200,3.400,335.000,3.900,1.257
2025-01-14 10:00:00,0.700,1016.900,3.900,338.000,5.000,1.814
2025-01-14 11:00:00,0.300,1017.600,5.000,337.000,6.800,2.293
2025-01-14 12:00:00,-0.300,1018.100,5.700,347.000,6.700,2.690
2025-01-14 13:00:00,-0.300,1018.700,9.100,343.000,12.300,2.848
2025-01-14 14:00:00,-0.900,1019.700,10.100,347.000,12.700,2.769
2025-01-14 15:00:00,-1.100,1020.400,9.000,347.000,12.300,2.470
2025-01-14 16:00:00,-1.000,1020.500,6.700,326.000,10.000,1.739
2025-01-14 17:00:00,-0.900,1019.900,6.500,306.000,8.700,1.125
2025-01-14 18:00:00,-0.400,1018.700,3.700,292.000,4.900,0.551
2025-01-14 19:00:00,0.500,1018.400,4.000,296.000,6.700,0.282
2025-01-14 20:00:00,0.600,1018.000,4.200,312.000,5.600,0.348
2025-01-14 21:00:00,0.700,1017.900,3.500,304.000,5.200,0.597
2025-01-14 22:00:00,-0.200,1017.900,4.100,317.000,5.700,1.168
2025-01-14 23:00:00,-0.700,1018.200,2.200,336.000,2.700,1.519
2025-01-15 00:00:00,-1.100,1018.100,1.800,320.000,2.100,1.893
2025-01-15 01:00:00,-1.200,1018.000,1.100,325.000,1.900,2.018
2025-01-15 02:00:00,-1.100,1018.300,3.000,338.000,3.400,1.949
2025-01-15 03:00:00,-1.000,1019.000,2.800,305.000,3.700,1.601
2025-01-15 04:00:00,-0.800,1018.700,5.100,339.000,6.100,1.033
2025-01-15 05:00:00,-1.000,1018.900,6.100,350.000,10.600,0.322
2025-01-15 06:00:00,-2.200,1019.400,9.300,339.000,13.600,-0.233
2025-01-15 07:00:00,-3.200,1020.500,7.900,345.000,10.800,-0.453
2025-01-15 08:00:00,-4.000,1021.300,6.100,332.000,8.200,-0.420
2025-01-15 09:00:00,-4.000,1022.200,6.700,325.000,10.100,0.180
2025-01-15 10:00:00,-4.500,1022.900,5.800,323.000,7.600,0.801
2025-01-15 11:00:00,-5.200,1023.500,4.600,310.000,6.100,1.385
2025-01-15 12:00:00,-5.100,1024.300,5.800,318.000,7.600,1.844
2025-01-15 13:00:00,-4.900,1024.600,5.100,304.000,7.200,2.254
2025-01-15 14:00:00,-4.400,1024.900,7.700,314.000,10.100,2.398
2025-01-15 15:00:00,-3.300,1025.300,7.400,323.000,9.800,2.188
2025-01-15 16:00:00,-2.700,1024.500,9.100,312.000,11.700,1.811
2025-01-15 17:00:00,-2.100,1023.700,7.700,321.000,10.000,1.175
2025-01-15 18:00:00,-1.500,1022.400,8.400,320.000,10.700,0.633
2025-01-15 19:00:00,-1.200,1021.500,8.000,319.000,10.200,0.157
2025-01-15 20:00:00,-0.800,1021.600,6.700,304.000,8.100,-0.007
2025-01-15 21:00:00,-0.800,1022.200,7.900,320.000,10.700,0.213
2025-01-15 22:00:00,-1.200,1022.800,5.800,310.000,7.700,0.515
2025-01-15 23:00:00,-1.800,1023.100,4.000,297.000,5.800,1.083
2025-01-16 00:00:00,-1.800,1023.000,4.800,299.000,6.800,1.519
2025-01-16 01:00:00,-2.100,1023.300,4.400,289.000,5.600,1.818
2025-01-16 02:00:00,-2.600,1023.300,3.900,307.000,5.100,1.975
2025-01-16 03:00:00,-2.600,1023.200,4.300,309.000,6.000,1.857
2025-01-16 04:00:00,-2.800,1023.300,4.600,322.000,6.700,1.585
2025-01-16 05:00:00,-3.500,1022.600,4.400,312.000,5.400,1.027
2025-01-16 06:00:00,-4.100,1022.200,2.500,301.000,3.200,0.564
2025-01-16 07:00:00,-4.800,1022.200,3.400,304.000,4.700,0.092
2025-01-16 08:00:00,-5.100,1021.700,2.800,308.000,4.100,0.059
2025-01-16 09:00:00,-5.600,1021.100,2.000,291.000,2.400,0.381
2025-01-16 10:00:00,-6.000,1020.800,2.700,297.000,3.700,0.860
2025-01-16 11:00:00,-6.000,1020.200,1.500,307.000,2.000,1.437
2025-01-16 12:00:00,-5.200,1019.700,2.600,17.000,3.200,1.936
2025-01-16 13:00:00,-5.200,1019.400,1.500,300.000,2.100,2.385
2025-01-16 14:00:00,-4.800,1019.100,1.600,251.000,2.000,2.710
2025-01-16 15:00:00,-3.600,1018.600,1.400,251.000,1.800,2.733
2025-01-16 16:00:00,-2.600,1017.600,2.000,245.000,2.700,2.516
2025-01-16 17:00:00,-2.400,1015.200,4.400,218.000,5.000,2.205
2025-01-16 18:00:00,-0.700,1013.100,4.100,218.000,4.900,1.558
2025-01-16 19:00:00,0.500,1011.600,7.700,225.000,9.300,1.086
2025-01-16 20:00:00,0.700,1010.800,6.900,222.000,8.000,0.735
2025-01-16 21:00:00,0.200,1010.100,5.200,235.000,7.000,0.699
2025-01-16 22:00:00,-0.500,1009.500,4.600,230.000,5.700,0.997
2025-01-16 23:00:00,0.400,1009.500,3.800,237.000,4.700,1.444
2025-01-17 00:00:00,1.600,1009.200,3.700,240.000,4.500,1.732
2025-01-17 01:00:00,2.600,1009.300,3.800,252.000,4.400,2.034
2025-01-17 02:00:00,3.400,1009.300,2.100,267.000,2.500,2.280
2025-01-17 03:00:00,2.600,1010.100,3.200,354.000,4.100,2.326
2025-01-17 04:00:00,2.300,1010.900,5.000,347.000,6.700,2.221
2025-01-17 05:00:00,1.800,1010.900,4.600,2.000,5.300,1.713
2025-01-17 06:00:00,1.700,1012.100,4.700,6.000,5.300,1.135
2025-01-17 07:00:00,1.000,1013.100,4.300,354.000,5.800,0.715
2025-01-17 08:00:00,0.700,1013.700,5.000,3.000,6.100,0.400
2025-01-17 09:00:00,0.200,1014.600,4.100,348.000,6.000,0.384
2025-01-17 10:00:00,0.200,1015.500,4.100,351.000,4.900,0.791
2025-01-17 11:00:00,0.200,1017.100,2.100,307.000,2.800,1.355
2025-01-17 12:00:00,-0.200,1018.200,1.700,278.000,2.000,1.890
2025-01-17 13:00:00,-0.100,1019.400,2.900,264.000,3.800,2.297
2025-01-17 14:00:00,1.000,1020.400,4.100,285.000,5.600,2.680
2025-01-17 15:00:00,2.700,1020.900,4.300,309.000,5.900,2.822
2025-01-17 16:00:00,3.800,1020.700,6.100,291.000,8.700,2.743
2025-01-17 17:00:00,4.400,1019.700,5.200,336.000,6.800,2.612
2025-01-17 18:00:00,4.700,1019.000,3.800,322.000,5.000,2.005
2025-01-17 19:00:00,5.300,1018.600,4.300,290.000,6.500,1.414
2025-01-17 20:00:00,5.500,1018.800,2.300,287.000,3.300,1.020
2025-01-17 21:00:00,5.700,1019.000,2.800,259.000,3.300,0.827
2025-01-17 22:00:00,3.900,1019.800,2.200,185.000,3.000,0.971
2025-01-17 23:00:00,3.800,1020.300,2.800,205.000,3.300,1.119
2025-01-18 00:00:00,2.900,1020.500,2.200,220.000,2.500,1.529
2025-01-18 01:00:00,3.700,1020.300,3.200,187.000,4.600,1.909
2025-01-18 02:00:00,4.000,1020.500,4.600,190.000,5.900,2.254
2025-01-18 03:00:00,4.200,1020.700,4.800,197.000,6.200,2.418
2025-01-18 04:00:00,4.200,1020.400,5.000,199.000,6.800,2.428
2025-01-18 05:00:00,4.200,1020.000,5.800,205.000,6.700,2.198
2025-01-18 06:00:00,4.400,1019.100,5.800,200.000,6.500,1.706
2025-01-18 07:00:00,4.600,1018.900,5.900,203.000,7.100,1.270
2025-01-18 08:00:00,4.500,1018.400,4.600,199.000,5.400,0.863
2025-01-18 09:00:00,4.600,1017.400,4.100,189.000,5.200,0.679
2025-01-18 10:00:00,5.100,1016.500,4.800,179.000,6.500,0.712
2025-01-18 11:00:00,4.800,1016.700,2.400,189.000,3.300,1.004
2025-01-18 12:00:00,5.100,1016.200,2.200,186.000,3.500,1.545
2025-01-18 13:00:00,6.000,1015.600,3.700,170.000,4.900,1.969
2025-01-18 14:00:00,6.300,1014.900,3.200,165.000,4.600,2.343
2025-01-18 15:00:00,7.000,1014.200,2.300,160.000,4.600,2.625
2025-01-18 16:00:00,7.100,1011.700,4.300,155.000,6.600,2.703
2025-01-18 17:00:00,7.700,1009.800,5.200,161.000,7.700,2.671
2025-01-18 18:00:00,7.300,1008.500,4.300,225.000,5.400,2.385
2025-01-18 19:00:00,7.000,1008.000,6.800,213.000,7.700,1.926
2025-01-18 20:00:00,7.100,1007.200,3.300,202.000,3.800,1.404
2025-01-18 21:00:00,5.800,1007.000,3.700,208.000,4.200,1.158
2025-01-18 22:00:00,5.800,1007.300,2.900,201.000,3.400,1.027
2025-01-18 23:00:00,4.700,1007.300,3.800,215.000,4.100,1.171
2025-01-19 00:00:00,5.800,1007.500,3.000,222.000,3.700,1.247
2025-01-19 01:00:00,5.100,1007.400,4.400,216.000,4.700,1.893
2025-01-19 02:00:00,6.100,1007.700,1.800,261.000,2.100,2.293
2025-01-19 03:00:00,6.800,1007.700,3.900,289.000,5.200,2.457
2025-01-19 04:00:00,6.100,1007.900,2.800,294.000,3.800,2.657
2025-01-19 05:00:00,5.900,1007.900,3.000,298.000,3.900,2.612
2025-01-19 06:00:00,5.000,1007.700,2.200,325.000,2.500,2.444
2025-01-19 07:00:00,4.300,1007.900,0.100,14.000,0.400,2.037
2025-01-19 08:00:00,3.300,1008.100,0.000,273.000,0.300,1.729
2025-01-19 09:00:00,2.500,1007.900,0.500,321.000,0.500,1.355
2025-01-19 10:00:00,2.500,1008.300,0.800,310.000,1.200,1.194
2025-01-19 11:00:00,2.400,1008.300,1.400,7.000,1.700,1.250
2025-01-19 12:00:00,2.200,1009.100,0.800,4.000,1.100,1.457
2025-01-19 13:00:00,2.500,1008.600,1.700,7.000,1.900,1.893
2025-01-19 14:00:00,2.300,1008.900,2.200,24.000,2.900,2.326
2025-01-19 15:00:00,4.200,1008.100,2.300,41.000,4.100,2.575
2025-01-19 16:00:00,4.900,1007.500,1.300,66.000,2.700,2.749
2025-01-19 17:00:00,5.100,1005.600,2.300,34.000,3.300,2.864
2025-01-19 18:00:00,5.300,1003.400,1.600,61.000,3.200,2.638
2025-01-19 19:00:00,4.800,1001.900,3.100,26.000,4.200,2.379
2025-01-19 20:00:00,3.700,1001.300,2.900,20.000,4.200,1.893
2025-01-19 21:00:00,3.900,1000.200,3.600,33.000,5.200,1.588
2025-01-19 22:00:00,4.100,999.100,1.500,30.000,2.600,1.496
2025-01-19 23:00:00,3.200,1001.200,6.800,341.000,8.800,1.467
2025-01-20 00:00:00,2.100,1003.400,8.600,348.000,11.600,1.483
2025-01-20 01:00:00,0.800,1004.400,8.900,360.000,11.200,1.558
2025-01-20 02:00:00,0.500,1006.600,7.100,328.000,9.300,1.696
2025-01-20 03:00:00,-0.100,1008.200,8.600,325.000,10.200,2.395
2025-01-20 04:00:00,-0.600,1010.300,9.700,328.000,11.400,2.487
2025-01-20 05:00:00,-1.700,1011.700,7.900,334.000,10.700,2.621
2025-01-20 06:00:00,-2.000,1013.200,8.100,336.000,11.200,2.336
2025-01-20 07:00:00,-2.200,1014.700,8.800,325.000,12.500,2.231
2025-01-20 08:00:00,-2.300,1016.200,6.500,329.000,8.500,1.572
2025-01-20 09:00:00,-2.600,1017.400,7.800,337.000,9.800,1.191
2025-01-20 10:00:00,-3.100,1019.000,5.400,332.000,6.500,0.879
2025-01-20 11:00:00,-3.500,1020.500,3.800,336.000,5.200,0.741
2025-01-20 12:00:00,-4.000,1021.800,3.000,334.000,4.100,0.892
2025-01-20 13:00:00,-4.000,1023.000,2.700,335.000,3.300,1.027
2025-01-20 14:00:00,-3.100,1024.000,5.100,326.000,6.500,1.601
2025-01-20 15:00:00,-2.300,1025.000,5.700,355.000,6.600,1.916
2025-01-20 16:00:00,-2.100,1025.800,6.700,359.000,8.100,2.175
2025-01-20 17:00:00,-1.800,1025.600,3.600,330.000,5.200,2.290
2025-01-20 18:00:00,-1.500,1025.300,2.900,321.000,5.000,2.080
2025-01-20 19:00:00,-1.000,1025.500,8.000,327.000,10.800,2.021
2025-01-20 20:00:00,-1.500,1026.400,5.100,315.000,7.000,1.434
2025-01-20 21:00:00,-1.600,1027.700,4.500,305.000,6.300,1.066
2025-01-20 22:00:00,-2.000,1028.200,5.200,340.000,7.200,0.719
2025-01-20 23:00:00,-2.800,1029.100,4.700,341.000,6.800,0.397
2025-01-21 00:00:00,-3.600,1030.100,4.200,337.000,5.300,0.381
2025-01-21 01:00:00,-4.400,1031.200,5.000,328.000,6.500,0.427
2025-01-21 02:00:00,-5.100,1031.800,6.700,345.000,9.400,0.764
2025-01-21 03:00:00,-5.600,1033.000,4.700,334.000,6.400,1.115
2025-01-21 04:00:00,-6.100,1033.300,4.800,336.000,6.100,1.473
2025-01-21 05:00:00,-6.400,1033.600,4.600,343.000,6.100,1.562
2025-01-21 06:00:00,-6.700,1033.600,5.700,350.000,7.300,1.572
2025-01-21 07:00:00,-7.000,1033.400,6.600,348.000,8.300,1.480
2025-01-21 08:00:00,-7.900,1034.300,6.500,4.000,8.300,1.142
2025-01-21 09:00:00,-8.400,1034.700,5.100,7.000,6.200,0.751
2025-01-21 10:00:00,-8.400,1034.900,4.900,337.000,5.800,0.397
2025-01-21 11:00:00,-8.800,1035.000,5.800,332.000,7.500,-0.030
2025-01-21 12:00:00,-8.800,1035.300,6.500,357.000,8.800,0.052
2025-01-21 13:00:00,-8.400,1036.100,5.600,356.000,6.900,0.128
2025-01-21 14:00:00,-8.600,1035.400,7.300,8.000,8.600,0.400
2025-01-21 15:00:00,-8.200,1036.000,5.700,2.000,7.200,0.879
2025-01-21 16:00:00,-7.800,1035.400,4.500,354.000,5.600,1.115
2025-01-21 17:00:00,-7.400,1034.200,3.400,344.000,5.100,1.411
2025-01-21 18:00:00,-7.100,1033.100,2.500,1.000,4.000,1.388
2025-01-21 19:00:00,-6.900,1030.900,3.800,9.000,5.200,1.273
2025-01-21 20:00:00,-6.300,1030.400,4.600,357.000,5.600,1.066
2025-01-21 21:00:00,-6.500,1031.400,3.600,9.000,5.600,0.892
2025-01-21 22:00:00,-6.600,1031.100,2.900,340.000,3.600,0.328
2025-01-21 23:00:00,-6.500,1031.800,3.800,317.000,4.800,0.023
2025-01-22 00:00:00,-7.100,1032.100,4.200,336.000,5.300,-0.023
2025-01-22 01:00:00,-8.300,1032.000,4.200,334.000,5.000,0.000
2025-01-22 02:00:00,-8.400,1030.500,4.900,356.000,6.100,0.262
2025-01-22 03:00:00,-8.400,1030.600,6.900,358.000,8.200,0.738
2025-01-22 04:00:00,-8.200,1031.100,6.100,2.000,7.600,1.060
2025-01-22 05:00:00,-7.900,1030.900,3.600,27.000,6.300,1.430
2025-01-22 06:00:00,-7.100,1030.800,5.400,348.000,6.800,1.526
2025-01-22 07:00:00,-6.600,1031.100,6.300,360.000,8.400,1.529
2025-01-22 08:00:00,-6.300,1030.100,6.200,8.000,7.500,1.401
2025-01-22 09:00:00,-6.400,1030.400,6.200,9.000,8.000,1.273
2025-01-22 10:00:00,-6.400,1030.400,5.200,11.000,6.200,1.214
2025-01-22 11:00:00,-6.100,1029.600,7.600,18.000,9.700,0.646
2025-01-22 12:00:00,-6.100,1030.100,6.900,10.000,9.000,0.400
2025-01-22 13:00:00,-6.600,1030.100,8.300,15.000,11.100,0.564
2025-01-22 14:00:00,-6.800,1030.900,5.900,25.000,9.500,0.784
2025-01-22 15:00:00,-7.100,1032.100,8.500,13.000,10.900,0.988
2025-01-22 16:00:00,-7.100,1032.300,5.300,20.000,6.900,1.247
2025-01-22 17:00:00,-7.000,1032.400,4.100,28.000,6.100,1.414
2025-01-22 18:00:00,-6.900,1032.000,3.500,2.000,4.700,1.503
2025-01-22 19:00:00,-6.200,1031.400,5.300,7.000,6.600,1.631
2025-01-22 20:00:00,-5.900,1031.600,3.100,28.000,4.500,1.572
2025-01-22 21:00:00,-5.800,1031.400,2.300,72.000,3.100,1.378
2025-01-22 22:00:00,-6.400,1031.200,2.200,82.000,2.900,1.224
2025-01-22 23:00:00,-6.600,1031.800,1.000,74.000,2.000,0.696
2025-01-23 00:00:00,-6.500,1031.400,2.500,34.000,4.400,0.410
2025-01-23 01:00:00,-6.400,1031.000,1.400,40.000,2.000,0.272
2025-01-23 02:00:00,-7.500,1030.700,2.600,336.000,3.000,0.577
2025-01-23 03:00:00,-8.300,1030.900,2.900,338.000,3.500,0.764
2025-01-23 04:00:00,-8.200,1029.600,3.500,5.000,4.200,1.198
2025-01-23 05:00:00,-8.200,1029.300,3.300,337.000,4.100,1.447
2025-01-23 06:00:00,-8.700,1029.100,3.300,352.000,4.200,1.703
2025-01-23 07:00:00,-8.600,1028.900,3.400,348.000,4.100,1.913
2025-01-23 08:00:00,-7.900,1028.100,3.800,342.000,4.600,1.939
2025-01-23 09:00:00,-7.300,1026.900,4.500,7.000,5.600,1.916
2025-01-23 10:00:00,-7.600,1027.000,3.800,340.000,4.800,1.713
2025-01-23 11:00:00,-7.400,1026.700,3.600,354.000,4.500,1.260
2025-01-23 12:00:00,-7.100,1026.600,2.700,348.000,3.500,1.010
2025-01-23 13:00:00,-6.600,1026.100,4.900,7.000,6.000,0.843
2025-01-23 14:00:00,-5.600,1025.800,4.200,0.000,4.800,0.843
2025-01-23 15:00:00,-4.600,1025.600,4.000,352.000,4.800,0.945
2025-01-23 16:00:00,-3.600,1025.000,3.800,330.000,4.500,1.155
2025-01-23 17:00:00,-3.200,1024.000,3.700,325.000,4.800,1.391
2025-01-23 18:00:00,-2.800,1022.800,4.200,308.000,5.600,1.654
2025-01-23 19:00:00,-2.100,1022.100,3.200,307.000,4.600,1.801
2025-01-23 20:00:00,-1.800,1020.800,0.600,288.000,1.700,1.831
2025-01-23 21:00:00,-1.900,1020.700,1.400,328.000,2.000,1.742
2025-01-23 22:00:00,-1.800,1020.800,1.400,346.000,1.900,1.598
2025-01-23 23:00:00,-2.000,1021.200,1.300,308.000,1.500,1.378
2025-01-24 00:00:00,-2.300,1021.500,1.800,247.000,2.100,0.833
2025-01-24 01:00:00,-3.200,1021.500,2.400,276.000,3.000,0.581
2025-01-24 02:00:00,-3.700,1021.600,2.700,275.000,3.500,0.433
2025-01-24 03:00:00,-3.900,1021.600,2.000,247.000,2.500,0.610
2025-01-24 04:00:00,-4.200,1021.600,2.100,245.000,2.700,0.896
2025-01-24 05:00:00,-4.300,1021.300,2.600,270.000,3.200,1.224
2025-01-24 06:00:00,-4.300,1020.800,3.300,257.000,4.500,1.552
2025-01-24 07:00:00,-3.400,1021.200,4.000,291.000,5.300,1.801
2025-01-24 08:00:00,-4.700,1021.400,3.800,287.000,4.900,1.844
2025-01-24 09:00:00,-3.800,1021.200,3.600,313.000,4.400,1.880
2025-01-24 10:00:00,-3.300,1021.700,3.500,337.000,4.200,1.726
2025-01-24 11:00:00,-4.400,1022.500,2.200,318.000,2.900,1.453
2025-01-24 12:00:00,-3.800,1022.800,2.200,356.000,3.000,1.033
2025-01-24 13:00:00,-3.100,1022.800,2.400,6.000,2.800,0.715
2025-01-24 14:00:00,-1.600,1023.300,1.800,358.000,2.400,0.554
2025-01-24 15:00:00,-0.200,1023.400,1.300,17.000,2.000,0.528
2025-01-24 16:00:00,0.900,1023.300,3.200,13.000,4.900,0.564
2025-01-24 17:00:00,1.600,1022.500,4.300,17.000,6.200,0.820
2025-01-24 18:00:00,1.400,1021.400,4.400,70.000,5.500,1.142
2025-01-24 19:00:00,1.100,1021.000,3.300,70.000,5.200,1.348
2025-01-24 20:00:00,0.600,1020.900,2.600,86.000,4.200,1.444
2025-01-24 21:00:00,0.600,1021.500,1.500,127.000,2.100,1.444
2025-01-24 22:00:00,0.700,1022.100,1.100,129.000,1.600,1.407
2025-01-24 23:00:00,0.800,1023.000,1.400,200.000,1.800,1.178
2025-01-25 00:00:00,0.700,1023.400,1.600,181.000,2.100,0.702
2025-01-25 01:00:00,0.200,1023.800,1.100,5.000,1.600,0.440
2025-01-25 02:00:00,-1.000,1023.900,1.600,23.000,2.000,0.203
2025-01-25 03:00:00,-1.500,1024.700,1.300,7.000,1.500,0.262
2025-01-25 04:00:00,-2.000,1024.500,0.800,18.000,1.200,0.436
2025-01-25 05:00:00,-2.400,1025.000,1.600,15.000,1.800,0.837
2025-01-25 06:00:00,-2.300,1025.000,1.500,7.000,1.700,1.115
2025-01-25 07:00:00,-2.000,1025.800,2.100,14.000,2.700,1.552
2025-01-25 08:00:00,-2.400,1026.100,2.100,357.000,2.500,1.916
2025-01-25 09:00:00,-2.500,1026.300,2.200,346.000,2.500,2.093
2025-01-25 10:00:00,-2.500,1026.500,1.700,333.000,2.400,2.070
2025-01-25 11:00:00,-3.200,1027.700,2.500,354.000,3.400,1.936
2025-01-25 12:00:00,-3.100,1028.300,3.000,6.000,3.800,1.696
2025-01-25 13:00:00,-2.900,1028.900,1.900,341.000,2.600,1.283
2025-01-25 14:00:00,-2.000,1029.500,2.900,7.000,3.600,0.837
2025-01-25 15:00:00,-1.100,1029.700,3.700,5.000,4.600,0.505
2025-01-25 16:00:00,-0.700,1029.400,2.900,30.000,3.800,0.443
2025-01-25 17:00:00,0.800,1028.400,1.600,109.000,3.000,0.561
2025-01-25 18:00:00,1.400,1027.600,2.300,120.000,2.900,0.764
2025-01-25 19:00:00,1.100,1027.100,3.500,174.000,5.400,1.024
2025-01-25 20:00:00,1.200,1026.700,6.300,201.000,7.000,1.296
2025-01-25 21:00:00,1.400,1026.300,8.800,211.000,9.900,1.447
2025-01-25 22:00:00,1.000,1026.000,6.200,228.000,7.700,1.473
2025-01-25 23:00:00,0.500,1026.400,5.000,233.000,7.000,1.302
2025-01-26 00:00:00,0.200,1026.300,3.900,228.000,5.300,0.942
2025-01-26 01:00:00,0.100,1026.100,4.500,230.000,5.400,0.568
2025-01-26 02:00:00,0.300,1025.700,6.300,225.000,7.600,0.092
2025-01-26 03:00:00,0.600,1025.700,6.200,231.000,8.000,-0.102
2025-01-26 04:00:00,0.600,1025.200,6.000,223.000,7.500,-0.180
2025-01-26 05:00:00,0.900,1024.800,6.100,222.000,7.200,0.102
2025-01-26 06:00:00,1.600,1023.900,4.800,229.000,6.100,0.400
2025-01-26 07:00:00,0.700,1023.300,5.100,219.000,5.800,0.955
2025-01-26 08:00:00,0.500,1022.600,5.000,216.000,5.600,1.339
2025-01-26 09:00:00,2.900,1021.800,4.800,250.000,5.900,1.660
2025-01-26 10:00:00,2.800,1021.900,4.100,264.000,5.400,1.847
2025-01-26 11:00:00,2.000,1022.000,3.300,269.000,4.200,1.765
2025-01-26 12:00:00,1.700,1022.200,3.600,251.000,4.200,1.558
2025-01-26 13:00:00,1.200,1022.300,2.500,235.000,3.000,1.214
2025-01-26 14:00:00,3.800,1022.400,4.900,283.000,6.600,0.735
2025-01-26 15:00:00,5.400,1022.400,5.800,280.000,7.400,0.289
2025-01-26 16:00:00,6.900,1022.100,5.800,282.000,8.400,-0.033
2025-01-26 17:00:00,8.000,1021.400,5.700,283.000,7.400,-0.052
2025-01-26 18:00:00,8.500,1020.700,5.700,286.000,6.800,0.072
2025-01-26 19:00:00,8.700,1020.600,4.300,291.000,5.900,0.318
2025-01-26 20:00:00,8.800,1020.500,3.900,286.000,5.400,0.663
2025-01-26 21:00:00,8.500,1020.700,3.100,330.000,3.800,1.037
2025-01-26 22:00:00,8.100,1020.900,0.700,304.000,1.000,1.201
2025-01-26 23:00:00,4.600,1021.300,0.700,210.000,0.800,1.217
2025-01-27 00:00:00,3.200,1021.600,0.000,198.000,0.300,0.922
2025-01-27 01:00:00,1.700,1021.600,0.000,198.000,0.000,0.600
2025-01-27 02:00:00,0.900,1021.200,0.400,198.000,0.500,0.164
2025-01-27 03:00:00,1.400,1020.900,1.500,220.000,1.700,-0.197
2025-01-27 04:00:00,0.600,1020.600,0.000,257.000,0.100,-0.367
2025-01-27 05:00:00,0.700,1019.800,0.200,243.000,0.400,-0.299
2025-01-27 06:00:00,-0.500,1019.000,0.100,246.000,0.600,0.059
2025-01-27 07:00:00,-0.500,1018.500,0.600,11.000,0.800,0.686
2025-01-27 08:00:00,-0.100,1018.400,2.000,334.000,2.300,1.083
2025-01-27 09:00:00,0.900,1017.800,2.500,288.000,3.800,1.657
2025-01-27 10:00:00,0.700,1017.300,1.700,340.000,1.900,1.991
2025-01-27 11:00:00,0.400,1017.500,1.700,285.000,2.000,2.175
2025-01-27 12:00:00,0.500,1017.700,1.900,6.000,2.300,2.103
2025-01-27 13:00:00,0.800,1018.500,1.100,351.000,1.500,1.936
2025-01-27 14:00:00,2.300,1019.200,2.700,10.000,3.400,1.535
2025-01-27 15:00:00,5.300,1019.300,4.900,326.000,6.100,1.017
2025-01-27 16:00:00,5.200,1018.800,2.700,27.000,3.500,0.407
2025-01-27 17:00:00,5.800,1017.100,1.900,115.000,2.500,0.098
2025-01-27 18:00:00,4.800,1015.500,3.300,172.000,4.100,0.174
2025-01-27 19:00:00,5.400,1014.100,1.900,144.000,2.800,0.476
2025-01-27 20:00:00,4.400,1013.200,2.900,179.000,3.800,0.988
2025-01-27 21:00:00,4.000,1012.400,3.000,193.000,4.000,1.391
2025-01-27 22:00:00,3.500,1011.800,4.000,212.000,4.500,1.703
2025-01-27 23:00:00,2.900,1011.000,2.300,198.000,2.800,1.791
2025-01-28 00:00:00,2.800,1010.100,2.900,198.000,3.600,1.709
2025-01-28 01:00:00,2.500,1009.200,2.200,218.000,2.400,1.407
2025-01-28 02:00:00,2.300,1008.500,2.200,229.000,2.600,1.017
2025-01-28 03:00:00,2.500,1007.500,2.700,210.000,3.100,0.466
2025-01-28 04:00:00,4.000,1006.500,4.500,251.000,5.700,-0.003
2025-01-28 05:00:00,4.600,1006.000,2.900,239.000,3.700,-0.240
2025-01-28 06:00:00,4.100,1005.000,3.100,232.000,4.100,-0.144
2025-01-28 07:00:00,4.600,1004.300,4.600,267.000,6.400,0.240
2025-01-28 08:00:00,4.600,1003.900,6.200,276.000,8.600,0.807
2025-01-28 09:00:00,3.900,1003.600,4.800,280.000,6.100,1.381
2025-01-28 10:00:00,4.000,1003.500,4.600,263.000,6.700,1.768
2025-01-28 11:00:00,4.100,1003.800,5.300,267.000,6.800,2.126
2025-01-28 12:00:00,4.200,1004.400,4.500,265.000,5.700,2.270
2025-01-28 13:00:00,4.500,1005.200,5.200,280.000,6.600,2.146
2025-01-28 14:00:00,5.500,1006.300,4.700,317.000,7.000,1.814
2025-01-28 15:00:00,6.600,1006.900,3.500,289.000,4.400,1.168
2025-01-28 16:00:00,7.700,1007.000,6.400,284.000,8.700,0.423
2025-01-28 17:00:00,7.900,1006.400,9.500,319.000,12.700,-0.033
2025-01-28 18:00:00,8.100,1006.200,5.900,325.000,8.400,-0.230
2025-01-28 19:00:00,8.100,1006.200,6.600,311.000,9.500,-0.210
2025-01-28 20:00:00,8.800,1005.900,3.800,290.000,6.000,0.075
2025-01-28 21:00:00,8.500,1005.900,4.700,255.000,5.800,0.679
2025-01-28 22:00:00,8.400,1006.300,1.900,276.000,2.700,1.138
2025-01-28 23:00:00,4.500,1006.600,2.400,220.000,2.800,1.509
2025-01-29 00:00:00,4.000,1007.000,4.700,218.000,5.600,1.535
2025-01-29 01:00:00,3.800,1006.400,3.300,208.000,3.800,1.381
2025-01-29 02:00:00,3.700,1005.700,4.700,217.000,5.800,1.135
2025-01-29 03:00:00,4.500,1005.200,6.800,223.000,8.100,0.623
2025-01-29 04:00:00,4.600,1004.300,8.000,226.000,10.000,0.194
2025-01-29 05:00:00,5.000,1003.600,5.900,225.000,6.800,-0.308
2025-01-29 06:00:00,3.400,1002.700,3.800,214.000,4.100,-0.515
2025-01-29 07:00:00,4.600,1001.800,4.400,227.000,5.600,-0.315
2025-01-29 08:00:00,5.800,1001.600,3.400,245.000,5.000,0.180
2025-01-29 09:00:00,7.500,1001.300,6.600,267.000,8.900,0.915
2025-01-29 10:00:00,7.600,1001.200,6.600,261.000,9.600,1.470
2025-01-29 11:00:00,6.600,1001.200,5.000,260.000,6.400,1.936
2025-01-29 12:00:00,6.800,1001.200,4.000,272.000,5.000,2.290
2025-01-29 13:00:00,6.300,1001.100,3.700,251.000,4.200,2.379
2025-01-29 14:00:00,8.100,1001.400,5.000,248.000,6.600,2.178
2025-01-29 15:00:00,10.400,1001.600,7.700,252.000,9.700,1.814
2025-01-29 16:00:00,11.800,1001.200,6.300,264.000,8.100,1.079
2025-01-29 17:00:00,13.100,1000.000,9.200,272.000,14.200,0.545
2025-01-29 18:00:00,13.600,999.000,10.700,270.000,14.400,0.112
2025-01-29 19:00:00,14.600,999.300,9.500,267.000,14.300,-0.049
2025-01-29 20:00:00,15.000,1000.200,9.100,289.000,13.500,0.118
2025-01-29 21:00:00,14.700,1001.400,8.600,324.000,11.400,0.682
2025-01-29 22:00:00,13.300,1003.400,6.600,324.000,8.100,1.263
2025-01-29 23:00:00,10.500,1005.300,5.800,343.000,7.900,1.732
2025-01-30 00:00:00,9.500,1007.100,5.800,337.000,8.000,2.008
2025-01-30 01:00:00,9.100,1008.200,6.200,332.000,9.000,2.051
2025-01-30 02:00:00,8.800,1010.000,5.500,328.000,7.000,1.870
2025-01-30 03:00:00,7.800,1011.400,4.600,323.000,6.300,1.467
2025-01-30 04:00:00,7.100,1012.700,4.100,323.000,6.100,0.820
2025-01-30 05:00:00,6.900,1013.700,4.700,320.000,6.500,0.213
2025-01-30 06:00:00,6.500,1014.500,3.000,298.000,3.700,-0.262
2025-01-30 07:00:00,5.500,1015.600,1.700,311.000,2.200,-0.315
2025-01-30 08:00:00,3.800,1016.600,1.100,11.000,1.400,-0.157
2025-01-30 09:00:00,3.600,1017.700,2.800,337.000,3.500,0.538
2025-01-30 10:00:00,3.300,1019.000,3.300,337.000,3.700,1.214
2025-01-30 11:00:00,1.900,1019.900,1.900,331.000,2.100,1.696
2025-01-30 12:00:00,1.400,1021.600,0.000,195.000,0.000,2.139
2025-01-30 13:00:00,2.900,1022.900,1.600,43.000,2.400,2.434
2025-01-30 14:00:00,3.800,1024.000,1.400,94.000,2.700,2.411
2025-01-30 15:00:00,3.700,1024.200,2.200,74.000,3.300,2.070
2025-01-30 16:00:00,4.400,1024.800,2.200,101.000,3.200,1.499
2025-01-30 17:00:00,3.800,1024.800,3.300,79.000,4.600,0.758
2025-01-30 18:00:00,3.800,1023.500,3.900,80.000,5.500,0.121
2025-01-30 19:00:00,4.500,1023.900,3.200,104.000,4.400,-0.262
2025-01-30 20:00:00,4.200,1023.500,3.100,179.000,4.700,-0.292
2025-01-30 21:00:00,4.800,1023.500,2.800,181.000,3.800,0.036
2025-01-30 22:00:00,3.600,1023.600,2.300,187.000,2.800,0.801
2025-01-30 23:00:00,3.500,1023.600,2.100,179.000,2.700,1.329
2025-01-31 00:00:00,4.100,1023.200,2.400,155.000,3.200,1.768
2025-01-31 01:00:00,4.400,1023.700,2.600,178.000,3.500,2.005
2025-01-31 02:00:00,4.100,1023.300,1.200,201.000,1.500,2.001
2025-01-31 03:00:00,4.400,1022.400,2.700,186.000,3.700,1.703
2025-01-31 04:00:00,4.500,1022.300,1.500,213.000,1.800,1.309
2025-01-31 05:00:00,5.500,1021.300,4.700,179.000,6.500,0.610
2025-01-31 06:00:00,5.100,1020.600,3.800,228.000,4.800,-0.010
2025-01-31 07:00:00,5.900,1020.400,4.700,221.000,6.000,-0.390
2025-01-31 08:00:00,5.000,1019.300,3.300,226.000,3.900,-0.377
2025-01-31 09:00:00,5.200,1017.800,2.100,215.000,2.800,0.026
2025-01-31 10:00:00,5.800,1016.800,1.800,196.000,3.000,0.682
2025-01-31 11:00:00,5.500,1015.100,1.700,171.000,2.700,1.404
2025-01-31 12:00:00,5.900,1014.300,5.800,214.000,6.700,1.988
2025-01-31 13:00:00,8.500,1014.600,5.600,244.000,7.000,2.474
2025-01-31 14:00:00,9.200,1015.100,4.500,251.000,5.700,2.657
2025-01-31 15:00:00,10.700,1013.800,8.400,250.000,11.100,2.516
2025-01-31 16:00:00,10.600,1012.600,7.300,234.000,9.100,2.090
2025-01-31 17:00:00,11.100,1011.200,8.100,248.000,10.400,1.703
2025-01-31 18:00:00,10.300,1010.700,4.500,226.000,5.700,0.925
2025-01-31 19:00:00,7.900,1009.900,6.600,215.000,7.500,0.279
2025-01-31 20:00:00,10.100,1008.500,7.400,228.000,8.700,0.039
2025-01-31 21:00:00,9.000,1007.800,6.500,212.000,7.200,0.164
2025-01-31 22:00:00,8.600,1007.000,6.400,219.000,7.400,0.587
2025-02-01 00:00:00,8.400,1007.400,3.400,227.000,4.100,1.745
2025-02-01 01:00:00,6.700,1006.100,1.900,209.000,2.500,2.119
2025-02-01 02:00:00,6.500,1005.600,2.600,201.000,3.000,2.346
2025-02-01 03:00:00,9.300,1005.900,2.400,259.000,2.800,2.251
2025-02-01 04:00:00,9.100,1005.100,2.900,183.000,4.000,2.057
2025-02-01 05:00:00,8.300,1004.600,2.200,228.000,2.900,1.483
2025-02-01 06:00:00,11.200,1004.500,3.700,274.000,5.200,0.853
2025-02-01 07:00:00,10.300,1002.700,1.100,196.000,1.300,0.322
2025-02-01 08:00:00,9.000,1001.700,1.800,170.000,2.300,0.131
2025-02-01 09:00:00,7.600,1003.200,1.400,199.000,1.900,0.200
2025-02-01 10:00:00,10.400,1003.100,2.300,283.000,2.900,0.453
2025-02-01 11:00:00,11.200,1004.500,4.200,302.000,6.000,1.214
2025-02-01 12:00:00,10.900,1006.500,6.300,323.000,8.100,1.608
2025-02-01 13:00:00,7.600,1009.800,11.300,10.000,13.800,2.297
2025-02-01 14:00:00,6.400,1013.100,7.400,10.000,9.200,2.671
2025-02-01 15:00:00,6.400,1015.400,6.700,4.000,8.300,2.644
2025-02-01 16:00:00,5.600,1017.000,9.300,359.000,11.800,2.388
2025-02-01 17:00:00,5.600,1018.000,8.800,6.000,12.100,2.073
2025-02-01 18:00:00,4.800,1018.900,7.900,15.000,10.500,1.280
2025-02-01 19:00:00,5.300,1020.600,4.900,19.000,7.200,0.659
2025-02-01 20:00:00,6.300,1021.900,6.600,354.000,8.100,-0.026
2025-02-01 21:00:00,5.400,1023.200,5.000,30.000,7.100,0.033
2025-02-01 22:00:00,4.900,1024.200,6.100,34.000,8.100,0.292
2025-02-01 23:00:00,4.000,1025.600,6.300,19.000,9.200,0.899
2025-02-02 00:00:00,3.300,1026.400,6.500,3.000,9.300,1.417
2025-02-02 01:00:00,2.900,1027.100,7.800,12.000,10.400,2.047
2025-02-02 02:00:00,2.400,1028.400,6.300,27.000,9.200,2.536
2025-02-02 03:00:00,1.400,1029.000,4.100,37.000,7.300,2.746
2025-02-02 04:00:00,0.700,1030.200,3.300,45.000,5.900,2.674
2025-02-02 05:00:00,0.500,1030.500,2.700,55.000,6.600,2.365
2025-02-02 06:00:00,0.300,1030.700,3.700,71.000,6.200,1.886
2025-02-02 07:00:00,0.300,1030.600,4.400,71.000,6.800,1.188
2025-02-02 08:00:00,0.400,1031.000,3.600,64.000,6.100,0.610
2025-02-02 09:00:00,0.400,1030.900,2.400,67.000,4.200,0.381
2025-02-02 10:00:00,0.300,1030.900,3.300,29.000,5.400,0.584
2025-02-02 11:00:00,1.500,1031.500,3.800,88.000,5.600,0.958
2025-02-02 12:00:00,1.700,1031.900,3.400,89.000,4.900,1.588
2025-02-02 13:00:00,2.500,1032.000,2.200,77.000,3.400,2.057
2025-02-02 14:00:00,3.900,1032.200,2.700,120.000,3.900,2.523
2025-02-02 15:00:00,4.000,1031.800,2.400,127.000,3.200,2.766
2025-02-02 16:00:00,4.600,1030.700,3.100,117.000,4.700,2.818
2025-02-02 17:00:00,4.600,1029.200,4.600,122.000,6.200,2.575
2025-02-02 18:00:00,5.100,1028.600,2.600,135.000,3.600,2.260
2025-02-02 19:00:00,4.800,1027.400,1.200,86.000,1.700,1.647
2025-02-02 20:00:00,4.500,1026.500,1.100,113.000,1.600,0.994
2025-02-02 21:00:00,4.600,1025.900,1.100,112.000,1.500,0.614
2025-02-02 22:00:00,4.600,1025.700,1.100,181.000,1.600,0.627
2025-02-02 23:00:00,4.300,1025.500,1.400,167.000,1.700,0.866
2025-02-03 00:00:00,4.000,1024.900,1.800,179.000,2.200,1.385
2025-02-03 01:00:00,4.100,1024.500,1.000,176.000,1.400,1.959
2025-02-03 02:00:00,3.800,1023.900,2.800,205.000,3.100,2.356
2025-02-03 03:00:00,4.300,1023.500,1.600,237.000,1.900,2.730
2025-02-03 04:00:00,4.600,1022.400,3.400,225.000,4.000,2.831
2025-02-03 05:00:00,4.900,1021.900,2.400,265.000,2.900,2.690
2025-02-03 06:00:00,4.100,1022.200,2.800,312.000,3.300,2.425
2025-02-03 07:00:00,4.300,1021.800,1.800,271.000,2.100,1.781
2025-02-03 08:00:00,5.100,1020.900,2.800,255.000,3.300,1.184
2025-02-03 09:00:00,5.400,1020.400,1.700,270.000,2.400,0.676
2025-02-03 10:00:00,4.900,1020.300,2.700,218.000,3.000,0.594
2025-02-03 11:00:00,4.300,1020.600,2.000,199.000,2.200,0.600
2025-02-03 12:00:00,3.800,1021.000,0.900,201.000,1.100,0.915
2025-02-03 13:00:00,4.600,1021.600,0.400,188.000,0.700,1.486
2025-02-03 14:00:00,5.100,1021.500,1.600,189.000,2.500,1.952
2025-02-03 15:00:00,5.300,1021.200,3.400,185.000,4.600,2.310
2025-02-03 16:00:00,4.700,1020.400,4.000,191.000,5.200,2.530
2025-02-03 17:00:00,4.400,1019.500,4.300,198.000,5.200,2.477
2025-02-03 18:00:00,4.800,1018.200,3.700,193.000,5.600,2.205
2025-02-03 19:00:00,5.100,1016.900,4.700,198.000,5.500,1.706
2025-02-03 20:00:00,5.000,1016.500,3.500,194.000,5.000,1.129
2025-02-03 21:00:00,4.000,1015.600,5.800,205.000,7.000,0.623
2025-02-03 22:00:00,3.700,1015.300,5.700,207.000,7.000,0.354
2025-02-03 23:00:00,3.600,1014.400,5.600,205.000,7.000,0.443
2025-02-04 00:00:00,3.600,1013.900,7.600,205.000,9.200,0.712
2025-02-04 01:00:00,4.000,1013.500,7.200,211.000,8.100,1.302
2025-02-04 02:00:00,5.600,1012.800,6.700,219.000,8.100,1.729
2025-02-04 03:00:00,7.100,1012.000,7.400,217.000,8.700,2.205
2025-02-04 04:00:00,7.500,1011.300,5.500,218.000,6.900,2.539
2025-02-04 05:00:00,5.900,1010.900,5.400,211.000,5.800,2.513
2025-02-04 06:00:00,7.500,1010.000,5.000,218.000,6.000,2.428
2025-02-04 07:00:00,10.900,1009.400,5.900,248.000,7.700,2.175
2025-02-04 08:00:00,11.700,1008.700,6.300,262.000,8.000,1.598
2025-02-04 09:00:00,11.200,1008.200,6.200,259.000,7.900,1.089
2025-02-04 10:00:00,11.400,1008.000,5.700,265.000,6.600,0.610
2025-02-04 11:00:00,10.800,1008.100,5.800,278.000,7.600,0.492
2025-02-04 12:00:00,10.800,1008.600,5.500,288.000,7.800,0.509
2025-02-04 13:00:00,11.100,1009.200,5.800,286.000,7.600,0.899
2025-02-04 14:00:00,11.500,1010.700,4.200,341.000,4.800,1.388
2025-02-04 15:00:00,13.100,1011.200,4.700,336.000,6.000,1.818
2025-02-04 16:00:00,13.700,1011.900,5.200,9.000,6.200,2.152
2025-02-04 17:00:00,12.000,1012.200,2.700,68.000,4.300,2.369
2025-02-04 18:00:00,11.300,1013.000,3.600,40.000,6.300,2.241
2025-02-04 19:00:00,9.300,1014.500,8.300,29.000,11.500,2.037
2025-02-04 20:00:00,9.600,1015.300,5.600,33.000,8.300,1.473
2025-02-04 21:00:00,8.800,1016.500,7.600,26.000,10.300,0.909
2025-02-04 22:00:00,8.100,1018.000,5.800,19.000,8.500,0.482
2025-02-04 23:00:00,7.900,1019.600,5.000,33.000,6.900,0.269
2025-02-05 00:00:00,7.600,1021.200,5.000,13.000,6.400,0.423
2025-02-05 01:00:00,7.100,1021.600,4.900,16.000,7.300,0.827
2025-02-05 02:00:00,6.700,1022.300,6.200,18.000,9.500,1.381
2025-02-05 03:00:00,5.900,1022.700,4.700,21.000,7.200,1.873
2025-02-05 04:00:00,5.000,1023.900,2.900,26.000,4.500,2.290
2025-02-05 05:00:00,4.700,1024.500,3.500,30.000,4.800,2.585
2025-02-05 06:00:00,4.300,1024.900,2.100,18.000,3.200,2.625
2025-02-05 07:00:00,4.000,1024.900,1.800,21.000,2.700,2.405
2025-02-05 08:00:00,3.600,1025.200,3.400,7.000,4.100,2.172
2025-02-05 09:00:00,3.300,1025.000,2.000,33.000,3.200,1.781
2025-02-05 10:00:00,2.100,1025.800,1.800,320.000,2.000,1.138
2025-02-05 11:00:00,1.900,1026.200,2.200,350.000,2.600,0.666
2025-02-05 12:00:00,1.700,1027.000,2.900,355.000,3.500,0.453
2025-02-05 13:00:00,2.300,1027.500,4.300,10.000,5.300,0.515
2025-02-05 14:00:00,2.400,1028.400,3.700,18.000,5.100,0.725
2025-02-05 15:00:00,2.700,1028.800,2.900,29.000,3.900,1.125
2025-02-05 16:00:00,2.800,1028.800,1.900,44.000,3.700,1.578
2025-02-05 17:00:00,2.500,1028.300,2.700,36.000,3.800,1.883
2025-02-05 18:00:00,2.400,1027.200,2.800,35.000,5.200,1.978
2025-02-05 19:00:00,2.300,1026.900,1.700,66.000,3.700,1.837
2025-02-05 20:00:00,1.800,1027.000,3.100,75.000,5.000,1.670
2025-02-05 21:00:00,1.800,1026.900,2.400,97.000,3.400,1.181
2025-02-05 22:00:00,1.700,1027.100,2.800,92.000,3.400,0.814
2025-02-05 23:00:00,1.800,1027.100,1.800,84.000,2.800,0.427
2025-02-06 00:00:00,2.100,1026.900,2.200,119.000,3.400,0.200
2025-02-06 01:00:00,2.100,1026.800,2.400,110.000,3.100,0.400
2025-02-06 02:00:00,2.000,1026.100,3.700,121.000,5.300,0.797
2025-02-06 03:00:00,1.300,1026.600,3.000,108.000,4.400,1.329
2025-02-06 04:00:00,1.300,1025.900,3.200,102.000,4.200,1.850
2025-02-06 05:00:00,1.400,1025.300,3.600,80.000,5.100,2.231
2025-02-06 06:00:00,1.700,1024.300,4.000,89.000,6.200,2.533
2025-02-06 07:00:00,1.800,1023.500,4.900,92.000,7.600,2.694
2025-02-06 08:00:00,1.900,1022.300,5.500,100.000,8.200,2.602
2025-02-06 09:00:00,2.500,1020.500,5.100,94.000,8.000,2.464
2025-02-06 10:00:00,3.600,1019.500,4.200,98.000,6.100,2.178
2025-02-06 11:00:00,4.200,1018.200,4.600,103.000,6.500,1.781
2025-02-06 12:00:00,4.500,1016.300,4.400,109.000,7.200,1.204
2025-02-06 13:00:00,5.100,1015.800,1.600,111.000,2.100,1.132
2025-02-06 14:00:00,5.400,1015.600,3.400,286.000,4.200,1.240
2025-02-06 15:00:00,5.400,1014.300,2.700,276.000,3.100,1.434
2025-02-06 16:00:00,6.200,1013.000,2.500,275.000,3.100,1.631
2025-02-06 17:00:00,6.700,1013.000,6.400,275.000,9.500,1.985
2025-02-06 18:00:00,6.500,1011.800,6.700,283.000,9.600,2.192
2025-02-06 19:00:00,6.900,1009.800,6.700,244.000,8.100,2.323
2025-02-06 20:00:00,7.600,1009.500,8.800,252.000,11.300,2.238
2025-02-06 21:00:00,7.300,1010.000,7.400,256.000,9.400,2.211
2025-02-06 22:00:00,7.000,1009.900,5.100,248.000,6.500,1.745
2025-02-06 23:00:00,7.100,1010.300,5.700,245.000,7.400,1.253
2025-02-07 00:00:00,6.700,1010.000,4.800,236.000,6.600,0.869
2025-02-07 01:00:00,6.700,1010.400,3.700,238.000,5.000,0.738
2025-02-07 02:00:00,7.100,1010.200,4.400,241.000,5.900,0.837
2025-02-07 03:00:00,5.600,1010.100,3.300,221.000,3.700,1.033
2025-02-07 04:00:00,5.300,1009.400,3.300,204.000,4.100,1.457
2025-02-07 05:00:00,5.700,1009.100,4.300,207.000,4.700,2.005
2025-02-07 06:00:00,10.800,1008.100,5.300,239.000,7.000,2.470
2025-02-07 07:00:00,10.800,1007.500,7.200,254.000,8.800,2.648
2025-02-07 08:00:00,11.600,1007.600,5.700,272.000,7.100,2.782
2025-02-07 09:00:00,11.100,1009.000,7.400,293.000,10.400,2.808
2025-02-07 10:00:00,10.400,1008.400,4.200,315.000,5.800,2.598
2025-02-07 11:00:00,9.400,1009.300,2.900,280.000,4.400,2.156
2025-02-07 12:00:00,8.900,1010.600,3.000,307.000,5.100,1.713
2025-02-07 13:00:00,9.100,1012.100,6.600,321.000,8.800,1.220
2025-02-07 14:00:00,9.100,1013.200,6.500,329.000,9.100,0.948
2025-02-07 15:00:00,9.400,1014.000,8.200,346.000,11.300,0.935
2025-02-07 16:00:00,9.900,1014.800,7.300,322.000,9.200,0.866
2025-02-07 17:00:00,10.000,1014.500,7.100,327.000,9.400,0.968
2025-02-07 18:00:00,9.500,1015.100,9.100,343.000,11.100,1.325
2025-02-07 19:00:00,9.200,1015.600,7.400,333.000,9.300,1.493
2025-02-07 20:00:00,9.200,1016.500,7.500,326.000,9.700,1.549
2025-02-07 21:00:00,9.300,1017.400,8.300,359.000,12.200,1.591
2025-02-07 22:00:00,8.600,1018.200,4.700,340.000,6.200,1.365
2025-02-07 23:00:00,7.900,1019.000,5.800,9.000,7.000,0.997
2025-02-08 00:00:00,7.200,1020.200,3.900,7.000,4.700,0.381
2025-02-08 01:00:00,5.800,1021.100,5.400,22.000,8.600,0.023
2025-02-08 02:00:00,5.000,1021.100,6.900,27.000,10.700,-0.167
2025-02-08 03:00:00,4.700,1022.700,5.500,15.000,7.500,-0.020
2025-02-08 04:00:00,4.200,1023.600,3.100,10.000,4.700,0.341
2025-02-08 05:00:00,4.000,1024.400,2.600,21.000,4.200,0.787
2025-02-08 06:00:00,3.300,1024.300,2.200,31.000,2.900,1.375
2025-02-08 07:00:00,3.200,1023.500,2.500,65.000,3.900,1.788
2025-02-08 08:00:00,2.900,1024.200,1.800,38.000,2.700,2.133
2025-02-08 09:00:00,1.400,1024.800,1.700,313.000,2.200,2.359
2025-02-08 10:00:00,1.600,1024.900,1.300,305.000,1.600,2.208
2025-02-08 11:00:00,1.600,1024.900,1.800,316.000,2.200,2.083
2025-02-08 12:00:00,1.700,1025.200,1.600,349.000,2.000,1.722
2025-02-08 13:00:00,1.900,1026.400,1.200,338.000,1.600,1.138
2025-02-08 14:00:00,3.100,1025.900,2.300,77.000,3.400,0.646
2025-02-08 15:00:00,3.300,1025.400,2.200,89.000,3.100,0.312
2025-02-08 16:00:00,2.900,1025.100,2.600,81.000,4.900,0.341
2025-02-08 17:00:00,2.500,1024.000,3.200,69.000,5.200,0.558
2025-02-08 18:00:00,1.800,1023.500,1.900,72.000,3.400,0.778
2025-02-08 19:00:00,1.500,1022.400,2.600,74.000,3.900,1.230
2025-02-08 20:00:00,2.000,1021.500,3.100,121.000,4.100,1.496
2025-02-08 21:00:00,1.900,1020.100,4.200,114.000,5.800,1.732
2025-02-08 22:00:00,2.100,1018.900,4.200,109.000,5.900,1.808
2025-02-08 23:00:00,2.500,1017.900,3.800,126.000,6.100,1.778
2025-02-09 00:00:00,3.000,1016.800,5.600,136.000,8.200,1.680
2025-02-09 01:00:00,3.500,1015.200,2.400,123.000,4.000,1.056
2025-02-09 02:00:00,3.700,1013.100,2.900,146.000,5.000,0.673
2025-02-09 03:00:00,4.000,1011.700,2.500,214.000,2.900,0.463
2025-02-09 04:00:00,3.900,1009.600,2.500,255.000,3.500,0.692
2025-02-09 05:00:00,3.800,1009.000,3.200,277.000,4.400,0.942
2025-02-09 06:00:00,3.600,1008.200,2.700,292.000,3.500,1.404
2025-02-09 07:00:00,3.700,1008.200,1.500,294.000,2.000,1.831
2025-02-09 08:00:00,3.700,1008.400,1.100,266.000,1.300,2.270
2025-02-09 09:00:00,4.200,1008.100,2.500,247.000,3.000,2.598
2025-02-09 10:00:00,5.000,1009.300,4.600,288.000,6.500,2.785
2025-02-09 11:00:00,5.100,1010.000,6.100,290.000,7.900,2.858
2025-02-09 12:00:00,4.800,1011.600,3.800,306.000,5.400,2.694
2025-02-09 13:00:00,4.800,1013.500,4.900,328.000,7.000,2.313
2025-02-09 14:00:00,5.600,1014.600,5.900,338.000,7.600,1.699
2025-02-09 15:00:00,6.800,1015.900,7.700,338.000,9.500,1.033
2025-02-09 16:00:00,7.400,1016.500,10.000,329.000,13.600,0.748
2025-02-09 17:00:00,7.300,1017.300,7.800,349.000,10.800,0.666
2025-02-09 18:00:00,6.800,1017.400,7.600,351.000,9.100,0.853
2025-02-09 19:00:00,7.100,1018.000,7.900,359.000,10.100,1.119
2025-02-09 20:00:00,6.000,1018.800,5.500,26.000,8.400,1.703
2025-02-09 21:00:00,5.200,1019.800,4.200,64.000,7.100,2.008
2025-02-09 22:00:00,4.900,1020.800,4.500,28.000,6.200,2.310
2025-02-09 23:00:00,4.300,1022.000,6.100,25.000,10.700,2.343
2025-02-10 00:00:00,4.000,1023.300,5.000,27.000,7.300,2.182
2025-02-10 01:00:00,3.900,1023.900,5.100,38.000,7.800,1.913
2025-02-10 02:00:00,3.800,1025.100,2.500,48.000,3.600,1.181
2025-02-10 03:00:00,3.700,1025.200,1.400,49.000,3.400,0.912
2025-02-10 04:00:00,3.700,1024.900,3.200,33.000,4.200,0.518
2025-02-10 05:00:00,3.700,1024.600,3.100,63.000,5.600,0.577
2025-02-10 06:00:00,3.600,1023.900,1.500,59.000,3.200,0.843
2025-02-10 07:00:00,3.600,1025.500,2.700,31.000,3.500,1.526
2025-02-10 08:00:00,3.400,1025.700,3.500,355.000,4.600,1.916
2025-02-10 09:00:00,3.000,1025.700,3.500,4.000,4.100,2.280
2025-02-10 10:00:00,2.800,1026.400,3.600,346.000,4.600,2.664
2025-02-10 11:00:00,2.400,1026.500,4.000,1.000,4.600,2.871
2025-02-10 12:00:00,2.400,1027.200,4.500,8.000,5.500,2.841
2025-02-10 13:00:00,2.200,1027.500,3.800,2.000,4.400,2.543
2025-02-10 14:00:00,2.100,1027.700,3.600,7.000,4.300,2.201
2025-02-10 15:00:00,2.800,1028.000,3.600,21.000,5.700,1.650
2025-02-10 16:00:00,3.000,1028.100,4.000,13.000,5.000,0.997
2025-02-10 17:00:00,3.100,1027.400,4.200,21.000,5.200,0.738
2025-02-10 18:00:00,3.300,1026.700,4.500,67.000,8.500,0.728
2025-02-10 19:00:00,3.300,1026.200,4.500,73.000,7.000,0.928
2025-02-10 20:00:00,3.700,1026.300,3.000,64.000,4.900,1.371
2025-02-10 21:00:00,3.800,1026.500,3.100,77.000,5.200,1.686
2025-02-10 22:00:00,3.400,1027.100,3.100,70.000,4.800,2.110
2025-02-10 23:00:00,3.300,1028.000,1.400,54.000,2.600,2.333
2025-02-11 00:00:00,3.000,1028.000,0.900,82.000,1.900,2.247
2025-02-11 01:00:00,2.600,1028.800,1.000,312.000,1.200,2.001
2025-02-11 02:00:00,1.300,1028.800,0.900,342.000,1.100,1.355
2025-02-11 03:00:00,0.700,1029.300,1.600,339.000,1.800,0.938
2025-02-11 04:00:00,1.600,1029.700,1.000,18.000,1.700,0.495
2025-02-11 05:00:00,1.300,1029.400,1.500,8.000,1.900,0.197
2025-02-11 06:00:00,1.600,1029.300,2.500,341.000,3.100,0.194
2025-02-11 07:00:00,1.500,1028.900,2.200,351.000,2.900,0.614
2025-02-11 08:00:00,1.200,1029.300,2.600,347.000,3.300,1.257
2025-02-11 09:00:00,1.100,1029.000,2.500,333.000,2.900,1.831
2025-02-11 10:00:00,1.000,1029.100,1.500,3.000,2.000,2.185
2025-02-11 11:00:00,0.400,1029.300,1.800,311.000,2.100,2.552
2025-02-11 12:00:00,0.200,1029.400,2.900,349.000,3.300,2.713
2025-02-11 13:00:00,0.900,1029.500,3.300,2.000,4.000,2.635
2025-02-11 14:00:00,1.200,1029.600,1.000,342.000,1.300,2.385
2025-02-11 15:00:00,2.100,1029.500,1.000,13.000,1.400,1.850
2025-02-11 16:00:00,2.800,1029.300,0.400,259.000,0.800,1.201
2025-02-11 17:00:00,3.100,1027.600,1.000,222.000,1.200,0.709
2025-02-11 18:00:00,3.300,1025.700,0.800,219.000,1.000,0.512
2025-02-11 19:00:00,3.500,1024.400,2.100,170.000,3.900,0.551
2025-02-11 20:00:00,0.400,1024.800,3.500,220.000,4.100,0.810
2025-02-11 21:00:00,0.100,1024.100,1.300,332.000,1.600,1.339
2025-02-11 22:00:00,0.200,1024.200,2.900,6.000,3.400,1.965
2025-02-11 23:00:00,0.200,1023.400,2.000,34.000,3.200,2.201
2025-02-12 00:00:00,0.500,1022.600,3.500,61.000,5.500,2.382
2025-02-12 01:00:00,0.700,1021.300,2.300,53.000,4.400,2.287
2025-02-12 02:00:00,1.200,1020.900,2.700,40.000,4.700,2.192
2025-02-12 03:00:00,1.200,1020.800,3.900,72.000,6.500,1.680
2025-02-12 04:00:00,1.700,1019.600,2.600,60.000,6.300,1.024
2025-02-12 05:00:00,2.000,1018.600,4.300,68.000,7.600,0.528
2025-02-12 06:00:00,2.100,1018.500,3.200,63.000,7.100,0.436
2025-02-12 07:00:00,2.100,1018.100,4.000,57.000,8.000,0.709
2025-02-12 08:00:00,2.000,1018.200,3.200,59.000,6.100,1.214
2025-02-12 09:00:00,2.500,1018.500,3.300,45.000,6.300,1.850
2025-02-12 10:00:00,2.900,1018.300,4.700,69.000,7.900,2.283
2025-02-12 11:00:00,3.200,1019.200,3.300,68.000,5.900,2.848
2025-02-12 12:00:00,3.600,1019.100,4.500,64.000,7.500,3.107
2025-02-12 13:00:00,3.900,1019.400,4.200,67.000,7.300,3.241
2025-02-12 14:00:00,4.200,1020.100,3.400,69.000,5.200,3.156
2025-02-12 15:00:00,4.300,1020.500,2.400,65.000,4.500,2.874
2025-02-12 16:00:00,4.300,1020.700,3.400,71.000,5.500,2.290
2025-02-12 17:00:00,4.500,1020.200,4.000,68.000,6.100,1.677
2025-02-12 18:00:00,4.700,1017.800,3.800,82.000,5.700,1.224
2025-02-12 19:00:00,4.900,1018.400,2.700,70.000,5.200,1.204
2025-02-12 20:00:00,4.600,1019.900,2.900,39.000,4.700,1.388
2025-02-12 21:00:00,4.600,1019.500,4.500,68.000,6.900,1.709
2025-02-12 22:00:00,4.800,1020.100,3.900,88.000,6.000,2.290
2025-02-12 23:00:00,5.100,1020.200,3.700,86.000,5.300,2.556
2025-02-13 00:00:00,5.200,1019.400,4.800,76.000,6.900,2.940
2025-02-13 01:00:00,5.300,1018.800,4.500,99.000,6.600,3.071
2025-02-13 02:00:00,5.600,1018.000,4.900,110.000,6.800,3.038
2025-02-13 03:00:00,5.900,1017.100,3.400,115.000,5.100,2.769
2025-02-13 04:00:00,5.900,1016.900,1.200,96.000,2.200,2.503
2025-02-13 05:00:00,6.000,1016.000,1.600,19.000,2.200,1.745
2025-02-13 06:00:00,4.900,1015.200,2.900,18.000,4.200,1.434
2025-02-13 07:00:00,5.100,1014.800,1.700,23.000,2.300,1.302
2025-02-13 08:00:00,5.400,1013.800,2.700,22.000,3.400,1.522
2025-02-13 09:00:00,4.800,1012.400,1.000,8.000,1.200,2.001
2025-02-13 10:00:00,5.300,1012.200,0.100,11.000,0.500,2.487
2025-02-13 11:00:00,5.300,1011.100,1.800,178.000,2.300,2.904
2025-02-13 12:00:00,6.300,1010.300,3.900,187.000,6.100,3.264
2025-02-13 13:00:00,6.200,1010.500,4.100,215.000,4.700,3.540
2025-02-13 14:00:00,5.500,1010.100,5.500,215.000,6.200,3.622
2025-02-13 15:00:00,6.500,1010.300,5.300,229.000,6.800,3.445
2025-02-13 16:00:00,6.000,1009.900,3.700,222.000,4.300,2.992
2025-02-13 17:00:00,8.600,1009.400,7.800,254.000,9.200,2.339
2025-02-13 18:00:00,9.100,1009.000,9.900,257.000,13.200,1.821
2025-02-13 19:00:00,9.100,1009.500,8.000,268.000,12.600,1.657
2025-02-13 20:00:00,8.500,1010.300,7.300,276.000,10.600,1.519
2025-02-13 21:00:00,8.100,1011.500,5.300,284.000,7.200,1.699
2025-02-13 22:00:00,8.100,1013.400,4.300,295.000,6.200,2.123
2025-02-13 23:00:00,7.400,1014.600,4.300,282.000,5.200,2.552
2025-02-14 00:00:00,7.400,1017.000,3.400,307.000,4.500,2.841
2025-02-14 01:00:00,7.700,1019.100,5.900,325.000,7.700,3.074
2025-02-14 02:00:00,6.100,1020.500,7.900,328.000,9.600,2.917
2025-02-14 03:00:00,5.200,1021.700,7.400,325.000,9.400,2.743
2025-02-14 04:00:00,4.500,1023.700,7.200,335.000,11.000,1.893
2025-02-14 05:00:00,3.600,1024.700,6.100,332.000,7.800,1.322
2025-02-14 06:00:00,3.000,1026.200,5.200,330.000,7.000,0.768
2025-02-14 07:00:00,2.000,1027.000,2.400,305.000,2.800,0.469
2025-02-14 08:00:00,1.700,1027.900,2.000,295.000,2.600,0.525
2025-02-14 09:00:00,1.300,1029.000,2.600,311.000,3.500,0.748
2025-02-14 10:00:00,0.700,1030.100,1.800,273.000,2.300,1.093
2025-02-14 11:00:00,-0.100,1031.200,2.500,320.000,3.200,1.631
2025-02-14 12:00:00,0.100,1032.400,2.000,328.000,2.500,2.005
2025-02-14 13:00:00,1.000,1033.500,5.000,338.000,6.400,2.310
2025-02-14 14:00:00,1.600,1033.900,9.500,346.000,11.500,2.477
2025-02-14 15:00:00,1.800,1034.200,8.400,349.000,10.500,2.234
2025-02-14 16:00:00,2.700,1034.900,7.300,330.000,9.800,1.716
2025-02-14 17:00:00,3.200,1034.000,6.800,11.000,9.000,1.220
2025-02-14 18:00:00,3.900,1033.500,5.100,358.000,6.700,0.594
2025-02-14 19:00:00,4.400,1033.600,2.300,352.000,3.000,0.079
2025-02-14 20:00:00,5.100,1033.500,2.500,320.000,4.100,-0.138
2025-02-14 21:00:00,5.400,1033.600,2.000,334.000,3.700,-0.062
2025-02-14 22:00:00,5.200,1034.000,1.300,14.000,2.000,0.400
2025-02-14 23:00:00,3.100,1034.500,1.200,11.000,1.900,0.912
2025-02-15 00:00:00,2.500,1034.700,2.300,31.000,3.600,1.385
2025-02-15 01:00:00,2.300,1035.200,1.100,30.000,1.900,1.755
2025-02-15 02:00:00,1.800,1035.200,1.300,341.000,1.800,1.883
2025-02-15 03:00:00,0.800,1035.600,1.100,311.000,1.500,1.759
2025-02-15 04:00:00,1.200,1035.200,0.800,355.000,1.100,1.430
2025-02-15 05:00:00,1.800,1033.800,1.300,89.000,2.000,0.840
2025-02-15 06:00:00,2.200,1033.600,1.500,113.000,1.800,0.295
2025-02-15 07:00:00,2.400,1033.800,1.100,88.000,1.300,-0.066
2025-02-15 08:00:00,2.400,1033.000,2.100,111.000,3.400,-0.394
2025-02-15 09:00:00,2.700,1032.200,3.000,127.000,4.400,-0.338
2025-02-15 10:00:00,3.000,1031.400,3.900,143.000,5.800,-0.079
2025-02-15 11:00:00,3.200,1031.500,3.800,147.000,5.500,0.653
2025-02-15 12:00:00,3.600,1030.500,4.600,160.000,6.400,1.217
2025-02-15 13:00:00,4.200,1030.100,3.300,164.000,5.000,1.634
2025-02-15 14:00:00,4.900,1029.500,5.300,180.000,6.900,1.942
2025-02-15 15:00:00,5.000,1028.600,4.900,180.000,6.900,1.923
2025-02-15 16:00:00,5.100,1028.300,4.600,185.000,6.500,1.699
2025-02-15 17:00:00,5.200,1027.000,3.200,188.000,4.700,1.329
2025-02-15 18:00:00,5.100,1025.200,4.200,177.000,6.100,0.804
2025-02-15 19:00:00,5.000,1022.800,2.400,145.000,3.500,0.348
2025-02-15 20:00:00,4.900,1021.400,2.300,138.000,3.500,-0.056
2025-02-15 21:00:00,4.900,1020.600,1.500,101.000,2.300,-0.059
2025-02-15 22:00:00,4.900,1019.500,2.800,109.000,4.100,0.249
2025-02-15 23:00:00,5.700,1017.800,4.200,130.000,5.700,0.899
2025-02-16 00:00:00,6.300,1017.400,3.000,193.000,4.000,1.293
2025-02-16 01:00:00,6.700,1016.100,7.600,207.000,9.000,1.657
2025-02-16 02:00:00,7.400,1015.000,9.000,202.000,11.200,2.057
2025-02-16 03:00:00,8.300,1013.000,8.600,188.000,12.500,2.162
2025-02-16 04:00:00,8.300,1011.600,10.000,191.000,13.600,2.218
2025-02-16 05:00:00,7.700,1010.700,7.100,196.000,8.900,1.781
2025-02-16 06:00:00,7.200,1009.600,5.000,222.000,6.200,1.217
2025-02-16 07:00:00,7.000,1008.100,5.900,222.000,7.400,0.853
2025-02-16 08:00:00,6.200,1006.700,4.900,206.000,5.900,0.472
2025-02-16 09:00:00,6.200,1005.300,4.600,201.000,5.400,0.371
2025-02-16 10:00:00,5.400,1003.800,3.300,210.000,3.600,0.591
2025-02-16 11:00:00,7.200,1002.500,6.100,217.000,7.200,0.928
2025-02-16 12:00:00,7.500,1001.500,7.500,216.000,8.600,1.509
2025-02-16 13:00:00,8.400,1000.200,5.000,217.000,5.800,1.896
2025-02-16 14:00:00,7.900,998.900,9.000,214.000,10.200,2.339
2025-02-16 15:00:00,10.300,997.100,10.200,218.000,13.400,2.523
2025-02-16 16:00:00,9.200,995.400,9.800,215.000,11.600,2.421
2025-02-16 17:00:00,9.400,992.100,11.000,212.000,12.700,2.274
2025-02-16 18:00:00,11.700,990.500,11.200,231.000,14.300,1.785
2025-02-16 19:00:00,10.100,988.400,11.700,223.000,15.200,1.421
2025-02-16 20:00:00,10.700,987.000,10.700,229.000,13.500,1.050
2025-02-16 21:00:00,10.800,987.500,10.200,216.000,11.800,0.896
2025-02-16 22:00:00,16.000,987.600,12.400,252.000,17.400,0.761
2025-02-16 23:00:00,15.800,989.700,9.800,270.000,12.800,0.981
2025-02-17 00:00:00,12.500,993.600,7.100,305.000,10.400,1.375
2025-02-17 01:00:00,10.600,996.300,8.300,301.000,11.100,1.617
2025-02-17 02:00:00,8.400,998.300,10.000,312.000,13.200,1.532
2025-02-17 03:00:00,7.000,999.800,7.600,309.000,13.000,2.021
2025-02-17 04:00:00,5.700,1001.700,7.900,306.000,10.400,1.870
2025-02-17 05:00:00,4.900,1003.100,9.500,310.000,14.500,1.637
2025-02-17 06:00:00,4.300,1004.200,9.700,305.000,13.100,0.988
2025-02-17 07:00:00,3.800,1005.400,6.600,300.000,10.200,0.584
2025-02-17 08:00:00,3.300,1006.300,8.200,306.000,11.800,0.052
2025-02-17 09:00:00,2.700,1007.200,5.600,303.000,7.300,-0.135
2025-02-17 10:00:00,2.500,1008.100,6.600,306.000,10.900,-0.335
2025-02-17 11:00:00,2.100,1010.000,6.100,312.000,10.400,-0.443
2025-02-17 12:00:00,1.400,1011.300,7.900,306.000,10.800,-0.276
2025-02-17 13:00:00,1.400,1013.100,8.700,304.000,12.000,0.131
2025-02-17 14:00:00,1.400,1013.700,9.700,310.000,13.700,0.646
2025-02-17 15:00:00,1.700,1014.400,11.400,314.000,16.100,1.066
2025-02-17 16:00:00,2.200,1014.700,8.000,327.000,12.900,0.938
2025-02-17 17:00:00,2.700,1014.400,10.200,301.000,14.200,0.604
2025-02-17 18:00:00,3.500,1014.100,7.800,300.000,11.400,0.180
2025-02-17 19:00:00,4.100,1013.800,10.400,296.000,13.900,-0.302
2025-02-17 20:00:00,5.000,1014.200,5.700,299.000,8.900,-0.627
2025-02-17 21:00:00,5.000,1014.400,7.200,307.000,9.600,-1.007
2025-02-17 22:00:00,5.200,1014.900,4.400,313.000,6.200,-1.099
2025-02-17 23:00:00,4.100,1015.700,2.900,299.000,3.800,-0.971
2025-02-18 00:00:00,3.400,1016.300,2.200,286.000,2.900,-0.568
2025-02-18 01:00:00,2.500,1016.500,2.600,294.000,3.300,-0.262
2025-02-18 02:00:00,2.400,1016.900,3.400,330.000,4.200,0.259
2025-02-18 03:00:00,1.500,1017.900,3.900,310.000,4.600,0.636
2025-02-18 04:00:00,0.900,1018.000,3.800,297.000,5.400,0.692
2025-02-18 05:00:00,0.300,1018.500,2.900,289.000,3.600,0.551
2025-02-18 06:00:00,0.300,1018.600,4.100,314.000,5.400,0.213
2025-02-18 07:00:00,0.400,1019.000,4.200,315.000,5.900,-0.157
2025-02-18 08:00:00,0.300,1019.200,4.400,328.000,5.700,-0.669
2025-02-18 09:00:00,-0.200,1019.400,4.800,318.000,6.100,-1.096
2025-02-18 10:00:00,-0.500,1020.200,3.700,312.000,4.700,-1.342
2025-02-18 11:00:00,-0.900,1021.600,2.700,308.000,3.600,-1.335
2025-02-18 12:00:00,-1.000,1022.000,5.300,331.000,6.300,-1.102
2025-02-18 13:00:00,-1.000,1022.700,5.400,334.000,8.600,-0.804
2025-02-18 14:00:00,-0.600,1023.200,6.500,328.000,8.200,-0.246
2025-02-18 15:00:00,-0.500,1023.400,8.100,325.000,10.600,0.203
2025-02-18 16:00:00,-0.200,1023.600,8.000,334.000,10.600,0.223
2025-02-18 17:00:00,0.800,1023.100,6.100,326.000,7.700,0.197
2025-02-18 18:00:00,0.700,1022.400,8.700,316.000,10.700,0.003
2025-02-18 19:00:00,1.000,1022.400,6.300,323.000,9.300,-0.499
2025-02-18 20:00:00,1.600,1022.300,6.500,337.000,8.800,-0.915
2025-02-18 21:00:00,1.400,1022.800,6.700,317.000,9.000,-1.302
2025-02-18 22:00:00,0.700,1023.300,5.600,307.000,7.200,-1.591
2025-02-18 23:00:00,0.200,1023.900,2.900,330.000,4.000,-1.529
2025-02-19 00:00:00,-0.400,1024.100,4.300,329.000,5.100,-1.365
2025-02-19 01:00:00,-0.900,1024.700,5.000,348.000,6.700,-0.833
2025-02-19 02:00:00,-0.900,1025.500,4.800,345.000,6.500,-0.394
2025-02-19 03:00:00,-1.500,1025.800,6.800,1.000,9.800,0.210
2025-02-19 04:00:00,-2.200,1025.800,8.000,7.000,9.500,0.469
2025-02-19 05:00:00,-2.900,1026.200,7.000,2.000,8.700,0.505
2025-02-19 06:00:00,-3.300,1026.700,6.300,343.000,7.300,0.344
2025-02-19 07:00:00,-4.400,1027.300,7.200,12.000,8.500,0.016
2025-02-19 08:00:00,-4.700,1027.500,6.200,346.000,7.900,-0.276
2025-02-19 09:00:00,-5.500,1027.200,6.900,354.000,8.600,-0.656
2025-02-19 10:00:00,-5.900,1027.000,7.800,5.000,9.600,-1.089
2025-02-19 11:00:00,-5.700,1027.700,6.000,347.000,7.700,-1.276
2025-02-19 12:00:00,-6.000,1028.000,5.700,352.000,6.800,-0.961
2025-02-19 13:00:00,-5.700,1028.500,4.800,342.000,5.800,-0.715
2025-02-19 14:00:00,-5.300,1029.300,4.500,341.000,6.400,-0.246
2025-02-19 15:00:00,-5.000,1028.500,4.900,343.000,5.800,0.036
2025-02-19 16:00:00,-4.500,1028.400,4.300,337.000,5.300,0.328
2025-02-19 17:00:00,-4.000,1026.900,3.200,10.000,5.400,0.482
2025-02-19 18:00:00,-4.000,1025.100,4.300,8.000,6.100,0.515
2025-02-19 19:00:00,-3.700,1025.500,1.500,312.000,2.800,0.167
2025-02-19 20:00:00,-4.900,1024.900,2.200,330.000,3.100,-0.112
2025-02-19 21:00:00,-5.300,1023.800,1.400,318.000,2.000,-0.387
2025-02-19 22:00:00,-5.000,1023.200,3.100,331.000,3.900,-0.502
2025-02-19 23:00:00,-5.200,1023.500,2.600,337.000,3.600,-0.561
2025-02-20 00:00:00,-5.400,1023.200,3.100,360.000,4.300,-0.525
2025-02-20 01:00:00,-5.400,1022.800,3.500,330.000,4.200,-0.151
2025-02-20 02:00:00,-5.400,1022.700,4.000,334.000,5.200,0.364
2025-02-20 03:00:00,-5.200,1021.700,4.800,348.000,5.800,0.879
2025-02-20 04:00:00,-5.200,1020.600,5.000,351.000,6.100,1.289
2025-02-20 05:00:00,-5.300,1020.000,4.800,348.000,5.900,1.565
2025-02-20 06:00:00,-4.600,1019.200,3.900,342.000,4.800,1.657
2025-02-20 07:00:00,-4.600,1017.900,4.400,345.000,5.600,1.611
2025-02-20 08:00:00,-4.300,1017.000,4.900,336.000,5.900,1.473
2025-02-20 09:00:00,-3.400,1016.200,5.800,2.000,7.300,1.460
2025-02-20 10:00:00,-2.500,1015.800,5.500,30.000,9.000,1.270
2025-02-20 11:00:00,-2.600,1015.400,7.500,15.000,10.500,0.984
2025-02-20 12:00:00,-3.700,1014.900,8.800,13.000,12.000,0.850
2025-02-20 13:00:00,-4.200,1015.700,6.700,358.000,8.000,1.047
2025-02-20 14:00:00,-4.200,1014.900,8.600,7.000,10.700,1.178
2025-02-20 15:00:00,-3.900,1015.400,6.500,11.000,8.900,1.496
2025-02-20 16:00:00,-3.400,1015.300,6.500,358.000,8.900,1.670
2025-02-20 17:00:00,-3.200,1014.700,5.200,320.000,7.100,1.808
2025-02-20 18:00:00,-2.400,1013.700,6.500,312.000,8.700,1.798
2025-02-20 19:00:00,-2.000,1013.300,6.700,286.000,9.000,1.847
2025-02-20 20:00:00,-2.400,1013.500,7.800,327.000,9.800,1.598
2025-02-20 21:00:00,-2.500,1013.800,6.300,326.000,9.000,1.224
2025-02-20 22:00:00,-2.600,1014.600,7.500,323.000,10.500,0.784
2025-02-20 23:00:00,-2.600,1015.500,7.400,329.000,10.100,0.472
2025-02-21 00:00:00,-2.600,1016.400,6.400,322.000,10.800,0.299
2025-02-21 01:00:00,-2.500,1016.900,6.900,315.000,9.000,0.335
2025-02-21 02:00:00,-3.000,1017.500,7.500,309.000,11.200,0.505
2025-02-21 03:00:00,-3.300,1018.200,6.700,308.000,9.800,1.027
2025-02-21 04:00:00,-3.300,1018.000,6.500,318.000,8.500,1.316
2025-02-21 05:00:00,-3.600,1018.400,6.300,311.000,8.500,1.608
2025-02-21 06:00:00,-3.600,1018.900,5.700,318.000,7.400,1.749
2025-02-21 07:00:00,-3.100,1019.200,7.400,329.000,9.400,1.772
2025-02-21 08:00:00,-3.300,1019.800,6.700,322.000,8.700,1.677
2025-02-21 09:00:00,-3.900,1020.600,5.900,312.000,8.500,1.555
2025-02-21 10:00:00,-3.900,1021.500,4.400,312.000,5.900,1.161
2025-02-21 11:00:00,-3.900,1021.900,5.100,312.000,6.600,0.705
2025-02-21 12:00:00,-3.600,1022.800,5.000,312.000,6.600,0.515
2025-02-21 13:00:00,-3.000,1023.800,7.400,324.000,9.900,0.528
2025-02-21 14:00:00,-2.100,1023.900,9.900,327.000,12.100,0.659
2025-02-21 15:00:00,-1.100,1024.400,8.000,315.000,9.900,0.755
2025-02-21 16:00:00,-0.700,1024.700,10.000,323.000,12.100,0.978
2025-02-21 17:00:00,0.300,1024.000,9.200,320.000,13.000,1.302
2025-02-21 18:00:00,1.200,1023.900,8.100,324.000,10.500,1.312
2025-02-21 19:00:00,1.700,1023.800,9.300,326.000,12.200,1.352
2025-02-21 20:00:00,2.100,1023.800,10.300,325.000,13.600,1.237
2025-02-21 21:00:00,2.400,1024.200,8.700,327.000,12.100,0.997
2025-02-21 22:00:00,2.400,1024.900,8.100,330.000,11.500,0.686
2025-02-21 23:00:00,1.700,1026.000,5.500,313.000,7.600,0.384
2025-02-22 00:00:00,1.100,1026.900,4.600,317.000,6.000,0.079
2025-02-22 01:00:00,0.600,1027.500,4.400,324.000,5.300,0.007
2025-02-22 02:00:00,0.100,1028.200,3.900,339.000,4.800,0.157
2025-02-22 03:00:00,-0.400,1028.700,4.700,331.000,7.100,0.456
2025-02-22 04:00:00,-0.800,1028.800,4.300,327.000,6.000,0.886
2025-02-22 05:00:00,-1.200,1029.100,5.200,326.000,6.900,1.171
2025-02-22 06:00:00,-1.900,1029.200,4.700,323.000,5.800,1.535
2025-02-22 07:00:00,-2.200,1029.300,4.700,327.000,5.700,1.647
2025-02-22 08:00:00,-2.400,1029.500,5.600,335.000,7.700,1.729
2025-02-22 09:00:00,-2.500,1029.500,5.900,339.000,7.200,1.670
2025-02-22 10:00:00,-2.600,1029.900,4.600,339.000,5.400,1.572
2025-02-22 11:00:00,-3.100,1029.800,5.300,344.000,7.400,1.316
2025-02-22 12:00:00,-3.200,1029.700,3.800,343.000,4.700,0.909
2025-02-22 13:00:00,-2.900,1030.200,4.700,349.000,5.900,0.705
2025-02-22 14:00:00,-2.300,1029.900,6.000,3.000,7.700,0.656
2025-02-22 15:00:00,-1.200,1029.700,2.500,354.000,3.900,0.814
2025-02-22 16:00:00,-0.200,1029.400,0.500,30.000,1.100,0.922
2025-02-22 17:00:00,0.400,1028.300,2.300,140.000,3.400,1.184
2025-02-22 18:00:00,0.900,1027.100,3.500,184.000,4.600,1.362
2025-02-22 19:00:00,1.700,1025.900,4.100,187.000,6.000,1.545
2025-02-22 20:00:00,1.000,1025.400,7.200,207.000,8.300,1.657
2025-02-22 21:00:00,2.200,1024.700,7.000,210.000,8.300,1.562
2025-02-22 22:00:00,2.200,1024.400,7.100,222.000,8.400,1.365
2025-02-22 23:00:00,2.500,1024.400,3.700,246.000,4.500,1.122
2025-02-23 00:00:00,1.900,1024.600,4.100,236.000,5.100,0.846
2025-02-23 01:00:00,1.300,1024.300,2.800,234.000,3.400,0.571
2025-02-23 02:00:00,0.800,1024.200,1.700,247.000,2.300,0.459
2025-02-23 03:00:00,1.000,1023.800,3.500,233.000,4.100,0.558
2025-02-23 04:00:00,1.100,1023.400,3.700,236.000,4.700,0.820
2025-02-23 05:00:00,1.300,1022.800,3.700,228.000,4.400,1.204
2025-02-23 06:00:00,1.200,1022.100,3.800,217.000,4.400,1.503
2025-02-23 07:00:00,2.200,1021.300,3.900,244.000,5.000,1.788
2025-02-23 08:00:00,2.100,1020.200,2.300,234.000,3.100,2.005
2025-02-23 09:00:00,1.500,1019.800,1.800,252.000,2.400,2.106
2025-02-23 10:00:00,1.800,1019.900,5.300,288.000,6.800,1.959
2025-02-23 11:00:00,1.100,1020.300,4.400,298.000,5.500,1.798
2025-02-23 12:00:00,0.600,1020.800,4.300,307.000,6.000,1.440
2025-02-23 13:00:00,1.800,1021.700,3.800,309.000,5.000,0.965
2025-02-23 14:00:00,3.400,1022.000,5.200,330.000,7.300,0.633
2025-02-23 15:00:00,4.100,1021.700,5.800,331.000,7.500,0.476
2025-02-23 16:00:00,5.200,1021.100,6.800,325.000,9.200,0.591
2025-02-23 17:00:00,6.000,1020.400,4.900,316.000,6.400,0.853
2025-02-23 18:00:00,7.100,1019.300,1.800,272.000,3.100,1.040
2025-02-23 19:00:00,7.900,1018.500,1.400,17.000,2.100,1.309
2025-02-23 20:00:00,5.900,1018.100,4.300,140.000,5.800,1.476
2025-02-23 21:00:00,5.400,1017.900,3.900,178.000,5.300,1.549
2025-02-23 22:00:00,5.000,1017.900,3.400,176.000,5.100,1.526
2025-02-23 23:00:00,4.400,1018.200,2.200,199.000,3.000,1.378
2025-02-24 00:00:00,3.700,1019.100,2.300,230.000,2.700,0.997
2025-02-24 01:00:00,3.600,1019.300,1.600,271.000,1.700,0.630
2025-02-24 02:00:00,4.200,1019.400,2.800,257.000,3.000,0.351
2025-02-24 03:00:00,3.700,1019.200,1.700,268.000,2.100,0.348
2025-02-24 04:00:00,3.100,1018.800,1.000,279.000,1.300,0.535
2025-02-24 05:00:00,2.800,1018.400,1.400,279.000,1.800,0.912
2025-02-24 06:00:00,2.700,1018.400,1.000,256.000,1.400,1.302
2025-02-24 07:00:00,1.900,1018.200,0.000,135.000,0.000,1.686
2025-02-24 08:00:00,1.400,1018.000,0.000,265.000,0.300,2.060
2025-02-24 09:00:00,1.500,1018.100,0.500,225.000,0.700,2.349
2025-02-24 10:00:00,1.900,1017.900,2.300,5.000,2.600,2.428
2025-02-24 11:00:00,2.400,1018.400,3.200,18.000,4.000,2.431
2025-02-24 12:00:00,2.400,1018.900,1.000,82.000,1.500,2.165
2025-02-24 13:00:00,4.800,1019.500,1.100,100.000,1.500,1.804
2025-02-24 14:00:00,5.300,1019.600,1.200,141.000,1.800,1.325
2025-02-24 15:00:00,5.200,1019.400,1.400,184.000,2.000,0.945
2025-02-24 16:00:00,5.200,1019.300,2.000,188.000,2.700,0.906
2025-02-24 17:00:00,6.100,1018.900,2.300,186.000,2.900,0.974
2025-02-24 18:00:00,5.800,1017.500,3.000,195.000,3.800,1.145
2025-02-24 19:00:00,6.000,1016.200,2.400,194.000,2.900,1.490
2025-02-24 20:00:00,6.200,1016.200,3.300,197.000,4.200,1.821
2025-02-24 21:00:00,6.500,1015.700,2.700,192.000,3.800,2.018
2025-02-24 22:00:00,5.800,1015.300,3.300,200.000,3.800,2.051
2025-02-24 23:00:00,4.900,1014.900,3.300,202.000,3.900,2.014
2025-02-25 00:00:00,4.900,1015.000,2.900,198.000,3.400,1.775
2025-02-25 01:00:00,4.900,1014.700,3.200,209.000,3.800,1.322
2025-02-25 02:00:00,5.000,1014.700,3.000,213.000,3.600,0.902
2025-02-25 03:00:00,5.100,1014.200,3.700,217.000,4.200,0.705
2025-02-25 04:00:00,5.400,1013.600,5.200,216.000,6.100,0.623
2025-02-25 05:00:00,5.400,1013.200,4.300,206.000,5.200,0.801
2025-02-25 06:00:00,5.000,1012.500,3.100,194.000,3.700,1.194
2025-02-25 07:00:00,5.500,1011.900,4.500,217.000,5.100,1.716
2025-02-25 08:00:00,5.000,1011.300,3.500,205.000,4.200,2.126
2025-02-25 09:00:00,5.000,1011.100,4.100,211.000,4.600,2.523
2025-02-25 10:00:00,5.000,1011.200,3.500,225.000,4.500,2.795
2025-02-25 11:00:00,4.800,1010.800,3.600,208.000,4.000,2.815
2025-02-25 12:00:00,4.400,1010.300,3.200,212.000,3.800,2.746
2025-02-25 13:00:00,5.000,1010.000,4.600,215.000,5.200,2.461
2025-02-25 14:00:00,6.400,1010.100,5.700,208.000,6.600,1.982
2025-02-25 15:00:00,6.100,1009.600,4.400,205.000,5.100,1.483
2025-02-25 16:00:00,6.000,1009.100,5.600,199.000,6.500,1.122
2025-02-25 17:00:00,6.500,1008.500,6.000,215.000,6.900,1.033
2025-02-25 18:00:00,6.600,1006.400,5.800,197.000,6.900,1.027
2025-02-25 19:00:00,6.500,1005.200,5.200,201.000,6.300,1.427
2025-02-25 20:00:00,6.700,1004.700,5.200,211.000,6.100,1.867
2025-02-25 21:00:00,6.800,1005.300,4.000,193.000,6.200,2.201
2025-02-25 22:00:00,6.600,1005.400,4.800,203.000,5.800,2.431
2025-02-25 23:00:00,6.000,1006.400,2.900,217.000,3.400,2.562
2025-02-26 00:00:00,7.100,1006.900,0.900,290.000,1.100,2.395
2025-02-26 01:00:00,6.800,1007.200,1.500,188.000,1.600,2.051
2025-02-26 02:00:00,6.800,1008.000,0.800,21.000,1.300,1.545
2025-02-26 03:00:00,6.900,1008.100,1.700,1.000,1.800,1.089
2025-02-26 04:00:00,7.300,1008.100,2.100,1.000,2.200,0.804
2025-02-26 05:00:00,8.100,1008.000,1.300,356.000,1.500,0.728
2025-02-26 06:00:00,8.000,1008.100,1.800,350.000,2.000,0.879
2025-02-26 07:00:00,7.100,1008.100,2.100,17.000,2.500,1.473
2025-02-26 08:00:00,6.600,1008.100,2.300,13.000,2.800,2.011
2025-02-26 09:00:00,6.600,1008.300,2.400,19.000,3.400,2.425
2025-02-26 10:00:00,7.600,1009.500,3.100,324.000,3.500,2.812
2025-02-26 11:00:00,5.500,1010.600,0.700,338.000,1.200,2.982
2025-02-26 12:00:00,4.700,1012.000,1.600,350.000,1.700,3.022
2025-02-26 13:00:00,7.900,1012.700,0.000,261.000,0.100,2.890
2025-02-26 14:00:00,8.800,1013.500,1.900,8.000,2.500,2.513
2025-02-26 15:00:00,8.600,1014.000,1.500,179.000,2.300,1.772
2025-02-26 16:00:00,9.900,1014.800,2.200,172.000,3.500,1.217
2025-02-26 17:00:00,9.000,1014.600,3.200,169.000,4.700,0.928
2025-02-26 18:00:00,8.700,1014.000,2.700,186.000,4.500,0.807
2025-02-26 19:00:00,7.600,1013.800,2.000,192.000,2.800,0.988
2025-02-26 20:00:00,7.400,1014.100,3.500,206.000,4.300,1.371
2025-02-26 21:00:00,7.500,1014.300,6.500,209.000,7.600,1.877
2025-02-26 22:00:00,6.800,1014.100,5.400,202.000,6.400,2.329
2025-02-26 23:00:00,8.600,1014.800,6.200,220.000,7.300,2.493
2025-02-27 00:00:00,7.400,1015.100,5.000,222.000,5.900,2.451
2025-02-27 01:00:00,6.200,1014.600,3.900,213.000,4.500,2.156
2025-02-27 02:00:00,6.200,1014.700,3.200,205.000,3.900,1.736
2025-02-27 03:00:00,6.000,1014.400,3.000,220.000,3.500,1.280
2025-02-27 04:00:00,5.800,1013.700,1.800,191.000,2.300,0.679
2025-02-27 05:00:00,6.200,1013.300,1.900,208.000,2.300,0.295
2025-02-27 06:00:00,6.600,1012.600,3.300,202.000,3.800,0.292
2025-02-27 07:00:00,6.400,1011.800,4.400,207.000,4.900,0.581
2025-02-27 08:00:00,6.300,1010.800,4.800,205.000,5.600,1.250
2025-02-27 09:00:00,6.300,1009.800,5.900,209.000,6.500,1.860
2025-02-27 10:00:00,6.200,1009.500,7.000,210.000,7.800,2.336
2025-02-27 11:00:00,5.700,1009.100,5.500,212.000,6.100,2.789
2025-02-27 12:00:00,6.600,1008.500,8.200,211.000,9.300,2.999
2025-02-27 13:00:00,6.500,1008.300,5.900,214.000,6.500,2.995
2025-02-27 14:00:00,10.600,1007.900,9.100,223.000,11.100,2.687
2025-02-27 15:00:00,11.900,1006.900,10.000,224.000,13.300,2.162
2025-02-27 16:00:00,11.400,1006.300,9.700,220.000,12.300,1.621
2025-02-27 17:00:00,9.800,1005.500,8.200,217.000,10.300,1.037
2025-02-27 18:00:00,13.100,1004.500,7.800,229.000,9.300,0.574
2025-02-27 19:00:00,13.300,1003.600,9.700,229.000,12.100,0.686
2025-02-27 20:00:00,12.100,1003.200,7.500,224.000,8.900,1.014
2025-02-27 21:00:00,7.500,1002.900,3.600,199.000,4.800,1.647
2025-02-27 22:00:00,8.900,1003.000,4.300,212.000,5.600,2.123
2025-02-27 23:00:00,14.800,1002.300,5.700,260.000,8.200,2.572
2025-02-28 00:00:00,15.100,1001.300,5.300,261.000,7.700,2.799
2025-02-28 01:00:00,14.500,1002.700,11.800,346.000,15.000,2.841
2025-02-28 02:00:00,12.600,1003.300,5.200,345.000,6.200,2.549
2025-02-28 03:00:00,12.100,1004.100,5.500,334.000,7.400,2.090
2025-02-28 04:00:00,11.600,1003.900,6.200,338.000,8.200,1.276
2025-02-28 05:00:00,10.900,1004.300,4.300,336.000,5.900,0.958
2025-02-28 06:00:00,10.100,1004.600,2.700,331.000,3.800,0.620
2025-02-28 07:00:00,8.200,1004.800,1.400,272.000,1.500,0.669
2025-02-28 08:00:00,7.800,1004.100,1.800,292.000,2.100,0.961
2025-02-28 09:00:00,7.700,1004.200,2.300,286.000,3.100,1.709
2025-02-28 10:00:00,7.400,1005.600,2.500,299.000,3.900,2.254
2025-02-28 11:00:00,7.300,1006.600,3.300,296.000,5.100,2.713
2025-02-28 12:00:00,7.200,1007.400,5.100,310.000,7.000,3.091
2025-02-28 13:00:00,7.600,1008.500,7.200,321.000,9.500,3.163
2025-02-28 14:00:00,8.300,1008.800,6.600,308.000,10.000,2.982
2025-02-28 15:00:00,9.000,1009.100,6.700,308.000,9.300,2.648
2025-02-28 16:00:00,9.300,1009.100,5.900,310.000,8.600,1.808
2025-02-28 17:00:00,9.300,1009.200,5.500,275.000,7.400,1.178
2025-02-28 18:00:00,9.800,1008.400,5.000,267.000,6.600,0.617
2025-02-28 19:00:00,10.500,1007.900,6.600,317.000,8.900,0.397
2025-02-28 20:00:00,10.600,1007.800,5.900,270.000,8.000,0.545
2025-02-28 21:00:00,10.800,1007.200,5.100,279.000,6.700,0.932
2025-02-28 22:00:00,10.800,1007.200,4.700,263.000,6.000,1.814
2025-02-28 23:00:00,9.300,1007.800,1.900,233.000,2.400,2.346
2026-01-01 00:00:00,1.100,1011.500,3.000,225.000,3.600,1.047
2026-01-01 01:00:00,1.400,1010.700,4.700,221.000,6.000,0.548
2026-01-01 02:00:00,2.700,1009.900,5.600,226.000,6.900,-0.056
2026-01-01 03:00:00,3.600,1008.600,7.100,220.000,8.300,-0.341
2026-01-01 04:00:00,3.800,1007.800,6.100,227.000,7.900,-0.302
2026-01-01 05:00:00,4.600,1006.700,6.500,231.000,8.000,-0.115
2026-01-01 06:00:00,4.500,1005.400,5.600,234.000,7.500,0.413
2026-01-01 07:00:00,4.700,1005.300,5.700,252.000,6.500,1.037
2026-01-01 08:00:00,5.200,1004.600,5.800,251.000,7.300,1.644
2026-01-01 09:00:00,5.000,1004.300,4.000,268.000,4.900,2.152
2026-01-01 10:00:00,4.600,1004.500,4.500,264.000,6.400,2.398
2026-01-01 11:00:00,4.300,1004.500,4.500,266.000,5.500,2.434
2026-01-01 12:00:00,4.200,1005.000,5.000,265.000,6.200,2.238
2026-01-01 13:00:00,1.800,1007.700,12.500,335.000,15.500,1.909
2026-01-01 14:00:00,0.800,1009.600,7.400,327.000,11.200,1.220
2026-01-01 15:00:00,0.700,1011.000,6.100,333.000,7.800,0.423
2026-01-01 16:00:00,0.500,1011.500,6.600,335.000,9.300,-0.210
2026-01-01 17:00:00,0.600,1011.500,6.700,344.000,8.600,0.121
2026-01-01 18:00:00,0.700,1011.400,6.700,337.000,9.200,0.036
2026-01-01 19:00:00,1.100,1011.900,8.500,328.000,11.600,0.558
2026-01-01 20:00:00,0.300,1012.100,6.000,327.000,7.700,1.135
2026-01-01 21:00:00,-0.200,1012.800,4.300,306.000,6.200,1.683
2026-01-01 22:00:00,-0.600,1013.300,5.200,338.000,6.700,2.054
2026-01-01 23:00:00,-1.000,1013.800,3.200,330.000,4.100,2.021
2026-01-02 00:00:00,-1.600,1014.200,2.200,306.000,2.700,1.808
2026-01-02 01:00:00,-1.600,1014.300,2.100,350.000,2.700,1.362
2026-01-02 02:00:00,-1.800,1014.200,2.400,333.000,3.400,0.886
2026-01-02 03:00:00,-1.900,1013.800,2.500,348.000,3.200,0.413
2026-01-02 04:00:00,-2.100,1013.500,1.300,300.000,1.800,0.046
2026-01-02 05:00:00,-2.300,1013.100,1.800,282.000,2.400,-0.052
2026-01-02 06:00:00,-2.300,1013.100,1.700,333.000,2.200,0.135
2026-01-02 07:00:00,-2.200,1013.000,1.100,311.000,1.300,0.883
2026-01-02 08:00:00,-2.100,1012.600,1.000,318.000,1.200,1.414
2026-01-02 09:00:00,-2.000,1011.500,0.100,355.000,0.400,1.995
2026-01-02 10:00:00,-1.800,1011.200,1.800,37.000,2.700,2.510
2026-01-02 11:00:00,-1.500,1011.100,2.300,32.000,3.500,2.785
2026-01-02 12:00:00,-1.100,1011.000,2.100,19.000,2.700,2.838
2026-01-02 13:00:00,-1.200,1010.700,1.700,27.000,2.400,2.671
2026-01-02 14:00:00,-0.800,1010.900,3.800,21.000,4.900,2.280
2026-01-02 15:00:00,-0.400,1010.800,3.000,16.000,4.100,1.453
2026-01-02 16:00:00,-0.100,1010.300,2.300,22.000,3.700,0.725
2026-01-02 17:00:00,0.200,1009.100,2.500,27.000,3.200,0.390
2026-01-02 18:00:00,1.100,1008.400,1.000,45.000,2.100,0.289
2026-01-02 19:00:00,1.300,1008.400,3.100,23.000,4.400,0.535
2026-01-02 20:00:00,1.800,1008.500,2.000,56.000,3.200,0.873
2026-01-02 21:00:00,1.400,1008.900,1.800,23.000,2.800,1.499
2026-01-02 22:00:00,1.200,1009.700,0.400,27.000,0.900,1.969
2026-01-02 23:00:00,1.100,1010.200,0.300,22.000,0.600,2.205
2026-01-03 00:00:00,0.700,1010.900,0.000,22.000,0.000,2.231
2026-01-03 01:00:00,1.100,1011.300,0.000,340.000,0.100,2.028
2026-01-03 02:00:00,0.800,1011.700,1.700,281.000,2.000,1.552
2026-01-03 03:00:00,-0.200,1012.400,1.900,301.000,2.400,0.994
2026-01-03 04:00:00,-1.000,1012.900,1.700,320.000,2.200,0.384
2026-01-03 05:00:00,-0.800,1013.200,1.400,338.000,1.900,-0.085
2026-01-03 06:00:00,-1.100,1013.600,1.500,298.000,2.200,-0.102
2026-01-03 07:00:00,-0.900,1014.000,3.800,8.000,5.100,0.154
2026-01-03 08:00:00,-1.700,1014.500,2.400,345.000,2.700,0.883
2026-01-03 09:00:00,-2.600,1014.700,2.300,297.000,3.200,1.598
2026-01-03 10:00:00,-2.600,1015.100,2.600,310.000,3.300,2.116
2026-01-03 11:00:00,-2.600,1015.700,3.000,324.000,3.800,2.579
2026-01-03 12:00:00,-2.900,1016.400,4.200,325.000,5.000,2.838
2026-01-03 13:00:00,-2.400,1017.100,5.300,340.000,6.400,2.861
2026-01-03 14:00:00,-1.800,1017.600,4.300,346.000,5.800,2.664
2026-01-03 15:00:00,-1.600,1017.800,4.100,350.000,4.900,2.162
2026-01-03 16:00:00,-1.300,1017.600,3.300,12.000,4.700,1.273
2026-01-03 17:00:00,-1.100,1016.400,3.400,17.000,5.400,0.679
2026-01-03 18:00:00,-0.600,1016.200,3.400,8.000,4.900,0.236
2026-01-03 19:00:00,-0.100,1015.900,2.900,16.000,3.700,0.217
2026-01-03 20:00:00,0.700,1015.800,2.500,13.000,3.000,0.417
2026-01-03 21:00:00,1.100,1016.000,2.200,322.000,2.700,0.879
2026-01-03 22:00:00,0.900,1016.200,2.600,343.000,3.200,1.529
2026-01-03 23:00:00,0.900,1016.500,2.700,359.000,3.300,1.946
2026-01-04 00:00:00,0.700,1016.500,3.700,4.000,4.400,2.218
2026-01-04 01:00:00,0.500,1016.200,3.900,6.000,4.700,2.208
2026-01-04 02:00:00,0.400,1016.000,3.900,7.000,4.400,2.021
2026-01-04 03:00:00,0.300,1015.800,2.900,29.000,3.900,1.768
2026-01-04 04:00:00,0.100,1015.400,3.100,5.000,3.600,1.040
2026-01-04 05:00:00,0.200,1015.400,3.700,5.000,4.500,0.436
2026-01-04 06:00:00,0.200,1015.600,2.300,346.000,3.200,0.079
2026-01-04 07:00:00,0.000,1016.100,2.500,345.000,3.400,0.056
2026-01-04 08:00:00,-0.200,1016.200,3.500,349.000,5.000,0.531
2026-01-04 09:00:00,-0.200,1016.300,3.100,340.000,3.700,1.247
2026-01-04 10:00:00,-0.200,1016.600,3.600,351.000,4.200,1.932
2026-01-04 11:00:00,-0.500,1017.100,2.600,332.000,3.300,2.418
2026-01-04 12:00:00,-0.500,1017.600,3.900,340.000,5.100,2.913
2026-01-04 13:00:00,-0.400,1018.200,4.400,344.000,5.400,3.150
2026-01-04 14:00:00,-0.100,1019.000,4.000,354.000,5.200,3.232
2026-01-04 15:00:00,0.500,1019.600,4.700,353.000,5.800,2.943
2026-01-04 16:00:00,1.600,1019.600,4.500,342.000,5.900,2.441
2026-01-04 17:00:00,2.600,1018.800,5.300,1.000,6.700,1.663
2026-01-04 18:00:00,3.700,1018.400,4.400,325.000,6.100,0.955
2026-01-04 19:00:00,4.100,1018.500,4.200,327.000,5.600,0.568
2026-01-04 20:00:00,4.100,1019.100,5.800,10.000,7.200,0.571
2026-01-04 21:00:00,3.700,1019.400,5.800,11.000,7.100,0.804
2026-01-04 22:00:00,3.100,1020.500,3.300,329.000,4.100,1.293
2026-01-04 23:00:00,1.900,1021.500,1.800,317.000,2.400,1.857
2026-01-05 00:00:00,1.700,1021.400,0.800,21.000,1.300,2.254
2026-01-05 01:00:00,0.400,1022.900,2.400,328.000,3.200,2.543
2026-01-05 02:00:00,0.700,1023.600,5.200,7.000,6.500,2.526
2026-01-05 03:00:00,0.400,1023.800,5.300,7.000,6.700,2.303
2026-01-05 04:00:00,0.200,1024.200,4.400,15.000,6.100,1.824
2026-01-05 05:00:00,-0.300,1023.800,3.000,347.000,3.900,1.168
2026-01-05 06:00:00,-1.300,1024.000,1.100,303.000,1.600,0.574
2026-01-05 07:00:00,-1.800,1023.800,1.800,309.000,2.200,0.289
2026-01-05 08:00:00,-1.800,1024.300,1.800,291.000,2.200,0.335
2026-01-05 09:00:00,-2.200,1024.400,1.300,327.000,2.000,0.722
2026-01-05 10:00:00,-2.100,1024.600,2.000,327.000,2.200,1.325
2026-01-05 11:00:00,-2.400,1024.800,1.800,316.000,2.100,1.946
2026-01-05 12:00:00,-2.200,1025.200,2.100,330.000,2.800,2.487
2026-01-05 13:00:00,-1.900,1024.900,0.900,329.000,1.100,2.887
2026-01-05 14:00:00,-0.200,1025.200,1.800,316.000,2.100,3.133
2026-01-05 15:00:00,0.800,1025.100,0.100,323.000,0.400,3.009
2026-01-05 16:00:00,1.600,1024.400,1.500,203.000,2.100,2.680
2026-01-05 17:00:00,2.000,1023.200,2.700,196.000,3.300,2.198
2026-01-05 18:00:00,2.500,1022.200,4.500,206.000,5.000,1.453
2026-01-05 19:00:00,4.000,1021.500,6.300,208.000,7.300,0.889
2026-01-05 20:00:00,4.400,1020.500,5.900,207.000,7.100,0.531
2026-01-05 21:00:00,5.100,1020.100,6.400,204.000,7.500,0.620
2026-01-05 22:00:00,5.500,1019.400,6.100,200.000,7.600,0.906
2026-01-05 23:00:00,5.900,1019.100,5.900,200.000,7.400,1.440
2026-01-06 00:00:00,6.000,1018.500,5.800,207.000,7.000,1.985
2026-01-06 01:00:00,5.900,1018.000,4.800,219.000,6.000,2.329
2026-01-06 02:00:00,6.500,1017.600,4.900,218.000,5.700,2.500
2026-01-06 03:00:00,7.200,1017.200,5.800,229.000,7.100,2.438
2026-01-06 04:00:00,6.600,1016.900,5.000,216.000,5.900,2.156
2026-01-06 05:00:00,5.500,1016.400,4.600,216.000,5.000,1.594
2026-01-06 06:00:00,5.500,1015.900,2.200,222.000,2.600,1.115
2026-01-06 07:00:00,4.800,1015.600,3.700,213.000,3.900,0.512
2026-01-06 08:00:00,4.700,1015.600,2.600,218.000,3.100,0.272
2026-01-06 09:00:00,5.100,1015.100,2.800,223.000,3.200,0.371
2026-01-06 10:00:00,4.900,1015.100,1.900,223.000,2.300,0.771
2026-01-06 11:00:00,4.700,1014.900,3.100,214.000,3.300,1.388
2026-01-06 12:00:00,5.200,1015.200,2.400,223.000,2.800,1.991
2026-01-06 13:00:00,4.800,1015.500,0.400,221.000,0.600,2.493
2026-01-06 14:00:00,5.400,1015.000,0.800,209.000,1.100,2.907
2026-01-06 15:00:00,5.800,1014.600,1.800,194.000,2.700,3.025
2026-01-06 16:00:00,6.500,1013.900,4.000,207.000,4.700,2.887
2026-01-06 17:00:00,6.800,1012.200,3.400,175.000,4.400,2.700
2026-01-06 18:00:00,6.700,1010.600,2.400,188.000,3.300,2.110
2026-01-06 19:00:00,6.500,1009.900,2.400,192.000,3.600,1.460
2026-01-06 20:00:00,6.500,1009.700,2.000,187.000,2.900,0.971
2026-01-06 21:00:00,6.600,1008.600,0.900,187.000,1.600,0.787
2026-01-06 22:00:00,6.900,1008.100,2.300,236.000,3.000,1.010
2026-01-06 23:00:00,7.000,1008.300,2.800,226.000,3.200,1.293
2026-01-07 00:00:00,8.400,1008.500,2.800,228.000,3.300,1.759
2026-01-07 01:00:00,7.500,1007.700,4.000,205.000,4.400,2.241
2026-01-07 02:00:00,6.600,1006.900,3.000,201.000,3.300,2.595
2026-01-07 03:00:00,6.300,1006.200,3.800,213.000,4.000,2.785
2026-01-07 04:00:00,7.200,1005.800,2.200,234.000,2.600,2.723
2026-01-07 05:00:00,7.500,1005.300,2.900,225.000,3.900,2.562
2026-01-07 06:00:00,12.100,1004.700,5.700,264.000,6.800,2.136
2026-01-07 07:00:00,12.500,1004.800,6.000,266.000,8.200,1.565
2026-01-07 08:00:00,11.900,1004.800,6.300,269.000,8.100,1.056
2026-01-07 09:00:00,11.500,1004.700,6.100,274.000,8.000,0.876
2026-01-07 10:00:00,11.300,1004.900,5.700,277.000,7.400,1.053
2026-01-07 11:00:00,11.400,1005.800,4.700,288.000,6.300,1.332
2026-01-07 12:00:00,11.500,1006.500,5.200,287.000,7.300,1.926
2026-01-07 13:00:00,11.000,1007.300,3.800,284.000,4.900,2.375
2026-01-07 14:00:00,11.900,1008.600,3.900,287.000,4.800,2.825
2026-01-07 15:00:00,13.000,1009.300,5.000,285.000,6.200,3.107
2026-01-07 16:00:00,14.100,1009.400,3.100,298.000,4.600,3.104
2026-01-07 17:00:00,14.800,1008.800,4.700,325.000,5.700,2.982
2026-01-07 18:00:00,15.300,1008.900,3.600,330.000,4.700,2.776
2026-01-07 19:00:00,16.300,1009.200,7.900,320.000,10.000,2.133
2026-01-07 20:00:00,16.200,1010.600,7.300,315.000,9.300,1.650
2026-01-07 21:00:00,15.300,1011.800,6.200,326.000,8.000,1.178
2026-01-07 22:00:00,14.500,1012.700,3.200,317.000,3.500,1.001
2026-01-07 23:00:00,13.400,1013.400,0.800,306.000,0.900,1.070
2026-01-08 00:00:00,11.000,1014.200,2.100,340.000,2.400,1.388
2026-01-08 01:00:00,10.300,1015.300,1.900,320.000,2.100,1.864
2026-01-08 02:00:00,11.100,1016.000,3.500,338.000,4.900,2.221
2026-01-08 03:00:00,9.800,1016.600,2.900,341.000,3.300,2.503
2026-01-08 04:00:00,8.600,1017.100,0.700,7.000,0.900,2.562
2026-01-08 05:00:00,6.200,1017.200,1.000,219.000,1.100,2.513
2026-01-08 06:00:00,6.000,1017.800,0.700,251.000,0.800,2.290
2026-01-08 07:00:00,5.300,1018.400,0.400,295.000,0.500,1.729
2026-01-08 08:00:00,5.300,1019.200,2.300,19.000,2.900,1.266
2026-01-08 09:00:00,4.900,1019.800,1.400,8.000,1.700,0.801
2026-01-08 10:00:00,4.900,1020.500,1.500,12.000,1.700,0.617
2026-01-08 11:00:00,3.900,1021.500,1.200,6.000,1.400,0.722
2026-01-08 12:00:00,4.100,1021.900,1.000,6.000,1.100,0.988
2026-01-08 13:00:00,4.200,1022.300,1.300,6.000,1.300,1.506
2026-01-08 14:00:00,5.000,1023.300,1.400,19.000,1.700,2.057
2026-01-08 15:00:00,7.300,1024.400,1.500,16.000,1.900,2.379
2026-01-08 16:00:00,8.200,1024.500,2.100,19.000,2.400,2.579
2026-01-08 17:00:00,9.200,1024.400,2.400,25.000,3.100,2.556
2026-01-08 18:00:00,9.300,1023.800,2.600,85.000,3.900,2.375
2026-01-08 19:00:00,8.800,1023.700,2.600,100.000,3.200,2.001
2026-01-08 20:00:00,6.800,1024.100,2.200,216.000,2.600,1.490
2026-01-08 21:00:00,6.600,1024.400,0.600,193.000,0.900,1.033
2026-01-08 22:00:00,6.300,1024.900,1.700,223.000,2.100,0.676
2026-01-08 23:00:00,6.200,1025.400,0.400,252.000,0.600,0.594
2026-01-09 00:00:00,5.600,1026.000,1.000,242.000,1.300,0.669
2026-01-09 01:00:00,5.400,1026.600,1.400,253.000,1.800,1.086
2026-01-09 02:00:00,6.100,1026.300,0.100,238.000,0.300,1.542
2026-01-09 03:00:00,5.500,1026.300,0.800,154.000,1.100,2.080
2026-01-09 04:00:00,5.300,1026.200,0.400,189.000,0.600,2.293
2026-01-09 05:00:00,5.300,1026.200,1.000,175.000,1.700,2.329
2026-01-09 06:00:00,5.800,1025.600,1.200,144.000,1.900,2.300
2026-01-09 07:00:00,6.000,1025.800,1.900,163.000,2.700,2.136
2026-01-09 08:00:00,6.500,1025.500,2.800,154.000,3.700,1.716
2026-01-09 09:00:00,6.200,1026.300,0.500,197.000,0.800,1.289
2026-01-09 10:00:00,6.400,1026.000,1.300,148.000,2.000,0.856
2026-01-09 11:00:00,6.400,1026.000,2.200,161.000,3.000,0.745
2026-01-09 12:00:00,6.500,1026.000,2.400,159.000,3.100,0.794
2026-01-09 13:00:00,6.800,1025.500,2.500,153.000,3.700,1.224
2026-01-09 14:00:00,7.200,1025.500,1.400,182.000,2.000,1.670
2026-01-09 15:00:00,7.700,1025.600,1.700,190.000,2.500,2.005
2026-01-09 16:00:00,7.700,1024.200,1.800,190.000,2.500,2.257
2026-01-09 17:00:00,8.000,1023.100,3.400,213.000,3.600,2.444
2026-01-09 18:00:00,9.200,1022.000,4.400,219.000,5.600,2.388
2026-01-09 19:00:00,9.400,1021.300,5.300,216.000,5.900,2.156
2026-01-09 20:00:00,9.500,1021.000,3.900,209.000,4.600,1.785
2026-01-09 21:00:00,10.000,1020.900,4.400,220.000,6.000,1.289
2026-01-09 22:00:00,8.000,1020.600,3.200,201.000,3.500,0.991
2026-01-09 23:00:00,10.700,1020.800,5.400,220.000,7.300,0.610
2026-01-10 00:00:00,8.000,1020.400,4.000,214.000,4.600,0.636
2026-01-10 01:00:00,9.800,1020.500,7.400,214.000,8.200,0.764
2026-01-10 02:00:00,9.400,1020.400,6.700,217.000,7.600,1.220
2026-01-10 03:00:00,11.300,1020.700,5.600,219.000,7.100,1.614
2026-01-10 04:00:00,9.800,1020.500,6.300,217.000,7.400,1.982
2026-01-10 05:00:00,8.600,1020.500,3.900,198.000,4.500,2.211
2026-01-10 06:00:00,7.900,1020.300,3.900,215.000,4.300,2.287
2026-01-10 07:00:00,10.000,1020.900,1.400,213.000,1.500,2.208
2026-01-10 08:00:00,9.400,1021.100,1.300,190.000,1.500,1.978
2026-01-10 09:00:00,11.100,1021.400,0.200,132.000,0.600,1.677
2026-01-10 10:00:00,9.500,1021.000,2.900,83.000,4.200,1.207
2026-01-10 11:00:00,8.700,1021.800,2.400,13.000,3.200,0.883
2026-01-10 12:00:00,10.700,1021.400,2.900,30.000,4.500,0.794
2026-01-10 13:00:00,11.400,1021.900,2.100,44.000,4.000,0.846
2026-01-10 14:00:00,10.300,1021.900,3.300,63.000,6.400,1.152
2026-01-10 15:00:00,8.800,1021.900,2.100,52.000,4.800,1.512
2026-01-10 16:00:00,8.200,1019.900,4.100,78.000,6.000,1.903
2026-01-10 17:00:00,7.900,1019.300,1.000,86.000,1.900,2.116
2026-01-10 18:00:00,8.200,1017.500,2.600,74.000,4.100,2.270
2026-01-10 19:00:00,8.200,1016.300,3.600,125.000,4.700,2.267
2026-01-10 20:00:00,8.300,1015.300,4.000,179.000,6.000,2.136
2026-01-10 21:00:00,8.500,1014.100,2.500,180.000,4.000,1.909
2026-01-10 22:00:00,9.800,1013.300,4.600,219.000,5.700,1.529
2026-01-10 23:00:00,9.500,1012.000,5.200,214.000,5.800,1.270
2026-01-11 00:00:00,9.400,1011.800,6.900,214.000,7.900,0.896
2026-01-11 01:00:00,9.800,1011.100,8.500,217.000,10.400,0.896
2026-01-11 02:00:00,11.800,1010.100,8.200,229.000,10.100,1.043
2026-01-11 03:00:00,12.100,1009.700,9.400,230.000,12.300,1.394
2026-01-11 04:00:00,12.000,1009.200,10.100,228.000,12.200,1.795
2026-01-11 05:00:00,10.900,1008.400,7.900,223.000,9.500,2.129
2026-01-11 06:00:00,13.300,1008.300,8.900,229.000,10.800,2.349
2026-01-11 07:00:00,13.200,1009.600,0.900,250.000,1.600,2.448
2026-01-11 08:00:00,13.100,1009.900,0.800,322.000,1.300,2.231
2026-01-11 09:00:00,12.100,1009.900,1.900,322.000,2.900,1.972
2026-01-11 10:00:00,11.500,1010.500,5.200,337.000,7.100,1.621
2026-01-11 11:00:00,10.700,1011.300,4.600,341.000,5.600,1.257
2026-01-11 12:00:00,9.800,1011.700,4.400,4.000,5.400,0.820
2026-01-11 13:00:00,9.200,1011.500,4.100,8.000,5.100,0.764
2026-01-11 14:00:00,8.900,1011.600,6.000,1.000,7.500,0.922
2026-01-11 15:00:00,8.600,1012.700,5.200,0.000,6.800,1.089
2026-01-11 16:00:00,8.000,1012.600,5.400,5.000,6.500,1.417
2026-01-11 17:00:00,7.200,1011.400,4.600,344.000,6.200,1.857
2026-01-11 18:00:00,7.400,1010.400,2.900,290.000,4.100,1.857
2026-01-11 19:00:00,7.200,1011.400,4.600,311.000,6.800,2.011
2026-01-11 20:00:00,7.800,1011.500,5.100,309.000,7.200,1.972
2026-01-11 21:00:00,8.200,1012.500,6.700,311.000,9.900,1.850
2026-01-11 22:00:00,6.700,1014.700,6.100,314.000,9.400,1.532
2026-01-11 23:00:00,5.600,1016.400,8.400,318.000,11.100,0.925
2026-01-12 00:00:00,4.500,1017.700,8.700,298.000,12.000,0.279
2026-01-12 01:00:00,3.700,1019.100,7.500,309.000,10.900,-0.049
2026-01-12 02:00:00,3.000,1020.000,9.000,307.000,11.700,-0.007
2026-01-12 03:00:00,2.500,1020.400,5.300,303.000,6.900,0.157
2026-01-12 04:00:00,2.200,1021.300,5.700,298.000,9.400,0.738
2026-01-12 05:00:00,2.000,1022.200,6.000,306.000,8.000,1.260
2026-01-12 06:00:00,1.800,1023.100,4.800,289.000,6.000,1.519
2026-01-12 07:00:00,1.500,1023.800,2.900,305.000,3.800,1.562
2026-01-12 08:00:00,1.200,1023.300,4.200,317.000,5.700,1.663
2026-01-12 09:00:00,0.700,1023.800,3.300,311.000,4.400,1.650
2026-01-12 10:00:00,0.700,1024.300,3.800,306.000,5.600,1.434
2026-01-12 11:00:00,0.700,1025.500,3.700,309.000,4.400,0.814
2026-01-12 12:00:00,0.600,1025.800,4.100,315.000,5.500,0.440
2026-01-12 13:00:00,0.900,1026.600,4.100,319.000,5.700,0.285
2026-01-12 14:00:00,2.100,1027.000,5.600,311.000,8.000,0.213
2026-01-12 15:00:00,2.600,1027.400,3.300,310.000,5.100,0.259
2026-01-12 16:00:00,3.600,1026.700,3.600,301.000,5.200,0.299
2026-01-12 17:00:00,4.600,1025.500,2.300,302.000,3.900,0.722
2026-01-12 18:00:00,5.700,1024.300,3.300,274.000,3.900,0.938
2026-01-12 19:00:00,6.500,1024.000,4.000,269.000,5.800,1.158
2026-01-12 20:00:00,6.800,1023.500,4.800,249.000,6.200,1.148
2026-01-12 21:00:00,6.400,1023.500,5.500,254.000,6.500,1.079
2026-01-12 22:00:00,5.400,1023.700,3.400,256.000,3.900,0.935
2026-01-12 23:00:00,4.100,1023.500,3.800,238.000,4.700,0.413
2026-01-13 00:00:00,4.100,1023.400,3.900,241.000,4.800,0.085
2026-01-13 01:00:00,4.500,1023.400,5.000,238.000,6.300,-0.367
2026-01-13 02:00:00,4.300,1023.100,4.400,230.000,5.200,-0.390
2026-01-13 03:00:00,4.200,1022.800,4.000,229.000,4.700,-0.282
2026-01-13 04:00:00,4.100,1022.700,3.800,232.000,4.700,-0.131
2026-01-13 05:00:00,3.900,1022.300,2.800,244.000,3.400,0.276
2026-01-13 06:00:00,3.800,1022.300,3.600,255.000,4.300,0.686
2026-01-13 07:00:00,3.500,1021.900,3.600,260.000,5.000,1.040
2026-01-13 08:00:00,3.300,1021.500,3.300,284.000,4.100,1.289
2026-01-13 09:00:00,3.100,1021.200,3.300,291.000,4.200,1.414
2026-01-13 10:00:00,2.700,1021.500,1.900,291.000,2.900,1.335
2026-01-13 11:00:00,2.300,1021.400,0.700,217.000,1.100,1.020
2026-01-13 12:00:00,2.400,1021.600,3.600,229.000,4.100,0.696
2026-01-13 13:00:00,2.800,1021.500,3.300,240.000,3.900,0.400
2026-01-13 14:00:00,4.600,1021.600,3.800,235.000,4.900,0.108
2026-01-13 15:00:00,5.600,1021.400,3.200,211.000,3.400,0.016
2026-01-13 16:00:00,6.200,1020.400,2.300,201.000,3.100,0.125
2026-01-13 17:00:00,6.200,1018.500,3.100,198.000,3.900,0.256
2026-01-13 18:00:00,6.100,1017.700,4.200,203.000,5.100,0.551
2026-01-13 19:00:00,6.200,1016.100,4.100,194.000,6.500,0.951
2026-01-13 20:00:00,6.300,1015.200,5.500,209.000,6.700,1.112
2026-01-13 21:00:00,6.400,1014.900,6.800,213.000,7.500,1.207
2026-01-13 22:00:00,6.400,1013.500,7.800,217.000,8.700,1.188
2026-01-13 23:00:00,6.900,1013.400,6.000,222.000,7.100,0.925
2026-01-14 00:00:00,6.700,1012.600,6.300,217.000,7.200,0.541
2026-01-14 01:00:00,7.900,1012.200,7.000,227.000,8.900,0.246
2026-01-14 02:00:00,7.500,1011.600,7.400,222.000,8.700,-0.023
2026-01-14 03:00:00,7.300,1011.100,6.100,224.000,7.200,-0.115
2026-01-14 04:00:00,7.300,1010.500,7.100,227.000,8.600,-0.102
2026-01-14 05:00:00,6.900,1009.900,6.900,221.000,8.200,0.243
2026-01-14 06:00:00,6.300,1009.100,5.900,221.000,7.300,0.686
2026-01-14 07:00:00,7.100,1008.800,6.500,224.000,8.000,1.158
2026-01-14 08:00:00,6.200,1008.200,5.800,219.000,6.600,1.496
2026-01-14 09:00:00,6.100,1007.600,6.200,217.000,7.500,1.772
2026-01-14 10:00:00,6.100,1007.200,4.200,222.000,4.800,1.870
2026-01-14 11:00:00,5.600,1007.200,5.200,216.000,6.000,1.729
2026-01-14 12:00:00,5.700,1007.400,4.100,221.000,4.700,1.522
2026-01-14 13:00:00,5.700,1007.400,4.700,222.000,5.500,1.217
2026-01-14 14:00:00,6.500,1007.100,4.600,215.000,5.200,0.768
2026-01-14 15:00:00,7.000,1007.000,5.600,214.000,6.300,0.535
2026-01-14 16:00:00,7.100,1006.000,3.500,196.000,4.600,0.515
2026-01-14 17:00:00,6.800,1004.700,5.600,212.000,6.600,0.689
2026-01-14 18:00:00,6.900,1003.400,6.400,202.000,7.600,0.823
2026-01-14 19:00:00,7.700,1003.000,6.400,231.000,8.300,1.188
2026-01-14 20:00:00,7.600,1002.500,7.100,221.000,8.400,1.499
2026-01-14 21:00:00,8.200,1002.700,3.400,229.000,4.000,1.778
2026-01-14 22:00:00,7.000,1001.800,2.700,222.000,3.600,1.854
2026-01-14 23:00:00,6.600,1001.200,4.600,209.000,5.200,1.857
2026-01-15 00:00:00,6.900,1000.700,4.500,211.000,5.100,1.673
2026-01-15 01:00:00,7.200,1000.100,5.400,204.000,6.400,1.493
2026-01-15 02:00:00,6.900,999.100,5.600,208.000,6.500,1.033
2026-01-15 03:00:00,7.700,999.000,7.200,222.000,8.700,0.846
2026-01-15 04:00:00,7.500,998.200,6.800,223.000,9.300,0.840
2026-01-15 05:00:00,7.600,997.100,6.600,228.000,8.400,1.027
2026-01-15 06:00:00,7.300,996.900,6.200,226.000,7.500,1.388
2026-01-15 07:00:00,6.700,996.900,4.000,215.000,4.400,1.768
2026-01-15 08:00:00,7.300,996.600,2.400,230.000,3.300,2.073
2026-01-15 09:00:00,7.700,996.600,3.000,240.000,3.900,2.434
2026-01-15 10:00:00,7.600,997.100,3.500,288.000,4.900,2.667
2026-01-15 11:00:00,7.400,997.600,6.000,313.000,8.000,2.628
2026-01-15 12:00:00,6.000,999.100,5.300,318.000,7.000,2.566
2026-01-15 13:00:00,5.100,1000.200,4.800,311.000,7.000,2.359
2026-01-15 14:00:00,3.300,1001.200,9.700,311.000,13.500,1.759
2026-01-15 15:00:00,3.100,1002.200,6.400,326.000,9.400,1.302
2026-01-15 16:00:00,2.500,1002.500,7.100,319.000,9.700,0.938
2026-01-15 17:00:00,1.900,1001.700,8.400,318.000,10.200,0.935
2026-01-15 18:00:00,1.900,1001.300,7.600,340.000,9.600,1.132
2026-01-15 19:00:00,2.400,1001.200,5.700,288.000,9.000,1.391
2026-01-15 20:00:00,2.400,1001.600,4.800,299.000,6.800,1.621
2026-01-15 21:00:00,1.800,1002.400,6.300,312.000,8.300,1.952
2026-01-15 22:00:00,0.900,1002.200,6.500,326.000,8.100,2.064
2026-01-15 23:00:00,0.000,1003.800,4.800,320.000,5.900,2.083
2026-01-16 00:00:00,-0.700,1003.900,5.200,332.000,6.300,1.732
2026-01-16 01:00:00,-1.400,1004.200,6.900,328.000,8.600,1.257
2026-01-16 02:00:00,-2.000,1005.400,6.500,329.000,9.200,0.919
2026-01-16 03:00:00,-2.800,1005.800,7.500,342.000,9.200,0.479
2026-01-16 04:00:00,-3.500,1006.400,7.500,321.000,9.300,0.249
2026-01-16 05:00:00,-4.100,1006.800,8.300,311.000,11.500,0.223
2026-01-16 06:00:00,-4.100,1007.300,4.800,301.000,6.500,0.276
2026-01-16 07:00:00,-3.900,1008.600,5.000,287.000,6.200,0.856
2026-01-16 08:00:00,-4.000,1009.900,4.600,285.000,5.500,1.289
2026-01-16 09:00:00,-4.000,1010.900,6.100,293.000,8.100,1.634
2026-01-16 10:00:00,-3.900,1012.000,6.400,296.000,9.000,1.909
2026-01-16 11:00:00,-4.000,1013.500,4.300,295.000,6.300,2.113
2026-01-16 12:00:00,-4.200,1014.900,4.500,295.000,6.200,2.008
2026-01-16 13:00:00,-3.700,1015.900,5.600,305.000,7.600,1.726
2026-01-16 14:00:00,-3.100,1016.800,5.500,300.000,7.400,1.401
2026-01-16 15:00:00,-2.100,1017.600,5.100,301.000,9.100,0.919
2026-01-16 16:00:00,-0.900,1017.700,6.400,304.000,8.500,0.443
2026-01-16 17:00:00,0.100,1017.000,5.300,280.000,7.100,0.236
2026-01-16 18:00:00,0.800,1017.600,5.300,264.000,6.900,0.177
2026-01-16 19:00:00,1.600,1017.900,5.100,286.000,6.800,0.358
2026-01-16 20:00:00,2.100,1017.900,4.500,263.000,5.600,0.676
2026-01-16 21:00:00,2.300,1017.900,5.500,217.000,6.500,0.794
2026-01-16 22:00:00,1.600,1019.000,3.600,231.000,5.000,1.293
2026-01-16 23:00:00,1.500,1019.400,3.100,246.000,3.900,1.414
2026-01-17 00:00:00,1.800,1019.400,4.300,232.000,5.400,1.230
2026-01-17 01:00:00,2.200,1019.500,5.100,225.000,6.100,0.922
2026-01-17 02:00:00,3.000,1019.800,5.300,235.000,6.300,0.417
2026-01-17 03:00:00,3.100,1019.600,4.400,228.000,5.100,-0.043
2026-01-17 04:00:00,2.800,1019.700,4.300,228.000,5.600,-0.384
2026-01-17 05:00:00,4.000,1019.000,8.400,219.000,9.900,-0.545
2026-01-17 06:00:00,3.900,1019.100,6.600,225.000,8.000,-0.669
2026-01-17 07:00:00,4.200,1019.500,7.000,224.000,8.600,-0.420
2026-01-17 08:00:00,3.100,1019.700,4.100,226.000,4.800,0.171
2026-01-17 09:00:00,2.900,1019.600,5.300,215.000,6.200,0.712
2026-01-17 10:00:00,3.400,1019.300,6.100,225.000,7.900,1.165
2026-01-17 11:00:00,3.300,1019.200,5.700,217.000,7.000,1.430
2026-01-17 12:00:00,3.000,1019.300,5.300,219.000,6.200,1.532
2026-01-17 13:00:00,3.600,1019.600,5.300,216.000,6.000,1.490
2026-01-17 14:00:00,6.000,1019.400,6.200,229.000,7.900,1.224
2026-01-17 15:00:00,7.300,1019.500,7.700,235.000,10.400,0.614
2026-01-17 16:00:00,6.800,1018.700,8.900,209.000,10.000,0.194
2026-01-17 17:00:00,7.900,1018.000,10.300,221.000,12.400,-0.121
2026-01-17 18:00:00,6.800,1016.800,6.300,213.000,7.300,-0.404
2026-01-17 19:00:00,9.700,1017.600,8.400,286.000,13.400,-0.351
2026-01-17 20:00:00,8.600,1018.100,6.500,284.000,10.200,-0.039
2026-01-17 21:00:00,9.100,1018.400,7.900,266.000,11.100,0.322
2026-01-17 22:00:00,8.400,1018.600,5.000,257.000,6.000,0.879
2026-01-17 23:00:00,9.000,1019.400,2.600,311.000,3.600,1.250
2026-01-18 00:00:00,6.400,1019.900,1.900,27.000,2.600,1.289
2026-01-18 01:00:00,6.000,1020.000,1.800,4.000,2.400,1.148
2026-01-18 02:00:00,5.800,1019.600,1.600,33.000,1.900,0.873
2026-01-18 03:00:00,5.700,1019.600,1.400,355.000,1.700,0.541
2026-01-18 04:00:00,4.900,1019.800,0.000,1.000,0.000,0.118
2026-01-18 05:00:00,5.400,1019.500,0.000,1.000,0.100,-0.279
2026-01-18 06:00:00,5.500,1018.200,1.000,61.000,2.000,-0.315
2026-01-18 07:00:00,5.500,1018.100,1.800,65.000,2.900,0.003
2026-01-18 08:00:00,5.800,1018.000,0.900,84.000,1.500,0.561
2026-01-18 09:00:00,5.900,1016.900,0.700,78.000,1.100,1.152
2026-01-18 10:00:00,5.400,1016.700,2.900,3.000,3.300,1.578
2026-01-18 11:00:00,5.900,1016.900,1.100,52.000,2.500,2.113
2026-01-18 12:00:00,5.300,1016.900,1.200,354.000,1.600,2.359
2026-01-18 13:00:00,5.400,1016.300,0.200,354.000,1.000,2.375
2026-01-18 14:00:00,5.400,1015.100,2.200,1.000,2.500,2.297
2026-01-18 15:00:00,5.900,1014.300,1.300,12.000,1.500,2.090
2026-01-18 16:00:00,6.600,1014.400,2.900,311.000,3.500,1.604
2026-01-18 17:00:00,6.300,1012.700,2.700,340.000,3.100,0.988
2026-01-18 18:00:00,5.800,1011.500,2.700,350.000,3.300,0.568
2026-01-18 19:00:00,5.400,1010.800,2.600,353.000,3.000,0.509
2026-01-18 20:00:00,4.500,1010.000,5.000,11.000,6.500,0.856
2026-01-18 21:00:00,3.700,1009.700,4.900,7.000,5.800,1.214
2026-01-18 22:00:00,2.800,1009.400,5.400,344.000,6.100,1.647
2026-01-18 23:00:00,1.900,1010.200,6.400,336.000,8.300,2.031
2026-01-19 00:00:00,1.200,1011.200,6.900,335.000,10.100,2.257
2026-01-19 01:00:00,1.300,1010.700,8.100,346.000,10.100,2.313
2026-01-19 02:00:00,0.900,1011.300,6.400,345.000,8.500,2.169
2026-01-19 03:00:00,-0.100,1012.700,7.100,341.000,9.000,1.932
2026-01-19 04:00:00,-0.800,1012.800,6.900,336.000,9.500,1.293
2026-01-19 05:00:00,-1.200,1013.500,7.400,335.000,9.800,0.676
2026-01-19 06:00:00,-1.800,1013.700,7.000,337.000,8.800,0.453
2026-01-19 07:00:00,-2.100,1014.300,5.500,339.000,6.900,0.505
2026-01-19 08:00:00,-2.600,1015.500,3.500,316.000,4.800,0.837
2026-01-19 09:00:00,-3.200,1016.200,2.900,312.000,4.100,1.266
2026-01-19 10:00:00,-3.300,1016.600,1.300,307.000,1.700,1.867
2026-01-19 11:00:00,-3.900,1016.500,1.600,271.000,2.400,2.238
2026-01-19 12:00:00,-3.200,1016.900,1.700,277.000,2.100,2.523
2026-01-19 13:00:00,-3.200,1017.400,2.400,218.000,2.900,2.730
2026-01-19 14:00:00,-1.600,1017.800,3.600,239.000,4.400,2.812
2026-01-19 15:00:00,0.100,1018.400,4.700,223.000,5.700,2.644
2026-01-19 16:00:00,0.800,1018.000,6.000,219.000,7.300,2.034
2026-01-19 17:00:00,2.300,1016.700,7.100,218.000,8.500,1.375
2026-01-19 18:00:00,3.800,1015.500,7.300,255.000,9.100,0.961
2026-01-19 19:00:00,4.200,1015.200,7.800,252.000,9.600,0.682
2026-01-19 20:00:00,4.400,1015.800,7.100,276.000,10.500,0.627
2026-01-19 21:00:00,4.200,1016.700,5.500,266.000,7.000,0.719
2026-01-19 22:00:00,3.800,1017.100,3.000,279.000,4.000,1.266
2026-01-19 23:00:00,2.900,1017.900,2.300,262.000,2.600,1.739
2026-01-20 00:00:00,2.400,1018.300,1.300,248.000,1.600,1.982
2026-01-20 01:00:00,2.100,1018.700,1.800,223.000,2.200,2.044
2026-01-20 02:00:00,2.000,1019.000,1.400,235.000,1.700,1.949
2026-01-20 03:00:00,2.100,1019.100,1.900,230.000,2.700,1.719
2026-01-20 04:00:00,1.500,1019.800,5.400,320.000,8.000,1.322
2026-01-20 05:00:00,1.800,1020.700,4.600,347.000,5.900,0.741
2026-01-20 06:00:00,1.200,1021.100,5.000,354.000,6.000,0.269
2026-01-20 07:00:00,0.900,1022.200,6.500,354.000,7.700,-0.049
2026-01-20 08:00:00,0.000,1023.200,6.300,349.000,8.000,-0.092
2026-01-20 09:00:00,-0.800,1023.900,5.800,340.000,7.700,0.289
2026-01-20 10:00:00,-1.800,1024.900,6.600,332.000,9.800,0.794
2026-01-20 11:00:00,-2.700,1025.700,8.500,331.000,12.300,1.460
2026-01-20 12:00:00,-3.500,1027.300,4.600,335.000,6.100,1.745
2026-01-20 13:00:00,-3.900,1028.400,5.400,344.000,7.200,2.129
2026-01-20 14:00:00,-3.900,1029.100,5.700,356.000,8.100,2.093
2026-01-20 15:00:00,-3.300,1029.700,4.800,328.000,6.600,1.893
2026-01-20 16:00:00,-2.600,1029.800,5.700,324.000,7.900,1.424
2026-01-20 17:00:00,-1.600,1029.000,3.800,344.000,5.100,0.738
2026-01-20 18:00:00,-0.800,1028.300,4.500,293.000,6.600,0.138
2026-01-20 19:00:00,-0.200,1028.100,4.400,297.000,5.700,-0.269
2026-01-20 20:00:00,-0.100,1028.300,4.800,332.000,6.000,-0.400
2026-01-20 21:00:00,-0.200,1029.400,4.300,292.000,6.400,-0.315
2026-01-20 22:00:00,-0.900,1030.400,5.000,331.000,6.000,0.089
2026-01-20 23:00:00,-1.400,1031.000,3.500,8.000,4.400,0.535
2026-01-21 00:00:00,-1.600,1032.000,3.800,11.000,5.000,0.971
2026-01-21 01:00:00,-2.400,1032.800,1.800,67.000,3.100,1.306
2026-01-21 02:00:00,-2.700,1033.400,1.200,38.000,2.500,1.427
2026-01-21 03:00:00,-2.700,1034.100,0.900,59.000,1.900,1.204
2026-01-21 04:00:00,-2.000,1034.200,2.700,15.000,3.600,0.889
2026-01-21 05:00:00,-2.400,1034.600,2.700,5.000,3.400,0.308
2026-01-21 06:00:00,-2.700,1034.600,1.700,10.000,2.700,-0.203
2026-01-21 07:00:00,-2.800,1034.900,2.600,356.000,3.600,-0.686
2026-01-21 08:00:00,-2.800,1034.800,3.600,13.000,4.700,-0.768
2026-01-21 09:00:00,-3.300,1034.700,1.100,78.000,1.900,-0.551
2026-01-21 10:00:00,-3.200,1035.300,2.100,26.000,3.100,-0.135
2026-01-21 11:00:00,-3.400,1035.300,1.700,349.000,2.100,0.535
2026-01-21 12:00:00,-3.300,1035.100,1.300,3.000,1.700,1.109
2026-01-21 13:00:00,-0.300,1035.000,3.100,128.000,4.700,1.562
2026-01-21 14:00:00,1.200,1034.800,2.600,143.000,4.000,1.900
2026-01-21 15:00:00,2.400,1034.900,2.800,184.000,4.200,1.841
2026-01-21 16:00:00,2.900,1034.200,6.000,207.000,7.300,1.512
2026-01-21 17:00:00,3.600,1033.000,7.200,219.000,8.500,1.033
2026-01-21 18:00:00,4.000,1031.500,7.400,220.000,9.400,0.361
2026-01-21 19:00:00,4.300,1029.900,7.900,224.000,9.900,-0.157
2026-01-21 20:00:00,4.700,1028.400,8.400,220.000,9.900,-0.456
2026-01-21 21:00:00,4.900,1026.900,11.000,213.000,13.400,-0.515
2026-01-21 22:00:00,4.600,1026.600,7.400,224.000,9.200,-0.125
2026-01-21 23:00:00,3.500,1026.500,4.600,218.000,5.200,0.404
2026-01-22 00:00:00,4.000,1026.500,4.200,235.000,5.400,0.938
2026-01-22 01:00:00,4.200,1025.500,5.100,220.000,5.700,1.319
2026-01-22 02:00:00,4.800,1024.700,6.500,224.000,7.700,1.470
2026-01-22 03:00:00,5.000,1024.300,4.200,232.000,5.100,1.555
2026-01-22 04:00:00,4.800,1023.100,7.900,219.000,9.600,1.273
2026-01-22 05:00:00,6.300,1022.700,5.500,238.000,6.700,0.955
2026-01-22 06:00:00,5.100,1021.500,4.800,217.000,5.600,0.295
2026-01-22 07:00:00,5.100,1020.800,5.200,220.000,5.800,-0.105
2026-01-22 08:00:00,8.100,1020.200,7.200,247.000,9.000,-0.489
2026-01-22 09:00:00,8.600,1019.500,7.700,245.000,10.200,-0.587
2026-01-22 10:00:00,9.000,1018.700,9.700,255.000,12.200,-0.331
2026-01-22 11:00:00,8.700,1018.600,6.400,269.000,8.000,0.092
2026-01-22 12:00:00,7.300,1018.700,6.600,260.000,7.700,0.774
2026-01-22 13:00:00,7.300,1019.200,6.000,264.000,7.300,1.348
2026-01-22 14:00:00,8.300,1019.500,7.100,270.000,10.000,1.706
2026-01-22 15:00:00,9.600,1019.500,5.700,274.000,7.400,1.864
2026-01-22 16:00:00,10.800,1019.500,6.400,308.000,9.300,1.765
2026-01-22 17:00:00,10.900,1018.700,6.100,278.000,7.000,1.401
2026-01-22 18:00:00,11.900,1017.600,5.300,291.000,7.700,0.791
2026-01-22 19:00:00,12.500,1017.200,5.100,310.000,6.600,0.266
2026-01-22 20:00:00,12.900,1017.400,3.900,290.000,5.400,-0.105
2026-01-22 21:00:00,12.400,1018.000,6.100,285.000,7.600,-0.282
2026-01-22 22:00:00,10.900,1018.800,2.200,263.000,2.700,-0.108
2026-01-22 23:00:00,9.500,1019.400,0.900,246.000,0.900,0.115
2026-01-23 00:00:00,7.200,1019.700,0.600,200.000,0.900,0.689
2026-01-23 01:00:00,6.700,1020.100,2.200,253.000,2.500,1.237
2026-01-23 02:00:00,6.400,1020.200,1.100,11.000,1.500,1.611
2026-01-23 03:00:00,4.600,1020.300,0.900,19.000,1.200,1.827
2026-01-23 04:00:00,5.300,1021.000,0.800,9.000,1.000,1.818
2026-01-23 05:00:00,4.800,1021.300,1.800,8.000,2.100,1.532
2026-01-23 06:00:00,4.800,1021.500,2.000,26.000,2.400,1.230
2026-01-23 07:00:00,4.300,1021.800,1.200,14.000,1.600,0.554
2026-01-23 08:00:00,3.900,1021.800,0.200,12.000,0.400,0.023
2026-01-23 09:00:00,2.700,1021.400,0.000,11.000,0.000,-0.135
2026-01-23 10:00:00,1.300,1021.800,0.700,11.000,0.900,-0.062
2026-01-23 11:00:00,1.300,1022.400,1.300,0.000,1.400,0.282
2026-01-23 12:00:00,1.700,1022.900,0.900,1.000,1.100,0.801
2026-01-23 13:00:00,1.900,1023.600,0.000,351.000,0.000,1.234
2026-01-23 14:00:00,3.300,1024.000,0.000,344.000,0.200,1.752
2026-01-23 15:00:00,5.800,1024.000,2.000,29.000,2.200,2.024
2026-01-23 16:00:00,5.200,1024.200,4.200,201.000,5.000,2.080
2026-01-23 17:00:00,6.200,1023.200,2.600,195.000,3.600,1.883
2026-01-23 18:00:00,6.600,1022.200,3.800,192.000,5.500,1.542
2026-01-23 19:00:00,6.300,1021.800,5.000,202.000,6.200,0.869
2026-01-23 20:00:00,6.300,1021.600,3.800,204.000,4.600,0.459
2026-01-23 21:00:00,6.500,1021.700,5.100,211.000,5.800,0.023
2026-01-23 22:00:00,5.900,1021.900,3.900,224.000,4.600,-0.013
2026-01-23 23:00:00,5.200,1022.400,1.400,209.000,1.900,0.187
2026-01-24 00:00:00,4.400,1022.800,0.000,247.000,0.000,0.499
2026-01-24 01:00:00,4.700,1023.900,3.600,6.000,4.300,0.991
2026-01-24 02:00:00,4.600,1025.000,6.000,342.000,8.700,1.444
2026-01-24 03:00:00,0.800,1026.900,11.900,10.000,15.400,2.077
2026-01-24 04:00:00,-0.900,1028.100,12.300,9.000,15.900,2.159
2026-01-24 05:00:00,-3.100,1029.400,11.200,2.000,13.600,1.637
2026-01-24 06:00:00,-4.400,1030.200,10.400,3.000,13.000,1.106
2026-01-24 07:00:00,-5.600,1031.300,12.200,7.000,15.400,0.778
2026-01-24 08:00:00,-6.500,1032.200,9.800,5.000,12.100,0.495
2026-01-24 09:00:00,-7.100,1032.800,9.600,9.000,12.700,0.105
2026-01-24 10:00:00,-7.500,1034.100,10.100,12.000,14.500,-0.256
2026-01-24 11:00:00,-8.300,1035.300,9.400,9.000,13.000,-0.082
2026-01-24 12:00:00,-8.800,1036.000,10.000,9.000,13.800,0.164
2026-01-24 13:00:00,-9.100,1037.400,8.600,6.000,10.400,0.771
2026-01-24 14:00:00,-8.500,1037.700,10.700,11.000,14.900,1.365
2026-01-24 15:00:00,-8.500,1038.600,8.900,15.000,12.300,1.677
2026-01-24 16:00:00,-7.800,1038.500,8.600,10.000,11.500,1.798
2026-01-24 17:00:00,-7.500,1038.100,6.800,13.000,9.000,1.923
2026-01-24 18:00:00,-7.600,1037.000,5.400,21.000,9.100,1.640
2026-01-24 19:00:00,-7.500,1036.400,6.200,17.000,8.700,1.119
2026-01-24 20:00:00,-6.900,1037.100,6.000,3.000,7.700,0.591
2026-01-24 21:00:00,-7.000,1037.400,5.500,22.000,7.200,0.062
2026-01-24 22:00:00,-6.700,1037.900,5.300,13.000,7.200,-0.308
2026-01-24 23:00:00,-6.700,1038.100,5.400,2.000,6.400,-0.240
2026-01-25 00:00:00,-6.300,1038.300,5.000,3.000,6.200,-0.092
2026-01-25 01:00:00,-5.900,1038.400,4.300,3.000,5.300,0.430
2026-01-25 02:00:00,-5.700,1038.000,5.300,5.000,6.300,0.951
2026-01-25 03:00:00,-5.000,1038.000,2.000,64.000,3.200,1.411
2026-01-25 04:00:00,-4.500,1036.900,2.800,57.000,6.100,1.768
2026-01-25 05:00:00,-4.900,1036.300,3.700,65.000,6.600,1.886
2026-01-25 06:00:00,-4.900,1035.200,4.400,28.000,7.000,1.804
2026-01-25 07:00:00,-4.300,1034.000,3.100,40.000,6.800,1.762
2026-01-25 08:00:00,-3.100,1032.400,5.500,70.000,7.600,1.424
2026-01-25 09:00:00,-2.200,1030.600,6.500,72.000,10.400,1.010
2026-01-25 10:00:00,-1.400,1029.500,6.400,78.000,9.600,0.525
2026-01-25 11:00:00,-0.800,1028.800,6.100,77.000,9.600,0.505
2026-01-25 12:00:00,-0.300,1027.200,8.000,78.000,12.800,0.728
2026-01-25 13:00:00,0.200,1025.700,7.500,82.000,11.800,1.299
2026-01-25 14:00:00,0.800,1024.200,6.800,92.000,10.800,1.690
2026-01-25 15:00:00,1.500,1022.400,8.400,101.000,12.400,2.093
2026-01-25 16:00:00,2.500,1020.100,7.800,88.000,12.700,2.487
2026-01-25 17:00:00,3.400,1016.800,7.200,86.000,13.000,2.812
2026-01-25 18:00:00,4.300,1014.100,5.600,80.000,8.200,2.871
2026-01-25 19:00:00,4.800,1012.500,4.300,69.000,6.600,2.792
2026-01-25 20:00:00,5.300,1010.600,4.300,346.000,5.700,2.457
2026-01-25 21:00:00,5.600,1008.400,2.500,74.000,3.500,2.011
2026-01-25 22:00:00,4.700,1007.400,3.400,8.000,4.600,1.699
2026-01-25 23:00:00,4.200,1007.600,4.900,346.000,6.200,1.552
2026-01-26 00:00:00,3.800,1007.400,2.700,332.000,3.200,1.437
2026-01-26 02:00:00,3.100,1006.000,4.300,212.000,5.600,1.972
2026-01-26 03:00:00,1.700,1007.700,6.600,276.000,10.200,2.349
2026-01-26 04:00:00,0.900,1007.100,3.100,292.000,3.900,2.740
2026-01-26 05:00:00,0.600,1007.600,3.300,273.000,4.300,3.009
2026-01-26 06:00:00,0.500,1007.600,4.000,320.000,4.700,3.074
2026-01-26 07:00:00,0.100,1007.600,3.500,308.000,4.700,3.159
2026-01-26 08:00:00,0.000,1007.700,3.900,347.000,5.400,3.058
2026-01-26 09:00:00,-0.600,1008.200,3.100,315.000,3.900,2.690
2026-01-26 10:00:00,-0.900,1008.700,2.600,303.000,3.200,2.287
2026-01-26 11:00:00,-1.000,1009.400,3.100,322.000,3.800,1.936
2026-01-26 12:00:00,-1.400,1010.300,2.800,300.000,4.400,1.785
2026-01-26 13:00:00,-1.600,1010.000,3.500,307.000,5.100,1.670
2026-01-26 14:00:00,-1.500,1010.200,7.000,339.000,9.300,1.850
2026-01-26 15:00:00,-1.900,1010.700,8.500,342.000,10.200,2.283
2026-01-26 16:00:00,-1.600,1010.600,9.500,342.000,12.500,2.697
2026-01-26 17:00:00,-1.600,1009.900,9.100,347.000,11.600,2.756
2026-01-26 18:00:00,-1.600,1009.700,7.400,324.000,11.700,2.927
2026-01-26 19:00:00,-1.600,1010.000,10.300,325.000,12.700,2.910
2026-01-26 20:00:00,-1.600,1010.800,10.700,328.000,15.000,2.746
2026-01-26 21:00:00,-1.500,1011.500,8.300,319.000,11.200,2.113
2026-01-26 22:00:00,-2.200,1012.500,8.200,314.000,11.000,1.568
2026-01-26 23:00:00,-2.700,1014.000,10.300,314.000,13.100,1.198
2026-01-27 00:00:00,-3.100,1015.500,7.900,315.000,11.800,0.833
2026-01-27 01:00:00,-3.800,1016.600,8.900,323.000,12.300,0.653
2026-01-27 02:00:00,-4.400,1017.900,7.800,330.000,10.700,0.787
2026-01-27 03:00:00,-4.800,1018.900,8.000,315.000,9.900,1.325
2026-01-27 04:00:00,-5.200,1019.900,5.500,314.000,8.100,1.821
2026-01-27 05:00:00,-5.300,1020.900,6.100,309.000,9.300,2.156
2026-01-27 06:00:00,-5.400,1021.600,5.600,318.000,7.600,2.415
2026-01-27 07:00:00,-5.700,1022.200,5.100,302.000,7.100,2.608
2026-01-27 08:00:00,-6.100,1022.800,4.200,302.000,5.800,2.602
2026-01-27 09:00:00,-6.400,1022.900,5.100,312.000,6.600,2.362
2026-01-27 10:00:00,-6.700,1023.800,5.800,311.000,7.500,1.929
2026-01-27 11:00:00,-7.000,1024.300,3.500,302.000,4.800,1.519
2026-01-27 12:00:00,-7.900,1024.600,2.900,289.000,3.700,1.020
2026-01-27 13:00:00,-7.300,1024.800,3.800,285.000,4.700,0.797
2026-01-27 14:00:00,-6.600,1024.400,4.300,300.000,6.100,0.843
2026-01-27 15:00:00,-5.300,1023.700,5.000,265.000,6.500,1.001
2026-01-27 16:00:00,-4.600,1022.700,4.600,272.000,5.900,1.211
2026-01-27 17:00:00,-3.100,1021.500,4.800,242.000,7.200,1.686
2026-01-27 18:00:00,-2.500,1019.900,5.000,229.000,6.900,1.942
2026-01-27 19:00:00,-1.900,1019.000,6.900,224.000,8.900,2.146
2026-01-27 20:00:00,-1.800,1017.200,9.600,208.000,11.400,1.939
2026-01-27 21:00:00,-0.900,1016.600,7.500,257.000,10.100,1.693
2026-01-27 22:00:00,-2.000,1016.900,7.100,257.000,9.000,1.263
2026-01-27 23:00:00,-2.400,1017.300,4.700,266.000,5.900,0.843
2026-01-28 00:00:00,-2.600,1017.700,3.900,254.000,4.600,0.312
2026-01-28 01:00:00,-3.000,1018.000,2.700,262.000,3.400,0.003
2026-01-28 02:00:00,-3.000,1018.200,2.200,247.000,2.600,-0.023
2026-01-28 03:00:00,-3.500,1019.100,2.400,303.000,3.700,0.240
2026-01-28 04:00:00,-3.400,1020.400,7.200,347.000,9.000,0.614
2026-01-28 05:00:00,-4.200,1021.000,4.600,340.000,6.300,1.276
2026-01-28 06:00:00,-4.200,1021.800,6.100,337.000,8.200,1.575
2026-01-28 07:00:00,-4.100,1022.400,9.000,353.000,10.900,1.877
2026-01-28 08:00:00,-5.000,1023.300,4.300,339.000,5.800,1.969
2026-01-28 09:00:00,-5.500,1023.600,5.000,330.000,6.800,2.073
2026-01-28 10:00:00,-5.800,1024.200,4.600,324.000,6.000,2.028
2026-01-28 11:00:00,-6.400,1024.200,3.800,320.000,5.000,1.555
2026-01-28 12:00:00,-7.200,1024.300,3.100,306.000,4.000,1.007
2026-01-28 13:00:00,-6.700,1024.500,4.800,343.000,6.200,0.669
2026-01-28 14:00:00,-6.200,1024.600,7.000,344.000,9.300,0.364
2026-01-28 15:00:00,-5.800,1024.200,5.700,343.000,6.800,0.361
2026-01-28 16:00:00,-5.500,1024.000,3.900,9.000,5.000,0.502
2026-01-28 17:00:00,-4.700,1022.500,2.700,26.000,3.900,0.909
2026-01-28 18:00:00,-3.900,1020.900,2.800,308.000,4.300,1.234
2026-01-28 19:00:00,-3.300,1019.700,4.100,311.000,5.300,1.588
2026-01-28 20:00:00,-2.700,1018.900,3.600,328.000,5.600,1.713
2026-01-28 21:00:00,-2.400,1018.600,2.600,299.000,3.700,1.781
2026-01-28 22:00:00,-2.800,1018.500,2.700,301.000,3.300,1.627
2026-01-28 23:00:00,-3.400,1019.100,3.600,301.000,4.900,1.266
2026-01-29 00:00:00,-4.000,1019.400,2.600,295.000,4.100,0.614
2026-01-29 01:00:00,-4.400,1018.900,1.500,313.000,1.800,0.236
2026-01-29 02:00:00,-4.700,1018.800,3.100,15.000,3.700,-0.052
2026-01-29 03:00:00,-5.200,1019.200,3.000,335.000,4.000,0.030
2026-01-29 04:00:00,-5.600,1019.600,3.800,341.000,4.900,0.289
2026-01-29 05:00:00,-5.800,1019.400,4.200,352.000,5.300,0.853
2026-01-29 06:00:00,-6.200,1019.600,6.500,7.000,9.000,1.483
2026-01-29 07:00:00,-6.700,1020.500,5.100,2.000,6.300,1.877
2026-01-29 08:00:00,-7.200,1021.200,4.000,336.000,5.500,2.211
2026-01-29 09:00:00,-7.800,1021.200,3.800,331.000,4.800,2.438
2026-01-29 10:00:00,-9.100,1021.800,2.100,303.000,2.500,2.484
2026-01-29 11:00:00,-9.200,1022.100,3.800,324.000,5.000,2.277
2026-01-29 12:00:00,-9.100,1022.300,3.900,328.000,5.600,1.900
2026-01-29 13:00:00,-9.200,1022.900,5.300,333.000,7.200,1.407
2026-01-29 14:00:00,-8.100,1023.400,8.000,324.000,10.100,0.879
2026-01-29 15:00:00,-7.400,1023.900,7.200,337.000,10.000,0.610
2026-01-29 16:00:00,-6.400,1023.500,7.100,317.000,9.600,0.482
2026-01-29 17:00:00,-5.900,1022.800,8.200,327.000,10.400,0.617
2026-01-29 18:00:00,-5.500,1021.900,9.400,337.000,11.600,0.912
2026-01-29 19:00:00,-5.300,1021.700,7.400,316.000,11.200,1.430
2026-01-29 20:00:00,-4.700,1022.200,7.500,334.000,9.300,1.781
2026-01-29 21:00:00,-4.700,1022.300,9.300,309.000,11.700,1.936
2026-01-29 22:00:00,-4.700,1022.700,4.700,323.000,5.900,1.870
2026-01-29 23:00:00,-5.200,1023.500,4.500,328.000,6.200,1.706
2026-01-30 00:00:00,-5.700,1023.900,3.600,332.000,4.500,1.175
2026-01-30 01:00:00,-6.100,1023.800,3.000,336.000,3.900,0.696
2026-01-30 02:00:00,-6.700,1024.300,2.300,313.000,3.000,0.171
2026-01-30 03:00:00,-6.800,1024.500,3.200,318.000,3.800,-0.112
2026-01-30 04:00:00,-6.900,1024.600,3.400,325.000,4.400,-0.154
2026-01-30 05:00:00,-7.200,1024.600,3.100,313.000,3.700,0.203
2026-01-30 06:00:00,-7.500,1024.500,2.700,318.000,3.600,0.801
2026-01-30 07:00:00,-7.300,1024.500,5.400,336.000,6.700,1.411
2026-01-30 08:00:00,-7.800,1024.700,3.200,324.000,3.800,1.932
2026-01-30 09:00:00,-8.700,1024.900,2.600,302.000,3.300,2.359
2026-01-30 10:00:00,-8.800,1025.100,3.200,313.000,4.000,2.579
2026-01-30 11:00:00,-9.000,1024.900,3.500,324.000,4.500,2.572
2026-01-30 12:00:00,-9.500,1025.100,3.200,313.000,3.900,2.369
2026-01-30 13:00:00,-8.900,1025.900,4.500,315.000,5.500,1.991
2026-01-30 14:00:00,-7.900,1025.800,5.500,335.000,6.800,1.365
2026-01-30 15:00:00,-7.900,1026.000,6.900,348.000,9.900,0.738
2026-01-30 16:00:00,-7.500,1025.600,7.600,351.000,9.800,0.367
2026-01-30 17:00:00,-7.100,1024.800,7.300,324.000,8.600,0.325
2026-01-30 18:00:00,-5.900,1024.300,5.200,324.000,7.600,0.305
2026-01-30 19:00:00,-6.300,1023.700,4.800,301.000,6.700,0.778
2026-01-30 20:00:00,-6.200,1023.600,7.000,302.000,9.400,1.211
2026-01-30 21:00:00,-6.000,1023.500,5.200,324.000,6.400,1.594
2026-01-30 22:00:00,-6.200,1023.400,5.300,325.000,6.500,1.775
2026-01-30 23:00:00,-6.600,1023.600,4.100,326.000,5.200,1.804
2026-01-31 00:00:00,-7.000,1024.200,3.400,329.000,4.500,1.519
2026-01-31 01:00:00,-7.200,1024.300,3.000,324.000,4.000,1.040
2026-01-31 02:00:00,-7.500,1024.400,3.900,336.000,4.800,0.476
2026-01-31 03:00:00,-7.300,1024.700,3.900,339.000,4.700,-0.141
2026-01-31 04:00:00,-7.600,1024.700,4.800,358.000,6.500,-0.472
2026-01-31 05:00:00,-8.200,1024.700,3.400,329.000,4.800,-0.463
2026-01-31 06:00:00,-8.900,1024.200,4.300,336.000,5.700,-0.141
2026-01-31 07:00:00,-8.700,1024.100,5.700,357.000,7.300,0.476
2026-01-31 08:00:00,-9.100,1023.700,6.600,353.000,8.900,1.257
2026-01-31 09:00:00,-9.200,1023.400,5.400,342.000,7.600,1.831
2026-01-31 10:00:00,-9.500,1023.100,4.400,352.000,5.500,2.329
2026-01-31 11:00:00,-9.300,1023.000,5.100,348.000,6.400,2.520
2026-01-31 12:00:00,-9.000,1023.000,4.300,339.000,5.500,2.533
2026-01-31 13:00:00,-9.100,1023.000,5.000,348.000,6.400,2.267
2026-01-31 14:00:00,-8.700,1023.200,3.800,353.000,5.400,1.890
2026-01-31 15:00:00,-8.100,1022.100,6.800,8.000,9.200,1.220
2026-01-31 16:00:00,-6.900,1022.000,4.900,17.000,7.900,0.610
2026-01-31 17:00:00,-6.800,1020.700,6.200,21.000,9.700,0.236
2026-01-31 18:00:00,-6.700,1019.800,5.400,32.000,7.400,0.243
2026-01-31 19:00:00,-6.100,1019.100,7.000,16.000,9.700,0.495
2026-01-31 20:00:00,-5.800,1018.000,8.500,15.000,11.700,1.060
2026-01-31 21:00:00,-5.700,1017.600,7.700,21.000,10.600,1.663
2026-01-31 22:00:00,-5.100,1017.200,7.200,20.000,9.300,2.126
2026-01-31 23:00:00,-4.600,1016.600,4.800,32.000,6.900,2.480
2026-02-01 00:00:00,-4.100,1016.100,6.300,23.000,11.100,2.457
2026-02-01 01:00:00,-4.700,1015.000,7.600,26.000,12.600,2.438
2026-02-01 02:00:00,-4.700,1014.900,7.500,26.000,12.100,2.110
2026-02-01 03:00:00,-4.400,1013.500,8.100,28.000,13.200,1.391
2026-02-01 04:00:00,-4.000,1012.300,8.100,28.000,13.100,0.915
2026-02-01 05:00:00,-4.600,1010.500,11.900,8.000,14.300,0.650
2026-02-01 06:00:00,-5.000,1009.300,11.700,9.000,14.600,0.741
2026-02-01 07:00:00,-5.500,1008.800,13.400,10.000,16.500,1.125
2026-02-01 08:00:00,-5.900,1008.400,11.100,15.000,15.200,1.791
2026-02-01 09:00:00,-6.400,1008.400,12.900,17.000,17.600,2.388
2026-02-01 10:00:00,-6.400,1007.700,11.900,10.000,15.700,2.966
2026-02-01 11:00:00,-6.800,1007.700,10.900,4.000,13.500,3.330
2026-02-01 12:00:00,-7.500,1007.800,12.500,8.000,14.900,3.563
2026-02-01 13:00:00,-7.600,1008.600,11.800,350.000,16.100,3.566
2026-02-01 14:00:00,-7.800,1009.400,12.600,357.000,16.200,3.491
2026-02-01 15:00:00,-7.600,1009.700,11.500,347.000,15.000,3.041
2026-02-01 16:00:00,-7.500,1010.400,11.500,345.000,15.100,2.310
2026-02-01 17:00:00,-6.400,1010.500,8.100,338.000,11.300,1.585
2026-02-01 18:00:00,-6.300,1010.100,9.500,346.000,12.900,1.247
2026-02-01 19:00:00,-5.600,1010.000,9.300,337.000,13.400,1.155
2026-02-01 20:00:00,-5.100,1010.200,8.600,335.000,11.300,1.319
2026-02-01 21:00:00,-4.700,1010.400,10.200,338.000,12.000,1.814
2026-02-01 22:00:00,-4.100,1010.800,9.600,330.000,13.100,2.385
2026-02-01 23:00:00,-3.900,1011.800,7.300,331.000,10.100,2.808
2026-02-02 00:00:00,-3.700,1012.300,7.400,334.000,9.800,3.002
2026-02-02 01:00:00,-3.800,1012.700,4.900,319.000,6.200,2.995
2026-02-02 02:00:00,-4.000,1013.000,5.000,325.000,8.100,2.864
2026-02-02 03:00:00,-3.700,1013.600,5.700,329.000,7.800,2.595
2026-02-02 04:00:00,-3.500,1014.000,7.100,341.000,10.100,1.900
2026-02-02 05:00:00,-3.800,1014.800,6.200,334.000,8.300,1.302
2026-02-02 06:00:00,-4.300,1015.300,5.400,339.000,6.800,0.961
2026-02-02 07:00:00,-4.500,1015.900,6.600,341.000,8.200,0.945
2026-02-02 08:00:00,-5.200,1016.500,6.200,340.000,8.400,1.302
2026-02-02 09:00:00,-5.500,1017.300,6.500,339.000,8.100,1.926
2026-02-02 10:00:00,-5.400,1017.800,7.000,341.000,8.500,2.438
2026-02-02 11:00:00,-5.600,1018.300,7.000,336.000,9.300,2.864
2026-02-02 12:00:00,-5.700,1019.000,8.100,335.000,10.600,3.271
2026-02-02 13:00:00,-5.600,1019.700,7.200,331.000,10.500,3.412
2026-02-02 14:00:00,-4.700,1020.100,8.000,351.000,10.600,3.455
2026-02-02 15:00:00,-3.800,1020.300,7.100,346.000,10.100,3.205
2026-02-02 16:00:00,-2.700,1019.900,8.300,345.000,10.200,2.723
2026-02-02 17:00:00,-1.600,1019.500,6.900,330.000,9.100,1.890
2026-02-02 18:00:00,-0.900,1019.000,7.000,313.000,9.300,1.342
2026-02-02 19:00:00,-0.300,1018.900,6.200,308.000,8.600,1.014
2026-02-02 20:00:00,0.200,1019.100,8.100,325.000,10.600,1.056
2026-02-02 21:00:00,0.600,1019.700,6.300,325.000,8.000,1.453
2026-02-02 22:00:00,0.300,1020.400,4.400,317.000,5.300,1.969
2026-02-02 23:00:00,-0.400,1020.900,3.800,321.000,5.200,2.543
2026-02-03 00:00:00,-0.900,1021.500,3.000,295.000,4.100,2.851
2026-02-03 01:00:00,-1.200,1021.900,2.600,303.000,4.200,2.995
2026-02-03 02:00:00,-1.600,1022.300,2.500,293.000,3.200,2.992
2026-02-03 03:00:00,-2.100,1022.400,2.200,291.000,2.600,2.789
2026-02-03 04:00:00,-2.800,1022.800,2.800,285.000,3.600,2.323
2026-02-03 05:00:00,-3.000,1022.700,1.900,300.000,2.700,1.637
2026-02-03 06:00:00,-3.200,1022.500,2.300,282.000,2.800,1.112
2026-02-03 07:00:00,-3.300,1022.500,2.300,282.000,2.900,0.830
2026-02-03 08:00:00,-3.300,1022.700,2.400,265.000,3.000,0.942
2026-02-03 09:00:00,-3.400,1022.600,0.800,264.000,1.300,1.388
2026-02-03 10:00:00,-3.600,1022.900,0.000,261.000,0.400,1.988
2026-02-03 11:00:00,-3.000,1022.900,0.400,272.000,0.900,2.490
2026-02-03 12:00:00,-3.200,1023.400,0.800,260.000,1.300,2.933
2026-02-03 13:00:00,-1.700,1023.500,0.900,192.000,1.000,3.232
2026-02-03 14:00:00,0.300,1023.800,0.500,224.000,0.700,3.406
2026-02-03 15:00:00,2.400,1024.300,0.000,223.000,0.000,3.271
2026-02-03 16:00:00,2.300,1024.300,0.300,28.000,1.500,2.884
2026-02-03 17:00:00,3.600,1023.600,1.800,113.000,2.500,2.136
2026-02-03 18:00:00,2.400,1022.800,2.500,157.000,3.700,1.555
2026-02-03 19:00:00,2.300,1021.900,2.800,172.000,3.500,1.043
2026-02-03 20:00:00,3.000,1021.900,1.500,154.000,2.600,0.899
2026-02-03 21:00:00,2.800,1022.400,1.400,158.000,2.100,1.037
2026-02-03 22:00:00,2.100,1022.700,1.200,151.000,1.600,1.486
2026-02-03 23:00:00,1.600,1022.900,0.600,148.000,0.800,1.991
2026-02-04 00:00:00,1.600,1022.600,0.400,148.000,1.000,2.526
2026-02-04 01:00:00,1.600,1022.100,1.400,146.000,1.900,2.818
2026-02-04 02:00:00,1.900,1022.000,1.200,155.000,1.600,2.963
2026-02-04 03:00:00,1.400,1022.300,0.000,155.000,0.000,2.887
2026-02-04 04:00:00,1.600,1022.100,0.700,155.000,0.700,2.566
2026-02-04 05:00:00,1.600,1022.000,0.800,155.000,1.000,1.972
2026-02-04 06:00:00,1.600,1021.700,0.600,166.000,0.700,1.329
2026-02-04 07:00:00,1.800,1021.500,0.000,211.000,0.100,0.902
2026-02-04 08:00:00,1.700,1021.600,2.500,264.000,3.200,0.696
2026-02-04 09:00:00,0.800,1021.600,1.200,261.000,1.400,0.814
2026-02-04 10:00:00,0.700,1021.500,0.000,261.000,0.000,1.178
2026-02-04 11:00:00,0.300,1021.500,0.000,281.000,0.100,1.745
2026-02-04 12:00:00,0.500,1021.900,0.000,281.000,0.100,2.313
2026-02-04 13:00:00,0.500,1022.600,2.400,6.000,3.100,2.720
2026-02-04 14:00:00,0.600,1023.100,3.600,5.000,4.600,3.035
2026-02-04 15:00:00,1.000,1023.900,4.700,30.000,6.400,3.048
2026-02-04 16:00:00,1.400,1023.900,3.800,23.000,5.400,2.831
2026-02-04 17:00:00,1.700,1023.300,4.000,32.000,7.200,2.369
2026-02-04 18:00:00,2.100,1022.500,2.800,59.000,5.400,1.644
2026-02-04 19:00:00,1.700,1021.900,3.800,67.000,6.100,1.079
2026-02-04 20:00:00,1.700,1021.700,2.700,70.000,4.800,0.797
2026-02-04 21:00:00,1.100,1021.700,4.100,68.000,6.000,0.676
2026-02-04 22:00:00,1.300,1022.400,3.100,29.000,4.200,0.899
2026-02-04 23:00:00,0.900,1022.100,2.600,17.000,3.900,1.532
2026-02-05 00:00:00,1.000,1022.700,4.300,4.000,5.100,1.946
2026-02-05 01:00:00,0.700,1022.300,4.700,6.000,5.900,2.392
2026-02-05 02:00:00,0.600,1022.600,3.800,7.000,4.800,2.713
2026-02-05 03:00:00,0.300,1022.100,3.700,15.000,4.500,2.851
2026-02-05 04:00:00,0.300,1022.000,4.000,14.000,4.800,2.720
2026-02-05 05:00:00,0.200,1021.700,4.000,35.000,5.500,2.490
2026-02-05 06:00:00,-0.200,1021.000,3.700,20.000,6.100,1.759
2026-02-05 07:00:00,-1.000,1021.000,4.100,8.000,5.100,1.299
2026-02-05 08:00:00,-1.700,1020.200,4.500,8.000,5.200,0.801
2026-02-05 09:00:00,-1.800,1019.800,4.900,7.000,5.700,0.751
2026-02-05 10:00:00,-1.900,1019.600,5.000,10.000,6.500,0.997
2026-02-05 11:00:00,-2.200,1019.500,4.300,8.000,5.500,1.398
2026-02-05 12:00:00,-2.200,1019.800,4.700,18.000,6.400,1.939
2026-02-05 13:00:00,-2.400,1019.800,5.300,17.000,7.100,2.402
2026-02-05 14:00:00,-2.400,1019.600,5.900,9.000,7.100,2.818
2026-02-05 15:00:00,-1.900,1019.700,5.400,24.000,7.900,2.953
2026-02-05 16:00:00,-1.500,1019.200,4.200,20.000,6.300,2.887
2026-02-05 17:00:00,-1.100,1018.100,5.000,29.000,6.100,2.687
2026-02-05 18:00:00,-0.500,1016.800,5.300,28.000,7.100,2.241
2026-02-05 19:00:00,-0.100,1015.900,3.200,71.000,4.800,1.640
2026-02-05 20:00:00,0.300,1015.300,2.100,72.000,3.300,1.204
2026-02-05 21:00:00,-0.200,1015.000,2.900,79.000,4.300,0.958
2026-02-05 22:00:00,-0.600,1015.300,3.400,63.000,5.400,1.093
2026-02-05 23:00:00,-0.900,1014.500,3.600,30.000,4.700,1.348
2026-02-06 00:00:00,-1.000,1014.200,3.800,19.000,5.600,1.827
2026-02-06 01:00:00,-1.500,1013.900,4.300,8.000,5.100,2.303
2026-02-06 02:00:00,-1.600,1013.500,4.300,9.000,5.400,2.687
2026-02-06 03:00:00,-2.200,1012.800,4.000,345.000,4.600,2.972
2026-02-06 04:00:00,-2.300,1012.400,3.700,13.000,4.500,3.045
2026-02-06 05:00:00,-2.600,1011.600,5.300,357.000,6.300,2.923
2026-02-06 06:00:00,-2.900,1011.200,4.600,355.000,6.100,2.664
2026-02-06 07:00:00,-3.300,1011.400,3.700,343.000,4.800,2.093
2026-02-06 08:00:00,-3.500,1010.400,4.400,3.000,5.400,1.617
2026-02-06 09:00:00,-3.200,1009.900,4.000,353.000,4.900,1.430
2026-02-06 10:00:00,-3.100,1009.900,4.300,350.000,5.200,1.358
2026-02-06 11:00:00,-3.800,1009.500,3.900,336.000,4.900,1.558
2026-02-06 12:00:00,-4.500,1009.300,3.500,330.000,4.100,1.988
2026-02-06 13:00:00,-4.400,1009.400,3.000,329.000,3.700,2.405
2026-02-06 14:00:00,-2.800,1008.200,2.100,5.000,2.600,2.776
2026-02-06 15:00:00,-1.300,1007.700,2.400,23.000,3.200,3.061
2026-02-06 16:00:00,-1.100,1007.100,2.400,22.000,2.900,3.150
2026-02-06 17:00:00,0.500,1006.700,1.300,106.000,1.900,3.087
2026-02-06 18:00:00,0.300,1005.600,2.100,141.000,3.000,2.877
2026-02-06 19:00:00,0.600,1004.900,1.300,169.000,2.500,2.254
2026-02-06 20:00:00,-0.100,1004.900,1.400,137.000,1.900,1.916
2026-02-06 21:00:00,-0.100,1004.000,1.800,131.000,2.800,1.608
2026-02-06 22:00:00,0.100,1004.300,1.100,163.000,1.800,1.529
2026-02-06 23:00:00,0.400,1004.100,1.000,141.000,1.700,1.713
2026-02-07 00:00:00,0.100,1004.600,3.400,282.000,4.200,1.985
2026-02-07 01:00:00,-0.400,1004.900,2.300,299.000,3.200,2.306
2026-02-07 02:00:00,-0.700,1004.900,3.100,309.000,4.300,2.789
2026-02-07 03:00:00,-1.100,1004.900,1.600,299.000,2.400,3.091
2026-02-07 04:00:00,-1.200,1004.500,2.000,283.000,2.700,3.232
2026-02-07 05:00:00,-1.600,1004.200,2.700,288.000,3.400,3.228
2026-02-07 06:00:00,-1.500,1003.900,3.200,304.000,4.800,3.104
2026-02-07 07:00:00,-0.800,1004.200,4.000,308.000,5.500,2.690
2026-02-07 08:00:00,-0.400,1003.700,3.900,302.000,5.600,2.188
2026-02-07 09:00:00,-0.200,1003.600,4.000,312.000,5.900,1.801
2026-02-07 10:00:00,0.100,1003.600,4.600,309.000,6.200,1.558
2026-02-07 11:00:00,0.200,1004.100,6.800,321.000,9.100,1.545
2026-02-07 12:00:00,-2.000,1005.400,9.000,319.000,11.600,1.594
2026-02-07 13:00:00,-3.900,1006.800,14.700,324.000,19.500,1.755
2026-02-07 14:00:00,-4.500,1008.100,12.100,338.000,20.900,1.939
2026-02-07 15:00:00,-5.000,1008.900,13.700,328.000,16.800,2.362
2026-02-07 16:00:00,-5.600,1009.700,11.800,336.000,16.900,2.677
2026-02-07 17:00:00,-6.100,1009.800,11.800,322.000,15.700,2.589
2026-02-07 18:00:00,-6.700,1009.600,15.400,322.000,20.100,2.244
2026-02-07 19:00:00,-6.400,1010.300,12.900,327.000,20.500,1.706
2026-02-07 20:00:00,-6.300,1011.100,11.700,327.000,16.000,1.427
2026-02-07 21:00:00,-6.000,1012.200,11.500,328.000,17.900,1.020
2026-02-07 22:00:00,-6.200,1013.400,13.300,329.000,19.700,0.663
2026-02-07 23:00:00,-6.300,1014.900,11.700,337.000,14.800,0.794
2026-02-08 00:00:00,-6.500,1016.300,10.600,338.000,15.200,0.860
2026-02-08 01:00:00,-6.800,1017.200,8.500,332.000,10.600,1.260
2026-02-08 02:00:00,-7.100,1018.300,11.000,342.000,15.100,1.663
2026-02-08 03:00:00,-8.100,1019.200,9.800,5.000,13.700,2.182
2026-02-08 04:00:00,-8.500,1020.400,7.800,346.000,11.800,2.572
2026-02-08 05:00:00,-9.200,1020.700,10.000,349.000,12.200,2.667
2026-02-08 06:00:00,-9.300,1020.800,8.000,350.000,10.400,2.628
2026-02-08 07:00:00,-9.600,1021.200,8.900,349.000,11.900,2.539
2026-02-08 08:00:00,-9.400,1021.600,7.100,347.000,9.300,2.290
2026-02-08 09:00:00,-9.400,1022.100,8.500,346.000,11.100,1.926
2026-02-08 10:00:00,-9.800,1022.900,6.700,346.000,8.900,1.427
2026-02-08 11:00:00,-10.200,1023.800,6.600,334.000,8.700,1.299
2026-02-08 12:00:00,-10.400,1024.600,6.300,331.000,7.900,1.335
2026-02-08 13:00:00,-10.100,1025.400,6.400,351.000,8.400,1.470
2026-02-08 14:00:00,-9.000,1025.400,8.000,335.000,11.400,1.742
2026-02-08 15:00:00,-8.500,1025.200,9.800,329.000,13.000,2.093
2026-02-08 16:00:00,-7.700,1024.700,9.100,339.000,13.000,2.362
2026-02-08 17:00:00,-7.400,1024.100,9.400,335.000,12.600,2.572
2026-02-08 18:00:00,-6.900,1023.500,10.900,326.000,13.200,2.526
2026-02-08 19:00:00,-6.500,1023.200,10.700,339.000,13.900,2.313
2026-02-08 20:00:00,-5.900,1023.300,10.300,323.000,15.700,1.870
2026-02-08 21:00:00,-6.200,1023.800,10.100,340.000,12.000,1.486
2026-02-08 22:00:00,-6.500,1024.300,9.200,339.000,11.700,1.247
2026-02-08 23:00:00,-6.800,1025.400,6.400,330.000,7.700,1.033
2026-02-09 00:00:00,-7.200,1025.900,7.800,326.000,11.000,1.020
2026-02-09 01:00:00,-7.000,1026.000,6.500,330.000,8.100,1.198
2026-02-09 02:00:00,-7.000,1026.200,7.600,337.000,10.400,1.503
2026-02-09 03:00:00,-7.000,1026.200,9.000,326.000,11.100,1.972
2026-02-09 04:00:00,-7.000,1026.500,6.800,328.000,9.500,2.293
2026-02-09 05:00:00,-6.900,1026.100,7.600,339.000,9.900,2.598
2026-02-09 06:00:00,-7.300,1025.900,8.400,353.000,10.800,2.726
2026-02-09 07:00:00,-7.500,1026.200,6.600,347.000,9.700,2.740
2026-02-09 08:00:00,-8.000,1026.300,5.900,342.000,7.300,2.648
2026-02-09 09:00:00,-8.300,1026.400,6.900,347.000,8.000,2.454
2026-02-09 10:00:00,-8.800,1026.900,5.600,339.000,7.600,2.106
2026-02-09 11:00:00,-9.200,1027.300,6.700,341.000,9.600,1.640
2026-02-09 12:00:00,-9.700,1027.900,6.000,339.000,8.400,1.522
2026-02-09 13:00:00,-9.400,1028.600,6.100,345.000,7.700,1.568
2026-02-09 14:00:00,-8.700,1028.200,6.500,349.000,8.100,1.762
2026-02-09 15:00:00,-7.200,1028.100,4.900,345.000,6.200,1.988
2026-02-09 16:00:00,-5.300,1028.000,4.700,335.000,5.800,2.254
2026-02-09 17:00:00,-4.000,1027.100,4.100,8.000,5.300,2.444
2026-02-09 18:00:00,-2.000,1026.200,2.600,321.000,3.600,2.513
2026-02-09 19:00:00,-1.300,1025.300,2.500,14.000,3.100,2.431
2026-02-09 20:00:00,0.500,1024.700,3.000,337.000,4.800,2.290
2026-02-09 21:00:00,-0.800,1024.600,2.800,98.000,3.100,2.044
2026-02-09 22:00:00,-2.200,1024.400,1.700,133.000,2.200,1.739
2026-02-09 23:00:00,-1.900,1024.400,0.200,141.000,0.500,1.440
2026-02-10 00:00:00,-1.700,1025.100,2.100,319.000,2.700,1.224
2026-02-10 01:00:00,-2.200,1025.200,1.800,315.000,2.300,1.319
2026-02-10 02:00:00,-2.400,1025.200,0.900,300.000,1.100,1.391
2026-02-10 03:00:00,-2.900,1025.200,1.800,297.000,2.200,1.716
2026-02-10 04:00:00,-3.200,1024.500,0.800,295.000,1.000,2.123
2026-02-10 05:00:00,-3.500,1024.200,0.600,295.000,1.000,2.336
2026-02-10 06:00:00,-3.800,1023.600,0.500,267.000,0.800,2.572
2026-02-10 07:00:00,-3.700,1023.300,0.000,258.000,0.000,2.657
2026-02-10 08:00:00,-3.200,1023.100,1.800,245.000,2.300,2.628
2026-02-10 09:00:00,-2.600,1022.400,0.300,244.000,0.700,2.572
2026-02-10 10:00:00,-1.900,1022.200,0.100,244.000,0.700,2.260
2026-02-10 11:00:00,-1.100,1022.300,0.100,242.000,0.300,1.841
2026-02-10 12:00:00,-0.700,1022.300,0.900,202.000,1.400,1.585
2026-02-10 13:00:00,-0.100,1022.500,2.300,183.000,3.100,1.519
2026-02-10 14:00:00,0.500,1022.000,2.300,193.000,3.300,1.522
2026-02-10 15:00:00,1.100,1021.600,2.300,195.000,3.000,1.670
2026-02-10 16:00:00,1.900,1020.700,2.600,184.000,3.300,1.896
2026-02-10 17:00:00,1.700,1019.400,3.600,196.000,4.800,2.152
2026-02-10 18:00:00,2.100,1018.100,1.900,188.000,3.000,2.336
2026-02-10 19:00:00,1.500,1017.200,4.400,206.000,5.400,2.382
2026-02-10 20:00:00,1.700,1016.300,5.800,211.000,6.400,2.260
2026-02-10 21:00:00,2.800,1015.900,4.800,208.000,5.800,2.156
2026-02-10 22:00:00,2.000,1015.200,5.300,212.000,5.900,1.962
2026-02-10 23:00:00,2.700,1014.800,5.700,230.000,6.900,1.686
2026-02-11 00:00:00,2.000,1014.000,4.500,223.000,5.400,1.447
2026-02-11 01:00:00,2.400,1013.200,5.700,224.000,6.900,1.332
2026-02-11 02:00:00,1.200,1011.800,4.500,205.000,5.500,1.325
2026-02-11 03:00:00,1.700,1010.500,4.900,219.000,5.600,1.588
2026-02-11 04:00:00,2.500,1009.000,7.900,226.000,8.900,1.926
2026-02-11 05:00:00,4.000,1007.900,7.400,220.000,8.900,2.247
2026-02-11 06:00:00,1.800,1006.700,4.800,219.000,5.200,2.559
2026-02-11 07:00:00,4.500,1006.300,3.100,225.000,3.500,2.799
2026-02-11 08:00:00,8.300,1005.800,4.400,255.000,4.900,2.877
2026-02-11 09:00:00,10.200,1006.100,4.100,311.000,5.600,2.884
2026-02-11 10:00:00,9.400,1006.800,4.800,321.000,6.200,2.667
2026-02-11 11:00:00,5.500,1007.400,4.300,5.000,5.100,2.441
2026-02-11 12:00:00,6.100,1008.500,5.900,8.000,7.300,2.093
2026-02-11 13:00:00,4.500,1009.700,4.100,15.000,5.500,1.752
2026-02-11 14:00:00,5.300,1010.600,3.000,25.000,4.500,1.709
2026-02-11 15:00:00,4.500,1010.900,3.100,26.000,4.200,1.601
2026-02-11 16:00:00,6.000,1011.000,2.800,19.000,4.000,1.837
2026-02-11 17:00:00,8.200,1010.100,3.900,346.000,5.300,2.021
2026-02-11 18:00:00,9.000,1009.700,7.300,328.000,8.900,2.260
2026-02-11 19:00:00,8.500,1009.400,7.700,331.000,9.500,2.411
2026-02-11 20:00:00,9.700,1009.700,4.800,307.000,7.100,2.388
2026-02-11 21:00:00,9.200,1010.200,7.500,328.000,9.900,2.346
2026-02-11 22:00:00,7.900,1011.400,7.300,327.000,10.700,2.336
2026-02-11 23:00:00,6.400,1012.300,4.700,336.000,6.200,2.034
2026-02-12 00:00:00,5.700,1013.200,4.300,339.000,6.200,1.545
2026-02-12 01:00:00,4.900,1013.300,7.400,348.000,10.700,1.276
2026-02-12 02:00:00,4.400,1014.100,6.600,349.000,9.100,1.188
2026-02-12 03:00:00,3.800,1014.300,5.900,348.000,7.200,1.155
2026-02-12 04:00:00,3.500,1014.700,4.500,336.000,6.100,1.368
2026-02-12 05:00:00,2.900,1015.100,3.000,336.000,4.300,1.683
2026-02-12 06:00:00,2.500,1015.600,5.000,329.000,6.800,1.988
2026-02-12 07:00:00,2.500,1015.900,4.700,332.000,5.800,2.211
2026-02-12 08:00:00,2.600,1016.000,6.100,331.000,8.000,2.500
2026-02-12 09:00:00,2.200,1016.300,5.500,336.000,6.800,2.559
2026-02-12 10:00:00,1.800,1016.800,5.100,359.000,6.600,2.448
2026-02-12 11:00:00,1.100,1017.300,5.500,348.000,6.700,2.201
2026-02-12 12:00:00,1.000,1018.200,4.900,334.000,6.900,1.831
2026-02-12 13:00:00,0.700,1018.900,5.900,336.000,7.500,1.552
2026-02-12 14:00:00,0.700,1019.200,6.700,345.000,8.400,1.227
2026-02-12 15:00:00,1.000,1019.100,8.100,337.000,10.300,1.020
2026-02-12 16:00:00,1.200,1018.700,8.300,320.000,10.900,1.007
2026-02-12 17:00:00,1.600,1018.200,8.200,335.000,9.700,1.211
2026-02-12 18:00:00,2.100,1017.500,7.400,327.000,10.600,1.430
2026-02-12 19:00:00,2.300,1017.500,7.900,321.000,10.600,1.631
2026-02-12 20:00:00,2.700,1017.600,7.900,321.000,10.200,1.749
2026-02-12 21:00:00,2.400,1018.000,6.800,328.000,9.200,1.864
2026-02-12 22:00:00,2.200,1018.300,6.400,343.000,8.300,1.814
2026-02-12 23:00:00,1.800,1019.100,5.400,332.000,7.100,1.670
2026-02-13 00:00:00,1.000,1020.200,2.600,315.000,3.400,1.375
2026-02-13 01:00:00,0.100,1020.200,2.100,304.000,3.000,1.001
2026-02-13 02:00:00,-0.300,1020.400,2.600,315.000,3.500,0.732
2026-02-13 03:00:00,-0.400,1020.400,4.700,319.000,6.600,0.768
2026-02-13 04:00:00,-0.600,1020.300,3.600,326.000,4.900,0.817
2026-02-13 05:00:00,-0.800,1020.400,4.100,326.000,5.300,1.204
2026-02-13 06:00:00,-1.000,1020.500,3.900,331.000,5.100,1.552
2026-02-13 07:00:00,-1.300,1020.800,4.700,332.000,5.500,1.916
2026-02-13 08:00:00,-1.500,1020.900,4.900,332.000,6.000,2.264
2026-02-13 09:00:00,-1.700,1021.100,4.500,329.000,5.400,2.516
2026-02-13 10:00:00,-2.000,1021.400,4.000,326.000,4.800,2.677
2026-02-13 11:00:00,-2.500,1022.300,2.900,316.000,3.700,2.657
2026-02-13 12:00:00,-2.600,1022.800,4.200,325.000,5.200,2.480
2026-02-13 13:00:00,-2.200,1023.300,4.800,343.000,6.000,2.264
2026-02-13 14:00:00,-1.900,1023.500,7.600,7.000,9.100,1.867
2026-02-13 15:00:00,-1.500,1023.600,5.700,9.000,7.300,1.470
2026-02-13 16:00:00,-1.100,1023.400,5.900,10.000,8.000,1.329
2026-02-13 17:00:00,-0.100,1023.100,4.400,20.000,6.000,1.365
2026-02-13 18:00:00,1.000,1022.500,4.700,347.000,6.300,1.604
2026-02-13 19:00:00,1.500,1022.100,4.700,2.000,5.900,1.775
2026-02-13 20:00:00,2.000,1021.900,1.200,2.000,3.500,2.014
2026-02-13 21:00:00,0.600,1022.200,3.300,93.000,4.600,2.149
2026-02-13 22:00:00,0.500,1022.400,2.500,104.000,3.000,2.257
2026-02-13 23:00:00,-0.300,1023.000,2.200,190.000,2.700,2.221
2026-02-14 00:00:00,-1.000,1023.600,2.000,240.000,2.200,1.965
2026-02-14 01:00:00,-1.100,1023.500,0.900,242.000,1.200,1.516
2026-02-14 02:00:00,-1.000,1023.700,1.100,248.000,1.300,1.175
2026-02-14 03:00:00,-1.800,1023.600,1.000,248.000,1.300,0.919
2026-02-14 04:00:00,-2.100,1023.400,1.200,247.000,1.400,0.853
2026-02-14 05:00:00,-2.300,1023.400,0.600,247.000,0.900,0.935
2026-02-14 06:00:00,-2.100,1023.400,0.500,248.000,0.700,1.214
2026-02-14 07:00:00,-2.800,1023.500,1.400,244.000,1.800,1.598
2026-02-14 08:00:00,-2.800,1023.000,2.200,246.000,2.500,2.014
2026-02-14 09:00:00,-2.300,1023.000,2.700,248.000,3.700,2.323
2026-02-14 10:00:00,-2.200,1023.000,3.500,257.000,4.100,2.523
2026-02-14 11:00:00,-1.800,1023.200,2.500,250.000,3.100,2.592
2026-02-14 12:00:00,-1.400,1023.200,3.100,238.000,3.600,2.497
2026-02-14 13:00:00,-0.200,1023.200,3.000,234.000,4.000,2.251
2026-02-14 14:00:00,1.600,1023.000,4.600,241.000,5.500,1.736
2026-02-14 15:00:00,4.000,1022.700,4.900,236.000,6.200,1.270
2026-02-14 16:00:00,6.100,1022.300,4.800,265.000,6.400,0.925
2026-02-14 17:00:00,7.800,1020.900,6.400,246.000,7.800,0.863
2026-02-14 19:00:00,10.300,1019.300,6.700,262.000,9.300,1.125
2026-02-14 20:00:00,8.400,1019.100,1.900,226.000,4.300,1.355
2026-02-14 21:00:00,5.600,1019.000,2.800,204.000,4.200,1.673
2026-02-14 22:00:00,3.300,1019.600,3.700,202.000,4.600,1.949
2026-02-14 23:00:00,4.200,1020.000,2.400,223.000,2.900,1.991
2026-02-15 00:00:00,5.300,1020.300,2.800,243.000,3.100,1.781
2026-02-15 01:00:00,4.700,1020.500,3.800,235.000,5.100,1.476
2026-02-15 02:00:00,3.700,1020.300,4.700,216.000,5.400,1.125
2026-02-15 03:00:00,4.700,1020.100,5.100,218.000,6.200,0.781
2026-02-15 04:00:00,3.700,1019.500,5.500,218.000,6.500,0.509
2026-02-15 05:00:00,3.900,1019.700,2.400,234.000,2.800,0.456
2026-02-15 06:00:00,2.000,1019.300,2.700,201.000,3.100,0.676
2026-02-15 07:00:00,1.900,1019.100,3.300,214.000,3.600,1.037
2026-02-15 08:00:00,3.400,1018.900,2.500,232.000,2.800,1.594
2026-02-15 09:00:00,2.800,1018.200,2.300,221.000,2.500,1.978
2026-02-15 10:00:00,2.700,1018.100,1.300,222.000,1.500,2.388
2026-02-15 11:00:00,2.000,1018.300,1.900,207.000,2.200,2.638
2026-02-15 12:00:00,1.800,1018.600,2.400,206.000,3.000,2.690
2026-02-15 13:00:00,2.400,1018.600,2.000,202.000,2.200,2.572
2026-02-15 14:00:00,2.700,1018.300,2.100,194.000,2.600,2.297
2026-02-15 15:00:00,3.400,1018.300,1.700,180.000,2.500,1.795
2026-02-15 16:00:00,4.100,1018.000,1.500,194.000,2.600,1.302
2026-02-15 17:00:00,3.000,1017.900,3.600,202.000,4.500,1.099
2026-02-15 18:00:00,6.600,1017.200,1.500,199.000,2.200,1.053
2026-02-15 19:00:00,9.100,1017.300,3.200,272.000,4.000,1.138
2026-02-15 20:00:00,4.600,1017.000,1.500,207.000,1.900,1.532
2026-02-15 21:00:00,4.600,1016.500,0.700,193.000,1.000,1.955
2026-02-15 22:00:00,2.300,1016.300,1.300,193.000,1.800,2.221
2026-02-15 23:00:00,2.400,1015.700,1.200,187.000,1.600,2.438
2026-02-16 00:00:00,2.300,1015.200,0.700,169.000,1.200,2.539
2026-02-16 01:00:00,2.900,1014.800,2.100,115.000,2.700,2.349
2026-02-16 02:00:00,3.700,1013.800,3.100,98.000,4.700,2.113
2026-02-16 03:00:00,3.800,1013.700,4.100,77.000,6.000,1.542
2026-02-16 04:00:00,3.900,1012.900,5.000,70.000,6.800,1.204
2026-02-16 05:00:00,4.300,1011.400,4.100,63.000,6.600,1.010
2026-02-16 06:00:00,4.100,1011.100,2.900,48.000,6.300,1.093
2026-02-16 07:00:00,4.400,1011.100,4.800,33.000,8.700,1.355
2026-02-16 08:00:00,4.300,1010.500,4.900,36.000,9.500,2.070
2026-02-16 09:00:00,3.300,1010.800,5.100,26.000,8.800,2.411
2026-02-16 10:00:00,2.700,1011.800,7.200,26.000,10.400,2.959
2026-02-16 11:00:00,2.400,1012.400,8.600,21.000,12.600,3.363
2026-02-16 12:00:00,2.900,1013.900,9.500,32.000,13.000,3.658
2026-02-16 13:00:00,2.500,1015.100,7.900,28.000,11.700,3.596
2026-02-16 14:00:00,2.100,1016.800,8.600,24.000,13.900,3.550
2026-02-16 15:00:00,2.200,1017.500,8.500,26.000,12.900,3.094
2026-02-16 16:00:00,2.000,1018.500,7.800,20.000,12.200,2.457
2026-02-16 17:00:00,2.200,1018.800,7.300,28.000,11.300,1.952
2026-02-16 18:00:00,2.400,1019.500,5.500,22.000,9.300,1.670
2026-02-16 19:00:00,2.400,1020.100,5.600,27.000,9.300,1.660
2026-02-16 20:00:00,2.100,1020.400,3.900,37.000,6.600,1.969
2026-02-16 21:00:00,2.300,1021.400,2.600,36.000,4.300,2.365
2026-02-16 22:00:00,1.500,1021.800,3.200,72.000,5.500,2.690
2026-02-16 23:00:00,1.500,1022.800,2.200,72.000,3.500,3.018
2026-02-17 00:00:00,1.500,1023.100,1.900,72.000,3.400,3.156
2026-02-17 01:00:00,1.400,1023.600,1.500,7.000,2.000,3.107
2026-02-17 02:00:00,1.400,1023.500,0.800,350.000,1.100,2.969
2026-02-17 03:00:00,1.100,1023.200,0.500,88.000,0.600,2.530
2026-02-17 04:00:00,0.600,1022.900,0.300,125.000,0.400,2.024
2026-02-17 05:00:00,0.000,1023.100,0.300,265.000,0.500,1.535
2026-02-17 06:00:00,0.000,1023.700,1.100,266.000,1.400,1.260
2026-02-17 07:00:00,0.700,1023.400,1.800,217.000,2.100,1.289
2026-02-17 08:00:00,1.200,1023.400,1.800,246.000,2.300,1.608
2026-02-17 09:00:00,1.300,1023.600,2.400,224.000,3.700,2.024
2026-02-17 10:00:00,1.400,1023.600,1.100,236.000,2.100,2.536
2026-02-17 11:00:00,1.400,1023.700,3.000,214.000,3.500,2.848
2026-02-17 12:00:00,1.400,1023.800,4.200,228.000,5.100,3.156
2026-02-17 13:00:00,1.500,1023.800,3.800,229.000,4.700,3.251
2026-02-17 14:00:00,1.600,1023.700,3.200,240.000,4.100,3.169
2026-02-17 15:00:00,2.000,1023.600,4.500,231.000,5.600,2.838
2026-02-17 16:00:00,1.800,1023.300,5.800,215.000,6.700,2.231
2026-02-17 17:00:00,2.000,1022.500,5.700,212.000,6.500,1.686
2026-02-17 18:00:00,1.600,1021.500,5.800,202.000,7.200,1.306
2026-02-17 19:00:00,1.600,1021.000,5.800,204.000,6.600,1.142
2026-02-17 20:00:00,1.800,1020.800,4.000,195.000,5.300,1.266
2026-02-17 21:00:00,1.500,1021.000,5.300,204.000,6.100,1.591
2026-02-17 22:00:00,1.300,1020.900,2.800,195.000,4.100,2.044
2026-02-17 23:00:00,1.200,1021.100,2.600,191.000,3.500,2.530
2026-02-18 00:00:00,0.700,1021.100,3.000,195.000,4.200,2.736
2026-02-18 01:00:00,0.500,1021.100,2.800,203.000,3.000,2.831
2026-02-18 02:00:00,0.300,1021.100,1.500,208.000,2.200,2.664
2026-02-18 03:00:00,0.400,1020.700,3.300,203.000,3.600,2.323
2026-02-18 04:00:00,0.600,1020.000,2.300,198.000,2.800,1.811
2026-02-18 05:00:00,0.600,1019.100,2.000,200.000,2.400,1.263
2026-02-18 06:00:00,1.200,1018.700,1.900,206.000,2.300,0.883
2026-02-18 07:00:00,1.500,1017.900,1.600,185.000,2.300,0.715
2026-02-18 08:00:00,1.600,1017.300,2.500,207.000,2.900,0.876
2026-02-18 09:00:00,1.700,1016.100,3.300,197.000,4.000,1.322
2026-02-18 10:00:00,1.800,1016.100,3.100,199.000,3.600,1.936
2026-02-18 11:00:00,2.000,1014.800,3.600,194.000,4.700,2.408
2026-02-18 12:00:00,1.900,1014.400,4.500,208.000,4.900,2.802
2026-02-18 13:00:00,2.100,1013.700,4.800,208.000,5.700,3.064
2026-02-18 14:00:00,3.100,1013.000,5.100,205.000,5.800,3.064
2026-02-18 15:00:00,4.100,1012.700,5.900,210.000,6.500,2.877
2026-02-18 16:00:00,3.800,1011.500,6.100,213.000,6.800,2.431
2026-02-18 17:00:00,2.800,1010.300,5.000,204.000,5.800,1.834
2026-02-18 18:00:00,3.700,1008.700,4.700,206.000,5.300,1.329
2026-02-18 19:00:00,4.400,1007.900,4.500,200.000,5.200,1.010
2026-02-18 20:00:00,9.200,1008.000,2.300,233.000,3.500,1.066
2026-02-18 21:00:00,13.000,1008.000,4.200,254.000,5.300,1.266
2026-02-18 22:00:00,9.200,1007.000,2.500,159.000,3.400,1.719
2026-02-18 23:00:00,3.500,1008.400,2.300,205.000,3.100,2.349
2026-02-19 00:00:00,6.800,1008.000,4.000,230.000,4.600,2.713
2026-02-19 01:00:00,14.000,1008.200,5.500,271.000,7.100,2.920
2026-02-19 02:00:00,14.000,1008.500,7.100,266.000,10.200,2.897
2026-02-19 03:00:00,13.800,1008.700,5.000,281.000,6.900,2.828
2026-02-19 04:00:00,13.900,1009.000,0.700,16.000,1.300,2.388
2026-02-19 05:00:00,8.700,1009.400,0.200,190.000,0.700,1.749
2026-02-19 06:00:00,7.300,1009.900,0.200,6.000,1.400,1.270
2026-02-19 07:00:00,6.100,1010.800,0.200,46.000,0.700,0.958
2026-02-19 08:00:00,4.400,1011.500,3.000,19.000,4.400,0.810
2026-02-19 09:00:00,3.800,1011.900,2.900,29.000,4.500,1.165
2026-02-19 10:00:00,1.700,1013.000,5.300,30.000,7.300,1.644
2026-02-19 11:00:00,1.600,1013.700,2.500,69.000,5.300,2.270
2026-02-19 12:00:00,2.100,1014.900,2.500,67.000,4.300,2.661
2026-02-19 13:00:00,2.500,1015.500,1.400,31.000,2.100,3.038
2026-02-19 14:00:00,2.600,1016.400,2.500,21.000,2.900,3.235
2026-02-19 15:00:00,3.200,1016.700,2.700,18.000,3.300,3.133
2026-02-19 16:00:00,2.900,1016.000,3.400,26.000,4.300,2.910
2026-02-19 17:00:00,4.400,1016.300,1.100,65.000,2.800,2.297
2026-02-19 18:00:00,4.500,1014.800,4.000,19.000,5.600,1.719
2026-02-19 19:00:00,5.100,1015.000,5.100,37.000,7.800,1.148
2026-02-19 20:00:00,4.100,1014.200,4.500,67.000,8.200,1.096
2026-02-19 21:00:00,3.700,1013.000,3.500,69.000,5.800,1.093
2026-02-19 22:00:00,4.500,1013.600,3.100,32.000,5.100,1.677
2026-02-19 23:00:00,4.000,1013.500,4.800,36.000,8.500,2.388
2026-02-20 00:00:00,3.800,1013.900,4.800,72.000,8.000,2.762
2026-02-20 01:00:00,4.000,1012.800,3.600,66.000,6.100,3.035
2026-02-20 02:00:00,3.900,1012.500,4.100,39.000,7.000,3.251
2026-02-20 03:00:00,3.900,1012.300,2.600,48.000,5.000,3.255
2026-02-20 04:00:00,5.000,1012.300,4.500,67.000,5.900,3.041
2026-02-20 05:00:00,5.200,1011.900,3.900,69.000,5.700,2.743
2026-02-20 06:00:00,6.100,1011.700,3.000,73.000,4.300,1.883
2026-02-20 07:00:00,6.500,1011.400,2.200,65.000,3.700,1.549
2026-02-20 08:00:00,6.100,1011.000,2.200,34.000,3.700,1.217
2026-02-20 09:00:00,5.900,1010.200,1.600,62.000,2.800,1.296
2026-02-20 10:00:00,4.100,1009.500,1.900,55.000,4.900,1.522
2026-02-20 11:00:00,4.100,1008.100,3.600,75.000,4.700,2.064
2026-02-20 12:00:00,5.100,1006.800,4.200,125.000,6.300,2.592
2026-02-20 13:00:00,5.900,1006.400,2.600,134.000,4.100,3.028
2026-02-20 14:00:00,4.800,1005.300,2.200,187.000,3.000,3.353
2026-02-20 15:00:00,4.800,1004.300,2.800,189.000,3.500,3.386
2026-02-20 16:00:00,8.600,1005.200,2.900,326.000,3.900,3.386
2026-02-20 17:00:00,5.600,1003.500,1.600,17.000,2.500,2.982
2026-02-20 18:00:00,6.200,1002.500,0.500,143.000,1.100,2.192
2026-02-20 19:00:00,12.500,1001.800,5.500,279.000,7.000,1.936
2026-02-20 20:00:00,14.200,1001.500,5.400,294.000,6.900,1.683
2026-02-20 21:00:00,13.300,1001.100,3.400,271.000,4.100,1.476
2026-02-20 22:00:00,12.600,1001.900,3.600,273.000,4.500,1.759
2026-02-20 23:00:00,10.400,1002.400,4.300,247.000,5.600,2.408
2026-02-21 00:00:00,10.100,1003.200,4.800,253.000,5.700,2.707
2026-02-21 01:00:00,8.400,1003.400,3.800,227.000,4.700,3.189
2026-02-21 02:00:00,13.400,1004.000,7.100,253.000,8.800,3.396
2026-02-21 03:00:00,14.200,1005.100,1.200,311.000,2.400,3.593
2026-02-21 04:00:00,4.900,1006.500,0.300,28.000,1.400,3.537
2026-02-21 05:00:00,4.700,1007.600,1.300,15.000,1.600,3.274
2026-02-21 06:00:00,2.800,1008.600,1.000,15.000,1.400,2.513
2026-02-21 07:00:00,3.000,1009.300,0.300,21.000,0.700,2.080
2026-02-21 08:00:00,2.300,1009.400,3.700,17.000,4.900,1.588
2026-02-21 09:00:00,2.000,1010.200,0.000,2.000,0.700,1.496
2026-02-21 10:00:00,1.500,1011.900,0.000,223.000,0.000,1.535
2026-02-21 11:00:00,1.300,1013.300,1.600,203.000,1.900,1.762
2026-02-21 12:00:00,2.000,1013.700,0.400,198.000,0.700,2.297
2026-02-21 13:00:00,3.200,1015.300,0.000,206.000,0.800,2.654
2026-02-21 14:00:00,4.600,1016.400,1.800,8.000,2.000,2.976
2026-02-21 15:00:00,4.800,1016.200,1.400,167.000,2.100,3.140
2026-02-21 16:00:00,4.500,1016.700,1.900,183.000,2.700,3.114
2026-02-21 17:00:00,6.400,1016.200,1.800,129.000,3.400,2.900
2026-02-21 18:00:00,5.300,1016.300,2.000,177.000,3.000,2.451
2026-02-21 19:00:00,6.500,1016.000,1.800,135.000,2.900,1.755
2026-02-21 20:00:00,4.700,1016.400,1.400,195.000,2.100,1.385
2026-02-21 21:00:00,5.500,1017.000,2.600,212.000,2.900,1.053
2026-02-21 22:00:00,5.900,1017.300,2.000,220.000,2.400,1.079
2026-02-21 23:00:00,5.200,1017.800,1.600,230.000,2.100,1.243
2026-02-22 00:00:00,4.800,1018.400,0.100,232.000,0.300,1.860
2026-02-22 01:00:00,4.500,1018.700,0.000,236.000,0.000,2.425
2026-02-22 02:00:00,4.200,1018.600,0.000,230.000,0.100,2.746
2026-02-22 03:00:00,3.400,1018.700,1.100,145.000,1.200,3.061
2026-02-22 04:00:00,3.000,1018.700,1.200,137.000,1.600,3.127
2026-02-22 05:00:00,3.300,1018.400,2.600,107.000,3.300,2.959
2026-02-22 06:00:00,4.100,1017.500,2.600,101.000,3.900,2.743
2026-02-22 07:00:00,4.600,1017.300,2.700,85.000,4.500,2.106
2026-02-22 08:00:00,3.700,1016.400,2.700,107.000,3.600,1.693
2026-02-22 09:00:00,4.700,1016.500,2.800,95.000,3.900,1.224
2026-02-22 10:00:00,4.600,1015.200,4.100,67.000,6.200,1.125
2026-02-22 11:00:00,4.100,1016.300,3.000,67.000,4.700,1.148
2026-02-22 12:00:00,4.300,1015.000,5.100,75.000,7.900,1.677
2026-02-22 13:00:00,4.300,1014.500,2.800,72.000,5.800,2.110
2026-02-22 14:00:00,3.700,1013.500,4.100,68.000,8.300,2.638
2026-02-22 15:00:00,4.300,1013.000,5.800,87.000,8.600,2.995
2026-02-22 16:00:00,3.500,1011.500,6.800,85.000,10.600,3.104
2026-02-22 17:00:00,2.900,1009.900,5.400,80.000,8.700,3.222
2026-02-22 18:00:00,2.400,1008.800,5.400,77.000,8.800,3.094
2026-02-22 19:00:00,1.500,1007.600,4.900,34.000,8.500,2.687
2026-02-22 20:00:00,1.000,1006.500,6.200,37.000,10.100,2.270
2026-02-22 21:00:00,0.600,1004.800,4.900,36.000,8.100,1.959
2026-02-22 22:00:00,0.600,1003.700,4.100,38.000,8.200,1.749
2026-02-22 23:00:00,0.600,1002.800,8.800,30.000,13.100,2.077
2026-02-23 00:00:00,1.000,1001.600,12.000,18.000,16.400,2.835
2026-02-23 01:00:00,0.500,1000.200,13.600,6.000,17.300,3.150
2026-02-23 02:00:00,0.100,998.900,15.200,3.000,20.000,3.461
2026-02-23 03:00:00,-0.100,997.200,17.400,357.000,22.700,3.950
2026-02-23 04:00:00,-0.200,996.900,16.600,355.000,21.000,4.272
2026-02-23 05:00:00,-0.300,997.400,14.800,350.000,17.700,4.288
2026-02-23 06:00:00,-0.400,997.800,14.500,346.000,18.100,4.199
2026-02-23 07:00:00,-0.500,998.300,12.500,340.000,17.900,3.953
2026-02-23 08:00:00,-0.500,999.000,12.100,329.000,17.400,3.556
2026-02-23 09:00:00,-0.600,1000.200,9.900,330.000,13.600,3.028
2026-02-23 10:00:00,-0.700,1000.900,10.300,326.000,13.200,2.615
2026-02-23 11:00:00,-0.500,1001.400,11.400,330.000,15.400,2.402
2026-02-23 12:00:00,-0.300,1001.800,10.000,324.000,12.200,2.418
2026-02-23 13:00:00,-0.300,1002.100,10.700,324.000,13.300,2.667
2026-02-23 14:00:00,-0.100,1002.400,9.700,325.000,12.700,3.123
2026-02-23 15:00:00,0.000,1002.900,9.100,329.000,13.000,3.386
2026-02-23 16:00:00,0.000,1003.400,9.800,326.000,13.200,3.619
2026-02-23 17:00:00,0.400,1003.900,10.000,333.000,13.500,3.806
2026-02-23 18:00:00,1.300,1004.400,10.300,323.000,14.100,3.763
2026-02-23 19:00:00,1.700,1005.300,9.000,327.000,11.700,3.563
2026-02-23 20:00:00,2.300,1005.900,8.300,330.000,12.500,3.222
2026-02-23 21:00:00,2.900,1006.700,9.600,319.000,12.700,2.720
2026-02-23 22:00:00,3.200,1007.700,8.800,331.000,11.900,2.418
2026-02-23 23:00:00,3.200,1008.800,7.100,329.000,10.200,2.185
2026-02-24 00:00:00,2.900,1009.900,6.400,324.000,8.300,2.277
2026-02-24 01:00:00,2.700,1010.400,6.200,326.000,9.800,2.562
2026-02-24 02:00:00,2.800,1011.000,8.100,332.000,12.100,2.969
2026-02-24 03:00:00,2.400,1011.300,7.100,331.000,9.300,3.281
2026-02-24 04:00:00,2.100,1011.800,7.000,329.000,10.200,3.573
2026-02-24 05:00:00,1.500,1012.300,3.700,312.000,5.400,3.786
2026-02-24 06:00:00,1.300,1012.800,6.200,323.000,7.700,3.809
2026-02-24 07:00:00,0.700,1013.200,4.800,316.000,6.000,3.747
2026-02-24 08:00:00,0.500,1013.400,4.500,317.000,5.900,3.484
2026-02-24 09:00:00,0.400,1013.800,5.900,316.000,8.800,2.917
2026-02-24 10:00:00,0.000,1014.300,5.500,321.000,7.300,2.497
2026-02-24 11:00:00,-0.600,1015.200,6.600,316.000,9.800,2.100
2026-02-24 12:00:00,-1.000,1015.900,5.900,328.000,7.700,1.909
2026-02-24 13:00:00,-1.300,1016.700,7.100,334.000,9.400,1.877
2026-02-24 14:00:00,-1.000,1016.700,7.600,336.000,10.200,1.978
2026-02-24 15:00:00,-0.700,1016.600,9.200,312.000,13.000,2.231
2026-02-24 16:00:00,-0.200,1016.600,8.000,327.000,9.700,2.602
2026-02-24 17:00:00,-0.200,1016.500,7.200,306.000,10.400,2.789
2026-02-24 18:00:00,0.300,1016.100,6.300,301.000,8.300,2.746
2026-02-24 19:00:00,0.600,1015.700,8.000,312.000,10.500,2.474
2026-02-24 20:00:00,0.900,1015.400,6.200,280.000,9.200,2.133
2026-02-24 21:00:00,1.300,1015.300,5.500,304.000,7.800,1.690
2026-02-24 22:00:00,1.400,1015.500,3.300,286.000,4.300,1.398
2026-02-24 23:00:00,1.200,1015.700,0.400,296.000,0.700,1.135
2026-02-25 00:00:00,0.800,1015.800,0.000,284.000,0.000,0.866
2026-02-25 01:00:00,0.400,1016.100,0.700,270.000,0.900,0.994
2026-02-25 02:00:00,0.400,1016.400,3.200,218.000,3.600,1.257
2026-02-25 03:00:00,1.100,1015.900,5.100,198.000,6.000,1.686
2026-02-25 04:00:00,1.100,1015.000,5.000,188.000,6.600,2.162
2026-02-25 05:00:00,1.100,1014.500,6.700,217.000,8.000,2.503
2026-02-25 06:00:00,1.400,1013.800,5.500,221.000,6.500,2.726
2026-02-25 07:00:00,1.300,1013.100,6.400,219.000,7.200,2.713
2026-02-25 08:00:00,1.700,1011.900,8.100,210.000,9.300,2.654
2026-02-25 09:00:00,2.000,1010.600,6.700,214.000,7.900,2.316
2026-02-25 10:00:00,2.200,1009.800,9.100,214.000,10.300,1.880
2026-02-25 11:00:00,2.300,1009.000,8.400,218.000,10.400,1.427
2026-02-25 12:00:00,3.200,1009.100,8.000,228.000,11.000,1.040
2026-02-25 13:00:00,2.600,1008.500,8.000,217.000,9.500,0.860
2026-02-25 14:00:00,3.300,1008.400,8.300,228.000,10.800,0.771
2026-02-25 15:00:00,3.800,1008.000,7.100,224.000,9.100,0.856
2026-02-25 16:00:00,4.700,1007.800,6.400,218.000,7.400,1.073
2026-02-25 17:00:00,5.600,1007.400,4.900,224.000,6.500,1.247
2026-02-25 18:00:00,8.100,1006.700,5.600,252.000,6.800,1.535
2026-02-25 19:00:00,8.600,1006.300,7.200,247.000,9.000,1.493
2026-02-25 20:00:00,9.000,1006.000,5.600,248.000,8.000,1.430
2026-02-25 21:00:00,6.300,1006.200,5.300,216.000,6.300,1.286
2026-02-25 22:00:00,3.600,1006.700,5.600,199.000,6.900,0.948
2026-02-25 23:00:00,3.000,1006.800,5.900,214.000,6.700,0.597
2026-02-26 00:00:00,2.800,1007.700,4.200,208.000,4.900,0.217
2026-02-26 01:00:00,5.100,1008.500,4.600,225.000,5.400,0.003
2026-02-26 02:00:00,5.400,1008.800,4.100,221.000,4.900,0.079
2026-02-26 03:00:00,4.300,1009.000,3.700,217.000,4.100,0.531
2026-02-26 04:00:00,2.700,1008.900,3.500,208.000,4.000,1.086
2026-02-26 05:00:00,2.500,1008.800,4.000,209.000,4.400,1.680
2026-02-26 06:00:00,5.100,1009.600,3.900,223.000,4.600,2.014
2026-02-26 07:00:00,4.200,1010.000,3.900,222.000,4.500,2.224
2026-02-26 08:00:00,4.000,1009.700,3.600,220.000,4.100,2.385
2026-02-26 09:00:00,4.000,1010.200,3.300,219.000,3.700,2.365
2026-02-26 10:00:00,4.200,1010.800,2.000,229.000,2.200,2.195
2026-02-26 11:00:00,5.800,1010.900,1.200,225.000,1.700,1.896
2026-02-26 12:00:00,3.100,1011.600,2.300,201.000,2.700,1.342
2026-02-26 13:00:00,4.800,1012.500,0.000,221.000,0.000,1.010
2026-02-26 14:00:00,4.800,1012.600,1.300,102.000,1.800,0.830
2026-02-26 15:00:00,4.800,1013.000,0.300,138.000,0.800,0.794
2026-02-26 16:00:00,4.600,1012.800,0.300,138.000,0.600,1.001
2026-02-26 17:00:00,4.300,1012.200,1.500,30.000,1.600,1.450
2026-02-26 18:00:00,4.600,1011.300,1.400,30.000,1.700,1.775
2026-02-26 19:00:00,4.300,1010.700,1.400,20.000,1.900,1.978
2026-02-26 20:00:00,4.700,1010.200,2.700,24.000,3.500,2.090
2026-02-26 21:00:00,4.700,1010.200,2.100,41.000,4.100,2.100
2026-02-26 22:00:00,3.600,1010.900,3.800,15.000,4.900,1.949
2026-02-26 23:00:00,3.700,1011.700,5.000,64.000,7.800,1.657
2026-02-27 00:00:00,4.000,1012.200,3.000,31.000,5.200,1.093
2026-02-27 01:00:00,4.100,1012.700,4.000,64.000,5.700,0.702
2026-02-27 02:00:00,3.800,1013.900,3.100,21.000,4.900,0.561
2026-02-27 03:00:00,4.100,1013.900,2.300,21.000,3.100,0.607
2026-02-27 04:00:00,4.000,1014.500,1.800,16.000,2.600,1.040
2026-02-27 05:00:00,4.000,1015.100,1.700,0.000,2.200,1.476
2026-02-27 06:00:00,3.500,1015.700,1.100,2.000,1.200,1.906
2026-02-27 07:00:00,3.400,1015.800,1.300,1.000,1.700,2.316
2026-02-27 08:00:00,3.100,1015.600,1.500,2.000,1.700,2.687
2026-02-27 09:00:00,2.700,1016.100,0.700,3.000,0.900,2.782
2026-02-27 10:00:00,2.500,1016.900,2.100,12.000,2.400,2.792
2026-02-27 11:00:00,1.500,1017.900,1.200,3.000,1.200,2.615
2026-02-27 12:00:00,1.100,1018.600,2.500,8.000,2.600,2.313
2026-02-27 13:00:00,1.600,1019.200,2.000,10.000,2.400,1.621
2026-02-27 14:00:00,2.600,1020.100,1.600,15.000,2.200,1.293
2026-02-27 15:00:00,3.600,1020.500,1.600,11.000,1.800,0.978
2026-02-27 16:00:00,3.900,1020.700,2.000,11.000,2.400,1.079
2026-02-27 17:00:00,4.300,1020.400,1.100,62.000,1.500,1.155
2026-02-27 18:00:00,4.300,1020.100,2.100,15.000,2.500,1.516
2026-02-27 19:00:00,4.900,1019.600,1.900,73.000,3.000,1.864
2026-02-27 20:00:00,3.600,1019.800,1.300,64.000,2.300,2.142
2026-02-27 21:00:00,3.600,1020.000,1.700,75.000,2.500,2.267
2026-02-27 22:00:00,4.800,1019.900,1.400,83.000,1.800,2.251
2026-02-27 23:00:00,3.000,1020.000,0.000,64.000,0.200,2.172
2026-02-28 00:00:00,2.700,1020.300,0.600,64.000,0.600,1.804
2026-02-28 01:00:00,3.100,1020.600,2.300,69.000,3.200,1.211
2026-02-28 02:00:00,2.600,1021.000,1.300,50.000,2.000,0.869
2026-02-28 03:00:00,2.900,1020.900,1.300,41.000,1.500,0.531
2026-02-28 04:00:00,3.100,1020.400,2.000,22.000,2.600,0.528
2026-02-28 05:00:00,3.500,1020.400,2.500,75.000,3.100,0.850
2026-02-28 06:00:00,3.700,1020.200,2.500,99.000,3.400,1.352
2026-02-28 07:00:00,3.500,1019.800,0.300,77.000,1.200,1.883
2026-02-28 08:00:00,1.700,1019.300,0.600,76.000,0.700,2.310
2026-02-28 09:00:00,1.400,1019.200,0.300,76.000,0.400,2.631
2026-02-28 10:00:00,1.200,1019.300,0.700,76.000,0.900,2.779
2026-02-28 11:00:00,0.900,1019.700,2.200,17.000,2.600,2.795
2026-02-28 12:00:00,1.400,1019.600,2.300,16.000,2.500,2.608
2026-02-28 13:00:00,2.100,1019.500,2.700,19.000,3.300,2.247
2026-02-28 14:00:00,3.600,1020.000,2.600,20.000,3.300,1.663
2026-02-28 15:00:00,7.400,1019.800,0.800,30.000,1.700,1.148
2026-02-28 16:00:00,5.900,1019.400,3.200,17.000,3.600,0.892
2026-02-28 17:00:00,7.800,1019.000,2.900,81.000,3.900,0.932
2026-02-28 18:00:00,7.300,1018.400,3.300,80.000,4.200,1.086
2026-02-28 19:00:00,7.200,1017.800,2.800,81.000,3.500,1.499
2026-02-28 20:00:00,9.600,1017.000,1.300,79.000,1.800,1.906
2026-02-28 21:00:00,7.500,1016.400,2.600,89.000,3.400,2.244
2026-02-28 22:00:00,7.500,1016.900,1.800,76.000,2.600,2.461
2026-02-28 23:00:00,6.300,1016.900,0.100,56.000,0.300,2.418
