timestamp,air_temp,air_pressure,wind_speed,wind_direction,wind_gust,water_level
2021-01-01 00:00:00,15.100,1020.800,2.700,110.000,3.100,5.272
2021-01-01 01:00:00,14.100,1021.000,2.800,115.000,3.200,6.490
2021-01-01 02:00:00,14.900,1021.700,1.700,102.000,1.800,6.903
2021-01-01 03:00:00,14.300,1022.100,1.600,102.000,1.800,6.194
2021-01-01 04:00:00,14.400,1022.400,1.700,106.000,1.900,5.062
2021-01-01 05:00:00,14.000,1022.200,1.600,107.000,1.900,3.478
2021-01-01 06:00:00,14.000,1021.700,2.400,107.000,2.600,1.788
2021-01-01 07:00:00,15.400,1022.000,0.900,118.000,1.100,0.443
2021-01-01 08:00:00,15.500,1022.200,0.700,112.000,1.000,-0.351
2021-01-01 09:00:00,17.200,1022.000,1.200,167.000,1.700,0.197
2021-01-01 10:00:00,16.800,1022.200,0.900,217.000,1.200,1.713
2021-01-01 11:00:00,16.300,1021.900,1.700,158.000,2.200,3.550
2021-01-01 12:00:00,16.800,1021.900,1.300,210.000,2.100,5.469
2021-01-01 13:00:00,17.300,1022.300,2.600,168.000,4.400,6.857
2021-01-01 14:00:00,17.900,1022.900,2.200,223.000,3.300,7.539
2021-01-01 15:00:00,18.500,1023.200,1.400,185.000,2.700,7.392
2021-01-01 16:00:00,20.800,1022.700,3.500,186.000,7.300,6.535
2021-01-01 17:00:00,21.500,1021.600,3.700,188.000,7.100,5.141
2021-01-01 18:00:00,21.800,1020.500,4.100,172.000,7.100,3.478
2021-01-01 19:00:00,21.800,1019.600,4.800,194.000,8.100,1.680
2021-01-01 20:00:00,20.900,1019.300,3.300,179.000,7.000,0.259
2021-01-01 21:00:00,20.200,1019.100,3.500,182.000,6.100,-0.085
2021-01-01 22:00:00,19.500,1019.400,3.300,197.000,5.500,0.423
2021-01-01 23:00:00,18.700,1019.300,3.200,186.000,5.000,2.152
2021-01-02 00:00:00,18.700,1018.900,4.500,200.000,8.000,4.009
2021-01-02 01:00:00,18.600,1019.000,4.800,213.000,6.600,5.531
2021-01-02 02:00:00,18.000,1019.500,4.600,214.000,6.500,6.368
2021-01-02 03:00:00,17.600,1019.600,3.700,218.000,5.800,6.381
2021-01-02 04:00:00,18.600,1019.800,4.200,217.000,6.200,5.676
2021-01-02 05:00:00,18.000,1019.500,1.700,217.000,2.600,4.318
2021-01-02 06:00:00,17.300,1019.300,1.300,225.000,1.800,2.822
2021-01-02 07:00:00,16.600,1019.100,1.200,166.000,1.900,1.250
2021-01-02 08:00:00,16.400,1018.800,1.000,180.000,1.800,0.010
2021-01-02 09:00:00,16.800,1018.400,0.800,172.000,1.500,-0.696
2021-01-02 10:00:00,16.400,1018.400,1.800,194.000,3.000,0.371
2021-01-02 11:00:00,16.700,1018.900,2.000,227.000,2.900,1.896
2021-01-02 12:00:00,16.900,1018.800,2.300,205.000,4.200,3.796
2021-01-02 13:00:00,18.600,1017.700,4.600,200.000,6.700,5.577
2021-01-02 14:00:00,17.000,1018.900,3.600,212.000,5.300,6.775
2021-01-02 15:00:00,17.100,1019.700,2.700,219.000,3.800,7.320
2021-01-02 16:00:00,17.700,1019.800,2.600,212.000,3.500,7.051
2021-01-02 17:00:00,17.800,1019.300,3.300,214.000,4.700,6.010
2021-01-02 18:00:00,17.800,1018.900,3.100,214.000,4.500,4.560
2021-01-02 19:00:00,18.400,1018.000,3.700,218.000,5.200,2.513
2021-01-02 20:00:00,19.200,1017.500,2.500,200.000,3.700,0.597
2021-01-02 21:00:00,18.200,1017.800,2.100,204.000,3.900,-0.577
2021-01-02 22:00:00,17.600,1017.200,1.000,163.000,2.000,-0.659
2021-01-02 23:00:00,17.200,1017.100,2.000,206.000,2.900,0.725
2021-01-03 00:00:00,17.100,1017.100,1.200,168.000,1.900,2.536
2021-01-03 01:00:00,17.500,1017.100,1.200,201.000,2.100,4.383
2021-01-03 02:00:00,19.100,1017.200,3.100,171.000,5.900,5.771
2021-01-03 03:00:00,18.300,1016.400,3.200,190.000,6.900,6.381
2021-01-03 04:00:00,17.900,1015.300,3.200,185.000,6.500,6.155
2021-01-03 05:00:00,17.500,1014.900,2.800,217.000,4.200,5.305
2021-01-03 06:00:00,17.100,1014.300,3.600,218.000,5.400,4.003
2021-01-03 07:00:00,17.700,1014.300,4.200,203.000,5.900,2.661
2021-01-03 08:00:00,17.500,1014.400,3.300,226.000,4.800,1.119
2021-01-03 09:00:00,17.000,1014.900,8.800,307.000,10.200,0.115
2021-01-03 10:00:00,15.400,1015.200,2.800,260.000,4.600,-0.200
2021-01-03 11:00:00,14.700,1015.100,2.600,288.000,2.900,0.505
2021-01-03 12:00:00,15.100,1015.800,1.700,254.000,2.900,1.998
2021-01-03 13:00:00,15.400,1016.500,2.400,264.000,3.300,3.924
2021-01-03 14:00:00,15.500,1017.400,3.600,277.000,4.400,5.604
2021-01-03 15:00:00,15.600,1017.600,4.100,279.000,5.400,6.850
2021-01-03 16:00:00,16.000,1017.300,6.300,282.000,8.000,7.149
2021-01-03 17:00:00,16.000,1016.300,6.100,282.000,7.400,6.755
2021-01-03 18:00:00,16.000,1015.200,7.100,292.000,9.100,5.594
2021-01-03 19:00:00,15.900,1014.800,7.100,287.000,8.300,3.924
2021-01-03 20:00:00,16.000,1015.100,7.100,295.000,8.100,1.978
2021-01-03 21:00:00,16.500,1015.100,5.700,269.000,7.300,0.246
2021-01-03 22:00:00,15.500,1015.400,7.400,295.000,8.800,-0.512
2021-01-03 23:00:00,14.000,1015.800,4.700,288.000,5.200,-0.020
2021-01-04 00:00:00,13.300,1016.500,3.300,267.000,4.600,1.493
2021-01-04 01:00:00,12.400,1017.000,3.100,262.000,4.300,2.936
2021-01-04 02:00:00,11.900,1017.400,2.600,264.000,3.700,4.642
2021-01-04 03:00:00,11.200,1017.400,3.700,280.000,5.200,5.640
2021-01-04 04:00:00,10.000,1017.500,2.400,264.000,2.800,6.050
2021-01-04 05:00:00,9.800,1017.400,3.700,264.000,5.000,5.984
2021-01-04 06:00:00,9.400,1017.300,6.700,291.000,7.700,5.167
2021-01-04 07:00:00,8.200,1017.200,5.500,317.000,6.300,3.957
2021-01-04 08:00:00,7.700,1017.000,5.600,324.000,7.000,2.464
2021-01-04 09:00:00,7.700,1017.300,5.600,296.000,6.400,1.014
2021-01-04 10:00:00,7.300,1017.300,5.000,305.000,6.500,0.128
2021-01-04 11:00:00,6.900,1017.800,6.000,310.000,7.100,0.075
2021-01-04 12:00:00,6.400,1018.200,6.400,300.000,7.300,1.148
2021-01-04 13:00:00,6.100,1018.900,5.500,317.000,6.900,2.799
2021-01-04 14:00:00,6.300,1019.500,4.500,326.000,5.800,4.724
2021-01-04 15:00:00,7.500,1019.700,3.100,335.000,3.800,6.430
2021-01-04 16:00:00,8.800,1019.400,3.900,297.000,4.900,7.382
2021-01-04 17:00:00,10.300,1018.800,4.700,297.000,5.300,7.549
2021-01-04 18:00:00,11.800,1017.700,4.300,295.000,5.300,6.919
2021-01-04 19:00:00,13.000,1016.800,3.100,289.000,4.300,5.712
2021-01-04 20:00:00,13.800,1016.700,3.100,288.000,3.600,4.035
2021-01-04 21:00:00,14.600,1016.700,2.100,287.000,2.900,2.218
2021-01-04 22:00:00,14.800,1017.200,3.000,301.000,3.200,0.846
2021-01-04 23:00:00,13.300,1017.400,1.300,272.000,1.600,0.476
2021-01-05 00:00:00,12.200,1017.800,1.400,278.000,1.500,1.112
2021-01-05 01:00:00,11.900,1017.700,1.200,277.000,1.500,2.487
2021-01-05 02:00:00,11.000,1017.500,1.500,208.000,2.000,4.094
2021-01-05 03:00:00,10.400,1017.500,1.400,227.000,1.900,5.433
2021-01-05 04:00:00,10.300,1017.400,1.900,281.000,2.300,6.434
2021-01-05 05:00:00,10.100,1017.100,2.200,275.000,2.600,6.985
2021-01-05 06:00:00,10.300,1016.600,2.200,278.000,2.800,6.847
2021-01-05 07:00:00,9.900,1016.600,4.300,291.000,5.000,6.102
2021-01-05 08:00:00,9.600,1016.500,3.100,266.000,4.000,4.915
2021-01-05 09:00:00,8.700,1015.900,1.600,242.000,2.000,3.455
2021-01-05 10:00:00,9.100,1015.900,4.000,270.000,5.500,2.008
2021-01-05 11:00:00,9.700,1016.100,3.800,270.000,4.600,0.912
2021-01-05 12:00:00,9.600,1016.300,3.500,272.000,4.500,0.692
2021-01-05 13:00:00,9.300,1016.400,2.400,250.000,3.100,1.575
2021-01-05 14:00:00,10.500,1016.400,2.700,263.000,3.700,3.140
2021-01-05 15:00:00,12.400,1016.100,4.300,266.000,6.900,4.908
2021-01-05 16:00:00,12.800,1015.400,6.300,288.000,7.100,6.503
2021-01-05 17:00:00,13.900,1014.100,7.100,293.000,9.000,7.421
2021-01-05 18:00:00,14.700,1013.500,7.300,285.000,9.200,7.454
2021-01-05 19:00:00,15.400,1013.200,8.600,302.000,10.200,6.591
2021-01-05 20:00:00,15.800,1013.400,8.500,297.000,10.600,5.125
2021-01-05 21:00:00,16.300,1014.300,8.700,309.000,11.100,3.284
2021-01-05 22:00:00,16.200,1015.000,7.300,313.000,8.900,1.644
2021-01-05 23:00:00,14.800,1016.000,5.300,302.000,5.900,0.509
2021-01-06 00:00:00,13.500,1016.800,3.800,295.000,4.300,0.390
2021-01-06 01:00:00,13.000,1017.300,2.800,299.000,3.400,1.047
2021-01-06 02:00:00,12.400,1017.800,2.400,306.000,2.600,2.398
2021-01-06 03:00:00,12.200,1018.300,3.900,304.000,4.600,4.065
2021-01-06 04:00:00,11.400,1018.500,5.000,316.000,5.900,5.561
2021-01-06 05:00:00,10.800,1018.800,3.900,317.000,4.800,6.539
2021-01-06 06:00:00,8.800,1019.200,2.500,304.000,4.400,6.821
2021-01-06 07:00:00,8.400,1019.600,3.100,322.000,3.700,7.142
2021-01-06 08:00:00,8.500,1019.800,3.300,349.000,4.200,6.509
2021-01-06 09:00:00,7.700,1020.200,3.000,337.000,3.500,5.243
2021-01-06 10:00:00,6.600,1020.500,2.800,330.000,3.100,3.711
2021-01-06 11:00:00,6.300,1021.100,2.300,338.000,3.200,2.415
2021-01-06 12:00:00,6.600,1021.500,2.800,14.000,3.800,1.217
2021-01-06 13:00:00,6.400,1022.500,2.100,349.000,2.600,1.132
2021-01-06 14:00:00,8.500,1023.200,3.700,25.000,5.000,2.057
2021-01-06 15:00:00,9.800,1023.500,4.600,42.000,6.000,3.593
2021-01-06 16:00:00,10.300,1023.500,4.300,59.000,5.600,5.325
2021-01-06 17:00:00,10.600,1022.800,2.700,50.000,3.800,6.739
2021-01-06 18:00:00,10.800,1022.000,4.500,95.000,5.400,7.585
2021-01-06 19:00:00,11.000,1021.300,4.500,98.000,5.400,7.493
2021-01-06 20:00:00,11.200,1021.600,3.100,100.000,3.700,6.683
2021-01-06 21:00:00,11.300,1021.800,3.200,107.000,3.900,5.354
2021-01-06 22:00:00,11.200,1022.000,3.200,95.000,3.900,3.842
2021-01-06 23:00:00,10.500,1022.100,1.700,137.000,2.200,2.306
2021-01-07 00:00:00,10.600,1022.300,1.300,134.000,1.900,1.411
2021-01-07 01:00:00,10.900,1022.300,1.200,111.000,2.200,1.155
2021-01-07 02:00:00,10.400,1022.700,1.300,10.000,1.800,1.532
2021-01-07 03:00:00,9.500,1022.900,1.800,9.000,2.200,2.687
2021-01-07 04:00:00,8.900,1023.000,1.800,5.000,2.100,4.150
2021-01-07 05:00:00,9.300,1022.700,2.200,37.000,2.600,5.620
2021-01-07 06:00:00,10.100,1022.500,4.900,50.000,5.700,7.123
2021-01-07 07:00:00,9.800,1022.500,4.500,44.000,5.300,7.726
2021-01-07 08:00:00,9.500,1022.000,4.700,49.000,5.800,7.717
2021-01-07 09:00:00,9.700,1021.400,4.500,53.000,5.400,6.969
2021-01-07 10:00:00,9.200,1021.000,4.500,34.000,5.700,5.823
2021-01-07 11:00:00,9.400,1021.200,4.000,43.000,5.000,4.304
2021-01-07 12:00:00,8.500,1022.300,3.200,4.000,4.600,2.677
2021-01-07 13:00:00,9.000,1022.200,3.600,32.000,4.600,1.299
2021-01-07 14:00:00,10.100,1022.200,4.900,56.000,6.700,0.886
2021-01-07 15:00:00,10.700,1022.000,6.400,62.000,8.000,2.077
2021-01-07 16:00:00,10.700,1021.200,6.200,62.000,7.600,3.635
2021-01-07 17:00:00,11.200,1019.400,8.200,66.000,10.900,5.384
2021-01-07 18:00:00,11.600,1018.000,8.100,63.000,10.300,6.929
2021-01-07 19:00:00,12.400,1016.800,7.900,61.000,11.200,7.720
2021-01-07 20:00:00,12.700,1016.600,8.600,59.000,11.100,7.835
2021-01-07 21:00:00,13.100,1016.000,7.900,56.000,10.400,7.096
2021-01-07 22:00:00,12.900,1015.300,9.400,61.000,12.100,6.001
2021-01-07 23:00:00,12.900,1014.700,7.200,48.000,9.500,4.626
2021-01-08 00:00:00,13.500,1014.200,7.700,61.000,10.400,3.143
2021-01-08 01:00:00,13.600,1014.600,3.800,45.000,5.100,1.900
2021-01-08 02:00:00,13.200,1013.300,6.100,61.000,7.700,1.460
2021-01-08 03:00:00,13.200,1013.300,2.600,324.000,3.300,1.811
2021-01-08 04:00:00,12.200,1013.200,2.300,351.000,2.900,2.897
2021-01-08 05:00:00,11.900,1012.200,2.200,41.000,2.600,4.583
2021-01-08 06:00:00,12.300,1011.100,1.300,23.000,1.600,6.253
2021-01-08 07:00:00,11.900,1010.700,0.800,238.000,1.100,7.037
2021-01-08 08:00:00,11.300,1010.400,4.500,312.000,5.600,8.169
2021-01-08 09:00:00,11.300,1010.300,3.800,292.000,4.200,8.228
2021-01-08 10:00:00,10.900,1010.500,3.000,310.000,3.500,7.264
2021-01-08 11:00:00,10.600,1010.800,3.200,328.000,4.000,6.004
2021-01-08 12:00:00,10.600,1011.200,3.900,299.000,4.400,4.360
2021-01-08 13:00:00,10.600,1011.500,3.400,302.000,4.000,2.677
2021-01-08 14:00:00,10.500,1012.200,2.800,321.000,3.100,1.473
2021-01-08 15:00:00,10.300,1012.400,3.800,331.000,4.300,0.961
2021-01-08 16:00:00,10.300,1012.200,3.400,311.000,4.000,1.978
2021-01-08 17:00:00,9.900,1011.300,4.400,312.000,5.500,3.540
2021-01-08 18:00:00,9.700,1010.300,5.500,305.000,6.900,5.154
2021-01-08 19:00:00,9.500,1010.200,7.300,295.000,8.200,6.565
2021-01-08 20:00:00,9.500,1010.400,7.200,287.000,8.800,7.310
2021-01-08 21:00:00,9.300,1011.300,10.400,284.000,13.800,7.208
2021-01-08 22:00:00,9.100,1012.000,11.500,287.000,13.500,6.486
2021-01-08 23:00:00,8.700,1012.600,8.300,296.000,10.000,5.128
2021-01-09 00:00:00,8.100,1013.500,10.100,312.000,11.900,3.632
2021-01-09 01:00:00,7.700,1014.300,8.200,316.000,10.600,2.119
2021-01-09 02:00:00,7.200,1014.700,9.800,317.000,11.700,0.889
2021-01-09 03:00:00,6.900,1015.200,8.300,310.000,10.200,0.197
2021-01-09 04:00:00,6.800,1015.300,10.400,307.000,12.000,0.545
2021-01-09 05:00:00,6.800,1015.700,9.200,294.000,11.200,1.906
2021-01-09 06:00:00,7.000,1015.400,8.300,300.000,9.900,3.684
2021-01-09 07:00:00,6.600,1016.000,8.100,308.000,9.600,5.663
2021-01-09 08:00:00,7.100,1016.000,7.900,308.000,9.500,7.300
2021-01-09 09:00:00,6.600,1016.100,4.600,316.000,6.600,7.808
2021-01-09 10:00:00,6.700,1016.600,5.400,326.000,6.900,8.222
2021-01-09 11:00:00,7.000,1017.400,8.600,295.000,9.900,7.651
2021-01-09 12:00:00,6.800,1018.100,8.500,302.000,10.300,6.125
2021-01-09 13:00:00,6.600,1018.800,7.900,310.000,9.000,4.446
2021-01-09 14:00:00,6.300,1020.200,6.600,307.000,8.300,2.379
2021-01-09 15:00:00,6.300,1020.400,6.800,291.000,8.200,1.076
2021-01-09 16:00:00,6.600,1020.100,5.400,293.000,6.300,0.614
2021-01-09 17:00:00,7.300,1019.300,6.400,301.000,7.600,1.447
2021-01-09 18:00:00,7.500,1018.200,5.600,285.000,6.900,3.038
2021-01-09 19:00:00,7.700,1018.500,5.700,289.000,6.900,4.754
2021-01-09 20:00:00,7.600,1018.700,5.400,267.000,7.000,6.273
2021-01-09 21:00:00,7.400,1019.000,6.800,298.000,7.900,7.054
2021-01-09 22:00:00,7.100,1019.900,5.600,268.000,7.800,7.090
2021-01-09 23:00:00,7.100,1020.800,4.500,275.000,5.600,6.526
2021-01-10 00:00:00,6.700,1021.200,3.300,269.000,5.300,5.387
2021-01-10 01:00:00,6.700,1022.000,6.700,288.000,8.100,3.871
2021-01-10 02:00:00,6.400,1022.400,4.700,280.000,6.300,1.932
2021-01-10 03:00:00,5.700,1022.700,4.100,271.000,5.100,0.545
2021-01-10 04:00:00,5.600,1023.000,5.800,298.000,6.500,-0.223
2021-01-10 05:00:00,5.600,1023.200,4.500,300.000,5.300,0.164
2021-01-10 06:00:00,5.700,1023.000,6.500,312.000,8.000,1.716
2021-01-10 07:00:00,5.300,1023.600,6.100,310.000,7.800,3.878
2021-01-10 08:00:00,4.400,1024.000,6.400,321.000,7.700,6.198
2021-01-10 09:00:00,4.000,1024.300,6.300,321.000,7.500,7.756
2021-01-10 10:00:00,2.500,1024.200,5.200,323.000,6.200,8.310
2021-01-10 11:00:00,2.300,1024.600,5.300,323.000,6.500,8.445
2021-01-10 12:00:00,2.000,1024.900,4.200,329.000,5.500,7.589
2021-01-10 13:00:00,2.700,1025.600,4.000,342.000,4.700,6.050
2021-01-10 14:00:00,4.200,1026.800,0.100,97.000,0.400,4.117
2021-01-10 15:00:00,4.800,1027.300,0.400,303.000,0.700,2.392
2021-01-10 16:00:00,5.700,1027.500,2.300,15.000,2.800,0.922
2021-01-10 17:00:00,8.100,1027.100,2.200,79.000,3.000,0.308
2021-01-10 18:00:00,8.900,1026.100,2.600,88.000,3.400,1.152
2021-01-10 19:00:00,9.300,1025.900,2.600,85.000,3.400,2.818
2021-01-10 20:00:00,9.900,1025.900,2.300,64.000,2.900,4.547
2021-01-10 21:00:00,10.300,1026.200,1.800,89.000,2.400,6.106
2021-01-10 22:00:00,10.300,1026.400,1.600,104.000,2.000,7.264
2021-01-10 23:00:00,10.200,1026.100,1.700,104.000,2.400,7.411
2021-01-11 00:00:00,10.200,1026.100,3.400,85.000,3.800,6.995
2021-01-11 01:00:00,10.400,1026.400,3.300,76.000,4.300,5.620
2021-01-11 02:00:00,10.400,1026.500,3.900,60.000,5.400,3.980
2021-01-11 03:00:00,10.700,1026.200,4.900,80.000,6.100,1.998
2021-01-11 04:00:00,11.000,1026.000,5.700,72.000,7.400,0.577
2021-01-11 05:00:00,10.000,1026.300,2.900,41.000,3.800,-0.112
2021-01-11 06:00:00,8.700,1026.000,3.000,31.000,3.500,0.495
2021-01-11 07:00:00,9.100,1025.900,2.700,47.000,3.400,2.221
2021-01-11 08:00:00,9.700,1025.300,3.800,46.000,4.600,4.373
2021-01-11 09:00:00,10.300,1024.800,4.700,63.000,5.200,6.522
2021-01-11 10:00:00,10.300,1024.800,3.100,37.000,4.200,7.940
2021-01-11 11:00:00,10.500,1025.100,3.300,44.000,3.900,8.980
2021-01-11 12:00:00,10.600,1025.400,3.900,52.000,4.500,8.783
2021-01-11 13:00:00,10.600,1025.300,4.700,52.000,5.400,7.785
2021-01-11 14:00:00,11.100,1025.000,4.300,69.000,5.400,6.020
2021-01-11 15:00:00,11.600,1024.900,2.000,92.000,3.100,4.236
2021-01-11 16:00:00,11.800,1024.900,4.200,71.000,5.500,2.329
2021-01-11 17:00:00,12.400,1024.600,1.200,63.000,1.600,0.843
2021-01-11 18:00:00,13.500,1023.700,1.800,26.000,2.200,0.259
2021-01-11 19:00:00,13.400,1022.800,3.000,61.000,3.600,0.965
2021-01-11 20:00:00,13.100,1022.200,3.800,54.000,4.700,2.648
2021-01-11 21:00:00,13.000,1022.000,3.200,74.000,3.900,4.409
2021-01-11 22:00:00,12.500,1021.700,5.000,95.000,5.600,6.152
2021-01-11 23:00:00,12.600,1021.200,5.700,83.000,6.600,7.283
2021-01-12 00:00:00,12.500,1022.000,4.600,77.000,5.700,7.690
2021-01-12 01:00:00,12.200,1021.700,5.400,75.000,6.700,7.192
2021-01-12 02:00:00,12.200,1021.300,5.700,82.000,7.300,5.840
2021-01-12 03:00:00,12.100,1021.700,4.900,49.000,7.200,3.924
2021-01-12 04:00:00,11.900,1021.100,5.500,62.000,7.800,1.854
2021-01-12 05:00:00,12.100,1020.400,6.200,63.000,8.100,0.331
2021-01-12 06:00:00,11.800,1020.000,3.200,76.000,4.000,-0.302
2021-01-12 07:00:00,11.700,1019.400,4.300,80.000,5.300,0.607
2021-01-12 08:00:00,11.700,1019.400,3.800,336.000,5.000,2.477
2021-01-12 09:00:00,11.400,1019.100,1.400,355.000,2.200,4.652
2021-01-12 10:00:00,10.700,1019.200,3.000,346.000,3.800,6.804
2021-01-12 11:00:00,10.000,1019.900,4.100,333.000,5.300,8.209
2021-01-12 12:00:00,9.500,1020.400,3.900,332.000,4.600,8.770
2021-01-12 13:00:00,8.700,1021.000,5.500,338.000,6.800,8.461
2021-01-12 14:00:00,8.300,1022.000,5.100,315.000,6.200,7.267
2021-01-12 15:00:00,7.900,1022.800,7.400,318.000,8.700,5.430
2021-01-12 16:00:00,8.200,1023.000,5.500,318.000,6.200,3.560
2021-01-12 17:00:00,8.900,1022.400,4.600,310.000,6.000,1.434
2021-01-12 18:00:00,8.900,1021.800,6.400,317.000,7.700,0.075
2021-01-12 19:00:00,8.800,1021.600,6.100,345.000,7.400,-0.476
2021-01-12 20:00:00,9.600,1021.700,5.100,338.000,7.400,0.538
2021-01-12 21:00:00,10.000,1022.000,4.000,339.000,5.000,2.392
2021-01-12 22:00:00,10.000,1022.400,5.300,334.000,6.000,4.439
2021-01-12 23:00:00,10.100,1022.800,5.500,314.000,6.400,6.243
2021-01-13 00:00:00,10.100,1023.200,4.000,327.000,4.800,7.356
2021-01-13 01:00:00,10.200,1023.400,1.900,359.000,2.600,7.592
2021-01-13 02:00:00,10.200,1023.600,2.300,333.000,3.400,6.509
2021-01-13 03:00:00,10.400,1023.500,1.700,309.000,2.200,4.921
2021-01-13 04:00:00,10.000,1023.300,3.000,340.000,3.500,2.661
2021-01-13 05:00:00,9.700,1023.000,3.200,321.000,3.600,1.024
2021-01-13 06:00:00,9.500,1023.100,2.500,316.000,2.900,-0.266
2021-01-13 07:00:00,9.300,1022.700,1.100,359.000,1.300,-0.308
2021-01-13 08:00:00,9.300,1022.300,2.400,301.000,2.900,0.636
2021-01-13 09:00:00,9.400,1021.900,0.900,276.000,1.500,2.467
2021-01-13 10:00:00,9.200,1022.000,3.000,303.000,3.500,4.967
2021-01-13 11:00:00,9.100,1022.200,3.200,288.000,4.200,6.765
2021-01-13 12:00:00,8.800,1022.500,3.300,291.000,4.300,8.136
2021-01-13 13:00:00,8.500,1022.800,1.900,267.000,3.100,8.704
2021-01-13 14:00:00,8.400,1023.500,1.800,249.000,2.500,8.314
2021-01-13 15:00:00,8.200,1023.200,2.600,283.000,3.000,7.047
2021-01-13 16:00:00,8.100,1022.500,3.300,307.000,4.000,5.381
2021-01-13 17:00:00,8.000,1021.400,1.600,305.000,2.100,3.484
2021-01-13 18:00:00,8.400,1019.900,2.100,206.000,2.600,1.486
2021-01-13 19:00:00,8.300,1019.200,2.700,246.000,3.800,0.020
2021-01-13 20:00:00,8.300,1018.600,2.200,231.000,4.500,-0.348
2021-01-13 21:00:00,8.000,1018.800,3.000,275.000,3.900,0.764
2021-01-13 22:00:00,7.700,1018.800,2.500,263.000,3.800,2.697
2021-01-13 23:00:00,7.700,1018.200,3.300,291.000,4.100,4.928
2021-01-14 00:00:00,7.700,1018.000,3.300,294.000,4.600,6.572
2021-01-14 01:00:00,7.600,1018.300,2.800,299.000,3.400,7.717
2021-01-14 02:00:00,7.500,1017.800,3.300,289.000,3.800,7.618
2021-01-14 03:00:00,7.400,1017.800,2.300,250.000,3.100,6.368
2021-01-14 04:00:00,7.200,1017.000,2.800,218.000,3.700,4.836
2021-01-14 05:00:00,7.000,1016.600,3.100,220.000,4.700,2.772
2021-01-14 06:00:00,6.700,1016.600,2.500,244.000,4.000,0.889
2021-01-14 07:00:00,6.200,1016.400,2.500,253.000,3.800,-0.509
2021-01-14 08:00:00,5.800,1016.700,3.700,261.000,6.200,-0.505
2021-01-14 09:00:00,5.300,1016.100,3.400,272.000,4.600,0.801
2021-01-14 10:00:00,5.000,1016.500,3.900,268.000,5.000,2.671
2021-01-14 11:00:00,4.500,1016.600,2.500,260.000,4.000,4.872
2021-01-14 12:00:00,4.400,1016.900,2.900,259.000,3.900,6.778
2021-01-14 13:00:00,5.100,1017.300,4.200,274.000,6.000,7.904
2021-01-14 14:00:00,6.100,1017.600,6.300,298.000,7.900,8.245
2021-01-14 15:00:00,7.200,1017.800,7.500,309.000,9.200,7.713
2021-01-14 16:00:00,8.000,1017.200,6.400,300.000,7.300,6.437
2021-01-14 17:00:00,9.700,1016.000,5.700,295.000,6.900,4.718
2021-01-14 18:00:00,11.000,1015.200,6.400,289.000,7.300,2.769
2021-01-14 19:00:00,12.200,1014.200,6.800,284.000,7.600,0.843
2021-01-14 20:00:00,13.300,1013.400,6.400,290.000,7.000,-0.381
2021-01-14 21:00:00,13.600,1013.200,5.200,294.000,5.600,-0.495
2021-01-14 22:00:00,14.100,1013.100,2.800,256.000,3.500,1.115
2021-01-14 23:00:00,11.500,1013.100,1.800,237.000,3.200,3.219
2021-01-15 00:00:00,10.200,1013.300,1.000,225.000,1.800,5.620
2021-01-15 01:00:00,9.800,1013.200,1.100,235.000,1.500,7.182
2021-01-15 02:00:00,9.100,1013.600,1.000,235.000,1.300,7.713
2021-01-15 03:00:00,9.400,1013.700,1.800,226.000,3.000,7.162
2021-01-15 04:00:00,9.200,1013.700,1.700,222.000,2.600,5.837
2021-01-15 05:00:00,9.000,1013.900,1.400,231.000,2.100,4.022
2021-01-15 06:00:00,9.000,1013.600,2.800,215.000,3.700,2.110
2021-01-15 07:00:00,7.800,1014.000,1.600,224.000,2.400,0.554
2021-01-15 08:00:00,7.500,1013.800,2.000,226.000,3.200,-0.285
2021-01-15 09:00:00,7.100,1013.100,2.900,216.000,4.200,0.020
2021-01-15 10:00:00,7.500,1012.500,2.300,217.000,3.800,1.270
2021-01-15 11:00:00,8.900,1012.100,3.400,215.000,5.000,3.307
2021-01-15 12:00:00,9.300,1011.900,2.900,213.000,4.300,5.518
2021-01-15 13:00:00,10.900,1011.400,3.000,197.000,5.300,7.080
2021-01-15 14:00:00,13.000,1011.500,4.400,213.000,6.400,8.235
2021-01-15 15:00:00,13.800,1011.200,5.100,203.000,7.200,8.274
2021-01-15 16:00:00,13.900,1011.100,5.100,205.000,8.000,7.697
2021-01-15 17:00:00,14.000,1010.100,3.600,202.000,6.200,6.339
2021-01-15 18:00:00,13.500,1008.700,4.000,221.000,5.700,4.606
2021-01-15 19:00:00,13.600,1008.300,2.400,220.000,3.900,2.602
2021-01-15 20:00:00,13.000,1007.900,2.200,314.000,3.000,0.827
2021-01-15 21:00:00,12.500,1007.500,2.400,241.000,3.600,-0.095
2021-01-15 22:00:00,12.100,1007.800,0.900,241.000,1.400,0.430
2021-01-15 23:00:00,11.900,1007.300,2.800,262.000,3.800,2.175
2021-01-16 00:00:00,10.800,1007.500,1.700,261.000,2.400,4.321
2021-01-16 01:00:00,10.300,1007.600,1.000,238.000,1.600,6.207
2021-01-16 02:00:00,10.000,1007.700,1.600,247.000,2.600,7.352
2021-01-16 03:00:00,10.100,1007.900,2.000,243.000,2.900,7.333
2021-01-16 04:00:00,10.400,1008.300,3.800,264.000,5.600,6.752
2021-01-16 05:00:00,10.000,1008.500,2.700,261.000,3.500,5.331
2021-01-16 06:00:00,9.600,1008.700,2.400,247.000,3.300,3.642
2021-01-16 07:00:00,10.000,1009.100,6.400,277.000,8.800,2.090
2021-01-16 08:00:00,8.400,1009.700,6.200,289.000,7.300,0.630
2021-01-16 09:00:00,7.000,1009.800,4.100,276.000,5.500,0.000
2021-01-16 10:00:00,5.600,1009.900,2.500,261.000,3.500,0.174
2021-01-16 11:00:00,5.000,1010.300,3.800,268.000,4.900,1.483
2021-01-16 12:00:00,4.600,1011.000,3.300,259.000,5.500,3.379
2021-01-16 13:00:00,4.800,1011.600,3.900,254.000,5.600,5.509
2021-01-16 14:00:00,6.300,1012.200,4.000,253.000,6.200,7.021
2021-01-16 15:00:00,8.000,1012.700,6.500,262.000,9.800,7.726
2021-01-16 16:00:00,9.000,1012.400,6.800,265.000,10.300,7.431
2021-01-16 17:00:00,9.600,1011.400,8.700,267.000,11.400,6.142
2021-01-16 18:00:00,9.700,1010.600,9.100,264.000,12.700,4.436
2021-01-16 19:00:00,9.800,1010.400,9.700,277.000,14.200,2.470
2021-01-16 20:00:00,9.800,1010.800,13.700,297.000,16.300,0.561
2021-01-16 21:00:00,10.000,1011.800,7.900,272.000,11.200,-0.843
2021-01-16 22:00:00,9.900,1012.900,7.500,280.000,10.200,-1.129
2021-01-16 23:00:00,9.200,1013.900,6.200,288.000,7.200,-0.200
2021-01-17 00:00:00,8.400,1014.800,3.900,270.000,5.600,1.627
2021-01-17 01:00:00,7.300,1015.600,2.900,259.000,4.100,3.665
2021-01-17 02:00:00,6.900,1015.800,2.300,257.000,3.400,5.226
2021-01-17 03:00:00,6.300,1016.200,2.300,249.000,3.200,6.220
2021-01-17 04:00:00,6.300,1016.700,2.800,264.000,3.900,6.227
2021-01-17 05:00:00,6.100,1016.400,3.700,294.000,4.000,5.433
2021-01-17 06:00:00,4.800,1016.500,2.200,262.000,2.800,4.199
2021-01-17 07:00:00,4.000,1016.500,1.100,253.000,1.600,2.864
2021-01-17 08:00:00,3.400,1016.500,1.200,236.000,1.700,1.496
2021-01-17 09:00:00,3.300,1016.600,1.700,255.000,2.300,0.610
2021-01-17 10:00:00,3.100,1016.900,2.000,251.000,2.900,-0.059
2021-01-17 11:00:00,3.000,1017.300,1.300,254.000,1.700,0.771
2021-01-17 12:00:00,3.100,1017.600,1.300,258.000,1.600,2.067
2021-01-17 13:00:00,2.900,1017.900,0.600,210.000,0.800,3.770
2021-01-17 14:00:00,5.000,1018.400,1.800,280.000,2.500,5.479
2021-01-17 15:00:00,6.800,1018.900,2.300,304.000,2.900,6.699
2021-01-17 16:00:00,8.100,1018.300,2.400,275.000,4.300,7.139
2021-01-17 17:00:00,9.200,1017.500,3.900,278.000,5.400,6.929
2021-01-17 18:00:00,9.800,1016.300,6.100,292.000,11.600,5.997
2021-01-17 19:00:00,10.600,1015.200,4.100,277.000,5.400,4.396
2021-01-17 20:00:00,11.300,1014.700,4.300,267.000,6.500,2.470
2021-01-17 21:00:00,11.300,1014.400,3.600,243.000,5.300,0.781
2021-01-17 22:00:00,11.300,1014.800,3.100,249.000,4.100,-0.282
2021-01-17 23:00:00,9.800,1015.500,1.700,228.000,2.900,-0.131
2021-01-18 00:00:00,8.800,1015.800,1.700,230.000,3.000,1.253
2021-01-18 01:00:00,8.400,1015.800,1.500,229.000,2.300,3.002
2021-01-18 02:00:00,8.200,1015.900,1.600,228.000,3.000,4.829
2021-01-18 03:00:00,8.200,1016.500,1.400,249.000,2.200,6.076
2021-01-18 04:00:00,8.700,1016.300,2.700,251.000,3.600,6.453
2021-01-18 05:00:00,8.500,1016.300,2.400,250.000,3.700,6.020
2021-01-18 06:00:00,7.800,1016.200,2.000,236.000,2.800,5.095
2021-01-18 07:00:00,7.800,1016.400,3.000,244.000,4.100,3.737
2021-01-18 08:00:00,7.600,1016.400,3.000,247.000,4.600,2.310
2021-01-18 09:00:00,7.000,1016.300,2.600,255.000,4.600,0.919
2021-01-18 10:00:00,7.700,1016.600,5.500,256.000,8.100,0.246
2021-01-18 11:00:00,7.400,1017.700,3.800,264.000,5.700,0.223
2021-01-18 12:00:00,7.300,1018.800,5.000,278.000,7.200,1.073
2021-01-18 13:00:00,7.200,1019.700,6.200,286.000,7.300,2.142
2021-01-18 14:00:00,7.700,1020.400,7.500,296.000,9.500,3.320
2021-01-18 15:00:00,8.900,1021.200,5.900,295.000,6.500,4.498
2021-01-18 16:00:00,10.000,1021.000,7.600,301.000,9.100,5.673
2021-01-18 17:00:00,11.000,1020.000,7.700,302.000,9.700,6.217
2021-01-18 18:00:00,11.700,1019.300,8.500,292.000,10.100,6.017
2021-01-18 19:00:00,13.000,1018.900,5.200,248.000,8.000,5.010
2021-01-18 20:00:00,12.900,1019.400,7.900,285.000,8.800,3.497
2021-01-18 21:00:00,13.200,1019.500,6.900,290.000,8.300,1.663
2021-01-18 22:00:00,13.200,1020.400,5.000,280.000,6.600,-0.010
2021-01-18 23:00:00,12.200,1021.200,2.300,270.000,2.800,-0.702
2021-01-19 00:00:00,11.800,1022.300,2.200,254.000,2.900,-0.059
2021-01-19 01:00:00,11.100,1023.000,1.700,272.000,2.300,1.266
2021-01-19 02:00:00,9.500,1023.600,1.900,242.000,2.400,3.251
2021-01-19 03:00:00,7.900,1024.100,2.700,220.000,3.300,4.777
2021-01-19 04:00:00,7.900,1024.300,0.600,243.000,0.800,5.591
2021-01-19 05:00:00,7.200,1024.400,1.300,224.000,1.700,5.886
2021-01-19 06:00:00,7.300,1024.400,1.900,252.000,2.300,5.541
2021-01-19 07:00:00,6.900,1024.800,2.200,318.000,2.500,4.731
2021-01-19 08:00:00,6.900,1025.900,2.400,274.000,3.000,3.527
2021-01-19 09:00:00,5.600,1026.300,2.200,334.000,2.700,2.234
2021-01-19 10:00:00,5.100,1026.600,0.800,312.000,1.200,1.083
2021-01-19 11:00:00,5.300,1027.200,1.400,305.000,1.700,0.558
2021-01-19 12:00:00,5.200,1027.700,1.900,323.000,2.000,0.679
2021-01-19 13:00:00,5.200,1028.600,1.600,313.000,2.000,1.614
2021-01-19 14:00:00,6.600,1029.300,1.900,311.000,2.400,2.867
2021-01-19 15:00:00,8.400,1030.200,1.300,291.000,1.300,4.245
2021-01-19 16:00:00,10.800,1030.400,2.100,88.000,2.400,5.430
2021-01-19 17:00:00,11.200,1029.300,3.000,82.000,4.300,6.240
2021-01-19 18:00:00,13.700,1028.200,2.500,172.000,3.600,6.227
2021-01-19 19:00:00,13.700,1027.800,2.900,202.000,4.100,5.489
2021-01-19 20:00:00,13.800,1027.500,3.000,172.000,4.600,4.285
2021-01-19 21:00:00,14.000,1027.800,3.300,168.000,4.800,2.769
2021-01-19 22:00:00,12.800,1027.700,2.900,194.000,4.600,1.381
2021-01-19 23:00:00,11.000,1028.000,2.700,203.000,3.900,0.318
2021-01-20 00:00:00,9.900,1028.400,1.600,211.000,2.500,0.361
2021-01-20 01:00:00,9.300,1028.400,1.400,214.000,2.100,1.319
2021-01-20 02:00:00,8.900,1027.900,1.900,209.000,2.500,2.572
2021-01-20 03:00:00,8.700,1028.000,1.600,208.000,2.400,3.911
2021-01-20 04:00:00,8.700,1028.200,1.400,234.000,2.200,4.885
2021-01-20 05:00:00,9.100,1027.200,1.300,233.000,2.100,5.778
2021-01-20 06:00:00,9.200,1026.200,2.100,217.000,3.500,5.797
2021-01-20 07:00:00,8.700,1025.700,2.400,220.000,3.600,5.584
2021-01-20 08:00:00,8.700,1025.500,1.500,242.000,2.200,4.678
2021-01-20 09:00:00,8.400,1024.500,1.800,212.000,2.200,3.556
2021-01-20 10:00:00,8.400,1024.700,1.700,254.000,2.400,2.224
2021-01-20 11:00:00,8.600,1024.600,2.000,244.000,2.400,1.227
2021-01-20 12:00:00,8.800,1024.900,1.800,250.000,2.800,0.768
2021-01-20 13:00:00,10.400,1025.100,3.800,266.000,5.700,0.974
2021-01-20 14:00:00,11.400,1025.200,4.000,264.000,5.200,1.663
2021-01-20 15:00:00,12.800,1026.100,6.600,301.000,8.200,2.654
2021-01-20 16:00:00,13.700,1025.000,6.700,301.000,7.800,3.812
2021-01-20 17:00:00,15.500,1023.300,7.500,310.000,9.300,4.715
2021-01-20 18:00:00,16.000,1021.800,6.300,294.000,7.600,5.243
2021-01-20 19:00:00,17.300,1021.100,7.000,309.000,8.700,5.210
2021-01-20 20:00:00,17.300,1020.600,7.100,299.000,7.800,4.665
2021-01-20 21:00:00,18.100,1020.600,6.600,305.000,7.500,3.625
2021-01-20 22:00:00,17.500,1021.100,5.500,296.000,6.000,2.316
2021-01-20 23:00:00,14.600,1021.700,3.000,288.000,3.500,1.145
2021-01-21 00:00:00,15.000,1022.100,1.600,269.000,2.100,0.581
2021-01-21 01:00:00,13.300,1022.500,2.000,272.000,2.400,0.650
2021-01-21 02:00:00,11.300,1022.700,1.100,284.000,1.300,1.365
2021-01-21 03:00:00,11.400,1022.300,0.600,280.000,0.900,2.395
2021-01-21 04:00:00,10.700,1022.300,1.200,283.000,1.500,3.753
2021-01-21 05:00:00,10.400,1021.800,0.900,228.000,1.200,4.928
2021-01-21 06:00:00,9.900,1021.300,0.300,285.000,0.400,6.010
2021-01-21 07:00:00,10.100,1020.200,1.900,216.000,2.200,6.266
2021-01-21 08:00:00,10.000,1020.100,1.300,240.000,1.800,6.007
2021-01-21 09:00:00,10.000,1019.600,1.400,213.000,1.600,5.033
2021-01-21 10:00:00,10.000,1019.700,1.500,235.000,1.900,3.786
2021-01-21 11:00:00,9.700,1019.300,2.000,231.000,2.800,2.428
2021-01-21 12:00:00,9.600,1019.400,2.000,221.000,2.500,1.614
2021-01-21 13:00:00,9.500,1019.300,1.700,230.000,3.100,1.411
2021-01-21 14:00:00,10.600,1018.900,1.700,245.000,2.300,1.736
2021-01-21 15:00:00,11.500,1019.100,2.500,218.000,3.500,2.677
2021-01-21 16:00:00,12.400,1018.700,2.200,238.000,2.700,3.816
2021-01-21 17:00:00,13.500,1016.900,2.700,230.000,4.300,4.754
2021-01-21 18:00:00,16.000,1015.300,3.100,222.000,4.700,5.587
2021-01-21 19:00:00,16.700,1014.300,2.200,176.000,3.400,5.883
2021-01-21 20:00:00,15.100,1014.100,2.300,208.000,3.600,5.594
2021-01-21 21:00:00,16.600,1014.200,4.500,261.000,7.200,4.760
2021-01-21 22:00:00,17.000,1013.800,4.400,254.000,6.400,3.556
2021-01-21 23:00:00,16.000,1013.800,2.200,232.000,3.800,2.290
2021-01-22 00:00:00,16.800,1013.900,4.100,254.000,6.100,1.342
2021-01-22 01:00:00,15.900,1013.600,3.900,244.000,5.600,0.869
2021-01-22 02:00:00,16.000,1013.400,3.700,254.000,6.100,1.184
2021-01-22 03:00:00,15.900,1013.400,2.700,241.000,4.200,1.916
2021-01-22 04:00:00,15.300,1013.400,1.800,232.000,2.800,2.949
2021-01-22 05:00:00,15.000,1013.200,1.600,235.000,2.600,4.114
2021-01-22 06:00:00,15.700,1013.200,2.000,267.000,2.600,5.203
2021-01-22 07:00:00,14.400,1013.500,2.800,291.000,3.200,5.981
2021-01-22 08:00:00,15.000,1013.300,1.700,258.000,2.300,6.296
2021-01-22 09:00:00,14.500,1013.400,1.900,285.000,2.200,5.735
2021-01-22 10:00:00,14.200,1013.300,1.500,265.000,1.800,4.839
2021-01-22 11:00:00,13.300,1014.300,1.900,357.000,2.400,3.547
2021-01-22 12:00:00,12.300,1014.800,1.800,3.000,2.300,2.398
2021-01-22 13:00:00,11.100,1015.500,2.000,12.000,2.600,1.457
2021-01-22 14:00:00,10.900,1016.100,1.700,5.000,2.300,1.204
2021-01-22 15:00:00,11.000,1017.200,1.000,349.000,1.400,1.755
2021-01-22 16:00:00,10.900,1017.200,0.700,338.000,1.000,2.799
2021-01-22 17:00:00,10.900,1016.000,0.200,10.000,0.500,4.016
2021-01-22 18:00:00,11.200,1015.100,1.000,211.000,1.300,5.003
2021-01-22 19:00:00,11.700,1014.500,0.000,94.000,0.200,5.869
2021-01-22 20:00:00,12.000,1015.400,3.200,333.000,3.600,5.981
2021-01-22 21:00:00,11.900,1015.200,1.300,289.000,1.400,5.518
2021-01-22 22:00:00,12.100,1015.400,0.900,287.000,1.100,4.636
2021-01-22 23:00:00,12.300,1015.600,0.500,238.000,0.600,3.471
2021-01-23 00:00:00,12.100,1016.600,1.400,320.000,1.500,2.520
2021-01-23 01:00:00,11.900,1016.600,1.100,308.000,1.200,1.808
2021-01-23 02:00:00,11.800,1016.800,1.400,312.000,1.500,1.516
2021-01-23 03:00:00,11.800,1017.200,2.300,338.000,2.700,1.857
2021-01-23 04:00:00,12.000,1017.100,3.700,324.000,4.400,2.618
2021-01-23 05:00:00,11.500,1017.500,3.900,335.000,5.000,3.681
2021-01-23 06:00:00,11.000,1017.200,2.500,326.000,3.000,5.062
2021-01-23 07:00:00,10.200,1017.300,2.800,335.000,4.300,6.270
2021-01-23 08:00:00,10.200,1017.800,3.300,310.000,3.900,6.795
2021-01-23 09:00:00,9.300,1017.700,2.300,313.000,2.700,6.742
2021-01-23 10:00:00,8.300,1018.100,2.400,331.000,3.000,6.201
2021-01-23 11:00:00,7.600,1018.400,2.400,331.000,2.900,5.299
2021-01-23 12:00:00,7.100,1019.400,2.100,343.000,3.000,3.973
2021-01-23 13:00:00,7.100,1020.300,2.500,358.000,3.300,2.887
2021-01-23 14:00:00,7.900,1021.000,4.600,18.000,5.600,2.041
2021-01-23 15:00:00,8.800,1021.900,4.400,38.000,5.900,1.880
2021-01-23 16:00:00,11.300,1022.700,4.600,43.000,6.200,2.556
2021-01-23 17:00:00,11.300,1022.600,7.200,71.000,8.800,3.694
2021-01-23 18:00:00,10.900,1022.200,8.300,85.000,9.600,4.908
2021-01-23 19:00:00,11.300,1021.700,7.200,92.000,8.200,5.899
2021-01-23 20:00:00,11.400,1021.600,6.600,83.000,7.500,6.112
2021-01-23 21:00:00,11.600,1021.900,5.900,85.000,6.700,6.230
2021-01-23 22:00:00,11.700,1022.500,4.600,104.000,5.500,5.876
2021-01-23 23:00:00,11.000,1022.800,2.300,125.000,3.000,5.174
2021-01-24 00:00:00,10.900,1023.000,1.300,112.000,1.900,4.219
2021-01-24 01:00:00,11.600,1023.500,2.800,75.000,3.400,3.114
2021-01-24 02:00:00,11.800,1023.800,3.600,90.000,4.200,2.329
2021-01-24 03:00:00,12.000,1024.200,4.400,78.000,5.200,1.778
2021-01-24 04:00:00,10.900,1024.200,3.200,45.000,4.000,1.831
2021-01-24 05:00:00,10.300,1024.200,2.700,42.000,3.000,2.697
2021-01-24 06:00:00,10.100,1024.300,5.600,48.000,7.400,4.199
2021-01-24 07:00:00,10.100,1024.000,5.500,57.000,6.700,5.719
2021-01-24 08:00:00,10.200,1023.800,6.100,58.000,9.300,6.939
2021-01-24 09:00:00,10.500,1024.100,4.900,47.000,6.400,7.497
2021-01-24 10:00:00,10.100,1024.300,5.000,42.000,6.000,7.474
2021-01-24 11:00:00,10.300,1024.400,4.600,52.000,6.000,6.847
2021-01-24 12:00:00,10.800,1025.000,5.100,50.000,6.600,5.764
2021-01-24 13:00:00,10.000,1025.200,4.900,51.000,6.400,4.452
2021-01-24 14:00:00,11.300,1025.400,6.100,72.000,8.000,3.159
2021-01-24 15:00:00,11.300,1025.800,6.100,67.000,7.400,2.513
2021-01-24 16:00:00,12.300,1025.200,7.100,75.000,8.700,2.238
2021-01-24 17:00:00,12.200,1024.600,6.500,68.000,9.000,2.631
2021-01-24 18:00:00,12.200,1023.400,6.200,59.000,8.000,3.589
2021-01-24 19:00:00,12.500,1022.400,6.200,59.000,8.500,4.646
2021-01-24 20:00:00,12.700,1022.500,5.700,61.000,7.200,5.554
2021-01-24 21:00:00,12.700,1022.500,6.900,58.000,8.800,6.119
2021-01-24 22:00:00,12.500,1022.600,5.700,58.000,7.100,6.250
2021-01-24 23:00:00,11.800,1022.300,5.800,61.000,7.200,6.043
2021-01-25 00:00:00,11.700,1022.200,5.000,67.000,6.200,5.299
2021-01-25 01:00:00,12.000,1021.900,4.300,71.000,5.400,4.245
2021-01-25 02:00:00,12.200,1022.200,3.300,70.000,4.400,2.989
2021-01-25 03:00:00,12.400,1021.700,4.200,58.000,4.800,1.883
2021-01-25 04:00:00,12.200,1021.000,3.600,79.000,5.200,1.280
2021-01-25 05:00:00,12.300,1020.600,2.600,78.000,3.000,1.611
2021-01-25 07:00:00,12.500,1019.300,1.900,96.000,2.100,4.603
2021-01-25 08:00:00,11.800,1019.500,2.300,298.000,2.500,6.194
2021-01-25 09:00:00,12.100,1018.500,0.700,134.000,0.800,7.238
2021-01-25 10:00:00,12.200,1018.000,1.300,106.000,1.400,7.608
2021-01-25 11:00:00,12.800,1017.900,1.000,106.000,1.100,7.533
2021-01-25 12:00:00,12.900,1018.100,0.100,243.000,0.500,6.657
2021-01-25 13:00:00,14.300,1018.100,0.500,164.000,0.800,5.404
2021-01-25 14:00:00,16.700,1018.100,2.600,213.000,4.100,3.806
2021-01-25 15:00:00,18.100,1018.300,2.900,221.000,4.000,2.710
2021-01-25 16:00:00,19.500,1017.500,4.100,218.000,7.100,1.759
2021-01-25 17:00:00,20.200,1016.800,3.900,200.000,5.600,1.634
2021-01-25 18:00:00,19.500,1015.300,4.900,199.000,6.300,2.254
2021-01-25 19:00:00,17.400,1014.600,4.300,205.000,5.900,3.461
2021-01-25 20:00:00,17.800,1013.900,4.300,203.000,6.700,4.757
2021-01-25 21:00:00,17.300,1013.900,4.100,214.000,5.400,5.758
2021-01-25 22:00:00,17.000,1014.700,2.900,206.000,4.400,6.424
2021-01-25 23:00:00,16.700,1015.200,2.100,201.000,3.000,6.631
2021-01-26 00:00:00,16.500,1015.500,3.300,213.000,4.900,6.165
2021-01-26 01:00:00,15.900,1015.800,2.700,205.000,4.400,4.987
2021-01-26 02:00:00,16.000,1015.100,3.700,216.000,5.400,3.573
2021-01-26 03:00:00,15.800,1014.800,2.600,210.000,3.400,2.031
2021-01-26 04:00:00,15.300,1014.700,2.000,203.000,2.600,0.896
2021-01-26 05:00:00,15.600,1014.600,2.900,204.000,4.400,0.525
2021-01-26 06:00:00,17.100,1013.500,3.800,197.000,7.400,1.260
2021-01-26 07:00:00,15.300,1013.200,3.900,213.000,5.500,2.877
2021-01-26 08:00:00,15.000,1013.300,2.300,222.000,3.500,4.862
2021-01-26 09:00:00,14.700,1013.500,2.200,223.000,3.300,6.417
2021-01-26 10:00:00,14.500,1013.700,1.600,219.000,2.900,7.379
2021-01-26 11:00:00,14.400,1013.500,2.200,198.000,3.600,7.585
2021-01-26 12:00:00,15.400,1013.500,5.200,213.000,7.500,7.162
2021-01-26 13:00:00,16.200,1014.500,3.000,230.000,4.800,6.109
2021-01-26 14:00:00,17.600,1015.000,2.400,236.000,4.000,4.810
2021-01-26 15:00:00,18.800,1015.300,3.000,235.000,4.400,3.153
2021-01-26 16:00:00,18.900,1015.700,1.700,203.000,2.900,1.959
2021-01-26 17:00:00,19.200,1015.200,1.100,244.000,2.200,1.027
2021-01-26 18:00:00,19.600,1014.400,2.500,168.000,3.900,0.974
2021-01-26 19:00:00,19.400,1013.600,1.900,194.000,2.800,1.893
2021-01-26 20:00:00,18.000,1013.600,1.700,211.000,2.300,2.959
2021-01-26 21:00:00,18.100,1014.300,2.000,193.000,3.100,4.180
2021-01-26 22:00:00,17.100,1013.900,2.000,205.000,3.700,5.433
2021-01-26 23:00:00,16.000,1014.200,1.600,193.000,3.500,6.319
2021-01-27 00:00:00,15.600,1014.900,2.200,213.000,3.500,6.381
2021-01-27 01:00:00,15.800,1015.500,2.100,200.000,3.200,5.856
2021-01-27 02:00:00,15.700,1015.400,1.500,215.000,2.000,4.360
2021-01-27 03:00:00,15.800,1015.200,1.200,205.000,1.600,2.726
2021-01-27 04:00:00,15.600,1015.000,1.300,205.000,1.800,1.004
2021-01-27 05:00:00,15.800,1014.900,0.600,226.000,1.100,-0.210
2021-01-27 06:00:00,16.400,1014.600,1.800,200.000,2.900,-0.233
2021-01-27 07:00:00,16.600,1014.300,1.400,200.000,2.400,1.014
2021-01-27 08:00:00,16.800,1014.400,1.800,212.000,2.700,2.956
2021-01-27 09:00:00,17.000,1014.200,2.500,211.000,3.700,5.112
2021-01-27 10:00:00,16.700,1014.700,2.400,212.000,3.400,6.680
2021-01-27 11:00:00,16.200,1014.900,2.700,213.000,3.900,7.539
2021-01-27 12:00:00,16.200,1015.600,8.200,17.000,10.000,7.795
2021-01-27 13:00:00,14.500,1016.600,5.300,27.000,7.000,7.044
2021-01-27 14:00:00,14.000,1016.600,4.300,79.000,5.100,5.709
2021-01-27 15:00:00,14.200,1019.000,6.600,338.000,8.100,4.232
2021-01-27 16:00:00,13.200,1019.800,5.900,24.000,7.400,2.608
2021-01-27 17:00:00,13.200,1019.000,5.300,44.000,7.200,1.289
2021-01-27 18:00:00,12.700,1018.400,5.800,41.000,7.500,0.604
2021-01-27 19:00:00,12.700,1017.100,5.800,64.000,6.700,1.024
2021-01-27 20:00:00,12.900,1016.500,7.600,79.000,8.800,2.316
2021-01-27 21:00:00,12.800,1015.900,8.200,81.000,9.500,4.029
2021-01-27 22:00:00,13.200,1015.300,6.100,94.000,6.900,5.597
2021-01-27 23:00:00,13.400,1015.000,2.200,134.000,3.400,6.893
2021-01-28 00:00:00,14.000,1014.600,0.600,172.000,0.900,7.530
2021-01-28 01:00:00,13.800,1014.600,4.100,311.000,4.700,7.188
2021-01-28 02:00:00,13.600,1014.400,3.200,291.000,3.400,6.276
2021-01-28 03:00:00,13.600,1014.700,3.400,280.000,4.300,4.682
2021-01-28 04:00:00,13.500,1015.800,6.000,275.000,8.100,2.772
2021-01-28 05:00:00,14.100,1015.700,7.100,281.000,9.000,0.919
2021-01-28 06:00:00,14.300,1015.600,6.200,276.000,7.900,-0.200
2021-01-28 07:00:00,13.700,1016.300,10.200,304.000,11.900,-0.217
2021-01-28 08:00:00,12.100,1017.100,11.500,298.000,13.100,0.709
2021-01-28 09:00:00,10.900,1018.100,12.100,309.000,14.700,2.402
2021-01-28 10:00:00,9.400,1019.300,10.600,315.000,12.800,4.380
2021-01-28 11:00:00,8.500,1020.900,8.800,321.000,11.100,6.024
2021-01-28 12:00:00,7.800,1022.500,9.800,323.000,12.300,7.051
2021-01-28 13:00:00,7.600,1023.500,10.300,326.000,13.700,7.103
2021-01-28 14:00:00,7.900,1024.600,10.700,330.000,12.700,6.391
2021-01-28 15:00:00,8.800,1025.700,9.100,319.000,14.700,5.144
2021-01-28 16:00:00,9.300,1026.200,8.700,335.000,10.900,3.642
2021-01-28 17:00:00,9.800,1025.900,8.600,348.000,10.600,2.267
2021-01-28 18:00:00,10.400,1024.900,7.400,327.000,9.500,1.001
2021-01-28 19:00:00,11.000,1025.000,5.400,331.000,7.500,0.761
2021-01-28 20:00:00,11.600,1025.300,7.300,322.000,8.900,1.552
2021-01-28 21:00:00,12.200,1025.000,5.800,338.000,8.100,2.799
2021-01-28 22:00:00,12.200,1025.300,4.800,341.000,6.200,4.206
2021-01-28 23:00:00,11.400,1026.200,4.400,339.000,5.600,5.600
2021-01-29 00:00:00,10.200,1026.400,3.100,335.000,3.800,6.765
2021-01-29 01:00:00,9.500,1027.300,3.200,326.000,4.100,7.215
2021-01-29 02:00:00,8.700,1027.500,1.100,350.000,1.400,6.877
2021-01-29 03:00:00,8.100,1027.700,2.300,321.000,2.800,5.492
2021-01-29 04:00:00,7.300,1027.800,2.600,314.000,3.000,3.898
2021-01-29 05:00:00,6.800,1027.600,2.900,344.000,3.600,2.100
2021-01-29 06:00:00,6.000,1026.700,2.100,354.000,3.200,0.571
2021-01-29 07:00:00,4.900,1027.000,4.100,319.000,4.800,0.039
2021-01-29 08:00:00,3.800,1027.400,3.200,335.000,4.000,0.610
2021-01-29 09:00:00,3.700,1026.800,2.900,2.000,4.000,2.165
2021-01-29 10:00:00,4.300,1027.100,3.100,18.000,4.900,4.357
2021-01-29 11:00:00,5.000,1027.400,6.400,41.000,8.300,6.460
2021-01-29 12:00:00,4.500,1028.200,5.100,47.000,6.500,7.848
2021-01-29 13:00:00,4.500,1028.800,4.200,32.000,5.400,8.406
2021-01-29 14:00:00,4.800,1028.800,4.900,53.000,7.000,8.294
2021-01-29 15:00:00,5.100,1029.200,4.400,38.000,6.200,7.339
2021-01-29 16:00:00,5.300,1029.500,3.900,43.000,5.500,5.932
2021-01-29 17:00:00,5.900,1029.100,3.000,64.000,4.100,4.226
2021-01-29 18:00:00,6.100,1027.700,3.800,93.000,4.700,2.490
2021-01-29 19:00:00,6.500,1026.900,3.500,105.000,4.900,1.224
2021-01-29 20:00:00,7.000,1026.700,3.300,105.000,4.000,0.614
2021-01-29 21:00:00,7.400,1026.300,4.200,107.000,5.200,1.312
2021-01-29 22:00:00,7.700,1026.300,2.400,133.000,3.400,2.943
2021-01-29 23:00:00,6.800,1026.500,1.300,147.000,2.000,4.816
2021-01-30 00:00:00,6.600,1026.400,1.100,162.000,1.400,6.608
2021-01-30 01:00:00,6.200,1026.800,0.900,160.000,1.000,7.572
2021-01-30 02:00:00,7.100,1027.200,0.900,202.000,0.900,7.753
2021-01-30 03:00:00,7.500,1026.900,1.200,10.000,1.300,6.952
2021-01-30 04:00:00,7.300,1027.100,1.500,0.000,1.900,5.554
2021-01-30 05:00:00,6.700,1027.600,2.000,352.000,2.700,3.835
2021-01-30 06:00:00,7.800,1027.400,3.100,42.000,3.600,1.962
2021-01-30 07:00:00,7.800,1027.000,1.800,46.000,2.300,0.630
2021-01-30 08:00:00,9.200,1026.400,3.500,77.000,4.600,0.023
2021-01-30 09:00:00,9.200,1026.000,4.600,92.000,5.600,0.804
2021-01-30 10:00:00,9.300,1026.200,5.400,89.000,6.500,2.608
2021-01-30 11:00:00,9.400,1026.600,5.700,83.000,6.600,4.882
2021-01-30 12:00:00,9.600,1026.800,5.900,81.000,7.800,7.060
2021-01-30 13:00:00,9.700,1027.400,6.100,80.000,7.400,8.363
2021-01-30 14:00:00,9.900,1027.600,6.300,77.000,8.000,8.865
2021-01-30 15:00:00,10.200,1028.000,6.800,87.000,8.400,8.560
2021-01-30 16:00:00,10.400,1028.100,6.200,85.000,7.100,7.283
2021-01-30 17:00:00,10.800,1027.600,6.200,81.000,7.500,5.673
2021-01-30 18:00:00,11.200,1026.700,5.700,74.000,7.600,3.904
2021-01-30 19:00:00,11.200,1025.600,6.200,70.000,7.300,2.041
2021-01-30 20:00:00,11.500,1025.500,6.300,77.000,8.400,0.978
2021-01-30 21:00:00,11.700,1025.500,6.700,76.000,8.400,0.889
2021-01-30 22:00:00,11.800,1025.600,6.000,84.000,8.600,1.801
2021-01-30 23:00:00,11.300,1024.900,7.100,67.000,8.800,3.796
2021-01-31 00:00:00,11.800,1024.500,7.900,68.000,10.200,5.774
2021-01-31 01:00:00,12.200,1024.200,7.500,59.000,9.300,7.395
2021-01-31 02:00:00,12.600,1023.800,5.800,80.000,7.100,8.035
2021-01-31 03:00:00,12.800,1022.600,2.500,119.000,2.900,8.005
2021-01-31 04:00:00,14.500,1022.200,4.000,143.000,6.000,7.198
2021-01-31 05:00:00,14.400,1021.500,2.500,146.000,4.000,5.787
2021-01-31 06:00:00,14.700,1021.000,2.300,147.000,4.100,4.055
2021-01-31 07:00:00,14.300,1020.600,2.000,163.000,3.700,2.139
2021-01-31 08:00:00,14.500,1020.500,1.700,206.000,2.300,0.722
2021-01-31 09:00:00,13.900,1019.900,1.000,193.000,1.600,0.367
2021-01-31 10:00:00,13.900,1019.700,2.700,213.000,3.900,1.211
2021-01-31 11:00:00,14.900,1019.000,2.400,190.000,4.800,3.176
2021-01-31 12:00:00,14.400,1018.200,3.700,185.000,7.000,5.253
2021-01-31 13:00:00,15.100,1016.500,5.500,190.000,10.500,7.149
2021-01-31 14:00:00,15.900,1016.500,6.300,205.000,11.200,8.205
2021-01-31 15:00:00,15.700,1016.000,6.000,206.000,9.500,8.612
2021-01-31 16:00:00,15.700,1015.700,6.400,210.000,9.100,8.077
2021-01-31 17:00:00,15.600,1014.500,6.700,213.000,10.400,6.821
2021-01-31 18:00:00,14.700,1013.800,6.600,213.000,8.900,5.056
2021-01-31 19:00:00,15.000,1012.900,6.100,208.000,9.200,3.094
2021-01-31 20:00:00,15.000,1012.000,5.000,209.000,7.400,1.102
2021-01-31 21:00:00,15.400,1010.800,4.300,205.000,6.800,-0.161
2021-01-31 22:00:00,14.700,1010.300,4.400,201.000,7.700,-0.098
2021-01-31 23:00:00,14.900,1009.200,4.100,196.000,6.400,1.532
2021-02-01 00:00:00,15.000,1008.500,3.900,198.000,8.100,3.560
2021-02-01 01:00:00,14.900,1007.600,4.800,211.000,7.300,5.751
2021-02-01 02:00:00,15.100,1009.600,3.600,299.000,4.000,7.280
2021-02-01 03:00:00,14.800,1009.300,2.100,234.000,2.700,7.671
2021-02-01 04:00:00,14.200,1008.200,1.000,176.000,1.500,7.254
2021-02-01 05:00:00,13.800,1006.700,0.600,129.000,1.000,6.181
2021-02-01 06:00:00,13.700,1007.700,2.200,217.000,3.100,4.573
2021-02-01 07:00:00,13.600,1006.500,0.800,258.000,1.300,2.707
2021-02-01 08:00:00,13.700,1006.300,0.900,238.000,1.200,1.070
2021-02-01 09:00:00,14.000,1006.300,5.500,283.000,6.400,0.135
2021-02-01 10:00:00,12.900,1007.100,8.800,303.000,9.700,0.226
2021-02-01 11:00:00,11.100,1007.700,7.200,320.000,9.200,1.342
2021-02-01 12:00:00,10.300,1008.500,10.600,307.000,12.800,3.133
2021-02-01 13:00:00,9.800,1009.200,9.900,314.000,11.800,5.023
2021-02-01 14:00:00,9.600,1009.400,9.500,310.000,11.200,6.617
2021-02-01 15:00:00,9.400,1009.500,10.300,306.000,12.200,7.644
2021-02-01 16:00:00,8.700,1009.300,10.300,306.000,12.300,7.812
2021-02-01 17:00:00,8.300,1008.800,10.600,308.000,12.600,7.044
2021-02-01 18:00:00,8.000,1008.200,10.800,293.000,12.200,5.463
2021-02-01 19:00:00,8.300,1007.600,7.900,294.000,9.100,3.822
2021-02-01 20:00:00,8.400,1007.600,11.100,301.000,13.500,1.844
2021-02-01 21:00:00,8.000,1007.900,11.500,303.000,13.800,0.400
2021-02-01 22:00:00,7.800,1008.300,6.800,314.000,9.000,-0.371
2021-02-01 23:00:00,7.500,1008.600,11.400,304.000,13.300,0.420
2021-02-02 00:00:00,7.000,1009.400,8.600,320.000,10.200,1.949
2021-02-02 01:00:00,7.300,1009.800,8.800,303.000,10.800,3.891
2021-02-02 02:00:00,6.800,1010.100,11.000,297.000,13.200,5.679
2021-02-02 03:00:00,6.700,1010.300,11.400,303.000,15.000,6.841
2021-02-02 04:00:00,6.200,1010.300,13.400,307.000,16.300,7.165
2021-02-02 05:00:00,5.700,1010.200,10.700,309.000,13.400,6.785
2021-02-02 06:00:00,5.100,1010.100,13.200,305.000,16.500,5.869
2021-02-02 07:00:00,4.600,1010.500,12.600,305.000,14.900,4.295
2021-02-02 08:00:00,4.600,1010.500,10.300,307.000,14.100,2.743
2021-02-02 09:00:00,4.500,1010.400,9.200,315.000,12.100,1.112
2021-02-02 10:00:00,4.400,1010.400,9.200,304.000,12.700,-0.013
2021-02-02 11:00:00,4.500,1010.900,8.800,308.000,10.600,0.308
2021-02-02 12:00:00,4.300,1011.300,10.800,301.000,13.200,1.549
2021-02-02 13:00:00,4.100,1012.000,7.900,294.000,9.900,3.281
2021-02-02 14:00:00,4.300,1011.900,9.500,306.000,11.300,5.407
2021-02-02 15:00:00,4.900,1011.500,8.400,312.000,11.600,6.572
2021-02-02 16:00:00,6.100,1011.300,9.300,305.000,12.300,7.605
2021-02-02 17:00:00,6.600,1011.000,8.500,298.000,11.900,7.730
2021-02-02 18:00:00,7.600,1010.100,10.300,304.000,12.200,6.972
2021-02-02 19:00:00,8.500,1009.500,11.100,297.000,12.800,5.551
2021-02-02 20:00:00,9.300,1009.500,10.900,307.000,12.700,3.734
2021-02-02 21:00:00,9.800,1009.800,11.400,313.000,13.300,1.660
2021-02-02 22:00:00,10.000,1010.000,10.400,304.000,11.700,0.246
2021-02-02 23:00:00,10.100,1010.600,7.200,306.000,8.900,-0.187
2021-02-03 00:00:00,8.800,1010.900,3.100,276.000,4.000,0.833
2021-02-03 01:00:00,9.300,1011.100,7.500,290.000,8.800,2.595
2021-02-03 02:00:00,9.000,1011.900,10.600,303.000,13.900,4.518
2021-02-03 03:00:00,8.100,1012.400,9.200,308.000,10.900,6.037
2021-02-03 04:00:00,6.900,1012.900,7.800,317.000,10.100,6.913
2021-02-03 05:00:00,6.500,1012.700,10.400,309.000,12.100,7.247
2021-02-03 06:00:00,5.600,1013.000,9.300,319.000,11.400,6.808
2021-02-03 07:00:00,4.800,1013.500,8.100,317.000,9.500,5.735
2021-02-03 08:00:00,4.500,1013.700,8.500,310.000,9.800,4.291
2021-02-03 09:00:00,3.800,1014.200,6.700,313.000,8.400,2.651
2021-02-03 10:00:00,2.900,1014.600,7.100,321.000,9.300,1.207
2021-02-03 11:00:00,2.700,1015.500,7.900,319.000,9.900,0.404
2021-02-03 12:00:00,2.100,1016.400,6.700,318.000,8.000,0.722
2021-02-03 13:00:00,2.100,1017.100,7.500,319.000,8.500,1.883
2021-02-03 14:00:00,2.500,1017.300,8.500,311.000,10.200,3.484
2021-02-03 15:00:00,3.900,1017.500,7.700,312.000,9.300,5.148
2021-02-03 16:00:00,5.300,1017.600,6.600,315.000,8.700,6.591
2021-02-03 17:00:00,6.800,1017.400,7.500,300.000,9.400,7.346
2021-02-03 18:00:00,8.400,1016.500,7.200,304.000,9.000,7.316
2021-02-03 19:00:00,9.300,1015.800,6.500,293.000,8.500,6.421
2021-02-03 20:00:00,10.500,1015.700,5.200,314.000,6.200,5.049
2021-02-03 21:00:00,11.200,1015.700,6.100,285.000,7.100,3.189
2021-02-03 22:00:00,11.700,1016.100,5.200,298.000,6.400,1.430
2021-02-03 23:00:00,11.100,1016.500,4.200,298.000,4.700,0.285
2021-02-04 00:00:00,9.900,1017.200,2.500,273.000,3.200,0.289
2021-02-04 01:00:00,8.800,1017.900,2.900,254.000,3.900,1.388
2021-02-04 02:00:00,7.900,1018.400,3.300,257.000,5.000,3.012
2021-02-04 03:00:00,6.900,1018.900,1.900,250.000,2.700,4.754
2021-02-04 04:00:00,5.900,1018.800,1.600,245.000,2.000,6.083
2021-02-04 05:00:00,6.400,1019.200,2.100,259.000,3.500,7.087
2021-02-04 06:00:00,6.000,1018.900,1.600,259.000,2.500,7.369
2021-02-04 07:00:00,5.800,1018.700,1.600,255.000,2.100,7.123
2021-02-04 08:00:00,6.000,1018.700,2.200,330.000,3.100,6.047
2021-02-04 09:00:00,5.200,1018.800,1.500,323.000,2.000,4.288
2021-02-04 10:00:00,4.500,1019.100,1.600,316.000,1.800,2.867
2021-02-04 11:00:00,3.800,1019.900,1.600,257.000,1.900,1.463
2021-02-04 12:00:00,4.400,1020.600,1.500,295.000,2.200,0.764
2021-02-04 13:00:00,4.800,1020.600,0.400,293.000,0.900,0.906
2021-02-04 14:00:00,6.000,1020.600,0.100,7.000,0.500,1.900
2021-02-04 15:00:00,7.400,1020.800,1.500,77.000,1.900,3.373
2021-02-04 16:00:00,8.700,1021.000,3.400,85.000,3.900,5.246
2021-02-04 17:00:00,11.200,1020.600,1.600,174.000,2.800,6.755
2021-02-04 18:00:00,11.700,1020.100,3.000,202.000,4.300,7.421
2021-02-04 19:00:00,11.700,1019.200,2.600,172.000,4.500,7.162
2021-02-04 20:00:00,12.200,1018.800,2.400,184.000,3.800,6.086
2021-02-04 21:00:00,11.300,1018.300,2.600,178.000,5.000,4.570
2021-02-04 22:00:00,10.900,1018.400,2.800,188.000,4.000,2.776
2021-02-04 23:00:00,10.200,1017.800,1.500,172.000,3.300,1.211
2021-02-05 00:00:00,10.500,1017.800,1.900,208.000,2.900,0.348
2021-02-05 01:00:00,10.500,1017.500,1.500,202.000,2.500,0.636
2021-02-05 02:00:00,11.000,1016.600,2.500,189.000,5.200,1.814
2021-02-05 03:00:00,11.500,1016.700,2.900,214.000,4.700,3.373
2021-02-05 04:00:00,11.500,1016.100,3.100,203.000,4.700,4.970
2021-02-05 05:00:00,11.900,1015.500,2.500,204.000,4.000,6.394
2021-02-05 06:00:00,12.300,1014.500,4.200,203.000,5.700,7.507
2021-02-05 07:00:00,12.100,1014.400,4.200,210.000,6.300,7.730
2021-02-05 08:00:00,12.100,1013.400,3.800,210.000,5.700,7.421
2021-02-05 09:00:00,12.100,1012.900,3.300,211.000,4.900,6.375
2021-02-05 10:00:00,11.700,1013.400,2.600,227.000,3.900,4.921
2021-02-05 11:00:00,11.800,1013.600,3.100,221.000,4.500,3.287
2021-02-05 12:00:00,12.200,1013.200,7.600,213.000,12.000,1.801
2021-02-05 13:00:00,9.600,1013.100,2.900,216.000,4.600,0.774
2021-02-05 14:00:00,10.800,1012.900,4.700,212.000,7.400,0.758
2021-02-05 15:00:00,12.600,1012.900,4.900,209.000,6.800,1.660
2021-02-05 16:00:00,13.400,1012.900,4.600,214.000,6.700,3.163
2021-02-05 17:00:00,14.300,1012.500,4.600,207.000,6.400,4.898
2021-02-05 18:00:00,13.300,1012.000,4.600,209.000,6.600,6.211
2021-02-05 19:00:00,13.300,1010.900,3.600,200.000,4.900,6.683
2021-02-05 20:00:00,14.000,1011.300,3.200,203.000,4.700,6.460
2021-02-05 21:00:00,14.100,1011.200,2.800,203.000,4.300,5.463
2021-02-05 22:00:00,13.700,1011.500,1.700,219.000,2.800,3.773
2021-02-05 23:00:00,14.500,1013.000,3.200,326.000,4.200,2.211
2021-02-06 00:00:00,13.900,1014.500,6.500,316.000,7.800,0.876
2021-02-06 01:00:00,12.000,1015.000,1.600,267.000,2.100,0.164
2021-02-06 02:00:00,11.100,1016.300,2.600,236.000,3.200,0.180
2021-02-06 03:00:00,11.800,1016.500,3.400,300.000,5.000,0.912
2021-02-06 04:00:00,11.200,1016.400,3.200,313.000,3.700,2.041
2021-02-06 05:00:00,10.700,1017.200,4.300,322.000,5.400,3.658
2021-02-06 06:00:00,10.300,1017.200,4.800,310.000,5.800,5.413
2021-02-06 07:00:00,9.800,1017.100,2.400,330.000,3.100,6.949
2021-02-06 08:00:00,9.300,1016.600,0.900,336.000,1.500,7.618
2021-02-06 09:00:00,9.600,1017.100,1.400,331.000,1.800,7.310
2021-02-06 10:00:00,9.600,1018.000,2.500,301.000,2.700,6.207
2021-02-06 11:00:00,9.400,1018.700,1.800,313.000,2.200,4.760
2021-02-06 12:00:00,9.000,1019.500,1.600,4.000,2.100,2.963
2021-02-06 13:00:00,8.700,1020.700,1.000,25.000,1.400,1.450
2021-02-06 14:00:00,8.600,1020.900,4.100,53.000,5.000,0.331
2021-02-06 15:00:00,9.100,1021.300,3.700,71.000,4.500,0.459
2021-02-06 16:00:00,9.900,1021.500,7.900,83.000,9.200,1.516
2021-02-06 17:00:00,10.000,1021.300,6.200,92.000,7.400,3.271
2021-02-06 18:00:00,10.000,1019.800,7.700,93.000,8.700,5.131
2021-02-06 19:00:00,9.900,1018.700,6.900,70.000,8.700,6.473
2021-02-06 20:00:00,10.000,1017.700,6.500,69.000,8.200,7.077
2021-02-06 21:00:00,10.400,1016.800,7.500,76.000,9.100,6.742
2021-02-06 22:00:00,10.600,1015.800,8.400,69.000,11.100,5.876
2021-02-06 23:00:00,10.200,1015.600,5.800,38.000,7.700,4.780
2021-02-07 00:00:00,10.100,1015.000,6.700,53.000,8.400,3.586
2021-02-07 01:00:00,9.800,1014.500,8.100,60.000,10.200,2.467
2021-02-07 02:00:00,9.700,1014.200,6.400,53.000,8.500,1.745
2021-02-07 03:00:00,9.500,1013.400,5.400,62.000,7.300,1.552
2021-02-07 04:00:00,9.100,1012.600,5.900,41.000,7.600,1.765
2021-02-07 05:00:00,9.000,1011.800,5.100,52.000,6.900,3.031
2021-02-07 06:00:00,8.200,1012.500,8.200,322.000,10.700,4.616
2021-02-07 07:00:00,7.700,1009.800,4.900,44.000,6.100,6.391
2021-02-07 08:00:00,7.700,1009.600,3.900,10.000,4.800,7.717
2021-02-07 09:00:00,7.400,1009.200,2.400,32.000,3.000,8.458
2021-02-07 10:00:00,7.200,1009.600,3.000,350.000,4.200,8.261
2021-02-07 11:00:00,6.900,1009.900,3.800,315.000,4.300,7.349
2021-02-07 12:00:00,6.800,1010.800,5.200,317.000,6.100,5.696
2021-02-07 13:00:00,7.000,1012.000,5.700,305.000,6.800,3.930
2021-02-07 14:00:00,7.000,1013.200,7.400,314.000,8.500,1.998
2021-02-07 15:00:00,7.300,1014.100,8.800,302.000,9.700,0.646
2021-02-07 16:00:00,7.900,1014.800,7.100,317.000,8.700,0.344
2021-02-07 17:00:00,8.200,1014.600,8.000,313.000,10.300,1.129
2021-02-07 18:00:00,8.700,1015.000,8.700,316.000,10.600,2.657
2021-02-07 19:00:00,8.700,1015.400,9.100,310.000,10.400,4.331
2021-02-07 20:00:00,9.100,1015.900,8.000,305.000,9.800,5.719
2021-02-07 21:00:00,9.500,1016.800,4.900,352.000,6.900,6.490
2021-02-07 22:00:00,8.900,1017.800,5.300,4.000,6.900,6.339
2021-02-07 23:00:00,8.800,1018.800,3.600,5.000,5.400,5.518
2021-02-08 00:00:00,8.100,1019.800,1.600,313.000,2.100,4.242
2021-02-08 01:00:00,7.800,1020.600,1.100,271.000,1.200,2.766
2021-02-08 02:00:00,7.800,1021.400,1.300,314.000,1.600,1.207
2021-02-08 03:00:00,7.200,1022.400,1.100,218.000,1.200,0.495
2021-02-08 04:00:00,6.900,1022.800,1.200,276.000,1.300,0.026
2021-02-08 05:00:00,6.200,1023.000,1.900,4.000,2.300,0.794
2021-02-08 06:00:00,6.200,1023.300,1.500,2.000,2.000,2.257
2021-02-08 07:00:00,6.400,1023.200,2.000,10.000,2.600,4.255
2021-02-08 08:00:00,6.500,1023.300,1.800,3.000,2.600,6.165
2021-02-08 09:00:00,6.100,1023.200,1.800,356.000,2.300,7.661
2021-02-08 10:00:00,7.800,1023.500,3.600,31.000,4.200,8.064
2021-02-08 11:00:00,9.000,1024.000,4.200,41.000,5.500,7.789
2021-02-08 12:00:00,9.400,1024.400,3.800,43.000,4.600,6.890
2021-02-08 13:00:00,11.000,1024.800,6.900,64.000,8.800,5.397
2021-02-08 14:00:00,11.300,1025.800,6.700,63.000,8.700,3.704
2021-02-08 15:00:00,11.400,1026.400,7.300,62.000,10.100,2.165
2021-02-08 16:00:00,11.600,1026.700,7.300,66.000,9.600,1.007
2021-02-08 17:00:00,11.600,1026.200,7.900,64.000,10.200,0.712
2021-02-08 18:00:00,11.600,1025.500,8.100,71.000,10.000,1.490
2021-02-08 19:00:00,11.700,1024.600,8.000,69.000,9.500,2.920
2021-02-08 20:00:00,11.500,1024.200,8.200,72.000,9.900,4.524
2021-02-08 21:00:00,11.400,1024.100,6.200,64.000,8.000,5.951
2021-02-08 22:00:00,11.400,1024.300,6.900,72.000,9.900,6.864
2021-02-08 23:00:00,11.300,1024.400,7.600,70.000,10.200,7.182
2021-02-09 00:00:00,11.000,1024.500,7.300,62.000,9.200,6.480
2021-02-09 01:00:00,11.100,1024.500,6.900,67.000,8.500,5.351
2021-02-09 02:00:00,11.100,1024.700,5.800,69.000,7.600,3.629
2021-02-09 03:00:00,11.300,1024.800,6.000,59.000,8.100,1.886
2021-02-09 04:00:00,11.400,1023.700,4.600,84.000,5.500,0.492
2021-02-09 05:00:00,11.500,1023.300,4.400,70.000,5.300,-0.020
2021-02-09 06:00:00,11.600,1022.900,2.900,74.000,4.000,0.745
2021-02-09 07:00:00,12.100,1022.400,2.300,48.000,3.200,2.467
2021-02-09 08:00:00,12.100,1021.600,0.200,31.000,0.800,4.619
2021-02-09 09:00:00,12.300,1020.700,2.700,67.000,4.100,6.490
2021-02-09 10:00:00,12.100,1021.100,1.000,349.000,1.400,7.680
2021-02-09 11:00:00,12.000,1021.600,1.100,348.000,1.800,8.143
2021-02-09 12:00:00,11.900,1021.300,0.100,354.000,1.000,7.815
2021-02-09 13:00:00,11.800,1020.400,3.100,146.000,4.600,6.660
2021-02-09 14:00:00,13.000,1020.300,4.000,161.000,7.100,5.049
2021-02-09 15:00:00,14.300,1021.100,4.100,341.000,5.900,3.199
2021-02-09 16:00:00,13.800,1023.000,3.100,303.000,4.800,1.437
2021-02-09 17:00:00,14.200,1021.100,0.700,293.000,1.200,-0.085
2021-02-09 18:00:00,14.200,1021.000,1.200,284.000,1.500,-0.013
2021-02-09 19:00:00,14.300,1020.600,2.000,312.000,2.200,1.040
2021-02-09 20:00:00,15.400,1020.700,0.700,236.000,1.100,2.713
2021-02-09 21:00:00,15.200,1020.200,1.300,302.000,1.600,4.678
2021-02-09 22:00:00,15.600,1020.400,1.400,256.000,2.000,6.191
2021-02-09 23:00:00,15.300,1020.600,0.000,200.000,0.500,7.008
2021-02-10 00:00:00,14.700,1020.700,0.300,21.000,0.600,7.021
2021-02-10 01:00:00,14.500,1021.000,0.900,166.000,1.000,6.027
2021-02-10 02:00:00,13.700,1021.600,0.000,332.000,0.300,4.744
2021-02-10 03:00:00,13.500,1022.200,0.200,154.000,0.400,2.825
2021-02-10 04:00:00,13.100,1021.800,0.000,314.000,0.200,1.001
2021-02-10 05:00:00,13.600,1021.800,0.700,117.000,0.800,-0.269
2021-02-10 06:00:00,13.200,1021.700,0.500,263.000,0.600,-0.558
2021-02-10 07:00:00,13.600,1021.600,1.100,198.000,1.600,0.623
2021-02-10 08:00:00,13.500,1021.400,2.100,204.000,2.400,2.546
2021-02-10 09:00:00,13.600,1021.100,0.000,207.000,0.500,4.718
2021-02-10 10:00:00,13.300,1021.400,1.000,25.000,1.200,6.519
2021-02-10 11:00:00,13.200,1021.600,0.000,19.000,0.500,7.687
2021-02-10 12:00:00,13.800,1021.900,0.900,153.000,1.100,8.166
2021-02-10 13:00:00,14.300,1022.300,0.400,123.000,0.500,7.723
2021-02-10 14:00:00,14.600,1022.800,1.700,163.000,2.200,6.526
2021-02-10 15:00:00,14.200,1023.000,1.500,72.000,1.700,4.767
2021-02-10 16:00:00,14.100,1023.100,1.000,66.000,1.300,2.900
2021-02-10 17:00:00,13.000,1022.800,2.400,107.000,2.700,1.060
2021-02-10 18:00:00,13.100,1022.100,2.500,104.000,3.000,-0.033
2021-02-10 19:00:00,12.700,1021.100,3.600,93.000,4.600,-0.023
2021-02-10 20:00:00,13.000,1020.600,4.100,83.000,5.200,1.283
2021-02-10 21:00:00,12.500,1020.900,5.400,58.000,7.100,3.100
2021-02-10 22:00:00,11.900,1020.600,5.900,77.000,8.000,5.079
2021-02-10 23:00:00,11.700,1020.900,5.400,64.000,6.800,6.621
2021-02-11 00:00:00,12.100,1021.400,5.400,52.000,6.700,7.162
2021-02-11 01:00:00,11.900,1021.300,5.300,60.000,6.900,7.392
2021-02-11 02:00:00,11.800,1021.300,5.300,65.000,7.000,6.463
2021-02-11 03:00:00,12.000,1021.500,4.700,69.000,7.200,4.984
2021-02-11 04:00:00,11.800,1021.100,5.400,68.000,7.500,3.022
2021-02-11 05:00:00,11.500,1021.100,4.000,77.000,4.700,1.253
2021-02-11 06:00:00,11.200,1020.600,3.900,78.000,4.400,0.098
2021-02-11 07:00:00,11.200,1020.000,1.800,130.000,2.500,0.036
2021-02-11 08:00:00,11.500,1020.000,1.200,202.000,2.100,1.230
2021-02-11 09:00:00,11.600,1019.100,0.700,215.000,1.000,3.084
2021-02-11 10:00:00,11.600,1018.900,0.600,342.000,0.700,5.253
2021-02-11 11:00:00,11.700,1018.600,0.400,132.000,0.500,7.080
2021-02-11 12:00:00,12.000,1018.700,0.900,166.000,1.200,8.087
2021-02-11 13:00:00,12.200,1019.400,1.800,4.000,2.100,8.376
2021-02-11 14:00:00,11.900,1019.500,1.400,101.000,1.700,7.795
2021-02-11 15:00:00,12.200,1019.400,2.300,112.000,2.500,6.411
2021-02-11 16:00:00,12.000,1019.700,2.300,87.000,2.700,4.678
2021-02-11 17:00:00,12.100,1019.400,2.000,74.000,2.400,2.736
2021-02-11 18:00:00,12.000,1018.200,2.500,98.000,2.800,0.945
2021-02-11 19:00:00,12.100,1017.400,2.600,84.000,2.800,-0.059
2021-02-11 20:00:00,12.200,1016.700,2.700,87.000,3.000,0.259
2021-02-11 21:00:00,13.000,1016.600,2.600,70.000,2.900,1.572
2021-02-11 22:00:00,12.800,1016.400,3.700,78.000,4.000,3.553
2021-02-11 23:00:00,12.500,1016.600,3.000,106.000,3.700,5.640
2021-02-12 00:00:00,12.700,1016.800,2.900,70.000,3.400,7.133
2021-02-12 01:00:00,13.300,1016.900,1.600,136.000,2.200,7.766
2021-02-12 02:00:00,13.800,1017.200,1.300,113.000,1.900,7.339
2021-02-12 03:00:00,13.600,1017.400,0.800,359.000,1.100,6.135
2021-02-12 04:00:00,13.400,1017.200,0.000,123.000,1.500,4.327
2021-02-12 05:00:00,13.800,1016.800,1.000,125.000,1.600,2.408
2021-02-12 06:00:00,13.100,1016.600,0.700,25.000,1.200,0.745
2021-02-12 07:00:00,13.000,1015.900,0.000,354.000,0.800,-0.233
2021-02-12 08:00:00,14.000,1014.900,1.600,34.000,1.800,0.121
2021-02-12 09:00:00,13.800,1014.700,1.200,124.000,1.300,1.713
2021-02-12 10:00:00,13.200,1014.400,0.800,98.000,1.000,3.740
2021-02-12 11:00:00,13.200,1014.800,1.400,331.000,1.500,5.873
2021-02-12 12:00:00,12.700,1015.900,4.700,59.000,5.700,7.546
2021-02-12 13:00:00,12.000,1016.400,5.300,67.000,6.800,8.232
2021-02-12 14:00:00,11.600,1017.500,7.100,70.000,9.500,8.481
2021-02-12 15:00:00,11.200,1018.000,8.500,67.000,11.000,7.884
2021-02-12 16:00:00,10.700,1018.500,9.400,60.000,11.900,6.601
2021-02-12 17:00:00,10.800,1018.300,5.300,65.000,7.100,4.770
2021-02-12 18:00:00,10.600,1017.700,7.200,68.000,8.800,2.927
2021-02-12 19:00:00,10.700,1017.100,6.500,74.000,7.600,1.171
2021-02-12 20:00:00,10.900,1017.000,6.500,69.000,8.300,0.545
2021-02-12 21:00:00,10.500,1017.300,4.400,51.000,6.000,1.273
2021-02-12 22:00:00,9.900,1017.700,5.200,45.000,7.900,2.687
2021-02-12 23:00:00,9.300,1018.000,5.500,40.000,6.600,4.616
2021-02-13 00:00:00,8.600,1018.200,4.600,39.000,6.400,6.558
2021-02-13 01:00:00,8.700,1018.900,4.600,54.000,6.100,7.638
2021-02-13 02:00:00,8.600,1019.100,4.800,48.000,6.200,8.051
2021-02-13 03:00:00,8.200,1019.500,5.600,51.000,7.100,7.621
2021-02-13 04:00:00,8.100,1019.100,4.600,37.000,5.700,6.309
2021-02-13 05:00:00,7.900,1018.700,4.900,40.000,6.200,4.780
2021-02-13 06:00:00,7.700,1018.500,4.900,29.000,5.900,2.953
2021-02-13 07:00:00,7.800,1017.700,5.100,51.000,6.900,1.450
2021-02-13 08:00:00,7.700,1016.900,5.700,54.000,7.100,0.764
2021-02-13 09:00:00,7.600,1016.300,4.800,47.000,7.000,1.283
2021-02-13 10:00:00,7.700,1016.500,4.100,47.000,5.300,2.769
2021-02-13 11:00:00,7.500,1016.000,4.000,41.000,5.800,4.741
2021-02-13 12:00:00,7.500,1016.600,3.300,35.000,4.200,6.634
2021-02-13 13:00:00,7.500,1015.900,5.800,34.000,8.600,7.894
2021-02-13 14:00:00,7.400,1015.700,6.500,45.000,8.400,8.540
2021-02-13 15:00:00,7.700,1015.600,5.900,56.000,7.900,8.517
2021-02-13 16:00:00,7.900,1015.900,4.400,54.000,5.500,7.707
2021-02-13 17:00:00,8.100,1014.300,6.000,54.000,7.600,6.165
2021-02-13 18:00:00,8.000,1013.900,4.100,31.000,4.700,4.416
2021-02-13 19:00:00,8.100,1013.200,3.300,36.000,4.500,2.543
2021-02-13 20:00:00,8.100,1013.700,2.200,341.000,3.100,1.214
2021-02-13 21:00:00,8.300,1013.600,3.200,1.000,4.000,0.791
2021-02-13 22:00:00,7.700,1013.800,3.800,350.000,5.000,1.745
2021-02-13 23:00:00,7.500,1014.600,4.200,2.000,5.700,3.481
2021-02-14 00:00:00,6.900,1015.800,4.800,7.000,6.900,5.390
2021-02-14 01:00:00,6.700,1016.400,5.000,12.000,6.700,6.969
2021-02-14 02:00:00,6.900,1016.700,3.500,8.000,4.400,7.697
2021-02-14 03:00:00,6.900,1016.500,4.000,14.000,4.700,7.753
2021-02-14 04:00:00,7.100,1017.800,0.900,349.000,1.500,7.021
2021-02-14 05:00:00,7.100,1017.200,1.900,335.000,2.400,5.577
2021-02-14 06:00:00,7.200,1017.400,3.100,344.000,3.800,3.927
2021-02-14 07:00:00,7.000,1017.400,3.300,12.000,4.300,2.142
2021-02-14 08:00:00,6.900,1016.300,5.100,18.000,6.200,1.001
2021-02-14 09:00:00,7.100,1016.300,3.800,46.000,4.800,0.817
2021-02-14 10:00:00,7.400,1016.700,3.800,44.000,4.800,1.726
2021-02-14 11:00:00,7.700,1016.800,4.300,47.000,5.300,3.346
2021-02-14 12:00:00,7.600,1017.000,3.800,41.000,5.000,5.335
2021-02-14 13:00:00,7.700,1016.600,4.600,38.000,6.200,6.736
2021-02-14 14:00:00,7.600,1016.800,4.600,42.000,5.500,7.828
2021-02-14 15:00:00,7.500,1016.600,6.900,46.000,8.800,8.012
2021-02-14 16:00:00,7.700,1016.900,5.100,38.000,6.500,7.743
2021-02-14 17:00:00,7.900,1016.700,5.000,46.000,6.200,6.749
2021-02-14 18:00:00,8.200,1016.100,3.900,36.000,5.100,5.299
2021-02-14 19:00:00,8.000,1015.000,4.600,26.000,5.700,3.540
2021-02-14 20:00:00,7.800,1015.100,4.300,359.000,5.800,2.014
2021-02-14 21:00:00,7.300,1015.300,6.100,15.000,7.500,0.876
2021-02-14 22:00:00,7.200,1015.300,5.300,356.000,7.300,0.951
2021-02-14 23:00:00,7.000,1016.100,3.600,13.000,4.500,2.198
2021-02-15 00:00:00,7.900,1015.400,5.500,59.000,7.200,4.209
2021-02-15 01:00:00,7.600,1016.900,5.200,322.000,6.500,6.125
2021-02-15 02:00:00,7.100,1017.900,4.200,353.000,5.900,7.477
2021-02-15 03:00:00,7.200,1018.100,3.800,13.000,4.500,7.900
2021-02-15 04:00:00,7.200,1017.600,4.400,26.000,5.700,7.405
2021-02-15 05:00:00,7.400,1017.400,4.100,25.000,5.200,6.617
2021-02-15 06:00:00,7.300,1017.300,3.600,36.000,4.600,5.289
2021-02-15 07:00:00,7.300,1017.600,2.600,29.000,3.300,3.707
2021-02-15 08:00:00,7.200,1017.900,3.200,36.000,4.100,2.254
2021-02-15 09:00:00,7.200,1017.700,4.200,31.000,5.300,1.325
2021-02-15 10:00:00,7.600,1017.800,4.200,76.000,4.800,1.519
2021-02-15 11:00:00,7.900,1018.400,4.000,75.000,4.700,2.674
2021-02-15 12:00:00,8.400,1018.500,4.700,55.000,5.400,4.167
2021-02-15 13:00:00,8.400,1019.000,3.400,40.000,4.000,5.807
2021-02-15 14:00:00,8.600,1019.000,3.600,55.000,4.500,7.005
2021-02-15 15:00:00,9.300,1018.700,5.900,68.000,7.600,7.871
2021-02-15 16:00:00,9.400,1018.200,5.700,63.000,8.000,7.710
2021-02-15 17:00:00,9.700,1017.400,7.300,73.000,9.300,7.343
2021-02-15 18:00:00,10.000,1016.600,7.300,72.000,8.900,6.178
2021-02-15 19:00:00,10.200,1015.300,6.400,71.000,7.400,4.610
2021-02-15 20:00:00,10.600,1014.300,6.300,77.000,7.900,2.887
2021-02-15 21:00:00,11.100,1013.200,5.600,86.000,6.600,1.588
2021-02-15 22:00:00,11.800,1012.300,4.400,83.000,5.100,1.096
2021-02-15 23:00:00,11.800,1011.300,4.200,85.000,4.700,1.847
2021-02-16 00:00:00,12.400,1011.000,2.800,117.000,3.300,3.655
2021-02-16 01:00:00,16.900,1010.400,4.700,166.000,7.300,5.564
2021-02-16 02:00:00,18.500,1011.000,6.800,210.000,10.000,7.041
2021-02-16 03:00:00,16.600,1010.100,2.500,234.000,4.100,7.871
2021-02-16 04:00:00,16.900,1009.800,1.600,191.000,3.000,7.736
2021-02-16 05:00:00,16.000,1009.700,3.100,221.000,4.800,7.316
2021-02-16 06:00:00,15.500,1009.700,3.000,223.000,4.900,6.073
2021-02-16 07:00:00,15.800,1010.300,4.100,216.000,6.800,4.459
2021-02-16 08:00:00,15.200,1009.900,4.800,214.000,6.500,2.874
2021-02-16 09:00:00,17.500,1010.000,3.400,249.000,5.200,1.562
2021-02-16 10:00:00,17.600,1010.700,4.100,251.000,6.700,1.227
2021-02-16 11:00:00,16.400,1011.200,6.200,264.000,9.100,1.526
2021-02-16 12:00:00,14.700,1012.100,4.000,255.000,5.800,2.740
2021-02-16 13:00:00,14.200,1013.400,4.300,267.000,5.500,4.124
2021-02-16 14:00:00,14.000,1013.900,4.900,254.000,7.100,5.394
2021-02-16 15:00:00,13.900,1014.400,6.200,272.000,8.500,5.817
2021-02-16 16:00:00,13.600,1015.200,6.400,285.000,7.700,6.594
2021-02-16 17:00:00,13.300,1015.500,8.300,304.000,10.300,6.388
2021-02-16 18:00:00,13.300,1015.300,9.600,304.000,10.800,5.584
2021-02-16 19:00:00,13.800,1015.200,6.000,316.000,7.300,4.137
2021-02-16 20:00:00,14.100,1015.700,7.800,294.000,9.400,2.451
2021-02-16 21:00:00,14.300,1016.000,7.500,290.000,8.300,1.217
2021-02-16 22:00:00,14.400,1016.700,6.500,293.000,7.200,0.226
2021-02-16 23:00:00,13.500,1017.500,4.900,295.000,5.600,0.184
2021-02-17 00:00:00,11.800,1018.700,4.900,302.000,5.700,1.444
2021-02-17 01:00:00,11.000,1019.700,3.500,300.000,4.200,3.251
2021-02-17 02:00:00,9.700,1020.800,2.400,270.000,3.100,5.135
2021-02-17 03:00:00,9.400,1021.300,4.100,298.000,5.000,6.348
2021-02-17 04:00:00,7.900,1021.700,4.400,320.000,5.500,6.667
2021-02-17 05:00:00,6.800,1021.300,4.600,326.000,5.900,6.463
2021-02-17 06:00:00,5.800,1021.500,4.700,322.000,5.500,5.620
2021-02-17 07:00:00,5.000,1021.300,4.400,345.000,5.500,4.370
2021-02-17 08:00:00,4.500,1021.000,2.500,352.000,3.900,2.989
2021-02-17 09:00:00,4.200,1021.100,2.500,5.000,3.100,1.601
2021-02-17 10:00:00,3.800,1021.600,3.300,359.000,5.100,1.106
2021-02-17 11:00:00,3.500,1022.900,2.900,8.000,4.000,1.001
2021-02-17 12:00:00,3.600,1023.600,5.000,16.000,6.500,1.972
2021-02-17 13:00:00,4.100,1024.400,3.700,20.000,4.600,3.369
2021-02-17 14:00:00,5.300,1024.900,4.200,32.000,5.200,4.682
2021-02-17 15:00:00,5.900,1025.300,3.000,38.000,4.200,5.663
2021-02-17 16:00:00,7.300,1024.900,3.900,68.000,5.100,6.427
2021-02-17 17:00:00,8.300,1024.500,5.200,58.000,6.500,6.503
2021-02-17 18:00:00,8.900,1023.700,5.700,58.000,6.900,6.161
2021-02-17 19:00:00,9.900,1023.000,4.900,23.000,5.900,5.318
2021-02-17 20:00:00,10.400,1022.800,3.200,21.000,4.100,4.075
2021-02-17 21:00:00,10.800,1022.400,4.600,41.000,5.700,2.730
2021-02-17 22:00:00,10.700,1022.000,4.100,43.000,5.700,1.647
2021-02-17 23:00:00,10.600,1021.800,4.100,44.000,5.100,1.345
2021-02-18 00:00:00,11.200,1021.200,7.100,74.000,8.500,2.096
2021-02-18 01:00:00,11.200,1021.400,7.400,59.000,9.600,3.412
2021-02-18 02:00:00,11.300,1021.000,5.500,66.000,6.900,4.872
2021-02-18 03:00:00,11.100,1021.100,5.700,59.000,7.900,6.184
2021-02-18 04:00:00,11.000,1020.600,6.000,66.000,7.900,7.060
2021-02-18 05:00:00,10.800,1018.800,10.100,85.000,12.400,7.484
2021-02-18 06:00:00,11.200,1018.200,6.000,59.000,7.600,7.320
2021-02-18 07:00:00,11.200,1017.600,5.000,54.000,6.500,6.493
2021-02-18 08:00:00,11.500,1016.700,2.800,56.000,3.800,5.328
2021-02-18 09:00:00,12.300,1015.900,4.100,64.000,5.700,4.052
2021-02-18 10:00:00,12.100,1015.500,4.400,82.000,5.800,2.989
2021-02-18 11:00:00,11.800,1016.200,3.500,356.000,5.600,2.362
2021-02-18 12:00:00,13.000,1016.700,2.000,303.000,2.400,2.543
2021-02-18 13:00:00,12.000,1017.700,1.100,35.000,1.700,3.110
2021-02-18 14:00:00,11.900,1018.000,3.000,91.000,3.300,4.232
2021-02-18 15:00:00,12.300,1017.900,2.000,105.000,2.300,5.223
2021-02-18 16:00:00,13.300,1018.000,1.300,83.000,1.500,6.063
2021-02-18 17:00:00,15.100,1017.400,0.600,93.000,0.900,6.568
2021-02-18 18:00:00,14.900,1016.800,2.300,69.000,2.500,6.726
2021-02-18 19:00:00,13.900,1016.300,4.400,48.000,5.000,6.289
2021-02-18 20:00:00,13.500,1015.700,4.400,78.000,6.000,5.348
2021-02-18 21:00:00,12.500,1015.400,4.800,96.000,5.900,4.052
2021-02-18 22:00:00,13.700,1015.500,3.700,43.000,4.700,2.858
2021-02-18 23:00:00,12.100,1016.400,5.900,16.000,7.200,1.886
2021-02-19 00:00:00,10.400,1017.500,5.000,16.000,6.200,1.772
2021-02-19 01:00:00,9.800,1017.600,3.400,27.000,4.100,2.585
2021-02-19 02:00:00,9.800,1017.900,2.500,14.000,3.000,3.852
2021-02-19 03:00:00,9.500,1017.600,3.200,29.000,3.700,5.144
2021-02-19 04:00:00,9.200,1017.800,2.500,25.000,3.000,6.171
2021-02-19 05:00:00,8.300,1016.800,3.700,51.000,4.900,6.942
2021-02-19 06:00:00,8.800,1016.200,3.200,58.000,4.200,7.149
2021-02-19 07:00:00,9.200,1015.400,3.800,68.000,4.300,6.909
2021-02-19 08:00:00,8.000,1016.000,5.700,324.000,6.600,5.981
2021-02-19 09:00:00,7.600,1015.500,2.900,357.000,3.700,4.859
2021-02-19 10:00:00,7.000,1015.600,4.100,321.000,7.000,3.737
2021-02-19 11:00:00,6.300,1016.100,6.700,343.000,7.700,2.900
2021-02-19 12:00:00,6.200,1017.200,4.400,332.000,5.300,2.448
2021-02-19 13:00:00,6.100,1018.300,6.500,320.000,8.700,2.379
2021-02-19 14:00:00,5.800,1017.800,4.100,347.000,5.400,3.071
2021-02-19 15:00:00,6.200,1018.000,5.000,318.000,7.300,3.901
2021-02-19 16:00:00,6.200,1018.700,6.900,337.000,8.000,5.085
2021-02-19 17:00:00,6.400,1019.200,4.500,325.000,5.500,6.171
2021-02-19 18:00:00,6.800,1018.700,5.200,336.000,6.200,6.437
2021-02-19 19:00:00,7.300,1018.400,4.900,332.000,5.700,6.325
2021-02-19 20:00:00,7.900,1018.700,7.200,335.000,9.000,5.463
2021-02-19 21:00:00,8.100,1019.100,5.800,319.000,7.000,4.413
2021-02-19 22:00:00,8.800,1019.900,6.500,316.000,7.800,3.179
2021-02-19 23:00:00,9.200,1020.200,4.500,329.000,5.500,2.139
2021-02-20 00:00:00,9.000,1021.000,2.600,322.000,3.000,1.608
2021-02-20 01:00:00,8.900,1021.400,2.100,317.000,2.500,1.903
2021-02-20 02:00:00,8.900,1022.300,2.300,301.000,2.900,2.641
2021-02-20 03:00:00,9.700,1023.000,3.700,293.000,4.300,3.832
2021-02-20 04:00:00,9.400,1023.600,4.600,313.000,5.900,4.948
2021-02-20 05:00:00,8.500,1024.300,5.100,314.000,6.000,6.070
2021-02-20 06:00:00,8.200,1024.500,4.700,310.000,5.200,6.598
2021-02-20 07:00:00,7.700,1024.300,4.100,315.000,4.600,6.762
2021-02-20 08:00:00,7.300,1024.300,3.800,307.000,4.200,6.480
2021-02-20 09:00:00,6.600,1024.200,5.300,326.000,6.300,5.591
2021-02-20 10:00:00,6.100,1025.200,3.900,312.000,4.500,4.442
2021-02-20 11:00:00,5.500,1025.500,3.900,316.000,4.700,3.366
2021-02-20 12:00:00,4.700,1026.500,4.500,319.000,5.500,2.654
2021-02-20 13:00:00,4.600,1027.000,4.300,352.000,5.700,2.346
2021-02-20 14:00:00,5.900,1027.800,5.100,6.000,6.100,2.510
2021-02-20 15:00:00,6.100,1028.200,3.900,35.000,4.800,3.304
2021-02-20 16:00:00,7.100,1028.700,2.800,37.000,3.800,4.193
2021-02-20 17:00:00,7.500,1028.600,1.600,43.000,2.400,5.112
2021-02-20 18:00:00,8.000,1028.100,2.900,327.000,3.400,5.902
2021-02-20 19:00:00,9.100,1027.600,1.200,342.000,2.200,6.214
2021-02-20 20:00:00,9.700,1027.100,3.000,109.000,3.900,5.984
2021-02-20 21:00:00,9.900,1026.800,3.200,106.000,3.600,5.217
2021-02-20 22:00:00,9.800,1027.100,3.100,80.000,3.800,4.380
2021-02-20 23:00:00,9.600,1027.800,1.200,129.000,1.700,3.445
2021-02-21 00:00:00,8.200,1028.600,1.100,161.000,1.500,2.451
2021-02-21 01:00:00,8.300,1029.600,0.700,204.000,0.900,2.021
2021-02-21 02:00:00,7.700,1030.300,0.000,50.000,0.000,2.093
2021-02-21 03:00:00,7.400,1030.900,0.000,233.000,0.000,2.690
2021-02-21 04:00:00,7.400,1031.000,0.100,233.000,0.300,3.606
2021-02-21 05:00:00,7.200,1031.000,0.100,228.000,0.300,4.882
2021-02-21 06:00:00,7.000,1031.300,0.200,228.000,0.400,6.109
2021-02-21 07:00:00,6.900,1031.100,0.500,24.000,0.700,6.831
2021-02-21 08:00:00,6.800,1030.800,0.100,40.000,0.400,6.916
2021-02-21 09:00:00,7.100,1030.900,0.900,29.000,1.100,6.591
2021-02-21 10:00:00,7.200,1031.000,1.000,16.000,1.300,5.597
2021-02-21 11:00:00,9.100,1031.500,2.600,51.000,3.300,4.426
2021-02-21 12:00:00,8.600,1031.800,3.400,47.000,4.200,3.307
2021-02-21 13:00:00,8.500,1032.400,3.600,46.000,4.800,2.484
2021-02-21 14:00:00,10.200,1033.200,7.200,61.000,9.300,2.264
2021-02-21 15:00:00,9.800,1033.700,8.700,68.000,10.900,2.749
2021-02-21 16:00:00,9.800,1033.800,10.000,67.000,12.900,3.520
2021-02-21 17:00:00,9.900,1033.600,9.900,61.000,13.700,4.514
2021-02-21 18:00:00,9.800,1033.100,8.600,60.000,12.200,5.482
2021-02-21 19:00:00,9.800,1032.300,9.400,62.000,12.700,6.109
2021-02-21 20:00:00,9.900,1031.800,9.400,65.000,12.100,6.457
2021-02-21 21:00:00,10.000,1031.500,9.700,70.000,12.600,6.122
2021-02-21 22:00:00,9.800,1031.300,9.600,66.000,13.000,5.620
2021-02-21 23:00:00,9.700,1030.900,9.700,65.000,12.500,4.820
2021-02-22 00:00:00,9.900,1030.700,9.700,64.000,11.700,4.003
2021-02-22 01:00:00,10.100,1030.200,8.900,63.000,11.100,3.235
2021-02-22 02:00:00,10.600,1029.600,8.700,63.000,10.700,2.690
2021-02-22 03:00:00,10.700,1029.000,7.100,57.000,9.100,2.690
2021-02-22 04:00:00,10.100,1028.700,2.700,8.000,3.600,3.222
2021-02-22 05:00:00,9.600,1027.500,4.800,36.000,5.600,4.183
2021-02-22 06:00:00,9.700,1026.800,2.500,25.000,3.400,5.400
2021-02-22 07:00:00,9.500,1026.100,2.000,37.000,2.400,6.519
2021-02-22 08:00:00,9.400,1025.300,1.400,357.000,2.100,7.156
2021-02-22 09:00:00,9.500,1025.000,1.500,6.000,2.000,7.238
2021-02-22 10:00:00,10.300,1024.600,2.000,79.000,2.200,6.844
2021-02-22 11:00:00,9.800,1024.400,0.200,330.000,0.500,5.948
2021-02-22 12:00:00,10.000,1023.900,0.200,54.000,0.300,4.724
2021-02-22 13:00:00,11.200,1023.200,2.500,128.000,2.900,3.520
2021-02-22 14:00:00,14.500,1022.900,1.100,194.000,2.100,2.543
2021-02-22 15:00:00,16.900,1022.000,3.200,195.000,5.900,2.129
2021-02-22 16:00:00,17.900,1020.800,5.200,197.000,9.600,2.405
2021-02-22 17:00:00,18.000,1019.700,6.200,205.000,9.800,3.222
2021-02-22 18:00:00,18.600,1019.100,6.500,211.000,9.400,4.295
2021-02-22 19:00:00,17.900,1017.400,7.700,208.000,11.200,5.302
2021-02-22 20:00:00,17.200,1017.600,5.300,216.000,7.600,6.066
2021-02-22 21:00:00,16.800,1018.000,5.300,246.000,8.700,6.243
2021-02-22 22:00:00,16.400,1017.900,3.400,239.000,5.200,5.748
2021-02-22 23:00:00,15.400,1017.500,1.800,268.000,2.600,4.843
2021-02-23 00:00:00,14.900,1017.300,1.700,215.000,2.600,3.583
2021-02-23 01:00:00,14.700,1017.100,2.800,216.000,3.500,2.385
2021-02-23 02:00:00,14.500,1017.400,2.300,210.000,3.300,1.539
2021-02-23 03:00:00,14.100,1017.700,1.700,226.000,2.600,1.138
2021-02-23 04:00:00,13.400,1017.500,1.600,234.000,2.200,1.283
2021-02-23 05:00:00,14.000,1017.100,2.500,241.000,3.300,2.244
2021-02-23 06:00:00,14.200,1016.800,2.900,267.000,4.100,3.570
2021-02-23 07:00:00,13.500,1016.600,1.900,246.000,2.500,5.013
2021-02-23 08:00:00,13.000,1016.700,4.200,292.000,4.800,6.204
2021-02-23 09:00:00,12.200,1016.900,2.900,301.000,3.300,6.798
2021-02-23 10:00:00,12.000,1017.200,5.000,312.000,5.800,6.745
2021-02-23 11:00:00,11.200,1018.100,4.700,301.000,5.400,5.968
2021-02-23 12:00:00,10.300,1018.700,5.200,292.000,6.000,4.790
2021-02-23 13:00:00,10.500,1019.100,4.000,276.000,5.700,3.543
2021-02-23 14:00:00,11.200,1020.100,8.200,311.000,10.100,2.365
2021-02-23 15:00:00,11.900,1020.200,8.000,311.000,9.700,1.411
2021-02-23 16:00:00,13.700,1020.100,8.400,313.000,10.400,1.122
2021-02-23 17:00:00,15.100,1019.600,7.600,302.000,8.600,1.368
2021-02-23 18:00:00,16.500,1018.500,6.800,295.000,7.700,2.385
2021-02-23 19:00:00,17.500,1017.500,3.200,293.000,4.400,3.589
2021-02-23 20:00:00,18.200,1017.100,4.300,307.000,6.100,4.728
2021-02-23 21:00:00,18.500,1017.000,5.300,303.000,6.100,5.705
2021-02-23 22:00:00,18.900,1017.200,4.300,279.000,5.300,6.214
2021-02-23 23:00:00,18.700,1017.600,2.500,270.000,3.300,5.935
2021-02-24 00:00:00,17.400,1018.300,1.900,238.000,2.500,5.108
2021-02-24 01:00:00,15.800,1019.100,2.200,245.000,2.900,3.891
2021-02-24 02:00:00,13.600,1019.900,1.800,206.000,2.300,2.598
2021-02-24 03:00:00,12.700,1020.400,2.400,203.000,3.100,1.207
2021-02-24 04:00:00,12.500,1020.400,2.400,214.000,2.700,0.358
2021-02-24 05:00:00,11.700,1020.200,2.500,211.000,3.000,0.600
2021-02-24 06:00:00,11.300,1020.200,2.600,215.000,3.000,1.654
2021-02-24 07:00:00,10.300,1020.000,1.700,198.000,2.400,3.537
2021-02-24 08:00:00,10.200,1020.000,1.900,232.000,2.400,5.390
2021-02-24 09:00:00,11.300,1020.300,1.500,264.000,2.000,6.703
2021-02-24 10:00:00,10.600,1020.900,0.000,264.000,0.000,7.379
2021-02-24 11:00:00,10.400,1021.500,0.000,271.000,0.400,7.336
2021-02-24 12:00:00,10.800,1022.200,1.300,258.000,1.700,6.529
2021-02-24 13:00:00,11.900,1022.800,1.200,226.000,1.700,5.246
2021-02-24 14:00:00,14.300,1023.300,2.700,291.000,2.900,3.425
2021-02-24 15:00:00,15.900,1023.300,1.900,295.000,1.900,1.939
2021-02-24 16:00:00,18.600,1022.900,1.600,301.000,2.100,0.856
2021-02-24 17:00:00,19.600,1022.600,2.300,170.000,3.800,0.577
2021-02-24 18:00:00,19.200,1021.600,3.600,171.000,5.100,1.145
2021-02-24 19:00:00,20.300,1020.500,2.700,183.000,4.300,2.470
2021-02-24 20:00:00,19.900,1020.200,3.200,165.000,5.500,3.701
2021-02-24 21:00:00,19.800,1019.800,2.600,186.000,4.600,5.148
2021-02-24 22:00:00,18.900,1019.400,2.800,182.000,4.300,6.191
2021-02-24 23:00:00,16.700,1019.600,1.500,189.000,3.400,6.424
2021-02-25 00:00:00,13.900,1019.800,1.100,190.000,1.500,5.928
2021-02-25 01:00:00,13.300,1020.000,0.900,194.000,1.800,5.161
2021-02-25 02:00:00,12.800,1020.500,1.900,216.000,3.000,3.520
2021-02-25 03:00:00,12.500,1020.800,0.900,202.000,1.400,2.001
2021-02-25 04:00:00,12.100,1020.700,1.300,219.000,1.700,0.515
2021-02-25 05:00:00,12.600,1020.500,1.600,234.000,2.400,-0.066
2021-02-25 06:00:00,12.600,1020.200,1.800,233.000,2.700,0.262
2021-02-25 07:00:00,12.400,1020.100,1.900,236.000,2.500,1.709
2021-02-25 08:00:00,12.900,1019.800,2.100,278.000,2.500,3.642
2021-02-25 09:00:00,12.500,1019.900,1.200,246.000,1.600,5.620
2021-02-25 10:00:00,11.000,1019.900,1.000,217.000,1.200,7.008
2021-02-25 11:00:00,12.500,1020.700,1.300,255.000,1.700,7.589
2021-02-25 12:00:00,11.900,1021.300,2.600,249.000,3.400,7.382
2021-02-25 13:00:00,13.300,1022.000,2.500,269.000,3.200,6.358
2021-02-25 14:00:00,14.100,1022.600,2.300,289.000,2.900,4.905
2021-02-25 15:00:00,16.200,1022.700,3.200,304.000,3.600,3.002
2021-02-25 16:00:00,18.500,1022.500,2.800,279.000,3.000,1.483
2021-02-25 17:00:00,20.800,1022.100,3.800,298.000,4.200,0.279
2021-02-25 18:00:00,22.100,1021.200,3.200,290.000,4.000,0.092
2021-02-25 19:00:00,23.400,1020.300,1.900,280.000,2.200,0.899
2021-02-25 20:00:00,22.700,1019.600,2.800,172.000,5.200,2.405
2021-02-25 21:00:00,20.900,1019.500,2.300,187.000,3.600,4.255
2021-02-25 22:00:00,18.800,1019.600,2.800,204.000,4.700,5.823
2021-02-25 23:00:00,17.000,1019.900,2.600,200.000,4.000,6.811
2021-02-26 00:00:00,15.900,1020.500,1.800,196.000,3.100,7.005
2021-02-26 01:00:00,15.700,1020.900,1.900,213.000,2.800,6.237
2021-02-26 02:00:00,15.000,1021.400,1.000,227.000,1.700,5.184
2021-02-26 03:00:00,15.200,1021.800,1.800,215.000,2.500,3.419
2021-02-26 04:00:00,15.000,1021.600,2.100,196.000,3.100,1.460
2021-02-26 05:00:00,14.600,1021.100,1.800,204.000,2.500,0.056
2021-02-26 06:00:00,14.100,1020.600,2.100,203.000,2.600,-0.568
2021-02-26 07:00:00,13.600,1020.200,1.800,209.000,2.300,0.148
2021-02-26 08:00:00,13.700,1019.900,1.700,212.000,2.400,1.942
2021-02-26 09:00:00,13.900,1019.800,1.100,223.000,1.400,4.298
2021-02-26 10:00:00,12.700,1020.600,0.900,94.000,1.100,6.519
2021-02-26 11:00:00,13.000,1020.900,1.300,98.000,1.700,7.779
2021-02-26 12:00:00,12.200,1021.500,0.500,75.000,0.700,8.248
2021-02-26 13:00:00,14.700,1022.300,0.800,123.000,1.000,7.864
2021-02-26 14:00:00,17.000,1023.000,1.400,171.000,1.800,6.677
2021-02-26 15:00:00,18.000,1023.100,1.500,122.000,2.400,4.993
2021-02-26 16:00:00,19.100,1023.300,1.900,193.000,2.900,3.107
2021-02-26 17:00:00,20.400,1022.900,2.100,212.000,3.400,1.342
2021-02-26 18:00:00,21.800,1021.900,3.000,169.000,4.000,0.144
2021-02-26 19:00:00,21.400,1021.300,3.200,205.000,4.700,0.072
2021-02-26 20:00:00,20.700,1021.300,3.800,212.000,5.200,1.161
2021-02-26 21:00:00,20.200,1021.300,2.700,169.000,4.200,3.091
2021-02-26 22:00:00,18.700,1021.200,1.500,186.000,2.800,5.167
2021-02-26 23:00:00,17.800,1021.100,1.400,175.000,2.100,6.775
2021-02-27 00:00:00,16.200,1021.400,1.300,174.000,1.900,7.677
2021-02-27 01:00:00,16.000,1021.300,2.200,164.000,3.100,7.743
2021-02-27 02:00:00,17.100,1021.100,1.500,181.000,3.500,6.860
2021-02-27 03:00:00,16.500,1021.700,1.500,191.000,2.400,5.292
2021-02-27 04:00:00,15.900,1021.800,1.500,199.000,2.500,3.353
2021-02-27 05:00:00,15.800,1022.000,1.300,218.000,2.300,1.401
2021-02-27 06:00:00,14.900,1021.900,0.100,225.000,0.400,0.000
2021-02-27 07:00:00,15.200,1022.100,0.400,235.000,1.000,-0.279
2021-02-27 08:00:00,15.300,1021.700,1.500,209.000,2.200,0.705
2021-02-27 09:00:00,15.000,1021.200,0.500,211.000,1.000,2.677
2021-02-27 10:00:00,14.900,1021.600,1.000,216.000,1.500,5.030
2021-02-27 11:00:00,14.600,1022.300,0.000,196.000,0.000,6.972
2021-02-27 12:00:00,14.900,1022.900,1.000,214.000,1.100,8.166
2021-02-27 13:00:00,17.400,1024.100,0.000,208.000,0.000,8.501
2021-02-27 14:00:00,17.000,1024.700,0.500,338.000,0.700,7.956
2021-02-27 15:00:00,19.300,1024.800,0.000,171.000,0.400,6.545
2021-02-27 16:00:00,21.000,1024.900,2.000,210.000,3.000,4.675
2021-02-27 17:00:00,22.300,1024.600,2.600,198.000,3.800,2.615
2021-02-27 18:00:00,22.400,1023.900,2.100,158.000,3.600,0.705
2021-02-27 19:00:00,21.700,1023.200,2.600,152.000,3.800,-0.430
2021-02-27 20:00:00,22.900,1022.900,2.500,174.000,4.100,-0.253
2021-02-27 21:00:00,22.100,1022.800,3.300,154.000,5.100,0.922
2021-02-27 22:00:00,17.700,1022.800,3.100,101.000,4.200,3.428
2021-02-27 23:00:00,17.000,1023.000,0.900,119.000,1.400,5.899
2021-02-28 00:00:00,16.200,1023.200,0.500,49.000,0.700,7.392
2021-02-28 01:00:00,16.700,1023.400,1.300,113.000,1.400,8.091
2021-02-28 02:00:00,17.600,1024.100,0.500,196.000,0.900,7.776
2021-02-28 03:00:00,17.100,1024.400,0.100,165.000,0.800,6.591
2021-02-28 04:00:00,17.400,1024.000,0.800,182.000,1.500,4.711
2021-02-28 05:00:00,17.600,1023.800,1.400,206.000,2.500,2.720
2021-02-28 06:00:00,17.500,1023.700,0.900,198.000,1.700,0.676
2021-02-28 07:00:00,17.800,1023.400,1.700,204.000,2.600,-0.594
2021-02-28 08:00:00,18.000,1023.000,2.300,201.000,3.500,-0.751
2021-02-28 09:00:00,17.500,1023.200,1.300,205.000,2.000,0.505
2021-02-28 10:00:00,17.500,1023.000,1.200,185.000,2.900,2.648
2021-02-28 11:00:00,17.500,1023.300,1.600,187.000,2.500,5.118
2021-02-28 12:00:00,17.200,1023.400,1.200,158.000,1.900,7.087
2021-02-28 13:00:00,17.400,1023.700,1.400,166.000,2.100,8.127
2021-02-28 14:00:00,17.500,1023.900,3.300,200.000,4.200,8.232
2021-02-28 15:00:00,17.600,1024.100,1.900,214.000,2.400,7.421
2021-02-28 16:00:00,18.700,1023.900,3.600,226.000,5.500,5.778
2021-02-28 17:00:00,22.100,1023.400,3.500,204.000,4.900,3.743
2021-02-28 18:00:00,23.700,1022.100,4.400,204.000,6.800,1.542
2021-02-28 19:00:00,24.000,1020.800,2.800,203.000,4.600,-0.092
2021-02-28 20:00:00,23.900,1020.100,2.200,185.000,4.900,-0.889
2021-02-28 21:00:00,23.700,1019.700,2.500,179.000,5.500,-0.128
2021-02-28 22:00:00,21.900,1019.400,5.000,201.000,7.300,1.736
2021-02-28 23:00:00,20.200,1019.200,3.500,204.000,5.700,3.993
2024-01-01 00:00:00,9.800,1021.700,1.500,234.000,1.900,2.064
2024-01-01 01:00:00,9.400,1021.800,2.000,249.000,2.700,3.520
2024-01-01 02:00:00,8.700,1022.000,1.600,230.000,2.000,4.882
2024-01-01 03:00:00,8.400,1022.000,1.500,230.000,1.800,5.817
2024-01-01 04:00:00,8.300,1021.700,2.000,239.000,2.800,6.106
2024-01-01 05:00:00,8.600,1021.300,2.400,239.000,3.000,5.745
2024-01-01 06:00:00,8.400,1021.100,2.300,232.000,3.100,4.921
2024-01-01 07:00:00,8.400,1021.100,2.200,249.000,2.900,3.678
2024-01-01 08:00:00,8.300,1021.300,2.400,255.000,3.200,2.382
2024-01-01 09:00:00,8.000,1021.100,2.600,245.000,3.500,1.404
2024-01-01 10:00:00,7.400,1021.300,2.300,242.000,3.400,0.860
2024-01-01 11:00:00,6.900,1021.200,2.100,258.000,2.800,1.171
2024-01-01 12:00:00,7.100,1021.500,3.000,261.000,4.700,2.014
2024-01-01 13:00:00,8.200,1021.800,3.100,256.000,4.700,3.435
2024-01-01 14:00:00,10.500,1022.000,3.200,262.000,4.700,4.738
2024-01-01 15:00:00,12.100,1022.000,3.600,261.000,5.200,5.906
2024-01-01 16:00:00,14.100,1021.300,3.200,258.000,4.600,6.467
2024-01-01 17:00:00,15.100,1020.100,2.900,221.000,4.200,6.654
2024-01-01 18:00:00,16.800,1019.000,2.300,249.000,4.300,6.076
2024-01-01 19:00:00,17.900,1018.000,3.800,243.000,5.400,4.957
2024-01-01 20:00:00,18.000,1017.400,4.200,235.000,5.700,3.563
2024-01-01 21:00:00,19.100,1016.800,3.800,254.000,5.100,2.133
2024-01-01 22:00:00,17.600,1017.000,4.900,259.000,7.500,1.086
2024-01-01 23:00:00,13.300,1017.200,1.800,209.000,2.400,0.837
2024-01-02 00:00:00,12.500,1017.400,2.200,234.000,2.900,1.706
2024-01-02 01:00:00,12.800,1018.400,2.700,282.000,3.500,2.904
2024-01-02 02:00:00,13.800,1019.100,6.800,330.000,8.400,4.350
2024-01-02 03:00:00,12.500,1020.000,6.400,328.000,8.200,5.177
2024-01-02 04:00:00,10.800,1020.700,5.500,326.000,7.000,5.725
2024-01-02 05:00:00,9.300,1020.900,4.000,330.000,5.200,5.735
2024-01-02 06:00:00,8.300,1021.200,3.800,333.000,4.700,5.469
2024-01-02 07:00:00,8.000,1021.800,4.900,24.000,6.300,4.859
2024-01-02 08:00:00,7.200,1022.200,4.800,33.000,6.500,3.953
2024-01-02 09:00:00,6.200,1022.700,2.400,5.000,3.100,3.166
2024-01-02 10:00:00,4.900,1023.200,2.400,1.000,3.200,2.392
2024-01-02 11:00:00,4.200,1023.900,2.900,348.000,3.700,2.136
2024-01-02 12:00:00,3.400,1024.400,3.200,2.000,4.000,2.415
2024-01-02 13:00:00,3.900,1024.800,3.400,359.000,4.000,3.327
2024-01-02 14:00:00,5.300,1025.500,5.100,8.000,5.900,4.616
2024-01-02 15:00:00,6.900,1026.200,4.000,50.000,5.200,5.807
2024-01-02 16:00:00,7.400,1025.800,5.300,39.000,6.700,6.814
2024-01-02 17:00:00,8.500,1025.100,3.500,52.000,4.800,7.264
2024-01-02 18:00:00,9.400,1024.200,1.900,89.000,2.600,7.116
2024-01-02 19:00:00,9.800,1023.300,2.300,105.000,2.900,6.391
2024-01-02 20:00:00,11.300,1023.100,0.700,144.000,1.300,5.243
2024-01-02 21:00:00,10.900,1022.600,1.500,211.000,2.100,3.891
2024-01-02 22:00:00,9.400,1022.600,2.300,204.000,3.000,2.556
2024-01-02 23:00:00,7.900,1022.900,1.600,190.000,2.400,1.831
2024-01-03 00:00:00,7.200,1023.300,2.000,233.000,2.200,2.070
2024-01-03 01:00:00,7.000,1023.500,2.100,229.000,2.500,2.946
2024-01-03 02:00:00,7.100,1023.600,2.600,244.000,3.300,4.012
2024-01-03 03:00:00,6.300,1023.400,0.800,259.000,1.000,5.013
2024-01-03 04:00:00,5.700,1023.000,0.000,187.000,0.000,5.791
2024-01-03 05:00:00,5.800,1022.800,0.000,107.000,0.000,6.532
2024-01-03 06:00:00,6.000,1022.800,1.700,232.000,2.300,6.900
2024-01-03 07:00:00,6.400,1022.600,1.900,342.000,2.100,6.808
2024-01-03 08:00:00,5.000,1021.800,0.900,296.000,1.100,5.804
2024-01-03 09:00:00,5.100,1021.900,0.700,240.000,0.900,4.888
2024-01-03 10:00:00,5.000,1021.700,1.300,235.000,1.600,3.586
2024-01-03 11:00:00,6.000,1021.600,2.100,333.000,2.400,2.454
2024-01-03 12:00:00,4.300,1021.600,2.600,343.000,3.000,2.054
2024-01-03 13:00:00,4.900,1022.000,2.200,326.000,2.400,2.736
2024-01-03 14:00:00,7.500,1022.200,1.700,323.000,1.900,3.678
2024-01-03 15:00:00,11.600,1021.900,0.700,11.000,0.900,4.967
2024-01-03 16:00:00,13.400,1021.400,1.400,292.000,1.900,6.247
2024-01-03 17:00:00,13.000,1021.000,2.400,308.000,2.700,7.146
2024-01-03 18:00:00,12.900,1019.700,0.800,331.000,1.100,7.224
2024-01-03 19:00:00,13.400,1018.500,0.000,351.000,0.400,6.765
2024-01-03 20:00:00,12.500,1017.600,1.900,71.000,2.200,5.827
2024-01-03 21:00:00,12.400,1017.900,2.400,349.000,2.800,4.551
2024-01-03 22:00:00,11.700,1017.500,1.900,53.000,2.200,3.343
2024-01-03 23:00:00,11.400,1017.700,2.000,61.000,2.300,2.441
2024-01-04 00:00:00,10.700,1018.700,1.800,355.000,2.200,2.274
2024-01-04 01:00:00,10.200,1017.800,2.400,24.000,2.800,2.743
2024-01-04 02:00:00,9.300,1017.700,4.400,353.000,5.700,3.448
2024-01-04 03:00:00,8.800,1018.200,4.500,337.000,5.800,4.728
2024-01-04 04:00:00,7.700,1017.800,2.000,358.000,2.200,5.581
2024-01-04 05:00:00,7.200,1018.300,1.800,252.000,2.700,6.411
2024-01-04 06:00:00,7.300,1017.300,2.600,312.000,3.100,6.936
2024-01-04 07:00:00,7.400,1016.500,3.200,326.000,3.500,6.900
2024-01-04 08:00:00,7.500,1016.300,2.800,319.000,3.400,6.663
2024-01-04 09:00:00,7.700,1016.000,3.000,323.000,3.500,5.991
2024-01-04 10:00:00,6.900,1015.900,5.100,321.000,5.900,4.888
2024-01-04 11:00:00,6.300,1016.200,5.400,329.000,6.400,3.724
2024-01-04 12:00:00,5.700,1016.600,3.800,329.000,4.600,2.864
2024-01-04 13:00:00,5.800,1017.400,5.900,323.000,7.300,2.490
2024-01-04 14:00:00,7.300,1018.200,5.600,334.000,6.800,2.854
2024-01-04 15:00:00,8.800,1019.000,6.100,349.000,8.100,3.688
2024-01-04 16:00:00,10.100,1019.100,6.100,339.000,7.100,4.961
2024-01-04 17:00:00,11.500,1018.700,4.300,355.000,6.000,6.115
2024-01-04 18:00:00,11.700,1018.600,4.400,33.000,5.300,6.982
2024-01-04 19:00:00,13.000,1018.500,3.500,1.000,4.500,7.067
2024-01-04 20:00:00,13.200,1018.800,4.100,70.000,5.000,6.742
2024-01-04 21:00:00,13.000,1019.300,4.100,64.000,4.700,5.676
2024-01-04 22:00:00,12.500,1020.000,2.400,63.000,3.100,4.505
2024-01-04 23:00:00,11.500,1021.200,2.300,31.000,2.700,3.402
2024-01-05 00:00:00,10.600,1022.100,2.800,31.000,3.800,2.687
2024-01-05 01:00:00,9.800,1022.800,2.500,40.000,2.900,2.300
2024-01-05 02:00:00,10.200,1023.100,5.000,62.000,6.200,2.559
2024-01-05 03:00:00,9.500,1023.700,4.500,47.000,6.100,3.363
2024-01-05 04:00:00,9.700,1024.000,4.600,68.000,5.600,4.498
2024-01-05 05:00:00,9.500,1023.700,5.200,64.000,6.700,5.820
2024-01-05 06:00:00,9.900,1024.000,5.500,82.000,7.400,7.011
2024-01-05 07:00:00,8.500,1024.500,3.700,47.000,5.000,7.562
2024-01-05 08:00:00,7.400,1024.700,4.900,30.000,6.000,7.621
2024-01-05 09:00:00,7.100,1024.400,5.000,39.000,6.400,7.129
2024-01-05 10:00:00,6.800,1024.800,3.700,30.000,4.700,6.109
2024-01-05 11:00:00,6.600,1025.100,4.700,26.000,5.700,4.961
2024-01-05 12:00:00,6.100,1025.300,4.400,27.000,6.100,3.760
2024-01-05 13:00:00,6.600,1026.200,3.700,33.000,5.100,2.884
2024-01-05 14:00:00,8.100,1026.400,6.200,58.000,7.500,2.579
2024-01-05 15:00:00,9.400,1026.600,7.000,62.000,8.900,3.205
2024-01-05 16:00:00,10.300,1026.400,7.200,69.000,10.200,4.301
2024-01-05 17:00:00,10.600,1025.200,10.100,74.000,12.900,5.502
2024-01-05 18:00:00,10.900,1024.000,10.100,70.000,12.100,6.601
2024-01-05 19:00:00,11.000,1023.000,9.400,70.000,11.200,7.208
2024-01-05 20:00:00,11.400,1022.100,9.700,66.000,11.400,7.293
2024-01-05 21:00:00,11.400,1021.900,9.900,70.000,12.900,6.778
2024-01-05 22:00:00,11.200,1022.100,8.900,69.000,12.500,5.935
2024-01-05 23:00:00,10.900,1021.200,10.300,69.000,12.500,4.918
2024-01-06 00:00:00,11.100,1020.500,9.800,67.000,12.600,3.957
2024-01-06 01:00:00,11.100,1019.600,9.300,71.000,11.200,2.920
2024-01-06 02:00:00,11.300,1019.000,7.600,65.000,9.900,2.717
2024-01-06 03:00:00,11.000,1018.700,4.100,60.000,6.000,2.963
2024-01-06 04:00:00,10.600,1018.100,5.900,49.000,7.000,3.881
2024-01-06 05:00:00,10.800,1016.900,3.500,65.000,4.700,4.879
2024-01-06 06:00:00,11.000,1016.300,1.500,47.000,2.800,6.125
2024-01-06 07:00:00,10.100,1016.400,3.400,330.000,4.300,7.280
2024-01-06 08:00:00,10.800,1014.000,5.100,46.000,6.400,7.779
2024-01-06 09:00:00,11.200,1012.600,2.300,60.000,3.100,7.874
2024-01-06 10:00:00,13.500,1010.400,3.900,122.000,4.500,7.467
2024-01-06 11:00:00,16.100,1010.000,5.900,163.000,10.700,6.555
2024-01-06 12:00:00,16.500,1009.100,8.500,167.000,13.100,5.600
2024-01-06 13:00:00,18.000,1008.800,8.100,175.000,11.700,4.190
2024-01-06 14:00:00,17.900,1008.100,7.800,180.000,12.700,3.041
2024-01-06 15:00:00,18.100,1008.100,6.400,199.000,9.800,2.562
2024-01-06 16:00:00,18.000,1008.100,5.600,214.000,8.300,3.123
2024-01-06 17:00:00,17.800,1007.200,3.500,210.000,5.500,4.249
2024-01-06 18:00:00,19.200,1006.400,4.200,214.000,7.300,4.938
2024-01-06 19:00:00,20.000,1005.700,4.200,211.000,5.900,5.820
2024-01-06 20:00:00,23.700,1005.600,5.600,257.000,8.100,6.309
2024-01-06 21:00:00,23.400,1005.800,3.800,243.000,5.800,5.942
2024-01-06 22:00:00,22.100,1006.300,2.100,253.000,3.300,5.453
2024-01-06 23:00:00,16.700,1007.000,2.500,206.000,3.200,4.672
2024-01-07 00:00:00,15.700,1007.200,2.700,206.000,3.700,3.835
2024-01-07 01:00:00,15.600,1007.900,2.700,245.000,3.500,3.127
2024-01-07 02:00:00,17.000,1008.300,4.800,319.000,5.800,2.077
2024-01-07 03:00:00,14.600,1009.400,3.000,326.000,3.500,1.545
2024-01-07 04:00:00,13.200,1009.800,1.900,337.000,2.300,1.670
2024-01-07 05:00:00,12.400,1010.500,3.500,339.000,4.000,2.566
2024-01-07 06:00:00,12.200,1011.500,4.100,305.000,4.800,3.973
2024-01-07 07:00:00,12.100,1012.100,1.900,260.000,2.600,5.577
2024-01-07 08:00:00,11.500,1012.300,2.400,281.000,3.200,6.739
2024-01-07 09:00:00,11.300,1012.700,5.200,287.000,6.600,7.395
2024-01-07 10:00:00,10.600,1013.300,4.300,272.000,6.400,7.283
2024-01-07 11:00:00,10.200,1014.700,4.900,282.000,6.400,6.581
2024-01-07 12:00:00,9.200,1015.500,4.900,279.000,6.300,5.364
2024-01-07 13:00:00,9.400,1016.900,8.000,296.000,9.300,3.671
2024-01-07 14:00:00,9.500,1017.700,8.300,302.000,9.700,2.172
2024-01-07 15:00:00,9.900,1018.100,8.400,313.000,9.800,1.119
2024-01-07 16:00:00,10.900,1018.200,7.700,305.000,9.100,0.814
2024-01-07 17:00:00,11.400,1017.900,8.000,292.000,9.900,1.506
2024-01-07 18:00:00,12.300,1017.700,7.900,293.000,9.500,2.733
2024-01-07 19:00:00,13.000,1017.400,8.500,304.000,9.800,4.199
2024-01-07 20:00:00,13.200,1017.400,8.500,310.000,9.700,5.190
2024-01-07 21:00:00,13.300,1018.400,8.100,300.000,9.700,5.951
2024-01-07 22:00:00,12.500,1019.200,7.100,311.000,8.900,5.686
2024-01-07 23:00:00,11.800,1020.800,6.500,311.000,7.200,4.967
2024-01-08 00:00:00,10.900,1022.400,6.300,327.000,7.700,4.062
2024-01-08 01:00:00,10.000,1022.800,4.700,316.000,5.400,2.543
2024-01-08 02:00:00,9.600,1023.700,3.600,319.000,4.600,1.417
2024-01-08 03:00:00,9.400,1023.800,4.400,301.000,5.000,0.561
2024-01-08 04:00:00,9.000,1024.000,4.000,319.000,5.100,0.069
2024-01-08 05:00:00,8.000,1024.300,2.100,330.000,2.400,0.761
2024-01-08 06:00:00,7.700,1024.500,2.800,334.000,3.400,2.142
2024-01-08 07:00:00,7.000,1024.500,2.900,335.000,3.500,3.993
2024-01-08 08:00:00,6.300,1024.700,2.200,350.000,2.700,5.840
2024-01-08 09:00:00,6.400,1025.000,2.500,343.000,3.300,6.995
2024-01-08 10:00:00,7.100,1025.200,4.200,35.000,5.800,7.490
2024-01-08 11:00:00,8.300,1025.800,6.500,58.000,8.500,7.336
2024-01-08 12:00:00,8.800,1026.100,7.600,61.000,10.300,6.706
2024-01-08 13:00:00,9.700,1026.700,9.400,80.000,12.600,5.640
2024-01-08 14:00:00,9.900,1028.100,7.100,65.000,10.300,4.219
2024-01-08 15:00:00,9.500,1028.500,5.700,56.000,7.700,2.943
2024-01-08 16:00:00,9.700,1028.800,5.100,59.000,7.000,1.837
2024-01-08 17:00:00,10.100,1028.300,6.900,67.000,8.300,1.585
2024-01-08 18:00:00,10.200,1027.200,8.900,68.000,11.300,2.313
2024-01-08 19:00:00,10.500,1025.700,9.900,69.000,12.700,3.373
2024-01-08 20:00:00,10.900,1024.800,9.800,70.000,13.300,4.708
2024-01-08 21:00:00,11.000,1025.700,8.200,70.000,12.200,6.060
2024-01-08 22:00:00,11.200,1024.700,10.300,67.000,12.600,6.932
2024-01-08 23:00:00,11.200,1023.800,9.600,68.000,12.200,7.234
2024-01-09 00:00:00,11.500,1023.400,10.200,74.000,12.400,6.729
2024-01-09 01:00:00,11.500,1022.500,9.100,73.000,11.500,5.564
2024-01-09 02:00:00,12.300,1021.200,7.100,75.000,8.800,4.255
2024-01-09 03:00:00,13.600,1020.000,3.400,113.000,4.300,2.795
2024-01-09 04:00:00,14.000,1019.700,3.500,103.000,4.300,1.745
2024-01-09 05:00:00,15.300,1021.100,1.500,159.000,2.500,1.430
2024-01-09 06:00:00,15.000,1020.100,2.500,157.000,3.600,2.346
2024-01-09 07:00:00,16.400,1016.500,7.100,138.000,10.100,3.524
2024-01-09 08:00:00,16.600,1015.600,5.500,141.000,7.500,5.466
2024-01-09 09:00:00,17.200,1014.200,5.900,151.000,10.600,7.005
2024-01-09 10:00:00,17.600,1012.600,6.400,142.000,11.000,8.186
2024-01-09 11:00:00,18.000,1011.300,6.700,153.000,11.600,8.773
2024-01-09 12:00:00,17.300,1010.300,5.700,160.000,8.500,8.793
2024-01-09 13:00:00,17.500,1008.900,6.600,153.000,9.100,7.894
2024-01-09 14:00:00,16.600,1009.000,6.500,176.000,11.400,6.886
2024-01-09 15:00:00,17.400,1007.700,6.600,179.000,10.300,5.364
2024-01-09 16:00:00,18.200,1006.400,6.400,183.000,12.000,3.888
2024-01-09 17:00:00,17.900,1004.900,6.100,194.000,10.700,2.621
2024-01-09 18:00:00,18.800,1002.400,8.400,181.000,16.400,1.811
2024-01-09 19:00:00,18.700,1000.700,10.000,181.000,15.900,2.326
2024-01-09 20:00:00,18.400,999.500,11.900,176.000,20.200,3.622
2024-01-09 21:00:00,18.200,999.700,9.700,204.000,17.500,5.217
2024-01-09 22:00:00,15.100,1001.900,7.100,263.000,10.300,6.148
2024-01-09 23:00:00,13.900,1000.200,6.200,237.000,8.700,6.880
2024-01-10 00:00:00,14.100,1001.800,5.400,225.000,8.000,6.467
2024-01-10 01:00:00,13.700,1001.500,3.800,233.000,5.500,5.804
2024-01-10 02:00:00,13.500,1001.900,3.100,247.000,5.200,3.845
2024-01-10 03:00:00,13.300,1002.200,3.200,241.000,4.800,2.520
2024-01-10 04:00:00,13.200,1002.500,5.700,240.000,9.000,0.958
2024-01-10 05:00:00,12.800,1003.000,7.500,260.000,10.300,-0.322
2024-01-10 06:00:00,12.300,1003.600,8.500,257.000,13.700,-0.518
2024-01-10 07:00:00,11.500,1004.900,8.200,263.000,13.200,-0.066
2024-01-10 08:00:00,9.900,1007.100,11.800,282.000,16.600,0.863
2024-01-10 09:00:00,7.300,1008.800,7.200,280.000,9.300,1.900
2024-01-10 10:00:00,6.800,1009.300,6.300,274.000,10.100,3.615
2024-01-10 11:00:00,6.600,1010.300,5.000,264.000,7.900,5.128
2024-01-10 12:00:00,6.100,1011.800,4.700,257.000,7.300,6.463
2024-01-10 13:00:00,6.700,1012.800,4.800,260.000,6.400,6.499
2024-01-10 14:00:00,7.900,1013.400,5.300,264.000,7.600,5.787
2024-01-10 15:00:00,9.100,1014.100,5.200,276.000,7.000,4.400
2024-01-10 16:00:00,9.400,1013.900,7.500,292.000,9.800,2.635
2024-01-10 17:00:00,10.700,1013.600,5.100,269.000,7.200,0.843
2024-01-10 18:00:00,11.400,1013.000,5.900,298.000,6.700,-0.492
2024-01-10 19:00:00,12.700,1013.000,5.100,285.000,6.900,-0.715
2024-01-10 20:00:00,13.500,1013.200,6.400,283.000,7.900,0.328
2024-01-10 21:00:00,14.000,1012.700,4.500,271.000,7.400,1.913
2024-01-10 22:00:00,12.300,1012.800,3.900,286.000,5.200,3.780
2024-01-10 23:00:00,10.300,1013.800,2.400,252.000,3.000,5.394
2024-01-11 00:00:00,9.500,1014.600,2.100,247.000,3.100,6.526
2024-01-11 01:00:00,9.200,1015.000,2.100,254.000,3.500,6.457
2024-01-11 02:00:00,9.000,1015.300,1.700,242.000,2.200,5.338
2024-01-11 03:00:00,8.500,1015.500,2.200,241.000,2.800,3.622
2024-01-11 04:00:00,8.500,1015.700,2.500,263.000,4.000,1.699
2024-01-11 05:00:00,8.300,1016.000,2.600,245.000,3.300,-0.223
2024-01-11 06:00:00,8.000,1016.200,2.300,273.000,3.100,-1.161
2024-01-11 07:00:00,7.700,1016.500,2.800,269.000,3.700,-0.928
2024-01-11 08:00:00,7.700,1016.700,2.000,264.000,2.700,0.446
2024-01-11 09:00:00,7.500,1016.600,1.600,268.000,2.100,2.546
2024-01-11 10:00:00,7.200,1017.000,1.100,244.000,1.300,4.846
2024-01-11 11:00:00,7.400,1017.300,0.700,245.000,0.800,6.686
2024-01-11 12:00:00,7.700,1018.100,1.400,247.000,1.700,7.766
2024-01-11 13:00:00,8.000,1018.800,2.000,255.000,2.700,8.018
2024-01-11 14:00:00,8.700,1019.200,3.200,299.000,3.600,7.441
2024-01-11 15:00:00,10.000,1020.200,1.700,248.000,2.200,6.280
2024-01-11 16:00:00,10.300,1020.300,2.700,242.000,3.400,4.469
2024-01-11 17:00:00,12.600,1019.100,1.300,279.000,2.100,2.536
2024-01-11 18:00:00,13.200,1018.600,0.900,295.000,0.900,0.787
2024-01-11 19:00:00,12.400,1018.300,2.000,209.000,2.200,-0.259
2024-01-11 20:00:00,12.300,1018.000,1.800,193.000,2.600,-0.318
2024-01-11 21:00:00,12.500,1018.300,1.300,216.000,1.900,1.257
2024-01-11 22:00:00,11.900,1018.700,1.200,233.000,1.600,3.176
2024-01-11 23:00:00,10.600,1018.800,1.600,211.000,1.900,5.308
2024-01-12 00:00:00,10.400,1019.000,0.000,255.000,0.500,6.837
2024-01-12 01:00:00,10.100,1018.600,1.700,195.000,2.100,7.431
2024-01-12 02:00:00,9.400,1018.500,0.300,155.000,0.900,6.850
2024-01-12 03:00:00,9.500,1019.000,0.500,353.000,0.800,5.696
2024-01-12 04:00:00,9.100,1018.900,0.400,4.000,0.500,3.842
2024-01-12 05:00:00,9.500,1018.500,1.000,100.000,1.200,1.952
2024-01-12 06:00:00,9.700,1018.200,1.400,122.000,1.600,0.236
2024-01-12 07:00:00,9.700,1018.200,1.000,124.000,1.100,-0.656
2024-01-12 08:00:00,9.000,1017.600,1.800,40.000,2.400,-0.249
2024-01-12 09:00:00,10.600,1016.600,3.200,109.000,4.000,1.447
2024-01-12 10:00:00,11.500,1016.200,4.500,92.000,5.200,3.583
2024-01-12 11:00:00,11.700,1015.700,4.400,86.000,5.200,5.968
2024-01-12 12:00:00,11.400,1016.100,3.300,60.000,4.500,7.746
2024-01-12 13:00:00,10.500,1016.000,4.000,51.000,5.500,8.632
2024-01-12 14:00:00,11.200,1015.700,5.100,69.000,6.000,8.812
2024-01-12 15:00:00,12.300,1014.800,5.700,78.000,6.700,7.913
2024-01-12 16:00:00,13.200,1014.100,4.900,74.000,6.200,6.493
2024-01-12 17:00:00,13.900,1011.900,4.700,80.000,5.600,4.747
2024-01-12 18:00:00,13.100,1010.300,3.200,100.000,3.600,2.700
2024-01-12 19:00:00,17.500,1008.400,4.800,145.000,7.300,1.175
2024-01-12 20:00:00,16.800,1006.900,3.100,157.000,6.000,0.262
2024-01-12 21:00:00,16.900,1006.200,5.100,163.000,7.400,0.574
2024-01-12 22:00:00,17.200,1005.200,4.900,169.000,7.300,2.277
2024-01-12 23:00:00,17.400,1003.900,5.900,188.000,11.400,4.373
2024-01-13 01:00:00,16.500,1003.600,5.800,215.000,8.100,7.851
2024-01-13 02:00:00,16.900,1003.500,8.300,215.000,11.800,8.094
2024-01-13 03:00:00,17.300,1003.000,7.500,210.000,10.400,7.438
2024-01-13 04:00:00,16.700,1003.200,5.200,217.000,9.200,5.984
2024-01-13 05:00:00,18.000,1002.900,5.300,212.000,7.600,4.252
2024-01-13 06:00:00,16.500,1003.100,5.000,223.000,7.100,2.290
2024-01-13 07:00:00,16.500,1003.400,2.200,247.000,3.500,0.669
2024-01-13 08:00:00,16.100,1005.000,6.000,289.000,7.200,-0.410
2024-01-13 09:00:00,15.500,1005.300,3.500,283.000,4.400,-0.036
2024-01-13 10:00:00,15.600,1006.000,4.600,276.000,6.400,1.516
2024-01-13 11:00:00,14.300,1007.300,8.300,291.000,9.600,3.563
2024-01-13 12:00:00,13.300,1008.400,8.300,286.000,11.000,5.676
2024-01-13 13:00:00,12.100,1009.700,8.400,298.000,9.700,7.264
2024-01-13 14:00:00,11.600,1011.400,9.600,311.000,12.200,7.848
2024-01-13 15:00:00,11.200,1013.100,9.000,296.000,10.200,7.736
2024-01-13 16:00:00,10.900,1013.600,9.100,302.000,10.500,6.686
2024-01-13 17:00:00,10.300,1013.400,10.500,304.000,12.500,5.128
2024-01-13 18:00:00,10.500,1013.100,9.400,310.000,11.400,3.261
2024-01-13 19:00:00,11.500,1012.900,9.900,303.000,11.700,1.312
2024-01-13 20:00:00,11.900,1013.400,10.100,309.000,11.600,-0.243
2024-01-13 21:00:00,11.800,1014.300,8.900,312.000,9.800,-0.886
2024-01-13 22:00:00,11.500,1015.600,7.100,311.000,8.600,-0.246
2024-01-13 23:00:00,10.700,1016.700,5.200,324.000,6.100,1.476
2024-01-14 00:00:00,10.100,1017.500,4.000,313.000,4.600,3.632
2024-01-14 01:00:00,9.300,1018.500,2.800,279.000,3.900,5.774
2024-01-14 02:00:00,8.800,1019.200,3.100,276.000,4.700,7.031
2024-01-14 03:00:00,8.800,1019.600,4.900,293.000,5.600,7.211
2024-01-14 04:00:00,8.500,1019.900,4.500,294.000,5.000,6.496
2024-01-14 05:00:00,8.000,1019.900,4.200,313.000,4.800,5.066
2024-01-14 06:00:00,7.600,1020.200,3.700,325.000,4.800,3.278
2024-01-14 07:00:00,7.200,1020.900,3.500,290.000,4.300,1.335
2024-01-14 08:00:00,7.000,1020.800,4.100,327.000,4.700,-0.397
2024-01-14 09:00:00,6.700,1021.100,4.200,310.000,7.100,-0.886
2024-01-14 10:00:00,6.200,1021.300,4.400,322.000,5.200,-0.446
2024-01-14 11:00:00,6.500,1022.600,2.300,291.000,3.000,1.486
2024-01-14 12:00:00,6.700,1023.000,4.200,331.000,5.100,3.527
2024-01-14 13:00:00,6.200,1023.000,3.600,332.000,4.300,5.774
2024-01-14 14:00:00,6.000,1023.600,1.800,317.000,2.600,7.526
2024-01-14 15:00:00,7.300,1024.500,1.600,321.000,2.100,8.307
2024-01-14 16:00:00,8.600,1024.400,1.400,304.000,1.700,8.182
2024-01-14 17:00:00,8.900,1023.700,1.700,228.000,2.200,6.995
2024-01-14 18:00:00,9.500,1022.600,2.400,203.000,3.900,5.397
2024-01-14 19:00:00,10.500,1021.800,2.900,219.000,4.000,3.527
2024-01-14 20:00:00,11.400,1021.300,2.700,207.000,4.200,1.450
2024-01-14 21:00:00,12.100,1021.200,2.800,198.000,4.800,-0.279
2024-01-14 22:00:00,10.500,1021.200,2.200,171.000,3.300,-0.902
2024-01-14 23:00:00,8.800,1021.700,2.100,178.000,2.700,0.279
2024-01-15 00:00:00,8.200,1022.200,1.500,190.000,2.400,2.457
2024-01-15 01:00:00,8.400,1022.300,1.600,194.000,2.800,4.948
2024-01-15 02:00:00,9.200,1022.500,2.000,216.000,3.200,6.680
2024-01-15 03:00:00,8.300,1022.900,1.900,227.000,2.900,7.533
2024-01-15 04:00:00,8.800,1022.900,2.200,226.000,3.000,7.500
2024-01-15 05:00:00,8.500,1022.500,1.400,324.000,1.600,6.467
2024-01-15 06:00:00,7.100,1021.400,0.600,147.000,0.900,4.954
2024-01-15 07:00:00,7.900,1021.200,0.000,125.000,0.100,3.228
2024-01-15 08:00:00,8.600,1020.700,0.300,125.000,0.400,1.490
2024-01-15 09:00:00,9.000,1020.600,0.700,30.000,0.900,0.157
2024-01-15 10:00:00,8.100,1020.900,0.400,337.000,0.700,-0.253
2024-01-15 11:00:00,7.700,1021.300,0.600,342.000,0.900,0.627
2024-01-15 12:00:00,8.200,1021.700,0.000,9.000,0.000,2.306
2024-01-15 13:00:00,9.500,1021.700,0.900,19.000,1.100,4.311
2024-01-15 14:00:00,12.400,1021.900,1.400,52.000,1.600,6.037
2024-01-15 15:00:00,13.400,1022.200,1.200,95.000,1.400,7.539
2024-01-15 16:00:00,13.500,1021.500,2.400,114.000,2.700,8.143
2024-01-15 17:00:00,13.900,1020.300,2.200,112.000,2.500,7.864
2024-01-15 18:00:00,14.600,1019.000,2.400,99.000,2.500,6.778
2024-01-15 19:00:00,16.300,1017.700,1.900,96.000,2.100,5.171
2024-01-15 20:00:00,14.300,1016.900,2.100,96.000,2.300,3.327
2024-01-15 21:00:00,13.700,1016.800,2.000,99.000,2.500,1.158
2024-01-15 22:00:00,13.400,1016.700,2.300,133.000,2.400,-0.312
2024-01-15 23:00:00,14.500,1016.000,1.400,159.000,2.000,-0.433
2024-01-16 00:00:00,14.300,1016.000,0.900,284.000,1.000,1.171
2024-01-16 01:00:00,13.900,1015.700,0.600,225.000,1.000,3.212
2024-01-16 02:00:00,13.100,1015.800,1.200,20.000,1.400,5.367
2024-01-16 03:00:00,13.700,1015.300,1.000,177.000,1.600,7.110
2024-01-16 04:00:00,13.100,1014.800,1.700,175.000,1.900,7.890
2024-01-16 05:00:00,12.900,1013.700,1.700,158.000,2.400,7.746
2024-01-16 06:00:00,13.100,1012.800,1.800,171.000,2.600,6.824
2024-01-16 07:00:00,13.100,1013.400,2.000,244.000,2.500,5.253
2024-01-16 08:00:00,13.300,1013.000,2.000,279.000,2.600,3.737
2024-01-16 09:00:00,12.700,1012.200,1.800,191.000,2.500,1.965
2024-01-16 10:00:00,12.700,1012.000,1.500,239.000,1.900,0.817
2024-01-16 11:00:00,12.600,1011.800,1.100,215.000,1.400,0.591
2024-01-16 12:00:00,12.700,1011.600,2.500,222.000,2.600,1.355
2024-01-16 13:00:00,12.500,1011.400,1.700,194.000,2.300,2.949
2024-01-16 14:00:00,12.900,1011.200,0.900,221.000,1.500,4.751
2024-01-16 15:00:00,13.500,1012.100,2.500,210.000,3.400,6.562
2024-01-16 16:00:00,13.800,1011.600,1.500,230.000,2.000,7.638
2024-01-16 17:00:00,13.700,1011.700,0.900,292.000,1.300,8.045
2024-01-16 18:00:00,16.600,1010.000,1.400,283.000,1.800,7.628
2024-01-16 19:00:00,15.200,1009.800,7.000,308.000,7.700,6.260
2024-01-16 20:00:00,14.300,1009.700,6.300,317.000,7.500,4.472
2024-01-16 21:00:00,14.700,1009.900,6.200,310.000,7.500,2.667
2024-01-16 22:00:00,12.400,1011.100,10.100,312.000,11.600,0.915
2024-01-16 23:00:00,10.300,1012.500,10.200,312.000,12.600,-0.141
2024-01-17 00:00:00,9.200,1014.300,8.400,299.000,10.300,-0.052
2024-01-17 01:00:00,7.700,1015.300,9.900,310.000,11.700,1.512
2024-01-17 02:00:00,6.900,1016.100,9.700,311.000,11.400,3.018
2024-01-17 03:00:00,6.400,1016.800,8.600,308.000,10.200,4.859
2024-01-17 04:00:00,5.700,1017.300,10.000,316.000,12.100,6.296
2024-01-17 05:00:00,4.700,1018.100,9.500,326.000,11.700,7.083
2024-01-17 06:00:00,3.600,1018.800,10.400,323.000,12.300,6.952
2024-01-17 07:00:00,2.200,1019.400,9.900,321.000,12.000,6.247
2024-01-17 08:00:00,1.400,1020.200,8.600,325.000,10.300,5.085
2024-01-17 09:00:00,0.700,1021.100,7.900,327.000,9.700,3.383
2024-01-17 10:00:00,-0.500,1021.600,7.900,326.000,9.200,1.814
2024-01-17 11:00:00,-0.700,1023.000,6.600,328.000,8.000,0.787
2024-01-17 12:00:00,-1.100,1024.000,5.300,330.000,6.100,0.377
2024-01-17 13:00:00,-1.400,1025.100,6.000,326.000,7.400,0.945
2024-01-17 14:00:00,0.700,1025.800,6.100,345.000,7.400,2.283
2024-01-17 15:00:00,2.200,1026.700,5.900,343.000,7.400,4.068
2024-01-17 16:00:00,3.700,1026.700,3.000,333.000,4.100,5.833
2024-01-17 17:00:00,5.200,1026.100,3.800,331.000,4.600,7.080
2024-01-17 18:00:00,6.500,1025.400,3.400,298.000,5.000,7.500
2024-01-17 19:00:00,7.400,1024.900,4.100,289.000,5.000,6.969
2024-01-17 20:00:00,8.200,1024.800,3.500,308.000,4.400,5.755
2024-01-17 21:00:00,8.300,1024.800,4.100,323.000,4.800,3.960
2024-01-17 22:00:00,7.700,1025.300,3.800,305.000,4.400,2.136
2024-01-17 23:00:00,6.600,1026.000,2.900,318.000,3.400,0.689
2024-01-18 00:00:00,6.000,1026.500,3.700,326.000,4.300,0.062
2024-01-18 01:00:00,5.400,1027.000,3.100,339.000,3.400,0.653
2024-01-18 02:00:00,4.500,1026.800,3.800,356.000,4.500,1.978
2024-01-18 03:00:00,3.900,1026.700,3.100,3.000,3.600,3.763
2024-01-18 04:00:00,4.200,1026.900,1.200,20.000,1.500,5.354
2024-01-18 05:00:00,4.900,1026.400,1.500,27.000,1.800,6.322
2024-01-18 06:00:00,4.700,1026.600,1.600,8.000,1.800,7.477
2024-01-18 07:00:00,4.700,1026.200,1.200,35.000,1.400,7.556
2024-01-18 08:00:00,5.900,1026.100,2.300,56.000,3.000,6.759
2024-01-18 09:00:00,5.500,1025.700,1.900,21.000,2.300,5.486
2024-01-18 10:00:00,3.600,1025.600,3.300,358.000,3.800,3.816
2024-01-18 11:00:00,3.400,1025.100,2.600,9.000,3.100,2.231
2024-01-18 12:00:00,3.800,1025.100,1.700,19.000,2.200,1.109
2024-01-18 13:00:00,4.100,1024.700,2.400,27.000,3.200,0.797
2024-01-18 14:00:00,6.300,1024.600,3.900,53.000,4.600,1.535
2024-01-18 15:00:00,8.400,1025.100,3.600,47.000,4.200,2.835
2024-01-18 16:00:00,9.200,1024.500,3.300,59.000,4.200,4.495
2024-01-18 17:00:00,10.500,1023.200,2.900,70.000,3.700,5.784
2024-01-18 18:00:00,11.500,1021.600,3.200,105.000,3.900,6.785
2024-01-18 19:00:00,12.200,1020.200,2.400,108.000,2.700,7.047
2024-01-18 20:00:00,12.400,1019.500,1.700,117.000,2.000,6.562
2024-01-18 21:00:00,12.100,1018.900,2.400,113.000,2.800,5.404
2024-01-18 22:00:00,12.000,1018.700,1.500,87.000,1.900,3.868
2024-01-18 23:00:00,11.500,1018.400,1.000,60.000,1.200,2.139
2024-01-19 00:00:00,11.700,1018.400,1.100,224.000,1.600,0.889
2024-01-19 01:00:00,12.900,1017.700,1.200,286.000,1.900,0.295
2024-01-19 02:00:00,12.600,1017.100,1.700,251.000,2.100,0.896
2024-01-19 03:00:00,11.800,1016.500,1.600,211.000,1.800,2.290
2024-01-19 04:00:00,10.700,1016.600,2.700,243.000,3.300,3.924
2024-01-19 05:00:00,10.200,1016.100,2.300,234.000,3.300,5.528
2024-01-19 06:00:00,9.900,1015.200,1.300,232.000,1.900,7.001
2024-01-19 07:00:00,10.000,1014.600,2.400,246.000,3.300,7.776
2024-01-19 08:00:00,9.900,1013.900,3.300,242.000,4.700,7.644
2024-01-19 09:00:00,10.000,1014.200,3.300,268.000,4.500,6.772
2024-01-19 10:00:00,9.500,1013.300,4.200,228.000,6.300,5.292
2024-01-19 11:00:00,9.700,1013.800,3.300,253.000,5.300,3.579
2024-01-19 12:00:00,9.800,1013.700,3.500,260.000,4.900,1.959
2024-01-19 13:00:00,9.900,1014.200,4.300,275.000,6.200,0.712
2024-01-19 14:00:00,10.900,1014.400,5.500,278.000,7.700,0.276
2024-01-19 15:00:00,11.300,1014.800,8.700,297.000,10.500,1.086
2024-01-19 16:00:00,13.000,1014.900,7.600,299.000,9.500,2.359
2024-01-19 17:00:00,15.300,1014.200,6.800,297.000,8.100,3.638
2024-01-19 20:00:00,17.100,1013.000,11.500,294.000,14.100,5.614
2024-01-19 21:00:00,16.200,1013.900,10.000,298.000,11.700,5.046
2024-01-19 22:00:00,14.100,1015.400,10.400,317.000,13.100,4.196
2024-01-19 23:00:00,12.100,1016.900,7.600,323.000,9.400,2.897
2024-01-20 00:00:00,10.700,1018.500,7.600,318.000,9.400,1.280
2024-01-20 01:00:00,9.200,1020.000,6.100,320.000,7.900,-0.102
2024-01-20 02:00:00,8.300,1020.900,6.200,325.000,7.200,-0.869
2024-01-20 03:00:00,7.200,1021.600,6.400,327.000,7.500,-0.761
2024-01-20 04:00:00,6.200,1021.900,5.700,332.000,7.700,0.364
2024-01-20 05:00:00,5.300,1022.000,4.600,335.000,6.000,2.087
2024-01-20 06:00:00,4.700,1022.000,4.700,339.000,6.500,4.062
2024-01-20 07:00:00,4.500,1022.000,5.100,336.000,6.500,5.988
2024-01-20 08:00:00,3.500,1022.100,5.200,332.000,6.300,6.991
2024-01-20 09:00:00,2.700,1022.400,4.000,315.000,5.700,7.228
2024-01-20 10:00:00,2.500,1022.700,4.600,321.000,6.000,6.532
2024-01-20 11:00:00,2.000,1023.700,4.600,323.000,5.700,5.308
2024-01-20 12:00:00,1.100,1024.500,5.000,325.000,6.000,3.501
2024-01-20 14:00:00,1.700,1025.700,5.700,346.000,7.000,0.433
2024-01-20 15:00:00,2.700,1026.100,5.500,330.000,7.000,0.272
2024-01-20 16:00:00,3.700,1026.100,6.200,315.000,8.200,1.263
2024-01-20 17:00:00,4.500,1025.300,6.900,316.000,9.600,2.638
2024-01-20 18:00:00,5.100,1024.500,6.900,319.000,8.500,4.035
2024-01-20 19:00:00,5.700,1023.900,8.300,307.000,10.000,5.082
2024-01-20 20:00:00,6.700,1023.900,6.200,322.000,8.200,5.659
2024-01-20 21:00:00,7.100,1024.700,6.500,332.000,7.300,5.673
2024-01-20 22:00:00,6.100,1025.500,7.100,343.000,9.200,5.233
2024-01-20 23:00:00,5.000,1026.800,5.800,335.000,7.400,4.281
2024-01-21 00:00:00,3.500,1027.900,3.700,350.000,4.500,3.127
2024-01-21 01:00:00,2.800,1028.800,3.400,350.000,4.300,1.831
2024-01-21 02:00:00,2.500,1029.600,3.300,10.000,4.300,0.545
2024-01-21 03:00:00,2.400,1030.300,3.500,22.000,4.400,0.213
2024-01-21 04:00:00,1.400,1030.800,3.200,20.000,4.200,0.489
2024-01-21 05:00:00,1.000,1030.900,2.800,15.000,3.300,1.617
2024-01-21 06:00:00,0.400,1031.300,4.300,358.000,5.200,3.307
2024-01-21 07:00:00,-0.600,1031.400,5.200,5.000,6.700,5.016
2024-01-21 08:00:00,-0.800,1031.500,6.700,16.000,9.800,6.545
2024-01-21 09:00:00,-1.000,1032.300,6.200,10.000,7.500,7.316
2024-01-21 10:00:00,-1.300,1032.800,6.000,14.000,7.900,7.254
2024-01-21 11:00:00,-1.800,1033.800,6.200,15.000,7.700,6.381
2024-01-21 12:00:00,-2.100,1034.400,7.600,24.000,8.800,5.180
2024-01-21 13:00:00,-2.200,1035.100,6.700,26.000,9.700,3.658
2024-01-21 14:00:00,-1.900,1035.800,7.100,26.000,9.400,2.270
2024-01-21 15:00:00,-1.600,1037.000,6.300,35.000,8.200,1.407
2024-01-21 16:00:00,-0.800,1037.300,4.100,55.000,5.700,1.368
2024-01-21 17:00:00,0.000,1036.700,3.900,67.000,4.700,1.847
2024-01-21 18:00:00,1.100,1035.800,2.100,82.000,3.800,2.795
2024-01-21 19:00:00,2.200,1035.200,1.500,120.000,2.100,3.875
2024-01-21 20:00:00,4.000,1034.800,2.000,110.000,2.700,4.921
2024-01-21 21:00:00,3.900,1034.800,2.400,104.000,3.300,5.643
2024-01-21 22:00:00,4.200,1035.200,1.600,149.000,2.300,6.017
2024-01-21 23:00:00,3.400,1035.300,0.900,98.000,1.600,5.833
2024-01-22 00:00:00,4.300,1035.600,1.400,93.000,2.200,4.948
2024-01-22 01:00:00,4.200,1036.300,1.400,26.000,1.900,3.776
2024-01-22 02:00:00,4.600,1036.400,2.300,60.000,2.700,2.188
2024-01-22 03:00:00,4.900,1036.900,2.300,58.000,3.200,0.768
2024-01-22 04:00:00,4.400,1036.600,4.600,42.000,5.600,0.069
2024-01-22 05:00:00,4.700,1036.500,4.800,62.000,5.800,0.397
2024-01-22 06:00:00,4.800,1036.200,5.600,54.000,6.800,1.896
2024-01-22 07:00:00,4.900,1035.600,6.400,51.000,7.600,3.675
2024-01-22 08:00:00,4.700,1035.300,5.800,54.000,7.200,5.545
2024-01-22 09:00:00,4.800,1034.500,5.600,55.000,7.600,7.044
2024-01-22 10:00:00,5.300,1034.900,5.500,53.000,6.300,7.785
2024-01-22 11:00:00,5.500,1035.200,6.200,57.000,7.500,7.700
2024-01-22 12:00:00,5.400,1035.100,5.700,60.000,6.900,6.791
2024-01-22 13:00:00,5.700,1035.400,5.100,57.000,6.200,5.394
2024-01-22 14:00:00,6.500,1035.800,5.400,53.000,6.200,3.832
2024-01-22 15:00:00,8.000,1036.500,4.900,50.000,6.200,2.346
2024-01-22 16:00:00,9.000,1036.400,7.800,72.000,9.600,1.499
2024-01-22 17:00:00,9.600,1035.300,7.700,69.000,10.500,1.198
2024-01-22 18:00:00,10.700,1034.400,8.100,71.000,10.500,1.827
2024-01-22 19:00:00,10.300,1033.900,8.800,75.000,11.300,2.887
2024-01-22 20:00:00,10.200,1033.400,8.000,75.000,11.100,4.193
2024-01-22 21:00:00,9.900,1033.100,7.700,74.000,9.000,5.230
2024-01-22 22:00:00,9.900,1032.900,6.900,67.000,7.800,6.040
2024-01-22 23:00:00,10.000,1033.200,7.100,65.000,8.600,6.365
2024-01-23 00:00:00,10.300,1033.500,7.600,70.000,9.700,6.014
2024-01-23 01:00:00,10.300,1033.700,7.300,67.000,9.900,5.059
2024-01-23 02:00:00,11.000,1033.600,7.000,71.000,9.200,3.720
2024-01-23 03:00:00,11.100,1033.400,8.400,69.000,10.400,2.274
2024-01-23 04:00:00,10.700,1033.000,7.600,76.000,9.900,0.883
2024-01-23 05:00:00,10.800,1032.700,6.600,72.000,8.800,0.253
2024-01-23 06:00:00,10.800,1032.700,4.900,72.000,6.400,0.787
2024-01-23 07:00:00,10.800,1031.900,7.600,71.000,9.100,2.251
2024-01-23 08:00:00,10.700,1031.200,6.400,83.000,8.300,4.098
2024-01-23 09:00:00,11.000,1030.900,5.200,80.000,6.300,5.837
2024-01-23 10:00:00,11.100,1030.100,5.800,67.000,7.100,7.198
2024-01-23 11:00:00,12.100,1030.300,3.700,45.000,5.000,7.841
2024-01-23 12:00:00,12.100,1031.200,1.500,30.000,2.200,7.612
2024-01-23 13:00:00,11.600,1031.600,1.100,348.000,1.500,6.473
2024-01-23 14:00:00,12.000,1032.000,1.900,65.000,3.200,4.721
2024-01-23 15:00:00,12.300,1032.300,2.400,48.000,2.800,3.363
2024-01-23 16:00:00,11.800,1032.200,3.400,77.000,4.100,1.844
2024-01-23 17:00:00,12.900,1030.500,6.100,68.000,7.400,0.748
2024-01-23 18:00:00,12.100,1029.800,4.700,79.000,5.700,0.640
2024-01-23 19:00:00,11.600,1029.000,3.300,112.000,3.900,1.457
2024-01-23 20:00:00,12.800,1027.800,5.500,92.000,6.500,2.825
2024-01-23 21:00:00,12.500,1028.500,4.500,101.000,4.800,4.239
2024-01-23 22:00:00,12.400,1028.500,4.500,98.000,5.500,5.446
2024-01-23 23:00:00,11.300,1028.300,3.300,101.000,4.100,6.296
2024-01-24 00:00:00,13.800,1028.900,5.000,75.000,5.800,6.342
2024-01-24 01:00:00,12.500,1029.000,2.300,73.000,2.800,5.866
2024-01-24 02:00:00,12.700,1029.000,1.200,86.000,1.800,4.629
2024-01-24 03:00:00,14.100,1028.900,3.500,74.000,3.800,3.146
2024-01-24 04:00:00,13.700,1029.000,1.700,85.000,2.700,1.483
2024-01-24 05:00:00,12.800,1028.500,2.500,94.000,2.800,0.308
2024-01-24 06:00:00,12.800,1027.800,2.400,106.000,2.700,-0.010
2024-01-24 07:00:00,16.500,1027.400,3.200,135.000,4.400,0.886
2024-01-24 08:00:00,17.100,1027.200,4.700,143.000,6.800,2.477
2024-01-24 09:00:00,16.600,1026.800,3.500,127.000,4.700,4.518
2024-01-24 10:00:00,16.900,1026.500,4.200,135.000,6.500,6.306
2024-01-24 11:00:00,16.200,1027.000,2.900,147.000,3.900,7.408
2024-01-24 12:00:00,14.400,1027.200,1.800,117.000,2.000,7.631
2024-01-24 13:00:00,13.600,1027.600,2.000,59.000,2.300,7.054
2024-01-24 14:00:00,14.700,1027.900,1.600,96.000,1.700,5.843
2024-01-24 15:00:00,17.500,1028.200,2.900,144.000,4.100,4.472
2024-01-24 16:00:00,19.100,1027.800,4.000,142.000,5.600,2.831
2024-01-24 17:00:00,18.800,1027.500,2.200,159.000,3.200,1.394
2024-01-24 18:00:00,18.700,1026.900,2.800,149.000,3.900,0.531
2024-01-24 19:00:00,15.300,1026.100,2.800,87.000,3.000,0.449
2024-01-24 20:00:00,15.300,1025.500,2.700,122.000,3.300,1.335
2024-01-24 21:00:00,16.100,1025.300,2.000,100.000,2.300,2.785
2024-01-24 22:00:00,13.700,1025.100,2.800,103.000,3.000,4.360
2024-01-24 23:00:00,17.800,1025.400,3.000,149.000,4.700,5.715
2024-01-25 00:00:00,15.300,1025.700,0.800,132.000,2.200,6.473
2024-01-25 01:00:00,13.800,1025.900,2.200,105.000,2.300,6.362
2024-01-25 02:00:00,14.000,1025.800,1.200,72.000,1.400,5.522
2024-01-25 03:00:00,13.200,1025.300,1.900,119.000,2.200,4.049
2024-01-25 04:00:00,17.800,1025.000,2.900,156.000,4.400,2.448
2024-01-25 05:00:00,17.400,1024.300,3.800,154.000,5.300,0.866
2024-01-25 06:00:00,17.500,1024.300,2.000,163.000,2.800,-0.213
2024-01-25 07:00:00,17.200,1024.200,2.600,157.000,4.600,-0.171
2024-01-25 08:00:00,17.000,1024.300,1.100,188.000,1.500,0.892
2024-01-25 09:00:00,16.200,1023.800,1.300,169.000,1.700,2.638
2024-01-25 10:00:00,15.200,1024.000,0.400,238.000,1.000,4.646
2024-01-25 11:00:00,14.800,1023.700,2.100,142.000,3.000,6.250
2024-01-25 12:00:00,14.900,1023.400,1.800,187.000,3.100,7.172
2024-01-25 13:00:00,14.100,1023.700,0.600,156.000,0.900,7.218
2024-01-25 14:00:00,15.500,1024.100,0.800,211.000,1.100,6.578
2024-01-25 15:00:00,16.100,1024.800,1.000,258.000,1.400,5.446
2024-01-25 16:00:00,17.900,1024.700,1.400,200.000,2.200,3.871
2024-01-25 17:00:00,20.300,1023.700,2.800,210.000,4.200,2.257
2024-01-25 18:00:00,22.000,1023.000,4.600,214.000,7.200,0.892
2024-01-25 19:00:00,22.600,1022.500,4.300,216.000,6.600,0.082
2024-01-25 20:00:00,22.600,1021.900,3.200,207.000,4.600,0.253
2024-01-25 21:00:00,22.200,1021.500,3.100,195.000,4.700,1.263
2024-01-25 22:00:00,20.000,1021.600,2.800,174.000,3.700,2.904
2024-01-25 23:00:00,17.400,1022.300,0.800,181.000,1.500,4.678
2024-01-26 00:00:00,13.300,1022.200,4.700,115.000,5.000,5.978
2024-01-26 01:00:00,13.400,1022.900,0.000,0.000,0.600,6.588
2024-01-26 02:00:00,16.300,1022.600,1.900,166.000,2.600,6.161
2024-01-26 03:00:00,17.100,1022.700,1.600,187.000,2.900,5.128
2024-01-26 04:00:00,16.100,1022.700,2.800,223.000,3.800,3.494
2024-01-26 05:00:00,16.100,1022.200,2.100,196.000,4.000,1.768
2024-01-26 06:00:00,16.600,1021.600,2.300,210.000,3.600,0.413
2024-01-26 07:00:00,15.600,1020.400,2.000,178.000,3.000,-0.190
2024-01-26 08:00:00,17.400,1019.000,3.500,188.000,7.700,0.249
2024-01-26 09:00:00,17.200,1018.800,3.700,194.000,7.000,1.640
2024-01-26 10:00:00,15.300,1019.400,2.000,262.000,2.700,3.484
2024-01-26 11:00:00,16.700,1020.200,2.600,243.000,4.000,5.318
2024-01-26 12:00:00,16.300,1021.600,1.400,291.000,1.800,6.781
2024-01-26 13:00:00,16.700,1022.200,1.100,288.000,1.200,7.375
2024-01-26 14:00:00,17.500,1022.200,0.700,202.000,1.200,7.313
2024-01-26 15:00:00,19.200,1022.300,1.900,173.000,3.400,6.348
2024-01-26 16:00:00,20.500,1021.900,2.100,199.000,3.000,4.961
2024-01-26 17:00:00,20.000,1021.300,3.000,206.000,5.300,3.251
2024-01-26 18:00:00,20.900,1020.400,3.400,219.000,4.500,1.749
2024-01-26 19:00:00,21.100,1019.800,3.100,196.000,5.700,0.630
2024-01-26 20:00:00,19.300,1020.000,2.600,218.000,4.000,0.108
2024-01-26 21:00:00,19.800,1020.000,2.400,205.000,3.800,0.633
2024-01-26 22:00:00,17.400,1020.400,2.700,200.000,4.300,2.087
2024-01-26 23:00:00,16.000,1020.600,2.500,200.000,4.000,3.829
2024-01-27 00:00:00,15.600,1021.100,2.700,202.000,3.600,5.407
2024-01-27 01:00:00,15.200,1021.600,2.200,195.000,3.000,6.453
2024-01-27 02:00:00,15.300,1021.500,1.800,216.000,2.400,6.594
2024-01-27 03:00:00,15.500,1021.300,2.300,202.000,3.400,5.896
2024-01-27 04:00:00,14.900,1021.000,2.200,197.000,3.200,4.603
2024-01-27 05:00:00,15.100,1021.100,2.000,218.000,2.800,3.035
2024-01-27 06:00:00,15.600,1020.700,2.600,220.000,3.300,1.509
2024-01-27 07:00:00,16.000,1020.500,2.700,221.000,3.300,0.453
2024-01-27 08:00:00,16.000,1020.300,1.500,200.000,2.200,0.197
2024-01-27 09:00:00,15.900,1020.200,1.600,233.000,2.000,0.748
2024-01-27 10:00:00,16.300,1019.900,1.600,204.000,2.600,2.198
2024-01-27 11:00:00,16.600,1020.000,1.000,196.000,1.400,4.098
2024-01-27 12:00:00,16.800,1020.000,0.900,180.000,0.900,5.804
2024-01-27 13:00:00,16.000,1020.100,1.700,179.000,2.500,6.916
2024-01-27 14:00:00,15.600,1020.400,0.500,206.000,1.100,7.333
2024-01-27 15:00:00,17.200,1020.900,2.000,195.000,3.700,7.018
2024-01-27 16:00:00,17.800,1020.500,1.700,182.000,2.600,5.981
2024-01-27 17:00:00,18.600,1019.500,3.400,210.000,5.200,4.531
2024-01-27 18:00:00,20.300,1018.000,3.600,184.000,6.000,2.749
2024-01-27 19:00:00,18.800,1017.000,3.400,196.000,5.900,1.345
2024-01-27 20:00:00,21.000,1016.100,3.300,178.000,5.500,0.220
2024-01-27 21:00:00,20.200,1016.200,2.900,191.000,5.800,0.367
2024-01-27 22:00:00,19.800,1015.700,2.600,191.000,5.800,1.375
2024-01-27 23:00:00,16.900,1015.800,1.600,179.000,2.600,3.091
2024-01-28 00:00:00,17.200,1015.600,3.000,197.000,5.200,4.948
2024-01-28 01:00:00,17.200,1015.500,4.400,205.000,7.500,6.214
2024-01-28 02:00:00,16.500,1014.800,5.500,215.000,7.500,6.831
2024-01-28 03:00:00,17.000,1013.000,4.000,195.000,7.100,6.660
2024-01-28 04:00:00,17.300,1013.200,5.200,207.000,8.100,5.781
2024-01-28 05:00:00,16.600,1012.600,4.700,208.000,7.200,4.482
2024-01-28 06:00:00,16.700,1012.000,4.400,209.000,7.000,2.838
2024-01-28 07:00:00,15.900,1011.800,2.100,232.000,3.200,1.480
2024-01-28 08:00:00,16.100,1011.200,1.500,192.000,2.300,0.617
2024-01-28 09:00:00,18.400,1011.000,2.800,240.000,4.300,0.459
2024-01-28 10:00:00,18.800,1010.900,4.900,264.000,7.200,1.555
2024-01-28 11:00:00,18.700,1011.100,4.700,261.000,6.800,2.917
2024-01-28 12:00:00,18.200,1011.600,4.700,265.000,7.200,4.688
2024-01-28 13:00:00,17.900,1012.200,4.800,260.000,6.500,5.974
2024-01-28 14:00:00,18.200,1012.900,7.900,270.000,11.300,6.722
2024-01-28 15:00:00,15.800,1013.300,9.100,306.000,10.600,6.880
2024-01-28 16:00:00,15.700,1013.700,7.700,278.000,10.000,6.060
2024-01-28 17:00:00,15.700,1013.300,9.600,292.000,11.600,4.518
2024-01-28 19:00:00,15.900,1011.700,10.600,310.000,12.200,1.325
2024-01-28 20:00:00,16.000,1011.700,10.200,305.000,11.500,0.026
2024-01-28 21:00:00,15.600,1012.100,9.000,300.000,10.500,-0.495
2024-01-28 22:00:00,14.800,1012.600,11.300,297.000,13.300,0.039
2024-01-28 23:00:00,14.000,1013.000,9.400,298.000,11.300,1.444
2024-01-29 00:00:00,13.400,1013.900,8.200,298.000,9.800,3.481
2024-01-29 01:00:00,12.700,1014.400,7.600,295.000,9.200,4.511
2024-01-29 02:00:00,12.300,1014.600,8.200,290.000,9.800,5.256
2024-01-29 03:00:00,11.600,1014.500,7.600,304.000,9.400,5.387
2024-01-29 04:00:00,11.300,1014.500,9.500,304.000,10.900,4.820
2024-01-29 05:00:00,10.800,1014.800,10.100,297.000,11.800,3.724
2024-01-29 06:00:00,10.300,1014.900,9.000,304.000,10.700,2.526
2024-01-29 07:00:00,10.000,1015.000,7.900,304.000,9.600,1.293
2024-01-29 08:00:00,9.700,1015.100,9.400,309.000,11.300,0.299
2024-01-29 09:00:00,9.200,1015.200,8.600,314.000,10.200,-0.141
2024-01-29 10:00:00,8.900,1015.600,8.500,312.000,10.400,0.148
2024-01-29 11:00:00,8.800,1015.900,9.000,314.000,11.200,1.316
2024-01-29 12:00:00,8.100,1016.700,6.800,327.000,8.900,2.835
2024-01-29 13:00:00,8.400,1017.600,7.700,322.000,9.200,4.590
2024-01-29 14:00:00,9.400,1018.000,8.600,332.000,10.600,5.846
2024-01-29 15:00:00,10.600,1018.300,8.100,324.000,10.000,6.555
2024-01-29 16:00:00,11.700,1018.600,8.100,315.000,9.700,6.453
2024-01-29 17:00:00,12.700,1018.100,7.900,336.000,9.900,5.564
2024-01-29 18:00:00,13.500,1017.200,7.700,330.000,11.400,4.383
2024-01-29 19:00:00,14.300,1016.900,7.300,324.000,10.600,2.917
2024-01-29 20:00:00,15.300,1016.700,7.400,314.000,9.000,1.480
2024-01-29 21:00:00,16.000,1016.400,5.600,323.000,6.700,0.607
2024-01-29 22:00:00,15.700,1017.200,4.900,329.000,6.300,0.702
2024-01-29 23:00:00,13.900,1017.800,2.900,314.000,3.400,1.801
2024-01-30 00:00:00,12.600,1018.600,2.600,326.000,3.000,3.379
2024-01-30 01:00:00,11.800,1018.900,1.200,297.000,1.400,4.997
2024-01-30 02:00:00,10.700,1019.600,0.000,289.000,0.000,6.184
2024-01-30 03:00:00,10.300,1019.600,0.700,310.000,0.900,6.588
2024-01-30 04:00:00,10.100,1019.700,1.000,296.000,1.200,6.572
2024-01-30 05:00:00,9.600,1019.700,1.900,306.000,2.100,5.906
2024-01-30 06:00:00,9.700,1019.700,1.600,285.000,2.000,4.872
2024-01-30 07:00:00,9.800,1019.800,3.100,296.000,3.400,3.586
2024-01-30 08:00:00,9.000,1020.100,2.800,311.000,3.300,2.238
2024-01-30 09:00:00,8.200,1020.100,3.300,317.000,4.200,1.316
2024-01-30 10:00:00,7.600,1020.200,3.200,318.000,4.100,1.129
2024-01-30 11:00:00,6.800,1020.400,1.900,318.000,2.400,1.781
2024-01-30 12:00:00,6.700,1020.900,2.300,326.000,2.900,3.320
2024-01-30 13:00:00,7.100,1021.100,1.900,323.000,2.200,4.770
2024-01-30 14:00:00,11.500,1021.200,0.600,8.000,0.900,6.316
2024-01-30 15:00:00,11.100,1021.000,1.100,72.000,1.300,7.103
2024-01-30 16:00:00,12.700,1021.200,2.300,185.000,3.000,7.293
2024-01-30 17:00:00,13.700,1020.900,2.500,215.000,3.900,6.762
2024-01-30 18:00:00,14.400,1019.700,2.700,208.000,5.000,5.705
2024-01-30 19:00:00,14.900,1018.700,2.900,188.000,5.100,4.173
2024-01-30 20:00:00,14.700,1018.000,4.200,204.000,7.300,2.605
2024-01-30 21:00:00,14.600,1017.700,4.300,204.000,6.400,1.407
2024-01-30 22:00:00,14.000,1017.400,3.500,197.000,6.100,1.056
2024-01-30 23:00:00,12.400,1017.400,2.400,205.000,4.300,1.621
2024-01-31 00:00:00,11.800,1017.700,2.100,215.000,3.100,2.946
2024-01-31 01:00:00,10.800,1017.500,2.000,225.000,2.800,4.567
2024-01-31 02:00:00,10.400,1017.300,2.000,224.000,2.600,5.732
2024-01-31 03:00:00,9.900,1017.300,2.500,229.000,2.800,6.818
2024-01-31 04:00:00,10.300,1017.000,2.400,241.000,3.500,6.906
2024-01-31 05:00:00,10.100,1016.900,2.300,263.000,4.000,6.624
2024-01-31 06:00:00,10.100,1016.400,2.600,260.000,3.700,5.679
2024-01-31 07:00:00,10.300,1016.100,2.000,253.000,2.900,4.767
2024-01-31 08:00:00,10.700,1015.600,2.900,267.000,4.600,3.435
2024-01-31 09:00:00,10.600,1014.900,2.400,271.000,4.700,2.195
2024-01-31 10:00:00,10.700,1014.600,2.600,270.000,3.800,1.542
2024-01-31 11:00:00,10.200,1014.000,2.200,237.000,3.300,1.699
2024-01-31 12:00:00,9.700,1014.000,2.000,243.000,2.800,2.651
2024-01-31 13:00:00,10.600,1014.100,4.600,282.000,7.100,3.973
2024-01-31 14:00:00,11.200,1014.500,9.100,307.000,11.200,5.220
2024-01-31 15:00:00,11.500,1014.800,9.100,312.000,10.900,6.102
2024-01-31 16:00:00,13.100,1015.000,8.100,324.000,10.000,6.703
2024-01-31 17:00:00,13.800,1015.100,8.500,340.000,10.000,6.693
2024-01-31 18:00:00,14.500,1015.000,8.200,353.000,10.500,6.066
2024-01-31 19:00:00,14.200,1015.400,8.100,7.000,9.900,4.951
2024-01-31 20:00:00,14.400,1015.900,7.200,352.000,8.900,3.684
2024-01-31 21:00:00,14.700,1016.400,6.600,11.000,8.800,2.283
2024-01-31 22:00:00,13.000,1017.300,6.600,347.000,8.400,1.375
2024-01-31 23:00:00,12.300,1018.500,6.400,351.000,8.400,1.407
2024-02-01 00:00:00,11.700,1019.000,5.000,358.000,6.500,2.290
2024-02-01 01:00:00,11.500,1019.800,5.300,2.000,6.900,3.638
2024-02-01 02:00:00,11.000,1020.400,3.500,8.000,4.300,5.013
2024-02-01 03:00:00,10.000,1021.100,1.900,339.000,2.400,6.089
2024-02-01 04:00:00,9.300,1021.000,2.200,351.000,2.700,6.772
2024-02-01 05:00:00,9.200,1020.700,1.200,22.000,1.600,6.939
2024-02-01 06:00:00,9.200,1021.000,0.900,45.000,1.200,6.775
2024-02-01 07:00:00,8.800,1021.100,2.300,30.000,2.600,6.122
2024-02-01 08:00:00,8.200,1021.600,1.400,350.000,2.200,5.151
2024-02-01 09:00:00,7.600,1021.500,2.600,340.000,2.900,4.265
2024-02-01 10:00:00,7.500,1021.700,3.000,323.000,3.500,3.196
2024-02-01 11:00:00,5.900,1021.700,2.700,352.000,3.200,2.484
2024-02-01 12:00:00,6.100,1022.400,2.500,327.000,3.000,2.385
2024-02-01 13:00:00,6.500,1023.100,2.100,331.000,3.100,3.261
2024-02-01 14:00:00,8.500,1023.500,2.700,327.000,3.300,4.337
2024-02-01 15:00:00,11.300,1023.200,2.500,357.000,3.500,5.600
2024-02-01 16:00:00,11.100,1022.600,2.900,110.000,3.200,6.575
2024-02-01 17:00:00,10.900,1021.500,3.000,101.000,3.400,7.159
2024-02-01 18:00:00,11.500,1020.600,3.800,81.000,4.300,7.021
2024-02-01 19:00:00,12.800,1020.000,2.800,180.000,3.900,6.198
2024-02-01 20:00:00,12.800,1019.200,3.000,180.000,4.100,5.194
2024-02-01 21:00:00,12.600,1018.400,4.000,169.000,5.800,3.727
2024-02-01 22:00:00,11.700,1018.800,3.800,179.000,5.500,2.375
2024-02-01 23:00:00,11.100,1019.000,2.700,199.000,4.300,1.837
2024-02-02 00:00:00,10.900,1018.900,1.900,199.000,3.300,2.064
2024-02-02 01:00:00,11.000,1019.400,2.600,211.000,3.800,3.022
2024-02-02 02:00:00,10.900,1018.900,2.400,216.000,3.400,4.144
2024-02-02 03:00:00,10.900,1018.400,2.000,208.000,2.900,5.308
2024-02-02 04:00:00,10.300,1018.300,2.200,239.000,3.100,6.263
2024-02-02 05:00:00,10.300,1017.600,2.500,234.000,4.100,6.923
2024-02-02 06:00:00,10.300,1016.800,3.200,236.000,4.200,7.037
2024-02-02 07:00:00,10.000,1016.700,3.100,239.000,4.300,6.765
2024-02-02 08:00:00,9.600,1016.700,2.400,231.000,3.100,6.010
2024-02-02 09:00:00,9.300,1016.000,2.200,224.000,2.900,4.721
2024-02-02 10:00:00,9.000,1016.000,2.600,259.000,4.500,3.373
2024-02-02 11:00:00,8.600,1016.000,1.500,257.000,2.300,2.244
2024-02-02 12:00:00,7.700,1015.900,1.600,260.000,2.200,1.877
2024-02-02 13:00:00,8.100,1016.200,2.000,243.000,2.700,2.277
2024-02-02 14:00:00,10.700,1016.000,3.600,281.000,4.600,3.009
2024-02-02 15:00:00,13.600,1016.100,4.400,285.000,5.100,4.610
2024-02-02 16:00:00,16.300,1015.500,4.000,277.000,5.400,5.784
2024-02-02 17:00:00,16.200,1014.800,3.400,275.000,4.300,6.473
2024-02-02 18:00:00,17.300,1013.600,3.600,301.000,4.600,6.621
2024-02-02 19:00:00,19.400,1012.500,4.000,298.000,4.900,6.060
2024-02-02 20:00:00,18.800,1012.000,6.000,310.000,7.100,5.213
2024-02-02 21:00:00,19.800,1011.600,3.700,313.000,4.300,3.957
2024-02-02 22:00:00,20.100,1011.500,3.200,284.000,3.700,2.756
2024-02-02 23:00:00,17.200,1011.700,2.400,262.000,3.000,1.946
2024-02-03 00:00:00,15.200,1012.200,1.100,282.000,1.400,1.745
2024-02-03 01:00:00,13.700,1012.700,0.300,96.000,0.400,2.192
2024-02-03 02:00:00,11.700,1013.000,0.400,22.000,0.700,3.077
2024-02-03 03:00:00,11.000,1013.000,0.800,288.000,0.900,4.193
2024-02-03 04:00:00,10.300,1013.000,0.900,261.000,0.900,5.240
2024-02-03 05:00:00,9.500,1012.900,1.600,219.000,1.900,6.161
2024-02-03 06:00:00,10.700,1012.800,2.200,227.000,2.400,6.778
2024-02-03 07:00:00,10.400,1012.700,1.700,235.000,2.000,6.962
2024-02-03 08:00:00,9.900,1012.400,1.100,324.000,1.100,6.690
2024-02-03 09:00:00,11.600,1012.700,1.600,37.000,3.000,5.902
2024-02-03 10:00:00,11.900,1013.300,6.000,63.000,7.800,4.911
2024-02-03 11:00:00,12.000,1014.100,7.600,68.000,9.500,3.845
2024-02-03 12:00:00,11.800,1014.400,7.800,68.000,9.500,3.117
2024-02-03 13:00:00,12.000,1015.200,11.100,76.000,14.100,2.707
2024-02-03 14:00:00,12.000,1015.900,11.000,72.000,13.600,3.091
2024-02-03 15:00:00,11.800,1016.800,8.400,69.000,10.500,4.104
2024-02-03 16:00:00,11.800,1016.900,10.100,68.000,12.600,5.151
2024-02-03 17:00:00,11.900,1017.000,9.900,65.000,12.400,6.237
2024-02-03 18:00:00,11.600,1016.100,10.000,75.000,11.800,6.995
2024-02-03 19:00:00,11.500,1014.800,9.700,84.000,11.200,7.070
2024-02-03 20:00:00,11.400,1014.500,8.400,85.000,10.400,6.709
2024-02-03 21:00:00,11.600,1014.600,7.100,84.000,8.600,5.869
2024-02-03 22:00:00,11.700,1014.800,6.300,76.000,7.600,4.816
2024-02-03 23:00:00,11.500,1014.800,6.600,85.000,8.000,3.760
2024-02-04 00:00:00,11.600,1014.600,8.500,83.000,9.800,3.133
2024-02-04 01:00:00,11.800,1014.500,9.800,91.000,11.700,2.982
2024-02-04 02:00:00,11.900,1014.300,8.800,88.000,10.300,3.199
2024-02-04 03:00:00,12.100,1014.000,9.100,84.000,11.400,3.950
2024-02-04 04:00:00,12.100,1013.400,9.800,83.000,11.800,4.984
2024-02-04 05:00:00,12.100,1013.800,9.100,86.000,11.000,6.083
2024-02-04 06:00:00,12.100,1013.500,8.400,80.000,10.700,7.142
2024-02-04 07:00:00,12.100,1012.800,8.800,75.000,10.300,7.792
2024-02-04 08:00:00,12.000,1012.300,8.000,81.000,9.400,7.861
2024-02-04 09:00:00,12.100,1011.500,9.400,71.000,12.100,7.552
2024-02-04 10:00:00,12.100,1011.000,9.400,69.000,11.200,6.847
2024-02-04 11:00:00,12.300,1011.700,8.800,74.000,11.700,5.738
2024-02-04 12:00:00,11.900,1011.700,7.400,67.000,9.600,4.669
2024-02-04 13:00:00,12.000,1011.600,7.400,64.000,9.700,3.576
2024-02-04 14:00:00,12.300,1010.900,8.100,68.000,10.700,2.956
2024-02-04 15:00:00,12.100,1009.600,11.500,70.000,15.200,3.127
2024-02-04 16:00:00,12.100,1009.400,12.600,72.000,16.200,4.009
2024-02-04 17:00:00,12.300,1009.000,12.400,71.000,16.100,5.282
2024-02-04 18:00:00,12.200,1007.300,13.200,70.000,16.800,6.670
2024-02-04 19:00:00,12.200,1005.700,13.800,72.000,18.000,7.523
2024-02-04 20:00:00,12.000,1004.800,12.900,72.000,15.900,7.864
2024-02-04 21:00:00,12.100,1004.500,12.000,75.000,15.000,7.625
2024-02-04 22:00:00,11.700,1004.100,13.400,73.000,17.400,6.965
2024-02-04 23:00:00,11.700,1003.200,13.400,70.000,16.200,6.322
2024-02-05 00:00:00,11.800,1002.500,13.600,71.000,19.000,5.200
2024-02-05 01:00:00,11.500,1003.100,12.200,66.000,15.800,4.688
2024-02-05 02:00:00,11.100,1002.600,11.500,68.000,18.000,4.144
2024-02-05 03:00:00,11.300,1001.900,12.400,70.000,19.800,4.045
2024-02-05 04:00:00,11.800,1002.000,10.300,62.000,12.800,4.718
2024-02-05 05:00:00,12.100,1001.700,4.200,64.000,5.200,5.479
2024-02-05 06:00:00,12.300,1001.600,1.800,41.000,2.400,6.178
2024-02-05 07:00:00,12.400,1001.600,5.800,82.000,7.100,7.507
2024-02-05 08:00:00,12.400,1001.100,6.300,68.000,7.900,8.330
2024-02-05 09:00:00,12.300,1001.600,5.500,68.000,7.200,8.638
2024-02-05 10:00:00,11.900,1002.100,1.800,21.000,2.400,8.629
2024-02-05 11:00:00,11.700,1002.600,2.900,30.000,3.800,7.559
2024-02-05 12:00:00,11.300,1002.800,3.800,36.000,5.100,6.444
2024-02-05 13:00:00,10.800,1003.900,3.800,17.000,5.300,5.148
2024-02-05 14:00:00,10.300,1004.100,4.800,29.000,5.800,3.914
2024-02-05 15:00:00,10.200,1004.400,6.000,32.000,7.300,2.907
2024-02-05 16:00:00,10.500,1005.000,4.800,33.000,5.600,3.061
2024-02-05 17:00:00,10.800,1004.700,6.200,12.000,8.100,4.239
2024-02-05 18:00:00,10.700,1004.500,4.200,11.000,5.800,5.131
2024-02-05 19:00:00,10.500,1004.200,6.400,15.000,8.600,6.201
2024-02-05 20:00:00,10.600,1004.100,7.400,20.000,8.900,7.083
2024-02-05 21:00:00,9.900,1004.200,6.800,12.000,9.700,7.215
2024-02-05 22:00:00,10.000,1004.700,5.100,17.000,6.300,7.169
2024-02-05 23:00:00,10.200,1005.100,5.800,14.000,7.000,6.726
2024-02-06 00:00:00,10.600,1005.300,5.000,20.000,6.400,5.666
2024-02-06 01:00:00,10.900,1005.700,4.500,11.000,5.600,4.593
2024-02-06 02:00:00,11.900,1006.200,7.700,30.000,9.800,3.740
2024-02-06 03:00:00,12.100,1006.700,7.700,33.000,9.600,3.009
2024-02-06 04:00:00,12.000,1006.900,8.800,32.000,11.900,2.959
2024-02-06 05:00:00,11.600,1006.900,8.000,23.000,10.500,3.570
2024-02-06 06:00:00,11.300,1007.200,6.400,25.000,8.500,4.806
2024-02-06 07:00:00,11.200,1007.600,7.100,30.000,9.300,6.171
2024-02-06 08:00:00,10.900,1007.500,8.100,22.000,10.600,7.579
2024-02-06 09:00:00,10.500,1007.800,7.600,24.000,9.400,8.494
2024-02-06 10:00:00,9.000,1008.200,7.100,11.000,8.700,8.888
2024-02-06 11:00:00,8.600,1008.800,8.800,15.000,11.600,8.648
2024-02-06 12:00:00,8.400,1009.500,10.000,20.000,14.200,7.861
2024-02-06 13:00:00,8.300,1010.800,10.900,22.000,13.200,6.654
2024-02-06 14:00:00,8.800,1011.400,9.200,23.000,11.600,5.440
2024-02-06 15:00:00,9.400,1012.000,8.500,11.000,12.300,3.944
2024-02-06 16:00:00,10.400,1012.400,7.800,15.000,10.500,2.959
2024-02-06 17:00:00,11.400,1012.400,10.000,11.000,11.900,2.861
2024-02-06 18:00:00,12.200,1012.300,9.500,24.000,11.900,3.730
2024-02-06 19:00:00,13.400,1012.000,7.700,2.000,9.900,4.944
2024-02-06 20:00:00,13.400,1012.500,8.200,17.000,11.200,6.043
2024-02-06 21:00:00,13.800,1013.000,7.600,14.000,10.100,6.998
2024-02-06 22:00:00,13.400,1013.800,5.800,18.000,7.000,7.421
2024-02-06 23:00:00,12.500,1014.600,5.900,356.000,7.900,7.375
2024-02-07 00:00:00,11.500,1015.900,3.500,4.000,4.900,6.821
2024-02-07 01:00:00,10.900,1017.000,3.700,11.000,4.900,5.728
2024-02-07 02:00:00,9.900,1017.700,3.400,347.000,4.200,4.314
2024-02-07 03:00:00,8.900,1018.300,2.600,346.000,3.100,3.064
2024-02-07 04:00:00,8.000,1018.500,2.800,1.000,3.100,2.028
2024-02-07 05:00:00,9.700,1019.000,5.900,54.000,7.600,2.106
2024-02-07 06:00:00,8.800,1019.200,5.900,54.000,8.400,3.074
2024-02-07 07:00:00,8.000,1019.300,6.000,53.000,7.600,4.560
2024-02-07 08:00:00,7.400,1019.900,6.200,54.000,9.600,6.257
2024-02-07 09:00:00,6.700,1021.300,5.800,34.000,7.300,7.717
2024-02-07 10:00:00,6.000,1021.800,6.800,28.000,8.300,8.668
2024-02-07 11:00:00,5.900,1022.500,7.100,38.000,8.900,8.983
2024-02-07 12:00:00,5.200,1023.100,7.300,36.000,9.300,8.570
2024-02-07 13:00:00,4.900,1023.800,6.700,65.000,8.200,7.602
2024-02-07 14:00:00,5.100,1024.700,6.900,61.000,8.800,6.178
2024-02-07 15:00:00,5.800,1025.200,4.600,42.000,6.200,4.551
2024-02-07 16:00:00,6.700,1025.600,4.300,48.000,5.400,3.041
2024-02-07 17:00:00,7.900,1025.000,4.500,49.000,5.800,2.077
2024-02-07 18:00:00,9.300,1024.300,3.100,79.000,3.800,1.985
2024-02-07 19:00:00,10.000,1023.500,4.200,101.000,4.800,3.140
2024-02-07 20:00:00,10.700,1023.400,3.700,108.000,4.200,4.455
2024-02-07 21:00:00,11.500,1023.400,3.500,113.000,3.800,5.837
2024-02-07 22:00:00,11.000,1023.900,2.800,119.000,3.300,6.952
2024-02-07 23:00:00,9.800,1024.100,1.200,148.000,1.500,7.612
2024-02-08 00:00:00,7.700,1024.700,0.300,198.000,0.400,7.480
2024-02-08 01:00:00,7.600,1025.100,0.000,244.000,0.000,6.657
2024-02-08 02:00:00,7.300,1025.700,0.900,283.000,1.000,5.187
2024-02-08 03:00:00,7.500,1025.700,0.000,288.000,0.000,3.494
2024-02-08 04:00:00,7.700,1025.700,0.200,6.000,0.300,1.693
2024-02-08 05:00:00,7.600,1026.200,2.000,318.000,2.500,0.571
2024-02-08 06:00:00,6.600,1026.500,1.900,316.000,2.400,0.466
2024-02-08 07:00:00,6.000,1026.400,2.500,349.000,3.200,1.978
2024-02-08 08:00:00,5.800,1026.100,1.600,322.000,1.900,4.104
2024-02-08 09:00:00,6.000,1025.600,0.600,329.000,0.800,6.161
2024-02-08 10:00:00,6.200,1025.700,1.400,336.000,1.800,7.953
2024-02-08 11:00:00,6.000,1025.700,0.900,5.000,1.200,8.802
2024-02-08 12:00:00,8.500,1026.300,2.600,55.000,3.100,9.026
2024-02-08 13:00:00,8.600,1026.700,2.300,16.000,2.900,8.379
2024-02-08 14:00:00,9.800,1027.200,2.300,47.000,2.600,6.998
2024-02-08 15:00:00,10.700,1027.100,3.800,68.000,4.500,5.299
2024-02-08 16:00:00,11.100,1027.300,4.100,93.000,5.300,3.507
2024-02-08 17:00:00,11.400,1026.900,4.600,79.000,5.100,1.667
2024-02-08 18:00:00,11.800,1026.200,5.200,102.000,5.700,0.751
2024-02-08 19:00:00,11.600,1025.900,6.500,97.000,7.100,1.230
2024-02-08 20:00:00,11.800,1025.100,7.000,107.000,7.700,2.733
2024-02-08 21:00:00,12.000,1025.400,5.600,102.000,6.200,4.619
2024-02-08 22:00:00,11.800,1025.200,5.800,110.000,6.300,6.355
2024-02-08 23:00:00,11.800,1025.000,5.200,102.000,5.800,7.589
2024-02-09 00:00:00,11.800,1025.700,3.300,89.000,3.900,8.087
2024-02-09 01:00:00,11.800,1025.800,3.100,102.000,3.500,7.785
2024-02-09 02:00:00,11.900,1025.300,3.200,119.000,3.800,6.450
2024-02-09 03:00:00,11.900,1025.300,1.800,88.000,2.200,4.705
2024-02-09 04:00:00,11.600,1024.700,1.900,109.000,2.300,2.694
2024-02-09 05:00:00,11.800,1024.700,1.300,79.000,1.600,0.909
2024-02-09 06:00:00,11.500,1024.000,1.700,103.000,1.900,-0.098
2024-02-09 07:00:00,11.600,1023.200,1.700,106.000,1.800,0.381
2024-02-09 08:00:00,11.400,1022.700,2.600,87.000,2.900,2.090
2024-02-09 09:00:00,11.800,1023.100,2.400,93.000,2.700,4.232
2024-02-09 10:00:00,11.700,1023.800,0.900,8.000,1.200,6.512
2024-02-09 11:00:00,10.300,1024.300,1.400,350.000,1.800,8.202
2024-02-09 12:00:00,9.700,1024.100,0.000,216.000,0.500,9.006
2024-02-09 13:00:00,10.400,1023.700,1.500,121.000,1.800,9.081
2024-02-09 14:00:00,12.400,1024.900,0.400,3.000,0.800,8.219
2024-02-09 15:00:00,14.000,1025.100,1.100,99.000,1.300,6.480
2024-02-09 16:00:00,15.000,1024.300,1.700,133.000,3.000,4.682
2024-02-09 17:00:00,18.200,1023.800,2.400,195.000,3.500,2.638
2024-02-09 18:00:00,19.200,1023.000,3.300,207.000,4.500,0.853
2024-02-09 19:00:00,19.000,1021.800,2.100,200.000,3.700,-0.003
2024-02-09 20:00:00,18.200,1021.600,2.000,191.000,3.900,0.400
2024-02-09 21:00:00,18.200,1021.200,2.400,176.000,3.500,2.333
2024-02-09 22:00:00,17.700,1021.500,1.300,194.000,2.000,4.567
2024-02-09 23:00:00,16.100,1021.600,1.400,190.000,2.400,6.788
2024-02-10 00:00:00,14.600,1021.600,1.400,210.000,2.100,8.061
2024-02-10 01:00:00,13.600,1021.800,2.200,199.000,3.000,8.455
2024-02-10 02:00:00,13.700,1021.900,1.400,203.000,2.000,7.654
2024-02-10 03:00:00,13.100,1022.100,1.500,205.000,2.000,6.096
2024-02-10 04:00:00,13.700,1021.900,2.500,214.000,3.700,4.170
2024-02-10 05:00:00,14.000,1021.400,2.300,213.000,3.700,2.031
2024-02-10 06:00:00,14.100,1021.000,2.000,209.000,3.400,0.302
2024-02-10 07:00:00,14.100,1020.700,2.800,207.000,3.800,-0.591
2024-02-10 08:00:00,13.600,1020.700,1.400,242.000,2.400,-0.062
2024-02-10 09:00:00,13.600,1020.200,2.800,221.000,3.300,1.755
2024-02-10 10:00:00,13.100,1020.300,2.600,213.000,3.100,4.094
2024-02-10 11:00:00,12.500,1020.800,2.000,232.000,2.300,6.496
2024-02-10 12:00:00,12.300,1021.200,1.600,213.000,2.100,8.110
2024-02-10 13:00:00,12.800,1020.600,2.000,201.000,2.500,8.921
2024-02-10 14:00:00,14.100,1021.700,1.400,209.000,1.900,8.789
2024-02-10 15:00:00,16.200,1021.800,2.000,213.000,2.600,7.661
2024-02-10 16:00:00,17.100,1021.600,2.400,214.000,3.300,6.047
2024-02-10 17:00:00,17.600,1021.100,2.300,209.000,3.700,4.012
2024-02-10 18:00:00,17.200,1020.100,1.800,190.000,3.300,1.847
2024-02-10 19:00:00,18.400,1018.900,2.100,195.000,3.600,-0.036
2024-02-10 20:00:00,18.800,1018.700,2.700,203.000,4.000,-0.879
2024-02-10 21:00:00,18.200,1018.000,2.100,197.000,3.800,0.016
2024-02-10 22:00:00,17.000,1017.600,2.400,209.000,4.200,2.218
2024-02-10 23:00:00,15.600,1017.500,3.100,213.000,4.800,4.731
2024-02-11 00:00:00,14.900,1017.600,3.100,221.000,4.200,7.014
2024-02-11 01:00:00,15.600,1017.900,4.000,221.000,5.100,8.199
2024-02-11 02:00:00,15.400,1017.800,3.500,215.000,4.500,8.314
2024-02-11 03:00:00,15.200,1017.800,3.200,219.000,4.500,7.352
2024-02-11 04:00:00,14.600,1017.500,1.300,216.000,2.200,5.692
2024-02-11 05:00:00,15.100,1016.900,3.400,223.000,4.900,3.766
2024-02-11 06:00:00,15.500,1016.400,3.000,223.000,4.300,1.581
2024-02-11 07:00:00,14.700,1015.700,2.400,209.000,3.200,-0.151
2024-02-11 08:00:00,14.100,1015.100,1.700,195.000,2.500,-0.784
2024-02-11 09:00:00,13.100,1014.700,1.600,225.000,2.100,-0.062
2024-02-11 10:00:00,12.600,1015.200,1.200,192.000,1.700,1.732
2024-02-11 11:00:00,12.900,1015.300,1.300,184.000,2.000,4.170
2024-02-11 12:00:00,13.400,1015.800,1.900,217.000,2.500,6.621
2024-02-11 13:00:00,14.400,1015.700,2.200,205.000,3.400,8.084
2024-02-11 14:00:00,16.700,1016.100,2.500,237.000,4.300,8.740
2024-02-11 15:00:00,16.600,1016.200,3.400,219.000,4.700,8.373
2024-02-11 16:00:00,18.700,1016.200,2.000,208.000,2.700,7.146
2024-02-11 17:00:00,18.500,1015.600,2.000,212.000,3.000,5.299
2024-02-11 18:00:00,18.300,1015.200,3.000,230.000,4.000,3.274
2024-02-11 19:00:00,19.400,1014.000,2.200,217.000,3.300,0.997
2024-02-11 20:00:00,19.000,1013.400,2.300,202.000,3.400,-0.696
2024-02-11 21:00:00,18.600,1013.500,2.100,209.000,2.800,-1.335
2024-02-11 22:00:00,17.600,1013.600,3.000,204.000,3.900,0.085
2024-02-11 23:00:00,17.000,1013.600,1.800,191.000,2.800,2.474
2024-02-12 00:00:00,16.600,1013.900,1.100,195.000,1.700,5.184
2024-02-12 01:00:00,15.900,1013.600,1.800,193.000,3.000,7.428
2024-02-12 02:00:00,15.400,1013.400,1.500,202.000,2.300,8.327
2024-02-12 03:00:00,15.700,1013.600,3.200,217.000,4.300,8.219
2024-02-12 04:00:00,15.400,1013.800,0.100,253.000,0.400,7.037
2024-02-12 05:00:00,16.300,1013.900,2.700,354.000,3.200,5.377
2024-02-12 06:00:00,16.200,1013.100,1.800,9.000,2.400,3.422
2024-02-12 07:00:00,16.000,1013.400,2.800,9.000,3.100,1.253
2024-02-12 08:00:00,16.000,1012.200,2.800,31.000,3.800,-0.361
2024-02-12 09:00:00,15.800,1011.900,2.500,74.000,3.600,-1.014
2024-02-12 10:00:00,14.600,1011.200,4.400,115.000,5.000,0.003
2024-02-12 11:00:00,13.700,1011.200,3.900,112.000,4.300,2.260
2024-02-12 12:00:00,15.400,1010.500,4.100,130.000,5.300,4.741
2024-02-12 13:00:00,15.900,1009.900,3.900,136.000,5.000,6.985
2024-02-12 14:00:00,15.500,1010.300,1.000,162.000,1.500,8.199
2024-02-12 15:00:00,15.300,1011.800,3.600,20.000,4.300,8.704
2024-02-12 16:00:00,15.600,1013.100,2.900,39.000,3.500,8.189
2024-02-12 17:00:00,15.900,1013.100,3.500,42.000,4.200,6.729
2024-02-12 18:00:00,15.800,1010.900,6.400,56.000,7.700,4.859
2024-02-12 19:00:00,14.800,1009.300,3.600,66.000,5.000,2.756
2024-02-12 20:00:00,14.200,1008.100,5.400,92.000,6.400,0.732
2024-02-12 21:00:00,14.000,1007.700,2.900,128.000,4.300,-0.764
2024-02-12 22:00:00,13.900,1006.400,6.300,101.000,7.000,-0.764
2024-02-12 23:00:00,13.600,1006.000,4.000,92.000,5.000,1.112
2024-02-13 00:00:00,15.500,1005.500,2.800,150.000,3.600,3.970
2024-02-13 01:00:00,15.800,1005.600,2.000,179.000,3.200,6.627
2024-02-13 02:00:00,15.400,1004.000,3.200,204.000,4.700,8.255
2024-02-13 03:00:00,15.400,1003.200,5.500,222.000,7.600,8.727
2024-02-13 04:00:00,15.800,1003.800,4.100,228.000,5.800,8.235
2024-02-13 05:00:00,16.200,1003.300,4.000,220.000,5.400,7.067
2024-02-13 06:00:00,17.500,1003.400,6.900,264.000,7.100,5.305
2024-02-13 07:00:00,16.300,1004.300,9.700,276.000,13.900,3.353
2024-02-13 08:00:00,13.800,1005.800,11.100,286.000,16.600,1.198
2024-02-13 09:00:00,12.800,1006.200,10.600,284.000,14.700,-0.577
2024-02-13 10:00:00,12.200,1007.100,11.800,288.000,16.200,-1.470
2024-02-13 11:00:00,12.000,1008.200,10.900,300.000,14.600,-0.853
2024-02-13 12:00:00,11.600,1009.100,11.000,286.000,13.700,0.728
2024-02-13 13:00:00,11.300,1010.700,8.600,287.000,10.600,3.015
2024-02-13 14:00:00,11.800,1011.800,10.400,293.000,12.600,5.079
2024-02-13 15:00:00,12.100,1012.600,11.800,302.000,13.500,6.591
2024-02-13 16:00:00,12.700,1013.700,10.700,310.000,12.500,7.169
2024-02-13 17:00:00,13.800,1013.900,9.100,299.000,10.800,6.654
2024-02-13 18:00:00,15.200,1014.000,8.100,294.000,9.200,5.364
2024-02-13 19:00:00,15.400,1013.600,8.300,317.000,9.500,3.517
2024-02-13 20:00:00,16.100,1013.600,6.900,304.000,7.800,1.335
2024-02-13 21:00:00,16.600,1013.800,6.600,308.000,7.800,-0.443
2024-02-13 22:00:00,16.200,1014.800,7.900,301.000,8.900,-1.519
2024-02-13 23:00:00,14.700,1015.900,4.400,300.000,4.800,-0.873
2024-02-14 00:00:00,13.500,1016.900,2.700,317.000,3.100,0.968
2024-02-14 01:00:00,11.700,1017.700,1.200,283.000,1.400,3.461
2024-02-14 02:00:00,12.000,1018.500,2.600,302.000,3.100,5.951
2024-02-14 03:00:00,12.400,1019.000,3.900,312.000,4.800,7.418
2024-02-14 04:00:00,11.400,1019.200,3.400,307.000,4.200,7.930
2024-02-14 05:00:00,10.800,1019.700,2.300,301.000,2.800,7.477
2024-02-14 06:00:00,10.700,1020.000,3.100,310.000,3.500,6.280
2024-02-14 07:00:00,10.200,1020.100,4.000,318.000,4.800,4.557
2024-02-14 08:00:00,8.400,1020.000,3.800,323.000,4.400,2.582
2024-02-14 09:00:00,8.000,1020.500,3.400,319.000,4.200,0.840
2024-02-14 10:00:00,7.400,1021.300,2.500,332.000,2.800,-0.184
2024-02-14 11:00:00,6.600,1021.900,2.200,345.000,3.000,-0.266
2024-02-14 12:00:00,5.900,1022.700,1.200,323.000,1.600,1.207
2024-02-14 13:00:00,7.600,1023.600,1.200,335.000,1.600,3.035
2024-02-14 14:00:00,9.600,1024.600,2.000,31.000,2.800,4.941
2024-02-14 15:00:00,11.200,1024.600,3.600,73.000,4.700,6.621
2024-02-14 16:00:00,11.800,1025.100,6.300,78.000,7.300,7.556
2024-02-14 17:00:00,12.500,1025.000,5.400,88.000,6.200,7.575
2024-02-14 18:00:00,12.700,1024.200,6.400,92.000,7.000,6.814
2024-02-14 19:00:00,12.900,1023.800,6.000,93.000,6.600,5.371
2024-02-14 20:00:00,13.000,1023.600,4.800,95.000,5.500,3.386
2024-02-14 21:00:00,13.000,1023.600,3.900,97.000,4.500,1.522
2024-02-14 22:00:00,13.000,1023.500,3.300,101.000,3.900,0.131
2024-02-14 23:00:00,12.600,1022.800,2.500,122.000,3.500,-0.236
2024-02-15 00:00:00,11.600,1023.700,2.300,124.000,2.500,0.797
2024-02-15 01:00:00,11.300,1023.800,2.200,114.000,2.400,2.707
2024-02-15 02:00:00,11.100,1024.500,2.100,124.000,2.300,4.892
2024-02-15 03:00:00,10.400,1024.900,1.100,166.000,1.400,6.581
2024-02-15 04:00:00,10.000,1025.300,0.700,145.000,0.900,7.543
2024-02-15 05:00:00,10.100,1024.900,0.300,38.000,0.400,8.064
2024-02-15 06:00:00,9.600,1024.600,0.000,327.000,0.000,7.497
2024-02-15 07:00:00,10.200,1024.100,0.900,12.000,1.200,6.398
2024-02-15 08:00:00,10.100,1023.600,1.100,357.000,1.400,4.954
2024-02-15 09:00:00,10.100,1023.800,1.900,348.000,2.000,3.173
2024-02-15 10:00:00,9.600,1024.100,1.300,327.000,1.700,1.611
2024-02-15 11:00:00,9.300,1024.400,1.100,348.000,1.500,0.636
2024-02-15 12:00:00,9.600,1024.600,0.600,326.000,0.800,0.581
2024-02-15 13:00:00,11.100,1024.500,0.000,329.000,0.000,1.663
2024-02-15 14:00:00,13.000,1024.600,0.600,100.000,0.800,3.271
2024-02-15 15:00:00,15.300,1025.400,1.200,75.000,1.300,4.964
2024-02-15 16:00:00,14.400,1025.500,2.600,112.000,2.800,6.427
2024-02-15 17:00:00,14.800,1024.500,3.300,100.000,3.700,7.073
2024-02-15 18:00:00,15.900,1023.200,2.400,99.000,2.800,7.244
2024-02-15 19:00:00,16.000,1022.200,2.300,102.000,2.700,6.368
2024-02-15 20:00:00,18.700,1021.200,2.700,171.000,3.900,4.911
2024-02-15 21:00:00,18.900,1020.800,3.300,188.000,5.000,3.081
2024-02-15 22:00:00,18.300,1020.400,3.000,173.000,4.400,1.414
2024-02-15 23:00:00,16.600,1020.400,2.100,182.000,3.300,0.305
2024-02-16 00:00:00,15.600,1020.300,2.700,207.000,4.100,0.262
2024-02-16 01:00:00,15.000,1020.700,3.000,220.000,4.300,1.535
2024-02-16 02:00:00,15.200,1020.100,4.300,219.000,6.000,3.097
2024-02-16 03:00:00,14.900,1020.100,2.400,228.000,3.500,5.003
2024-02-16 04:00:00,14.000,1019.900,2.100,231.000,3.000,6.450
2024-02-16 05:00:00,14.100,1019.500,1.700,251.000,2.800,7.208
2024-02-16 06:00:00,13.600,1019.400,1.500,242.000,1.900,7.740
2024-02-16 07:00:00,13.200,1019.100,2.400,233.000,3.000,7.392
2024-02-16 08:00:00,13.100,1019.100,2.500,275.000,3.300,6.296
2024-02-16 09:00:00,13.700,1018.700,2.100,261.000,2.600,4.708
2024-02-16 10:00:00,13.200,1018.400,2.500,309.000,2.900,2.989
2024-02-16 11:00:00,12.300,1018.800,1.700,286.000,1.900,1.562
2024-02-16 12:00:00,12.400,1018.800,0.700,314.000,0.900,0.846
2024-02-16 13:00:00,12.200,1018.600,0.900,234.000,1.000,1.194
2024-02-16 14:00:00,14.500,1019.200,1.700,220.000,2.400,2.165
2024-02-16 15:00:00,17.600,1018.700,1.200,306.000,1.600,3.451
2024-02-16 16:00:00,18.000,1018.700,2.200,212.000,3.100,4.921
2024-02-16 17:00:00,18.700,1017.800,1.900,197.000,3.100,6.115
2024-02-16 18:00:00,19.700,1016.500,3.000,200.000,4.500,6.867
2024-02-16 19:00:00,19.200,1015.100,3.000,180.000,4.200,6.736
2024-02-16 20:00:00,18.500,1014.800,2.200,188.000,3.700,5.902
2024-02-16 21:00:00,17.400,1014.600,2.100,188.000,3.700,4.626
2024-02-16 22:00:00,15.500,1014.600,3.800,201.000,5.200,3.054
2024-02-16 23:00:00,15.400,1015.100,3.600,211.000,6.500,1.585
2024-02-17 00:00:00,16.000,1014.700,4.000,191.000,7.500,0.735
2024-02-17 01:00:00,15.600,1014.600,2.500,243.000,4.400,0.837
2024-02-17 02:00:00,15.800,1013.500,5.300,218.000,7.700,1.716
2024-02-17 03:00:00,15.400,1012.500,2.700,204.000,6.200,3.071
2024-02-17 04:00:00,14.900,1012.900,3.100,283.000,4.700,4.639
2024-02-17 05:00:00,14.800,1013.200,6.400,289.000,8.000,6.280
2024-02-17 06:00:00,15.000,1012.800,4.000,271.000,6.100,7.175
2024-02-17 07:00:00,14.500,1012.200,3.500,263.000,4.800,7.723
2024-02-17 08:00:00,14.200,1011.600,3.900,259.000,6.200,7.257
2024-02-17 09:00:00,14.200,1011.200,3.600,256.000,6.100,6.050
2024-02-17 10:00:00,14.300,1011.300,4.500,261.000,6.000,4.587
2024-02-17 11:00:00,14.100,1011.700,3.000,259.000,5.300,2.930
2024-02-17 12:00:00,14.000,1012.000,2.600,255.000,3.600,1.644
2024-02-17 13:00:00,14.300,1012.500,2.600,266.000,4.000,0.840
2024-02-17 14:00:00,14.900,1012.900,4.000,276.000,5.600,1.079
2024-02-17 15:00:00,15.900,1012.600,4.600,281.000,6.600,1.962
2024-02-17 16:00:00,16.300,1012.900,4.400,283.000,5.300,3.222
2024-02-17 17:00:00,16.700,1012.400,4.500,278.000,6.100,4.633
2024-02-17 18:00:00,16.500,1011.800,4.700,295.000,5.300,5.705
2024-02-17 19:00:00,16.800,1011.100,4.700,307.000,5.900,5.991
2024-02-17 20:00:00,16.500,1011.000,4.000,306.000,4.600,6.083
2024-02-17 21:00:00,16.200,1010.900,2.800,305.000,3.400,5.289
2024-02-17 22:00:00,16.300,1011.700,3.000,319.000,3.600,4.019
2024-02-17 23:00:00,15.700,1012.300,3.100,342.000,3.900,2.753
2024-02-18 00:00:00,14.800,1013.100,3.300,340.000,3.900,1.759
2024-02-18 01:00:00,14.100,1014.500,4.300,5.000,5.200,1.175
2024-02-18 02:00:00,13.900,1014.900,3.300,12.000,4.200,1.112
2024-02-18 03:00:00,13.100,1015.000,2.700,341.000,3.200,1.824
2024-02-18 04:00:00,13.100,1014.600,3.400,33.000,4.100,3.081
2024-02-18 05:00:00,13.200,1014.900,5.600,60.000,6.800,4.875
2024-02-18 06:00:00,12.600,1016.100,5.200,58.000,6.100,6.503
2024-02-18 07:00:00,12.100,1016.200,5.600,52.000,7.000,7.697
2024-02-18 08:00:00,11.600,1016.500,5.200,62.000,6.600,8.077
2024-02-18 09:00:00,11.300,1016.400,4.900,67.000,6.000,7.808
2024-02-18 10:00:00,11.000,1016.500,5.800,65.000,6.900,6.890
2024-02-18 11:00:00,10.600,1016.900,6.100,52.000,8.500,5.581
2024-02-18 12:00:00,10.200,1017.700,5.000,59.000,6.200,4.268
2024-02-18 13:00:00,9.800,1018.100,5.000,41.000,6.400,3.031
2024-02-18 14:00:00,9.200,1018.500,5.300,45.000,7.100,2.277
2024-02-18 15:00:00,9.200,1018.600,4.600,52.000,5.700,2.264
2024-02-18 16:00:00,9.200,1018.700,5.000,66.000,6.000,2.982
2024-02-18 17:00:00,9.400,1018.400,4.600,51.000,6.100,3.967
2024-02-18 18:00:00,9.400,1017.500,5.000,36.000,6.100,5.272
2024-02-18 19:00:00,9.400,1016.700,4.200,32.000,5.000,6.201
2024-02-18 20:00:00,9.700,1016.200,4.300,19.000,5.400,6.791
2024-02-18 21:00:00,9.600,1016.400,4.200,30.000,5.700,6.677
2024-02-18 22:00:00,9.500,1016.700,3.000,25.000,3.900,6.181
2024-02-18 23:00:00,9.200,1016.800,3.200,8.000,4.000,5.046
2024-02-19 00:00:00,8.900,1017.200,3.200,11.000,4.000,3.930
2024-02-19 01:00:00,8.200,1017.900,2.600,351.000,4.000,2.818
2024-02-19 02:00:00,7.800,1017.800,2.300,4.000,2.600,2.018
2024-02-19 03:00:00,7.700,1017.900,2.000,349.000,2.300,1.644
2024-02-19 04:00:00,7.200,1017.800,2.600,359.000,3.100,2.287
2024-02-19 05:00:00,6.900,1017.700,2.700,13.000,3.000,3.383
2024-02-19 06:00:00,6.500,1017.800,1.900,352.000,2.400,4.911
2024-02-19 07:00:00,5.900,1017.600,2.100,351.000,2.700,6.302
2024-02-19 08:00:00,5.800,1017.600,2.500,348.000,2.700,7.362
2024-02-19 09:00:00,5.400,1017.700,1.800,360.000,2.900,7.651
2024-02-19 10:00:00,6.300,1018.000,2.000,355.000,2.400,7.244
2024-02-19 11:00:00,6.000,1018.400,2.000,342.000,2.300,6.306
2024-02-19 12:00:00,5.800,1020.000,2.400,314.000,2.800,5.157
2024-02-19 13:00:00,5.900,1020.200,2.800,352.000,3.500,3.615
2024-02-19 14:00:00,7.500,1021.100,3.400,343.000,4.100,2.359
2024-02-19 15:00:00,10.400,1021.200,3.800,6.000,4.700,1.663
2024-02-19 16:00:00,11.100,1021.200,5.500,28.000,6.600,1.929
2024-02-19 17:00:00,11.300,1021.100,7.000,66.000,8.400,2.776
2024-02-19 18:00:00,11.900,1020.500,6.000,87.000,7.800,4.072
2024-02-19 19:00:00,11.700,1020.300,6.300,93.000,7.000,5.095
2024-02-19 20:00:00,11.900,1020.300,6.200,102.000,6.800,6.138
2024-02-19 21:00:00,11.900,1020.700,5.800,104.000,6.300,6.588
2024-02-19 22:00:00,11.900,1020.700,6.000,102.000,6.300,6.558
2024-02-19 23:00:00,11.700,1021.200,4.700,114.000,5.300,6.165
2024-02-20 00:00:00,11.900,1021.600,5.300,101.000,5.900,5.282
2024-02-20 01:00:00,11.100,1022.400,2.700,124.000,3.300,4.065
2024-02-20 02:00:00,11.800,1022.800,2.800,83.000,3.100,2.769
2024-02-20 03:00:00,9.300,1023.300,2.000,296.000,2.200,1.808
2024-02-20 04:00:00,8.100,1023.400,2.400,305.000,2.800,1.237
2024-02-20 05:00:00,7.400,1023.300,2.200,8.000,2.800,1.890
2024-02-20 06:00:00,7.900,1023.300,0.000,286.000,0.300,3.304
2024-02-20 07:00:00,7.800,1023.200,1.900,329.000,2.100,5.013
2024-02-20 08:00:00,8.100,1022.700,2.100,40.000,2.300,6.532
2024-02-20 09:00:00,7.400,1022.900,2.700,315.000,3.100,7.493
2024-02-20 10:00:00,7.000,1023.600,1.900,347.000,2.200,7.700
2024-02-20 11:00:00,6.000,1024.500,2.200,313.000,2.500,7.365
2024-02-20 12:00:00,6.100,1025.200,2.300,1.000,2.900,6.532
2024-02-20 13:00:00,7.500,1025.800,2.600,325.000,3.000,5.098
2024-02-20 14:00:00,10.100,1026.000,3.300,58.000,5.600,3.642
2024-02-20 15:00:00,11.200,1026.800,3.200,74.000,3.800,2.418
2024-02-20 16:00:00,11.900,1027.100,3.400,105.000,4.000,1.722
2024-02-20 17:00:00,11.800,1026.800,6.300,95.000,7.000,1.857
2024-02-20 18:00:00,12.100,1025.800,6.500,97.000,7.400,2.730
2024-02-20 19:00:00,12.200,1025.100,5.700,109.000,6.500,3.924
2024-02-20 20:00:00,12.500,1024.600,5.800,104.000,6.500,5.217
2024-02-20 21:00:00,13.100,1024.400,4.000,109.000,4.500,6.207
2024-02-20 22:00:00,12.800,1024.400,4.300,106.000,4.600,6.804
2024-02-20 23:00:00,12.300,1024.900,1.000,95.000,1.200,6.693
2024-02-21 00:00:00,11.000,1025.000,0.600,81.000,0.800,6.083
2024-02-21 01:00:00,10.900,1025.300,0.500,75.000,0.700,5.121
2024-02-21 02:00:00,9.600,1025.500,0.000,75.000,0.000,3.786
2024-02-21 03:00:00,10.000,1025.800,2.200,340.000,2.400,2.464
2024-02-21 04:00:00,8.900,1026.200,1.900,353.000,2.500,1.411
2024-02-21 05:00:00,8.300,1026.100,2.400,343.000,2.500,1.178
2024-02-21 06:00:00,7.800,1026.000,2.700,4.000,3.100,1.916
2024-02-21 07:00:00,10.400,1025.500,4.100,51.000,5.200,3.340
2024-02-21 08:00:00,10.700,1025.100,5.100,59.000,6.400,5.016
2024-02-21 09:00:00,10.100,1025.100,4.100,60.000,4.900,6.545
2024-02-21 10:00:00,9.700,1025.400,3.200,41.000,4.400,7.523
2024-02-21 11:00:00,9.400,1026.100,3.600,26.000,4.300,7.927
2024-02-21 12:00:00,6.900,1026.800,2.500,345.000,2.900,7.654
2024-02-21 13:00:00,9.000,1027.200,2.800,14.000,3.500,6.713
2024-02-21 14:00:00,10.100,1027.500,3.400,25.000,4.100,5.259
2024-02-21 15:00:00,11.000,1027.800,3.600,52.000,4.900,3.786
2024-02-21 16:00:00,11.800,1027.700,3.800,95.000,4.700,2.402
2024-02-21 17:00:00,12.600,1027.100,4.000,77.000,5.100,1.778
2024-02-21 18:00:00,13.200,1026.200,3.900,109.000,4.500,2.011
2024-02-21 19:00:00,13.200,1025.100,3.700,106.000,4.300,2.989
2024-02-21 20:00:00,14.400,1024.500,3.600,114.000,3.900,4.213
2024-02-21 21:00:00,15.100,1023.500,4.000,114.000,4.400,5.459
2024-02-21 22:00:00,14.700,1023.400,2.900,135.000,3.600,6.480
2024-02-21 23:00:00,13.000,1023.500,1.700,158.000,2.400,7.014
2024-02-22 00:00:00,10.800,1023.800,1.500,228.000,1.800,7.064
2024-02-22 01:00:00,10.300,1024.100,1.600,232.000,1.900,6.588
2024-02-22 02:00:00,10.100,1024.100,1.100,216.000,1.400,5.348
2024-02-22 03:00:00,10.000,1023.800,1.300,229.000,1.500,3.809
2024-02-22 04:00:00,9.800,1023.800,0.700,254.000,0.900,2.221
2024-02-22 05:00:00,9.600,1022.800,0.100,155.000,0.500,1.198
2024-02-22 06:00:00,9.300,1023.000,0.900,305.000,1.000,1.024
2024-02-22 07:00:00,9.000,1022.600,1.000,305.000,1.300,1.818
2024-02-22 08:00:00,8.600,1021.600,0.400,333.000,0.700,3.593
2024-02-22 09:00:00,8.700,1021.500,0.900,328.000,1.100,5.499
2024-02-22 10:00:00,7.900,1021.600,1.300,339.000,1.500,7.005
2024-02-22 11:00:00,8.200,1022.000,1.200,320.000,1.400,7.917
2024-02-22 12:00:00,7.700,1021.800,0.400,312.000,0.600,8.140
2024-02-22 13:00:00,11.200,1021.800,0.800,270.000,1.000,7.539
2024-02-22 14:00:00,11.600,1021.800,1.900,306.000,2.100,6.352
2024-02-22 15:00:00,12.900,1021.300,2.200,213.000,2.700,4.813
2024-02-22 16:00:00,14.400,1021.000,3.200,205.000,4.000,3.120
2024-02-22 17:00:00,15.700,1020.200,4.400,219.000,5.500,1.785
2024-02-22 18:00:00,16.500,1018.100,3.800,201.000,6.000,1.158
2024-02-22 19:00:00,16.800,1017.000,4.400,207.000,6.300,1.522
2024-02-22 20:00:00,16.800,1016.000,3.600,194.000,5.900,2.772
2024-02-22 21:00:00,16.600,1015.000,4.000,178.000,5.800,4.173
2024-02-22 22:00:00,15.600,1014.500,3.200,188.000,5.800,5.879
2024-02-22 23:00:00,14.700,1014.100,2.300,198.000,4.200,6.959
2024-02-23 00:00:00,14.200,1013.500,3.600,201.000,5.700,7.428
2024-02-23 01:00:00,14.200,1013.100,3.900,203.000,5.700,7.156
2024-02-23 02:00:00,14.300,1012.400,5.300,211.000,7.600,6.270
2024-02-23 03:00:00,14.700,1011.200,5.800,207.000,8.200,4.721
2024-02-23 04:00:00,14.300,1011.400,4.900,227.000,6.900,2.972
2024-02-23 05:00:00,14.200,1011.500,3.700,265.000,6.500,1.506
2024-02-23 06:00:00,13.500,1010.800,4.400,248.000,7.000,0.728
2024-02-23 07:00:00,13.100,1010.000,3.400,238.000,5.600,0.827
2024-02-23 08:00:00,13.000,1009.000,3.500,239.000,5.500,1.873
2024-02-23 09:00:00,13.500,1008.100,4.300,227.000,6.700,3.497
2024-02-23 10:00:00,13.600,1007.800,4.700,233.000,7.000,5.509
2024-02-23 11:00:00,13.400,1007.500,5.200,229.000,7.700,6.939
2024-02-23 12:00:00,13.300,1007.000,5.400,225.000,7.900,7.707
2024-02-23 13:00:00,13.900,1006.600,6.600,222.000,9.400,7.612
2024-02-23 14:00:00,14.600,1006.400,7.900,217.000,11.100,6.824
2024-02-23 15:00:00,15.800,1006.300,4.700,221.000,7.100,5.495
2024-02-23 16:00:00,16.400,1005.400,6.000,210.000,8.200,3.799
2024-02-23 17:00:00,16.900,1004.600,7.300,217.000,9.900,2.051
2024-02-23 18:00:00,17.200,1003.600,5.600,224.000,8.600,0.705
2024-02-23 19:00:00,16.400,1003.200,2.800,234.000,4.400,0.200
2024-02-23 20:00:00,20.700,1002.300,4.600,277.000,7.600,0.738
2024-02-23 21:00:00,21.900,1002.100,2.800,251.000,4.200,2.165
2024-02-23 22:00:00,21.400,1002.200,2.800,271.000,3.700,3.858
2024-02-23 23:00:00,19.500,1002.800,6.200,310.000,7.000,5.551
2024-02-24 00:00:00,16.400,1003.300,3.900,300.000,4.200,6.391
2024-02-24 01:00:00,15.700,1004.700,2.600,289.000,3.100,6.765
2024-02-24 02:00:00,16.500,1005.800,5.800,305.000,6.700,6.033
2024-02-24 03:00:00,15.400,1006.700,5.500,307.000,6.200,4.760
2024-02-24 04:00:00,15.100,1007.100,4.900,308.000,5.300,3.094
2024-02-24 05:00:00,13.600,1007.600,4.000,296.000,4.200,1.457
2024-02-24 06:00:00,13.100,1008.200,3.700,297.000,3.900,0.141
2024-02-24 07:00:00,12.900,1008.600,3.000,290.000,3.400,-0.171
2024-02-24 08:00:00,12.400,1008.600,3.000,281.000,4.000,0.486
2024-02-24 09:00:00,12.800,1008.800,5.000,289.000,6.100,2.215
2024-02-24 10:00:00,12.500,1009.300,5.800,298.000,6.900,4.239
2024-02-24 11:00:00,11.800,1010.200,5.600,300.000,6.700,6.086
2024-02-24 12:00:00,11.600,1010.900,5.700,298.000,6.900,7.172
2024-02-24 13:00:00,12.600,1011.900,8.300,298.000,10.500,7.461
2024-02-24 14:00:00,13.300,1012.500,6.900,309.000,8.200,7.005
2024-02-24 15:00:00,14.600,1012.600,7.000,305.000,8.100,5.761
2024-02-24 16:00:00,16.200,1012.400,6.800,312.000,7.900,4.117
2024-02-24 17:00:00,17.400,1011.400,7.700,302.000,9.400,2.411
2024-02-24 18:00:00,19.400,1010.300,5.600,275.000,9.400,1.102
2024-02-24 19:00:00,18.800,1009.300,9.300,286.000,12.700,0.528
2024-02-24 20:00:00,18.900,1009.000,10.400,297.000,12.600,0.768
2024-02-24 21:00:00,19.000,1008.900,7.000,296.000,8.700,2.070
2024-02-24 22:00:00,19.700,1009.400,10.000,296.000,12.300,3.658
2024-02-24 23:00:00,18.500,1010.500,6.900,301.000,8.100,5.404
2024-02-25 00:00:00,15.700,1011.600,2.800,297.000,3.000,6.634
2024-02-25 01:00:00,15.100,1013.200,3.300,315.000,3.900,7.205
2024-02-25 02:00:00,14.000,1014.200,3.500,302.000,3.700,6.860
2024-02-25 03:00:00,14.300,1015.400,4.400,306.000,4.800,5.732
2024-02-25 04:00:00,13.200,1016.400,4.400,330.000,5.400,4.334
2024-02-25 05:00:00,12.100,1017.300,3.600,328.000,4.300,2.776
2024-02-25 06:00:00,10.900,1018.100,2.900,343.000,3.500,1.086
2024-02-25 07:00:00,10.100,1018.200,3.800,6.000,4.900,0.299
2024-02-25 08:00:00,9.200,1018.700,2.600,32.000,3.400,0.381
2024-02-25 09:00:00,7.800,1019.300,1.900,307.000,3.100,1.463
2024-02-25 10:00:00,7.400,1020.000,2.900,355.000,3.400,3.734
2024-02-25 11:00:00,6.200,1020.500,2.400,16.000,3.000,5.679
2024-02-25 12:00:00,7.100,1021.100,4.100,26.000,5.200,7.133
2024-02-25 13:00:00,8.100,1022.000,4.800,34.000,5.900,7.700
2024-02-25 14:00:00,8.100,1022.800,3.500,65.000,4.700,7.680
2024-02-25 15:00:00,8.700,1023.500,3.200,70.000,4.000,6.909
2024-02-25 16:00:00,10.600,1023.800,1.000,29.000,3.100,5.620
2024-02-25 17:00:00,10.500,1023.500,2.900,102.000,3.300,3.996
2024-02-25 18:00:00,10.700,1022.600,3.700,99.000,4.400,2.405
2024-02-25 19:00:00,12.100,1022.100,1.500,157.000,2.900,1.106
2024-02-25 20:00:00,12.300,1021.500,4.100,166.000,5.700,0.659
2024-02-25 21:00:00,12.800,1021.400,2.900,169.000,4.600,1.211
2024-02-25 22:00:00,12.100,1021.700,2.700,152.000,3.600,2.654
2024-02-25 23:00:00,11.000,1022.000,1.500,159.000,2.200,4.695
2024-02-26 00:00:00,10.600,1022.400,1.500,150.000,1.900,6.316
2024-02-26 01:00:00,9.500,1022.900,1.100,167.000,1.300,7.238
2024-02-26 02:00:00,10.300,1023.300,1.300,172.000,1.700,7.398
2024-02-26 03:00:00,11.000,1023.400,1.900,166.000,2.300,6.795
2024-02-26 04:00:00,10.800,1023.000,2.300,163.000,3.000,5.587
2024-02-26 05:00:00,10.500,1022.800,1.800,176.000,2.200,4.019
2024-02-26 06:00:00,10.400,1022.800,1.500,223.000,1.800,2.280
2024-02-26 07:00:00,10.200,1022.800,1.500,221.000,1.800,1.063
2024-02-26 08:00:00,9.900,1022.700,0.400,186.000,0.800,0.407
2024-02-26 09:00:00,9.900,1022.800,1.000,190.000,1.300,1.122
2024-02-26 10:00:00,9.200,1023.000,0.800,233.000,0.900,2.575
2024-02-26 11:00:00,9.000,1023.300,1.200,249.000,1.700,4.462
2024-02-26 12:00:00,9.200,1023.400,1.100,228.000,1.300,6.099
2024-02-26 13:00:00,13.300,1023.700,0.200,128.000,0.300,7.142
2024-02-26 14:00:00,14.500,1024.300,0.900,311.000,1.000,7.585
2024-02-26 15:00:00,14.500,1024.700,3.000,217.000,4.400,7.060
2024-02-26 16:00:00,15.300,1024.800,3.100,220.000,4.100,6.148
2024-02-26 17:00:00,16.700,1024.300,3.100,213.000,4.700,4.698
2024-02-26 18:00:00,16.900,1023.500,3.500,202.000,5.100,2.943
2024-02-26 19:00:00,17.300,1022.400,4.000,198.000,6.200,1.467
2024-02-26 20:00:00,17.500,1021.700,3.200,199.000,6.500,0.472
2024-02-26 21:00:00,17.500,1021.100,3.100,194.000,5.600,0.669
2024-02-26 22:00:00,16.800,1020.800,3.500,187.000,5.600,1.873
2024-02-26 23:00:00,15.300,1020.500,3.600,175.000,5.600,3.691
2024-02-27 00:00:00,13.800,1020.600,1.500,181.000,2.400,5.633
2024-02-27 01:00:00,13.700,1020.500,1.900,169.000,2.900,6.955
2024-02-27 02:00:00,14.200,1020.300,2.500,168.000,4.000,7.569
2024-02-27 03:00:00,14.400,1020.700,1.800,185.000,2.800,7.333
2024-02-27 04:00:00,14.000,1021.100,1.600,215.000,2.500,6.404
2024-02-27 05:00:00,14.000,1020.600,1.600,194.000,2.600,5.010
2024-02-27 06:00:00,14.400,1020.400,3.200,220.000,4.500,3.350
2024-02-27 07:00:00,14.100,1020.500,3.200,222.000,4.600,1.959
2024-02-27 08:00:00,13.400,1019.700,2.100,224.000,3.000,0.758
2024-02-27 09:00:00,12.500,1019.700,1.600,243.000,2.200,0.630
2024-02-27 10:00:00,12.000,1020.100,1.400,237.000,2.200,1.542
2024-02-27 11:00:00,11.800,1020.300,1.400,187.000,1.900,3.310
2024-02-27 12:00:00,11.900,1020.100,1.700,176.000,2.300,5.039
2024-02-27 13:00:00,14.900,1020.400,1.300,195.000,2.200,6.440
2024-02-27 14:00:00,16.700,1020.500,2.600,190.000,4.300,7.093
2024-02-27 15:00:00,17.500,1020.700,3.300,195.000,6.500,7.051
2024-02-27 16:00:00,18.000,1021.500,4.200,207.000,5.300,6.322
2024-02-27 17:00:00,19.100,1020.600,5.500,203.000,8.300,4.974
2024-02-27 18:00:00,18.500,1019.400,4.700,196.000,7.900,3.517
2024-02-27 19:00:00,18.900,1019.000,4.800,210.000,8.100,2.034
2024-02-27 20:00:00,19.600,1017.700,5.300,199.000,9.600,0.873
2024-02-27 21:00:00,20.400,1017.300,5.500,192.000,9.500,0.531
2024-02-27 22:00:00,19.300,1017.100,4.600,196.000,7.700,1.168
2024-02-27 23:00:00,17.700,1017.000,3.000,188.000,5.400,2.405
2024-02-28 00:00:00,16.800,1017.700,3.600,207.000,6.500,4.482
2024-02-28 01:00:00,16.500,1018.100,5.700,219.000,7.800,6.115
2024-02-28 02:00:00,16.700,1018.700,5.700,214.000,8.000,7.159
2024-02-28 03:00:00,16.600,1018.700,5.600,218.000,7.500,7.178
2024-02-28 04:00:00,16.400,1018.800,5.600,223.000,7.900,6.726
2024-02-28 05:00:00,16.600,1018.400,6.700,214.000,11.400,5.627
2024-02-28 06:00:00,16.300,1017.800,5.200,212.000,8.000,4.108
2024-02-28 07:00:00,15.500,1017.500,3.100,225.000,4.900,2.356
2024-02-28 08:00:00,14.600,1017.200,2.100,233.000,2.900,1.243
2024-02-28 09:00:00,14.900,1016.700,2.300,215.000,4.100,0.692
2024-02-28 10:00:00,15.200,1017.400,2.400,226.000,4.000,0.912
2024-02-28 11:00:00,14.000,1018.100,1.900,220.000,2.500,2.178
2024-02-28 12:00:00,13.900,1018.500,1.500,213.000,2.400,3.822
2024-02-28 13:00:00,15.800,1018.700,2.200,216.000,3.100,5.213
2024-02-28 14:00:00,17.600,1019.300,3.700,209.000,5.600,6.204
2024-02-28 15:00:00,19.300,1019.000,4.100,207.000,6.200,6.604
2024-02-28 16:00:00,20.100,1018.600,3.300,206.000,5.500,6.394
2024-02-28 17:00:00,19.500,1018.100,4.300,200.000,6.800,5.423
2024-02-28 18:00:00,19.500,1016.900,7.400,207.000,7.500,4.117
2024-02-28 19:00:00,19.600,1015.600,5.000,198.000,8.900,2.621
2024-02-28 20:00:00,19.700,1016.100,6.400,214.000,9.100,1.375
2024-02-28 21:00:00,18.600,1016.200,6.500,217.000,10.100,0.476
2024-02-28 22:00:00,18.400,1016.200,4.900,209.000,6.200,0.551
2024-02-28 23:00:00,17.500,1016.800,2.800,199.000,5.100,1.440
2024-02-29 00:00:00,17.000,1016.900,3.400,207.000,5.400,3.045
2024-02-29 01:00:00,16.800,1017.500,4.200,216.000,5.700,4.708
2024-02-29 02:00:00,17.600,1018.000,3.200,222.000,4.500,5.909
2024-02-29 03:00:00,17.900,1018.800,3.300,219.000,4.600,6.565
2024-02-29 04:00:00,20.900,1019.900,2.900,263.000,4.500,6.542
2024-02-29 05:00:00,18.900,1020.900,5.700,316.000,6.500,5.728
2024-02-29 06:00:00,17.700,1021.600,4.100,342.000,4.800,4.514
2024-02-29 07:00:00,16.200,1022.300,4.600,342.000,5.800,3.133
2024-02-29 08:00:00,15.800,1022.800,4.500,342.000,8.600,1.496
2024-02-29 09:00:00,14.500,1023.500,3.800,8.000,5.900,0.141
2024-02-29 10:00:00,13.300,1024.200,6.200,20.000,8.800,0.200
2024-02-29 11:00:00,12.400,1025.500,4.600,22.000,5.900,0.830
2024-02-29 12:00:00,12.000,1026.600,5.500,30.000,6.900,2.362
2024-02-29 13:00:00,12.300,1027.600,6.200,60.000,7.800,4.242
2024-02-29 14:00:00,12.100,1028.800,7.000,49.000,8.900,5.541
2024-02-29 15:00:00,11.700,1029.000,9.800,64.000,11.500,6.719
2024-02-29 16:00:00,12.100,1030.000,7.600,64.000,10.300,7.146
2024-02-29 17:00:00,12.100,1030.300,8.300,60.000,9.800,6.677
2024-02-29 18:00:00,11.500,1030.200,9.300,74.000,11.200,5.712
2024-02-29 19:00:00,12.000,1029.800,7.700,79.000,10.500,4.377
2024-02-29 20:00:00,12.300,1029.500,7.800,73.000,9.100,2.795
2024-02-29 21:00:00,12.100,1029.600,7.600,81.000,9.500,1.706
2024-02-29 22:00:00,12.000,1029.800,8.000,86.000,9.400,1.276
2024-02-29 23:00:00,12.200,1030.000,8.700,89.000,10.000,1.795
2025-01-01 00:00:00,17.000,1009.200,2.700,213.000,4.500,6.155
2025-01-01 01:00:00,16.600,1009.500,3.200,220.000,4.600,6.919
2025-01-01 02:00:00,16.400,1009.700,2.800,229.000,4.200,6.893
2025-01-01 03:00:00,17.000,1010.200,2.800,238.000,3.500,5.971
2025-01-01 04:00:00,16.800,1010.700,3.000,239.000,4.300,4.393
2025-01-01 05:00:00,17.500,1010.900,4.900,271.000,7.300,2.635
2025-01-01 06:00:00,15.900,1011.500,4.800,290.000,5.700,0.912
2025-01-01 07:00:00,14.800,1012.700,5.800,311.000,6.500,-0.236
2025-01-01 08:00:00,13.400,1013.800,6.300,321.000,7.900,-0.387
2025-01-01 09:00:00,12.600,1014.400,6.200,317.000,7.300,0.479
2025-01-01 10:00:00,11.700,1015.400,7.900,318.000,10.900,2.159
2025-01-01 11:00:00,11.100,1016.200,7.900,311.000,9.200,4.022
2025-01-01 12:00:00,10.400,1017.100,4.200,325.000,5.500,5.663
2025-01-01 13:00:00,10.300,1018.300,6.400,303.000,7.200,6.942
2025-01-01 14:00:00,11.000,1019.100,6.700,324.000,8.800,7.375
2025-01-01 15:00:00,11.300,1019.300,7.300,313.000,8.300,7.034
2025-01-01 16:00:00,12.400,1019.500,6.400,327.000,8.000,6.030
2025-01-01 17:00:00,13.100,1018.700,6.000,312.000,6.900,4.583
2025-01-01 18:00:00,13.800,1017.900,5.500,312.000,6.700,2.831
2025-01-01 19:00:00,14.700,1017.300,6.600,307.000,7.700,1.135
2025-01-01 20:00:00,15.300,1017.500,7.800,315.000,9.500,-0.010
2025-01-01 21:00:00,15.500,1018.100,6.900,316.000,8.500,-0.167
2025-01-01 22:00:00,14.700,1018.900,6.000,319.000,7.300,1.004
2025-01-01 23:00:00,13.200,1019.700,2.700,306.000,3.100,2.858
2025-01-02 00:00:00,12.100,1020.900,1.300,282.000,2.300,4.813
2025-01-02 01:00:00,11.900,1021.500,3.800,297.000,4.300,6.381
2025-01-02 02:00:00,12.000,1022.200,4.400,311.000,5.200,6.939
2025-01-02 03:00:00,11.400,1022.800,6.000,314.000,6.700,6.430
2025-01-02 04:00:00,10.100,1023.400,5.400,323.000,7.300,5.180
2025-01-02 05:00:00,8.800,1023.600,5.100,323.000,5.900,3.422
2025-01-02 06:00:00,7.900,1023.500,4.500,325.000,5.300,1.650
2025-01-02 07:00:00,7.200,1023.800,3.900,333.000,4.700,0.174
2025-01-02 08:00:00,6.800,1023.900,3.500,334.000,4.400,-0.571
2025-01-02 09:00:00,5.700,1023.900,2.900,333.000,4.300,-0.095
2025-01-02 10:00:00,5.300,1024.200,3.000,317.000,4.000,1.529
2025-01-02 11:00:00,5.000,1025.000,3.800,327.000,4.700,3.343
2025-01-02 12:00:00,4.800,1025.600,3.600,332.000,4.500,5.361
2025-01-02 13:00:00,5.000,1026.300,3.600,331.000,4.500,6.883
2025-01-02 14:00:00,6.400,1027.100,4.900,350.000,5.800,7.641
2025-01-02 15:00:00,7.800,1027.900,3.800,4.000,4.700,7.641
2025-01-02 16:00:00,9.600,1027.900,2.400,7.000,2.900,7.034
2025-01-02 17:00:00,11.600,1027.000,1.800,297.000,2.200,5.938
2025-01-02 18:00:00,14.300,1026.100,1.000,283.000,1.600,4.419
2025-01-02 19:00:00,14.300,1024.900,1.700,316.000,2.300,2.595
2025-01-02 20:00:00,14.100,1024.500,4.000,312.000,5.400,0.965
2025-01-02 21:00:00,13.200,1024.100,1.200,186.000,1.900,0.010
2025-01-02 22:00:00,11.100,1024.700,1.300,195.000,2.200,0.351
2025-01-02 23:00:00,9.600,1024.900,1.600,209.000,1.900,1.959
2025-01-03 00:00:00,9.800,1025.400,1.400,309.000,1.700,3.802
2025-01-03 01:00:00,9.400,1025.700,2.300,2.000,2.700,5.741
2025-01-03 02:00:00,8.900,1025.800,2.500,353.000,3.200,6.926
2025-01-03 03:00:00,8.200,1025.900,1.900,357.000,2.300,7.096
2025-01-03 04:00:00,8.300,1026.200,1.000,24.000,1.400,6.529
2025-01-03 05:00:00,7.700,1026.300,1.700,305.000,1.900,4.948
2025-01-03 06:00:00,7.500,1026.300,2.000,325.000,2.400,3.822
2025-01-03 07:00:00,7.000,1026.000,2.500,342.000,2.900,2.080
2025-01-03 08:00:00,5.900,1025.300,2.800,352.000,3.200,0.725
2025-01-03 09:00:00,5.900,1024.900,2.300,317.000,2.500,0.141
2025-01-03 10:00:00,5.700,1024.900,2.000,337.000,2.700,0.689
2025-01-03 11:00:00,5.100,1024.900,2.500,329.000,2.800,2.172
2025-01-03 12:00:00,5.200,1025.600,2.500,322.000,3.100,3.855
2025-01-03 13:00:00,5.000,1025.600,3.000,334.000,3.600,5.584
2025-01-03 14:00:00,8.400,1025.500,1.600,305.000,1.800,6.696
2025-01-03 15:00:00,11.000,1025.500,2.400,272.000,3.000,7.470
2025-01-03 16:00:00,12.600,1024.400,2.600,259.000,4.000,7.572
2025-01-03 17:00:00,13.500,1022.800,4.100,249.000,5.700,6.864
2025-01-03 18:00:00,14.200,1021.200,6.000,291.000,7.500,5.509
2025-01-03 19:00:00,15.000,1020.200,7.600,294.000,8.500,3.606
2025-01-03 20:00:00,15.200,1019.600,7.600,290.000,9.000,1.824
2025-01-03 21:00:00,15.700,1019.300,7.500,289.000,9.600,0.092
2025-01-03 22:00:00,14.500,1019.500,6.100,288.000,7.100,-0.768
2025-01-03 23:00:00,13.400,1019.900,4.500,280.000,5.700,-0.207
2025-01-04 00:00:00,11.900,1020.300,3.200,257.000,4.000,1.680
2025-01-04 01:00:00,12.000,1021.100,4.000,279.000,5.400,3.596
2025-01-04 02:00:00,11.400,1021.700,4.000,307.000,5.700,5.367
2025-01-04 03:00:00,10.800,1022.200,4.000,311.000,4.800,6.440
2025-01-04 04:00:00,10.500,1022.600,6.500,314.000,8.100,6.047
2025-01-04 05:00:00,9.400,1023.100,7.500,326.000,9.900,5.285
2025-01-04 06:00:00,8.700,1023.600,8.700,329.000,10.500,3.973
2025-01-04 07:00:00,7.000,1024.400,5.500,324.000,8.100,2.411
2025-01-04 08:00:00,6.300,1025.000,4.800,323.000,6.500,0.928
2025-01-04 09:00:00,5.700,1025.300,5.700,322.000,7.300,-0.056
2025-01-04 10:00:00,4.900,1025.400,4.300,327.000,5.200,-0.400
2025-01-04 11:00:00,5.200,1025.900,5.700,324.000,6.700,0.236
2025-01-04 12:00:00,5.000,1026.600,5.200,302.000,6.100,1.677
2025-01-04 13:00:00,5.100,1026.900,5.100,300.000,6.900,3.330
2025-01-04 14:00:00,6.200,1027.700,8.000,311.000,9.800,4.954
2025-01-04 15:00:00,6.700,1027.800,7.500,317.000,8.900,6.253
2025-01-04 16:00:00,7.800,1027.100,5.000,327.000,6.000,7.064
2025-01-04 17:00:00,8.900,1026.200,4.900,304.000,5.900,6.988
2025-01-04 18:00:00,9.600,1025.200,5.000,301.000,6.600,6.220
2025-01-04 19:00:00,10.300,1024.300,6.100,316.000,7.200,4.826
2025-01-04 20:00:00,11.300,1024.200,6.700,319.000,8.300,3.035
2025-01-04 21:00:00,11.800,1024.500,6.000,332.000,7.000,1.073
2025-01-04 22:00:00,11.100,1024.900,6.000,315.000,7.000,-0.272
2025-01-04 23:00:00,9.800,1025.300,3.800,321.000,4.500,-0.627
2025-01-05 00:00:00,7.600,1025.800,1.000,243.000,1.200,0.472
2025-01-05 01:00:00,8.600,1026.200,1.600,345.000,1.900,2.247
2025-01-05 02:00:00,7.400,1026.300,0.800,288.000,1.000,3.694
2025-01-05 03:00:00,6.900,1026.300,1.200,255.000,1.600,5.650
2025-01-05 04:00:00,6.800,1026.400,2.300,254.000,2.500,6.608
2025-01-05 05:00:00,6.700,1026.300,2.200,253.000,3.200,6.654
2025-01-05 06:00:00,7.200,1025.800,3.900,299.000,4.800,5.997
2025-01-05 07:00:00,6.000,1026.200,2.300,286.000,3.100,4.554
2025-01-05 08:00:00,6.500,1026.200,3.400,316.000,3.800,3.081
2025-01-05 09:00:00,6.200,1026.100,4.500,322.000,5.300,1.417
2025-01-05 10:00:00,4.600,1025.900,2.200,332.000,2.500,0.180
2025-01-05 11:00:00,4.600,1026.000,1.600,2.000,2.000,-0.174
2025-01-05 12:00:00,4.600,1026.100,1.400,354.000,1.700,0.509
2025-01-05 13:00:00,4.900,1026.100,2.300,6.000,3.100,2.001
2025-01-05 14:00:00,6.900,1026.100,2.200,358.000,2.800,3.678
2025-01-05 15:00:00,8.800,1026.600,2.000,2.000,2.600,5.308
2025-01-05 16:00:00,9.300,1026.000,2.600,109.000,3.200,6.660
2025-01-05 17:00:00,10.100,1024.300,2.100,109.000,2.600,7.234
2025-01-05 18:00:00,11.800,1023.100,0.500,92.000,0.700,6.929
2025-01-05 19:00:00,11.400,1023.100,2.100,199.000,3.500,6.024
2025-01-05 20:00:00,10.800,1022.400,2.300,183.000,3.600,4.528
2025-01-05 21:00:00,10.500,1022.100,3.000,168.000,5.200,2.612
2025-01-05 22:00:00,10.500,1021.700,2.400,158.000,3.400,0.869
2025-01-05 23:00:00,10.200,1021.600,1.600,169.000,2.000,-0.121
2025-01-06 00:00:00,10.800,1021.200,1.600,156.000,2.200,0.016
2025-01-06 01:00:00,11.200,1020.500,1.600,141.000,2.000,1.345
2025-01-06 02:00:00,11.900,1019.600,1.500,131.000,2.200,3.143
2025-01-06 03:00:00,11.800,1019.600,1.500,132.000,1.600,4.905
2025-01-06 04:00:00,12.600,1018.900,1.900,162.000,2.600,6.214
2025-01-06 05:00:00,13.400,1018.000,2.200,191.000,3.700,7.005
2025-01-06 06:00:00,13.700,1017.400,3.200,218.000,4.700,7.067
2025-01-06 07:00:00,13.600,1016.500,3.500,223.000,5.300,6.460
2025-01-06 08:00:00,12.900,1015.700,3.000,232.000,4.300,5.039
2025-01-06 09:00:00,13.500,1014.400,4.500,213.000,6.600,3.599
2025-01-06 10:00:00,13.500,1013.200,3.900,214.000,7.400,1.969
2025-01-06 11:00:00,13.800,1011.900,4.700,200.000,8.200,0.925
2025-01-06 12:00:00,13.900,1011.600,5.900,208.000,8.700,0.709
2025-01-06 13:00:00,14.000,1011.100,5.900,211.000,10.500,1.237
2025-01-06 14:00:00,14.300,1010.600,6.100,211.000,9.400,2.608
2025-01-06 15:00:00,14.500,1009.700,6.600,211.000,10.500,4.134
2025-01-06 16:00:00,15.500,1008.400,9.700,216.000,14.200,5.289
2025-01-06 17:00:00,15.900,1006.400,7.600,212.000,11.800,6.430
2025-01-06 18:00:00,16.000,1004.500,7.300,215.000,13.200,6.854
2025-01-06 19:00:00,15.400,1004.100,4.400,224.000,6.100,6.440
2025-01-06 20:00:00,18.500,1004.500,7.900,274.000,11.600,5.213
2025-01-06 21:00:00,18.300,1005.400,9.100,277.000,13.400,3.419
2025-01-06 22:00:00,16.300,1006.400,9.900,285.000,12.400,1.572
2025-01-06 23:00:00,13.300,1007.900,13.000,299.000,15.400,0.020
2025-01-07 00:00:00,11.200,1009.600,11.100,297.000,13.300,-1.099
2025-01-07 01:00:00,10.200,1010.700,10.300,300.000,11.800,-1.099
2025-01-07 02:00:00,8.900,1011.700,8.100,303.000,9.800,-0.092
2025-01-07 03:00:00,7.400,1013.000,11.800,319.000,14.300,1.325
2025-01-07 04:00:00,6.000,1014.600,9.800,330.000,12.200,2.979
2025-01-07 05:00:00,5.200,1015.500,8.800,320.000,11.200,4.596
2025-01-07 06:00:00,4.600,1016.500,10.000,326.000,13.300,5.791
2025-01-07 07:00:00,3.800,1017.500,9.000,325.000,12.200,6.302
2025-01-07 08:00:00,3.200,1018.100,9.900,320.000,12.900,5.797
2025-01-07 09:00:00,2.900,1018.600,8.800,324.000,11.200,4.715
2025-01-07 10:00:00,1.900,1019.100,7.300,325.000,9.300,3.054
2025-01-07 11:00:00,1.500,1020.500,5.500,347.000,6.400,1.532
2025-01-07 12:00:00,1.100,1021.800,4.600,347.000,5.800,0.420
2025-01-07 13:00:00,1.400,1022.800,4.900,348.000,6.000,0.269
2025-01-07 14:00:00,2.600,1023.400,6.300,359.000,8.300,1.083
2025-01-07 15:00:00,3.900,1024.400,5.900,31.000,8.100,2.549
2025-01-07 16:00:00,5.100,1024.500,7.100,27.000,8.700,4.196
2025-01-07 17:00:00,6.400,1023.800,6.600,12.000,8.900,5.738
2025-01-07 18:00:00,7.700,1022.700,4.500,323.000,6.700,6.476
2025-01-07 19:00:00,8.700,1022.100,5.200,349.000,6.700,6.827
2025-01-07 20:00:00,9.100,1022.700,2.600,18.000,5.000,6.198
2025-01-07 21:00:00,9.600,1022.500,3.200,28.000,4.000,5.016
2025-01-07 22:00:00,9.000,1023.000,2.900,14.000,3.500,3.491
2025-01-07 23:00:00,7.500,1023.900,3.100,336.000,3.500,2.070
2025-01-08 00:00:00,6.600,1024.800,2.400,339.000,2.900,0.958
2025-01-08 01:00:00,5.700,1025.300,2.600,329.000,4.100,0.312
2025-01-08 02:00:00,5.700,1025.500,2.300,346.000,2.700,0.709
2025-01-08 03:00:00,5.200,1026.000,2.400,339.000,3.000,1.801
2025-01-08 04:00:00,4.500,1025.800,2.200,325.000,2.600,3.153
2025-01-08 05:00:00,5.200,1025.700,3.400,329.000,3.900,4.790
2025-01-08 06:00:00,4.300,1025.100,2.500,341.000,2.900,6.398
2025-01-08 07:00:00,3.300,1025.000,2.000,322.000,2.300,7.306
2025-01-08 08:00:00,3.400,1025.000,2.100,322.000,2.700,7.402
2025-01-08 09:00:00,3.500,1024.900,1.700,332.000,2.200,6.824
2025-01-08 10:00:00,2.700,1024.300,3.000,325.000,3.600,5.600
2025-01-08 11:00:00,2.200,1024.500,3.900,325.000,4.500,4.045
2025-01-08 12:00:00,0.900,1025.000,3.500,318.000,4.000,2.333
2025-01-08 13:00:00,1.300,1025.300,2.200,309.000,2.600,0.965
2025-01-08 14:00:00,3.100,1025.500,3.100,311.000,3.600,0.436
2025-01-08 15:00:00,5.300,1025.700,3.100,314.000,4.300,1.017
2025-01-08 16:00:00,8.800,1024.800,2.800,300.000,3.300,2.408
2025-01-08 17:00:00,9.700,1023.400,1.800,315.000,3.200,3.921
2025-01-08 18:00:00,10.600,1021.800,3.900,258.000,5.000,5.469
2025-01-08 19:00:00,12.300,1020.300,2.200,296.000,2.700,6.388
2025-01-08 20:00:00,12.600,1019.400,2.800,308.000,3.800,6.490
2025-01-08 21:00:00,12.300,1018.900,4.400,303.000,5.000,6.060
2025-01-08 22:00:00,11.200,1018.900,5.600,301.000,6.200,5.020
2025-01-08 23:00:00,9.300,1018.900,2.900,281.000,4.200,3.576
2025-01-09 01:00:00,7.400,1019.600,3.700,271.000,4.900,0.646
2025-01-09 02:00:00,7.500,1019.600,5.400,285.000,7.200,-0.289
2025-01-09 03:00:00,7.000,1019.900,7.700,293.000,9.400,-0.558
2025-01-09 04:00:00,6.200,1020.200,7.600,297.000,9.000,0.604
2025-01-09 05:00:00,4.900,1020.400,7.600,325.000,9.100,2.146
2025-01-09 06:00:00,4.100,1020.600,7.700,322.000,10.500,4.045
2025-01-09 07:00:00,3.200,1021.000,5.500,325.000,7.000,5.866
2025-01-09 08:00:00,2.700,1021.600,7.700,333.000,10.400,6.877
2025-01-09 09:00:00,2.100,1022.000,6.800,334.000,7.800,7.077
2025-01-09 10:00:00,1.600,1022.600,6.300,338.000,8.100,6.752
2025-01-09 11:00:00,0.700,1023.300,5.400,342.000,6.400,5.502
2025-01-09 12:00:00,-0.500,1024.100,4.600,351.000,5.500,3.999
2025-01-09 13:00:00,-0.400,1025.100,4.100,358.000,5.500,2.405
2025-01-09 14:00:00,0.900,1025.800,5.200,348.000,6.300,1.086
2025-01-09 15:00:00,2.200,1025.800,4.600,11.000,6.000,0.600
2025-01-09 16:00:00,3.200,1025.600,3.700,2.000,6.400,1.129
2025-01-09 17:00:00,5.100,1024.900,3.500,343.000,4.700,2.395
2025-01-09 18:00:00,5.600,1023.800,4.500,308.000,5.300,3.862
2025-01-09 19:00:00,7.200,1022.600,5.200,296.000,6.300,5.223
2025-01-09 20:00:00,8.100,1022.000,5.000,316.000,6.300,5.984
2025-01-09 21:00:00,8.800,1021.900,5.500,310.000,6.700,6.430
2025-01-09 22:00:00,8.300,1022.000,5.200,315.000,6.300,6.027
2025-01-09 23:00:00,7.100,1022.100,3.500,326.000,4.300,5.092
2025-01-10 00:00:00,5.900,1022.800,2.600,331.000,3.000,3.763
2025-01-10 01:00:00,5.200,1022.700,1.800,9.000,2.400,2.133
2025-01-10 02:00:00,4.800,1023.000,2.100,7.000,2.600,0.581
2025-01-10 03:00:00,4.600,1023.100,2.300,357.000,3.100,-0.459
2025-01-10 04:00:00,4.400,1022.800,2.200,20.000,3.000,-0.312
2025-01-10 05:00:00,4.000,1022.600,1.800,26.000,2.200,1.063
2025-01-10 06:00:00,4.300,1021.700,1.900,23.000,2.600,3.209
2025-01-10 07:00:00,5.500,1021.200,3.300,64.000,4.300,5.390
2025-01-10 08:00:00,5.700,1020.500,6.000,64.000,7.400,7.178
2025-01-10 09:00:00,5.400,1021.100,4.300,61.000,5.500,7.743
2025-01-10 10:00:00,6.100,1021.000,4.600,63.000,5.800,8.025
2025-01-10 11:00:00,6.100,1021.200,3.700,58.000,4.800,7.329
2025-01-10 12:00:00,5.800,1020.900,4.000,56.000,4.600,6.056
2025-01-10 13:00:00,5.700,1021.400,4.400,46.000,5.200,4.573
2025-01-10 14:00:00,5.100,1023.400,4.200,1.000,5.200,2.766
2025-01-10 15:00:00,5.200,1023.100,4.600,32.000,5.600,1.309
2025-01-10 16:00:00,5.500,1022.900,3.100,38.000,3.700,0.650
2025-01-10 17:00:00,5.700,1021.500,3.600,43.000,4.900,1.070
2025-01-10 18:00:00,6.000,1019.900,2.900,66.000,3.500,2.369
2025-01-10 19:00:00,6.300,1017.300,5.100,88.000,5.800,3.855
2025-01-10 20:00:00,7.100,1016.200,5.900,84.000,7.100,5.187
2025-01-10 21:00:00,7.600,1014.700,6.300,77.000,7.500,6.394
2025-01-10 22:00:00,8.000,1013.800,7.400,80.000,8.800,6.952
2025-01-10 23:00:00,8.200,1013.000,6.900,76.000,8.300,6.850
2025-01-11 00:00:00,7.200,1012.200,7.100,72.000,8.300,6.135
2025-01-11 01:00:00,6.200,1010.900,6.200,65.000,7.700,4.849
2025-01-11 02:00:00,5.900,1010.300,2.800,33.000,3.300,3.173
2025-01-11 03:00:00,5.300,1010.700,4.600,354.000,5.800,1.348
2025-01-11 04:00:00,4.900,1008.600,2.300,145.000,3.000,0.098
2025-01-11 05:00:00,7.000,1007.700,2.200,180.000,3.600,0.082
2025-01-11 06:00:00,11.600,1006.400,6.000,214.000,8.300,1.427
2025-01-11 07:00:00,11.900,1006.100,5.400,225.000,7.300,3.209
2025-01-11 08:00:00,12.000,1006.600,4.300,246.000,6.900,5.335
2025-01-11 09:00:00,12.300,1006.200,6.200,272.000,8.100,6.791
2025-01-11 10:00:00,8.100,1007.300,9.200,294.000,11.000,7.575
2025-01-11 11:00:00,6.600,1009.000,11.800,304.000,14.300,7.562
2025-01-11 12:00:00,6.100,1009.500,10.400,300.000,12.300,6.611
2025-01-11 13:00:00,5.700,1010.400,11.500,296.000,13.200,4.895
2025-01-11 14:00:00,5.300,1011.400,9.900,301.000,12.100,3.077
2025-01-11 15:00:00,5.600,1012.700,9.900,306.000,11.900,1.014
2025-01-11 16:00:00,5.500,1013.400,11.700,304.000,13.400,-0.459
2025-01-11 17:00:00,5.600,1012.700,10.000,303.000,11.900,-0.965
2025-01-11 18:00:00,5.900,1013.000,10.800,302.000,13.200,-0.407
2025-01-11 19:00:00,6.500,1012.300,9.600,301.000,11.300,1.243
2025-01-11 20:00:00,6.700,1011.900,7.900,300.000,9.200,2.808
2025-01-11 21:00:00,6.700,1013.000,9.000,302.000,10.000,4.672
2025-01-11 22:00:00,6.900,1014.000,6.700,279.000,8.600,5.758
2025-01-11 23:00:00,6.200,1014.800,5.400,290.000,6.800,6.201
2025-01-12 00:00:00,5.300,1015.400,3.000,275.000,3.900,5.653
2025-01-12 01:00:00,5.200,1016.300,4.200,336.000,4.800,4.541
2025-01-12 02:00:00,4.300,1017.300,5.200,315.000,6.200,3.120
2025-01-12 03:00:00,3.600,1018.000,4.400,324.000,5.500,1.470
2025-01-12 04:00:00,2.700,1018.400,4.700,328.000,5.500,-0.003
2025-01-12 05:00:00,2.100,1018.700,4.100,322.000,5.000,-0.751
2025-01-12 06:00:00,2.200,1018.400,5.600,328.000,7.100,-0.381
2025-01-12 07:00:00,1.300,1018.300,4.700,324.000,5.600,1.188
2025-01-12 08:00:00,1.700,1018.600,4.400,331.000,5.200,3.235
2025-01-12 09:00:00,1.000,1018.500,4.000,334.000,4.800,5.689
2025-01-12 10:00:00,0.300,1018.500,3.000,343.000,3.700,7.421
2025-01-12 11:00:00,0.400,1018.600,3.000,353.000,4.200,8.330
2025-01-12 12:00:00,1.000,1019.400,2.300,326.000,2.800,8.340
2025-01-12 13:00:00,1.300,1019.900,3.400,324.000,3.900,7.520
2025-01-12 14:00:00,2.600,1020.800,3.700,338.000,4.300,5.971
2025-01-12 15:00:00,4.700,1021.400,3.300,341.000,4.200,4.590
2025-01-12 16:00:00,6.800,1022.000,2.500,311.000,3.300,2.641
2025-01-12 17:00:00,8.200,1021.300,1.600,62.000,2.200,1.198
2025-01-12 18:00:00,8.900,1020.800,0.800,51.000,1.300,0.505
2025-01-12 19:00:00,8.200,1020.000,2.800,94.000,3.300,0.853
2025-01-12 20:00:00,8.800,1019.800,2.500,184.000,4.300,2.198
2025-01-12 21:00:00,9.100,1020.600,2.100,198.000,3.800,3.953
2025-01-12 22:00:00,8.100,1021.000,1.500,198.000,2.500,5.574
2025-01-12 23:00:00,7.000,1021.600,0.800,205.000,1.300,6.870
2025-01-13 00:00:00,6.200,1021.700,0.700,149.000,0.900,7.415
2025-01-13 01:00:00,6.100,1021.900,0.600,203.000,1.300,6.821
2025-01-13 02:00:00,6.300,1021.500,1.400,224.000,1.600,5.600
2025-01-13 03:00:00,6.100,1022.300,1.000,275.000,1.300,3.990
2025-01-13 04:00:00,6.900,1022.400,2.000,330.000,2.200,2.110
2025-01-13 05:00:00,7.300,1021.900,1.100,344.000,1.300,0.348
2025-01-13 06:00:00,7.000,1021.500,0.400,215.000,0.600,-0.420
2025-01-13 07:00:00,7.000,1021.400,1.300,249.000,1.500,0.108
2025-01-13 08:00:00,7.200,1020.900,0.100,323.000,0.500,1.713
2025-01-13 09:00:00,7.300,1020.800,1.600,334.000,2.100,3.930
2025-01-13 10:00:00,7.400,1021.500,1.600,292.000,2.000,6.230
2025-01-13 11:00:00,7.800,1022.700,3.000,315.000,3.600,7.756
2025-01-13 12:00:00,7.600,1023.400,3.100,324.000,3.500,8.432
2025-01-13 13:00:00,6.900,1023.800,2.100,331.000,2.800,8.189
2025-01-13 14:00:00,7.300,1024.800,2.100,291.000,2.600,7.047
2025-01-13 15:00:00,7.700,1023.500,0.700,215.000,0.900,5.440
2025-01-13 16:00:00,8.900,1023.600,1.100,266.000,1.400,3.806
2025-01-13 17:00:00,9.200,1022.800,1.200,304.000,1.400,2.070
2025-01-13 18:00:00,8.700,1022.000,3.300,329.000,3.900,0.728
2025-01-13 19:00:00,8.600,1021.500,3.300,323.000,3.900,0.299
2025-01-13 20:00:00,8.900,1020.900,3.700,316.000,4.200,0.919
2025-01-13 21:00:00,9.000,1021.500,3.100,312.000,3.500,2.385
2025-01-13 22:00:00,9.000,1021.800,2.300,319.000,3.000,4.108
2025-01-13 23:00:00,8.700,1021.900,2.300,340.000,2.900,5.650
2025-01-14 00:00:00,8.300,1022.100,3.800,350.000,4.900,6.844
2025-01-14 01:00:00,7.700,1022.200,1.400,266.000,1.700,7.103
2025-01-14 02:00:00,7.500,1022.400,1.100,256.000,1.400,6.522
2025-01-14 03:00:00,8.000,1022.400,2.200,286.000,2.900,5.125
2025-01-14 04:00:00,8.400,1022.400,3.800,318.000,4.400,3.343
2025-01-14 05:00:00,8.300,1022.500,3.400,331.000,4.100,1.447
2025-01-14 06:00:00,8.000,1022.300,3.200,330.000,4.200,-0.013
2025-01-14 07:00:00,7.200,1022.600,5.000,313.000,6.100,-0.620
2025-01-14 08:00:00,6.900,1022.800,5.500,315.000,6.500,-0.056
2025-01-14 09:00:00,5.900,1022.800,5.200,321.000,6.400,1.670
2025-01-14 10:00:00,5.900,1023.100,5.000,319.000,5.900,3.766
2025-01-14 11:00:00,5.600,1023.300,5.200,323.000,6.800,5.856
2025-01-14 12:00:00,4.800,1024.200,4.500,321.000,5.700,7.244
2025-01-14 13:00:00,4.700,1025.300,5.100,326.000,6.700,7.949
2025-01-14 14:00:00,6.200,1026.000,5.400,335.000,7.600,7.651
2025-01-14 15:00:00,7.700,1026.800,6.200,349.000,8.000,6.634
2025-01-14 16:00:00,9.300,1027.400,3.800,14.000,4.800,5.151
2025-01-14 17:00:00,10.100,1026.600,3.600,15.000,4.300,3.455
2025-01-14 18:00:00,11.700,1025.600,4.400,330.000,5.800,1.722
2025-01-14 19:00:00,13.200,1024.900,3.800,325.000,4.500,0.472
2025-01-14 20:00:00,14.200,1025.000,3.700,291.000,4.200,-0.049
2025-01-14 21:00:00,14.400,1025.000,4.500,303.000,5.200,0.663
2025-01-14 22:00:00,12.900,1025.400,3.700,305.000,4.000,2.428
2025-01-14 23:00:00,10.600,1026.000,1.600,294.000,2.200,4.341
2025-01-15 00:00:00,10.200,1026.500,2.000,291.000,2.200,6.175
2025-01-15 01:00:00,9.700,1026.800,2.200,275.000,2.400,7.119
2025-01-15 02:00:00,9.500,1027.300,2.500,271.000,3.500,7.093
2025-01-15 03:00:00,8.700,1027.800,2.300,276.000,2.900,6.158
2025-01-15 04:00:00,8.600,1027.700,3.200,284.000,4.300,4.564
2025-01-15 05:00:00,8.500,1027.500,4.900,300.000,5.500,2.667
2025-01-15 06:00:00,9.000,1027.300,5.500,316.000,6.900,0.748
2025-01-15 07:00:00,8.700,1027.400,6.300,318.000,7.600,-0.597
2025-01-15 08:00:00,8.500,1027.500,6.300,317.000,7.600,-1.079
2025-01-15 09:00:00,8.100,1027.300,4.600,318.000,6.300,-0.230
2025-01-15 10:00:00,7.900,1027.700,5.600,316.000,7.100,1.640
2025-01-15 11:00:00,7.500,1028.000,4.700,312.000,5.800,3.629
2025-01-15 12:00:00,7.500,1028.300,5.400,317.000,6.600,5.719
2025-01-15 13:00:00,7.000,1028.900,3.400,311.000,5.000,7.001
2025-01-15 14:00:00,7.000,1029.700,4.200,326.000,5.100,7.484
2025-01-15 15:00:00,8.000,1030.500,3.900,326.000,5.000,7.070
2025-01-15 16:00:00,9.800,1030.200,5.900,342.000,7.100,5.892
2025-01-15 17:00:00,11.000,1029.600,5.300,358.000,6.400,4.357
2025-01-15 18:00:00,11.500,1028.100,5.000,302.000,5.700,2.592
2025-01-15 19:00:00,12.500,1027.200,4.400,295.000,4.800,1.073
2025-01-15 20:00:00,13.100,1026.700,4.500,303.000,5.100,-0.007
2025-01-15 21:00:00,12.800,1026.700,5.000,304.000,5.500,0.016
2025-01-15 22:00:00,9.800,1026.900,4.500,110.000,4.900,1.050
2025-01-15 23:00:00,8.500,1027.300,0.800,163.000,1.200,2.887
2025-01-16 00:00:00,8.000,1027.700,0.700,124.000,1.400,4.895
2025-01-16 01:00:00,7.300,1027.700,1.500,185.000,2.300,6.499
2025-01-16 02:00:00,7.100,1027.600,2.000,225.000,2.300,7.238
2025-01-16 03:00:00,7.400,1027.600,2.500,232.000,3.000,6.867
2025-01-16 04:00:00,7.300,1027.000,1.900,238.000,2.200,5.778
2025-01-16 05:00:00,7.100,1026.800,1.300,274.000,1.600,4.163
2025-01-16 06:00:00,6.200,1026.800,2.200,240.000,2.700,2.448
2025-01-16 07:00:00,6.600,1026.000,1.800,319.000,2.100,0.853
2025-01-16 08:00:00,6.900,1027.000,4.900,304.000,5.400,-0.102
2025-01-16 09:00:00,7.400,1026.800,4.000,295.000,4.900,-0.240
2025-01-16 10:00:00,7.300,1026.500,1.700,287.000,2.300,0.879
2025-01-16 11:00:00,6.300,1026.800,2.900,255.000,4.000,2.753
2025-01-16 12:00:00,5.800,1026.500,1.500,244.000,2.000,4.829
2025-01-16 13:00:00,5.600,1026.400,3.000,231.000,4.000,6.391
2025-01-16 14:00:00,7.900,1026.000,4.300,227.000,5.600,7.438
2025-01-16 15:00:00,9.900,1025.900,4.000,230.000,5.100,7.595
2025-01-16 16:00:00,11.500,1025.000,3.600,230.000,5.100,6.870
2025-01-16 17:00:00,14.100,1023.100,4.600,275.000,6.900,5.459
2025-01-16 18:00:00,14.900,1021.400,5.600,276.000,7.700,3.858
2025-01-16 19:00:00,15.200,1019.700,6.800,290.000,8.200,2.080
2025-01-16 20:00:00,16.300,1019.000,5.100,268.000,7.100,0.449
2025-01-16 21:00:00,16.500,1018.400,6.700,282.000,9.900,-0.423
2025-01-16 22:00:00,15.300,1018.700,4.900,273.000,8.000,-0.049
2025-01-16 23:00:00,13.400,1019.000,3.500,268.000,4.700,1.535
2025-01-17 00:00:00,10.500,1019.400,2.300,239.000,2.900,3.560
2025-01-17 01:00:00,9.700,1019.800,2.500,244.000,3.100,5.302
2025-01-17 02:00:00,10.200,1020.100,2.900,250.000,4.100,6.401
2025-01-17 03:00:00,9.800,1020.500,2.600,241.000,3.800,6.394
2025-01-17 04:00:00,9.900,1020.700,3.500,252.000,5.100,5.879
2025-01-17 05:00:00,9.200,1020.800,2.600,255.000,3.300,4.452
2025-01-17 06:00:00,8.600,1020.500,3.300,263.000,5.200,2.927
2025-01-17 07:00:00,8.500,1020.100,3.800,270.000,5.400,1.001
2025-01-17 08:00:00,8.000,1020.100,3.000,279.000,4.000,0.000
2025-01-17 09:00:00,7.800,1020.300,3.400,284.000,4.600,-0.594
2025-01-17 10:00:00,8.000,1020.400,5.200,305.000,6.000,-0.328
2025-01-17 11:00:00,7.300,1021.100,3.000,309.000,3.400,1.063
2025-01-17 12:00:00,5.500,1021.700,1.700,339.000,2.100,3.002
2025-01-17 13:00:00,7.000,1022.200,2.000,325.000,2.300,4.980
2025-01-17 14:00:00,8.900,1022.900,3.500,305.000,4.100,6.375
2025-01-17 15:00:00,10.700,1023.300,3.100,335.000,4.000,7.116
2025-01-17 16:00:00,13.100,1023.100,1.700,6.000,1.900,6.916
2025-01-17 17:00:00,11.800,1022.300,1.600,103.000,2.000,6.033
2025-01-17 18:00:00,11.600,1021.300,2.800,107.000,3.300,4.636
2025-01-17 19:00:00,11.000,1020.600,4.700,105.000,5.000,3.002
2025-01-17 20:00:00,11.400,1020.000,4.500,113.000,5.600,1.421
2025-01-17 21:00:00,11.500,1020.100,4.400,123.000,5.800,0.259
2025-01-17 22:00:00,10.600,1020.300,3.200,123.000,4.200,-0.013
2025-01-17 23:00:00,9.300,1020.000,1.600,115.000,1.900,1.014
2025-01-18 00:00:00,8.600,1019.900,1.500,125.000,1.600,2.759
2025-01-18 01:00:00,8.500,1020.600,0.600,119.000,0.800,4.629
2025-01-18 02:00:00,8.100,1020.400,1.500,101.000,1.600,5.853
2025-01-18 03:00:00,8.800,1020.000,2.100,126.000,2.400,6.503
2025-01-18 04:00:00,9.700,1019.400,2.300,134.000,2.700,6.739
2025-01-18 05:00:00,9.300,1018.700,1.600,142.000,2.200,6.030
2025-01-18 06:00:00,9.200,1017.400,1.400,112.000,1.500,4.911
2025-01-18 07:00:00,9.300,1017.600,1.600,118.000,1.800,3.583
2025-01-18 08:00:00,9.500,1017.400,0.300,6.000,0.600,2.165
2025-01-18 09:00:00,9.900,1017.200,0.000,52.000,0.000,0.994
2025-01-18 10:00:00,10.100,1015.700,1.700,91.000,1.800,0.755
2025-01-18 11:00:00,10.100,1015.400,3.200,114.000,3.300,1.378
2025-01-18 12:00:00,11.400,1013.400,4.600,131.000,5.900,2.861
2025-01-18 13:00:00,12.900,1012.800,5.200,148.000,7.100,4.721
2025-01-18 14:00:00,12.600,1013.500,1.300,206.000,2.900,6.486
2025-01-18 15:00:00,12.200,1014.400,1.700,350.000,2.600,7.408
2025-01-18 16:00:00,11.800,1015.300,4.200,346.000,5.500,7.562
2025-01-18 17:00:00,11.000,1015.700,6.600,343.000,8.300,6.969
2025-01-18 18:00:00,10.300,1014.600,3.600,6.000,4.200,5.922
2025-01-18 19:00:00,10.400,1013.000,0.800,107.000,1.500,4.281
2025-01-18 20:00:00,10.600,1012.300,1.900,160.000,3.600,2.612
2025-01-18 21:00:00,10.800,1012.300,2.300,176.000,3.700,1.168
2025-01-18 22:00:00,11.000,1012.700,2.600,210.000,3.800,0.440
2025-01-18 23:00:00,10.900,1013.000,2.600,209.000,4.200,1.010
2025-01-19 00:00:00,10.800,1013.000,2.600,213.000,4.000,2.552
2025-01-19 01:00:00,11.000,1012.200,2.400,204.000,3.800,4.160
2025-01-19 02:00:00,11.400,1012.300,2.500,209.000,3.800,5.509
2025-01-19 03:00:00,11.500,1012.400,2.900,198.000,5.400,6.480
2025-01-19 04:00:00,12.400,1009.800,6.300,185.000,10.500,6.890
2025-01-19 05:00:00,12.700,1010.500,3.800,191.000,6.700,6.562
2025-01-19 06:00:00,13.300,1010.800,5.700,226.000,11.200,5.984
2025-01-19 07:00:00,13.500,1009.800,5.900,209.000,9.100,4.596
2025-01-19 08:00:00,13.800,1009.600,5.900,204.000,9.000,3.248
2025-01-19 09:00:00,13.500,1009.000,2.900,193.000,4.800,2.001
2025-01-19 10:00:00,13.500,1009.500,5.000,200.000,9.100,1.407
2025-01-19 11:00:00,13.700,1009.100,5.600,202.000,10.000,1.509
2025-01-19 12:00:00,13.600,1009.400,5.000,196.000,10.000,2.060
2025-01-19 13:00:00,13.100,1010.100,5.900,217.000,8.000,3.323
2025-01-19 14:00:00,12.900,1010.300,3.900,228.000,5.800,4.570
2025-01-19 15:00:00,13.200,1010.800,5.100,218.000,7.500,5.574
2025-01-19 16:00:00,13.700,1011.400,4.000,224.000,6.100,6.450
2025-01-19 17:00:00,14.300,1010.400,3.700,229.000,5.600,6.699
2025-01-19 18:00:00,14.100,1009.400,4.100,219.000,5.500,6.165
2025-01-19 19:00:00,14.200,1009.100,3.500,206.000,4.500,5.013
2025-01-19 20:00:00,16.400,1009.600,7.500,283.000,10.400,3.560
2025-01-19 21:00:00,15.300,1010.800,9.000,299.000,10.500,1.686
2025-01-19 22:00:00,14.700,1011.900,5.100,281.000,6.500,0.315
2025-01-19 23:00:00,13.700,1013.200,9.500,296.000,10.600,-0.089
2025-01-20 00:00:00,12.000,1015.300,7.300,318.000,8.300,0.351
2025-01-20 01:00:00,10.600,1017.000,9.300,313.000,11.800,1.742
2025-01-20 02:00:00,8.100,1018.800,10.800,319.000,12.900,2.720
2025-01-20 03:00:00,6.700,1019.800,8.400,327.000,10.600,4.255
2025-01-20 04:00:00,5.900,1021.100,8.500,322.000,10.400,4.852
2025-01-20 05:00:00,5.300,1022.000,7.600,318.000,10.100,5.144
2025-01-20 06:00:00,4.500,1022.500,7.300,327.000,9.100,5.108
2025-01-20 07:00:00,3.500,1023.400,8.100,322.000,10.000,4.724
2025-01-20 08:00:00,2.400,1024.200,6.300,332.000,8.100,3.468
2025-01-20 09:00:00,1.400,1024.500,5.700,333.000,6.800,2.526
2025-01-20 10:00:00,0.600,1024.800,5.200,329.000,6.100,1.250
2025-01-20 11:00:00,0.000,1025.900,5.900,324.000,7.000,0.636
2025-01-20 12:00:00,-0.400,1027.100,5.400,329.000,7.400,0.702
2025-01-20 13:00:00,-0.600,1028.100,4.500,311.000,6.800,1.650
2025-01-20 14:00:00,1.000,1028.500,8.200,348.000,9.600,3.068
2025-01-20 15:00:00,2.600,1029.200,5.400,8.000,6.900,4.524
2025-01-20 16:00:00,3.700,1030.000,4.400,31.000,5.500,5.541
2025-01-20 17:00:00,3.900,1029.500,2.100,71.000,3.000,6.073
2025-01-20 18:00:00,5.200,1029.100,2.100,23.000,3.200,6.093
2025-01-20 19:00:00,5.300,1028.400,1.000,71.000,2.600,5.446
2025-01-20 20:00:00,6.000,1028.300,2.500,80.000,3.200,4.226
2025-01-20 21:00:00,6.400,1028.400,2.900,100.000,3.500,2.789
2025-01-20 22:00:00,5.900,1028.500,3.000,108.000,3.800,1.437
2025-01-20 23:00:00,4.700,1029.400,1.900,146.000,2.300,0.699
2025-01-21 00:00:00,4.700,1029.700,0.200,178.000,0.700,0.876
2025-01-21 01:00:00,5.200,1030.700,2.100,326.000,2.600,1.903
2025-01-21 02:00:00,4.800,1031.000,2.300,341.000,2.700,3.301
2025-01-21 03:00:00,3.300,1031.000,2.300,343.000,2.800,4.610
2025-01-21 04:00:00,2.000,1030.800,3.300,358.000,4.500,5.322
2025-01-21 05:00:00,2.600,1030.800,2.500,4.000,3.100,5.863
2025-01-21 06:00:00,4.800,1030.300,6.100,55.000,7.600,6.066
2025-01-21 07:00:00,4.600,1031.000,4.100,19.000,5.200,5.873
2025-01-21 08:00:00,4.500,1030.800,3.800,30.000,4.800,5.417
2025-01-21 09:00:00,4.200,1030.300,6.300,46.000,7.800,4.465
2025-01-21 10:00:00,4.000,1029.000,7.100,68.000,8.800,3.432
2025-01-21 11:00:00,3.500,1029.600,5.700,39.000,7.300,2.566
2025-01-21 12:00:00,3.100,1030.000,4.600,38.000,6.000,1.926
2025-01-21 13:00:00,2.400,1030.600,6.500,27.000,8.100,2.142
2025-01-21 14:00:00,2.200,1031.300,6.400,17.000,7.800,3.018
2025-01-21 15:00:00,2.300,1031.200,6.200,29.000,7.700,4.094
2025-01-21 16:00:00,2.400,1030.500,7.100,14.000,9.000,5.066
2025-01-21 17:00:00,2.900,1029.300,5.700,23.000,7.000,5.764
2025-01-21 18:00:00,3.400,1027.200,5.800,38.000,7.000,6.224
2025-01-21 19:00:00,3.400,1026.200,6.500,24.000,7.800,6.115
2025-01-21 20:00:00,2.500,1025.900,5.700,16.000,7.600,5.807
2025-01-21 21:00:00,1.000,1027.900,6.700,0.000,8.400,4.721
2025-01-21 22:00:00,0.300,1027.800,4.000,29.000,5.100,3.550
2025-01-21 23:00:00,1.600,1027.300,5.200,356.000,6.800,2.218
2025-01-22 00:00:00,0.700,1026.900,5.900,8.000,9.500,1.362
2025-01-22 01:00:00,-0.600,1028.600,4.900,360.000,6.100,1.319
2025-01-22 02:00:00,-0.600,1027.500,5.400,11.000,6.300,2.329
2025-01-22 03:00:00,-0.900,1028.200,5.300,9.000,7.100,3.396
2025-01-22 04:00:00,-1.600,1027.800,6.400,18.000,7.900,4.488
2025-01-22 05:00:00,-1.500,1027.800,5.500,23.000,6.700,5.610
2025-01-22 06:00:00,-1.700,1028.100,4.300,12.000,5.400,6.237
2025-01-22 07:00:00,-1.800,1026.800,4.700,11.000,5.900,6.877
2025-01-22 08:00:00,-1.800,1027.100,5.000,17.000,6.800,6.844
2025-01-22 09:00:00,-1.700,1026.600,4.900,24.000,6.200,6.407
2025-01-22 10:00:00,-2.000,1027.400,5.400,21.000,6.500,5.459
2025-01-22 11:00:00,-1.900,1027.300,4.700,24.000,6.300,4.383
2025-01-22 12:00:00,-2.200,1028.900,5.800,25.000,7.000,3.350
2025-01-22 13:00:00,-2.200,1030.800,6.400,24.000,9.000,2.684
2025-01-22 14:00:00,-2.500,1031.400,4.100,23.000,5.000,2.615
2025-01-22 15:00:00,-1.100,1031.500,5.400,3.000,6.900,3.140
2025-01-22 16:00:00,-1.300,1031.000,5.100,25.000,7.000,3.652
2025-01-22 17:00:00,-0.500,1030.700,6.000,28.000,7.100,4.613
2025-01-22 18:00:00,0.400,1029.200,6.000,15.000,7.500,5.554
2025-01-22 19:00:00,1.100,1028.400,7.000,7.000,9.700,6.306
2025-01-22 20:00:00,1.900,1028.200,5.300,35.000,7.600,6.362
2025-01-22 21:00:00,2.400,1028.500,4.300,45.000,5.300,5.771
2025-01-22 22:00:00,2.200,1028.600,4.200,49.000,5.300,4.787
2025-01-22 23:00:00,1.700,1028.700,4.600,44.000,5.700,3.497
2025-01-23 00:00:00,1.000,1029.600,2.800,26.000,3.500,2.490
2025-01-23 01:00:00,0.500,1029.500,3.900,25.000,4.700,1.903
2025-01-23 02:00:00,0.000,1029.700,3.700,25.000,4.600,1.969
2025-01-23 03:00:00,-0.400,1029.300,4.500,20.000,5.600,2.487
2025-01-23 04:00:00,-0.600,1028.500,4.700,31.000,6.000,3.530
2025-01-23 05:00:00,-0.600,1028.300,4.600,22.000,5.600,4.695
2025-01-23 06:00:00,-0.600,1027.800,5.400,26.000,5.500,5.761
2025-01-23 07:00:00,-0.800,1028.000,3.700,347.000,4.200,6.558
2025-01-23 08:00:00,-0.400,1027.000,3.900,15.000,5.200,6.890
2025-01-23 09:00:00,-1.700,1027.000,4.600,344.000,5.100,6.663
2025-01-23 10:00:00,-2.600,1027.200,3.500,350.000,4.300,5.771
2025-01-23 11:00:00,-2.400,1027.400,4.400,350.000,5.200,4.528
2025-01-23 12:00:00,-1.900,1027.600,3.200,6.000,3.800,3.350
2025-01-23 13:00:00,-2.200,1027.500,4.900,353.000,5.500,2.326
2025-01-23 14:00:00,-1.900,1028.000,3.800,9.000,5.000,1.801
2025-01-23 15:00:00,-0.500,1028.800,3.300,337.000,4.000,2.133
2025-01-23 16:00:00,1.300,1028.000,5.700,344.000,6.600,2.904
2025-01-23 17:00:00,3.500,1027.100,5.000,334.000,5.900,3.855
2025-01-23 18:00:00,4.800,1025.500,6.100,346.000,7.800,4.869
2025-01-23 19:00:00,4.100,1025.300,4.500,341.000,5.800,5.535
2025-01-23 20:00:00,4.900,1024.600,5.400,356.000,6.800,5.764
2025-01-23 21:00:00,5.800,1024.700,4.000,343.000,5.500,5.400
2025-01-23 22:00:00,5.600,1025.000,4.500,356.000,5.700,4.531
2025-01-23 23:00:00,4.200,1025.200,2.900,4.000,4.100,3.524
2025-01-24 00:00:00,3.300,1026.000,2.200,332.000,2.600,2.562
2025-01-24 01:00:00,2.500,1026.000,2.300,329.000,2.600,1.683
2025-01-24 02:00:00,1.800,1026.200,2.400,343.000,2.800,1.319
2025-01-24 03:00:00,0.800,1026.300,2.200,352.000,2.600,1.611
2025-01-24 04:00:00,1.200,1026.600,1.700,317.000,2.100,2.310
2025-01-24 05:00:00,1.800,1026.300,2.600,327.000,3.000,3.376
2025-01-24 06:00:00,1.500,1025.900,2.200,326.000,2.500,4.583
2025-01-24 07:00:00,0.200,1025.600,2.900,340.000,3.700,5.735
2025-01-24 08:00:00,0.300,1025.200,4.100,327.000,4.800,6.542
2025-01-24 09:00:00,0.000,1025.100,4.200,331.000,4.900,6.568
2025-01-24 10:00:00,-0.600,1025.000,3.400,330.000,3.900,6.132
2025-01-24 11:00:00,-1.200,1025.200,3.200,337.000,4.200,5.151
2025-01-24 12:00:00,-0.900,1025.800,4.200,337.000,4.900,4.006
2025-01-24 13:00:00,-0.800,1026.700,4.000,325.000,4.800,2.812
2025-01-24 14:00:00,1.500,1027.400,2.900,333.000,3.600,1.932
2025-01-24 15:00:00,5.200,1027.200,2.400,1.000,3.400,1.467
2025-01-24 16:00:00,6.800,1028.100,3.500,304.000,4.100,1.854
2025-01-24 17:00:00,8.400,1027.100,2.300,303.000,2.900,2.726
2025-01-24 18:00:00,8.700,1026.100,3.300,296.000,3.900,3.858
2025-01-24 19:00:00,7.900,1025.900,4.600,285.000,5.900,4.843
2025-01-24 20:00:00,7.800,1025.600,6.700,302.000,7.600,5.371
2025-01-24 21:00:00,7.400,1026.000,5.400,323.000,7.200,5.502
2025-01-24 22:00:00,6.700,1026.800,4.500,325.000,5.400,4.954
2025-01-24 23:00:00,5.400,1027.500,2.600,340.000,3.000,4.035
2025-01-25 00:00:00,4.000,1028.400,1.300,338.000,1.600,2.999
2025-01-25 01:00:00,4.100,1028.900,1.200,226.000,1.400,2.195
2025-01-25 02:00:00,3.400,1029.000,1.600,231.000,1.800,1.417
2025-01-25 03:00:00,2.400,1029.700,2.500,223.000,2.800,1.142
2025-01-25 04:00:00,2.300,1030.100,1.900,209.000,2.200,1.204
2025-01-25 05:00:00,1.900,1029.800,2.000,223.000,2.400,2.001
2025-01-25 06:00:00,1.600,1029.800,1.800,216.000,2.200,3.304
2025-01-25 07:00:00,1.700,1029.900,2.400,231.000,2.900,4.783
2025-01-25 08:00:00,1.500,1030.000,2.000,238.000,2.500,6.063
2025-01-25 09:00:00,0.900,1030.400,1.000,261.000,1.400,6.762
2025-01-25 10:00:00,1.500,1030.200,1.400,284.000,1.500,6.749
2025-01-25 11:00:00,0.900,1030.700,1.200,253.000,1.600,6.037
2025-01-25 12:00:00,2.300,1031.700,2.200,324.000,2.500,4.862
2025-01-25 13:00:00,1.900,1032.300,1.700,322.000,1.900,3.494
2025-01-25 14:00:00,5.000,1032.800,0.500,224.000,1.000,2.116
2025-01-25 15:00:00,8.600,1033.100,0.500,260.000,0.900,1.050
2025-01-25 16:00:00,9.700,1033.400,0.700,92.000,0.900,0.801
2025-01-25 17:00:00,11.700,1033.200,1.300,313.000,1.500,1.257
2025-01-25 18:00:00,9.400,1031.900,2.300,118.000,2.900,2.280
2025-01-25 19:00:00,10.800,1031.100,2.800,168.000,4.900,3.474
2025-01-25 20:00:00,11.300,1031.100,2.600,187.000,4.200,4.469
2025-01-25 21:00:00,11.200,1030.900,2.500,197.000,4.100,5.092
2025-01-25 22:00:00,9.700,1030.800,2.900,180.000,3.900,5.272
2025-01-25 23:00:00,7.200,1031.100,1.300,183.000,2.000,4.987
2025-01-26 00:00:00,6.200,1031.300,2.000,174.000,2.300,4.094
2025-01-26 01:00:00,7.000,1031.000,2.500,162.000,4.100,3.081
2025-01-26 02:00:00,5.100,1031.800,0.800,216.000,1.000,1.745
2025-01-26 03:00:00,5.300,1031.900,0.800,263.000,1.100,0.719
2025-01-26 04:00:00,4.700,1031.900,1.000,307.000,1.200,0.125
2025-01-26 05:00:00,3.400,1031.200,0.800,299.000,1.000,0.522
2025-01-26 06:00:00,3.800,1031.100,1.200,280.000,1.300,1.604
2025-01-26 07:00:00,3.500,1030.800,0.700,270.000,0.900,3.251
2025-01-26 08:00:00,3.200,1030.500,0.200,337.000,0.300,4.925
2025-01-26 09:00:00,3.500,1030.200,0.300,5.000,0.600,6.220
2025-01-26 10:00:00,3.600,1030.200,1.500,324.000,1.700,6.772
2025-01-26 11:00:00,2.900,1031.000,2.200,332.000,2.500,6.644
2025-01-26 12:00:00,2.400,1031.300,1.400,344.000,1.600,5.886
2025-01-26 13:00:00,3.000,1031.500,1.500,335.000,1.800,4.564
2025-01-26 14:00:00,6.300,1031.800,2.400,305.000,2.900,2.999
2025-01-26 15:00:00,10.200,1031.800,1.300,304.000,1.500,1.624
2025-01-26 16:00:00,11.700,1031.900,3.100,316.000,3.500,0.554
2025-01-26 17:00:00,12.300,1031.200,5.800,306.000,6.800,0.279
2025-01-26 18:00:00,13.300,1029.800,4.100,301.000,5.000,0.814
2025-01-26 19:00:00,14.200,1028.600,2.900,289.000,4.000,2.116
2025-01-26 20:00:00,15.000,1027.800,2.800,298.000,4.300,3.356
2025-01-26 21:00:00,17.100,1026.800,1.800,304.000,2.100,4.564
2025-01-26 22:00:00,12.000,1027.000,2.000,171.000,2.900,5.440
2025-01-26 23:00:00,9.000,1026.800,2.200,184.000,3.800,5.591
2025-01-27 00:00:00,7.900,1026.800,1.000,186.000,1.700,5.098
2025-01-27 01:00:00,7.700,1027.200,1.600,210.000,1.900,4.078
2025-01-27 02:00:00,8.000,1027.300,1.700,200.000,2.300,2.457
2025-01-27 03:00:00,7.400,1026.900,1.500,213.000,1.800,1.276
2025-01-27 04:00:00,7.300,1026.300,1.000,185.000,1.200,0.089
2025-01-27 05:00:00,6.700,1026.000,1.600,227.000,1.700,-0.430
2025-01-27 06:00:00,6.600,1025.200,1.900,231.000,2.300,0.125
2025-01-27 07:00:00,6.500,1024.500,1.900,217.000,2.300,1.601
2025-01-27 08:00:00,6.500,1023.600,2.100,191.000,2.800,3.478
2025-01-27 09:00:00,6.700,1023.700,2.100,254.000,2.500,5.423
2025-01-27 10:00:00,6.200,1023.500,1.300,320.000,1.700,6.745
2025-01-27 11:00:00,6.500,1023.400,0.000,318.000,0.200,7.274
2025-01-27 12:00:00,6.700,1023.700,0.600,341.000,0.700,6.972
2025-01-27 13:00:00,6.900,1024.000,0.500,258.000,0.600,6.125
2025-01-27 14:00:00,7.600,1024.300,1.300,208.000,1.900,4.675
2025-01-27 15:00:00,9.700,1024.200,2.000,208.000,2.700,3.015
2025-01-27 16:00:00,9.700,1024.200,2.700,29.000,3.400,1.480
2025-01-27 17:00:00,10.400,1023.800,2.100,36.000,2.500,0.456
2025-01-27 18:00:00,10.000,1022.400,0.400,147.000,0.700,0.302
2025-01-27 19:00:00,11.700,1020.600,1.200,296.000,1.400,0.840
2025-01-27 20:00:00,9.100,1019.900,1.000,105.000,2.200,2.336
2025-01-27 21:00:00,10.700,1019.100,0.000,113.000,0.500,3.944
2025-01-27 22:00:00,9.900,1018.500,1.900,160.000,2.900,5.338
2025-01-27 23:00:00,9.300,1018.300,1.100,229.000,1.200,6.234
2025-01-28 00:00:00,9.000,1017.800,1.400,198.000,2.300,6.352
2025-01-28 01:00:00,8.900,1017.700,3.500,219.000,4.600,5.719
2025-01-28 02:00:00,9.000,1017.900,1.000,237.000,1.300,4.403
2025-01-28 03:00:00,9.800,1018.000,2.500,237.000,3.400,2.733
2025-01-28 04:00:00,10.900,1017.900,3.000,278.000,4.200,0.965
2025-01-28 05:00:00,11.300,1017.400,3.300,291.000,4.100,-0.384
2025-01-28 06:00:00,11.600,1017.300,6.600,314.000,9.400,-0.758
2025-01-28 07:00:00,10.600,1017.100,3.200,302.000,3.600,0.016
2025-01-28 08:00:00,10.400,1016.800,2.700,255.000,3.500,1.713
2025-01-28 09:00:00,10.000,1016.900,3.800,290.000,4.700,3.707
2025-01-28 10:00:00,10.200,1017.000,5.100,286.000,7.400,5.735
2025-01-28 11:00:00,9.600,1017.300,6.100,299.000,8.000,6.929
2025-01-28 12:00:00,9.000,1017.800,6.700,292.000,8.800,7.241
2025-01-28 13:00:00,8.600,1018.500,5.700,292.000,7.000,6.804
2025-01-28 14:00:00,9.800,1019.100,6.200,290.000,7.000,5.620
2025-01-28 15:00:00,10.700,1019.200,6.700,294.000,7.500,4.091
2025-01-28 16:00:00,11.200,1018.800,6.300,291.000,7.400,2.336
2025-01-28 17:00:00,12.600,1017.900,5.800,293.000,6.700,0.833
2025-01-28 18:00:00,14.400,1016.800,5.200,289.000,6.200,-0.302
2025-01-28 19:00:00,15.000,1015.800,7.300,288.000,8.600,-0.364
2025-01-28 20:00:00,16.200,1015.000,8.500,301.000,10.300,0.600
2025-01-28 21:00:00,17.200,1014.800,6.100,284.000,7.400,2.123
2025-01-28 22:00:00,15.900,1015.200,6.100,286.000,7.200,3.967
2025-01-28 23:00:00,14.700,1016.000,3.800,279.000,4.800,5.561
2025-01-29 00:00:00,13.800,1016.700,3.100,262.000,4.200,6.385
2025-01-29 01:00:00,12.000,1017.300,2.400,232.000,2.900,6.161
2025-01-29 02:00:00,9.500,1017.200,2.500,246.000,3.100,5.217
2025-01-29 03:00:00,8.600,1017.600,3.000,234.000,3.500,3.750
2025-01-29 04:00:00,8.000,1017.900,2.400,240.000,2.700,1.778
2025-01-29 05:00:00,7.600,1017.700,3.100,232.000,3.700,0.062
2025-01-29 06:00:00,8.900,1017.800,3.200,262.000,4.500,-1.037
2025-01-29 07:00:00,8.700,1017.500,3.000,260.000,4.300,-1.007
2025-01-29 08:00:00,7.800,1017.300,3.100,252.000,4.000,0.131
2025-01-29 09:00:00,6.500,1017.000,2.400,242.000,3.100,1.926
2025-01-29 10:00:00,6.500,1017.000,2.500,250.000,3.000,4.108
2025-01-29 11:00:00,8.000,1017.400,2.500,266.000,3.600,6.027
2025-01-29 12:00:00,7.000,1017.800,2.000,235.000,2.400,7.136
2025-01-29 13:00:00,8.400,1018.000,2.800,252.000,3.900,7.336
2025-01-29 14:00:00,11.200,1018.300,2.800,262.000,4.400,6.841
2025-01-29 15:00:00,12.400,1018.500,7.100,306.000,8.200,5.404
2025-01-29 16:00:00,14.000,1018.500,5.400,301.000,6.100,3.714
2025-01-29 17:00:00,16.900,1017.900,5.200,289.000,5.900,1.837
2025-01-29 18:00:00,19.700,1016.800,5.300,270.000,7.300,0.200
2025-01-29 19:00:00,20.100,1015.900,8.700,287.000,10.500,-0.735
2025-01-29 20:00:00,19.700,1015.600,7.500,286.000,9.500,-1.063
2025-01-29 21:00:00,20.100,1015.600,5.700,279.000,7.900,0.259
2025-01-29 22:00:00,20.600,1015.600,4.700,275.000,6.600,2.070
2025-01-29 23:00:00,18.500,1016.300,3.300,260.000,4.600,4.216
2025-01-30 00:00:00,17.300,1017.200,3.400,269.000,4.900,5.948
2025-01-30 01:00:00,16.900,1018.000,3.700,263.000,5.100,6.663
2025-01-30 02:00:00,12.700,1018.700,2.400,224.000,2.900,6.280
2025-01-30 03:00:00,12.000,1019.300,1.400,263.000,2.000,5.030
2025-01-30 04:00:00,12.700,1019.400,2.800,259.000,3.700,3.196
2025-01-30 05:00:00,13.200,1019.400,3.600,276.000,4.700,1.158
2025-01-30 06:00:00,12.600,1019.600,5.100,299.000,5.600,-0.669
2025-01-30 07:00:00,11.600,1020.100,3.200,293.000,4.300,-1.640
2025-01-30 08:00:00,10.700,1020.300,3.500,300.000,3.600,-1.342
2025-01-30 09:00:00,9.200,1020.400,1.500,334.000,1.700,0.364
2025-01-30 10:00:00,8.600,1020.500,1.400,1.000,1.900,2.500
2025-01-30 11:00:00,8.400,1021.300,1.100,349.000,1.400,4.879
2025-01-30 12:00:00,8.400,1021.800,1.300,6.000,1.400,6.886
2025-01-30 13:00:00,9.500,1022.700,1.900,24.000,2.000,7.477
2025-01-30 14:00:00,12.300,1023.500,1.500,31.000,1.800,7.487
2025-01-30 15:00:00,13.400,1024.100,4.500,56.000,5.600,6.772
2025-01-30 16:00:00,13.300,1024.400,6.200,76.000,8.600,5.374
2025-01-30 17:00:00,11.800,1024.200,4.500,100.000,5.200,3.566
2025-01-30 18:00:00,12.100,1023.600,3.300,97.000,6.200,1.631
2025-01-30 19:00:00,12.100,1022.600,3.400,86.000,4.300,-0.095
2025-01-30 20:00:00,11.700,1022.100,3.100,109.000,3.600,-1.017
2025-01-30 21:00:00,11.500,1021.900,3.500,100.000,3.900,-0.600
2025-01-30 22:00:00,11.400,1021.800,3.100,108.000,3.400,1.312
2025-01-30 23:00:00,10.700,1021.800,2.300,95.000,2.700,3.366
2025-01-31 00:00:00,10.400,1021.900,2.800,99.000,3.100,5.597
2025-01-31 01:00:00,10.500,1022.000,2.900,97.000,3.000,6.949
2025-01-31 02:00:00,10.200,1021.800,2.400,104.000,2.500,7.329
2025-01-31 03:00:00,10.300,1021.900,1.000,93.000,1.200,6.650
2025-01-31 04:00:00,10.100,1021.900,1.800,103.000,1.900,5.075
2025-01-31 05:00:00,10.100,1021.300,1.600,142.000,2.000,3.281
2025-01-31 06:00:00,10.100,1020.500,1.100,196.000,1.400,1.257
2025-01-31 07:00:00,10.900,1020.000,0.600,198.000,1.400,-0.410
2025-01-31 08:00:00,12.500,1019.200,2.200,193.000,3.300,-1.129
2025-01-31 09:00:00,13.800,1018.700,3.300,209.000,5.000,-0.469
2025-01-31 10:00:00,13.500,1018.500,2.500,211.000,3.900,1.358
2025-01-31 11:00:00,13.000,1019.100,2.500,215.000,3.800,3.432
2025-01-31 12:00:00,13.300,1019.000,3.200,203.000,4.500,5.650
2025-01-31 13:00:00,12.300,1019.700,2.400,213.000,3.500,7.123
2025-01-31 14:00:00,12.800,1020.000,2.600,202.000,3.800,7.605
2025-01-31 15:00:00,13.700,1020.000,2.900,216.000,4.500,7.339
2025-01-31 16:00:00,16.300,1019.600,3.200,202.000,6.200,6.378
2025-01-31 17:00:00,17.000,1018.500,5.100,207.000,7.700,4.738
2025-01-31 18:00:00,17.700,1017.200,5.400,213.000,7.800,2.910
2025-01-31 19:00:00,19.000,1016.400,5.800,216.000,10.400,0.915
2025-01-31 20:00:00,18.600,1015.500,5.700,213.000,9.200,-0.620
2025-01-31 21:00:00,17.400,1014.800,5.800,215.000,8.100,-1.447
2025-01-31 22:00:00,16.400,1014.400,4.200,199.000,8.000,-0.361
2025-01-31 23:00:00,16.000,1013.500,4.700,196.000,9.700,1.726
2025-02-01 00:00:00,15.800,1012.700,4.400,205.000,9.200,4.085
2025-02-01 01:00:00,15.200,1013.400,7.400,218.000,9.600,6.188
2025-02-01 02:00:00,15.000,1013.200,6.200,211.000,9.600,7.270
2025-02-01 03:00:00,14.500,1013.400,5.200,214.000,7.900,7.297
2025-02-01 04:00:00,14.800,1012.800,4.900,214.000,7.200,6.191
2025-02-01 05:00:00,14.600,1015.000,12.800,319.000,15.300,4.557
2025-02-01 06:00:00,14.000,1015.300,6.500,294.000,7.200,2.398
2025-02-01 07:00:00,14.500,1015.200,3.900,283.000,5.300,0.305
2025-02-01 08:00:00,14.400,1015.300,7.000,293.000,8.000,-1.037
2025-02-01 09:00:00,14.100,1016.100,8.200,297.000,10.100,-1.670
2025-02-01 10:00:00,12.800,1016.700,5.100,302.000,5.600,-1.115
2025-02-01 11:00:00,11.600,1017.600,3.000,302.000,3.700,0.961
2025-02-01 12:00:00,11.500,1018.900,3.100,303.000,3.600,3.212
2025-02-01 13:00:00,11.900,1019.800,3.600,296.000,4.500,5.098
2025-02-01 14:00:00,14.000,1020.900,3.100,286.000,4.000,6.535
2025-02-01 15:00:00,14.700,1021.400,3.100,296.000,3.700,6.975
2025-02-01 16:00:00,16.800,1021.700,1.800,281.000,2.300,6.880
2025-02-01 17:00:00,18.300,1021.600,1.500,302.000,1.800,5.633
2025-02-01 18:00:00,16.800,1020.900,1.700,205.000,2.600,3.953
2025-02-01 19:00:00,15.600,1020.500,3.200,113.000,3.600,2.014
2025-02-01 20:00:00,16.300,1020.400,2.500,104.000,2.700,-0.177
2025-02-01 21:00:00,17.400,1020.800,2.600,176.000,3.700,-1.640
2025-02-01 22:00:00,16.700,1021.200,2.200,150.000,2.800,-1.762
2025-02-01 23:00:00,14.400,1021.700,3.300,153.000,4.400,-0.197
2025-02-02 00:00:00,12.800,1022.600,1.400,174.000,2.000,2.044
2025-02-02 01:00:00,13.600,1023.200,3.000,145.000,4.000,4.695
2025-02-02 02:00:00,13.300,1023.400,2.800,144.000,3.800,6.657
2025-02-02 03:00:00,13.900,1023.600,3.500,136.000,4.500,6.926
2025-02-02 04:00:00,11.700,1023.800,1.600,111.000,1.700,6.906
2025-02-02 05:00:00,11.300,1023.800,2.100,76.000,2.400,5.735
2025-02-02 06:00:00,11.500,1023.800,2.600,68.000,3.000,4.193
2025-02-02 07:00:00,11.500,1023.500,1.000,54.000,1.300,2.388
2025-02-02 08:00:00,12.200,1023.600,1.600,45.000,2.400,0.669
2025-02-02 09:00:00,12.100,1023.900,3.800,52.000,4.800,-0.502
2025-02-02 10:00:00,12.100,1024.400,5.600,65.000,7.300,-0.692
2025-02-02 11:00:00,11.200,1024.300,7.000,73.000,8.700,0.397
2025-02-02 12:00:00,10.800,1025.200,6.900,70.000,8.500,2.379
2025-02-02 13:00:00,10.700,1025.600,8.400,78.000,9.800,4.347
2025-02-02 14:00:00,10.600,1026.000,8.700,80.000,10.900,6.102
2025-02-02 15:00:00,10.800,1026.100,7.700,70.000,10.600,7.218
2025-02-02 16:00:00,10.800,1026.300,6.700,71.000,8.800,7.608
2025-02-02 17:00:00,11.500,1025.800,7.100,70.000,8.100,7.021
2025-02-02 18:00:00,11.800,1024.600,7.700,80.000,10.000,5.886
2025-02-02 19:00:00,11.600,1023.600,6.100,87.000,7.200,4.104
2025-02-02 20:00:00,11.900,1022.800,5.400,98.000,6.500,2.254
2025-02-02 21:00:00,12.200,1022.600,6.300,97.000,7.400,0.479
2025-02-02 22:00:00,12.000,1023.100,4.400,80.000,5.300,-0.427
2025-02-02 23:00:00,11.600,1022.800,4.400,94.000,5.100,-0.171
2025-02-03 00:00:00,11.300,1023.300,3.200,86.000,4.000,1.388
2025-02-03 01:00:00,11.200,1023.600,2.900,84.000,3.400,3.478
2025-02-03 02:00:00,11.000,1024.100,1.600,60.000,1.900,5.561
2025-02-03 03:00:00,11.100,1023.600,3.100,90.000,3.400,7.070
2025-02-03 04:00:00,11.000,1023.400,3.000,78.000,3.600,7.664
2025-02-03 05:00:00,10.800,1022.900,1.800,84.000,2.300,7.320
2025-02-03 06:00:00,10.600,1023.100,2.300,60.000,3.000,6.227
2025-02-03 07:00:00,10.800,1022.800,3.100,92.000,3.500,4.718
2025-02-03 08:00:00,11.000,1022.700,4.100,72.000,4.800,3.005
2025-02-03 09:00:00,10.900,1022.800,3.000,76.000,3.600,1.368
2025-02-03 10:00:00,10.600,1022.800,1.700,59.000,2.200,0.207
2025-02-03 11:00:00,9.000,1023.200,0.600,32.000,1.000,-0.010
2025-02-03 12:00:00,9.800,1023.600,3.100,74.000,3.800,1.060
2025-02-03 13:00:00,9.100,1024.100,3.000,81.000,3.600,2.733
2025-02-03 14:00:00,8.900,1024.700,3.500,78.000,4.000,4.551
2025-02-03 15:00:00,9.200,1025.100,2.900,95.000,3.300,6.027
2025-02-03 16:00:00,9.400,1025.000,3.200,98.000,3.500,7.014
2025-02-03 17:00:00,10.200,1024.200,2.500,111.000,2.800,7.123
2025-02-03 18:00:00,10.300,1023.300,2.400,112.000,2.600,6.434
2025-02-03 19:00:00,10.300,1022.500,3.800,104.000,4.200,5.095
2025-02-03 20:00:00,11.200,1022.000,2.800,102.000,3.200,3.304
2025-02-03 21:00:00,10.700,1021.600,3.400,102.000,3.800,1.388
2025-02-03 22:00:00,10.400,1021.500,3.000,102.000,3.400,-0.059
2025-02-03 23:00:00,10.900,1021.200,1.600,147.000,1.900,-0.607
2025-02-04 00:00:00,10.700,1021.800,2.300,170.000,3.000,0.220
2025-02-04 01:00:00,10.400,1021.900,1.100,175.000,1.200,2.001
2025-02-04 02:00:00,10.200,1022.000,1.100,192.000,1.400,3.960
2025-02-04 03:00:00,10.400,1021.800,1.700,215.000,2.100,5.794
2025-02-04 04:00:00,11.100,1021.400,0.900,189.000,1.800,6.775
2025-02-04 05:00:00,11.200,1021.100,2.400,219.000,3.500,7.549
2025-02-04 06:00:00,11.200,1020.700,2.100,225.000,2.700,7.083
2025-02-04 07:00:00,11.500,1020.300,2.000,225.000,2.900,6.125
2025-02-04 08:00:00,11.400,1019.900,2.000,254.000,2.600,4.662
2025-02-04 09:00:00,11.600,1019.800,2.000,249.000,3.000,2.995
2025-02-04 10:00:00,11.100,1020.000,2.200,234.000,3.100,1.457
2025-02-04 11:00:00,11.600,1020.400,2.500,255.000,3.200,0.456
2025-02-04 12:00:00,12.200,1020.800,2.300,253.000,2.800,0.505
2025-02-04 13:00:00,13.100,1021.500,2.600,267.000,3.400,1.263
2025-02-04 14:00:00,15.800,1021.600,2.600,260.000,3.700,2.749
2025-02-04 15:00:00,19.000,1021.500,2.100,275.000,2.900,4.288
2025-02-04 16:00:00,20.400,1021.200,2.900,301.000,3.100,5.682
2025-02-04 17:00:00,22.300,1020.400,4.000,303.000,4.800,6.608
2025-02-04 18:00:00,23.600,1019.400,2.500,288.000,3.000,6.850
2025-02-04 19:00:00,21.700,1018.500,2.700,194.000,4.100,6.014
2025-02-04 20:00:00,21.800,1018.400,3.400,205.000,4.400,4.705
2025-02-04 21:00:00,22.300,1018.400,2.200,203.000,3.500,2.877
2025-02-04 22:00:00,19.900,1018.700,3.300,206.000,4.300,1.155
2025-02-04 23:00:00,17.700,1019.500,2.800,199.000,3.600,-0.253
2025-02-05 00:00:00,15.900,1020.300,3.300,203.000,3.800,-0.495
2025-02-05 01:00:00,14.900,1020.800,1.400,209.000,2.300,0.525
2025-02-05 02:00:00,14.400,1021.200,2.500,220.000,2.800,2.228
2025-02-05 03:00:00,14.000,1021.500,1.000,222.000,1.300,4.111
2025-02-05 04:00:00,13.500,1021.500,0.700,238.000,1.000,5.781
2025-02-05 05:00:00,14.300,1021.200,1.500,199.000,1.900,6.952
2025-02-05 06:00:00,13.900,1021.000,1.300,214.000,1.600,7.385
2025-02-05 07:00:00,13.400,1020.900,1.000,221.000,1.200,7.014
2025-02-05 08:00:00,13.700,1020.400,1.400,236.000,1.600,6.050
2025-02-05 09:00:00,13.500,1020.400,1.200,218.000,1.500,4.534
2025-02-05 10:00:00,12.800,1020.300,0.700,217.000,0.900,2.940
2025-02-05 11:00:00,13.400,1020.700,1.100,236.000,1.200,1.470
2025-02-05 12:00:00,12.400,1021.300,0.900,320.000,1.200,0.653
2025-02-05 13:00:00,13.700,1021.700,1.100,215.000,1.400,0.745
2025-02-05 14:00:00,16.700,1022.200,1.900,230.000,2.300,1.614
2025-02-05 15:00:00,20.500,1022.200,0.500,318.000,0.900,2.930
2025-02-05 16:00:00,21.600,1022.300,1.500,240.000,2.500,4.396
2025-02-05 17:00:00,23.200,1021.600,2.100,214.000,2.800,5.748
2025-02-05 18:00:00,23.600,1020.500,2.900,211.000,4.400,6.591
2025-02-05 19:00:00,23.100,1019.200,2.500,194.000,5.000,6.499
2025-02-05 20:00:00,21.900,1018.900,2.100,204.000,3.700,5.807
2025-02-05 21:00:00,20.500,1018.900,2.600,209.000,4.900,4.583
2025-02-05 22:00:00,18.800,1019.300,1.700,226.000,2.400,3.117
2025-02-05 23:00:00,17.500,1019.500,0.900,181.000,1.600,1.621
2025-02-06 00:00:00,15.500,1020.000,0.900,164.000,1.300,0.515
2025-02-06 01:00:00,13.000,1020.800,5.300,74.000,6.400,0.492
2025-02-06 02:00:00,12.500,1021.100,3.600,84.000,5.000,1.220
2025-02-06 03:00:00,12.500,1021.300,2.200,89.000,3.200,2.661
2025-02-06 04:00:00,12.500,1020.800,3.500,101.000,3.800,4.331
2025-02-06 05:00:00,12.600,1020.700,3.500,94.000,4.200,5.991
2025-02-06 07:00:00,11.800,1020.700,2.600,85.000,3.800,7.657
2025-02-06 08:00:00,11.900,1020.700,2.100,83.000,2.900,7.405
2025-02-06 09:00:00,11.700,1020.100,2.200,85.000,3.500,6.493
2025-02-06 10:00:00,11.900,1019.800,2.600,87.000,3.600,5.164
2025-02-06 11:00:00,11.800,1019.900,2.300,85.000,3.500,3.563
2025-02-06 12:00:00,11.900,1020.500,2.500,90.000,3.300,2.123
2025-02-06 13:00:00,12.300,1021.100,0.700,87.000,0.900,1.083
2025-02-06 14:00:00,12.500,1021.800,1.000,59.000,1.300,0.951
2025-02-06 15:00:00,12.900,1021.800,1.800,103.000,2.400,1.821
2025-02-06 16:00:00,15.300,1021.700,1.600,219.000,2.200,3.110
2025-02-06 17:00:00,18.500,1021.100,1.600,189.000,2.200,4.423
2025-02-06 18:00:00,21.400,1019.800,2.400,208.000,4.600,5.630
2025-02-06 19:00:00,22.200,1018.900,2.700,190.000,5.300,6.417
2025-02-06 20:00:00,22.300,1018.200,2.100,206.000,3.400,6.270
2025-02-06 21:00:00,23.000,1017.900,1.000,152.000,1.700,5.577
2025-02-06 22:00:00,26.100,1018.200,3.500,267.000,4.700,4.544
2025-02-06 23:00:00,19.400,1018.400,2.400,195.000,3.300,3.156
2025-02-07 00:00:00,19.200,1018.800,2.700,244.000,3.500,1.637
2025-02-07 01:00:00,17.200,1019.500,1.100,239.000,1.300,0.686
2025-02-07 02:00:00,16.900,1019.800,2.100,205.000,2.800,0.344
2025-02-07 03:00:00,16.000,1020.000,2.300,202.000,2.900,0.988
2025-02-07 04:00:00,15.100,1019.800,1.500,221.000,1.900,2.136
2025-02-07 05:00:00,15.900,1019.400,2.700,217.000,4.000,3.622
2025-02-07 06:00:00,15.200,1019.500,1.500,230.000,2.100,5.338
2025-02-07 07:00:00,14.400,1019.400,1.600,217.000,2.000,6.722
2025-02-07 08:00:00,14.900,1019.000,1.100,203.000,1.600,7.333
2025-02-07 09:00:00,16.300,1019.000,0.600,244.000,0.800,7.149
2025-02-07 10:00:00,16.900,1019.100,1.500,221.000,2.100,6.207
2025-02-07 11:00:00,16.100,1019.700,1.900,256.000,2.500,4.734
2025-02-07 12:00:00,15.400,1020.100,3.000,232.000,3.500,3.179
2025-02-07 13:00:00,15.800,1020.700,2.600,227.000,3.400,1.699
2025-02-07 14:00:00,20.600,1021.500,3.000,277.000,4.400,0.669
2025-02-07 15:00:00,22.300,1021.800,2.200,250.000,3.700,0.492
2025-02-07 16:00:00,21.700,1022.200,7.400,311.000,8.600,1.257
2025-02-07 17:00:00,20.900,1021.400,5.500,311.000,6.400,2.379
2025-02-07 18:00:00,22.000,1020.300,3.600,292.000,4.200,3.796
2025-02-07 19:00:00,23.200,1019.200,3.300,301.000,3.600,5.046
2025-02-07 20:00:00,25.500,1019.000,3.000,261.000,4.000,5.761
2025-02-07 21:00:00,26.400,1019.000,2.600,287.000,3.700,5.804
2025-02-07 22:00:00,26.600,1019.000,1.200,290.000,1.500,5.052
2025-02-07 23:00:00,18.200,1019.600,1.300,187.000,1.800,4.055
2025-02-08 00:00:00,17.100,1020.000,2.700,210.000,3.500,2.641
2025-02-08 01:00:00,16.600,1020.600,3.100,213.000,3.600,1.335
2025-02-08 02:00:00,16.400,1020.900,2.600,227.000,3.000,0.397
2025-02-08 03:00:00,18.300,1021.200,2.700,263.000,3.600,0.030
2025-02-08 04:00:00,18.000,1021.000,1.800,251.000,2.700,0.302
2025-02-08 05:00:00,17.100,1021.000,1.700,250.000,2.100,1.467
2025-02-08 06:00:00,16.000,1020.700,2.800,238.000,3.600,3.182
2025-02-08 07:00:00,15.400,1020.600,1.800,237.000,2.000,5.197
2025-02-08 08:00:00,15.200,1020.300,1.400,237.000,1.800,6.775
2025-02-08 09:00:00,14.600,1020.100,0.600,268.000,0.700,7.451
2025-02-08 10:00:00,15.000,1020.400,0.700,190.000,0.800,7.257
2025-02-08 11:00:00,14.300,1020.800,2.200,207.000,3.000,6.385
2025-02-08 12:00:00,14.400,1021.000,2.500,217.000,3.000,4.987
2025-02-08 13:00:00,15.000,1021.500,2.400,217.000,3.000,3.248
2025-02-08 14:00:00,17.500,1021.900,2.100,239.000,2.800,1.532
2025-02-08 15:00:00,20.600,1022.100,2.200,248.000,2.900,0.512
2025-02-08 16:00:00,21.700,1022.200,3.500,226.000,5.200,0.308
2025-02-08 17:00:00,22.000,1021.300,1.900,196.000,3.600,1.073
2025-02-08 18:00:00,22.600,1020.300,2.900,194.000,4.800,2.333
2025-02-08 19:00:00,22.200,1019.500,3.300,197.000,5.100,3.947
2025-02-08 20:00:00,22.400,1018.900,2.800,192.000,4.700,5.036
2025-02-08 21:00:00,20.400,1018.800,4.600,204.000,6.700,5.997
2025-02-08 22:00:00,18.800,1018.900,3.500,190.000,5.400,6.194
2025-02-08 23:00:00,16.900,1019.200,2.600,218.000,3.800,5.725
2025-02-09 00:00:00,16.000,1019.600,2.100,202.000,4.200,4.760
2025-02-09 01:00:00,15.900,1019.900,2.400,220.000,3.700,3.301
2025-02-09 02:00:00,16.100,1019.700,5.000,217.000,7.000,1.913
2025-02-09 03:00:00,16.300,1019.800,3.800,223.000,6.000,0.600
2025-02-09 04:00:00,16.400,1019.200,3.900,222.000,5.700,-0.131
2025-02-09 05:00:00,15.900,1018.900,3.300,221.000,4.500,0.217
2025-02-09 06:00:00,15.500,1018.600,2.300,223.000,3.100,1.654
2025-02-09 07:00:00,16.000,1018.200,2.700,224.000,3.900,3.481
2025-02-09 08:00:00,16.500,1018.300,2.300,248.000,3.300,5.499
2025-02-09 09:00:00,16.400,1018.000,2.200,252.000,3.400,6.381
2025-02-09 10:00:00,16.500,1018.500,1.000,240.000,1.800,7.362
2025-02-09 11:00:00,16.200,1018.600,3.000,244.000,4.600,7.188
2025-02-09 12:00:00,15.700,1019.400,3.100,281.000,4.200,6.316
2025-02-09 13:00:00,16.000,1020.900,4.300,285.000,5.400,4.738
2025-02-09 14:00:00,17.700,1021.200,3.400,270.000,5.400,2.838
2025-02-09 15:00:00,20.700,1021.000,4.400,271.000,7.000,1.421
2025-02-09 16:00:00,22.400,1020.900,4.500,276.000,6.200,0.308
2025-02-09 17:00:00,24.700,1020.100,5.200,271.000,7.200,-0.157
2025-02-09 18:00:00,23.600,1019.400,5.700,315.000,6.900,0.528
2025-02-09 19:00:00,24.300,1018.600,4.600,298.000,5.100,1.913
2025-02-09 20:00:00,24.000,1018.400,4.500,297.000,5.200,3.524
2025-02-09 21:00:00,22.100,1018.500,2.600,187.000,4.200,4.954
2025-02-09 22:00:00,20.000,1019.000,2.700,206.000,4.200,5.951
2025-02-09 23:00:00,18.100,1019.500,3.200,212.000,4.500,6.138
2025-02-10 00:00:00,17.200,1019.900,3.200,215.000,4.100,5.663
2025-02-10 01:00:00,16.700,1020.300,2.800,207.000,3.500,4.498
2025-02-10 02:00:00,16.500,1020.500,2.900,208.000,3.600,2.940
2025-02-10 03:00:00,16.300,1020.700,2.500,199.000,3.300,1.224
2025-02-10 04:00:00,16.500,1020.900,3.100,220.000,3.800,-0.289
2025-02-10 05:00:00,16.300,1021.100,2.700,221.000,3.000,-0.942
2025-02-10 06:00:00,15.600,1021.000,2.100,229.000,2.400,-0.430
2025-02-10 07:00:00,16.200,1020.900,2.200,223.000,2.600,1.181
2025-02-10 08:00:00,17.200,1021.000,1.700,253.000,2.200,3.182
2025-02-10 09:00:00,18.400,1020.900,2.700,262.000,3.900,5.236
2025-02-10 10:00:00,17.200,1021.100,1.300,256.000,2.300,6.709
2025-02-10 11:00:00,17.200,1021.600,2.500,269.000,3.100,7.323
2025-02-10 12:00:00,15.900,1022.300,1.800,312.000,2.300,7.096
2025-02-10 13:00:00,16.700,1023.200,1.600,291.000,1.700,6.194
2025-02-10 14:00:00,20.000,1023.400,3.100,282.000,3.400,4.554
2025-02-10 15:00:00,20.600,1023.500,4.100,305.000,4.400,2.733
2025-02-10 16:00:00,23.100,1023.600,2.100,296.000,2.800,1.266
2025-02-10 17:00:00,23.900,1023.400,3.500,299.000,4.000,0.141
2025-02-10 18:00:00,24.400,1022.500,5.100,296.000,5.700,0.148
2025-02-10 19:00:00,13.400,1022.900,9.700,89.000,12.200,1.388
2025-02-10 20:00:00,13.400,1023.100,8.700,88.000,10.600,2.805
2025-02-10 21:00:00,12.700,1023.800,9.500,71.000,12.100,4.400
2025-02-10 22:00:00,12.100,1024.200,9.100,86.000,11.700,5.787
2025-02-10 23:00:00,12.100,1024.600,8.300,81.000,10.100,6.693
2025-02-11 00:00:00,11.500,1025.500,7.300,65.000,8.900,7.021
2025-02-11 01:00:00,11.100,1026.300,7.600,76.000,10.100,6.404
2025-02-11 02:00:00,11.000,1026.500,8.900,79.000,11.100,5.436
2025-02-11 03:00:00,11.200,1026.700,10.000,75.000,12.600,3.970
2025-02-11 04:00:00,10.800,1027.000,9.700,70.000,12.400,2.231
2025-02-11 05:00:00,11.000,1026.500,9.200,71.000,12.000,0.919
2025-02-11 06:00:00,10.800,1026.000,9.000,67.000,11.600,0.518
2025-02-11 07:00:00,10.800,1025.100,9.300,74.000,11.200,1.207
2025-02-11 08:00:00,10.700,1024.600,9.400,75.000,11.700,2.736
2025-02-11 09:00:00,10.700,1023.900,9.300,69.000,11.900,4.885
2025-02-11 10:00:00,10.800,1023.300,8.000,75.000,9.900,6.654
2025-02-11 11:00:00,10.800,1023.400,6.600,56.000,8.300,7.825
2025-02-11 12:00:00,10.600,1023.100,6.300,64.000,8.700,8.320
2025-02-11 13:00:00,10.800,1023.100,5.500,54.000,7.100,8.156
2025-02-11 14:00:00,10.600,1023.400,6.500,34.000,7.700,7.090
2025-02-11 15:00:00,10.700,1023.400,5.000,43.000,6.500,5.771
2025-02-11 16:00:00,11.200,1023.100,3.100,38.000,4.400,4.245
2025-02-11 17:00:00,11.800,1021.800,4.300,58.000,5.900,2.434
2025-02-11 18:00:00,12.200,1020.500,3.600,63.000,4.500,1.352
2025-02-11 19:00:00,13.000,1018.600,5.200,78.000,6.900,0.994
2025-02-11 20:00:00,13.100,1017.600,5.400,87.000,6.600,1.726
2025-02-11 21:00:00,13.300,1017.100,6.100,84.000,7.300,3.264
2025-02-11 22:00:00,13.200,1017.000,4.700,82.000,6.100,4.839
2025-02-11 23:00:00,12.900,1017.200,4.500,88.000,5.300,6.417
2025-02-12 00:00:00,12.600,1017.500,4.100,86.000,4.800,7.441
2025-02-12 01:00:00,12.500,1017.300,4.600,89.000,5.500,7.717
2025-02-12 02:00:00,12.600,1017.600,3.900,72.000,5.200,6.959
2025-02-12 03:00:00,12.600,1017.600,3.400,79.000,4.100,5.614
2025-02-12 04:00:00,12.800,1017.100,3.300,93.000,4.000,3.852
2025-02-12 05:00:00,12.300,1016.600,2.300,84.000,3.000,1.873
2025-02-12 06:00:00,11.800,1016.300,4.000,92.000,5.000,0.453
2025-02-12 07:00:00,12.000,1016.000,3.000,80.000,3.400,0.148
2025-02-12 08:00:00,11.800,1015.700,3.100,90.000,3.600,1.152
2025-02-12 09:00:00,12.200,1015.400,3.700,73.000,4.200,3.064
2025-02-12 10:00:00,12.500,1015.100,4.400,109.000,4.900,5.207
2025-02-12 11:00:00,12.500,1015.600,2.300,88.000,2.600,7.057
2025-02-12 12:00:00,12.900,1016.000,2.300,103.000,3.000,8.120
2025-02-12 13:00:00,12.700,1016.900,1.700,15.000,2.300,8.353
2025-02-12 14:00:00,12.400,1016.900,3.100,96.000,3.800,7.740
2025-02-12 15:00:00,12.800,1017.000,3.400,102.000,4.000,6.424
2025-02-12 16:00:00,12.900,1016.500,4.500,101.000,5.300,4.856
2025-02-12 17:00:00,13.300,1015.800,3.600,76.000,4.600,3.130
2025-02-12 18:00:00,13.700,1015.600,4.600,97.000,5.500,1.598
2025-02-12 19:00:00,13.800,1015.200,4.900,78.000,5.800,0.833
2025-02-12 20:00:00,14.900,1014.000,6.000,120.000,7.100,1.086
2025-02-12 21:00:00,15.700,1014.200,2.000,98.000,2.500,2.349
2025-02-12 22:00:00,18.200,1014.200,4.100,180.000,5.900,3.944
2025-02-12 23:00:00,17.700,1014.500,1.900,195.000,3.700,5.564
2025-02-13 00:00:00,17.900,1014.600,4.000,189.000,8.000,6.890
2025-02-13 01:00:00,17.700,1014.800,4.600,184.000,7.600,7.677
2025-02-13 02:00:00,17.400,1015.200,4.300,217.000,6.900,7.608
2025-02-13 03:00:00,17.400,1015.200,4.700,216.000,7.500,6.575
2025-02-13 04:00:00,17.500,1015.200,5.700,217.000,8.100,5.089
2025-02-13 05:00:00,17.600,1015.300,5.600,219.000,8.300,3.356
2025-02-13 06:00:00,17.800,1015.300,5.500,210.000,9.900,1.483
2025-02-13 07:00:00,16.900,1014.800,4.400,208.000,6.600,0.371
2025-02-13 08:00:00,16.300,1015.300,4.300,207.000,7.000,0.387
2025-02-13 09:00:00,16.500,1015.400,3.800,213.000,5.800,1.529
2025-02-13 10:00:00,17.100,1015.600,4.200,215.000,6.300,3.396
2025-02-13 11:00:00,16.300,1016.100,3.600,209.000,5.400,5.548
2025-02-13 12:00:00,16.200,1016.500,3.900,201.000,7.300,7.169
2025-02-13 13:00:00,16.300,1017.400,4.700,209.000,7.000,8.028
2025-02-13 14:00:00,17.100,1018.900,3.700,229.000,5.200,8.064
2025-02-13 15:00:00,17.500,1019.300,2.600,177.000,4.400,7.133
2025-02-13 16:00:00,17.700,1019.800,2.800,206.000,4.400,5.584
2025-02-13 17:00:00,16.700,1020.600,2.900,338.000,3.700,3.793
2025-02-13 18:00:00,16.600,1020.400,2.000,293.000,2.500,2.031
2025-02-13 19:00:00,16.400,1020.000,2.100,187.000,3.300,0.358
2025-02-13 20:00:00,16.500,1020.200,1.200,219.000,2.000,-0.367
2025-02-13 21:00:00,17.000,1021.800,1.500,242.000,2.200,0.292
2025-02-13 22:00:00,17.100,1022.000,0.500,101.000,1.300,2.011
2025-02-13 23:00:00,16.500,1022.800,3.400,297.000,4.200,3.888
2025-02-14 00:00:00,16.300,1024.100,6.700,286.000,7.400,5.755
2025-02-14 01:00:00,16.000,1024.300,2.300,263.000,3.000,6.890
2025-02-14 02:00:00,15.600,1024.600,3.700,313.000,4.500,7.178
2025-02-14 03:00:00,15.300,1025.300,5.800,325.000,7.800,6.604
2025-02-14 04:00:00,14.000,1026.000,5.100,327.000,6.000,5.164
2025-02-14 05:00:00,13.300,1026.700,4.400,329.000,5.300,3.497
2025-02-14 06:00:00,12.600,1027.700,2.500,330.000,3.200,1.565
2025-02-14 07:00:00,12.300,1028.300,3.100,338.000,3.700,0.148
2025-02-14 08:00:00,11.600,1028.800,3.100,6.000,3.800,-0.528
2025-02-14 09:00:00,12.000,1029.100,3.800,38.000,4.800,-0.059
2025-02-14 10:00:00,12.000,1029.800,5.200,41.000,6.900,1.670
2025-02-14 11:00:00,12.200,1030.600,6.900,59.000,8.700,3.783
2025-02-14 12:00:00,11.700,1031.300,6.300,57.000,7.800,5.886
2025-02-14 13:00:00,11.600,1032.300,6.300,57.000,8.400,7.211
2025-02-14 14:00:00,11.400,1033.200,7.800,60.000,9.300,7.802
2025-02-14 15:00:00,11.700,1034.000,9.400,71.000,11.500,7.592
2025-02-14 16:00:00,11.400,1034.600,10.100,65.000,13.000,6.732
2025-02-14 17:00:00,11.400,1034.400,8.600,73.000,11.800,5.262
2025-02-14 18:00:00,11.400,1033.900,8.600,83.000,10.800,3.517
2025-02-14 19:00:00,11.100,1033.400,7.700,76.000,9.600,1.949
2025-02-14 20:00:00,11.300,1032.800,8.100,84.000,10.100,0.899
2025-02-14 21:00:00,11.500,1032.400,7.800,71.000,9.700,0.876
2025-02-14 22:00:00,11.600,1032.300,7.800,68.000,10.200,1.736
2025-02-14 23:00:00,10.900,1032.200,8.800,72.000,11.500,3.491
2025-02-15 00:00:00,11.100,1032.300,9.900,71.000,12.600,5.282
2025-02-15 01:00:00,11.100,1032.500,10.500,68.000,13.100,6.762
2025-02-15 02:00:00,11.000,1031.600,8.300,67.000,11.700,7.697
2025-02-15 03:00:00,11.200,1031.000,8.900,71.000,11.100,7.769
2025-02-15 04:00:00,11.200,1030.600,6.200,61.000,8.300,7.297
2025-02-15 05:00:00,11.600,1029.900,6.900,56.000,9.200,6.125
2025-02-15 06:00:00,11.600,1029.300,5.000,48.000,6.500,4.590
2025-02-15 07:00:00,12.100,1028.700,5.400,78.000,7.200,2.835
2025-02-15 08:00:00,11.800,1028.100,3.900,59.000,5.600,1.388
2025-02-15 09:00:00,12.700,1027.000,4.800,76.000,6.000,0.804
2025-02-15 10:00:00,11.700,1026.500,3.100,54.000,4.600,1.240
2025-02-15 11:00:00,11.300,1025.900,1.800,42.000,2.300,2.697
2025-02-15 12:00:00,11.900,1025.900,3.400,62.000,4.400,4.531
2025-02-15 13:00:00,12.700,1025.300,4.000,97.000,4.300,6.283
2025-02-15 14:00:00,13.400,1025.100,3.200,80.000,3.500,7.418
2025-02-15 15:00:00,13.800,1024.900,3.200,94.000,3.500,7.697
2025-02-15 16:00:00,15.000,1024.300,2.000,70.000,2.200,7.300
2025-02-15 17:00:00,15.300,1023.400,1.800,108.000,2.100,5.961
2025-02-15 18:00:00,15.300,1021.900,2.400,98.000,2.700,4.406
2025-02-15 19:00:00,16.100,1020.700,2.000,108.000,2.400,2.530
2025-02-15 20:00:00,18.500,1019.400,4.200,151.000,5.900,1.020
2025-02-15 21:00:00,18.500,1018.600,3.800,160.000,5.400,0.299
2025-02-15 22:00:00,18.800,1018.200,5.000,164.000,7.400,0.892
2025-02-15 23:00:00,18.400,1017.700,3.000,153.000,4.600,2.428
2025-02-16 00:00:00,18.300,1017.400,3.300,156.000,4.300,4.301
2025-02-16 01:00:00,17.300,1016.800,3.000,170.000,4.400,5.994
2025-02-16 02:00:00,16.500,1016.400,3.600,222.000,5.700,7.090
2025-02-16 03:00:00,16.900,1015.700,3.200,201.000,5.200,7.464
2025-02-16 04:00:00,16.400,1015.100,3.100,220.000,4.900,7.090
2025-02-16 05:00:00,16.600,1014.100,5.400,207.000,8.000,6.148
2025-02-16 06:00:00,16.300,1012.800,5.200,212.000,8.700,4.806
2025-02-16 07:00:00,16.500,1011.500,4.800,211.000,8.000,3.415
2025-02-16 08:00:00,16.700,1010.800,5.200,213.000,7.600,1.929
2025-02-16 09:00:00,17.000,1010.100,4.900,217.000,7.800,0.925
2025-02-16 10:00:00,16.700,1009.600,5.700,215.000,8.400,0.833
2025-02-16 11:00:00,16.700,1009.300,6.500,218.000,9.100,1.864
2025-02-16 12:00:00,16.500,1009.500,5.600,207.000,10.200,3.455
2025-02-16 13:00:00,16.500,1008.700,6.500,209.000,10.200,5.089
2025-02-16 14:00:00,17.000,1008.500,6.200,211.000,8.900,6.444
2025-02-16 15:00:00,17.200,1008.900,6.900,223.000,9.700,6.936
2025-02-16 16:00:00,15.800,1009.700,2.600,252.000,3.300,6.677
2025-02-16 17:00:00,14.800,1009.600,4.600,241.000,7.300,5.768
2025-02-16 18:00:00,15.100,1009.100,3.700,260.000,5.200,4.288
2025-02-16 19:00:00,15.200,1009.000,5.400,265.000,9.000,2.736
2025-02-16 20:00:00,17.400,1008.200,7.300,284.000,9.200,0.935
2025-02-16 21:00:00,19.000,1008.500,5.600,272.000,7.500,-0.197
2025-02-16 22:00:00,19.200,1009.300,5.500,262.000,7.400,-0.456
2025-02-16 23:00:00,18.100,1010.400,2.900,252.000,4.600,0.587
2025-02-17 00:00:00,15.900,1011.600,2.400,240.000,3.800,2.218
2025-02-17 01:00:00,15.900,1012.800,3.400,261.000,4.300,3.789
2025-02-17 02:00:00,15.800,1013.400,4.100,275.000,5.300,5.266
2025-02-17 03:00:00,15.300,1014.300,6.800,298.000,7.700,6.076
2025-02-17 04:00:00,13.900,1015.400,7.400,320.000,8.600,6.001
2025-02-17 05:00:00,12.400,1016.600,9.000,323.000,11.000,5.279
2025-02-17 06:00:00,10.600,1016.800,8.300,324.000,10.100,4.042
2025-02-17 07:00:00,9.100,1017.400,6.600,321.000,8.700,2.457
2025-02-17 08:00:00,7.800,1017.900,8.600,322.000,10.400,1.135
2025-02-17 09:00:00,6.300,1018.400,6.900,322.000,8.500,0.072
2025-02-17 10:00:00,5.600,1019.900,6.000,325.000,7.700,-0.259
2025-02-17 11:00:00,5.000,1020.700,6.300,332.000,8.300,0.236
2025-02-17 12:00:00,4.300,1021.900,3.700,331.000,4.600,1.696
2025-02-17 13:00:00,5.000,1022.600,4.200,328.000,5.200,3.071
2025-02-17 14:00:00,6.100,1023.400,5.400,333.000,7.500,4.524
2025-02-17 15:00:00,6.500,1023.800,3.400,4.000,4.600,5.561
2025-02-17 16:00:00,7.500,1023.900,3.100,26.000,3.700,6.007
2025-02-17 17:00:00,8.500,1023.500,2.900,37.000,4.200,5.794
2025-02-17 18:00:00,8.800,1022.700,0.900,65.000,1.600,4.892
2025-02-17 19:00:00,9.600,1021.800,2.600,91.000,3.200,3.507
2025-02-17 20:00:00,10.500,1021.500,2.600,100.000,3.700,1.965
2025-02-17 21:00:00,10.200,1021.500,3.600,116.000,4.800,0.610
2025-02-17 22:00:00,10.000,1021.700,1.900,124.000,2.500,0.066
2025-02-17 23:00:00,8.700,1022.000,1.600,146.000,2.000,0.597
2025-02-18 00:00:00,8.100,1022.400,1.400,161.000,1.600,1.818
2025-02-18 01:00:00,7.700,1022.600,0.800,206.000,0.900,3.465
2025-02-18 02:00:00,7.500,1023.000,0.500,182.000,0.600,4.639
2025-02-18 03:00:00,8.100,1022.900,0.900,182.000,1.000,5.738
2025-02-18 04:00:00,8.400,1023.000,0.900,196.000,1.000,6.060
2025-02-18 05:00:00,7.300,1023.000,0.800,272.000,0.900,6.066
2025-02-18 06:00:00,7.100,1022.900,0.900,297.000,1.100,5.390
2025-02-18 07:00:00,7.600,1022.500,1.400,353.000,1.700,4.409
2025-02-18 08:00:00,6.900,1022.000,2.600,3.000,3.200,2.930
2025-02-18 09:00:00,7.000,1022.000,1.600,332.000,2.800,1.811
2025-02-18 10:00:00,5.800,1022.600,2.400,343.000,3.200,0.988
2025-02-18 11:00:00,5.300,1023.200,2.500,354.000,3.100,0.840
2025-02-18 12:00:00,5.700,1023.700,2.700,6.000,3.500,1.417
2025-02-18 13:00:00,7.300,1023.900,3.300,10.000,4.000,2.566
2025-02-18 14:00:00,9.000,1024.200,3.500,29.000,4.100,3.904
2025-02-18 15:00:00,11.000,1024.100,3.800,59.000,5.000,5.036
2025-02-18 16:00:00,11.500,1024.200,4.900,76.000,6.700,5.830
2025-02-18 17:00:00,11.800,1023.900,5.500,67.000,7.200,5.945
2025-02-18 18:00:00,12.000,1022.700,5.600,63.000,6.700,5.413
2025-02-18 19:00:00,12.800,1022.200,5.000,69.000,6.700,4.426
2025-02-18 20:00:00,12.900,1022.100,5.700,81.000,6.800,3.104
2025-02-18 21:00:00,12.500,1022.500,6.000,79.000,8.000,1.785
2025-02-18 22:00:00,12.400,1022.300,6.400,74.000,7.900,0.843
2025-02-18 23:00:00,12.400,1022.200,6.500,75.000,8.700,0.748
2025-02-19 00:00:00,12.100,1021.800,7.300,80.000,9.100,1.604
2025-02-19 01:00:00,11.900,1022.200,6.400,77.000,8.000,2.900
2025-02-19 02:00:00,11.800,1022.300,7.600,73.000,9.200,4.318
2025-02-19 03:00:00,11.800,1022.200,5.800,72.000,7.500,5.413
2025-02-19 04:00:00,12.000,1021.500,6.400,75.000,8.100,6.152
2025-02-19 05:00:00,11.700,1020.900,4.500,56.000,5.300,6.483
2025-02-19 06:00:00,11.600,1020.400,4.100,48.000,5.400,6.355
2025-02-19 07:00:00,11.200,1019.700,5.300,60.000,6.500,5.741
2025-02-19 08:00:00,11.600,1018.800,4.200,74.000,5.100,4.649
2025-02-19 09:00:00,12.500,1018.200,3.700,69.000,4.700,3.327
2025-02-19 10:00:00,11.500,1018.600,1.500,10.000,2.500,2.211
2025-02-19 11:00:00,11.800,1018.400,2.700,26.000,3.100,1.476
2025-02-19 12:00:00,11.200,1019.100,2.500,35.000,3.500,1.611
2025-02-19 13:00:00,11.500,1018.700,4.200,86.000,4.700,2.454
2025-02-19 14:00:00,11.300,1019.400,5.000,67.000,6.300,3.615
2025-02-19 15:00:00,10.900,1019.500,2.600,3.000,3.100,4.587
2025-02-19 16:00:00,10.500,1019.300,4.100,1.000,4.900,5.564
2025-02-19 17:00:00,10.300,1018.600,5.100,10.000,6.200,5.797
2025-02-19 18:00:00,9.800,1018.200,5.000,16.000,6.300,5.860
2025-02-19 19:00:00,10.000,1015.800,4.800,46.000,6.100,5.151
2025-02-19 20:00:00,10.100,1016.500,5.400,20.000,6.500,4.459
2025-02-19 21:00:00,9.800,1015.500,5.300,47.000,6.600,3.028
2025-02-19 22:00:00,9.800,1015.500,4.800,48.000,6.300,2.349
2025-02-19 23:00:00,8.900,1016.500,6.500,38.000,7.900,1.883
2025-02-20 00:00:00,8.600,1017.000,5.000,22.000,6.400,1.837
2025-02-20 01:00:00,7.600,1017.200,7.000,14.000,8.400,2.812
2025-02-20 02:00:00,6.500,1017.800,5.800,8.000,9.000,3.825
2025-02-20 03:00:00,5.500,1017.900,5.100,9.000,7.100,4.731
2025-02-20 04:00:00,5.600,1017.900,5.700,12.000,6.600,5.581
2025-02-20 05:00:00,5.000,1017.600,5.400,6.000,6.900,6.207
2025-02-20 06:00:00,4.600,1017.700,4.000,9.000,4.900,6.614
2025-02-20 07:00:00,5.300,1017.800,6.400,345.000,8.000,6.588
2025-02-20 08:00:00,4.700,1017.400,4.400,2.000,5.100,6.043
2025-02-20 09:00:00,4.900,1017.600,4.900,2.000,6.000,5.000
2025-02-20 10:00:00,4.800,1017.700,4.800,1.000,6.200,4.049
2025-02-20 11:00:00,5.000,1018.300,5.900,345.000,6.800,2.858
2025-02-20 12:00:00,4.900,1019.100,5.100,331.000,5.900,2.208
2025-02-20 13:00:00,5.100,1019.900,5.700,328.000,6.500,2.133
2025-02-20 14:00:00,5.600,1021.200,4.100,326.000,5.300,2.694
2025-02-20 15:00:00,6.800,1021.200,5.000,302.000,6.500,3.540
2025-02-20 16:00:00,8.000,1021.000,6.300,310.000,8.100,4.426
2025-02-20 17:00:00,8.500,1020.500,6.200,296.000,7.300,5.256
2025-02-20 18:00:00,10.200,1019.600,6.300,298.000,7.700,5.794
2025-02-20 19:00:00,11.100,1019.300,9.700,299.000,12.000,5.597
2025-02-20 20:00:00,10.400,1019.700,8.600,321.000,10.300,4.918
2025-02-20 21:00:00,10.500,1020.500,8.400,304.000,10.200,3.747
2025-02-20 22:00:00,10.100,1021.900,7.500,336.000,9.300,2.526
2025-02-20 23:00:00,8.800,1023.000,7.400,319.000,9.200,1.627
2025-02-21 00:00:00,7.700,1024.100,5.500,322.000,6.800,1.227
2025-02-21 01:00:00,6.500,1024.800,3.800,22.000,4.800,1.670
2025-02-21 02:00:00,4.600,1026.000,6.300,47.000,7.800,2.398
2025-02-21 03:00:00,4.200,1027.200,3.400,27.000,4.200,3.563
2025-02-21 04:00:00,3.500,1027.900,3.300,356.000,3.900,4.534
2025-02-21 05:00:00,3.200,1027.900,4.500,6.000,6.300,5.512
2025-02-21 06:00:00,2.600,1028.100,6.800,12.000,8.400,6.066
2025-02-21 07:00:00,1.800,1028.300,7.500,10.000,9.600,6.175
2025-02-21 08:00:00,1.200,1028.900,6.900,9.000,8.500,5.846
2025-02-21 09:00:00,0.500,1029.500,6.400,15.000,8.200,5.331
2025-02-21 10:00:00,-0.100,1030.400,5.900,13.000,7.600,4.262
2025-02-21 11:00:00,-0.400,1031.700,4.500,16.000,5.600,3.301
2025-02-21 12:00:00,-0.500,1032.300,5.600,12.000,5.600,2.343
2025-02-21 13:00:00,0.100,1032.800,8.000,21.000,10.800,1.880
2025-02-21 14:00:00,0.600,1033.500,5.900,36.000,8.800,2.044
2025-02-21 15:00:00,1.000,1033.700,6.500,52.000,8.000,2.287
2025-02-21 16:00:00,1.900,1034.100,4.600,78.000,7.100,3.547
2025-02-21 17:00:00,2.700,1033.500,3.900,70.000,5.300,4.396
2025-02-21 18:00:00,3.900,1032.900,2.100,113.000,2.900,5.082
2025-02-21 19:00:00,4.700,1031.800,3.800,107.000,4.700,5.387
2025-02-21 20:00:00,5.800,1031.800,3.100,112.000,4.000,5.089
2025-02-21 21:00:00,6.900,1031.100,2.900,113.000,3.600,4.308
2025-02-21 22:00:00,8.300,1030.600,3.500,99.000,4.800,3.399
2025-02-21 23:00:00,8.200,1030.900,2.200,37.000,2.900,2.402
2025-02-22 00:00:00,7.900,1031.800,2.000,39.000,2.300,1.729
2025-02-22 01:00:00,7.500,1032.100,1.800,25.000,2.200,1.585
2025-02-22 02:00:00,7.100,1032.600,1.200,30.000,1.500,1.811
2025-02-22 03:00:00,6.500,1033.100,1.800,1.000,2.000,2.507
2025-02-22 04:00:00,6.000,1032.900,1.900,21.000,2.300,3.248
2025-02-22 05:00:00,7.100,1032.600,2.600,56.000,3.000,4.278
2025-02-22 06:00:00,7.800,1032.200,3.200,73.000,3.800,5.325
2025-02-22 07:00:00,7.900,1031.700,2.800,62.000,3.600,6.112
2025-02-22 08:00:00,7.000,1031.100,2.400,47.000,2.800,6.358
2025-02-22 09:00:00,7.500,1030.700,2.400,72.000,2.900,6.096
2025-02-22 10:00:00,8.300,1030.700,3.800,67.000,4.900,5.282
2025-02-22 11:00:00,8.000,1031.000,3.800,58.000,4.700,4.199
2025-02-22 12:00:00,7.900,1031.000,5.200,60.000,6.300,3.077
2025-02-22 13:00:00,8.100,1031.200,5.300,58.000,6.500,2.024
2025-02-22 14:00:00,8.700,1031.200,4.800,68.000,6.200,1.549
2025-02-22 15:00:00,9.400,1031.200,6.000,78.000,7.300,1.601
2025-02-22 16:00:00,9.700,1031.000,6.000,81.000,7.200,2.372
2025-02-22 17:00:00,9.600,1030.200,6.400,74.000,7.700,3.494
2025-02-22 18:00:00,10.000,1029.100,5.500,67.000,6.800,4.554
2025-02-22 19:00:00,10.100,1028.500,2.900,59.000,4.400,5.331
2025-02-22 20:00:00,10.700,1027.600,4.700,76.000,6.100,5.512
2025-02-22 21:00:00,10.200,1027.300,2.300,77.000,2.900,5.187
2025-02-22 22:00:00,10.800,1026.400,3.800,65.000,4.400,4.465
2025-02-22 23:00:00,10.900,1026.600,1.800,67.000,2.300,3.510
2025-02-23 00:00:00,10.900,1026.900,1.900,10.000,2.400,2.513
2025-02-23 01:00:00,10.400,1026.700,1.600,30.000,1.800,1.969
2025-02-23 02:00:00,10.400,1026.300,1.200,79.000,1.600,1.660
2025-02-23 03:00:00,9.100,1026.300,0.000,326.000,0.200,1.745
2025-02-23 04:00:00,8.800,1025.900,0.600,210.000,0.700,2.270
2025-02-23 05:00:00,8.900,1025.500,0.800,207.000,1.000,3.406
2025-02-23 06:00:00,8.100,1025.400,0.700,310.000,0.800,4.751
2025-02-23 07:00:00,7.800,1024.900,2.300,332.000,2.900,5.886
2025-02-23 08:00:00,7.500,1024.100,1.800,355.000,2.400,6.706
2025-02-23 09:00:00,7.300,1023.700,0.800,22.000,1.000,6.650
2025-02-23 10:00:00,7.700,1023.900,1.200,327.000,1.400,6.306
2025-02-23 11:00:00,6.700,1023.800,1.200,298.000,1.600,5.308
2025-02-23 12:00:00,7.100,1024.100,1.600,316.000,1.900,4.193
2025-02-23 13:00:00,8.800,1024.500,2.000,310.000,2.200,2.913
2025-02-23 14:00:00,10.600,1024.800,3.400,339.000,4.000,1.952
2025-02-23 15:00:00,13.000,1024.700,2.500,305.000,3.100,1.385
2025-02-23 16:00:00,15.800,1024.600,2.200,293.000,2.500,1.611
2025-02-23 17:00:00,16.900,1023.500,1.100,291.000,1.400,2.431
2025-02-23 18:00:00,15.600,1022.400,2.400,174.000,4.900,3.789
2025-02-23 19:00:00,15.200,1021.200,3.500,173.000,5.500,4.931
2025-02-23 20:00:00,15.200,1020.400,3.600,175.000,5.500,5.679
2025-02-23 21:00:00,13.900,1020.100,3.700,171.000,5.200,5.978
2025-02-23 22:00:00,13.500,1019.800,1.300,198.000,3.000,5.571
2025-02-23 23:00:00,12.900,1019.700,2.200,205.000,3.400,4.810
2025-02-24 00:00:00,12.400,1019.900,2.500,223.000,3.900,3.668
2025-02-24 01:00:00,11.800,1020.100,2.200,225.000,3.200,2.749
2025-02-24 02:00:00,11.500,1020.000,1.300,228.000,1.900,1.886
2025-02-24 03:00:00,11.300,1019.600,1.600,223.000,1.900,1.319
2025-02-24 04:00:00,11.100,1019.600,1.300,235.000,1.700,1.322
2025-02-24 05:00:00,11.200,1019.100,1.500,227.000,1.700,2.060
2025-02-24 06:00:00,11.100,1019.200,2.700,258.000,4.200,3.245
2025-02-24 07:00:00,11.600,1019.500,2.500,274.000,3.300,4.879
2025-02-24 08:00:00,11.800,1019.000,2.200,280.000,2.800,6.175
2025-02-24 09:00:00,11.200,1018.400,0.700,293.000,0.800,7.031
2025-02-24 10:00:00,11.200,1018.500,0.900,267.000,1.300,7.064
2025-02-24 11:00:00,11.000,1018.900,1.400,234.000,1.500,6.627
2025-02-24 12:00:00,11.200,1019.500,2.300,305.000,2.500,5.735
2025-02-24 13:00:00,11.200,1019.300,1.300,330.000,1.500,4.364
2025-02-24 14:00:00,12.100,1019.700,2.400,358.000,2.900,3.028
2025-02-24 15:00:00,12.400,1019.800,0.800,12.000,1.000,1.749
2025-02-24 16:00:00,13.900,1020.000,0.000,65.000,0.300,1.165
2025-02-24 17:00:00,14.000,1019.000,1.500,114.000,1.900,1.368
2025-02-24 18:00:00,13.800,1018.400,2.400,98.000,2.700,2.388
2025-02-24 19:00:00,12.900,1017.000,4.300,98.000,4.700,3.875
2025-02-24 20:00:00,14.500,1016.700,3.200,117.000,3.800,5.226
2025-02-24 21:00:00,14.800,1016.400,3.800,135.000,4.900,6.175
2025-02-24 22:00:00,13.600,1016.100,2.000,152.000,2.500,6.516
2025-02-24 23:00:00,12.800,1016.200,2.900,164.000,3.700,6.168
2025-02-25 00:00:00,12.400,1016.000,0.200,162.000,0.600,5.285
2025-02-25 01:00:00,11.800,1016.100,0.700,159.000,1.200,4.098
2025-02-25 02:00:00,11.500,1016.100,1.800,0.000,1.900,2.858
2025-02-25 03:00:00,11.300,1015.800,0.200,333.000,0.900,1.716
2025-02-25 04:00:00,10.800,1015.100,0.000,307.000,0.000,0.896
2025-02-25 05:00:00,10.800,1014.400,1.600,346.000,2.000,0.935
2025-02-25 06:00:00,11.000,1014.000,2.400,1.000,2.900,2.008
2025-02-25 07:00:00,10.800,1013.400,2.700,3.000,3.300,3.537
2025-02-25 08:00:00,10.600,1013.000,1.200,339.000,1.900,5.404
2025-02-25 09:00:00,10.500,1012.300,3.100,359.000,3.700,6.949
2025-02-25 10:00:00,10.600,1012.100,2.900,346.000,3.500,7.743
2025-02-25 11:00:00,10.600,1012.500,2.200,353.000,2.700,7.890
2025-02-25 12:00:00,10.300,1012.500,4.100,352.000,4.900,7.139
2025-02-25 13:00:00,10.400,1012.600,1.400,355.000,2.200,6.138
2025-02-25 14:00:00,11.200,1012.800,3.600,339.000,4.400,4.616
2025-02-25 15:00:00,13.300,1012.700,2.500,338.000,2.800,3.028
2025-02-25 16:00:00,15.600,1012.700,5.000,347.000,5.700,1.759
2025-02-25 17:00:00,18.400,1012.000,5.900,339.000,7.200,1.027
2025-02-25 18:00:00,19.600,1010.900,3.200,330.000,4.100,1.355
2025-02-25 19:00:00,21.800,1009.700,3.900,289.000,4.600,2.388
2025-02-25 20:00:00,22.500,1009.000,1.400,264.000,2.200,4.386
2025-02-25 21:00:00,18.600,1008.700,4.900,180.000,7.400,5.955
2025-02-25 22:00:00,18.200,1009.000,3.300,200.000,4.500,7.051
2025-02-25 23:00:00,16.200,1009.600,2.500,228.000,3.400,7.306
2025-02-26 00:00:00,14.400,1010.400,2.400,210.000,3.500,6.926
2025-02-26 01:00:00,13.900,1011.000,2.700,222.000,4.100,6.027
2025-02-26 02:00:00,13.600,1011.700,3.400,231.000,4.900,4.222
2025-02-26 03:00:00,13.800,1012.100,3.900,232.000,4.600,2.812
2025-02-26 04:00:00,12.100,1012.200,1.300,237.000,1.500,1.247
2025-02-26 05:00:00,12.300,1012.300,2.100,234.000,2.600,0.358
2025-02-26 06:00:00,11.800,1012.400,1.700,243.000,1.900,0.469
2025-02-26 07:00:00,12.500,1012.500,2.300,280.000,2.700,1.841
2025-02-26 08:00:00,11.800,1012.400,0.200,14.000,0.700,3.586
2025-02-26 09:00:00,10.900,1012.300,0.800,269.000,1.000,5.650
2025-02-26 10:00:00,10.900,1013.100,0.800,312.000,1.000,7.300
2025-02-26 11:00:00,10.600,1013.900,0.900,304.000,1.200,8.054
2025-02-26 12:00:00,11.700,1014.800,1.800,310.000,2.000,8.189
2025-02-26 13:00:00,15.400,1015.700,2.000,281.000,2.500,7.490
2025-02-26 14:00:00,14.900,1016.500,2.600,305.000,2.800,6.056
2025-02-26 15:00:00,17.400,1016.900,2.300,294.000,2.500,4.154
2025-02-26 16:00:00,19.400,1017.100,1.200,317.000,1.400,2.428
2025-02-26 17:00:00,21.000,1016.900,1.500,180.000,2.300,0.873
2025-02-26 18:00:00,21.200,1016.400,2.800,173.000,4.400,0.102
2025-02-26 19:00:00,20.800,1015.700,2.800,175.000,4.500,0.709
2025-02-26 20:00:00,21.000,1015.300,2.800,172.000,4.400,1.913
2025-02-26 21:00:00,19.900,1015.400,3.200,180.000,5.000,4.436
2025-02-26 22:00:00,18.600,1015.500,3.200,170.000,4.200,6.211
2025-02-26 23:00:00,16.300,1016.000,2.500,179.000,3.700,7.303
2025-02-27 00:00:00,14.700,1016.200,1.800,185.000,3.000,7.549
2025-02-27 01:00:00,14.500,1016.700,2.200,203.000,3.200,6.975
2025-02-27 02:00:00,14.100,1017.300,1.600,208.000,2.600,5.692
2025-02-27 03:00:00,13.300,1017.600,1.500,194.000,2.400,4.022
2025-02-27 04:00:00,13.100,1017.400,2.200,220.000,2.800,2.051
2025-02-27 05:00:00,13.100,1017.200,2.500,222.000,3.300,0.430
2025-02-27 06:00:00,14.000,1017.000,2.600,211.000,3.700,-0.456
2025-02-27 07:00:00,13.400,1016.700,1.800,208.000,3.100,-0.052
2025-02-27 08:00:00,12.500,1016.100,1.400,199.000,2.400,1.617
2025-02-27 09:00:00,12.300,1015.900,0.800,277.000,2.000,3.684
2025-02-27 10:00:00,11.700,1016.400,2.100,234.000,2.600,5.909
2025-02-27 11:00:00,11.600,1016.900,2.100,213.000,2.700,7.490
2025-02-27 12:00:00,12.000,1017.000,2.300,214.000,2.700,8.156
2025-02-27 13:00:00,13.800,1017.400,3.500,222.000,4.500,7.979
2025-02-27 14:00:00,15.100,1017.600,3.800,220.000,5.500,7.034
2025-02-27 15:00:00,17.200,1017.400,4.000,227.000,5.300,5.423
2025-02-27 16:00:00,19.900,1016.800,3.500,226.000,5.500,3.563
2025-02-27 17:00:00,22.200,1015.500,3.400,240.000,5.200,1.532
2025-02-27 18:00:00,22.500,1014.200,5.000,224.000,7.300,-0.082
2025-02-27 19:00:00,21.400,1013.000,4.400,195.000,8.100,-0.758
2025-02-27 20:00:00,21.500,1012.500,4.300,194.000,6.800,0.082
2025-02-27 21:00:00,20.900,1011.600,4.300,204.000,6.900,1.985
2025-02-27 22:00:00,19.300,1010.900,4.400,208.000,6.700,4.357
2025-02-27 23:00:00,17.900,1011.000,3.100,211.000,4.500,6.388
2025-02-28 00:00:00,20.900,1011.800,3.800,262.000,6.100,7.546
2025-02-28 01:00:00,20.100,1012.000,2.900,238.000,4.700,7.769
2025-02-28 02:00:00,19.800,1012.400,3.300,252.000,5.100,7.024
2025-02-28 03:00:00,19.100,1012.800,3.500,247.000,5.500,5.394
2025-02-28 04:00:00,19.200,1013.400,4.700,276.000,6.100,3.219
2025-02-28 05:00:00,18.700,1014.100,8.000,318.000,10.100,1.204
2025-02-28 06:00:00,17.300,1014.600,6.000,325.000,6.900,-0.676
2025-02-28 07:00:00,15.800,1015.000,5.800,328.000,7.300,-1.335
2025-02-28 08:00:00,14.100,1015.000,4.100,318.000,4.400,-0.623
2025-02-28 09:00:00,12.800,1015.400,2.400,303.000,3.100,1.247
2025-02-28 10:00:00,12.900,1015.700,2.700,311.000,3.300,3.802
2025-02-28 11:00:00,12.400,1016.500,2.700,310.000,3.300,6.168
2025-02-28 12:00:00,12.400,1016.800,2.800,295.000,3.400,7.638
2025-02-28 13:00:00,13.500,1017.100,3.500,311.000,3.900,8.114
2025-02-28 14:00:00,14.500,1017.300,3.700,306.000,4.100,7.651
2025-02-28 15:00:00,16.600,1017.200,3.200,303.000,4.000,6.585
2025-02-28 16:00:00,18.700,1017.200,3.700,288.000,4.400,4.816
2025-02-28 17:00:00,19.900,1016.400,2.600,292.000,2.900,2.864
2025-02-28 18:00:00,21.000,1015.600,2.500,300.000,3.100,0.771
2025-02-28 19:00:00,18.800,1014.800,3.400,165.000,5.700,-0.709
2025-02-28 20:00:00,18.200,1014.300,4.200,171.000,6.800,-1.001
2025-02-28 21:00:00,18.600,1013.700,3.500,189.000,6.100,0.407
2025-02-28 22:00:00,17.100,1013.500,4.100,206.000,8.100,2.703
2025-02-28 23:00:00,15.300,1013.600,5.100,205.000,7.500,5.394
2026-01-01 00:00:00,9.000,1018.300,2.300,250.000,3.600,5.584
2026-01-01 01:00:00,8.500,1018.900,2.600,250.000,4.500,4.180
2026-01-01 02:00:00,7.900,1018.900,3.000,255.000,4.800,2.543
2026-01-01 03:00:00,7.500,1018.800,3.300,261.000,4.500,0.564
2026-01-01 04:00:00,6.400,1018.800,2.700,236.000,4.200,-0.837
2026-01-01 05:00:00,6.100,1018.300,3.800,256.000,5.200,-1.089
2026-01-01 06:00:00,6.400,1017.700,4.200,263.000,6.400,0.236
2026-01-01 07:00:00,5.800,1017.600,4.500,274.000,6.800,2.306
2026-01-01 08:00:00,5.700,1017.400,3.900,272.000,5.600,4.695
2026-01-01 09:00:00,5.200,1017.100,3.000,263.000,4.000,6.716
2026-01-01 10:00:00,5.500,1016.900,4.700,261.000,7.200,7.802
2026-01-01 11:00:00,5.700,1017.100,4.500,266.000,7.200,7.920
2026-01-01 12:00:00,5.600,1017.300,4.300,276.000,6.000,7.142
2026-01-01 13:00:00,6.300,1017.500,4.000,277.000,5.300,5.712
2026-01-01 14:00:00,8.100,1017.800,4.500,273.000,5.800,3.934
2026-01-01 15:00:00,9.600,1018.300,6.300,295.000,7.000,2.080
2026-01-01 16:00:00,12.300,1017.900,6.100,290.000,8.300,0.410
2026-01-01 17:00:00,14.000,1016.600,8.200,293.000,10.300,-0.489
2026-01-01 18:00:00,15.200,1015.700,5.700,291.000,6.800,-0.203
2026-01-01 19:00:00,16.100,1014.500,8.000,293.000,9.200,1.240
2026-01-01 20:00:00,17.200,1014.300,6.800,294.000,8.100,2.890
2026-01-01 21:00:00,17.200,1014.200,6.500,293.000,7.900,4.613
2026-01-01 22:00:00,16.300,1014.500,3.900,274.000,5.300,5.912
2026-01-01 23:00:00,14.200,1014.900,2.900,255.000,4.000,6.572
2026-01-02 00:00:00,13.600,1015.400,2.300,263.000,3.100,6.342
2026-01-02 01:00:00,12.900,1015.700,2.800,255.000,3.500,5.427
2026-01-02 02:00:00,12.900,1016.100,3.300,260.000,4.400,3.829
2026-01-02 03:00:00,11.800,1016.300,2.500,261.000,3.600,1.906
2026-01-02 04:00:00,11.300,1016.100,3.300,275.000,4.700,-0.098
2026-01-02 05:00:00,11.100,1015.600,3.600,277.000,4.600,-1.558
2026-01-02 06:00:00,11.200,1015.300,3.800,266.000,5.100,-1.522
2026-01-02 07:00:00,10.500,1015.200,2.900,273.000,4.100,0.262
2026-01-02 08:00:00,9.700,1015.000,2.300,268.000,3.500,2.559
2026-01-02 09:00:00,8.600,1015.000,0.600,227.000,1.100,5.259
2026-01-02 10:00:00,8.900,1014.600,1.700,258.000,2.200,7.339
2026-01-02 11:00:00,9.400,1014.500,2.000,265.000,2.500,8.202
2026-01-02 12:00:00,9.800,1014.900,2.700,256.000,3.500,8.196
2026-01-02 13:00:00,10.200,1015.300,2.600,264.000,3.900,7.280
2026-01-02 14:00:00,11.100,1015.600,2.400,269.000,3.400,5.823
2026-01-02 15:00:00,12.400,1015.900,1.800,243.000,2.800,4.127
2026-01-02 16:00:00,14.600,1015.400,2.800,276.000,3.500,2.280
2026-01-02 17:00:00,17.200,1014.500,2.200,249.000,3.200,0.591
2026-01-02 18:00:00,17.600,1013.700,3.500,243.000,4.900,-0.361
2026-01-02 19:00:00,17.400,1012.900,3.300,244.000,5.000,-0.112
2026-01-02 20:00:00,16.700,1012.600,2.500,244.000,3.600,1.286
2026-01-02 21:00:00,17.100,1012.600,1.800,251.000,2.200,2.992
2026-01-02 22:00:00,15.200,1012.500,1.800,227.000,2.500,4.928
2026-01-02 23:00:00,13.700,1012.900,1.700,228.000,2.200,6.450
2026-01-03 00:00:00,12.800,1013.100,1.900,210.000,2.600,7.195
2026-01-03 01:00:00,13.000,1012.900,1.900,222.000,2.600,6.663
2026-01-03 02:00:00,13.100,1012.400,2.300,205.000,4.100,5.512
2026-01-03 03:00:00,13.400,1013.200,2.000,240.000,3.200,3.635
2026-01-03 04:00:00,13.200,1013.100,2.900,228.000,4.600,1.601
2026-01-03 05:00:00,12.200,1012.800,2.500,229.000,3.300,-0.282
2026-01-03 06:00:00,12.200,1012.300,2.800,229.000,4.000,-1.493
2026-01-03 07:00:00,12.400,1012.100,2.600,217.000,3.500,-1.158
2026-01-03 08:00:00,13.000,1011.900,3.000,215.000,5.000,0.574
2026-01-03 09:00:00,13.200,1011.400,1.000,194.000,2.000,2.871
2026-01-03 10:00:00,13.100,1010.800,1.500,200.000,3.000,5.463
2026-01-03 11:00:00,13.100,1010.700,3.700,206.000,5.600,7.490
2026-01-03 12:00:00,13.200,1010.600,1.900,198.000,3.100,8.432
2026-01-03 13:00:00,13.300,1010.900,4.100,219.000,5.500,8.409
2026-01-03 14:00:00,14.000,1011.000,3.900,214.000,6.200,7.425
2026-01-03 15:00:00,15.300,1011.100,4.100,220.000,5.500,5.823
2026-01-03 16:00:00,17.600,1010.600,3.200,223.000,4.300,4.137
2026-01-03 17:00:00,18.100,1009.900,3.200,214.000,4.000,2.218
2026-01-03 18:00:00,18.900,1009.000,4.100,250.000,6.500,0.597
2026-01-03 19:00:00,17.800,1008.300,4.300,250.000,7.100,-0.502
2026-01-03 20:00:00,18.000,1008.500,3.400,249.000,5.300,-0.315
2026-01-03 21:00:00,17.900,1008.300,1.300,233.000,2.100,1.234
2026-01-03 22:00:00,16.800,1009.100,1.700,224.000,2.400,3.205
2026-01-03 23:00:00,14.800,1009.900,4.800,32.000,6.100,5.469
2026-01-04 00:00:00,13.400,1010.300,5.700,29.000,7.400,7.146
2026-01-04 01:00:00,12.600,1011.800,4.000,19.000,4.900,7.615
2026-01-04 02:00:00,12.100,1012.600,4.400,357.000,6.100,6.785
2026-01-04 03:00:00,11.600,1013.300,4.600,19.000,5.300,5.640
2026-01-04 04:00:00,11.600,1013.700,4.500,29.000,5.300,3.891
2026-01-04 05:00:00,11.200,1014.100,3.100,3.000,4.200,1.926
2026-01-04 06:00:00,11.200,1013.700,2.900,41.000,3.500,0.190
2026-01-04 07:00:00,11.000,1014.300,3.200,10.000,4.200,-0.597
2026-01-04 08:00:00,10.500,1014.900,4.700,26.000,5.600,-0.085
2026-01-04 09:00:00,10.300,1015.700,3.500,23.000,4.300,1.696
2026-01-04 10:00:00,10.400,1016.100,3.200,13.000,4.000,4.088
2026-01-04 11:00:00,9.900,1016.900,3.200,32.000,4.100,6.345
2026-01-04 12:00:00,9.100,1017.900,3.200,24.000,4.000,8.120
2026-01-04 13:00:00,9.000,1018.400,3.700,45.000,4.400,8.865
2026-01-04 14:00:00,8.900,1019.300,4.000,47.000,4.700,8.848
2026-01-04 15:00:00,8.800,1020.200,3.000,49.000,4.000,8.077
2026-01-04 16:00:00,9.100,1020.800,1.700,37.000,2.300,6.453
2026-01-04 17:00:00,9.400,1021.000,1.700,331.000,2.200,4.770
2026-01-04 18:00:00,9.400,1020.700,3.000,346.000,3.700,2.959
2026-01-04 19:00:00,10.000,1020.700,2.800,7.000,3.400,1.230
2026-01-04 20:00:00,10.200,1020.500,1.800,102.000,2.100,0.197
2026-01-04 21:00:00,10.600,1019.900,2.200,111.000,3.200,0.413
2026-01-04 22:00:00,10.200,1020.000,1.300,167.000,1.700,1.991
2026-01-04 23:00:00,9.300,1020.300,1.500,120.000,1.700,4.009
2026-01-05 00:00:00,8.700,1020.600,0.900,122.000,1.000,6.142
2026-01-05 01:00:00,9.600,1020.500,1.700,59.000,1.900,7.625
2026-01-05 02:00:00,10.200,1020.700,1.700,51.000,2.100,7.946
2026-01-05 03:00:00,9.700,1021.400,1.100,51.000,1.300,7.507
2026-01-05 04:00:00,9.400,1021.500,1.400,16.000,1.700,6.037
2026-01-05 05:00:00,9.500,1021.600,1.000,18.000,1.200,4.298
2026-01-05 06:00:00,9.600,1021.200,1.300,40.000,1.800,2.257
2026-01-05 07:00:00,10.400,1020.900,3.400,69.000,4.400,0.463
2026-01-05 08:00:00,10.200,1020.500,2.800,73.000,3.700,-0.604
2026-01-05 09:00:00,10.600,1020.500,3.100,74.000,3.600,-0.128
2026-01-05 10:00:00,10.300,1020.800,1.500,86.000,3.100,1.683
2026-01-05 11:00:00,11.900,1021.000,4.500,77.000,5.300,4.072
2026-01-05 12:00:00,12.000,1021.100,4.200,76.000,4.800,6.545
2026-01-05 13:00:00,12.300,1021.200,5.500,89.000,6.000,8.100
2026-01-05 14:00:00,13.100,1021.900,3.400,62.000,4.100,8.793
2026-01-05 15:00:00,13.400,1021.900,3.200,75.000,4.100,8.576
2026-01-05 16:00:00,14.700,1021.400,3.700,91.000,4.400,7.520
2026-01-05 17:00:00,15.000,1020.800,5.100,67.000,6.300,5.896
2026-01-05 18:00:00,16.500,1019.900,5.300,70.000,6.200,4.117
2026-01-05 19:00:00,16.800,1019.400,4.600,72.000,5.300,2.175
2026-01-05 20:00:00,16.300,1019.100,4.700,75.000,5.500,0.617
2026-01-05 21:00:00,15.700,1019.100,4.700,77.000,6.100,-0.121
2026-01-05 22:00:00,14.800,1018.800,3.900,93.000,4.500,0.728
2026-01-05 23:00:00,14.000,1018.800,3.500,89.000,4.100,2.657
2026-01-06 00:00:00,13.700,1019.000,2.000,86.000,2.200,4.570
2026-01-06 01:00:00,13.500,1019.300,0.400,81.000,0.600,6.378
2026-01-06 02:00:00,13.000,1019.200,0.400,320.000,0.600,7.405
2026-01-06 03:00:00,12.500,1019.200,0.600,61.000,0.700,7.477
2026-01-06 04:00:00,13.300,1018.700,0.900,77.000,1.200,6.791
2026-01-06 05:00:00,12.700,1018.400,0.900,102.000,1.200,5.374
2026-01-06 06:00:00,12.200,1018.100,2.200,278.000,2.600,3.622
2026-01-06 07:00:00,12.300,1018.200,2.500,280.000,2.800,1.886
2026-01-06 08:00:00,12.400,1017.800,0.800,233.000,1.100,0.266
2026-01-06 09:00:00,11.600,1017.700,1.800,243.000,2.100,-0.535
2026-01-06 10:00:00,11.100,1017.400,3.300,229.000,3.700,0.164
2026-01-06 11:00:00,10.900,1017.600,3.200,229.000,3.600,1.965
2026-01-06 12:00:00,10.100,1018.000,2.500,218.000,2.900,4.170
2026-01-06 13:00:00,11.000,1018.500,4.200,280.000,5.100,6.312
2026-01-06 14:00:00,11.200,1018.900,5.300,295.000,6.500,7.612
2026-01-06 15:00:00,13.500,1019.200,3.900,290.000,4.500,8.159
2026-01-06 16:00:00,16.000,1019.200,3.900,291.000,4.500,7.877
2026-01-06 17:00:00,16.900,1018.000,2.900,305.000,3.400,6.821
2026-01-06 18:00:00,20.100,1016.400,1.800,315.000,2.400,5.036
2026-01-06 19:00:00,16.600,1015.500,3.400,191.000,4.800,3.209
2026-01-06 20:00:00,16.600,1015.300,2.200,189.000,4.800,1.247
2026-01-06 21:00:00,16.000,1015.100,4.800,211.000,7.700,-0.200
2026-01-06 22:00:00,15.000,1015.100,4.600,217.000,6.100,-0.407
2026-01-06 23:00:00,14.500,1015.300,4.200,215.000,5.600,0.837
2026-01-07 00:00:00,14.300,1015.400,2.800,205.000,4.300,2.822
2026-01-07 01:00:00,14.100,1015.500,2.100,214.000,3.000,4.767
2026-01-07 02:00:00,14.300,1015.600,2.400,223.000,3.200,6.224
2026-01-07 03:00:00,15.100,1015.600,4.200,220.000,5.300,7.028
2026-01-07 04:00:00,15.000,1015.300,3.900,222.000,5.300,6.886
2026-01-07 05:00:00,14.600,1014.900,3.400,224.000,4.600,6.155
2026-01-07 06:00:00,13.700,1015.200,1.100,237.000,1.700,4.692
2026-01-07 07:00:00,14.300,1015.600,2.100,250.000,2.700,3.110
2026-01-07 08:00:00,15.900,1015.500,3.900,263.000,5.300,1.102
2026-01-07 09:00:00,15.900,1015.200,2.400,246.000,3.700,-0.115
2026-01-07 10:00:00,14.700,1015.100,1.800,232.000,2.600,-0.659
2026-01-07 11:00:00,14.400,1015.600,1.300,245.000,1.900,0.210
2026-01-07 12:00:00,13.900,1016.200,2.200,246.000,3.100,2.044
2026-01-07 13:00:00,16.000,1016.700,3.800,272.000,6.100,4.042
2026-01-07 14:00:00,16.500,1017.200,3.700,275.000,5.600,5.863
2026-01-07 15:00:00,18.900,1017.600,3.100,265.000,4.300,7.014
2026-01-07 16:00:00,19.500,1017.300,5.100,284.000,6.500,7.365
2026-01-07 17:00:00,18.900,1016.500,4.500,298.000,5.000,6.844
2026-01-07 18:00:00,19.700,1015.900,4.100,308.000,4.500,5.574
2026-01-07 19:00:00,19.700,1015.800,4.700,310.000,5.700,3.947
2026-01-07 20:00:00,21.100,1015.600,4.700,314.000,5.600,2.129
2026-01-07 21:00:00,20.100,1015.800,3.200,344.000,3.900,0.427
2026-01-07 22:00:00,20.200,1016.200,1.100,321.000,1.400,-0.512
2026-01-07 23:00:00,16.800,1016.600,3.000,179.000,3.700,-0.249
2026-01-08 00:00:00,15.400,1017.100,1.100,198.000,1.700,1.302
2026-01-08 01:00:00,15.300,1017.600,1.100,203.000,1.400,3.061
2026-01-08 02:00:00,15.100,1017.700,1.700,189.000,2.600,4.800
2026-01-08 03:00:00,14.800,1018.200,1.500,211.000,2.000,6.017
2026-01-08 04:00:00,14.900,1017.700,2.000,200.000,2.700,6.604
2026-01-08 05:00:00,14.500,1017.300,2.700,204.000,3.600,6.404
2026-01-08 06:00:00,14.000,1017.800,2.000,222.000,2.500,5.689
2026-01-08 07:00:00,13.500,1018.000,0.400,119.000,0.700,4.518
2026-01-08 08:00:00,13.100,1018.100,0.300,204.000,0.500,2.927
2026-01-08 09:00:00,13.900,1018.400,1.500,221.000,1.700,1.450
2026-01-08 10:00:00,13.700,1018.700,1.000,231.000,1.200,0.266
2026-01-08 11:00:00,13.400,1019.300,0.000,322.000,0.300,-0.007
2026-01-08 12:00:00,13.100,1019.800,0.000,97.000,0.400,0.889
2026-01-08 13:00:00,12.800,1020.300,1.200,125.000,1.300,2.470
2026-01-08 14:00:00,14.100,1020.900,1.400,89.000,1.500,4.281
2026-01-08 15:00:00,15.800,1021.600,0.900,175.000,1.200,5.873
2026-01-08 16:00:00,13.900,1021.900,2.000,116.000,2.100,6.972
2026-01-08 17:00:00,14.300,1021.400,2.500,112.000,2.600,7.110
2026-01-08 18:00:00,15.700,1020.700,1.300,151.000,1.300,6.529
2026-01-08 19:00:00,17.400,1020.200,1.800,116.000,2.200,5.285
2026-01-08 20:00:00,14.800,1020.300,2.200,103.000,2.400,3.724
2026-01-08 21:00:00,13.500,1020.500,2.800,94.000,3.100,1.877
2026-01-08 22:00:00,13.500,1020.500,3.700,115.000,4.000,0.538
2026-01-08 23:00:00,13.500,1021.100,2.400,110.000,2.600,-0.013
2026-01-09 00:00:00,13.600,1022.000,2.100,113.000,2.300,0.640
2026-01-09 01:00:00,13.600,1022.400,2.300,113.000,2.500,2.047
2026-01-09 02:00:00,13.900,1022.600,1.300,79.000,1.500,3.711
2026-01-09 03:00:00,13.800,1022.600,1.600,120.000,1.800,5.184
2026-01-09 04:00:00,13.800,1022.300,1.100,101.000,1.300,6.191
2026-01-09 05:00:00,14.000,1022.300,1.000,93.000,1.200,6.634
2026-01-09 06:00:00,13.900,1022.100,0.600,59.000,0.700,6.585
2026-01-09 07:00:00,13.700,1022.000,0.000,90.000,0.000,5.846
2026-01-09 08:00:00,13.800,1022.300,0.500,323.000,0.700,4.652
2026-01-09 09:00:00,14.100,1022.700,1.800,314.000,2.000,3.104
2026-01-09 10:00:00,14.200,1022.700,1.400,327.000,1.700,1.752
2026-01-09 11:00:00,14.500,1023.100,0.000,12.000,0.000,0.866
2026-01-09 12:00:00,13.900,1023.400,0.700,134.000,0.800,0.873
2026-01-09 13:00:00,14.000,1023.800,0.200,228.000,0.300,1.801
2026-01-09 14:00:00,14.400,1023.900,1.600,152.000,2.100,3.159
2026-01-09 15:00:00,15.400,1024.000,1.400,139.000,2.200,4.764
2026-01-09 16:00:00,16.600,1024.000,1.000,206.000,1.800,6.112
2026-01-09 17:00:00,16.600,1023.700,0.300,18.000,0.400,6.811
2026-01-09 18:00:00,17.600,1022.600,1.000,95.000,1.300,6.677
2026-01-09 19:00:00,21.500,1022.100,1.900,194.000,2.600,5.915
2026-01-09 20:00:00,22.600,1021.800,2.400,207.000,3.800,4.633
2026-01-09 21:00:00,21.500,1021.800,2.800,178.000,4.100,3.074
2026-01-09 22:00:00,19.600,1022.200,2.500,173.000,3.100,1.670
2026-01-09 23:00:00,15.900,1022.400,2.200,124.000,2.400,0.761
2026-01-10 00:00:00,17.400,1022.700,1.500,156.000,2.400,0.702
2026-01-10 01:00:00,17.700,1022.600,2.500,157.000,3.700,1.355
2026-01-10 02:00:00,17.800,1023.000,2.000,178.000,3.400,2.651
2026-01-10 03:00:00,17.300,1023.000,1.900,173.000,2.500,4.111
2026-01-10 04:00:00,17.200,1023.100,1.200,184.000,2.400,5.236
2026-01-10 05:00:00,17.000,1022.700,0.700,162.000,1.100,5.873
2026-01-10 06:00:00,16.900,1022.100,1.400,189.000,2.200,6.686
2026-01-10 07:00:00,17.200,1022.000,1.800,194.000,3.000,6.378
2026-01-10 08:00:00,16.700,1022.000,3.600,219.000,4.700,5.758
2026-01-10 09:00:00,15.800,1021.800,1.300,223.000,1.800,4.485
2026-01-10 10:00:00,15.600,1021.800,1.800,207.000,2.300,3.153
2026-01-10 11:00:00,15.500,1021.500,0.700,185.000,1.500,1.864
2026-01-10 12:00:00,16.000,1021.200,1.800,197.000,2.500,1.093
2026-01-10 13:00:00,16.300,1020.800,1.400,194.000,3.200,1.204
2026-01-10 14:00:00,17.900,1021.200,3.600,220.000,5.100,2.103
2026-01-10 15:00:00,18.900,1022.000,3.300,213.000,5.400,3.360
2026-01-10 16:00:00,21.200,1022.200,3.800,215.000,5.300,4.724
2026-01-10 17:00:00,21.500,1021.400,4.100,211.000,5.500,5.823
2026-01-10 18:00:00,22.000,1020.400,3.200,209.000,4.200,6.312
2026-01-10 19:00:00,22.300,1019.700,3.600,203.000,5.400,6.020
2026-01-10 20:00:00,22.300,1018.900,4.500,202.000,6.300,5.098
2026-01-10 21:00:00,21.400,1018.700,3.800,201.000,6.300,3.852
2026-01-10 22:00:00,19.700,1018.800,2.800,226.000,4.000,2.526
2026-01-10 23:00:00,18.000,1019.000,2.900,211.000,4.500,1.450
2026-01-11 00:00:00,18.400,1019.000,4.900,215.000,7.400,0.938
2026-01-11 01:00:00,17.800,1019.100,5.000,220.000,7.200,1.211
2026-01-11 02:00:00,17.600,1019.200,4.600,218.000,6.400,1.969
2026-01-11 03:00:00,17.000,1018.900,3.400,216.000,4.600,2.897
2026-01-11 04:00:00,16.600,1018.600,3.100,222.000,4.000,3.839
2026-01-11 05:00:00,16.400,1018.000,1.600,256.000,2.300,4.760
2026-01-11 06:00:00,16.300,1017.500,2.400,223.000,3.000,5.801
2026-01-11 07:00:00,16.500,1017.500,1.600,199.000,3.400,6.220
2026-01-11 08:00:00,16.400,1017.800,2.000,240.000,2.800,6.217
2026-01-11 09:00:00,16.800,1017.400,2.100,228.000,2.800,5.479
2026-01-11 10:00:00,17.300,1017.100,3.200,256.000,4.700,4.386
2026-01-11 11:00:00,18.100,1017.400,4.000,273.000,5.900,2.923
2026-01-11 12:00:00,17.700,1018.100,6.600,296.000,7.400,1.467
2026-01-11 13:00:00,15.800,1019.100,6.100,309.000,7.000,0.492
2026-01-11 14:00:00,15.600,1020.000,4.200,292.000,5.000,0.423
2026-01-11 15:00:00,15.400,1021.100,8.800,316.000,11.000,1.283
2026-01-11 16:00:00,15.400,1021.500,10.700,312.000,12.400,2.444
2026-01-11 17:00:00,15.400,1020.900,10.800,309.000,13.700,3.711
2026-01-11 18:00:00,15.200,1020.200,10.800,304.000,13.100,4.639
2026-01-11 19:00:00,15.200,1019.900,11.800,319.000,14.200,4.970
2026-01-11 20:00:00,15.800,1019.900,10.600,311.000,13.100,4.685
2026-01-11 21:00:00,15.800,1020.600,10.100,329.000,12.200,3.786
2026-01-11 22:00:00,14.800,1021.500,8.500,325.000,10.500,2.503
2026-01-11 23:00:00,13.400,1023.000,6.700,334.000,8.200,1.476
2026-01-12 00:00:00,12.400,1024.300,6.500,330.000,8.400,0.728
2026-01-12 01:00:00,11.300,1025.700,6.800,349.000,9.200,0.535
2026-01-12 02:00:00,10.000,1026.400,4.200,349.000,5.200,0.587
2026-01-12 03:00:00,9.200,1027.100,4.900,350.000,6.600,1.135
2026-01-12 04:00:00,8.200,1027.500,3.600,350.000,4.500,1.778
2026-01-12 05:00:00,7.900,1027.500,4.900,12.000,6.900,3.737
2026-01-12 06:00:00,7.300,1027.600,5.700,23.000,6.900,4.764
2026-01-12 07:00:00,6.300,1027.800,5.200,14.000,6.700,5.961
2026-01-12 08:00:00,5.700,1027.400,7.500,22.000,9.500,6.493
2026-01-12 09:00:00,5.700,1027.900,5.500,22.000,7.100,6.473
2026-01-12 10:00:00,5.000,1028.400,4.800,19.000,5.700,5.787
2026-01-12 11:00:00,4.600,1029.100,5.400,22.000,7.100,4.577
2026-01-12 12:00:00,4.300,1030.100,4.700,25.000,6.400,3.310
2026-01-12 13:00:00,4.300,1030.900,7.100,63.000,9.400,2.051
2026-01-12 14:00:00,4.500,1031.100,5.800,52.000,7.400,1.381
2026-01-12 15:00:00,5.400,1030.900,6.600,58.000,8.100,1.549
2026-01-12 16:00:00,6.300,1030.900,6.600,76.000,8.200,2.575
2026-01-12 17:00:00,7.100,1030.200,3.700,27.000,5.400,3.793
2026-01-12 18:00:00,7.600,1028.900,3.900,67.000,4.800,4.931
2026-01-12 19:00:00,9.000,1028.000,3.900,57.000,5.300,5.676
2026-01-12 20:00:00,9.300,1027.500,3.300,58.000,4.400,5.988
2026-01-12 21:00:00,9.600,1027.400,2.800,68.000,3.600,5.387
2026-01-12 22:00:00,9.300,1027.200,2.800,54.000,3.300,4.442
2026-01-12 23:00:00,9.200,1027.200,2.400,50.000,2.800,3.586
2026-01-13 00:00:00,9.100,1027.300,2.200,42.000,2.700,2.743
2026-01-13 01:00:00,8.800,1027.400,2.400,36.000,3.100,2.001
2026-01-13 02:00:00,8.600,1027.300,2.000,27.000,2.700,1.539
2026-01-13 03:00:00,7.400,1027.400,2.300,2.000,2.900,1.483
2026-01-13 04:00:00,7.200,1027.300,2.200,14.000,3.000,2.014
2026-01-13 05:00:00,6.900,1026.800,2.200,9.000,2.700,2.949
2026-01-13 06:00:00,6.400,1026.100,2.200,21.000,2.500,4.298
2026-01-13 07:00:00,6.500,1025.700,1.700,6.000,1.900,5.482
2026-01-13 08:00:00,5.900,1025.200,2.300,3.000,2.500,6.555
2026-01-13 09:00:00,5.700,1025.100,2.900,358.000,3.400,6.814
2026-01-13 10:00:00,6.100,1024.700,1.700,357.000,2.500,6.506
2026-01-13 11:00:00,6.000,1024.700,1.700,3.000,2.000,5.643
2026-01-13 12:00:00,5.800,1024.900,2.500,358.000,3.100,4.334
2026-01-13 13:00:00,6.100,1025.000,2.100,1.000,2.400,3.051
2026-01-13 14:00:00,8.600,1025.200,1.400,349.000,2.000,1.680
2026-01-13 15:00:00,9.600,1025.500,2.300,44.000,3.100,1.066
2026-01-13 16:00:00,10.100,1025.100,2.000,107.000,2.500,1.463
2026-01-13 17:00:00,10.700,1023.600,1.600,82.000,1.700,2.234
2026-01-13 18:00:00,11.600,1022.100,1.900,88.000,2.700,3.701
2026-01-13 19:00:00,11.700,1020.700,3.400,101.000,3.700,4.875
2026-01-13 20:00:00,14.400,1019.800,2.300,110.000,4.000,5.427
2026-01-13 21:00:00,14.100,1019.400,2.600,186.000,4.300,5.525
2026-01-13 22:00:00,12.900,1019.300,2.400,180.000,3.200,5.200
2026-01-13 23:00:00,11.200,1019.100,1.300,210.000,1.700,4.564
2026-01-14 00:00:00,10.900,1018.900,1.900,213.000,2.400,3.757
2026-01-14 01:00:00,10.000,1018.600,1.900,227.000,2.200,2.762
2026-01-14 02:00:00,9.800,1018.500,2.000,206.000,2.300,1.991
2026-01-14 03:00:00,9.500,1018.000,0.700,247.000,1.600,1.345
2026-01-14 04:00:00,9.100,1017.300,2.000,245.000,2.400,1.257
2026-01-14 05:00:00,9.400,1016.700,2.200,230.000,3.100,1.923
2026-01-14 06:00:00,9.100,1016.200,1.000,226.000,1.200,3.081
2026-01-14 07:00:00,8.900,1015.700,1.900,267.000,2.500,4.741
2026-01-14 08:00:00,9.200,1015.300,1.600,257.000,2.100,6.191
2026-01-14 09:00:00,9.400,1014.600,1.800,284.000,2.300,6.939
2026-01-14 10:00:00,9.400,1013.500,1.900,263.000,2.500,7.054
2026-01-14 11:00:00,9.600,1014.100,1.200,256.000,1.700,6.526
2026-01-14 12:00:00,9.800,1014.300,3.300,285.000,4.200,5.417
2026-01-14 13:00:00,9.600,1013.700,3.500,292.000,3.800,4.012
2026-01-14 14:00:00,10.100,1013.400,2.900,274.000,3.600,2.428
2026-01-14 15:00:00,11.100,1013.300,2.500,275.000,3.800,1.499
2026-01-14 16:00:00,13.300,1013.000,5.900,291.000,6.800,0.984
2026-01-14 17:00:00,13.100,1011.600,1.600,276.000,2.200,1.368
2026-01-14 18:00:00,12.300,1010.400,3.700,284.000,5.100,2.375
2026-01-14 19:00:00,12.000,1009.100,6.000,292.000,7.400,3.527
2026-01-14 20:00:00,11.000,1008.900,3.700,284.000,4.800,4.472
2026-01-14 21:00:00,11.900,1008.100,3.500,227.000,4.600,5.203
2026-01-14 22:00:00,12.200,1008.000,3.000,245.000,4.500,5.331
2026-01-14 23:00:00,11.300,1008.300,2.400,232.000,3.200,5.164
2026-01-15 00:00:00,10.800,1008.600,2.300,230.000,3.300,4.472
2026-01-15 01:00:00,10.300,1008.600,2.700,236.000,4.100,3.481
2026-01-15 02:00:00,9.600,1008.700,3.200,238.000,4.600,2.231
2026-01-15 03:00:00,10.600,1008.200,4.400,260.000,6.900,0.991
2026-01-15 04:00:00,10.300,1008.200,4.500,260.000,6.200,0.138
2026-01-15 05:00:00,10.400,1007.800,4.800,263.000,7.400,0.007
2026-01-15 06:00:00,10.100,1007.500,4.800,259.000,7.100,0.955
2026-01-15 07:00:00,10.000,1007.200,4.200,261.000,6.000,2.454
2026-01-15 08:00:00,10.100,1006.500,3.800,271.000,5.200,4.229
2026-01-15 09:00:00,10.000,1007.000,3.000,251.000,4.500,5.604
2026-01-15 10:00:00,10.200,1006.900,3.800,276.000,4.700,6.529
2026-01-15 11:00:00,10.200,1007.300,5.400,278.000,6.500,6.496
2026-01-15 12:00:00,9.800,1007.700,8.100,308.000,9.300,5.745
2026-01-15 13:00:00,8.200,1008.700,8.900,311.000,10.800,4.600
2026-01-15 14:00:00,6.900,1009.700,9.000,324.000,11.400,3.120
2026-01-15 15:00:00,5.600,1010.900,10.900,311.000,13.000,1.647
2026-01-15 16:00:00,5.300,1010.900,11.900,308.000,13.900,0.607
2026-01-15 17:00:00,6.000,1010.100,9.300,315.000,13.000,0.138
2026-01-15 18:00:00,6.300,1009.000,8.100,306.000,10.100,0.620
2026-01-15 19:00:00,7.500,1008.100,10.100,311.000,12.000,1.831
2026-01-15 20:00:00,8.000,1008.800,10.200,299.000,12.300,3.048
2026-01-15 21:00:00,8.400,1009.300,10.100,296.000,11.300,4.206
2026-01-15 22:00:00,7.900,1010.000,11.200,309.000,13.400,4.806
2026-01-15 23:00:00,7.100,1011.500,10.100,311.000,12.200,4.879
2026-01-16 00:00:00,6.200,1013.100,12.700,309.000,15.400,4.331
2026-01-16 01:00:00,4.900,1014.600,8.200,325.000,10.300,3.458
2026-01-16 02:00:00,4.000,1016.400,8.500,325.000,10.800,2.116
2026-01-16 03:00:00,3.500,1018.300,10.200,306.000,11.800,0.719
2026-01-16 04:00:00,2.700,1018.900,7.000,325.000,9.900,-0.200
2026-01-16 05:00:00,1.400,1018.600,4.300,324.000,5.300,-0.522
2026-01-16 06:00:00,0.800,1018.500,4.400,324.000,5.200,0.171
2026-01-16 07:00:00,0.300,1018.300,4.600,355.000,6.000,1.404
2026-01-16 08:00:00,0.200,1017.800,5.000,358.000,6.400,3.225
2026-01-16 09:00:00,-0.100,1019.100,2.900,320.000,3.600,5.328
2026-01-16 10:00:00,0.200,1020.000,2.700,321.000,3.400,6.801
2026-01-16 11:00:00,0.600,1020.800,3.000,316.000,4.200,7.182
2026-01-16 12:00:00,0.600,1021.700,3.700,320.000,4.300,6.985
2026-01-16 13:00:00,1.200,1022.500,2.800,323.000,3.300,5.801
2026-01-16 14:00:00,3.900,1023.300,1.000,300.000,1.600,4.439
2026-01-16 15:00:00,3.300,1023.900,1.200,40.000,1.700,3.084
2026-01-16 16:00:00,6.000,1024.300,2.400,286.000,3.200,1.752
2026-01-16 17:00:00,7.500,1024.000,1.500,327.000,2.200,0.899
2026-01-16 18:00:00,7.300,1022.900,2.100,228.000,3.700,0.932
2026-01-16 19:00:00,6.700,1022.500,3.500,176.000,5.400,1.496
2026-01-16 20:00:00,7.400,1021.700,2.800,187.000,4.700,2.566
2026-01-16 21:00:00,7.300,1021.900,3.400,203.000,4.800,3.835
2026-01-16 22:00:00,7.000,1022.000,3.400,183.000,6.000,4.990
2026-01-16 23:00:00,6.400,1022.200,1.800,194.000,3.500,5.761
2026-01-17 00:00:00,6.900,1022.000,2.000,192.000,4.000,5.755
2026-01-17 01:00:00,7.300,1022.200,2.200,198.000,3.800,5.144
2026-01-17 02:00:00,7.300,1022.700,1.300,193.000,2.400,3.950
2026-01-17 03:00:00,6.900,1022.800,1.200,231.000,2.000,2.238
2026-01-17 04:00:00,8.000,1022.700,1.900,189.000,3.900,1.043
2026-01-17 05:00:00,8.700,1022.200,2.400,199.000,4.400,0.102
2026-01-17 06:00:00,7.700,1022.300,2.000,236.000,3.100,-0.161
2026-01-17 07:00:00,6.600,1022.200,1.300,238.000,1.700,0.748
2026-01-17 08:00:00,7.200,1021.300,1.800,165.000,2.400,2.336
2026-01-17 09:00:00,9.700,1021.200,2.700,207.000,4.300,4.216
2026-01-17 10:00:00,9.700,1020.900,1.300,234.000,1.900,5.725
2026-01-17 11:00:00,10.100,1021.100,2.900,219.000,4.400,6.706
2026-01-17 12:00:00,11.000,1021.500,3.100,216.000,4.200,6.919
2026-01-17 13:00:00,11.200,1021.900,3.400,228.000,4.800,6.306
2026-01-17 14:00:00,11.700,1022.600,3.400,225.000,5.100,5.174
2026-01-17 15:00:00,12.600,1022.900,3.300,207.000,5.100,3.724
2026-01-17 16:00:00,15.000,1023.000,5.400,216.000,7.800,2.133
2026-01-17 17:00:00,14.800,1022.300,3.700,218.000,5.300,0.794
2026-01-17 18:00:00,16.200,1021.000,3.600,251.000,5.700,-0.062
2026-01-17 19:00:00,16.300,1020.500,1.300,248.000,2.200,-0.020
2026-01-17 20:00:00,16.600,1020.000,2.400,221.000,3.200,0.997
2026-01-17 21:00:00,16.900,1019.500,2.500,194.000,3.700,2.441
2026-01-17 22:00:00,15.800,1019.800,1.900,201.000,3.000,3.865
2026-01-17 23:00:00,13.100,1019.700,2.400,180.000,3.100,5.161
2026-01-18 00:00:00,12.900,1019.500,2.200,174.000,2.900,5.896
2026-01-18 01:00:00,13.100,1019.500,1.000,186.000,1.900,5.761
2026-01-18 02:00:00,12.900,1019.300,1.200,195.000,1.900,4.583
2026-01-18 03:00:00,12.800,1018.700,0.500,203.000,0.800,3.189
2026-01-18 04:00:00,12.600,1018.300,0.900,210.000,1.200,1.621
2026-01-18 05:00:00,12.600,1018.200,1.600,268.000,2.000,0.276
2026-01-18 06:00:00,12.800,1017.200,0.900,257.000,1.300,-0.400
2026-01-18 07:00:00,13.200,1017.400,1.100,312.000,1.600,0.082
2026-01-18 08:00:00,12.800,1017.100,8.000,334.000,9.900,1.437
2026-01-18 09:00:00,11.500,1016.500,5.200,346.000,6.100,3.182
2026-01-18 10:00:00,10.700,1015.300,4.500,4.000,5.800,4.797
2026-01-18 11:00:00,9.800,1015.200,3.300,358.000,4.300,6.214
2026-01-18 12:00:00,9.300,1015.300,5.300,3.000,7.000,7.034
2026-01-18 13:00:00,8.600,1016.000,4.400,354.000,5.600,7.182
2026-01-18 14:00:00,8.300,1017.300,5.600,342.000,6.400,6.686
2026-01-18 15:00:00,7.800,1017.300,7.000,354.000,9.300,5.472
2026-01-18 16:00:00,7.400,1018.400,7.200,330.000,8.900,3.934
2026-01-18 17:00:00,7.000,1017.800,6.600,326.000,7.900,2.139
2026-01-18 18:00:00,6.300,1017.200,5.200,325.000,5.900,0.541
2026-01-18 19:00:00,6.300,1015.700,6.500,303.000,7.400,-0.213
2026-01-18 20:00:00,6.300,1016.000,8.200,317.000,9.900,0.151
2026-01-18 21:00:00,5.400,1016.600,9.000,316.000,11.400,1.460
2026-01-18 22:00:00,5.900,1016.900,7.600,292.000,9.100,3.271
2026-01-18 23:00:00,5.600,1017.400,5.900,295.000,7.100,4.872
2026-01-19 00:00:00,4.400,1018.800,3.700,277.000,4.800,5.728
2026-01-19 01:00:00,4.800,1019.900,4.700,296.000,5.900,6.191
2026-01-19 02:00:00,3.900,1020.100,3.500,279.000,4.700,5.636
2026-01-19 03:00:00,3.800,1020.400,5.900,293.000,6.700,4.039
2026-01-19 04:00:00,2.800,1020.700,3.300,273.000,4.300,2.474
2026-01-19 05:00:00,3.200,1020.500,6.500,300.000,7.400,0.906
2026-01-19 06:00:00,3.300,1020.400,7.900,312.000,9.400,-0.282
2026-01-19 07:00:00,2.600,1020.400,7.100,321.000,8.600,-0.115
2026-01-19 08:00:00,1.700,1020.700,5.700,325.000,6.600,0.387
2026-01-19 09:00:00,1.900,1021.500,4.400,325.000,5.700,1.939
2026-01-19 10:00:00,2.200,1022.200,3.900,322.000,5.600,3.291
2026-01-19 11:00:00,1.100,1023.200,2.600,240.000,3.400,5.023
2026-01-19 12:00:00,0.800,1024.100,3.100,243.000,3.800,6.371
2026-01-19 13:00:00,2.400,1023.700,3.400,307.000,4.300,7.031
2026-01-19 14:00:00,4.600,1024.300,2.900,319.000,4.000,6.722
2026-01-19 15:00:00,5.600,1024.700,4.100,308.000,4.900,5.833
2026-01-19 16:00:00,7.500,1025.100,3.300,302.000,4.400,4.370
2026-01-19 17:00:00,7.300,1024.200,3.800,214.000,4.600,3.094
2026-01-19 18:00:00,8.700,1022.900,2.600,208.000,4.900,1.604
2026-01-19 19:00:00,11.100,1022.300,3.600,255.000,5.600,0.374
2026-01-19 20:00:00,12.500,1022.000,4.000,262.000,5.600,-0.295
2026-01-19 21:00:00,13.100,1022.100,3.900,295.000,5.000,0.102
2026-01-19 22:00:00,11.800,1022.600,5.900,292.000,6.800,1.535
2026-01-19 23:00:00,9.900,1023.300,3.800,280.000,4.900,3.412
2026-01-20 00:00:00,8.300,1024.100,2.400,262.000,3.500,5.226
2026-01-20 01:00:00,7.700,1024.700,2.600,274.000,3.300,6.135
2026-01-20 02:00:00,6.800,1025.300,2.400,249.000,3.400,6.266
2026-01-20 03:00:00,7.200,1025.700,4.900,303.000,5.500,5.108
2026-01-20 04:00:00,6.900,1026.200,4.900,295.000,5.700,3.599
2026-01-20 05:00:00,6.500,1026.500,4.800,300.000,5.800,1.745
2026-01-20 06:00:00,6.000,1027.000,4.200,296.000,4.800,0.039
2026-01-20 07:00:00,5.200,1027.300,5.500,300.000,6.200,-0.886
2026-01-20 08:00:00,5.100,1027.600,5.500,304.000,6.200,-0.768
2026-01-20 09:00:00,4.800,1028.300,5.800,301.000,6.900,0.420
2026-01-20 10:00:00,4.900,1028.700,5.200,305.000,6.100,1.942
2026-01-20 11:00:00,4.700,1029.200,4.800,314.000,5.500,3.625
2026-01-20 12:00:00,3.900,1030.200,4.000,329.000,4.800,5.174
2026-01-20 13:00:00,4.100,1030.800,5.500,331.000,6.300,6.204
2026-01-20 14:00:00,4.900,1031.500,4.900,320.000,5.700,6.549
2026-01-20 15:00:00,7.400,1031.900,5.900,325.000,6.700,6.178
2026-01-20 16:00:00,8.800,1031.900,6.100,327.000,7.900,5.253
2026-01-20 17:00:00,9.800,1031.300,6.000,331.000,7.100,3.717
2026-01-20 18:00:00,11.100,1030.200,5.900,305.000,7.000,2.054
2026-01-20 19:00:00,12.200,1029.500,6.100,308.000,7.200,0.479
2026-01-20 20:00:00,13.100,1029.100,6.200,307.000,7.200,-0.453
2026-01-20 21:00:00,13.700,1029.300,5.700,307.000,6.600,-0.371
2026-01-20 22:00:00,12.900,1029.600,3.200,311.000,4.000,1.066
2026-01-20 23:00:00,11.500,1030.100,1.300,327.000,1.600,2.858
2026-01-21 00:00:00,8.600,1030.800,0.500,322.000,0.700,4.928
2026-01-21 01:00:00,7.700,1031.500,0.600,338.000,0.900,6.263
2026-01-21 02:00:00,7.800,1031.800,2.200,2.000,2.500,6.814
2026-01-21 03:00:00,7.100,1032.100,1.700,14.000,2.100,6.165
2026-01-21 04:00:00,7.600,1032.200,1.600,7.000,1.700,4.954
2026-01-21 05:00:00,6.300,1032.100,2.100,2.000,2.400,3.320
2026-01-21 06:00:00,5.500,1031.500,2.700,355.000,3.000,1.562
2026-01-21 07:00:00,4.600,1031.200,1.400,317.000,1.600,0.463
2026-01-21 08:00:00,3.900,1031.300,1.600,338.000,1.900,-0.161
2026-01-21 09:00:00,3.400,1031.100,1.300,328.000,1.600,0.187
2026-01-21 10:00:00,3.300,1031.200,1.500,326.000,2.000,1.371
2026-01-21 11:00:00,3.000,1031.400,1.600,321.000,1.900,3.022
2026-01-21 12:00:00,2.800,1031.700,1.500,319.000,1.900,4.810
2026-01-21 13:00:00,3.500,1032.000,1.600,335.000,1.900,6.476
2026-01-21 14:00:00,6.700,1032.300,1.600,348.000,2.100,6.988
2026-01-21 15:00:00,9.900,1032.600,2.800,45.000,3.300,7.037
2026-01-21 16:00:00,11.200,1032.500,3.600,70.000,4.800,6.339
2026-01-21 17:00:00,11.900,1031.700,4.600,80.000,5.500,5.085
2026-01-21 18:00:00,11.300,1030.500,4.500,92.000,5.000,3.533
2026-01-21 19:00:00,11.200,1029.400,4.000,93.000,4.400,1.739
2026-01-21 20:00:00,10.900,1028.600,4.300,93.000,4.800,-0.105
2026-01-21 21:00:00,11.000,1028.000,3.600,77.000,4.200,-0.492
2026-01-21 22:00:00,10.800,1027.500,4.600,84.000,5.200,0.089
2026-01-21 23:00:00,10.600,1027.200,3.500,77.000,4.100,1.900
2026-01-22 00:00:00,10.600,1027.200,3.000,73.000,3.500,3.760
2026-01-22 01:00:00,10.600,1027.200,2.900,73.000,3.500,5.617
2026-01-22 02:00:00,10.600,1026.900,1.800,71.000,2.200,6.739
2026-01-22 03:00:00,10.700,1026.800,2.100,99.000,2.200,6.978
2026-01-22 04:00:00,10.400,1026.600,1.300,55.000,1.400,6.178
2026-01-22 05:00:00,9.600,1026.200,0.700,7.000,0.800,4.833
2026-01-22 06:00:00,9.400,1025.700,0.500,321.000,0.800,3.235
2026-01-22 07:00:00,9.200,1025.500,1.100,340.000,1.300,1.680
2026-01-22 08:00:00,9.100,1025.000,1.300,353.000,2.000,-0.079
2026-01-22 09:00:00,9.200,1024.700,0.400,346.000,0.500,-0.174
2026-01-22 10:00:00,9.000,1024.100,0.000,341.000,0.300,0.466
2026-01-22 11:00:00,9.300,1024.200,0.900,312.000,1.000,1.886
2026-01-22 13:00:00,9.000,1024.100,0.500,183.000,0.600,5.499
2026-01-22 14:00:00,12.700,1024.400,0.400,323.000,0.600,7.067
2026-01-22 15:00:00,12.600,1024.300,1.100,100.000,1.300,7.067
2026-01-22 16:00:00,13.400,1024.000,1.900,101.000,2.200,6.890
2026-01-22 17:00:00,17.700,1023.200,2.500,177.000,3.200,5.981
2026-01-22 18:00:00,18.400,1022.300,1.700,171.000,2.900,4.580
2026-01-22 19:00:00,18.400,1021.300,2.300,169.000,4.100,2.874
2026-01-22 20:00:00,19.400,1020.500,2.000,168.000,3.100,0.919
2026-01-22 21:00:00,18.600,1020.500,2.400,126.000,3.300,-0.361
2026-01-22 22:00:00,13.100,1020.800,2.800,103.000,3.200,-0.587
2026-01-22 23:00:00,12.600,1021.200,1.900,103.000,2.300,0.427
2026-01-23 00:00:00,12.400,1021.500,2.600,90.000,3.000,2.215
2026-01-23 01:00:00,12.000,1021.800,1.000,111.000,1.100,4.475
2026-01-23 02:00:00,11.600,1021.700,0.700,69.000,0.900,6.027
2026-01-23 03:00:00,10.900,1021.900,1.100,346.000,1.500,6.883
2026-01-23 04:00:00,10.600,1021.800,1.200,4.000,1.700,6.699
2026-01-23 05:00:00,11.500,1021.500,1.600,24.000,2.000,5.741
2026-01-23 06:00:00,11.500,1021.300,0.700,355.000,1.000,4.419
2026-01-23 07:00:00,11.800,1021.000,0.600,50.000,0.900,2.943
2026-01-23 08:00:00,11.900,1020.800,1.800,76.000,2.000,1.388
2026-01-23 09:00:00,12.300,1020.700,2.200,35.000,2.800,0.331
2026-01-23 10:00:00,12.000,1020.800,1.800,60.000,2.300,0.072
2026-01-23 11:00:00,12.000,1021.000,3.200,50.000,4.400,0.860
2026-01-23 12:00:00,12.200,1021.200,3.600,77.000,4.400,2.208
2026-01-23 13:00:00,12.700,1021.900,3.800,64.000,4.600,3.960
2026-01-23 14:00:00,12.600,1022.300,4.600,77.000,5.600,5.453
2026-01-23 15:00:00,13.200,1022.900,2.200,57.000,3.900,6.250
2026-01-23 16:00:00,13.800,1022.800,4.400,74.000,5.200,7.028
2026-01-23 17:00:00,14.500,1022.200,5.500,71.000,7.000,6.631
2026-01-23 18:00:00,13.900,1021.200,5.400,84.000,6.600,5.627
2026-01-23 19:00:00,13.600,1020.200,6.200,83.000,7.400,4.078
2026-01-23 20:00:00,13.200,1020.000,6.700,79.000,8.600,2.290
2026-01-23 21:00:00,12.600,1020.000,5.800,85.000,8.000,0.551
2026-01-23 22:00:00,12.200,1020.400,5.200,90.000,6.300,-0.354
2026-01-23 23:00:00,12.100,1020.800,4.100,97.000,5.100,-0.381
2026-01-24 00:00:00,11.900,1021.300,3.200,85.000,3.900,1.319
2026-01-24 01:00:00,12.000,1022.300,5.500,68.000,6.800,3.081
2026-01-24 02:00:00,12.200,1022.900,2.400,52.000,3.100,5.003
2026-01-24 03:00:00,12.500,1022.700,5.300,75.000,6.400,6.365
2026-01-24 04:00:00,12.600,1022.500,6.400,73.000,8.300,6.900
2026-01-24 05:00:00,12.100,1022.600,2.600,42.000,3.300,6.640
2026-01-24 06:00:00,11.400,1022.500,2.900,43.000,3.600,5.883
2026-01-24 07:00:00,11.400,1022.700,4.100,45.000,4.900,4.623
2026-01-24 08:00:00,11.100,1023.000,4.800,43.000,6.300,3.258
2026-01-24 09:00:00,11.300,1022.900,3.900,69.000,5.100,1.726
2026-01-24 10:00:00,11.300,1023.500,4.800,56.000,6.400,0.912
2026-01-24 11:00:00,11.000,1024.200,5.200,57.000,6.600,0.873
2026-01-24 12:00:00,10.900,1024.900,8.400,72.000,10.200,1.752
2026-01-24 13:00:00,10.800,1025.500,7.500,67.000,10.000,3.173
2026-01-24 14:00:00,10.900,1026.300,8.700,72.000,11.400,4.688
2026-01-24 15:00:00,10.800,1026.700,11.100,71.000,14.500,6.201
2026-01-24 16:00:00,11.100,1026.900,12.000,69.000,14.900,7.336
2026-01-24 17:00:00,11.100,1026.500,10.800,70.000,13.400,7.562
2026-01-24 18:00:00,10.800,1025.700,10.000,67.000,13.800,7.254
2026-01-24 19:00:00,9.500,1025.100,12.500,72.000,15.700,6.473
2026-01-24 20:00:00,8.800,1025.200,12.500,70.000,17.000,5.200
2026-01-24 21:00:00,8.200,1025.900,11.900,69.000,15.700,3.563
2026-01-24 22:00:00,7.900,1025.700,12.300,63.000,15.300,1.998
2026-01-24 23:00:00,7.700,1026.000,10.900,67.000,15.400,1.417
2026-01-25 00:00:00,7.200,1026.500,10.000,59.000,12.900,1.742
2026-01-25 01:00:00,6.700,1026.600,10.700,69.000,13.400,2.907
2026-01-25 02:00:00,6.700,1026.800,9.800,66.000,13.000,4.400
2026-01-25 03:00:00,6.700,1026.300,8.500,57.000,11.300,5.784
2026-01-25 04:00:00,6.200,1025.900,7.100,54.000,8.900,6.886
2026-01-25 05:00:00,5.800,1024.800,8.300,55.000,10.500,7.434
2026-01-25 06:00:00,5.300,1024.300,7.600,52.000,10.800,7.530
2026-01-25 07:00:00,5.100,1023.300,6.900,53.000,10.200,7.054
2026-01-25 08:00:00,4.500,1022.900,5.900,31.000,7.700,6.152
2026-01-25 09:00:00,3.300,1022.400,4.800,53.000,5.900,4.652
2026-01-25 10:00:00,2.600,1021.000,5.800,49.000,7.400,3.094
2026-01-25 11:00:00,2.400,1020.600,4.300,25.000,5.700,1.568
2026-01-25 12:00:00,1.700,1020.300,3.900,29.000,5.100,1.427
2026-01-25 13:00:00,1.500,1019.800,4.300,40.000,5.100,1.854
2026-01-25 14:00:00,2.000,1019.500,2.800,20.000,3.700,2.910
2026-01-25 15:00:00,2.200,1019.300,2.100,2.000,2.600,4.327
2026-01-25 16:00:00,3.100,1018.300,3.200,37.000,3.700,5.689
2026-01-25 17:00:00,3.700,1017.100,1.800,36.000,2.700,6.795
2026-01-25 18:00:00,4.600,1015.100,3.300,93.000,3.700,7.087
2026-01-25 19:00:00,5.700,1014.200,1.100,109.000,1.500,6.614
2026-01-25 20:00:00,6.800,1013.900,0.800,247.000,1.500,5.371
2026-01-25 21:00:00,8.300,1012.100,2.900,119.000,3.400,3.763
2026-01-25 22:00:00,9.100,1012.600,1.800,105.000,2.100,1.962
2026-01-25 23:00:00,9.800,1012.500,0.100,51.000,0.300,0.600
2026-01-26 00:00:00,10.800,1012.100,1.500,316.000,1.700,0.230
2026-01-26 01:00:00,9.100,1013.800,6.500,345.000,8.000,0.899
2026-01-26 02:00:00,9.500,1013.200,1.900,84.000,2.300,2.247
2026-01-26 03:00:00,9.700,1012.900,2.600,119.000,3.200,3.930
2026-01-26 04:00:00,9.900,1012.500,2.500,109.000,2.700,5.469
2026-01-26 05:00:00,10.200,1012.000,1.300,18.000,1.500,6.768
2026-01-26 06:00:00,9.900,1011.200,1.600,94.000,1.800,7.303
2026-01-26 07:00:00,10.300,1011.000,0.700,179.000,1.100,6.929
2026-01-26 08:00:00,10.500,1011.000,1.700,294.000,1.900,6.293
2026-01-26 09:00:00,10.600,1011.700,4.100,305.000,4.700,4.898
2026-01-26 10:00:00,11.500,1011.300,2.000,289.000,2.600,3.261
2026-01-26 11:00:00,13.300,1011.800,3.700,271.000,5.800,1.654
2026-01-26 12:00:00,11.200,1013.400,7.800,325.000,10.300,0.725
2026-01-26 13:00:00,8.900,1014.900,6.600,314.000,7.400,0.223
2026-01-26 14:00:00,8.800,1016.000,10.400,303.000,11.600,0.965
2026-01-26 15:00:00,8.100,1016.900,10.700,297.000,12.400,1.972
2026-01-26 16:00:00,8.000,1017.300,9.900,292.000,12.500,3.212
2026-01-26 17:00:00,8.200,1016.800,9.200,309.000,11.200,4.511
2026-01-26 18:00:00,9.300,1016.400,9.900,308.000,11.600,5.341
2026-01-26 19:00:00,10.200,1016.700,10.300,306.000,12.000,5.404
2026-01-26 20:00:00,9.900,1017.800,12.700,314.000,15.100,4.961
2026-01-26 21:00:00,9.600,1018.900,9.800,312.000,12.600,3.652
2026-01-26 22:00:00,9.500,1020.300,7.700,322.000,9.300,2.188
2026-01-26 23:00:00,8.600,1021.700,7.200,325.000,9.500,0.640
2026-01-27 00:00:00,7.800,1023.700,9.600,312.000,10.900,-0.587
2026-01-27 01:00:00,6.100,1025.300,7.300,323.000,9.300,-1.086
2026-01-27 02:00:00,5.400,1026.200,9.500,307.000,11.000,-0.217
2026-01-27 03:00:00,3.800,1027.400,8.600,305.000,11.300,0.896
2026-01-27 04:00:00,2.700,1028.300,9.500,320.000,13.100,2.428
2026-01-27 05:00:00,1.900,1029.000,7.000,330.000,8.000,3.816
2026-01-27 06:00:00,0.800,1029.100,7.800,327.000,10.000,5.141
2026-01-27 07:00:00,0.200,1029.200,6.500,330.000,8.400,6.102
2026-01-27 08:00:00,-0.400,1029.700,6.000,327.000,7.100,6.352
2026-01-27 09:00:00,-0.800,1029.700,5.900,331.000,6.800,5.781
2026-01-27 10:00:00,-1.500,1029.900,5.100,331.000,5.900,4.521
2026-01-27 11:00:00,-2.400,1030.500,3.900,324.000,4.700,3.143
2026-01-27 12:00:00,-3.000,1031.100,4.000,333.000,5.300,1.768
2026-01-27 13:00:00,-2.900,1032.000,3.800,329.000,4.700,0.715
2026-01-27 14:00:00,-2.100,1032.500,4.700,322.000,6.500,0.463
2026-01-27 15:00:00,-0.800,1032.700,4.600,309.000,5.800,1.224
2026-01-27 16:00:00,-0.100,1032.700,4.100,309.000,5.000,2.365
2026-01-27 17:00:00,2.300,1030.900,2.600,312.000,3.800,3.573
2026-01-27 18:00:00,4.100,1029.200,2.900,250.000,4.500,4.780
2026-01-27 19:00:00,6.100,1028.300,5.000,301.000,6.300,5.633
2026-01-27 20:00:00,7.400,1027.200,4.800,310.000,6.000,5.797
2026-01-27 21:00:00,8.600,1026.100,5.700,289.000,6.500,5.246
2026-01-27 22:00:00,8.200,1026.000,4.500,276.000,6.600,4.163
2026-01-27 23:00:00,6.200,1026.200,3.200,265.000,4.700,2.782
2026-01-28 00:00:00,5.100,1026.600,3.500,268.000,4.700,1.158
2026-01-28 01:00:00,4.800,1027.000,4.700,277.000,6.000,-0.030
2026-01-28 02:00:00,4.500,1027.000,3.500,277.000,4.600,-0.673
2026-01-28 03:00:00,4.400,1027.000,6.500,295.000,7.700,-0.243
2026-01-28 04:00:00,3.600,1026.900,3.500,273.000,4.800,0.906
2026-01-28 05:00:00,3.200,1026.800,2.600,262.000,3.900,2.572
2026-01-28 06:00:00,4.100,1026.600,7.100,292.000,8.800,4.390
2026-01-28 07:00:00,3.700,1026.400,7.000,303.000,8.400,5.817
2026-01-28 08:00:00,4.000,1025.100,7.200,316.000,9.600,6.585
2026-01-28 09:00:00,3.800,1024.600,8.000,308.000,9.400,6.549
2026-01-28 10:00:00,3.800,1024.200,7.100,315.000,8.200,5.663
2026-01-28 11:00:00,3.300,1024.500,7.200,315.000,8.600,4.357
2026-01-28 12:00:00,2.700,1025.800,5.100,311.000,6.100,2.884
2026-01-28 13:00:00,3.000,1026.300,5.700,295.000,7.000,1.447
2026-01-28 14:00:00,3.900,1026.700,5.100,326.000,6.200,0.430
2026-01-28 15:00:00,4.700,1026.700,4.000,318.000,4.700,0.210
2026-01-28 16:00:00,6.600,1026.300,4.100,296.000,4.900,0.833
2026-01-28 17:00:00,8.100,1025.300,6.200,309.000,7.300,2.228
2026-01-28 18:00:00,9.600,1023.900,4.500,306.000,6.600,3.560
2026-01-28 19:00:00,11.400,1023.100,7.200,305.000,8.100,4.859
2026-01-28 20:00:00,12.600,1022.100,6.000,303.000,6.900,5.535
2026-01-28 21:00:00,13.000,1021.800,7.100,308.000,7.800,5.709
2026-01-28 22:00:00,12.300,1021.700,6.500,307.000,7.400,5.010
2026-01-28 23:00:00,10.600,1021.600,2.300,279.000,3.300,3.970
2026-01-29 00:00:00,9.700,1022.300,3.100,278.000,3.700,2.717
2026-01-29 01:00:00,8.600,1022.400,2.600,256.000,3.300,1.391
2026-01-29 02:00:00,7.800,1023.000,3.000,282.000,3.500,0.226
2026-01-29 03:00:00,7.900,1023.500,4.300,273.000,5.900,-0.472
2026-01-29 04:00:00,7.300,1023.800,3.400,272.000,5.400,-0.394
2026-01-29 05:00:00,7.700,1023.800,4.200,289.000,5.500,0.686
2026-01-29 06:00:00,7.500,1023.600,5.200,300.000,6.000,2.365
2026-01-29 07:00:00,6.800,1024.000,4.800,302.000,5.600,4.350
2026-01-29 08:00:00,6.400,1023.700,5.100,309.000,6.700,6.079
2026-01-29 09:00:00,6.000,1023.800,5.000,296.000,5.900,6.893
2026-01-29 10:00:00,5.800,1023.700,5.300,304.000,6.200,6.877
2026-01-29 11:00:00,5.400,1024.300,5.800,309.000,6.700,6.079
2026-01-29 12:00:00,3.900,1024.700,4.100,332.000,4.900,4.623
2026-01-29 13:00:00,4.100,1024.700,4.800,331.000,5.800,2.953
2026-01-29 14:00:00,5.500,1025.100,5.200,330.000,6.100,1.440
2026-01-29 15:00:00,7.000,1025.500,4.900,342.000,6.000,0.469
2026-01-29 16:00:00,8.100,1025.300,3.100,25.000,4.600,0.164
2026-01-29 17:00:00,7.500,1024.700,3.400,103.000,3.900,0.965
2026-01-29 18:00:00,7.400,1023.900,3.600,98.000,4.000,2.257
2026-01-29 19:00:00,7.500,1023.200,3.700,98.000,4.000,3.891
2026-01-29 20:00:00,7.800,1023.000,4.400,100.000,4.800,5.305
2026-01-29 21:00:00,8.200,1022.900,5.200,97.000,5.700,5.984
2026-01-29 22:00:00,8.300,1022.700,4.200,117.000,5.000,6.099
2026-01-29 23:00:00,7.600,1023.000,1.600,156.000,2.300,5.650
2026-01-30 00:00:00,6.900,1023.500,0.400,105.000,0.700,4.744
2026-01-30 01:00:00,7.600,1023.000,1.100,128.000,1.300,3.353
2026-01-30 02:00:00,7.400,1023.200,2.100,151.000,2.300,1.752
2026-01-30 03:00:00,8.000,1023.100,2.400,166.000,3.200,0.292
2026-01-30 04:00:00,7.200,1023.100,0.600,172.000,0.700,-0.558
2026-01-30 05:00:00,7.700,1022.900,0.000,32.000,0.300,-0.341
2026-01-30 06:00:00,6.100,1022.400,1.100,19.000,1.700,1.243
2026-01-30 07:00:00,6.200,1022.200,0.900,33.000,1.600,3.314
2026-01-30 08:00:00,5.800,1022.000,0.500,44.000,0.800,5.476
2026-01-30 09:00:00,6.100,1021.400,0.300,348.000,0.500,7.142
2026-01-30 10:00:00,5.700,1021.100,0.000,348.000,0.000,7.917
2026-01-30 11:00:00,5.900,1020.700,0.800,358.000,1.000,7.923
2026-01-30 12:00:00,6.100,1020.700,0.700,321.000,0.900,7.090
2026-01-30 13:00:00,6.400,1020.900,1.400,342.000,1.600,5.709
2026-01-30 14:00:00,7.600,1021.100,1.000,6.000,1.100,4.131
2026-01-30 15:00:00,9.400,1021.100,0.300,51.000,0.600,2.293
2026-01-30 16:00:00,10.600,1020.900,2.500,106.000,3.000,0.820
2026-01-30 17:00:00,10.500,1020.100,3.100,82.000,3.500,0.164
2026-01-30 18:00:00,10.000,1018.500,5.300,98.000,5.800,0.761
2026-01-30 19:00:00,10.300,1017.200,5.900,101.000,6.700,2.287
2026-01-30 20:00:00,10.100,1016.800,5.200,93.000,6.100,3.999
2026-01-30 21:00:00,10.400,1016.300,5.300,96.000,6.000,5.449
2026-01-30 22:00:00,10.300,1016.200,4.400,92.000,4.900,6.654
2026-01-30 23:00:00,10.100,1016.100,3.100,84.000,3.700,6.982
2026-01-31 00:00:00,10.000,1016.300,4.000,58.000,5.000,6.686
2026-01-31 01:00:00,10.000,1016.000,1.500,68.000,1.800,5.551
2026-01-31 02:00:00,9.800,1015.900,0.300,5.000,1.000,4.049
2026-01-31 03:00:00,9.100,1016.200,2.500,323.000,2.900,1.969
2026-01-31 04:00:00,9.000,1015.800,1.500,39.000,1.800,0.459
2026-01-31 05:00:00,9.000,1015.200,3.500,70.000,4.700,-0.528
2026-01-31 06:00:00,8.300,1014.600,2.400,25.000,2.900,-0.079
2026-01-31 07:00:00,7.800,1014.400,3.800,60.000,4.900,1.476
2026-01-31 08:00:00,7.100,1013.800,3.300,95.000,5.500,3.442
2026-01-31 09:00:00,6.800,1013.700,3.000,61.000,4.300,5.869
2026-01-31 10:00:00,6.400,1013.300,4.200,66.000,5.100,7.661
2026-01-31 11:00:00,6.400,1012.900,3.900,74.000,5.000,8.547
2026-01-31 12:00:00,6.700,1012.800,5.300,75.000,6.300,8.665
2026-01-31 13:00:00,6.700,1012.700,6.300,80.000,7.100,7.802
2026-01-31 14:00:00,6.200,1013.100,3.900,47.000,5.200,6.427
2026-01-31 15:00:00,5.200,1013.200,3.900,37.000,4.900,4.980
2026-01-31 16:00:00,5.200,1012.300,4.700,62.000,6.000,3.143
2026-01-31 17:00:00,6.000,1011.500,3.900,359.000,4.500,1.647
2026-01-31 18:00:00,6.100,1010.400,3.700,347.000,4.700,0.853
2026-01-31 19:00:00,5.600,1010.100,4.700,330.000,5.700,1.145
2026-01-31 20:00:00,3.400,1010.700,11.700,296.000,13.600,2.530
2026-01-31 21:00:00,2.300,1011.000,9.700,315.000,12.700,3.717
2026-01-31 22:00:00,1.700,1011.800,11.600,301.000,14.700,5.236
2026-01-31 23:00:00,-0.100,1012.700,13.400,305.000,16.000,6.253
2026-02-01 00:00:00,-0.700,1013.600,14.800,304.000,18.200,6.463
2026-02-01 01:00:00,-1.700,1014.400,15.600,304.000,18.800,5.942
2026-02-01 02:00:00,-2.500,1015.000,13.600,301.000,15.900,4.783
2026-02-01 03:00:00,-1.800,1015.700,13.900,308.000,16.900,3.186
2026-02-01 04:00:00,-2.600,1016.600,9.000,324.000,11.100,1.394
2026-02-01 05:00:00,-3.400,1017.100,13.200,305.000,15.700,-0.331
2026-02-01 06:00:00,-3.800,1017.500,13.400,302.000,15.800,-1.296
2026-02-01 07:00:00,-4.000,1018.100,10.800,312.000,13.500,-0.883
2026-02-01 08:00:00,-3.700,1018.800,9.900,315.000,12.300,0.515
2026-02-01 09:00:00,-3.700,1019.200,8.100,325.000,11.000,2.464
2026-02-01 10:00:00,-3.900,1019.900,7.700,324.000,10.000,4.610
2026-02-01 11:00:00,-3.900,1020.600,11.600,306.000,15.400,6.467
2026-02-01 12:00:00,-4.000,1021.200,10.300,326.000,12.600,7.562
2026-02-01 13:00:00,-4.300,1022.100,10.500,310.000,13.500,7.710
2026-02-01 14:00:00,-3.500,1022.500,9.400,322.000,12.400,6.844
2026-02-01 15:00:00,-2.800,1022.600,9.400,318.000,11.000,5.463
2026-02-01 16:00:00,-1.800,1023.000,9.500,304.000,11.900,3.796
2026-02-01 17:00:00,-1.100,1022.700,10.000,302.000,11.600,2.047
2026-02-01 18:00:00,0.300,1022.100,8.400,303.000,11.100,0.650
2026-02-01 19:00:00,1.600,1021.300,10.000,309.000,12.700,-0.295
2026-02-01 20:00:00,2.700,1021.200,9.900,304.000,12.600,-0.125
2026-02-01 21:00:00,3.300,1021.200,8.200,321.000,10.000,1.217
2026-02-01 22:00:00,3.700,1021.500,8.800,303.000,10.600,3.150
2026-02-01 23:00:00,3.100,1022.500,6.700,308.000,8.100,5.325
2026-02-02 00:00:00,2.600,1023.500,5.100,306.000,6.100,6.916
2026-02-02 01:00:00,2.400,1024.000,4.900,305.000,5.800,7.313
2026-02-02 02:00:00,2.000,1024.300,5.400,299.000,6.300,6.795
2026-02-02 03:00:00,1.600,1024.800,4.300,289.000,5.000,5.282
2026-02-02 04:00:00,1.300,1024.700,5.200,296.000,5.900,3.488
2026-02-02 05:00:00,1.000,1024.700,4.500,297.000,4.900,1.447
2026-02-02 06:00:00,0.600,1024.800,5.200,294.000,5.900,-0.397
2026-02-02 07:00:00,0.600,1024.900,6.500,300.000,7.300,-1.302
2026-02-02 08:00:00,0.300,1025.100,5.300,314.000,6.800,-0.846
2026-02-02 09:00:00,-0.100,1025.400,5.700,320.000,7.000,0.883
2026-02-02 10:00:00,-0.300,1025.800,6.800,300.000,9.600,3.104
2026-02-02 11:00:00,-0.200,1026.300,5.800,319.000,7.400,5.617
2026-02-02 12:00:00,-0.800,1027.100,5.500,330.000,6.700,7.382
2026-02-02 13:00:00,-1.200,1028.000,5.200,326.000,6.400,8.110
2026-02-02 14:00:00,0.300,1028.300,3.900,329.000,4.800,7.910
2026-02-02 15:00:00,1.500,1028.700,4.400,4.000,5.800,6.808
2026-02-02 16:00:00,3.300,1028.600,2.600,10.000,3.800,5.338
2026-02-02 17:00:00,6.300,1028.200,1.800,276.000,2.300,3.517
2026-02-02 18:00:00,7.000,1027.500,3.100,309.000,4.300,1.611
2026-02-02 19:00:00,9.800,1026.400,1.500,288.000,2.300,0.102
2026-02-02 20:00:00,11.900,1025.600,0.800,287.000,1.200,-0.433
2026-02-02 21:00:00,7.500,1025.400,3.000,162.000,4.800,0.266
2026-02-02 22:00:00,6.800,1025.600,3.900,168.000,5.300,2.106
2026-02-02 23:00:00,5.700,1026.200,1.700,181.000,2.700,4.213
2026-02-03 00:00:00,5.100,1026.600,1.800,205.000,2.600,6.214
2026-02-03 01:00:00,4.900,1026.900,2.100,227.000,2.700,7.516
2026-02-03 02:00:00,5.000,1026.900,2.100,234.000,3.000,7.707
2026-02-03 03:00:00,4.900,1027.200,2.100,234.000,2.700,6.824
2026-02-03 04:00:00,4.700,1027.400,2.500,241.000,3.400,5.256
2026-02-03 05:00:00,4.600,1027.300,2.300,216.000,2.700,3.402
2026-02-03 06:00:00,4.000,1027.200,2.100,237.000,2.500,1.355
2026-02-03 07:00:00,4.000,1027.000,1.900,233.000,2.500,-0.341
2026-02-03 08:00:00,3.500,1026.700,2.200,260.000,2.900,-1.132
2026-02-03 09:00:00,3.200,1026.600,1.600,229.000,1.700,-0.486
2026-02-03 10:00:00,3.700,1026.900,3.000,270.000,4.000,1.385
2026-02-03 11:00:00,3.100,1027.200,2.300,259.000,2.900,3.642
2026-02-03 12:00:00,2.900,1027.600,1.900,269.000,2.300,6.145
2026-02-03 13:00:00,4.800,1028.000,1.800,266.000,2.500,7.575
2026-02-03 14:00:00,7.400,1027.800,2.300,277.000,3.100,7.963
2026-02-03 15:00:00,9.800,1027.800,2.800,279.000,3.100,7.398
2026-02-03 16:00:00,11.600,1027.800,1.800,310.000,2.000,6.066
2026-02-03 17:00:00,12.400,1027.400,3.000,211.000,4.300,4.432
2026-02-03 18:00:00,14.000,1025.700,4.000,217.000,5.500,2.664
2026-02-03 19:00:00,14.000,1025.000,3.100,198.000,5.000,1.001
2026-02-03 20:00:00,13.200,1024.800,3.300,189.000,6.300,-0.341
2026-02-03 21:00:00,13.100,1024.300,2.800,195.000,5.000,-0.568
2026-02-03 22:00:00,11.200,1024.400,3.400,198.000,5.800,0.594
2026-02-03 23:00:00,10.200,1024.400,3.600,205.000,5.500,2.569
2026-02-04 00:00:00,9.900,1024.100,3.500,202.000,6.400,4.862
2026-02-04 01:00:00,10.000,1024.000,3.300,213.000,4.600,6.654
2026-02-04 02:00:00,9.300,1024.000,3.100,224.000,4.500,7.618
2026-02-04 03:00:00,9.400,1024.000,4.100,222.000,5.500,7.395
2026-02-04 04:00:00,9.200,1023.800,4.300,217.000,5.900,6.391
2026-02-04 05:00:00,9.200,1023.900,4.700,226.000,7.400,4.833
2026-02-04 06:00:00,8.400,1023.700,4.000,223.000,5.500,3.048
2026-02-04 07:00:00,7.900,1023.000,3.100,228.000,4.600,1.109
2026-02-04 08:00:00,8.200,1022.500,3.700,221.000,5.100,-0.453
2026-02-04 09:00:00,8.300,1022.400,2.400,243.000,3.800,-0.971
2026-02-04 10:00:00,8.200,1022.400,2.100,223.000,3.100,0.095
2026-02-04 11:00:00,8.000,1022.400,1.900,215.000,2.500,2.116
2026-02-04 12:00:00,8.100,1022.600,1.600,203.000,2.700,4.564
2026-02-04 13:00:00,8.500,1022.700,2.300,216.000,3.300,6.273
2026-02-04 14:00:00,9.100,1023.000,2.200,231.000,2.800,7.339
2026-02-04 15:00:00,9.400,1022.900,2.500,192.000,4.800,7.615
2026-02-04 16:00:00,10.000,1022.600,2.700,209.000,4.400,6.768
2026-02-04 17:00:00,10.200,1021.500,3.500,219.000,4.900,5.413
2026-02-04 18:00:00,10.700,1020.300,1.900,236.000,2.700,3.724
2026-02-04 19:00:00,11.600,1019.200,1.300,206.000,1.900,1.880
2026-02-04 20:00:00,12.200,1018.500,1.600,197.000,2.700,0.220
2026-02-04 21:00:00,11.900,1018.600,4.500,312.000,6.200,-0.732
2026-02-04 22:00:00,10.800,1018.300,2.300,282.000,2.800,-0.440
2026-02-04 23:00:00,10.400,1018.400,2.000,322.000,2.500,1.260
2026-02-05 00:00:00,10.400,1018.300,0.600,171.000,0.900,3.356
2026-02-05 01:00:00,10.100,1018.300,1.200,175.000,1.500,5.512
2026-02-05 02:00:00,9.900,1017.900,0.900,201.000,1.300,6.903
2026-02-05 03:00:00,9.700,1017.400,0.900,174.000,2.000,7.182
2026-02-05 04:00:00,9.700,1016.700,1.600,172.000,3.000,6.785
2026-02-05 05:00:00,9.500,1016.500,0.500,228.000,1.100,5.751
2026-02-05 06:00:00,9.100,1016.100,2.000,318.000,2.300,4.295
2026-02-05 07:00:00,9.500,1015.100,1.300,196.000,2.400,2.556
2026-02-05 08:00:00,9.600,1014.700,1.500,211.000,2.300,0.928
2026-02-05 09:00:00,9.500,1014.400,1.500,216.000,2.000,-0.049
2026-02-05 10:00:00,9.700,1014.100,1.900,244.000,2.500,-0.066
2026-02-05 11:00:00,10.100,1014.100,1.900,247.000,2.200,1.240
2026-02-05 12:00:00,9.100,1014.300,6.600,310.000,6.800,2.959
2026-02-05 13:00:00,8.800,1014.500,7.400,318.000,8.900,4.856
2026-02-05 14:00:00,8.500,1014.700,4.700,319.000,6.400,6.296
2026-02-05 15:00:00,7.500,1014.700,4.500,31.000,5.400,7.493
2026-02-05 16:00:00,6.600,1015.500,4.500,21.000,5.700,7.467
2026-02-05 17:00:00,6.500,1015.000,4.600,340.000,5.500,6.545
2026-02-05 18:00:00,6.100,1014.400,5.100,355.000,6.000,5.180
2026-02-05 19:00:00,5.800,1013.800,6.600,349.000,8.100,3.543
2026-02-05 20:00:00,5.300,1013.600,6.800,346.000,8.000,1.788
2026-02-05 21:00:00,5.400,1013.700,5.300,335.000,6.600,0.456
2026-02-05 22:00:00,4.800,1014.100,5.900,344.000,7.000,0.052
2026-02-05 23:00:00,4.600,1015.400,7.200,331.000,8.600,0.994
2026-02-06 00:00:00,4.400,1015.800,6.800,325.000,8.700,2.595
2026-02-06 01:00:00,4.500,1016.000,6.100,332.000,7.900,4.311
2026-02-06 02:00:00,4.600,1016.200,6.800,329.000,8.300,5.909
2026-02-06 03:00:00,4.200,1016.800,3.400,312.000,5.100,6.867
2026-02-06 04:00:00,4.200,1016.700,5.200,302.000,6.200,7.156
2026-02-06 05:00:00,3.900,1016.900,3.200,279.000,4.300,6.923
2026-02-06 06:00:00,3.000,1016.500,1.900,249.000,2.500,5.961
2026-02-06 07:00:00,2.900,1016.100,2.400,255.000,3.500,4.596
2026-02-06 08:00:00,3.000,1015.800,3.000,264.000,4.500,3.068
2026-02-06 09:00:00,3.300,1015.600,5.900,292.000,6.900,1.585
2026-02-06 10:00:00,2.800,1015.800,4.700,281.000,6.800,0.666
2026-02-06 11:00:00,2.000,1016.100,3.600,268.000,4.800,0.846
2026-02-06 12:00:00,1.400,1015.900,3.500,268.000,5.200,2.037
2026-02-06 13:00:00,2.800,1015.800,4.000,278.000,5.500,3.530
2026-02-06 14:00:00,4.500,1016.200,5.900,301.000,7.100,5.112
2026-02-06 15:00:00,6.300,1015.600,5.800,301.000,6.700,6.535
2026-02-06 16:00:00,8.500,1014.900,4.400,296.000,5.300,7.178
2026-02-06 17:00:00,10.700,1013.500,5.100,293.000,6.000,7.077
2026-02-06 18:00:00,12.600,1011.600,3.500,244.000,6.200,6.306
2026-02-06 19:00:00,14.300,1009.900,5.400,267.000,7.800,4.747
2026-02-06 20:00:00,15.300,1008.800,6.100,258.000,8.700,3.018
2026-02-06 21:00:00,16.600,1008.500,6.300,268.000,10.700,1.286
2026-02-06 22:00:00,16.900,1007.700,5.400,266.000,7.300,0.157
2026-02-06 23:00:00,15.300,1008.000,3.500,264.000,5.300,0.203
2026-02-07 00:00:00,13.900,1008.700,3.200,253.000,4.400,1.486
2026-02-07 01:00:00,13.900,1008.800,4.300,258.000,6.100,3.392
2026-02-07 02:00:00,13.900,1009.700,4.200,265.000,5.400,4.951
2026-02-07 03:00:00,14.000,1010.000,5.400,270.000,8.100,6.152
2026-02-07 04:00:00,13.300,1010.500,6.500,287.000,8.700,6.795
2026-02-07 05:00:00,12.600,1010.600,6.400,288.000,7.900,6.394
2026-02-07 06:00:00,12.900,1011.100,6.000,281.000,8.600,5.794
2026-02-07 07:00:00,11.400,1011.700,6.300,303.000,6.900,4.711
2026-02-07 08:00:00,10.700,1012.800,6.300,297.000,6.900,3.310
2026-02-07 09:00:00,9.800,1013.200,5.600,310.000,6.500,1.867
2026-02-07 10:00:00,8.600,1014.200,4.600,315.000,5.600,0.827
2026-02-07 11:00:00,7.900,1015.100,4.700,319.000,5.500,0.587
2026-02-07 12:00:00,7.000,1016.300,2.700,313.000,3.000,1.276
2026-02-07 13:00:00,7.500,1017.500,4.000,320.000,5.100,2.543
2026-02-07 14:00:00,9.200,1018.300,6.400,339.000,7.800,4.085
2026-02-07 15:00:00,10.100,1018.800,7.100,345.000,8.200,5.443
2026-02-07 16:00:00,11.000,1019.500,4.900,351.000,6.300,6.539
2026-02-07 17:00:00,11.700,1019.200,3.500,330.000,5.500,6.768
2026-02-07 18:00:00,12.600,1018.400,7.100,301.000,7.900,6.424
2026-02-07 19:00:00,13.700,1018.400,6.300,306.000,7.500,5.463
2026-02-07 20:00:00,14.500,1018.200,6.200,301.000,7.400,4.016
2026-02-07 21:00:00,14.600,1018.400,6.500,306.000,7.800,2.356
2026-02-07 22:00:00,14.400,1018.700,5.900,305.000,6.500,1.168
2026-02-07 23:00:00,12.200,1019.900,3.500,327.000,4.100,0.827
2026-02-08 00:00:00,8.600,1021.100,1.000,185.000,1.500,1.555
2026-02-08 01:00:00,7.200,1021.600,1.800,227.000,2.000,2.956
2026-02-08 02:00:00,7.100,1022.200,1.500,211.000,1.700,4.544
2026-02-08 03:00:00,7.000,1022.500,0.900,248.000,1.400,5.522
2026-02-08 04:00:00,6.400,1023.000,1.400,241.000,1.800,6.365
2026-02-08 05:00:00,5.500,1023.200,0.700,275.000,1.000,6.893
2026-02-08 06:00:00,7.200,1024.000,4.500,59.000,5.500,6.955
2026-02-08 07:00:00,7.500,1024.800,8.200,73.000,10.700,6.588
2026-02-08 08:00:00,6.700,1024.900,8.900,75.000,11.000,5.650
2026-02-08 09:00:00,5.200,1025.100,7.200,66.000,8.400,4.285
2026-02-08 10:00:00,5.000,1025.100,6.500,74.000,8.600,2.982
2026-02-08 11:00:00,4.300,1026.300,6.200,50.000,7.900,2.037
2026-02-08 12:00:00,3.500,1027.100,5.500,63.000,6.400,1.781
2026-02-08 13:00:00,3.400,1027.500,5.100,64.000,6.800,2.467
2026-02-08 14:00:00,4.400,1028.300,6.100,68.000,7.300,3.504
2026-02-08 15:00:00,4.600,1028.700,6.200,73.000,8.000,4.583
2026-02-08 16:00:00,5.000,1028.500,5.800,77.000,7.000,5.669
2026-02-08 17:00:00,5.900,1028.500,5.400,80.000,6.500,6.555
2026-02-08 18:00:00,6.000,1028.000,6.200,72.000,7.800,6.690
2026-02-08 19:00:00,5.700,1027.000,6.700,79.000,8.000,6.230
2026-02-08 20:00:00,6.300,1026.500,6.600,78.000,7.600,5.105
2026-02-08 21:00:00,6.700,1026.500,4.700,68.000,6.900,3.711
2026-02-08 22:00:00,6.700,1026.400,5.200,96.000,5.800,2.444
2026-02-08 23:00:00,6.700,1026.400,5.400,100.000,5.800,1.542
2026-02-09 00:00:00,6.900,1026.700,5.600,104.000,6.300,1.581
2026-02-09 01:00:00,7.400,1026.700,5.300,100.000,5.900,2.287
2026-02-09 02:00:00,7.900,1026.700,4.900,104.000,5.400,3.294
2026-02-09 03:00:00,8.300,1026.500,4.500,94.000,5.000,4.416
2026-02-09 04:00:00,7.900,1026.300,2.900,115.000,3.100,5.400
2026-02-09 05:00:00,8.700,1026.000,4.100,97.000,4.600,6.371
2026-02-09 06:00:00,8.500,1026.000,4.100,84.000,4.700,6.837
2026-02-09 07:00:00,8.600,1026.200,4.000,78.000,4.800,6.900
2026-02-09 08:00:00,8.400,1025.900,5.000,81.000,5.800,6.440
2026-02-09 09:00:00,8.100,1025.700,5.400,77.000,6.600,5.243
2026-02-09 10:00:00,8.100,1025.800,4.300,73.000,5.200,4.022
2026-02-09 11:00:00,8.100,1026.300,4.000,68.000,4.600,2.776
2026-02-09 12:00:00,8.200,1026.700,3.700,62.000,5.700,2.090
2026-02-09 13:00:00,7.900,1027.400,5.400,67.000,6.700,2.037
2026-02-09 14:00:00,7.900,1027.600,6.200,76.000,7.300,2.644
2026-02-09 15:00:00,8.100,1027.900,5.400,72.000,7.000,3.661
2026-02-09 16:00:00,9.100,1028.100,6.400,70.000,7.700,4.852
2026-02-09 17:00:00,9.200,1027.500,5.700,76.000,7.100,5.735
2026-02-09 18:00:00,9.200,1026.600,4.900,88.000,5.800,6.411
2026-02-09 19:00:00,9.200,1025.800,5.600,76.000,7.000,6.421
2026-02-09 20:00:00,9.100,1025.100,6.500,81.000,7.600,5.781
2026-02-09 21:00:00,9.000,1025.500,6.600,77.000,7.700,4.757
2026-02-09 22:00:00,8.700,1025.400,6.100,82.000,7.100,3.481
2026-02-09 23:00:00,8.600,1025.000,5.200,92.000,6.000,2.382
2026-02-10 00:00:00,8.600,1024.900,4.400,95.000,4.900,1.913
2026-02-10 01:00:00,8.700,1024.500,3.700,103.000,4.000,2.110
2026-02-10 02:00:00,8.500,1024.000,2.900,108.000,3.100,2.818
2026-02-10 03:00:00,8.300,1024.200,1.200,110.000,1.600,3.789
2026-02-10 04:00:00,7.900,1024.500,0.800,337.000,0.800,4.642
2026-02-10 05:00:00,6.800,1024.600,1.000,329.000,1.200,5.715
2026-02-10 06:00:00,6.000,1024.200,0.000,308.000,0.300,6.519
2026-02-10 07:00:00,6.100,1023.900,0.000,332.000,0.000,6.913
2026-02-10 08:00:00,7.000,1023.600,0.800,218.000,1.200,6.745
2026-02-10 09:00:00,7.400,1023.300,1.400,229.000,2.200,5.988
2026-02-10 10:00:00,8.100,1023.000,2.000,225.000,2.600,4.911
2026-02-10 11:00:00,8.400,1023.400,1.500,232.000,1.800,3.727
2026-02-10 12:00:00,8.100,1023.900,1.700,231.000,2.000,2.664
2026-02-10 13:00:00,10.500,1024.300,2.100,263.000,2.700,1.991
2026-02-10 14:00:00,14.000,1024.500,1.600,267.000,2.500,2.087
2026-02-10 15:00:00,16.700,1024.300,2.600,295.000,2.800,2.644
2026-02-10 16:00:00,17.700,1023.900,1.600,317.000,2.000,3.474
2026-02-10 17:00:00,20.600,1023.500,3.600,281.000,5.200,4.472
2026-02-10 18:00:00,21.000,1022.100,2.000,199.000,3.000,5.361
2026-02-10 19:00:00,17.300,1021.100,4.000,178.000,5.600,5.906
2026-02-10 20:00:00,16.800,1020.700,3.400,212.000,5.000,5.840
2026-02-10 21:00:00,15.800,1020.500,3.900,210.000,5.700,5.220
2026-02-10 22:00:00,14.600,1020.400,3.200,206.000,5.200,4.190
2026-02-10 23:00:00,13.200,1020.500,3.100,213.000,4.200,3.064
2026-02-11 00:00:00,12.800,1020.700,2.800,213.000,3.900,2.093
2026-02-11 01:00:00,12.600,1020.800,2.700,222.000,4.100,1.598
2026-02-11 02:00:00,12.800,1020.900,3.800,213.000,5.100,1.604
2026-02-11 03:00:00,12.500,1020.500,2.700,213.000,3.800,2.224
2026-02-11 04:00:00,12.500,1020.300,2.000,196.000,2.900,3.061
2026-02-11 05:00:00,12.200,1020.300,2.000,232.000,3.000,4.075
2026-02-11 06:00:00,12.700,1019.800,2.500,227.000,3.800,5.213
2026-02-11 07:00:00,14.300,1019.600,2.600,249.000,3.700,6.165
2026-02-11 08:00:00,14.300,1018.900,1.600,242.000,2.100,6.263
2026-02-11 09:00:00,14.700,1018.300,2.900,254.000,4.000,6.063
2026-02-11 10:00:00,14.800,1018.500,4.100,258.000,5.700,5.246
2026-02-11 11:00:00,14.700,1019.000,3.700,261.000,5.000,4.167
2026-02-11 12:00:00,14.800,1019.000,3.600,259.000,5.700,3.009
2026-02-11 13:00:00,14.900,1019.400,4.900,267.000,6.600,1.867
2026-02-11 14:00:00,15.100,1019.900,4.000,271.000,5.600,1.263
2026-02-11 15:00:00,15.700,1019.900,4.000,261.000,6.900,1.184
2026-02-11 16:00:00,16.800,1019.700,4.400,261.000,6.200,1.768
2026-02-11 17:00:00,18.300,1018.800,4.400,260.000,7.100,2.667
2026-02-11 18:00:00,19.500,1017.100,5.300,257.000,8.800,3.766
2026-02-11 19:00:00,22.000,1015.700,5.100,258.000,7.600,4.757
2026-02-11 20:00:00,22.000,1015.100,6.900,267.000,9.700,5.230
2026-02-11 21:00:00,21.300,1015.300,4.700,261.000,7.100,5.056
2026-02-11 22:00:00,21.300,1015.200,4.600,262.000,7.100,4.318
2026-02-11 23:00:00,20.000,1016.100,3.900,258.000,5.200,3.363
2026-02-12 00:00:00,17.400,1016.300,1.700,243.000,2.700,2.343
2026-02-12 01:00:00,16.900,1017.100,2.300,241.000,2.800,1.611
2026-02-12 02:00:00,16.600,1017.200,2.400,243.000,3.900,1.240
2026-02-12 03:00:00,16.100,1017.300,3.600,307.000,4.000,1.273
2026-02-12 04:00:00,15.400,1017.400,3.000,288.000,3.300,1.627
2026-02-12 05:00:00,14.400,1017.400,4.500,305.000,4.700,2.507
2026-02-12 06:00:00,14.000,1017.600,4.500,312.000,5.400,3.760
2026-02-12 07:00:00,12.800,1017.700,3.900,311.000,4.400,5.125
2026-02-12 08:00:00,11.800,1018.100,3.800,313.000,4.300,6.148
2026-02-12 09:00:00,11.400,1018.300,3.500,324.000,4.600,6.588
2026-02-12 10:00:00,9.800,1019.000,2.900,330.000,3.300,6.358
2026-02-12 11:00:00,8.900,1019.700,3.200,346.000,3.300,5.545
2026-02-12 12:00:00,8.400,1020.800,2.900,353.000,3.200,4.511
2026-02-12 13:00:00,9.500,1021.700,2.600,5.000,3.100,3.304
2026-02-12 14:00:00,10.900,1021.900,4.700,50.000,6.200,2.323
2026-02-12 15:00:00,11.300,1022.500,3.000,83.000,4.700,1.604
2026-02-12 16:00:00,11.200,1022.700,5.600,78.000,6.800,2.031
2026-02-12 17:00:00,10.600,1022.400,6.300,96.000,7.300,2.871
2026-02-12 18:00:00,10.300,1021.600,6.500,105.000,7.200,4.124
2026-02-12 19:00:00,10.500,1020.900,6.300,107.000,6.900,5.194
2026-02-12 20:00:00,10.800,1020.400,5.900,103.000,6.400,6.070
2026-02-12 21:00:00,11.800,1020.000,4.800,115.000,5.300,6.247
2026-02-12 22:00:00,11.900,1020.000,3.300,140.000,4.200,6.004
2026-02-12 23:00:00,10.600,1020.300,1.500,165.000,2.400,5.240
2026-02-13 00:00:00,9.200,1020.700,1.300,181.000,1.600,4.354
2026-02-13 01:00:00,9.100,1020.800,1.400,208.000,1.700,3.461
2026-02-13 02:00:00,9.200,1020.800,1.100,188.000,1.300,2.444
2026-02-13 03:00:00,8.400,1020.600,0.300,172.000,0.500,1.975
2026-02-13 04:00:00,8.700,1020.500,0.400,73.000,0.500,1.775
2026-02-13 05:00:00,7.900,1020.200,0.900,28.000,1.100,2.343
2026-02-13 06:00:00,7.800,1020.400,0.400,341.000,0.800,3.448
2026-02-13 07:00:00,7.200,1019.800,1.000,285.000,1.100,4.862
2026-02-13 08:00:00,6.900,1019.600,0.500,342.000,0.700,6.152
2026-02-13 09:00:00,6.500,1019.500,1.300,359.000,1.500,6.916
2026-02-13 10:00:00,6.900,1020.000,1.700,328.000,2.100,7.133
2026-02-13 11:00:00,6.300,1020.600,2.200,320.000,2.700,6.749
2026-02-13 12:00:00,6.700,1021.700,3.200,12.000,4.100,5.958
2026-02-13 13:00:00,8.100,1022.600,3.200,48.000,4.200,4.741
2026-02-13 14:00:00,9.200,1022.900,3.000,78.000,4.500,3.297
2026-02-13 15:00:00,9.500,1023.300,6.200,78.000,7.600,2.218
2026-02-13 16:00:00,9.500,1023.800,7.000,84.000,8.500,1.608
2026-02-13 17:00:00,9.400,1023.400,7.900,90.000,9.200,1.847
2026-02-13 18:00:00,9.800,1022.600,7.600,94.000,8.600,2.736
2026-02-13 19:00:00,10.000,1022.400,7.100,97.000,7.900,3.901
2026-02-13 20:00:00,10.300,1022.100,6.500,106.000,6.800,5.046
2026-02-13 21:00:00,10.400,1022.000,6.200,111.000,7.100,5.928
2026-02-13 22:00:00,11.100,1022.100,4.500,115.000,5.000,6.335
2026-02-13 23:00:00,10.200,1022.300,2.600,126.000,3.600,6.194
2026-02-14 00:00:00,9.800,1022.900,2.800,124.000,3.400,5.472
2026-02-14 01:00:00,10.400,1023.200,3.700,94.000,4.000,4.495
2026-02-14 02:00:00,10.300,1023.700,3.300,77.000,4.000,3.402
2026-02-14 03:00:00,9.900,1024.200,3.600,58.000,4.200,2.303
2026-02-14 04:00:00,9.500,1024.200,3.600,61.000,4.500,1.476
2026-02-14 05:00:00,9.500,1024.100,3.600,60.000,4.300,1.444
2026-02-14 06:00:00,9.600,1024.300,3.100,61.000,3.700,2.201
2026-02-14 07:00:00,9.900,1024.100,3.800,69.000,4.600,3.711
2026-02-14 08:00:00,10.000,1023.600,3.700,79.000,4.300,5.187
2026-02-14 09:00:00,9.900,1023.500,3.200,87.000,4.800,6.375
2026-02-14 10:00:00,9.300,1023.700,2.600,62.000,3.300,7.185
2026-02-14 11:00:00,9.300,1024.000,2.800,61.000,3.500,7.382
2026-02-14 12:00:00,9.200,1024.600,3.300,57.000,4.000,6.965
2026-02-14 13:00:00,10.800,1025.100,3.000,68.000,3.900,5.945
2026-02-14 14:00:00,11.400,1025.700,3.400,82.000,4.600,4.629
2026-02-14 15:00:00,11.700,1025.800,5.500,77.000,6.700,3.182
2026-02-14 16:00:00,11.900,1025.900,5.000,75.000,6.700,1.893
2026-02-14 17:00:00,12.200,1025.100,5.200,76.000,6.500,1.115
2026-02-14 18:00:00,12.500,1024.100,4.300,83.000,5.400,1.421
2026-02-14 19:00:00,12.600,1023.400,5.500,79.000,6.900,2.543
2026-02-14 20:00:00,12.200,1022.500,5.200,85.000,6.600,3.904
2026-02-14 21:00:00,12.400,1022.000,5.400,88.000,6.700,5.233
2026-02-14 22:00:00,11.400,1022.200,2.900,101.000,3.200,6.161
2026-02-14 23:00:00,11.200,1021.800,2.900,95.000,3.800,6.512
2026-02-15 00:00:00,11.400,1022.400,3.800,79.000,4.800,6.198
2026-02-15 01:00:00,11.400,1022.400,2.500,89.000,2.800,5.400
2026-02-15 02:00:00,11.200,1022.300,1.800,93.000,2.100,4.160
2026-02-15 03:00:00,11.800,1021.400,3.600,90.000,5.000,2.789
2026-02-15 04:00:00,11.900,1020.800,3.500,84.000,4.300,1.463
2026-02-15 05:00:00,11.500,1019.900,3.600,114.000,4.500,0.856
2026-02-15 06:00:00,11.500,1019.300,3.600,104.000,4.000,1.158
2026-02-15 07:00:00,11.400,1018.700,2.500,100.000,2.700,2.362
2026-02-15 08:00:00,12.400,1018.700,2.100,82.000,2.300,3.953
2026-02-15 09:00:00,13.300,1018.100,2.700,109.000,3.400,5.627
2026-02-15 10:00:00,12.300,1017.300,1.900,109.000,2.200,6.886
2026-02-15 11:00:00,15.000,1016.800,2.800,147.000,4.000,7.579
2026-02-15 12:00:00,15.400,1016.700,3.000,161.000,4.600,7.608
2026-02-15 13:00:00,16.100,1016.500,4.200,164.000,6.200,6.900
2026-02-15 14:00:00,16.500,1016.400,5.600,171.000,9.600,5.397
2026-02-15 15:00:00,17.300,1015.500,4.600,182.000,9.500,4.347
2026-02-15 16:00:00,18.400,1014.900,7.200,200.000,14.000,2.746
2026-02-15 17:00:00,17.700,1013.200,6.500,207.000,11.700,1.417
2026-02-15 18:00:00,17.300,1011.600,6.100,203.000,11.000,0.938
2026-02-15 19:00:00,16.700,1010.100,4.700,197.000,7.700,1.440
2026-02-15 20:00:00,16.500,1009.600,4.200,195.000,8.400,2.881
2026-02-15 21:00:00,15.400,1008.900,3.200,227.000,4.400,4.593
2026-02-15 22:00:00,15.200,1009.600,4.000,218.000,5.100,5.961
2026-02-15 23:00:00,15.000,1007.200,4.700,174.000,7.200,6.896
2026-02-16 00:00:00,15.000,1007.100,4.600,206.000,7.900,7.093
2026-02-16 01:00:00,13.800,1007.200,4.200,216.000,5.600,6.293
2026-02-16 02:00:00,14.300,1007.600,3.200,233.000,4.900,5.039
2026-02-16 03:00:00,14.400,1007.100,4.100,220.000,5.600,3.622
2026-02-16 04:00:00,15.100,1006.000,3.400,226.000,5.200,2.139
2026-02-16 05:00:00,16.000,1007.100,3.400,261.000,5.800,0.935
2026-02-16 06:00:00,15.400,1007.200,3.600,268.000,5.600,0.371
2026-02-16 07:00:00,14.800,1007.800,6.100,308.000,6.700,0.958
2026-02-16 08:00:00,14.700,1008.100,3.800,286.000,4.400,2.110
2026-02-16 09:00:00,14.500,1008.800,4.800,308.000,5.600,3.740
2026-02-16 10:00:00,14.300,1009.700,3.200,323.000,3.900,5.600
2026-02-16 11:00:00,14.100,1011.200,6.000,354.000,9.000,6.827
2026-02-16 12:00:00,12.300,1013.300,6.700,349.000,8.200,7.598
2026-02-16 13:00:00,12.200,1015.000,5.900,19.000,7.600,7.415
2026-02-16 14:00:00,12.400,1016.000,4.800,51.000,7.300,6.693
2026-02-16 15:00:00,12.100,1016.900,7.600,31.000,9.200,5.325
2026-02-16 16:00:00,12.500,1018.200,6.400,60.000,8.600,3.688
2026-02-16 17:00:00,12.600,1018.800,5.700,73.000,7.600,1.926
2026-02-16 18:00:00,13.800,1018.600,5.000,67.000,6.600,0.755
2026-02-16 19:00:00,12.300,1018.800,5.400,105.000,6.100,0.833
2026-02-16 20:00:00,12.600,1019.200,5.900,118.000,7.000,1.962
2026-02-16 21:00:00,12.700,1019.600,6.100,118.000,7.200,3.602
2026-02-16 22:00:00,12.200,1020.200,6.400,108.000,7.200,5.446
2026-02-16 23:00:00,12.100,1020.900,4.600,119.000,5.500,6.834
2026-02-17 00:00:00,11.000,1021.900,1.200,131.000,1.700,7.500
2026-02-17 01:00:00,10.400,1022.700,0.700,91.000,0.900,7.323
2026-02-17 02:00:00,10.200,1023.500,0.000,107.000,0.400,6.713
2026-02-17 03:00:00,9.500,1023.600,0.000,144.000,0.000,5.374
2026-02-17 04:00:00,9.600,1023.700,1.100,299.000,1.200,3.727
2026-02-17 05:00:00,9.700,1023.800,0.700,327.000,0.900,2.198
2026-02-17 06:00:00,9.100,1023.500,0.900,346.000,1.200,0.883
2026-02-17 07:00:00,9.300,1023.200,1.200,40.000,1.600,0.522
2026-02-17 08:00:00,8.800,1022.800,0.900,340.000,1.000,1.444
2026-02-17 09:00:00,9.900,1022.900,2.200,51.000,2.800,2.979
2026-02-17 10:00:00,9.300,1023.300,1.000,333.000,1.600,4.970
2026-02-17 11:00:00,9.600,1023.700,2.900,47.000,3.200,6.703
2026-02-17 12:00:00,10.400,1024.100,3.300,46.000,4.100,7.808
2026-02-17 13:00:00,11.500,1025.100,2.900,37.000,3.900,8.176
2026-02-17 14:00:00,11.700,1025.900,3.700,50.000,4.400,7.772
2026-02-17 15:00:00,12.300,1025.900,4.000,83.000,5.400,6.506
2026-02-17 16:00:00,12.900,1026.100,5.300,81.000,7.000,5.118
2026-02-17 17:00:00,13.500,1025.800,4.900,76.000,6.500,3.337
2026-02-17 18:00:00,13.000,1024.800,4.800,100.000,5.400,1.657
2026-02-17 19:00:00,12.800,1023.600,4.200,103.000,4.900,0.554
2026-02-17 20:00:00,13.000,1023.100,3.900,108.000,4.300,0.545
2026-02-17 21:00:00,13.100,1022.800,3.800,99.000,4.200,1.706
2026-02-17 22:00:00,13.300,1022.400,3.200,105.000,3.800,3.734
2026-02-17 23:00:00,12.500,1022.800,1.500,69.000,2.100,5.771
2026-02-18 00:00:00,12.500,1022.500,2.000,108.000,2.400,7.238
2026-02-18 01:00:00,12.100,1022.600,1.800,99.000,2.000,7.844
2026-02-18 02:00:00,11.900,1022.800,0.900,61.000,1.100,7.569
2026-02-18 03:00:00,12.200,1022.400,2.000,103.000,2.400,6.375
2026-02-18 04:00:00,11.900,1022.200,1.200,115.000,1.300,4.711
2026-02-18 05:00:00,12.600,1021.700,2.000,131.000,2.400,2.917
2026-02-18 06:00:00,13.500,1020.900,2.400,172.000,3.300,1.175
2026-02-18 07:00:00,12.700,1020.500,1.700,177.000,2.400,0.148
2026-02-18 08:00:00,12.900,1019.800,1.600,181.000,2.400,0.289
2026-02-18 09:00:00,12.600,1018.900,1.100,191.000,2.100,1.535
2026-02-18 10:00:00,12.400,1019.200,1.400,197.000,2.300,3.527
2026-02-18 11:00:00,13.100,1019.400,2.600,219.000,3.500,5.436
2026-02-18 12:00:00,12.600,1019.500,1.500,213.000,2.400,7.037
2026-02-18 13:00:00,14.100,1020.000,3.000,222.000,3.800,7.858
2026-02-18 14:00:00,15.000,1020.700,1.900,215.000,2.700,7.900
2026-02-18 15:00:00,16.100,1020.500,2.400,207.000,3.400,7.126
2026-02-18 16:00:00,16.500,1020.100,3.300,215.000,4.700,5.755
2026-02-18 17:00:00,17.000,1019.200,3.600,220.000,5.000,3.990
2026-02-18 18:00:00,18.600,1017.500,3.800,214.000,5.300,2.041
2026-02-18 19:00:00,19.500,1016.600,5.500,215.000,7.100,0.449
2026-02-18 20:00:00,19.400,1015.200,4.500,200.000,7.400,-0.299
2026-02-18 21:00:00,18.700,1014.900,4.100,210.000,6.100,0.243
2026-02-18 22:00:00,17.200,1014.900,4.200,222.000,6.300,2.083
2026-02-18 23:00:00,16.100,1014.800,4.800,217.000,7.300,4.236
2026-02-19 00:00:00,15.400,1015.000,3.100,211.000,4.600,6.276
2026-02-19 01:00:00,15.800,1015.300,4.400,217.000,6.200,7.536
2026-02-19 02:00:00,16.100,1015.400,3.900,224.000,5.600,7.723
2026-02-19 03:00:00,15.900,1015.300,3.700,218.000,5.900,6.762
2026-02-19 04:00:00,15.000,1015.000,4.100,219.000,6.000,5.709
2026-02-19 05:00:00,14.200,1014.900,2.500,213.000,3.400,3.970
2026-02-19 06:00:00,13.800,1014.500,2.000,219.000,2.100,2.067
2026-02-19 07:00:00,13.700,1013.700,1.900,209.000,3.400,0.476
2026-02-19 08:00:00,13.500,1013.500,1.100,209.000,2.300,-0.292
2026-02-19 09:00:00,13.400,1013.800,1.600,229.000,2.000,0.062
2026-02-19 10:00:00,13.800,1014.100,1.300,220.000,2.000,1.801
2026-02-19 11:00:00,14.500,1014.100,1.600,207.000,3.100,3.750
2026-02-19 12:00:00,14.600,1014.600,1.900,194.000,3.500,5.764
2026-02-19 13:00:00,15.000,1015.200,2.600,222.000,3.900,7.037
2026-02-19 14:00:00,15.800,1015.800,3.100,224.000,4.700,7.510
2026-02-19 15:00:00,16.800,1015.900,2.400,217.000,3.200,7.195
2026-02-19 16:00:00,18.500,1015.300,3.600,209.000,5.800,6.247
2026-02-19 17:00:00,20.500,1014.600,4.400,221.000,6.100,4.764
2026-02-19 18:00:00,20.000,1013.500,3.000,206.000,4.100,2.907
2026-02-19 19:00:00,21.000,1012.600,2.500,200.000,4.100,1.096
2026-02-19 20:00:00,20.900,1012.400,2.400,186.000,3.900,-0.315
2026-02-19 21:00:00,20.800,1012.000,4.500,197.000,6.700,-0.663
2026-02-19 22:00:00,18.700,1012.300,4.500,212.000,7.300,0.463
2026-02-19 23:00:00,17.600,1012.200,2.500,205.000,3.800,2.474
2026-02-20 00:00:00,17.000,1012.100,4.400,217.000,6.000,4.865
2026-02-20 01:00:00,16.400,1012.400,5.300,210.000,8.300,6.775
2026-02-20 02:00:00,15.800,1012.300,3.700,210.000,5.800,7.753
2026-02-20 03:00:00,15.100,1012.400,3.200,209.000,5.300,7.753
2026-02-20 04:00:00,15.200,1012.100,3.000,204.000,4.800,6.870
2026-02-20 05:00:00,14.800,1012.100,2.200,214.000,3.300,5.272
2026-02-20 06:00:00,15.200,1011.700,2.100,203.000,3.200,3.287
2026-02-20 07:00:00,16.600,1011.900,2.300,233.000,3.500,1.709
2026-02-20 08:00:00,18.400,1011.900,2.500,233.000,4.000,0.154
2026-02-20 09:00:00,18.800,1011.900,2.500,224.000,3.700,-0.417
2026-02-20 10:00:00,17.500,1012.000,2.200,214.000,3.400,0.282
2026-02-20 11:00:00,18.700,1012.100,3.100,243.000,5.400,2.014
2026-02-20 12:00:00,18.000,1012.800,1.300,248.000,2.200,4.127
2026-02-20 13:00:00,18.100,1012.700,3.500,222.000,5.000,6.053
2026-02-20 14:00:00,19.400,1013.000,2.900,213.000,4.500,7.129
2026-02-20 15:00:00,22.000,1013.200,2.900,238.000,5.100,7.172
2026-02-20 16:00:00,22.800,1013.000,5.000,218.000,6.700,6.857
2026-02-20 17:00:00,22.700,1012.400,5.000,214.000,6.900,5.607
2026-02-20 18:00:00,23.300,1011.900,4.600,210.000,7.200,3.901
2026-02-20 19:00:00,23.600,1011.100,5.600,206.000,8.100,1.975
2026-02-20 20:00:00,25.800,1010.600,6.500,218.000,9.500,0.249
2026-02-20 21:00:00,23.700,1010.500,2.600,196.000,5.300,-0.886
2026-02-20 22:00:00,22.700,1010.800,3.800,215.000,5.300,-0.666
2026-02-20 23:00:00,21.700,1012.500,1.200,69.000,2.200,1.017
2026-02-21 00:00:00,19.500,1012.900,2.300,334.000,2.800,3.268
2026-02-21 01:00:00,19.400,1013.500,0.900,219.000,1.600,5.643
2026-02-21 02:00:00,18.800,1014.000,0.000,332.000,0.600,7.149
2026-02-21 03:00:00,20.800,1014.300,2.700,278.000,3.600,7.641
2026-02-21 04:00:00,20.100,1014.400,2.000,223.000,2.300,7.313
2026-02-21 05:00:00,18.700,1014.400,1.700,218.000,2.700,6.037
2026-02-21 06:00:00,17.500,1014.100,1.600,182.000,2.900,4.488
2026-02-21 07:00:00,16.800,1013.900,1.900,212.000,2.700,2.851
2026-02-21 08:00:00,17.100,1013.500,2.100,201.000,3.500,1.135
2026-02-21 09:00:00,17.900,1013.600,2.300,222.000,3.100,0.095
2026-02-21 10:00:00,20.300,1014.000,4.300,262.000,6.000,-0.026
2026-02-21 11:00:00,19.900,1014.400,2.100,234.000,3.600,1.007
2026-02-21 12:00:00,19.000,1015.200,2.100,229.000,3.700,2.733
2026-02-21 13:00:00,19.900,1015.500,2.700,223.000,4.200,4.557
2026-02-21 14:00:00,21.200,1015.700,3.800,205.000,5.800,5.974
2026-02-21 15:00:00,21.400,1015.800,2.800,202.000,4.200,6.913
2026-02-21 16:00:00,20.800,1015.800,3.400,214.000,4.800,7.067
2026-02-21 17:00:00,21.600,1015.100,4.500,217.000,6.000,6.329
2026-02-21 18:00:00,25.300,1013.700,3.800,207.000,5.900,4.967
2026-02-21 19:00:00,21.600,1013.200,3.400,192.000,5.100,3.228
2026-02-21 20:00:00,22.100,1013.000,3.400,183.000,5.300,1.434
2026-02-21 21:00:00,21.300,1012.500,2.900,183.000,4.900,-0.085
2026-02-21 22:00:00,21.100,1012.500,2.500,194.000,4.200,-0.545
2026-02-21 23:00:00,20.700,1013.900,5.000,346.000,6.000,0.180
2026-02-22 00:00:00,19.900,1014.000,2.200,17.000,3.400,1.808
2026-02-22 01:00:00,18.500,1014.500,0.000,230.000,0.600,4.318
2026-02-22 02:00:00,17.300,1013.900,3.400,174.000,4.800,6.358
2026-02-22 03:00:00,17.400,1013.800,1.700,164.000,2.500,7.628
2026-02-22 04:00:00,17.400,1014.000,2.300,182.000,3.400,7.927
2026-02-22 05:00:00,16.600,1013.800,2.400,186.000,4.200,7.572
2026-02-22 06:00:00,17.200,1013.700,2.600,218.000,3.600,6.598
2026-02-22 07:00:00,17.300,1013.500,0.900,234.000,1.700,4.728
2026-02-22 08:00:00,17.200,1012.600,2.500,353.000,2.700,3.143
2026-02-22 09:00:00,17.300,1012.200,1.500,293.000,1.800,1.493
2026-02-22 10:00:00,17.500,1011.800,2.300,299.000,2.500,0.604
2026-02-22 11:00:00,17.100,1012.100,2.100,295.000,2.300,0.781
2026-02-22 12:00:00,17.400,1012.000,3.500,273.000,4.600,2.119
2026-02-22 13:00:00,16.800,1012.600,8.800,306.000,10.900,3.720
2026-02-22 14:00:00,16.500,1013.200,8.500,315.000,10.800,5.226
2026-02-22 15:00:00,15.500,1013.700,11.500,307.000,13.500,6.476
2026-02-22 16:00:00,16.100,1013.800,12.300,308.000,13.900,6.870
2026-02-22 17:00:00,15.800,1013.600,13.900,306.000,16.300,6.716
2026-02-22 18:00:00,15.200,1013.600,12.300,311.000,16.000,5.561
2026-02-22 19:00:00,14.700,1013.500,15.500,304.000,17.600,3.871
2026-02-22 20:00:00,14.300,1013.400,16.300,306.000,20.300,1.844
2026-02-22 21:00:00,13.600,1014.100,16.200,311.000,20.200,-0.079
2026-02-22 22:00:00,13.100,1014.900,17.500,313.000,20.900,-1.499
2026-02-22 23:00:00,12.200,1015.900,11.700,312.000,14.400,-1.535
2026-02-23 00:00:00,11.500,1016.700,10.900,311.000,13.500,-0.315
2026-02-23 01:00:00,11.000,1017.300,8.400,304.000,10.000,1.585
2026-02-23 02:00:00,10.600,1018.000,10.200,300.000,12.700,3.789
2026-02-23 03:00:00,9.800,1018.500,11.200,306.000,13.700,5.463
2026-02-23 04:00:00,8.700,1018.800,9.500,325.000,11.900,6.575
2026-02-23 05:00:00,7.900,1019.000,11.900,302.000,13.600,6.509
2026-02-23 06:00:00,7.100,1018.300,12.000,312.000,15.300,5.955
2026-02-23 07:00:00,6.000,1018.000,11.100,321.000,14.100,4.616
2026-02-23 08:00:00,4.900,1018.000,11.000,326.000,15.200,3.297
2026-02-23 09:00:00,3.600,1018.800,8.900,327.000,10.400,1.827
2026-02-23 10:00:00,2.900,1019.900,11.800,332.000,14.400,0.709
2026-02-23 11:00:00,2.100,1020.200,7.800,322.000,9.900,0.226
2026-02-23 12:00:00,2.100,1021.000,8.700,326.000,11.300,0.587
2026-02-23 13:00:00,2.700,1021.300,9.100,324.000,11.000,1.634
2026-02-23 14:00:00,3.000,1021.300,10.600,310.000,12.800,2.743
2026-02-23 15:00:00,4.100,1021.200,9.100,324.000,12.200,4.390
2026-02-23 16:00:00,4.700,1021.000,8.200,331.000,9.900,5.466
2026-02-23 17:00:00,5.800,1020.500,9.500,325.000,11.700,6.194
2026-02-23 18:00:00,6.200,1019.700,9.900,311.000,11.700,6.247
2026-02-23 19:00:00,6.900,1019.200,8.500,317.000,10.600,5.492
2026-02-23 20:00:00,7.400,1018.800,8.600,308.000,10.700,4.285
2026-02-23 21:00:00,8.200,1018.800,10.600,325.000,12.000,2.549
2026-02-23 22:00:00,8.200,1019.000,9.700,316.000,12.200,0.856
2026-02-23 23:00:00,7.700,1020.000,8.800,324.000,10.900,-0.246
2026-02-24 00:00:00,6.900,1021.100,5.200,322.000,6.400,-0.344
2026-02-24 01:00:00,6.300,1021.900,4.700,324.000,5.500,0.925
2026-02-24 02:00:00,6.600,1022.400,7.500,316.000,8.800,2.467
2026-02-24 03:00:00,6.300,1023.100,8.100,307.000,10.100,4.114
2026-02-24 04:00:00,5.200,1023.300,8.100,318.000,10.400,5.663
2026-02-24 05:00:00,4.300,1023.600,6.000,325.000,7.200,6.808
2026-02-24 06:00:00,3.500,1023.900,4.600,321.000,5.700,7.198
2026-02-24 07:00:00,2.800,1024.200,4.200,326.000,5.900,6.913
2026-02-24 08:00:00,2.100,1024.300,4.800,328.000,5.300,5.886
2026-02-24 09:00:00,1.500,1024.500,4.400,329.000,5.500,4.475
2026-02-24 10:00:00,0.600,1024.500,4.800,347.000,5.700,2.831
2026-02-24 11:00:00,0.300,1025.000,4.500,346.000,5.800,1.424
2026-02-24 12:00:00,-0.300,1025.100,3.100,338.000,4.000,0.741
2026-02-24 13:00:00,1.100,1025.700,4.000,343.000,4.900,1.037
2026-02-24 14:00:00,1.900,1025.300,2.900,22.000,4.400,2.260
2026-02-24 15:00:00,3.300,1025.500,2.100,17.000,2.900,3.530
2026-02-24 16:00:00,4.400,1025.300,1.300,45.000,2.100,5.010
2026-02-24 17:00:00,5.600,1025.100,2.700,202.000,3.700,6.178
2026-02-24 18:00:00,6.100,1023.800,1.800,174.000,3.100,6.568
2026-02-24 19:00:00,6.400,1022.500,3.200,185.000,5.300,6.322
2026-02-24 20:00:00,7.000,1022.100,3.000,186.000,5.100,5.400
2026-02-24 21:00:00,7.200,1021.500,4.300,212.000,6.300,4.144
2026-02-24 22:00:00,7.300,1021.100,4.400,204.000,6.000,2.651
2026-02-24 23:00:00,6.800,1021.600,2.400,196.000,4.300,1.335
2026-02-25 00:00:00,6.700,1021.500,2.200,201.000,4.100,0.486
2026-02-25 01:00:00,6.900,1021.500,2.400,203.000,3.800,0.725
2026-02-25 02:00:00,7.400,1021.500,2.500,207.000,4.500,1.788
2026-02-25 03:00:00,8.300,1021.400,2.200,212.000,3.300,3.202
2026-02-25 04:00:00,7.500,1021.100,2.200,236.000,3.600,4.806
2026-02-25 05:00:00,7.700,1020.800,3.100,235.000,4.500,6.280
2026-02-25 06:00:00,8.300,1020.100,2.900,239.000,4.000,7.201
2026-02-25 07:00:00,9.000,1019.900,4.200,228.000,5.900,7.388
2026-02-25 08:00:00,8.300,1019.300,4.300,235.000,6.000,6.982
2026-02-25 09:00:00,7.300,1019.000,4.500,233.000,7.200,5.958
2026-02-25 10:00:00,6.500,1019.200,4.000,248.000,5.700,4.570
2026-02-25 11:00:00,6.500,1019.900,5.000,278.000,6.200,3.025
2026-02-25 12:00:00,6.000,1020.500,2.800,273.000,4.000,1.647
2026-02-25 13:00:00,6.900,1020.600,2.900,242.000,4.100,0.850
2026-02-25 14:00:00,8.600,1020.700,3.400,245.000,4.900,0.958
2026-02-25 15:00:00,11.400,1020.300,3.600,236.000,6.100,1.716
2026-02-25 16:00:00,12.400,1020.200,3.800,203.000,5.000,2.864
2026-02-25 17:00:00,13.700,1019.000,3.000,192.000,5.300,4.524
2026-02-25 18:00:00,13.800,1018.000,4.600,179.000,6.600,5.584
2026-02-25 19:00:00,13.600,1017.100,3.400,193.000,6.300,6.335
2026-02-25 20:00:00,13.800,1016.600,6.100,203.000,9.100,6.178
2026-02-25 21:00:00,14.400,1016.100,5.300,204.000,9.000,5.413
2026-02-25 22:00:00,13.800,1016.000,4.100,200.000,7.500,4.262
2026-02-25 23:00:00,12.900,1016.200,3.200,201.000,5.800,2.684
2026-02-26 00:00:00,12.700,1016.400,3.400,204.000,5.800,1.319
2026-02-26 01:00:00,12.800,1016.600,3.300,212.000,4.700,0.466
2026-02-26 02:00:00,13.200,1017.000,4.100,206.000,6.600,0.430
2026-02-26 03:00:00,13.400,1017.100,4.600,210.000,7.300,1.211
2026-02-26 04:00:00,13.300,1017.400,5.400,218.000,7.200,2.589
2026-02-26 05:00:00,12.700,1017.200,3.100,223.000,4.300,4.259
2026-02-26 06:00:00,13.000,1017.100,3.900,219.000,5.300,5.889
2026-02-26 07:00:00,14.000,1016.900,3.600,224.000,5.400,6.913
2026-02-26 08:00:00,13.200,1016.600,3.400,216.000,4.300,7.320
2026-02-26 09:00:00,12.800,1016.600,3.000,217.000,4.400,7.051
2026-02-26 10:00:00,12.300,1016.800,2.200,215.000,3.100,6.020
2026-02-26 11:00:00,12.800,1016.500,3.200,212.000,4.900,4.603
2026-02-26 12:00:00,13.700,1017.200,2.100,247.000,3.600,3.120
2026-02-26 13:00:00,13.000,1017.400,4.400,212.000,7.600,1.788
2026-02-26 14:00:00,13.700,1018.100,6.000,228.000,9.000,0.774
2026-02-26 15:00:00,16.000,1018.000,5.800,226.000,8.600,0.686
2026-02-26 16:00:00,16.000,1017.500,4.700,213.000,7.100,1.463
2026-02-26 17:00:00,14.300,1016.600,5.500,210.000,7.900,2.769
2026-02-26 18:00:00,15.300,1015.500,5.400,210.000,7.800,4.121
2026-02-26 19:00:00,17.000,1014.000,6.000,211.000,9.200,5.259
2026-02-26 20:00:00,15.700,1014.000,4.500,213.000,6.700,5.860
2026-02-26 21:00:00,16.300,1013.700,4.700,215.000,7.000,5.823
2026-02-26 22:00:00,15.500,1013.700,3.700,208.000,6.300,5.249
2026-02-26 23:00:00,15.300,1013.600,2.400,211.000,4.100,4.239
2026-02-27 00:00:00,14.700,1013.900,2.600,203.000,3.800,2.887
2026-02-27 01:00:00,14.600,1014.300,3.300,207.000,5.300,1.535
2026-02-27 02:00:00,14.400,1014.600,2.400,202.000,3.700,0.407
2026-02-27 03:00:00,14.700,1014.600,2.900,220.000,4.200,-0.069
2026-02-27 04:00:00,14.700,1014.700,2.400,219.000,3.300,0.574
2026-02-27 05:00:00,15.300,1014.700,2.500,208.000,3.600,1.998
2026-02-27 06:00:00,15.400,1014.800,2.200,213.000,3.000,3.917
2026-02-27 07:00:00,15.700,1014.500,1.500,181.000,2.100,5.764
2026-02-27 08:00:00,15.300,1013.900,0.900,191.000,1.400,7.165
2026-02-27 09:00:00,15.500,1013.400,2.500,209.000,3.400,7.592
2026-02-27 10:00:00,14.600,1013.500,1.700,203.000,3.200,7.356
2026-02-27 11:00:00,14.100,1013.600,3.000,205.000,4.300,6.342
2026-02-27 12:00:00,14.500,1013.700,3.800,214.000,5.800,4.908
2026-02-27 13:00:00,14.300,1014.000,3.700,219.000,5.400,3.278
2026-02-27 14:00:00,15.000,1014.300,2.500,210.000,3.900,1.765
2026-02-27 15:00:00,16.100,1014.600,3.000,201.000,5.000,0.804
2026-02-27 16:00:00,15.300,1015.100,3.900,223.000,5.600,0.650
2026-02-27 17:00:00,16.700,1014.600,2.100,207.000,2.900,1.552
2026-02-27 18:00:00,17.900,1013.800,2.500,238.000,5.300,2.972
2026-02-27 19:00:00,18.800,1013.100,2.600,264.000,3.200,4.436
2026-02-27 20:00:00,18.000,1013.400,2.800,302.000,3.600,5.696
2026-02-27 21:00:00,16.600,1013.000,1.000,184.000,1.500,6.444
2026-02-27 22:00:00,16.900,1013.400,0.900,160.000,1.100,6.493
2026-02-27 23:00:00,17.200,1014.000,6.300,0.000,8.600,5.889
2026-02-28 00:00:00,16.000,1014.600,2.600,348.000,3.100,4.790
2026-02-28 01:00:00,15.800,1015.500,3.300,356.000,4.200,3.409
2026-02-28 02:00:00,15.500,1015.900,2.800,12.000,3.300,1.854
2026-02-28 03:00:00,15.100,1016.400,2.400,16.000,2.800,0.781
2026-02-28 04:00:00,14.700,1016.900,1.000,27.000,1.500,-0.285
2026-02-28 05:00:00,14.600,1017.000,2.600,52.000,3.500,0.420
2026-02-28 06:00:00,14.800,1016.800,2.700,54.000,3.300,2.080
2026-02-28 07:00:00,12.700,1016.400,4.800,72.000,6.100,4.239
2026-02-28 08:00:00,12.800,1016.200,3.400,66.000,3.800,6.362
2026-02-28 09:00:00,13.000,1016.100,2.200,55.000,2.800,7.782
2026-02-28 10:00:00,12.800,1016.700,3.000,102.000,3.300,8.261
2026-02-28 11:00:00,12.900,1017.200,3.200,67.000,3.800,8.107
2026-02-28 12:00:00,13.500,1017.300,4.300,32.000,5.400,7.159
2026-02-28 13:00:00,13.500,1017.900,5.400,42.000,6.400,5.607
2026-02-28 14:00:00,13.300,1018.800,3.200,60.000,3.900,3.983
2026-02-28 15:00:00,13.600,1019.200,2.400,47.000,3.000,2.297
2026-02-28 16:00:00,14.700,1019.600,4.500,40.000,5.400,1.093
2026-02-28 17:00:00,15.200,1019.500,3.000,70.000,3.600,0.761
2026-02-28 18:00:00,16.100,1018.800,3.700,66.000,4.700,1.654
2026-02-28 19:00:00,16.700,1017.900,4.100,71.000,5.100,3.330
2026-02-28 20:00:00,14.000,1017.900,4.400,96.000,4.800,5.108
2026-02-28 21:00:00,14.500,1017.700,4.500,101.000,4.800,6.293
2026-02-28 22:00:00,14.600,1017.600,3.000,105.000,3.300,7.060
2026-02-28 23:00:00,14.500,1018.300,1.200,154.000,1.800,7.178
