timestamp,cycle,air_temp,air_pressure,wind_speed,wind_direction,wind_gust,etss_tide,water_level
2022-01-01 01:00:00,00,11.35,1014.86,3.25,262.89,7.47,2.02,3.1
2022-01-01 02:00:00,00,11.3,1014.48,3.72,265.42,8.6,1.54,2.6
2022-01-01 03:00:00,00,11.25,1014.13,3.77,265.34,9.32,0.87,1.8
2022-01-01 04:00:00,00,11.05,1013.92,3.96,257.98,9.86,0.2,1.12
2022-01-01 05:00:00,00,11.05,1012.96,4.76,261.64,10.89,-0.03,0.9
2022-01-01 06:00:00,00,11.17,1012.78,5.08,246.77,11.41,-0.5,0.45
2022-01-01 07:00:00,00,11.27,1012.64,4.87,238.54,11.01,-0.3,0.66
2022-01-01 08:00:00,00,11.25,1012.21,4.27,241.94,9.95,0.27,1.23
2022-01-01 09:00:00,00,11.13,1011.94,3.91,234.35,9.31,1.07,1.95
2022-01-01 10:00:00,00,11.18,1011.85,3.51,225.1,8.22,1.92,2.81
2022-01-01 11:00:00,00,11.27,1011.84,3.49,235.64,7.65,2.62,3.52
2022-01-01 12:00:00,00,11.29,1011.89,3.85,235.24,7.91,3.02,3.93
2022-01-01 13:00:00,00,11.42,1011.84,4.04,237.69,8.42,3.04,3.96
2022-01-01 14:00:00,00,11.52,1012.21,3.81,235.36,7.5,2.67,3.6
2022-01-01 15:00:00,00,11.77,1011.9,2.79,250.34,6.24,2.0,2.94
2022-01-01 16:00:00,00,12.42,1011.24,3.92,244.24,8.22,1.17,2.23
2022-01-01 17:00:00,00,12.66,1009.63,4.95,244.65,10.81,0.38,1.45
2022-01-01 18:00:00,00,12.85,1008.16,6.54,236.96,12.98,-0.18,0.78
2022-01-01 19:00:00,00,13.45,1007.04,7.43,235.29,14.32,-0.39,0.58
2022-01-01 20:00:00,00,13.55,1006.58,8.16,230.95,15.2,-0.19,0.78
2022-01-01 21:00:00,00,13.25,1006.32,8.19,230.9,15.52,0.34,1.21
2022-01-01 22:00:00,00,13.05,1006.21,8.39,230.75,15.92,1.03,1.9
2022-01-01 23:00:00,00,13.05,1006.35,9.13,230.17,17.12,1.7,2.57
2022-01-01 06:00:00,06,11.05,1012.92,4.8,245.98,11.15,-0.5,0.62
2022-01-01 07:00:00,06,11.15,1012.89,4.62,230.63,10.69,-0.3,0.86
2022-01-01 08:00:00,06,11.17,1012.62,3.8,237.43,9.66,0.27,1.3
2022-01-01 09:00:00,06,11.15,1012.51,3.71,233.69,9.18,1.07,2.2
2022-01-01 10:00:00,06,11.06,1012.38,3.08,218.96,7.78,1.92,2.97
2022-01-01 11:00:00,06,11.05,1012.33,2.94,238.05,6.01,2.23,3.25
2022-01-01 12:00:00,06,11.17,1012.02,2.97,250.48,5.31,3.02,4.04
2022-01-01 13:00:00,06,11.25,1012.51,4.29,242.41,8.5,3.04,4.05
2022-01-01 14:00:00,06,11.42,1012.29,3.62,245.37,7.81,2.67,3.68
2022-01-01 15:00:00,06,11.65,1011.81,3.74,254.79,7.71,2.0,3.0
2022-01-01 16:00:00,06,12.55,1011.12,4.29,245.97,8.93,1.17,2.17
2022-01-01 17:00:00,06,12.65,1009.62,4.89,240.1,10.53,0.38,1.38
2022-01-01 18:00:00,06,13.39,1008.38,7.09,232.15,13.12,-0.18,0.81
2022-01-01 19:00:00,06,13.05,1007.26,7.63,235.73,14.52,-0.39,0.6
2022-01-01 20:00:00,06,13.55,1006.84,8.29,230.56,15.36,-0.19,0.8
2022-01-01 21:00:00,06,13.35,1006.75,8.08,228.88,15.41,0.34,1.22
2022-01-01 22:00:00,06,13.05,1006.38,8.62,232.14,16.43,1.03,1.92
2022-01-01 23:00:00,06,13.15,1006.83,9.14,227.93,17.17,1.7,2.48
2022-01-02 00:00:00,06,12.95,1006.93,9.2,228.71,17.52,2.16,2.84
2022-01-02 01:00:00,06,12.95,1006.8,9.41,228.55,17.83,2.29,2.97
2022-01-02 02:00:00,06,12.85,1006.3,9.47,230.12,18.01,2.07,2.64
2022-01-02 03:00:00,06,12.85,1006.25,9.66,230.69,18.48,1.53,2.11
2022-01-02 04:00:00,06,12.89,1005.69,10.21,233.93,18.61,0.82,1.3
2022-01-02 05:00:00,06,12.89,1005.37,9.97,231.16,18.71,0.11,0.49
2022-01-01 12:00:00,12,11.16,1012.0,2.85,247.55,4.79,3.02,3.97
2022-01-01 13:00:00,12,11.38,1012.51,4.24,235.65,8.33,3.04,3.94
2022-01-01 14:00:00,12,11.42,1012.45,3.4,236.71,8.31,2.67,3.67
2022-01-01 15:00:00,12,11.92,1011.93,3.26,251.81,6.98,2.0,3.07
2022-01-01 16:00:00,12,12.68,1011.18,3.71,245.46,8.1,1.17,2.28
2022-01-01 17:00:00,12,12.68,1009.9,4.25,240.12,9.71,0.84,1.94
2022-01-01 18:00:00,12,12.97,1008.61,5.96,233.35,12.23,-0.18,0.92
2022-01-01 19:00:00,12,13.6,1007.49,7.4,230.34,13.72,-0.39,0.71
2022-01-01 20:00:00,12,13.65,1007.1,7.86,229.47,14.45,-0.19,0.81
2022-01-01 21:00:00,12,13.45,1007.02,7.66,228.09,14.61,0.34,1.33
2022-01-01 22:00:00,12,13.15,1007.06,7.36,229.53,14.33,1.03,2.03
2022-01-01 23:00:00,12,13.15,1007.09,8.02,232.49,15.28,1.7,2.59
2022-01-02 00:00:00,12,13.15,1007.44,8.55,228.64,16.65,2.16,3.05
2022-01-02 01:00:00,12,13.05,1007.02,8.82,231.07,17.1,2.29,3.08
2022-01-02 02:00:00,12,13.05,1006.9,9.07,225.6,17.71,2.07,2.85
2022-01-02 03:00:00,12,12.95,1006.58,8.69,233.43,17.02,1.53,2.21
2022-01-02 04:00:00,12,13.05,1006.02,9.23,232.45,17.58,0.82,1.4
2022-01-02 05:00:00,12,13.05,1005.81,9.24,231.54,17.61,0.11,0.69
2022-01-02 06:00:00,12,13.07,1005.53,9.16,230.43,17.72,-0.4,0.07
2022-01-02 07:00:00,12,12.95,1005.12,9.65,234.21,18.37,-0.58,-0.1
2022-01-02 08:00:00,12,12.85,1004.66,9.94,237.19,18.96,-0.34,0.04
2022-01-02 09:00:00,12,12.96,1004.08,10.35,233.15,19.77,0.27,0.55
2022-01-02 10:00:00,12,12.91,1004.19,9.61,224.57,18.13,1.12,1.29
2022-01-02 11:00:00,12,12.9,1004.84,9.11,222.02,17.27,2.0,2.17
2022-01-01 18:00:00,18,13.19,1008.39,6.39,227.62,12.81,-0.18,0.94
2022-01-01 19:00:00,18,13.95,1007.41,7.42,224.57,13.45,-0.39,0.76
2022-01-01 20:00:00,18,13.95,1007.07,7.59,225.89,13.95,-0.19,0.92
2022-01-01 21:00:00,18,13.85,1006.92,7.19,227.04,13.84,0.34,1.41
2022-01-01 22:00:00,18,13.45,1007.03,6.43,231.09,12.69,1.03,2.13
2022-01-01 23:00:00,18,13.45,1007.04,7.14,235.71,13.89,1.32,2.46
2022-01-02 00:00:00,18,13.35,1007.16,7.85,233.77,15.51,2.16,3.29
2022-01-02 01:00:00,18,13.35,1006.72,8.54,233.63,16.51,2.29,3.41
2022-01-02 02:00:00,18,13.45,1006.37,8.97,230.33,17.24,2.07,3.07
2022-01-02 03:00:00,18,13.35,1006.21,9.41,231.74,17.62,1.53,2.42
2022-01-02 04:00:00,18,13.35,1005.88,9.62,229.83,17.9,0.82,1.59
2022-01-02 05:00:00,18,13.27,1005.83,9.39,229.35,17.91,0.11,0.77
2022-01-02 06:00:00,18,13.2,1005.22,9.45,230.64,17.9,-0.4,0.24
2022-01-02 07:00:00,18,13.28,1005.65,9.38,226.62,18.14,-0.58,-0.05
2022-01-02 08:00:00,18,13.16,1005.15,9.59,233.1,18.31,-0.34,0.07
2022-01-02 09:00:00,18,13.15,1004.52,9.41,231.37,18.4,0.27,0.67
2022-01-02 10:00:00,18,13.35,1004.23,9.88,229.71,18.35,1.12,1.4
2022-01-02 11:00:00,18,13.27,1005.14,9.04,218.97,16.93,2.0,2.37
2022-01-02 12:00:00,18,13.2,1005.42,7.91,222.13,14.81,2.71,3.09
2022-01-02 13:00:00,18,13.05,1006.2,6.22,213.92,12.65,3.1,3.58
2022-01-02 14:00:00,18,13.07,1007.03,6.06,206.51,12.5,3.09,3.76
2022-01-02 15:00:00,18,12.77,1007.4,6.22,216.07,11.5,2.67,3.44
2022-01-02 16:00:00,18,12.95,1007.63,6.16,222.9,11.48,1.94,2.71
2022-01-02 17:00:00,18,12.85,1007.92,6.4,196.74,11.31,1.07,1.84
2022-01-02 01:00:00,00,13.55,1006.38,8.59,236.8,16.59,2.29,3.39
2022-01-02 02:00:00,00,13.55,1005.96,8.94,233.73,17.34,2.07,3.1
2022-01-02 03:00:00,00,13.55,1005.45,9.2,237.31,17.52,1.53,2.56
2022-01-02 04:00:00,00,13.45,1005.3,9.64,233.2,17.72,0.82,1.78
2022-01-02 05:00:00,00,13.39,1005.23,9.54,231.72,17.9,0.53,1.47
2022-01-02 06:00:00,00,13.31,1004.8,9.36,231.28,17.9,-0.4,0.42
2022-01-02 07:00:00,00,13.23,1005.11,9.3,230.44,17.98,-0.58,0.22
2022-01-02 08:00:00,00,13.24,1004.92,9.65,233.45,18.44,-0.34,0.34
2022-01-02 09:00:00,00,13.15,1003.82,10.04,238.41,19.25,0.27,0.83
2022-01-02 10:00:00,00,13.35,1003.84,10.92,230.34,20.02,1.12,1.65
2022-01-02 11:00:00,00,13.35,1004.59,9.5,220.99,17.68,2.0,2.41
2022-01-02 12:00:00,00,13.23,1005.19,8.07,217.55,15.14,2.71,3.2
2022-01-02 13:00:00,00,13.17,1006.57,5.91,179.91,11.32,3.1,3.67
2022-01-02 14:00:00,00,13.16,1006.81,3.49,204.92,8.03,3.09,3.83
2022-01-02 15:00:00,00,13.05,1007.8,5.03,216.44,10.43,2.67,3.49
2022-01-02 16:00:00,00,13.05,1008.29,6.25,212.19,10.92,1.94,2.74
2022-01-02 17:00:00,00,12.95,1008.07,5.55,213.49,10.36,1.07,1.85
2022-01-02 18:00:00,00,12.87,1007.53,5.49,235.75,9.77,0.26,1.04
2022-01-02 19:00:00,00,12.96,1007.76,6.17,218.59,10.93,-0.29,0.49
2022-01-02 20:00:00,00,12.65,1007.91,6.3,222.56,11.14,-0.46,0.32
2022-01-02 21:00:00,00,12.57,1008.84,4.82,202.49,10.25,-0.21,0.57
2022-01-02 22:00:00,00,12.25,1010.43,6.78,236.21,12.24,0.37,1.15
2022-01-02 23:00:00,00,12.15,1010.71,5.03,224.27,9.33,1.11,1.89
2022-01-02 06:00:00,06,13.35,1004.83,9.08,231.42,17.56,-0.4,0.5
2022-01-02 07:00:00,06,13.28,1005.06,9.01,231.24,17.62,-0.58,0.2
2022-01-02 08:00:00,06,13.24,1004.84,9.17,234.81,18.11,-0.34,0.39
2022-01-02 09:00:00,06,13.25,1003.96,9.24,237.61,18.63,0.27,1.11
2022-01-02 10:00:00,06,13.35,1003.43,10.42,229.59,19.65,1.12,2.13
2022-01-02 11:00:00,06,13.41,1004.24,9.31,221.46,17.77,1.48,2.48
2022-01-02 12:00:00,06,13.35,1005.06,8.07,214.49,15.21,2.71,3.68
2022-01-02 13:00:00,06,13.35,1006.61,7.02,186.55,12.66,3.1,4.14
2022-01-02 14:00:00,06,12.55,1007.52,3.33,215.23,6.11,3.09,4.29
2022-01-02 15:00:00,06,12.55,1007.47,4.07,242.7,8.18,2.67,3.83
2022-01-02 16:00:00,06,12.75,1007.89,4.31,223.82,7.93,1.94,3.07
2022-01-02 17:00:00,06,12.65,1008.71,4.73,206.49,10.02,1.07,2.17
2022-01-02 18:00:00,06,13.15,1006.84,3.25,219.8,7.65,0.26,1.32
2022-01-02 19:00:00,06,12.76,1008.23,4.18,205.3,8.7,-0.29,0.84
2022-01-02 20:00:00,06,12.78,1008.11,4.11,223.98,7.81,-0.46,0.64
2022-01-02 21:00:00,06,12.65,1009.49,3.93,214.91,8.0,-0.21,0.85
2022-01-02 22:00:00,06,12.45,1010.7,5.18,219.15,10.62,0.37,1.3
2022-01-02 23:00:00,06,12.35,1011.77,6.1,223.81,11.77,1.11,2.0
2022-01-03 00:00:00,06,12.39,1012.33,4.9,208.38,10.55,1.8,2.69
2022-01-03 01:00:00,06,12.15,1013.28,5.06,193.46,10.33,2.25,3.24
2022-01-03 02:00:00,06,11.85,1013.03,3.26,195.28,6.01,2.35,3.24
2022-01-03 03:00:00,06,11.66,1012.78,2.23,182.6,4.16,2.08,2.97
2022-01-03 04:00:00,06,11.65,1013.27,2.59,82.7,5.53,1.51,2.4
2022-01-03 05:00:00,06,10.22,1012.05,10.16,57.95,11.92,0.77,1.86
2022-01-02 12:00:00,12,13.17,1005.48,7.11,209.97,13.53,2.71,3.77
2022-01-02 13:00:00,12,13.15,1007.27,6.14,179.35,11.33,3.1,4.19
2022-01-02 14:00:00,12,12.55,1007.79,4.01,244.92,6.88,3.09,4.11
2022-01-02 15:00:00,12,12.55,1007.86,5.51,253.84,10.92,2.67,3.64
2022-01-02 16:00:00,12,12.75,1008.48,5.04,234.74,9.82,1.94,2.9
2022-01-02 17:00:00,12,12.76,1008.17,4.54,225.13,9.41,1.6,2.54
2022-01-02 18:00:00,12,12.75,1007.48,3.98,223.87,7.94,0.26,1.2
2022-01-02 19:00:00,12,13.26,1007.46,4.28,216.37,8.42,-0.29,0.66
2022-01-02 20:00:00,12,12.95,1008.34,4.03,209.6,9.13,-0.46,0.59
2022-01-02 21:00:00,12,12.85,1009.22,4.46,218.24,9.44,-0.21,0.75
2022-01-02 22:00:00,12,12.67,1010.88,5.79,223.46,10.86,0.37,1.34
2022-01-02 23:00:00,12,12.55,1010.65,4.46,232.74,8.81,1.11,2.08
2022-01-03 00:00:00,12,12.55,1012.67,4.8,226.76,9.3,1.8,2.77
2022-01-03 01:00:00,12,12.35,1013.28,3.71,225.1,8.11,2.25,3.23
2022-01-03 02:00:00,12,12.25,1013.33,2.88,208.44,5.24,2.35,3.34
2022-01-03 03:00:00,12,12.15,1013.11,1.93,217.44,2.83,2.08,2.97
2022-01-03 04:00:00,12,11.48,1013.7,8.59,59.59,9.53,1.51,2.6
2022-01-03 05:00:00,12,10.01,1012.44,8.58,65.47,11.86,0.77,2.17
2022-01-03 06:00:00,12,9.76,1013.23,8.75,64.54,12.15,0.05,1.65
2022-01-03 07:00:00,12,9.33,1011.39,11.94,66.96,15.01,-0.46,1.24
2022-01-03 08:00:00,12,9.27,1011.16,9.87,61.06,13.76,-0.6,1.2
2022-01-03 09:00:00,12,9.05,1009.78,10.41,62.88,14.4,-0.33,1.48
2022-01-03 10:00:00,12,8.84,1009.63,10.15,34.38,15.21,0.32,2.52
2022-01-03 11:00:00,12,8.84,1008.35,10.5,26.45,16.23,1.19,3.59
2022-01-02 18:00:00,18,12.86,1007.55,3.97,225.09,8.11,0.26,1.21
2022-01-02 19:00:00,18,13.45,1007.56,4.59,219.94,8.98,-0.29,0.76
2022-01-02 20:00:00,18,13.15,1007.95,4.12,222.45,8.88,-0.46,0.58
2022-01-02 21:00:00,18,13.05,1008.88,3.7,228.76,9.2,-0.21,0.89
2022-01-02 22:00:00,18,12.85,1010.51,5.25,215.28,11.25,0.37,1.27
2022-01-02 23:00:00,18,12.9,1011.26,4.59,217.39,9.83,0.66,1.56
2022-01-03 00:00:00,18,12.8,1012.27,3.85,203.18,8.22,1.8,2.71
2022-01-03 01:00:00,18,12.76,1012.69,3.06,198.73,6.05,2.25,3.18
2022-01-03 02:00:00,18,12.65,1012.74,3.04,185.95,5.64,2.35,3.3
2022-01-03 03:00:00,18,12.48,1012.8,2.34,130.85,7.29,2.08,3.05
2022-01-03 04:00:00,18,11.06,1014.29,7.01,45.36,9.33,1.51,2.69
2022-01-03 05:00:00,18,10.25,1014.38,8.74,63.39,11.74,0.77,2.16
2022-01-03 06:00:00,18,9.99,1013.64,9.59,73.35,12.86,0.05,1.56
2022-01-03 07:00:00,18,9.48,1012.67,10.46,59.94,14.32,-0.46,1.17
2022-01-03 08:00:00,18,9.56,1012.67,9.75,45.96,13.44,-0.6,1.14
2022-01-03 09:00:00,18,9.25,1012.35,9.4,49.93,13.18,-0.33,1.54
2022-01-03 10:00:00,18,9.05,1010.34,9.46,46.73,13.7,0.32,2.5
2022-01-03 11:00:00,18,8.94,1010.47,9.85,36.51,15.01,1.19,3.58
2022-01-03 12:00:00,18,9.07,1010.03,9.93,45.38,14.25,2.07,4.57
2022-01-03 13:00:00,18,8.86,1009.05,12.65,44.03,16.72,2.76,5.56
2022-01-03 14:00:00,18,8.79,1004.52,16.35,38.72,21.83,3.12,6.01
2022-01-03 15:00:00,18,8.52,1006.27,13.24,65.66,18.21,3.05,6.35
2022-01-03 16:00:00,18,8.43,1007.89,13.45,75.76,16.64,2.59,6.19
2022-01-03 17:00:00,18,7.88,1006.26,14.9,80.11,19.83,1.83,5.63
2022-01-03 01:00:00,00,12.55,1012.2,3.35,207.82,7.6,2.25,3.39
2022-01-03 02:00:00,00,12.55,1011.76,3.97,218.98,8.89,2.35,3.45
2022-01-03 03:00:00,00,12.55,1011.64,4.37,227.23,8.63,2.08,3.23
2022-01-03 04:00:00,00,12.29,1012.6,0.53,211.68,8.04,1.51,2.63
2022-01-03 05:00:00,00,11.55,1013.15,7.99,65.1,10.04,1.22,2.33
2022-01-03 06:00:00,00,10.5,1012.84,8.55,64.22,12.26,0.05,1.37
2022-01-03 07:00:00,00,10.05,1012.8,8.93,66.02,13.13,-0.46,0.98
2022-01-03 08:00:00,00,9.97,1012.19,10.3,62.25,13.65,-0.6,0.95
2022-01-03 09:00:00,00,9.55,1011.79,10.1,68.68,14.24,-0.33,1.54
2022-01-03 10:00:00,00,9.33,1009.1,11.39,37.36,15.18,0.32,2.5
2022-01-03 11:00:00,00,9.18,1008.69,11.02,36.82,15.66,1.19,3.49
2022-01-03 12:00:00,00,9.09,1009.86,10.15,47.53,13.83,2.07,4.58
2022-01-03 13:00:00,00,8.78,1007.42,13.92,51.37,17.82,2.76,5.5
2022-01-03 14:00:00,00,8.55,1003.84,16.48,53.13,21.27,3.12,6.26
2022-01-03 15:00:00,00,8.57,1007.17,13.63,70.57,18.97,3.05,6.72
2022-01-03 16:00:00,00,8.25,1008.44,12.61,86.96,17.25,2.59,6.17
2022-01-03 17:00:00,00,7.88,1005.74,14.92,81.86,21.45,1.83,5.62
2022-01-03 18:00:00,00,7.75,1007.4,13.56,90.75,19.01,0.95,5.04
2022-01-03 19:00:00,00,7.15,1010.59,12.26,112.8,18.77,0.15,4.35
2022-01-03 20:00:00,00,6.46,1014.0,13.06,120.8,19.61,-0.36,3.53
2022-01-03 21:00:00,00,6.35,1016.58,12.05,116.66,18.94,-0.47,3.12
2022-01-03 22:00:00,00,6.17,1017.51,11.53,111.97,17.87,-0.16,3.03
2022-01-03 23:00:00,00,5.85,1019.89,10.2,114.5,16.91,0.46,3.15
2022-01-03 06:00:00,06,10.6,1012.8,7.79,64.07,11.37,0.05,1.44
2022-01-03 07:00:00,06,10.27,1013.44,8.36,66.38,12.55,-0.46,1.23
2022-01-03 08:00:00,06,10.28,1012.21,9.58,55.1,13.36,-0.6,1.21
2022-01-03 09:00:00,06,9.95,1011.06,11.09,56.16,15.3,-0.33,1.48
2022-01-03 10:00:00,06,9.5,1008.65,12.76,33.34,17.52,0.32,2.49
2022-01-03 11:00:00,06,9.48,1007.96,12.56,34.51,17.36,0.65,2.97
2022-01-03 12:00:00,06,9.26,1007.63,12.13,43.59,16.65,2.07,4.68
2022-01-03 13:00:00,06,9.17,1007.36,13.07,61.87,17.12,2.76,5.78
2022-01-03 14:00:00,06,8.25,1005.03,15.83,67.38,22.35,3.12,6.43
2022-01-03 15:00:00,06,7.75,1007.46,15.38,72.55,22.13,3.05,6.76
2022-01-03 16:00:00,06,8.15,1007.46,13.61,74.81,17.68,2.59,6.3
2022-01-03 17:00:00,06,7.96,1006.0,14.63,81.33,20.11,1.83,5.64
2022-01-03 18:00:00,06,7.56,1007.2,14.26,94.51,20.1,0.95,5.05
2022-01-03 19:00:00,06,7.25,1010.05,12.76,104.58,19.33,0.15,4.06
2022-01-03 20:00:00,06,6.65,1014.02,12.93,118.71,19.23,-0.36,3.34
2022-01-03 21:00:00,06,6.38,1016.58,12.16,111.06,18.86,-0.47,3.13
2022-01-03 22:00:00,06,6.29,1017.95,11.33,112.1,17.27,-0.16,3.43
2022-01-03 23:00:00,06,5.97,1020.4,10.16,116.48,16.16,0.46,3.65
2022-01-04 00:00:00,06,5.71,1021.69,9.59,114.03,16.78,1.22,3.91
2022-01-04 01:00:00,06,5.52,1022.97,9.15,110.5,16.95,1.89,4.29
2022-01-04 02:00:00,06,5.55,1023.94,8.77,107.79,16.39,2.31,4.81
2022-01-04 03:00:00,06,5.55,1025.1,8.36,104.98,15.82,2.38,5.27
2022-01-04 04:00:00,06,5.47,1025.99,8.34,103.15,14.82,2.07,5.17
2022-01-04 05:00:00,06,5.45,1026.89,7.32,108.27,13.22,1.47,4.46
2022-01-03 12:00:00,12,9.26,1008.89,11.6,42.64,15.94,2.07,4.73
2022-01-03 13:00:00,12,9.07,1008.28,12.29,52.12,17.08,2.76,5.45
2022-01-03 14:00:00,12,8.45,1005.94,16.13,71.9,21.95,3.12,5.95
2022-01-03 15:00:00,12,7.35,1008.81,15.2,63.33,23.09,3.05,6.05
2022-01-03 16:00:00,12,8.06,1009.57,13.12,72.45,17.13,2.59,6.05
2022-01-03 17:00:00,12,7.76,1008.0,14.12,79.11,20.01,2.31,5.9
2022-01-03 18:00:00,12,7.55,1008.65,13.76,89.16,19.11,0.95,5.03
2022-01-03 19:00:00,12,7.15,1010.98,12.55,100.19,18.94,0.15,4.14
2022-01-03 20:00:00,12,6.65,1014.3,12.65,115.68,18.96,-0.36,3.33
2022-01-03 21:00:00,12,6.42,1017.23,11.92,111.28,18.62,-0.47,3.02
2022-01-03 22:00:00,12,6.25,1018.52,10.95,108.9,16.83,-0.16,3.42
2022-01-03 23:00:00,12,6.05,1020.91,10.0,112.73,15.51,0.46,3.85
2022-01-04 00:00:00,12,5.76,1022.19,9.04,110.43,16.11,1.22,4.2
2022-01-04 01:00:00,12,5.65,1023.2,8.68,108.22,16.82,1.89,4.38
2022-01-04 02:00:00,12,5.66,1024.13,8.79,105.49,16.61,2.31,4.7
2022-01-04 03:00:00,12,5.65,1024.99,8.38,103.5,15.89,2.38,5.17
2022-01-04 04:00:00,12,5.61,1025.98,7.97,105.12,14.88,2.07,5.06
2022-01-04 05:00:00,12,5.45,1026.91,7.13,108.9,13.62,1.47,4.36
2022-01-04 06:00:00,12,5.5,1027.62,6.52,100.8,12.31,0.72,3.41
2022-01-04 07:00:00,12,5.4,1028.58,6.24,99.81,11.2,0.01,2.41
2022-01-04 08:00:00,12,5.39,1029.5,6.08,105.18,10.25,-0.46,1.83
2022-01-04 09:00:00,12,5.4,1030.01,5.76,106.87,9.73,-0.56,1.83
2022-01-04 10:00:00,12,5.4,1029.77,5.82,93.35,10.04,-0.25,2.14
2022-01-04 11:00:00,12,5.51,1029.78,5.57,84.04,9.77,0.41,2.7
2022-01-03 18:00:00,18,7.47,1008.76,13.89,85.51,19.51,0.95,5.28
2022-01-03 19:00:00,18,6.96,1011.2,12.1,103.42,19.02,0.15,4.59
2022-01-03 20:00:00,18,6.65,1014.56,12.35,115.71,18.8,-0.36,3.87
2022-01-03 21:00:00,18,6.45,1017.2,11.79,109.43,18.41,-0.47,3.11
2022-01-03 22:00:00,18,6.4,1018.57,11.17,108.9,16.93,-0.16,2.8
2022-01-03 23:00:00,18,6.27,1021.2,10.21,114.31,15.56,0.06,2.66
2022-01-04 00:00:00,18,6.0,1022.56,9.39,110.57,16.32,1.22,3.57
2022-01-04 01:00:00,18,5.81,1023.48,8.97,107.78,16.81,1.89,3.99
2022-01-04 02:00:00,18,5.7,1024.25,9.38,105.31,16.58,2.31,4.46
2022-01-04 03:00:00,18,5.55,1025.09,8.9,102.36,15.67,2.38,4.88
2022-01-04 04:00:00,18,5.55,1026.24,7.85,108.8,14.13,2.07,4.72
2022-01-04 05:00:00,18,5.48,1027.13,6.85,109.75,12.8,1.47,3.97
2022-01-04 06:00:00,18,5.45,1027.99,6.27,104.83,11.52,0.72,3.07
2022-01-04 07:00:00,18,5.4,1028.89,6.33,101.57,11.2,0.01,2.21
2022-01-04 08:00:00,18,5.5,1029.75,6.15,102.24,10.61,-0.46,1.78
2022-01-04 09:00:00,18,5.4,1030.07,6.07,98.39,10.45,-0.56,1.73
2022-01-04 10:00:00,18,5.41,1029.88,6.07,91.33,10.49,-0.25,2.09
2022-01-04 11:00:00,18,5.51,1029.95,5.8,84.05,9.86,0.41,2.6
2022-01-04 12:00:00,18,5.71,1030.76,4.96,85.63,8.01,1.26,3.35
2022-01-04 13:00:00,18,5.91,1030.94,4.86,79.4,7.46,2.11,4.2
2022-01-04 14:00:00,18,6.51,1031.09,4.77,63.79,7.03,2.75,4.95
2022-01-04 15:00:00,18,7.01,1031.61,4.46,53.18,5.84,3.05,5.24
2022-01-04 16:00:00,18,7.52,1032.08,3.32,51.17,3.97,2.94,5.03
2022-01-04 17:00:00,18,7.81,1031.61,2.07,61.59,2.21,2.44,4.43
2022-01-04 01:00:00,00,5.65,1023.2,8.61,109.43,16.69,1.89,3.43
2022-01-04 02:00:00,00,5.58,1023.9,9.03,105.75,16.42,2.31,4.02
2022-01-04 03:00:00,00,5.55,1024.64,8.83,101.0,15.62,2.38,4.17
2022-01-04 04:00:00,00,5.56,1025.89,7.9,109.2,14.01,2.07,4.14
2022-01-04 05:00:00,00,5.31,1027.05,6.73,111.62,12.59,1.86,4.09
2022-01-04 06:00:00,00,5.35,1027.9,6.07,107.7,11.33,0.72,2.99
2022-01-04 07:00:00,00,5.38,1028.85,6.15,102.36,10.75,0.01,2.21
2022-01-04 08:00:00,00,5.31,1029.63,5.96,100.61,10.28,-0.46,1.57
2022-01-04 09:00:00,00,5.32,1029.76,5.97,96.54,10.13,-0.56,1.41
2022-01-04 10:00:00,00,5.31,1029.74,5.94,91.03,10.03,-0.25,1.75
2022-01-04 11:00:00,00,5.41,1029.97,5.72,83.66,9.51,0.41,2.34
2022-01-04 12:00:00,00,5.51,1030.83,4.63,85.52,7.44,1.26,3.23
2022-01-04 13:00:00,00,5.81,1030.97,4.74,75.33,7.32,2.11,4.12
2022-01-04 14:00:00,00,6.42,1031.03,4.81,58.85,7.13,2.75,4.79
2022-01-04 15:00:00,00,7.01,1031.58,4.46,50.2,5.84,3.05,5.12
2022-01-04 16:00:00,00,7.41,1031.85,3.68,48.95,4.4,2.94,4.94
2022-01-04 17:00:00,00,7.81,1031.33,2.53,55.11,2.78,2.44,4.38
2022-01-04 18:00:00,00,8.31,1030.49,1.82,69.48,1.48,1.67,3.61
2022-01-04 19:00:00,00,8.21,1029.98,1.67,74.44,1.05,0.81,2.65
2022-01-04 20:00:00,00,8.05,1029.92,1.33,69.23,0.72,0.06,1.9
2022-01-04 21:00:00,00,7.52,1029.7,1.17,37.31,0.73,-0.39,1.35
2022-01-04 22:00:00,00,7.01,1029.5,1.52,9.85,1.32,-0.43,1.31
2022-01-04 23:00:00,00,6.9,1029.18,2.33,352.77,2.53,-0.07,1.68
2022-01-04 06:00:00,06,5.2,1027.94,6.19,109.08,11.39,0.72,2.96
2022-01-04 07:00:00,06,5.21,1028.95,6.23,104.87,10.81,0.01,2.23
2022-01-04 08:00:00,06,5.21,1029.75,6.07,102.94,10.31,-0.46,1.5
2022-01-04 09:00:00,06,5.11,1029.85,6.17,97.45,10.22,-0.56,1.22
2022-01-04 10:00:00,06,5.21,1029.88,6.03,91.25,9.94,-0.25,1.25
2022-01-04 11:00:00,06,5.21,1030.17,5.71,84.6,9.31,-0.02,1.41
2022-01-04 12:00:00,06,5.32,1030.84,4.76,82.94,7.52,1.26,2.73
2022-01-04 13:00:00,06,5.62,1031.05,4.75,69.7,7.14,2.11,3.61
2022-01-04 14:00:00,06,6.22,1031.04,5.02,49.76,7.2,2.75,4.29
2022-01-04 15:00:00,06,6.72,1031.52,4.83,41.91,6.11,3.05,4.52
2022-01-04 16:00:00,06,7.12,1031.81,3.98,40.17,4.84,2.94,4.43
2022-01-04 17:00:00,06,7.52,1031.22,2.88,41.93,3.25,2.44,3.87
2022-01-04 18:00:00,06,7.92,1030.38,2.1,47.07,1.93,1.67,3.13
2022-01-04 19:00:00,06,8.02,1029.94,1.65,51.09,1.02,0.81,2.21
2022-01-04 20:00:00,06,7.84,1029.95,1.45,47.89,0.76,0.06,1.39
2022-01-04 21:00:00,06,7.36,1029.95,1.09,22.31,0.97,-0.39,0.98
2022-01-04 22:00:00,06,6.8,1029.52,1.51,7.15,1.52,-0.43,0.97
2022-01-04 23:00:00,06,6.7,1029.34,2.29,2.74,2.54,-0.07,1.36
2022-01-05 00:00:00,06,6.61,1029.1,3.14,338.02,4.31,0.58,1.91
2022-01-05 01:00:00,06,6.51,1028.93,3.59,304.82,5.42,1.33,2.56
2022-01-05 02:00:00,06,6.41,1028.55,3.72,288.85,6.27,1.97,3.2
2022-01-05 03:00:00,06,6.4,1027.9,2.95,291.28,5.13,2.35,3.58
2022-01-05 04:00:00,06,6.37,1027.08,2.64,301.49,4.09,2.36,3.49
2022-01-05 05:00:00,06,6.49,1025.88,2.28,298.7,3.49,2.03,3.16
2022-01-04 12:00:00,12,5.12,1030.89,5.05,83.97,7.91,1.26,2.55
2022-01-04 13:00:00,12,5.42,1031.08,5.08,73.5,7.69,2.11,3.45
2022-01-04 14:00:00,12,6.01,1031.06,5.26,55.66,7.62,2.75,4.14
2022-01-04 15:00:00,12,6.52,1031.56,5.18,47.67,6.46,3.05,4.52
2022-01-04 16:00:00,12,6.91,1031.83,4.48,45.56,5.23,2.94,4.43
2022-01-04 17:00:00,12,7.32,1031.27,3.46,47.45,3.73,2.78,4.3
2022-01-04 18:00:00,12,7.62,1030.39,2.6,52.52,2.36,1.67,3.08
2022-01-04 19:00:00,12,7.62,1029.83,2.06,52.77,1.42,0.81,2.2
2022-01-04 20:00:00,12,7.52,1029.77,1.73,50.66,1.0,0.06,1.33
2022-01-04 21:00:00,12,7.09,1029.72,1.32,35.26,0.92,-0.39,0.77
2022-01-04 22:00:00,12,6.5,1029.37,1.6,14.38,1.41,-0.43,0.71
2022-01-04 23:00:00,12,6.5,1029.17,2.37,5.74,2.52,-0.07,1.06
2022-01-05 00:00:00,12,6.4,1029.02,3.08,341.88,4.2,0.58,1.59
2022-01-05 01:00:00,12,6.31,1029.18,3.52,306.66,5.37,1.33,2.32
2022-01-05 02:00:00,12,6.3,1028.37,3.66,303.75,6.01,1.97,2.85
2022-01-05 03:00:00,12,6.17,1027.61,2.78,310.27,4.44,2.35,3.21
2022-01-05 04:00:00,12,6.34,1026.91,2.56,310.73,3.83,2.36,3.11
2022-01-05 05:00:00,12,6.54,1025.38,2.47,310.84,3.8,2.03,2.76
2022-01-05 06:00:00,12,6.69,1023.96,2.18,303.13,3.91,1.42,2.15
2022-01-05 07:00:00,12,7.0,1023.45,2.36,281.42,5.05,0.69,1.42
2022-01-05 08:00:00,12,7.1,1022.65,2.4,285.7,5.97,0.03,0.75
2022-01-05 09:00:00,12,7.29,1021.16,2.59,315.03,6.32,-0.4,0.33
2022-01-05 10:00:00,12,7.4,1020.12,2.18,268.07,4.82,-0.46,0.27
2022-01-05 11:00:00,12,7.5,1019.26,0.62,229.31,1.24,-0.13,0.6
2022-01-04 18:00:00,18,7.51,1030.74,2.52,55.21,2.16,1.67,3.31
2022-01-04 19:00:00,18,7.52,1030.25,2.03,57.02,1.26,0.81,2.38
2022-01-04 20:00:00,18,7.42,1030.25,1.79,54.97,0.94,0.06,1.49
2022-01-04 21:00:00,18,7.0,1030.24,1.58,37.41,0.9,-0.39,0.95
2022-01-04 22:00:00,18,6.4,1029.79,1.87,14.31,1.7,-0.43,0.73
2022-01-04 23:00:00,18,6.3,1029.54,2.55,2.81,2.81,-0.33,0.74
2022-01-05 00:00:00,18,6.31,1029.3,3.19,338.12,4.72,0.58,1.55
2022-01-05 01:00:00,18,6.2,1029.27,3.76,305.41,6.08,1.33,2.29
2022-01-05 02:00:00,18,6.2,1028.37,3.79,301.4,6.4,1.97,2.83
2022-01-05 03:00:00,18,6.18,1027.49,2.67,302.45,4.51,2.35,3.2
2022-01-05 04:00:00,18,6.15,1026.98,2.38,294.57,3.72,2.36,3.12
2022-01-05 05:00:00,18,6.25,1025.52,2.53,297.91,3.74,2.03,2.78
2022-01-05 06:00:00,18,6.29,1024.02,2.47,302.28,3.92,1.42,2.17
2022-01-05 07:00:00,18,6.4,1023.49,2.91,290.57,5.17,0.69,1.44
2022-01-05 08:00:00,18,7.0,1022.66,3.17,283.78,7.4,0.03,0.77
2022-01-05 09:00:00,18,7.2,1021.41,2.31,283.55,6.3,-0.4,0.25
2022-01-05 10:00:00,18,7.2,1020.47,1.98,201.53,2.84,-0.46,0.28
2022-01-05 11:00:00,18,7.31,1019.6,1.56,202.56,2.05,-0.13,0.61
2022-01-05 12:00:00,18,7.41,1019.06,1.06,223.12,1.65,0.52,1.26
2022-01-05 13:00:00,18,7.6,1018.42,2.02,195.77,2.21,1.33,2.08
2022-01-05 14:00:00,18,7.9,1017.65,1.63,212.67,2.44,2.12,2.86
2022-01-05 15:00:00,18,8.4,1017.12,2.55,232.17,4.82,2.68,3.32
2022-01-05 16:00:00,18,9.2,1016.54,4.16,213.8,7.7,2.91,3.55
2022-01-05 17:00:00,18,9.41,1015.03,4.36,207.81,8.65,2.75,3.29
2022-01-05 01:00:00,00,6.3,1029.03,3.57,318.18,5.29,1.33,2.26
2022-01-05 02:00:00,00,6.3,1027.87,3.43,319.9,5.35,1.97,2.9
2022-01-05 03:00:00,00,6.25,1026.9,2.81,320.27,4.45,2.35,3.34
2022-01-05 04:00:00,00,6.32,1026.65,3.32,297.4,5.65,2.36,3.36
2022-01-05 05:00:00,00,6.41,1025.23,3.48,295.42,7.01,2.27,3.3
2022-01-05 06:00:00,00,6.39,1023.68,2.96,296.57,6.7,1.42,2.36
2022-01-05 07:00:00,00,6.49,1023.08,2.95,284.62,7.25,0.69,1.64
2022-01-05 08:00:00,00,7.19,1022.0,2.9,297.12,8.85,0.03,0.98
2022-01-05 09:00:00,00,7.3,1020.98,2.82,267.55,8.44,-0.4,0.57
2022-01-05 10:00:00,00,7.4,1020.2,2.84,202.53,4.16,-0.46,0.51
2022-01-05 11:00:00,00,7.41,1019.32,1.86,225.09,3.02,-0.13,0.85
2022-01-05 12:00:00,00,7.51,1019.03,2.69,183.65,3.55,0.52,1.51
2022-01-05 13:00:00,00,7.61,1018.33,1.6,167.37,2.21,1.33,2.33
2022-01-05 14:00:00,00,7.91,1017.67,2.22,221.59,2.93,2.12,3.12
2022-01-05 15:00:00,00,8.4,1017.09,2.51,221.91,4.82,2.68,3.7
2022-01-05 16:00:00,00,9.4,1016.34,3.54,214.46,6.13,2.91,3.83
2022-01-05 17:00:00,00,9.6,1014.9,4.43,195.24,7.42,2.75,3.58
2022-01-05 18:00:00,00,9.29,1013.17,3.02,215.78,5.99,2.23,3.06
2022-01-05 19:00:00,00,9.69,1012.1,3.83,218.3,6.72,1.48,2.31
2022-01-05 20:00:00,00,9.88,1012.18,3.68,224.46,7.91,0.67,1.4
2022-01-05 21:00:00,00,9.61,1012.11,3.42,222.74,8.15,-0.0,0.73
2022-01-05 22:00:00,00,9.05,1012.05,3.07,213.94,6.84,-0.36,0.37
2022-01-05 23:00:00,00,8.84,1012.18,2.93,229.13,6.56,-0.33,0.4
2022-01-05 06:00:00,06,6.29,1023.94,2.67,286.49,6.12,1.42,2.67
2022-01-05 07:00:00,06,6.39,1023.45,2.5,265.56,6.09,0.69,1.93
2022-01-05 08:00:00,06,6.99,1022.55,2.21,269.06,7.45,0.03,1.27
2022-01-05 09:00:00,06,7.1,1021.83,2.47,223.35,5.14,-0.4,0.9
2022-01-05 10:00:00,06,7.2,1020.62,2.49,213.58,4.64,-0.46,0.82
2022-01-05 11:00:00,06,7.01,1019.97,2.62,217.53,5.14,-0.37,0.86
2022-01-05 12:00:00,06,7.21,1019.33,2.42,226.03,5.11,0.52,1.75
2022-01-05 13:00:00,06,7.41,1018.73,2.75,197.77,4.7,1.33,2.57
2022-01-05 14:00:00,06,7.5,1018.46,2.53,208.48,5.5,2.12,3.35
2022-01-05 15:00:00,06,8.0,1017.56,2.52,214.65,5.19,2.68,3.81
2022-01-05 16:00:00,06,9.19,1016.95,3.66,211.09,6.0,2.91,4.04
2022-01-05 17:00:00,06,9.69,1015.42,4.28,210.14,7.26,2.75,3.78
2022-01-05 18:00:00,06,9.0,1014.05,3.75,208.02,8.15,2.23,3.26
2022-01-05 19:00:00,06,8.88,1012.96,3.41,235.87,9.0,1.48,2.51
2022-01-05 20:00:00,06,9.07,1012.43,3.88,232.3,8.02,0.67,1.7
2022-01-05 21:00:00,06,8.98,1012.5,3.62,229.18,8.33,-0.0,0.93
2022-01-05 22:00:00,06,8.61,1012.48,3.53,226.02,7.94,-0.36,0.56
2022-01-05 23:00:00,06,8.36,1012.5,3.69,233.05,8.41,-0.33,0.59
2022-01-06 00:00:00,06,8.28,1012.93,3.61,215.39,8.81,0.07,1.0
2022-01-06 01:00:00,06,8.11,1012.92,3.57,222.97,8.5,0.72,1.55
2022-01-06 02:00:00,06,7.99,1012.61,3.61,224.81,8.91,1.44,2.27
2022-01-06 03:00:00,06,8.06,1012.77,3.94,213.24,10.27,2.02,2.85
2022-01-06 04:00:00,06,7.92,1012.82,4.32,203.33,11.4,2.34,3.17
2022-01-06 05:00:00,06,7.96,1012.61,4.77,195.39,12.2,2.32,3.05
2022-01-05 12:00:00,12,7.01,1019.45,2.24,228.59,4.33,0.52,1.71
2022-01-05 13:00:00,12,7.21,1019.06,2.83,199.58,4.73,1.33,2.47
2022-01-05 14:00:00,12,7.3,1018.7,2.05,220.15,4.44,2.12,3.35
2022-01-05 15:00:00,12,7.79,1018.0,2.17,246.21,4.43,2.68,3.91
2022-01-05 16:00:00,12,8.6,1017.43,3.66,219.4,6.25,2.91,4.0
2022-01-05 17:00:00,12,8.99,1015.76,3.81,210.9,7.58,2.89,3.97
2022-01-05 18:00:00,12,8.89,1014.15,3.91,221.21,8.3,2.23,3.21
2022-01-05 19:00:00,12,8.99,1012.87,3.76,239.23,9.11,1.48,2.46
2022-01-05 20:00:00,12,9.13,1012.27,3.61,231.43,8.08,0.67,1.56
2022-01-05 21:00:00,12,9.08,1012.03,3.2,221.05,7.43,-0.0,0.99
2022-01-05 22:00:00,12,8.79,1011.88,3.05,218.29,6.95,-0.36,0.63
2022-01-05 23:00:00,12,8.66,1012.13,3.32,216.2,7.48,-0.33,0.67
2022-01-06 00:00:00,12,8.46,1012.6,3.46,209.39,8.39,0.07,1.08
2022-01-06 01:00:00,12,8.29,1012.6,3.36,213.73,8.79,0.72,1.63
2022-01-06 02:00:00,12,8.06,1012.09,3.66,219.2,9.5,1.44,2.35
2022-01-06 03:00:00,12,8.06,1011.97,4.4,214.11,11.36,2.02,2.94
2022-01-06 04:00:00,12,8.16,1011.94,4.91,201.4,12.5,2.34,3.17
2022-01-06 05:00:00,12,8.01,1011.87,5.47,192.55,13.36,2.32,3.15
2022-01-06 06:00:00,12,7.96,1011.94,5.53,181.28,13.93,1.97,2.7
2022-01-06 07:00:00,12,7.72,1012.37,5.32,170.13,13.5,1.38,2.11
2022-01-06 08:00:00,12,7.5,1012.68,4.58,166.85,11.81,0.69,1.42
2022-01-06 09:00:00,12,7.31,1013.46,4.43,169.76,11.45,0.09,0.81
2022-01-06 10:00:00,12,7.23,1013.89,4.02,174.2,10.65,-0.28,0.45
2022-01-06 11:00:00,12,7.22,1014.65,3.96,171.49,9.7,-0.31,0.32
2022-01-05 18:00:00,18,8.59,1014.06,3.54,222.29,7.72,2.23,3.42
2022-01-05 19:00:00,18,8.71,1012.72,3.21,243.73,8.42,1.48,2.63
2022-01-05 20:00:00,18,8.76,1012.01,3.47,239.34,7.91,0.67,1.78
2022-01-05 21:00:00,18,8.78,1011.77,3.53,224.7,7.82,-0.0,1.04
2022-01-05 22:00:00,18,8.57,1011.54,3.15,224.44,7.63,-0.36,0.73
2022-01-05 23:00:00,18,8.28,1011.78,3.3,213.68,7.86,-0.4,0.7
2022-01-06 00:00:00,18,8.06,1012.2,3.6,210.38,8.96,0.07,1.16
2022-01-06 01:00:00,18,7.89,1012.15,3.55,211.09,9.58,0.72,1.81
2022-01-06 02:00:00,18,7.87,1011.75,3.78,216.36,10.26,1.44,2.42
2022-01-06 03:00:00,18,7.91,1011.57,4.47,213.31,11.6,2.02,3.0
2022-01-06 04:00:00,18,8.01,1011.8,4.86,199.4,12.74,2.34,3.21
2022-01-06 05:00:00,18,7.94,1011.69,5.22,195.74,13.34,2.32,3.19
2022-01-06 06:00:00,18,7.96,1011.82,5.43,182.46,13.83,1.97,2.83
2022-01-06 07:00:00,18,7.66,1012.18,5.17,173.57,12.72,1.38,2.23
2022-01-06 08:00:00,18,7.5,1012.64,4.56,173.59,11.83,0.69,1.54
2022-01-06 09:00:00,18,7.32,1013.37,4.55,174.96,11.71,0.09,0.83
2022-01-06 10:00:00,18,7.28,1013.83,4.22,177.4,10.61,-0.28,0.35
2022-01-06 11:00:00,18,7.12,1014.76,4.11,168.15,9.6,-0.31,0.32
2022-01-06 12:00:00,18,7.05,1015.65,3.62,164.48,7.0,0.03,0.76
2022-01-06 13:00:00,18,7.09,1016.32,3.17,162.48,6.02,0.64,1.47
2022-01-06 14:00:00,18,7.47,1016.93,2.94,161.6,4.85,1.39,2.22
2022-01-06 15:00:00,18,7.98,1017.36,2.12,162.67,3.31,2.08,2.91
2022-01-06 16:00:00,18,8.54,1016.93,1.31,139.05,2.24,2.55,3.29
2022-01-06 17:00:00,18,9.29,1015.64,0.67,52.53,1.33,2.71,3.44
2022-01-06 01:00:00,00,7.82,1011.57,3.6,216.61,9.53,0.71,1.61
2022-01-06 02:00:00,00,7.79,1011.03,3.87,218.06,10.46,1.43,2.34
2022-01-06 03:00:00,00,7.78,1010.87,4.4,213.93,11.8,2.02,2.92
2022-01-06 04:00:00,00,7.91,1011.14,4.84,202.16,13.11,2.35,3.25
2022-01-06 05:00:00,00,7.89,1011.27,5.33,192.61,14.23,2.38,3.29
2022-01-06 06:00:00,00,7.86,1011.41,5.38,181.6,14.35,1.99,2.89
2022-01-06 07:00:00,00,7.71,1011.85,5.05,176.76,13.12,1.4,2.29
2022-01-06 08:00:00,00,7.46,1012.35,4.64,178.99,12.24,0.71,1.6
2022-01-06 09:00:00,00,7.32,1013.29,4.92,176.55,11.88,0.1,0.89
2022-01-06 10:00:00,00,7.2,1013.93,4.16,177.72,10.2,-0.27,0.51
2022-01-06 11:00:00,00,7.16,1014.91,3.8,170.44,8.94,-0.3,0.47
2022-01-06 12:00:00,00,7.05,1015.95,3.54,162.84,7.35,0.02,0.79
2022-01-06 13:00:00,00,7.15,1016.49,2.85,156.31,5.78,0.63,1.49
2022-01-06 14:00:00,00,7.65,1017.08,2.58,159.76,4.76,1.37,2.22
2022-01-06 15:00:00,00,8.15,1017.55,2.23,165.6,3.4,2.06,2.9
2022-01-06 16:00:00,00,8.67,1017.29,1.97,144.71,2.84,2.54,3.38
2022-01-06 17:00:00,00,9.45,1015.89,0.43,107.61,1.24,2.7,3.53
2022-01-06 18:00:00,00,10.05,1015.14,1.08,66.45,1.42,2.5,3.33
2022-01-06 19:00:00,00,9.95,1014.46,2.5,34.38,2.23,1.99,2.92
2022-01-06 20:00:00,00,9.65,1013.86,3.86,11.71,3.75,1.28,2.21
2022-01-06 21:00:00,00,8.95,1013.76,3.92,5.49,4.57,0.55,1.48
2022-01-06 22:00:00,00,8.38,1013.28,4.06,352.95,5.84,-0.03,0.9
2022-01-06 23:00:00,00,7.95,1013.16,4.18,328.21,7.01,-0.31,0.62
2022-01-06 06:00:00,06,7.86,1010.99,5.56,188.65,14.47,1.99,2.84
2022-01-06 07:00:00,06,7.81,1011.42,5.26,182.95,14.0,1.4,2.25
2022-01-06 08:00:00,06,7.47,1011.91,5.14,182.73,13.65,0.71,1.48
2022-01-06 09:00:00,06,7.36,1012.89,5.44,180.26,12.99,0.1,0.81
2022-01-06 10:00:00,06,7.24,1013.62,4.55,178.74,11.18,-0.27,0.44
2022-01-06 11:00:00,06,7.15,1014.65,4.08,173.28,9.93,-0.33,0.39
2022-01-06 12:00:00,06,7.15,1015.69,3.65,169.23,8.22,0.02,0.74
2022-01-06 13:00:00,06,7.15,1016.32,2.91,165.79,6.41,0.63,1.35
2022-01-06 14:00:00,06,7.75,1016.92,2.82,152.5,4.76,1.37,2.19
2022-01-06 15:00:00,06,8.25,1017.5,2.41,133.67,3.7,2.06,2.88
2022-01-06 16:00:00,06,8.95,1016.97,2.13,95.37,3.13,2.54,3.36
2022-01-06 17:00:00,06,9.65,1016.05,1.68,49.66,1.82,2.7,3.62
2022-01-06 18:00:00,06,10.05,1015.18,2.28,46.64,1.7,2.5,3.43
2022-01-06 19:00:00,06,9.95,1014.65,3.27,37.26,2.43,1.99,3.02
2022-01-06 20:00:00,06,9.55,1014.34,3.61,13.19,3.53,1.28,2.31
2022-01-06 21:00:00,06,8.95,1013.85,4.0,8.76,4.56,0.55,1.58
2022-01-06 22:00:00,06,8.42,1013.71,4.02,358.21,5.45,-0.03,1.1
2022-01-06 23:00:00,06,8.05,1013.85,3.82,348.66,6.08,-0.31,0.82
2022-01-07 00:00:00,06,7.95,1013.3,3.84,331.29,6.98,-0.21,0.92
2022-01-07 01:00:00,06,7.85,1011.91,4.3,328.4,9.11,0.22,1.35
2022-01-07 02:00:00,06,8.15,1009.08,5.57,335.97,11.53,0.86,1.99
2022-01-07 03:00:00,06,8.45,1007.12,5.61,333.82,12.25,1.53,2.66
2022-01-07 04:00:00,06,8.55,1006.29,3.84,317.51,10.43,2.06,3.29
2022-01-07 05:00:00,06,8.66,1005.34,3.65,266.56,9.73,2.33,3.56
2022-01-06 12:00:00,12,7.05,1015.18,3.78,177.24,8.23,0.02,0.68
2022-01-06 13:00:00,12,7.15,1015.76,3.28,174.84,6.77,0.63,1.24
2022-01-06 14:00:00,12,7.65,1016.32,3.01,170.83,5.65,1.37,1.98
2022-01-06 15:00:00,12,8.35,1016.86,2.67,166.04,4.13,2.06,2.77
2022-01-06 16:00:00,12,8.95,1016.59,2.03,153.9,2.92,2.54,3.22
2022-01-06 17:00:00,12,9.95,1015.64,0.86,146.88,1.38,2.65,3.3
2022-01-06 18:00:00,12,10.45,1014.69,0.95,78.68,1.19,2.5,3.27
2022-01-06 19:00:00,12,10.25,1013.93,2.12,42.62,1.95,1.99,2.77
2022-01-06 20:00:00,12,10.05,1013.47,3.34,29.74,3.13,1.28,2.18
2022-01-06 21:00:00,12,9.25,1013.23,3.82,40.83,4.05,0.55,1.46
2022-01-06 22:00:00,12,8.42,1013.31,3.04,30.02,4.74,-0.03,0.99
2022-01-06 23:00:00,12,8.25,1013.37,3.11,11.49,5.02,-0.31,0.73
2022-01-07 00:00:00,12,8.05,1012.93,3.34,342.65,5.87,-0.21,0.84
2022-01-07 01:00:00,12,8.05,1011.66,3.91,342.43,6.71,0.22,1.28
2022-01-07 02:00:00,12,7.95,1009.71,3.95,343.82,7.62,0.86,1.94
2022-01-07 03:00:00,12,8.25,1008.17,4.25,335.81,8.72,1.53,2.62
2022-01-07 04:00:00,12,8.35,1006.52,4.25,313.19,9.82,2.06,3.17
2022-01-07 05:00:00,12,8.45,1005.46,3.51,292.18,9.98,2.33,3.55
2022-01-07 06:00:00,12,8.55,1004.05,4.37,251.94,12.3,2.28,3.5
2022-01-07 07:00:00,12,8.35,1003.78,6.14,232.94,14.68,1.93,3.25
2022-01-07 08:00:00,12,8.48,1004.31,8.61,195.3,15.32,1.38,2.6
2022-01-07 09:00:00,12,6.8,1008.01,10.82,130.08,14.76,0.74,1.86
2022-01-07 10:00:00,12,6.45,1010.4,9.07,123.45,13.89,0.2,1.22
2022-01-07 11:00:00,12,5.91,1012.51,8.96,131.8,13.74,-0.13,0.89
2022-01-06 18:00:00,18,10.75,1014.16,0.18,27.88,0.75,2.5,3.11
2022-01-06 19:00:00,18,10.75,1013.26,1.4,32.72,1.41,1.99,2.71
2022-01-06 20:00:00,18,10.65,1012.69,2.44,9.69,2.71,1.28,2.06
2022-01-06 21:00:00,18,9.95,1012.45,3.23,22.31,3.54,0.55,1.34
2022-01-06 22:00:00,18,8.86,1012.58,3.16,2.95,4.93,-0.03,0.79
2022-01-06 23:00:00,18,8.55,1012.95,2.33,347.29,3.9,-0.18,0.64
2022-01-07 00:00:00,18,8.45,1012.66,3.4,310.39,5.93,-0.21,0.72
2022-01-07 01:00:00,18,8.35,1011.03,3.63,330.25,6.46,0.22,1.16
2022-01-07 02:00:00,18,8.15,1009.06,3.89,326.42,7.54,0.86,1.81
2022-01-07 03:00:00,18,8.35,1007.92,3.81,309.49,8.56,1.53,2.48
2022-01-07 04:00:00,18,8.65,1005.82,4.54,310.49,11.51,2.06,3.02
2022-01-07 05:00:00,18,8.95,1005.22,5.2,253.9,13.02,2.33,3.4
2022-01-07 06:00:00,18,9.05,1004.13,5.67,236.58,14.12,2.28,3.35
2022-01-07 07:00:00,18,9.15,1003.75,7.37,217.34,15.32,1.93,3.01
2022-01-07 08:00:00,18,8.75,1005.35,11.33,177.58,15.75,1.38,2.37
2022-01-07 09:00:00,18,6.85,1008.82,10.58,132.69,15.24,0.74,1.64
2022-01-07 10:00:00,18,6.65,1010.85,9.02,127.29,14.35,0.2,1.0
2022-01-07 11:00:00,18,6.23,1012.83,9.12,130.78,14.02,-0.13,0.69
2022-01-07 12:00:00,18,6.07,1014.23,8.17,131.36,13.03,-0.13,0.68
2022-01-07 13:00:00,18,5.85,1015.96,8.13,134.19,12.31,0.18,0.89
2022-01-07 14:00:00,18,6.12,1017.24,7.42,133.2,10.32,0.74,1.25
2022-01-07 15:00:00,18,6.55,1018.35,6.38,141.47,8.4,1.39,2.0
2022-01-07 16:00:00,18,7.05,1019.05,5.85,144.98,7.82,1.99,2.8
2022-01-07 17:00:00,18,7.45,1018.91,6.01,148.37,7.91,2.37,3.29
2022-01-07 01:00:00,00,8.45,1010.97,3.78,333.26,6.81,0.22,0.95
2022-01-07 02:00:00,00,8.15,1009.15,3.86,327.47,7.87,0.86,1.62
2022-01-07 03:00:00,00,8.25,1007.89,4.14,305.18,9.43,1.53,2.3
2022-01-07 04:00:00,00,8.55,1006.17,4.9,306.51,11.24,2.06,2.89
2022-01-07 05:00:00,00,8.65,1005.14,5.82,272.15,14.43,2.2,3.05
2022-01-07 06:00:00,00,8.95,1003.75,6.06,258.15,14.32,2.28,3.13
2022-01-07 07:00:00,00,9.25,1003.92,7.73,219.27,16.63,1.93,2.79
2022-01-07 08:00:00,00,8.65,1005.16,10.89,178.08,15.45,1.38,2.24
2022-01-07 09:00:00,00,6.85,1008.86,10.88,126.81,15.33,0.74,1.51
2022-01-07 10:00:00,00,6.65,1010.77,9.12,123.39,13.83,0.2,0.97
2022-01-07 11:00:00,00,6.25,1012.73,9.34,126.92,13.86,-0.13,0.65
2022-01-07 12:00:00,00,6.12,1014.1,8.54,127.85,13.32,-0.13,0.65
2022-01-07 13:00:00,00,5.99,1015.89,8.58,131.69,12.77,0.18,0.86
2022-01-07 14:00:00,00,6.19,1017.16,7.82,129.87,10.82,0.74,1.23
2022-01-07 15:00:00,00,6.67,1018.41,6.55,139.23,8.72,1.39,1.99
2022-01-07 16:00:00,00,6.89,1019.07,6.09,143.61,7.83,1.99,2.69
2022-01-07 17:00:00,00,7.39,1018.96,5.98,137.95,8.08,2.37,3.28
2022-01-07 18:00:00,00,7.57,1018.91,6.18,142.14,8.24,2.47,3.27
2022-01-07 19:00:00,00,7.42,1019.27,6.8,143.85,8.31,2.25,2.95
2022-01-07 20:00:00,00,7.14,1020.38,6.88,139.41,8.12,1.75,2.36
2022-01-07 21:00:00,00,6.63,1021.51,6.69,133.97,7.67,1.1,1.71
2022-01-07 22:00:00,00,6.04,1022.75,6.92,136.41,7.91,0.45,1.26
2022-01-07 23:00:00,00,5.7,1024.28,6.68,134.26,8.44,-0.03,0.78
2022-01-07 06:00:00,06,8.75,1003.98,4.95,269.88,12.31,2.28,3.16
2022-01-07 07:00:00,06,8.95,1003.97,5.93,229.97,14.54,1.93,2.82
2022-01-07 08:00:00,06,8.85,1004.95,9.79,184.94,14.63,1.38,2.29
2022-01-07 09:00:00,06,6.95,1008.57,10.96,127.55,15.51,0.74,1.74
2022-01-07 10:00:00,06,6.85,1010.92,9.49,122.71,14.23,0.2,1.3
2022-01-07 11:00:00,06,6.35,1013.01,9.58,126.47,13.94,0.03,1.21
2022-01-07 12:00:00,06,6.35,1014.5,8.65,125.57,13.66,-0.13,1.01
2022-01-07 13:00:00,06,6.05,1016.11,8.9,130.52,13.11,0.18,1.09
2022-01-07 14:00:00,06,6.25,1017.46,8.01,128.29,11.32,0.74,1.52
2022-01-07 15:00:00,06,6.65,1018.82,6.7,134.43,8.67,1.39,2.04
2022-01-07 16:00:00,06,6.85,1019.57,6.22,140.49,7.85,1.99,2.9
2022-01-07 17:00:00,06,7.25,1019.43,6.07,134.8,7.92,2.37,3.46
2022-01-07 18:00:00,06,7.55,1019.33,6.24,136.24,8.24,2.47,3.52
2022-01-07 19:00:00,06,7.45,1019.66,6.75,138.42,8.13,2.25,3.07
2022-01-07 20:00:00,06,7.15,1020.82,6.99,137.46,8.2,1.75,2.44
2022-01-07 21:00:00,06,6.65,1021.95,7.05,130.9,7.91,1.1,1.76
2022-01-07 22:00:00,06,6.01,1023.11,6.71,133.08,7.83,0.45,1.18
2022-01-07 23:00:00,06,5.69,1024.45,6.37,135.56,7.87,-0.03,0.77
2022-01-08 00:00:00,06,5.5,1025.98,6.57,127.35,8.67,-0.22,0.48
2022-01-08 01:00:00,06,5.29,1027.21,6.26,125.41,8.82,-0.06,0.44
2022-01-08 02:00:00,06,5.13,1027.96,6.0,125.64,8.4,0.39,0.88
2022-01-08 03:00:00,06,5.0,1029.07,6.27,118.67,8.24,1.0,1.5
2022-01-08 04:00:00,06,4.86,1030.15,5.88,107.44,8.11,1.61,2.21
2022-01-08 05:00:00,06,4.86,1030.96,6.48,105.79,9.11,2.08,2.77
2022-01-07 12:00:00,12,6.45,1014.48,8.54,126.09,12.96,-0.13,0.84
2022-01-07 13:00:00,12,6.25,1015.91,8.68,131.61,12.56,0.18,0.85
2022-01-07 14:00:00,12,6.45,1017.3,8.16,129.24,10.96,0.74,1.21
2022-01-07 15:00:00,12,6.95,1018.49,6.99,129.97,8.82,1.39,1.99
2022-01-07 16:00:00,12,6.95,1019.33,6.31,136.43,8.06,1.99,2.69
2022-01-07 17:00:00,12,7.35,1019.12,6.43,130.34,8.01,2.17,3.0
2022-01-07 18:00:00,12,7.55,1019.31,6.63,130.72,8.33,2.47,3.39
2022-01-07 19:00:00,12,7.45,1019.76,6.93,136.55,8.46,2.25,3.26
2022-01-07 20:00:00,12,7.15,1021.05,7.31,140.69,8.3,1.75,2.67
2022-01-07 21:00:00,12,6.65,1022.01,6.86,134.85,7.7,1.1,1.91
2022-01-07 22:00:00,12,5.95,1023.17,6.38,132.61,7.51,0.45,1.26
2022-01-07 23:00:00,12,5.76,1024.63,6.21,126.4,7.57,-0.03,0.77
2022-01-08 00:00:00,12,5.55,1026.17,6.35,124.12,8.12,-0.22,0.58
2022-01-08 01:00:00,12,5.35,1027.44,6.21,122.76,8.7,-0.06,0.63
2022-01-08 02:00:00,12,5.3,1028.25,5.81,117.08,8.3,0.39,1.08
2022-01-08 03:00:00,12,5.18,1029.42,5.91,109.48,8.07,1.0,1.69
2022-01-08 04:00:00,12,5.04,1030.48,6.09,106.9,8.51,1.61,2.29
2022-01-08 05:00:00,12,4.84,1031.22,7.09,111.53,10.12,2.08,2.76
2022-01-08 06:00:00,12,4.76,1031.69,7.96,109.64,10.69,2.29,2.97
2022-01-08 07:00:00,12,4.66,1032.36,7.42,106.09,10.36,2.22,2.9
2022-01-08 08:00:00,12,4.68,1033.32,7.5,105.64,10.4,1.88,2.46
2022-01-08 09:00:00,12,4.61,1033.42,6.88,101.98,9.83,1.37,1.95
2022-01-08 10:00:00,12,4.53,1034.34,6.39,103.56,8.88,0.79,1.38
2022-01-08 11:00:00,12,4.54,1035.13,5.92,103.26,7.82,0.3,0.89
2022-01-07 18:00:00,18,7.65,1018.96,6.69,132.39,8.53,2.47,3.39
2022-01-07 19:00:00,18,7.55,1019.36,7.23,138.06,8.61,2.25,3.14
2022-01-07 20:00:00,18,7.35,1020.64,7.54,139.22,8.81,1.75,2.38
2022-01-07 21:00:00,18,6.85,1021.73,7.36,131.02,8.25,1.1,1.81
2022-01-07 22:00:00,18,6.19,1023.06,6.96,127.91,8.21,0.45,1.23
2022-01-07 23:00:00,18,5.93,1024.69,6.89,122.18,8.51,0.23,0.97
2022-01-08 00:00:00,18,5.75,1026.27,6.67,123.49,8.83,-0.22,0.53
2022-01-08 01:00:00,18,5.45,1027.43,6.45,121.69,8.91,-0.06,0.68
2022-01-08 02:00:00,18,5.35,1028.23,6.31,108.21,8.32,0.39,1.03
2022-01-08 03:00:00,18,5.2,1029.51,6.68,107.36,8.53,1.0,1.65
2022-01-08 04:00:00,18,4.97,1030.51,6.96,111.24,9.52,1.61,2.26
2022-01-08 05:00:00,18,4.82,1031.29,7.58,110.38,10.72,2.08,2.73
2022-01-08 06:00:00,18,4.85,1031.82,7.82,107.56,10.9,2.29,3.05
2022-01-08 07:00:00,18,4.75,1032.68,7.64,104.26,10.71,2.22,2.98
2022-01-08 08:00:00,18,4.72,1033.44,7.66,102.63,10.77,1.88,2.54
2022-01-08 09:00:00,18,4.66,1033.58,7.08,100.73,10.04,1.37,2.03
2022-01-08 10:00:00,18,4.66,1034.38,6.56,102.81,8.93,0.79,1.46
2022-01-08 11:00:00,18,4.58,1035.25,5.88,103.29,7.73,0.3,0.97
2022-01-08 12:00:00,18,4.56,1036.21,5.21,102.38,6.69,0.03,0.69
2022-01-08 13:00:00,18,4.51,1036.87,5.09,96.14,6.54,0.03,0.7
2022-01-08 14:00:00,18,5.06,1038.09,4.39,92.5,5.58,0.32,0.99
2022-01-08 15:00:00,18,5.57,1038.9,3.82,85.72,4.67,0.81,1.38
2022-01-08 16:00:00,18,6.06,1038.89,3.18,77.67,3.7,1.38,1.95
2022-01-08 17:00:00,18,6.44,1038.29,2.39,76.59,2.61,1.88,2.45
2022-01-08 01:00:00,00,5.35,1026.81,6.55,125.2,9.03,-0.06,0.65
2022-01-08 02:00:00,00,5.25,1027.48,6.39,110.36,8.53,0.39,0.85
2022-01-08 03:00:00,00,5.13,1028.73,6.85,105.15,8.52,1.0,1.36
2022-01-08 04:00:00,00,4.9,1029.91,7.07,109.44,9.09,1.61,2.07
2022-01-08 05:00:00,00,4.69,1030.93,7.21,107.69,10.04,1.82,2.36
2022-01-08 06:00:00,00,4.63,1031.55,7.09,104.5,10.03,2.29,2.93
2022-01-08 07:00:00,00,4.57,1032.52,7.18,101.82,9.73,2.22,2.86
2022-01-08 08:00:00,00,4.46,1033.18,7.24,99.47,9.93,1.88,2.53
2022-01-08 09:00:00,00,4.42,1033.44,6.67,99.62,8.97,1.37,1.91
2022-01-08 10:00:00,00,4.36,1034.25,6.29,100.82,8.29,0.79,1.34
2022-01-08 11:00:00,00,4.36,1035.03,5.92,100.42,7.67,0.3,0.86
2022-01-08 12:00:00,00,4.44,1035.87,5.36,98.53,7.03,0.03,0.58
2022-01-08 13:00:00,00,4.51,1036.66,5.55,92.4,7.09,0.03,0.59
2022-01-08 14:00:00,00,4.96,1037.74,4.91,87.46,6.26,0.32,0.88
2022-01-08 15:00:00,00,5.47,1038.47,4.0,81.39,4.92,0.81,1.28
2022-01-08 16:00:00,00,5.92,1038.74,3.43,78.08,3.9,1.38,1.85
2022-01-08 17:00:00,00,6.26,1038.22,2.96,78.95,3.16,1.88,2.35
2022-01-08 18:00:00,00,6.46,1037.3,1.95,65.04,1.97,2.19,2.56
2022-01-08 19:00:00,00,6.34,1036.98,1.42,47.84,1.19,2.23,2.5
2022-01-08 20:00:00,00,6.15,1036.62,1.8,18.8,1.56,2.0,2.27
2022-01-08 21:00:00,00,5.88,1037.21,0.62,3.79,1.1,1.54,1.8
2022-01-08 22:00:00,00,5.29,1037.37,0.77,3.52,1.23,0.95,1.22
2022-01-08 23:00:00,00,5.19,1037.37,2.05,8.03,2.24,0.39,0.66
2022-01-08 06:00:00,06,4.57,1031.32,7.22,105.08,9.93,2.29,2.95
2022-01-08 07:00:00,06,4.51,1032.23,7.23,102.91,9.76,2.22,2.79
2022-01-08 08:00:00,06,4.5,1032.83,7.27,101.19,9.76,1.88,2.37
2022-01-08 09:00:00,06,4.35,1033.05,6.52,101.14,8.91,1.37,1.79
2022-01-08 10:00:00,06,4.34,1033.86,6.27,102.3,8.26,0.79,1.26
2022-01-08 11:00:00,06,4.38,1034.72,5.93,101.15,7.55,0.58,1.05
2022-01-08 12:00:00,06,4.39,1035.58,5.41,98.87,6.93,0.03,0.48
2022-01-08 13:00:00,06,4.46,1036.45,5.41,92.57,6.88,0.03,0.58
2022-01-08 14:00:00,06,5.0,1037.52,4.79,87.31,5.99,0.32,0.86
2022-01-08 15:00:00,06,5.46,1038.19,3.93,79.36,4.8,0.81,1.25
2022-01-08 16:00:00,06,5.96,1038.55,3.27,79.73,3.66,1.38,1.81
2022-01-08 17:00:00,06,6.24,1037.94,3.15,75.75,3.32,1.88,2.19
2022-01-08 18:00:00,06,6.37,1037.07,2.14,62.12,2.22,2.19,2.5
2022-01-08 19:00:00,06,6.43,1036.7,1.76,45.41,1.58,2.23,2.43
2022-01-08 20:00:00,06,6.3,1036.43,2.01,24.01,1.99,2.0,2.19
2022-01-08 21:00:00,06,6.02,1037.09,0.8,14.31,1.44,1.54,1.72
2022-01-08 22:00:00,06,5.42,1037.27,0.84,23.36,1.34,0.95,1.12
2022-01-08 23:00:00,06,5.39,1037.21,1.94,14.68,2.33,0.39,0.45
2022-01-09 00:00:00,06,5.29,1037.49,2.31,338.85,3.31,0.0,0.06
2022-01-09 01:00:00,06,5.09,1037.54,3.27,306.17,4.3,-0.11,-0.04
2022-01-09 02:00:00,06,5.0,1037.49,3.71,288.09,4.92,0.09,0.05
2022-01-09 03:00:00,06,5.0,1037.44,3.55,279.48,5.61,0.54,0.5
2022-01-09 04:00:00,06,5.01,1037.32,3.74,268.06,6.67,1.11,1.08
2022-01-09 05:00:00,06,5.01,1036.56,4.03,266.1,7.33,1.67,1.63
2022-01-08 12:00:00,12,4.16,1035.59,5.36,100.32,6.82,0.03,0.41
2022-01-08 13:00:00,12,4.24,1036.48,5.32,94.48,6.61,0.03,0.41
2022-01-08 14:00:00,12,4.68,1037.56,4.61,89.18,5.81,0.32,0.71
2022-01-08 15:00:00,12,5.23,1038.26,3.83,80.42,4.71,0.81,1.14
2022-01-08 16:00:00,12,5.73,1038.64,3.38,79.79,3.85,1.38,1.65
2022-01-08 17:00:00,12,6.04,1037.92,3.48,72.81,3.72,1.6,1.9
2022-01-08 18:00:00,12,6.13,1037.18,2.4,64.59,2.56,2.19,2.49
2022-01-08 19:00:00,12,6.14,1036.65,2.15,44.58,2.1,2.23,2.43
2022-01-08 20:00:00,12,6.09,1036.48,2.13,26.13,2.26,2.0,2.19
2022-01-08 21:00:00,12,5.75,1037.09,0.84,20.57,1.44,1.54,1.72
2022-01-08 22:00:00,12,5.18,1037.35,0.55,39.75,1.34,0.95,1.03
2022-01-08 23:00:00,12,5.09,1037.27,1.75,20.65,2.3,0.39,0.47
2022-01-09 00:00:00,12,5.09,1037.5,2.19,336.75,3.23,0.0,0.07
2022-01-09 01:00:00,12,4.99,1037.39,3.29,308.99,4.3,-0.11,-0.04
2022-01-09 02:00:00,12,4.9,1037.49,3.52,288.65,4.69,0.09,0.05
2022-01-09 03:00:00,12,4.8,1037.51,3.54,273.09,5.47,0.54,0.5
2022-01-09 04:00:00,12,4.8,1037.19,3.61,268.3,6.16,1.11,1.07
2022-01-09 05:00:00,12,4.81,1036.2,3.9,271.78,7.0,1.67,1.62
2022-01-09 06:00:00,12,4.81,1035.47,4.1,264.06,7.91,2.08,2.03
2022-01-09 07:00:00,12,4.71,1035.04,3.99,260.2,8.05,2.25,2.1
2022-01-09 08:00:00,12,4.71,1033.56,4.38,263.07,8.91,2.17,2.02
2022-01-09 09:00:00,12,4.7,1032.73,4.47,259.91,9.81,1.85,1.6
2022-01-09 10:00:00,12,4.81,1032.53,4.38,254.4,10.2,1.37,1.12
2022-01-09 11:00:00,12,4.81,1032.3,4.42,253.36,10.25,0.85,0.6
2022-01-08 18:00:00,18,6.11,1037.3,2.55,64.07,2.72,2.19,2.45
2022-01-08 19:00:00,18,6.06,1036.76,2.22,45.98,2.27,2.23,2.52
2022-01-08 20:00:00,18,5.99,1036.62,2.29,29.15,2.36,2.0,2.16
2022-01-08 21:00:00,18,5.75,1037.3,0.97,23.18,1.44,1.54,1.67
2022-01-08 22:00:00,18,5.09,1037.61,0.51,27.77,1.28,0.95,1.02
2022-01-08 23:00:00,18,5.0,1037.61,1.61,17.62,2.34,0.72,0.81
2022-01-09 00:00:00,18,4.9,1037.84,1.88,336.91,2.94,0.0,0.09
2022-01-09 01:00:00,18,4.89,1037.64,2.91,309.43,3.83,-0.11,-0.02
2022-01-09 02:00:00,18,4.8,1037.56,3.17,289.1,4.02,0.09,0.07
2022-01-09 03:00:00,18,4.8,1037.52,3.31,269.34,4.86,0.54,0.52
2022-01-09 04:00:00,18,4.71,1037.02,3.49,264.79,5.61,1.11,1.09
2022-01-09 05:00:00,18,4.71,1036.14,3.7,264.72,6.5,1.67,1.64
2022-01-09 06:00:00,18,4.7,1035.47,3.84,259.18,7.44,2.08,2.04
2022-01-09 07:00:00,18,4.71,1034.88,4.06,259.62,8.15,2.25,2.12
2022-01-09 08:00:00,18,4.71,1033.65,4.09,257.96,8.58,2.17,2.03
2022-01-09 09:00:00,18,4.71,1032.84,4.33,253.59,9.32,1.85,1.6
2022-01-09 10:00:00,18,4.7,1032.44,4.45,252.49,10.04,1.37,1.12
2022-01-09 11:00:00,18,4.8,1032.13,4.74,251.1,10.75,0.85,0.6
2022-01-09 12:00:00,18,4.8,1031.41,4.96,255.1,11.4,0.41,0.06
2022-01-09 13:00:00,18,5.1,1031.4,4.75,247.72,11.91,0.16,-0.19
2022-01-09 14:00:00,18,6.0,1030.84,5.19,253.53,12.81,0.17,-0.19
2022-01-09 15:00:00,18,7.1,1030.62,5.12,250.48,13.5,0.42,-0.03
2022-01-09 16:00:00,18,8.39,1029.49,5.21,249.65,12.91,0.85,0.4
2022-01-09 17:00:00,18,9.09,1027.93,4.98,240.27,12.21,1.34,0.79
2022-01-09 01:00:00,00,4.9,1037.52,2.78,311.13,3.79,-0.11,-0.08
2022-01-09 02:00:00,00,4.7,1037.32,3.14,292.03,4.1,0.09,0.07
2022-01-09 03:00:00,00,4.71,1037.16,3.36,273.15,4.86,0.54,0.42
2022-01-09 04:00:00,00,4.61,1036.54,3.58,267.75,5.82,1.11,1.02
2022-01-09 05:00:00,00,4.6,1035.87,3.69,263.55,6.48,1.35,1.21
2022-01-09 06:00:00,00,4.6,1035.34,3.68,256.13,7.22,2.08,1.95
2022-01-09 07:00:00,00,4.61,1034.49,4.01,257.88,8.13,2.25,2.03
2022-01-09 08:00:00,00,4.61,1033.42,3.97,253.81,8.33,2.17,1.95
2022-01-09 09:00:00,00,4.6,1032.83,4.04,247.3,8.89,1.85,1.54
2022-01-09 10:00:00,00,4.59,1031.89,4.63,252.84,10.23,1.37,1.07
2022-01-09 11:00:00,00,4.6,1031.8,4.52,248.03,10.7,0.85,0.56
2022-01-09 12:00:00,00,4.7,1031.06,4.81,252.01,11.45,0.41,0.12
2022-01-09 13:00:00,00,5.0,1030.69,5.05,251.21,12.41,0.16,-0.23
2022-01-09 14:00:00,00,6.0,1030.47,5.38,250.17,13.51,0.17,-0.21
2022-01-09 15:00:00,00,6.99,1029.43,5.93,256.68,15.45,0.42,-0.05
2022-01-09 16:00:00,00,7.81,1028.78,5.0,246.85,13.56,0.85,0.29
2022-01-09 17:00:00,00,8.68,1027.45,4.6,233.89,11.73,1.34,0.89
2022-01-09 18:00:00,00,8.8,1025.52,4.29,227.23,11.4,1.76,1.31
2022-01-09 19:00:00,00,8.97,1023.88,4.37,228.26,11.44,2.01,1.55
2022-01-09 20:00:00,00,9.01,1022.64,4.32,231.04,10.63,2.02,1.57
2022-01-09 21:00:00,00,8.89,1021.55,4.52,238.8,11.42,1.79,1.43
2022-01-09 22:00:00,00,8.82,1020.77,4.14,237.89,10.98,1.36,1.01
2022-01-09 23:00:00,00,8.76,1020.3,4.09,243.94,10.87,0.84,0.48
2022-01-09 06:00:00,06,4.4,1035.25,3.5,256.74,6.74,2.08,1.98
2022-01-09 07:00:00,06,4.41,1034.45,3.64,258.64,7.18,2.25,2.06
2022-01-09 08:00:00,06,4.41,1033.47,3.58,255.69,7.08,2.17,1.88
2022-01-09 09:00:00,06,4.5,1033.04,3.87,246.89,7.95,1.85,1.56
2022-01-09 10:00:00,06,4.5,1031.98,4.62,256.06,9.87,1.37,1.15
2022-01-09 11:00:00,06,4.5,1031.71,4.65,251.02,10.67,1.16,0.96
2022-01-09 12:00:00,06,4.5,1031.32,4.98,250.4,11.69,0.41,0.21
2022-01-09 13:00:00,06,4.8,1030.74,5.25,248.89,12.84,0.16,-0.13
2022-01-09 14:00:00,06,5.7,1030.8,5.38,248.44,13.51,0.17,-0.12
2022-01-09 15:00:00,06,6.89,1029.89,6.11,250.64,14.93,0.42,0.05
2022-01-09 16:00:00,06,8.1,1029.1,5.69,244.99,13.15,0.85,0.38
2022-01-09 17:00:00,06,9.0,1027.83,5.42,233.27,11.47,1.34,0.88
2022-01-09 18:00:00,06,9.48,1025.75,5.04,232.2,10.84,1.76,1.31
2022-01-09 19:00:00,06,9.88,1024.21,4.55,221.77,10.6,2.01,1.56
2022-01-09 20:00:00,06,9.49,1023.16,4.07,219.64,9.85,2.02,1.68
2022-01-09 21:00:00,06,9.09,1022.03,4.03,232.9,9.29,1.79,1.55
2022-01-09 22:00:00,06,8.89,1021.35,4.39,242.19,10.8,1.36,1.13
2022-01-09 23:00:00,06,8.79,1020.76,4.53,243.76,11.02,0.84,0.62
2022-01-10 00:00:00,06,8.43,1020.31,3.63,235.95,9.45,0.36,0.14
2022-01-10 01:00:00,06,8.38,1020.7,3.8,161.48,8.91,0.05,-0.18
2022-01-10 02:00:00,06,8.14,1020.47,3.08,186.04,8.71,-0.0,-0.23
2022-01-10 03:00:00,06,8.22,1020.13,3.18,199.68,8.25,0.22,0.0
2022-01-10 04:00:00,06,8.16,1019.54,2.9,176.28,7.12,0.67,0.45
2022-01-10 05:00:00,06,8.04,1019.89,3.63,173.45,8.31,1.21,0.99
2022-01-09 12:00:00,12,4.5,1031.12,4.54,254.45,10.42,0.41,0.23
2022-01-09 13:00:00,12,4.8,1030.4,4.69,254.41,11.36,0.16,0.0
2022-01-09 14:00:00,12,5.8,1030.34,4.79,255.39,11.67,0.17,0.01
2022-01-09 15:00:00,12,7.0,1029.35,5.39,258.0,13.3,0.42,0.28
2022-01-09 16:00:00,12,8.21,1028.52,5.08,253.29,11.41,0.85,0.6
2022-01-09 17:00:00,12,9.2,1027.22,4.44,240.59,10.27,1.05,0.8
2022-01-09 18:00:00,12,9.91,1024.97,4.94,243.8,10.8,1.76,1.52
2022-01-09 19:00:00,12,10.33,1023.04,5.15,238.51,11.52,2.01,1.77
2022-01-09 20:00:00,12,10.43,1021.95,5.17,227.41,11.41,2.02,1.88
2022-01-09 21:00:00,12,10.07,1021.25,5.63,230.22,11.32,1.79,1.65
2022-01-09 22:00:00,12,9.45,1020.4,4.85,235.14,10.21,1.36,1.23
2022-01-09 23:00:00,12,9.08,1019.85,4.31,244.83,10.43,0.84,0.71
2022-01-10 00:00:00,12,8.99,1019.64,4.81,246.96,12.0,0.36,0.23
2022-01-10 01:00:00,12,9.19,1019.8,4.52,203.79,10.81,0.05,-0.08
2022-01-10 02:00:00,12,8.7,1020.31,4.09,176.46,9.92,-0.0,-0.23
2022-01-10 03:00:00,12,8.66,1019.64,3.26,202.14,8.6,0.22,0.0
2022-01-10 04:00:00,12,8.58,1019.28,3.14,196.86,7.2,0.67,0.45
2022-01-10 05:00:00,12,8.44,1019.64,3.85,181.06,8.61,1.21,0.99
2022-01-10 06:00:00,12,8.21,1019.42,4.79,143.83,9.76,1.72,1.5
2022-01-10 07:00:00,12,7.92,1020.26,6.25,102.29,10.0,2.08,1.86
2022-01-10 08:00:00,12,7.17,1021.27,8.07,94.26,11.2,2.23,2.11
2022-01-10 09:00:00,12,6.48,1022.02,8.91,97.51,13.12,2.13,2.22
2022-01-10 10:00:00,12,5.94,1022.33,10.23,95.53,15.32,1.83,2.12
2022-01-10 11:00:00,12,5.45,1023.51,10.6,101.0,18.03,1.39,1.67
2022-01-09 18:00:00,18,10.11,1024.68,5.39,243.27,11.54,1.76,1.64
2022-01-09 19:00:00,18,10.5,1022.66,6.07,237.45,13.0,2.01,1.9
2022-01-09 20:00:00,18,10.51,1021.7,6.53,229.81,13.1,2.02,1.8
2022-01-09 21:00:00,18,10.17,1021.0,6.86,233.11,13.41,1.79,1.54
2022-01-09 22:00:00,18,9.67,1020.14,6.72,239.95,13.44,1.36,1.23
2022-01-09 23:00:00,18,9.36,1019.72,6.32,247.39,14.0,1.16,1.01
2022-01-10 00:00:00,18,9.33,1019.14,7.39,251.95,15.7,0.36,0.21
2022-01-10 01:00:00,18,9.45,1019.3,5.99,220.66,13.18,0.05,-0.2
2022-01-10 02:00:00,18,9.14,1019.76,4.72,193.08,10.31,-0.0,-0.25
2022-01-10 03:00:00,18,8.89,1019.56,3.58,191.39,8.62,0.22,-0.02
2022-01-10 04:00:00,18,8.8,1019.22,3.51,184.57,7.83,0.67,0.43
2022-01-10 05:00:00,18,8.66,1019.33,4.25,175.7,9.21,1.21,0.97
2022-01-10 06:00:00,18,8.44,1019.17,4.61,146.13,9.46,1.72,1.49
2022-01-10 07:00:00,18,8.18,1020.09,6.41,106.75,10.41,2.08,1.85
2022-01-10 08:00:00,18,7.51,1020.82,7.99,96.55,11.39,2.23,2.19
2022-01-10 09:00:00,18,6.89,1021.73,8.64,99.46,12.68,2.13,2.21
2022-01-10 10:00:00,18,6.36,1022.38,9.55,98.04,13.8,1.83,2.1
2022-01-10 11:00:00,18,5.82,1023.65,9.76,100.33,16.23,1.39,1.66
2022-01-10 12:00:00,18,5.45,1024.67,9.75,97.84,16.81,0.9,1.17
2022-01-10 13:00:00,18,5.33,1025.88,8.74,98.23,15.81,0.49,0.76
2022-01-10 14:00:00,18,5.35,1026.9,8.14,98.28,14.93,0.25,0.53
2022-01-10 15:00:00,18,5.63,1027.38,7.87,98.9,12.83,0.25,0.53
2022-01-10 16:00:00,18,6.19,1027.41,7.44,98.88,11.07,0.48,0.76
2022-01-10 17:00:00,18,6.64,1026.64,6.52,98.55,8.81,0.87,1.24
2022-01-10 01:00:00,00,9.57,1018.83,5.94,228.12,13.39,0.05,0.03
2022-01-10 02:00:00,00,9.27,1019.19,4.98,193.63,10.9,-0.0,-0.02
2022-01-10 03:00:00,00,9.11,1018.9,3.53,194.72,8.3,0.22,0.2
2022-01-10 04:00:00,00,8.92,1018.23,3.11,195.7,6.82,0.67,0.49
2022-01-10 05:00:00,00,8.76,1018.2,4.05,182.7,9.0,0.88,0.68
2022-01-10 06:00:00,00,8.6,1018.34,5.13,163.46,9.96,1.72,1.52
2022-01-10 07:00:00,00,8.4,1018.81,6.44,109.76,11.05,2.08,1.89
2022-01-10 08:00:00,00,7.66,1020.32,8.28,97.67,12.08,2.23,2.14
2022-01-10 09:00:00,00,6.9,1021.07,9.18,99.98,13.57,2.13,2.25
2022-01-10 10:00:00,00,6.55,1021.94,9.58,99.12,13.93,1.83,2.16
2022-01-10 11:00:00,00,5.85,1023.0,10.52,100.78,16.85,1.39,1.72
2022-01-10 12:00:00,00,5.67,1024.26,9.57,97.8,16.92,0.9,1.24
2022-01-10 13:00:00,00,5.54,1025.28,9.05,95.8,16.51,0.49,0.83
2022-01-10 14:00:00,00,5.52,1026.3,8.59,96.81,15.8,0.25,0.6
2022-01-10 15:00:00,00,6.02,1027.41,7.47,98.5,12.48,0.25,0.6
2022-01-10 16:00:00,00,6.58,1027.47,6.77,97.89,9.87,0.48,0.94
2022-01-10 17:00:00,00,6.85,1026.43,6.19,98.85,8.51,0.87,1.33
2022-01-10 18:00:00,00,7.11,1025.63,5.76,108.13,7.69,1.3,1.66
2022-01-10 19:00:00,00,6.99,1025.07,4.71,123.28,6.51,1.67,1.93
2022-01-10 20:00:00,00,6.82,1024.86,4.08,142.25,6.17,1.87,2.14
2022-01-10 21:00:00,00,6.45,1024.45,3.87,153.95,6.51,1.86,2.13
2022-01-10 22:00:00,00,5.97,1024.39,4.0,163.6,7.22,1.64,1.9
2022-01-10 23:00:00,00,5.83,1024.61,3.75,181.86,7.82,1.24,1.4
2022-01-10 06:00:00,06,8.64,1018.02,4.91,176.15,10.2,1.72,1.47
2022-01-10 07:00:00,06,8.56,1018.0,5.05,144.94,9.91,2.08,1.9
2022-01-10 08:00:00,06,8.26,1018.98,7.37,92.49,11.68,2.23,2.06
2022-01-10 09:00:00,06,7.83,1019.75,8.21,101.6,12.28,2.13,2.2
2022-01-10 10:00:00,06,7.16,1020.92,9.07,101.15,13.33,1.83,2.1
2022-01-10 11:00:00,06,6.44,1022.47,10.56,103.27,16.69,1.67,1.98
2022-01-10 12:00:00,06,5.96,1023.8,10.2,100.25,17.51,0.9,1.32
2022-01-10 13:00:00,06,5.66,1025.37,9.35,100.02,16.9,0.49,0.91
2022-01-10 14:00:00,06,5.75,1026.47,8.88,99.9,16.12,0.25,0.68
2022-01-10 15:00:00,06,6.08,1027.01,8.34,100.94,14.33,0.25,0.68
2022-01-10 16:00:00,06,6.56,1027.25,7.14,100.02,10.57,0.48,0.82
2022-01-10 17:00:00,06,6.85,1026.25,6.77,99.42,9.54,0.87,1.31
2022-01-10 18:00:00,06,7.03,1025.39,6.16,106.12,8.37,1.3,1.75
2022-01-10 19:00:00,06,7.07,1024.93,5.35,118.19,7.12,1.67,2.12
2022-01-10 20:00:00,06,6.93,1024.79,4.28,133.5,6.15,1.87,2.23
2022-01-10 21:00:00,06,6.56,1024.7,3.56,153.78,6.33,1.86,2.22
2022-01-10 22:00:00,06,6.09,1024.39,3.81,163.32,6.73,1.64,1.9
2022-01-10 23:00:00,06,5.92,1024.73,3.96,174.74,7.73,1.24,1.5
2022-01-11 00:00:00,06,5.82,1025.33,5.37,180.99,8.97,0.76,0.93
2022-01-11 01:00:00,06,5.6,1025.75,6.28,170.09,9.98,0.34,0.5
2022-01-11 02:00:00,06,5.36,1026.32,7.03,151.09,10.55,0.08,0.25
2022-01-11 03:00:00,06,5.17,1026.96,6.4,144.3,10.34,0.08,0.24
2022-01-11 04:00:00,06,5.01,1027.46,5.97,140.9,10.81,0.33,0.49
2022-01-11 05:00:00,06,4.86,1027.96,7.12,136.45,11.47,0.77,0.83
2022-01-10 12:00:00,12,6.34,1023.21,9.92,100.57,16.7,0.9,1.14
2022-01-10 13:00:00,12,6.18,1024.58,9.11,100.43,16.16,0.49,0.86
2022-01-10 14:00:00,12,6.34,1025.5,9.1,100.92,15.94,0.25,0.5
2022-01-10 15:00:00,12,6.67,1025.96,9.06,101.83,15.22,0.25,0.47
2022-01-10 16:00:00,12,7.09,1026.32,8.18,104.59,12.34,0.48,0.73
2022-01-10 17:00:00,12,7.31,1025.6,7.62,105.59,10.62,0.62,0.83
2022-01-10 18:00:00,12,7.45,1024.77,6.83,110.31,9.0,1.3,1.51
2022-01-10 19:00:00,12,7.46,1024.42,5.79,121.58,7.81,1.67,1.88
2022-01-10 20:00:00,12,7.15,1024.36,4.4,130.28,7.17,1.87,2.09
2022-01-10 21:00:00,12,6.84,1024.1,4.24,147.94,7.32,1.86,1.99
2022-01-10 22:00:00,12,6.35,1024.13,5.52,150.01,8.13,1.64,1.77
2022-01-10 23:00:00,12,6.02,1024.4,3.94,166.5,8.61,1.24,1.37
2022-01-11 00:00:00,12,6.0,1025.1,5.59,171.59,9.33,0.76,0.8
2022-01-11 01:00:00,12,5.7,1025.52,6.06,160.02,9.62,0.34,0.38
2022-01-11 02:00:00,12,5.59,1026.12,6.3,140.14,10.38,0.08,0.13
2022-01-11 03:00:00,12,5.42,1026.66,6.47,134.53,11.12,0.08,0.13
2022-01-11 04:00:00,12,5.17,1027.23,7.3,136.28,11.65,0.33,0.39
2022-01-11 05:00:00,12,4.99,1027.85,8.35,137.87,12.1,0.77,0.73
2022-01-11 06:00:00,12,4.76,1028.31,8.15,139.53,12.17,1.29,1.16
2022-01-11 07:00:00,12,4.54,1028.92,7.69,134.82,12.21,1.77,1.63
2022-01-11 08:00:00,12,4.34,1029.4,7.74,128.01,12.16,2.1,1.96
2022-01-11 09:00:00,12,4.28,1029.92,7.83,123.64,11.87,2.22,2.09
2022-01-11 10:00:00,12,4.15,1030.57,7.88,117.66,11.52,2.12,2.09
2022-01-11 11:00:00,12,4.06,1031.47,8.08,112.26,11.37,1.83,1.79
2022-01-10 18:00:00,18,7.6,1024.48,6.35,111.27,8.53,1.3,1.37
2022-01-10 19:00:00,18,7.66,1024.0,5.35,124.77,7.47,1.67,1.8
2022-01-10 20:00:00,18,7.53,1023.66,4.07,136.1,7.23,1.87,2.02
2022-01-10 21:00:00,18,7.19,1023.35,5.06,155.27,8.11,1.86,1.96
2022-01-10 22:00:00,18,6.58,1023.47,5.37,151.57,8.91,1.64,1.76
2022-01-10 23:00:00,18,6.29,1023.77,5.08,177.16,9.33,1.49,1.61
2022-01-11 00:00:00,18,6.11,1024.52,6.4,166.49,10.33,0.76,0.87
2022-01-11 01:00:00,18,5.87,1025.1,6.91,158.65,10.51,0.34,0.43
2022-01-11 02:00:00,18,5.66,1025.88,6.85,138.31,11.14,0.08,0.16
2022-01-11 03:00:00,18,5.45,1026.64,7.46,132.42,11.35,0.08,0.14
2022-01-11 04:00:00,18,5.29,1027.42,8.23,135.22,11.89,0.33,0.28
2022-01-11 05:00:00,18,4.94,1027.91,8.73,136.26,12.61,0.77,0.61
2022-01-11 06:00:00,18,4.67,1028.31,8.54,134.14,12.67,1.29,1.02
2022-01-11 07:00:00,18,4.46,1028.76,8.0,130.53,12.14,1.77,1.48
2022-01-11 08:00:00,18,4.36,1029.32,8.18,126.61,12.13,2.1,1.8
2022-01-11 09:00:00,18,4.25,1029.78,8.12,124.67,11.99,2.22,2.01
2022-01-11 10:00:00,18,4.23,1030.19,7.75,119.46,11.32,2.12,2.0
2022-01-11 11:00:00,18,4.15,1031.2,7.87,114.13,11.66,1.83,1.69
2022-01-11 12:00:00,18,4.05,1032.21,8.31,109.71,11.51,1.39,1.26
2022-01-11 13:00:00,18,4.0,1033.4,8.25,109.57,11.52,0.92,0.78
2022-01-11 14:00:00,18,4.17,1034.48,8.31,109.42,10.56,0.52,0.48
2022-01-11 15:00:00,18,4.57,1035.28,7.49,104.87,9.41,0.29,0.26
2022-01-11 16:00:00,18,4.96,1035.38,6.76,100.29,8.42,0.29,0.26
2022-01-11 17:00:00,18,5.29,1034.95,6.36,99.66,7.9,0.51,0.47
2022-01-11 01:00:00,00,6.03,1024.67,7.15,164.72,10.83,0.34,0.38
2022-01-11 02:00:00,00,5.92,1025.25,6.82,140.94,11.25,0.08,0.0
2022-01-11 03:00:00,00,5.75,1025.87,7.04,134.05,11.73,0.08,-0.19
2022-01-11 04:00:00,00,5.48,1026.64,8.1,132.3,11.96,0.33,0.03
2022-01-11 05:00:00,00,5.26,1027.34,9.03,133.94,12.07,0.49,0.13
2022-01-11 06:00:00,00,4.96,1027.82,8.17,130.39,12.01,1.29,0.94
2022-01-11 07:00:00,00,4.75,1028.49,7.63,124.6,11.77,1.77,1.33
2022-01-11 08:00:00,00,4.65,1029.37,8.21,122.01,11.89,2.1,1.67
2022-01-11 09:00:00,00,4.47,1030.03,8.35,121.37,11.82,2.22,1.8
2022-01-11 10:00:00,00,4.23,1030.44,7.75,115.7,11.22,2.12,1.81
2022-01-11 11:00:00,00,4.15,1031.41,7.8,111.52,11.22,1.83,1.53
2022-01-11 12:00:00,00,4.05,1032.45,7.85,108.27,11.13,1.39,1.2
2022-01-11 13:00:00,00,4.14,1033.63,8.33,108.9,11.43,0.92,0.74
2022-01-11 14:00:00,00,4.35,1034.55,8.19,109.81,10.58,0.52,0.35
2022-01-11 15:00:00,00,4.8,1035.1,7.22,102.06,9.32,0.29,0.23
2022-01-11 16:00:00,00,5.21,1034.83,6.7,96.94,8.36,0.29,0.24
2022-01-11 17:00:00,00,5.48,1034.35,6.33,99.63,7.83,0.51,0.47
2022-01-11 18:00:00,00,5.65,1033.62,5.8,94.37,7.17,0.87,0.83
2022-01-11 19:00:00,00,5.49,1033.14,5.36,90.61,6.59,1.27,1.23
2022-01-11 20:00:00,00,5.37,1033.43,4.57,87.98,5.58,1.61,1.57
2022-01-11 21:00:00,00,4.96,1033.75,3.92,88.25,4.74,1.79,1.75
2022-01-11 22:00:00,00,4.45,1033.97,3.64,81.49,4.23,1.76,1.72
2022-01-11 23:00:00,00,4.32,1034.35,3.27,71.95,3.4,1.53,1.49
2022-01-11 06:00:00,06,4.96,1027.68,7.65,126.44,11.42,1.29,0.93
2022-01-11 07:00:00,06,4.85,1028.35,7.14,118.18,11.06,1.77,1.53
2022-01-11 08:00:00,06,4.67,1029.21,7.84,116.33,11.21,2.1,2.01
2022-01-11 09:00:00,06,4.55,1029.87,8.05,112.49,11.24,2.22,2.17
2022-01-11 10:00:00,06,4.37,1030.47,7.61,109.23,10.68,2.12,2.14
2022-01-11 11:00:00,06,4.15,1031.51,7.88,106.04,10.86,2.03,2.04
2022-01-11 12:00:00,06,4.06,1032.59,8.18,104.81,10.94,1.39,1.4
2022-01-11 13:00:00,06,4.15,1033.7,8.48,105.11,11.38,0.92,0.92
2022-01-11 14:00:00,06,4.44,1034.45,8.58,105.76,11.07,0.52,0.52
2022-01-11 15:00:00,06,4.8,1035.06,7.88,100.31,9.81,0.29,0.29
2022-01-11 16:00:00,06,5.23,1034.83,6.88,91.91,8.41,0.29,0.28
2022-01-11 17:00:00,06,5.55,1034.34,6.13,93.21,7.56,0.51,0.59
2022-01-11 18:00:00,06,5.81,1033.84,5.96,91.72,7.1,0.87,0.95
2022-01-11 19:00:00,06,5.8,1033.29,5.43,89.39,6.57,1.27,1.35
2022-01-11 20:00:00,06,5.52,1033.54,4.74,86.88,5.73,1.61,1.68
2022-01-11 21:00:00,06,5.09,1033.91,4.2,83.87,4.91,1.79,1.85
2022-01-11 22:00:00,06,4.52,1034.22,3.79,80.59,4.32,1.76,1.82
2022-01-11 23:00:00,06,4.45,1034.65,3.24,72.53,3.36,1.53,1.59
2022-01-12 00:00:00,06,4.26,1035.32,2.55,65.45,2.52,1.15,1.2
2022-01-12 01:00:00,06,4.16,1035.66,2.04,52.62,2.12,0.7,0.65
2022-01-12 02:00:00,06,4.08,1035.41,1.6,28.5,1.88,0.31,0.26
2022-01-12 03:00:00,06,4.06,1034.81,1.67,328.69,2.01,0.1,0.05
2022-01-12 04:00:00,06,3.98,1034.47,2.45,293.65,2.72,0.13,0.08
2022-01-12 05:00:00,06,3.98,1033.84,3.42,280.11,3.75,0.41,0.36
2022-01-11 12:00:00,12,4.05,1032.54,7.85,102.28,10.62,1.39,1.37
2022-01-11 13:00:00,12,4.17,1033.51,8.24,101.65,11.04,0.92,0.92
2022-01-11 14:00:00,12,4.52,1034.27,8.62,101.53,11.2,0.52,0.52
2022-01-11 15:00:00,12,4.9,1034.92,8.29,99.54,10.22,0.29,0.47
2022-01-11 16:00:00,12,5.3,1034.81,6.86,90.91,8.51,0.29,0.48
2022-01-11 17:00:00,12,5.66,1034.3,6.07,90.14,7.41,0.36,0.53
2022-01-11 18:00:00,12,5.86,1033.67,6.02,89.82,7.01,0.87,1.04
2022-01-11 19:00:00,12,5.78,1033.03,5.5,86.62,6.34,1.27,1.44
2022-01-11 20:00:00,12,5.56,1033.31,4.63,83.49,5.44,1.61,1.78
2022-01-11 21:00:00,12,5.17,1033.68,3.9,78.6,4.61,1.79,1.96
2022-01-11 22:00:00,12,4.56,1033.96,3.47,70.38,3.86,1.76,1.93
2022-01-11 23:00:00,12,4.37,1034.44,2.95,58.26,3.04,1.53,1.7
2022-01-12 00:00:00,12,4.29,1035.09,2.5,42.36,2.55,1.15,1.3
2022-01-12 01:00:00,12,4.25,1035.31,2.4,22.32,2.46,0.7,0.85
2022-01-12 02:00:00,12,4.18,1035.14,2.33,356.94,2.46,0.31,0.36
2022-01-12 03:00:00,12,4.07,1034.58,2.69,329.44,2.67,0.1,0.15
2022-01-12 04:00:00,12,4.01,1034.32,2.96,307.66,3.02,0.13,0.18
2022-01-12 05:00:00,12,3.99,1033.82,3.29,287.47,3.73,0.41,0.46
2022-01-12 06:00:00,12,3.95,1033.01,3.84,273.11,4.95,0.86,0.91
2022-01-12 07:00:00,12,3.9,1032.39,4.06,263.83,6.21,1.37,1.42
2022-01-12 08:00:00,12,3.98,1032.28,3.58,249.59,5.72,1.83,1.78
2022-01-12 09:00:00,12,3.97,1031.87,3.4,246.45,5.46,2.14,2.09
2022-01-12 10:00:00,12,3.92,1031.13,4.1,250.41,6.58,2.25,2.19
2022-01-12 11:00:00,12,3.97,1030.47,4.87,250.99,8.39,2.13,2.08
2022-01-11 18:00:00,18,5.82,1033.74,6.02,90.37,7.12,0.87,0.85
2022-01-11 19:00:00,18,5.71,1033.09,5.46,87.2,6.33,1.27,1.3
2022-01-11 20:00:00,18,5.45,1033.37,4.66,84.28,5.49,1.61,1.64
2022-01-11 21:00:00,18,5.06,1033.74,3.98,80.06,4.57,1.79,1.87
2022-01-11 22:00:00,18,4.46,1034.03,3.71,71.86,4.15,1.76,1.89
2022-01-11 23:00:00,18,4.25,1034.47,3.2,59.05,3.37,1.7,1.81
2022-01-12 00:00:00,18,4.26,1035.1,2.74,45.48,2.72,1.15,1.26
2022-01-12 01:00:00,18,4.1,1035.32,2.63,29.71,2.64,0.7,0.81
2022-01-12 02:00:00,18,4.08,1035.12,2.41,11.71,2.33,0.31,0.43
2022-01-12 03:00:00,18,3.99,1034.55,2.53,344.27,2.47,0.1,0.12
2022-01-12 04:00:00,18,3.91,1034.14,2.73,319.27,2.82,0.13,0.16
2022-01-12 05:00:00,18,3.95,1033.68,2.95,294.38,3.21,0.41,0.44
2022-01-12 06:00:00,18,3.94,1032.94,3.47,277.77,4.28,0.86,0.89
2022-01-12 07:00:00,18,3.93,1032.34,3.8,266.84,5.41,1.37,1.41
2022-01-12 08:00:00,18,3.89,1032.28,3.38,251.66,5.21,1.83,1.87
2022-01-12 09:00:00,18,3.85,1031.94,3.19,245.77,5.04,2.14,2.08
2022-01-12 10:00:00,18,3.96,1031.13,3.87,252.46,6.06,2.25,2.19
2022-01-12 11:00:00,18,3.98,1030.53,4.54,250.74,7.63,2.13,2.08
2022-01-12 12:00:00,18,3.95,1030.29,4.96,250.04,9.21,1.82,1.77
2022-01-12 13:00:00,18,4.06,1029.89,5.11,247.19,9.92,1.38,1.32
2022-01-12 14:00:00,18,4.75,1029.23,5.93,244.76,10.92,0.9,0.85
2022-01-12 15:00:00,18,5.65,1028.95,5.92,236.88,10.04,0.5,0.35
2022-01-12 16:00:00,18,6.36,1028.22,5.99,233.72,9.6,0.28,0.13
2022-01-12 17:00:00,18,7.11,1026.81,6.27,228.27,9.67,0.3,0.04
2022-01-12 01:00:00,00,3.97,1035.25,2.54,31.38,2.58,0.7,0.75
2022-01-12 02:00:00,00,3.97,1035.01,2.2,12.73,2.26,0.31,0.24
2022-01-12 03:00:00,00,3.91,1034.39,2.28,342.62,2.27,0.1,-0.03
2022-01-12 04:00:00,00,3.83,1033.92,2.54,317.47,2.64,0.13,-0.11
2022-01-12 05:00:00,00,3.85,1033.51,2.82,293.47,3.02,0.21,-0.06
2022-01-12 06:00:00,00,3.9,1032.72,3.34,278.23,4.02,0.86,0.6
2022-01-12 07:00:00,00,3.85,1032.11,3.65,267.44,5.16,1.37,1.13
2022-01-12 08:00:00,00,3.87,1031.95,3.27,251.9,5.02,1.83,1.61
2022-01-12 09:00:00,00,3.87,1031.52,3.11,242.83,4.95,2.14,1.94
2022-01-12 10:00:00,00,3.85,1030.74,3.74,247.95,5.74,2.25,2.06
2022-01-12 11:00:00,00,3.88,1030.19,4.5,247.57,7.51,2.13,1.97
2022-01-12 12:00:00,00,3.89,1029.78,5.1,250.83,9.33,1.82,1.68
2022-01-12 13:00:00,00,4.05,1029.43,5.19,246.18,10.06,1.38,1.15
2022-01-12 14:00:00,00,4.75,1028.93,5.73,243.56,10.44,0.9,0.69
2022-01-12 15:00:00,00,5.55,1028.71,5.8,236.03,9.82,0.5,0.21
2022-01-12 16:00:00,00,6.39,1027.85,5.96,234.62,9.44,0.28,0.01
2022-01-12 17:00:00,00,7.16,1026.53,6.28,229.22,9.52,0.3,-0.06
2022-01-12 18:00:00,00,7.57,1024.91,6.15,224.94,9.31,0.52,0.17
2022-01-12 19:00:00,00,7.64,1023.74,6.25,223.68,9.42,0.89,0.53
2022-01-12 20:00:00,00,7.59,1023.25,5.71,222.13,9.29,1.28,0.93
2022-01-12 21:00:00,00,7.17,1022.91,5.37,224.09,9.61,1.6,1.25
2022-01-12 22:00:00,00,6.41,1022.94,4.9,227.03,9.52,1.76,1.41
2022-01-12 23:00:00,00,6.06,1023.13,4.56,234.86,9.75,1.72,1.36
2022-01-12 06:00:00,06,3.65,1032.68,3.26,281.05,3.87,0.86,0.6
2022-01-12 07:00:00,06,3.66,1032.11,3.6,269.2,4.83,1.37,1.1
2022-01-12 08:00:00,06,3.55,1031.97,3.18,251.55,4.67,1.83,1.54
2022-01-12 09:00:00,06,3.56,1031.52,3.02,241.86,4.46,2.14,1.89
2022-01-12 10:00:00,06,3.65,1030.73,3.51,246.86,5.13,2.25,2.02
2022-01-12 11:00:00,06,3.65,1030.09,4.24,248.01,6.68,2.23,2.02
2022-01-12 12:00:00,06,3.65,1029.62,4.73,250.83,8.25,1.82,1.62
2022-01-12 13:00:00,06,3.76,1029.26,4.87,245.76,8.93,1.38,1.09
2022-01-12 14:00:00,06,4.55,1028.72,5.56,243.36,9.52,0.9,0.63
2022-01-12 15:00:00,06,5.35,1028.48,5.65,235.51,9.14,0.5,0.14
2022-01-12 16:00:00,06,6.06,1027.58,5.88,235.49,9.0,0.28,-0.06
2022-01-12 17:00:00,06,6.82,1026.35,5.91,228.6,8.99,0.3,-0.14
2022-01-12 18:00:00,06,7.28,1024.78,5.75,224.41,8.81,0.52,0.1
2022-01-12 19:00:00,06,7.48,1023.65,5.94,221.73,8.87,0.89,0.47
2022-01-12 20:00:00,06,7.44,1023.25,5.65,222.66,8.9,1.28,0.88
2022-01-12 21:00:00,06,7.02,1022.88,5.33,226.26,9.41,1.6,1.22
2022-01-12 22:00:00,06,6.24,1022.86,5.07,233.37,9.72,1.76,1.39
2022-01-12 23:00:00,06,5.84,1023.0,4.63,237.71,10.16,1.72,1.35
2022-01-13 00:00:00,06,5.64,1023.07,4.79,239.99,10.63,1.47,1.1
2022-01-13 01:00:00,06,5.37,1022.62,5.1,241.03,11.24,1.07,0.6
2022-01-13 02:00:00,06,5.27,1022.47,4.57,236.1,10.71,0.62,0.16
2022-01-13 03:00:00,06,5.14,1022.55,3.97,220.04,9.74,0.26,-0.31
2022-01-13 04:00:00,06,4.91,1022.28,3.91,228.99,8.97,0.08,-0.39
2022-01-13 05:00:00,06,4.93,1021.67,4.13,235.98,9.04,0.15,-0.31
2022-01-12 12:00:00,12,3.65,1029.62,4.74,248.49,8.38,1.82,1.56
2022-01-12 13:00:00,12,3.85,1029.25,4.84,242.21,8.84,1.38,1.16
2022-01-12 14:00:00,12,4.54,1028.64,5.42,240.77,9.31,0.9,0.73
2022-01-12 15:00:00,12,5.33,1028.3,5.58,234.19,8.83,0.5,0.44
2022-01-12 16:00:00,12,6.06,1027.3,5.75,235.22,8.85,0.28,0.21
2022-01-12 17:00:00,12,6.82,1026.0,5.88,229.54,8.96,0.26,0.17
2022-01-12 18:00:00,12,7.37,1024.32,5.71,226.16,8.8,0.52,0.32
2022-01-12 19:00:00,12,7.58,1023.16,5.79,222.88,8.7,0.89,0.66
2022-01-12 20:00:00,12,7.48,1022.78,5.46,221.81,8.86,1.28,1.05
2022-01-12 21:00:00,12,6.99,1022.5,5.27,223.69,9.21,1.6,1.35
2022-01-12 22:00:00,12,6.24,1022.48,4.88,229.25,9.32,1.76,1.5
2022-01-12 23:00:00,12,5.84,1022.67,4.39,234.64,9.6,1.72,1.44
2022-01-13 00:00:00,12,5.7,1022.75,4.68,239.65,10.11,1.47,1.17
2022-01-13 01:00:00,12,5.5,1022.43,5.12,240.56,11.0,1.07,0.76
2022-01-13 02:00:00,12,5.41,1022.25,4.57,236.77,10.72,0.62,0.2
2022-01-13 03:00:00,12,5.15,1022.56,3.86,217.8,9.44,0.26,-0.19
2022-01-13 04:00:00,12,5.06,1022.26,4.08,229.69,9.22,0.08,-0.38
2022-01-13 05:00:00,12,5.07,1021.74,4.22,233.01,9.22,0.15,-0.32
2022-01-13 06:00:00,12,4.96,1021.07,4.04,230.5,8.79,0.46,-0.01
2022-01-13 07:00:00,12,4.8,1020.68,3.89,230.59,8.24,0.94,0.46
2022-01-13 08:00:00,12,4.65,1020.25,3.54,213.71,7.24,1.46,0.89
2022-01-13 09:00:00,12,4.57,1019.58,3.27,215.02,5.95,1.91,1.44
2022-01-13 10:00:00,12,4.48,1019.0,3.01,218.38,5.02,2.21,1.74
2022-01-13 11:00:00,12,4.38,1018.66,2.7,211.45,4.02,2.29,1.82
2022-01-12 18:00:00,18,7.47,1024.24,5.69,226.84,8.7,0.52,0.36
2022-01-12 19:00:00,18,7.58,1022.97,5.84,224.01,8.74,0.89,0.73
2022-01-12 20:00:00,18,7.59,1022.52,5.51,223.5,8.92,1.28,1.14
2022-01-12 21:00:00,18,7.09,1022.14,5.29,224.98,9.27,1.6,1.46
2022-01-12 22:00:00,18,6.39,1022.2,4.88,227.9,9.35,1.76,1.69
2022-01-12 23:00:00,18,5.94,1022.42,4.26,229.28,9.45,1.77,1.77
2022-01-13 00:00:00,18,5.76,1022.54,4.56,234.35,10.13,1.47,1.45
2022-01-13 01:00:00,18,5.6,1022.16,5.08,238.94,10.81,1.07,1.04
2022-01-13 02:00:00,18,5.38,1021.99,4.55,234.55,10.6,0.62,0.48
2022-01-13 03:00:00,18,5.26,1022.17,3.98,219.0,9.5,0.26,0.1
2022-01-13 04:00:00,18,5.14,1021.91,4.2,228.09,9.45,0.08,-0.2
2022-01-13 05:00:00,18,5.0,1021.55,4.25,226.83,9.41,0.15,-0.14
2022-01-13 06:00:00,18,5.04,1020.96,4.28,229.43,9.12,0.46,0.16
2022-01-13 07:00:00,18,4.96,1020.67,4.08,225.67,8.63,0.94,0.62
2022-01-13 08:00:00,18,4.81,1020.14,3.79,213.35,7.72,1.46,1.13
2022-01-13 09:00:00,18,4.71,1019.5,3.49,211.7,6.73,1.91,1.57
2022-01-13 10:00:00,18,4.66,1018.87,3.1,206.13,5.18,2.21,1.85
2022-01-13 11:00:00,18,4.55,1018.35,2.75,216.31,4.01,2.29,2.02
2022-01-13 12:00:00,18,4.55,1018.0,2.67,229.0,3.64,2.14,1.97
2022-01-13 13:00:00,18,4.65,1018.14,2.32,202.02,3.36,1.8,1.62
2022-01-13 14:00:00,18,5.36,1018.2,2.08,197.49,2.83,1.32,1.15
2022-01-13 15:00:00,18,6.27,1018.08,2.03,229.04,2.72,0.83,0.75
2022-01-13 16:00:00,18,7.08,1017.32,2.19,249.54,2.94,0.43,0.36
2022-01-13 17:00:00,18,7.79,1015.7,1.86,252.55,2.84,0.23,0.16
2022-01-13 01:00:00,00,5.67,1021.96,4.78,243.67,10.3,1.07,1.18
2022-01-13 02:00:00,00,5.52,1021.59,4.36,241.97,10.0,0.62,0.74
2022-01-13 03:00:00,00,5.38,1021.62,3.54,226.71,8.59,0.26,0.39
2022-01-13 04:00:00,00,5.27,1021.39,4.06,234.56,9.22,0.08,0.25
2022-01-13 05:00:00,00,5.17,1021.04,4.23,232.37,9.43,0.08,0.24
2022-01-13 06:00:00,00,5.2,1020.44,4.23,232.42,9.21,0.46,0.6
2022-01-13 07:00:00,00,5.14,1020.23,3.95,225.21,8.5,0.94,1.04
2022-01-13 08:00:00,00,4.97,1019.77,3.77,214.58,7.63,1.46,1.54
2022-01-13 09:00:00,00,4.86,1019.09,3.59,216.14,6.96,1.91,1.97
2022-01-13 10:00:00,00,4.77,1018.63,3.23,196.4,5.56,2.21,2.24
2022-01-13 11:00:00,00,4.65,1018.14,2.65,206.61,3.73,2.29,2.39
2022-01-13 12:00:00,00,4.65,1017.91,2.39,216.3,2.92,2.14,2.22
2022-01-13 13:00:00,00,4.86,1017.82,2.15,204.31,2.83,1.8,1.84
2022-01-13 14:00:00,00,5.55,1017.87,2.02,177.54,2.63,1.32,1.34
2022-01-13 15:00:00,00,6.69,1017.75,1.44,210.63,1.76,0.83,0.92
2022-01-13 16:00:00,00,7.48,1016.97,1.31,236.46,1.74,0.43,0.5
2022-01-13 17:00:00,00,8.07,1015.36,1.01,247.49,1.61,0.23,0.27
2022-01-13 18:00:00,00,8.46,1013.75,0.82,281.0,1.39,0.28,0.32
2022-01-13 19:00:00,00,8.45,1012.56,0.47,4.29,1.0,0.54,0.68
2022-01-13 20:00:00,00,8.35,1011.8,1.45,29.9,1.33,0.93,1.07
2022-01-13 21:00:00,00,7.75,1011.54,2.32,34.13,1.82,1.34,1.58
2022-01-13 22:00:00,00,6.75,1011.0,2.7,33.98,2.49,1.65,1.89
2022-01-13 23:00:00,00,6.53,1010.94,2.2,34.24,2.33,1.79,2.13
2022-01-13 06:00:00,06,4.99,1020.29,4.06,235.53,8.82,0.46,0.54
2022-01-13 07:00:00,06,4.93,1020.0,3.8,229.46,8.16,0.94,0.93
2022-01-13 08:00:00,06,4.79,1019.44,3.63,217.41,7.64,1.46,1.37
2022-01-13 09:00:00,06,4.7,1018.65,3.52,218.17,6.86,1.91,1.74
2022-01-13 10:00:00,06,4.67,1018.24,3.33,197.06,5.86,2.21,2.09
2022-01-13 11:00:00,06,4.55,1017.78,2.83,203.91,4.03,2.27,2.16
2022-01-13 12:00:00,06,4.45,1017.55,2.6,201.56,3.26,2.14,2.04
2022-01-13 13:00:00,06,4.69,1017.43,2.36,195.96,3.12,1.8,1.69
2022-01-13 14:00:00,06,5.46,1017.59,2.03,183.53,2.71,1.32,1.32
2022-01-13 15:00:00,06,6.41,1017.42,1.47,215.81,1.79,0.83,0.83
2022-01-13 16:00:00,06,7.46,1016.92,1.53,253.82,1.92,0.43,0.44
2022-01-13 17:00:00,06,7.96,1015.33,1.1,250.91,1.57,0.23,0.35
2022-01-13 18:00:00,06,8.35,1013.81,0.69,253.06,1.3,0.28,0.4
2022-01-13 19:00:00,06,8.25,1012.6,0.48,102.93,0.95,0.54,0.66
2022-01-13 20:00:00,06,7.95,1011.78,1.31,68.16,0.9,0.93,1.15
2022-01-13 21:00:00,06,7.46,1011.37,1.63,69.24,1.6,1.34,1.57
2022-01-13 22:00:00,06,6.7,1011.0,1.95,57.47,1.86,1.65,1.99
2022-01-13 23:00:00,06,6.45,1010.98,2.06,59.65,2.31,1.79,2.23
2022-01-14 00:00:00,06,6.38,1010.83,2.49,62.86,3.04,1.7,2.14
2022-01-14 01:00:00,06,6.25,1010.39,2.46,64.8,3.45,1.41,1.85
2022-01-14 02:00:00,06,6.1,1009.92,2.79,66.65,3.99,0.98,1.42
2022-01-14 03:00:00,06,5.76,1009.59,2.9,96.03,4.53,0.53,1.07
2022-01-14 04:00:00,06,5.82,1008.68,3.58,91.11,6.38,0.18,0.72
2022-01-14 05:00:00,06,5.7,1007.97,3.84,95.67,7.06,0.04,0.57
2022-01-13 12:00:00,12,4.35,1017.39,2.46,211.1,3.04,2.14,2.04
2022-01-13 13:00:00,12,4.56,1017.15,2.24,208.99,2.96,1.8,1.75
2022-01-13 14:00:00,12,5.28,1017.19,1.94,195.3,2.62,1.32,1.36
2022-01-13 15:00:00,12,6.15,1016.9,1.54,224.34,1.96,0.83,0.85
2022-01-13 16:00:00,12,7.09,1016.3,1.55,244.11,2.11,0.43,0.53
2022-01-13 17:00:00,12,7.7,1014.8,1.33,246.26,1.93,0.33,0.41
2022-01-13 18:00:00,12,8.06,1013.25,1.03,233.01,1.59,0.28,0.36
2022-01-13 19:00:00,12,7.66,1012.08,0.29,190.67,0.98,0.54,0.71
2022-01-13 20:00:00,12,7.75,1011.34,0.4,76.04,0.86,0.93,1.1
2022-01-13 21:00:00,12,7.36,1010.89,0.94,82.17,1.04,1.34,1.6
2022-01-13 22:00:00,12,6.59,1010.55,1.54,60.32,1.41,1.65,1.92
2022-01-13 23:00:00,12,6.31,1010.44,1.85,74.35,1.9,1.79,2.15
2022-01-14 00:00:00,12,6.29,1010.37,2.1,64.94,2.56,1.7,2.06
2022-01-14 01:00:00,12,6.25,1010.0,2.4,63.83,3.18,1.41,1.87
2022-01-14 02:00:00,12,5.95,1009.43,2.79,80.36,4.06,0.98,1.43
2022-01-14 03:00:00,12,5.85,1008.9,3.15,81.71,5.24,0.53,0.97
2022-01-14 04:00:00,12,5.95,1008.38,2.99,93.26,5.57,0.18,0.72
2022-01-14 05:00:00,12,5.94,1007.72,3.33,106.05,6.15,0.04,0.57
2022-01-14 06:00:00,12,5.62,1007.2,3.45,118.43,6.85,0.16,0.69
2022-01-14 07:00:00,12,5.55,1007.03,3.93,115.02,8.22,0.52,1.16
2022-01-14 08:00:00,12,5.55,1006.83,4.33,103.64,9.53,1.03,1.67
2022-01-14 09:00:00,12,5.4,1006.49,5.26,107.3,10.53,1.58,2.31
2022-01-14 10:00:00,12,5.31,1006.14,6.39,106.14,12.36,2.03,2.77
2022-01-14 11:00:00,12,5.29,1006.58,6.76,107.75,13.63,2.3,3.14
2022-01-13 18:00:00,18,8.06,1013.28,0.79,234.95,1.33,0.28,0.43
2022-01-13 19:00:00,18,7.76,1012.05,0.19,49.23,0.84,0.54,0.68
2022-01-13 20:00:00,18,7.85,1011.38,0.91,30.58,0.9,0.93,1.07
2022-01-13 21:00:00,18,7.45,1010.88,1.52,45.66,1.22,1.34,1.52
2022-01-13 22:00:00,18,6.71,1010.54,1.98,47.05,1.75,1.65,1.89
2022-01-13 23:00:00,18,6.35,1010.65,1.95,58.54,1.93,1.73,2.01
2022-01-14 00:00:00,18,6.37,1010.54,2.03,69.99,2.33,1.7,1.98
2022-01-14 01:00:00,18,6.18,1009.89,2.31,87.03,3.27,1.41,1.79
2022-01-14 02:00:00,18,5.98,1009.77,2.29,60.53,3.07,0.98,1.35
2022-01-14 03:00:00,18,5.93,1008.91,2.74,95.0,4.44,0.53,0.9
2022-01-14 04:00:00,18,6.02,1008.59,2.74,109.32,5.11,0.18,0.64
2022-01-14 05:00:00,18,5.76,1007.96,3.3,109.97,6.07,0.04,0.5
2022-01-14 06:00:00,18,5.65,1007.12,3.99,121.9,7.56,0.16,0.61
2022-01-14 07:00:00,18,5.62,1006.87,4.28,117.39,8.74,0.52,1.07
2022-01-14 08:00:00,18,5.53,1006.51,4.6,102.13,9.99,1.03,1.58
2022-01-14 09:00:00,18,5.38,1006.26,5.26,105.79,10.85,1.58,2.22
2022-01-14 10:00:00,18,5.35,1006.18,5.92,102.96,12.12,2.03,2.77
2022-01-14 11:00:00,18,5.26,1006.55,6.62,103.2,13.42,2.3,3.14
2022-01-14 12:00:00,18,5.07,1007.26,6.85,112.3,14.24,2.34,3.18
2022-01-14 13:00:00,18,5.16,1007.54,7.47,110.4,15.17,2.14,3.08
2022-01-14 14:00:00,18,5.67,1008.32,7.84,109.85,15.26,1.74,2.77
2022-01-14 15:00:00,18,6.29,1009.14,8.02,114.74,14.02,1.22,2.26
2022-01-14 16:00:00,18,6.65,1009.21,7.96,118.07,12.81,0.7,1.74
2022-01-14 17:00:00,18,7.15,1008.82,7.57,120.58,11.79,0.32,1.36
2022-01-14 01:00:00,00,6.25,1010.01,2.44,82.06,3.39,1.41,1.84
2022-01-14 02:00:00,00,5.99,1009.84,2.52,67.3,3.72,0.98,1.48
2022-01-14 03:00:00,00,5.95,1008.89,2.97,86.54,5.06,0.53,1.06
2022-01-14 04:00:00,00,6.03,1008.42,2.96,108.23,5.67,0.18,0.75
2022-01-14 05:00:00,00,5.82,1007.8,3.41,110.53,6.4,0.09,0.64
2022-01-14 06:00:00,00,5.74,1006.84,4.02,122.33,7.75,0.16,0.7
2022-01-14 07:00:00,00,5.77,1006.54,4.22,115.3,8.95,0.52,1.15
2022-01-14 08:00:00,00,5.65,1006.36,4.65,102.82,10.33,1.03,1.66
2022-01-14 09:00:00,00,5.55,1006.26,5.29,97.66,11.45,1.58,2.29
2022-01-14 10:00:00,00,5.57,1006.05,6.1,98.03,12.67,2.03,2.83
2022-01-14 11:00:00,00,5.47,1006.39,6.92,107.7,13.86,2.3,3.2
2022-01-14 12:00:00,00,5.29,1007.01,7.35,104.98,14.82,2.34,3.33
2022-01-14 13:00:00,00,5.35,1007.52,7.43,111.4,15.05,2.14,3.12
2022-01-14 14:00:00,00,5.94,1008.11,7.9,115.17,15.12,1.74,2.81
2022-01-14 15:00:00,00,6.57,1009.38,7.73,119.54,13.69,1.22,2.28
2022-01-14 16:00:00,00,7.01,1009.24,8.24,110.56,13.07,0.7,1.76
2022-01-14 17:00:00,00,7.56,1008.72,8.27,113.94,12.42,0.32,1.37
2022-01-14 18:00:00,00,7.76,1008.02,8.3,114.71,12.45,0.16,1.21
2022-01-14 19:00:00,00,7.67,1008.45,8.56,121.47,12.41,0.26,1.31
2022-01-14 20:00:00,00,7.28,1009.03,8.44,119.05,12.95,0.58,1.62
2022-01-14 21:00:00,00,6.95,1010.04,8.02,122.52,12.95,1.01,2.16
2022-01-14 22:00:00,00,6.58,1011.17,8.1,116.65,12.61,1.44,2.68
2022-01-14 23:00:00,00,6.46,1011.99,7.92,108.8,12.7,1.74,2.98
2022-01-14 06:00:00,06,5.67,1006.95,4.09,125.54,7.8,0.16,0.87
2022-01-14 07:00:00,06,5.75,1006.74,4.26,114.99,8.98,0.52,1.3
2022-01-14 08:00:00,06,5.75,1006.5,4.57,104.2,10.47,1.03,1.87
2022-01-14 09:00:00,06,5.65,1006.44,5.38,102.17,11.53,1.58,2.42
2022-01-14 10:00:00,06,5.66,1006.2,5.94,100.93,12.58,2.03,2.95
2022-01-14 11:00:00,06,5.45,1006.43,6.84,106.17,13.9,2.16,3.1
2022-01-14 12:00:00,06,5.35,1006.87,7.26,104.23,14.85,2.34,3.37
2022-01-14 13:00:00,06,5.36,1007.58,7.17,110.37,14.83,2.14,3.26
2022-01-14 14:00:00,06,5.9,1008.58,7.5,114.38,14.79,1.74,2.85
2022-01-14 15:00:00,06,6.59,1009.45,7.85,118.5,13.92,1.22,2.43
2022-01-14 16:00:00,06,7.06,1009.75,7.93,111.36,12.87,0.7,1.91
2022-01-14 17:00:00,06,7.58,1009.29,8.36,111.91,12.6,0.32,1.52
2022-01-14 18:00:00,06,7.89,1008.52,8.56,115.54,12.83,0.16,1.35
2022-01-14 19:00:00,06,7.67,1008.78,8.45,117.89,12.31,0.26,1.45
2022-01-14 20:00:00,06,7.55,1009.65,8.32,117.72,12.65,0.58,1.85
2022-01-14 21:00:00,06,7.08,1010.6,8.12,116.08,12.51,1.01,2.28
2022-01-14 22:00:00,06,6.68,1011.46,7.92,111.63,12.36,1.44,2.8
2022-01-14 23:00:00,06,6.51,1012.28,7.38,109.87,12.04,1.74,3.09
2022-01-15 00:00:00,06,5.91,1013.53,7.46,109.83,12.68,1.83,3.19
2022-01-15 01:00:00,06,5.63,1014.54,7.65,108.95,12.97,1.69,3.15
2022-01-15 02:00:00,06,5.43,1015.35,7.64,107.94,12.57,1.35,2.8
2022-01-15 03:00:00,06,5.15,1015.85,7.15,100.8,11.93,0.88,2.43
2022-01-15 04:00:00,06,5.0,1016.71,7.21,104.77,11.73,0.41,1.97
2022-01-15 05:00:00,06,4.67,1017.35,7.37,107.79,12.17,0.08,1.73
2022-01-14 12:00:00,12,5.46,1006.72,7.19,106.4,14.91,2.34,3.32
2022-01-14 13:00:00,12,5.47,1007.4,6.95,113.75,15.0,2.14,3.22
2022-01-14 14:00:00,12,6.09,1008.32,7.32,117.64,14.9,1.74,2.89
2022-01-14 15:00:00,12,6.69,1008.7,8.36,120.45,14.93,1.22,2.47
2022-01-14 16:00:00,12,7.26,1009.1,8.12,112.46,13.72,0.7,2.04
2022-01-14 17:00:00,12,7.82,1008.77,8.64,110.69,13.45,0.53,1.88
2022-01-14 18:00:00,12,8.16,1008.02,8.84,108.79,13.92,0.16,1.51
2022-01-14 19:00:00,12,8.09,1008.42,8.13,110.63,12.81,0.26,1.7
2022-01-14 20:00:00,12,7.85,1009.44,8.52,114.52,13.01,0.58,2.11
2022-01-14 21:00:00,12,7.35,1010.42,8.32,112.74,12.83,1.01,2.63
2022-01-14 22:00:00,12,6.65,1011.27,7.9,110.41,12.65,1.44,3.15
2022-01-14 23:00:00,12,6.4,1012.19,7.93,108.01,12.7,1.74,3.44
2022-01-15 00:00:00,12,6.1,1013.27,7.79,107.56,13.0,1.83,3.43
2022-01-15 01:00:00,12,5.88,1014.38,8.14,110.69,13.3,1.69,3.28
2022-01-15 02:00:00,12,5.61,1014.93,8.37,104.09,13.4,1.35,2.93
2022-01-15 03:00:00,12,5.39,1015.76,7.64,104.45,12.65,0.88,2.56
2022-01-15 04:00:00,12,5.12,1016.57,7.54,107.59,12.21,0.41,2.18
2022-01-15 05:00:00,12,4.98,1017.15,7.66,109.76,12.73,0.08,1.94
2022-01-15 06:00:00,12,4.77,1017.42,7.58,108.8,12.75,-0.01,1.75
2022-01-15 07:00:00,12,4.37,1018.05,7.06,106.94,11.92,0.18,1.94
2022-01-15 08:00:00,12,4.11,1018.56,6.5,107.38,10.6,0.6,2.26
2022-01-15 09:00:00,12,3.92,1019.12,6.5,105.69,10.14,1.16,2.92
2022-01-15 10:00:00,12,3.65,1019.64,6.17,102.39,9.34,1.73,3.49
2022-01-15 11:00:00,12,3.55,1020.53,6.05,97.35,9.05,2.17,3.83
2022-01-14 18:00:00,18,8.28,1008.06,8.43,110.16,13.21,0.16,1.67
2022-01-14 19:00:00,18,8.35,1008.17,7.8,113.47,12.22,0.26,1.73
2022-01-14 20:00:00,18,8.15,1009.16,8.23,120.01,12.43,0.58,2.07
2022-01-14 21:00:00,18,7.65,1010.1,8.13,123.78,12.44,1.01,2.43
2022-01-14 22:00:00,18,7.05,1011.04,7.75,119.16,12.55,1.44,2.84
2022-01-14 23:00:00,18,6.66,1011.94,7.65,112.93,12.52,1.58,2.98
2022-01-15 00:00:00,18,6.46,1013.06,7.75,107.31,12.73,1.83,3.25
2022-01-15 01:00:00,18,6.13,1014.22,8.07,107.63,12.86,1.69,3.14
2022-01-15 02:00:00,18,5.83,1014.86,8.29,98.75,12.73,1.35,2.91
2022-01-15 03:00:00,18,5.64,1015.75,7.61,98.78,11.82,0.88,2.56
2022-01-15 04:00:00,18,5.37,1016.67,7.62,99.61,11.32,0.41,2.12
2022-01-15 05:00:00,18,5.25,1017.28,7.65,102.01,11.76,0.08,1.91
2022-01-15 06:00:00,18,4.97,1017.62,7.34,106.2,11.74,-0.01,1.84
2022-01-15 07:00:00,18,4.63,1018.36,7.21,105.42,11.52,0.18,1.95
2022-01-15 08:00:00,18,4.34,1019.02,6.61,105.89,10.19,0.6,2.39
2022-01-15 09:00:00,18,4.09,1019.45,6.77,103.06,9.94,1.16,2.98
2022-01-15 10:00:00,18,3.93,1020.09,6.57,99.34,9.48,1.73,3.56
2022-01-15 11:00:00,18,3.6,1020.77,6.27,93.3,8.8,2.17,3.92
2022-01-15 12:00:00,18,3.65,1021.94,6.02,93.24,8.07,2.4,4.15
2022-01-15 13:00:00,18,3.59,1022.7,5.73,94.86,7.4,2.37,4.13
2022-01-15 14:00:00,18,3.96,1023.89,5.25,96.36,6.65,2.1,3.85
2022-01-15 15:00:00,18,4.3,1024.45,4.78,91.62,6.05,1.63,3.38
2022-01-15 16:00:00,18,4.55,1025.1,4.57,91.9,5.76,1.06,2.82
2022-01-15 17:00:00,18,5.04,1024.51,4.49,85.29,5.6,0.54,2.2
2022-01-15 01:00:00,00,6.36,1013.97,7.84,112.02,12.61,1.69,2.81
2022-01-15 02:00:00,00,6.15,1014.56,7.68,102.03,12.65,1.35,2.63
2022-01-15 03:00:00,00,5.9,1015.33,7.12,99.04,11.76,0.88,2.44
2022-01-15 04:00:00,00,5.79,1016.26,7.21,96.95,11.18,0.41,2.1
2022-01-15 05:00:00,00,5.68,1016.87,7.51,94.86,10.82,0.25,1.96
2022-01-15 06:00:00,00,5.38,1017.19,7.13,93.84,10.07,-0.01,1.8
2022-01-15 07:00:00,00,5.35,1017.83,7.16,93.59,10.35,0.18,2.0
2022-01-15 08:00:00,00,4.99,1018.65,6.93,99.92,10.87,0.6,2.34
2022-01-15 09:00:00,00,4.65,1019.11,6.98,99.57,10.64,1.16,2.91
2022-01-15 10:00:00,00,4.35,1019.92,6.48,98.05,9.25,1.73,3.39
2022-01-15 11:00:00,00,4.16,1020.71,6.09,94.15,8.55,2.17,3.84
2022-01-15 12:00:00,00,3.95,1021.69,5.65,92.98,7.83,2.4,4.08
2022-01-15 13:00:00,00,4.03,1022.56,5.41,96.18,7.12,2.37,4.07
2022-01-15 14:00:00,00,4.3,1023.86,5.07,98.47,6.47,2.1,3.81
2022-01-15 15:00:00,00,4.69,1024.56,5.0,93.88,6.23,1.63,3.25
2022-01-15 16:00:00,00,5.15,1024.82,4.74,85.31,5.93,1.06,2.7
2022-01-15 17:00:00,00,5.5,1024.82,4.1,90.4,5.16,0.54,2.09
2022-01-15 18:00:00,00,5.54,1023.99,3.77,81.59,4.84,0.19,1.74
2022-01-15 19:00:00,00,5.5,1023.9,3.36,81.01,4.33,0.1,1.64
2022-01-15 20:00:00,00,5.35,1023.85,3.61,70.93,4.39,0.28,1.82
2022-01-15 21:00:00,00,5.06,1024.24,3.63,64.9,4.32,0.66,2.21
2022-01-15 22:00:00,00,4.81,1024.32,4.31,58.63,4.57,1.14,2.68
2022-01-15 23:00:00,00,4.59,1024.81,4.84,57.85,5.01,1.57,3.12
2022-01-15 06:00:00,06,5.27,1017.27,7.14,94.44,10.16,-0.01,1.79
2022-01-15 07:00:00,06,5.06,1017.94,7.19,94.11,10.0,0.18,1.9
2022-01-15 08:00:00,06,5.15,1018.74,7.25,94.26,10.18,0.6,2.1
2022-01-15 09:00:00,06,4.77,1019.27,7.11,95.93,10.57,1.16,2.72
2022-01-15 10:00:00,06,4.55,1020.12,6.75,94.24,9.85,1.73,3.26
2022-01-15 11:00:00,06,4.22,1020.88,6.42,91.49,9.13,1.92,3.44
2022-01-15 12:00:00,06,4.05,1021.79,5.97,90.67,8.45,2.4,3.92
2022-01-15 13:00:00,06,4.01,1022.68,5.74,92.66,7.57,2.37,3.99
2022-01-15 14:00:00,06,4.35,1023.98,5.6,94.93,6.93,2.1,3.62
2022-01-15 15:00:00,06,4.77,1024.75,5.58,90.48,6.64,1.63,3.15
2022-01-15 16:00:00,06,5.16,1024.91,5.59,81.09,6.55,1.06,2.49
2022-01-15 17:00:00,06,5.48,1025.03,4.9,83.93,5.56,0.54,1.97
2022-01-15 18:00:00,06,5.65,1024.11,5.05,73.15,5.58,0.19,1.62
2022-01-15 19:00:00,06,5.49,1024.37,4.56,72.62,4.93,0.1,1.43
2022-01-15 20:00:00,06,5.3,1024.34,4.77,66.86,4.92,0.28,1.61
2022-01-15 21:00:00,06,4.95,1024.86,4.71,64.48,4.75,0.66,2.0
2022-01-15 22:00:00,06,4.64,1025.07,5.0,58.61,5.03,1.14,2.48
2022-01-15 23:00:00,06,4.51,1025.36,5.22,61.21,5.63,1.57,2.92
2022-01-16 00:00:00,06,4.3,1025.85,5.16,64.28,5.83,1.84,3.08
2022-01-16 01:00:00,06,4.31,1026.14,5.18,66.79,6.13,1.88,3.12
2022-01-16 02:00:00,06,4.04,1026.07,4.57,64.28,5.68,1.66,2.81
2022-01-16 03:00:00,06,3.96,1026.02,4.54,62.27,5.84,1.25,2.39
2022-01-16 04:00:00,06,3.95,1025.75,4.88,55.38,6.16,0.74,1.88
2022-01-16 05:00:00,06,3.96,1026.07,4.31,47.54,5.43,0.27,1.42
2022-01-15 12:00:00,12,4.02,1021.79,6.08,88.67,8.52,2.4,3.81
2022-01-15 13:00:00,12,4.05,1022.77,6.03,89.81,7.76,2.37,3.79
2022-01-15 14:00:00,12,4.33,1024.23,6.08,90.76,7.31,2.1,3.55
2022-01-15 15:00:00,12,4.75,1025.08,6.46,85.84,7.24,1.63,3.21
2022-01-15 16:00:00,12,4.98,1025.33,6.62,76.5,7.35,1.06,2.69
2022-01-15 17:00:00,12,5.2,1025.48,6.06,76.45,6.41,0.84,2.43
2022-01-15 18:00:00,12,5.21,1024.67,6.1,70.59,6.36,0.19,1.66
2022-01-15 19:00:00,12,5.16,1024.73,5.64,71.03,5.83,0.1,1.55
2022-01-15 20:00:00,12,4.77,1024.77,5.39,67.94,5.66,0.28,1.6
2022-01-15 21:00:00,12,4.52,1025.39,5.13,70.95,5.44,0.66,1.97
2022-01-15 22:00:00,12,4.19,1025.48,4.99,66.1,5.36,1.14,2.43
2022-01-15 23:00:00,12,4.1,1025.93,5.1,67.63,5.69,1.57,2.84
2022-01-16 00:00:00,12,4.04,1026.47,4.98,67.06,5.62,1.84,2.99
2022-01-16 01:00:00,12,3.9,1026.61,4.97,68.07,5.95,1.88,3.01
2022-01-16 02:00:00,12,3.7,1026.7,4.27,63.71,5.34,1.66,2.78
2022-01-16 03:00:00,12,3.75,1026.14,4.56,53.81,5.82,1.25,2.24
2022-01-16 04:00:00,12,3.75,1026.33,4.28,47.32,5.37,0.74,1.81
2022-01-16 05:00:00,12,3.75,1026.27,4.59,48.6,5.58,0.27,1.33
2022-01-16 06:00:00,12,3.76,1025.59,4.55,40.91,5.75,-0.02,0.94
2022-01-16 07:00:00,12,3.67,1025.92,4.72,46.11,6.01,-0.04,0.92
2022-01-16 08:00:00,12,3.65,1025.58,4.36,42.28,5.98,0.23,1.19
2022-01-16 09:00:00,12,3.75,1024.72,5.2,46.61,7.06,0.73,1.68
2022-01-16 10:00:00,12,3.89,1024.01,5.71,50.15,8.12,1.33,2.29
2022-01-16 11:00:00,12,3.96,1023.86,5.82,49.14,8.29,1.91,2.86
2022-01-15 18:00:00,18,5.09,1024.7,6.09,71.36,6.36,0.19,1.63
2022-01-15 19:00:00,18,5.01,1024.81,5.76,71.81,6.0,0.1,1.41
2022-01-15 20:00:00,18,4.67,1024.85,5.71,69.24,6.0,0.28,1.45
2022-01-15 21:00:00,18,4.35,1025.45,5.58,71.75,5.96,0.66,1.68
2022-01-15 22:00:00,18,3.99,1025.64,5.57,67.61,6.04,1.14,2.14
2022-01-15 23:00:00,18,3.93,1026.08,5.57,68.43,6.22,1.32,2.34
2022-01-16 00:00:00,18,3.83,1026.59,5.3,66.2,6.08,1.84,2.87
2022-01-16 01:00:00,18,3.75,1026.97,4.9,68.17,5.86,1.88,2.81
2022-01-16 02:00:00,18,3.75,1026.95,4.32,58.8,5.34,1.66,2.61
2022-01-16 03:00:00,18,3.65,1026.82,4.79,57.2,5.95,1.25,2.21
2022-01-16 04:00:00,18,3.51,1026.47,4.98,44.78,6.17,0.74,1.71
2022-01-16 05:00:00,18,3.46,1026.66,4.82,45.14,6.02,0.27,1.25
2022-01-16 06:00:00,18,3.5,1026.07,4.67,40.66,6.41,-0.02,0.97
2022-01-16 07:00:00,18,3.52,1026.19,5.05,50.41,6.83,-0.04,0.96
2022-01-16 08:00:00,18,3.57,1026.21,5.01,55.2,7.12,0.23,1.25
2022-01-16 09:00:00,18,3.71,1024.69,5.54,47.29,8.16,0.73,1.76
2022-01-16 10:00:00,18,3.95,1024.16,5.92,49.28,8.43,1.33,2.27
2022-01-16 11:00:00,18,4.06,1023.25,6.28,44.17,9.38,1.91,2.86
2022-01-16 12:00:00,18,4.3,1022.79,6.17,38.16,9.87,2.31,3.37
2022-01-16 13:00:00,18,4.73,1022.41,5.96,35.57,9.75,2.48,3.53
2022-01-16 14:00:00,18,5.15,1022.57,5.84,18.19,9.46,2.36,3.52
2022-01-16 15:00:00,18,5.41,1020.76,7.65,13.37,11.13,2.0,3.15
2022-01-16 16:00:00,18,5.65,1019.15,8.51,14.6,12.57,1.46,2.61
2022-01-16 17:00:00,18,5.76,1016.84,8.96,13.67,14.05,0.86,2.01
2022-01-16 01:00:00,00,3.65,1027.25,5.05,71.23,5.84,1.88,2.89
2022-01-16 02:00:00,00,3.6,1027.2,4.55,64.41,5.51,1.66,2.72
2022-01-16 03:00:00,00,3.45,1026.99,5.1,62.95,6.25,1.25,2.34
2022-01-16 04:00:00,00,3.45,1026.57,5.17,48.88,6.56,0.74,1.82
2022-01-16 05:00:00,00,3.42,1026.57,5.08,45.01,6.31,0.54,1.65
2022-01-16 06:00:00,00,3.42,1026.34,4.85,39.59,6.18,-0.02,1.09
2022-01-16 07:00:00,00,3.36,1026.28,5.22,45.23,6.93,-0.04,1.08
2022-01-16 08:00:00,00,3.36,1026.59,4.89,54.76,6.87,0.23,1.35
2022-01-16 09:00:00,00,3.55,1025.27,5.3,50.99,7.96,0.73,1.75
2022-01-16 10:00:00,00,3.65,1024.71,5.74,50.84,8.25,1.33,2.36
2022-01-16 11:00:00,00,3.78,1023.92,6.1,46.55,9.23,1.91,2.93
2022-01-16 12:00:00,00,4.03,1023.44,6.08,45.27,9.46,2.31,3.34
2022-01-16 13:00:00,00,4.35,1022.84,5.77,37.8,9.48,2.48,3.61
2022-01-16 14:00:00,00,4.8,1022.67,5.35,31.62,9.35,2.36,3.5
2022-01-16 15:00:00,00,5.16,1021.74,6.03,16.83,10.01,2.0,3.14
2022-01-16 16:00:00,00,5.51,1019.36,7.9,16.06,12.03,1.46,2.6
2022-01-16 17:00:00,00,5.61,1017.19,8.46,19.85,13.38,0.86,2.11
2022-01-16 18:00:00,00,5.77,1014.97,8.66,17.04,14.83,0.36,1.6
2022-01-16 19:00:00,00,5.84,1012.18,9.85,15.72,17.21,0.07,1.31
2022-01-16 20:00:00,00,6.15,1009.21,11.07,11.74,19.8,0.06,1.41
2022-01-16 21:00:00,00,6.58,1006.59,11.08,4.72,20.46,0.33,1.88
2022-01-16 22:00:00,00,7.25,1004.46,10.11,344.58,20.37,0.79,2.64
2022-01-16 23:00:00,00,7.52,1001.46,11.25,326.87,21.31,1.3,3.25
2022-01-16 06:00:00,06,3.09,1026.58,5.08,41.37,6.49,-0.02,1.2
2022-01-16 07:00:00,06,3.05,1026.49,5.57,46.79,7.41,-0.04,1.22
2022-01-16 08:00:00,06,3.15,1026.87,5.37,55.47,7.48,0.23,1.46
2022-01-16 09:00:00,06,3.25,1025.52,5.91,50.72,8.48,0.73,1.93
2022-01-16 10:00:00,06,3.45,1025.29,6.2,54.01,8.45,1.33,2.67
2022-01-16 11:00:00,06,3.58,1024.22,6.29,45.75,9.56,1.57,2.8
2022-01-16 12:00:00,06,3.75,1023.87,6.14,45.07,9.58,2.31,3.53
2022-01-16 13:00:00,06,4.04,1023.22,5.88,36.73,9.7,2.48,3.69
2022-01-16 14:00:00,06,4.48,1023.19,5.48,29.19,9.32,2.36,3.67
2022-01-16 15:00:00,06,4.85,1021.88,6.22,18.44,10.35,2.0,3.3
2022-01-16 16:00:00,06,5.13,1020.31,7.28,22.75,11.37,1.46,2.75
2022-01-16 17:00:00,06,5.23,1018.03,8.1,24.79,13.02,0.86,2.05
2022-01-16 18:00:00,06,5.27,1015.48,8.75,20.77,14.96,0.36,1.64
2022-01-16 19:00:00,06,5.58,1013.01,9.35,18.77,16.93,0.07,1.44
2022-01-16 20:00:00,06,5.95,1009.66,10.9,13.69,19.63,0.06,1.53
2022-01-16 21:00:00,06,6.32,1007.15,10.82,1.46,20.24,0.33,1.9
2022-01-16 22:00:00,06,6.95,1005.19,10.85,344.53,21.35,0.79,2.55
2022-01-16 23:00:00,06,7.29,1001.75,11.92,335.53,22.15,1.3,3.25
2022-01-17 00:00:00,06,7.62,999.08,11.91,331.28,22.31,1.72,3.77
2022-01-17 01:00:00,06,7.88,995.35,11.95,327.6,23.75,1.94,3.99
2022-01-17 02:00:00,06,7.48,996.03,9.81,264.12,16.45,1.89,3.94
2022-01-17 03:00:00,06,6.35,995.06,8.14,222.33,15.82,1.59,3.44
2022-01-17 04:00:00,06,5.56,996.06,9.06,232.54,17.72,1.11,2.76
2022-01-17 05:00:00,06,5.35,995.37,8.04,235.66,17.2,0.58,1.83
2022-01-16 12:00:00,12,3.55,1024.07,6.41,50.52,9.71,2.31,3.59
2022-01-16 13:00:00,12,3.82,1023.51,6.4,45.62,9.94,2.48,3.78
2022-01-16 14:00:00,12,4.25,1023.58,6.2,43.99,9.78,2.36,3.79
2022-01-16 15:00:00,12,4.51,1022.22,6.8,35.4,10.95,2.0,3.51
2022-01-16 16:00:00,12,4.98,1021.06,7.21,29.82,11.45,1.46,3.13
2022-01-16 17:00:00,12,4.96,1018.45,8.43,28.09,13.12,1.22,2.94
2022-01-16 18:00:00,12,5.18,1015.84,8.83,22.47,14.82,0.36,2.14
2022-01-16 19:00:00,12,5.46,1013.11,9.62,19.21,16.92,0.07,1.81
2022-01-16 20:00:00,12,5.75,1010.08,10.53,13.97,19.31,0.06,1.97
2022-01-16 21:00:00,12,6.15,1007.8,10.95,3.96,20.36,0.33,2.3
2022-01-16 22:00:00,12,6.74,1005.31,11.17,351.06,21.48,0.79,2.92
2022-01-16 23:00:00,12,7.14,1001.26,12.03,341.79,22.38,1.3,3.59
2022-01-17 00:00:00,12,7.65,998.61,12.81,329.98,24.18,1.72,3.97
2022-01-17 01:00:00,12,7.85,994.94,13.32,327.74,25.22,1.94,4.25
2022-01-17 02:00:00,12,6.55,996.45,8.66,234.25,16.05,1.89,4.17
2022-01-17 03:00:00,12,6.15,996.21,7.61,251.59,14.51,1.59,3.53
2022-01-17 04:00:00,12,5.75,996.06,9.02,235.79,17.28,1.11,3.11
2022-01-17 05:00:00,12,5.26,994.94,8.19,230.44,17.86,0.58,2.14
2022-01-17 06:00:00,12,5.07,994.93,8.68,231.41,17.75,0.13,0.99
2022-01-17 07:00:00,12,4.96,993.75,8.35,230.52,18.31,-0.1,0.06
2022-01-17 08:00:00,12,4.95,992.78,9.34,228.88,18.2,-0.03,-0.37
2022-01-17 09:00:00,12,4.75,992.7,11.69,223.34,17.95,0.34,0.3
2022-01-17 10:00:00,12,4.55,993.39,11.43,223.89,18.87,0.91,0.87
2022-01-17 11:00:00,12,4.21,993.8,10.68,210.04,19.45,1.54,1.5
2022-01-16 18:00:00,18,5.08,1015.63,9.16,28.16,15.25,0.36,2.18
2022-01-16 19:00:00,18,5.34,1012.97,9.97,25.14,17.46,0.07,1.89
2022-01-16 20:00:00,18,5.75,1009.64,11.16,19.21,20.01,0.06,2.02
2022-01-16 21:00:00,18,6.16,1007.35,11.03,7.75,20.67,0.33,2.3
2022-01-16 22:00:00,18,6.8,1005.26,10.59,349.18,21.32,0.79,2.78
2022-01-16 23:00:00,18,7.19,1001.24,12.95,339.61,24.55,1.0,2.98
2022-01-17 00:00:00,18,7.55,997.32,14.89,335.16,27.3,1.72,3.81
2022-01-17 01:00:00,18,7.95,993.63,14.95,326.0,28.2,1.94,4.25
2022-01-17 02:00:00,18,7.75,994.47,10.97,267.61,18.46,1.89,4.32
2022-01-17 03:00:00,18,6.15,995.52,10.46,231.82,18.93,1.59,3.83
2022-01-17 04:00:00,18,5.85,994.91,9.43,236.76,17.78,1.11,3.17
2022-01-17 05:00:00,18,5.36,994.29,8.11,233.22,17.1,0.58,2.25
2022-01-17 06:00:00,18,5.11,994.09,9.03,237.47,17.96,0.13,1.11
2022-01-17 07:00:00,18,4.86,993.41,9.54,234.26,19.13,-0.1,0.2
2022-01-17 08:00:00,18,4.75,992.68,9.42,228.66,18.15,-0.03,-0.21
2022-01-17 09:00:00,18,4.55,992.81,11.49,229.81,18.0,0.34,0.27
2022-01-17 10:00:00,18,4.38,992.9,11.67,219.97,20.39,0.91,0.85
2022-01-17 11:00:00,18,3.96,993.67,10.94,215.12,20.03,1.54,1.51
2022-01-17 12:00:00,18,3.75,994.38,11.11,219.05,20.05,2.1,2.06
2022-01-17 13:00:00,18,3.85,994.88,10.66,216.08,19.82,2.44,1.91
2022-01-17 14:00:00,18,4.39,995.52,10.81,211.97,19.06,2.51,1.48
2022-01-17 15:00:00,18,5.09,996.32,10.9,206.41,17.84,2.29,1.16
2022-01-17 16:00:00,18,5.85,996.72,10.71,200.72,16.5,1.84,1.0
2022-01-17 17:00:00,18,6.28,996.8,10.62,198.73,15.24,1.24,0.7
2022-01-17 01:00:00,00,7.98,993.37,14.59,328.85,27.44,1.94,4.08
2022-01-17 02:00:00,00,8.05,993.6,11.32,284.54,18.81,1.89,4.49
2022-01-17 03:00:00,00,6.55,994.32,9.84,233.68,17.71,1.59,4.24
2022-01-17 04:00:00,00,6.05,993.78,9.97,232.92,18.77,1.11,3.39
2022-01-17 05:00:00,00,5.46,993.38,9.01,225.0,18.72,0.9,3.09
2022-01-17 06:00:00,00,5.17,993.17,8.74,229.75,17.9,0.13,1.51
2022-01-17 07:00:00,00,4.97,992.98,9.18,232.75,17.73,-0.1,0.57
2022-01-17 08:00:00,00,4.85,992.53,10.18,234.58,18.4,-0.03,0.13
2022-01-17 09:00:00,00,4.72,992.51,11.11,226.61,18.73,0.34,0.69
2022-01-17 10:00:00,00,4.52,992.63,11.88,218.42,20.87,0.91,1.24
2022-01-17 11:00:00,00,4.09,993.33,11.16,215.24,20.37,1.54,1.77
2022-01-17 12:00:00,00,3.95,994.12,11.1,216.41,19.91,2.1,2.21
2022-01-17 13:00:00,00,3.98,994.64,10.94,213.58,19.63,2.44,2.15
2022-01-17 14:00:00,00,4.46,995.32,11.03,209.76,19.0,2.51,1.71
2022-01-17 15:00:00,00,5.25,996.19,11.04,203.77,18.1,2.29,1.38
2022-01-17 16:00:00,00,5.95,996.6,10.84,198.94,16.56,1.84,1.21
2022-01-17 17:00:00,00,6.25,996.72,10.83,197.67,15.4,1.24,0.9
2022-01-17 18:00:00,00,6.35,996.7,10.64,194.16,14.3,0.63,0.29
2022-01-17 19:00:00,00,5.95,997.54,10.68,189.66,14.33,0.17,-0.36
2022-01-17 20:00:00,00,5.65,999.0,10.84,185.96,15.12,-0.03,-0.77
2022-01-17 21:00:00,00,5.07,1000.55,10.44,183.84,15.64,0.08,-0.66
2022-01-17 22:00:00,00,4.41,1001.92,10.17,180.19,15.84,0.45,-0.09
2022-01-17 23:00:00,00,4.25,1003.44,10.18,179.16,16.16,0.97,0.53
2022-01-17 06:00:00,06,5.28,993.1,7.9,231.24,16.52,0.13,1.23
2022-01-17 07:00:00,06,5.06,992.88,8.57,232.13,16.65,-0.1,0.82
2022-01-17 08:00:00,06,5.01,992.4,9.9,235.69,18.03,-0.03,0.75
2022-01-17 09:00:00,06,4.75,992.32,11.26,224.75,18.44,0.34,0.87
2022-01-17 10:00:00,06,4.57,992.61,12.1,216.78,21.12,0.91,1.42
2022-01-17 11:00:00,06,4.16,993.49,11.32,213.04,20.42,1.16,1.5
2022-01-17 12:00:00,06,4.01,994.27,10.99,214.44,19.79,2.1,2.12
2022-01-17 13:00:00,06,3.95,994.76,10.95,212.32,19.76,2.44,2.16
2022-01-17 14:00:00,06,4.45,995.3,11.08,208.07,19.35,2.51,2.13
2022-01-17 15:00:00,06,5.25,996.11,11.14,203.17,18.23,2.29,1.9
2022-01-17 16:00:00,06,5.85,996.45,11.1,199.01,16.73,1.84,1.54
2022-01-17 17:00:00,06,6.12,996.49,11.16,197.09,15.81,1.24,0.93
2022-01-17 18:00:00,06,6.25,996.41,10.87,193.05,14.91,0.63,0.32
2022-01-17 19:00:00,06,5.85,997.23,10.85,189.49,14.85,0.17,-0.14
2022-01-17 20:00:00,06,5.55,998.72,10.9,184.89,15.53,-0.03,-0.45
2022-01-17 21:00:00,06,4.97,1000.11,10.65,183.21,16.0,0.08,-0.35
2022-01-17 22:00:00,06,4.39,1001.58,10.39,180.59,16.33,0.45,0.01
2022-01-17 23:00:00,06,4.15,1003.16,10.33,179.04,16.4,0.97,0.52
2022-01-18 00:00:00,06,4.05,1004.76,9.95,178.62,17.02,1.49,0.94
2022-01-18 01:00:00,06,3.86,1005.83,9.47,182.6,16.15,1.87,1.22
2022-01-18 02:00:00,06,3.75,1006.76,9.47,185.53,15.7,2.0,1.36
2022-01-18 03:00:00,06,3.73,1007.67,9.37,184.56,15.54,1.86,1.31
2022-01-18 04:00:00,06,3.65,1008.68,9.0,183.19,15.24,1.48,0.93
2022-01-18 05:00:00,06,3.45,1009.52,8.77,178.28,14.91,0.95,0.4
2022-01-17 12:00:00,12,4.2,994.31,10.8,214.85,19.41,2.1,2.07
2022-01-17 13:00:00,12,4.16,994.87,10.55,213.52,19.15,2.44,2.06
2022-01-17 14:00:00,12,4.75,995.51,10.48,210.08,18.5,2.51,2.17
2022-01-17 15:00:00,12,5.45,996.41,10.35,205.26,17.51,2.29,2.15
2022-01-17 16:00:00,12,6.11,996.84,10.26,198.21,16.17,1.84,1.98
2022-01-17 17:00:00,12,6.45,996.77,10.58,195.46,15.0,1.61,1.8
2022-01-17 18:00:00,12,6.46,996.77,10.6,191.97,14.02,0.63,0.8
2022-01-17 19:00:00,12,6.06,997.54,10.71,187.31,13.94,0.17,0.31
2022-01-17 20:00:00,12,5.71,998.94,10.62,183.47,14.64,-0.03,-0.01
2022-01-17 21:00:00,12,5.05,1000.34,10.23,181.01,15.03,0.08,0.06
2022-01-17 22:00:00,12,4.53,1001.72,10.05,178.46,15.45,0.45,0.4
2022-01-17 23:00:00,12,4.25,1003.28,10.43,177.62,15.94,0.97,0.9
2022-01-18 00:00:00,12,4.16,1004.72,9.71,178.43,16.66,1.49,1.29
2022-01-18 01:00:00,12,3.91,1005.87,9.5,183.84,16.02,1.87,1.54
2022-01-18 02:00:00,12,3.77,1006.69,9.44,185.78,15.94,2.0,1.65
2022-01-18 03:00:00,12,3.91,1007.53,9.64,181.23,15.57,1.86,1.48
2022-01-18 04:00:00,12,3.77,1008.46,9.28,179.71,15.44,1.48,1.07
2022-01-18 05:00:00,12,3.56,1009.33,8.82,178.18,15.01,0.95,0.51
2022-01-18 06:00:00,12,3.5,1010.28,8.2,177.49,14.3,0.41,-0.13
2022-01-18 07:00:00,12,3.38,1011.52,7.76,181.07,13.31,0.01,-0.53
2022-01-18 08:00:00,12,3.26,1012.79,7.71,178.69,13.41,-0.13,-0.57
2022-01-18 09:00:00,12,3.28,1013.65,7.04,178.78,12.81,0.04,-0.29
2022-01-18 10:00:00,12,3.11,1014.54,6.94,177.51,12.63,0.5,0.16
2022-01-18 11:00:00,12,3.18,1015.53,6.5,180.8,11.52,1.13,0.79
2022-01-17 18:00:00,18,6.65,996.58,10.32,192.9,13.78,0.63,1.04
2022-01-17 19:00:00,18,6.25,997.29,10.47,186.81,13.54,0.17,0.46
2022-01-17 20:00:00,18,5.91,998.74,10.88,181.58,14.02,-0.03,0.24
2022-01-17 21:00:00,18,5.37,1000.26,10.48,175.39,14.22,0.08,0.31
2022-01-17 22:00:00,18,4.98,1002.05,10.59,171.24,15.05,0.45,0.51
2022-01-17 23:00:00,18,4.65,1003.7,10.54,172.7,15.65,0.65,0.74
2022-01-18 00:00:00,18,4.36,1005.28,9.78,171.03,16.55,1.49,1.47
2022-01-18 01:00:00,18,4.05,1006.36,9.35,179.08,15.9,1.87,1.73
2022-01-18 02:00:00,18,3.92,1007.26,9.45,180.43,15.43,2.0,1.94
2022-01-18 03:00:00,18,3.82,1008.12,9.44,178.02,15.16,1.86,1.78
2022-01-18 04:00:00,18,3.74,1009.04,9.04,177.24,14.92,1.48,1.38
2022-01-18 05:00:00,18,3.55,1009.88,8.83,175.4,14.83,0.95,0.83
2022-01-18 06:00:00,18,3.45,1010.77,8.19,173.91,14.15,0.41,0.27
2022-01-18 07:00:00,18,3.38,1012.08,7.81,178.2,13.31,0.01,-0.24
2022-01-18 08:00:00,18,3.33,1013.26,7.83,177.42,13.22,-0.13,-0.3
2022-01-18 09:00:00,18,3.25,1014.08,7.31,174.23,12.93,0.04,-0.04
2022-01-18 10:00:00,18,3.19,1014.82,6.93,171.62,12.59,0.5,0.5
2022-01-18 11:00:00,18,3.15,1015.9,6.46,175.39,11.47,1.13,1.11
2022-01-18 12:00:00,18,3.05,1017.39,6.32,180.21,10.95,1.77,1.75
2022-01-18 13:00:00,18,3.29,1018.05,5.94,180.21,10.31,2.27,2.25
2022-01-18 14:00:00,18,3.93,1019.01,5.98,172.6,9.49,2.52,2.5
2022-01-18 15:00:00,18,4.68,1020.03,5.69,165.86,8.04,2.48,2.46
2022-01-18 16:00:00,18,5.2,1020.52,5.31,155.0,7.23,2.15,2.13
2022-01-18 17:00:00,18,5.83,1020.46,5.09,151.59,6.87,1.61,1.69
2022-01-18 01:00:00,00,4.35,1005.85,9.7,175.43,16.25,1.87,1.6
2022-01-18 02:00:00,00,4.28,1006.75,9.74,173.73,15.81,2.0,1.76
2022-01-18 03:00:00,00,4.16,1007.7,9.56,170.97,15.56,1.86,1.69
2022-01-18 04:00:00,00,4.01,1008.87,9.26,168.66,15.31,1.48,1.3
2022-01-18 05:00:00,00,3.85,1009.8,9.04,166.63,15.08,1.27,1.13
2022-01-18 06:00:00,00,3.62,1010.79,8.29,167.45,14.44,0.41,0.26
2022-01-18 07:00:00,00,3.54,1012.15,7.86,172.69,13.14,0.01,-0.04
2022-01-18 08:00:00,00,3.38,1013.42,7.93,172.17,13.0,-0.13,-0.17
2022-01-18 09:00:00,00,3.33,1014.18,7.42,169.96,12.47,0.04,0.01
2022-01-18 10:00:00,00,3.22,1014.81,6.86,167.87,12.14,0.5,0.47
2022-01-18 11:00:00,00,3.15,1015.94,6.52,174.1,11.45,1.13,1.09
2022-01-18 12:00:00,00,3.15,1017.5,6.38,176.43,11.12,1.77,1.83
2022-01-18 13:00:00,00,3.27,1017.99,5.84,178.76,10.15,2.27,2.34
2022-01-18 14:00:00,00,3.89,1018.98,5.97,172.84,9.01,2.52,2.59
2022-01-18 15:00:00,00,4.55,1020.06,5.54,163.8,7.53,2.48,2.55
2022-01-18 16:00:00,00,5.21,1020.65,5.33,156.98,7.01,2.15,2.32
2022-01-18 17:00:00,00,5.85,1020.57,5.07,152.12,6.72,1.61,1.78
2022-01-18 18:00:00,00,6.25,1020.21,4.59,151.39,6.23,0.98,1.25
2022-01-18 19:00:00,00,6.33,1020.14,3.92,158.39,5.55,0.4,0.67
2022-01-18 20:00:00,00,6.33,1020.65,3.27,157.51,4.78,0.02,0.29
2022-01-18 21:00:00,00,5.85,1021.18,2.98,155.65,4.31,-0.07,0.31
2022-01-18 22:00:00,00,5.09,1021.75,2.2,149.52,3.08,0.16,0.53
2022-01-18 23:00:00,00,4.66,1022.54,1.77,157.93,2.21,0.62,1.09
2022-01-18 06:00:00,06,3.53,1010.52,8.41,169.47,14.53,0.41,0.34
2022-01-18 07:00:00,06,3.41,1011.89,8.06,173.01,13.52,0.01,0.04
2022-01-18 08:00:00,06,3.36,1013.14,8.11,172.2,13.25,-0.13,-0.12
2022-01-18 09:00:00,06,3.23,1013.87,7.61,170.1,12.95,0.04,0.1
2022-01-18 10:00:00,06,3.13,1014.69,7.01,166.24,12.42,0.5,0.43
2022-01-18 11:00:00,06,3.09,1016.05,6.63,171.8,11.63,0.74,0.69
2022-01-18 12:00:00,06,3.0,1017.64,6.49,173.35,11.45,1.77,1.72
2022-01-18 13:00:00,06,3.12,1018.26,5.75,175.49,10.4,2.27,2.22
2022-01-18 14:00:00,06,3.77,1019.26,5.88,170.35,9.34,2.52,2.48
2022-01-18 15:00:00,06,4.45,1020.25,5.69,160.76,7.87,2.48,2.44
2022-01-18 16:00:00,06,5.14,1020.77,5.45,150.75,7.05,2.15,2.11
2022-01-18 17:00:00,06,5.73,1020.63,4.9,152.57,6.46,1.61,1.67
2022-01-18 18:00:00,06,6.13,1020.38,4.64,149.46,6.16,0.98,1.04
2022-01-18 19:00:00,06,6.31,1020.24,3.88,159.98,5.41,0.4,0.56
2022-01-18 20:00:00,06,6.21,1020.78,3.29,156.07,4.73,0.02,0.18
2022-01-18 21:00:00,06,5.71,1021.31,2.97,149.18,4.07,-0.07,0.1
2022-01-18 22:00:00,06,4.98,1021.88,2.31,142.04,3.09,0.16,0.43
2022-01-18 23:00:00,06,4.53,1022.79,1.87,146.86,2.28,0.62,0.99
2022-01-19 00:00:00,06,4.41,1023.82,1.77,151.06,1.9,1.18,1.55
2022-01-19 01:00:00,06,4.25,1024.43,1.46,147.94,1.52,1.69,2.06
2022-01-19 02:00:00,06,4.1,1024.39,1.0,176.18,1.01,2.0,2.27
2022-01-19 03:00:00,06,3.92,1024.53,1.56,233.72,1.53,2.03,2.3
2022-01-19 04:00:00,06,3.83,1024.81,2.19,240.57,2.63,1.79,2.06
2022-01-19 05:00:00,06,3.71,1024.68,2.73,243.3,3.97,1.32,1.59
2022-01-18 12:00:00,12,3.0,1017.42,6.35,174.26,11.45,1.77,1.55
2022-01-18 13:00:00,12,3.09,1017.99,5.52,175.74,10.44,2.27,2.05
2022-01-18 14:00:00,12,3.75,1018.93,5.62,167.36,9.51,2.52,2.27
2022-01-18 15:00:00,12,4.57,1019.89,5.58,155.12,8.18,2.48,2.25
2022-01-18 16:00:00,12,5.29,1020.49,5.63,143.09,7.42,2.15,1.96
2022-01-18 17:00:00,12,5.83,1020.43,5.08,144.44,6.61,1.96,1.77
2022-01-18 18:00:00,12,6.15,1020.21,4.83,144.15,6.51,0.98,0.89
2022-01-18 19:00:00,12,6.35,1020.12,4.12,150.57,5.74,0.4,0.41
2022-01-18 20:00:00,12,6.12,1020.66,3.84,146.36,5.13,0.02,0.02
2022-01-18 21:00:00,12,5.66,1021.2,3.45,142.19,4.46,-0.07,-0.07
2022-01-18 22:00:00,12,4.95,1021.81,2.8,135.71,3.78,0.16,0.15
2022-01-18 23:00:00,12,4.55,1022.67,2.09,133.02,2.75,0.62,0.61
2022-01-19 00:00:00,12,4.35,1023.88,1.92,136.99,2.33,1.18,1.18
2022-01-19 01:00:00,12,4.16,1024.53,1.67,125.98,1.88,1.69,1.67
2022-01-19 02:00:00,12,4.05,1024.47,0.88,138.07,0.94,2.0,1.98
2022-01-19 03:00:00,12,3.91,1024.75,0.97,218.05,0.9,2.03,2.01
2022-01-19 04:00:00,12,3.77,1024.98,1.73,243.61,1.85,1.79,1.76
2022-01-19 05:00:00,12,3.66,1024.83,2.34,251.85,3.14,1.32,1.3
2022-01-19 06:00:00,12,3.55,1024.69,2.67,251.03,4.22,0.76,0.74
2022-01-19 07:00:00,12,3.55,1025.03,3.19,248.13,5.65,0.25,0.22
2022-01-19 08:00:00,12,3.65,1024.84,3.53,247.76,6.94,-0.08,-0.1
2022-01-19 09:00:00,12,3.65,1024.47,3.69,249.04,7.56,-0.11,-0.13
2022-01-19 10:00:00,12,3.58,1024.42,4.04,246.36,8.71,0.18,0.05
2022-01-19 11:00:00,12,3.52,1024.6,4.26,246.98,9.53,0.71,0.59
2022-01-18 18:00:00,18,6.27,1020.03,4.66,145.37,6.38,0.98,0.78
2022-01-18 19:00:00,18,6.36,1019.85,4.01,150.95,5.74,0.4,0.14
2022-01-18 20:00:00,18,6.24,1020.35,3.88,143.57,5.23,0.02,-0.27
2022-01-18 21:00:00,18,5.76,1020.91,3.65,136.62,4.77,-0.07,-0.35
2022-01-18 22:00:00,18,5.05,1021.6,3.06,127.74,4.21,0.16,-0.11
2022-01-18 23:00:00,18,4.55,1022.49,2.43,122.39,3.42,0.32,0.06
2022-01-19 00:00:00,18,4.4,1023.77,2.3,123.32,3.06,1.18,1.02
2022-01-19 01:00:00,18,4.18,1024.39,1.98,106.13,2.53,1.69,1.53
2022-01-19 02:00:00,18,4.06,1024.36,1.35,86.52,1.52,2.0,1.84
2022-01-19 03:00:00,18,3.9,1024.72,0.44,61.22,0.56,2.03,1.78
2022-01-19 04:00:00,18,3.77,1024.85,0.72,293.41,1.04,1.79,1.54
2022-01-19 05:00:00,18,3.75,1024.75,1.8,272.42,2.22,1.32,1.08
2022-01-19 06:00:00,18,3.65,1024.56,2.33,263.01,3.17,0.76,0.52
2022-01-19 07:00:00,18,3.65,1024.94,2.69,260.3,4.43,0.25,0.01
2022-01-19 08:00:00,18,3.76,1024.87,3.17,259.61,5.84,-0.08,-0.31
2022-01-19 09:00:00,18,3.71,1024.59,3.46,257.47,6.83,-0.11,-0.34
2022-01-19 10:00:00,18,3.62,1024.52,3.78,250.71,7.93,0.18,-0.15
2022-01-19 11:00:00,18,3.65,1024.65,4.04,249.3,8.94,0.71,0.39
2022-01-19 12:00:00,18,3.65,1024.87,4.32,250.48,9.93,1.37,0.95
2022-01-19 13:00:00,18,3.85,1025.05,4.64,247.15,11.31,1.98,1.56
2022-01-19 14:00:00,18,4.65,1025.17,5.05,242.85,12.51,2.4,1.88
2022-01-19 15:00:00,18,5.47,1024.91,5.37,242.55,12.4,2.54,2.02
2022-01-19 16:00:00,18,6.47,1024.4,5.84,238.96,11.3,2.37,1.75
2022-01-19 17:00:00,18,7.17,1023.41,6.21,229.76,10.72,1.94,1.22
2022-01-19 01:00:00,00,4.09,1023.77,1.66,117.51,1.81,1.69,1.33
2022-01-19 02:00:00,00,3.95,1023.66,0.81,115.39,0.94,2.0,1.6
2022-01-19 03:00:00,00,3.8,1023.87,0.68,224.79,0.87,2.03,1.61
2022-01-19 04:00:00,00,3.63,1024.05,1.43,246.11,1.52,1.79,1.37
2022-01-19 05:00:00,00,3.6,1024.07,1.97,252.68,2.47,1.62,1.2
2022-01-19 06:00:00,00,3.55,1024.0,2.24,252.51,3.02,0.76,0.36
2022-01-19 07:00:00,00,3.55,1024.44,2.55,252.44,3.93,0.25,-0.14
2022-01-19 08:00:00,00,3.63,1024.42,3.08,253.79,5.43,-0.08,-0.45
2022-01-19 09:00:00,00,3.61,1024.26,3.45,254.15,6.71,-0.11,-0.57
2022-01-19 10:00:00,00,3.45,1024.2,3.73,251.09,7.82,0.18,-0.27
2022-01-19 11:00:00,00,3.47,1024.39,4.0,251.85,8.89,0.71,0.19
2022-01-19 12:00:00,00,3.61,1024.57,4.44,255.39,10.2,1.37,0.86
2022-01-19 13:00:00,00,3.77,1024.72,4.67,249.69,10.91,1.98,1.38
2022-01-19 14:00:00,00,4.55,1024.84,4.9,245.35,12.06,2.4,1.82
2022-01-19 15:00:00,00,5.35,1024.56,5.18,245.82,11.42,2.54,1.87
2022-01-19 16:00:00,00,6.47,1024.05,5.71,239.48,10.53,2.37,1.62
2022-01-19 17:00:00,00,7.17,1022.98,6.0,233.26,10.34,1.94,1.21
2022-01-19 18:00:00,00,7.66,1021.68,6.49,232.11,10.74,1.34,0.6
2022-01-19 19:00:00,00,7.84,1020.77,6.17,230.94,10.66,0.7,-0.03
2022-01-19 20:00:00,00,7.75,1020.66,5.75,233.04,10.46,0.19,-0.54
2022-01-19 21:00:00,00,7.33,1020.41,5.6,237.69,10.61,-0.08,-0.81
2022-01-19 22:00:00,00,6.57,1020.42,5.29,233.96,10.71,-0.04,-0.77
2022-01-19 23:00:00,00,6.17,1020.44,4.72,245.08,10.52,0.3,-0.43
2022-01-19 06:00:00,06,3.36,1024.02,2.26,252.83,3.05,0.76,0.34
2022-01-19 07:00:00,06,3.35,1024.49,2.63,251.96,4.05,0.25,-0.2
2022-01-19 08:00:00,06,3.45,1024.54,3.15,253.53,5.54,-0.08,-0.57
2022-01-19 09:00:00,06,3.34,1024.41,3.49,253.82,6.56,-0.11,-0.57
2022-01-19 10:00:00,06,3.33,1024.35,3.78,250.55,7.55,0.18,-0.28
2022-01-19 11:00:00,06,3.25,1024.55,4.04,251.3,8.56,0.37,-0.04
2022-01-19 12:00:00,06,3.41,1024.71,4.42,255.29,9.81,1.37,0.87
2022-01-19 13:00:00,06,3.67,1024.81,4.65,250.24,10.62,1.98,1.48
2022-01-19 14:00:00,06,4.35,1024.93,4.89,243.83,11.42,2.4,1.81
2022-01-19 15:00:00,06,5.15,1024.62,5.19,244.72,10.96,2.54,1.95
2022-01-19 16:00:00,06,6.27,1024.16,5.61,235.87,10.18,2.37,1.69
2022-01-19 17:00:00,06,6.87,1023.09,5.89,232.3,10.3,1.94,1.26
2022-01-19 18:00:00,06,7.46,1021.59,6.23,233.37,10.51,1.34,0.56
2022-01-19 19:00:00,06,7.56,1020.88,6.17,228.47,10.43,0.7,-0.06
2022-01-19 20:00:00,06,7.56,1020.7,5.61,231.78,10.26,0.19,-0.57
2022-01-19 21:00:00,06,7.07,1020.56,5.53,237.09,10.46,-0.08,-0.84
2022-01-19 22:00:00,06,6.31,1020.5,5.08,237.27,10.23,-0.04,-0.69
2022-01-19 23:00:00,06,5.9,1020.55,4.69,245.75,10.65,0.3,-0.35
2022-01-20 00:00:00,06,5.64,1020.95,4.64,242.43,10.86,0.84,0.19
2022-01-20 01:00:00,06,5.49,1021.02,4.87,241.37,11.54,1.42,0.67
2022-01-20 02:00:00,06,5.43,1020.49,5.02,243.69,12.23,1.87,1.12
2022-01-20 03:00:00,06,5.43,1020.21,5.01,243.49,12.62,2.09,1.34
2022-01-20 04:00:00,06,5.55,1020.07,5.08,242.79,12.56,2.02,1.27
2022-01-20 05:00:00,06,5.44,1019.76,4.98,238.81,12.69,1.68,0.93
2022-01-19 12:00:00,12,3.31,1024.61,4.37,256.04,9.5,1.37,0.84
2022-01-19 13:00:00,12,3.55,1024.65,4.62,252.0,10.44,1.98,1.33
2022-01-19 14:00:00,12,4.26,1024.73,4.81,246.0,10.9,2.4,1.7
2022-01-19 15:00:00,12,5.17,1024.38,5.09,246.36,10.36,2.54,1.87
2022-01-19 16:00:00,12,6.17,1024.01,5.45,236.51,9.74,2.37,1.75
2022-01-19 17:00:00,12,6.77,1023.01,5.9,231.86,10.04,2.23,1.64
2022-01-19 18:00:00,12,7.47,1021.55,6.27,233.48,10.31,1.34,0.75
2022-01-19 19:00:00,12,7.64,1020.94,6.13,227.26,10.24,0.7,0.11
2022-01-19 20:00:00,12,7.47,1020.69,5.48,230.74,9.91,0.19,-0.52
2022-01-19 21:00:00,12,6.95,1020.46,5.25,236.51,10.0,-0.08,-0.79
2022-01-19 22:00:00,12,6.21,1020.32,5.02,240.08,10.0,-0.04,-0.66
2022-01-19 23:00:00,12,5.81,1020.57,4.74,244.91,10.63,0.3,-0.32
2022-01-20 00:00:00,12,5.64,1020.7,5.05,248.72,11.24,0.84,0.21
2022-01-20 01:00:00,12,5.5,1020.9,5.16,241.57,12.23,1.42,0.68
2022-01-20 02:00:00,12,5.54,1020.57,5.06,243.04,12.56,1.87,1.13
2022-01-20 03:00:00,12,5.47,1020.34,5.16,241.66,12.61,2.09,1.34
2022-01-20 04:00:00,12,5.64,1020.22,5.51,241.14,13.05,2.02,1.26
2022-01-20 05:00:00,12,5.21,1019.69,5.41,242.01,12.98,1.68,0.91
2022-01-20 06:00:00,12,5.24,1018.76,5.06,243.51,12.23,1.16,0.29
2022-01-20 07:00:00,12,5.24,1019.35,4.65,232.74,12.47,0.59,-0.28
2022-01-20 08:00:00,12,5.23,1018.93,4.43,238.27,12.16,0.12,-0.74
2022-01-20 09:00:00,12,5.42,1018.23,4.0,246.4,11.05,-0.11,-0.87
2022-01-20 10:00:00,12,5.43,1017.72,4.2,246.31,11.66,-0.03,-0.79
2022-01-20 11:00:00,12,5.47,1017.85,4.12,241.92,11.53,0.35,-0.41
2022-01-19 18:00:00,18,7.56,1021.47,6.24,233.56,10.15,1.34,0.73
2022-01-19 19:00:00,18,7.76,1020.77,6.08,227.87,10.12,0.7,0.06
2022-01-19 20:00:00,18,7.67,1020.49,5.41,231.16,9.81,0.19,-0.52
2022-01-19 21:00:00,18,7.21,1020.34,5.29,235.63,9.71,-0.08,-0.83
2022-01-19 22:00:00,18,6.46,1020.2,5.1,240.25,10.11,-0.04,-0.78
2022-01-19 23:00:00,18,6.03,1020.49,4.89,246.12,10.64,0.07,-0.67
2022-01-20 00:00:00,18,5.86,1020.63,5.27,247.7,11.53,0.84,0.11
2022-01-20 01:00:00,18,5.7,1020.85,5.4,241.6,12.46,1.42,0.69
2022-01-20 02:00:00,18,5.73,1020.53,5.21,241.5,12.75,1.87,1.05
2022-01-20 03:00:00,18,5.66,1020.09,5.23,244.04,12.7,2.09,1.28
2022-01-20 04:00:00,18,5.77,1019.89,5.67,244.42,13.41,2.02,1.11
2022-01-20 05:00:00,18,5.52,1019.34,5.65,241.96,13.5,1.68,0.77
2022-01-20 06:00:00,18,5.53,1018.78,5.31,238.04,13.19,1.16,0.26
2022-01-20 07:00:00,18,5.36,1019.1,5.13,232.22,13.44,0.59,-0.3
2022-01-20 08:00:00,18,5.57,1018.48,4.94,242.14,13.14,0.12,-0.76
2022-01-20 09:00:00,18,5.52,1017.94,4.51,243.02,12.14,-0.11,-0.99
2022-01-20 10:00:00,18,5.77,1017.39,4.77,244.46,12.1,-0.03,-0.8
2022-01-20 11:00:00,18,5.63,1017.9,4.51,235.97,12.21,0.35,-0.42
2022-01-20 12:00:00,18,5.47,1017.76,4.1,239.3,11.61,0.94,0.17
2022-01-20 13:00:00,18,5.61,1018.43,3.56,228.36,10.86,1.59,0.83
2022-01-20 14:00:00,18,6.21,1018.92,3.1,224.41,10.12,2.14,1.38
2022-01-20 15:00:00,18,6.45,1019.56,2.84,197.5,8.44,2.46,1.79
2022-01-20 16:00:00,18,6.86,1020.23,3.1,146.99,6.73,2.47,1.8
2022-01-20 17:00:00,18,6.77,1020.41,5.14,88.45,7.49,2.19,1.52
2022-01-20 01:00:00,00,6.11,1020.33,5.35,241.72,12.42,1.42,0.64
2022-01-20 02:00:00,00,6.23,1019.86,5.1,244.56,12.42,1.87,1.13
2022-01-20 03:00:00,00,6.11,1019.53,5.39,243.45,12.92,2.09,1.41
2022-01-20 04:00:00,00,6.07,1019.39,5.73,243.22,13.4,2.02,1.39
2022-01-20 05:00:00,00,5.86,1019.01,5.69,240.55,13.4,1.91,1.31
2022-01-20 06:00:00,00,5.96,1018.64,5.51,236.66,13.5,1.16,0.54
2022-01-20 07:00:00,00,5.75,1018.85,5.1,230.69,13.23,0.59,-0.04
2022-01-20 08:00:00,00,5.57,1018.27,4.75,241.02,12.78,0.12,-0.52
2022-01-20 09:00:00,00,5.77,1017.88,4.74,240.47,12.74,-0.11,-0.76
2022-01-20 10:00:00,00,5.84,1017.53,5.0,240.54,13.02,-0.03,-0.7
2022-01-20 11:00:00,00,5.74,1017.52,4.91,237.74,12.63,0.35,-0.33
2022-01-20 12:00:00,00,5.64,1017.92,4.27,235.56,11.8,0.94,0.25
2022-01-20 13:00:00,00,5.83,1018.28,3.48,228.28,10.68,1.59,0.89
2022-01-20 14:00:00,00,6.41,1018.8,3.07,221.69,9.73,2.14,1.52
2022-01-20 15:00:00,00,6.67,1019.93,3.05,182.16,8.54,2.46,1.82
2022-01-20 16:00:00,00,7.27,1020.07,3.51,143.06,6.59,2.47,1.82
2022-01-20 17:00:00,00,6.97,1020.03,5.73,80.07,6.84,2.19,1.52
2022-01-20 18:00:00,00,5.69,1020.58,7.77,76.38,9.33,1.67,1.21
2022-01-20 19:00:00,00,5.04,1020.45,8.15,79.09,10.84,1.05,0.78
2022-01-20 20:00:00,00,4.34,1021.38,8.03,82.69,11.82,0.45,0.38
2022-01-20 21:00:00,00,3.99,1022.0,8.63,81.77,12.93,0.02,-0.04
2022-01-20 22:00:00,00,3.59,1021.94,9.61,78.34,14.01,-0.12,-0.08
2022-01-20 23:00:00,00,3.41,1023.37,9.3,83.22,13.47,0.06,0.19
2022-01-20 06:00:00,06,5.97,1018.77,5.32,237.26,13.22,1.16,0.62
2022-01-20 07:00:00,06,5.85,1019.04,4.85,229.38,12.88,0.59,0.04
2022-01-20 08:00:00,06,5.67,1018.41,4.54,242.24,12.0,0.12,-0.48
2022-01-20 09:00:00,06,5.67,1018.06,4.28,241.56,11.73,-0.11,-0.75
2022-01-20 10:00:00,06,5.73,1017.88,4.64,241.15,12.41,-0.03,-0.65
2022-01-20 11:00:00,06,5.64,1018.05,4.58,236.39,12.21,0.09,-0.49
2022-01-20 12:00:00,06,5.46,1018.2,4.51,238.87,12.03,0.94,0.45
2022-01-20 13:00:00,06,5.69,1018.6,4.03,231.12,10.92,1.59,1.09
2022-01-20 14:00:00,06,6.33,1019.46,3.64,217.16,10.31,2.14,1.62
2022-01-20 15:00:00,06,6.67,1020.37,3.65,182.0,9.32,2.46,1.93
2022-01-20 16:00:00,06,6.92,1020.85,4.15,130.69,7.35,2.47,1.93
2022-01-20 17:00:00,06,6.54,1021.02,7.26,72.61,8.02,2.19,1.73
2022-01-20 18:00:00,06,5.3,1021.12,8.06,77.6,10.23,1.67,1.4
2022-01-20 19:00:00,06,4.9,1021.38,8.13,80.59,11.12,1.05,0.96
2022-01-20 20:00:00,06,4.34,1021.57,7.79,79.05,12.2,0.45,0.44
2022-01-20 21:00:00,06,3.94,1022.22,7.87,78.63,12.29,0.02,0.01
2022-01-20 22:00:00,06,3.69,1022.69,9.11,77.92,13.31,-0.12,-0.15
2022-01-20 23:00:00,06,3.44,1023.64,9.29,80.62,13.53,0.06,0.21
2022-01-21 00:00:00,06,3.29,1024.64,8.98,79.33,12.91,0.5,0.65
2022-01-21 01:00:00,06,3.29,1025.36,8.99,79.38,12.83,1.08,1.34
2022-01-21 02:00:00,06,3.19,1025.95,9.05,73.53,12.4,1.65,2.0
2022-01-21 03:00:00,06,2.92,1026.49,9.1,77.62,12.4,2.03,2.49
2022-01-21 04:00:00,06,2.72,1026.41,8.97,81.53,12.34,2.15,2.5
2022-01-21 05:00:00,06,2.52,1026.74,8.44,85.4,11.53,1.97,2.32
2022-01-20 12:00:00,12,5.54,1018.12,4.45,240.25,11.54,0.94,0.39
2022-01-20 13:00:00,12,5.74,1018.55,4.07,231.46,10.93,1.59,1.05
2022-01-20 14:00:00,12,6.37,1019.3,3.84,222.05,10.22,2.14,1.63
2022-01-20 15:00:00,12,6.82,1020.05,3.89,195.01,9.81,2.46,2.03
2022-01-20 16:00:00,12,7.29,1020.5,4.2,146.7,7.58,2.47,2.16
2022-01-20 17:00:00,12,6.94,1020.45,4.16,110.06,6.63,2.39,2.11
2022-01-20 18:00:00,12,6.2,1020.55,7.6,71.53,8.88,1.67,1.47
2022-01-20 19:00:00,12,5.34,1020.6,8.19,81.07,11.84,1.05,1.02
2022-01-20 20:00:00,12,4.84,1020.96,7.48,79.95,12.63,0.45,0.6
2022-01-20 21:00:00,12,4.34,1021.64,7.93,81.66,13.32,0.02,0.16
2022-01-20 22:00:00,12,4.17,1022.57,8.99,81.02,13.51,-0.12,-0.01
2022-01-20 23:00:00,12,3.96,1023.24,9.37,74.95,13.54,0.06,0.34
2022-01-21 00:00:00,12,3.67,1024.93,8.53,80.13,12.63,0.5,0.87
2022-01-21 01:00:00,12,3.58,1025.31,9.14,78.01,12.81,1.08,1.53
2022-01-21 02:00:00,12,3.49,1025.58,9.29,76.4,12.74,1.65,2.07
2022-01-21 03:00:00,12,3.22,1026.38,9.46,79.02,12.5,2.03,2.54
2022-01-21 04:00:00,12,2.91,1026.68,8.98,82.39,12.43,2.15,2.63
2022-01-21 05:00:00,12,2.81,1026.64,8.59,84.11,12.26,1.97,2.43
2022-01-21 06:00:00,12,2.7,1026.57,8.28,84.82,11.51,1.55,2.01
2022-01-21 07:00:00,12,2.59,1026.68,8.36,83.01,11.26,0.99,1.45
2022-01-21 08:00:00,12,2.49,1026.84,8.55,83.56,11.23,0.44,0.91
2022-01-21 09:00:00,12,2.38,1027.47,8.19,83.87,10.7,0.04,0.61
2022-01-21 10:00:00,12,2.28,1027.49,8.09,82.37,10.55,-0.09,0.47
2022-01-21 11:00:00,12,2.35,1027.77,8.12,80.27,10.58,0.09,0.55
2022-01-20 18:00:00,18,6.44,1020.12,7.06,69.1,8.19,1.67,1.53
2022-01-20 19:00:00,18,5.64,1020.06,7.73,80.5,10.54,1.05,0.92
2022-01-20 20:00:00,18,5.14,1020.33,7.25,79.53,11.83,0.45,0.52
2022-01-20 21:00:00,18,4.79,1021.34,7.38,87.68,13.24,0.02,0.31
2022-01-20 22:00:00,18,4.51,1021.91,8.25,80.42,13.6,-0.12,0.23
2022-01-20 23:00:00,18,4.33,1022.74,9.19,74.94,13.93,-0.09,0.35
2022-01-21 00:00:00,18,4.09,1024.25,8.66,74.1,13.23,0.5,1.1
2022-01-21 01:00:00,18,4.03,1024.94,8.73,78.82,13.23,1.08,1.76
2022-01-21 02:00:00,18,3.78,1025.68,8.84,72.8,12.26,1.65,2.39
2022-01-21 03:00:00,18,3.42,1026.14,9.94,75.76,12.81,2.03,2.75
2022-01-21 04:00:00,18,3.12,1026.51,9.29,82.07,12.5,2.15,2.93
2022-01-21 05:00:00,18,2.9,1026.38,8.85,83.64,12.33,1.97,2.72
2022-01-21 06:00:00,18,2.79,1026.26,8.44,83.47,11.61,1.55,2.27
2022-01-21 07:00:00,18,2.79,1026.38,8.56,85.12,11.21,0.99,1.68
2022-01-21 08:00:00,18,2.58,1026.87,8.68,82.2,11.21,0.44,1.1
2022-01-21 09:00:00,18,2.47,1027.23,8.38,80.52,10.81,0.04,0.68
2022-01-21 10:00:00,18,2.46,1027.41,8.33,79.31,10.63,-0.09,0.61
2022-01-21 11:00:00,18,2.36,1027.87,8.45,80.11,10.76,0.09,0.65
2022-01-21 12:00:00,18,2.35,1028.73,8.2,78.35,10.46,0.54,1.21
2022-01-21 13:00:00,18,2.56,1029.21,8.1,75.64,10.25,1.15,1.72
2022-01-21 14:00:00,18,2.82,1029.76,8.06,73.74,9.92,1.77,2.34
2022-01-21 15:00:00,18,2.81,1030.54,7.62,72.67,9.29,2.24,2.81
2022-01-21 16:00:00,18,2.9,1030.63,7.52,71.46,9.0,2.44,3.01
2022-01-21 17:00:00,18,2.89,1030.3,7.46,72.91,8.82,2.33,2.9
2022-02-01 01:00:00,00,3.06,1026.85,5.52,49.91,10.12,2.32,2.82
2022-02-01 02:00:00,00,3.05,1027.65,5.63,48.45,10.03,2.35,2.84
2022-02-01 03:00:00,00,2.95,1028.01,5.5,48.0,9.74,2.03,2.53
2022-02-01 04:00:00,00,2.95,1027.97,5.44,48.43,9.58,1.43,1.93
2022-02-01 05:00:00,00,2.85,1028.01,5.26,49.43,9.51,1.14,1.64
2022-02-01 06:00:00,00,2.86,1027.91,5.01,50.91,9.1,0.0,0.52
2022-02-01 07:00:00,00,2.75,1028.15,4.5,56.49,8.09,-0.45,-0.02
2022-02-01 08:00:00,00,2.69,1028.05,4.06,62.6,7.1,-0.53,-0.09
2022-02-01 09:00:00,00,2.61,1028.13,4.15,63.75,7.12,-0.2,0.25
2022-02-01 10:00:00,00,2.57,1028.98,4.26,68.0,7.14,0.46,0.92
2022-02-01 11:00:00,00,2.5,1029.63,4.42,65.43,7.61,1.3,1.77
2022-02-01 12:00:00,00,2.5,1030.39,4.5,62.89,7.76,2.12,2.61
2022-02-01 13:00:00,00,2.85,1030.84,4.36,62.13,7.94,2.73,3.23
2022-02-01 14:00:00,00,3.59,1031.67,4.33,62.55,7.11,3.0,3.51
2022-02-01 15:00:00,00,4.35,1032.05,4.42,61.26,6.37,2.86,3.38
2022-02-01 16:00:00,00,4.95,1032.08,4.4,59.09,5.98,2.34,2.87
2022-02-01 17:00:00,00,5.39,1032.05,4.07,62.52,5.42,1.56,2.1
2022-02-01 18:00:00,00,5.83,1031.47,3.91,61.29,5.08,0.7,1.25
2022-02-01 19:00:00,00,5.95,1030.91,3.97,59.8,4.92,-0.01,0.53
2022-02-01 20:00:00,00,5.77,1030.66,3.77,55.17,4.81,-0.41,0.13
2022-02-01 21:00:00,00,5.27,1030.8,3.58,48.14,4.81,-0.39,0.15
2022-02-01 22:00:00,00,4.51,1031.08,3.15,44.93,4.73,0.03,0.57
2022-02-01 23:00:00,00,3.98,1031.45,2.89,37.04,4.69,0.71,1.25
2022-02-01 06:00:00,06,2.76,1027.93,5.0,55.88,9.12,0.0,0.55
2022-02-01 07:00:00,06,2.71,1028.19,4.62,62.96,8.21,-0.45,0.12
2022-02-01 08:00:00,06,2.56,1028.13,4.4,68.77,7.51,-0.53,-0.06
2022-02-01 09:00:00,06,2.52,1028.19,4.62,70.33,7.8,-0.2,0.25
2022-02-01 10:00:00,06,2.45,1029.05,4.7,73.43,8.01,0.46,0.94
2022-02-01 11:00:00,06,2.42,1029.69,4.98,68.9,8.25,0.79,1.28
2022-02-01 12:00:00,06,2.47,1030.4,4.97,63.73,8.42,2.12,2.62
2022-02-01 13:00:00,06,2.72,1030.84,4.78,62.56,8.27,2.73,3.34
2022-02-01 14:00:00,06,3.46,1031.63,4.65,63.25,7.33,3.0,3.61
2022-02-01 15:00:00,06,4.17,1031.98,4.59,64.54,6.23,2.86,3.37
2022-02-01 16:00:00,06,4.76,1031.98,4.81,60.56,6.32,2.34,2.85
2022-02-01 17:00:00,06,5.28,1031.84,4.49,60.98,5.88,1.56,2.08
2022-02-01 18:00:00,06,5.61,1031.36,4.23,62.01,5.38,0.7,1.23
2022-02-01 19:00:00,06,5.66,1030.82,3.95,62.14,4.81,-0.01,0.52
2022-02-01 20:00:00,06,5.56,1030.6,3.87,56.37,4.81,-0.41,0.12
2022-02-01 21:00:00,06,5.05,1030.85,3.6,51.36,4.78,-0.39,0.15
2022-02-01 22:00:00,06,4.28,1031.04,3.12,48.65,4.71,0.03,0.57
2022-02-01 23:00:00,06,3.84,1031.51,2.69,44.25,4.43,0.71,1.26
2022-02-02 00:00:00,06,3.58,1032.46,2.56,46.85,4.24,1.47,2.02
2022-02-02 01:00:00,06,3.55,1032.6,2.82,45.33,4.76,2.1,2.65
2022-02-02 02:00:00,06,3.41,1032.7,2.93,47.55,4.92,2.45,3.0
2022-02-02 03:00:00,06,3.23,1032.44,2.71,51.73,4.33,2.43,2.87
2022-02-02 04:00:00,06,3.15,1032.01,2.87,41.57,4.58,2.05,2.49
2022-02-02 05:00:00,06,3.04,1031.68,2.55,32.34,3.82,1.39,1.84
2022-02-01 12:00:00,12,2.48,1030.36,5.16,64.51,8.73,2.12,2.6
2022-02-01 13:00:00,12,2.81,1030.81,5.08,63.14,8.62,2.73,3.19
2022-02-01 14:00:00,12,3.46,1031.53,4.87,65.07,7.72,3.0,3.42
2022-02-01 15:00:00,12,4.15,1031.78,4.87,66.09,6.75,2.86,3.31
2022-02-01 16:00:00,12,4.75,1031.69,5.14,61.54,6.97,2.34,2.91
2022-02-01 17:00:00,12,5.27,1031.46,4.82,61.38,6.44,2.05,2.67
2022-02-01 18:00:00,12,5.65,1030.93,4.54,61.05,5.92,0.7,1.31
2022-02-01 19:00:00,12,5.56,1030.38,4.11,61.21,5.36,-0.01,0.58
2022-02-01 20:00:00,12,5.56,1030.09,3.93,56.19,5.09,-0.41,0.17
2022-02-01 21:00:00,12,5.15,1030.4,3.4,52.55,4.64,-0.39,0.17
2022-02-01 22:00:00,12,4.35,1030.63,3.02,50.68,4.5,0.03,0.57
2022-02-01 23:00:00,12,3.86,1031.33,2.48,50.26,3.73,0.71,1.25
2022-02-02 00:00:00,12,3.65,1032.28,2.55,55.33,4.07,1.47,1.99
2022-02-02 01:00:00,12,3.49,1032.48,2.89,52.15,4.82,2.1,2.61
2022-02-02 02:00:00,12,3.39,1032.71,2.87,58.2,4.71,2.45,2.84
2022-02-02 03:00:00,12,3.38,1032.27,2.99,47.53,5.0,2.43,2.81
2022-02-02 04:00:00,12,3.26,1031.68,3.08,35.22,5.32,2.05,2.41
2022-02-02 05:00:00,12,3.05,1031.29,2.54,31.96,4.02,1.39,1.74
2022-02-02 06:00:00,12,2.95,1031.2,2.03,45.19,2.35,0.63,0.98
2022-02-02 07:00:00,12,2.89,1031.15,2.05,54.96,2.18,-0.05,0.3
2022-02-02 08:00:00,12,2.85,1031.05,2.06,72.62,2.21,-0.47,-0.02
2022-02-02 09:00:00,12,2.83,1030.91,2.11,84.69,2.33,-0.5,-0.05
2022-02-02 10:00:00,12,2.7,1030.95,2.11,78.95,2.3,-0.13,0.32
2022-02-02 11:00:00,12,2.67,1030.68,1.84,45.15,2.01,0.56,0.91
2022-02-01 18:00:00,18,5.57,1031.1,4.64,64.25,6.04,0.7,1.37
2022-02-01 19:00:00,18,5.55,1030.56,4.33,64.38,5.53,-0.01,0.69
2022-02-01 20:00:00,18,5.45,1030.26,4.18,60.73,5.43,-0.41,0.28
2022-02-01 21:00:00,18,4.95,1030.46,3.62,57.95,5.0,-0.39,0.25
2022-02-01 22:00:00,18,4.28,1030.6,3.21,58.44,4.77,0.03,0.56
2022-02-01 23:00:00,18,3.65,1031.11,2.49,58.89,3.95,0.28,0.73
2022-02-02 00:00:00,18,3.56,1031.96,2.49,61.86,4.27,1.47,1.93
2022-02-02 01:00:00,18,3.39,1032.12,2.73,54.33,4.81,2.1,2.56
2022-02-02 02:00:00,18,3.33,1032.31,2.86,56.05,4.91,2.45,2.8
2022-02-02 03:00:00,18,3.18,1032.0,2.98,49.38,5.11,2.43,2.78
2022-02-02 04:00:00,18,3.11,1031.54,2.9,41.74,4.81,2.05,2.4
2022-02-02 05:00:00,18,2.97,1031.21,2.31,43.13,3.13,1.39,1.75
2022-02-02 06:00:00,18,2.81,1030.95,2.01,58.24,2.22,0.63,0.98
2022-02-02 07:00:00,18,2.87,1030.92,2.02,70.93,2.23,-0.05,0.3
2022-02-02 08:00:00,18,2.86,1030.82,2.24,95.18,2.47,-0.47,-0.12
2022-02-02 09:00:00,18,2.79,1030.57,2.21,91.59,2.54,-0.5,-0.15
2022-02-02 10:00:00,18,2.69,1030.42,2.0,73.62,2.34,-0.13,0.23
2022-02-02 11:00:00,18,2.66,1030.29,2.01,48.8,2.26,0.56,0.82
2022-02-02 12:00:00,18,2.6,1030.37,1.8,24.96,1.93,1.41,1.66
2022-02-02 13:00:00,18,3.09,1030.51,1.34,26.33,1.45,2.2,2.55
2022-02-02 14:00:00,18,4.12,1030.99,1.53,97.3,1.7,2.75,3.0
2022-02-02 15:00:00,18,5.29,1031.02,1.49,94.81,1.41,2.94,3.19
2022-02-02 16:00:00,18,6.4,1030.74,1.44,43.4,1.72,2.72,2.98
2022-02-02 17:00:00,18,6.77,1029.92,2.16,2.08,2.9,2.14,2.4
2022-02-02 01:00:00,00,3.55,1031.98,2.89,52.17,5.18,2.1,2.54
2022-02-02 02:00:00,00,3.54,1032.15,3.2,52.1,5.77,2.45,2.84
2022-02-02 03:00:00,00,3.48,1031.78,3.53,45.19,6.62,2.43,2.8
2022-02-02 04:00:00,00,3.37,1031.29,3.47,36.83,6.46,2.05,2.55
2022-02-02 05:00:00,00,3.13,1030.9,2.65,38.26,4.75,1.81,2.35
2022-02-02 06:00:00,00,3.11,1030.53,2.28,52.78,2.78,0.63,1.06
2022-02-02 07:00:00,00,3.08,1030.42,2.12,69.8,2.41,-0.05,0.37
2022-02-02 08:00:00,00,3.01,1030.34,2.34,94.92,2.62,-0.47,-0.05
2022-02-02 09:00:00,00,2.91,1030.0,2.22,88.47,2.74,-0.5,0.01
2022-02-02 10:00:00,00,2.87,1029.94,2.12,70.21,2.54,-0.13,0.37
2022-02-02 11:00:00,00,2.85,1029.8,2.29,46.92,2.65,0.56,1.06
2022-02-02 12:00:00,00,2.82,1029.89,2.11,32.09,2.25,1.41,1.79
2022-02-02 13:00:00,00,3.25,1030.0,1.5,20.14,1.56,2.2,2.58
2022-02-02 14:00:00,00,4.29,1030.6,1.4,105.29,1.56,2.75,3.12
2022-02-02 15:00:00,00,5.45,1030.94,1.94,111.04,1.84,2.94,3.31
2022-02-02 16:00:00,00,6.46,1030.45,1.46,47.69,1.71,2.72,3.08
2022-02-02 17:00:00,00,7.28,1029.8,1.34,23.24,1.85,2.14,2.5
2022-02-02 18:00:00,00,7.83,1028.87,1.32,14.21,1.91,1.34,1.69
2022-02-02 19:00:00,00,8.27,1028.41,1.08,63.18,2.0,0.51,0.86
2022-02-02 20:00:00,00,8.15,1028.11,1.6,58.26,2.21,-0.15,0.1
2022-02-02 21:00:00,00,7.6,1027.5,2.1,38.77,2.14,-0.45,-0.1
2022-02-02 22:00:00,00,6.43,1027.49,2.63,29.77,2.34,-0.33,0.02
2022-02-02 23:00:00,00,5.63,1027.39,2.32,349.23,2.8,0.17,0.52
2022-02-02 06:00:00,06,2.92,1030.55,2.39,54.71,3.11,0.63,1.24
2022-02-02 07:00:00,06,2.88,1030.47,2.27,66.47,2.8,-0.05,0.61
2022-02-02 08:00:00,06,2.87,1030.37,2.35,91.0,2.9,-0.47,0.17
2022-02-02 09:00:00,06,2.76,1030.11,2.37,83.87,3.12,-0.5,0.09
2022-02-02 10:00:00,06,2.8,1030.05,2.44,62.48,3.06,-0.13,0.47
2022-02-02 11:00:00,06,2.73,1029.89,2.43,38.61,2.96,0.12,0.75
2022-02-02 12:00:00,06,2.72,1029.88,2.21,18.49,2.66,1.41,1.93
2022-02-02 13:00:00,06,3.03,1029.93,1.75,5.23,1.7,2.2,2.72
2022-02-02 14:00:00,06,4.25,1030.51,1.18,105.11,1.35,2.75,3.27
2022-02-02 15:00:00,06,5.3,1030.89,1.7,114.67,1.65,2.94,3.45
2022-02-02 16:00:00,06,6.35,1030.5,1.1,57.6,1.31,2.72,3.23
2022-02-02 17:00:00,06,7.16,1029.84,0.97,41.63,1.32,2.14,2.64
2022-02-02 18:00:00,06,7.73,1028.9,1.04,36.74,1.59,1.34,1.83
2022-02-02 19:00:00,06,8.05,1028.44,0.97,62.05,1.9,0.51,0.99
2022-02-02 20:00:00,06,7.95,1028.23,1.05,36.42,2.12,-0.15,0.23
2022-02-02 21:00:00,06,7.36,1027.74,1.72,23.77,2.1,-0.45,-0.08
2022-02-02 22:00:00,06,6.39,1027.09,3.22,8.13,3.22,-0.33,0.04
2022-02-02 23:00:00,06,5.45,1027.58,2.24,347.8,2.42,0.17,0.63
2022-02-03 00:00:00,06,5.17,1027.89,2.21,321.81,2.5,0.9,1.36
2022-02-03 01:00:00,06,5.05,1027.78,2.43,310.55,3.45,1.66,2.02
2022-02-03 02:00:00,06,4.85,1027.77,2.08,307.19,2.96,2.25,2.61
2022-02-03 03:00:00,06,4.83,1027.66,2.7,290.64,3.21,2.53,2.89
2022-02-03 04:00:00,06,4.86,1027.34,2.52,282.28,3.32,2.44,2.8
2022-02-03 05:00:00,06,4.66,1027.06,2.43,272.83,3.62,2.0,2.37
2022-02-02 12:00:00,12,2.68,1029.91,2.2,30.95,2.71,1.41,2.02
2022-02-02 13:00:00,12,3.05,1030.01,1.72,30.15,2.11,2.2,2.82
2022-02-02 14:00:00,12,4.15,1030.63,1.91,96.61,2.21,2.75,3.37
2022-02-02 15:00:00,12,5.18,1031.14,2.41,100.48,2.73,2.94,3.6
2022-02-02 16:00:00,12,6.15,1030.81,1.93,53.14,2.57,2.72,3.39
2022-02-02 17:00:00,12,6.86,1030.05,2.0,44.99,2.37,2.53,3.2
2022-02-02 18:00:00,12,7.28,1028.97,1.93,40.61,2.31,1.34,1.9
2022-02-02 19:00:00,12,7.63,1028.23,1.66,33.34,2.2,0.51,1.06
2022-02-02 20:00:00,12,7.59,1027.84,1.5,13.86,2.13,-0.15,0.4
2022-02-02 21:00:00,12,7.16,1027.15,2.05,354.77,2.61,-0.45,0.08
2022-02-02 22:00:00,12,6.14,1026.87,2.18,7.31,2.42,-0.33,0.2
2022-02-02 23:00:00,12,5.41,1027.42,1.67,350.93,1.63,0.17,0.68
2022-02-03 00:00:00,12,5.25,1027.08,2.55,323.02,2.74,0.9,1.41
2022-02-03 01:00:00,12,5.15,1027.57,2.11,311.96,2.74,1.66,2.16
2022-02-03 02:00:00,12,4.95,1027.46,2.21,300.58,3.31,2.25,2.74
2022-02-03 03:00:00,12,4.76,1027.48,2.37,278.95,3.22,2.53,2.92
2022-02-03 04:00:00,12,4.75,1027.28,2.39,270.11,3.24,2.44,2.82
2022-02-03 05:00:00,12,4.55,1026.79,2.57,272.55,3.51,2.0,2.37
2022-02-03 06:00:00,12,4.56,1026.6,2.13,262.51,3.21,1.32,1.69
2022-02-03 07:00:00,12,4.55,1026.47,2.23,258.87,3.2,0.56,0.93
2022-02-03 08:00:00,12,4.45,1026.31,2.4,261.91,3.41,-0.08,0.29
2022-02-03 09:00:00,12,4.52,1026.12,2.55,262.52,4.01,-0.43,-0.16
2022-02-03 10:00:00,12,4.59,1026.02,2.65,277.56,4.34,-0.4,-0.13
2022-02-03 11:00:00,12,4.92,1025.93,2.78,290.27,5.55,0.01,0.28
2022-02-02 18:00:00,18,7.1,1029.4,2.28,56.4,2.51,1.34,2.07
2022-02-02 19:00:00,18,7.42,1028.83,2.1,51.84,2.34,0.51,1.22
2022-02-02 20:00:00,18,7.21,1028.45,1.92,30.01,2.16,-0.15,0.55
2022-02-02 21:00:00,18,6.74,1027.83,1.95,16.57,2.21,-0.45,0.21
2022-02-02 22:00:00,18,5.81,1027.39,1.98,18.17,2.4,-0.33,0.28
2022-02-02 23:00:00,18,5.16,1027.77,1.77,359.14,1.83,-0.17,0.41
2022-02-03 00:00:00,18,5.1,1027.18,2.73,335.7,3.24,0.9,1.48
2022-02-03 01:00:00,18,5.06,1027.32,2.87,328.89,4.29,1.66,2.24
2022-02-03 02:00:00,18,4.81,1027.22,2.3,315.53,3.4,2.25,2.83
2022-02-03 03:00:00,18,4.73,1027.26,2.0,283.05,2.6,2.53,3.01
2022-02-03 04:00:00,18,4.58,1027.1,1.9,278.14,2.27,2.44,2.92
2022-02-03 05:00:00,18,4.51,1026.79,1.94,281.86,2.42,2.0,2.48
2022-02-03 06:00:00,18,4.53,1026.28,2.21,285.69,2.67,1.32,1.8
2022-02-03 07:00:00,18,4.53,1026.48,2.37,256.88,3.21,0.56,1.04
2022-02-03 08:00:00,18,4.59,1026.4,2.36,262.29,3.36,-0.08,0.3
2022-02-03 09:00:00,18,4.54,1026.09,2.41,280.68,3.88,-0.43,-0.06
2022-02-03 10:00:00,18,4.77,1025.83,2.75,294.62,5.04,-0.4,-0.03
2022-02-03 11:00:00,18,4.85,1026.02,2.64,285.32,5.93,0.01,0.39
2022-02-03 12:00:00,18,5.21,1025.98,2.8,294.35,6.41,0.71,1.09
2022-02-03 13:00:00,18,5.45,1026.2,2.97,285.06,7.62,1.52,1.89
2022-02-03 14:00:00,18,6.17,1026.4,3.49,277.44,8.6,2.24,2.51
2022-02-03 15:00:00,18,7.3,1026.36,4.0,267.14,9.5,2.7,2.97
2022-02-03 16:00:00,18,7.84,1025.56,4.63,272.61,9.5,2.79,3.07
2022-02-03 17:00:00,18,8.77,1024.21,5.36,271.4,9.71,2.5,2.67
2022-02-03 01:00:00,00,5.05,1027.27,3.15,337.98,4.74,1.66,2.25
2022-02-03 02:00:00,00,4.9,1026.97,2.54,330.49,3.95,2.25,2.86
2022-02-03 03:00:00,00,4.81,1026.89,2.27,301.96,3.23,2.53,3.09
2022-02-03 04:00:00,00,4.7,1026.61,2.16,291.69,2.8,2.44,2.91
2022-02-03 05:00:00,00,4.62,1026.4,2.03,286.29,2.95,2.3,2.8
2022-02-03 06:00:00,00,4.57,1025.82,2.11,298.17,2.74,1.32,1.72
2022-02-03 07:00:00,00,4.6,1026.07,2.49,251.0,3.35,0.56,0.97
2022-02-03 08:00:00,00,4.52,1026.09,2.07,250.24,2.82,-0.08,0.34
2022-02-03 09:00:00,00,4.4,1025.88,2.27,264.41,2.83,-0.43,-0.01
2022-02-03 10:00:00,00,4.62,1025.87,2.41,273.11,3.52,-0.4,0.02
2022-02-03 11:00:00,00,4.65,1025.64,2.49,285.62,3.91,0.01,0.34
2022-02-03 12:00:00,00,5.15,1026.0,2.44,283.83,5.05,0.71,1.05
2022-02-03 13:00:00,00,5.34,1025.93,3.19,294.01,7.33,1.52,1.86
2022-02-03 14:00:00,00,5.97,1025.89,4.03,281.93,9.62,2.24,2.59
2022-02-03 15:00:00,00,6.64,1026.09,3.86,268.96,9.5,2.7,3.06
2022-02-03 16:00:00,00,7.74,1025.21,4.48,276.75,9.82,2.79,3.06
2022-02-03 17:00:00,00,8.44,1024.46,4.4,262.89,8.97,2.5,2.77
2022-02-03 18:00:00,00,8.97,1023.25,4.53,267.75,8.42,1.88,2.15
2022-02-03 19:00:00,00,9.39,1021.74,5.54,270.26,9.62,1.09,1.36
2022-02-03 20:00:00,00,9.57,1021.23,6.06,267.04,10.3,0.32,0.59
2022-02-03 21:00:00,00,8.95,1021.13,6.26,266.97,10.88,-0.23,0.04
2022-02-03 22:00:00,00,8.49,1021.07,6.68,268.44,12.12,-0.42,-0.15
2022-02-03 23:00:00,00,8.01,1021.2,6.85,268.81,13.02,-0.2,-0.03
2022-02-03 06:00:00,06,4.48,1025.92,2.01,306.12,2.42,1.32,1.93
2022-02-03 07:00:00,06,4.46,1026.13,2.3,258.82,2.64,0.56,1.13
2022-02-03 08:00:00,06,4.48,1026.02,1.86,257.85,2.02,-0.08,0.52
2022-02-03 09:00:00,06,4.39,1025.75,1.85,282.03,1.92,-0.43,0.17
2022-02-03 10:00:00,06,4.53,1025.73,2.24,283.79,2.32,-0.4,0.19
2022-02-03 11:00:00,06,4.52,1025.68,2.24,291.23,2.55,-0.28,0.32
2022-02-03 12:00:00,06,5.05,1025.98,2.4,291.65,3.54,0.71,1.3
2022-02-03 13:00:00,06,5.31,1026.1,2.65,288.05,5.25,1.52,2.0
2022-02-03 14:00:00,06,6.04,1026.14,3.13,283.69,7.09,2.24,2.71
2022-02-03 15:00:00,06,7.4,1025.77,3.35,277.75,7.7,2.7,3.15
2022-02-03 16:00:00,06,8.17,1025.59,3.62,267.71,8.02,2.79,3.24
2022-02-03 17:00:00,06,9.34,1024.95,3.87,261.18,7.6,2.5,2.93
2022-02-03 18:00:00,06,9.67,1023.28,4.87,268.63,8.81,1.88,2.21
2022-02-03 19:00:00,06,9.13,1022.06,5.86,265.8,10.05,1.09,1.4
2022-02-03 20:00:00,06,9.05,1021.56,6.18,266.69,10.81,0.32,0.62
2022-02-03 21:00:00,06,8.95,1021.28,6.0,268.59,10.97,-0.23,0.06
2022-02-03 22:00:00,06,8.59,1021.08,6.25,271.57,11.63,-0.42,-0.14
2022-02-03 23:00:00,06,8.17,1021.27,6.3,269.28,12.38,-0.2,-0.03
2022-02-04 00:00:00,06,8.06,1021.56,6.64,267.18,13.27,0.37,0.54
2022-02-04 01:00:00,06,7.95,1021.36,7.12,261.66,14.41,1.11,1.28
2022-02-04 02:00:00,06,7.79,1020.67,7.48,263.98,15.02,1.83,1.9
2022-02-04 03:00:00,06,7.78,1019.8,7.97,265.8,16.13,2.35,2.32
2022-02-04 04:00:00,06,7.65,1019.34,7.94,260.6,16.1,2.55,2.52
2022-02-04 05:00:00,06,7.75,1019.03,7.72,256.37,15.8,2.39,2.36
2022-02-03 12:00:00,12,5.08,1025.82,2.27,293.61,3.14,0.71,1.32
2022-02-03 13:00:00,12,5.21,1025.94,2.39,286.7,4.24,1.52,2.13
2022-02-03 14:00:00,12,5.9,1026.02,2.55,283.48,5.53,2.24,2.87
2022-02-03 15:00:00,12,7.37,1025.95,2.75,273.52,5.91,2.7,3.29
2022-02-03 16:00:00,12,7.67,1025.76,2.9,268.78,6.85,2.79,3.3
2022-02-03 17:00:00,12,8.27,1025.08,2.68,269.11,6.21,2.72,3.19
2022-02-03 18:00:00,12,9.43,1023.56,4.05,267.51,7.9,1.88,2.24
2022-02-03 19:00:00,12,9.19,1022.13,5.22,270.81,9.29,1.09,1.44
2022-02-03 20:00:00,12,9.01,1021.78,5.48,263.64,9.71,0.32,0.66
2022-02-03 21:00:00,12,8.9,1021.15,5.77,269.8,10.61,-0.23,0.1
2022-02-03 22:00:00,12,8.57,1020.8,6.35,274.45,11.82,-0.42,-0.09
2022-02-03 23:00:00,12,8.17,1021.12,6.13,273.72,12.19,-0.2,0.12
2022-02-04 00:00:00,12,8.02,1021.66,6.4,267.53,13.32,0.37,0.58
2022-02-04 01:00:00,12,7.99,1021.5,7.23,262.82,14.7,1.11,1.31
2022-02-04 02:00:00,12,8.0,1020.83,7.74,265.83,15.2,1.83,1.93
2022-02-04 03:00:00,12,7.78,1019.74,8.18,266.62,16.33,2.35,2.34
2022-02-04 04:00:00,12,7.76,1018.99,8.37,261.09,16.8,2.55,2.53
2022-02-04 05:00:00,12,7.78,1018.74,8.13,258.03,16.17,2.39,2.36
2022-02-04 06:00:00,12,7.86,1018.3,8.63,258.38,16.74,1.91,1.88
2022-02-04 07:00:00,12,7.84,1017.91,8.11,255.3,16.32,1.23,1.21
2022-02-04 08:00:00,12,7.82,1016.98,7.89,258.48,16.06,0.52,0.49
2022-02-04 09:00:00,12,7.85,1016.21,7.98,260.12,16.0,-0.05,-0.18
2022-02-04 10:00:00,12,7.91,1015.9,8.16,257.75,16.23,-0.33,-0.56
2022-02-04 11:00:00,12,8.07,1015.81,8.66,255.46,17.22,-0.24,-0.46
2022-02-03 18:00:00,18,9.67,1023.51,4.21,263.97,8.3,1.88,2.38
2022-02-03 19:00:00,18,9.43,1021.95,5.48,270.01,9.71,1.09,1.56
2022-02-03 20:00:00,18,9.25,1021.5,5.83,264.01,10.23,0.32,0.78
2022-02-03 21:00:00,18,9.12,1020.85,5.95,268.3,11.01,-0.23,0.24
2022-02-03 22:00:00,18,8.77,1020.58,6.34,271.14,12.03,-0.42,0.05
2022-02-03 23:00:00,18,8.37,1021.12,6.11,272.41,12.1,-0.38,0.1
2022-02-04 00:00:00,18,8.16,1021.35,6.34,273.04,13.21,0.37,0.82
2022-02-04 01:00:00,18,8.11,1021.44,6.97,266.35,14.42,1.11,1.55
2022-02-04 02:00:00,18,7.99,1020.48,7.51,269.29,15.34,1.83,2.15
2022-02-04 03:00:00,18,8.02,1019.57,7.89,265.65,16.11,2.35,2.56
2022-02-04 04:00:00,18,7.88,1019.04,7.91,261.27,16.12,2.55,2.64
2022-02-04 05:00:00,18,7.91,1018.44,8.05,259.3,16.14,2.39,2.47
2022-02-04 06:00:00,18,8.05,1018.12,8.39,257.46,16.41,1.91,1.97
2022-02-04 07:00:00,18,8.05,1017.69,7.86,258.04,15.73,1.23,1.28
2022-02-04 08:00:00,18,8.05,1016.77,8.05,261.77,16.15,0.52,0.55
2022-02-04 09:00:00,18,8.15,1016.17,8.41,256.68,16.73,-0.05,-0.04
2022-02-04 10:00:00,18,8.2,1015.66,8.59,255.34,17.11,-0.33,-0.43
2022-02-04 11:00:00,18,8.23,1015.43,8.59,256.54,17.08,-0.24,-0.46
2022-02-04 12:00:00,18,8.47,1015.3,9.1,252.32,17.87,0.2,-0.02
2022-02-04 13:00:00,18,8.75,1015.24,9.33,250.32,17.99,0.88,0.66
2022-02-04 14:00:00,18,8.97,1015.24,9.56,248.07,18.42,1.61,1.29
2022-02-04 15:00:00,18,9.45,1014.79,9.45,245.08,18.5,2.23,1.81
2022-02-04 16:00:00,18,9.45,1014.7,9.56,237.56,18.23,2.58,2.06
2022-02-04 17:00:00,18,9.77,1014.21,9.3,230.69,17.36,2.57,1.95
2022-02-04 01:00:00,00,8.17,1021.14,6.85,268.24,14.49,1.11,1.56
2022-02-04 02:00:00,00,8.05,1020.31,7.34,268.42,15.21,1.83,2.15
2022-02-04 03:00:00,00,7.93,1019.38,7.61,266.31,15.9,2.35,2.6
2022-02-04 04:00:00,00,7.95,1019.07,7.62,261.5,15.95,2.55,2.76
2022-02-04 05:00:00,00,7.85,1018.16,7.96,262.78,16.63,2.53,2.74
2022-02-04 06:00:00,00,8.01,1018.02,8.13,257.99,16.42,1.91,2.02
2022-02-04 07:00:00,00,7.93,1017.64,7.89,255.77,16.25,1.23,1.34
2022-02-04 08:00:00,00,7.95,1016.53,7.98,260.88,16.43,0.52,0.63
2022-02-04 09:00:00,00,8.05,1015.65,8.58,258.1,17.03,-0.05,-0.04
2022-02-04 10:00:00,00,8.14,1015.25,8.73,255.64,17.34,-0.33,-0.32
2022-02-04 11:00:00,00,8.35,1015.2,8.59,254.2,17.14,-0.24,-0.23
2022-02-04 12:00:00,00,8.67,1015.03,8.87,251.5,17.4,0.2,0.11
2022-02-04 13:00:00,00,8.84,1014.78,9.27,251.2,18.0,0.88,0.79
2022-02-04 14:00:00,00,9.08,1014.89,9.28,245.86,18.15,1.61,1.52
2022-02-04 15:00:00,00,9.35,1014.61,9.0,242.95,17.82,2.23,2.04
2022-02-04 16:00:00,00,9.27,1014.48,9.24,237.51,18.11,2.58,2.29
2022-02-04 17:00:00,00,9.28,1013.8,9.73,238.75,17.19,2.57,2.18
2022-02-04 18:00:00,00,9.31,1013.06,9.54,233.4,17.03,2.22,1.73
2022-02-04 19:00:00,00,9.65,1011.71,8.52,236.67,15.51,1.6,1.11
2022-02-04 20:00:00,00,9.25,1012.17,8.26,228.6,15.6,0.85,0.36
2022-02-04 21:00:00,00,9.15,1012.84,7.59,218.81,14.95,0.18,-0.31
2022-02-04 22:00:00,00,8.95,1013.25,5.85,214.17,11.84,-0.24,-0.63
2022-02-04 23:00:00,00,8.73,1014.29,3.56,82.23,11.51,-0.3,-0.59
2022-02-04 06:00:00,06,8.03,1017.93,8.05,257.99,16.49,1.91,2.19
2022-02-04 07:00:00,06,7.94,1017.56,8.01,255.92,16.44,1.23,1.5
2022-02-04 08:00:00,06,7.95,1016.46,8.21,261.08,16.66,0.52,0.75
2022-02-04 09:00:00,06,8.05,1015.78,8.58,256.87,17.12,-0.05,0.12
2022-02-04 10:00:00,06,8.39,1015.27,8.37,253.38,16.92,-0.33,-0.25
2022-02-04 11:00:00,06,8.6,1014.96,8.46,251.72,16.61,-0.34,-0.28
2022-02-04 12:00:00,06,8.76,1014.99,8.42,249.92,16.5,0.2,0.26
2022-02-04 13:00:00,06,8.92,1014.9,8.63,248.86,16.9,0.88,0.93
2022-02-04 14:00:00,06,9.12,1015.03,8.85,244.39,17.22,1.61,1.67
2022-02-04 15:00:00,06,9.56,1014.73,8.92,242.44,17.14,2.23,2.18
2022-02-04 16:00:00,06,9.88,1014.36,8.94,238.78,17.3,2.58,2.42
2022-02-04 17:00:00,06,9.97,1013.92,9.14,227.5,17.52,2.57,2.32
2022-02-04 18:00:00,06,9.53,1013.0,8.25,229.46,15.91,2.22,1.96
2022-02-04 19:00:00,06,9.95,1011.88,7.96,235.02,14.54,1.6,1.24
2022-02-04 20:00:00,06,9.75,1011.82,8.13,226.81,16.0,0.85,0.49
2022-02-04 21:00:00,06,9.55,1013.0,8.55,207.48,16.41,0.18,-0.18
2022-02-04 22:00:00,06,9.35,1013.32,7.1,206.95,13.81,-0.24,-0.61
2022-02-04 23:00:00,06,8.96,1014.46,3.65,164.31,11.4,-0.3,-0.57
2022-02-05 00:00:00,06,7.43,1016.7,7.59,57.36,9.32,0.01,0.04
2022-02-05 01:00:00,06,5.85,1017.7,7.34,65.27,10.53,0.6,0.83
2022-02-05 02:00:00,06,5.66,1018.2,6.6,70.82,9.8,1.32,1.55
2022-02-05 03:00:00,06,5.39,1018.9,6.64,76.2,9.35,1.97,2.2
2022-02-05 04:00:00,06,5.05,1019.03,6.04,80.78,9.1,2.39,2.62
2022-02-05 05:00:00,06,4.88,1019.52,5.35,90.91,7.91,2.5,2.73
2022-02-04 12:00:00,12,8.76,1015.11,8.63,247.86,16.82,0.2,0.16
2022-02-04 13:00:00,12,8.91,1015.25,8.81,245.16,17.01,0.88,0.83
2022-02-04 14:00:00,12,9.19,1015.45,8.84,241.52,16.78,1.61,1.58
2022-02-04 15:00:00,12,9.59,1015.3,8.38,241.35,16.2,2.23,2.22
2022-02-04 16:00:00,12,9.86,1014.76,8.14,242.07,15.62,2.58,2.58
2022-02-04 17:00:00,12,10.27,1013.96,8.27,238.59,15.96,2.62,2.62
2022-02-04 18:00:00,12,10.1,1012.4,8.65,237.25,16.46,2.22,2.21
2022-02-04 19:00:00,12,10.25,1011.27,8.72,238.72,15.55,1.6,1.57
2022-02-04 20:00:00,12,10.05,1011.11,8.33,230.33,15.17,0.85,0.82
2022-02-04 21:00:00,12,9.65,1011.54,9.09,219.83,16.02,0.18,0.03
2022-02-04 22:00:00,12,9.25,1012.05,7.55,209.1,14.92,-0.24,-0.4
2022-02-04 23:00:00,12,9.05,1013.03,6.68,190.5,11.65,-0.3,-0.48
2022-02-05 00:00:00,12,7.74,1015.91,8.66,63.02,11.31,0.01,0.02
2022-02-05 01:00:00,12,6.15,1017.01,7.34,64.06,10.6,0.6,0.8
2022-02-05 02:00:00,12,5.82,1017.82,6.25,68.69,8.95,1.32,1.71
2022-02-05 03:00:00,12,5.5,1018.09,6.71,78.19,9.17,1.97,2.24
2022-02-05 04:00:00,12,5.09,1018.54,6.35,83.27,8.88,2.39,2.65
2022-02-05 05:00:00,12,4.75,1018.51,6.12,94.2,8.9,2.5,2.75
2022-02-05 06:00:00,12,4.36,1018.59,6.22,95.78,9.09,2.29,2.53
2022-02-05 07:00:00,12,4.21,1018.57,6.46,98.05,9.3,1.79,2.04
2022-02-05 08:00:00,12,3.98,1019.2,6.53,110.08,9.61,1.15,1.4
2022-02-05 09:00:00,12,3.85,1019.58,6.91,109.5,11.22,0.5,0.85
2022-02-05 10:00:00,12,3.68,1020.87,7.22,111.99,11.7,0.02,0.47
2022-02-05 11:00:00,12,3.65,1021.78,7.1,108.39,12.03,-0.17,0.27
2022-02-04 18:00:00,18,10.37,1012.03,8.68,237.15,16.61,2.22,2.23
2022-02-04 19:00:00,18,10.55,1010.84,8.83,237.15,15.92,1.6,1.65
2022-02-04 20:00:00,18,10.45,1010.61,8.36,228.72,15.2,0.85,0.94
2022-02-04 21:00:00,18,10.25,1011.16,8.6,214.97,15.6,0.18,0.26
2022-02-04 22:00:00,18,9.74,1011.28,7.11,211.42,14.22,-0.24,-0.09
2022-02-04 23:00:00,18,9.45,1012.55,4.29,175.89,11.34,-0.31,-0.08
2022-02-05 00:00:00,18,7.47,1015.47,8.53,64.59,10.57,0.01,0.42
2022-02-05 01:00:00,18,6.44,1016.71,6.39,66.76,10.0,0.6,1.19
2022-02-05 02:00:00,18,5.95,1017.86,6.87,84.2,9.91,1.32,1.98
2022-02-05 03:00:00,18,5.35,1018.45,6.94,85.74,10.04,1.97,2.51
2022-02-05 04:00:00,18,4.99,1018.87,6.57,90.97,9.5,2.39,2.81
2022-02-05 05:00:00,18,4.75,1018.39,6.91,92.74,10.38,2.5,2.9
2022-02-05 06:00:00,18,4.47,1018.63,6.98,103.03,10.15,2.29,2.75
2022-02-05 07:00:00,18,4.27,1018.84,7.0,106.48,10.99,1.79,2.24
2022-02-05 08:00:00,18,4.11,1019.16,6.56,102.79,10.56,1.15,1.57
2022-02-05 09:00:00,18,3.96,1020.25,6.81,108.96,11.31,0.5,1.1
2022-02-05 10:00:00,18,3.78,1021.18,7.75,110.11,12.41,0.02,0.59
2022-02-05 11:00:00,18,3.71,1022.28,7.13,108.19,12.33,-0.17,0.38
2022-02-05 12:00:00,18,3.58,1023.54,7.7,108.63,12.61,-0.03,0.52
2022-02-05 13:00:00,18,3.46,1025.63,7.06,116.26,11.68,0.41,0.96
2022-02-05 14:00:00,18,3.85,1027.2,7.25,116.61,10.96,1.03,1.58
2022-02-05 15:00:00,18,4.36,1028.41,7.43,118.69,10.32,1.67,2.22
2022-02-05 16:00:00,18,4.93,1028.78,7.43,117.51,9.88,2.16,2.71
2022-02-05 17:00:00,18,5.29,1028.74,7.38,111.45,9.79,2.4,2.94
2022-02-05 01:00:00,00,6.42,1016.2,5.83,64.03,9.41,0.6,0.98
2022-02-05 02:00:00,00,6.05,1016.91,6.7,82.13,9.81,1.32,1.57
2022-02-05 03:00:00,00,5.7,1017.26,7.14,83.28,10.22,1.97,2.14
2022-02-05 04:00:00,00,5.35,1018.15,6.11,92.25,9.41,2.39,2.57
2022-02-05 05:00:00,00,4.87,1017.42,6.88,94.3,10.88,2.48,2.68
2022-02-05 06:00:00,00,4.65,1017.79,6.7,97.9,10.39,2.29,2.51
2022-02-05 07:00:00,00,4.51,1018.57,6.64,103.32,10.39,1.79,2.05
2022-02-05 08:00:00,00,4.31,1018.86,7.63,109.35,11.55,1.15,1.53
2022-02-05 09:00:00,00,4.06,1019.6,7.48,109.4,11.58,0.5,0.92
2022-02-05 10:00:00,00,3.86,1021.28,7.99,109.41,11.94,0.02,0.56
2022-02-05 11:00:00,00,3.76,1022.23,7.53,107.24,12.55,-0.17,0.4
2022-02-05 12:00:00,00,3.69,1023.71,7.47,109.41,12.34,-0.03,0.57
2022-02-05 13:00:00,00,3.58,1025.3,7.4,112.44,11.72,0.41,0.94
2022-02-05 14:00:00,00,3.88,1026.74,7.42,116.34,11.33,1.03,1.59
2022-02-05 15:00:00,00,4.41,1028.2,7.56,121.65,10.32,1.67,2.25
2022-02-05 16:00:00,00,4.95,1028.51,7.34,117.8,9.75,2.16,2.78
2022-02-05 17:00:00,00,5.26,1028.59,7.34,111.76,9.63,2.4,3.04
2022-02-05 18:00:00,00,5.45,1027.76,7.79,106.55,9.76,2.31,2.95
2022-02-05 19:00:00,00,5.35,1028.02,6.78,104.49,8.91,1.92,2.56
2022-02-05 20:00:00,00,5.15,1028.45,6.29,96.46,8.13,1.32,1.87
2022-02-05 21:00:00,00,4.77,1029.41,6.0,88.2,7.41,0.67,1.31
2022-02-05 22:00:00,00,4.11,1030.46,6.28,84.51,7.1,0.11,0.96
2022-02-05 23:00:00,00,3.72,1031.51,6.1,83.01,7.18,-0.18,0.66
2022-02-05 06:00:00,06,4.85,1017.77,6.76,100.35,10.48,2.29,2.58
2022-02-05 07:00:00,06,4.71,1018.63,6.59,108.75,10.3,1.79,2.16
2022-02-05 08:00:00,06,4.52,1018.58,7.37,108.94,11.35,1.15,1.48
2022-02-05 09:00:00,06,4.36,1019.4,7.39,113.21,11.74,0.5,0.93
2022-02-05 10:00:00,06,4.16,1020.9,8.42,112.7,12.54,0.02,0.55
2022-02-05 11:00:00,06,3.96,1022.12,8.0,108.67,13.07,-0.1,0.42
2022-02-05 12:00:00,06,3.89,1023.75,7.72,110.47,12.62,-0.03,0.49
2022-02-05 13:00:00,06,3.78,1025.03,7.78,112.81,11.91,0.41,0.94
2022-02-05 14:00:00,06,4.08,1026.87,7.46,116.18,11.05,1.03,1.58
2022-02-05 15:00:00,06,4.56,1028.35,7.54,119.92,10.2,1.67,2.23
2022-02-05 16:00:00,06,5.05,1028.73,7.38,116.18,9.9,2.16,2.63
2022-02-05 17:00:00,06,5.35,1029.0,7.54,112.08,9.91,2.4,2.97
2022-02-05 18:00:00,06,5.55,1028.09,7.82,104.83,9.73,2.31,2.89
2022-02-05 19:00:00,06,5.46,1028.33,6.84,103.72,9.01,1.92,2.42
2022-02-05 20:00:00,06,5.21,1028.6,6.74,96.09,8.44,1.32,1.83
2022-02-05 21:00:00,06,4.78,1029.37,6.4,89.1,7.72,0.67,1.28
2022-02-05 22:00:00,06,4.09,1030.4,6.52,85.37,7.4,0.11,0.84
2022-02-05 23:00:00,06,3.76,1031.52,6.26,84.77,7.4,-0.18,0.66
2022-02-06 00:00:00,06,3.56,1032.73,5.97,85.57,7.5,-0.14,0.6
2022-02-06 01:00:00,06,3.39,1033.29,5.76,83.59,7.42,0.24,0.97
2022-02-06 02:00:00,06,3.26,1033.55,5.52,75.66,7.14,0.83,1.47
2022-02-06 03:00:00,06,3.24,1033.78,5.44,66.41,6.86,1.5,2.13
2022-02-06 04:00:00,06,3.08,1033.72,5.4,58.11,6.55,2.05,2.79
2022-02-06 05:00:00,06,3.07,1033.66,5.43,51.02,6.46,2.38,3.12
2022-02-05 12:00:00,12,4.05,1023.62,7.34,112.49,12.25,-0.03,0.49
2022-02-05 13:00:00,12,3.91,1024.88,7.44,113.94,11.77,0.41,0.82
2022-02-05 14:00:00,12,4.36,1026.58,7.33,116.45,11.17,1.03,1.35
2022-02-05 15:00:00,12,4.86,1027.96,7.57,118.82,10.32,1.67,1.99
2022-02-05 16:00:00,12,5.36,1028.36,7.78,113.56,10.09,2.16,2.52
2022-02-05 17:00:00,12,5.46,1028.72,7.97,111.94,10.02,2.29,2.64
2022-02-05 18:00:00,12,5.65,1027.83,8.13,105.0,9.91,2.31,2.66
2022-02-05 19:00:00,12,5.66,1028.2,6.82,103.39,8.74,1.92,2.18
2022-02-05 20:00:00,12,5.43,1028.42,6.53,91.85,8.17,1.32,1.6
2022-02-05 21:00:00,12,4.95,1029.07,6.55,84.66,7.61,0.67,1.04
2022-02-05 22:00:00,12,4.36,1030.1,6.76,82.77,7.53,0.11,0.6
2022-02-05 23:00:00,12,3.86,1031.45,6.33,82.65,7.6,-0.18,0.41
2022-02-06 00:00:00,12,3.69,1032.76,6.01,82.46,7.54,-0.14,0.37
2022-02-06 01:00:00,12,3.51,1033.32,5.92,79.93,7.56,0.24,0.75
2022-02-06 02:00:00,12,3.45,1033.66,5.75,72.68,7.14,0.83,1.25
2022-02-06 03:00:00,12,3.36,1033.83,5.79,62.37,7.07,1.5,1.92
2022-02-06 04:00:00,12,3.25,1033.65,5.67,53.53,6.73,2.05,2.59
2022-02-06 05:00:00,12,3.06,1033.54,5.68,49.61,6.58,2.38,2.92
2022-02-06 06:00:00,12,2.97,1033.55,5.26,44.96,6.34,2.41,2.95
2022-02-06 07:00:00,12,2.82,1033.46,4.92,44.28,5.97,2.15,2.69
2022-02-06 08:00:00,12,2.7,1033.6,4.48,43.11,5.32,1.67,2.12
2022-02-06 09:00:00,12,2.71,1033.92,3.95,42.74,4.56,1.08,1.53
2022-02-06 10:00:00,12,2.65,1034.26,3.53,45.23,4.05,0.52,0.97
2022-02-06 11:00:00,12,2.65,1034.52,3.42,47.95,4.06,0.13,0.57
2022-02-05 18:00:00,18,5.85,1027.8,7.93,105.96,9.56,2.31,2.64
2022-02-05 19:00:00,18,5.85,1028.12,6.61,105.6,8.35,1.92,2.31
2022-02-05 20:00:00,18,5.66,1028.33,6.25,93.71,7.66,1.32,1.81
2022-02-05 21:00:00,18,5.16,1028.96,6.52,83.14,7.41,0.67,1.17
2022-02-05 22:00:00,18,4.46,1030.07,6.88,80.24,7.31,0.11,0.59
2022-02-05 23:00:00,18,4.05,1031.39,6.58,79.93,7.5,-0.04,0.41
2022-02-06 00:00:00,18,3.86,1032.74,6.19,79.77,7.62,-0.14,0.31
2022-02-06 01:00:00,18,3.65,1033.43,6.02,77.69,7.57,0.24,0.67
2022-02-06 02:00:00,18,3.5,1033.81,5.8,72.64,7.3,0.83,1.26
2022-02-06 03:00:00,18,3.44,1033.91,5.76,62.76,7.08,1.5,1.91
2022-02-06 04:00:00,18,3.25,1033.58,5.72,51.72,6.85,2.05,2.36
2022-02-06 05:00:00,18,3.15,1033.34,5.95,49.84,6.88,2.38,2.78
2022-02-06 06:00:00,18,2.92,1033.3,5.6,46.06,6.71,2.41,2.8
2022-02-06 07:00:00,18,2.82,1033.59,4.88,43.0,5.95,2.15,2.54
2022-02-06 08:00:00,18,2.78,1033.69,4.52,42.52,5.37,1.67,2.05
2022-02-06 09:00:00,18,2.75,1033.96,4.01,41.22,4.66,1.08,1.35
2022-02-06 10:00:00,18,2.68,1034.1,3.87,48.6,4.65,0.52,0.78
2022-02-06 11:00:00,18,2.68,1034.43,3.68,52.02,4.4,0.13,0.38
2022-02-06 12:00:00,18,2.68,1035.28,3.23,53.01,3.98,0.01,0.15
2022-02-06 13:00:00,18,3.05,1035.21,3.89,50.3,4.7,0.18,0.33
2022-02-06 14:00:00,18,3.63,1035.15,4.16,47.91,4.74,0.6,0.74
2022-02-06 15:00:00,18,4.35,1035.53,3.62,38.01,3.78,1.14,1.29
2022-02-06 16:00:00,18,5.0,1035.68,3.05,32.02,3.26,1.68,1.72
2022-02-06 17:00:00,18,5.63,1034.31,3.49,33.94,3.5,2.05,2.1
2022-02-06 01:00:00,00,3.67,1033.16,5.76,78.25,7.34,0.24,0.42
2022-02-06 02:00:00,00,3.5,1033.43,5.43,73.64,7.04,0.83,0.84
2022-02-06 03:00:00,00,3.39,1033.49,5.47,65.5,6.81,1.5,1.43
2022-02-06 04:00:00,00,3.31,1033.27,5.56,53.62,6.74,2.05,2.0
2022-02-06 05:00:00,00,3.16,1033.13,5.8,50.89,6.83,2.21,2.18
2022-02-06 06:00:00,00,3.08,1033.23,5.51,46.07,6.52,2.41,2.39
2022-02-06 07:00:00,00,2.88,1033.4,5.01,43.25,6.07,2.15,2.26
2022-02-06 08:00:00,00,2.75,1033.3,4.78,44.22,5.84,1.67,1.7
2022-02-06 09:00:00,00,2.75,1033.6,4.3,43.45,5.21,1.08,1.14
2022-02-06 10:00:00,00,2.65,1034.0,3.79,45.14,4.73,0.52,0.6
2022-02-06 11:00:00,00,2.65,1034.61,3.32,49.63,4.18,0.13,0.13
2022-02-06 12:00:00,00,2.68,1034.91,3.73,58.35,4.7,0.01,0.03
2022-02-06 13:00:00,00,3.06,1034.94,4.28,53.23,5.43,0.18,0.22
2022-02-06 14:00:00,00,3.65,1035.44,4.06,48.87,4.6,0.6,0.66
2022-02-06 15:00:00,00,4.4,1035.55,3.7,37.83,4.19,1.14,1.14
2022-02-06 16:00:00,00,5.11,1035.45,3.27,37.54,3.56,1.68,1.69
2022-02-06 17:00:00,00,5.85,1034.48,3.4,31.88,3.42,2.05,2.09
2022-02-06 18:00:00,00,6.2,1032.92,3.66,35.75,3.31,2.19,2.22
2022-02-06 19:00:00,00,6.3,1031.85,3.77,42.02,2.81,2.04,2.08
2022-02-06 20:00:00,00,5.98,1031.63,3.77,36.81,2.93,1.65,1.69
2022-02-06 21:00:00,00,5.53,1031.36,3.79,23.18,3.61,1.11,1.14
2022-02-06 22:00:00,00,4.81,1030.99,3.95,15.27,4.43,0.54,0.58
2022-02-06 23:00:00,00,4.41,1031.04,3.82,15.52,4.94,0.11,0.15
2022-02-06 06:00:00,06,3.03,1033.33,5.58,48.27,6.7,2.41,2.48
2022-02-06 07:00:00,06,2.88,1033.57,5.2,45.39,6.26,2.15,2.34
2022-02-06 08:00:00,06,2.75,1033.48,5.11,46.51,6.27,1.67,1.93
2022-02-06 09:00:00,06,2.65,1033.7,4.89,46.55,5.92,1.08,1.35
2022-02-06 10:00:00,06,2.65,1034.16,4.35,46.61,5.33,0.52,0.75
2022-02-06 11:00:00,06,2.65,1034.47,4.19,50.8,5.26,0.34,0.54
2022-02-06 12:00:00,06,2.65,1035.01,4.17,55.87,5.37,0.01,0.21
2022-02-06 13:00:00,06,2.98,1034.86,4.92,53.82,6.27,0.18,0.28
2022-02-06 14:00:00,06,3.63,1035.57,4.4,47.01,5.25,0.6,0.71
2022-02-06 15:00:00,06,4.31,1035.34,4.35,43.76,4.78,1.14,1.26
2022-02-06 16:00:00,06,4.97,1035.59,3.7,42.17,3.75,1.68,1.69
2022-02-06 17:00:00,06,5.55,1034.61,3.54,38.77,3.38,2.05,2.08
2022-02-06 18:00:00,06,5.85,1032.84,3.84,40.35,3.6,2.19,2.21
2022-02-06 19:00:00,06,5.93,1031.97,3.23,36.65,3.25,2.04,2.07
2022-02-06 20:00:00,06,5.79,1031.48,3.71,33.93,3.5,1.65,1.68
2022-02-06 21:00:00,06,5.35,1031.33,3.63,25.77,4.04,1.11,1.14
2022-02-06 22:00:00,06,4.6,1030.97,3.49,22.16,4.5,0.54,0.58
2022-02-06 23:00:00,06,4.24,1030.8,3.58,27.1,5.24,0.11,0.26
2022-02-07 00:00:00,06,4.32,1030.68,4.38,32.35,5.99,-0.07,0.08
2022-02-07 01:00:00,06,4.7,1030.32,4.57,40.31,6.32,0.06,0.2
2022-02-07 02:00:00,06,4.64,1029.83,4.21,46.86,6.23,0.46,0.6
2022-02-07 03:00:00,06,4.66,1029.88,3.61,54.61,5.23,1.03,1.17
2022-02-07 04:00:00,06,4.65,1029.75,3.48,64.11,4.71,1.62,1.76
2022-02-07 05:00:00,06,4.59,1029.22,3.86,71.2,5.29,2.08,2.22
2022-02-06 12:00:00,12,2.55,1034.91,4.71,58.35,6.05,0.01,0.21
2022-02-06 13:00:00,12,2.82,1034.75,5.51,55.94,6.95,0.18,0.47
2022-02-06 14:00:00,12,3.51,1035.23,5.49,49.76,6.42,0.6,0.91
2022-02-06 15:00:00,12,4.15,1035.12,5.46,45.99,5.81,1.14,1.43
2022-02-06 16:00:00,12,4.68,1035.41,4.69,38.88,4.98,1.68,1.96
2022-02-06 17:00:00,12,5.25,1034.29,4.34,36.11,4.72,1.85,2.17
2022-02-06 18:00:00,12,5.6,1032.52,4.41,37.38,4.54,2.19,2.5
2022-02-06 19:00:00,12,5.65,1031.78,3.55,36.2,3.8,2.04,2.35
2022-02-06 20:00:00,12,5.35,1030.89,4.35,32.79,4.7,1.65,1.85
2022-02-06 21:00:00,12,5.1,1030.67,4.48,29.8,4.92,1.11,1.3
2022-02-06 22:00:00,12,4.49,1030.36,4.46,31.45,5.14,0.54,0.83
2022-02-06 23:00:00,12,4.44,1030.5,4.37,36.98,5.47,0.11,0.4
2022-02-07 00:00:00,12,4.4,1030.63,4.55,46.07,6.04,-0.07,0.21
2022-02-07 01:00:00,12,4.37,1030.34,4.72,54.79,6.45,0.06,0.33
2022-02-07 02:00:00,12,4.36,1029.85,4.7,63.89,6.64,0.46,0.73
2022-02-07 03:00:00,12,4.37,1029.67,4.57,72.09,6.48,1.03,1.19
2022-02-07 04:00:00,12,4.34,1029.25,4.37,76.35,6.23,1.62,1.88
2022-02-07 05:00:00,12,4.47,1028.78,4.45,82.44,6.4,2.08,2.33
2022-02-07 06:00:00,12,4.45,1028.54,4.12,81.25,5.91,2.32,2.57
2022-02-07 07:00:00,12,4.45,1027.92,3.84,75.73,5.71,2.29,2.54
2022-02-07 08:00:00,12,4.45,1027.3,3.66,77.33,5.31,2.02,2.28
2022-02-07 09:00:00,12,4.49,1026.95,3.57,80.18,5.17,1.58,1.83
2022-02-07 10:00:00,12,4.48,1026.3,3.9,75.64,5.97,1.06,1.31
2022-02-07 11:00:00,12,4.57,1026.45,3.7,79.61,5.73,0.58,0.83
2022-02-06 18:00:00,18,5.64,1032.6,4.48,37.16,4.8,2.19,2.51
2022-02-06 19:00:00,18,5.65,1031.93,3.65,41.78,4.01,2.04,2.36
2022-02-06 20:00:00,18,5.15,1031.16,4.4,40.41,5.27,1.65,1.92
2022-02-06 21:00:00,18,4.85,1030.87,4.53,41.14,5.61,1.11,1.34
2022-02-06 22:00:00,18,4.56,1030.41,4.46,43.08,5.82,0.54,0.83
2022-02-06 23:00:00,18,4.47,1030.48,4.43,46.77,6.36,0.35,0.66
2022-02-07 00:00:00,18,4.45,1030.53,4.73,54.73,7.06,-0.07,0.26
2022-02-07 01:00:00,18,4.37,1030.28,4.74,62.01,7.36,0.06,0.4
2022-02-07 02:00:00,18,4.49,1029.78,4.71,65.11,7.01,0.46,0.81
2022-02-07 03:00:00,18,4.46,1029.59,4.74,73.59,6.74,1.03,1.39
2022-02-07 04:00:00,18,4.44,1028.98,4.78,78.08,6.74,1.62,1.89
2022-02-07 05:00:00,18,4.39,1028.51,5.01,82.23,6.86,2.08,2.36
2022-02-07 06:00:00,18,4.39,1027.95,4.49,83.31,6.33,2.32,2.61
2022-02-07 07:00:00,18,4.44,1027.59,3.76,90.85,5.67,2.29,2.7
2022-02-07 08:00:00,18,4.45,1027.08,3.75,93.99,5.51,2.02,2.34
2022-02-07 09:00:00,18,4.37,1026.44,3.77,87.97,5.78,1.58,1.91
2022-02-07 10:00:00,18,4.44,1025.46,4.57,76.39,7.06,1.06,1.4
2022-02-07 11:00:00,18,4.02,1025.94,3.46,98.4,5.83,0.58,0.93
2022-02-07 12:00:00,18,3.95,1025.9,3.58,99.77,5.93,0.26,0.61
2022-02-07 13:00:00,18,4.34,1025.73,3.89,96.19,6.27,0.18,0.64
2022-02-07 14:00:00,18,5.08,1025.95,3.67,99.6,5.35,0.36,0.72
2022-02-07 15:00:00,18,5.13,1025.93,3.17,102.89,4.62,0.74,1.09
2022-02-07 16:00:00,18,4.67,1025.19,2.74,80.23,4.24,1.21,1.56
2022-02-07 17:00:00,18,4.82,1023.61,3.31,69.73,5.01,1.64,1.99
2022-02-07 01:00:00,00,4.45,1030.34,4.75,67.34,6.86,0.06,0.58
2022-02-07 02:00:00,00,4.32,1029.86,4.93,71.77,6.85,0.46,0.93
2022-02-07 03:00:00,00,4.39,1029.67,5.02,81.59,6.76,1.03,1.44
2022-02-07 04:00:00,00,4.38,1028.93,4.86,87.05,6.59,1.62,1.99
2022-02-07 05:00:00,00,4.39,1028.54,4.64,91.58,6.41,1.82,2.23
2022-02-07 06:00:00,00,4.33,1027.89,3.95,87.67,5.66,2.32,2.73
2022-02-07 07:00:00,00,3.84,1027.41,3.37,91.29,4.92,2.29,2.62
2022-02-07 08:00:00,00,3.84,1026.81,3.4,94.99,5.05,2.02,2.37
2022-02-07 09:00:00,00,3.73,1026.06,3.36,99.98,5.24,1.58,1.93
2022-02-07 10:00:00,00,4.0,1025.83,3.57,115.84,5.57,1.06,1.42
2022-02-07 11:00:00,00,3.76,1025.75,2.81,115.44,4.93,0.58,0.95
2022-02-07 12:00:00,00,4.0,1025.69,3.7,110.29,6.01,0.26,0.65
2022-02-07 13:00:00,00,4.28,1025.76,3.91,111.98,6.46,0.18,0.58
2022-02-07 14:00:00,00,4.61,1025.46,2.74,83.7,4.47,0.36,0.77
2022-02-07 15:00:00,00,4.46,1024.88,3.81,92.46,5.67,0.74,1.16
2022-02-07 16:00:00,00,4.49,1024.54,3.11,102.05,5.06,1.21,1.54
2022-02-07 17:00:00,00,4.56,1023.11,2.93,86.84,5.19,1.64,1.98
2022-02-07 18:00:00,00,4.76,1021.49,4.08,102.06,6.35,1.92,2.26
2022-02-07 19:00:00,00,4.57,1020.02,4.45,92.62,8.21,1.98,2.42
2022-02-07 20:00:00,00,4.64,1019.15,4.75,95.0,8.82,1.81,2.25
2022-02-07 21:00:00,00,4.45,1018.64,6.15,95.92,10.71,1.44,1.98
2022-02-07 22:00:00,00,4.51,1017.45,7.31,95.84,12.4,0.96,1.6
2022-02-07 23:00:00,00,4.49,1016.82,6.08,93.58,12.46,0.49,1.13
2022-02-07 06:00:00,06,4.29,1028.18,3.84,85.23,5.47,2.32,2.75
2022-02-07 07:00:00,06,3.84,1027.61,3.47,87.32,4.82,2.29,2.8
2022-02-07 08:00:00,06,3.77,1027.07,3.38,91.69,4.9,2.02,2.54
2022-02-07 09:00:00,06,3.83,1026.46,3.42,95.58,5.14,1.58,2.13
2022-02-07 10:00:00,06,4.19,1026.27,3.62,110.41,5.34,1.06,1.65
2022-02-07 11:00:00,06,3.95,1026.02,2.97,104.46,5.03,0.85,1.45
2022-02-07 12:00:00,06,4.22,1025.57,3.82,90.8,6.05,0.26,0.85
2022-02-07 13:00:00,06,4.24,1025.23,3.72,78.27,5.85,0.18,0.77
2022-02-07 14:00:00,06,4.91,1025.77,2.99,84.35,4.56,0.36,0.95
2022-02-07 15:00:00,06,4.86,1025.31,3.38,96.67,4.66,0.74,1.22
2022-02-07 16:00:00,06,6.26,1023.84,4.22,76.67,5.8,1.21,1.69
2022-02-07 17:00:00,06,5.71,1022.64,3.76,73.14,5.37,1.64,2.21
2022-02-07 18:00:00,06,5.04,1021.9,4.0,101.56,6.4,1.92,2.39
2022-02-07 19:00:00,06,4.94,1020.23,4.35,87.68,7.34,1.98,2.54
2022-02-07 20:00:00,06,4.84,1019.18,6.62,88.35,10.21,1.81,2.37
2022-02-07 21:00:00,06,4.63,1017.96,7.48,64.85,11.93,1.44,2.09
2022-02-07 22:00:00,06,4.56,1017.62,7.17,76.01,13.13,0.96,1.71
2022-02-07 23:00:00,06,4.55,1017.31,6.37,86.53,12.77,0.49,1.24
2022-02-08 00:00:00,06,4.58,1016.9,6.78,93.02,13.25,0.16,0.91
2022-02-08 01:00:00,06,4.54,1015.71,7.3,99.0,14.02,0.06,1.01
2022-02-08 02:00:00,06,4.55,1016.98,5.28,122.94,12.51,0.24,1.19
2022-02-08 03:00:00,06,4.58,1017.35,5.18,128.71,11.7,0.65,1.79
2022-02-08 04:00:00,06,4.58,1016.32,4.28,113.22,11.26,1.17,2.22
2022-02-08 05:00:00,06,4.61,1016.59,4.02,122.87,9.71,1.68,2.63
2022-02-07 12:00:00,12,4.03,1025.66,3.78,95.57,6.02,0.26,0.91
2022-02-07 13:00:00,12,4.19,1025.2,3.61,78.38,5.77,0.18,0.93
2022-02-07 14:00:00,12,4.93,1025.67,2.95,87.81,4.77,0.36,1.14
2022-02-07 15:00:00,12,4.69,1024.39,3.51,79.27,5.17,0.74,1.46
2022-02-07 16:00:00,12,6.46,1023.49,3.48,75.2,5.02,1.21,1.95
2022-02-07 17:00:00,12,6.99,1022.33,3.57,79.33,5.06,1.39,2.14
2022-02-07 18:00:00,12,5.4,1021.22,3.21,83.13,5.31,1.92,2.65
2022-02-07 19:00:00,12,5.18,1019.41,4.68,78.99,7.31,1.98,2.69
2022-02-07 20:00:00,12,5.3,1018.33,5.97,81.76,9.46,1.81,2.5
2022-02-07 21:00:00,12,4.78,1017.14,7.76,70.69,12.74,1.44,2.22
2022-02-07 22:00:00,12,4.68,1016.64,7.63,79.45,13.53,0.96,1.82
2022-02-07 23:00:00,12,4.65,1015.3,8.94,86.65,15.18,0.49,1.34
2022-02-08 00:00:00,12,4.68,1015.87,8.42,84.03,14.91,0.16,1.19
2022-02-08 01:00:00,12,4.66,1015.58,8.03,93.8,14.81,0.06,1.18
2022-02-08 02:00:00,12,4.69,1017.14,7.06,110.26,14.7,0.24,1.44
2022-02-08 03:00:00,12,4.61,1016.26,5.95,105.59,13.27,0.65,1.83
2022-02-08 04:00:00,12,4.61,1016.87,4.73,116.26,11.01,1.17,2.34
2022-02-08 05:00:00,12,4.61,1016.27,4.25,119.06,9.66,1.68,2.63
2022-02-08 06:00:00,12,4.55,1016.61,4.64,137.97,8.52,2.06,2.92
2022-02-08 07:00:00,12,4.51,1016.74,4.76,139.14,8.42,2.24,2.99
2022-02-08 08:00:00,12,4.47,1016.87,4.33,144.49,7.7,2.18,2.94
2022-02-08 09:00:00,12,4.38,1017.12,3.57,151.63,6.45,1.93,2.78
2022-02-08 10:00:00,12,4.27,1017.35,3.74,151.27,5.98,1.52,2.38
2022-02-08 11:00:00,12,4.05,1018.18,3.45,146.9,5.76,1.06,1.92
2022-02-07 18:00:00,18,5.34,1021.28,3.48,79.29,5.53,1.92,2.66
2022-02-07 19:00:00,18,5.26,1020.03,4.5,80.0,7.03,1.98,2.68
2022-02-07 20:00:00,18,5.14,1018.87,5.53,88.4,8.72,1.81,2.43
2022-02-07 21:00:00,18,4.92,1017.74,6.92,69.69,10.97,1.44,2.05
2022-02-07 22:00:00,18,4.81,1016.56,8.55,72.56,13.74,0.96,1.58
2022-02-07 23:00:00,18,4.75,1015.6,8.9,76.89,14.91,0.76,1.43
2022-02-08 00:00:00,18,4.69,1015.83,8.99,92.59,15.01,0.16,0.94
2022-02-08 01:00:00,18,4.69,1014.46,8.66,84.01,15.89,0.06,1.06
2022-02-08 02:00:00,18,4.65,1016.22,7.08,109.65,14.21,0.24,1.46
2022-02-08 03:00:00,18,4.57,1015.78,5.61,96.14,13.83,0.65,1.77
2022-02-08 04:00:00,18,4.63,1016.97,5.66,124.79,12.51,1.17,2.31
2022-02-08 05:00:00,18,4.67,1016.68,3.55,126.58,9.07,1.68,2.64
2022-02-08 06:00:00,18,4.65,1015.99,4.31,133.15,9.04,2.06,2.94
2022-02-08 07:00:00,18,4.53,1016.19,3.93,140.49,7.54,2.24,3.03
2022-02-08 08:00:00,18,4.49,1016.41,4.62,141.99,8.06,2.18,2.99
2022-02-08 09:00:00,18,4.41,1016.74,4.0,147.69,6.92,1.93,2.85
2022-02-08 10:00:00,18,4.35,1017.07,3.93,149.47,6.5,1.52,2.46
2022-02-08 11:00:00,18,3.97,1017.64,3.18,143.25,5.73,1.06,2.01
2022-02-08 12:00:00,18,3.99,1018.46,3.2,138.44,5.65,0.65,1.5
2022-02-08 13:00:00,18,4.07,1019.13,2.53,143.97,4.38,0.39,1.24
2022-02-08 14:00:00,18,4.35,1019.7,2.93,141.54,4.09,0.33,1.08
2022-02-08 15:00:00,18,4.95,1020.16,2.56,156.16,3.12,0.5,1.25
2022-02-08 16:00:00,18,5.35,1020.35,2.03,170.07,2.2,0.83,1.58
2022-02-08 17:00:00,18,6.46,1019.76,1.91,165.51,2.33,1.23,1.98
2022-02-08 01:00:00,00,4.75,1014.83,8.18,90.11,14.82,0.06,1.05
2022-02-08 02:00:00,00,4.71,1016.01,7.3,109.08,14.4,0.24,1.21
2022-02-08 03:00:00,00,4.73,1015.59,5.66,95.49,13.78,0.65,1.48
2022-02-08 04:00:00,00,4.79,1016.18,4.98,119.21,12.46,1.17,1.91
2022-02-08 05:00:00,00,4.77,1016.21,3.24,123.51,8.75,1.38,2.12
2022-02-08 06:00:00,00,4.69,1016.18,3.86,141.37,8.05,2.06,2.72
2022-02-08 07:00:00,00,4.66,1016.92,4.39,159.35,7.26,2.24,2.82
2022-02-08 08:00:00,00,4.55,1016.19,4.21,147.8,7.54,2.18,2.9
2022-02-08 09:00:00,00,4.55,1016.71,4.24,154.86,7.15,1.93,2.66
2022-02-08 10:00:00,00,4.44,1017.23,3.91,159.61,6.5,1.52,2.29
2022-02-08 11:00:00,00,4.17,1017.31,3.62,143.26,6.14,1.06,1.75
2022-02-08 12:00:00,00,4.15,1018.54,3.08,147.6,5.43,0.65,1.36
2022-02-08 13:00:00,00,4.15,1019.17,3.18,142.78,5.31,0.39,1.12
2022-02-08 14:00:00,00,4.55,1019.69,2.69,142.6,3.9,0.33,1.1
2022-02-08 15:00:00,00,5.05,1019.61,1.93,154.17,2.53,0.5,1.29
2022-02-08 16:00:00,00,5.12,1020.03,2.06,173.26,2.43,0.83,1.65
2022-02-08 17:00:00,00,6.67,1019.57,2.35,163.98,3.0,1.23,2.07
2022-02-08 18:00:00,00,6.89,1018.59,1.93,168.55,3.36,1.58,2.32
2022-02-08 19:00:00,00,7.19,1018.0,2.21,186.22,3.86,1.8,2.64
2022-02-08 20:00:00,00,7.0,1017.87,3.44,165.55,5.02,1.82,2.56
2022-02-08 21:00:00,00,6.44,1018.4,3.83,172.3,5.28,1.64,2.48
2022-02-08 22:00:00,00,5.96,1018.85,3.66,171.8,5.71,1.3,2.14
2022-02-08 23:00:00,00,5.32,1019.22,3.18,166.99,5.31,0.88,1.72
2022-02-08 06:00:00,06,4.72,1015.95,3.86,141.04,8.04,2.06,2.84
2022-02-08 07:00:00,06,4.62,1016.63,4.53,157.38,7.65,2.24,3.01
2022-02-08 08:00:00,06,4.6,1016.19,4.52,151.25,8.1,2.18,2.9
2022-02-08 09:00:00,06,4.21,1016.72,4.58,157.89,7.74,1.93,2.69
2022-02-08 10:00:00,06,4.12,1016.97,3.98,161.11,7.01,1.52,2.31
2022-02-08 11:00:00,06,4.01,1017.35,3.78,148.68,7.08,1.34,2.14
2022-02-08 12:00:00,06,3.91,1018.37,3.66,148.5,6.6,0.65,1.44
2022-02-08 13:00:00,06,4.05,1019.01,3.64,146.67,6.36,0.39,1.18
2022-02-08 14:00:00,06,4.63,1019.65,3.33,144.97,4.92,0.33,1.02
2022-02-08 15:00:00,06,5.3,1019.45,2.32,158.55,3.3,0.5,1.18
2022-02-08 16:00:00,06,5.78,1020.01,2.35,170.02,3.17,0.83,1.61
2022-02-08 17:00:00,06,6.48,1019.36,2.23,167.91,3.36,1.23,2.0
2022-02-08 18:00:00,06,7.05,1018.77,2.41,184.87,3.83,1.58,2.35
2022-02-08 19:00:00,06,6.91,1018.05,2.96,194.32,4.23,1.8,2.56
2022-02-08 20:00:00,06,6.48,1018.2,4.39,170.56,5.83,1.82,2.48
2022-02-08 21:00:00,06,6.3,1018.84,4.02,176.37,5.96,1.64,2.39
2022-02-08 22:00:00,06,5.92,1018.95,3.7,171.39,5.94,1.3,2.05
2022-02-08 23:00:00,06,5.34,1019.86,3.8,172.51,6.28,0.88,1.62
2022-02-09 00:00:00,06,5.02,1019.89,3.1,160.3,5.56,0.48,1.23
2022-02-09 01:00:00,06,4.73,1020.83,2.91,172.03,4.37,0.22,0.87
2022-02-09 02:00:00,06,4.55,1021.3,2.06,165.7,2.54,0.18,0.83
2022-02-09 03:00:00,06,4.37,1021.15,1.74,130.61,1.81,0.38,1.02
2022-02-09 04:00:00,06,4.13,1020.86,1.63,121.77,1.52,0.77,1.41
2022-02-09 05:00:00,06,4.05,1020.8,1.65,121.28,1.48,1.25,1.89
2022-02-08 12:00:00,12,3.9,1018.24,3.65,152.96,6.38,0.65,1.33
2022-02-08 13:00:00,12,4.05,1018.8,3.71,152.28,6.15,0.39,1.01
2022-02-08 14:00:00,12,4.5,1019.26,3.23,153.89,4.7,0.33,0.99
2022-02-08 15:00:00,12,5.35,1018.96,2.26,175.93,3.06,0.5,1.16
2022-02-08 16:00:00,12,5.51,1019.39,2.42,187.68,3.45,0.83,1.5
2022-02-08 17:00:00,12,6.48,1018.95,2.61,186.7,3.96,0.99,1.62
2022-02-08 18:00:00,12,6.73,1018.39,2.99,193.71,4.34,1.58,2.31
2022-02-08 19:00:00,12,6.87,1017.76,3.73,186.83,5.13,1.8,2.43
2022-02-08 20:00:00,12,6.17,1017.86,4.45,174.24,6.54,1.82,2.55
2022-02-08 21:00:00,12,6.27,1018.51,4.21,171.39,6.61,1.64,2.37
2022-02-08 22:00:00,12,5.74,1018.98,4.06,172.56,6.62,1.3,2.03
2022-02-08 23:00:00,12,5.15,1019.48,3.74,167.76,6.54,0.88,1.61
2022-02-09 00:00:00,12,4.92,1020.07,3.13,170.54,5.38,0.48,1.12
2022-02-09 01:00:00,12,4.58,1020.68,2.12,168.89,3.2,0.22,0.86
2022-02-09 02:00:00,12,4.3,1021.47,1.69,138.73,2.23,0.18,0.82
2022-02-09 03:00:00,12,4.15,1021.78,0.89,113.49,1.22,0.38,1.02
2022-02-09 04:00:00,12,4.08,1021.24,0.72,76.88,1.21,0.77,1.41
2022-02-09 05:00:00,12,3.86,1021.18,0.39,337.09,0.93,1.25,1.89
2022-02-09 06:00:00,12,3.83,1020.9,0.39,70.96,0.68,1.7,2.34
2022-02-09 07:00:00,12,3.74,1020.33,1.15,339.07,1.12,2.03,2.67
2022-02-09 08:00:00,12,3.75,1020.92,2.36,282.32,2.53,2.17,2.81
2022-02-09 09:00:00,12,3.75,1020.59,2.12,277.25,2.53,2.11,2.75
2022-02-09 10:00:00,12,3.57,1020.08,2.0,291.4,2.26,1.87,2.51
2022-02-09 11:00:00,12,3.48,1020.39,2.07,273.14,2.4,1.5,2.04
2022-02-08 18:00:00,18,6.89,1018.25,3.3,199.21,4.73,1.58,2.18
2022-02-08 19:00:00,18,6.84,1017.4,3.98,189.91,5.57,1.8,2.37
2022-02-08 20:00:00,18,6.25,1017.54,4.96,177.69,7.24,1.82,2.35
2022-02-08 21:00:00,18,5.94,1017.76,3.93,180.45,6.92,1.64,2.1
2022-02-08 22:00:00,18,5.71,1018.2,4.16,178.14,6.93,1.3,1.75
2022-02-08 23:00:00,18,5.26,1018.91,3.78,170.7,7.18,1.13,1.6
2022-02-09 00:00:00,18,5.07,1020.09,3.39,179.85,6.32,0.48,0.97
2022-02-09 01:00:00,18,4.65,1020.19,2.5,170.29,4.09,0.22,0.73
2022-02-09 02:00:00,18,4.41,1021.15,2.68,169.94,3.65,0.18,0.71
2022-02-09 03:00:00,18,4.17,1020.88,2.22,152.25,3.03,0.38,0.83
2022-02-09 04:00:00,18,4.05,1021.04,1.81,159.87,2.22,0.77,1.24
2022-02-09 05:00:00,18,3.95,1020.82,1.3,147.04,1.64,1.25,1.74
2022-02-09 06:00:00,18,3.88,1020.57,0.94,102.48,1.37,1.7,2.22
2022-02-09 07:00:00,18,3.74,1020.84,0.75,319.26,1.21,2.03,2.67
2022-02-09 08:00:00,18,3.65,1020.44,0.79,294.12,1.18,2.17,2.83
2022-02-09 09:00:00,18,3.55,1020.2,0.92,296.04,1.57,2.11,2.79
2022-02-09 10:00:00,18,3.57,1020.02,0.52,306.39,1.21,1.87,2.47
2022-02-09 11:00:00,18,3.45,1019.98,0.97,322.23,1.3,1.5,2.13
2022-02-09 12:00:00,18,3.37,1020.2,1.25,310.16,1.58,1.09,1.71
2022-02-09 13:00:00,18,4.05,1021.37,2.11,279.73,2.98,0.71,1.33
2022-02-09 14:00:00,18,5.09,1021.12,1.48,279.73,2.32,0.47,1.09
2022-02-09 15:00:00,18,6.28,1020.73,1.77,290.49,2.73,0.42,1.05
2022-02-09 16:00:00,18,7.37,1020.34,1.67,295.45,2.73,0.57,1.1
2022-02-09 17:00:00,18,8.25,1019.62,1.66,304.88,2.95,0.87,1.39
2022-02-09 01:00:00,00,4.55,1020.09,2.15,185.92,2.64,0.22,0.83
2022-02-09 02:00:00,00,4.45,1020.88,2.34,195.1,2.62,0.18,0.79
2022-02-09 03:00:00,00,4.28,1020.62,2.33,196.93,2.69,0.38,0.96
2022-02-09 04:00:00,00,4.11,1020.49,2.5,207.65,3.15,0.77,1.28
2022-02-09 05:00:00,00,3.96,1020.12,2.22,190.85,2.77,0.95,1.45
2022-02-09 06:00:00,00,3.87,1020.37,2.07,201.18,2.46,1.7,2.21
2022-02-09 07:00:00,00,3.78,1019.97,1.63,189.36,1.66,2.03,2.54
2022-02-09 08:00:00,00,3.55,1019.91,1.44,205.04,1.3,2.17,2.69
2022-02-09 09:00:00,00,3.48,1019.82,1.28,233.67,1.21,2.11,2.65
2022-02-09 10:00:00,00,3.48,1019.65,1.13,232.67,1.1,1.87,2.42
2022-02-09 11:00:00,00,3.38,1019.69,0.84,237.46,0.82,1.5,2.06
2022-02-09 12:00:00,00,3.38,1019.88,0.98,255.55,0.95,1.09,1.65
2022-02-09 13:00:00,00,3.98,1020.79,1.39,233.5,1.44,0.71,1.29
2022-02-09 14:00:00,00,5.05,1021.26,1.97,258.8,2.59,0.47,1.06
2022-02-09 15:00:00,00,6.25,1020.66,1.79,270.32,2.64,0.42,1.02
2022-02-09 16:00:00,00,7.34,1020.39,2.47,278.95,3.58,0.57,1.08
2022-02-09 17:00:00,00,8.1,1019.46,2.01,280.29,3.11,0.87,1.38
2022-02-09 18:00:00,00,8.65,1018.12,2.23,294.44,3.54,1.22,1.74
2022-02-09 19:00:00,00,8.95,1016.99,2.45,304.41,4.01,1.53,2.04
2022-02-09 20:00:00,00,8.77,1016.16,2.65,302.65,4.2,1.71,2.22
2022-02-09 21:00:00,00,8.23,1015.85,2.9,282.54,4.39,1.72,2.23
2022-02-09 22:00:00,00,7.3,1015.85,3.1,272.74,4.92,1.54,2.06
2022-02-09 23:00:00,00,6.36,1015.84,3.27,282.39,4.75,1.23,1.74
2022-02-09 06:00:00,06,3.86,1020.32,2.25,211.21,2.84,1.7,2.19
2022-02-09 07:00:00,06,3.75,1019.78,1.76,197.69,2.01,2.03,2.49
2022-02-09 08:00:00,06,3.63,1019.71,1.8,201.23,1.91,2.17,2.59
2022-02-09 09:00:00,06,3.52,1019.49,1.47,209.49,1.62,2.11,2.46
2022-02-09 10:00:00,06,3.49,1019.26,1.1,194.7,1.27,1.87,2.17
2022-02-09 11:00:00,06,3.47,1019.46,0.7,191.85,0.72,1.74,2.04
2022-02-09 12:00:00,06,3.45,1019.81,0.51,225.97,0.55,1.09,1.41
2022-02-09 13:00:00,06,3.92,1020.66,0.94,220.92,0.95,0.71,1.05
2022-02-09 14:00:00,06,5.17,1020.9,1.38,262.39,1.82,0.47,0.82
2022-02-09 15:00:00,06,6.37,1020.41,1.78,281.27,2.61,0.42,0.79
2022-02-09 16:00:00,06,7.35,1020.03,2.49,288.47,3.72,0.57,0.96
2022-02-09 17:00:00,06,8.15,1019.21,2.17,285.77,3.35,0.87,1.17
2022-02-09 18:00:00,06,8.74,1017.91,2.61,296.4,4.02,1.22,1.54
2022-02-09 19:00:00,06,8.9,1016.79,2.47,296.52,3.97,1.53,1.86
2022-02-09 20:00:00,06,8.76,1015.94,2.53,295.78,3.96,1.71,2.16
2022-02-09 21:00:00,06,8.27,1015.71,2.73,280.88,4.23,1.72,2.19
2022-02-09 22:00:00,06,7.26,1015.84,2.95,269.61,4.76,1.54,2.03
2022-02-09 23:00:00,06,6.3,1015.93,3.29,280.29,4.88,1.23,1.73
2022-02-10 00:00:00,06,5.92,1016.35,3.31,280.57,5.16,0.84,1.34
2022-02-10 01:00:00,06,5.63,1016.55,3.01,274.15,4.69,0.49,0.89
2022-02-10 02:00:00,06,5.4,1016.63,2.95,259.97,4.98,0.27,0.67
2022-02-10 03:00:00,06,5.15,1016.18,3.16,262.32,5.54,0.25,0.65
2022-02-10 04:00:00,06,5.05,1015.78,3.44,253.24,6.75,0.46,0.86
2022-02-10 05:00:00,06,4.92,1015.77,3.69,247.17,7.7,0.83,1.23
2022-02-09 12:00:00,12,3.42,1019.7,0.61,232.67,0.64,1.09,1.32
2022-02-09 13:00:00,12,3.9,1020.44,0.84,226.25,0.91,0.71,1.01
2022-02-09 14:00:00,12,5.18,1020.55,1.21,266.95,1.46,0.47,0.8
2022-02-09 15:00:00,12,6.45,1019.93,1.45,290.07,1.97,0.42,0.77
2022-02-09 16:00:00,12,7.45,1019.53,2.09,297.71,2.95,0.57,0.91
2022-02-09 17:00:00,12,8.28,1018.84,1.93,296.66,2.91,0.68,1.0
2022-02-09 18:00:00,12,8.84,1017.76,2.42,303.02,3.61,1.22,1.45
2022-02-09 19:00:00,12,8.92,1016.61,2.7,300.89,4.01,1.53,1.86
2022-02-09 20:00:00,12,8.75,1015.81,3.05,294.28,4.3,1.71,2.05
2022-02-09 21:00:00,12,8.25,1015.71,3.6,284.18,4.85,1.72,2.06
2022-02-09 22:00:00,12,7.26,1015.79,3.62,279.57,5.36,1.54,1.89
2022-02-09 23:00:00,12,6.4,1015.9,3.64,285.8,5.37,1.23,1.58
2022-02-10 00:00:00,12,5.87,1016.17,3.26,282.91,4.9,0.84,1.21
2022-02-10 01:00:00,12,5.57,1016.45,2.99,274.53,4.58,0.49,0.76
2022-02-10 02:00:00,12,5.36,1016.51,2.86,259.12,4.6,0.27,0.54
2022-02-10 03:00:00,12,5.17,1016.05,3.36,262.09,5.79,0.25,0.53
2022-02-10 04:00:00,12,5.02,1015.67,3.64,252.77,7.23,0.46,0.74
2022-02-10 05:00:00,12,4.89,1015.67,3.68,250.97,7.72,0.83,1.12
2022-02-10 06:00:00,12,4.81,1015.67,3.96,238.51,9.1,1.28,1.57
2022-02-10 07:00:00,12,4.77,1015.48,4.11,238.71,9.78,1.71,2.0
2022-02-10 08:00:00,12,4.69,1015.19,4.46,235.09,10.78,2.01,2.2
2022-02-10 09:00:00,12,4.69,1015.38,4.86,223.71,11.74,2.15,2.34
2022-02-10 10:00:00,12,4.66,1015.79,4.85,218.55,11.21,2.09,2.29
2022-02-10 11:00:00,12,4.55,1016.27,4.17,211.51,9.34,1.87,1.96
2022-02-09 18:00:00,18,9.1,1017.5,2.04,313.55,3.2,1.22,1.47
2022-02-09 19:00:00,18,9.3,1016.26,2.38,325.0,3.73,1.53,1.78
2022-02-09 20:00:00,18,9.19,1015.24,2.56,326.45,3.9,1.71,1.9
2022-02-09 21:00:00,18,8.77,1015.01,2.89,308.98,4.48,1.72,1.86
2022-02-09 22:00:00,18,7.67,1015.2,3.2,298.73,5.01,1.54,1.56
2022-02-09 23:00:00,18,6.66,1015.46,3.72,296.3,5.52,1.43,1.48
2022-02-10 00:00:00,18,6.07,1015.9,3.27,289.64,5.1,0.84,0.91
2022-02-10 01:00:00,18,5.85,1016.2,3.0,280.54,4.5,0.49,0.58
2022-02-10 02:00:00,18,5.56,1016.41,2.75,257.82,4.29,0.27,0.37
2022-02-10 03:00:00,18,5.35,1015.96,3.1,264.33,5.05,0.25,0.38
2022-02-10 04:00:00,18,5.24,1015.67,3.55,253.5,6.61,0.46,0.5
2022-02-10 05:00:00,18,5.06,1015.58,3.65,249.55,7.3,0.83,0.9
2022-02-10 06:00:00,18,5.01,1015.42,3.87,238.69,8.33,1.28,1.37
2022-02-10 07:00:00,18,4.95,1015.28,3.94,236.6,9.06,1.71,1.81
2022-02-10 08:00:00,18,4.87,1014.9,4.27,235.04,10.0,2.01,2.13
2022-02-10 09:00:00,18,4.87,1015.13,4.76,222.78,11.13,2.15,2.19
2022-02-10 10:00:00,18,4.76,1015.41,4.65,218.89,10.75,2.09,2.15
2022-02-10 11:00:00,18,4.66,1015.93,4.11,215.84,9.33,1.87,1.85
2022-02-10 12:00:00,18,4.54,1016.67,3.65,212.13,8.12,1.51,1.5
2022-02-10 13:00:00,18,4.95,1017.41,3.6,208.72,8.33,1.11,1.09
2022-02-10 14:00:00,18,6.05,1017.76,3.94,206.86,7.5,0.74,0.72
2022-02-10 15:00:00,18,7.27,1017.76,4.25,200.18,7.1,0.5,0.48
2022-02-10 16:00:00,18,8.27,1017.51,4.0,193.23,7.18,0.45,0.43
2022-02-10 17:00:00,18,9.1,1017.03,4.23,197.92,7.55,0.59,0.57
2022-02-10 01:00:00,00,5.93,1015.61,2.87,285.18,4.3,0.49,0.59
2022-02-10 02:00:00,00,5.59,1015.78,2.56,259.59,3.98,0.27,0.38
2022-02-10 03:00:00,00,5.49,1015.38,2.77,262.7,4.25,0.25,0.34
2022-02-10 04:00:00,00,5.31,1015.15,3.16,247.38,5.42,0.46,0.51
2022-02-10 05:00:00,00,5.17,1015.13,3.29,240.87,6.61,0.59,0.62
2022-02-10 06:00:00,00,5.07,1015.06,3.47,233.09,7.4,1.28,1.31
2022-02-10 07:00:00,00,5.0,1014.9,3.75,228.65,8.57,1.71,1.74
2022-02-10 08:00:00,00,5.01,1014.63,3.85,229.97,8.92,2.01,2.05
2022-02-10 09:00:00,00,4.91,1014.69,4.22,223.55,10.03,2.15,2.19
2022-02-10 10:00:00,00,4.85,1015.22,4.57,215.87,11.03,2.09,2.04
2022-02-10 11:00:00,00,4.82,1015.84,4.25,210.91,9.92,1.87,1.81
2022-02-10 12:00:00,00,4.68,1016.53,3.7,204.49,8.12,1.51,1.46
2022-02-10 13:00:00,00,5.03,1017.11,3.2,207.65,6.55,1.11,1.06
2022-02-10 14:00:00,00,6.13,1017.41,3.26,206.87,5.11,0.74,0.7
2022-02-10 15:00:00,00,7.37,1017.38,3.26,213.72,4.82,0.5,0.46
2022-02-10 16:00:00,00,8.62,1017.16,3.53,210.6,5.48,0.45,0.31
2022-02-10 17:00:00,00,9.41,1016.79,4.11,205.51,6.96,0.59,0.46
2022-02-10 18:00:00,00,9.87,1015.88,4.78,206.86,8.07,0.88,0.84
2022-02-10 19:00:00,00,9.87,1015.19,5.51,211.37,8.51,1.21,1.18
2022-02-10 20:00:00,00,9.71,1014.95,5.54,211.94,8.93,1.51,1.47
2022-02-10 21:00:00,00,9.5,1014.83,4.81,217.61,8.43,1.68,1.65
2022-02-10 22:00:00,00,8.65,1015.17,4.46,217.54,7.7,1.69,1.65
2022-02-10 23:00:00,00,7.76,1015.76,3.6,223.88,5.54,1.52,1.48
2022-02-10 06:00:00,06,5.09,1014.94,3.44,229.98,7.69,1.28,1.35
2022-02-10 07:00:00,06,5.08,1014.71,3.7,227.16,9.13,1.71,1.77
2022-02-10 08:00:00,06,5.0,1014.34,3.9,230.32,9.31,2.01,2.07
2022-02-10 09:00:00,06,4.97,1014.42,4.32,222.1,10.72,2.15,2.16
2022-02-10 10:00:00,06,4.95,1015.1,4.73,214.2,11.64,2.09,2.03
2022-02-10 11:00:00,06,4.88,1015.88,4.45,208.94,10.48,2.02,1.95
2022-02-10 12:00:00,06,4.75,1016.67,3.92,197.49,9.51,1.51,1.45
2022-02-10 13:00:00,06,5.1,1017.23,3.18,193.9,8.0,1.11,1.04
2022-02-10 14:00:00,06,6.19,1017.63,3.16,189.55,5.7,0.74,0.68
2022-02-10 15:00:00,06,7.62,1017.56,3.09,197.7,4.82,0.5,0.34
2022-02-10 16:00:00,06,8.84,1017.22,3.2,205.01,5.23,0.45,0.29
2022-02-10 17:00:00,06,9.69,1016.81,3.81,200.93,6.51,0.59,0.44
2022-02-10 18:00:00,06,10.05,1015.8,4.38,209.67,7.77,0.88,0.73
2022-02-10 19:00:00,06,10.15,1015.2,5.19,212.6,8.31,1.21,1.17
2022-02-10 20:00:00,06,9.97,1015.01,5.62,217.46,9.01,1.51,1.47
2022-02-10 21:00:00,06,9.55,1014.86,5.02,228.68,8.7,1.68,1.54
2022-02-10 22:00:00,06,8.75,1015.07,5.08,230.83,8.91,1.69,1.55
2022-02-10 23:00:00,06,7.95,1015.6,4.67,236.68,8.83,1.52,1.38
2022-02-11 00:00:00,06,7.5,1016.25,4.24,238.92,9.2,1.21,1.17
2022-02-11 01:00:00,06,7.05,1016.5,4.07,237.51,9.35,0.83,0.79
2022-02-11 02:00:00,06,6.86,1016.62,3.98,231.15,9.31,0.48,0.45
2022-02-11 03:00:00,06,6.75,1016.75,3.77,231.56,8.93,0.27,0.24
2022-02-11 04:00:00,06,6.45,1017.05,3.96,220.2,9.0,0.27,0.13
2022-02-11 05:00:00,06,6.25,1017.14,3.91,221.23,7.67,0.48,0.34
2022-02-10 12:00:00,12,4.72,1016.28,3.9,198.16,9.51,1.51,1.41
2022-02-10 13:00:00,12,5.05,1016.86,3.29,194.81,8.03,1.11,1.03
2022-02-10 14:00:00,12,6.24,1017.31,3.27,191.12,6.21,0.74,0.68
2022-02-10 15:00:00,12,7.7,1017.24,3.23,202.93,5.3,0.5,0.48
2022-02-10 16:00:00,12,8.88,1016.92,3.61,207.38,6.64,0.45,0.49
2022-02-10 17:00:00,12,9.67,1016.52,4.61,200.65,8.36,0.49,0.52
2022-02-10 18:00:00,12,10.04,1015.56,5.07,203.41,8.3,0.88,0.9
2022-02-10 19:00:00,12,10.05,1014.93,5.94,209.04,8.8,1.21,1.22
2022-02-10 20:00:00,12,9.9,1014.57,5.52,216.99,8.92,1.51,1.5
2022-02-10 21:00:00,12,9.57,1014.54,4.97,221.35,8.42,1.68,1.66
2022-02-10 22:00:00,12,8.77,1014.85,4.85,225.22,8.4,1.69,1.65
2022-02-10 23:00:00,12,7.88,1015.36,4.17,235.25,7.64,1.52,1.47
2022-02-11 00:00:00,12,7.51,1016.09,4.17,241.65,8.22,1.21,1.14
2022-02-11 01:00:00,12,7.07,1016.39,4.21,241.88,9.3,0.83,0.75
2022-02-11 02:00:00,12,6.85,1016.47,4.31,238.15,9.75,0.48,0.4
2022-02-11 03:00:00,12,6.66,1016.57,4.09,238.42,9.31,0.27,0.17
2022-02-11 04:00:00,12,6.45,1016.8,4.08,218.37,9.37,0.27,0.15
2022-02-11 05:00:00,12,6.15,1016.84,4.03,227.15,8.23,0.48,0.35
2022-02-11 06:00:00,12,5.96,1017.17,3.5,210.22,6.63,0.85,0.62
2022-02-11 07:00:00,12,5.76,1017.5,2.95,198.42,4.81,1.3,1.08
2022-02-11 08:00:00,12,5.55,1017.55,2.48,192.82,3.3,1.73,1.6
2022-02-11 09:00:00,12,5.4,1017.89,2.33,184.56,2.95,2.04,1.91
2022-02-11 10:00:00,12,5.25,1018.39,2.15,185.89,2.34,2.17,2.05
2022-02-11 11:00:00,12,5.15,1018.7,1.97,200.21,1.95,2.12,1.99
2022-02-10 18:00:00,18,10.09,1015.25,5.35,203.21,8.71,0.88,0.9
2022-02-10 19:00:00,18,10.15,1014.5,6.04,208.85,9.07,1.21,1.29
2022-02-10 20:00:00,18,10.01,1014.01,5.69,217.98,9.14,1.51,1.48
2022-02-10 21:00:00,18,9.65,1013.84,5.18,223.08,8.7,1.68,1.63
2022-02-10 22:00:00,18,8.88,1014.24,5.23,225.95,9.13,1.69,1.57
2022-02-10 23:00:00,18,7.97,1014.81,4.28,232.63,8.35,1.64,1.53
2022-02-11 00:00:00,18,7.61,1015.61,4.24,236.96,8.64,1.21,1.19
2022-02-11 01:00:00,18,7.17,1016.0,4.2,237.23,9.59,0.83,0.81
2022-02-11 02:00:00,18,6.95,1016.12,4.38,236.52,10.45,0.48,0.37
2022-02-11 03:00:00,18,6.75,1016.2,4.39,244.52,10.38,0.27,0.16
2022-02-11 04:00:00,18,6.55,1016.26,4.23,219.4,10.21,0.27,0.15
2022-02-11 05:00:00,18,6.57,1016.38,4.29,227.51,9.52,0.48,0.36
2022-02-11 06:00:00,18,6.15,1016.55,3.99,218.91,8.04,0.85,0.73
2022-02-11 07:00:00,18,5.89,1017.05,3.43,198.74,6.52,1.3,1.18
2022-02-11 08:00:00,18,5.65,1017.24,2.97,195.49,4.85,1.73,1.6
2022-02-11 09:00:00,18,5.52,1017.78,2.59,185.93,3.73,2.04,1.91
2022-02-11 10:00:00,18,5.35,1018.26,2.36,181.94,3.0,2.17,2.04
2022-02-11 11:00:00,18,5.25,1018.54,2.06,199.37,2.15,2.12,1.99
2022-02-11 12:00:00,18,5.15,1018.94,2.02,220.5,2.05,1.89,1.76
2022-02-11 13:00:00,18,5.65,1019.35,1.8,230.72,1.95,1.52,1.39
2022-02-11 14:00:00,18,6.83,1019.39,2.34,257.68,3.01,1.09,1.06
2022-02-11 15:00:00,18,8.06,1019.35,3.02,261.75,4.26,0.71,0.68
2022-02-11 16:00:00,18,9.15,1019.21,3.63,258.42,5.54,0.47,0.44
2022-02-11 17:00:00,18,9.95,1018.57,4.49,253.35,6.79,0.42,0.39
2022-02-11 01:00:00,00,7.39,1015.3,4.3,241.29,9.84,0.83,0.79
2022-02-11 02:00:00,00,7.15,1015.27,4.64,243.5,11.5,0.48,0.41
2022-02-11 03:00:00,00,6.96,1015.24,5.08,252.14,12.14,0.27,0.2
2022-02-11 04:00:00,00,6.81,1015.01,5.4,239.61,12.98,0.27,0.17
2022-02-11 05:00:00,00,6.73,1015.42,5.53,233.85,12.72,0.48,0.35
2022-02-11 06:00:00,00,6.46,1015.59,5.24,231.39,11.12,0.61,0.51
2022-02-11 07:00:00,00,6.28,1016.17,4.44,217.72,9.45,1.3,1.19
2022-02-11 08:00:00,00,5.98,1016.48,3.72,208.3,7.03,1.73,1.6
2022-02-11 09:00:00,00,5.86,1016.97,3.2,206.82,5.6,2.04,2.0
2022-02-11 10:00:00,00,5.71,1017.58,2.98,202.13,5.12,2.17,2.12
2022-02-11 11:00:00,00,5.46,1018.12,2.57,201.18,4.12,2.12,2.06
2022-02-11 12:00:00,00,5.45,1018.4,2.12,224.78,2.28,1.89,1.82
2022-02-11 13:00:00,00,5.85,1018.87,1.89,234.07,2.18,1.52,1.44
2022-02-11 14:00:00,00,7.05,1019.25,2.51,232.76,3.33,1.09,1.0
2022-02-11 15:00:00,00,8.35,1019.17,3.09,246.4,4.42,0.71,0.6
2022-02-11 16:00:00,00,9.46,1018.9,3.63,257.62,5.34,0.47,0.45
2022-02-11 17:00:00,00,10.38,1018.33,4.25,255.33,6.53,0.42,0.39
2022-02-11 18:00:00,00,10.85,1017.3,5.01,249.68,7.4,0.57,0.53
2022-02-11 19:00:00,00,10.95,1016.51,5.58,248.53,8.01,0.88,0.83
2022-02-11 20:00:00,00,10.6,1016.19,6.01,254.89,8.42,1.23,1.19
2022-02-11 21:00:00,00,10.15,1016.17,5.78,261.74,9.02,1.54,1.4
2022-02-11 22:00:00,00,9.25,1016.31,5.22,262.93,9.1,1.72,1.58
2022-02-11 23:00:00,00,8.45,1016.59,4.8,264.22,9.56,1.72,1.58
2022-02-11 06:00:00,06,6.65,1015.38,5.37,232.09,11.71,0.85,0.78
2022-02-11 07:00:00,06,6.38,1015.87,4.61,217.71,10.02,1.3,1.25
2022-02-11 08:00:00,06,6.17,1016.2,3.89,207.76,7.86,1.73,1.61
2022-02-11 09:00:00,06,5.9,1016.76,3.41,201.98,6.04,2.04,1.9
2022-02-11 10:00:00,06,5.79,1017.56,3.13,192.54,5.61,2.17,2.07
2022-02-11 11:00:00,06,5.61,1018.19,2.56,195.51,3.87,2.18,2.07
2022-02-11 12:00:00,06,5.46,1018.68,2.14,202.06,2.31,1.89,1.78
2022-02-11 13:00:00,06,5.96,1019.22,1.67,198.08,1.73,1.52,1.41
2022-02-11 14:00:00,06,7.25,1019.38,1.14,232.11,1.43,1.09,1.08
2022-02-11 15:00:00,06,8.46,1019.35,2.22,263.37,2.85,0.71,0.69
2022-02-11 16:00:00,06,9.55,1019.27,3.65,256.38,4.87,0.47,0.45
2022-02-11 17:00:00,06,10.35,1018.67,3.97,255.05,5.65,0.42,0.4
2022-02-11 18:00:00,06,10.87,1017.52,4.93,253.42,7.05,0.57,0.55
2022-02-11 19:00:00,06,10.95,1016.77,5.58,248.49,7.99,0.88,0.85
2022-02-11 20:00:00,06,10.75,1016.42,5.82,253.27,8.4,1.23,1.2
2022-02-11 21:00:00,06,10.26,1016.46,5.73,260.17,8.71,1.54,1.51
2022-02-11 22:00:00,06,9.45,1016.57,5.62,264.74,9.41,1.72,1.58
2022-02-11 23:00:00,06,8.55,1017.03,5.41,268.09,10.15,1.72,1.58
2022-02-12 00:00:00,06,8.15,1017.81,4.83,265.25,10.13,1.53,1.4
2022-02-12 01:00:00,06,7.75,1018.04,4.93,263.74,10.6,1.2,1.06
2022-02-12 02:00:00,06,7.55,1018.15,5.16,260.54,11.66,0.8,0.66
2022-02-12 03:00:00,06,7.35,1018.06,5.5,258.6,12.4,0.44,0.31
2022-02-12 04:00:00,06,7.25,1017.73,5.45,253.53,12.61,0.23,-0.01
2022-02-12 05:00:00,06,7.05,1017.58,5.36,248.46,12.67,0.24,-0.1
2022-02-11 12:00:00,12,5.46,1018.39,2.28,205.5,2.65,1.89,1.72
2022-02-11 13:00:00,12,5.95,1018.85,1.91,199.86,2.17,1.52,1.39
2022-02-11 14:00:00,12,7.19,1018.96,1.45,218.75,1.8,1.09,0.94
2022-02-11 15:00:00,12,8.45,1018.93,2.03,254.11,2.73,0.71,0.62
2022-02-11 16:00:00,12,9.55,1018.91,3.39,254.59,4.39,0.47,0.49
2022-02-11 17:00:00,12,10.36,1018.5,3.75,249.78,5.39,0.42,0.49
2022-02-11 18:00:00,12,10.85,1017.52,4.63,249.08,6.64,0.57,0.63
2022-02-11 19:00:00,12,10.97,1016.71,5.37,247.6,7.5,0.88,0.93
2022-02-11 20:00:00,12,10.75,1016.3,5.66,251.59,8.12,1.23,1.27
2022-02-11 21:00:00,12,10.25,1016.22,5.52,259.48,8.51,1.54,1.57
2022-02-11 22:00:00,12,9.37,1016.33,5.52,262.96,9.24,1.72,1.74
2022-02-11 23:00:00,12,8.55,1016.8,5.32,266.83,9.76,1.72,1.63
2022-02-12 00:00:00,12,8.05,1017.73,4.82,265.13,9.97,1.53,1.44
2022-02-12 01:00:00,12,7.65,1018.03,4.92,264.93,10.58,1.2,1.1
2022-02-12 02:00:00,12,7.45,1017.98,5.38,264.36,11.3,0.8,0.69
2022-02-12 03:00:00,12,7.27,1017.94,5.49,258.56,12.21,0.44,0.22
2022-02-12 04:00:00,12,7.15,1017.63,5.4,254.52,12.26,0.23,0.0
2022-02-12 05:00:00,12,7.05,1017.5,5.25,246.98,12.61,0.24,-0.1
2022-02-12 06:00:00,12,6.89,1017.45,5.19,247.51,12.61,0.47,0.13
2022-02-12 07:00:00,12,6.85,1017.36,5.16,240.9,12.7,0.87,0.54
2022-02-12 08:00:00,12,6.72,1017.12,5.18,239.64,12.55,1.35,1.01
2022-02-12 09:00:00,12,6.65,1017.14,4.86,236.59,12.14,1.8,1.46
2022-02-12 10:00:00,12,6.55,1017.35,4.77,236.0,11.7,2.12,1.78
2022-02-12 11:00:00,12,6.45,1017.68,4.76,232.47,11.77,2.25,1.81
2022-02-11 18:00:00,18,11.15,1017.21,4.45,250.15,6.4,0.57,0.73
2022-02-11 19:00:00,18,11.18,1016.36,5.46,248.34,7.67,0.88,1.07
2022-02-11 20:00:00,18,10.95,1015.91,5.99,254.98,8.51,1.23,1.38
2022-02-11 21:00:00,18,10.35,1015.75,5.98,265.14,9.21,1.54,1.6
2022-02-11 22:00:00,18,9.55,1015.87,6.25,264.99,10.31,1.72,1.76
2022-02-11 23:00:00,18,8.65,1016.33,5.9,265.84,11.25,1.74,1.75
2022-02-12 00:00:00,18,8.09,1017.37,5.36,265.53,11.25,1.53,1.53
2022-02-12 01:00:00,18,7.75,1017.7,5.48,264.57,12.25,1.2,1.18
2022-02-12 02:00:00,18,7.55,1017.69,5.73,261.9,12.72,0.8,0.77
2022-02-12 03:00:00,18,7.38,1017.61,5.74,257.86,12.86,0.44,0.3
2022-02-12 04:00:00,18,7.25,1017.31,5.71,254.94,13.08,0.23,0.08
2022-02-12 05:00:00,18,7.15,1017.21,5.52,247.89,13.01,0.24,-0.03
2022-02-12 06:00:00,18,6.97,1017.34,5.44,245.42,12.94,0.47,0.19
2022-02-12 07:00:00,18,6.95,1017.24,5.45,242.96,13.25,0.87,0.58
2022-02-12 08:00:00,18,6.85,1016.97,5.48,240.37,13.19,1.35,1.05
2022-02-12 09:00:00,18,6.75,1016.96,4.91,235.13,12.16,1.8,1.49
2022-02-12 10:00:00,18,6.65,1017.19,4.89,237.37,11.99,2.12,1.7
2022-02-12 11:00:00,18,6.55,1017.61,5.0,234.66,12.12,2.25,1.82
2022-02-12 12:00:00,18,6.45,1017.85,4.74,234.64,11.29,2.18,1.74
2022-02-12 13:00:00,18,6.87,1018.31,5.0,238.09,11.75,1.91,1.47
2022-02-12 14:00:00,18,7.87,1018.77,5.03,227.34,10.67,1.49,1.06
2022-02-12 15:00:00,18,8.97,1018.68,5.38,218.52,9.04,1.02,0.59
2022-02-12 16:00:00,18,9.83,1018.64,4.98,208.06,7.72,0.61,0.18
2022-02-12 17:00:00,18,10.65,1018.48,4.69,201.72,6.91,0.37,-0.06
2022-02-12 01:00:00,00,7.95,1017.02,5.71,265.35,12.97,1.2,1.19
2022-02-12 02:00:00,00,7.77,1016.92,6.11,262.86,13.32,0.8,0.78
2022-02-12 03:00:00,00,7.65,1016.84,6.19,258.41,13.78,0.44,0.48
2022-02-12 04:00:00,00,7.45,1016.74,6.19,254.62,14.07,0.23,0.25
2022-02-12 05:00:00,00,7.35,1016.76,5.83,247.37,13.82,0.2,0.21
2022-02-12 06:00:00,00,7.15,1016.92,5.55,244.58,13.53,0.47,0.35
2022-02-12 07:00:00,00,7.17,1016.93,5.44,242.03,13.33,0.87,0.74
2022-02-12 08:00:00,00,7.05,1016.66,5.37,239.69,13.18,1.35,1.2
2022-02-12 09:00:00,00,6.95,1016.75,4.91,235.02,12.25,1.8,1.62
2022-02-12 10:00:00,00,6.75,1016.95,5.0,240.07,12.12,2.12,1.93
2022-02-12 11:00:00,00,6.75,1017.43,4.98,233.37,12.34,2.25,2.04
2022-02-12 12:00:00,00,6.65,1017.71,4.71,234.82,11.35,2.18,1.95
2022-02-12 13:00:00,00,7.01,1018.27,4.83,236.7,11.55,1.91,1.66
2022-02-12 14:00:00,00,8.06,1018.66,4.93,228.21,10.37,1.49,1.22
2022-02-12 15:00:00,00,9.15,1018.57,5.11,220.52,8.32,1.02,0.74
2022-02-12 16:00:00,00,10.15,1018.41,4.48,211.83,6.95,0.61,0.21
2022-02-12 17:00:00,00,10.85,1018.62,4.61,207.84,6.75,0.37,-0.06
2022-02-12 18:00:00,00,11.35,1017.76,4.25,198.86,6.2,0.35,0.02
2022-02-12 19:00:00,00,11.45,1017.44,4.13,188.49,5.93,0.55,0.22
2022-02-12 20:00:00,00,11.35,1017.34,3.55,181.72,5.21,0.9,0.57
2022-02-12 21:00:00,00,10.95,1017.34,2.9,186.0,4.18,1.3,1.07
2022-02-12 22:00:00,00,10.15,1017.52,1.91,177.81,2.48,1.63,1.41
2022-02-12 23:00:00,00,9.25,1018.02,1.36,147.19,1.82,1.81,1.58
2022-02-12 06:00:00,06,7.15,1016.79,5.42,243.92,13.33,0.47,0.52
2022-02-12 07:00:00,06,7.07,1016.86,5.3,240.76,13.17,0.87,0.89
2022-02-12 08:00:00,06,7.05,1016.67,5.31,238.52,13.02,1.35,1.34
2022-02-12 09:00:00,06,6.95,1016.78,4.97,234.71,12.32,1.8,1.74
2022-02-12 10:00:00,06,6.85,1017.03,5.21,239.11,12.43,2.12,2.07
2022-02-12 11:00:00,06,6.75,1017.64,5.18,233.08,12.41,2.19,2.16
2022-02-12 12:00:00,06,6.71,1017.95,4.87,234.38,11.54,2.18,2.12
2022-02-12 13:00:00,06,7.13,1018.49,5.03,236.33,11.86,1.91,1.84
2022-02-12 14:00:00,06,8.08,1018.82,4.97,224.47,10.42,1.49,1.41
2022-02-12 15:00:00,06,9.15,1018.61,4.97,221.14,8.05,1.02,0.93
2022-02-12 16:00:00,06,10.15,1018.58,4.41,209.3,6.86,0.61,0.5
2022-02-12 17:00:00,06,10.95,1018.44,4.31,201.88,6.36,0.37,0.24
2022-02-12 18:00:00,06,11.35,1018.02,4.42,197.32,6.31,0.35,0.21
2022-02-12 19:00:00,06,11.25,1017.62,4.13,192.04,5.9,0.55,0.39
2022-02-12 20:00:00,06,11.25,1017.48,3.7,183.91,5.31,0.9,0.73
2022-02-12 21:00:00,06,10.85,1017.59,3.08,186.96,4.27,1.3,1.21
2022-02-12 22:00:00,06,10.05,1017.55,1.93,185.63,2.31,1.63,1.53
2022-02-12 23:00:00,06,9.15,1018.42,1.72,195.02,1.75,1.81,1.69
2022-02-13 00:00:00,06,8.95,1018.97,1.4,137.77,2.15,1.78,1.77
2022-02-13 01:00:00,06,8.75,1019.09,4.16,60.32,5.9,1.56,1.54
2022-02-13 02:00:00,06,8.55,1019.85,3.75,58.37,4.98,1.18,1.16
2022-02-13 03:00:00,06,8.45,1020.01,3.6,61.23,4.71,0.73,0.72
2022-02-13 04:00:00,06,8.15,1019.15,3.12,70.57,5.27,0.35,0.34
2022-02-13 05:00:00,06,7.85,1019.06,4.19,67.43,6.01,0.15,0.13
2022-02-12 12:00:00,12,6.73,1017.53,4.93,236.0,11.67,2.18,2.03
2022-02-12 13:00:00,12,7.13,1017.99,5.13,238.37,11.71,1.91,1.76
2022-02-12 14:00:00,12,8.16,1018.21,5.16,229.5,10.72,1.49,1.35
2022-02-12 15:00:00,12,9.25,1017.96,5.15,224.02,8.36,1.02,0.95
2022-02-12 16:00:00,12,10.25,1018.09,4.74,213.45,7.33,0.61,0.6
2022-02-12 17:00:00,12,11.05,1017.92,4.48,205.02,6.73,0.49,0.51
2022-02-12 18:00:00,12,11.45,1017.57,4.58,198.49,6.69,0.35,0.35
2022-02-12 19:00:00,12,11.35,1017.2,4.49,194.73,6.41,0.55,0.64
2022-02-12 20:00:00,12,11.25,1016.83,3.85,181.48,5.6,0.9,0.98
2022-02-12 21:00:00,12,10.75,1016.74,2.88,181.42,4.22,1.3,1.37
2022-02-12 22:00:00,12,10.05,1016.97,1.72,193.97,2.05,1.63,1.69
2022-02-12 23:00:00,12,9.15,1017.6,1.72,208.97,2.13,1.81,1.86
2022-02-13 00:00:00,12,8.95,1018.7,2.49,85.99,3.54,1.78,1.82
2022-02-13 01:00:00,12,8.55,1019.19,3.7,63.31,5.34,1.56,1.68
2022-02-13 02:00:00,12,8.67,1019.39,3.63,52.01,5.02,1.18,1.29
2022-02-13 03:00:00,12,8.53,1019.58,3.64,75.58,5.33,0.73,0.84
2022-02-13 04:00:00,12,8.01,1018.92,4.34,50.15,7.34,0.35,0.45
2022-02-13 05:00:00,12,7.43,1018.88,4.43,52.22,7.81,0.15,0.23
2022-02-13 06:00:00,12,7.12,1019.15,4.98,63.83,8.4,0.18,0.36
2022-02-13 07:00:00,12,6.82,1018.26,5.86,56.34,10.3,0.46,0.64
2022-02-13 08:00:00,12,6.75,1017.78,6.22,56.48,10.82,0.92,1.2
2022-02-13 09:00:00,12,6.5,1018.05,7.39,69.31,11.63,1.45,1.83
2022-02-13 10:00:00,12,6.07,1018.33,8.66,70.28,11.93,1.92,2.4
2022-02-13 11:00:00,12,5.65,1018.89,9.05,72.54,12.16,2.25,2.83
2022-02-12 18:00:00,18,11.75,1017.13,4.69,201.75,6.97,0.35,0.55
2022-02-12 19:00:00,18,11.75,1016.59,4.72,199.16,6.78,0.55,0.82
2022-02-12 20:00:00,18,11.55,1016.06,4.05,189.66,6.13,0.9,1.1
2022-02-12 21:00:00,18,11.25,1015.95,3.08,202.05,4.88,1.3,1.46
2022-02-12 22:00:00,18,10.35,1016.12,2.62,227.86,3.44,1.63,1.73
2022-02-12 23:00:00,18,9.65,1016.96,3.39,238.02,3.54,1.73,1.86
2022-02-13 00:00:00,18,9.25,1017.73,1.0,177.58,3.47,1.78,1.91
2022-02-13 01:00:00,18,8.95,1018.26,3.24,73.78,5.1,1.56,1.78
2022-02-13 02:00:00,18,8.65,1018.62,3.74,66.96,5.62,1.18,1.4
2022-02-13 03:00:00,18,8.65,1018.94,4.3,74.94,6.37,0.73,0.95
2022-02-13 04:00:00,18,8.33,1018.58,5.62,67.95,8.72,0.35,0.56
2022-02-13 05:00:00,18,7.6,1019.06,6.29,72.1,10.21,0.15,0.35
2022-02-13 06:00:00,18,7.14,1019.09,6.81,79.81,11.01,0.18,0.48
2022-02-13 07:00:00,18,6.77,1018.33,6.76,66.21,11.04,0.46,0.86
2022-02-13 08:00:00,18,6.66,1018.25,6.61,66.57,10.72,0.92,1.41
2022-02-13 09:00:00,18,6.34,1018.12,7.51,75.0,11.18,1.45,1.94
2022-02-13 10:00:00,18,6.14,1019.11,7.85,77.47,10.95,1.92,2.4
2022-02-13 11:00:00,18,5.99,1019.59,7.64,72.77,10.9,2.25,2.83
2022-02-13 12:00:00,18,5.76,1019.57,8.57,69.03,11.43,2.35,3.03
2022-02-13 13:00:00,18,5.81,1019.88,7.67,59.26,10.64,2.23,3.1
2022-02-13 14:00:00,18,5.77,1020.62,6.59,63.52,9.3,1.88,2.86
2022-02-13 15:00:00,18,5.76,1019.51,6.83,55.44,10.12,1.4,2.38
2022-02-13 16:00:00,18,5.85,1019.19,6.61,56.32,9.47,0.88,1.86
2022-02-13 17:00:00,18,5.75,1018.56,5.94,64.35,8.81,0.46,1.44
2022-02-13 01:00:00,00,9.15,1017.3,0.44,109.35,4.61,1.56,1.71
2022-02-13 02:00:00,00,8.75,1017.37,1.56,101.0,5.03,1.18,1.26
2022-02-13 03:00:00,00,8.45,1017.62,0.74,83.91,3.97,0.73,0.84
2022-02-13 04:00:00,00,8.35,1017.14,0.85,50.04,3.87,0.35,0.41
2022-02-13 05:00:00,00,7.95,1017.57,3.04,88.83,6.24,0.24,0.33
2022-02-13 06:00:00,00,7.55,1017.77,5.87,78.01,8.77,0.18,0.27
2022-02-13 07:00:00,00,7.17,1016.88,6.03,71.09,9.88,0.46,0.65
2022-02-13 08:00:00,00,7.04,1016.77,6.92,72.58,11.06,0.92,1.21
2022-02-13 09:00:00,00,6.79,1017.33,7.56,74.23,11.86,1.45,1.83
2022-02-13 10:00:00,00,6.36,1018.2,8.94,82.64,12.41,1.92,2.4
2022-02-13 11:00:00,00,6.03,1018.27,8.9,72.32,13.01,2.25,2.83
2022-02-13 12:00:00,00,5.78,1019.22,9.28,70.79,12.52,2.35,3.14
2022-02-13 13:00:00,00,5.93,1019.65,8.98,64.42,12.14,2.23,3.11
2022-02-13 14:00:00,00,5.92,1019.55,8.67,62.5,12.11,1.88,2.87
2022-02-13 15:00:00,00,5.92,1019.53,8.13,55.86,11.97,1.4,2.38
2022-02-13 16:00:00,00,6.1,1019.66,6.85,56.89,9.82,0.88,1.86
2022-02-13 17:00:00,00,6.05,1018.59,6.51,54.42,8.7,0.46,1.44
2022-02-13 18:00:00,00,6.05,1017.43,6.09,73.95,7.53,0.24,1.22
2022-02-13 19:00:00,00,5.59,1016.26,6.03,81.18,8.11,0.28,1.36
2022-02-13 20:00:00,00,5.31,1015.96,6.54,85.11,9.11,0.55,1.63
2022-02-13 21:00:00,00,5.07,1016.59,6.57,100.25,10.21,0.97,2.06
2022-02-13 22:00:00,00,4.92,1016.05,6.53,84.61,10.41,1.42,2.5
2022-02-13 23:00:00,00,4.84,1016.93,6.37,91.83,9.49,1.77,2.85
2022-02-13 06:00:00,06,7.75,1017.59,4.06,83.74,7.22,0.18,0.39
2022-02-13 07:00:00,06,7.36,1016.54,5.06,69.76,7.51,0.46,0.62
2022-02-13 08:00:00,06,7.33,1016.49,5.7,68.35,9.56,0.92,1.11
2022-02-13 09:00:00,06,7.11,1016.63,7.36,70.61,11.61,1.45,1.69
2022-02-13 10:00:00,06,6.75,1016.93,9.13,79.05,13.21,1.92,2.34
2022-02-13 11:00:00,06,6.35,1018.1,9.53,74.68,13.55,2.07,2.52
2022-02-13 12:00:00,06,6.01,1019.05,9.58,71.69,13.36,2.35,3.0
2022-02-13 13:00:00,06,6.03,1019.19,9.48,63.85,13.22,2.23,3.08
2022-02-13 14:00:00,06,6.15,1019.08,9.06,61.93,13.27,1.88,2.84
2022-02-13 15:00:00,06,6.19,1019.24,8.53,60.6,12.6,1.4,2.36
2022-02-13 16:00:00,06,6.21,1018.92,7.86,64.93,11.59,0.88,1.84
2022-02-13 17:00:00,06,6.15,1018.0,7.3,63.83,10.22,0.46,1.43
2022-02-13 18:00:00,06,6.18,1016.59,7.07,68.89,9.16,0.24,1.11
2022-02-13 19:00:00,06,5.92,1015.93,6.92,74.23,8.16,0.28,1.25
2022-02-13 20:00:00,06,5.66,1015.62,7.03,81.72,8.67,0.55,1.63
2022-02-13 21:00:00,06,5.38,1016.07,6.75,99.99,9.95,0.97,2.06
2022-02-13 22:00:00,06,5.14,1016.52,6.25,96.5,10.24,1.42,2.41
2022-02-13 23:00:00,06,5.05,1017.1,6.32,95.02,9.88,1.77,2.77
2022-02-14 00:00:00,06,5.01,1017.91,5.83,103.58,9.51,1.93,2.92
2022-02-14 01:00:00,06,4.92,1017.69,5.6,92.77,8.26,1.86,2.85
2022-02-14 02:00:00,06,4.75,1017.96,5.37,96.79,7.14,1.56,2.55
2022-02-14 03:00:00,06,4.72,1018.06,4.9,103.44,6.78,1.11,2.0
2022-02-14 04:00:00,06,4.75,1017.82,4.81,117.3,7.35,0.62,1.41
2022-02-14 05:00:00,06,4.56,1017.89,4.35,123.77,6.7,0.23,0.92
2022-02-13 12:00:00,12,6.11,1019.12,9.44,71.75,13.51,2.35,2.9
2022-02-13 13:00:00,12,6.18,1019.15,9.44,64.98,13.62,2.23,2.85
2022-02-13 14:00:00,12,6.28,1019.56,8.54,60.94,13.15,1.88,2.63
2022-02-13 15:00:00,12,6.39,1019.44,8.32,57.69,12.41,1.4,2.17
2022-02-13 16:00:00,12,6.43,1019.31,7.68,64.28,11.16,0.88,1.7
2022-02-13 17:00:00,12,6.45,1018.04,7.29,63.96,9.91,0.69,1.49
2022-02-13 18:00:00,12,6.66,1017.08,6.85,66.29,8.46,0.24,1.03
2022-02-13 19:00:00,12,6.28,1016.15,6.71,67.28,7.99,0.28,1.07
2022-02-13 20:00:00,12,5.81,1015.39,7.44,79.64,8.94,0.55,1.45
2022-02-13 21:00:00,12,5.48,1016.05,7.02,96.14,10.24,0.97,1.87
2022-02-13 22:00:00,12,5.26,1017.03,6.2,97.74,9.61,1.42,2.32
2022-02-13 23:00:00,12,5.08,1017.1,6.64,90.65,9.52,1.77,2.67
2022-02-14 00:00:00,12,4.96,1017.88,6.35,96.85,9.6,1.93,2.73
2022-02-14 01:00:00,12,4.89,1017.75,6.24,93.46,8.4,1.86,2.65
2022-02-14 02:00:00,12,4.74,1018.22,5.27,97.89,7.29,1.56,2.35
2022-02-14 03:00:00,12,4.71,1018.43,4.91,107.2,6.94,1.11,1.8
2022-02-14 04:00:00,12,4.8,1018.25,5.15,117.27,7.29,0.62,1.21
2022-02-14 05:00:00,12,4.67,1018.29,4.7,121.93,6.85,0.23,0.82
2022-02-14 06:00:00,12,4.34,1018.86,4.44,137.02,6.93,0.05,0.74
2022-02-14 07:00:00,12,4.44,1019.15,4.5,142.4,7.05,0.14,0.73
2022-02-14 08:00:00,12,4.45,1019.21,5.05,142.61,7.41,0.49,0.98
2022-02-14 09:00:00,12,4.34,1019.46,5.49,135.05,7.82,1.02,1.51
2022-02-14 10:00:00,12,4.01,1020.0,5.07,135.98,7.66,1.6,1.99
2022-02-14 11:00:00,12,3.75,1020.46,4.76,141.96,8.35,2.09,2.48
2022-02-13 18:00:00,18,6.75,1017.13,7.05,70.96,8.74,0.24,0.99
2022-02-13 19:00:00,18,6.35,1016.18,6.85,70.8,8.09,0.28,1.08
2022-02-13 20:00:00,18,6.0,1015.5,7.76,82.87,8.85,0.55,1.32
2022-02-13 21:00:00,18,5.62,1016.15,7.84,90.29,9.98,0.97,1.73
2022-02-13 22:00:00,18,5.29,1017.0,6.97,92.9,9.19,1.42,2.19
2022-02-13 23:00:00,18,4.99,1017.34,7.03,91.9,9.61,1.58,2.39
2022-02-14 00:00:00,18,4.88,1017.99,6.9,89.44,9.54,1.93,2.65
2022-02-14 01:00:00,18,4.79,1018.22,6.3,86.52,8.38,1.86,2.58
2022-02-14 02:00:00,18,4.7,1018.7,5.34,95.65,7.55,1.56,2.29
2022-02-14 03:00:00,18,4.71,1019.03,5.21,108.15,7.21,1.11,1.74
2022-02-14 04:00:00,18,4.55,1018.89,5.09,112.13,7.31,0.62,1.16
2022-02-14 05:00:00,18,4.35,1018.86,4.72,119.38,7.07,0.23,0.78
2022-02-14 06:00:00,18,4.09,1019.12,4.66,125.02,6.71,0.05,0.6
2022-02-14 07:00:00,18,3.94,1019.43,4.43,127.22,6.43,0.14,0.7
2022-02-14 08:00:00,18,3.75,1019.66,4.51,131.75,6.7,0.49,1.06
2022-02-14 09:00:00,18,3.78,1019.91,4.34,135.19,6.71,1.02,1.5
2022-02-14 10:00:00,18,3.67,1020.42,4.35,135.93,6.32,1.6,1.98
2022-02-14 11:00:00,18,3.63,1020.97,4.66,131.74,6.62,2.09,2.48
2022-02-14 12:00:00,18,3.53,1021.59,4.62,131.02,7.63,2.4,2.78
2022-02-14 13:00:00,18,3.95,1022.64,5.17,142.46,7.7,2.44,2.83
2022-02-14 14:00:00,18,4.53,1023.71,5.63,140.88,7.36,2.23,2.52
2022-02-14 15:00:00,18,5.11,1024.52,5.81,137.47,8.0,1.79,2.08
2022-02-14 16:00:00,18,5.56,1025.02,6.54,138.36,8.87,1.23,1.52
2022-02-14 17:00:00,18,6.06,1024.59,6.94,141.53,9.51,0.67,0.96
2022-02-14 01:00:00,00,4.82,1018.12,6.2,88.76,8.21,1.86,2.82
2022-02-14 02:00:00,00,4.77,1018.62,5.53,99.46,7.64,1.56,2.42
2022-02-14 03:00:00,00,4.67,1019.04,5.89,110.83,7.76,1.11,1.95
2022-02-14 04:00:00,00,4.55,1019.07,5.55,112.01,8.25,0.62,1.25
2022-02-14 05:00:00,00,4.23,1019.06,5.1,121.63,8.1,0.45,1.0
2022-02-14 06:00:00,00,4.0,1019.27,4.75,126.03,7.41,0.05,0.6
2022-02-14 07:00:00,00,3.92,1019.55,4.3,128.23,6.77,0.14,0.7
2022-02-14 08:00:00,00,3.82,1019.71,4.33,131.67,6.68,0.49,0.96
2022-02-14 09:00:00,00,3.77,1019.92,4.65,131.91,6.73,1.02,1.5
2022-02-14 10:00:00,00,3.59,1020.55,4.22,133.1,5.94,1.6,2.08
2022-02-14 11:00:00,00,3.55,1021.08,4.07,132.56,5.61,2.09,2.47
2022-02-14 12:00:00,00,3.56,1021.56,3.96,128.43,5.65,2.4,2.78
2022-02-14 13:00:00,00,3.85,1022.77,4.71,134.43,6.26,2.44,2.83
2022-02-14 14:00:00,00,4.39,1023.86,4.68,139.71,6.66,2.23,2.62
2022-02-14 15:00:00,00,4.94,1024.58,5.21,137.01,7.67,1.79,2.18
2022-02-14 16:00:00,00,5.4,1025.02,5.58,132.99,8.11,1.23,1.63
2022-02-14 17:00:00,00,5.96,1024.55,5.64,136.87,8.51,0.67,0.97
2022-02-14 18:00:00,00,6.25,1023.97,6.37,144.12,8.42,0.26,0.56
2022-02-14 19:00:00,00,6.45,1024.05,6.66,143.65,8.52,0.11,0.41
2022-02-14 20:00:00,00,6.24,1024.67,6.57,138.1,8.98,0.24,0.54
2022-02-14 21:00:00,00,5.88,1025.45,6.39,134.85,8.95,0.61,0.91
2022-02-14 22:00:00,00,5.3,1026.47,5.87,131.34,7.72,1.12,1.42
2022-02-14 23:00:00,00,4.84,1027.51,4.53,121.51,5.92,1.61,1.91
2022-02-14 06:00:00,06,4.01,1019.22,4.86,126.27,7.71,0.05,0.54
2022-02-14 07:00:00,06,3.85,1019.58,4.47,128.88,7.37,0.14,0.63
2022-02-14 08:00:00,06,3.79,1019.85,4.56,131.93,7.34,0.49,0.99
2022-02-14 09:00:00,06,3.64,1020.15,4.64,132.31,7.22,1.02,1.56
2022-02-14 10:00:00,06,3.57,1020.82,4.08,140.08,6.2,1.6,2.07
2022-02-14 11:00:00,06,3.52,1021.4,4.2,142.41,5.9,1.82,2.27
2022-02-14 12:00:00,06,3.53,1021.83,3.98,135.27,5.64,2.4,2.85
2022-02-14 13:00:00,06,3.95,1022.88,4.35,134.48,6.48,2.44,2.9
2022-02-14 14:00:00,06,4.56,1023.86,4.54,128.04,6.63,2.23,2.59
2022-02-14 15:00:00,06,5.13,1024.57,5.23,128.6,7.34,1.79,2.26
2022-02-14 16:00:00,06,5.61,1025.09,5.78,128.63,7.81,1.23,1.7
2022-02-14 17:00:00,06,5.66,1024.82,5.71,136.53,8.03,0.67,1.05
2022-02-14 18:00:00,06,6.03,1024.15,5.7,133.46,8.1,0.26,0.65
2022-02-14 19:00:00,06,6.25,1024.04,5.96,137.77,8.07,0.11,0.39
2022-02-14 20:00:00,06,6.18,1024.5,6.4,140.57,8.73,0.24,0.53
2022-02-14 21:00:00,06,5.8,1025.39,6.06,135.98,8.81,0.61,0.91
2022-02-14 22:00:00,06,5.26,1026.38,5.72,132.18,7.64,1.12,1.51
2022-02-14 23:00:00,06,4.77,1027.23,4.42,119.77,5.63,1.61,2.01
2022-02-15 00:00:00,06,4.57,1028.09,3.58,100.22,4.18,1.95,2.25
2022-02-15 01:00:00,06,4.59,1028.68,3.17,79.32,3.57,2.06,2.36
2022-02-15 02:00:00,06,4.37,1029.61,2.6,74.55,3.01,1.9,2.1
2022-02-15 03:00:00,06,4.28,1030.33,1.83,74.36,2.16,1.52,1.72
2022-02-15 04:00:00,06,4.08,1030.83,1.36,91.79,1.5,0.99,1.29
2022-02-15 05:00:00,06,4.03,1031.23,1.14,126.94,1.38,0.47,0.77
2022-02-14 12:00:00,12,3.44,1021.62,3.7,141.58,5.24,2.4,2.79
2022-02-14 13:00:00,12,3.83,1022.67,3.9,140.83,5.89,2.44,2.86
2022-02-14 14:00:00,12,4.47,1023.65,4.29,126.79,6.31,2.23,2.69
2022-02-14 15:00:00,12,5.09,1024.33,5.03,120.33,6.68,1.79,2.35
2022-02-14 16:00:00,12,5.55,1024.87,5.57,118.63,7.01,1.23,1.95
2022-02-14 17:00:00,12,5.03,1024.71,5.25,126.72,7.0,1.0,1.7
2022-02-14 18:00:00,12,5.74,1024.22,5.34,134.82,7.22,0.26,0.85
2022-02-14 19:00:00,12,5.58,1024.0,4.74,134.74,7.23,0.11,0.68
2022-02-14 20:00:00,12,5.94,1024.24,5.55,137.3,8.28,0.24,0.79
2022-02-14 21:00:00,12,5.45,1025.05,6.27,137.69,8.41,0.61,1.15
2022-02-14 22:00:00,12,5.09,1026.23,5.64,136.45,7.44,1.12,1.64
2022-02-14 23:00:00,12,4.62,1027.2,4.5,122.33,5.79,1.61,2.11
2022-02-15 00:00:00,12,4.46,1028.2,3.78,103.32,4.52,1.95,2.44
2022-02-15 01:00:00,12,4.26,1028.74,3.01,74.99,3.41,2.06,2.43
2022-02-15 02:00:00,12,4.18,1029.63,2.69,69.11,2.92,1.9,2.26
2022-02-15 03:00:00,12,3.93,1030.39,2.12,70.19,2.34,1.52,1.86
2022-02-15 04:00:00,12,3.82,1030.8,1.68,81.23,1.73,0.99,1.32
2022-02-15 05:00:00,12,3.73,1031.32,1.38,112.53,1.6,0.47,0.78
2022-02-15 06:00:00,12,3.68,1031.94,1.82,128.3,2.21,0.09,0.4
2022-02-15 07:00:00,12,3.7,1032.42,2.59,121.92,2.82,-0.04,0.17
2022-02-15 08:00:00,12,3.6,1032.58,2.5,122.6,2.69,0.14,0.35
2022-02-15 09:00:00,12,3.5,1033.13,2.1,126.5,2.35,0.59,0.8
2022-02-15 10:00:00,12,3.44,1033.8,1.98,105.64,2.31,1.19,1.3
2022-02-15 11:00:00,12,3.42,1034.45,2.43,84.51,2.84,1.81,1.92
2022-02-14 18:00:00,18,5.64,1024.37,5.2,131.77,7.02,0.26,0.96
2022-02-14 19:00:00,18,5.38,1024.25,4.51,137.1,6.81,0.11,0.8
2022-02-14 20:00:00,18,5.62,1024.61,4.94,138.93,7.88,0.24,0.9
2022-02-14 21:00:00,18,5.33,1025.42,6.04,138.46,8.21,0.61,1.18
2022-02-14 22:00:00,18,4.92,1026.59,5.79,136.76,7.73,1.12,1.62
2022-02-14 23:00:00,18,4.55,1027.58,5.01,123.51,6.53,1.32,1.8
2022-02-15 00:00:00,18,4.33,1028.55,4.28,105.94,5.29,1.95,2.42
2022-02-15 01:00:00,18,4.14,1029.2,3.66,86.85,4.24,2.06,2.53
2022-02-15 02:00:00,18,4.11,1030.06,3.54,83.52,3.93,1.9,2.27
2022-02-15 03:00:00,18,3.95,1030.84,3.07,83.48,3.6,1.52,1.88
2022-02-15 04:00:00,18,3.77,1031.28,2.55,89.63,3.22,0.99,1.35
2022-02-15 05:00:00,18,3.63,1031.81,2.07,106.25,2.79,0.47,0.82
2022-02-15 06:00:00,18,3.57,1032.58,2.38,118.1,3.01,0.09,0.43
2022-02-15 07:00:00,18,3.5,1032.9,2.93,105.85,3.21,-0.04,0.3
2022-02-15 08:00:00,18,3.4,1033.17,2.6,100.9,3.01,0.14,0.48
2022-02-15 09:00:00,18,3.3,1033.9,1.77,110.85,2.14,0.59,0.82
2022-02-15 10:00:00,18,3.28,1034.72,1.58,105.26,1.87,1.19,1.42
2022-02-15 11:00:00,18,3.38,1035.26,2.38,78.5,2.75,1.81,2.03
2022-02-15 12:00:00,18,3.32,1035.96,2.31,68.23,2.7,2.29,2.51
2022-02-15 13:00:00,18,3.96,1037.19,2.2,63.57,2.55,2.53,2.75
2022-02-15 14:00:00,18,4.68,1038.28,2.17,54.46,2.22,2.48,2.6
2022-02-15 15:00:00,18,5.6,1038.93,1.87,44.95,1.48,2.15,2.27
2022-02-15 16:00:00,18,6.52,1039.36,1.98,40.14,1.11,1.61,1.74
2022-02-15 17:00:00,18,7.3,1039.23,2.08,38.08,1.27,0.99,1.01
2022-02-15 01:00:00,00,4.28,1028.82,3.94,73.9,4.21,2.06,2.4
2022-02-15 02:00:00,00,4.17,1029.78,3.97,75.7,4.24,1.9,2.15
2022-02-15 03:00:00,00,4.0,1030.74,3.52,77.89,3.96,1.52,1.84
2022-02-15 04:00:00,00,3.79,1031.27,2.98,87.43,3.71,0.99,1.22
2022-02-15 05:00:00,00,3.64,1031.79,2.56,99.3,3.56,0.78,1.0
2022-02-15 06:00:00,00,3.57,1032.54,2.62,103.69,3.29,0.09,0.33
2022-02-15 07:00:00,00,3.45,1032.87,3.13,90.38,3.52,-0.04,0.12
2022-02-15 08:00:00,00,3.45,1033.19,3.02,86.21,3.65,0.14,0.32
2022-02-15 09:00:00,00,3.34,1033.72,2.17,86.81,2.82,0.59,0.78
2022-02-15 10:00:00,00,3.26,1034.78,1.83,91.73,2.44,1.19,1.3
2022-02-15 11:00:00,00,3.31,1035.24,2.63,73.54,3.44,1.81,1.93
2022-02-15 12:00:00,00,3.28,1035.84,2.98,62.44,3.71,2.29,2.42
2022-02-15 13:00:00,00,3.8,1037.09,2.74,55.13,3.3,2.53,2.68
2022-02-15 14:00:00,00,4.55,1038.2,2.49,42.13,2.53,2.48,2.65
2022-02-15 15:00:00,00,5.42,1038.89,2.17,25.07,1.57,2.15,2.34
2022-02-15 16:00:00,00,6.5,1039.41,2.02,25.37,1.24,1.61,1.72
2022-02-15 17:00:00,00,7.27,1039.21,2.15,30.73,1.42,0.99,1.11
2022-02-15 18:00:00,00,7.7,1038.47,2.46,32.46,1.76,0.43,0.55
2022-02-15 19:00:00,00,7.82,1037.67,3.15,28.59,2.32,0.07,0.2
2022-02-15 20:00:00,00,7.53,1037.7,3.99,28.19,2.76,0.02,0.04
2022-02-15 21:00:00,00,6.67,1038.0,4.66,19.62,3.53,0.27,0.29
2022-02-15 22:00:00,00,6.07,1038.23,4.75,5.59,4.19,0.75,0.87
2022-02-15 23:00:00,00,5.23,1038.76,5.04,345.07,5.75,1.33,1.45
2022-02-15 06:00:00,06,3.37,1032.8,2.81,94.98,3.46,0.09,0.3
2022-02-15 07:00:00,06,3.3,1033.17,3.44,83.89,3.98,-0.04,0.16
2022-02-15 08:00:00,06,3.15,1033.53,3.27,81.52,4.02,0.14,0.31
2022-02-15 09:00:00,06,3.18,1034.14,2.45,82.37,3.11,0.59,0.64
2022-02-15 10:00:00,06,3.1,1035.1,2.24,88.3,2.92,1.19,1.38
2022-02-15 11:00:00,06,3.16,1035.51,2.91,75.54,3.84,1.45,1.65
2022-02-15 12:00:00,06,3.16,1036.11,2.94,65.92,3.66,2.29,2.48
2022-02-15 13:00:00,06,3.6,1037.28,2.81,56.84,3.44,2.53,2.72
2022-02-15 14:00:00,06,4.4,1038.38,2.68,46.35,2.73,2.48,2.66
2022-02-15 15:00:00,06,5.17,1039.08,2.47,30.98,1.81,2.15,2.33
2022-02-15 16:00:00,06,6.12,1039.65,2.47,32.05,1.35,1.61,1.69
2022-02-15 17:00:00,06,6.8,1039.62,2.44,35.64,1.3,0.99,1.05
2022-02-15 18:00:00,06,7.24,1038.99,2.54,34.37,1.64,0.43,0.49
2022-02-15 19:00:00,06,7.36,1038.1,3.18,30.45,2.22,0.07,0.12
2022-02-15 20:00:00,06,6.85,1038.06,3.96,27.66,2.6,0.02,0.06
2022-02-15 21:00:00,06,6.14,1038.36,4.37,17.7,3.16,0.27,0.31
2022-02-15 22:00:00,06,5.63,1038.63,4.54,3.14,4.21,0.75,0.79
2022-02-15 23:00:00,06,4.83,1039.07,4.88,345.31,5.61,1.33,1.35
2022-02-16 00:00:00,06,4.35,1039.64,4.94,331.72,6.11,1.83,1.86
2022-02-16 01:00:00,06,4.43,1040.08,4.67,322.75,6.26,2.13,2.16
2022-02-16 02:00:00,06,4.19,1040.56,4.75,316.03,6.77,2.16,2.18
2022-02-16 03:00:00,06,4.11,1040.78,4.7,312.07,7.2,1.9,1.92
2022-02-16 04:00:00,06,4.09,1040.74,4.68,305.62,7.74,1.41,1.34
2022-02-16 05:00:00,06,3.96,1040.39,4.46,303.67,7.85,0.83,0.75
2022-02-15 12:00:00,12,3.11,1036.23,2.92,59.29,3.62,2.29,2.31
2022-02-15 13:00:00,12,3.5,1037.38,2.84,45.12,3.26,2.53,2.49
2022-02-15 14:00:00,12,4.27,1038.45,2.77,29.13,2.42,2.48,2.39
2022-02-15 15:00:00,12,5.19,1039.17,2.61,12.59,1.8,2.15,2.05
2022-02-15 16:00:00,12,6.1,1039.66,2.5,20.65,1.45,1.61,1.49
2022-02-15 17:00:00,12,6.81,1039.56,2.64,29.77,1.72,1.37,1.24
2022-02-15 18:00:00,12,7.25,1038.87,3.08,30.81,2.12,0.43,0.3
2022-02-15 19:00:00,12,7.23,1037.96,3.84,26.74,2.72,0.07,-0.05
2022-02-15 20:00:00,12,6.73,1037.85,4.52,25.59,3.09,0.02,-0.1
2022-02-15 21:00:00,12,6.1,1038.15,4.84,16.12,3.67,0.27,0.16
2022-02-15 22:00:00,12,5.58,1038.51,4.8,359.04,4.52,0.75,0.65
2022-02-15 23:00:00,12,4.69,1039.01,5.12,344.63,5.89,1.33,1.22
2022-02-16 00:00:00,12,4.35,1039.77,4.98,334.33,6.25,1.83,1.73
2022-02-16 01:00:00,12,4.17,1040.28,4.78,324.66,6.44,2.13,2.04
2022-02-16 02:00:00,12,4.07,1040.75,4.83,318.23,6.9,2.16,1.97
2022-02-16 03:00:00,12,3.95,1040.86,4.73,314.56,7.31,1.9,1.71
2022-02-16 04:00:00,12,3.87,1040.74,4.76,308.51,7.91,1.41,1.23
2022-02-16 05:00:00,12,3.82,1040.48,4.51,305.6,8.03,0.83,0.65
2022-02-16 06:00:00,12,3.78,1040.19,4.18,306.91,7.62,0.29,0.01
2022-02-16 07:00:00,12,3.78,1040.0,3.76,305.97,7.1,-0.05,-0.32
2022-02-16 08:00:00,12,3.74,1039.6,3.74,303.95,7.11,-0.08,-0.36
2022-02-16 09:00:00,12,3.82,1039.59,3.66,300.75,7.48,0.2,-0.07
2022-02-16 10:00:00,12,3.74,1039.78,3.5,299.41,7.24,0.75,0.47
2022-02-16 11:00:00,12,3.74,1039.78,3.31,302.52,6.84,1.41,1.13
2022-02-15 18:00:00,18,7.18,1038.85,3.23,30.67,2.15,0.43,0.28
2022-02-15 19:00:00,18,7.08,1037.92,3.97,26.61,2.62,0.07,-0.07
2022-02-15 20:00:00,18,6.61,1037.77,4.53,24.91,3.04,0.02,-0.1
2022-02-15 21:00:00,18,6.14,1038.01,4.75,16.16,3.67,0.27,0.15
2022-02-15 22:00:00,18,5.53,1038.34,4.71,0.46,4.43,0.75,0.53
2022-02-15 23:00:00,18,4.78,1038.86,4.96,347.87,5.63,0.98,0.84
2022-02-16 00:00:00,18,4.3,1039.67,4.85,338.48,5.93,1.83,1.69
2022-02-16 01:00:00,18,4.25,1040.14,4.57,329.25,6.11,2.13,1.99
2022-02-16 02:00:00,18,4.04,1040.57,4.6,321.95,6.41,2.16,1.91
2022-02-16 03:00:00,18,3.99,1040.64,4.48,318.88,6.63,1.9,1.65
2022-02-16 04:00:00,18,3.87,1040.63,4.57,310.88,7.35,1.41,1.16
2022-02-16 05:00:00,18,3.87,1040.31,4.32,309.17,7.48,0.83,0.57
2022-02-16 06:00:00,18,3.75,1040.06,3.94,311.16,7.1,0.29,-0.07
2022-02-16 07:00:00,18,3.69,1039.9,3.66,308.57,6.81,-0.05,-0.41
2022-02-16 08:00:00,18,3.73,1039.6,3.68,307.02,7.05,-0.08,-0.45
2022-02-16 09:00:00,18,3.69,1039.6,3.6,303.38,7.23,0.2,-0.17
2022-02-16 10:00:00,18,3.57,1039.8,3.42,300.53,6.84,0.75,0.37
2022-02-16 11:00:00,18,3.65,1039.76,3.22,302.98,6.56,1.41,1.03
2022-02-16 12:00:00,18,3.61,1039.9,3.15,303.91,6.14,2.03,1.65
2022-02-16 13:00:00,18,4.35,1040.16,2.95,305.69,7.07,2.46,1.98
2022-02-16 14:00:00,18,5.65,1040.48,2.86,300.79,6.01,2.6,2.12
2022-02-16 15:00:00,18,6.92,1040.01,3.47,296.9,6.23,2.43,1.96
2022-02-16 16:00:00,18,8.03,1039.51,3.34,285.58,5.9,1.99,1.51
2022-02-16 17:00:00,18,9.0,1038.68,3.58,277.32,6.32,1.36,0.89
2022-02-16 01:00:00,00,4.21,1039.76,4.47,323.38,5.91,2.13,1.97
2022-02-16 02:00:00,00,4.1,1040.11,4.44,315.41,6.11,2.16,1.95
2022-02-16 03:00:00,00,3.95,1040.17,4.31,312.59,6.43,1.9,1.68
2022-02-16 04:00:00,00,3.93,1040.12,4.5,307.82,7.31,1.41,1.19
2022-02-16 05:00:00,00,3.81,1039.81,4.26,308.82,7.46,1.18,0.93
2022-02-16 06:00:00,00,3.81,1039.55,4.0,312.35,7.1,0.29,0.03
2022-02-16 07:00:00,00,3.81,1039.43,3.81,311.17,6.82,-0.05,-0.32
2022-02-16 08:00:00,00,3.79,1038.99,3.85,311.65,7.15,-0.08,-0.37
2022-02-16 09:00:00,00,3.77,1038.91,3.84,308.28,7.44,0.2,-0.09
2022-02-16 10:00:00,00,3.77,1039.1,3.73,306.31,7.71,0.75,0.44
2022-02-16 11:00:00,00,3.71,1039.15,3.46,309.28,7.42,1.41,1.09
2022-02-16 12:00:00,00,3.71,1039.34,3.32,309.1,7.35,2.03,1.71
2022-02-16 13:00:00,00,4.41,1039.71,3.04,310.56,7.75,2.46,2.12
2022-02-16 14:00:00,00,5.65,1040.05,3.03,306.69,6.72,2.6,2.26
2022-02-16 15:00:00,00,6.92,1039.55,3.47,301.3,6.27,2.43,2.08
2022-02-16 16:00:00,00,8.1,1039.08,3.24,288.33,5.98,1.99,1.52
2022-02-16 17:00:00,00,9.1,1038.22,3.37,280.0,6.16,1.36,0.89
2022-02-16 18:00:00,00,9.78,1036.51,4.01,276.86,7.02,0.71,0.24
2022-02-16 19:00:00,00,9.92,1035.27,4.82,264.25,7.43,0.18,-0.29
2022-02-16 20:00:00,00,9.94,1034.6,4.87,255.36,7.48,-0.07,-0.54
2022-02-16 21:00:00,00,9.61,1034.0,4.27,262.91,7.33,0.0,-0.47
2022-02-16 22:00:00,00,8.88,1033.82,4.1,268.68,6.96,0.39,-0.08
2022-02-16 23:00:00,00,7.92,1033.86,3.6,286.37,5.74,0.97,0.5
2022-02-16 06:00:00,06,3.71,1039.52,3.77,314.44,6.61,0.29,0.04
2022-02-16 07:00:00,06,3.63,1039.34,3.61,313.03,6.37,-0.05,-0.25
2022-02-16 08:00:00,06,3.69,1038.86,3.7,312.85,6.72,-0.08,-0.25
2022-02-16 09:00:00,06,3.61,1038.79,3.7,308.99,7.0,0.2,0.09
2022-02-16 10:00:00,06,3.65,1039.02,3.74,303.76,7.42,0.75,0.64
2022-02-16 11:00:00,06,3.67,1039.11,3.55,303.43,7.38,1.01,0.96
2022-02-16 12:00:00,06,3.61,1039.28,3.4,301.77,7.11,2.03,1.97
2022-02-16 13:00:00,06,4.31,1039.68,3.09,302.0,7.45,2.46,2.38
2022-02-16 14:00:00,06,5.45,1039.98,3.15,298.57,6.81,2.6,2.5
2022-02-16 15:00:00,06,6.8,1039.45,3.63,294.67,6.41,2.43,2.21
2022-02-16 16:00:00,06,7.89,1039.03,3.44,282.37,5.81,1.99,1.75
2022-02-16 17:00:00,06,8.84,1038.13,3.63,274.65,6.08,1.36,1.11
2022-02-16 18:00:00,06,9.48,1036.46,4.18,271.51,6.78,0.71,0.44
2022-02-16 19:00:00,06,9.62,1035.19,4.93,263.84,7.32,0.18,-0.1
2022-02-16 20:00:00,06,9.64,1034.63,4.91,256.27,7.44,-0.07,-0.38
2022-02-16 21:00:00,06,9.34,1034.07,4.34,268.04,7.45,0.0,-0.32
2022-02-16 22:00:00,06,8.62,1033.91,4.42,284.57,7.54,0.39,0.04
2022-02-16 23:00:00,06,7.63,1033.93,4.2,298.32,7.24,0.97,0.61
2022-02-17 00:00:00,06,7.26,1034.33,3.85,291.08,8.31,1.59,1.23
2022-02-17 01:00:00,06,7.13,1034.24,4.76,279.88,11.23,2.07,1.71
2022-02-17 02:00:00,06,7.07,1033.85,5.26,271.37,12.03,2.29,1.83
2022-02-17 03:00:00,06,6.97,1033.68,4.98,268.54,11.71,2.21,1.75
2022-02-17 04:00:00,06,6.93,1033.16,4.61,269.27,11.3,1.83,1.27
2022-02-17 05:00:00,06,6.9,1032.55,4.7,277.66,10.93,1.26,0.7
2022-02-16 12:00:00,12,3.69,1039.05,3.24,302.45,6.56,2.03,1.93
2022-02-16 13:00:00,12,4.33,1039.4,2.86,301.56,6.73,2.46,2.33
2022-02-16 14:00:00,12,5.59,1039.64,2.87,297.15,5.62,2.6,2.5
2022-02-16 15:00:00,12,6.89,1039.03,3.31,294.45,5.62,2.43,2.32
2022-02-16 16:00:00,12,8.11,1038.59,3.32,283.72,5.4,1.99,1.92
2022-02-16 17:00:00,12,9.0,1037.66,3.51,274.67,5.77,1.75,1.65
2022-02-16 18:00:00,12,9.68,1035.98,4.18,270.93,6.44,0.71,0.59
2022-02-16 19:00:00,12,9.86,1034.61,4.85,263.89,7.07,0.18,0.06
2022-02-16 20:00:00,12,9.73,1034.1,5.12,254.47,7.45,-0.07,-0.21
2022-02-16 21:00:00,12,9.47,1033.54,4.48,265.05,7.54,0.0,-0.15
2022-02-16 22:00:00,12,8.75,1033.47,4.32,278.62,7.32,0.39,0.22
2022-02-16 23:00:00,12,7.74,1033.61,4.05,293.24,6.53,0.97,0.79
2022-02-17 00:00:00,12,7.24,1034.17,3.88,294.39,8.13,1.59,1.4
2022-02-17 01:00:00,12,7.19,1034.15,4.7,281.42,11.32,2.07,1.87
2022-02-17 02:00:00,12,7.22,1033.83,5.3,274.92,12.01,2.29,1.98
2022-02-17 03:00:00,12,7.1,1033.58,4.95,271.09,11.7,2.21,1.88
2022-02-17 04:00:00,12,6.99,1033.19,4.6,266.93,11.41,1.83,1.39
2022-02-17 05:00:00,12,6.93,1032.74,4.38,268.78,10.92,1.26,0.81
2022-02-17 06:00:00,12,6.84,1032.35,4.45,264.16,11.07,0.64,0.18
2022-02-17 07:00:00,12,6.84,1031.79,4.16,268.96,10.28,0.12,-0.34
2022-02-17 08:00:00,12,6.89,1030.98,4.22,266.62,10.45,-0.14,-0.6
2022-02-17 09:00:00,12,6.8,1030.12,4.53,269.31,11.01,-0.07,-0.53
2022-02-17 10:00:00,12,6.79,1029.68,4.69,266.91,11.34,0.33,-0.23
2022-02-17 11:00:00,12,6.69,1029.55,4.73,262.99,11.41,0.95,0.4
2022-02-16 18:00:00,18,9.94,1036.08,3.77,270.85,6.03,0.71,0.62
2022-02-16 19:00:00,18,10.17,1034.65,4.45,263.43,6.52,0.18,0.13
2022-02-16 20:00:00,18,10.03,1034.03,4.99,253.42,7.04,-0.07,-0.1
2022-02-16 21:00:00,18,9.71,1033.36,4.38,260.71,7.02,0.0,0.0
2022-02-16 22:00:00,18,8.97,1033.07,4.02,280.48,6.52,0.39,0.35
2022-02-16 23:00:00,18,7.97,1033.18,4.07,296.4,6.52,0.61,0.5
2022-02-17 00:00:00,18,7.54,1033.69,3.7,298.83,6.74,1.59,1.49
2022-02-17 01:00:00,18,7.27,1033.6,4.11,285.97,9.14,2.07,1.97
2022-02-17 02:00:00,18,7.35,1033.23,4.67,281.51,11.02,2.29,2.1
2022-02-17 03:00:00,18,7.27,1032.91,4.77,274.43,11.5,2.21,2.02
2022-02-17 04:00:00,18,7.24,1032.53,4.62,270.28,11.21,1.83,1.55
2022-02-17 05:00:00,18,7.24,1032.12,4.43,271.21,10.85,1.26,0.98
2022-02-17 06:00:00,18,7.2,1031.74,4.45,271.0,10.9,0.64,0.36
2022-02-17 07:00:00,18,7.2,1031.22,4.3,269.17,10.73,0.12,-0.15
2022-02-17 08:00:00,18,7.13,1030.54,4.22,264.2,10.71,-0.14,-0.41
2022-02-17 09:00:00,18,7.03,1029.78,4.4,271.09,10.71,-0.07,-0.33
2022-02-17 10:00:00,18,7.0,1029.59,4.58,269.81,10.94,0.33,-0.03
2022-02-17 11:00:00,18,6.88,1029.05,4.41,272.31,10.53,0.95,0.6
2022-02-17 12:00:00,18,6.93,1028.62,4.39,270.46,10.61,1.64,1.29
2022-02-17 13:00:00,18,7.54,1028.23,4.32,269.07,10.73,2.23,1.88
2022-02-17 14:00:00,18,8.43,1027.84,4.73,268.37,11.08,2.57,2.22
2022-02-17 15:00:00,18,9.07,1027.24,4.66,262.86,10.72,2.59,2.24
2022-02-17 16:00:00,18,10.25,1026.4,5.01,267.79,10.15,2.29,1.84
2022-02-17 17:00:00,18,11.15,1025.28,6.21,251.93,10.66,1.74,1.29
2022-02-17 01:00:00,00,7.4,1033.08,4.26,284.81,9.44,2.07,2.01
2022-02-17 02:00:00,00,7.5,1032.57,4.77,281.2,11.22,2.29,2.18
2022-02-17 03:00:00,00,7.49,1032.17,4.79,277.58,11.44,2.21,2.02
2022-02-17 04:00:00,00,7.4,1031.82,4.45,271.62,10.94,1.83,1.59
2022-02-17 05:00:00,00,7.32,1031.51,4.14,270.22,10.42,1.62,1.39
2022-02-17 06:00:00,00,7.34,1031.14,4.22,271.19,10.78,0.64,0.41
2022-02-17 07:00:00,00,7.25,1030.7,4.23,267.72,11.02,0.12,-0.1
2022-02-17 08:00:00,00,7.25,1029.88,4.23,265.59,10.86,-0.14,-0.35
2022-02-17 09:00:00,00,7.15,1028.96,4.39,276.85,10.72,-0.07,-0.28
2022-02-17 10:00:00,00,7.15,1028.93,4.55,272.29,11.4,0.33,0.03
2022-02-17 11:00:00,00,7.15,1028.28,4.79,270.43,11.63,0.95,0.66
2022-02-17 12:00:00,00,7.15,1028.1,4.43,264.72,10.82,1.64,1.36
2022-02-17 13:00:00,00,7.65,1027.69,4.48,269.49,11.22,2.23,1.95
2022-02-17 14:00:00,00,8.55,1027.52,5.08,261.29,12.23,2.57,2.3
2022-02-17 15:00:00,00,9.35,1026.58,4.7,262.9,10.7,2.59,2.32
2022-02-17 16:00:00,00,10.27,1025.77,5.16,259.87,10.41,2.29,1.93
2022-02-17 17:00:00,00,11.43,1024.38,6.15,253.56,10.65,1.74,1.38
2022-02-17 18:00:00,00,11.83,1022.54,6.02,253.35,10.43,1.06,0.71
2022-02-17 19:00:00,00,12.11,1020.5,6.51,255.67,11.22,0.42,0.07
2022-02-17 20:00:00,00,11.95,1019.0,6.61,262.5,11.34,-0.02,-0.37
2022-02-17 21:00:00,00,11.65,1017.92,6.64,258.68,11.62,-0.14,-0.6
2022-02-17 22:00:00,00,11.08,1017.55,6.05,255.03,11.03,0.08,-0.27
2022-02-17 23:00:00,00,10.47,1016.99,6.47,262.28,12.12,0.59,0.24
2022-02-17 06:00:00,06,7.15,1031.15,4.04,271.21,10.3,0.64,0.34
2022-02-17 07:00:00,06,7.15,1030.73,3.94,265.49,10.21,0.12,-0.13
2022-02-17 08:00:00,06,7.15,1029.9,3.79,258.62,9.86,-0.14,-0.38
2022-02-17 09:00:00,06,6.95,1029.11,3.75,270.76,8.72,-0.07,-0.24
2022-02-17 10:00:00,06,6.95,1028.99,3.9,270.53,9.07,0.33,0.12
2022-02-17 11:00:00,06,6.85,1028.26,4.1,274.56,9.31,0.56,0.44
2022-02-17 12:00:00,06,6.95,1027.92,4.1,270.85,9.69,1.64,1.51
2022-02-17 13:00:00,06,7.55,1027.44,4.46,273.45,10.73,2.23,2.09
2022-02-17 14:00:00,06,8.4,1027.15,4.53,268.28,10.9,2.57,2.42
2022-02-17 15:00:00,06,9.45,1026.2,4.89,264.59,10.98,2.59,2.42
2022-02-17 16:00:00,06,10.47,1025.29,5.14,263.23,10.5,2.29,2.11
2022-02-17 17:00:00,06,11.57,1024.05,6.59,253.64,10.92,1.74,1.55
2022-02-17 18:00:00,06,11.88,1022.32,6.44,252.63,10.76,1.06,0.86
2022-02-17 19:00:00,06,12.07,1020.51,6.2,256.43,10.61,0.42,0.21
2022-02-17 20:00:00,06,11.96,1018.87,6.51,263.57,11.1,-0.02,-0.24
2022-02-17 21:00:00,06,11.61,1017.79,6.74,265.1,11.22,-0.14,-0.38
2022-02-17 22:00:00,06,11.05,1016.95,7.07,262.6,11.81,0.08,-0.17
2022-02-17 23:00:00,06,10.4,1016.74,7.32,262.65,13.06,0.59,0.33
2022-02-18 00:00:00,06,10.15,1015.67,8.24,266.84,14.83,1.25,0.99
2022-02-18 01:00:00,06,10.02,1014.57,9.08,266.91,16.56,1.87,1.51
2022-02-18 02:00:00,06,9.75,1014.08,9.51,259.13,17.95,2.29,1.83
2022-02-18 03:00:00,06,9.85,1012.55,9.73,260.3,18.91,2.41,1.75
2022-02-18 04:00:00,06,10.09,1011.26,10.42,255.17,20.31,2.2,1.44
2022-02-18 05:00:00,06,10.15,1010.04,11.29,253.97,21.23,1.72,0.85
2022-02-17 12:00:00,12,7.05,1027.89,4.1,266.64,9.58,1.64,1.56
2022-02-17 13:00:00,12,7.55,1027.49,4.43,266.98,10.77,2.23,2.11
2022-02-17 14:00:00,12,8.35,1027.21,4.48,261.61,10.91,2.57,2.4
2022-02-17 15:00:00,12,9.45,1026.29,4.83,260.42,10.81,2.59,2.42
2022-02-17 16:00:00,12,10.45,1025.47,5.0,260.99,10.19,2.29,2.12
2022-02-17 17:00:00,12,11.55,1024.31,6.17,252.97,10.41,2.09,1.93
2022-02-17 18:00:00,12,12.06,1022.37,6.43,252.24,10.52,1.06,0.89
2022-02-17 19:00:00,12,12.11,1020.34,6.19,260.91,10.72,0.42,0.24
2022-02-17 20:00:00,12,12.09,1018.8,7.08,266.11,11.6,-0.02,-0.2
2022-02-17 21:00:00,12,11.55,1017.46,6.64,267.7,11.4,-0.14,-0.44
2022-02-17 22:00:00,12,11.03,1016.97,7.05,263.94,11.73,0.08,-0.12
2022-02-17 23:00:00,12,10.39,1016.06,7.28,267.5,13.12,0.59,0.38
2022-02-18 00:00:00,12,10.13,1015.74,7.86,264.96,14.41,1.25,1.03
2022-02-18 01:00:00,12,9.92,1014.93,8.77,262.39,16.21,1.87,1.54
2022-02-18 02:00:00,12,9.8,1013.55,9.57,261.73,17.7,2.29,1.86
2022-02-18 03:00:00,12,9.77,1013.24,9.64,254.68,19.24,2.41,1.87
2022-02-18 04:00:00,12,9.88,1011.86,10.06,252.41,20.22,2.2,1.45
2022-02-18 05:00:00,12,10.08,1010.02,11.47,252.65,21.76,1.72,0.85
2022-02-18 06:00:00,12,10.34,1009.41,11.26,249.21,21.25,1.08,0.12
2022-02-18 07:00:00,12,10.52,1007.83,11.18,251.12,21.0,0.45,-0.61
2022-02-18 08:00:00,12,10.76,1006.16,12.27,250.13,23.23,-0.01,-1.17
2022-02-18 09:00:00,12,10.87,1004.98,12.04,245.37,23.75,-0.18,-1.54
2022-02-18 10:00:00,12,10.75,1004.79,12.41,240.03,23.14,0.01,-1.55
2022-02-18 11:00:00,12,10.79,1004.88,11.76,226.39,21.73,0.5,-1.16
2022-02-17 18:00:00,18,12.15,1022.27,6.25,249.82,10.45,1.06,0.83
2022-02-17 19:00:00,18,12.36,1020.23,6.05,255.94,10.52,0.42,0.21
2022-02-17 20:00:00,18,12.35,1018.74,6.99,264.43,11.4,-0.02,-0.25
2022-02-17 21:00:00,18,11.74,1017.43,6.19,265.34,10.81,-0.14,-0.37
2022-02-17 22:00:00,18,11.21,1016.87,6.6,263.9,11.23,0.08,-0.14
2022-02-17 23:00:00,18,10.49,1016.12,7.04,267.66,12.96,0.26,0.02
2022-02-18 00:00:00,18,10.32,1015.63,7.84,266.6,14.35,1.25,1.02
2022-02-18 01:00:00,18,10.08,1014.85,8.62,263.52,16.14,1.87,1.55
2022-02-18 02:00:00,18,9.85,1013.61,9.09,262.84,17.57,2.29,1.87
2022-02-18 03:00:00,18,9.71,1013.25,9.25,256.91,19.05,2.41,1.9
2022-02-18 04:00:00,18,10.03,1011.86,10.04,252.87,19.96,2.2,1.49
2022-02-18 05:00:00,18,10.26,1010.15,10.96,250.53,21.13,1.72,0.92
2022-02-18 06:00:00,18,10.5,1008.97,11.15,250.41,21.25,1.08,0.29
2022-02-18 07:00:00,18,10.59,1007.34,11.63,250.61,21.74,0.45,-0.44
2022-02-18 08:00:00,18,10.87,1005.99,12.09,247.12,23.14,-0.01,-1.09
2022-02-18 09:00:00,18,10.99,1004.94,13.02,242.96,24.92,-0.18,-1.35
2022-02-18 10:00:00,18,10.96,1004.23,13.7,239.71,24.82,0.01,-1.36
2022-02-18 11:00:00,18,10.97,1005.18,11.87,215.6,20.9,0.5,-1.16
2022-02-18 12:00:00,18,10.67,1006.1,7.67,207.76,15.14,1.18,-0.58
2022-02-18 13:00:00,18,10.58,1008.66,9.57,153.79,16.86,1.86,0.2
2022-02-18 14:00:00,18,8.95,1011.52,8.81,152.43,15.02,2.37,0.91
2022-02-18 15:00:00,18,8.35,1012.59,7.08,144.89,13.12,2.6,1.44
2022-02-18 16:00:00,18,8.47,1014.1,6.64,130.53,10.66,2.48,1.43
2022-02-18 17:00:00,18,8.64,1014.86,5.77,120.68,8.74,2.06,1.11
2022-02-18 01:00:00,00,10.25,1014.23,8.34,264.65,15.94,1.87,1.52
2022-02-18 02:00:00,00,10.05,1012.98,8.92,261.34,17.54,2.29,1.9
2022-02-18 03:00:00,00,9.78,1012.37,8.87,255.22,18.81,2.41,1.91
2022-02-18 04:00:00,00,10.06,1011.68,9.5,252.65,19.37,2.2,1.67
2022-02-18 05:00:00,00,10.35,1010.01,10.93,250.96,21.12,2.03,1.53
2022-02-18 06:00:00,00,10.57,1008.56,11.27,253.96,21.23,1.08,0.47
2022-02-18 07:00:00,00,10.72,1007.62,11.0,250.52,20.88,0.45,-0.37
2022-02-18 08:00:00,00,10.95,1005.71,12.43,249.13,23.52,-0.01,-0.93
2022-02-18 09:00:00,00,11.15,1004.22,13.33,245.67,25.81,-0.18,-1.2
2022-02-18 10:00:00,00,11.06,1004.79,13.0,235.08,24.21,0.01,-1.23
2022-02-18 11:00:00,00,11.1,1004.67,11.64,231.79,21.0,0.5,-0.94
2022-02-18 12:00:00,00,11.0,1005.14,11.76,224.55,20.93,1.18,-0.56
2022-02-18 13:00:00,00,10.52,1008.74,10.07,146.55,16.22,1.86,0.01
2022-02-18 14:00:00,00,9.01,1011.15,8.31,151.32,14.63,2.37,0.72
2022-02-18 15:00:00,00,8.47,1012.77,6.85,141.89,12.85,2.6,1.34
2022-02-18 16:00:00,00,8.42,1013.71,7.37,126.32,11.56,2.48,1.52
2022-02-18 17:00:00,00,9.45,1014.99,5.08,128.3,8.03,2.06,1.2
2022-02-18 18:00:00,00,8.39,1015.2,4.17,109.04,7.35,1.44,0.77
2022-02-18 19:00:00,00,9.16,1015.34,4.26,98.29,6.97,0.75,0.09
2022-02-18 20:00:00,00,9.31,1015.67,4.22,88.33,6.34,0.18,-0.59
2022-02-18 21:00:00,00,8.87,1016.29,4.57,87.23,6.52,-0.15,-0.81
2022-02-18 22:00:00,00,8.17,1017.12,4.1,87.46,6.14,-0.12,-0.69
2022-02-18 23:00:00,00,7.54,1018.21,3.6,74.96,5.92,0.24,-0.12
2022-02-18 06:00:00,06,10.47,1008.78,10.94,255.0,21.03,1.08,0.57
2022-02-18 07:00:00,06,10.64,1007.83,10.9,251.62,20.86,0.45,-0.14
2022-02-18 08:00:00,06,10.99,1005.98,11.98,249.89,23.13,-0.01,-0.82
2022-02-18 09:00:00,06,11.11,1004.52,13.71,246.25,25.49,-0.18,-1.09
2022-02-18 10:00:00,06,11.11,1004.45,13.82,240.35,23.81,0.01,-0.91
2022-02-18 11:00:00,06,11.09,1004.59,12.93,235.5,22.63,0.17,-0.71
2022-02-18 12:00:00,06,11.04,1005.24,11.81,227.83,20.44,1.18,0.05
2022-02-18 13:00:00,06,10.7,1007.89,9.85,177.94,16.36,1.86,0.58
2022-02-18 14:00:00,06,9.16,1010.5,8.22,140.34,14.35,2.37,1.25
2022-02-18 15:00:00,06,8.96,1012.33,8.22,128.46,13.82,2.6,1.62
2022-02-18 16:00:00,06,8.45,1014.04,6.31,134.48,10.55,2.48,1.86
2022-02-18 17:00:00,06,8.05,1014.75,5.4,108.68,8.63,2.06,1.6
2022-02-18 18:00:00,06,8.38,1015.21,4.99,91.82,7.31,1.44,1.12
2022-02-18 19:00:00,06,8.58,1015.36,4.67,95.16,6.74,0.75,0.39
2022-02-18 20:00:00,06,8.99,1015.65,4.32,89.41,6.4,0.18,-0.44
2022-02-18 21:00:00,06,8.57,1016.31,4.57,89.0,6.56,-0.15,-0.71
2022-02-18 22:00:00,06,7.95,1016.99,4.09,88.14,6.03,-0.12,-0.53
2022-02-18 23:00:00,06,7.35,1018.01,3.66,74.29,5.81,0.24,-0.11
2022-02-19 00:00:00,06,7.05,1019.39,3.93,58.48,6.29,0.86,0.5
2022-02-19 01:00:00,06,6.95,1020.51,5.44,64.27,7.31,1.55,1.09
2022-02-19 02:00:00,06,6.45,1021.34,5.63,75.85,7.39,2.14,1.68
2022-02-19 03:00:00,06,6.28,1021.81,4.93,79.1,7.01,2.47,2.11
2022-02-19 04:00:00,06,6.13,1022.05,4.39,80.04,6.09,2.47,2.01
2022-02-19 05:00:00,06,5.86,1021.95,3.52,68.23,4.52,2.14,1.78
2022-02-18 12:00:00,12,11.14,1004.67,12.03,233.03,20.7,1.18,0.3
2022-02-18 13:00:00,12,10.79,1006.55,10.51,209.09,17.24,1.86,1.0
2022-02-18 14:00:00,12,9.82,1008.71,7.28,151.44,13.17,2.37,1.62
2022-02-18 15:00:00,12,9.58,1010.51,7.75,138.98,13.13,2.6,2.04
2022-02-18 16:00:00,12,9.09,1012.48,6.63,143.94,11.52,2.48,2.28
2022-02-18 17:00:00,12,8.85,1013.54,4.82,121.58,9.24,2.35,2.21
2022-02-18 18:00:00,12,8.65,1014.19,7.12,99.94,9.55,1.44,1.46
2022-02-18 19:00:00,12,8.25,1014.65,5.23,98.57,8.22,0.75,0.83
2022-02-18 20:00:00,12,8.45,1015.14,5.21,91.81,8.08,0.18,0.11
2022-02-18 21:00:00,12,8.25,1015.71,5.33,89.77,7.86,-0.15,-0.15
2022-02-18 22:00:00,12,7.96,1016.62,4.67,88.44,7.08,-0.12,-0.07
2022-02-18 23:00:00,12,7.35,1017.7,4.4,76.46,7.46,0.24,0.26
2022-02-19 00:00:00,12,7.17,1019.24,5.33,68.74,7.78,0.86,0.83
2022-02-19 01:00:00,12,6.76,1020.54,6.08,77.01,8.19,1.55,1.48
2022-02-19 02:00:00,12,6.46,1021.26,5.5,78.29,7.66,2.14,2.02
2022-02-19 03:00:00,12,6.26,1021.76,4.77,77.08,6.87,2.47,2.31
2022-02-19 04:00:00,12,6.15,1021.96,4.49,72.41,5.81,2.47,2.27
2022-02-19 05:00:00,12,5.87,1021.84,3.67,56.75,4.62,2.14,1.9
2022-02-19 06:00:00,12,5.75,1021.79,3.02,43.34,3.41,1.57,1.33
2022-02-19 07:00:00,12,5.65,1021.54,2.42,24.88,2.44,0.9,0.66
2022-02-19 08:00:00,12,5.55,1020.9,2.05,353.54,1.78,0.29,0.06
2022-02-19 09:00:00,12,5.37,1020.65,1.75,326.48,1.62,-0.09,-0.33
2022-02-19 10:00:00,12,5.35,1020.66,1.71,289.35,1.97,-0.15,-0.39
2022-02-19 11:00:00,12,5.19,1020.66,2.26,256.66,2.91,0.13,-0.11
2022-02-18 18:00:00,18,9.25,1013.19,7.1,94.36,10.12,1.44,1.68
2022-02-18 19:00:00,18,8.75,1013.64,5.45,90.65,9.33,0.75,1.08
2022-02-18 20:00:00,18,8.85,1013.96,6.22,76.81,9.71,0.18,0.64
2022-02-18 21:00:00,18,8.35,1014.63,7.02,78.12,10.12,-0.15,0.15
2022-02-18 22:00:00,18,8.06,1015.94,6.21,71.01,9.0,-0.12,0.01
2022-02-18 23:00:00,18,7.84,1017.15,6.85,72.88,9.45,-0.01,0.02
2022-02-19 00:00:00,18,7.35,1018.97,6.97,77.24,9.14,0.86,0.9
2022-02-19 01:00:00,18,6.85,1020.43,6.51,81.15,9.01,1.55,1.59
2022-02-19 02:00:00,18,6.55,1021.18,6.26,79.58,8.47,2.14,2.18
2022-02-19 03:00:00,18,6.36,1021.74,5.76,74.85,7.66,2.47,2.52
2022-02-19 04:00:00,18,6.15,1022.0,5.16,73.2,6.93,2.47,2.52
2022-02-19 05:00:00,18,5.85,1021.88,4.51,70.77,5.8,2.14,2.19
2022-02-19 06:00:00,18,5.68,1021.87,3.88,63.64,4.76,1.57,1.63
2022-02-19 07:00:00,18,5.56,1021.5,2.97,51.92,3.35,0.9,0.96
2022-02-19 08:00:00,18,5.37,1020.98,2.22,35.21,2.17,0.29,0.36
2022-02-19 09:00:00,18,5.25,1020.8,1.55,23.09,1.32,-0.09,-0.02
2022-02-19 10:00:00,18,5.25,1020.95,0.73,14.33,0.72,-0.15,-0.08
2022-02-19 11:00:00,18,5.16,1020.88,0.91,275.0,1.19,0.13,0.21
2022-02-19 12:00:00,18,5.05,1021.03,2.33,245.64,3.01,0.69,0.77
2022-02-19 13:00:00,18,5.55,1021.91,3.6,222.25,5.09,1.38,1.46
2022-02-19 14:00:00,18,6.45,1022.18,4.64,216.08,7.42,2.02,2.1
2022-02-19 15:00:00,18,7.39,1021.38,6.02,215.79,9.11,2.43,2.51
2022-02-19 16:00:00,18,8.19,1020.67,6.9,205.8,9.72,2.53,2.61
2022-02-19 17:00:00,18,8.95,1019.64,6.74,202.13,9.8,2.3,2.28
2022-02-19 01:00:00,00,6.96,1019.83,6.51,78.78,9.41,1.55,1.38
2022-02-19 02:00:00,00,6.66,1020.56,6.41,78.22,9.01,2.14,2.01
2022-02-19 03:00:00,00,6.46,1021.0,6.08,75.01,8.25,2.47,2.32
2022-02-19 04:00:00,00,6.25,1021.36,5.44,74.96,7.43,2.47,2.34
2022-02-19 05:00:00,00,5.95,1021.29,4.77,73.12,6.46,2.37,2.22
2022-02-19 06:00:00,00,5.8,1021.34,4.02,66.76,5.15,1.57,1.54
2022-02-19 07:00:00,00,5.65,1020.91,3.15,51.78,3.72,0.9,0.9
2022-02-19 08:00:00,00,5.45,1020.29,2.53,34.58,2.51,0.29,0.22
2022-02-19 09:00:00,00,5.35,1020.07,1.9,30.59,1.63,-0.09,-0.14
2022-02-19 10:00:00,00,5.25,1020.24,1.21,34.99,0.93,-0.15,-0.17
2022-02-19 11:00:00,00,5.25,1020.4,0.22,29.43,0.54,0.13,0.14
2022-02-19 12:00:00,00,5.18,1020.51,1.65,246.75,2.0,0.69,0.73
2022-02-19 13:00:00,00,5.69,1021.3,2.9,216.08,3.94,1.38,1.54
2022-02-19 14:00:00,00,6.48,1021.66,3.98,212.87,6.24,2.02,2.2
2022-02-19 15:00:00,00,7.35,1020.96,5.34,210.23,8.26,2.43,2.55
2022-02-19 16:00:00,00,8.25,1020.09,6.47,206.75,9.03,2.53,2.67
2022-02-19 17:00:00,00,8.89,1018.92,6.4,204.79,9.3,2.3,2.36
2022-02-19 18:00:00,00,9.37,1017.8,7.35,197.76,10.96,1.79,1.86
2022-02-19 19:00:00,00,9.59,1017.37,8.14,188.32,12.42,1.13,1.2
2022-02-19 20:00:00,00,9.58,1017.44,7.81,177.39,13.61,0.48,0.55
2022-02-19 21:00:00,00,9.35,1017.77,7.38,172.88,14.55,-0.0,0.06
2022-02-19 22:00:00,00,8.35,1019.94,11.25,156.78,16.19,-0.19,-0.12
2022-02-19 23:00:00,00,7.46,1021.47,8.01,150.31,13.33,-0.02,0.04
2022-02-19 06:00:00,06,5.85,1021.35,4.09,65.92,5.21,1.57,1.46
2022-02-19 07:00:00,06,5.65,1020.95,3.4,53.01,3.91,0.9,0.72
2022-02-19 08:00:00,06,5.56,1020.43,2.81,41.98,2.74,0.29,0.08
2022-02-19 09:00:00,06,5.37,1020.26,2.26,40.58,2.03,-0.09,-0.41
2022-02-19 10:00:00,06,5.39,1020.39,1.67,43.41,1.36,-0.15,-0.55
2022-02-19 11:00:00,06,5.32,1020.42,0.81,38.02,0.64,-0.08,-0.46
2022-02-19 12:00:00,06,5.19,1020.46,1.15,262.67,1.5,0.69,0.35
2022-02-19 13:00:00,06,5.78,1021.25,2.41,216.49,3.31,1.38,1.07
2022-02-19 14:00:00,06,6.55,1021.58,3.78,209.18,5.74,2.02,1.75
2022-02-19 15:00:00,06,7.45,1021.0,5.07,205.21,7.9,2.43,2.2
2022-02-19 16:00:00,06,8.23,1020.2,6.33,207.97,8.9,2.53,2.33
2022-02-19 17:00:00,06,8.98,1018.9,6.22,207.6,8.9,2.3,2.03
2022-02-19 18:00:00,06,9.35,1017.73,7.27,197.6,10.86,1.79,1.56
2022-02-19 19:00:00,06,9.55,1017.09,8.1,189.67,12.44,1.13,0.94
2022-02-19 20:00:00,06,9.48,1017.18,7.85,178.84,13.82,0.48,0.22
2022-02-19 21:00:00,06,9.32,1017.44,7.8,169.96,15.06,-0.0,-0.22
2022-02-19 22:00:00,06,8.25,1019.84,11.62,154.07,17.11,-0.19,-0.27
2022-02-19 23:00:00,06,7.37,1021.4,8.27,152.67,13.52,-0.02,-0.07
2022-02-20 00:00:00,06,6.97,1024.64,10.18,124.09,13.74,0.46,0.31
2022-02-20 01:00:00,06,6.36,1026.97,10.32,109.05,13.43,1.14,1.19
2022-02-20 02:00:00,06,5.69,1028.69,9.74,114.94,13.71,1.83,1.98
2022-02-20 03:00:00,06,5.32,1030.17,8.19,107.79,13.24,2.35,2.4
2022-02-20 04:00:00,06,4.95,1030.93,8.55,110.54,12.8,2.58,2.53
2022-02-20 05:00:00,06,4.5,1031.5,7.48,105.34,11.62,2.46,2.42
2022-02-19 12:00:00,12,5.19,1020.58,1.07,260.27,1.5,0.69,0.35
2022-02-19 13:00:00,12,5.78,1021.31,2.37,213.56,3.29,1.38,1.01
2022-02-19 14:00:00,12,6.65,1021.61,3.75,206.28,5.72,2.02,1.57
2022-02-19 15:00:00,12,7.47,1020.93,5.08,203.57,7.63,2.43,1.96
2022-02-19 16:00:00,12,8.25,1020.12,6.26,207.0,8.53,2.53,2.03
2022-02-19 17:00:00,12,9.01,1018.78,6.1,210.21,8.82,2.48,1.96
2022-02-19 18:00:00,12,9.39,1017.68,7.34,197.05,11.09,1.79,1.19
2022-02-19 19:00:00,12,9.52,1017.17,8.27,185.93,12.61,1.13,0.54
2022-02-19 20:00:00,12,9.38,1017.23,7.89,178.05,14.22,0.48,-0.1
2022-02-19 21:00:00,12,9.37,1017.76,8.5,156.02,15.72,-0.0,-0.67
2022-02-19 22:00:00,12,8.12,1019.85,10.76,160.37,15.81,-0.19,-0.74
2022-02-19 23:00:00,12,7.46,1022.1,9.15,135.44,13.7,-0.02,-0.56
2022-02-20 00:00:00,12,6.86,1024.63,10.1,116.02,13.71,0.46,-0.06
2022-02-20 01:00:00,12,6.16,1027.12,9.86,110.71,14.04,1.14,0.83
2022-02-20 02:00:00,12,5.65,1029.14,9.0,113.48,12.91,1.83,1.64
2022-02-20 03:00:00,12,5.25,1030.56,8.55,101.9,12.37,2.35,2.07
2022-02-20 04:00:00,12,4.75,1031.03,8.52,108.76,12.42,2.58,2.21
2022-02-20 05:00:00,12,4.42,1031.64,7.2,104.85,10.8,2.46,2.11
2022-02-20 06:00:00,12,4.15,1032.2,6.58,99.88,9.73,2.04,1.69
2022-02-20 07:00:00,12,4.05,1032.62,6.11,95.08,8.71,1.43,1.37
2022-02-20 08:00:00,12,4.05,1032.61,5.98,91.41,8.15,0.76,0.7
2022-02-20 09:00:00,12,4.05,1033.0,5.08,93.65,6.64,0.2,0.15
2022-02-20 10:00:00,12,3.95,1033.69,4.42,97.14,5.51,-0.1,-0.15
2022-02-20 11:00:00,12,3.95,1033.76,3.97,87.25,4.94,-0.07,-0.22
2022-02-19 18:00:00,18,9.49,1017.25,7.45,199.38,11.01,1.79,1.14
2022-02-19 19:00:00,18,9.68,1016.67,8.26,188.9,12.5,1.13,0.45
2022-02-19 20:00:00,18,9.68,1016.74,7.76,181.12,13.92,0.48,-0.29
2022-02-19 21:00:00,18,9.59,1017.04,8.1,157.7,15.63,-0.0,-0.76
2022-02-19 22:00:00,18,8.29,1019.4,11.25,162.36,15.7,-0.19,-0.96
2022-02-19 23:00:00,18,7.65,1021.67,9.07,133.19,14.02,-0.16,-0.98
2022-02-20 00:00:00,18,7.08,1024.57,10.46,115.73,14.24,0.46,-0.33
2022-02-20 01:00:00,18,6.43,1026.75,9.88,108.9,14.34,1.14,0.57
2022-02-20 02:00:00,18,5.85,1029.02,9.18,114.65,13.27,1.83,1.38
2022-02-20 03:00:00,18,5.47,1030.38,8.88,99.38,11.37,2.35,1.82
2022-02-20 04:00:00,18,4.97,1030.92,8.7,104.95,12.65,2.58,1.97
2022-02-20 05:00:00,18,4.75,1031.53,7.37,102.83,11.28,2.46,1.88
2022-02-20 06:00:00,18,4.36,1032.14,6.43,96.81,9.78,2.04,1.58
2022-02-20 07:00:00,18,4.28,1032.61,6.17,90.59,8.9,1.43,1.18
2022-02-20 08:00:00,18,4.09,1032.69,6.1,89.36,8.52,0.76,0.63
2022-02-20 09:00:00,18,4.06,1033.29,5.29,94.13,6.81,0.2,-0.01
2022-02-20 10:00:00,18,3.96,1033.8,4.73,93.52,5.91,-0.1,-0.39
2022-02-20 11:00:00,18,3.95,1033.91,4.06,84.22,5.04,-0.07,-0.44
2022-02-20 12:00:00,18,3.95,1034.01,3.87,71.38,4.84,0.29,0.02
2022-02-20 13:00:00,18,4.55,1034.64,3.12,64.73,3.82,0.88,0.61
2022-02-20 14:00:00,18,5.25,1035.15,2.3,57.75,2.63,1.54,1.28
2022-02-20 15:00:00,18,6.26,1035.1,1.59,46.99,1.42,2.1,1.74
2022-02-20 16:00:00,18,7.55,1035.21,0.98,359.15,1.33,2.41,2.04
2022-02-20 17:00:00,18,8.57,1035.0,0.86,353.37,1.9,2.4,1.93
2022-02-20 01:00:00,00,6.95,1025.37,9.69,103.63,12.87,1.14,0.7
2022-02-20 02:00:00,00,6.45,1027.45,9.69,106.87,13.44,1.83,1.49
2022-02-20 03:00:00,00,6.05,1028.92,8.9,93.97,11.4,2.35,1.99
2022-02-20 04:00:00,00,5.55,1029.68,8.28,94.81,11.52,2.58,2.3
2022-02-20 05:00:00,00,5.35,1030.5,8.29,95.36,11.56,2.58,2.26
2022-02-20 06:00:00,00,5.02,1031.31,7.38,92.81,10.33,2.04,1.75
2022-02-20 07:00:00,00,4.75,1031.96,6.48,86.2,9.07,1.43,1.15
2022-02-20 08:00:00,00,4.55,1032.15,6.31,86.06,8.52,0.76,0.6
2022-02-20 09:00:00,00,4.22,1032.74,5.42,88.63,7.0,0.2,0.06
2022-02-20 10:00:00,00,4.15,1033.11,4.49,84.34,5.91,-0.1,-0.32
2022-02-20 11:00:00,00,4.12,1033.25,4.11,72.86,5.35,-0.07,-0.37
2022-02-20 12:00:00,00,4.15,1033.44,4.19,58.78,5.15,0.29,0.01
2022-02-20 13:00:00,00,4.66,1034.12,3.67,51.89,4.17,0.88,0.62
2022-02-20 14:00:00,00,5.46,1034.68,2.8,44.26,2.95,1.54,1.3
2022-02-20 15:00:00,00,6.45,1034.9,2.17,30.17,1.72,2.1,1.78
2022-02-20 16:00:00,00,7.66,1034.85,1.9,353.69,1.84,2.41,2.11
2022-02-20 17:00:00,00,8.55,1034.59,1.66,349.78,2.51,2.4,2.12
2022-02-20 18:00:00,00,8.97,1033.46,1.91,0.32,2.98,2.07,1.79
2022-02-20 19:00:00,00,8.97,1032.15,2.32,351.96,3.81,1.52,1.24
2022-02-20 20:00:00,00,8.86,1031.68,1.21,322.49,4.02,0.87,0.59
2022-02-20 21:00:00,00,8.35,1030.91,2.27,248.41,4.93,0.28,0.0
2022-02-20 22:00:00,00,7.65,1030.43,4.25,251.96,6.24,-0.09,-0.37
2022-02-20 23:00:00,00,6.85,1030.49,5.0,267.61,7.41,-0.15,-0.43
2022-02-20 06:00:00,06,5.05,1031.13,7.65,90.14,10.55,2.04,2.01
2022-02-20 07:00:00,06,4.78,1031.74,6.78,83.26,9.6,1.43,1.44
2022-02-20 08:00:00,06,4.66,1031.88,6.57,82.52,8.91,0.76,0.84
2022-02-20 09:00:00,06,4.35,1032.35,5.51,85.26,7.63,0.2,0.43
2022-02-20 10:00:00,06,4.17,1032.72,4.78,80.27,6.36,-0.1,-0.12
2022-02-20 11:00:00,06,4.16,1032.98,4.29,70.81,5.65,-0.13,-0.15
2022-02-20 12:00:00,06,4.22,1033.18,4.39,57.91,5.61,0.29,0.26
2022-02-20 13:00:00,06,4.69,1033.82,4.05,50.03,4.56,0.88,0.85
2022-02-20 14:00:00,06,5.45,1034.24,3.16,43.14,3.25,1.54,1.41
2022-02-20 15:00:00,06,6.45,1034.37,2.46,29.82,1.95,2.1,1.96
2022-02-20 16:00:00,06,7.55,1034.43,2.19,0.57,1.84,2.41,2.17
2022-02-20 17:00:00,06,8.46,1034.23,2.06,357.37,2.4,2.4,2.15
2022-02-20 18:00:00,06,8.86,1033.22,2.35,4.97,3.13,2.07,1.82
2022-02-20 19:00:00,06,8.85,1032.07,2.67,359.84,3.9,1.52,1.26
2022-02-20 20:00:00,06,8.69,1031.44,1.77,347.03,4.13,0.87,0.61
2022-02-20 21:00:00,06,8.25,1030.89,1.72,265.46,4.63,0.28,0.02
2022-02-20 22:00:00,06,7.43,1030.29,3.59,259.32,6.01,-0.09,-0.36
2022-02-20 23:00:00,06,6.75,1030.35,5.24,274.08,7.74,-0.15,-0.42
2022-02-21 00:00:00,06,6.31,1031.19,5.5,276.86,8.37,0.13,-0.14
2022-02-21 01:00:00,06,6.05,1031.56,5.38,274.5,8.82,0.69,0.33
2022-02-21 02:00:00,06,5.85,1031.64,5.07,270.05,9.31,1.39,1.03
2022-02-21 03:00:00,06,5.75,1031.46,5.03,266.39,9.82,2.05,1.58
2022-02-21 04:00:00,06,5.65,1031.02,5.34,261.14,10.92,2.5,2.03
2022-02-21 05:00:00,06,5.65,1030.53,5.3,258.68,11.64,2.63,2.06
2022-02-20 12:00:00,12,4.21,1033.08,4.55,56.27,5.83,0.29,0.1
2022-02-20 13:00:00,12,4.65,1033.78,4.32,49.67,4.89,0.88,0.57
2022-02-20 14:00:00,12,5.45,1034.23,3.6,45.92,3.81,1.54,1.18
2022-02-20 15:00:00,12,6.25,1034.45,3.02,37.85,2.7,2.1,1.73
2022-02-20 16:00:00,12,7.15,1034.57,2.5,15.43,1.76,2.41,1.95
2022-02-20 17:00:00,12,8.08,1034.43,2.31,6.69,2.14,2.44,1.94
2022-02-20 18:00:00,12,8.68,1033.44,2.52,7.76,2.95,2.07,1.58
2022-02-20 19:00:00,12,8.65,1032.13,3.07,4.25,3.91,1.52,1.05
2022-02-20 20:00:00,12,8.56,1031.33,2.8,358.09,4.34,0.87,0.42
2022-02-20 21:00:00,12,8.06,1030.65,1.65,307.29,4.8,0.28,-0.15
2022-02-20 22:00:00,12,7.36,1030.08,3.12,272.55,5.77,-0.09,-0.5
2022-02-20 23:00:00,12,6.51,1030.36,5.13,275.72,7.44,-0.15,-0.64
2022-02-21 00:00:00,12,6.23,1031.23,5.42,281.01,8.2,0.13,-0.34
2022-02-21 01:00:00,12,5.9,1031.55,5.02,274.38,8.66,0.69,0.24
2022-02-21 02:00:00,12,5.7,1031.5,4.73,274.4,8.46,1.39,0.86
2022-02-21 03:00:00,12,5.55,1031.45,4.65,269.26,9.3,2.05,1.53
2022-02-21 04:00:00,12,5.56,1031.14,4.78,262.43,9.98,2.5,1.9
2022-02-21 05:00:00,12,5.46,1030.52,4.7,261.42,10.21,2.63,2.05
2022-02-21 06:00:00,12,5.47,1030.35,4.57,256.55,10.31,2.43,1.75
2022-02-21 07:00:00,12,5.54,1030.22,4.27,251.16,9.92,1.95,1.28
2022-02-21 08:00:00,12,5.55,1029.54,4.08,248.07,9.57,1.32,0.65
2022-02-21 09:00:00,12,5.56,1029.4,3.76,243.81,9.0,0.68,0.01
2022-02-21 10:00:00,12,5.56,1029.67,3.32,238.53,7.81,0.18,-0.49
2022-02-21 11:00:00,12,5.46,1030.03,3.31,238.46,7.04,-0.05,-0.62
2022-02-20 18:00:00,18,8.97,1033.42,2.46,14.28,2.71,2.07,1.59
2022-02-20 19:00:00,18,8.95,1032.09,2.97,11.93,3.63,1.52,1.05
2022-02-20 20:00:00,18,8.75,1031.32,2.98,10.81,4.04,0.87,0.32
2022-02-20 21:00:00,18,8.25,1030.68,1.6,342.36,4.46,0.28,-0.29
2022-02-20 22:00:00,18,7.63,1029.96,2.03,285.3,4.83,-0.09,-0.78
2022-02-20 23:00:00,18,6.76,1030.09,3.78,274.86,6.27,-0.16,-0.88
2022-02-21 00:00:00,18,6.41,1030.88,4.74,275.33,7.3,0.13,-0.66
2022-02-21 01:00:00,18,6.2,1030.99,4.42,270.67,7.3,0.69,-0.07
2022-02-21 02:00:00,18,5.95,1031.07,4.07,265.53,6.96,1.39,0.66
2022-02-21 03:00:00,18,5.73,1031.13,4.04,261.44,7.03,2.05,1.24
2022-02-21 04:00:00,18,5.69,1030.75,4.01,258.52,7.72,2.5,1.72
2022-02-21 05:00:00,18,5.65,1030.29,4.16,257.15,8.6,2.63,1.78
2022-02-21 06:00:00,18,5.55,1030.11,4.34,252.03,9.61,2.43,1.61
2022-02-21 07:00:00,18,5.53,1030.12,4.26,245.18,9.81,1.95,1.16
2022-02-21 08:00:00,18,5.58,1029.58,4.12,243.96,9.52,1.32,0.46
2022-02-21 09:00:00,18,5.57,1029.3,3.8,242.62,8.62,0.68,-0.16
2022-02-21 10:00:00,18,5.47,1029.61,3.35,237.52,7.63,0.18,-0.62
2022-02-21 11:00:00,18,5.49,1030.05,3.23,234.15,6.81,-0.05,-0.83
2022-02-21 12:00:00,18,5.45,1030.26,3.03,230.29,6.32,0.04,-0.74
2022-02-21 13:00:00,18,6.28,1030.77,2.86,230.39,6.08,0.43,-0.35
2022-02-21 14:00:00,18,7.58,1031.22,3.01,228.03,5.16,1.02,0.24
2022-02-21 15:00:00,18,8.89,1031.02,3.02,234.81,4.81,1.63,0.85
2022-02-21 16:00:00,18,10.1,1030.6,3.13,238.65,5.02,2.1,1.32
2022-02-21 17:00:00,18,11.16,1029.92,3.13,234.74,5.02,2.31,1.53
2023-01-01 01:00:00,00,10.25,1012.4,5.56,233.82,12.0,0.58,1.13
2023-01-01 02:00:00,00,10.15,1012.69,5.54,213.57,11.8,0.14,0.71
2023-01-01 03:00:00,00,10.11,1012.79,5.53,196.79,10.31,-0.07,0.5
2023-01-01 04:00:00,00,9.99,1012.51,3.97,206.65,7.33,0.01,0.65
2023-01-01 05:00:00,00,9.75,1012.65,3.66,188.93,8.2,0.37,1.0
2023-01-01 06:00:00,00,9.43,1012.87,4.12,181.01,8.51,0.92,1.53
2023-01-01 07:00:00,00,9.2,1013.33,4.35,188.85,8.87,1.52,2.12
2023-01-01 08:00:00,00,8.92,1013.76,4.0,185.21,8.36,2.04,2.62
2023-01-01 09:00:00,00,8.61,1014.32,3.97,184.33,8.42,2.36,2.94
2023-01-01 10:00:00,00,8.51,1014.72,3.6,186.82,7.52,2.44,3.0
2023-01-01 11:00:00,00,8.18,1015.28,3.12,191.12,5.76,2.25,2.9
2023-01-01 12:00:00,00,7.98,1015.87,2.59,185.81,4.46,1.84,2.37
2023-01-01 13:00:00,00,8.08,1016.56,2.36,171.26,3.98,1.29,1.81
2023-01-01 14:00:00,00,8.59,1017.71,2.41,146.76,4.42,0.73,1.24
2023-01-01 15:00:00,00,9.28,1018.45,1.95,137.46,3.25,0.3,0.8
2023-01-01 16:00:00,00,10.15,1018.48,1.7,107.6,2.32,0.1,0.69
2023-01-01 17:00:00,00,10.78,1017.96,1.17,74.08,1.52,0.18,0.76
2023-01-01 18:00:00,00,11.25,1017.67,0.95,45.18,1.43,0.5,1.08
2023-01-01 19:00:00,00,11.35,1017.41,0.98,12.59,1.63,0.96,1.44
2023-01-01 20:00:00,00,10.95,1017.41,1.48,12.82,2.2,1.44,1.92
2023-01-01 21:00:00,00,10.27,1017.27,2.45,5.41,2.29,1.8,2.39
2023-01-01 22:00:00,00,9.21,1017.6,2.35,3.59,2.32,1.97,2.55
2023-01-01 23:00:00,00,8.87,1018.27,1.99,342.34,2.22,1.88,2.46
2023-01-01 06:00:00,06,9.33,1012.83,3.92,190.05,8.59,0.92,1.54
2023-01-01 07:00:00,06,9.13,1013.42,4.46,193.73,9.31,1.52,2.07
2023-01-01 08:00:00,06,8.82,1013.9,4.18,188.55,8.86,2.04,2.65
2023-01-01 09:00:00,06,8.59,1014.36,4.16,186.93,9.02,2.36,2.93
2023-01-01 10:00:00,06,8.43,1014.75,3.79,187.8,8.02,2.44,3.04
2023-01-01 11:00:00,06,8.17,1015.27,3.29,186.76,6.73,2.25,2.75
2023-01-01 12:00:00,06,7.96,1015.84,2.66,178.03,5.17,1.84,2.34
2023-01-01 13:00:00,06,7.99,1016.49,2.4,163.72,4.52,1.29,1.79
2023-01-01 14:00:00,06,8.66,1017.44,2.66,147.73,4.71,0.73,1.33
2023-01-01 15:00:00,06,9.35,1018.39,2.82,134.91,4.14,0.3,0.9
2023-01-01 16:00:00,06,10.06,1018.38,1.97,119.15,2.85,0.1,0.7
2023-01-01 17:00:00,06,10.77,1017.87,0.85,109.55,1.53,0.18,0.78
2023-01-01 18:00:00,06,11.33,1017.41,0.41,52.97,1.25,0.5,1.09
2023-01-01 19:00:00,06,11.67,1017.37,0.46,34.72,1.64,0.96,1.55
2023-01-01 20:00:00,06,11.47,1017.42,0.85,15.27,2.13,1.44,2.03
2023-01-01 21:00:00,06,10.42,1017.27,2.21,357.82,2.1,1.8,2.4
2023-01-01 22:00:00,06,9.35,1017.7,1.94,345.72,2.12,1.97,2.56
2023-01-01 23:00:00,06,8.87,1018.28,1.43,309.97,1.97,1.88,2.47
2023-01-02 00:00:00,06,8.67,1018.95,1.23,276.5,1.89,1.54,2.14
2023-01-02 01:00:00,06,8.43,1019.34,1.94,235.65,2.27,1.05,1.65
2023-01-02 02:00:00,06,8.31,1019.38,2.22,227.51,2.4,0.53,1.12
2023-01-02 03:00:00,06,8.16,1019.38,2.42,222.77,2.7,0.11,0.7
2023-01-02 04:00:00,06,8.14,1019.97,2.61,210.47,3.31,-0.06,0.53
2023-01-02 05:00:00,06,8.03,1020.16,2.77,209.23,3.9,0.05,0.64
2023-01-01 12:00:00,12,8.04,1015.58,2.79,184.11,5.63,1.84,2.41
2023-01-01 13:00:00,12,7.98,1016.07,2.51,174.71,5.02,1.29,1.82
2023-01-01 14:00:00,12,8.67,1016.97,2.85,163.5,5.15,0.73,1.27
2023-01-01 15:00:00,12,9.35,1017.87,3.17,156.82,4.73,0.3,0.86
2023-01-01 16:00:00,12,10.16,1017.8,2.56,154.76,3.57,0.1,0.7
2023-01-01 17:00:00,12,10.75,1017.45,2.03,163.59,2.93,0.18,0.78
2023-01-01 18:00:00,12,11.21,1016.9,1.47,169.06,2.61,0.5,1.09
2023-01-01 19:00:00,12,11.27,1016.82,1.25,152.88,2.61,0.96,1.55
2023-01-01 20:00:00,12,11.08,1016.87,0.87,154.2,2.33,1.44,2.03
2023-01-01 21:00:00,12,10.54,1016.74,0.53,328.69,1.52,1.8,2.4
2023-01-01 22:00:00,12,9.6,1017.1,1.21,298.8,1.82,1.97,2.66
2023-01-01 23:00:00,12,9.22,1017.91,0.99,236.13,1.68,1.88,2.57
2023-01-02 00:00:00,12,8.88,1018.77,1.86,200.24,2.14,1.54,2.14
2023-01-02 01:00:00,12,8.66,1019.33,2.45,198.77,2.8,1.05,1.65
2023-01-02 02:00:00,12,8.5,1019.57,2.64,203.81,3.38,0.53,1.12
2023-01-02 03:00:00,12,8.33,1019.58,2.4,200.53,2.8,0.11,0.71
2023-01-02 04:00:00,12,8.26,1019.96,2.6,205.04,3.39,-0.06,0.53
2023-01-02 05:00:00,12,8.08,1020.07,2.53,198.08,3.44,0.05,0.64
2023-01-02 06:00:00,12,7.97,1020.3,2.76,183.39,4.29,0.44,1.03
2023-01-02 07:00:00,12,7.87,1020.46,2.7,193.67,4.01,1.0,1.59
2023-01-02 08:00:00,12,7.66,1020.9,2.42,178.28,3.57,1.6,2.19
2023-01-02 09:00:00,12,7.66,1020.99,2.41,170.99,3.03,2.11,2.7
2023-01-02 10:00:00,12,7.5,1021.37,2.14,157.88,2.21,2.42,3.01
2023-01-02 11:00:00,12,7.49,1022.0,1.94,173.21,1.95,2.48,3.07
2023-01-01 18:00:00,18,11.26,1016.84,1.24,192.15,2.41,0.5,1.03
2023-01-01 19:00:00,18,11.31,1016.67,0.94,179.01,2.31,0.96,1.43
2023-01-01 20:00:00,18,11.18,1016.73,0.63,187.57,2.21,1.44,1.84
2023-01-01 21:00:00,18,10.61,1016.58,0.98,312.84,2.07,1.8,2.25
2023-01-01 22:00:00,18,9.68,1016.98,1.48,311.55,2.2,1.97,2.38
2023-01-01 23:00:00,18,9.26,1017.83,1.36,261.11,2.21,1.88,2.3
2023-01-02 00:00:00,18,8.84,1018.61,2.08,219.97,3.22,1.54,1.99
2023-01-02 01:00:00,18,8.53,1019.17,2.75,208.99,4.44,1.05,1.51
2023-01-02 02:00:00,18,8.46,1019.49,2.94,201.89,5.1,0.53,1.0
2023-01-02 03:00:00,18,8.24,1019.55,2.63,197.68,4.44,0.11,0.6
2023-01-02 04:00:00,18,8.08,1019.93,2.67,195.35,4.16,-0.06,0.34
2023-01-02 05:00:00,18,8.06,1019.94,2.66,194.0,4.02,0.05,0.47
2023-01-02 06:00:00,18,7.86,1020.14,2.76,183.23,4.68,0.44,0.87
2023-01-02 07:00:00,18,7.81,1020.48,2.9,187.02,5.07,1.0,1.44
2023-01-02 08:00:00,18,7.66,1020.94,2.63,173.25,4.64,1.6,2.06
2023-01-02 09:00:00,18,7.55,1021.19,2.52,160.46,4.32,2.11,2.58
2023-01-02 10:00:00,18,7.56,1021.54,2.24,148.03,2.86,2.42,2.91
2023-01-02 11:00:00,18,7.46,1021.88,1.98,178.59,2.0,2.48,2.96
2023-01-02 12:00:00,18,7.36,1022.55,1.78,173.2,1.73,2.26,2.75
2023-01-02 13:00:00,18,7.45,1022.84,1.02,166.49,1.04,1.83,2.31
2023-01-02 14:00:00,18,8.3,1023.35,0.8,192.56,0.98,1.26,1.75
2023-01-02 15:00:00,18,9.34,1023.52,0.73,244.83,1.16,0.69,1.18
2023-01-02 16:00:00,18,10.37,1023.63,0.86,218.6,1.55,0.26,0.75
2023-01-02 17:00:00,18,11.09,1023.07,0.93,223.21,2.12,0.08,0.56
2023-01-02 01:00:00,00,8.56,1019.11,2.64,225.28,3.63,1.05,1.36
2023-01-02 02:00:00,00,8.36,1019.42,2.85,216.74,4.43,0.53,0.8
2023-01-02 03:00:00,00,8.27,1019.5,2.62,211.37,3.75,0.11,0.41
2023-01-02 04:00:00,00,8.15,1019.73,2.69,211.33,3.84,-0.06,0.27
2023-01-02 05:00:00,00,7.97,1019.7,2.75,206.75,3.81,0.05,0.39
2023-01-02 06:00:00,00,7.87,1019.79,2.79,191.18,4.12,0.44,0.78
2023-01-02 07:00:00,00,7.77,1020.08,3.0,192.53,5.04,1.0,1.34
2023-01-02 08:00:00,00,7.67,1020.55,2.69,179.76,4.7,1.6,1.94
2023-01-02 09:00:00,00,7.67,1020.72,2.6,169.13,3.99,2.11,2.46
2023-01-02 10:00:00,00,7.6,1020.98,2.42,158.52,2.82,2.42,2.77
2023-01-02 11:00:00,00,7.4,1021.54,2.07,178.12,2.2,2.48,2.83
2023-01-02 12:00:00,00,7.39,1022.03,2.21,197.02,2.11,2.26,2.62
2023-01-02 13:00:00,00,7.68,1022.32,1.83,203.29,1.68,1.83,2.19
2023-01-02 14:00:00,00,8.46,1022.86,1.65,216.16,2.22,1.26,1.63
2023-01-02 15:00:00,00,9.56,1023.12,1.56,219.98,2.29,0.69,1.06
2023-01-02 16:00:00,00,10.36,1023.1,1.59,209.83,2.53,0.26,0.64
2023-01-02 17:00:00,00,11.09,1022.53,1.57,206.07,2.88,0.08,0.45
2023-01-02 18:00:00,00,11.53,1022.14,1.97,190.01,3.43,0.17,0.55
2023-01-02 19:00:00,00,11.56,1021.6,2.15,203.16,3.61,0.51,0.88
2023-01-02 20:00:00,00,11.25,1021.31,2.09,224.01,3.62,0.97,1.35
2023-01-02 21:00:00,00,10.76,1021.27,2.25,242.81,4.01,1.45,1.82
2023-01-02 22:00:00,00,9.93,1021.32,2.3,245.18,3.6,1.8,2.18
2023-01-02 23:00:00,00,9.63,1021.82,2.41,244.36,3.99,1.94,2.31
2023-01-02 06:00:00,06,7.87,1019.57,2.79,202.97,4.17,0.44,0.76
2023-01-02 07:00:00,06,7.86,1019.77,3.11,203.97,5.28,1.0,1.32
2023-01-02 08:00:00,06,7.72,1020.12,2.79,194.9,5.11,1.6,1.88
2023-01-02 09:00:00,06,7.66,1020.22,2.65,187.42,4.82,2.11,2.35
2023-01-02 10:00:00,06,7.71,1020.52,2.59,178.42,3.83,2.42,2.66
2023-01-02 11:00:00,06,7.51,1021.1,2.5,190.87,3.14,2.48,2.72
2023-01-02 12:00:00,06,7.46,1021.62,2.6,198.62,2.99,2.26,2.51
2023-01-02 13:00:00,06,7.66,1021.86,2.45,199.52,2.81,1.83,2.08
2023-01-02 14:00:00,06,8.55,1022.3,2.25,196.48,3.18,1.26,1.51
2023-01-02 15:00:00,06,9.58,1022.56,2.09,188.19,2.75,0.69,0.94
2023-01-02 16:00:00,06,10.46,1022.67,2.03,174.73,2.99,0.26,0.52
2023-01-02 17:00:00,06,11.26,1022.08,1.69,185.7,2.85,0.08,0.34
2023-01-02 18:00:00,06,11.62,1021.68,1.89,178.48,3.44,0.17,0.43
2023-01-02 19:00:00,06,11.75,1021.2,1.93,197.61,3.47,0.51,0.77
2023-01-02 20:00:00,06,11.35,1020.89,2.25,221.02,3.63,0.97,1.24
2023-01-02 21:00:00,06,10.81,1021.05,2.16,226.41,3.51,1.45,1.72
2023-01-02 22:00:00,06,10.06,1021.22,2.12,242.67,2.84,1.8,2.07
2023-01-02 23:00:00,06,9.76,1021.6,2.44,253.96,3.82,1.94,2.31
2023-01-03 00:00:00,06,9.53,1022.08,2.51,246.02,3.95,1.82,2.09
2023-01-03 01:00:00,06,9.28,1022.43,2.59,236.22,4.33,1.47,1.74
2023-01-03 02:00:00,06,9.02,1022.71,2.77,234.61,4.95,0.96,1.23
2023-01-03 03:00:00,06,8.83,1022.41,2.85,245.22,5.1,0.45,0.72
2023-01-03 04:00:00,06,8.62,1022.24,2.8,246.72,5.12,0.06,0.33
2023-01-03 05:00:00,06,8.44,1021.75,3.11,256.44,5.6,-0.07,0.2
2023-01-02 12:00:00,12,7.46,1021.61,2.63,202.34,2.97,2.26,2.45
2023-01-02 13:00:00,12,7.56,1021.82,2.47,208.02,2.9,1.83,2.06
2023-01-02 14:00:00,12,8.46,1022.2,2.36,207.18,3.24,1.26,1.55
2023-01-02 15:00:00,12,9.45,1022.39,2.25,201.06,2.95,0.69,1.0
2023-01-02 16:00:00,12,10.42,1022.47,2.21,188.0,3.12,0.26,0.58
2023-01-02 17:00:00,12,11.15,1021.81,2.05,200.24,3.14,0.08,0.39
2023-01-02 18:00:00,12,11.57,1021.31,2.34,191.53,3.72,0.17,0.48
2023-01-02 19:00:00,12,11.65,1020.82,2.67,201.85,4.11,0.51,0.81
2023-01-02 20:00:00,12,11.17,1020.55,2.76,214.29,4.06,0.97,1.27
2023-01-02 21:00:00,12,10.72,1020.66,2.62,223.32,3.93,1.45,1.75
2023-01-02 22:00:00,12,9.95,1020.82,2.58,236.18,3.5,1.8,2.1
2023-01-02 23:00:00,12,9.59,1021.17,2.8,246.2,4.16,1.94,2.23
2023-01-03 00:00:00,12,9.37,1021.73,2.84,239.41,4.51,1.82,2.11
2023-01-03 01:00:00,12,9.13,1022.18,2.74,231.36,4.69,1.47,1.75
2023-01-03 02:00:00,12,8.89,1022.35,3.01,234.25,5.29,0.96,1.24
2023-01-03 03:00:00,12,8.8,1022.05,3.2,246.75,6.02,0.45,0.72
2023-01-03 04:00:00,12,8.59,1021.83,3.13,248.97,6.07,0.06,0.23
2023-01-03 05:00:00,12,8.41,1021.25,3.28,257.41,6.32,-0.07,0.1
2023-01-03 06:00:00,12,8.31,1020.75,3.23,254.77,6.4,0.09,0.26
2023-01-03 07:00:00,12,8.26,1020.7,3.39,253.94,7.14,0.52,0.69
2023-01-03 08:00:00,12,8.18,1021.21,3.6,243.28,7.82,1.1,1.27
2023-01-03 09:00:00,12,8.15,1020.98,3.75,247.92,8.15,1.71,1.98
2023-01-03 10:00:00,12,8.03,1020.69,3.66,246.31,8.05,2.2,2.47
2023-01-03 11:00:00,12,8.0,1020.81,3.71,248.86,8.26,2.48,2.75
2023-01-02 18:00:00,18,11.55,1021.56,1.45,185.03,2.8,0.17,0.49
2023-01-02 19:00:00,18,11.61,1021.07,1.4,204.23,2.82,0.51,0.74
2023-01-02 20:00:00,18,11.21,1020.79,1.42,227.29,2.61,0.97,1.19
2023-01-02 21:00:00,18,10.72,1020.89,1.41,243.7,2.72,1.45,1.65
2023-01-02 22:00:00,18,9.95,1020.96,1.8,255.71,2.92,1.8,2.0
2023-01-02 23:00:00,18,9.65,1021.22,2.44,255.41,4.0,1.94,2.14
2023-01-03 00:00:00,18,9.36,1021.65,2.69,241.81,4.48,1.82,2.03
2023-01-03 01:00:00,18,9.1,1022.07,2.84,234.89,4.89,1.47,1.68
2023-01-03 02:00:00,18,8.92,1022.12,3.19,236.4,5.91,0.96,1.19
2023-01-03 03:00:00,18,8.76,1021.89,3.22,242.91,6.25,0.45,0.68
2023-01-03 04:00:00,18,8.5,1021.64,3.21,245.54,6.66,0.06,0.2
2023-01-03 05:00:00,18,8.45,1020.98,3.6,254.34,6.93,-0.07,0.07
2023-01-03 06:00:00,18,8.31,1020.55,3.41,247.43,7.12,0.09,0.24
2023-01-03 07:00:00,18,8.29,1020.71,3.58,248.84,7.59,0.52,0.67
2023-01-03 08:00:00,18,8.34,1021.07,3.78,241.99,8.41,1.1,1.26
2023-01-03 09:00:00,18,8.3,1020.75,3.81,244.36,8.53,1.71,1.87
2023-01-03 10:00:00,18,8.29,1020.46,3.81,243.79,8.46,2.2,2.47
2023-01-03 11:00:00,18,8.17,1020.69,3.76,240.48,8.55,2.48,2.65
2023-01-03 12:00:00,18,8.25,1020.42,4.2,252.04,9.41,2.5,2.67
2023-01-03 13:00:00,18,8.35,1020.04,4.38,252.11,9.93,2.24,2.41
2023-01-03 14:00:00,18,9.07,1019.9,4.55,251.24,10.35,1.76,1.93
2023-01-03 15:00:00,18,9.96,1020.18,4.74,243.74,10.18,1.17,1.34
2023-01-03 16:00:00,18,10.64,1019.73,5.11,241.32,10.34,0.59,0.77
2023-01-03 17:00:00,18,11.13,1018.68,5.38,241.82,10.55,0.19,0.36
2023-01-03 01:00:00,00,9.21,1021.77,2.78,241.18,4.53,1.47,1.74
2023-01-03 02:00:00,00,8.99,1021.75,3.1,242.57,5.72,0.96,1.2
2023-01-03 03:00:00,00,8.73,1021.47,3.1,249.92,6.1,0.45,0.71
2023-01-03 04:00:00,00,8.65,1021.24,3.12,249.77,6.54,0.06,0.31
2023-01-03 05:00:00,00,8.48,1020.7,3.53,254.09,7.06,-0.07,0.17
2023-01-03 06:00:00,00,8.46,1020.24,3.57,246.1,7.23,0.09,0.33
2023-01-03 07:00:00,00,8.4,1020.5,3.63,244.24,7.97,0.52,0.75
2023-01-03 08:00:00,00,8.38,1020.77,3.83,240.65,8.44,1.1,1.32
2023-01-03 09:00:00,00,8.39,1020.43,3.82,241.49,8.53,1.71,1.92
2023-01-03 10:00:00,00,8.39,1020.06,3.87,243.94,8.64,2.2,2.41
2023-01-03 11:00:00,00,8.34,1020.22,3.82,239.73,8.65,2.48,2.69
2023-01-03 12:00:00,00,8.39,1020.03,4.37,250.2,9.77,2.5,2.7
2023-01-03 13:00:00,00,8.58,1019.49,4.44,253.02,10.04,2.24,2.43
2023-01-03 14:00:00,00,9.35,1019.7,4.13,250.44,10.05,1.76,1.95
2023-01-03 15:00:00,00,10.07,1019.87,4.55,244.28,10.08,1.17,1.35
2023-01-03 16:00:00,00,11.03,1019.19,5.1,243.2,10.13,0.59,0.77
2023-01-03 17:00:00,00,11.4,1018.14,5.39,240.84,10.45,0.19,0.26
2023-01-03 18:00:00,00,11.44,1017.35,5.8,239.08,11.7,0.04,0.12
2023-01-03 19:00:00,00,11.25,1016.34,6.12,243.9,12.33,0.18,0.26
2023-01-03 20:00:00,00,11.15,1016.16,6.11,239.52,12.27,0.56,0.63
2023-01-03 21:00:00,00,10.98,1015.86,6.47,240.16,12.76,1.05,1.12
2023-01-03 22:00:00,00,10.47,1015.76,6.09,244.61,12.63,1.52,1.59
2023-01-03 23:00:00,00,10.32,1015.98,5.83,246.64,13.04,1.84,1.92
2023-01-03 06:00:00,06,8.44,1020.3,3.55,243.49,7.3,0.09,0.39
2023-01-03 07:00:00,06,8.33,1020.54,3.61,240.6,8.04,0.52,0.83
2023-01-03 08:00:00,06,8.25,1020.86,3.9,236.24,8.49,1.1,1.41
2023-01-03 09:00:00,06,8.25,1020.47,3.83,237.22,8.42,1.71,1.95
2023-01-03 10:00:00,06,8.22,1020.23,3.85,239.07,8.56,2.2,2.45
2023-01-03 11:00:00,06,8.21,1020.32,3.86,238.91,8.53,2.48,2.73
2023-01-03 12:00:00,06,8.24,1020.09,4.29,249.12,9.35,2.5,2.74
2023-01-03 13:00:00,06,8.5,1019.7,4.3,251.44,9.72,2.24,2.47
2023-01-03 14:00:00,06,9.17,1019.74,4.41,250.3,10.32,1.76,1.99
2023-01-03 15:00:00,06,9.98,1020.19,4.69,236.45,10.28,1.17,1.39
2023-01-03 16:00:00,06,10.71,1019.49,5.19,240.15,10.43,0.59,0.71
2023-01-03 17:00:00,06,11.18,1018.32,5.13,241.25,10.37,0.19,0.3
2023-01-03 18:00:00,06,11.15,1017.26,5.59,245.44,11.14,0.04,0.14
2023-01-03 19:00:00,06,11.05,1016.56,5.54,239.55,11.71,0.18,0.28
2023-01-03 20:00:00,06,11.27,1016.24,5.55,235.66,11.45,0.56,0.65
2023-01-03 21:00:00,06,10.93,1016.1,5.59,238.72,11.54,1.05,1.13
2023-01-03 22:00:00,06,10.48,1015.87,5.67,244.21,12.14,1.52,1.6
2023-01-03 23:00:00,06,10.28,1015.72,5.75,250.18,13.12,1.84,1.93
2023-01-04 00:00:00,06,10.35,1015.82,6.36,246.31,14.03,1.94,2.02
2023-01-04 01:00:00,06,10.2,1015.78,6.19,240.67,13.56,1.77,1.75
2023-01-04 02:00:00,06,10.17,1016.16,5.77,233.2,13.14,1.37,1.35
2023-01-04 03:00:00,06,9.98,1016.23,5.86,239.09,13.42,0.85,0.83
2023-01-04 04:00:00,06,10.07,1015.73,6.15,239.86,13.66,0.34,0.22
2023-01-04 05:00:00,06,10.12,1015.7,5.83,232.9,13.06,-0.01,-0.12
2023-01-03 12:00:00,12,8.21,1020.03,4.39,248.12,9.41,2.5,2.69
2023-01-03 13:00:00,12,8.44,1019.63,4.49,248.85,10.07,2.24,2.5
2023-01-03 14:00:00,12,9.11,1019.69,4.49,247.08,10.32,1.76,2.09
2023-01-03 15:00:00,12,10.02,1020.24,4.7,232.54,10.15,1.17,1.51
2023-01-03 16:00:00,12,10.76,1019.52,5.01,237.41,9.83,0.59,0.99
2023-01-03 17:00:00,12,11.21,1018.43,5.04,239.09,9.58,0.19,0.56
2023-01-03 18:00:00,12,11.01,1017.55,5.15,243.81,10.55,0.04,0.3
2023-01-03 19:00:00,12,11.18,1016.99,4.94,235.07,10.34,0.18,0.42
2023-01-03 20:00:00,12,11.3,1016.34,5.17,238.56,10.7,0.56,0.78
2023-01-03 21:00:00,12,10.91,1016.1,5.4,244.02,11.17,1.05,1.25
2023-01-03 22:00:00,12,10.44,1015.87,5.46,247.49,11.92,1.52,1.71
2023-01-03 23:00:00,12,10.26,1015.85,5.82,248.66,12.9,1.84,2.02
2023-01-04 00:00:00,12,10.2,1016.0,5.98,246.5,13.53,1.94,2.09
2023-01-04 01:00:00,12,10.22,1015.88,6.25,250.63,14.14,1.77,1.91
2023-01-04 02:00:00,12,10.2,1016.06,5.89,242.24,13.64,1.37,1.49
2023-01-04 03:00:00,12,10.17,1016.1,5.79,239.88,13.53,0.85,0.85
2023-01-04 04:00:00,12,10.15,1015.43,6.45,244.67,14.52,0.34,0.32
2023-01-04 05:00:00,12,10.13,1015.04,6.39,242.56,14.26,-0.01,-0.02
2023-01-04 06:00:00,12,9.97,1015.03,5.91,240.87,13.62,-0.08,-0.2
2023-01-04 07:00:00,12,10.1,1015.11,5.84,235.16,12.85,0.14,0.03
2023-01-04 08:00:00,12,10.08,1015.29,6.16,236.31,13.38,0.62,0.41
2023-01-04 09:00:00,12,10.15,1014.84,7.82,239.75,15.36,1.24,1.02
2023-01-04 10:00:00,12,10.14,1014.52,8.41,232.03,17.02,1.84,1.63
2023-01-04 11:00:00,12,10.17,1014.67,7.03,232.79,13.9,2.31,2.1
2023-01-03 18:00:00,18,11.23,1017.5,5.16,243.11,10.63,0.04,0.4
2023-01-03 19:00:00,18,11.44,1016.86,4.96,233.88,10.53,0.18,0.48
2023-01-03 20:00:00,18,11.46,1016.18,5.06,237.4,10.59,0.56,0.83
2023-01-03 21:00:00,18,11.17,1015.89,5.44,244.26,11.21,1.05,1.34
2023-01-03 22:00:00,18,10.77,1015.8,5.5,246.45,11.92,1.52,1.81
2023-01-03 23:00:00,18,10.58,1015.81,5.89,249.09,13.02,1.84,2.13
2023-01-04 00:00:00,18,10.43,1015.96,6.32,247.86,14.13,1.94,2.21
2023-01-04 01:00:00,18,10.45,1015.92,6.51,251.44,14.34,1.77,1.94
2023-01-04 02:00:00,18,10.3,1015.95,6.12,244.35,14.07,1.37,1.53
2023-01-04 03:00:00,18,10.37,1015.73,6.21,243.03,14.17,0.85,1.0
2023-01-04 04:00:00,18,10.38,1015.24,6.8,243.96,14.79,0.34,0.48
2023-01-04 05:00:00,18,10.45,1014.98,6.41,237.61,14.11,-0.01,0.02
2023-01-04 06:00:00,18,10.31,1015.03,6.32,238.77,14.06,-0.08,-0.06
2023-01-04 07:00:00,18,10.27,1014.73,6.23,241.12,13.3,0.14,0.16
2023-01-04 08:00:00,18,10.32,1014.58,7.7,241.05,15.72,0.62,0.53
2023-01-04 09:00:00,18,10.28,1014.97,10.66,232.8,17.73,1.24,1.03
2023-01-04 10:00:00,18,10.17,1014.82,8.42,248.95,15.81,1.84,1.63
2023-01-04 11:00:00,18,10.22,1014.67,6.18,250.7,13.06,2.31,2.0
2023-01-04 12:00:00,18,10.31,1015.11,5.35,238.3,12.41,2.54,2.33
2023-01-04 13:00:00,18,10.39,1015.08,5.2,234.82,11.4,2.49,2.28
2023-01-04 14:00:00,18,10.74,1015.2,5.54,241.1,11.68,2.17,2.06
2023-01-04 15:00:00,18,11.05,1015.47,5.17,238.95,11.11,1.64,1.63
2023-01-04 16:00:00,18,11.2,1014.97,5.34,235.39,10.97,1.02,1.01
2023-01-04 17:00:00,18,11.75,1014.03,5.7,233.31,11.26,0.46,0.45
2023-01-04 01:00:00,00,10.47,1015.64,6.5,255.12,14.45,1.77,2.01
2023-01-04 02:00:00,00,10.37,1015.55,6.33,248.62,14.45,1.37,1.54
2023-01-04 03:00:00,00,10.41,1015.12,6.68,247.31,15.03,0.85,1.06
2023-01-04 04:00:00,00,10.53,1014.81,7.33,240.53,15.28,0.34,0.47
2023-01-04 05:00:00,00,10.61,1014.72,7.18,235.56,15.2,-0.01,0.12
2023-01-04 06:00:00,00,10.42,1014.34,7.44,239.05,15.04,-0.08,-0.06
2023-01-04 07:00:00,00,10.4,1014.08,7.57,240.56,15.35,0.14,0.17
2023-01-04 08:00:00,00,10.36,1014.84,6.63,232.99,14.34,0.62,0.54
2023-01-04 09:00:00,00,10.4,1015.01,6.54,236.19,13.89,1.24,1.15
2023-01-04 10:00:00,00,10.29,1014.82,5.54,232.47,12.25,1.84,1.76
2023-01-04 11:00:00,00,10.35,1014.75,4.99,234.98,11.46,2.31,2.32
2023-01-04 12:00:00,00,10.33,1015.17,4.17,218.98,10.51,2.54,2.65
2023-01-04 13:00:00,00,10.42,1015.07,3.74,214.97,9.97,2.49,2.6
2023-01-04 14:00:00,00,10.55,1014.94,3.91,231.96,10.28,2.17,2.27
2023-01-04 15:00:00,00,11.35,1015.26,5.28,233.45,11.18,1.64,1.74
2023-01-04 16:00:00,00,11.48,1014.95,5.9,231.74,11.95,1.02,1.12
2023-01-04 17:00:00,00,12.48,1013.73,5.93,231.98,11.31,0.46,0.56
2023-01-04 18:00:00,00,12.59,1012.88,6.29,235.8,11.97,0.1,0.19
2023-01-04 19:00:00,00,12.69,1012.31,6.2,234.87,12.52,0.02,0.12
2023-01-04 20:00:00,00,12.59,1012.43,6.14,230.88,12.94,0.23,0.33
2023-01-04 21:00:00,00,12.1,1012.2,6.23,227.72,12.32,0.66,0.75
2023-01-04 22:00:00,00,11.62,1012.19,6.78,221.78,13.13,1.17,1.37
2023-01-04 23:00:00,00,11.28,1012.6,7.79,241.31,14.42,1.63,1.83
2023-01-04 06:00:00,06,10.52,1013.89,7.58,238.88,15.45,-0.08,0.09
2023-01-04 07:00:00,06,10.47,1013.55,7.57,239.41,15.59,0.14,0.22
2023-01-04 08:00:00,06,10.56,1014.62,6.54,227.79,14.5,0.62,0.67
2023-01-04 09:00:00,06,10.44,1014.75,5.62,230.34,12.55,1.24,1.35
2023-01-04 10:00:00,06,10.35,1014.6,4.26,226.14,10.11,1.84,2.06
2023-01-04 11:00:00,06,10.15,1014.92,3.96,231.49,9.34,2.31,2.61
2023-01-04 12:00:00,06,10.05,1015.17,3.91,238.1,9.92,2.54,2.82
2023-01-04 13:00:00,06,10.25,1015.22,4.03,239.77,9.91,2.49,2.76
2023-01-04 14:00:00,06,10.47,1015.23,4.43,247.07,9.95,2.17,2.42
2023-01-04 15:00:00,06,11.17,1015.9,4.8,244.37,11.03,1.64,1.87
2023-01-04 16:00:00,06,11.93,1015.28,5.08,240.99,10.73,1.02,1.23
2023-01-04 17:00:00,06,12.6,1014.1,5.19,235.18,10.66,0.46,0.65
2023-01-04 18:00:00,06,12.83,1012.84,5.71,235.26,11.22,0.1,0.27
2023-01-04 19:00:00,06,12.79,1012.53,5.99,237.41,12.12,0.02,0.18
2023-01-04 20:00:00,06,12.55,1012.2,5.99,235.8,12.44,0.23,0.37
2023-01-04 21:00:00,06,12.17,1011.63,5.85,239.67,10.74,0.66,0.88
2023-01-04 22:00:00,06,11.89,1012.17,6.16,223.52,12.32,1.17,1.38
2023-01-04 23:00:00,06,11.55,1013.16,7.83,219.11,14.11,1.63,1.84
2023-01-05 00:00:00,06,11.44,1011.47,5.99,258.35,12.66,1.91,2.12
2023-01-05 01:00:00,06,10.98,1012.16,7.97,239.28,14.72,1.94,2.05
2023-01-05 02:00:00,06,10.99,1012.41,5.85,235.22,13.22,1.7,1.81
2023-01-05 03:00:00,06,10.81,1012.51,5.65,242.91,11.1,1.25,1.36
2023-01-05 04:00:00,06,10.57,1012.91,4.9,240.85,10.24,0.7,0.81
2023-01-05 05:00:00,06,10.5,1013.64,5.17,245.59,9.92,0.21,0.32
2023-01-04 12:00:00,12,10.05,1014.96,3.96,241.01,9.96,2.54,2.77
2023-01-04 13:00:00,12,10.24,1014.86,4.25,242.98,9.9,2.49,2.62
2023-01-04 14:00:00,12,10.63,1014.96,4.78,244.52,10.13,2.17,2.42
2023-01-04 15:00:00,12,11.02,1015.73,5.35,239.1,11.17,1.64,1.9
2023-01-04 16:00:00,12,11.52,1015.14,5.19,241.87,10.8,1.02,1.27
2023-01-04 17:00:00,12,11.59,1014.49,5.08,230.21,10.78,0.46,0.7
2023-01-04 18:00:00,12,11.82,1013.41,4.97,228.44,10.64,0.1,0.32
2023-01-04 19:00:00,12,12.5,1012.79,4.78,227.53,11.03,0.02,0.23
2023-01-04 20:00:00,12,12.26,1012.39,4.88,231.5,11.42,0.23,0.43
2023-01-04 21:00:00,12,12.05,1012.25,5.7,239.15,11.22,0.66,0.95
2023-01-04 22:00:00,12,11.75,1011.23,6.48,249.84,12.44,1.17,1.45
2023-01-04 23:00:00,12,11.47,1011.9,8.24,243.82,14.91,1.63,2.0
2023-01-05 00:00:00,12,11.45,1012.47,7.75,238.41,14.44,1.91,2.17
2023-01-05 01:00:00,12,11.37,1012.85,7.03,236.68,13.8,1.94,2.19
2023-01-05 02:00:00,12,11.25,1012.67,6.88,232.64,12.64,1.7,1.84
2023-01-05 03:00:00,12,11.05,1012.98,6.24,236.95,12.51,1.25,1.37
2023-01-05 04:00:00,12,10.8,1013.36,5.96,234.4,12.22,0.7,0.82
2023-01-05 05:00:00,12,10.68,1013.3,5.25,229.61,11.56,0.21,0.32
2023-01-05 06:00:00,12,10.67,1013.39,4.83,233.5,10.34,-0.08,0.03
2023-01-05 07:00:00,12,10.55,1013.37,4.57,239.3,9.2,-0.08,0.04
2023-01-05 08:00:00,12,10.17,1013.66,4.41,217.14,8.82,0.23,0.44
2023-01-05 09:00:00,12,9.97,1013.84,4.15,193.2,7.98,0.77,0.98
2023-01-05 10:00:00,12,10.05,1014.18,3.64,175.65,6.28,1.41,1.72
2023-01-05 11:00:00,12,9.65,1014.24,2.78,156.02,4.38,2.0,2.31
2023-01-04 18:00:00,18,12.06,1013.36,4.69,229.18,9.87,0.1,0.33
2023-01-04 19:00:00,18,12.55,1012.57,4.51,231.39,10.25,0.02,0.27
2023-01-04 20:00:00,18,12.26,1012.38,4.12,231.91,10.35,0.23,0.45
2023-01-04 21:00:00,18,11.98,1011.89,5.02,245.31,10.54,0.66,0.91
2023-01-04 22:00:00,18,11.85,1011.58,6.16,245.68,12.24,1.17,1.47
2023-01-04 23:00:00,18,11.77,1011.83,6.29,230.59,13.12,1.63,2.02
2023-01-05 00:00:00,18,11.77,1012.47,6.63,223.42,13.45,1.91,2.29
2023-01-05 01:00:00,18,11.47,1012.76,5.97,225.31,12.6,1.94,2.21
2023-01-05 02:00:00,18,11.49,1012.98,6.64,227.01,13.0,1.7,1.97
2023-01-05 03:00:00,18,11.35,1013.23,6.96,224.07,13.8,1.25,1.51
2023-01-05 04:00:00,18,11.28,1013.45,6.26,219.02,12.38,0.7,0.96
2023-01-05 05:00:00,18,11.37,1013.29,5.13,212.54,11.05,0.21,0.36
2023-01-05 06:00:00,18,10.89,1013.26,4.97,218.07,10.41,-0.08,0.16
2023-01-05 07:00:00,18,10.72,1013.73,4.26,211.97,8.31,-0.08,0.15
2023-01-05 08:00:00,18,10.87,1014.48,3.79,211.34,7.56,0.23,0.55
2023-01-05 09:00:00,18,10.45,1014.38,3.09,201.03,6.13,0.77,1.18
2023-01-05 10:00:00,18,10.15,1014.78,2.7,188.21,4.88,1.41,1.72
2023-01-05 11:00:00,18,9.9,1015.16,2.47,160.34,4.09,2.0,2.31
2023-01-05 12:00:00,18,9.75,1015.19,2.13,134.55,2.9,2.42,2.83
2023-01-05 13:00:00,18,9.74,1015.39,1.75,93.04,3.02,2.58,2.99
2023-01-05 14:00:00,18,10.15,1016.33,1.74,87.55,2.8,2.44,2.95
2023-01-05 15:00:00,18,10.71,1016.14,1.88,87.87,2.37,2.04,2.55
2023-01-05 16:00:00,18,11.13,1015.53,2.11,105.79,2.15,1.46,1.97
2023-01-05 17:00:00,18,11.37,1014.98,2.12,108.09,2.45,0.83,1.34
2023-01-05 01:00:00,00,11.39,1012.54,6.2,227.54,12.98,1.94,2.14
2023-01-05 02:00:00,00,11.25,1012.65,6.64,228.85,13.24,1.7,1.78
2023-01-05 03:00:00,00,11.15,1012.91,6.85,224.51,13.82,1.25,1.42
2023-01-05 04:00:00,00,10.93,1013.14,6.01,218.4,12.5,0.7,0.87
2023-01-05 05:00:00,00,11.17,1012.97,5.09,214.55,11.21,0.21,0.37
2023-01-05 06:00:00,00,11.0,1012.91,4.7,215.28,10.42,-0.08,0.08
2023-01-05 07:00:00,00,10.95,1013.43,4.39,210.65,8.74,-0.08,0.18
2023-01-05 08:00:00,00,10.85,1013.89,3.73,206.03,7.33,0.23,0.48
2023-01-05 09:00:00,00,10.67,1014.11,3.02,198.2,5.64,0.77,1.11
2023-01-05 10:00:00,00,10.07,1014.52,2.88,191.24,5.72,1.41,1.75
2023-01-05 11:00:00,00,9.89,1014.74,3.04,165.15,5.53,2.0,2.33
2023-01-05 12:00:00,00,9.61,1015.08,2.31,166.19,3.05,2.42,2.75
2023-01-05 13:00:00,00,9.77,1015.53,2.24,163.13,3.65,2.58,3.0
2023-01-05 14:00:00,00,10.19,1016.06,2.18,133.1,3.12,2.44,2.87
2023-01-05 15:00:00,00,10.91,1015.79,2.34,126.06,2.96,2.04,2.56
2023-01-05 16:00:00,00,11.29,1016.01,1.74,133.95,1.9,1.46,1.98
2023-01-05 17:00:00,00,11.71,1015.57,1.69,143.6,2.03,0.83,1.35
2023-01-05 18:00:00,00,11.72,1014.68,1.88,145.67,2.64,0.31,0.82
2023-01-05 19:00:00,00,11.78,1014.01,1.53,148.08,2.66,0.01,0.53
2023-01-05 20:00:00,00,11.6,1013.6,1.33,161.41,2.73,0.03,0.54
2023-01-05 21:00:00,00,11.28,1013.65,1.47,191.36,2.93,0.32,0.94
2023-01-05 22:00:00,00,10.25,1013.65,1.13,247.55,1.55,0.8,1.42
2023-01-05 23:00:00,00,9.85,1014.31,1.81,230.54,2.13,1.33,1.95
2023-01-05 06:00:00,06,11.05,1013.12,5.03,219.86,10.87,-0.08,0.19
2023-01-05 07:00:00,06,10.85,1013.58,4.85,221.61,9.63,-0.08,0.27
2023-01-05 08:00:00,06,10.77,1014.07,4.6,219.73,9.0,0.23,0.49
2023-01-05 09:00:00,06,10.35,1014.26,4.34,219.93,8.24,0.77,0.95
2023-01-05 10:00:00,06,10.13,1014.66,4.18,210.8,7.92,1.41,1.56
2023-01-05 11:00:00,06,9.97,1015.0,3.78,194.65,6.73,2.0,2.16
2023-01-05 12:00:00,06,9.67,1015.23,3.11,195.48,4.96,2.42,2.6
2023-01-05 13:00:00,06,9.77,1015.57,2.65,184.34,4.56,2.58,2.77
2023-01-05 14:00:00,06,10.27,1015.8,2.72,163.37,4.06,2.44,2.75
2023-01-05 15:00:00,06,10.98,1015.93,3.1,161.54,3.92,2.04,2.36
2023-01-05 16:00:00,06,11.37,1015.78,2.14,165.07,2.52,1.46,1.79
2023-01-05 17:00:00,06,11.59,1015.18,2.83,160.61,3.34,0.83,1.18
2023-01-05 18:00:00,06,11.67,1014.21,2.55,165.52,3.21,0.31,0.77
2023-01-05 19:00:00,06,11.88,1014.03,2.03,179.67,3.03,0.01,0.49
2023-01-05 20:00:00,06,11.69,1013.68,1.97,184.99,3.32,0.03,0.52
2023-01-05 21:00:00,06,11.3,1013.64,2.0,190.6,3.26,0.32,0.82
2023-01-05 22:00:00,06,10.3,1013.62,1.03,205.67,1.34,0.8,1.42
2023-01-05 23:00:00,06,9.96,1014.19,1.7,201.14,2.17,1.33,1.95
2023-01-06 00:00:00,06,9.65,1014.66,2.1,207.58,2.95,1.76,2.38
2023-01-06 01:00:00,06,9.55,1014.64,2.07,201.91,3.34,1.97,2.59
2023-01-06 02:00:00,06,9.27,1014.5,2.09,222.12,3.75,1.92,2.53
2023-01-06 03:00:00,06,9.09,1014.46,3.58,233.0,6.49,1.6,2.21
2023-01-06 04:00:00,06,8.98,1014.53,4.67,217.03,8.65,1.09,1.71
2023-01-06 05:00:00,06,8.73,1014.41,4.68,205.9,8.55,0.54,1.15
2023-01-05 12:00:00,12,9.73,1014.9,3.23,201.8,5.15,2.42,2.63
2023-01-05 13:00:00,12,9.71,1015.05,2.67,194.76,4.63,2.58,2.87
2023-01-05 14:00:00,12,10.08,1015.3,2.51,175.81,3.86,2.44,2.79
2023-01-05 15:00:00,12,10.95,1015.3,2.76,169.0,3.68,2.04,2.46
2023-01-05 16:00:00,12,11.35,1015.37,2.69,179.3,3.55,1.46,1.89
2023-01-05 17:00:00,12,11.91,1014.42,3.47,168.27,4.58,0.83,1.26
2023-01-05 18:00:00,12,12.27,1013.72,3.1,176.31,4.46,0.31,0.73
2023-01-05 19:00:00,12,12.25,1013.11,3.34,175.87,4.99,0.01,0.54
2023-01-05 20:00:00,12,12.06,1012.92,3.04,180.62,4.76,0.03,0.55
2023-01-05 21:00:00,12,11.61,1013.08,3.03,188.61,4.83,0.32,0.84
2023-01-05 22:00:00,12,10.6,1013.26,2.75,202.55,3.54,0.8,1.32
2023-01-05 23:00:00,12,10.15,1014.01,2.86,191.71,4.46,1.33,1.85
2023-01-06 00:00:00,12,10.15,1014.67,2.33,192.13,4.45,1.76,2.38
2023-01-06 01:00:00,12,10.21,1014.8,1.9,219.37,4.13,1.97,2.59
2023-01-06 02:00:00,12,9.55,1014.56,2.56,232.47,5.83,1.92,2.53
2023-01-06 03:00:00,12,9.32,1014.54,4.16,220.53,7.52,1.6,2.21
2023-01-06 04:00:00,12,9.2,1014.59,4.62,213.08,8.81,1.09,1.71
2023-01-06 05:00:00,12,8.86,1014.42,4.45,198.01,8.44,0.54,1.15
2023-01-06 06:00:00,12,8.71,1014.4,3.74,190.12,7.67,0.09,0.7
2023-01-06 07:00:00,12,8.41,1014.52,3.49,195.17,6.33,-0.13,0.48
2023-01-06 08:00:00,12,8.35,1015.08,4.35,195.21,7.4,-0.04,0.57
2023-01-06 09:00:00,12,8.09,1015.45,4.42,178.5,8.14,0.36,0.97
2023-01-06 10:00:00,12,7.87,1015.9,4.1,173.51,7.45,0.95,1.56
2023-01-06 11:00:00,12,7.65,1016.59,4.13,178.67,7.48,1.6,2.21
2023-01-05 18:00:00,18,12.29,1014.1,2.55,184.39,3.87,0.31,0.74
2023-01-05 19:00:00,18,12.44,1013.43,2.66,184.96,4.38,0.01,0.51
2023-01-05 20:00:00,18,12.25,1013.23,2.53,185.57,4.23,0.03,0.56
2023-01-05 21:00:00,18,11.7,1013.28,2.61,198.03,4.26,0.32,0.87
2023-01-05 22:00:00,18,10.9,1013.32,2.78,219.48,4.05,0.8,1.35
2023-01-05 23:00:00,18,10.44,1014.06,3.24,214.77,5.62,1.33,1.88
2023-01-06 00:00:00,18,10.16,1014.68,3.8,215.88,6.42,1.76,2.31
2023-01-06 01:00:00,18,10.05,1014.73,3.36,215.49,6.83,1.97,2.53
2023-01-06 02:00:00,18,9.86,1014.53,4.07,220.44,8.13,1.92,2.48
2023-01-06 03:00:00,18,9.45,1014.38,4.29,220.35,8.54,1.6,2.17
2023-01-06 04:00:00,18,9.32,1014.42,3.98,219.28,8.23,1.09,1.67
2023-01-06 05:00:00,18,9.05,1014.19,4.32,204.87,8.92,0.54,1.12
2023-01-06 06:00:00,18,8.87,1014.12,3.94,192.33,7.42,0.09,0.67
2023-01-06 07:00:00,18,8.57,1014.35,3.31,197.3,5.83,-0.13,0.56
2023-01-06 08:00:00,18,8.4,1014.89,3.78,192.86,7.44,-0.04,0.66
2023-01-06 09:00:00,18,8.15,1015.26,4.18,181.15,8.32,0.36,1.05
2023-01-06 10:00:00,18,7.97,1015.66,4.45,174.88,8.12,0.95,1.65
2023-01-06 11:00:00,18,7.87,1016.23,4.58,176.14,8.63,1.6,2.3
2023-01-06 12:00:00,18,7.77,1016.92,4.52,181.71,9.01,2.16,2.86
2023-01-06 13:00:00,18,7.67,1017.56,5.3,178.94,10.72,2.5,3.21
2023-01-06 14:00:00,18,8.16,1018.02,5.65,174.47,10.83,2.57,3.27
2023-01-06 15:00:00,18,8.81,1018.52,6.38,172.15,9.76,2.34,3.04
2023-01-06 16:00:00,18,9.27,1018.64,6.44,165.65,9.05,1.86,2.56
2023-01-06 17:00:00,18,9.65,1018.43,6.04,163.78,8.73,1.24,1.84
2023-01-06 01:00:00,00,10.25,1014.54,3.6,228.26,7.13,1.95,2.58
2023-01-06 02:00:00,00,9.86,1014.32,3.87,238.31,8.35,1.88,2.5
2023-01-06 03:00:00,00,9.45,1014.21,4.76,240.16,9.36,1.56,2.21
2023-01-06 04:00:00,00,9.47,1014.19,4.4,237.43,9.53,1.06,1.78
2023-01-06 05:00:00,00,9.66,1013.87,4.62,212.47,10.01,0.52,1.14
2023-01-06 06:00:00,00,9.64,1013.97,4.44,189.38,9.34,0.08,0.8
2023-01-06 07:00:00,00,9.52,1014.13,3.71,177.81,8.73,-0.12,0.59
2023-01-06 08:00:00,00,9.39,1014.39,3.65,183.2,7.23,-0.01,0.7
2023-01-06 09:00:00,00,8.77,1014.93,3.65,179.38,6.61,0.38,1.09
2023-01-06 10:00:00,00,8.47,1015.56,4.26,181.78,7.35,0.97,1.68
2023-01-06 11:00:00,00,8.29,1016.26,4.34,166.38,8.22,1.61,2.31
2023-01-06 12:00:00,00,8.07,1017.0,3.88,169.04,7.86,2.15,2.96
2023-01-06 13:00:00,00,8.07,1017.6,4.69,176.88,9.32,2.49,3.29
2023-01-06 14:00:00,00,8.57,1018.09,5.3,174.98,10.12,2.54,3.35
2023-01-06 15:00:00,00,9.27,1018.6,6.31,170.78,9.84,2.31,3.12
2023-01-06 16:00:00,00,9.65,1018.6,6.09,169.55,8.85,1.84,2.64
2023-01-06 17:00:00,00,10.01,1018.37,5.92,162.05,8.59,1.24,1.94
2023-01-06 18:00:00,00,10.18,1017.96,6.52,158.26,9.43,0.63,1.34
2023-01-06 19:00:00,00,9.9,1018.11,6.91,157.49,9.72,0.19,0.89
2023-01-06 20:00:00,00,9.6,1018.46,5.9,149.87,8.87,0.0,0.7
2023-01-06 21:00:00,00,9.09,1019.31,5.84,143.8,8.52,0.12,0.82
2023-01-06 22:00:00,00,8.77,1020.37,5.73,144.44,8.75,0.5,1.3
2023-01-06 23:00:00,00,8.21,1021.17,5.07,168.15,8.34,1.01,1.81
2023-01-06 06:00:00,06,9.63,1013.89,4.52,199.7,9.26,0.08,0.87
2023-01-06 07:00:00,06,9.3,1013.87,3.54,197.8,7.02,-0.12,0.74
2023-01-06 08:00:00,06,8.7,1014.19,3.83,205.9,6.82,-0.01,0.91
2023-01-06 09:00:00,06,8.47,1014.63,4.4,185.63,7.51,0.38,1.26
2023-01-06 10:00:00,06,8.33,1015.25,3.66,178.24,6.14,0.97,1.91
2023-01-06 11:00:00,06,8.15,1016.03,3.81,171.8,6.12,1.61,2.63
2023-01-06 12:00:00,06,7.91,1016.82,3.33,160.33,5.51,2.15,3.15
2023-01-06 13:00:00,06,8.01,1017.36,3.77,171.03,6.75,2.49,3.47
2023-01-06 14:00:00,06,8.63,1017.96,4.7,168.06,8.91,2.54,3.51
2023-01-06 15:00:00,06,9.24,1018.58,6.15,166.02,9.63,2.31,3.26
2023-01-06 16:00:00,06,9.74,1018.57,5.9,160.92,8.72,1.84,2.77
2023-01-06 17:00:00,06,10.0,1018.28,6.06,159.5,8.73,1.24,2.14
2023-01-06 18:00:00,06,10.09,1018.03,7.0,165.39,9.83,0.63,1.52
2023-01-06 19:00:00,06,9.86,1018.45,7.5,163.93,10.25,0.19,1.05
2023-01-06 20:00:00,06,9.55,1018.96,6.41,158.4,9.13,0.0,0.85
2023-01-06 21:00:00,06,9.0,1019.85,5.86,159.73,8.45,0.12,0.95
2023-01-06 22:00:00,06,8.38,1020.64,4.93,169.05,8.01,0.5,1.31
2023-01-06 23:00:00,06,8.09,1021.43,4.73,179.28,8.03,1.01,1.82
2023-01-07 00:00:00,06,7.95,1022.19,5.37,179.7,9.43,1.52,2.32
2023-01-07 01:00:00,06,7.57,1022.66,5.21,167.64,9.93,1.87,2.68
2023-01-07 02:00:00,06,7.37,1023.15,5.32,154.41,9.62,1.98,2.79
2023-01-07 03:00:00,06,7.16,1023.57,5.0,144.22,8.93,1.82,2.63
2023-01-07 04:00:00,06,7.05,1023.95,4.87,131.67,7.32,1.43,2.23
2023-01-07 05:00:00,06,7.03,1023.77,3.98,123.71,6.02,0.89,1.8
2023-01-06 12:00:00,12,7.86,1016.71,2.89,163.86,4.03,2.15,3.14
2023-01-06 13:00:00,12,7.93,1017.17,2.98,175.29,4.18,2.49,3.38
2023-01-06 14:00:00,12,8.54,1017.78,3.31,175.82,5.35,2.54,3.42
2023-01-06 15:00:00,12,9.35,1018.33,4.65,165.66,7.46,2.31,3.17
2023-01-06 16:00:00,12,9.82,1018.3,5.2,156.67,7.73,1.84,2.7
2023-01-06 17:00:00,12,10.28,1018.0,5.28,148.69,7.62,1.24,2.1
2023-01-06 18:00:00,12,10.39,1017.69,6.07,152.88,8.22,0.63,1.6
2023-01-06 19:00:00,12,10.15,1018.01,6.6,162.07,9.12,0.19,1.16
2023-01-06 20:00:00,12,9.74,1018.55,6.4,164.33,8.84,0.0,0.88
2023-01-06 21:00:00,12,9.2,1019.5,5.75,160.18,8.42,0.12,1.0
2023-01-06 22:00:00,12,8.55,1020.33,4.89,162.72,8.02,0.5,1.38
2023-01-06 23:00:00,12,8.27,1021.12,4.59,173.36,7.82,1.01,1.9
2023-01-07 00:00:00,12,8.02,1022.01,4.99,176.51,8.92,1.52,2.41
2023-01-07 01:00:00,12,7.8,1022.5,5.0,166.05,9.2,1.87,2.77
2023-01-07 02:00:00,12,7.55,1023.0,5.17,154.07,8.65,1.98,2.88
2023-01-07 03:00:00,12,7.36,1023.41,4.82,141.82,8.13,1.82,2.73
2023-01-07 04:00:00,12,7.2,1023.66,4.53,132.88,7.22,1.43,2.34
2023-01-07 05:00:00,12,7.17,1023.42,4.05,125.84,6.14,0.89,1.9
2023-01-07 06:00:00,12,7.07,1023.39,3.68,128.23,5.34,0.36,1.37
2023-01-07 07:00:00,12,6.87,1023.47,3.21,132.41,4.51,-0.01,1.0
2023-01-07 08:00:00,12,6.73,1023.91,3.14,135.88,4.53,-0.12,0.79
2023-01-07 09:00:00,12,6.51,1023.87,2.69,133.73,4.14,0.08,0.99
2023-01-07 10:00:00,12,6.55,1023.95,2.56,135.28,3.73,0.55,1.46
2023-01-07 11:00:00,12,6.49,1024.39,2.41,148.19,3.3,1.18,2.09
2023-01-06 18:00:00,18,10.6,1017.62,5.05,147.13,7.23,0.63,1.7
2023-01-06 19:00:00,18,10.49,1017.82,5.57,159.61,7.55,0.19,1.3
2023-01-06 20:00:00,18,10.17,1018.24,5.6,162.01,7.54,0.0,1.17
2023-01-06 21:00:00,18,9.67,1019.17,5.2,158.32,7.3,0.12,1.35
2023-01-06 22:00:00,18,9.08,1020.03,4.6,157.23,7.33,0.5,1.69
2023-01-06 23:00:00,18,8.69,1020.93,4.22,167.18,7.21,1.01,2.2
2023-01-07 00:00:00,18,8.39,1021.86,4.78,175.05,8.33,1.52,2.69
2023-01-07 01:00:00,18,8.21,1022.35,4.76,165.32,8.64,1.87,3.04
2023-01-07 02:00:00,18,7.95,1022.73,4.88,153.92,8.32,1.98,3.15
2023-01-07 03:00:00,18,7.78,1023.25,4.86,140.36,8.03,1.82,2.88
2023-01-07 04:00:00,18,7.57,1023.46,4.23,121.63,7.36,1.43,2.48
2023-01-07 05:00:00,18,7.45,1023.34,3.94,114.42,6.53,0.89,2.04
2023-01-07 06:00:00,18,7.38,1023.25,3.8,109.53,5.64,0.36,1.5
2023-01-07 07:00:00,18,7.32,1023.6,3.37,111.95,4.83,-0.01,1.12
2023-01-07 08:00:00,18,7.2,1023.82,3.14,114.25,4.41,-0.12,0.91
2023-01-07 09:00:00,18,7.05,1023.59,2.85,110.36,4.02,0.08,1.1
2023-01-07 10:00:00,18,6.92,1023.97,2.83,117.99,3.83,0.55,1.57
2023-01-07 11:00:00,18,6.9,1024.25,2.52,119.96,3.43,1.18,2.19
2023-01-07 12:00:00,18,6.79,1024.56,2.19,121.84,2.93,1.8,2.82
2023-01-07 13:00:00,18,6.78,1024.99,1.78,139.04,2.5,2.28,3.3
2023-01-07 14:00:00,18,7.19,1025.58,1.81,161.39,2.51,2.52,3.54
2023-01-07 15:00:00,18,7.8,1025.82,1.85,176.46,2.63,2.47,3.39
2023-01-07 16:00:00,18,8.41,1025.52,2.33,163.67,3.33,2.15,3.06
2023-01-07 17:00:00,18,8.71,1024.6,2.93,178.54,4.22,1.61,2.53
2023-01-07 01:00:00,00,8.25,1022.29,3.7,159.67,6.07,1.87,3.02
2023-01-07 02:00:00,00,8.08,1022.65,3.25,145.7,5.16,1.98,3.09
2023-01-07 03:00:00,00,7.78,1023.06,3.13,132.18,5.12,1.82,2.99
2023-01-07 04:00:00,00,7.67,1023.27,3.41,98.07,5.68,1.43,2.69
2023-01-07 05:00:00,00,7.75,1023.13,3.45,96.09,5.65,1.22,2.48
2023-01-07 06:00:00,00,7.62,1023.05,3.37,102.52,5.26,0.36,1.61
2023-01-07 07:00:00,00,7.48,1023.33,3.04,104.51,4.51,-0.01,1.22
2023-01-07 08:00:00,00,7.41,1023.47,2.93,107.68,4.14,-0.12,1.1
2023-01-07 09:00:00,00,7.22,1023.39,2.68,112.01,3.71,0.08,1.2
2023-01-07 10:00:00,00,7.13,1023.51,2.39,118.77,3.24,0.55,1.66
2023-01-07 11:00:00,00,7.01,1024.06,2.42,129.91,3.32,1.18,2.27
2023-01-07 12:00:00,00,7.05,1024.23,2.01,134.7,2.65,1.8,2.88
2023-01-07 13:00:00,00,7.13,1024.41,1.83,146.29,2.34,2.28,3.35
2023-01-07 14:00:00,00,7.46,1024.82,1.88,150.23,2.43,2.52,3.58
2023-01-07 15:00:00,00,7.98,1025.43,2.19,164.45,2.93,2.47,3.52
2023-01-07 16:00:00,00,8.68,1025.01,2.34,163.8,3.33,2.15,3.18
2023-01-07 17:00:00,00,9.12,1024.21,2.84,174.51,4.33,1.61,2.64
2023-01-07 18:00:00,00,9.39,1023.13,3.22,171.12,5.25,0.99,1.92
2023-01-07 19:00:00,00,9.34,1022.67,3.24,176.33,5.6,0.43,1.36
2023-01-07 20:00:00,00,9.25,1022.52,3.45,166.02,5.6,0.07,1.0
2023-01-07 21:00:00,00,8.85,1022.89,3.9,148.69,5.65,0.0,1.03
2023-01-07 22:00:00,00,8.14,1023.39,3.6,130.64,5.31,0.23,1.26
2023-01-07 23:00:00,00,7.84,1024.24,3.39,81.11,5.05,0.68,1.71
2023-01-07 06:00:00,06,7.58,1023.27,3.5,99.35,5.64,0.36,1.65
2023-01-07 07:00:00,06,7.45,1023.65,3.21,103.55,4.93,-0.01,1.25
2023-01-07 08:00:00,06,7.37,1023.75,3.11,108.69,4.57,-0.12,1.12
2023-01-07 09:00:00,06,7.18,1023.68,2.78,113.44,4.12,0.08,1.27
2023-01-07 10:00:00,06,7.08,1023.71,2.45,124.07,3.56,0.55,1.7
2023-01-07 11:00:00,06,6.99,1024.17,2.5,136.53,3.43,1.18,2.22
2023-01-07 12:00:00,06,7.03,1024.35,2.25,144.81,2.94,1.8,2.85
2023-01-07 13:00:00,06,7.03,1024.67,2.35,161.4,2.83,2.28,3.33
2023-01-07 14:00:00,06,7.45,1024.94,2.37,156.34,2.95,2.52,3.57
2023-01-07 15:00:00,06,7.97,1025.58,2.61,166.84,3.64,2.47,3.52
2023-01-07 16:00:00,06,8.55,1024.97,2.45,163.19,3.83,2.15,3.19
2023-01-07 17:00:00,06,9.07,1024.07,2.83,166.9,4.53,1.61,2.65
2023-01-07 18:00:00,06,9.39,1022.98,3.05,173.49,5.15,0.99,1.93
2023-01-07 19:00:00,06,9.51,1022.63,3.24,167.6,5.51,0.43,1.37
2023-01-07 20:00:00,06,9.43,1022.62,3.45,156.0,5.59,0.07,1.11
2023-01-07 21:00:00,06,8.83,1023.1,3.85,147.8,5.74,0.0,1.04
2023-01-07 22:00:00,06,8.17,1023.57,3.42,131.22,5.26,0.23,1.27
2023-01-07 23:00:00,06,7.96,1024.48,3.15,88.82,4.81,0.68,1.72
2023-01-08 00:00:00,06,7.8,1025.47,3.77,43.0,4.61,1.21,2.35
2023-01-08 01:00:00,06,7.45,1025.99,2.95,40.43,4.41,1.68,2.82
2023-01-08 02:00:00,06,7.24,1026.27,3.05,65.61,5.11,1.96,3.0
2023-01-08 03:00:00,06,7.29,1026.82,4.54,87.6,6.23,1.97,3.01
2023-01-08 04:00:00,06,7.07,1027.13,4.56,94.61,7.16,1.72,2.86
2023-01-08 05:00:00,06,6.85,1027.25,4.28,95.93,6.63,1.26,2.4
2023-01-07 12:00:00,12,6.85,1024.6,2.27,146.61,2.94,1.8,2.86
2023-01-07 13:00:00,12,6.89,1024.93,2.4,167.82,2.78,2.28,3.34
2023-01-07 14:00:00,12,7.25,1025.17,2.31,171.31,2.87,2.52,3.52
2023-01-07 15:00:00,12,7.85,1025.7,2.6,184.08,3.33,2.47,3.44
2023-01-07 16:00:00,12,8.47,1025.01,2.4,176.46,3.56,2.15,3.12
2023-01-07 17:00:00,12,9.03,1024.04,2.77,168.63,4.17,1.61,2.49
2023-01-07 18:00:00,12,9.35,1022.94,2.77,169.82,4.6,0.99,1.88
2023-01-07 19:00:00,12,9.41,1022.63,2.9,162.1,5.04,0.43,1.32
2023-01-07 20:00:00,12,9.2,1022.86,3.21,158.4,5.33,0.07,0.97
2023-01-07 21:00:00,12,8.73,1023.14,3.55,152.92,5.32,0.0,1.01
2023-01-07 22:00:00,12,8.1,1023.68,3.28,145.14,5.03,0.23,1.24
2023-01-07 23:00:00,12,7.87,1024.48,2.65,123.96,4.18,0.68,1.69
2023-01-08 00:00:00,12,7.65,1025.4,2.91,63.81,3.95,1.21,2.23
2023-01-08 01:00:00,12,7.45,1026.12,3.16,39.77,4.42,1.68,2.71
2023-01-08 02:00:00,12,7.35,1026.53,3.69,75.68,6.12,1.96,2.99
2023-01-08 03:00:00,12,7.26,1026.99,5.05,92.33,7.43,1.97,3.01
2023-01-08 04:00:00,12,7.01,1027.19,4.57,94.48,7.52,1.72,2.86
2023-01-08 05:00:00,12,6.81,1027.25,4.29,98.19,6.84,1.26,2.41
2023-01-08 06:00:00,12,6.7,1027.3,4.01,102.66,6.25,0.72,1.76
2023-01-08 07:00:00,12,6.4,1027.52,3.62,103.05,5.42,0.23,1.27
2023-01-08 08:00:00,12,6.31,1027.74,3.44,100.04,5.05,-0.06,0.98
2023-01-08 09:00:00,12,6.25,1027.46,3.6,90.51,5.12,-0.06,0.98
2023-01-08 10:00:00,12,6.14,1027.57,2.91,95.6,4.14,0.23,1.28
2023-01-08 11:00:00,12,6.06,1027.6,2.97,85.76,3.93,0.77,1.81
2023-01-07 18:00:00,18,9.38,1023.14,2.54,172.36,4.23,0.99,1.95
2023-01-07 19:00:00,18,9.41,1022.76,2.51,165.17,4.53,0.43,1.36
2023-01-07 20:00:00,18,9.25,1022.96,2.71,164.21,4.74,0.07,1.01
2023-01-07 21:00:00,18,8.79,1023.23,2.99,163.6,4.65,0.0,1.0
2023-01-07 22:00:00,18,8.07,1023.68,2.94,158.52,4.57,0.23,1.24
2023-01-07 23:00:00,18,7.8,1024.38,2.32,153.04,3.34,0.68,1.69
2023-01-08 00:00:00,18,7.57,1025.14,1.93,145.32,2.74,1.21,2.23
2023-01-08 01:00:00,18,7.53,1025.7,2.43,89.89,3.4,1.68,2.7
2023-01-08 02:00:00,18,7.35,1026.21,3.29,64.55,5.07,1.96,2.98
2023-01-08 03:00:00,18,7.49,1026.7,5.12,84.98,7.45,1.97,3.0
2023-01-08 04:00:00,18,7.14,1027.09,5.12,91.4,7.85,1.72,2.85
2023-01-08 05:00:00,18,6.9,1027.23,4.87,92.95,7.24,1.26,2.39
2023-01-08 06:00:00,18,6.81,1027.38,4.43,96.83,6.54,0.72,1.85
2023-01-08 07:00:00,18,6.57,1027.72,3.89,98.31,5.65,0.23,1.37
2023-01-08 08:00:00,18,6.46,1027.91,3.6,97.06,5.11,-0.06,0.98
2023-01-08 09:00:00,18,6.35,1027.88,3.58,96.72,5.03,-0.06,0.98
2023-01-08 10:00:00,18,6.28,1027.74,3.13,92.41,4.22,0.23,1.28
2023-01-08 11:00:00,18,6.17,1027.8,3.15,83.06,4.03,0.77,1.81
2023-01-08 12:00:00,18,6.08,1028.32,2.47,82.79,3.16,1.4,2.44
2023-01-08 13:00:00,18,6.3,1028.43,2.09,84.05,2.55,1.98,3.02
2023-01-08 14:00:00,18,6.75,1028.76,1.75,76.6,2.13,2.37,3.42
2023-01-08 15:00:00,18,7.45,1028.56,1.82,42.09,2.25,2.5,3.54
2023-01-08 16:00:00,18,8.35,1028.38,1.2,19.87,1.44,2.33,3.38
2023-01-08 17:00:00,18,9.04,1027.39,0.84,9.75,1.25,1.92,2.87
2023-01-08 01:00:00,00,7.25,1025.65,1.16,156.08,1.54,1.68,2.6
2023-01-08 02:00:00,00,7.09,1025.99,1.29,111.33,1.72,1.96,2.89
2023-01-08 03:00:00,00,7.07,1026.31,2.15,71.3,2.85,1.97,2.9
2023-01-08 04:00:00,00,7.13,1026.64,3.45,63.14,4.74,1.72,2.64
2023-01-08 05:00:00,00,7.05,1026.89,4.47,73.51,5.83,1.26,2.19
2023-01-08 06:00:00,00,6.84,1027.24,4.61,81.71,6.45,0.72,1.76
2023-01-08 07:00:00,00,6.65,1027.54,4.26,85.64,6.26,0.23,1.28
2023-01-08 08:00:00,00,6.55,1027.52,3.97,83.71,5.66,-0.06,1.0
2023-01-08 09:00:00,00,6.41,1027.81,3.32,93.24,4.62,-0.06,0.91
2023-01-08 10:00:00,00,6.38,1027.3,3.69,78.7,5.03,0.23,1.22
2023-01-08 11:00:00,00,6.23,1027.74,3.08,79.0,3.96,0.77,1.76
2023-01-08 12:00:00,00,6.25,1028.37,2.44,89.61,2.93,1.4,2.4
2023-01-08 13:00:00,00,6.38,1028.38,2.2,81.1,2.54,1.98,2.99
2023-01-08 14:00:00,00,6.84,1028.48,2.21,62.25,2.54,2.37,3.4
2023-01-08 15:00:00,00,7.43,1028.63,2.08,42.47,2.14,2.5,3.53
2023-01-08 16:00:00,00,8.26,1028.59,1.23,15.68,1.33,2.33,3.38
2023-01-08 17:00:00,00,8.78,1027.08,1.31,12.8,1.54,1.92,2.87
2023-01-08 18:00:00,00,8.55,1026.02,0.92,343.99,1.93,1.35,2.29
2023-01-08 19:00:00,00,7.9,1025.7,0.4,291.64,2.05,0.75,1.69
2023-01-08 20:00:00,00,7.67,1025.52,0.86,229.42,2.83,0.26,1.2
2023-01-08 21:00:00,00,7.25,1024.51,0.81,340.51,1.43,0.01,1.05
2023-01-08 22:00:00,00,7.15,1023.52,3.24,311.87,4.97,0.06,1.1
2023-01-08 23:00:00,00,7.15,1024.09,2.25,269.45,4.43,0.39,1.43
2023-01-08 06:00:00,06,6.65,1027.31,4.73,81.95,6.65,0.72,1.8
2023-01-08 07:00:00,06,6.45,1027.58,4.41,86.53,6.64,0.23,1.32
2023-01-08 08:00:00,06,6.37,1027.6,3.98,85.35,5.95,-0.06,1.01
2023-01-08 09:00:00,06,6.18,1027.87,3.31,96.45,4.82,-0.06,0.96
2023-01-08 10:00:00,06,6.19,1027.29,3.61,81.13,4.94,0.23,1.23
2023-01-08 11:00:00,06,6.06,1027.66,3.0,81.68,3.87,0.77,1.76
2023-01-08 12:00:00,06,6.13,1028.37,2.47,92.92,3.04,1.4,2.4
2023-01-08 13:00:00,06,6.15,1028.36,2.27,82.16,2.74,1.98,2.99
2023-01-08 14:00:00,06,6.68,1028.8,2.17,79.55,2.41,2.37,3.38
2023-01-08 15:00:00,06,7.25,1028.44,2.2,46.35,2.32,2.5,3.51
2023-01-08 16:00:00,06,8.18,1028.48,1.12,34.62,1.06,2.33,3.25
2023-01-08 17:00:00,06,8.95,1027.39,0.82,7.58,1.23,1.92,2.85
2023-01-08 18:00:00,06,9.27,1026.4,0.09,87.32,1.65,1.35,2.28
2023-01-08 19:00:00,06,8.15,1025.52,0.26,156.67,2.03,0.75,1.68
2023-01-08 20:00:00,06,7.79,1025.01,0.74,111.68,1.74,0.26,1.2
2023-01-08 21:00:00,06,7.47,1024.97,0.37,117.61,1.24,0.01,1.05
2023-01-08 22:00:00,06,7.25,1024.55,1.36,308.77,2.48,0.06,1.1
2023-01-08 23:00:00,06,7.23,1023.68,2.83,335.98,4.1,0.39,1.33
2023-01-09 00:00:00,06,7.25,1024.01,2.14,306.21,4.13,0.89,1.83
2023-01-09 01:00:00,06,7.04,1023.11,3.1,298.64,5.57,1.41,2.36
2023-01-09 02:00:00,06,7.01,1022.4,3.05,294.83,5.34,1.82,2.77
2023-01-09 03:00:00,06,7.08,1021.92,1.9,291.38,3.84,2.01,2.95
2023-01-09 04:00:00,06,7.05,1020.63,2.04,335.3,3.12,1.92,2.86
2023-01-09 05:00:00,06,7.15,1020.07,0.74,58.67,0.6,1.59,2.53
2023-01-08 12:00:00,12,5.94,1028.45,2.46,85.53,3.05,1.4,2.29
2023-01-08 13:00:00,12,6.09,1028.4,2.29,72.89,2.74,1.98,2.76
2023-01-08 14:00:00,12,6.5,1028.82,2.15,67.28,2.35,2.37,3.24
2023-01-08 15:00:00,12,7.18,1028.52,2.33,36.28,2.37,2.5,3.33
2023-01-08 16:00:00,12,8.07,1028.79,0.97,5.4,1.27,2.33,3.1
2023-01-08 17:00:00,12,8.85,1027.39,1.15,358.33,1.56,1.92,2.7
2023-01-08 18:00:00,12,9.17,1026.07,0.56,3.85,1.66,1.35,2.04
2023-01-08 19:00:00,12,7.99,1025.41,0.95,66.72,1.8,0.75,1.46
2023-01-08 20:00:00,12,7.77,1025.1,0.39,118.35,2.15,0.26,0.98
2023-01-08 21:00:00,12,7.27,1024.5,1.3,26.12,1.79,0.01,0.85
2023-01-08 22:00:00,12,7.05,1023.98,2.02,332.68,3.23,0.06,0.91
2023-01-08 23:00:00,12,6.97,1023.89,1.57,303.1,3.53,0.39,1.25
2023-01-09 00:00:00,12,7.02,1023.67,2.45,288.16,5.13,0.89,1.77
2023-01-09 01:00:00,12,6.94,1022.8,2.71,316.23,5.03,1.41,2.21
2023-01-09 02:00:00,12,6.9,1022.29,2.99,311.28,5.44,1.82,2.73
2023-01-09 03:00:00,12,6.97,1022.04,1.28,302.34,2.95,2.01,2.93
2023-01-09 04:00:00,12,6.95,1020.89,0.44,336.3,1.63,1.92,2.86
2023-01-09 05:00:00,12,6.95,1020.16,1.6,118.03,1.66,1.59,2.53
2023-01-09 06:00:00,12,6.87,1019.19,2.2,83.0,2.66,1.09,2.03
2023-01-09 07:00:00,12,6.91,1018.35,1.24,62.48,1.22,0.56,1.5
2023-01-09 08:00:00,12,6.94,1017.35,1.25,282.2,3.53,0.14,0.98
2023-01-09 09:00:00,12,6.95,1015.93,3.29,256.71,5.52,-0.05,0.79
2023-01-09 10:00:00,12,6.85,1015.37,2.27,206.47,5.94,0.05,0.89
2023-01-09 11:00:00,12,6.8,1015.88,3.34,164.68,9.72,0.43,1.37
2023-01-08 18:00:00,18,8.86,1026.24,0.65,21.07,1.5,1.35,2.08
2023-01-08 19:00:00,18,7.95,1025.4,1.12,50.47,1.74,0.75,1.44
2023-01-08 20:00:00,18,8.0,1025.0,0.75,61.85,1.89,0.26,0.92
2023-01-08 21:00:00,18,7.43,1024.35,1.82,20.91,1.95,0.01,0.7
2023-01-08 22:00:00,18,7.25,1024.0,2.35,322.79,3.77,0.06,0.73
2023-01-08 23:00:00,18,7.17,1023.79,1.66,305.53,3.85,0.39,1.07
2023-01-09 00:00:00,18,7.17,1023.04,2.81,308.76,5.31,0.89,1.58
2023-01-09 01:00:00,18,7.17,1023.0,2.5,288.29,4.54,1.41,2.12
2023-01-09 02:00:00,18,7.1,1022.38,2.32,298.4,3.93,1.82,2.55
2023-01-09 03:00:00,18,7.07,1021.91,1.0,325.33,1.93,2.01,2.74
2023-01-09 04:00:00,18,7.06,1021.58,1.85,121.17,1.94,1.92,2.67
2023-01-09 05:00:00,18,6.94,1020.48,2.18,96.19,2.43,1.59,2.35
2023-01-09 06:00:00,18,6.95,1019.24,1.98,62.84,2.57,1.09,1.87
2023-01-09 07:00:00,18,7.03,1018.13,2.76,322.87,3.34,0.56,1.35
2023-01-09 08:00:00,18,7.05,1016.54,3.08,303.06,4.24,0.14,0.84
2023-01-09 09:00:00,18,6.95,1015.67,1.43,271.46,2.94,-0.05,0.66
2023-01-09 10:00:00,18,6.67,1015.78,2.12,180.79,5.33,0.05,0.88
2023-01-09 11:00:00,18,6.58,1015.64,3.12,164.61,8.55,0.43,1.26
2023-01-09 12:00:00,18,6.45,1015.7,3.02,174.79,8.84,1.0,1.93
2023-01-09 13:00:00,18,6.66,1016.09,4.38,153.35,11.23,1.61,2.54
2023-01-09 14:00:00,18,7.0,1016.53,5.33,134.27,11.3,2.11,3.04
2023-01-09 15:00:00,18,7.47,1017.24,6.3,115.05,10.08,2.4,3.32
2023-01-09 16:00:00,18,7.96,1017.56,5.41,106.67,8.44,2.4,3.33
2023-01-09 17:00:00,18,8.32,1017.05,5.29,110.31,8.14,2.13,3.06
2023-01-09 01:00:00,00,7.05,1023.0,2.42,292.16,4.31,1.41,2.12
2023-01-09 02:00:00,00,6.93,1022.21,2.61,311.51,4.18,1.82,2.55
2023-01-09 03:00:00,00,6.95,1021.8,1.48,357.04,2.62,2.01,2.76
2023-01-09 04:00:00,00,6.93,1021.49,2.19,98.75,2.3,1.92,2.63
2023-01-09 05:00:00,00,6.79,1020.46,2.68,83.26,2.9,1.59,2.4
2023-01-09 06:00:00,00,6.85,1018.93,2.37,56.85,2.8,1.09,1.91
2023-01-09 07:00:00,00,6.86,1017.84,2.91,330.11,4.05,0.56,1.28
2023-01-09 08:00:00,00,6.95,1016.5,3.85,296.91,5.75,0.14,0.86
2023-01-09 09:00:00,00,6.89,1015.47,1.51,252.85,2.95,-0.05,0.57
2023-01-09 10:00:00,00,6.68,1015.58,3.48,158.61,6.34,0.05,0.77
2023-01-09 11:00:00,00,6.45,1015.53,2.42,164.3,6.7,0.43,1.15
2023-01-09 12:00:00,00,6.7,1015.7,3.55,153.84,9.33,1.0,1.92
2023-01-09 13:00:00,00,6.52,1015.91,4.96,135.44,11.32,1.61,2.53
2023-01-09 14:00:00,00,6.73,1016.9,5.95,113.13,10.65,2.11,3.04
2023-01-09 15:00:00,00,7.01,1018.04,5.93,102.38,9.6,2.4,3.32
2023-01-09 16:00:00,00,7.65,1018.06,5.22,103.06,8.15,2.4,3.33
2023-01-09 17:00:00,00,8.23,1017.31,4.91,111.91,7.43,2.13,3.06
2023-01-09 18:00:00,00,8.47,1016.79,5.23,121.26,7.63,1.65,2.48
2023-01-09 19:00:00,00,8.37,1016.52,5.33,124.94,7.75,1.07,2.0
2023-01-09 20:00:00,00,8.18,1016.87,5.17,129.71,7.73,0.52,1.44
2023-01-09 21:00:00,00,7.76,1017.63,5.44,135.66,7.93,0.13,1.06
2023-01-09 22:00:00,00,7.15,1017.93,4.58,136.53,7.85,0.0,0.93
2023-01-09 23:00:00,00,6.85,1018.42,3.62,132.56,6.95,0.17,1.0
2023-01-09 06:00:00,06,6.89,1018.92,2.45,52.97,3.05,1.09,1.9
2023-01-09 07:00:00,06,6.99,1017.71,3.1,334.51,4.47,0.56,1.32
2023-01-09 08:00:00,06,7.03,1016.28,4.25,302.72,6.62,0.14,0.78
2023-01-09 09:00:00,06,7.1,1015.19,1.96,284.17,3.84,-0.05,0.48
2023-01-09 10:00:00,06,6.71,1015.44,2.79,170.23,4.35,0.05,0.71
2023-01-09 11:00:00,06,6.75,1015.51,2.56,162.24,6.31,0.43,1.1
2023-01-09 12:00:00,06,6.51,1015.36,2.71,161.99,7.74,1.0,1.78
2023-01-09 13:00:00,06,6.77,1015.73,3.86,146.57,10.43,1.61,2.51
2023-01-09 14:00:00,06,7.07,1016.55,5.73,117.59,10.83,2.11,3.02
2023-01-09 15:00:00,06,7.15,1017.88,6.07,98.3,9.6,2.4,3.32
2023-01-09 16:00:00,06,7.53,1017.87,5.43,102.37,8.41,2.4,3.34
2023-01-09 17:00:00,06,8.25,1017.34,5.07,107.03,7.72,2.13,2.98
2023-01-09 18:00:00,06,8.48,1016.72,5.17,116.8,7.64,1.65,2.52
2023-01-09 19:00:00,06,8.43,1016.54,5.41,124.0,7.95,1.07,1.95
2023-01-09 20:00:00,06,8.28,1016.8,5.38,129.27,7.93,0.52,1.51
2023-01-09 21:00:00,06,7.82,1017.54,5.58,136.42,8.14,0.13,1.03
2023-01-09 22:00:00,06,7.25,1017.82,4.79,136.59,8.06,0.0,0.92
2023-01-09 23:00:00,06,6.88,1018.34,3.62,131.87,7.16,0.17,0.99
2023-01-10 00:00:00,06,6.72,1018.83,3.12,137.82,6.38,0.58,1.4
2023-01-10 01:00:00,06,6.54,1019.01,2.95,145.07,6.29,1.11,1.92
2023-01-10 02:00:00,06,6.3,1018.96,2.49,132.32,5.54,1.6,2.42
2023-01-10 03:00:00,06,6.15,1019.33,2.05,130.36,4.3,1.93,2.85
2023-01-10 04:00:00,06,6.0,1019.66,1.81,138.32,3.25,2.01,2.93
2023-01-10 05:00:00,06,5.85,1019.69,1.73,127.54,2.73,1.83,2.75
2023-01-09 12:00:00,12,6.67,1015.18,2.91,155.53,7.9,1.0,2.02
2023-01-09 13:00:00,12,6.67,1015.6,4.25,138.57,10.68,1.61,2.66
2023-01-09 14:00:00,12,6.91,1016.52,6.47,114.03,11.23,2.11,3.23
2023-01-09 15:00:00,12,6.94,1017.7,5.86,101.56,9.95,2.4,3.51
2023-01-09 16:00:00,12,7.64,1017.75,5.62,107.07,9.0,2.4,3.41
2023-01-09 17:00:00,12,8.29,1017.19,5.29,110.35,8.26,2.13,3.05
2023-01-09 18:00:00,12,8.5,1016.61,5.58,119.58,8.21,1.65,2.58
2023-01-09 19:00:00,12,8.5,1016.36,5.98,123.38,8.54,1.07,2.0
2023-01-09 20:00:00,12,8.27,1016.57,5.89,128.84,8.53,0.52,1.46
2023-01-09 21:00:00,12,7.82,1017.31,5.87,135.09,8.46,0.13,1.08
2023-01-09 22:00:00,12,7.17,1017.64,4.7,133.17,8.33,0.0,0.96
2023-01-09 23:00:00,12,6.89,1018.4,3.86,130.24,7.61,0.17,1.14
2023-01-10 00:00:00,12,6.76,1018.91,3.26,129.9,6.77,0.58,1.46
2023-01-10 01:00:00,12,6.59,1019.17,2.77,131.05,5.74,1.11,2.0
2023-01-10 02:00:00,12,6.37,1019.07,2.66,113.33,5.7,1.6,2.5
2023-01-10 03:00:00,12,6.32,1019.28,2.42,113.27,4.76,1.93,2.94
2023-01-10 04:00:00,12,6.07,1019.7,1.99,126.96,3.52,2.01,3.03
2023-01-10 05:00:00,12,5.9,1019.85,1.86,125.16,2.95,1.83,2.85
2023-01-10 06:00:00,12,5.8,1019.59,1.39,113.0,2.02,1.44,2.46
2023-01-10 07:00:00,12,5.63,1020.12,0.86,122.2,1.41,0.93,1.95
2023-01-10 08:00:00,12,5.45,1020.55,1.08,195.71,1.43,0.44,1.46
2023-01-10 09:00:00,12,5.39,1020.28,0.75,215.72,0.85,0.1,1.12
2023-01-10 10:00:00,12,5.27,1020.41,0.58,217.38,0.67,0.01,1.03
2023-01-10 11:00:00,12,5.25,1020.64,0.93,245.83,0.86,0.21,1.23
2023-01-09 18:00:00,18,8.64,1016.26,5.09,123.34,7.64,1.65,2.64
2023-01-09 19:00:00,18,8.65,1015.92,5.5,130.9,7.94,1.07,2.05
2023-01-09 20:00:00,18,8.6,1016.03,5.6,135.04,8.03,0.52,1.49
2023-01-09 21:00:00,18,8.07,1016.76,5.56,141.82,8.23,0.13,1.16
2023-01-09 22:00:00,18,7.47,1017.21,4.68,135.82,8.21,0.0,1.01
2023-01-09 23:00:00,18,7.13,1017.99,3.73,133.35,7.24,0.17,1.18
2023-01-10 00:00:00,18,6.96,1018.64,3.3,138.9,6.67,0.58,1.59
2023-01-10 01:00:00,18,6.8,1018.95,3.01,139.26,6.44,1.11,2.12
2023-01-10 02:00:00,18,6.65,1018.79,3.02,112.95,6.32,1.6,2.61
2023-01-10 03:00:00,18,6.45,1018.93,2.68,111.5,5.61,1.93,2.94
2023-01-10 04:00:00,18,6.3,1019.28,2.42,115.18,4.51,2.01,3.02
2023-01-10 05:00:00,18,6.17,1019.54,2.41,115.19,3.87,1.83,2.84
2023-01-10 06:00:00,18,6.0,1019.42,2.27,100.47,3.35,1.44,2.55
2023-01-10 07:00:00,18,5.85,1020.03,2.07,92.89,3.04,0.93,2.14
2023-01-10 08:00:00,18,5.72,1020.57,1.59,96.77,2.22,0.44,1.65
2023-01-10 09:00:00,18,5.69,1020.5,1.72,81.73,2.2,0.1,1.21
2023-01-10 10:00:00,18,5.57,1020.54,1.87,68.24,2.31,0.01,1.12
2023-01-10 11:00:00,18,5.56,1020.7,1.81,61.21,2.25,0.21,1.32
2023-01-10 12:00:00,18,5.55,1020.84,1.5,40.32,2.08,0.65,1.76
2023-01-10 13:00:00,18,5.65,1021.09,1.06,28.67,1.68,1.23,2.33
2023-01-10 14:00:00,18,6.35,1021.16,1.12,331.34,1.94,1.78,2.89
2023-01-10 15:00:00,18,6.85,1021.14,1.92,310.35,2.95,2.19,3.2
2023-01-10 16:00:00,18,7.5,1020.7,2.36,292.15,3.65,2.35,3.36
2023-01-10 17:00:00,18,8.05,1020.43,2.31,248.25,3.85,2.24,3.25
2023-01-10 01:00:00,00,6.85,1018.35,2.95,157.9,6.35,1.11,2.05
2023-01-10 02:00:00,00,6.65,1018.05,2.73,129.72,5.48,1.6,2.47
2023-01-10 03:00:00,00,6.5,1017.93,2.25,130.84,4.29,1.93,2.85
2023-01-10 04:00:00,00,6.4,1018.2,1.85,132.26,3.36,2.01,2.95
2023-01-10 05:00:00,00,6.15,1018.49,1.86,127.69,2.99,1.83,2.77
2023-01-10 06:00:00,00,6.09,1018.52,1.9,100.6,3.11,1.44,2.48
2023-01-10 07:00:00,00,6.05,1019.19,2.05,86.06,3.14,0.93,1.98
2023-01-10 08:00:00,00,5.92,1019.9,1.89,84.33,2.84,0.44,1.5
2023-01-10 09:00:00,00,5.86,1019.8,2.49,75.29,3.45,0.1,1.17
2023-01-10 10:00:00,00,5.81,1019.89,2.7,71.7,3.81,0.01,1.08
2023-01-10 11:00:00,00,5.81,1020.12,2.77,69.08,3.75,0.21,1.29
2023-01-10 12:00:00,00,5.81,1020.37,2.41,55.15,3.14,0.65,1.73
2023-01-10 13:00:00,00,6.05,1020.49,2.17,37.69,2.8,1.23,2.31
2023-01-10 14:00:00,00,6.65,1020.67,2.05,14.17,2.78,1.78,2.88
2023-01-10 15:00:00,00,7.25,1020.68,2.31,351.08,2.77,2.19,3.29
2023-01-10 16:00:00,00,7.68,1020.24,2.25,334.91,2.86,2.35,3.46
2023-01-10 17:00:00,00,8.35,1020.01,1.07,300.39,2.13,2.24,3.24
2023-01-10 18:00:00,00,8.66,1019.02,1.53,291.09,2.83,1.88,2.89
2023-01-10 19:00:00,00,8.65,1017.64,1.97,307.06,3.41,1.37,2.37
2023-01-10 20:00:00,00,8.65,1017.59,0.84,298.72,2.76,0.81,1.81
2023-01-10 21:00:00,00,8.1,1017.68,0.65,348.6,2.51,0.33,1.43
2023-01-10 22:00:00,00,7.54,1017.83,1.47,29.93,2.04,0.06,1.16
2023-01-10 23:00:00,00,7.2,1018.59,1.45,50.9,1.85,0.06,1.16
2023-01-10 06:00:00,06,5.9,1018.43,1.45,132.91,1.79,1.44,2.38
2023-01-10 07:00:00,06,5.74,1019.01,1.21,135.18,1.67,0.93,1.81
2023-01-10 08:00:00,06,5.67,1019.63,1.2,165.13,1.49,0.44,1.3
2023-01-10 09:00:00,06,5.52,1019.5,1.1,134.1,1.43,0.1,0.89
2023-01-10 10:00:00,06,5.49,1019.62,1.38,85.75,1.95,0.01,0.85
2023-01-10 11:00:00,06,5.61,1019.91,2.26,63.5,3.05,0.21,1.06
2023-01-10 12:00:00,06,5.65,1020.14,2.39,55.8,3.1,0.65,1.51
2023-01-10 13:00:00,06,5.85,1020.25,2.31,55.37,2.95,1.23,2.1
2023-01-10 14:00:00,06,6.45,1020.41,1.99,36.81,2.82,1.78,2.67
2023-01-10 15:00:00,06,7.15,1020.48,1.95,1.81,2.48,2.19,3.09
2023-01-10 16:00:00,06,7.65,1019.97,2.11,348.6,2.57,2.35,3.27
2023-01-10 17:00:00,06,8.19,1019.77,0.91,342.15,1.65,2.24,3.17
2023-01-10 18:00:00,06,8.58,1018.98,1.02,312.93,2.18,1.88,2.73
2023-01-10 19:00:00,06,8.4,1017.55,2.07,330.02,3.11,1.37,2.22
2023-01-10 20:00:00,06,8.45,1017.5,1.31,334.69,2.64,0.81,1.68
2023-01-10 21:00:00,06,7.92,1017.71,1.39,21.46,2.23,0.33,1.31
2023-01-10 22:00:00,06,7.46,1018.1,2.61,35.49,2.55,0.06,1.05
2023-01-10 23:00:00,06,7.3,1018.45,2.83,28.96,3.02,0.06,1.05
2023-01-11 00:00:00,06,7.01,1019.07,2.44,22.23,2.92,0.33,1.32
2023-01-11 01:00:00,06,6.65,1018.96,2.59,3.24,3.03,0.8,1.79
2023-01-11 02:00:00,06,6.49,1019.14,1.92,351.4,2.16,1.32,2.32
2023-01-11 03:00:00,06,6.64,1019.13,1.86,341.78,2.05,1.76,2.66
2023-01-11 04:00:00,06,6.34,1019.07,2.04,317.96,2.14,2.0,2.9
2023-01-11 05:00:00,06,6.33,1019.0,1.81,319.76,1.7,1.99,2.88
2023-01-10 12:00:00,12,5.45,1019.99,1.57,41.51,2.19,0.65,1.47
2023-01-10 13:00:00,12,5.65,1020.1,1.52,37.67,2.09,1.23,2.05
2023-01-10 14:00:00,12,6.35,1020.27,1.26,9.54,2.07,1.78,2.61
2023-01-10 15:00:00,12,6.95,1020.19,1.77,322.32,2.6,2.19,3.02
2023-01-10 16:00:00,12,7.45,1019.67,2.01,313.13,3.01,2.35,3.2
2023-01-10 17:00:00,12,8.15,1019.42,1.27,269.72,2.33,2.24,3.09
2023-01-10 18:00:00,12,8.45,1018.57,1.33,256.92,2.56,1.88,2.74
2023-01-10 19:00:00,12,8.36,1017.11,1.88,298.99,3.21,1.37,2.23
2023-01-10 20:00:00,12,8.45,1016.99,0.86,253.51,2.81,0.81,1.67
2023-01-10 21:00:00,12,7.88,1017.43,0.84,160.76,2.34,0.33,1.2
2023-01-10 22:00:00,12,7.34,1017.68,0.82,89.07,1.53,0.06,0.93
2023-01-10 23:00:00,12,7.05,1018.13,1.54,56.0,1.53,0.06,0.93
2023-01-11 00:00:00,12,6.65,1018.71,1.54,38.71,1.64,0.33,1.21
2023-01-11 01:00:00,12,6.55,1018.81,1.14,17.3,1.42,0.8,1.68
2023-01-11 02:00:00,12,6.4,1018.83,0.3,327.28,0.89,1.32,2.21
2023-01-11 03:00:00,12,6.35,1018.79,0.26,279.91,0.82,1.76,2.65
2023-01-11 04:00:00,12,6.26,1018.9,0.8,225.81,0.88,2.0,2.8
2023-01-11 05:00:00,12,6.15,1018.98,1.26,180.46,0.99,1.99,2.78
2023-01-11 06:00:00,12,6.03,1019.13,2.2,133.66,2.06,1.73,2.62
2023-01-11 07:00:00,12,5.8,1019.49,1.88,116.04,2.24,1.29,2.19
2023-01-11 08:00:00,12,5.79,1019.81,2.11,85.0,2.72,0.8,1.69
2023-01-11 09:00:00,12,5.75,1019.88,2.93,66.82,3.92,0.36,1.26
2023-01-11 10:00:00,12,5.67,1020.4,2.63,52.77,3.57,0.11,1.01
2023-01-11 11:00:00,12,5.75,1021.15,2.96,56.84,3.87,0.12,1.01
2023-01-10 18:00:00,18,8.45,1018.6,1.65,267.75,2.95,1.88,2.71
2023-01-10 19:00:00,18,8.25,1017.09,2.31,297.52,3.7,1.37,2.16
2023-01-10 20:00:00,18,8.38,1016.97,1.34,261.5,2.95,0.81,1.53
2023-01-10 21:00:00,18,7.86,1017.31,1.09,204.37,2.34,0.33,1.06
2023-01-10 22:00:00,18,7.33,1017.46,0.94,165.71,1.56,0.06,0.8
2023-01-10 23:00:00,18,6.95,1018.05,1.09,141.31,1.35,0.06,0.81
2023-01-11 00:00:00,18,6.7,1018.58,0.7,99.32,0.86,0.33,1.1
2023-01-11 01:00:00,18,6.6,1018.74,0.19,65.58,0.69,0.8,1.58
2023-01-11 02:00:00,18,6.4,1018.73,0.59,237.51,0.83,1.32,2.12
2023-01-11 03:00:00,18,6.34,1018.73,0.98,237.07,1.0,1.76,2.57
2023-01-11 04:00:00,18,6.3,1018.85,1.4,227.98,1.26,2.0,2.72
2023-01-11 05:00:00,18,6.2,1018.86,1.32,197.14,1.32,1.99,2.71
2023-01-11 06:00:00,18,6.03,1018.96,1.83,149.9,1.95,1.73,2.56
2023-01-11 07:00:00,18,5.92,1019.51,2.01,133.68,2.13,1.29,2.14
2023-01-11 08:00:00,18,5.79,1019.89,2.07,120.94,2.26,0.8,1.66
2023-01-11 09:00:00,18,5.75,1019.79,1.83,102.12,2.32,0.36,1.24
2023-01-11 10:00:00,18,5.67,1020.28,1.69,87.91,2.46,0.11,1.0
2023-01-11 11:00:00,18,5.59,1020.69,1.83,56.14,2.46,0.12,1.0
2023-01-11 12:00:00,18,5.79,1021.43,2.9,36.67,3.75,0.39,1.27
2023-01-11 13:00:00,18,5.95,1021.52,3.21,23.83,4.68,0.86,1.75
2023-01-11 14:00:00,18,6.62,1021.95,3.11,8.92,5.14,1.41,2.3
2023-01-11 15:00:00,18,7.31,1022.72,2.76,352.37,3.97,1.9,2.78
2023-01-11 16:00:00,18,7.97,1022.61,2.85,344.3,3.77,2.19,3.08
2023-01-11 17:00:00,18,8.15,1021.95,2.39,343.79,3.16,2.24,3.13
2023-01-12 01:00:00,00,6.97,1022.31,3.26,322.34,6.25,0.52,1.51
2023-01-12 02:00:00,00,6.88,1022.55,2.69,319.54,5.31,1.02,1.98
2023-01-12 03:00:00,00,7.23,1021.86,4.32,317.83,7.91,1.52,2.46
2023-01-12 04:00:00,00,7.12,1021.68,2.91,319.3,6.11,1.9,2.89
2023-01-12 05:00:00,00,7.32,1021.2,3.16,310.17,6.33,2.05,3.03
2023-01-12 06:00:00,00,7.25,1020.8,2.95,305.28,6.15,1.94,2.92
2023-01-12 07:00:00,00,7.35,1020.47,3.33,303.29,7.11,1.62,2.58
2023-01-12 08:00:00,00,7.25,1020.31,2.92,292.83,6.42,1.17,2.12
2023-01-12 09:00:00,00,7.45,1019.6,3.17,290.67,7.37,0.7,1.64
2023-01-12 10:00:00,00,7.35,1019.39,3.05,286.16,7.55,0.33,1.26
2023-01-12 11:00:00,00,7.35,1019.3,3.46,285.16,7.65,0.15,1.08
2023-01-12 12:00:00,00,7.15,1018.94,3.5,277.61,7.74,0.23,1.15
2023-01-12 13:00:00,00,7.26,1019.03,2.73,278.87,6.78,0.55,1.46
2023-01-12 14:00:00,00,7.96,1019.35,2.69,264.72,7.32,1.03,1.92
2023-01-12 15:00:00,00,8.78,1019.27,3.19,267.51,7.47,1.54,2.42
2023-01-12 16:00:00,00,9.57,1018.75,3.79,267.85,8.75,1.94,2.82
2023-01-12 17:00:00,00,10.18,1017.27,4.19,264.49,9.27,2.14,3.01
2023-01-12 18:00:00,00,9.67,1015.76,4.68,265.19,10.16,2.09,2.86
2023-01-12 19:00:00,00,10.27,1014.82,5.29,267.5,11.5,1.8,2.58
2023-01-12 20:00:00,00,10.26,1013.95,6.53,268.88,13.25,1.36,2.13
2023-01-12 21:00:00,00,10.05,1012.85,6.26,269.09,13.53,0.85,1.63
2023-01-12 22:00:00,00,9.95,1011.72,6.94,268.94,13.81,0.4,1.18
2023-01-12 23:00:00,00,9.91,1011.64,7.98,264.1,15.42,0.12,0.89
2023-01-12 06:00:00,06,7.35,1021.0,2.85,311.47,5.7,1.94,2.96
2023-01-12 07:00:00,06,7.35,1020.73,3.18,309.47,6.47,1.62,2.64
2023-01-12 08:00:00,06,7.45,1020.57,2.99,299.67,6.07,1.17,2.16
2023-01-12 09:00:00,06,7.46,1019.87,3.2,295.9,6.58,0.7,1.63
2023-01-12 10:00:00,06,7.35,1019.64,2.98,287.66,7.02,0.33,1.32
2023-01-12 11:00:00,06,7.45,1019.61,3.29,285.35,7.63,0.15,1.14
2023-01-12 12:00:00,06,7.15,1019.21,3.46,279.18,7.62,0.23,1.22
2023-01-12 13:00:00,06,7.25,1019.6,2.43,271.22,5.77,0.55,1.54
2023-01-12 14:00:00,06,7.96,1019.63,2.47,262.12,6.32,1.03,2.01
2023-01-12 15:00:00,06,8.27,1019.61,2.55,273.18,6.4,1.54,2.52
2023-01-12 16:00:00,06,8.57,1019.22,3.27,271.33,8.01,1.94,2.92
2023-01-12 17:00:00,06,9.77,1017.6,3.83,265.94,8.31,2.14,3.12
2023-01-12 18:00:00,06,8.96,1016.28,3.76,266.82,9.09,2.09,2.96
2023-01-12 19:00:00,06,10.25,1015.25,4.54,274.35,10.01,1.8,2.68
2023-01-12 20:00:00,06,10.03,1014.23,5.56,272.92,12.08,1.36,2.23
2023-01-12 21:00:00,06,10.08,1013.11,6.27,272.5,13.25,0.85,1.73
2023-01-12 22:00:00,06,10.17,1011.82,6.57,268.7,13.27,0.4,1.27
2023-01-12 23:00:00,06,10.12,1011.76,7.4,266.17,14.47,0.12,0.99
2023-01-13 00:00:00,06,10.07,1011.09,7.98,265.64,15.55,0.07,0.94
2023-01-13 01:00:00,06,9.99,1011.05,8.36,260.0,16.25,0.28,1.05
2023-01-13 02:00:00,06,10.08,1009.72,8.64,264.0,16.91,0.7,1.38
2023-01-13 03:00:00,06,10.05,1008.89,9.19,262.98,17.65,1.22,1.79
2023-01-13 04:00:00,06,10.15,1007.72,9.86,263.94,18.64,1.7,2.17
2023-01-13 05:00:00,06,10.13,1006.79,10.44,260.41,19.81,2.01,2.38
2023-01-12 12:00:00,12,7.25,1019.17,3.4,278.24,7.24,0.23,1.26
2023-01-12 13:00:00,12,7.35,1019.41,2.53,270.33,5.55,0.55,1.65
2023-01-12 14:00:00,12,7.86,1019.51,2.51,258.81,6.31,1.03,2.19
2023-01-12 15:00:00,12,8.16,1019.33,2.81,273.33,6.66,1.54,2.67
2023-01-12 16:00:00,12,8.37,1018.98,3.06,271.06,7.34,1.94,3.04
2023-01-12 17:00:00,12,9.76,1017.28,3.72,268.38,8.0,2.14,3.23
2023-01-12 18:00:00,12,8.96,1015.94,3.63,271.31,8.11,2.09,3.06
2023-01-12 19:00:00,12,10.15,1015.01,4.5,260.03,9.67,1.8,2.77
2023-01-12 20:00:00,12,9.85,1014.26,4.84,266.59,10.7,1.36,2.32
2023-01-12 21:00:00,12,9.86,1012.99,5.28,273.29,11.59,0.85,1.8
2023-01-12 22:00:00,12,9.86,1011.83,5.9,273.55,12.35,0.4,1.44
2023-01-12 23:00:00,12,9.89,1011.48,6.86,270.39,14.19,0.12,1.04
2023-01-13 00:00:00,12,10.03,1010.71,8.35,262.13,16.01,0.07,0.98
2023-01-13 01:00:00,12,10.08,1010.31,8.42,260.17,16.39,0.28,1.08
2023-01-13 02:00:00,12,10.17,1009.42,8.82,265.0,17.25,0.7,1.5
2023-01-13 03:00:00,12,10.15,1008.28,9.76,263.88,18.51,1.22,1.9
2023-01-13 04:00:00,12,10.25,1006.87,10.88,265.19,20.01,1.7,2.27
2023-01-13 05:00:00,12,10.21,1006.09,11.21,260.32,20.75,2.01,2.38
2023-01-13 06:00:00,12,10.16,1005.34,10.92,252.04,20.43,2.08,2.35
2023-01-13 07:00:00,12,9.86,1005.29,8.64,222.63,16.64,1.91,2.08
2023-01-13 08:00:00,12,9.65,1004.53,6.87,231.63,15.09,1.55,1.72
2023-01-13 09:00:00,12,9.25,1004.11,7.7,230.66,15.68,1.09,1.26
2023-01-13 10:00:00,12,9.0,1004.32,7.52,230.72,14.9,0.65,0.72
2023-01-13 11:00:00,12,8.99,1004.71,7.31,227.34,14.28,0.33,0.4
2023-01-12 18:00:00,18,9.17,1015.73,4.02,262.81,8.73,2.09,3.17
2023-01-12 19:00:00,18,10.77,1014.7,5.04,258.15,10.25,1.8,2.85
2023-01-12 20:00:00,18,10.36,1013.89,5.52,258.51,10.72,1.36,2.37
2023-01-12 21:00:00,18,10.26,1012.79,5.62,265.54,11.36,0.85,1.88
2023-01-12 22:00:00,18,10.14,1011.65,5.71,269.03,11.82,0.4,1.46
2023-01-12 23:00:00,18,10.1,1011.32,6.57,270.24,13.85,0.12,1.17
2023-01-13 00:00:00,18,10.16,1010.58,7.95,263.2,15.64,0.07,1.11
2023-01-13 01:00:00,18,10.15,1010.26,7.89,260.55,15.86,0.28,1.32
2023-01-13 02:00:00,18,10.25,1009.52,7.89,262.98,16.21,0.7,1.63
2023-01-13 03:00:00,18,10.22,1008.52,8.79,263.68,17.56,1.22,2.04
2023-01-13 04:00:00,18,10.28,1007.31,9.91,262.21,18.98,1.7,2.41
2023-01-13 05:00:00,18,10.38,1006.27,10.39,259.92,19.74,2.01,2.61
2023-01-13 06:00:00,18,10.21,1005.16,10.09,255.06,19.71,2.08,2.58
2023-01-13 07:00:00,18,10.12,1005.04,10.94,235.33,18.83,1.91,2.3
2023-01-13 08:00:00,18,9.65,1005.11,8.51,233.8,17.02,1.55,1.84
2023-01-13 09:00:00,18,9.32,1005.0,9.32,233.75,19.37,1.09,1.37
2023-01-13 10:00:00,18,9.3,1004.46,8.13,233.71,16.41,0.65,0.72
2023-01-13 11:00:00,18,9.1,1004.99,7.92,221.51,15.2,0.33,0.4
2023-01-13 12:00:00,18,9.1,1005.68,6.88,218.81,13.04,0.21,0.28
2023-01-13 13:00:00,18,9.05,1005.77,5.79,213.33,11.26,0.34,0.41
2023-01-13 14:00:00,18,9.17,1006.27,5.0,203.14,9.24,0.67,0.74
2023-01-13 15:00:00,18,9.11,1007.37,5.28,152.57,8.46,1.14,1.31
2023-01-13 16:00:00,18,8.71,1007.18,4.91,131.39,7.41,1.6,1.97
2023-01-13 17:00:00,18,9.06,1006.72,3.64,120.38,5.66,1.93,2.4
2023-01-13 01:00:00,00,10.37,1010.75,7.77,258.86,15.89,0.28,1.29
2023-01-13 02:00:00,00,10.37,1010.29,7.79,259.42,16.03,0.7,1.52
2023-01-13 03:00:00,00,10.28,1009.6,8.08,261.88,16.56,1.22,1.94
2023-01-13 04:00:00,00,10.16,1008.64,8.25,260.24,17.16,1.7,2.36
2023-01-13 05:00:00,00,10.0,1007.51,8.2,257.49,17.02,2.01,2.68
2023-01-13 06:00:00,00,9.94,1006.22,7.82,252.85,17.22,2.08,2.66
2023-01-13 07:00:00,00,10.11,1005.74,8.85,242.37,16.9,1.91,2.5
2023-01-13 08:00:00,00,9.95,1004.98,7.07,229.2,14.66,1.55,2.15
2023-01-13 09:00:00,00,9.75,1004.06,6.31,226.0,14.6,1.09,1.7
2023-01-13 10:00:00,00,9.48,1004.32,7.26,229.66,15.17,0.65,1.27
2023-01-13 11:00:00,00,9.41,1004.8,7.41,221.16,14.43,0.33,0.85
2023-01-13 12:00:00,00,9.45,1004.83,6.3,219.43,12.21,0.21,0.64
2023-01-13 13:00:00,00,9.38,1005.25,6.19,205.9,10.84,0.34,0.78
2023-01-13 14:00:00,00,9.48,1006.11,5.43,184.75,9.67,0.67,1.03
2023-01-13 15:00:00,00,9.16,1006.45,5.34,146.69,8.37,1.14,1.5
2023-01-13 16:00:00,00,9.01,1007.32,4.94,142.67,7.44,1.6,1.97
2023-01-13 17:00:00,00,9.68,1005.81,4.66,122.36,6.6,1.93,2.5
2023-01-13 18:00:00,00,9.66,1005.23,3.97,105.0,5.85,2.04,2.81
2023-01-13 19:00:00,00,9.75,1004.56,4.52,92.61,6.47,1.92,2.69
2023-01-13 20:00:00,00,9.3,1004.52,5.04,78.34,6.7,1.6,2.47
2023-01-13 21:00:00,00,8.77,1005.51,5.45,81.93,7.77,1.15,2.02
2023-01-13 22:00:00,00,8.37,1005.86,6.11,78.28,9.21,0.67,1.64
2023-01-13 23:00:00,00,8.16,1006.34,5.96,79.68,9.62,0.28,1.26
2023-01-13 06:00:00,06,9.85,1006.93,6.56,250.18,15.13,2.08,2.89
2023-01-13 07:00:00,06,9.84,1006.8,5.79,231.16,13.7,1.91,2.66
2023-01-13 08:00:00,06,9.67,1005.53,4.35,230.74,11.22,1.55,2.38
2023-01-13 09:00:00,06,9.54,1005.11,4.9,229.5,12.35,1.09,1.97
2023-01-13 10:00:00,06,9.62,1004.16,5.37,242.63,13.75,0.65,1.48
2023-01-13 11:00:00,06,9.75,1004.34,7.23,225.79,14.45,0.33,1.15
2023-01-13 12:00:00,06,9.57,1004.39,7.2,223.72,14.11,0.21,0.93
2023-01-13 13:00:00,06,9.59,1005.12,8.1,213.38,14.15,0.34,1.05
2023-01-13 14:00:00,06,9.58,1005.61,6.41,188.29,10.95,0.67,1.29
2023-01-13 15:00:00,06,9.48,1006.79,5.24,155.39,8.49,1.14,1.74
2023-01-13 16:00:00,06,9.21,1006.71,4.8,141.07,7.92,1.6,2.3
2023-01-13 17:00:00,06,9.49,1005.55,5.1,118.83,7.55,1.93,2.62
2023-01-13 18:00:00,06,9.38,1005.09,4.57,104.57,6.76,2.04,2.84
2023-01-13 19:00:00,06,8.91,1004.53,4.53,103.98,6.72,1.92,2.91
2023-01-13 20:00:00,06,8.85,1004.38,4.69,80.91,7.08,1.6,2.58
2023-01-13 21:00:00,06,8.63,1005.29,5.15,76.3,7.83,1.15,2.23
2023-01-13 22:00:00,06,8.42,1005.22,6.36,88.39,9.23,0.67,1.75
2023-01-13 23:00:00,06,8.23,1006.17,6.07,85.96,9.36,0.28,1.36
2023-01-14 00:00:00,06,8.02,1006.28,6.5,94.33,9.92,0.08,1.26
2023-01-14 01:00:00,06,7.74,1006.71,7.68,92.84,10.63,0.12,1.3
2023-01-14 02:00:00,06,7.39,1007.34,7.05,98.53,9.56,0.41,1.58
2023-01-14 03:00:00,06,7.05,1007.49,7.37,100.96,9.72,0.87,2.15
2023-01-14 04:00:00,06,6.75,1007.2,7.57,107.77,10.22,1.39,2.67
2023-01-14 05:00:00,06,6.64,1007.29,7.22,110.64,9.77,1.84,3.11
2023-01-13 12:00:00,12,9.52,1004.45,6.77,224.93,13.96,0.21,1.08
2023-01-13 13:00:00,12,9.45,1004.96,7.02,218.83,13.38,0.34,1.22
2023-01-13 14:00:00,12,9.56,1005.73,5.95,208.36,10.46,0.67,1.66
2023-01-13 15:00:00,12,9.7,1005.69,4.43,159.33,7.6,1.14,2.15
2023-01-13 16:00:00,12,10.02,1006.33,5.4,147.63,7.64,1.6,2.49
2023-01-13 17:00:00,12,9.47,1004.85,5.14,129.1,7.64,1.93,2.9
2023-01-13 18:00:00,12,9.7,1004.35,5.54,104.48,7.51,2.04,3.1
2023-01-13 19:00:00,12,9.56,1004.46,5.46,97.96,7.3,1.92,3.06
2023-01-13 20:00:00,12,9.2,1004.76,5.35,95.75,7.4,1.6,2.82
2023-01-13 21:00:00,12,8.77,1005.42,6.18,92.14,8.56,1.15,2.35
2023-01-13 22:00:00,12,8.35,1005.43,6.52,90.5,9.55,0.67,1.86
2023-01-13 23:00:00,12,8.15,1006.52,6.29,89.13,9.49,0.28,1.46
2023-01-14 00:00:00,12,7.82,1006.92,6.91,100.49,10.2,0.08,1.33
2023-01-14 01:00:00,12,7.6,1007.07,7.21,99.93,10.2,0.12,1.26
2023-01-14 02:00:00,12,7.18,1007.44,7.26,100.36,10.06,0.41,1.63
2023-01-14 03:00:00,12,6.95,1007.88,7.23,103.27,9.9,0.87,2.17
2023-01-14 04:00:00,12,6.65,1007.58,7.28,111.41,10.06,1.39,2.68
2023-01-14 05:00:00,12,6.54,1007.5,6.99,114.89,9.84,1.84,3.12
2023-01-14 06:00:00,12,6.34,1007.42,6.74,113.61,9.61,2.1,3.38
2023-01-14 07:00:00,12,6.14,1007.62,6.74,117.21,9.22,2.12,3.4
2023-01-14 08:00:00,12,6.25,1007.79,7.38,116.05,9.11,1.91,3.19
2023-01-14 09:00:00,12,6.29,1008.2,7.34,117.52,8.91,1.52,2.81
2023-01-14 10:00:00,12,6.11,1008.56,7.51,115.86,8.94,1.06,2.35
2023-01-14 11:00:00,12,5.81,1008.96,7.2,111.73,9.18,0.64,1.92
2023-01-13 18:00:00,18,9.59,1003.96,5.29,106.05,7.42,2.04,3.14
2023-01-13 19:00:00,18,9.95,1003.72,5.42,93.48,7.36,1.92,2.91
2023-01-13 20:00:00,18,9.4,1004.08,5.11,88.37,7.54,1.6,2.65
2023-01-13 21:00:00,18,9.02,1004.68,6.32,82.29,9.1,1.15,2.22
2023-01-13 22:00:00,18,8.67,1004.43,6.9,90.16,10.49,0.67,1.82
2023-01-13 23:00:00,18,8.35,1005.8,7.14,94.08,10.58,0.28,1.44
2023-01-14 00:00:00,18,8.05,1006.13,7.74,102.65,10.9,0.08,1.34
2023-01-14 01:00:00,18,7.65,1007.22,7.3,98.96,10.36,0.12,1.48
2023-01-14 02:00:00,18,7.29,1007.21,7.84,103.96,10.78,0.41,1.77
2023-01-14 03:00:00,18,6.96,1007.57,7.63,104.83,10.48,0.87,2.23
2023-01-14 04:00:00,18,6.74,1007.79,7.25,105.12,10.04,1.39,2.86
2023-01-14 05:00:00,18,6.54,1007.75,6.76,107.53,9.33,1.84,3.41
2023-01-14 06:00:00,18,6.54,1007.55,7.07,106.08,9.3,2.1,3.57
2023-01-14 07:00:00,18,6.65,1007.79,7.45,110.86,9.32,2.12,3.6
2023-01-14 08:00:00,18,6.55,1008.03,7.44,115.24,9.03,1.91,3.39
2023-01-14 09:00:00,18,6.35,1008.03,8.13,112.17,9.5,1.52,3.01
2023-01-14 10:00:00,18,5.91,1008.67,7.55,114.54,9.65,1.06,2.55
2023-01-14 11:00:00,18,5.7,1008.7,8.27,109.2,10.97,0.64,2.12
2023-01-14 12:00:00,18,5.49,1009.34,8.07,108.85,11.33,0.34,1.83
2023-01-14 13:00:00,18,5.38,1009.53,8.22,107.76,11.95,0.25,1.84
2023-01-14 14:00:00,18,5.63,1010.74,8.09,105.93,11.21,0.4,1.99
2023-01-14 15:00:00,18,6.15,1011.93,7.65,108.25,10.16,0.73,2.33
2023-01-14 16:00:00,18,6.65,1011.84,7.68,109.79,9.9,1.18,2.77
2023-01-14 17:00:00,18,6.85,1010.59,8.09,111.04,10.38,1.59,3.18
2023-01-14 01:00:00,00,7.77,1007.14,7.3,94.28,10.41,0.12,1.48
2023-01-14 02:00:00,00,7.37,1007.01,8.14,100.54,10.71,0.41,1.74
2023-01-14 03:00:00,00,7.15,1007.15,8.22,101.16,10.98,0.87,2.25
2023-01-14 04:00:00,00,6.96,1007.32,7.94,98.64,10.63,1.39,2.78
2023-01-14 05:00:00,00,6.82,1007.4,7.78,100.94,10.43,1.84,3.24
2023-01-14 06:00:00,00,6.72,1007.4,8.04,100.07,10.41,2.1,3.52
2023-01-14 07:00:00,00,6.55,1007.79,8.41,103.0,10.62,2.12,3.65
2023-01-14 08:00:00,00,6.51,1008.23,8.47,107.48,10.44,1.91,3.46
2023-01-14 09:00:00,00,6.32,1008.41,8.71,107.93,10.64,1.52,3.09
2023-01-14 10:00:00,00,5.79,1008.77,8.32,107.79,10.86,1.06,2.65
2023-01-14 11:00:00,00,5.68,1009.45,7.75,107.35,10.43,0.64,2.24
2023-01-14 12:00:00,00,5.48,1009.6,8.35,107.18,11.2,0.34,1.96
2023-01-14 13:00:00,00,5.45,1010.13,7.86,107.74,11.33,0.25,1.89
2023-01-14 14:00:00,00,5.78,1010.21,9.04,107.01,12.09,0.4,2.05
2023-01-14 15:00:00,00,6.21,1011.12,8.67,109.32,11.36,0.73,2.41
2023-01-14 16:00:00,00,6.78,1012.51,7.23,107.28,9.39,1.18,2.87
2023-01-14 17:00:00,00,6.96,1011.14,7.97,108.5,10.13,1.59,3.28
2023-01-14 18:00:00,00,6.98,1010.34,7.98,107.41,10.28,1.87,3.56
2023-01-14 19:00:00,00,7.1,1010.15,8.28,112.45,10.62,1.94,3.63
2023-01-14 20:00:00,00,7.05,1010.62,8.28,111.29,11.01,1.78,3.27
2023-01-14 21:00:00,00,6.76,1010.61,9.22,107.79,12.2,1.44,3.12
2023-01-14 22:00:00,00,6.36,1010.95,8.93,114.3,13.13,0.99,2.68
2023-01-14 23:00:00,00,6.2,1012.65,8.26,107.51,13.03,0.55,2.23
2023-01-14 06:00:00,06,6.62,1007.32,8.04,99.07,10.42,2.1,3.53
2023-01-14 07:00:00,06,6.61,1007.75,8.25,102.02,10.53,2.12,3.5
2023-01-14 08:00:00,06,6.64,1008.1,8.15,105.05,10.35,1.91,3.18
2023-01-14 09:00:00,06,6.56,1008.14,8.39,106.96,10.33,1.52,2.89
2023-01-14 10:00:00,06,6.32,1008.63,8.4,105.86,10.32,1.06,2.53
2023-01-14 11:00:00,06,6.12,1009.01,8.4,101.55,10.78,0.64,2.2
2023-01-14 12:00:00,06,5.94,1009.56,8.47,102.06,10.82,0.34,1.91
2023-01-14 13:00:00,06,5.8,1009.7,9.21,101.41,11.66,0.25,1.82
2023-01-14 14:00:00,06,5.91,1010.89,8.56,103.3,11.03,0.4,1.97
2023-01-14 15:00:00,06,6.18,1011.7,8.6,108.82,10.9,0.73,2.31
2023-01-14 16:00:00,06,6.6,1011.85,8.41,105.27,10.62,1.18,2.75
2023-01-14 17:00:00,06,7.01,1011.2,8.03,109.57,10.07,1.59,3.17
2023-01-14 18:00:00,06,7.11,1010.57,7.98,108.19,10.01,1.87,3.45
2023-01-14 19:00:00,06,6.9,1010.04,8.68,112.03,11.13,1.94,3.42
2023-01-14 20:00:00,06,7.06,1010.04,9.21,114.43,12.0,1.78,3.26
2023-01-14 21:00:00,06,6.65,1010.06,8.93,117.31,12.84,1.44,2.92
2023-01-14 22:00:00,06,6.2,1011.51,8.38,106.76,12.78,0.99,2.48
2023-01-14 23:00:00,06,6.05,1012.91,7.81,108.43,12.59,0.55,2.13
2023-01-15 00:00:00,06,6.05,1013.5,8.33,109.81,13.88,0.21,1.89
2023-01-15 01:00:00,06,5.92,1013.98,8.29,109.47,13.92,0.06,1.75
2023-01-15 02:00:00,06,5.75,1014.23,8.29,111.59,13.33,0.16,1.85
2023-01-15 03:00:00,06,5.55,1014.35,8.31,118.73,12.93,0.5,2.18
2023-01-15 04:00:00,06,5.38,1014.48,8.33,120.82,12.36,0.99,2.68
2023-01-15 05:00:00,06,5.38,1014.87,8.46,119.17,12.36,1.52,3.21
2023-01-14 12:00:00,12,6.03,1009.5,8.64,100.33,10.46,0.34,1.97
2023-01-14 13:00:00,12,6.06,1009.35,9.39,100.77,11.51,0.25,1.87
2023-01-14 14:00:00,12,6.05,1010.46,8.9,100.2,11.2,0.4,2.02
2023-01-14 15:00:00,12,6.08,1010.88,9.13,103.11,11.58,0.73,2.34
2023-01-14 16:00:00,12,6.08,1011.89,8.13,106.05,10.61,1.18,2.73
2023-01-14 17:00:00,12,6.2,1010.77,8.58,107.1,11.15,1.59,3.23
2023-01-14 18:00:00,12,6.6,1010.59,8.51,103.55,10.62,1.87,3.5
2023-01-14 19:00:00,12,6.36,1010.26,8.28,107.07,10.66,1.94,3.55
2023-01-14 20:00:00,12,6.56,1010.14,8.6,107.51,11.7,1.78,3.28
2023-01-14 21:00:00,12,6.5,1010.99,7.79,112.75,10.76,1.44,3.02
2023-01-14 22:00:00,12,6.16,1011.58,8.1,112.93,11.21,0.99,2.46
2023-01-14 23:00:00,12,6.0,1013.14,7.59,102.33,11.8,0.55,2.21
2023-01-15 00:00:00,12,6.1,1013.44,8.61,111.44,13.65,0.21,1.75
2023-01-15 01:00:00,12,5.8,1013.91,8.45,110.72,13.76,0.06,1.6
2023-01-15 02:00:00,12,5.65,1014.05,8.71,111.32,13.53,0.16,1.68
2023-01-15 03:00:00,12,5.55,1014.3,8.51,117.6,12.91,0.5,2.01
2023-01-15 04:00:00,12,5.29,1014.24,8.74,122.83,12.66,0.99,2.49
2023-01-15 05:00:00,12,5.12,1014.86,8.59,121.02,12.32,1.52,3.02
2023-01-15 06:00:00,12,4.88,1015.22,8.52,121.84,12.02,1.95,3.45
2023-01-15 07:00:00,12,4.68,1015.69,8.44,121.72,11.94,2.19,3.78
2023-01-15 08:00:00,12,4.52,1015.97,8.58,120.14,12.34,2.18,3.67
2023-01-15 09:00:00,12,4.48,1016.03,8.36,120.27,12.4,1.95,3.44
2023-01-15 10:00:00,12,4.32,1016.32,7.79,115.37,12.15,1.55,3.04
2023-01-15 11:00:00,12,4.28,1016.96,7.41,109.81,11.8,1.08,2.57
2023-01-14 18:00:00,18,6.39,1010.92,8.27,105.02,10.15,1.87,3.3
2023-01-14 19:00:00,18,6.06,1010.73,8.42,108.59,10.74,1.94,3.34
2023-01-14 20:00:00,18,6.3,1010.03,9.61,112.49,12.51,1.78,3.2
2023-01-14 21:00:00,18,6.05,1011.68,8.31,105.3,11.13,1.44,2.77
2023-01-14 22:00:00,18,5.86,1012.44,8.49,108.46,11.66,0.99,2.29
2023-01-14 23:00:00,18,5.7,1012.69,9.22,111.12,13.55,0.55,1.95
2023-01-15 00:00:00,18,5.6,1013.62,9.09,108.02,14.02,0.21,1.62
2023-01-15 01:00:00,18,5.65,1013.81,9.27,109.37,14.41,0.06,1.48
2023-01-15 02:00:00,18,5.56,1013.82,9.5,109.23,14.8,0.16,1.79
2023-01-15 03:00:00,18,5.4,1014.52,8.7,110.98,13.56,0.5,2.14
2023-01-15 04:00:00,18,5.2,1014.83,8.45,112.97,12.73,0.99,2.64
2023-01-15 05:00:00,18,5.1,1014.97,8.67,115.86,12.52,1.52,3.17
2023-01-15 06:00:00,18,4.92,1014.87,9.26,119.22,13.03,1.95,3.61
2023-01-15 07:00:00,18,4.65,1015.63,8.91,117.12,12.75,2.19,3.85
2023-01-15 08:00:00,18,4.58,1015.81,8.79,117.69,12.73,2.18,3.85
2023-01-15 09:00:00,18,4.48,1015.97,8.5,114.67,12.76,1.95,3.53
2023-01-15 10:00:00,18,4.42,1016.38,8.44,113.37,12.93,1.55,3.14
2023-01-15 11:00:00,18,4.38,1017.06,7.99,111.73,12.62,1.08,2.67
2023-01-15 12:00:00,18,4.32,1017.95,7.47,110.61,11.97,0.65,2.34
2023-01-15 13:00:00,18,4.37,1018.39,7.17,106.98,11.31,0.35,2.04
2023-01-15 14:00:00,18,4.95,1019.32,7.34,112.12,10.86,0.26,2.05
2023-01-15 15:00:00,18,5.59,1019.87,7.46,111.65,10.43,0.4,2.09
2023-01-15 16:00:00,18,6.27,1019.74,7.32,108.86,10.18,0.73,2.42
2023-01-15 17:00:00,18,6.82,1018.89,7.22,112.13,9.71,1.16,2.75
2023-01-15 01:00:00,00,5.4,1013.8,9.1,108.69,13.71,0.06,1.62
2023-01-15 02:00:00,00,5.36,1013.5,9.55,111.42,14.2,0.16,1.62
2023-01-15 03:00:00,00,5.2,1014.31,8.57,112.26,13.07,0.5,1.89
2023-01-15 04:00:00,00,5.1,1014.31,8.88,119.95,12.85,0.99,2.2
2023-01-15 05:00:00,00,4.85,1014.41,9.56,121.01,13.43,1.52,2.77
2023-01-15 06:00:00,00,4.6,1014.62,9.7,121.18,13.7,1.95,3.15
2023-01-15 07:00:00,00,4.4,1015.07,9.73,119.5,13.83,2.19,3.54
2023-01-15 08:00:00,00,4.38,1015.42,9.55,117.14,13.95,2.18,3.58
2023-01-15 09:00:00,00,4.25,1015.76,9.12,112.2,13.63,1.95,3.29
2023-01-15 10:00:00,00,4.22,1015.9,8.94,111.3,13.54,1.55,2.94
2023-01-15 11:00:00,00,4.18,1016.58,8.53,110.82,13.12,1.08,2.62
2023-01-15 12:00:00,00,4.22,1017.28,8.16,110.8,12.74,0.65,2.33
2023-01-15 13:00:00,00,4.29,1017.65,7.78,107.45,12.45,0.35,2.08
2023-01-15 14:00:00,00,4.85,1018.59,7.93,111.95,12.05,0.26,2.04
2023-01-15 15:00:00,00,5.49,1019.23,7.9,113.8,11.08,0.4,2.23
2023-01-15 16:00:00,00,6.12,1019.03,7.73,110.16,10.79,0.73,2.61
2023-01-15 17:00:00,00,6.8,1018.2,7.61,111.53,10.38,1.16,2.93
2023-01-15 18:00:00,00,7.21,1017.39,7.33,111.82,9.92,1.55,3.33
2023-01-15 19:00:00,00,7.28,1017.22,7.18,113.15,9.55,1.81,3.69
2023-01-15 20:00:00,00,7.2,1017.63,6.92,109.1,9.42,1.85,3.73
2023-01-15 21:00:00,00,6.95,1017.88,6.67,105.7,9.65,1.68,3.56
2023-01-15 22:00:00,00,6.27,1018.44,6.41,107.19,9.84,1.34,3.31
2023-01-15 23:00:00,00,6.01,1018.8,6.33,107.3,10.01,0.9,2.87
2023-01-15 06:00:00,06,4.5,1014.56,9.7,120.93,13.74,1.95,3.06
2023-01-15 07:00:00,06,4.45,1014.91,9.73,119.14,13.87,2.19,3.27
2023-01-15 08:00:00,06,4.35,1015.24,9.5,116.75,13.85,2.18,3.33
2023-01-15 09:00:00,06,4.21,1015.5,8.9,114.23,13.43,1.95,3.23
2023-01-15 10:00:00,06,4.12,1015.86,8.72,110.96,13.21,1.55,3.07
2023-01-15 11:00:00,06,4.12,1016.47,8.42,111.76,12.97,1.08,2.61
2023-01-15 12:00:00,06,4.08,1017.22,8.05,109.4,12.48,0.65,2.29
2023-01-15 13:00:00,06,4.15,1017.57,7.68,104.88,12.43,0.35,2.0
2023-01-15 14:00:00,06,4.75,1018.54,7.96,113.22,11.96,0.26,1.93
2023-01-15 15:00:00,06,5.29,1018.98,7.95,114.93,11.12,0.4,2.08
2023-01-15 16:00:00,06,6.02,1018.95,7.79,107.21,10.65,0.73,2.42
2023-01-15 17:00:00,06,6.6,1018.03,7.78,108.25,10.44,1.16,2.86
2023-01-15 18:00:00,06,7.03,1017.11,7.63,108.79,10.14,1.55,3.26
2023-01-15 19:00:00,06,7.2,1016.99,7.42,110.98,9.82,1.81,3.53
2023-01-15 20:00:00,06,7.1,1017.17,7.26,111.45,9.86,1.85,3.59
2023-01-15 21:00:00,06,6.79,1017.26,7.14,110.57,10.43,1.68,3.43
2023-01-15 22:00:00,06,6.14,1017.81,6.9,106.44,10.62,1.34,3.09
2023-01-15 23:00:00,06,5.96,1018.52,6.68,104.08,10.63,0.9,2.75
2023-01-16 00:00:00,06,5.82,1018.97,6.0,110.69,10.49,0.46,2.32
2023-01-16 01:00:00,06,5.52,1019.0,5.87,116.64,10.53,0.15,2.01
2023-01-16 02:00:00,06,5.35,1019.14,5.81,121.55,10.39,0.04,1.79
2023-01-16 03:00:00,06,5.27,1019.22,5.93,121.23,10.69,0.17,1.93
2023-01-16 04:00:00,06,5.14,1019.11,5.84,116.1,10.52,0.54,2.3
2023-01-16 05:00:00,06,5.07,1019.07,5.76,116.21,10.34,1.06,2.82
2023-01-15 12:00:00,12,3.88,1017.26,7.98,109.67,12.26,0.65,2.2
2023-01-15 13:00:00,12,4.12,1017.58,7.64,106.09,12.02,0.35,1.87
2023-01-15 14:00:00,12,4.69,1018.41,8.0,114.11,11.74,0.26,1.8
2023-01-15 15:00:00,12,5.22,1018.9,8.12,115.91,11.12,0.4,1.91
2023-01-15 16:00:00,12,5.82,1018.84,7.98,109.37,10.72,0.73,2.21
2023-01-15 17:00:00,12,6.45,1017.94,7.84,108.77,10.54,1.16,2.64
2023-01-15 18:00:00,12,6.9,1017.04,7.75,105.27,10.2,1.55,3.04
2023-01-15 19:00:00,12,6.96,1016.85,7.44,106.97,9.92,1.81,3.31
2023-01-15 20:00:00,12,6.89,1017.04,7.32,106.97,9.97,1.85,3.36
2023-01-15 21:00:00,12,6.6,1017.2,7.15,109.1,10.37,1.68,3.2
2023-01-15 22:00:00,12,5.96,1017.81,7.02,105.52,10.57,1.34,2.96
2023-01-15 23:00:00,12,5.76,1018.41,6.68,104.43,10.69,0.9,2.52
2023-01-16 00:00:00,12,5.56,1018.75,6.09,110.04,10.73,0.46,2.1
2023-01-16 01:00:00,12,5.38,1018.79,6.06,115.89,10.81,0.15,1.79
2023-01-16 02:00:00,12,5.22,1018.97,5.9,122.08,10.51,0.04,1.58
2023-01-16 03:00:00,12,5.08,1019.12,6.07,121.75,10.83,0.17,1.73
2023-01-16 04:00:00,12,4.98,1018.84,5.96,115.19,10.64,0.54,2.1
2023-01-16 05:00:00,12,4.86,1018.79,5.99,120.58,10.41,1.06,2.62
2023-01-16 06:00:00,12,4.8,1018.44,5.57,114.96,9.97,1.61,3.17
2023-01-16 07:00:00,12,4.64,1018.33,5.21,111.08,9.05,2.05,3.61
2023-01-16 08:00:00,12,4.61,1018.22,4.85,115.75,8.28,2.29,3.85
2023-01-16 09:00:00,12,4.5,1017.93,5.0,121.24,8.44,2.28,3.84
2023-01-16 10:00:00,12,4.45,1017.79,4.8,123.09,8.66,2.04,3.6
2023-01-16 11:00:00,12,4.36,1018.2,4.66,127.02,8.62,1.62,3.18
2023-01-15 18:00:00,18,6.77,1017.21,7.37,107.55,9.64,1.55,2.83
2023-01-15 19:00:00,18,6.93,1016.92,7.0,111.22,9.22,1.81,3.06
2023-01-15 20:00:00,18,6.78,1017.01,6.91,110.46,9.2,1.85,3.1
2023-01-15 21:00:00,18,6.5,1017.15,6.57,111.78,9.44,1.68,2.96
2023-01-15 22:00:00,18,5.98,1017.69,6.71,108.21,10.24,1.34,2.64
2023-01-15 23:00:00,18,5.74,1018.35,6.48,105.75,10.34,0.9,2.22
2023-01-16 00:00:00,18,5.54,1018.65,6.08,110.9,10.52,0.46,1.81
2023-01-16 01:00:00,18,5.42,1018.69,5.97,115.58,10.72,0.15,1.51
2023-01-16 02:00:00,18,5.22,1018.89,5.85,119.48,10.31,0.04,1.32
2023-01-16 03:00:00,18,5.07,1019.15,6.05,119.11,10.35,0.17,1.48
2023-01-16 04:00:00,18,4.88,1019.12,5.93,108.56,10.2,0.54,1.87
2023-01-16 05:00:00,18,4.75,1018.94,5.73,117.71,9.62,1.06,2.51
2023-01-16 06:00:00,18,4.7,1018.54,5.4,114.58,9.22,1.61,3.08
2023-01-16 07:00:00,18,4.58,1018.49,4.98,112.86,8.42,2.05,3.44
2023-01-16 08:00:00,18,4.5,1018.34,4.82,117.93,7.98,2.29,3.7
2023-01-16 09:00:00,18,4.36,1018.21,4.78,118.49,8.32,2.28,3.71
2023-01-16 10:00:00,18,4.35,1018.11,4.7,114.79,8.53,2.04,3.48
2023-01-16 11:00:00,18,4.27,1018.35,4.35,130.42,7.52,1.62,3.07
2023-01-16 12:00:00,18,4.21,1018.62,4.63,123.3,8.35,1.13,2.58
2023-01-16 13:00:00,18,4.37,1018.74,4.8,134.55,9.01,0.66,2.11
2023-01-16 14:00:00,18,5.02,1018.66,4.95,135.45,8.55,0.33,1.78
2023-01-16 15:00:00,18,6.07,1018.45,4.32,138.52,6.98,0.22,1.57
2023-01-16 16:00:00,18,7.05,1018.57,5.28,156.66,8.04,0.34,1.69
2023-01-16 17:00:00,18,7.84,1016.75,4.53,153.56,7.14,0.67,2.02
2023-01-16 01:00:00,00,5.47,1018.17,5.65,123.95,10.29,0.15,1.47
2023-01-16 02:00:00,00,5.3,1018.17,5.73,126.97,10.33,0.04,1.28
2023-01-16 03:00:00,00,5.2,1018.25,6.09,124.45,10.64,0.17,1.37
2023-01-16 04:00:00,00,5.17,1018.26,6.04,111.75,10.82,0.54,1.69
2023-01-16 05:00:00,00,5.0,1018.28,5.89,117.0,10.42,1.06,2.24
2023-01-16 06:00:00,00,4.89,1017.99,5.57,111.78,9.84,1.61,2.82
2023-01-16 07:00:00,00,4.75,1018.06,5.12,109.97,9.13,2.05,3.3
2023-01-16 08:00:00,00,4.63,1017.88,4.72,112.96,8.12,2.29,3.57
2023-01-16 09:00:00,00,4.55,1017.72,4.73,109.36,8.11,2.28,3.59
2023-01-16 10:00:00,00,4.45,1017.93,4.71,108.23,8.26,2.04,3.38
2023-01-16 11:00:00,00,4.35,1018.27,4.18,124.6,7.0,1.62,3.0
2023-01-16 12:00:00,00,4.29,1018.64,4.42,121.98,7.43,1.13,2.54
2023-01-16 13:00:00,00,4.45,1018.52,4.34,126.68,7.93,0.66,2.11
2023-01-16 14:00:00,00,5.18,1018.62,4.41,123.73,7.58,0.33,1.81
2023-01-16 15:00:00,00,6.17,1018.82,4.21,133.07,7.0,0.22,1.62
2023-01-16 16:00:00,00,7.07,1018.57,4.66,148.83,7.34,0.34,1.78
2023-01-16 17:00:00,00,7.79,1017.07,4.32,152.27,6.66,0.67,2.11
2023-01-16 18:00:00,00,8.37,1015.47,4.6,159.72,7.6,1.09,2.44
2023-01-16 19:00:00,00,8.64,1014.26,4.4,158.97,7.27,1.5,2.84
2023-01-16 20:00:00,00,8.39,1013.79,4.41,166.54,7.34,1.76,3.1
2023-01-16 21:00:00,00,7.94,1014.03,3.85,181.89,7.28,1.82,3.16
2023-01-16 22:00:00,00,7.04,1013.87,3.44,195.29,5.86,1.65,2.99
2023-01-16 23:00:00,00,6.85,1013.99,3.58,201.22,6.89,1.3,2.64
2023-01-16 06:00:00,06,4.84,1017.77,5.7,112.66,10.14,1.61,2.85
2023-01-16 07:00:00,06,4.8,1017.67,5.28,112.03,9.45,2.05,3.34
2023-01-16 08:00:00,06,4.68,1017.5,5.0,115.31,8.83,2.29,3.59
2023-01-16 09:00:00,06,4.53,1017.35,5.13,112.71,9.22,2.28,3.68
2023-01-16 10:00:00,06,4.46,1017.48,5.01,108.34,9.63,2.04,3.61
2023-01-16 11:00:00,06,4.36,1017.89,4.51,122.3,8.02,1.62,3.2
2023-01-16 12:00:00,06,4.33,1018.27,4.66,120.78,8.62,1.13,2.71
2023-01-16 13:00:00,06,4.52,1018.23,4.56,123.51,9.63,0.66,2.25
2023-01-16 14:00:00,06,5.26,1018.4,4.73,123.29,9.23,0.33,1.92
2023-01-16 15:00:00,06,6.13,1018.46,4.48,131.29,7.74,0.22,1.71
2023-01-16 16:00:00,06,7.05,1018.45,4.96,143.28,7.94,0.34,1.84
2023-01-16 17:00:00,06,7.85,1016.75,4.1,146.29,6.66,0.67,2.17
2023-01-16 18:00:00,06,8.41,1015.43,4.64,156.08,7.77,1.09,2.5
2023-01-16 19:00:00,06,8.61,1014.4,4.59,155.87,7.36,1.5,2.91
2023-01-16 20:00:00,06,8.36,1014.12,4.42,157.08,7.55,1.76,3.18
2023-01-16 21:00:00,06,7.99,1014.29,4.04,169.01,7.82,1.82,3.24
2023-01-16 22:00:00,06,7.1,1014.06,3.08,183.12,4.75,1.65,3.08
2023-01-16 23:00:00,06,6.75,1014.37,3.35,195.89,6.08,1.3,2.73
2023-01-17 00:00:00,06,6.53,1014.48,3.39,194.9,6.71,0.85,2.28
2023-01-17 01:00:00,06,6.36,1014.15,3.28,197.02,6.5,0.41,1.74
2023-01-17 02:00:00,06,6.21,1013.82,3.25,202.28,6.35,0.09,1.41
2023-01-17 03:00:00,06,5.95,1013.86,3.14,203.3,6.51,-0.02,1.3
2023-01-17 04:00:00,06,5.98,1013.54,3.71,208.72,8.5,0.13,1.35
2023-01-17 05:00:00,06,5.88,1012.86,3.56,208.66,8.8,0.52,1.75
2023-01-16 12:00:00,12,4.4,1018.13,4.89,123.95,8.92,1.13,2.81
2023-01-16 13:00:00,12,4.58,1018.17,4.86,126.03,10.01,0.66,2.35
2023-01-16 14:00:00,12,5.37,1018.26,4.93,125.98,9.86,0.33,2.01
2023-01-16 15:00:00,12,6.24,1018.34,4.8,132.11,8.44,0.22,1.88
2023-01-16 16:00:00,12,7.21,1018.23,5.15,141.41,8.43,0.34,2.0
2023-01-16 17:00:00,12,7.95,1016.66,4.31,144.66,7.23,0.67,2.31
2023-01-16 18:00:00,12,8.36,1015.34,4.89,151.0,7.9,1.09,2.63
2023-01-16 19:00:00,12,8.66,1014.35,4.77,152.95,7.21,1.5,3.02
2023-01-16 20:00:00,12,8.4,1013.95,4.44,153.68,7.07,1.76,3.28
2023-01-16 21:00:00,12,8.01,1014.4,4.25,164.25,7.73,1.82,3.33
2023-01-16 22:00:00,12,7.08,1014.07,2.93,171.4,4.37,1.65,3.15
2023-01-16 23:00:00,12,6.86,1014.6,3.15,186.89,5.6,1.3,2.79
2023-01-17 00:00:00,12,6.66,1014.71,3.4,191.89,6.35,0.85,2.33
2023-01-17 01:00:00,12,6.46,1014.26,3.26,198.48,5.92,0.41,1.87
2023-01-17 02:00:00,12,6.19,1014.24,3.19,200.3,6.03,0.09,1.44
2023-01-17 03:00:00,12,6.07,1014.08,3.33,204.32,6.72,-0.02,1.32
2023-01-17 04:00:00,12,6.02,1013.89,4.09,203.81,8.86,0.13,1.36
2023-01-17 05:00:00,12,5.96,1012.96,3.39,210.83,8.11,0.52,1.75
2023-01-17 06:00:00,12,5.8,1012.13,2.49,224.5,5.74,1.08,2.31
2023-01-17 07:00:00,12,6.08,1011.97,3.23,226.99,8.6,1.67,2.9
2023-01-17 08:00:00,12,5.98,1011.69,2.93,234.65,8.04,2.15,3.28
2023-01-17 09:00:00,12,5.85,1011.16,3.93,234.73,10.5,2.41,3.54
2023-01-17 10:00:00,12,6.0,1010.95,4.32,233.77,11.53,2.42,3.55
2023-01-17 11:00:00,12,5.93,1010.49,4.5,240.79,11.44,2.17,3.3
2023-01-16 18:00:00,18,8.35,1015.55,4.88,149.95,7.87,1.09,2.7
2023-01-16 19:00:00,18,8.59,1014.59,4.74,151.66,7.15,1.5,3.05
2023-01-16 20:00:00,18,8.27,1014.2,4.46,153.35,6.98,1.76,3.26
2023-01-16 21:00:00,18,7.85,1014.65,4.23,163.21,7.65,1.82,3.33
2023-01-16 22:00:00,18,7.08,1014.25,3.11,170.59,4.7,1.65,3.19
2023-01-16 23:00:00,18,6.76,1014.68,3.52,184.0,6.29,1.3,2.84
2023-01-17 00:00:00,18,6.64,1014.76,3.76,187.54,7.02,0.85,2.39
2023-01-17 01:00:00,18,6.37,1014.22,3.52,193.56,6.56,0.41,1.94
2023-01-17 02:00:00,18,6.15,1014.26,3.32,196.87,6.52,0.09,1.52
2023-01-17 03:00:00,18,6.06,1014.22,3.43,198.98,6.85,-0.02,1.41
2023-01-17 04:00:00,18,5.99,1014.2,3.88,198.29,8.68,0.13,1.46
2023-01-17 05:00:00,18,5.94,1013.43,3.27,204.74,7.92,0.52,1.85
2023-01-17 06:00:00,18,5.92,1012.67,3.12,222.74,6.65,1.08,2.41
2023-01-17 07:00:00,18,6.14,1012.41,3.1,224.36,7.82,1.67,3.0
2023-01-17 08:00:00,18,6.0,1012.09,2.84,234.9,7.42,2.15,3.47
2023-01-17 09:00:00,18,5.89,1011.56,3.43,241.41,8.93,2.41,3.74
2023-01-17 10:00:00,18,5.81,1011.15,3.79,243.17,9.6,2.42,3.74
2023-01-17 11:00:00,18,5.76,1011.08,4.09,246.96,10.92,2.17,3.4
2023-01-17 12:00:00,18,5.89,1010.77,4.5,242.73,12.46,1.73,2.95
2023-01-17 13:00:00,18,6.42,1010.57,5.18,229.61,13.14,1.19,2.31
2023-01-17 14:00:00,18,6.81,1010.94,5.09,219.43,12.29,0.67,1.79
2023-01-17 15:00:00,18,7.35,1010.84,4.44,220.52,10.69,0.28,1.31
2023-01-17 16:00:00,18,7.78,1010.55,5.14,220.93,11.44,0.13,1.16
2023-01-17 17:00:00,18,7.17,1009.58,5.74,223.93,13.24,0.24,1.16
2023-01-17 01:00:00,00,6.54,1013.96,3.46,197.26,6.23,0.41,1.92
2023-01-17 02:00:00,00,6.35,1014.04,3.42,197.51,6.58,0.09,1.59
2023-01-17 03:00:00,00,6.27,1014.02,3.49,199.05,6.77,-0.02,1.51
2023-01-17 04:00:00,00,6.26,1014.0,3.8,196.83,8.31,0.13,1.65
2023-01-17 05:00:00,00,6.04,1013.24,3.07,202.83,7.07,0.52,1.95
2023-01-17 06:00:00,00,6.16,1012.52,3.15,220.83,6.06,1.08,2.5
2023-01-17 07:00:00,00,6.36,1012.38,3.16,219.9,7.68,1.67,3.09
2023-01-17 08:00:00,00,6.09,1011.91,2.77,232.04,6.21,2.15,3.57
2023-01-17 09:00:00,00,5.96,1011.62,3.18,229.53,7.8,2.41,3.83
2023-01-17 10:00:00,00,5.95,1011.01,3.26,249.77,8.0,2.42,3.84
2023-01-17 11:00:00,00,5.92,1011.25,3.9,245.1,10.29,2.17,3.59
2023-01-17 12:00:00,00,6.14,1011.31,4.09,239.53,11.01,1.73,3.05
2023-01-17 13:00:00,00,6.41,1011.08,4.93,234.05,12.89,1.19,2.51
2023-01-17 14:00:00,00,7.05,1010.93,5.43,234.47,12.87,0.67,1.89
2023-01-17 15:00:00,00,7.56,1010.64,4.82,234.41,10.97,0.28,1.4
2023-01-17 16:00:00,00,7.97,1010.32,5.65,221.8,11.98,0.13,1.25
2023-01-17 17:00:00,00,7.45,1009.26,6.18,223.68,13.03,0.24,1.26
2023-01-17 18:00:00,00,7.36,1008.68,6.66,214.89,15.78,0.57,1.59
2023-01-17 19:00:00,00,7.42,1008.29,6.99,222.3,15.8,1.03,1.95
2023-01-17 20:00:00,00,7.59,1007.99,7.24,223.55,14.87,1.47,2.29
2023-01-17 21:00:00,00,7.85,1007.93,6.99,220.46,13.65,1.77,2.49
2023-01-17 22:00:00,00,7.64,1008.45,6.75,219.38,13.17,1.85,2.57
2023-01-17 23:00:00,00,7.38,1008.98,6.77,220.61,13.5,1.69,2.31
2023-01-17 06:00:00,06,6.11,1012.39,3.0,226.63,5.43,1.08,2.51
2023-01-17 07:00:00,06,6.22,1012.34,3.14,223.63,7.65,1.67,3.03
2023-01-17 08:00:00,06,5.94,1011.84,2.93,231.9,6.64,2.15,3.47
2023-01-17 09:00:00,06,5.88,1011.61,3.39,229.86,8.93,2.41,3.7
2023-01-17 10:00:00,06,6.01,1011.09,3.41,248.46,8.31,2.42,3.65
2023-01-17 11:00:00,06,5.87,1011.44,3.91,241.19,10.24,2.17,3.42
2023-01-17 12:00:00,06,6.08,1011.52,4.04,236.23,11.04,1.73,2.89
2023-01-17 13:00:00,06,6.35,1011.0,4.42,236.03,11.74,1.19,2.36
2023-01-17 14:00:00,06,6.85,1011.07,5.09,227.93,12.17,0.67,1.76
2023-01-17 15:00:00,06,7.36,1010.96,4.68,231.4,10.67,0.28,1.39
2023-01-17 16:00:00,06,7.95,1010.19,4.78,226.74,10.67,0.13,1.15
2023-01-17 17:00:00,06,8.1,1009.48,5.66,211.68,11.3,0.24,1.27
2023-01-17 18:00:00,06,7.38,1008.65,5.61,223.13,13.14,0.57,1.62
2023-01-17 19:00:00,06,7.28,1008.54,6.06,220.27,14.61,1.03,1.99
2023-01-17 20:00:00,06,7.42,1008.6,6.64,220.73,14.33,1.47,2.35
2023-01-17 21:00:00,06,7.61,1008.29,6.92,222.48,13.8,1.77,2.66
2023-01-17 22:00:00,06,7.4,1008.46,6.63,221.21,13.0,1.85,2.66
2023-01-17 23:00:00,06,7.45,1008.93,6.08,220.47,12.52,1.69,2.4
2023-01-18 00:00:00,06,7.46,1009.29,6.09,218.4,12.64,1.32,2.03
2023-01-18 01:00:00,06,7.22,1009.92,6.04,213.12,12.94,0.84,1.45
2023-01-18 02:00:00,06,7.17,1010.21,5.56,213.97,12.01,0.36,0.97
2023-01-18 03:00:00,06,7.06,1010.36,5.24,214.68,11.73,0.0,0.61
2023-01-18 04:00:00,06,7.04,1010.07,5.27,221.43,11.71,-0.12,0.49
2023-01-18 05:00:00,06,6.99,1010.15,5.19,214.38,12.37,0.03,0.54
2023-01-17 12:00:00,12,6.11,1011.59,4.11,236.22,11.04,1.73,2.96
2023-01-17 13:00:00,12,6.27,1011.08,4.29,235.79,11.44,1.19,2.43
2023-01-17 14:00:00,12,6.85,1011.07,4.85,231.03,12.07,0.67,1.93
2023-01-17 15:00:00,12,7.39,1010.89,4.66,231.1,10.64,0.28,1.56
2023-01-17 16:00:00,12,8.07,1010.08,4.9,226.44,10.63,0.13,1.48
2023-01-17 17:00:00,12,8.27,1009.45,5.69,211.49,11.21,0.24,1.57
2023-01-17 18:00:00,12,7.65,1008.64,5.11,207.37,11.11,0.57,1.78
2023-01-17 19:00:00,12,7.56,1008.48,5.19,210.65,11.8,1.03,2.21
2023-01-17 20:00:00,12,7.65,1008.33,5.56,216.17,12.2,1.47,2.63
2023-01-17 21:00:00,12,7.65,1008.16,6.22,220.2,12.62,1.77,2.82
2023-01-17 22:00:00,12,7.51,1008.22,6.86,227.35,13.27,1.85,2.88
2023-01-17 23:00:00,12,7.41,1008.82,5.91,215.6,12.36,1.69,2.6
2023-01-18 00:00:00,12,7.34,1009.28,6.12,220.51,12.64,1.32,2.11
2023-01-18 01:00:00,12,7.23,1009.78,5.72,210.86,12.91,0.84,1.61
2023-01-18 02:00:00,12,7.1,1010.0,5.61,214.92,12.34,0.36,1.11
2023-01-18 03:00:00,12,7.17,1010.12,5.33,212.87,12.1,0.0,0.63
2023-01-18 04:00:00,12,7.15,1009.83,5.31,216.81,11.87,-0.12,0.48
2023-01-18 05:00:00,12,7.16,1009.78,5.47,214.62,12.41,0.03,0.54
2023-01-18 06:00:00,12,7.1,1010.05,5.19,203.52,12.43,0.46,0.97
2023-01-18 07:00:00,12,6.95,1010.75,4.57,202.72,11.95,1.07,1.58
2023-01-18 08:00:00,12,6.97,1011.34,4.9,207.25,11.95,1.72,2.22
2023-01-18 09:00:00,12,6.85,1011.66,4.89,205.4,12.1,2.25,2.76
2023-01-18 10:00:00,12,6.82,1012.12,4.77,201.67,11.84,2.56,3.07
2023-01-18 11:00:00,12,6.74,1012.67,4.71,203.74,11.15,2.59,3.0
2023-01-17 18:00:00,18,7.57,1008.62,5.28,206.54,11.22,0.57,1.87
2023-01-17 19:00:00,18,7.48,1008.41,5.29,211.4,11.84,1.03,2.21
2023-01-17 20:00:00,18,7.41,1008.23,5.57,216.5,12.15,1.47,2.45
2023-01-17 21:00:00,18,7.45,1007.99,6.39,222.71,13.19,1.77,2.68
2023-01-17 22:00:00,18,7.27,1008.37,7.75,228.57,14.84,1.85,2.73
2023-01-17 23:00:00,18,7.27,1008.84,6.66,217.93,13.91,1.69,2.46
2023-01-18 00:00:00,18,7.22,1009.21,6.47,219.34,13.64,1.32,1.99
2023-01-18 01:00:00,18,7.25,1009.73,6.15,210.73,13.35,0.84,1.61
2023-01-18 02:00:00,18,7.26,1009.94,6.2,211.83,12.81,0.36,1.12
2023-01-18 03:00:00,18,7.29,1010.03,5.7,208.8,12.44,0.0,0.65
2023-01-18 04:00:00,18,7.29,1009.62,5.62,214.08,11.9,-0.12,0.42
2023-01-18 05:00:00,18,7.14,1009.5,5.47,213.06,12.66,0.03,0.57
2023-01-18 06:00:00,18,7.07,1009.82,5.4,204.65,12.84,0.46,0.99
2023-01-18 07:00:00,18,6.91,1010.55,4.87,204.33,12.24,1.07,1.59
2023-01-18 08:00:00,18,6.9,1011.2,5.34,207.07,12.55,1.72,2.23
2023-01-18 09:00:00,18,6.85,1011.56,5.32,204.31,12.46,2.25,2.76
2023-01-18 10:00:00,18,6.8,1011.9,4.79,205.28,11.65,2.56,3.07
2023-01-18 11:00:00,18,6.77,1012.47,4.67,204.25,11.54,2.59,2.99
2023-01-18 12:00:00,18,6.67,1013.16,4.8,203.8,11.55,2.33,2.73
2023-01-18 13:00:00,18,6.79,1013.64,4.76,200.09,11.46,1.84,2.25
2023-01-18 14:00:00,18,7.51,1014.43,4.65,197.32,10.35,1.23,1.64
2023-01-18 15:00:00,18,8.35,1015.19,4.91,198.0,9.62,0.63,1.04
2023-01-18 16:00:00,18,8.97,1015.62,5.18,189.93,9.4,0.19,0.59
2023-01-18 17:00:00,18,9.56,1015.29,5.4,174.39,9.1,-0.0,0.4
2023-01-18 01:00:00,00,7.15,1009.25,6.25,210.61,13.76,0.84,1.64
2023-01-18 02:00:00,00,7.22,1009.48,6.32,210.67,13.31,0.36,1.18
2023-01-18 03:00:00,00,7.39,1009.61,5.95,205.83,12.96,0.0,0.83
2023-01-18 04:00:00,00,7.35,1009.3,5.83,210.52,12.57,-0.12,0.71
2023-01-18 05:00:00,00,7.13,1009.13,5.51,212.07,12.75,0.03,0.75
2023-01-18 06:00:00,00,7.14,1009.42,5.56,203.66,12.97,0.46,1.16
2023-01-18 07:00:00,00,7.02,1010.12,4.97,203.23,12.23,1.07,1.74
2023-01-18 08:00:00,00,6.94,1010.8,5.45,207.04,12.74,1.72,2.37
2023-01-18 09:00:00,00,6.92,1011.2,5.32,203.7,12.48,2.25,2.89
2023-01-18 10:00:00,00,6.87,1011.59,4.77,203.95,11.74,2.56,3.18
2023-01-18 11:00:00,00,6.76,1012.24,4.67,203.89,11.81,2.59,3.19
2023-01-18 12:00:00,00,6.74,1013.1,4.83,201.96,11.67,2.33,2.91
2023-01-18 13:00:00,00,6.95,1013.58,4.5,200.43,10.83,1.84,2.4
2023-01-18 14:00:00,00,7.62,1014.37,4.49,198.54,10.33,1.23,1.67
2023-01-18 15:00:00,00,8.39,1015.09,4.68,196.26,9.22,0.63,1.06
2023-01-18 16:00:00,00,9.05,1015.65,5.11,190.44,9.37,0.19,0.59
2023-01-18 17:00:00,00,9.83,1015.07,5.25,172.51,8.79,-0.0,0.5
2023-01-18 18:00:00,00,10.29,1014.52,4.86,169.36,7.64,0.1,0.61
2023-01-18 19:00:00,00,10.38,1014.38,4.59,167.67,7.28,0.47,0.97
2023-01-18 20:00:00,00,10.16,1014.8,4.32,168.43,7.17,0.98,1.48
2023-01-18 21:00:00,00,9.79,1015.43,3.36,161.55,6.08,1.48,1.98
2023-01-18 22:00:00,00,8.85,1016.09,2.67,162.11,3.79,1.83,2.43
2023-01-18 23:00:00,00,8.29,1016.74,1.83,118.61,2.78,1.93,2.64
2023-01-18 06:00:00,06,7.07,1009.49,5.65,202.39,13.18,0.46,1.23
2023-01-18 07:00:00,06,6.94,1010.12,5.14,201.7,12.55,1.07,1.74
2023-01-18 08:00:00,06,6.92,1010.73,5.54,206.01,12.82,1.72,2.31
2023-01-18 09:00:00,06,6.85,1011.11,5.46,203.01,12.94,2.25,2.82
2023-01-18 10:00:00,06,6.77,1011.58,4.95,201.79,12.34,2.56,3.03
2023-01-18 11:00:00,06,6.75,1012.31,4.89,201.59,12.38,2.59,3.06
2023-01-18 12:00:00,06,6.71,1013.21,4.98,199.96,11.87,2.33,2.8
2023-01-18 13:00:00,06,6.92,1013.72,4.62,199.32,10.95,1.84,2.32
2023-01-18 14:00:00,06,7.57,1014.43,4.57,198.38,10.33,1.23,1.71
2023-01-18 15:00:00,06,8.49,1015.14,4.82,195.7,9.3,0.63,1.12
2023-01-18 16:00:00,06,9.25,1015.6,5.42,190.14,9.47,0.19,0.67
2023-01-18 17:00:00,06,9.97,1015.02,5.35,173.95,8.82,-0.0,0.49
2023-01-18 18:00:00,06,10.19,1014.5,4.93,168.92,7.66,0.1,0.6
2023-01-18 19:00:00,06,10.46,1014.54,4.56,165.75,6.99,0.47,0.96
2023-01-18 20:00:00,06,10.25,1015.03,4.36,164.56,6.89,0.98,1.47
2023-01-18 21:00:00,06,9.76,1015.37,3.22,161.41,5.82,1.48,2.08
2023-01-18 22:00:00,06,8.77,1016.06,2.18,157.37,2.92,1.83,2.53
2023-01-18 23:00:00,06,8.26,1016.94,1.56,112.78,2.55,1.93,2.64
2023-01-19 00:00:00,06,7.85,1017.69,2.02,39.22,2.42,1.77,2.48
2023-01-19 01:00:00,06,7.64,1018.39,2.76,18.75,2.81,1.38,2.08
2023-01-19 02:00:00,06,7.49,1019.06,3.0,18.22,3.59,0.84,1.55
2023-01-19 03:00:00,06,7.74,1019.38,3.02,13.48,4.05,0.3,1.01
2023-01-19 04:00:00,06,7.45,1019.19,2.54,331.87,3.99,-0.1,0.6
2023-01-19 05:00:00,06,7.45,1019.12,2.85,357.14,4.5,-0.26,0.45
2023-01-18 12:00:00,12,6.85,1012.94,5.21,200.61,12.93,2.33,2.75
2023-01-18 13:00:00,12,7.01,1013.32,5.16,199.36,12.34,1.84,2.17
2023-01-18 14:00:00,12,7.57,1013.88,5.19,199.2,11.75,1.23,1.6
2023-01-18 15:00:00,12,8.49,1014.47,5.32,198.17,10.9,0.63,0.97
2023-01-18 16:00:00,12,9.26,1014.91,5.75,193.13,10.83,0.19,0.51
2023-01-18 17:00:00,12,10.03,1014.39,5.92,177.46,10.14,-0.0,0.23
2023-01-18 18:00:00,12,10.29,1013.95,5.7,173.93,9.0,0.1,0.34
2023-01-18 19:00:00,12,10.45,1014.06,5.19,168.08,8.03,0.47,0.81
2023-01-18 20:00:00,12,10.15,1014.53,4.4,165.72,7.33,0.98,1.32
2023-01-18 21:00:00,12,9.66,1015.21,3.69,158.19,6.71,1.48,1.93
2023-01-18 22:00:00,12,8.78,1016.01,2.98,156.1,4.6,1.83,2.29
2023-01-18 23:00:00,12,8.18,1016.72,2.18,159.47,2.64,1.93,2.5
2023-01-19 00:00:00,12,7.85,1017.51,1.44,108.56,2.51,1.77,2.34
2023-01-19 01:00:00,12,7.71,1018.23,2.45,33.31,2.55,1.38,1.96
2023-01-19 02:00:00,12,7.58,1018.95,3.15,20.21,3.95,0.84,1.43
2023-01-19 03:00:00,12,7.69,1019.14,3.09,22.62,4.58,0.3,0.89
2023-01-19 04:00:00,12,7.45,1019.17,2.95,3.86,4.37,-0.1,0.49
2023-01-19 05:00:00,12,7.25,1018.72,3.19,358.12,4.82,-0.26,0.34
2023-01-19 06:00:00,12,7.25,1018.72,3.15,357.87,4.8,-0.09,0.51
2023-01-19 07:00:00,12,7.26,1019.11,3.65,355.64,5.62,0.38,0.97
2023-01-19 08:00:00,12,7.15,1018.81,3.59,350.57,6.02,1.05,1.65
2023-01-19 09:00:00,12,7.06,1018.28,3.73,341.89,6.57,1.77,2.36
2023-01-19 10:00:00,12,7.0,1017.46,4.25,323.85,8.27,2.37,2.97
2023-01-19 11:00:00,12,6.99,1017.12,4.14,318.43,8.93,2.73,3.32
2023-01-18 18:00:00,18,10.47,1013.65,5.82,178.59,9.33,0.1,0.48
2023-01-18 19:00:00,18,10.75,1013.66,5.43,175.04,8.54,0.47,0.77
2023-01-18 20:00:00,18,10.25,1014.02,4.82,174.97,8.35,0.98,1.25
2023-01-18 21:00:00,18,9.83,1014.58,4.46,172.13,8.13,1.48,1.69
2023-01-18 22:00:00,18,9.15,1015.46,3.97,166.86,7.3,1.83,2.08
2023-01-18 23:00:00,18,8.45,1016.26,3.17,165.5,5.64,1.93,2.29
2023-01-19 00:00:00,18,8.05,1017.11,2.62,160.4,4.23,1.77,2.13
2023-01-19 01:00:00,18,7.87,1017.71,2.4,149.13,3.0,1.38,1.74
2023-01-19 02:00:00,18,8.05,1018.34,2.25,88.41,2.96,0.84,1.21
2023-01-19 03:00:00,18,7.55,1018.87,2.63,44.66,3.19,0.3,0.77
2023-01-19 04:00:00,18,7.45,1018.1,2.68,19.68,3.77,-0.1,0.36
2023-01-19 05:00:00,18,7.49,1018.11,2.85,19.3,4.34,-0.26,0.21
2023-01-19 06:00:00,18,7.55,1018.32,2.98,12.64,4.6,-0.09,0.38
2023-01-19 07:00:00,18,7.53,1018.54,3.36,1.49,5.55,0.38,0.85
2023-01-19 08:00:00,18,7.45,1018.62,3.38,1.34,5.7,1.05,1.52
2023-01-19 09:00:00,18,7.39,1017.78,3.78,346.07,6.63,1.77,2.24
2023-01-19 10:00:00,18,7.28,1017.16,3.79,329.88,7.43,2.37,2.85
2023-01-19 11:00:00,18,7.06,1017.21,3.32,320.67,7.11,2.73,3.2
2023-01-19 12:00:00,18,7.05,1016.72,3.8,311.87,8.38,2.76,3.24
2023-01-19 13:00:00,18,7.35,1015.98,4.74,303.6,10.18,2.47,2.95
2023-01-19 14:00:00,18,8.05,1016.15,4.07,277.7,9.87,1.93,2.4
2023-01-19 15:00:00,18,8.29,1015.27,4.72,277.68,10.98,1.23,1.71
2023-01-19 16:00:00,18,9.65,1014.23,5.07,263.89,11.41,0.56,1.03
2023-01-19 17:00:00,18,10.65,1012.64,5.32,251.29,10.95,0.05,0.43
2023-01-19 01:00:00,00,8.01,1017.27,2.28,168.68,2.51,1.38,1.65
2023-01-19 02:00:00,00,8.13,1017.82,1.79,114.26,2.37,0.84,1.07
2023-01-19 03:00:00,00,7.6,1018.06,2.09,59.82,2.14,0.3,0.5
2023-01-19 04:00:00,00,7.6,1017.24,1.87,25.3,2.1,-0.1,0.12
2023-01-19 05:00:00,00,7.35,1017.45,2.23,32.61,2.44,-0.26,-0.03
2023-01-19 06:00:00,00,7.65,1017.59,2.62,26.16,3.21,-0.09,0.14
2023-01-19 07:00:00,00,7.4,1017.74,3.27,13.32,4.62,0.38,0.71
2023-01-19 08:00:00,00,7.35,1017.94,3.41,12.38,5.03,1.05,1.39
2023-01-19 09:00:00,00,7.37,1017.44,3.7,2.76,5.9,1.77,2.11
2023-01-19 10:00:00,00,7.31,1017.15,3.56,351.03,6.2,2.37,2.72
2023-01-19 11:00:00,00,7.07,1017.02,3.32,325.52,6.04,2.73,3.08
2023-01-19 12:00:00,00,7.05,1016.78,2.87,305.06,5.84,2.76,3.12
2023-01-19 13:00:00,00,7.25,1016.5,2.92,305.76,6.26,2.47,2.83
2023-01-19 14:00:00,00,7.94,1016.13,3.47,280.18,8.22,1.93,2.29
2023-01-19 15:00:00,00,8.35,1015.62,3.69,269.99,8.82,1.23,1.6
2023-01-19 16:00:00,00,9.87,1014.19,4.62,263.88,9.46,0.56,0.93
2023-01-19 17:00:00,00,10.77,1012.24,4.92,259.59,10.12,0.05,0.33
2023-01-19 18:00:00,00,11.45,1011.41,5.31,241.45,10.65,-0.16,0.12
2023-01-19 19:00:00,00,11.8,1009.85,5.65,247.71,11.66,-0.03,0.24
2023-01-19 20:00:00,00,11.85,1009.18,6.88,245.66,12.37,0.39,0.66
2023-01-19 21:00:00,00,11.45,1008.62,7.0,242.54,12.57,0.97,1.24
2023-01-19 22:00:00,00,10.95,1008.43,6.8,241.53,12.75,1.54,1.81
2023-01-19 23:00:00,00,10.85,1007.89,6.48,243.08,13.2,1.94,2.11
2023-01-19 06:00:00,06,7.65,1017.56,2.54,26.58,3.18,-0.09,0.27
2023-01-19 07:00:00,06,7.36,1017.62,3.15,11.9,4.59,0.38,0.72
2023-01-19 08:00:00,06,7.35,1017.59,3.23,7.11,4.66,1.05,1.36
2023-01-19 09:00:00,06,7.27,1017.13,3.41,357.57,5.37,1.77,2.08
2023-01-19 10:00:00,06,7.25,1016.91,3.26,344.3,5.6,2.37,2.68
2023-01-19 11:00:00,06,7.05,1017.04,2.75,315.78,4.95,2.73,3.03
2023-01-19 12:00:00,06,7.05,1016.3,3.39,302.11,6.48,2.76,3.06
2023-01-19 13:00:00,06,7.25,1016.38,2.62,289.2,6.18,2.47,2.77
2023-01-19 14:00:00,06,7.96,1016.02,3.99,281.78,9.04,1.93,2.22
2023-01-19 15:00:00,06,8.25,1015.65,4.02,268.63,9.56,1.23,1.53
2023-01-19 16:00:00,06,9.88,1014.44,4.77,259.71,9.95,0.56,0.75
2023-01-19 17:00:00,06,10.77,1012.32,5.14,256.36,10.66,0.05,0.24
2023-01-19 18:00:00,06,11.28,1011.2,5.73,244.85,11.24,-0.16,0.03
2023-01-19 19:00:00,06,11.65,1009.87,6.08,250.62,12.12,-0.03,0.15
2023-01-19 20:00:00,06,11.75,1009.09,6.7,247.77,12.52,0.39,0.57
2023-01-19 21:00:00,06,11.45,1008.34,6.99,245.16,12.55,0.97,1.15
2023-01-19 22:00:00,06,10.85,1007.93,7.15,246.37,13.31,1.54,1.71
2023-01-19 23:00:00,06,10.65,1007.52,7.24,244.84,14.04,1.94,2.02
2023-01-20 00:00:00,06,10.57,1007.27,7.8,247.1,15.44,2.07,2.14
2023-01-20 01:00:00,06,10.35,1007.18,8.12,237.02,15.66,1.89,1.96
2023-01-20 02:00:00,06,10.45,1006.81,8.23,234.46,16.4,1.45,1.42
2023-01-20 03:00:00,06,10.15,1006.6,8.54,227.02,16.52,0.84,0.82
2023-01-20 04:00:00,06,10.15,1006.66,8.2,216.77,15.92,0.23,0.2
2023-01-20 05:00:00,06,10.06,1006.74,8.02,202.73,15.12,-0.23,-0.35
2023-01-19 12:00:00,12,7.07,1016.36,2.99,306.3,6.04,2.76,2.95
2023-01-19 13:00:00,12,7.25,1016.32,2.45,296.18,5.69,2.47,2.66
2023-01-19 14:00:00,12,7.85,1015.87,3.91,284.03,8.7,1.93,2.28
2023-01-19 15:00:00,12,8.98,1015.18,3.91,272.57,8.74,1.23,1.58
2023-01-19 16:00:00,12,10.15,1014.16,4.64,261.05,9.71,0.56,0.89
2023-01-19 17:00:00,12,10.89,1012.32,5.27,253.77,11.03,0.05,0.37
2023-01-19 18:00:00,12,11.35,1010.81,5.79,248.02,11.47,-0.16,0.15
2023-01-19 19:00:00,12,11.45,1009.64,6.03,251.27,12.04,-0.03,0.16
2023-01-19 20:00:00,12,11.55,1008.75,6.91,251.88,12.81,0.39,0.67
2023-01-19 21:00:00,12,11.26,1007.79,7.47,246.96,13.35,0.97,1.24
2023-01-19 22:00:00,12,10.86,1007.53,7.16,241.57,13.47,1.54,1.69
2023-01-19 23:00:00,12,10.65,1006.89,6.86,244.84,13.9,1.94,2.08
2023-01-20 00:00:00,12,10.57,1006.77,7.42,244.41,15.52,2.07,2.1
2023-01-20 01:00:00,12,10.45,1006.76,8.44,236.73,16.38,1.89,1.9
2023-01-20 02:00:00,12,10.37,1006.5,8.26,232.25,16.38,1.45,1.45
2023-01-20 03:00:00,12,10.05,1006.37,7.4,223.0,15.51,0.84,0.83
2023-01-20 04:00:00,12,10.05,1006.57,7.92,206.73,15.49,0.23,0.1
2023-01-20 05:00:00,12,9.96,1006.48,7.51,200.2,14.23,-0.23,-0.35
2023-01-20 06:00:00,12,9.66,1006.64,6.79,194.7,13.01,-0.4,-0.53
2023-01-20 07:00:00,12,9.45,1007.38,5.9,187.61,11.92,-0.22,-0.34
2023-01-20 08:00:00,12,9.15,1007.76,6.49,186.17,13.38,0.3,0.28
2023-01-20 09:00:00,12,8.85,1008.01,6.91,186.98,13.6,1.04,1.02
2023-01-20 10:00:00,12,8.55,1008.74,6.85,182.71,12.81,1.83,1.81
2023-01-20 11:00:00,12,8.25,1009.67,6.87,174.8,12.78,2.49,2.47
2023-01-19 18:00:00,18,11.44,1010.57,5.77,248.26,11.45,-0.16,0.13
2023-01-19 19:00:00,18,11.58,1009.37,5.98,249.87,11.91,-0.03,0.28
2023-01-19 20:00:00,18,11.74,1008.49,6.66,251.0,12.61,0.39,0.67
2023-01-19 21:00:00,18,11.45,1007.48,7.13,245.62,13.07,0.97,1.34
2023-01-19 22:00:00,18,11.05,1007.24,7.15,241.83,13.58,1.54,1.93
2023-01-19 23:00:00,18,11.05,1006.4,7.03,245.96,13.88,1.94,2.31
2023-01-20 00:00:00,18,10.75,1006.48,6.97,240.7,14.84,2.07,2.32
2023-01-20 01:00:00,18,10.77,1006.17,7.46,238.52,15.43,1.89,2.12
2023-01-20 02:00:00,18,10.65,1006.05,7.7,230.59,16.08,1.45,1.66
2023-01-20 03:00:00,18,10.25,1005.8,7.93,222.94,16.06,0.84,0.94
2023-01-20 04:00:00,18,10.35,1006.01,8.4,206.64,15.95,0.23,0.31
2023-01-20 05:00:00,18,10.15,1006.11,7.29,194.92,14.42,-0.23,-0.27
2023-01-20 06:00:00,18,9.85,1006.33,6.03,188.25,12.74,-0.4,-0.46
2023-01-20 07:00:00,18,9.55,1007.02,5.76,189.67,12.64,-0.22,-0.2
2023-01-20 08:00:00,18,9.37,1007.29,6.76,186.88,13.75,0.3,0.31
2023-01-20 09:00:00,18,9.06,1007.75,6.59,182.33,13.1,1.04,1.03
2023-01-20 10:00:00,18,8.65,1008.58,6.28,169.82,12.18,1.83,1.8
2023-01-20 11:00:00,18,8.35,1009.7,6.89,171.79,13.03,2.49,2.46
2023-01-20 12:00:00,18,7.95,1010.53,7.31,176.17,12.86,2.88,2.85
2023-01-20 13:00:00,18,7.85,1011.13,6.89,177.2,12.45,2.91,2.88
2023-01-20 14:00:00,18,8.25,1012.24,6.5,172.79,12.58,2.58,2.54
2023-01-20 15:00:00,18,8.56,1013.03,6.96,163.13,12.64,1.95,1.92
2023-01-20 16:00:00,18,8.85,1013.11,7.15,163.76,11.96,1.18,1.15
2023-01-20 17:00:00,18,9.35,1012.55,7.38,162.71,11.55,0.43,0.3
2023-01-20 01:00:00,00,10.65,1005.82,6.97,241.21,14.87,1.89,2.26
2023-01-20 02:00:00,00,10.85,1005.61,7.7,234.58,15.8,1.45,1.77
2023-01-20 03:00:00,00,10.45,1005.41,7.45,225.12,15.72,0.84,1.09
2023-01-20 04:00:00,00,10.35,1005.76,7.45,207.79,15.22,0.23,0.49
2023-01-20 05:00:00,00,10.25,1005.79,7.22,195.04,14.51,-0.23,0.0
2023-01-20 06:00:00,00,9.95,1006.07,6.12,191.87,12.86,-0.4,-0.19
2023-01-20 07:00:00,00,9.75,1006.79,5.83,188.97,12.89,-0.22,-0.03
2023-01-20 08:00:00,00,9.55,1007.04,6.11,180.89,12.81,0.3,0.46
2023-01-20 09:00:00,00,9.16,1007.67,5.29,174.37,11.19,1.04,1.28
2023-01-20 10:00:00,00,8.75,1008.52,5.09,168.85,11.16,1.83,2.05
2023-01-20 11:00:00,00,8.55,1009.6,5.41,158.52,11.31,2.49,2.69
2023-01-20 12:00:00,00,8.25,1010.5,5.7,160.42,11.8,2.88,3.15
2023-01-20 13:00:00,00,8.15,1011.13,6.19,166.7,12.72,2.91,3.15
2023-01-20 14:00:00,00,8.55,1012.24,7.05,169.18,12.53,2.58,2.7
2023-01-20 15:00:00,00,8.75,1013.04,7.26,162.84,12.23,1.95,2.05
2023-01-20 16:00:00,00,9.05,1013.3,7.42,161.02,11.59,1.18,1.15
2023-01-20 17:00:00,00,9.45,1012.79,7.68,161.06,11.34,0.43,0.4
2023-01-20 18:00:00,00,9.55,1012.55,7.68,160.07,11.18,-0.11,-0.14
2023-01-20 19:00:00,00,9.46,1012.6,7.29,162.69,10.95,-0.32,-0.34
2023-01-20 20:00:00,00,9.28,1013.0,6.71,165.66,10.85,-0.14,-0.16
2023-01-20 21:00:00,00,8.86,1013.62,6.37,169.6,10.33,0.35,0.33
2023-01-20 22:00:00,00,8.29,1014.54,6.25,169.13,9.85,1.01,0.99
2023-01-20 23:00:00,00,7.84,1015.62,6.58,174.07,10.25,1.65,1.73
2023-01-20 06:00:00,06,9.98,1005.87,5.98,200.59,12.92,-0.4,-0.07
2023-01-20 07:00:00,06,9.72,1006.39,5.51,203.48,12.8,-0.22,0.2
2023-01-20 08:00:00,06,9.65,1006.39,5.93,195.84,12.74,0.3,0.73
2023-01-20 09:00:00,06,9.45,1006.75,5.28,190.96,11.24,1.04,1.52
2023-01-20 10:00:00,06,9.15,1007.8,5.02,177.8,10.94,1.83,2.28
2023-01-20 11:00:00,06,8.85,1009.14,5.09,159.81,10.46,2.49,2.93
2023-01-20 12:00:00,06,8.65,1010.21,5.88,154.32,11.9,2.88,3.3
2023-01-20 13:00:00,06,8.46,1010.81,6.72,164.83,12.53,2.91,3.42
2023-01-20 14:00:00,06,8.85,1012.02,7.05,156.9,12.69,2.58,3.07
2023-01-20 15:00:00,06,9.05,1012.9,7.53,159.62,12.22,1.95,2.34
2023-01-20 16:00:00,06,9.25,1013.16,7.26,162.27,11.31,1.18,1.45
2023-01-20 17:00:00,06,9.55,1012.7,7.13,164.15,10.88,0.43,0.69
2023-01-20 18:00:00,06,9.75,1012.48,7.31,161.84,10.84,-0.11,0.14
2023-01-20 19:00:00,06,9.65,1012.51,6.92,162.72,10.52,-0.32,-0.08
2023-01-20 20:00:00,06,9.36,1012.91,6.31,164.83,10.61,-0.14,0.08
2023-01-20 21:00:00,06,9.05,1013.63,6.11,169.06,10.78,0.35,0.56
2023-01-20 22:00:00,06,8.5,1014.69,6.81,164.73,10.87,1.01,1.21
2023-01-20 23:00:00,06,8.05,1015.74,7.25,165.52,10.92,1.65,1.95
2023-01-21 00:00:00,06,7.75,1016.43,6.51,166.29,10.53,2.09,2.39
2023-01-21 01:00:00,06,7.45,1017.35,6.37,161.85,10.56,2.22,2.42
2023-01-21 02:00:00,06,7.15,1017.9,5.48,156.61,9.69,2.01,2.21
2023-01-21 03:00:00,06,6.91,1018.68,4.96,155.79,9.26,1.5,1.6
2023-01-21 04:00:00,06,6.75,1019.18,4.97,148.19,9.25,0.83,1.02
2023-01-21 05:00:00,06,6.55,1019.42,5.15,135.18,8.85,0.15,0.44
2023-01-20 12:00:00,12,8.55,1009.44,4.89,158.64,10.8,2.88,3.3
2023-01-20 13:00:00,12,8.65,1009.83,5.61,165.11,11.82,2.91,3.32
2023-01-20 14:00:00,12,9.15,1010.99,6.76,150.14,11.77,2.58,3.14
2023-01-20 15:00:00,12,9.45,1011.84,7.61,156.11,12.16,1.95,2.6
2023-01-20 16:00:00,12,9.65,1012.38,7.1,156.87,11.42,1.18,1.74
2023-01-20 17:00:00,12,9.95,1011.94,6.75,160.38,10.4,0.43,0.98
2023-01-20 18:00:00,12,9.95,1011.76,7.12,154.3,10.41,-0.11,0.43
2023-01-20 19:00:00,12,9.85,1011.95,7.0,152.72,10.44,-0.32,0.21
2023-01-20 20:00:00,12,9.52,1012.39,6.26,158.55,10.03,-0.14,0.38
2023-01-20 21:00:00,12,9.1,1013.28,5.9,159.48,10.09,0.35,0.86
2023-01-20 22:00:00,12,8.58,1014.27,5.57,157.61,9.5,1.01,1.5
2023-01-20 23:00:00,12,8.24,1015.58,5.66,160.03,9.47,1.65,2.13
2023-01-21 00:00:00,12,7.88,1016.46,5.24,157.29,9.23,2.09,2.56
2023-01-21 01:00:00,12,7.57,1017.22,5.02,149.48,9.32,2.22,2.67
2023-01-21 02:00:00,12,7.25,1017.9,4.74,139.7,9.24,2.01,2.45
2023-01-21 03:00:00,12,7.05,1018.62,4.78,144.41,9.05,1.5,1.83
2023-01-21 04:00:00,12,6.78,1019.0,5.08,137.19,9.24,0.83,1.14
2023-01-21 05:00:00,12,6.61,1019.05,5.48,132.5,9.11,0.15,0.56
2023-01-21 06:00:00,12,6.36,1019.3,5.65,138.28,8.84,-0.35,0.06
2023-01-21 07:00:00,12,6.2,1019.88,5.73,135.92,8.86,-0.53,-0.11
2023-01-21 08:00:00,12,6.05,1020.56,5.53,138.58,9.14,-0.32,0.1
2023-01-21 09:00:00,12,5.87,1021.03,5.4,149.04,8.93,0.26,0.67
2023-01-21 10:00:00,12,5.69,1021.18,5.47,148.66,9.16,1.06,1.48
2023-01-21 11:00:00,12,5.55,1021.7,5.12,146.84,9.05,1.91,2.23
2023-01-20 18:00:00,18,10.15,1011.57,6.8,155.98,10.02,-0.11,0.47
2023-01-20 19:00:00,18,10.15,1011.75,6.87,151.28,10.07,-0.32,0.23
2023-01-20 20:00:00,18,9.85,1012.25,5.98,153.35,9.76,-0.14,0.44
2023-01-20 21:00:00,18,9.41,1013.16,5.86,145.38,9.72,0.35,0.96
2023-01-20 22:00:00,18,8.96,1014.27,5.34,135.84,8.98,1.01,1.65
2023-01-20 23:00:00,18,8.55,1015.68,5.32,135.72,8.99,1.65,2.28
2023-01-21 00:00:00,18,8.37,1016.71,5.76,135.22,9.43,2.09,2.71
2023-01-21 01:00:00,18,7.89,1017.51,6.24,141.36,9.66,2.22,2.83
2023-01-21 02:00:00,18,7.56,1018.15,5.46,130.83,9.22,2.01,2.6
2023-01-21 03:00:00,18,7.28,1018.65,5.2,128.41,9.12,1.5,1.99
2023-01-21 04:00:00,18,7.07,1019.01,5.36,124.02,9.26,0.83,1.4
2023-01-21 05:00:00,18,6.78,1019.07,5.73,125.69,9.27,0.15,0.71
2023-01-21 06:00:00,18,6.59,1019.27,5.56,132.73,8.74,-0.35,0.21
2023-01-21 07:00:00,18,6.4,1020.28,5.57,138.65,8.53,-0.53,0.02
2023-01-21 08:00:00,18,6.16,1020.57,5.69,134.64,9.02,-0.32,0.23
2023-01-21 09:00:00,18,6.03,1021.15,5.73,139.39,9.28,0.26,0.69
2023-01-21 10:00:00,18,5.86,1021.47,5.34,147.31,9.05,1.06,1.49
2023-01-21 11:00:00,18,5.65,1021.95,5.35,142.18,9.13,1.91,2.33
2023-01-21 12:00:00,18,5.58,1022.06,5.2,130.08,9.26,2.61,3.03
2023-01-21 13:00:00,18,5.86,1022.64,4.87,128.61,9.05,3.0,3.42
2023-01-21 14:00:00,18,6.46,1023.76,4.75,130.26,8.14,2.99,3.42
2023-01-21 15:00:00,18,7.15,1024.28,5.04,121.08,7.16,2.6,3.02
2023-01-21 16:00:00,18,7.69,1024.39,4.83,116.93,6.12,1.9,2.42
2023-01-21 17:00:00,18,8.19,1023.44,4.19,112.4,5.39,1.06,1.58
2023-02-01 01:00:00,00,7.52,1021.66,5.99,38.9,8.18,1.15,2.2
2023-02-01 02:00:00,00,7.45,1021.7,5.55,36.34,7.5,0.71,1.77
2023-02-01 03:00:00,00,7.44,1021.24,5.7,42.68,7.3,0.33,1.45
2023-02-01 04:00:00,00,7.4,1020.52,5.51,43.14,7.41,0.11,1.13
2023-02-01 05:00:00,00,7.32,1021.04,5.92,59.3,7.45,0.13,1.13
2023-02-01 06:00:00,00,7.22,1020.57,5.33,54.98,7.03,0.39,1.38
2023-02-01 07:00:00,00,7.16,1019.82,4.71,38.1,6.12,0.83,1.81
2023-02-01 08:00:00,00,7.1,1019.52,5.73,49.71,7.03,1.35,2.31
2023-02-01 09:00:00,00,7.03,1019.73,5.71,60.75,7.15,1.83,2.88
2023-02-01 10:00:00,00,6.83,1021.37,6.93,80.25,8.43,2.18,3.21
2023-02-01 11:00:00,00,6.65,1021.29,6.7,63.73,8.45,2.32,3.45
2023-02-01 12:00:00,00,6.62,1022.65,7.02,76.43,8.58,2.24,3.35
2023-02-01 13:00:00,00,6.31,1023.51,8.52,77.34,10.6,1.94,3.04
2023-02-01 14:00:00,00,6.14,1024.85,7.94,76.71,10.2,1.49,2.77
2023-02-01 15:00:00,00,6.09,1024.87,7.52,62.91,10.08,0.98,2.25
2023-02-01 16:00:00,00,6.15,1025.86,7.33,72.76,9.31,0.54,1.79
2023-02-01 17:00:00,00,5.95,1024.96,6.38,73.51,8.36,0.28,1.44
2023-02-01 18:00:00,00,5.95,1025.53,6.36,89.04,8.2,0.26,1.42
2023-02-01 19:00:00,00,5.85,1025.13,5.31,87.84,7.41,0.47,1.53
2023-02-01 20:00:00,00,6.19,1025.61,5.18,84.32,6.92,0.84,1.79
2023-02-01 21:00:00,00,6.45,1025.55,4.87,74.82,6.02,1.25,2.31
2023-02-01 22:00:00,00,6.1,1026.07,4.84,75.52,6.03,1.6,2.65
2023-02-01 23:00:00,00,5.82,1026.64,4.51,79.01,5.84,1.79,2.74
2023-02-01 06:00:00,06,7.12,1020.67,5.36,58.04,6.95,0.39,1.44
2023-02-01 07:00:00,06,7.0,1020.03,4.62,44.38,5.88,0.83,2.01
2023-02-01 08:00:00,06,6.95,1019.82,5.53,54.17,6.69,1.35,2.48
2023-02-01 09:00:00,06,6.89,1019.93,5.86,69.42,7.1,1.83,2.89
2023-02-01 10:00:00,06,6.7,1021.62,7.15,83.51,8.85,2.18,3.36
2023-02-01 11:00:00,06,6.61,1021.14,6.46,60.04,8.45,2.32,3.6
2023-02-01 12:00:00,06,6.65,1022.49,6.5,75.18,8.02,2.24,3.5
2023-02-01 13:00:00,06,6.31,1023.56,7.84,74.96,10.03,1.94,3.19
2023-02-01 14:00:00,06,6.25,1024.5,8.12,72.76,10.37,1.49,2.83
2023-02-01 15:00:00,06,6.11,1025.36,7.35,66.89,9.77,0.98,2.31
2023-02-01 16:00:00,06,6.05,1026.23,7.25,74.42,9.02,0.54,1.86
2023-02-01 17:00:00,06,5.91,1025.21,6.6,72.48,8.34,0.28,1.59
2023-02-01 18:00:00,06,5.87,1025.33,6.34,86.75,8.17,0.26,1.47
2023-02-01 19:00:00,06,5.87,1025.22,5.69,85.24,8.07,0.47,1.67
2023-02-01 20:00:00,06,6.35,1025.65,5.62,82.51,7.24,0.84,1.92
2023-02-01 21:00:00,06,6.39,1025.69,5.15,73.91,6.2,1.25,2.33
2023-02-01 22:00:00,06,6.06,1026.41,4.87,78.14,6.21,1.6,2.66
2023-02-01 23:00:00,06,5.76,1026.57,4.58,76.31,5.95,1.79,2.85
2023-02-02 00:00:00,06,5.74,1027.42,4.44,83.87,6.25,1.76,2.72
2023-02-02 01:00:00,06,5.56,1027.01,3.54,75.11,5.0,1.52,2.38
2023-02-02 02:00:00,06,5.53,1028.12,3.76,80.99,5.21,1.12,1.98
2023-02-02 03:00:00,06,5.55,1027.38,2.9,59.75,4.1,0.66,1.52
2023-02-02 04:00:00,06,5.5,1027.81,2.82,67.28,3.7,0.27,1.13
2023-02-02 05:00:00,06,5.58,1027.12,2.35,39.8,2.9,0.06,0.93
2023-02-01 12:00:00,12,6.65,1022.61,6.75,79.82,8.33,2.24,3.49
2023-02-01 13:00:00,12,6.37,1023.59,7.86,78.75,10.3,1.94,3.31
2023-02-01 14:00:00,12,6.23,1024.78,8.12,82.21,10.37,1.49,2.96
2023-02-01 15:00:00,12,6.12,1025.24,7.58,73.39,10.07,0.98,2.54
2023-02-01 16:00:00,12,6.12,1026.19,7.23,81.5,9.15,0.54,2.16
2023-02-01 17:00:00,12,5.91,1025.26,6.34,80.85,8.51,0.28,1.79
2023-02-01 18:00:00,12,5.99,1025.32,6.07,91.09,8.46,0.26,1.66
2023-02-01 19:00:00,12,6.01,1024.77,5.59,84.72,8.04,0.47,1.75
2023-02-01 20:00:00,12,6.61,1025.18,5.92,79.89,7.48,0.84,2.11
2023-02-01 21:00:00,12,6.53,1025.48,5.72,72.62,6.82,1.25,2.51
2023-02-01 22:00:00,12,6.14,1026.12,5.24,72.75,6.53,1.6,2.94
2023-02-01 23:00:00,12,5.95,1026.48,5.28,72.61,6.77,1.79,3.02
2023-02-02 00:00:00,12,5.86,1026.96,4.84,73.61,6.5,1.76,2.98
2023-02-02 01:00:00,12,5.72,1027.05,4.27,71.62,5.72,1.52,2.62
2023-02-02 02:00:00,12,5.78,1027.39,4.43,68.11,5.93,1.12,2.21
2023-02-02 03:00:00,12,5.7,1027.48,3.92,63.05,5.29,0.66,1.74
2023-02-02 04:00:00,12,5.7,1027.1,3.11,51.6,3.95,0.27,1.23
2023-02-02 05:00:00,12,5.68,1027.03,2.64,39.85,3.22,0.06,1.03
2023-02-02 06:00:00,12,5.85,1026.62,2.67,40.1,3.13,0.11,0.98
2023-02-02 07:00:00,12,5.75,1026.01,2.96,34.72,3.44,0.41,1.28
2023-02-02 08:00:00,12,5.85,1025.6,2.93,27.49,3.37,0.89,1.75
2023-02-02 09:00:00,12,5.85,1025.43,3.11,34.35,3.64,1.43,2.29
2023-02-02 10:00:00,12,5.86,1024.88,2.81,15.41,3.37,1.92,2.79
2023-02-02 11:00:00,12,5.89,1024.84,2.97,22.05,3.45,2.26,3.12
2023-02-01 18:00:00,18,6.04,1025.36,6.14,91.99,8.44,0.26,1.59
2023-02-01 19:00:00,18,6.1,1024.84,5.6,86.09,7.93,0.47,1.61
2023-02-01 20:00:00,18,7.01,1024.97,5.85,79.45,7.24,0.84,1.95
2023-02-01 21:00:00,18,6.73,1025.41,5.78,74.09,6.72,1.25,2.32
2023-02-01 22:00:00,18,6.24,1026.02,5.16,72.67,6.5,1.6,2.58
2023-02-01 23:00:00,18,5.95,1026.59,5.2,73.51,6.66,1.79,2.79
2023-02-02 00:00:00,18,5.85,1026.82,5.05,71.99,6.48,1.76,2.68
2023-02-02 01:00:00,18,5.86,1026.91,4.43,69.0,5.7,1.52,2.47
2023-02-02 02:00:00,18,5.9,1027.46,4.29,67.17,5.64,1.12,2.09
2023-02-02 03:00:00,18,5.82,1027.44,3.87,59.2,5.0,0.66,1.65
2023-02-02 04:00:00,18,5.9,1026.72,3.9,47.0,4.75,0.27,1.19
2023-02-02 05:00:00,18,5.8,1027.07,2.91,40.18,3.46,0.06,1.01
2023-02-02 06:00:00,18,5.95,1026.39,2.75,37.0,3.01,0.11,1.08
2023-02-02 07:00:00,18,5.83,1026.13,2.64,37.54,3.11,0.41,1.4
2023-02-02 08:00:00,18,5.75,1025.33,2.52,26.4,3.2,0.89,1.8
2023-02-02 09:00:00,18,6.0,1024.9,2.81,44.31,3.21,1.43,2.37
2023-02-02 10:00:00,18,6.11,1025.07,2.68,42.25,2.98,1.92,2.88
2023-02-02 11:00:00,18,6.17,1024.76,2.89,33.33,3.1,2.26,3.22
2023-02-02 12:00:00,18,6.03,1024.89,2.23,23.09,2.66,2.38,3.34
2023-02-02 13:00:00,18,5.87,1024.34,2.67,3.6,3.03,2.25,3.21
2023-02-02 14:00:00,18,5.98,1025.05,1.55,353.96,1.86,1.9,2.86
2023-02-02 15:00:00,18,6.04,1025.04,0.92,311.7,1.01,1.4,2.26
2023-02-02 16:00:00,18,5.95,1023.36,2.7,294.83,2.95,0.86,1.72
2023-02-02 17:00:00,18,6.08,1022.41,1.24,254.97,1.83,0.42,1.29
2023-02-02 01:00:00,00,5.82,1026.64,4.17,68.96,5.49,1.52,2.48
2023-02-02 02:00:00,00,5.85,1027.11,3.92,70.47,5.24,1.12,2.02
2023-02-02 03:00:00,00,5.83,1026.96,3.49,64.66,4.71,0.66,1.5
2023-02-02 04:00:00,00,5.78,1026.17,3.47,54.08,4.32,0.27,1.09
2023-02-02 05:00:00,00,5.71,1026.72,2.7,53.53,3.31,0.06,0.9
2023-02-02 06:00:00,00,5.8,1026.03,2.7,50.76,3.13,0.11,0.87
2023-02-02 07:00:00,00,5.91,1025.64,2.97,44.31,3.6,0.41,1.19
2023-02-02 08:00:00,00,5.7,1024.68,3.08,18.23,3.42,0.89,1.69
2023-02-02 09:00:00,00,5.89,1025.0,2.56,47.52,3.0,1.43,2.25
2023-02-02 10:00:00,00,6.03,1024.34,3.18,33.31,3.65,1.92,2.76
2023-02-02 11:00:00,00,5.96,1024.95,2.38,49.31,2.63,2.26,3.12
2023-02-02 12:00:00,00,5.64,1024.65,2.43,359.24,2.85,2.38,3.25
2023-02-02 13:00:00,00,5.66,1024.92,1.6,327.69,2.31,2.25,3.15
2023-02-02 14:00:00,00,5.69,1025.0,0.89,341.12,1.3,1.9,2.71
2023-02-02 15:00:00,00,5.68,1024.99,0.25,1.12,0.75,1.4,2.23
2023-02-02 16:00:00,00,5.75,1023.86,0.99,345.08,1.54,0.86,1.71
2023-02-02 17:00:00,00,5.84,1022.7,0.5,32.67,0.86,0.42,1.28
2023-02-02 18:00:00,00,6.11,1021.84,1.74,109.13,1.62,0.2,1.05
2023-02-02 19:00:00,00,5.96,1020.43,0.64,102.75,1.05,0.23,0.99
2023-02-02 20:00:00,00,5.97,1019.24,1.34,258.29,1.59,0.5,1.36
2023-02-02 21:00:00,00,6.01,1018.82,2.06,231.01,2.91,0.92,1.78
2023-02-02 22:00:00,00,5.9,1018.98,2.1,160.09,2.96,1.37,2.22
2023-02-02 23:00:00,00,5.88,1018.67,2.06,199.69,3.44,1.71,2.57
2023-02-02 06:00:00,06,5.55,1026.1,2.61,55.88,3.06,0.11,0.97
2023-02-02 07:00:00,06,5.7,1025.68,2.91,50.96,3.65,0.41,1.28
2023-02-02 08:00:00,06,5.45,1024.62,2.97,23.87,3.42,0.89,1.75
2023-02-02 09:00:00,06,5.75,1025.06,2.73,58.48,3.41,1.43,2.26
2023-02-02 10:00:00,06,5.91,1024.27,3.37,43.33,3.93,1.92,2.75
2023-02-02 11:00:00,06,5.85,1024.81,3.0,59.71,3.24,2.26,3.08
2023-02-02 12:00:00,06,5.65,1024.74,2.18,22.86,2.52,2.38,3.19
2023-02-02 13:00:00,06,5.4,1025.14,1.36,334.14,1.8,2.25,3.06
2023-02-02 14:00:00,06,5.45,1025.25,1.21,311.75,1.41,1.9,2.7
2023-02-02 15:00:00,06,5.56,1025.26,0.64,283.76,0.83,1.4,2.19
2023-02-02 16:00:00,06,5.55,1024.41,1.55,277.32,1.76,0.86,1.55
2023-02-02 17:00:00,06,5.58,1023.5,0.69,220.76,1.27,0.42,1.11
2023-02-02 18:00:00,06,5.74,1021.94,0.49,153.35,0.84,0.2,0.88
2023-02-02 19:00:00,06,5.88,1020.56,0.88,214.8,1.5,0.23,0.91
2023-02-02 20:00:00,06,5.77,1019.63,2.06,230.7,2.8,0.5,1.17
2023-02-02 21:00:00,06,5.82,1018.71,2.05,215.24,3.03,0.92,1.59
2023-02-02 22:00:00,06,5.73,1019.04,2.67,182.56,4.11,1.37,2.12
2023-02-02 23:00:00,06,5.76,1018.93,2.69,186.58,4.32,1.71,2.47
2023-02-03 00:00:00,06,5.67,1018.63,3.06,208.0,5.01,1.87,2.63
2023-02-03 01:00:00,06,5.71,1017.77,2.91,210.74,5.08,1.8,2.45
2023-02-03 02:00:00,06,5.69,1017.76,3.26,205.74,6.79,1.5,2.15
2023-02-03 03:00:00,06,5.78,1017.22,3.47,211.08,7.71,1.04,1.6
2023-02-03 04:00:00,06,5.79,1016.44,3.91,217.96,8.69,0.56,1.11
2023-02-03 05:00:00,06,5.86,1015.99,4.31,206.15,10.21,0.17,0.72
2023-02-02 12:00:00,12,5.74,1024.88,2.34,34.36,2.67,2.38,3.06
2023-02-02 13:00:00,12,5.45,1025.02,1.7,2.33,2.16,2.25,2.89
2023-02-02 14:00:00,12,5.48,1025.38,1.27,345.83,1.52,1.9,2.6
2023-02-02 15:00:00,12,5.51,1025.43,0.69,16.28,0.92,1.4,2.15
2023-02-02 16:00:00,12,5.53,1024.25,1.21,319.37,1.34,0.86,1.57
2023-02-02 17:00:00,12,5.68,1023.56,0.17,219.54,0.61,0.42,1.13
2023-02-02 18:00:00,12,5.79,1021.93,0.43,142.9,0.99,0.2,0.9
2023-02-02 19:00:00,12,6.21,1020.25,1.64,264.15,1.87,0.23,0.83
2023-02-02 20:00:00,12,6.75,1019.44,1.69,234.5,2.54,0.5,1.1
2023-02-02 21:00:00,12,6.31,1018.72,1.73,207.53,2.61,0.92,1.61
2023-02-02 22:00:00,12,6.05,1018.7,2.36,173.95,3.51,1.37,2.05
2023-02-02 23:00:00,12,5.91,1019.56,3.54,195.44,5.44,1.71,2.4
2023-02-03 00:00:00,12,5.85,1018.38,3.11,223.69,4.22,1.87,2.55
2023-02-03 01:00:00,12,5.87,1018.71,3.22,208.3,5.61,1.8,2.47
2023-02-03 02:00:00,12,5.89,1017.76,3.02,215.43,5.7,1.5,2.07
2023-02-03 03:00:00,12,5.9,1016.93,3.24,221.71,6.51,1.04,1.61
2023-02-03 04:00:00,12,5.88,1016.66,3.84,215.23,8.71,0.56,1.12
2023-02-03 05:00:00,12,5.97,1016.13,4.26,210.63,10.67,0.17,0.73
2023-02-03 06:00:00,12,6.07,1015.34,4.42,210.2,11.01,-0.0,0.56
2023-02-03 07:00:00,12,6.1,1014.61,4.37,186.59,10.61,0.1,0.56
2023-02-03 08:00:00,12,6.12,1014.89,5.09,173.98,10.46,0.46,0.93
2023-02-03 09:00:00,12,6.13,1014.65,4.63,163.57,10.09,0.99,1.45
2023-02-03 10:00:00,12,6.12,1015.06,4.92,144.85,10.04,1.56,2.03
2023-02-03 11:00:00,12,5.97,1015.53,5.71,128.69,10.12,2.06,2.62
2023-02-03 01:00:00,00,5.81,1018.49,3.66,190.6,5.72,1.8,2.43
2023-02-03 02:00:00,00,5.82,1017.77,3.75,211.01,6.91,1.5,2.11
2023-02-03 03:00:00,00,5.86,1017.01,3.72,207.04,8.31,1.04,1.6
2023-02-03 04:00:00,00,5.83,1016.45,4.34,208.12,10.94,0.56,1.05
2023-02-03 05:00:00,00,5.93,1015.58,4.76,208.92,12.13,0.17,0.68
2023-02-03 06:00:00,00,6.08,1014.55,5.19,196.62,11.85,-0.0,0.42
2023-02-03 07:00:00,00,6.17,1014.64,5.84,187.79,12.47,0.1,0.54
2023-02-03 08:00:00,00,6.23,1014.58,5.79,179.46,11.95,0.46,0.91
2023-02-03 09:00:00,00,6.11,1014.22,5.83,166.24,11.46,0.99,1.45
2023-02-03 10:00:00,00,5.98,1015.29,6.15,159.31,12.19,1.56,2.04
2023-02-03 11:00:00,00,5.89,1015.65,5.9,150.4,11.94,2.06,2.55
2023-02-03 12:00:00,00,5.79,1016.34,6.23,146.42,11.47,2.36,2.87
2023-02-03 13:00:00,00,5.83,1016.59,6.95,127.56,10.23,2.42,2.94
2023-02-03 14:00:00,00,6.07,1018.84,7.53,111.48,9.5,2.22,2.85
2023-02-03 15:00:00,00,6.18,1020.61,8.25,114.98,9.69,1.79,2.64
2023-02-03 16:00:00,00,6.02,1020.47,8.5,101.16,9.73,1.24,2.09
2023-02-03 17:00:00,00,6.26,1020.89,9.2,111.29,10.87,0.68,1.54
2023-02-03 18:00:00,00,5.99,1022.3,9.09,119.53,11.23,0.27,1.13
2023-02-03 19:00:00,00,6.19,1021.95,8.75,117.91,11.41,0.11,0.97
2023-02-03 20:00:00,00,5.94,1023.21,9.16,124.92,11.57,0.23,0.99
2023-02-03 21:00:00,00,5.59,1024.3,8.06,118.71,10.93,0.58,1.34
2023-02-03 22:00:00,00,5.23,1025.47,7.13,112.75,10.1,1.06,1.82
2023-02-03 23:00:00,00,4.84,1027.2,7.34,104.98,9.87,1.53,2.29
2023-02-03 06:00:00,06,5.98,1014.42,5.28,199.65,12.1,-0.0,0.6
2023-02-03 07:00:00,06,6.08,1014.37,5.72,192.03,12.54,0.1,0.7
2023-02-03 08:00:00,06,6.13,1014.35,5.86,185.04,12.26,0.46,0.96
2023-02-03 09:00:00,06,6.16,1013.95,6.09,171.22,11.95,0.99,1.43
2023-02-03 10:00:00,06,6.03,1014.77,6.3,160.78,12.45,1.56,2.06
2023-02-03 11:00:00,06,6.01,1015.27,6.19,153.36,12.31,2.06,2.55
2023-02-03 12:00:00,06,5.89,1016.03,6.31,149.89,11.74,2.36,2.85
2023-02-03 13:00:00,06,5.94,1017.02,6.59,135.5,10.06,2.42,2.91
2023-02-03 14:00:00,06,6.05,1018.02,7.61,110.03,9.92,2.22,2.81
2023-02-03 15:00:00,06,6.08,1020.2,8.44,114.08,10.0,1.79,2.58
2023-02-03 16:00:00,06,6.09,1021.22,8.53,101.86,9.81,1.24,2.12
2023-02-03 17:00:00,06,6.19,1021.65,8.55,113.78,10.41,0.68,1.56
2023-02-03 18:00:00,06,6.1,1021.86,9.23,118.46,11.41,0.27,1.15
2023-02-03 19:00:00,06,6.53,1022.11,8.78,118.81,11.25,0.11,0.98
2023-02-03 20:00:00,06,6.11,1023.58,8.51,122.83,10.76,0.23,1.0
2023-02-03 21:00:00,06,5.77,1023.92,8.24,121.04,11.5,0.58,1.25
2023-02-03 22:00:00,06,5.34,1025.29,8.3,117.23,10.56,1.06,1.73
2023-02-03 23:00:00,06,4.8,1027.12,7.77,117.51,11.0,1.53,2.19
2023-02-04 00:00:00,06,4.59,1028.66,7.13,115.02,11.7,1.86,2.62
2023-02-04 01:00:00,06,4.35,1029.84,6.9,108.42,11.02,1.96,2.73
2023-02-04 02:00:00,06,4.14,1030.97,7.54,107.2,11.06,1.81,2.48
2023-02-04 03:00:00,06,3.97,1032.01,7.71,111.44,11.4,1.44,2.1
2023-02-04 04:00:00,06,3.8,1032.53,7.61,114.44,11.46,0.93,1.49
2023-02-04 05:00:00,06,3.71,1033.16,6.83,116.23,10.24,0.42,0.98
2023-02-03 12:00:00,12,5.86,1015.28,5.66,159.15,12.09,2.36,2.95
2023-02-03 13:00:00,12,6.0,1015.8,5.87,150.2,11.14,2.42,2.95
2023-02-03 14:00:00,12,6.31,1016.77,6.52,131.5,10.16,2.22,2.82
2023-02-03 15:00:00,12,6.65,1017.97,6.55,115.31,9.05,1.79,2.39
2023-02-03 16:00:00,12,6.98,1019.37,7.83,104.45,9.14,1.24,1.86
2023-02-03 17:00:00,12,6.84,1019.6,8.54,104.85,9.87,0.68,1.51
2023-02-03 18:00:00,12,6.88,1020.07,9.21,117.79,10.65,0.27,1.2
2023-02-03 19:00:00,12,7.01,1020.78,9.77,118.43,11.11,0.11,1.04
2023-02-03 20:00:00,12,6.31,1022.11,9.59,119.22,11.46,0.23,1.17
2023-02-03 21:00:00,12,6.09,1023.36,8.92,115.88,11.66,0.58,1.43
2023-02-03 22:00:00,12,5.43,1024.99,9.17,117.29,11.9,1.06,1.81
2023-02-03 23:00:00,12,4.84,1027.17,8.31,117.36,12.51,1.53,2.18
2023-02-04 00:00:00,12,4.53,1029.1,7.98,114.2,12.18,1.86,2.51
2023-02-04 01:00:00,12,4.29,1030.55,8.53,109.9,12.26,1.96,2.62
2023-02-04 02:00:00,12,3.97,1031.7,8.9,111.54,13.1,1.81,2.47
2023-02-04 03:00:00,12,3.79,1032.74,8.26,112.03,12.65,1.44,2.0
2023-02-04 04:00:00,12,3.67,1033.03,7.21,105.15,10.6,0.93,1.49
2023-02-04 05:00:00,12,3.63,1033.85,7.76,104.92,10.22,0.42,0.98
2023-02-04 06:00:00,12,3.53,1034.64,7.8,109.21,10.06,0.05,0.62
2023-02-04 07:00:00,12,3.29,1035.4,6.86,110.59,8.46,-0.06,0.51
2023-02-04 08:00:00,12,3.2,1036.04,5.81,108.93,7.22,0.13,0.69
2023-02-04 09:00:00,12,3.15,1036.59,5.5,102.79,6.88,0.57,1.13
2023-02-04 10:00:00,12,3.08,1037.25,5.66,94.39,6.78,1.15,1.72
2023-02-04 11:00:00,12,2.95,1037.93,5.33,87.78,6.27,1.75,2.21
2023-02-03 18:00:00,18,7.13,1019.7,8.69,113.93,10.03,0.27,1.39
2023-02-03 19:00:00,18,7.06,1020.01,9.19,113.33,10.34,0.11,1.45
2023-02-03 20:00:00,18,6.68,1021.36,9.2,110.53,10.66,0.23,1.48
2023-02-03 21:00:00,18,6.26,1022.46,8.81,105.53,11.1,0.58,1.71
2023-02-03 22:00:00,18,5.61,1024.51,9.38,106.01,12.06,1.06,1.87
2023-02-03 23:00:00,18,4.96,1026.83,9.34,107.25,12.18,1.53,2.34
2023-02-04 00:00:00,18,4.58,1029.02,8.91,110.22,12.74,1.86,2.58
2023-02-04 01:00:00,18,4.19,1030.69,9.19,109.94,13.14,1.96,2.69
2023-02-04 02:00:00,18,3.86,1032.03,9.44,112.08,13.75,1.81,2.44
2023-02-04 03:00:00,18,3.73,1033.26,8.9,109.65,13.24,1.44,2.07
2023-02-04 04:00:00,18,3.52,1033.74,8.38,108.47,11.54,0.93,1.46
2023-02-04 05:00:00,18,3.39,1034.59,7.74,108.3,10.6,0.42,0.96
2023-02-04 06:00:00,18,3.3,1035.21,7.07,106.62,9.6,0.05,0.6
2023-02-04 07:00:00,18,3.2,1035.91,6.57,104.82,8.72,-0.06,0.5
2023-02-04 08:00:00,18,3.03,1036.55,6.13,103.63,7.7,0.13,0.69
2023-02-04 09:00:00,18,2.91,1037.14,5.97,101.39,7.25,0.57,1.13
2023-02-04 10:00:00,18,2.79,1037.76,5.88,98.15,6.93,1.15,1.72
2023-02-04 11:00:00,18,2.78,1038.51,5.14,93.31,6.04,1.75,2.21
2023-02-04 12:00:00,18,2.7,1038.67,4.35,83.45,5.14,2.21,2.68
2023-02-04 13:00:00,18,2.88,1038.92,3.51,78.42,4.0,2.46,2.83
2023-02-04 14:00:00,18,3.62,1039.44,2.62,77.43,2.68,2.43,2.79
2023-02-04 15:00:00,18,4.3,1039.52,1.97,60.42,1.88,2.12,2.39
2023-02-04 16:00:00,18,5.02,1039.51,1.44,36.69,1.27,1.61,1.88
2023-02-04 17:00:00,18,5.74,1038.49,1.32,352.25,1.94,1.01,1.28
2023-02-04 01:00:00,00,4.3,1029.82,8.92,99.3,12.04,1.96,2.57
2023-02-04 02:00:00,00,3.97,1030.91,9.03,101.72,12.83,1.81,2.41
2023-02-04 03:00:00,00,3.86,1032.09,9.14,101.71,13.14,1.44,1.97
2023-02-04 04:00:00,00,3.75,1032.83,9.08,102.17,12.62,0.93,1.51
2023-02-04 05:00:00,00,3.61,1033.81,8.09,107.08,11.53,0.42,0.91
2023-02-04 06:00:00,00,3.39,1034.5,6.86,101.03,9.82,0.05,0.55
2023-02-04 07:00:00,00,3.45,1035.32,6.91,97.4,8.75,-0.06,0.45
2023-02-04 08:00:00,00,3.32,1036.02,6.59,94.71,8.18,0.13,0.74
2023-02-04 09:00:00,00,3.12,1036.86,6.23,95.25,7.26,0.57,1.18
2023-02-04 10:00:00,00,2.95,1037.51,6.08,93.39,7.02,1.15,1.67
2023-02-04 11:00:00,00,2.85,1038.41,5.52,90.85,6.39,1.75,2.27
2023-02-04 12:00:00,00,2.82,1038.78,4.7,82.83,5.53,2.21,2.65
2023-02-04 13:00:00,00,3.03,1038.98,3.63,74.66,4.25,2.46,2.8
2023-02-04 14:00:00,00,3.67,1039.45,2.81,71.93,3.02,2.43,2.78
2023-02-04 15:00:00,00,4.43,1039.37,2.21,58.1,2.22,2.12,2.38
2023-02-04 16:00:00,00,5.13,1039.23,1.7,34.77,1.53,1.61,1.88
2023-02-04 17:00:00,00,5.67,1038.25,1.52,3.79,1.91,1.01,1.27
2023-02-04 18:00:00,00,5.89,1036.7,1.33,328.17,3.01,0.47,0.63
2023-02-04 19:00:00,00,5.85,1035.78,1.14,332.17,3.24,0.12,0.28
2023-02-04 20:00:00,00,5.74,1035.25,1.36,321.96,3.52,0.05,0.21
2023-02-04 21:00:00,00,5.46,1034.79,1.9,264.72,4.34,0.28,0.44
2023-02-04 22:00:00,00,5.0,1034.87,3.81,242.29,5.85,0.73,0.89
2023-02-04 23:00:00,00,4.55,1035.05,5.1,258.58,7.23,1.26,1.42
2023-02-04 06:00:00,06,3.39,1034.36,6.96,103.53,10.51,0.05,0.64
2023-02-04 07:00:00,06,3.29,1035.15,7.0,100.92,9.43,-0.06,0.39
2023-02-04 08:00:00,06,3.09,1035.7,6.76,99.29,8.83,0.13,0.34
2023-02-04 09:00:00,06,2.99,1036.47,6.51,98.96,8.14,0.57,0.58
2023-02-04 10:00:00,06,2.85,1037.1,6.59,96.28,7.8,1.15,1.04
2023-02-04 11:00:00,06,2.72,1037.97,6.17,93.29,7.33,1.75,1.57
2023-02-04 12:00:00,06,2.62,1038.54,5.17,86.48,6.24,2.21,2.08
2023-02-04 13:00:00,06,2.85,1038.84,4.11,78.27,4.92,2.46,2.36
2023-02-04 14:00:00,06,3.47,1039.36,3.29,74.35,3.6,2.43,2.27
2023-02-04 15:00:00,06,4.13,1039.25,2.64,59.57,2.68,2.12,2.0
2023-02-04 16:00:00,06,4.68,1039.14,2.25,43.05,1.93,1.61,1.43
2023-02-04 17:00:00,06,5.25,1038.2,1.8,9.48,1.83,1.01,0.87
2023-02-04 18:00:00,06,5.76,1036.85,1.49,347.64,2.62,0.47,0.36
2023-02-04 19:00:00,06,5.62,1035.98,1.33,354.32,2.95,0.12,0.05
2023-02-04 20:00:00,06,5.47,1035.54,1.53,346.26,3.4,0.05,0.03
2023-02-04 21:00:00,06,5.23,1035.06,1.39,312.66,4.04,0.28,0.29
2023-02-04 22:00:00,06,4.7,1034.94,1.84,264.92,5.12,0.73,0.78
2023-02-04 23:00:00,06,4.28,1034.96,4.19,263.46,6.83,1.26,1.31
2023-02-05 00:00:00,06,4.1,1035.27,5.46,266.0,8.24,1.73,1.68
2023-02-05 01:00:00,06,3.94,1034.99,5.61,271.15,9.76,2.0,1.85
2023-02-05 02:00:00,06,3.88,1034.67,5.39,272.11,10.37,2.03,1.78
2023-02-05 03:00:00,06,4.0,1034.31,5.46,264.61,11.21,1.78,1.53
2023-02-05 04:00:00,06,4.1,1033.77,5.87,262.35,12.08,1.32,0.97
2023-02-05 05:00:00,06,4.12,1033.17,6.0,257.3,12.72,0.77,0.32
2023-02-04 12:00:00,12,2.42,1038.8,5.25,89.04,6.41,2.21,1.8
2023-02-04 13:00:00,12,2.69,1039.1,4.3,82.57,5.11,2.46,2.01
2023-02-04 14:00:00,12,3.23,1039.56,3.64,80.16,4.14,2.43,1.87
2023-02-04 15:00:00,12,3.87,1039.37,3.07,68.04,3.31,2.12,1.64
2023-02-04 16:00:00,12,4.4,1039.1,2.61,54.16,2.42,1.61,1.06
2023-02-04 17:00:00,12,4.87,1038.14,2.02,26.94,1.62,1.01,0.49
2023-02-04 18:00:00,12,5.32,1036.83,1.66,1.98,2.05,0.47,-0.13
2023-02-04 19:00:00,12,5.31,1036.01,1.6,2.35,2.52,0.12,-0.45
2023-02-04 20:00:00,12,5.09,1035.56,1.73,356.3,3.15,0.05,-0.48
2023-02-04 21:00:00,12,4.84,1035.05,2.0,345.05,3.93,0.28,-0.22
2023-02-04 22:00:00,12,4.29,1034.8,1.95,341.21,4.1,0.73,0.26
2023-02-04 23:00:00,12,3.83,1035.0,3.38,289.28,6.55,1.26,0.82
2023-02-05 00:00:00,12,3.8,1035.27,4.75,270.55,7.76,1.73,1.22
2023-02-05 01:00:00,12,3.59,1035.05,5.24,269.53,9.22,2.0,1.53
2023-02-05 02:00:00,12,3.75,1034.65,5.58,272.72,10.34,2.03,1.48
2023-02-05 03:00:00,12,3.85,1034.3,5.58,269.58,10.94,1.78,1.17
2023-02-05 04:00:00,12,3.88,1033.9,5.82,262.4,11.82,1.32,0.64
2023-02-05 05:00:00,12,3.92,1033.08,6.1,261.15,12.44,0.77,0.09
2023-02-05 06:00:00,12,3.96,1032.54,5.81,256.09,12.62,0.27,-0.52
2023-02-05 07:00:00,12,3.99,1032.38,5.77,253.3,12.74,-0.04,-0.92
2023-02-05 08:00:00,12,3.97,1031.74,5.35,251.53,12.42,-0.06,-0.95
2023-02-05 09:00:00,12,4.16,1031.4,4.99,246.51,11.91,0.22,-0.66
2023-02-05 10:00:00,12,4.17,1030.93,4.46,244.65,10.71,0.74,-0.14
2023-02-05 11:00:00,12,4.18,1030.31,4.18,248.92,9.85,1.36,0.38
2023-02-04 18:00:00,18,5.24,1037.0,1.58,0.37,1.96,0.47,-0.14
2023-02-04 19:00:00,18,5.3,1036.19,1.45,1.55,2.42,0.12,-0.64
2023-02-04 20:00:00,18,4.99,1035.77,1.51,351.86,3.01,0.05,-0.76
2023-02-04 21:00:00,18,4.64,1035.28,1.78,334.23,3.64,0.28,-0.67
2023-02-04 22:00:00,18,4.11,1034.94,1.61,333.46,3.98,0.73,-0.3
2023-02-04 23:00:00,18,3.73,1035.01,2.61,284.92,6.05,1.26,0.27
2023-02-05 00:00:00,18,3.67,1035.22,4.69,263.5,7.33,1.73,0.77
2023-02-05 01:00:00,18,3.64,1034.96,4.97,264.02,8.75,2.0,1.08
2023-02-05 02:00:00,18,3.62,1034.58,5.44,267.44,10.07,2.03,1.04
2023-02-05 03:00:00,18,3.75,1034.26,5.44,266.12,10.46,1.78,0.73
2023-02-05 04:00:00,18,3.8,1033.64,5.62,260.89,11.49,1.32,0.21
2023-02-05 05:00:00,18,3.81,1032.93,5.89,259.23,12.12,0.77,-0.41
2023-02-05 06:00:00,18,3.91,1032.5,5.8,253.83,12.52,0.27,-0.88
2023-02-05 07:00:00,18,3.91,1032.37,5.8,251.64,12.92,-0.04,-1.25
2023-02-05 08:00:00,18,3.92,1032.01,5.63,245.68,13.11,-0.06,-1.24
2023-02-05 09:00:00,18,4.04,1031.51,5.29,244.86,12.7,0.22,-1.02
2023-02-05 10:00:00,18,4.09,1031.16,4.82,243.2,11.84,0.74,-0.47
2023-02-05 11:00:00,18,4.07,1030.46,4.5,251.93,10.85,1.36,0.16
2023-02-05 12:00:00,18,4.19,1030.41,4.53,246.83,10.72,1.95,0.74
2023-02-05 13:00:00,18,4.55,1030.04,4.25,252.06,10.54,2.36,1.15
2023-02-05 14:00:00,18,5.24,1029.84,4.3,246.94,10.82,2.5,1.4
2023-02-05 15:00:00,18,6.03,1029.21,4.33,248.42,10.44,2.36,1.25
2023-02-05 16:00:00,18,7.1,1028.29,4.0,250.17,8.6,1.95,0.84
2023-02-05 17:00:00,18,7.98,1026.77,3.77,249.09,7.32,1.36,0.26
2023-02-05 01:00:00,00,3.64,1034.55,4.76,262.07,7.92,2.0,0.95
2023-02-05 02:00:00,00,3.58,1034.08,4.9,263.61,8.93,2.03,0.96
2023-02-05 03:00:00,00,3.66,1033.64,4.87,263.4,9.04,1.78,0.76
2023-02-05 04:00:00,00,3.71,1032.91,4.95,261.37,9.92,1.32,0.24
2023-02-05 05:00:00,00,3.8,1032.14,5.06,256.96,10.6,0.77,-0.3
2023-02-05 06:00:00,00,3.85,1031.76,5.2,252.95,11.12,0.27,-0.79
2023-02-05 07:00:00,00,3.89,1031.61,5.32,250.8,11.81,-0.04,-1.19
2023-02-05 08:00:00,00,3.93,1031.16,5.37,248.11,12.05,-0.06,-1.19
2023-02-05 09:00:00,00,3.97,1030.69,5.17,245.33,12.2,0.22,-1.0
2023-02-05 10:00:00,00,3.95,1030.38,4.71,243.27,11.42,0.74,-0.46
2023-02-05 11:00:00,00,3.98,1029.8,4.77,249.72,11.11,1.36,0.18
2023-02-05 12:00:00,00,4.08,1029.75,4.75,243.65,11.24,1.95,0.78
2023-02-05 13:00:00,00,4.34,1029.34,4.32,250.83,10.75,2.36,1.2
2023-02-05 14:00:00,00,5.06,1029.03,4.29,247.01,10.83,2.5,1.36
2023-02-05 15:00:00,00,5.95,1028.52,4.36,251.99,9.8,2.36,1.23
2023-02-05 16:00:00,00,7.03,1027.69,4.29,247.96,9.05,1.95,0.83
2023-02-05 17:00:00,00,7.93,1026.23,4.12,247.9,8.02,1.36,0.25
2023-02-05 18:00:00,00,7.24,1024.37,3.47,255.24,7.14,0.75,-0.37
2023-02-05 19:00:00,00,6.76,1023.72,3.51,229.17,7.91,0.25,-0.87
2023-02-05 20:00:00,00,6.47,1022.45,2.73,268.93,5.88,-0.0,-1.12
2023-02-05 21:00:00,00,6.45,1022.22,2.75,241.0,6.44,0.06,-0.96
2023-02-05 22:00:00,00,6.39,1021.26,3.49,277.05,7.26,0.41,-0.61
2023-02-05 23:00:00,00,6.49,1021.18,2.84,221.94,7.45,0.93,0.02
2023-02-05 06:00:00,06,3.65,1031.8,5.12,251.04,11.01,0.27,-0.81
2023-02-05 07:00:00,06,3.68,1031.59,5.26,247.82,11.57,-0.04,-1.1
2023-02-05 08:00:00,06,3.63,1031.03,5.32,245.15,11.82,-0.06,-1.17
2023-02-05 09:00:00,06,3.74,1030.47,5.16,241.67,11.82,0.22,-0.9
2023-02-05 10:00:00,06,3.74,1030.13,4.76,239.05,11.54,0.74,-0.31
2023-02-05 11:00:00,06,3.79,1029.51,4.94,245.72,11.4,1.36,0.32
2023-02-05 12:00:00,06,3.88,1029.51,4.68,240.85,11.22,1.95,0.91
2023-02-05 13:00:00,06,4.18,1029.05,4.43,250.94,10.64,2.36,1.32
2023-02-05 14:00:00,06,4.78,1028.88,4.58,246.25,11.1,2.5,1.47
2023-02-05 15:00:00,06,5.63,1028.3,4.49,248.2,9.94,2.36,1.32
2023-02-05 16:00:00,06,6.75,1027.58,4.72,241.02,9.44,1.95,0.92
2023-02-05 17:00:00,06,7.69,1026.04,4.57,241.91,8.57,1.36,0.34
2023-02-05 18:00:00,06,8.45,1024.24,4.55,239.51,8.27,0.75,-0.28
2023-02-05 19:00:00,06,7.42,1023.06,4.11,246.85,7.81,0.25,-0.78
2023-02-05 20:00:00,06,6.78,1022.64,4.35,252.38,8.5,-0.0,-0.92
2023-02-05 21:00:00,06,6.69,1021.72,3.52,245.12,6.85,0.06,-0.86
2023-02-05 22:00:00,06,6.57,1020.97,2.94,255.45,5.81,0.41,-0.51
2023-02-05 23:00:00,06,6.48,1021.03,3.37,214.75,6.57,0.93,0.12
2023-02-06 00:00:00,06,6.46,1020.56,3.73,263.56,6.72,1.49,0.67
2023-02-06 01:00:00,06,6.61,1019.7,3.54,265.37,6.31,1.92,1.11
2023-02-06 02:00:00,06,6.45,1019.34,2.82,226.45,5.88,2.12,1.3
2023-02-06 03:00:00,06,6.25,1019.12,2.88,218.19,6.43,2.04,1.22
2023-02-06 04:00:00,06,6.11,1018.56,2.81,200.17,6.3,1.69,0.87
2023-02-06 05:00:00,06,5.85,1018.39,2.82,204.64,6.42,1.17,0.35
2023-02-05 12:00:00,12,3.79,1029.36,4.66,236.56,11.34,1.95,0.83
2023-02-05 13:00:00,12,4.08,1028.89,4.41,245.74,10.88,2.36,1.26
2023-02-05 14:00:00,12,4.88,1028.69,4.66,241.3,11.55,2.5,1.52
2023-02-05 15:00:00,12,5.64,1028.2,4.58,242.16,10.6,2.36,1.53
2023-02-05 16:00:00,12,6.7,1027.55,4.93,237.65,10.26,1.95,1.23
2023-02-05 17:00:00,12,7.7,1026.0,4.71,240.12,8.74,1.36,0.63
2023-02-05 18:00:00,12,8.4,1024.24,4.71,239.16,8.5,0.75,-0.01
2023-02-05 19:00:00,12,8.59,1022.95,4.74,246.38,8.48,0.25,-0.52
2023-02-05 20:00:00,12,7.99,1022.15,4.21,247.81,8.02,-0.0,-0.69
2023-02-05 21:00:00,12,7.18,1021.82,4.16,242.34,7.85,0.06,-0.64
2023-02-05 22:00:00,12,6.97,1020.88,2.19,254.49,4.21,0.41,-0.31
2023-02-05 23:00:00,12,6.78,1020.51,1.76,241.14,3.65,0.93,0.3
2023-02-06 00:00:00,12,6.73,1020.53,3.22,267.22,5.61,1.49,0.84
2023-02-06 01:00:00,12,6.77,1019.72,3.54,264.08,6.27,1.92,1.25
2023-02-06 02:00:00,12,6.74,1018.86,3.09,262.03,5.21,2.12,1.44
2023-02-06 03:00:00,12,6.85,1018.52,2.82,217.72,4.18,2.04,1.33
2023-02-06 04:00:00,12,6.85,1017.49,2.97,176.65,5.09,1.69,0.97
2023-02-06 05:00:00,12,6.75,1017.4,2.73,191.43,5.67,1.17,0.44
2023-02-06 06:00:00,12,6.49,1015.94,2.92,183.95,6.7,0.59,-0.13
2023-02-06 07:00:00,12,5.87,1015.33,3.3,179.62,7.54,0.13,-0.59
2023-02-06 08:00:00,12,5.6,1015.22,3.61,173.01,8.63,-0.1,-0.82
2023-02-06 09:00:00,12,5.45,1015.37,3.03,172.28,7.2,-0.01,-0.73
2023-02-06 10:00:00,12,5.25,1015.13,4.35,161.2,10.88,0.38,-0.34
2023-02-06 11:00:00,12,5.28,1015.41,5.01,150.71,13.1,0.96,0.24
2023-02-05 18:00:00,18,8.42,1024.15,4.74,236.17,8.85,0.75,0.08
2023-02-05 19:00:00,18,8.76,1022.94,4.81,241.38,9.11,0.25,-0.37
2023-02-05 20:00:00,18,8.66,1022.08,4.81,244.08,9.69,-0.0,-0.72
2023-02-05 21:00:00,18,8.08,1021.61,4.5,243.88,9.27,0.06,-0.7
2023-02-05 22:00:00,18,7.48,1021.21,3.65,246.64,7.5,0.41,-0.44
2023-02-05 23:00:00,18,7.18,1021.28,3.28,240.06,7.32,0.93,0.1
2023-02-06 00:00:00,18,7.05,1020.99,3.31,249.21,6.94,1.49,0.67
2023-02-06 01:00:00,18,7.06,1020.33,4.05,271.02,7.95,1.92,1.11
2023-02-06 02:00:00,18,7.08,1019.59,4.31,267.92,8.04,2.12,1.32
2023-02-06 03:00:00,18,7.07,1018.72,3.02,212.11,4.0,2.04,1.25
2023-02-06 04:00:00,18,7.05,1017.69,2.05,194.07,3.43,1.69,0.91
2023-02-06 05:00:00,18,7.09,1017.06,2.27,175.21,4.23,1.17,0.39
2023-02-06 06:00:00,18,6.86,1016.03,3.19,157.69,6.22,0.59,-0.07
2023-02-06 07:00:00,18,6.59,1015.13,3.38,160.02,8.0,0.13,-0.52
2023-02-06 08:00:00,18,6.05,1014.66,3.58,155.39,9.13,-0.1,-0.73
2023-02-06 09:00:00,18,5.74,1014.35,3.6,153.35,8.86,-0.01,-0.64
2023-02-06 10:00:00,18,5.74,1014.5,5.12,141.29,12.62,0.38,-0.24
2023-02-06 11:00:00,18,5.58,1014.71,4.45,136.6,12.21,0.96,0.45
2023-02-06 12:00:00,18,5.49,1015.09,5.25,133.62,13.81,1.6,1.08
2023-02-06 13:00:00,18,5.77,1015.74,5.35,124.62,13.94,2.14,1.72
2023-02-06 14:00:00,18,6.47,1016.33,5.56,120.28,13.77,2.45,2.03
2023-02-06 15:00:00,18,7.27,1016.96,6.24,121.73,12.31,2.47,2.15
2023-02-06 16:00:00,18,7.9,1017.81,6.91,115.26,11.42,2.2,1.88
2023-02-06 17:00:00,18,8.39,1018.05,6.85,114.59,10.92,1.69,1.47
2023-02-06 01:00:00,00,7.17,1020.0,4.37,272.71,8.71,1.92,0.98
2023-02-06 02:00:00,00,7.16,1019.11,4.38,264.65,8.02,2.12,1.29
2023-02-06 03:00:00,00,7.14,1018.41,3.48,222.09,4.8,2.04,1.28
2023-02-06 04:00:00,00,7.13,1017.54,2.42,206.29,3.6,1.69,1.03
2023-02-06 05:00:00,00,7.15,1017.03,2.82,183.41,4.7,1.17,0.5
2023-02-06 06:00:00,00,6.94,1015.85,2.88,163.67,5.85,0.59,-0.08
2023-02-06 07:00:00,00,6.69,1015.07,3.44,167.61,7.41,0.13,-0.55
2023-02-06 08:00:00,00,6.15,1014.6,3.82,160.78,8.85,-0.1,-0.68
2023-02-06 09:00:00,00,5.9,1014.06,3.84,159.69,9.5,-0.01,-0.6
2023-02-06 10:00:00,00,5.91,1013.77,5.01,149.04,13.03,0.38,-0.22
2023-02-06 11:00:00,00,5.73,1014.13,5.14,141.13,13.6,0.96,0.36
2023-02-06 12:00:00,00,5.66,1014.5,5.07,136.97,13.95,1.6,1.09
2023-02-06 13:00:00,00,5.92,1015.16,5.64,130.4,13.95,2.14,1.62
2023-02-06 14:00:00,00,6.69,1015.75,6.17,123.45,14.3,2.45,2.03
2023-02-06 15:00:00,00,7.45,1016.36,6.31,121.43,12.51,2.47,2.14
2023-02-06 16:00:00,00,8.05,1017.14,6.95,119.35,11.6,2.2,1.86
2023-02-06 17:00:00,00,8.67,1017.34,6.95,114.42,11.01,1.69,1.46
2023-02-06 18:00:00,00,8.67,1017.22,7.01,115.82,10.82,1.07,0.83
2023-02-06 19:00:00,00,8.05,1017.71,6.41,112.18,10.91,0.48,0.24
2023-02-06 20:00:00,00,8.05,1018.53,5.96,113.37,10.6,0.07,-0.17
2023-02-06 21:00:00,00,8.03,1019.53,6.36,110.2,10.22,-0.05,-0.28
2023-02-06 22:00:00,00,7.3,1020.44,5.88,113.29,10.03,0.15,-0.09
2023-02-06 23:00:00,00,6.69,1022.05,6.09,118.53,10.27,0.61,0.47
2023-02-06 06:00:00,06,6.97,1015.98,2.77,175.39,5.7,0.59,0.13
2023-02-06 07:00:00,06,6.8,1015.03,3.42,167.57,6.82,0.13,-0.29
2023-02-06 08:00:00,06,6.25,1014.43,3.63,161.47,8.5,-0.1,-0.47
2023-02-06 09:00:00,06,5.97,1014.03,3.28,166.06,7.61,-0.01,-0.44
2023-02-06 10:00:00,06,5.88,1013.64,4.49,154.21,12.94,0.38,-0.05
2023-02-06 11:00:00,06,5.79,1013.94,5.13,145.14,13.74,0.96,0.52
2023-02-06 12:00:00,06,5.73,1014.41,5.22,136.3,14.32,1.6,1.14
2023-02-06 13:00:00,06,6.11,1015.14,5.6,125.95,14.22,2.14,1.76
2023-02-06 14:00:00,06,6.75,1015.84,5.76,119.43,13.73,2.45,2.05
2023-02-06 15:00:00,06,7.55,1016.37,6.05,117.23,12.1,2.47,2.16
2023-02-06 16:00:00,06,8.13,1017.18,6.88,117.81,11.41,2.2,1.86
2023-02-06 17:00:00,06,8.67,1017.28,6.64,113.64,10.82,1.69,1.44
2023-02-06 18:00:00,06,9.0,1017.01,7.02,116.48,10.92,1.07,0.9
2023-02-06 19:00:00,06,8.88,1017.43,7.13,116.66,11.01,0.48,0.29
2023-02-06 20:00:00,06,8.05,1018.44,6.64,118.39,10.68,0.07,-0.13
2023-02-06 21:00:00,06,8.06,1019.34,6.28,112.06,10.27,-0.05,-0.27
2023-02-06 22:00:00,06,7.45,1020.46,5.56,112.56,9.7,0.15,-0.09
2023-02-06 23:00:00,06,6.85,1021.91,5.69,117.22,9.81,0.61,0.47
2023-02-07 00:00:00,06,6.58,1023.45,5.28,121.49,9.51,1.19,1.05
2023-02-07 01:00:00,06,6.37,1024.26,5.02,122.12,9.65,1.73,1.6
2023-02-07 02:00:00,06,6.16,1024.9,4.9,119.81,9.91,2.1,1.96
2023-02-07 03:00:00,06,6.0,1025.05,4.23,104.46,9.67,2.19,2.05
2023-02-07 04:00:00,06,5.8,1025.36,3.89,100.21,8.92,1.99,1.85
2023-02-07 05:00:00,06,5.67,1025.68,3.37,104.71,7.34,1.55,1.41
2023-02-06 12:00:00,12,5.73,1014.31,5.12,137.53,14.48,1.6,1.2
2023-02-06 13:00:00,12,6.21,1014.95,5.87,127.52,14.81,2.14,1.76
2023-02-06 14:00:00,12,6.87,1015.51,5.96,120.86,14.36,2.45,2.1
2023-02-06 15:00:00,12,7.75,1015.88,6.33,119.94,13.2,2.47,2.21
2023-02-06 16:00:00,12,8.47,1016.59,6.91,120.06,12.17,2.2,1.96
2023-02-06 17:00:00,12,9.05,1016.7,6.99,114.94,11.35,1.69,1.45
2023-02-06 18:00:00,12,9.26,1016.61,7.48,115.42,11.39,1.07,0.91
2023-02-06 19:00:00,12,8.47,1017.22,7.3,115.25,11.51,0.48,0.41
2023-02-06 20:00:00,12,8.25,1018.12,7.09,118.96,11.44,0.07,-0.01
2023-02-06 21:00:00,12,8.27,1018.96,6.6,111.92,10.94,-0.05,-0.13
2023-02-06 22:00:00,12,7.63,1020.14,6.21,114.53,10.25,0.15,0.06
2023-02-06 23:00:00,12,7.03,1021.65,5.72,114.94,10.22,0.61,0.51
2023-02-07 00:00:00,12,6.77,1023.28,5.32,120.46,10.05,1.19,1.18
2023-02-07 01:00:00,12,6.45,1024.33,4.95,122.1,9.54,1.73,1.72
2023-02-07 02:00:00,12,6.29,1025.13,4.86,128.69,9.42,2.1,2.07
2023-02-07 03:00:00,12,6.08,1025.29,4.48,113.4,9.15,2.19,2.15
2023-02-07 04:00:00,12,5.87,1025.39,4.13,106.34,8.93,1.99,1.95
2023-02-07 05:00:00,12,5.74,1025.38,3.62,100.22,7.34,1.55,1.51
2023-02-07 06:00:00,12,5.51,1025.85,2.89,110.48,5.6,0.98,0.94
2023-02-07 07:00:00,12,5.38,1026.53,2.75,104.8,5.14,0.42,0.38
2023-02-07 08:00:00,12,5.29,1026.83,2.9,87.69,5.15,0.03,-0.01
2023-02-07 09:00:00,12,5.16,1027.26,2.6,81.6,4.15,-0.09,-0.12
2023-02-07 10:00:00,12,4.99,1027.72,2.03,92.48,2.84,0.12,0.08
2023-02-07 11:00:00,12,4.91,1028.15,1.59,83.25,2.1,0.59,0.55
2023-02-06 18:00:00,18,9.51,1016.38,6.99,112.79,11.1,1.07,0.97
2023-02-06 19:00:00,18,8.59,1016.85,6.49,113.05,11.1,0.48,0.47
2023-02-06 20:00:00,18,8.47,1017.71,6.67,121.64,10.75,0.07,0.09
2023-02-06 21:00:00,18,8.33,1018.48,5.58,113.68,10.0,-0.05,0.05
2023-02-06 22:00:00,18,7.95,1019.66,5.68,105.48,9.95,0.15,0.22
2023-02-06 23:00:00,18,7.37,1021.3,5.37,110.89,9.66,0.61,0.67
2023-02-07 00:00:00,18,7.06,1023.09,5.16,111.02,9.61,1.19,1.24
2023-02-07 01:00:00,18,6.83,1024.27,5.13,108.76,9.47,1.73,1.88
2023-02-07 02:00:00,18,6.65,1025.06,4.54,109.24,8.62,2.1,2.23
2023-02-07 03:00:00,18,6.39,1025.14,4.0,103.2,8.15,2.19,2.31
2023-02-07 04:00:00,18,6.15,1025.26,3.84,105.86,7.96,1.99,2.0
2023-02-07 05:00:00,18,6.02,1025.31,3.67,98.15,7.15,1.55,1.55
2023-02-07 06:00:00,18,5.78,1025.86,3.05,95.3,5.7,0.98,1.07
2023-02-07 07:00:00,18,5.63,1026.52,2.63,102.96,4.8,0.42,0.51
2023-02-07 08:00:00,18,5.51,1026.77,2.78,87.09,4.62,0.03,0.2
2023-02-07 09:00:00,18,5.32,1027.3,2.65,84.98,4.06,-0.09,0.08
2023-02-07 10:00:00,18,5.21,1027.86,2.2,86.14,3.04,0.12,0.28
2023-02-07 11:00:00,18,5.15,1028.28,1.66,78.88,2.15,0.59,0.75
2023-02-07 12:00:00,18,4.97,1028.94,1.02,58.97,1.27,1.22,1.37
2023-02-07 13:00:00,18,5.47,1029.68,0.66,53.65,0.94,1.82,1.88
2023-02-07 14:00:00,18,6.25,1029.53,1.01,335.42,1.26,2.27,2.33
2023-02-07 15:00:00,18,7.08,1030.07,0.77,263.29,1.26,2.46,2.52
2023-02-07 16:00:00,18,8.15,1030.21,1.18,244.08,2.04,2.34,2.4
2023-02-07 17:00:00,18,9.05,1029.59,1.49,237.67,3.04,1.95,2.01
2023-02-07 01:00:00,00,6.95,1023.99,4.93,98.38,9.21,1.73,1.87
2023-02-07 02:00:00,00,6.81,1024.79,4.39,94.2,8.43,2.1,2.29
2023-02-07 03:00:00,00,6.56,1024.83,3.84,79.43,7.72,2.19,2.37
2023-02-07 04:00:00,00,6.32,1025.0,3.37,83.54,7.22,1.99,2.25
2023-02-07 05:00:00,00,6.13,1025.05,3.33,83.8,6.55,1.55,1.79
2023-02-07 06:00:00,00,5.98,1025.53,2.75,84.36,5.46,0.98,1.21
2023-02-07 07:00:00,00,5.77,1026.06,2.2,95.33,4.2,0.42,0.63
2023-02-07 08:00:00,00,5.63,1026.18,2.43,75.64,4.1,0.03,0.33
2023-02-07 09:00:00,00,5.49,1026.67,2.26,80.11,3.25,-0.09,0.2
2023-02-07 10:00:00,00,5.31,1027.25,1.86,78.45,2.51,0.12,0.38
2023-02-07 11:00:00,00,5.29,1027.74,1.28,74.23,1.63,0.59,0.84
2023-02-07 12:00:00,00,5.15,1028.43,1.05,28.19,1.25,1.22,1.45
2023-02-07 13:00:00,00,5.67,1029.3,0.45,16.47,0.86,1.82,2.04
2023-02-07 14:00:00,00,6.45,1029.21,1.23,307.52,1.55,2.27,2.47
2023-02-07 15:00:00,00,7.25,1029.54,1.23,283.37,1.66,2.46,2.64
2023-02-07 16:00:00,00,8.45,1029.57,1.61,249.88,2.66,2.34,2.51
2023-02-07 17:00:00,00,9.15,1028.88,1.72,239.57,3.27,1.95,2.12
2023-02-07 18:00:00,00,9.85,1027.63,2.21,232.49,4.14,1.38,1.55
2023-02-07 19:00:00,00,9.95,1026.45,2.83,228.93,4.75,0.76,0.93
2023-02-07 20:00:00,00,9.79,1025.76,3.21,232.61,5.55,0.24,0.41
2023-02-07 21:00:00,00,9.66,1025.16,3.96,230.59,6.62,-0.04,0.12
2023-02-07 22:00:00,00,8.76,1025.14,4.23,231.91,7.37,-0.01,0.15
2023-02-07 23:00:00,00,8.23,1025.08,4.11,242.7,8.44,0.33,0.49
2023-02-07 06:00:00,06,6.01,1025.63,2.71,83.71,5.47,0.98,1.43
2023-02-07 07:00:00,06,5.74,1026.16,2.17,96.27,3.93,0.42,0.92
2023-02-07 08:00:00,06,5.6,1026.26,2.33,77.71,3.96,0.03,0.55
2023-02-07 09:00:00,06,5.45,1026.71,2.21,82.46,3.22,-0.09,0.39
2023-02-07 10:00:00,06,5.33,1027.25,1.84,81.63,2.42,0.12,0.59
2023-02-07 11:00:00,06,5.28,1027.72,1.24,79.25,1.6,0.59,1.04
2023-02-07 12:00:00,06,5.15,1028.46,1.01,31.48,1.25,1.22,1.64
2023-02-07 13:00:00,06,5.59,1029.21,0.62,9.48,1.03,1.82,2.23
2023-02-07 14:00:00,06,6.46,1029.28,1.05,307.86,1.33,2.27,2.65
2023-02-07 15:00:00,06,7.25,1029.47,1.16,286.4,1.53,2.46,2.81
2023-02-07 16:00:00,06,8.35,1029.48,1.45,254.2,2.47,2.34,2.67
2023-02-07 17:00:00,06,9.17,1028.74,1.69,240.62,3.25,1.95,2.26
2023-02-07 18:00:00,06,9.85,1027.56,2.03,226.63,3.95,1.38,1.66
2023-02-07 19:00:00,06,9.92,1026.32,2.8,228.06,4.79,0.76,1.02
2023-02-07 20:00:00,06,9.69,1025.62,3.53,231.14,5.7,0.24,0.47
2023-02-07 21:00:00,06,9.5,1025.1,3.84,231.84,6.51,-0.04,0.17
2023-02-07 22:00:00,06,8.72,1025.07,4.12,231.98,7.36,-0.01,0.17
2023-02-07 23:00:00,06,8.11,1024.9,4.12,244.63,8.05,0.33,0.61
2023-02-08 00:00:00,06,7.92,1024.7,4.12,246.18,9.03,0.87,1.05
2023-02-08 01:00:00,06,7.7,1024.29,4.84,249.58,10.91,1.47,1.65
2023-02-08 02:00:00,06,7.54,1024.03,5.36,244.15,12.64,1.96,2.15
2023-02-08 03:00:00,06,7.5,1023.62,5.67,236.8,13.46,2.22,2.4
2023-02-08 04:00:00,06,7.67,1023.26,5.63,230.38,14.01,2.19,2.27
2023-02-08 05:00:00,06,7.55,1023.34,5.48,223.26,13.9,1.87,1.96
2023-02-07 12:00:00,12,5.16,1028.53,1.05,48.27,1.26,1.22,1.66
2023-02-07 13:00:00,12,5.64,1029.24,0.6,42.22,0.93,1.82,2.2
2023-02-07 14:00:00,12,6.49,1029.34,0.64,303.95,0.85,2.27,2.69
2023-02-07 15:00:00,12,7.28,1029.57,0.66,270.61,1.1,2.46,2.89
2023-02-07 16:00:00,12,8.35,1029.54,1.11,240.02,2.05,2.34,2.82
2023-02-07 17:00:00,12,9.15,1028.79,1.41,233.46,2.94,1.95,2.42
2023-02-07 18:00:00,12,9.77,1027.64,1.76,217.85,3.63,1.38,1.83
2023-02-07 19:00:00,12,9.7,1026.38,2.35,223.02,4.3,0.76,1.19
2023-02-07 20:00:00,12,9.66,1025.61,3.18,230.21,5.2,0.24,0.66
2023-02-07 21:00:00,12,9.32,1025.04,3.51,234.38,6.11,-0.04,0.36
2023-02-07 22:00:00,12,8.68,1024.82,3.86,235.25,6.79,-0.01,0.37
2023-02-07 23:00:00,12,7.91,1024.74,4.04,245.08,7.87,0.33,0.69
2023-02-08 00:00:00,12,7.69,1024.67,4.17,247.03,9.16,0.87,1.22
2023-02-08 01:00:00,12,7.69,1024.33,4.77,248.59,10.63,1.47,1.8
2023-02-08 02:00:00,12,7.43,1024.2,4.97,245.75,11.72,1.96,2.28
2023-02-08 03:00:00,12,7.39,1023.81,5.58,242.08,13.42,2.22,2.52
2023-02-08 04:00:00,12,7.41,1023.84,4.65,225.41,12.53,2.19,2.37
2023-02-08 05:00:00,12,7.32,1023.58,4.62,226.04,12.6,1.87,2.06
2023-02-08 06:00:00,12,7.38,1023.18,5.27,224.1,13.48,1.36,1.55
2023-02-08 07:00:00,12,7.29,1022.87,5.58,223.81,13.56,0.78,0.97
2023-02-08 08:00:00,12,7.22,1022.61,5.52,218.3,13.27,0.28,0.36
2023-02-08 09:00:00,12,7.24,1022.72,5.49,214.1,13.54,-0.01,0.07
2023-02-08 10:00:00,12,7.12,1022.75,5.31,212.95,12.72,-0.01,0.08
2023-02-08 11:00:00,12,7.09,1023.21,4.96,206.81,11.6,0.3,0.39
2023-02-07 18:00:00,18,10.05,1027.74,1.35,235.95,3.28,1.38,1.92
2023-02-07 19:00:00,18,10.02,1026.54,1.52,237.36,3.72,0.76,1.3
2023-02-07 20:00:00,18,9.93,1025.89,2.09,244.41,4.34,0.24,0.71
2023-02-07 21:00:00,18,9.67,1025.45,2.54,244.16,4.94,-0.04,0.45
2023-02-07 22:00:00,18,8.83,1025.14,3.39,240.36,6.19,-0.01,0.48
2023-02-07 23:00:00,18,8.21,1025.0,3.91,248.08,7.45,0.33,0.81
2023-02-08 00:00:00,18,7.93,1024.82,4.35,252.19,9.55,0.87,1.36
2023-02-08 01:00:00,18,7.87,1024.44,4.78,248.68,11.26,1.47,1.96
2023-02-08 02:00:00,18,7.79,1024.26,5.03,244.07,11.96,1.96,2.45
2023-02-08 03:00:00,18,7.67,1023.9,5.6,239.12,13.63,2.22,2.61
2023-02-08 04:00:00,18,7.65,1023.74,4.9,229.18,12.72,2.19,2.57
2023-02-08 05:00:00,18,7.62,1023.54,4.82,225.46,12.84,1.87,2.26
2023-02-08 06:00:00,18,7.73,1023.4,5.19,222.37,13.44,1.36,1.75
2023-02-08 07:00:00,18,7.65,1023.1,5.66,223.68,14.04,0.78,1.17
2023-02-08 08:00:00,18,7.57,1022.76,5.7,218.26,13.62,0.28,0.56
2023-02-08 09:00:00,18,7.62,1022.65,5.78,218.91,13.67,-0.01,0.27
2023-02-08 10:00:00,18,7.54,1022.57,5.68,216.85,13.23,-0.01,0.28
2023-02-08 11:00:00,18,7.38,1022.98,5.14,210.27,12.12,0.3,0.48
2023-02-08 12:00:00,18,7.35,1023.68,4.65,205.24,10.65,0.84,1.02
2023-02-08 13:00:00,18,7.6,1023.87,4.69,215.41,10.44,1.46,1.74
2023-02-08 14:00:00,18,8.37,1024.15,4.72,201.64,9.89,2.0,2.29
2023-02-08 15:00:00,18,9.25,1024.31,4.59,189.93,8.16,2.33,2.62
2023-02-08 16:00:00,18,10.3,1024.65,4.06,173.97,6.55,2.38,2.66
2023-02-08 17:00:00,18,11.18,1024.38,3.4,161.39,5.54,2.13,2.52
2023-02-08 01:00:00,00,7.93,1024.08,4.75,249.95,10.84,1.47,1.9
2023-02-08 02:00:00,00,7.85,1023.95,4.9,245.1,11.85,1.96,2.34
2023-02-08 03:00:00,00,7.75,1023.68,5.46,241.22,13.32,2.22,2.61
2023-02-08 04:00:00,00,7.69,1023.49,4.98,233.2,12.8,2.19,2.6
2023-02-08 05:00:00,00,7.75,1023.39,5.01,226.59,13.39,1.87,2.2
2023-02-08 06:00:00,00,7.85,1023.17,5.28,224.46,13.55,1.36,1.7
2023-02-08 07:00:00,00,7.92,1022.8,5.62,223.25,13.66,0.78,1.14
2023-02-08 08:00:00,00,7.8,1022.4,5.52,216.86,13.56,0.28,0.64
2023-02-08 09:00:00,00,7.76,1022.23,5.87,217.88,13.76,-0.01,0.36
2023-02-08 10:00:00,00,7.67,1022.21,5.64,214.65,13.32,-0.01,0.28
2023-02-08 11:00:00,00,7.55,1022.85,4.86,207.18,11.74,0.3,0.61
2023-02-08 12:00:00,00,7.3,1023.68,4.36,201.56,10.47,0.84,1.16
2023-02-08 13:00:00,00,7.7,1023.91,4.37,216.73,9.53,1.46,1.89
2023-02-08 14:00:00,00,8.5,1024.3,4.13,196.23,8.43,2.0,2.45
2023-02-08 15:00:00,00,9.29,1024.49,3.74,186.45,6.15,2.33,2.8
2023-02-08 16:00:00,00,10.45,1025.06,3.59,167.37,5.54,2.38,2.86
2023-02-08 17:00:00,00,11.41,1024.79,2.67,153.0,4.07,2.13,2.71
2023-02-08 18:00:00,00,12.15,1024.13,2.14,92.09,3.15,1.66,2.23
2023-02-08 19:00:00,00,12.37,1023.88,2.71,49.85,2.74,1.06,1.64
2023-02-08 20:00:00,00,12.17,1023.97,3.29,34.71,2.83,0.49,1.16
2023-02-08 21:00:00,00,11.66,1024.16,3.26,18.84,3.1,0.08,0.75
2023-02-08 22:00:00,00,10.67,1024.95,3.36,16.84,4.33,-0.06,0.62
2023-02-08 23:00:00,00,9.75,1025.49,3.47,15.4,5.22,0.12,0.9
2023-02-08 06:00:00,06,7.86,1023.07,5.45,224.07,13.83,1.36,1.83
2023-02-08 07:00:00,06,7.92,1022.64,5.81,222.4,14.44,0.78,1.25
2023-02-08 08:00:00,06,7.88,1022.25,5.88,215.57,14.33,0.28,0.77
2023-02-08 09:00:00,06,7.83,1021.99,6.36,216.45,14.64,-0.01,0.48
2023-02-08 10:00:00,06,7.81,1022.06,5.85,212.27,13.64,-0.01,0.51
2023-02-08 11:00:00,06,7.65,1022.89,4.87,202.53,11.64,0.3,0.81
2023-02-08 12:00:00,06,7.42,1023.82,4.39,200.85,10.36,0.84,1.33
2023-02-08 13:00:00,06,7.78,1024.03,4.56,218.51,9.35,1.46,2.04
2023-02-08 14:00:00,06,8.44,1024.27,3.8,195.52,7.13,2.0,2.57
2023-02-08 15:00:00,06,9.67,1024.72,3.49,181.42,5.58,2.33,2.89
2023-02-08 16:00:00,06,10.68,1025.3,3.18,156.27,4.78,2.38,2.93
2023-02-08 17:00:00,06,11.58,1025.09,2.32,135.8,3.62,2.13,2.77
2023-02-08 18:00:00,06,12.17,1024.39,1.96,82.71,2.72,1.66,2.28
2023-02-08 19:00:00,06,12.31,1024.19,2.4,52.17,2.54,1.06,1.77
2023-02-08 20:00:00,06,12.25,1024.3,2.78,35.15,2.43,0.49,1.19
2023-02-08 21:00:00,06,11.75,1024.6,3.13,22.8,2.92,0.08,0.77
2023-02-08 22:00:00,06,10.65,1025.0,3.68,19.46,4.83,-0.06,0.62
2023-02-08 23:00:00,06,9.88,1025.79,3.54,18.28,5.44,0.12,0.8
2023-02-09 00:00:00,06,9.36,1026.25,3.59,9.78,6.17,0.57,1.35
2023-02-09 01:00:00,06,9.05,1026.93,3.05,9.96,5.12,1.16,1.84
2023-02-09 02:00:00,06,8.65,1027.03,2.61,358.55,4.45,1.74,2.42
2023-02-09 03:00:00,06,8.55,1027.1,2.75,4.11,4.64,2.15,2.83
2023-02-09 04:00:00,06,8.85,1026.68,3.04,352.7,5.51,2.28,2.96
2023-02-09 05:00:00,06,8.65,1026.59,3.57,340.0,6.43,2.13,2.81
2023-02-08 12:00:00,12,7.29,1023.54,4.62,201.61,10.95,0.84,1.48
2023-02-08 13:00:00,12,7.65,1023.64,4.83,216.67,10.25,1.46,2.14
2023-02-08 14:00:00,12,8.35,1023.73,4.39,201.86,8.65,2.0,2.67
2023-02-08 15:00:00,12,9.35,1023.84,4.08,195.63,6.9,2.33,3.07
2023-02-08 16:00:00,12,10.37,1024.51,3.62,163.93,5.95,2.38,3.2
2023-02-08 17:00:00,12,11.28,1024.36,3.02,141.87,4.97,2.13,2.92
2023-02-08 18:00:00,12,11.97,1023.8,2.62,98.76,3.82,1.66,2.52
2023-02-08 19:00:00,12,12.16,1023.63,2.56,65.01,3.14,1.06,1.9
2023-02-08 20:00:00,12,11.95,1023.76,3.29,40.96,3.25,0.49,1.29
2023-02-08 21:00:00,12,11.32,1024.15,3.64,37.89,4.16,0.08,0.86
2023-02-08 22:00:00,12,10.25,1024.79,4.01,36.66,5.87,-0.06,0.69
2023-02-08 23:00:00,12,9.35,1025.54,3.64,20.17,6.25,0.12,0.95
2023-02-09 00:00:00,12,9.05,1026.04,3.69,15.52,6.44,0.57,1.37
2023-02-09 01:00:00,12,8.67,1026.5,3.05,2.49,5.04,1.16,1.94
2023-02-09 02:00:00,12,8.38,1026.82,2.5,355.2,4.26,1.74,2.38
2023-02-09 03:00:00,12,8.17,1026.99,2.36,346.64,3.73,2.15,2.76
2023-02-09 04:00:00,12,8.15,1026.62,2.54,342.58,4.54,2.28,2.87
2023-02-09 05:00:00,12,8.26,1026.31,3.17,333.37,6.44,2.13,2.72
2023-02-09 06:00:00,12,7.95,1026.15,3.06,328.22,6.53,1.72,2.31
2023-02-09 07:00:00,12,7.76,1026.04,2.75,337.21,5.51,1.17,1.76
2023-02-09 08:00:00,12,7.65,1025.64,2.75,323.11,5.84,0.61,1.1
2023-02-09 09:00:00,12,7.65,1025.35,2.89,316.94,6.55,0.18,0.67
2023-02-09 10:00:00,12,7.51,1025.1,3.22,313.79,7.43,0.0,0.49
2023-02-09 11:00:00,12,7.96,1024.91,3.47,302.59,7.75,0.12,0.61
2023-02-08 18:00:00,18,11.98,1023.68,2.21,93.4,3.21,1.66,2.48
2023-02-08 19:00:00,18,12.28,1023.34,2.06,63.83,2.3,1.06,1.94
2023-02-08 20:00:00,18,12.15,1023.2,1.97,39.55,1.73,0.49,1.31
2023-02-08 21:00:00,18,11.75,1023.34,2.2,22.16,2.03,0.08,0.87
2023-02-08 22:00:00,18,10.85,1024.0,3.23,26.53,3.84,-0.06,0.73
2023-02-08 23:00:00,18,9.78,1024.77,3.26,15.69,4.48,0.12,0.89
2023-02-09 00:00:00,18,9.35,1025.41,3.57,7.35,5.25,0.57,1.33
2023-02-09 01:00:00,18,9.05,1025.63,3.48,344.59,5.23,1.16,1.91
2023-02-09 02:00:00,18,8.75,1025.87,3.13,327.56,5.15,1.74,2.47
2023-02-09 03:00:00,18,8.45,1026.03,2.59,317.82,4.53,2.15,2.86
2023-02-09 04:00:00,18,8.55,1025.68,2.74,314.96,5.01,2.28,2.88
2023-02-09 05:00:00,18,8.45,1025.34,3.46,310.0,6.2,2.13,2.71
2023-02-09 06:00:00,18,8.25,1025.3,3.06,314.59,5.83,1.72,2.38
2023-02-09 07:00:00,18,7.96,1025.23,2.75,323.58,5.3,1.17,1.82
2023-02-09 08:00:00,18,7.86,1024.78,2.7,319.72,5.31,0.61,1.14
2023-02-09 09:00:00,18,7.87,1024.63,3.17,305.42,5.96,0.18,0.7
2023-02-09 10:00:00,18,7.85,1024.27,3.53,300.47,7.31,0.0,0.5
2023-02-09 11:00:00,18,7.77,1024.11,3.5,296.04,7.16,0.12,0.61
2023-02-09 12:00:00,18,7.76,1024.23,3.11,288.87,6.64,0.51,1.01
2023-02-09 13:00:00,18,8.15,1024.7,2.99,277.57,6.64,1.07,1.57
2023-02-09 14:00:00,18,9.07,1024.44,3.25,273.44,6.32,1.66,2.05
2023-02-09 15:00:00,18,10.2,1024.3,3.67,262.65,6.07,2.1,2.5
2023-02-09 16:00:00,18,11.17,1023.73,4.2,258.17,6.8,2.31,2.6
2023-02-09 17:00:00,18,11.96,1022.02,4.92,261.8,7.95,2.22,2.52
2023-02-09 01:00:00,00,9.09,1025.44,3.23,334.97,4.74,1.16,1.99
2023-02-09 02:00:00,00,8.75,1025.63,3.05,314.92,4.87,1.74,2.53
2023-02-09 03:00:00,00,8.45,1025.74,2.65,306.56,4.07,2.15,2.89
2023-02-09 04:00:00,00,8.36,1025.47,2.64,307.35,4.23,2.28,3.04
2023-02-09 05:00:00,00,8.26,1025.29,3.06,302.13,5.53,2.13,2.87
2023-02-09 06:00:00,00,8.15,1025.18,2.72,308.94,5.12,1.72,2.45
2023-02-09 07:00:00,00,7.95,1024.97,2.6,315.67,4.93,1.17,1.89
2023-02-09 08:00:00,00,7.85,1024.48,2.83,309.96,5.51,0.61,1.31
2023-02-09 09:00:00,00,7.72,1024.29,3.22,302.47,5.93,0.18,0.77
2023-02-09 10:00:00,00,7.76,1023.89,3.53,301.26,7.13,0.0,0.57
2023-02-09 11:00:00,00,7.76,1023.79,3.28,291.61,7.05,0.12,0.68
2023-02-09 12:00:00,00,7.75,1024.31,3.12,280.8,7.13,0.51,1.06
2023-02-09 13:00:00,00,8.16,1024.5,3.19,276.54,7.08,1.07,1.61
2023-02-09 14:00:00,00,9.15,1024.58,3.35,265.6,6.85,1.66,2.18
2023-02-09 15:00:00,00,10.17,1024.2,3.8,261.46,6.84,2.1,2.51
2023-02-09 16:00:00,00,11.46,1023.2,4.44,264.89,7.51,2.31,2.7
2023-02-09 17:00:00,00,12.07,1021.69,5.22,262.55,8.31,2.22,2.61
2023-02-09 18:00:00,00,12.48,1019.76,5.9,259.18,9.14,1.87,2.16
2023-02-09 19:00:00,00,11.97,1018.95,5.16,255.4,9.13,1.34,1.64
2023-02-09 20:00:00,00,12.45,1018.07,5.57,247.6,10.04,0.77,1.06
2023-02-09 21:00:00,00,12.05,1017.56,5.52,245.71,10.06,0.27,0.57
2023-02-09 22:00:00,00,11.55,1017.45,5.79,246.27,10.55,-0.01,0.29
2023-02-09 23:00:00,00,11.04,1017.35,5.73,253.49,11.33,0.01,0.3
2023-02-09 06:00:00,06,7.95,1025.34,2.46,314.53,4.54,1.72,2.48
2023-02-09 07:00:00,06,7.85,1025.2,2.44,325.54,4.42,1.17,1.94
2023-02-09 08:00:00,06,7.65,1024.83,2.66,317.27,4.66,0.61,1.33
2023-02-09 09:00:00,06,7.63,1024.65,3.07,309.18,5.4,0.18,0.85
2023-02-09 10:00:00,06,7.55,1024.3,3.37,302.85,6.63,0.0,0.72
2023-02-09 11:00:00,06,7.55,1024.28,3.12,294.02,6.52,0.12,0.72
2023-02-09 12:00:00,06,7.51,1024.74,2.91,278.28,6.15,0.51,1.21
2023-02-09 13:00:00,06,7.94,1024.79,3.09,277.89,6.97,1.07,1.66
2023-02-09 14:00:00,06,8.85,1024.82,3.3,272.41,6.65,1.66,2.23
2023-02-09 15:00:00,06,9.77,1024.22,3.73,265.84,6.55,2.1,2.67
2023-02-09 16:00:00,06,11.06,1023.18,4.21,268.07,7.15,2.31,2.87
2023-02-09 17:00:00,06,11.86,1021.79,4.96,265.05,7.94,2.22,2.67
2023-02-09 18:00:00,06,11.85,1020.04,5.04,264.27,8.21,1.87,2.31
2023-02-09 19:00:00,06,12.56,1019.01,5.67,256.17,9.06,1.34,1.77
2023-02-09 20:00:00,06,12.25,1018.38,5.25,253.34,9.54,0.77,1.18
2023-02-09 21:00:00,06,11.95,1017.99,5.36,244.07,9.94,0.27,0.68
2023-02-09 22:00:00,06,11.36,1017.9,5.35,241.89,10.26,-0.01,0.39
2023-02-09 23:00:00,06,10.9,1017.67,5.04,253.28,10.74,0.01,0.41
2023-02-10 00:00:00,06,10.65,1017.68,5.19,263.03,11.53,0.32,0.71
2023-02-10 01:00:00,06,10.75,1017.38,6.46,261.1,13.65,0.84,1.14
2023-02-10 02:00:00,06,10.73,1016.99,6.68,251.21,13.82,1.45,1.75
2023-02-10 03:00:00,06,10.58,1016.6,6.99,246.99,14.26,1.97,2.17
2023-02-10 04:00:00,06,10.65,1016.15,7.83,245.28,15.25,2.27,2.37
2023-02-10 05:00:00,06,10.56,1016.05,7.71,237.23,15.12,2.29,2.39
2023-02-09 12:00:00,12,7.45,1024.43,2.96,281.3,6.24,0.51,1.29
2023-02-09 13:00:00,12,7.86,1024.45,3.13,279.39,6.54,1.07,1.8
2023-02-09 14:00:00,12,8.95,1024.53,3.27,270.34,6.46,1.66,2.35
2023-02-09 15:00:00,12,9.7,1024.02,3.59,264.41,6.24,2.1,2.83
2023-02-09 16:00:00,12,10.96,1022.95,4.24,267.93,6.87,2.31,3.01
2023-02-09 17:00:00,12,11.75,1021.76,4.78,265.66,7.63,2.22,2.9
2023-02-09 18:00:00,12,11.47,1020.04,4.79,268.52,8.12,1.87,2.54
2023-02-09 19:00:00,12,11.97,1019.1,5.32,259.94,8.7,1.34,2.0
2023-02-09 20:00:00,12,12.15,1018.38,5.02,257.26,8.82,0.77,1.3
2023-02-09 21:00:00,12,11.75,1018.02,5.25,254.61,9.58,0.27,0.9
2023-02-09 22:00:00,12,11.14,1017.62,5.39,250.08,10.23,-0.01,0.6
2023-02-09 23:00:00,12,10.58,1017.61,4.83,254.93,10.24,0.01,0.6
2023-02-10 00:00:00,12,10.4,1017.54,4.98,266.74,11.38,0.32,0.79
2023-02-10 01:00:00,12,10.37,1017.22,6.13,264.18,13.49,0.84,1.31
2023-02-10 02:00:00,12,10.45,1016.95,6.84,250.06,14.44,1.45,1.9
2023-02-10 03:00:00,12,10.33,1016.63,6.71,246.85,14.35,1.97,2.3
2023-02-10 04:00:00,12,10.48,1016.07,7.35,248.02,14.93,2.27,2.49
2023-02-10 05:00:00,12,10.46,1015.76,7.45,236.58,15.14,2.29,2.51
2023-02-10 06:00:00,12,10.34,1015.58,7.09,234.06,14.46,2.03,2.15
2023-02-10 07:00:00,12,10.26,1015.55,6.82,232.61,14.27,1.56,1.68
2023-02-10 08:00:00,12,10.21,1015.23,6.77,229.06,14.01,1.01,1.13
2023-02-10 09:00:00,12,10.27,1015.12,6.64,226.91,13.61,0.49,0.61
2023-02-10 10:00:00,12,10.16,1015.43,6.15,220.31,12.57,0.15,0.17
2023-02-10 11:00:00,12,10.02,1015.75,5.4,218.6,11.32,0.07,0.08
2023-02-09 18:00:00,18,11.75,1019.89,4.75,265.28,8.11,1.87,2.47
2023-02-09 19:00:00,18,12.35,1018.84,5.22,257.64,8.72,1.34,1.92
2023-02-09 20:00:00,18,12.65,1018.04,5.08,253.05,9.14,0.77,1.23
2023-02-09 21:00:00,18,12.19,1017.68,5.39,247.76,9.6,0.27,0.72
2023-02-09 22:00:00,18,11.45,1017.31,5.51,248.64,10.17,-0.01,0.47
2023-02-09 23:00:00,18,10.97,1017.38,5.01,253.96,10.58,0.01,0.58
2023-02-10 00:00:00,18,10.65,1017.34,5.34,267.08,12.02,0.32,0.8
2023-02-10 01:00:00,18,10.75,1017.21,6.25,258.76,13.73,0.84,1.33
2023-02-10 02:00:00,18,10.72,1016.92,7.32,248.83,14.64,1.45,1.94
2023-02-10 03:00:00,18,10.75,1016.55,7.41,247.13,15.0,1.97,2.37
2023-02-10 04:00:00,18,10.76,1015.98,7.9,243.21,15.46,2.27,2.58
2023-02-10 05:00:00,18,10.68,1015.93,7.96,236.12,15.84,2.29,2.5
2023-02-10 06:00:00,18,10.45,1015.76,7.8,234.87,15.43,2.03,2.25
2023-02-10 07:00:00,18,10.44,1015.77,7.29,231.36,14.66,1.56,1.79
2023-02-10 08:00:00,18,10.43,1015.47,6.78,227.62,13.92,1.01,1.23
2023-02-10 09:00:00,18,10.47,1015.23,6.7,225.87,13.43,0.49,0.62
2023-02-10 10:00:00,18,10.36,1015.44,6.13,220.36,12.54,0.15,0.29
2023-02-10 11:00:00,18,10.29,1015.73,5.63,222.38,11.45,0.07,0.2
2023-02-10 12:00:00,18,10.16,1016.6,5.28,217.69,10.45,0.27,0.41
2023-02-10 13:00:00,18,10.38,1017.49,4.44,190.21,8.92,0.71,0.95
2023-02-10 14:00:00,18,10.3,1017.98,3.97,167.77,7.22,1.27,1.5
2023-02-10 15:00:00,18,10.64,1018.41,4.16,161.45,6.85,1.78,2.12
2023-02-10 16:00:00,18,11.31,1018.83,4.25,162.83,6.65,2.13,2.46
2023-02-10 17:00:00,18,12.07,1018.28,4.12,155.34,6.16,2.21,2.55
2023-02-10 01:00:00,00,10.77,1016.62,6.74,259.1,14.1,0.84,1.3
2023-02-10 02:00:00,00,10.85,1016.26,7.74,249.24,15.25,1.45,1.74
2023-02-10 03:00:00,00,10.85,1015.88,7.86,245.8,15.52,1.97,2.18
2023-02-10 04:00:00,00,10.9,1015.46,8.18,242.05,16.01,2.27,2.48
2023-02-10 05:00:00,00,10.71,1015.56,8.09,236.32,16.09,2.29,2.41
2023-02-10 06:00:00,00,10.63,1015.56,7.93,233.46,15.58,2.03,2.16
2023-02-10 07:00:00,00,10.54,1015.45,7.38,231.74,14.8,1.56,1.6
2023-02-10 08:00:00,00,10.47,1015.21,6.78,228.38,14.11,1.01,1.06
2023-02-10 09:00:00,00,10.51,1015.02,6.44,222.93,13.43,0.49,0.56
2023-02-10 10:00:00,00,10.43,1014.97,6.36,223.32,12.62,0.15,0.33
2023-02-10 11:00:00,00,10.35,1015.47,6.42,223.54,12.56,0.07,0.25
2023-02-10 12:00:00,00,10.38,1016.14,5.82,222.46,11.5,0.27,0.47
2023-02-10 13:00:00,00,10.35,1016.99,4.8,202.11,9.52,0.71,0.92
2023-02-10 14:00:00,00,10.54,1017.5,4.39,179.55,7.82,1.27,1.59
2023-02-10 15:00:00,00,10.73,1018.17,4.83,150.47,7.57,1.78,2.12
2023-02-10 16:00:00,00,11.08,1018.64,4.71,151.97,7.03,2.13,2.48
2023-02-10 17:00:00,00,11.85,1018.58,4.33,157.26,6.41,2.21,2.56
2023-02-10 18:00:00,00,12.55,1017.9,3.93,154.73,5.84,2.01,2.36
2023-02-10 19:00:00,00,12.53,1017.43,3.7,152.09,5.16,1.6,2.05
2023-02-10 20:00:00,00,12.18,1017.32,3.38,138.76,4.71,1.06,1.51
2023-02-10 21:00:00,00,11.6,1017.65,4.05,90.89,5.2,0.53,0.98
2023-02-10 22:00:00,00,10.62,1018.3,4.61,66.87,5.22,0.14,0.69
2023-02-10 23:00:00,00,10.17,1018.81,4.19,50.04,5.74,-0.01,0.64
2023-02-10 06:00:00,06,10.68,1015.42,7.94,234.65,16.1,2.03,2.28
2023-02-10 07:00:00,06,10.64,1015.26,7.51,233.82,15.16,1.56,1.82
2023-02-10 08:00:00,06,10.52,1015.12,7.01,229.11,14.64,1.01,1.25
2023-02-10 09:00:00,06,10.6,1014.77,6.41,224.74,13.66,0.49,0.67
2023-02-10 10:00:00,06,10.56,1014.96,6.17,222.26,13.05,0.15,0.38
2023-02-10 11:00:00,06,10.59,1015.23,6.14,222.45,12.04,0.07,0.29
2023-02-10 12:00:00,06,10.39,1016.35,5.84,218.55,11.81,0.27,0.49
2023-02-10 13:00:00,06,10.48,1017.05,5.02,205.04,10.24,0.71,1.03
2023-02-10 14:00:00,06,11.12,1017.45,4.66,188.54,8.42,1.27,1.58
2023-02-10 15:00:00,06,11.83,1017.88,5.46,147.88,7.79,1.78,2.09
2023-02-10 16:00:00,06,12.31,1018.2,4.63,152.85,6.71,2.13,2.42
2023-02-10 17:00:00,06,12.65,1018.25,4.28,159.83,6.25,2.21,2.5
2023-02-10 18:00:00,06,13.05,1017.81,3.88,158.39,5.5,2.01,2.4
2023-02-10 19:00:00,06,12.94,1017.48,3.73,154.89,5.12,1.6,1.98
2023-02-10 20:00:00,06,12.7,1017.38,3.42,110.63,4.91,1.06,1.54
2023-02-10 21:00:00,06,11.87,1017.9,4.46,78.56,5.02,0.53,1.0
2023-02-10 22:00:00,06,10.81,1018.19,4.79,59.43,5.51,0.14,0.71
2023-02-10 23:00:00,06,10.15,1018.86,4.12,41.15,5.62,-0.01,0.56
2023-02-11 00:00:00,06,9.94,1020.28,3.75,40.27,5.42,0.13,0.8
2023-02-11 01:00:00,06,9.74,1020.79,3.55,47.65,5.27,0.53,1.2
2023-02-11 02:00:00,06,9.47,1020.84,3.29,48.46,5.22,1.1,1.67
2023-02-11 03:00:00,06,9.11,1020.79,4.0,56.55,6.65,1.69,2.26
2023-02-11 04:00:00,06,8.94,1020.63,4.81,53.65,7.97,2.14,2.71
2023-02-11 05:00:00,06,8.66,1021.13,5.12,54.2,8.13,2.35,2.91
2023-02-10 12:00:00,12,10.59,1016.0,6.15,220.82,12.46,0.27,0.53
2023-02-10 13:00:00,12,10.68,1016.56,5.45,210.42,11.31,0.71,0.97
2023-02-10 14:00:00,12,11.28,1016.78,5.22,201.91,9.61,1.27,1.51
2023-02-10 15:00:00,12,11.99,1016.93,5.5,171.4,8.67,1.78,2.03
2023-02-10 16:00:00,12,12.01,1017.07,5.0,154.9,7.72,2.13,2.45
2023-02-10 17:00:00,12,12.95,1017.11,4.84,155.37,7.49,2.21,2.62
2023-02-10 18:00:00,12,13.35,1016.94,4.59,154.36,6.82,2.01,2.41
2023-02-10 19:00:00,12,13.26,1016.66,4.21,151.24,5.91,1.6,1.98
2023-02-10 20:00:00,12,12.92,1016.63,3.64,129.88,5.23,1.06,1.53
2023-02-10 21:00:00,12,12.23,1017.28,4.26,80.89,5.53,0.53,1.09
2023-02-10 22:00:00,12,11.13,1018.04,5.1,54.93,5.84,0.14,0.79
2023-02-10 23:00:00,12,10.28,1018.97,4.31,42.22,5.95,-0.01,0.62
2023-02-11 00:00:00,12,9.9,1019.77,3.93,41.64,5.88,0.13,0.75
2023-02-11 01:00:00,12,9.44,1020.36,3.74,52.82,6.21,0.53,1.14
2023-02-11 02:00:00,12,9.34,1020.65,3.85,59.88,6.96,1.1,1.7
2023-02-11 03:00:00,12,9.07,1020.92,4.01,64.54,7.73,1.69,2.27
2023-02-11 04:00:00,12,8.87,1021.08,4.57,63.5,8.01,2.14,2.71
2023-02-11 05:00:00,12,8.73,1021.69,4.87,76.44,8.53,2.35,2.92
2023-02-11 06:00:00,12,8.53,1021.89,4.76,77.92,8.12,2.27,2.94
2023-02-11 07:00:00,12,8.39,1022.68,4.74,88.6,8.31,1.93,2.6
2023-02-11 08:00:00,12,8.26,1022.71,4.56,85.81,8.25,1.44,2.11
2023-02-11 09:00:00,12,8.09,1022.51,4.46,81.24,8.6,0.89,1.46
2023-02-11 10:00:00,12,8.02,1023.0,5.46,85.32,9.45,0.43,1.0
2023-02-11 11:00:00,12,7.82,1023.72,6.33,85.09,9.77,0.17,0.83
2023-02-10 18:00:00,18,13.64,1016.4,4.68,158.17,6.92,2.01,2.42
2023-02-10 19:00:00,18,13.66,1016.04,4.4,155.43,6.21,1.6,2.05
2023-02-10 20:00:00,18,13.23,1015.95,3.78,129.59,5.53,1.06,1.54
2023-02-10 21:00:00,18,12.55,1016.54,4.34,76.32,5.41,0.53,0.96
2023-02-10 22:00:00,18,11.54,1017.26,4.68,56.24,5.84,0.14,0.51
2023-02-10 23:00:00,18,10.67,1018.37,4.03,47.81,6.32,-0.01,0.38
2023-02-11 00:00:00,18,10.31,1019.15,3.99,48.77,6.71,0.13,0.53
2023-02-11 01:00:00,18,9.84,1019.86,4.07,62.25,7.59,0.53,0.95
2023-02-11 02:00:00,18,9.74,1020.64,3.81,74.88,7.72,1.1,1.54
2023-02-11 03:00:00,18,9.64,1020.81,4.63,78.96,8.95,1.69,2.14
2023-02-11 04:00:00,18,9.44,1020.74,4.46,69.57,8.74,2.14,2.61
2023-02-11 05:00:00,18,9.24,1021.87,5.61,88.87,9.71,2.35,2.94
2023-02-11 06:00:00,18,8.9,1022.0,5.21,88.14,8.84,2.27,2.87
2023-02-11 07:00:00,18,8.7,1022.52,5.08,89.77,9.01,1.93,2.56
2023-02-11 08:00:00,18,8.56,1022.83,4.85,93.21,9.26,1.44,2.08
2023-02-11 09:00:00,18,8.36,1022.88,5.0,94.21,9.76,0.89,1.55
2023-02-11 10:00:00,18,8.29,1023.3,5.19,92.0,10.41,0.43,1.11
2023-02-11 11:00:00,18,8.16,1023.99,6.02,89.15,10.67,0.17,0.84
2023-02-11 12:00:00,18,7.92,1025.3,6.93,88.21,11.61,0.16,0.84
2023-02-11 13:00:00,18,7.82,1026.11,6.94,88.11,12.09,0.42,1.19
2023-02-11 14:00:00,18,7.85,1027.26,6.71,93.27,11.32,0.87,1.65
2023-02-11 15:00:00,18,8.15,1027.97,6.57,90.88,9.82,1.39,2.17
2023-02-11 16:00:00,18,8.42,1027.95,6.44,81.4,8.21,1.83,2.61
2023-02-11 17:00:00,18,8.34,1027.82,6.03,69.95,7.32,2.08,2.86
2023-02-11 01:00:00,00,9.84,1019.56,3.84,64.93,7.18,0.53,0.95
2023-02-11 02:00:00,00,9.74,1019.89,4.07,74.67,8.46,1.1,1.44
2023-02-11 03:00:00,00,9.71,1020.27,4.62,81.98,9.89,1.69,2.01
2023-02-11 04:00:00,00,9.51,1020.24,5.03,77.64,10.44,2.14,2.4
2023-02-11 05:00:00,00,9.34,1021.65,5.91,88.31,10.49,2.35,2.73
2023-02-11 06:00:00,00,9.04,1021.95,5.56,89.33,9.96,2.27,2.68
2023-02-11 07:00:00,00,8.87,1022.59,4.69,89.99,9.03,1.93,2.37
2023-02-11 08:00:00,00,8.67,1022.45,4.73,86.23,9.24,1.44,1.9
2023-02-11 09:00:00,00,8.57,1022.91,4.7,93.15,9.61,0.89,1.39
2023-02-11 10:00:00,00,8.43,1023.74,4.92,92.47,9.81,0.43,0.85
2023-02-11 11:00:00,00,8.23,1023.97,6.02,88.7,10.86,0.17,0.61
2023-02-11 12:00:00,00,8.03,1025.48,5.5,85.28,10.43,0.16,0.73
2023-02-11 13:00:00,00,8.13,1026.66,6.83,87.65,11.31,0.42,1.01
2023-02-11 14:00:00,00,8.07,1027.43,6.64,85.63,10.49,0.87,1.59
2023-02-11 15:00:00,00,8.31,1028.2,6.64,85.0,9.63,1.39,2.14
2023-02-11 16:00:00,00,8.76,1027.99,6.8,81.14,9.02,1.83,2.61
2023-02-11 17:00:00,00,8.91,1027.87,6.02,75.98,7.71,2.08,2.85
2023-02-11 18:00:00,00,9.21,1026.91,5.91,63.48,6.82,2.07,2.84
2023-02-11 19:00:00,00,9.21,1026.26,6.31,55.02,6.81,1.8,2.58
2023-02-11 20:00:00,00,8.67,1026.19,5.84,48.97,6.29,1.36,2.13
2023-02-11 21:00:00,00,8.18,1026.21,5.17,40.16,5.68,0.84,1.52
2023-02-11 22:00:00,00,7.69,1025.88,5.06,39.64,5.91,0.38,1.05
2023-02-11 23:00:00,00,7.39,1026.13,4.27,33.96,5.5,0.08,0.76
2023-02-11 06:00:00,06,9.14,1021.87,5.17,88.86,9.4,2.27,2.78
2023-02-11 07:00:00,06,8.87,1022.65,4.12,90.4,8.12,1.93,2.41
2023-02-11 08:00:00,06,8.8,1022.5,4.14,89.38,8.38,1.44,1.87
2023-02-11 09:00:00,06,8.63,1022.82,4.06,97.36,9.07,0.89,1.28
2023-02-11 10:00:00,06,8.63,1023.64,4.79,97.77,9.86,0.43,0.74
2023-02-11 11:00:00,06,8.36,1023.95,6.29,92.59,11.21,0.17,0.58
2023-02-11 12:00:00,06,8.19,1025.77,5.91,89.86,11.41,0.16,0.58
2023-02-11 13:00:00,06,8.12,1026.88,6.62,86.83,11.26,0.42,0.84
2023-02-11 14:00:00,06,8.22,1027.34,6.86,80.68,10.29,0.87,1.4
2023-02-11 15:00:00,06,8.39,1028.27,6.8,83.77,9.62,1.39,2.03
2023-02-11 16:00:00,06,8.99,1027.94,7.21,80.52,9.36,1.83,2.38
2023-02-11 17:00:00,06,9.16,1028.01,6.56,72.81,7.92,2.08,2.63
2023-02-11 18:00:00,06,9.19,1027.16,6.06,60.48,6.91,2.07,2.62
2023-02-11 19:00:00,06,9.11,1026.88,5.8,55.12,6.35,1.8,2.36
2023-02-11 20:00:00,06,8.61,1026.7,5.34,46.17,5.74,1.36,1.92
2023-02-11 21:00:00,06,8.15,1026.15,5.54,45.29,6.02,0.84,1.41
2023-02-11 22:00:00,06,7.64,1026.28,4.8,47.12,5.63,0.38,0.95
2023-02-11 23:00:00,06,7.55,1026.4,4.1,35.92,5.1,0.08,0.66
2023-02-12 00:00:00,06,7.42,1026.4,3.94,27.68,5.32,0.03,0.51
2023-02-12 01:00:00,06,7.3,1026.38,3.65,8.82,4.62,0.27,0.74
2023-02-12 02:00:00,06,7.47,1026.14,3.94,0.82,5.01,0.73,1.2
2023-02-12 03:00:00,06,7.38,1025.42,4.2,0.74,5.51,1.31,1.78
2023-02-12 04:00:00,06,7.33,1025.51,3.82,0.06,4.81,1.86,2.34
2023-02-12 05:00:00,06,7.37,1024.89,3.88,15.58,4.91,2.25,2.72
2023-02-11 12:00:00,12,8.23,1025.36,4.5,88.76,8.9,0.16,0.55
2023-02-11 13:00:00,12,8.36,1026.31,5.28,83.25,9.28,0.42,0.81
2023-02-11 14:00:00,12,8.56,1026.81,5.83,77.67,8.88,0.87,1.23
2023-02-11 15:00:00,12,8.89,1027.62,6.04,78.79,8.44,1.39,1.86
2023-02-11 16:00:00,12,9.21,1027.33,6.64,76.72,8.9,1.83,2.49
2023-02-11 17:00:00,12,9.54,1027.34,6.38,71.66,8.13,2.08,2.62
2023-02-11 18:00:00,12,9.71,1026.59,6.16,60.06,7.14,2.07,2.69
2023-02-11 19:00:00,12,9.29,1026.21,6.0,52.92,6.61,1.8,2.41
2023-02-11 20:00:00,12,9.09,1026.01,5.81,46.66,6.1,1.36,1.95
2023-02-11 21:00:00,12,8.43,1025.42,5.73,41.97,6.31,0.84,1.42
2023-02-11 22:00:00,12,7.96,1025.64,4.84,44.38,5.83,0.38,0.94
2023-02-11 23:00:00,12,7.79,1026.07,4.13,39.15,5.46,0.08,0.63
2023-02-12 00:00:00,12,7.74,1026.73,3.83,31.49,5.02,0.03,0.47
2023-02-12 01:00:00,12,7.74,1026.28,4.05,11.84,5.2,0.27,0.68
2023-02-12 02:00:00,12,7.61,1026.24,4.26,4.65,5.31,0.73,1.13
2023-02-12 03:00:00,12,7.5,1025.59,4.8,354.38,6.36,1.31,1.69
2023-02-12 04:00:00,12,7.52,1025.29,4.46,9.94,5.97,1.86,2.23
2023-02-12 05:00:00,12,7.51,1024.02,4.52,15.4,6.32,2.25,2.62
2023-02-12 06:00:00,12,7.51,1023.1,4.59,17.7,6.41,2.38,2.75
2023-02-12 07:00:00,12,7.48,1022.32,5.01,26.38,6.81,2.24,2.61
2023-02-12 08:00:00,12,7.45,1021.84,4.15,19.84,6.65,1.87,2.24
2023-02-12 09:00:00,12,7.28,1020.09,5.68,23.23,8.86,1.37,1.84
2023-02-12 10:00:00,12,7.38,1019.41,5.92,34.88,8.93,0.85,1.32
2023-02-12 11:00:00,12,7.4,1017.62,6.91,37.33,10.53,0.44,0.91
2023-02-11 18:00:00,18,9.84,1026.7,6.01,57.58,6.94,2.07,2.6
2023-02-11 19:00:00,18,9.44,1026.37,5.86,50.55,6.23,1.8,2.27
2023-02-11 20:00:00,18,9.2,1026.33,5.44,43.14,5.6,1.36,1.74
2023-02-11 21:00:00,18,8.45,1025.46,5.56,37.83,5.95,0.84,1.12
2023-02-11 22:00:00,18,8.05,1025.67,4.5,40.9,5.46,0.38,0.61
2023-02-11 23:00:00,18,7.77,1025.9,4.12,31.44,5.45,0.08,0.33
2023-02-12 00:00:00,18,7.77,1026.93,3.41,21.24,4.65,0.03,0.29
2023-02-12 01:00:00,18,7.74,1026.19,4.12,5.06,5.36,0.27,0.53
2023-02-12 02:00:00,18,7.65,1026.13,4.51,6.22,5.65,0.73,1.0
2023-02-12 03:00:00,18,7.6,1025.5,4.89,0.08,6.39,1.31,1.6
2023-02-12 04:00:00,18,7.62,1025.02,4.67,7.94,6.55,1.86,2.06
2023-02-12 05:00:00,18,7.52,1024.34,4.4,13.02,6.3,2.25,2.56
2023-02-12 06:00:00,18,7.61,1023.7,4.36,17.02,6.12,2.38,2.7
2023-02-12 07:00:00,18,7.61,1022.47,4.75,21.23,7.21,2.24,2.57
2023-02-12 08:00:00,18,7.54,1020.91,5.45,11.01,8.24,1.87,2.22
2023-02-12 09:00:00,18,7.48,1020.44,5.42,18.78,8.51,1.37,1.83
2023-02-12 10:00:00,18,7.41,1019.61,5.45,31.86,9.02,0.85,1.32
2023-02-12 11:00:00,18,7.51,1017.8,7.36,31.86,10.7,0.44,0.91
2023-02-12 12:00:00,18,7.56,1016.79,7.95,28.33,11.9,0.22,0.79
2023-02-12 13:00:00,18,7.71,1016.37,7.98,35.1,11.95,0.25,0.92
2023-02-12 14:00:00,18,7.71,1014.6,8.74,34.29,13.64,0.52,1.29
2023-02-12 15:00:00,18,7.81,1013.65,9.41,46.84,14.47,0.96,2.03
2023-02-12 16:00:00,18,7.75,1012.33,9.99,46.5,15.9,1.44,2.61
2023-02-12 17:00:00,18,7.83,1010.27,10.71,45.18,17.75,1.82,3.09
2023-02-12 01:00:00,00,7.74,1026.36,3.86,7.32,5.25,0.27,0.52
2023-02-12 02:00:00,00,7.67,1026.19,4.36,10.58,5.65,0.73,0.92
2023-02-12 03:00:00,00,7.64,1025.69,4.78,358.89,6.42,1.31,1.37
2023-02-12 04:00:00,00,7.61,1025.03,4.78,9.38,6.59,1.86,1.85
2023-02-12 05:00:00,00,7.62,1024.09,5.02,18.35,6.88,2.25,2.27
2023-02-12 06:00:00,00,7.63,1023.18,4.92,13.89,7.21,2.38,2.43
2023-02-12 07:00:00,00,7.57,1022.21,5.24,24.54,7.73,2.24,2.32
2023-02-12 08:00:00,00,7.76,1021.53,4.36,19.86,7.08,1.87,2.08
2023-02-12 09:00:00,00,7.57,1020.27,5.27,28.39,8.42,1.37,1.61
2023-02-12 10:00:00,00,7.55,1019.34,5.48,31.57,9.05,0.85,1.13
2023-02-12 11:00:00,00,7.56,1018.38,6.51,46.98,9.96,0.44,0.84
2023-02-12 12:00:00,00,7.62,1017.61,7.57,46.76,11.27,0.22,0.76
2023-02-12 13:00:00,00,7.57,1015.92,9.52,46.49,13.53,0.25,0.92
2023-02-12 14:00:00,00,7.79,1014.8,8.86,39.47,14.23,0.52,1.32
2023-02-12 15:00:00,00,7.79,1013.33,9.79,47.96,15.2,0.96,1.99
2023-02-12 16:00:00,00,7.81,1011.77,10.0,49.38,16.42,1.44,2.6
2023-02-12 17:00:00,00,7.81,1009.81,10.96,49.13,18.43,1.82,3.18
2023-02-12 18:00:00,00,8.04,1007.57,11.97,37.98,20.54,1.99,3.66
2023-02-12 19:00:00,00,8.29,1006.89,10.36,40.51,17.92,1.92,3.89
2023-02-12 20:00:00,00,8.18,1005.2,10.39,53.64,16.4,1.63,3.59
2023-02-12 21:00:00,00,8.32,1004.45,9.18,45.68,16.3,1.19,3.25
2023-02-12 22:00:00,00,8.27,1003.93,8.12,50.33,14.71,0.71,2.97
2023-02-12 23:00:00,00,8.35,1003.79,7.57,57.96,13.5,0.3,2.26
2023-02-12 06:00:00,06,7.5,1023.04,5.19,18.58,7.5,2.38,2.52
2023-02-12 07:00:00,06,7.54,1022.31,5.52,28.64,8.04,2.24,2.5
2023-02-12 08:00:00,06,7.66,1021.21,5.65,27.21,8.34,1.87,2.22
2023-02-12 09:00:00,06,7.56,1020.3,5.82,35.21,8.73,1.37,1.79
2023-02-12 10:00:00,06,7.47,1020.37,5.81,42.08,8.97,0.85,1.34
2023-02-12 11:00:00,06,7.42,1019.08,7.04,48.91,10.37,0.44,1.02
2023-02-12 12:00:00,06,7.38,1017.99,7.85,36.41,12.36,0.22,0.9
2023-02-12 13:00:00,06,7.48,1016.3,9.52,37.04,13.73,0.25,1.03
2023-02-12 14:00:00,06,7.72,1015.55,9.33,40.74,13.93,0.52,1.4
2023-02-12 15:00:00,06,7.7,1014.6,9.76,36.35,14.82,0.96,2.03
2023-02-12 16:00:00,06,7.77,1012.98,10.12,40.19,15.98,1.44,2.61
2023-02-12 17:00:00,06,7.94,1011.14,9.91,34.9,17.04,1.82,3.18
2023-02-12 18:00:00,06,7.88,1009.65,9.85,38.8,17.07,1.99,3.56
2023-02-12 19:00:00,06,8.01,1007.81,10.41,37.87,17.47,1.92,3.69
2023-02-12 20:00:00,06,7.95,1006.11,10.63,42.22,15.86,1.63,3.49
2023-02-12 21:00:00,06,8.16,1006.07,9.16,40.93,15.05,1.19,3.25
2023-02-12 22:00:00,06,7.95,1004.92,9.67,52.84,16.49,0.71,2.76
2023-02-12 23:00:00,06,7.91,1005.0,8.17,64.5,14.23,0.3,2.35
2023-02-13 00:00:00,06,7.91,1004.83,8.97,70.22,14.53,0.07,2.13
2023-02-13 01:00:00,06,7.75,1003.94,10.04,77.75,16.06,0.09,2.15
2023-02-13 02:00:00,06,7.37,1003.23,11.18,83.71,17.75,0.37,2.33
2023-02-13 03:00:00,06,7.29,1003.61,10.17,82.89,16.85,0.85,2.91
2023-02-13 04:00:00,06,7.21,1003.45,9.52,89.12,15.21,1.43,3.58
2023-02-13 05:00:00,06,7.18,1003.33,8.67,99.91,14.7,1.95,4.01
2023-02-12 12:00:00,12,7.41,1017.57,8.33,38.98,13.41,0.22,0.86
2023-02-12 13:00:00,12,7.52,1016.03,9.52,36.99,14.83,0.25,1.05
2023-02-12 14:00:00,12,7.74,1015.16,9.47,38.9,15.15,0.52,1.45
2023-02-12 15:00:00,12,7.82,1014.23,10.06,29.62,16.4,0.96,2.03
2023-02-12 16:00:00,12,8.1,1012.35,10.91,30.69,18.01,1.44,2.51
2023-02-12 17:00:00,12,8.25,1010.53,11.06,39.24,18.13,1.82,3.09
2023-02-12 18:00:00,12,8.13,1007.8,11.59,37.88,19.42,1.99,3.48
2023-02-12 19:00:00,12,8.35,1006.62,10.66,34.18,19.53,1.92,3.61
2023-02-12 20:00:00,12,8.22,1005.41,10.17,40.93,17.95,1.63,3.53
2023-02-12 21:00:00,12,8.23,1004.11,9.61,48.3,16.56,1.19,3.19
2023-02-12 22:00:00,12,8.18,1003.22,9.85,47.05,17.13,0.71,3.01
2023-02-12 23:00:00,12,8.17,1002.68,9.34,52.99,16.28,0.3,2.51
2023-02-13 00:00:00,12,8.15,1002.44,8.89,66.98,14.66,0.07,2.39
2023-02-13 01:00:00,12,7.95,1001.51,10.03,74.53,15.64,0.09,2.21
2023-02-13 02:00:00,12,7.82,1001.43,9.95,76.82,16.12,0.37,2.4
2023-02-13 03:00:00,12,7.57,1001.19,10.48,84.61,16.04,0.85,2.89
2023-02-13 04:00:00,12,7.47,1001.46,9.29,89.29,14.63,1.43,3.57
2023-02-13 05:00:00,12,7.24,1000.95,9.85,103.47,15.34,1.95,4.09
2023-02-13 06:00:00,12,7.09,1001.36,10.01,111.38,15.74,2.3,4.34
2023-02-13 07:00:00,12,7.03,1001.85,10.11,119.0,16.08,2.39,4.34
2023-02-13 08:00:00,12,6.98,1002.22,10.18,123.46,17.15,2.23,4.18
2023-02-13 09:00:00,12,6.94,1003.09,10.26,123.05,17.83,1.86,3.81
2023-02-13 10:00:00,12,6.99,1004.68,10.34,122.11,18.47,1.38,3.22
2023-02-13 11:00:00,12,6.88,1006.53,9.51,126.25,17.24,0.88,2.62
2023-02-12 18:00:00,18,8.14,1007.27,11.73,41.73,20.19,1.99,3.41
2023-02-12 19:00:00,18,8.29,1006.05,11.23,40.1,20.54,1.92,3.53
2023-02-12 20:00:00,18,8.16,1004.51,10.02,45.32,18.51,1.63,3.34
2023-02-12 21:00:00,18,8.36,1003.25,9.91,46.89,16.32,1.19,3.02
2023-02-12 22:00:00,18,8.29,1001.65,10.12,44.08,17.1,0.71,2.77
2023-02-12 23:00:00,18,8.35,1001.17,8.75,44.71,15.04,0.3,2.39
2023-02-13 00:00:00,18,8.47,1000.31,7.51,64.03,11.6,0.07,2.19
2023-02-13 01:00:00,18,8.37,999.47,8.27,75.92,12.26,0.09,2.14
2023-02-13 02:00:00,18,8.21,999.76,8.51,82.31,13.14,0.37,2.25
2023-02-13 03:00:00,18,8.02,999.62,9.26,84.24,14.61,0.85,2.67
2023-02-13 04:00:00,18,7.8,998.9,9.51,91.35,15.61,1.43,3.27
2023-02-13 05:00:00,18,7.67,998.84,9.46,97.9,15.15,1.95,3.82
2023-02-13 06:00:00,18,7.47,999.41,9.68,109.17,15.56,2.3,4.2
2023-02-13 07:00:00,18,7.35,1000.07,10.06,116.11,16.38,2.39,4.33
2023-02-13 08:00:00,18,7.22,1000.77,10.25,123.7,17.4,2.23,4.2
2023-02-13 09:00:00,18,7.14,1001.83,10.75,122.61,18.86,1.86,3.86
2023-02-13 10:00:00,18,7.12,1003.91,10.74,122.7,18.55,1.38,3.4
2023-02-13 11:00:00,18,7.03,1005.97,9.3,122.71,17.46,0.88,2.8
2023-02-13 12:00:00,18,7.0,1007.06,8.48,129.51,16.18,0.48,2.21
2023-02-13 13:00:00,18,6.87,1007.85,7.7,126.2,15.6,0.28,1.8
2023-02-13 14:00:00,18,7.55,1008.98,7.41,123.79,15.02,0.31,1.63
2023-02-13 15:00:00,18,8.4,1009.59,6.31,128.57,11.78,0.57,1.99
2023-02-13 16:00:00,18,9.25,1009.89,5.25,134.07,8.95,0.98,2.5
2023-02-13 17:00:00,18,9.95,1009.5,4.69,135.97,7.61,1.42,3.04
2023-02-13 01:00:00,00,8.24,999.9,9.4,86.09,13.52,0.09,1.95
2023-02-13 02:00:00,00,7.88,1000.5,9.09,91.94,14.44,0.37,2.23
2023-02-13 03:00:00,00,7.62,1000.57,8.24,100.84,14.55,0.85,2.57
2023-02-13 04:00:00,00,7.55,1000.26,7.18,113.64,13.61,1.43,3.02
2023-02-13 05:00:00,00,7.32,1000.04,7.56,117.76,13.45,1.95,3.48
2023-02-13 06:00:00,00,7.26,1000.12,8.44,112.55,14.11,2.3,3.76
2023-02-13 07:00:00,00,7.25,1000.92,8.81,120.21,14.01,2.39,3.89
2023-02-13 08:00:00,00,7.22,1001.34,8.9,124.67,15.29,2.23,3.76
2023-02-13 09:00:00,00,7.15,1002.23,8.96,129.99,16.21,1.86,3.53
2023-02-13 10:00:00,00,7.12,1003.54,10.08,124.08,18.02,1.38,3.08
2023-02-13 11:00:00,00,7.09,1005.17,9.65,123.93,18.59,0.88,2.52
2023-02-13 12:00:00,00,7.13,1006.4,8.6,127.79,17.12,0.48,2.06
2023-02-13 13:00:00,00,7.15,1007.55,7.47,123.58,16.08,0.28,1.78
2023-02-13 14:00:00,00,7.78,1008.62,6.96,127.26,14.85,0.31,1.75
2023-02-13 15:00:00,00,8.55,1009.33,6.09,134.01,11.48,0.57,2.05
2023-02-13 16:00:00,00,9.35,1009.74,5.38,136.85,9.27,0.98,2.49
2023-02-13 17:00:00,00,10.15,1009.33,4.66,139.47,7.44,1.42,3.03
2023-02-13 18:00:00,00,10.76,1008.96,4.39,150.86,6.64,1.76,3.37
2023-02-13 19:00:00,00,11.01,1008.86,4.39,165.73,6.27,1.9,3.42
2023-02-13 20:00:00,00,10.8,1008.98,4.34,183.41,6.92,1.82,3.33
2023-02-13 21:00:00,00,10.63,1009.26,4.55,196.23,7.71,1.53,3.04
2023-02-13 22:00:00,00,10.01,1009.05,4.24,199.33,7.51,1.11,2.52
2023-02-13 23:00:00,00,9.18,1009.67,4.33,201.04,8.97,0.65,2.07
2023-02-13 06:00:00,06,7.17,1000.5,7.93,111.32,13.57,2.3,4.16
2023-02-13 07:00:00,06,7.25,1001.34,7.31,117.98,12.95,2.39,4.24
2023-02-13 08:00:00,06,7.25,1001.76,6.9,132.85,13.31,2.23,4.2
2023-02-13 09:00:00,06,7.12,1002.32,8.14,136.53,15.12,1.86,3.7
2023-02-13 10:00:00,06,7.14,1003.21,9.81,129.92,18.7,1.38,3.25
2023-02-13 11:00:00,06,7.09,1004.71,9.91,124.52,19.32,0.88,2.64
2023-02-13 12:00:00,06,7.18,1006.43,8.13,124.24,17.56,0.48,2.33
2023-02-13 13:00:00,06,7.25,1007.26,7.34,128.19,16.46,0.28,2.01
2023-02-13 14:00:00,06,7.85,1008.35,7.16,129.99,15.2,0.31,1.93
2023-02-13 15:00:00,06,8.53,1009.07,6.11,132.32,11.96,0.57,2.08
2023-02-13 16:00:00,06,9.45,1009.54,5.61,133.6,9.58,0.98,2.58
2023-02-13 17:00:00,06,10.25,1009.11,4.64,135.5,7.69,1.42,3.0
2023-02-13 18:00:00,06,10.8,1008.81,4.23,147.34,6.57,1.76,3.33
2023-02-13 19:00:00,06,11.08,1008.78,4.19,166.19,5.88,1.9,3.46
2023-02-13 20:00:00,06,10.7,1008.99,4.39,182.33,6.7,1.82,3.37
2023-02-13 21:00:00,06,10.58,1009.3,4.38,199.86,7.36,1.53,2.96
2023-02-13 22:00:00,06,10.01,1009.12,4.1,203.76,7.29,1.11,2.53
2023-02-13 23:00:00,06,9.23,1009.44,4.26,203.36,8.51,0.65,2.08
2023-02-14 00:00:00,06,8.83,1010.31,4.89,191.05,11.02,0.28,1.6
2023-02-14 01:00:00,06,8.65,1010.76,4.85,189.06,12.34,0.07,1.3
2023-02-14 02:00:00,06,8.43,1011.19,5.23,190.02,12.61,0.12,1.34
2023-02-14 03:00:00,06,8.33,1011.73,5.64,192.65,13.57,0.41,1.53
2023-02-14 04:00:00,06,8.19,1012.06,5.57,184.37,13.33,0.89,1.92
2023-02-14 05:00:00,06,7.99,1012.98,5.22,176.23,12.63,1.46,2.38
2023-02-13 12:00:00,12,7.08,1006.12,8.53,127.42,17.81,0.48,2.17
2023-02-13 13:00:00,12,7.17,1006.78,7.93,132.43,16.96,0.28,1.83
2023-02-13 14:00:00,12,7.6,1007.86,7.73,133.37,16.12,0.31,1.77
2023-02-13 15:00:00,12,8.45,1008.67,6.57,134.9,13.56,0.57,1.84
2023-02-13 16:00:00,12,9.35,1009.19,6.08,134.78,10.44,0.98,2.18
2023-02-13 17:00:00,12,10.15,1008.89,5.11,134.01,8.61,1.42,2.63
2023-02-13 18:00:00,12,10.77,1008.39,4.27,141.91,6.83,1.76,3.09
2023-02-13 19:00:00,12,11.05,1008.41,4.43,166.11,6.13,1.9,3.26
2023-02-13 20:00:00,12,10.63,1008.68,4.75,183.55,7.22,1.82,3.19
2023-02-13 21:00:00,12,10.52,1008.86,4.4,196.36,7.52,1.53,2.82
2023-02-13 22:00:00,12,9.92,1008.93,4.09,194.06,7.4,1.11,2.42
2023-02-13 23:00:00,12,9.15,1009.21,4.07,203.02,7.96,0.65,1.98
2023-02-14 00:00:00,12,8.71,1010.17,4.47,191.94,10.36,0.28,1.52
2023-02-14 01:00:00,12,8.59,1010.83,4.71,191.2,11.6,0.07,1.24
2023-02-14 02:00:00,12,8.37,1011.34,5.17,190.34,12.21,0.12,1.3
2023-02-14 03:00:00,12,8.3,1011.84,5.55,194.25,13.21,0.41,1.51
2023-02-14 04:00:00,12,8.2,1012.07,5.59,184.97,13.31,0.89,1.92
2023-02-14 05:00:00,12,7.97,1012.84,5.15,178.29,12.44,1.46,2.38
2023-02-14 06:00:00,12,7.7,1013.53,4.61,175.85,11.51,1.98,2.9
2023-02-14 07:00:00,12,7.52,1013.99,4.15,168.73,10.37,2.32,3.15
2023-02-14 08:00:00,12,7.41,1014.59,3.99,161.36,9.81,2.43,3.25
2023-02-14 09:00:00,12,7.27,1015.33,3.72,147.31,8.76,2.28,3.1
2023-02-14 10:00:00,12,7.22,1016.59,3.63,132.37,7.91,1.93,2.85
2023-02-14 11:00:00,12,7.05,1017.47,3.25,113.36,7.49,1.45,2.38
2023-02-13 18:00:00,18,10.7,1008.28,4.36,144.02,6.91,1.76,2.85
2023-02-13 19:00:00,18,10.95,1008.2,4.6,167.22,6.2,1.9,3.03
2023-02-13 20:00:00,18,10.75,1008.4,5.01,184.77,7.7,1.82,2.88
2023-02-13 21:00:00,18,10.59,1008.45,4.55,195.06,8.05,1.53,2.63
2023-02-13 22:00:00,18,9.87,1008.64,4.63,192.0,8.42,1.11,2.25
2023-02-13 23:00:00,18,9.18,1009.05,4.66,195.01,9.62,0.65,1.81
2023-02-14 00:00:00,18,8.7,1010.05,4.78,190.28,11.21,0.28,1.45
2023-02-14 01:00:00,18,8.62,1010.63,5.24,192.23,12.33,0.07,1.16
2023-02-14 02:00:00,18,8.44,1011.21,5.27,193.81,12.71,0.12,1.11
2023-02-14 03:00:00,18,8.34,1011.72,5.65,193.94,13.23,0.41,1.32
2023-02-14 04:00:00,18,8.15,1012.05,5.34,183.76,13.08,0.89,1.82
2023-02-14 05:00:00,18,7.86,1012.88,4.9,176.05,12.11,1.46,2.3
2023-02-14 06:00:00,18,7.67,1013.75,4.42,171.25,11.23,1.98,2.73
2023-02-14 07:00:00,18,7.49,1014.14,3.88,161.36,9.67,2.32,3.08
2023-02-14 08:00:00,18,7.38,1014.75,3.81,150.3,8.91,2.43,3.2
2023-02-14 09:00:00,18,7.3,1015.28,3.59,132.13,7.78,2.28,3.07
2023-02-14 10:00:00,18,7.2,1016.9,3.39,137.06,7.02,1.93,2.83
2023-02-14 11:00:00,18,7.02,1017.78,3.06,116.13,7.05,1.45,2.36
2023-02-14 12:00:00,18,6.9,1018.74,2.68,99.28,6.05,0.95,1.86
2023-02-14 13:00:00,18,7.5,1019.85,2.05,103.36,6.46,0.54,1.44
2023-02-14 14:00:00,18,8.51,1021.13,3.24,104.19,6.91,0.31,1.21
2023-02-14 15:00:00,18,9.4,1021.41,3.98,87.3,6.64,0.31,1.11
2023-02-14 16:00:00,18,10.18,1022.1,3.24,77.99,5.02,0.54,1.34
2023-02-14 17:00:00,18,10.97,1022.16,2.63,68.74,3.66,0.93,1.73
2023-02-14 01:00:00,00,8.76,1010.17,4.92,200.84,11.38,0.07,1.29
2023-02-14 02:00:00,00,8.54,1010.56,4.94,204.53,12.61,0.12,1.29
2023-02-14 03:00:00,00,8.51,1011.02,5.74,195.9,13.72,0.41,1.52
2023-02-14 04:00:00,00,8.39,1011.51,5.42,181.53,13.31,0.89,1.94
2023-02-14 05:00:00,00,8.14,1012.28,4.49,171.26,12.25,1.46,2.39
2023-02-14 06:00:00,00,7.99,1013.07,4.4,162.88,11.22,1.98,2.9
2023-02-14 07:00:00,00,7.89,1013.5,4.29,150.51,10.14,2.32,3.23
2023-02-14 08:00:00,00,7.79,1014.21,4.11,141.72,9.21,2.43,3.32
2023-02-14 09:00:00,00,7.6,1014.78,3.68,125.37,7.7,2.28,3.17
2023-02-14 10:00:00,00,7.52,1016.61,3.26,135.26,6.35,1.93,2.8
2023-02-14 11:00:00,00,7.36,1017.49,2.78,113.87,5.44,1.45,2.41
2023-02-14 12:00:00,00,7.25,1018.43,2.65,89.98,4.78,0.95,1.9
2023-02-14 13:00:00,00,7.7,1019.63,2.08,87.33,4.28,0.54,1.48
2023-02-14 14:00:00,00,8.85,1020.36,2.7,73.48,4.4,0.31,1.13
2023-02-14 15:00:00,00,9.85,1021.23,3.06,72.27,4.51,0.31,1.12
2023-02-14 16:00:00,00,10.65,1022.07,2.4,67.13,3.2,0.54,1.24
2023-02-14 17:00:00,00,11.42,1022.12,1.96,61.13,2.3,0.93,1.62
2023-02-14 18:00:00,00,11.89,1021.27,2.09,36.38,1.7,1.35,2.05
2023-02-14 19:00:00,00,12.36,1021.15,1.81,18.57,1.31,1.69,2.39
2023-02-14 20:00:00,00,12.15,1020.74,2.28,1.28,1.94,1.85,2.45
2023-02-14 21:00:00,00,11.46,1021.05,2.05,345.95,2.81,1.79,2.39
2023-02-14 22:00:00,00,10.48,1021.39,2.61,353.21,3.51,1.52,2.12
2023-02-14 23:00:00,00,9.42,1022.16,3.64,332.37,5.2,1.11,1.81
2023-02-14 06:00:00,06,7.89,1012.87,4.34,164.21,11.02,1.98,2.97
2023-02-14 07:00:00,06,7.84,1013.32,4.12,152.41,9.82,2.32,3.29
2023-02-14 08:00:00,06,7.75,1014.11,3.97,142.73,8.9,2.43,3.35
2023-02-14 09:00:00,06,7.66,1014.7,3.49,126.96,7.45,2.28,3.22
2023-02-14 10:00:00,06,7.47,1016.66,3.17,132.31,6.43,1.93,2.95
2023-02-14 11:00:00,06,7.35,1017.53,2.91,108.16,6.25,1.45,2.46
2023-02-14 12:00:00,06,7.24,1018.35,2.85,91.21,5.33,0.95,1.95
2023-02-14 13:00:00,06,7.82,1019.56,2.57,87.33,5.42,0.54,1.53
2023-02-14 14:00:00,06,8.94,1020.27,3.3,75.59,5.41,0.31,1.28
2023-02-14 15:00:00,06,9.85,1021.18,3.44,74.92,4.9,0.31,1.27
2023-02-14 16:00:00,06,10.61,1021.96,2.89,64.71,3.81,0.54,1.39
2023-02-14 17:00:00,06,11.38,1022.13,2.29,54.67,2.73,0.93,1.77
2023-02-14 18:00:00,06,11.88,1021.51,2.37,38.84,2.14,1.35,2.19
2023-02-14 19:00:00,06,12.07,1021.39,2.19,26.63,1.45,1.69,2.52
2023-02-14 20:00:00,06,11.95,1020.93,2.54,6.61,1.7,1.85,2.57
2023-02-14 21:00:00,06,11.25,1021.07,2.39,349.24,2.7,1.79,2.49
2023-02-14 22:00:00,06,10.36,1021.31,3.04,357.03,3.62,1.52,2.22
2023-02-14 23:00:00,06,9.35,1022.37,3.57,340.4,5.14,1.11,1.81
2023-02-15 00:00:00,06,8.85,1023.45,3.66,298.66,6.12,0.66,1.36
2023-02-15 01:00:00,06,8.85,1023.73,3.76,298.35,6.13,0.28,0.97
2023-02-15 02:00:00,06,8.66,1023.77,4.08,300.27,6.91,0.06,0.66
2023-02-15 03:00:00,06,8.47,1023.58,4.33,296.15,8.36,0.09,0.68
2023-02-15 04:00:00,06,8.25,1023.28,4.43,296.78,9.03,0.36,0.96
2023-02-15 05:00:00,06,8.15,1022.89,4.5,289.87,9.99,0.85,1.44
2023-02-14 12:00:00,12,7.2,1018.06,2.43,94.06,3.77,0.95,1.98
2023-02-14 13:00:00,12,7.67,1019.15,2.21,87.52,3.9,0.54,1.63
2023-02-14 14:00:00,12,8.83,1019.76,2.81,66.27,4.22,0.31,1.5
2023-02-14 15:00:00,12,9.85,1020.65,3.16,55.85,4.32,0.31,1.53
2023-02-14 16:00:00,12,10.66,1021.46,2.9,42.71,3.21,0.54,1.74
2023-02-14 17:00:00,12,11.45,1021.81,2.2,33.28,2.01,0.93,2.11
2023-02-14 18:00:00,12,12.03,1021.21,2.32,30.86,1.61,1.35,2.52
2023-02-14 19:00:00,12,12.25,1021.19,2.11,26.16,1.57,1.69,2.74
2023-02-14 20:00:00,12,12.09,1020.63,2.76,9.64,2.61,1.85,2.88
2023-02-14 21:00:00,12,11.35,1020.82,2.9,4.63,3.55,1.79,2.8
2023-02-14 22:00:00,12,10.42,1020.98,3.67,346.05,5.1,1.52,2.52
2023-02-14 23:00:00,12,9.2,1022.08,4.02,314.01,6.43,1.11,2.09
2023-02-15 00:00:00,12,8.98,1023.05,4.29,298.6,6.8,0.66,1.62
2023-02-15 01:00:00,12,8.92,1023.7,3.83,298.37,6.33,0.28,1.12
2023-02-15 02:00:00,12,8.78,1023.78,4.27,299.47,7.35,0.06,0.89
2023-02-15 03:00:00,12,8.39,1023.78,4.35,297.22,8.44,0.09,0.9
2023-02-15 04:00:00,12,8.18,1023.57,4.68,295.19,9.6,0.36,1.06
2023-02-15 05:00:00,12,8.08,1023.05,4.73,293.89,10.43,0.85,1.54
2023-02-15 06:00:00,12,8.05,1022.83,4.63,293.55,10.42,1.43,2.12
2023-02-15 07:00:00,12,8.04,1022.48,4.44,290.08,10.61,1.97,2.66
2023-02-15 08:00:00,12,7.97,1021.87,4.35,289.36,11.18,2.35,3.04
2023-02-15 09:00:00,12,8.07,1021.34,4.28,288.03,11.01,2.5,3.19
2023-02-15 10:00:00,12,8.15,1021.46,4.37,282.02,11.15,2.39,3.08
2023-02-15 11:00:00,12,8.45,1020.69,4.55,287.96,10.81,2.06,2.75
2023-02-14 18:00:00,18,12.27,1021.1,2.03,28.34,1.32,1.35,2.44
2023-02-14 19:00:00,18,12.65,1020.98,1.8,22.88,1.53,1.69,2.69
2023-02-14 20:00:00,18,12.47,1020.34,2.4,5.92,2.72,1.85,2.78
2023-02-14 21:00:00,18,11.76,1020.42,2.61,1.08,3.71,1.79,2.61
2023-02-14 22:00:00,18,10.76,1020.59,3.33,341.94,5.13,1.52,2.39
2023-02-14 23:00:00,18,9.72,1021.72,3.88,308.17,6.47,1.11,1.98
2023-02-15 00:00:00,18,9.49,1022.66,4.24,297.21,6.71,0.66,1.53
2023-02-15 01:00:00,18,9.26,1023.36,3.78,293.28,6.73,0.28,1.15
2023-02-15 02:00:00,18,9.15,1023.43,4.34,294.76,7.74,0.06,0.93
2023-02-15 03:00:00,18,8.75,1023.6,4.29,295.77,8.34,0.09,0.86
2023-02-15 04:00:00,18,8.59,1023.53,4.69,292.28,9.37,0.36,1.14
2023-02-15 05:00:00,18,8.38,1023.1,4.77,291.78,10.21,0.85,1.62
2023-02-15 06:00:00,18,8.35,1023.03,4.74,292.07,10.65,1.43,2.2
2023-02-15 07:00:00,18,8.36,1022.57,4.64,290.15,10.93,1.97,2.74
2023-02-15 08:00:00,18,8.25,1022.38,4.19,282.35,10.3,2.35,3.13
2023-02-15 09:00:00,18,8.26,1021.85,4.29,280.42,11.15,2.5,3.28
2023-02-15 10:00:00,18,8.25,1021.54,4.56,283.17,11.81,2.39,3.17
2023-02-15 11:00:00,18,8.36,1021.11,4.84,282.29,11.63,2.06,2.74
2023-02-15 12:00:00,18,8.26,1021.33,3.79,268.44,10.16,1.57,2.35
2023-02-15 13:00:00,18,8.85,1022.14,4.02,253.89,11.54,1.04,1.82
2023-02-15 14:00:00,18,9.78,1021.93,5.61,249.46,13.34,0.57,1.35
2023-02-15 15:00:00,18,10.89,1020.93,5.02,253.55,11.11,0.28,0.96
2023-02-15 16:00:00,18,10.91,1021.04,4.94,240.03,10.8,0.24,0.92
2023-02-15 17:00:00,18,11.98,1020.7,5.4,232.49,10.75,0.44,1.12
2023-02-15 01:00:00,00,9.36,1023.14,3.85,293.74,6.41,0.28,1.27
2023-02-15 02:00:00,00,9.25,1023.13,4.28,294.34,7.51,0.06,1.06
2023-02-15 03:00:00,00,8.81,1023.37,3.95,296.78,7.67,0.09,1.06
2023-02-15 04:00:00,00,8.58,1023.15,4.54,290.81,9.3,0.36,1.25
2023-02-15 05:00:00,00,8.41,1022.76,4.71,288.39,10.2,0.85,1.62
2023-02-15 06:00:00,00,8.41,1022.62,4.84,288.39,10.61,1.43,2.19
2023-02-15 07:00:00,00,8.35,1021.95,4.87,284.08,11.31,1.97,2.73
2023-02-15 08:00:00,00,8.17,1022.06,3.87,278.99,9.95,2.35,3.1
2023-02-15 09:00:00,00,8.29,1021.28,4.1,285.44,10.81,2.5,3.24
2023-02-15 10:00:00,00,8.46,1021.38,4.79,274.38,12.21,2.39,3.13
2023-02-15 11:00:00,00,8.55,1020.96,4.59,279.02,11.81,2.06,2.79
2023-02-15 12:00:00,00,8.49,1021.58,2.91,258.93,8.09,1.57,2.29
2023-02-15 13:00:00,00,8.97,1021.86,2.62,267.39,9.27,1.04,1.75
2023-02-15 14:00:00,00,9.97,1021.99,3.45,255.83,9.41,0.57,1.28
2023-02-15 15:00:00,00,10.89,1021.6,4.1,252.61,9.71,0.28,0.98
2023-02-15 16:00:00,00,11.98,1021.09,4.86,240.45,10.07,0.24,0.83
2023-02-15 17:00:00,00,12.47,1020.47,5.39,232.37,10.17,0.44,1.03
2023-02-15 18:00:00,00,12.95,1019.63,5.88,227.29,10.93,0.83,1.32
2023-02-15 19:00:00,00,12.36,1019.06,6.04,228.9,11.29,1.28,1.77
2023-02-15 20:00:00,00,12.95,1018.68,6.27,230.61,11.47,1.66,2.05
2023-02-15 21:00:00,00,12.36,1018.74,6.23,232.27,11.53,1.87,2.26
2023-02-15 22:00:00,00,12.15,1018.83,5.96,230.72,11.55,1.85,2.14
2023-02-15 23:00:00,00,11.66,1019.24,5.37,228.26,11.24,1.6,1.89
2023-02-15 06:00:00,06,8.16,1022.56,4.54,288.12,10.13,1.43,2.23
2023-02-15 07:00:00,06,8.18,1021.92,4.52,282.4,10.62,1.97,2.7
2023-02-15 08:00:00,06,7.95,1022.0,3.47,275.0,8.21,2.35,3.04
2023-02-15 09:00:00,06,7.97,1021.21,3.65,281.45,8.62,2.5,3.13
2023-02-15 10:00:00,06,7.96,1021.83,3.79,268.16,8.93,2.39,3.02
2023-02-15 11:00:00,06,8.16,1021.04,4.07,277.14,10.14,2.06,2.68
2023-02-15 12:00:00,06,7.98,1021.84,2.71,242.83,7.3,1.57,2.19
2023-02-15 13:00:00,06,8.49,1022.0,2.37,264.15,7.83,1.04,1.66
2023-02-15 14:00:00,06,9.61,1022.44,3.13,238.81,7.93,0.57,1.19
2023-02-15 15:00:00,06,10.88,1021.77,4.35,247.58,9.01,0.28,0.9
2023-02-15 16:00:00,06,11.57,1021.17,4.84,240.45,9.81,0.24,0.75
2023-02-15 17:00:00,06,12.17,1020.71,5.47,229.56,10.0,0.44,0.95
2023-02-15 18:00:00,06,12.86,1019.77,6.06,225.34,10.6,0.83,1.34
2023-02-15 19:00:00,06,12.86,1019.09,6.0,228.79,10.91,1.28,1.69
2023-02-15 20:00:00,06,11.75,1019.0,5.95,229.6,11.32,1.66,2.06
2023-02-15 21:00:00,06,12.31,1018.78,5.87,233.87,11.11,1.87,2.17
2023-02-15 22:00:00,06,11.82,1019.01,6.23,232.19,11.52,1.85,2.14
2023-02-15 23:00:00,06,11.43,1019.47,5.38,230.58,11.47,1.6,1.8
2023-02-16 00:00:00,06,11.15,1020.2,4.93,227.65,11.41,1.19,1.39
2023-02-16 01:00:00,06,11.15,1020.3,4.76,229.48,11.24,0.71,0.91
2023-02-16 02:00:00,06,11.07,1020.5,5.16,229.47,11.81,0.28,0.48
2023-02-16 03:00:00,06,10.87,1020.53,5.03,226.88,11.48,0.01,0.11
2023-02-16 04:00:00,06,10.75,1020.48,4.73,225.17,11.15,-0.01,0.09
2023-02-16 05:00:00,06,10.55,1020.4,4.44,225.28,10.52,0.25,0.35
2023-02-15 12:00:00,12,8.06,1021.59,2.79,245.39,8.06,1.57,2.15
2023-02-15 13:00:00,12,8.58,1021.74,2.57,263.11,8.82,1.04,1.57
2023-02-15 14:00:00,12,9.79,1022.21,3.26,238.03,9.14,0.57,1.14
2023-02-15 15:00:00,12,11.1,1021.7,4.47,244.11,9.75,0.28,0.87
2023-02-15 16:00:00,12,11.6,1021.23,5.05,237.07,10.19,0.24,0.93
2023-02-15 17:00:00,12,12.27,1020.63,5.49,230.87,10.14,0.44,1.11
2023-02-15 18:00:00,12,12.95,1019.63,6.15,226.52,10.71,0.83,1.37
2023-02-15 19:00:00,12,13.05,1018.96,6.35,230.19,11.18,1.28,1.8
2023-02-15 20:00:00,12,12.55,1018.71,6.21,232.89,11.46,1.66,2.06
2023-02-15 21:00:00,12,11.95,1018.7,6.01,235.13,11.31,1.87,2.24
2023-02-15 22:00:00,12,11.86,1018.92,5.97,232.54,11.33,1.85,2.19
2023-02-15 23:00:00,12,11.37,1019.57,5.27,229.12,11.54,1.6,1.92
2023-02-16 00:00:00,12,11.26,1020.16,4.68,229.19,11.11,1.19,1.39
2023-02-16 01:00:00,12,11.0,1020.25,4.61,231.25,11.36,0.71,0.88
2023-02-16 02:00:00,12,10.95,1020.58,4.98,229.17,11.72,0.28,0.43
2023-02-16 03:00:00,12,10.85,1020.54,5.04,224.05,11.79,0.01,0.03
2023-02-16 04:00:00,12,10.67,1020.54,4.5,225.38,10.59,-0.01,-0.01
2023-02-16 05:00:00,12,10.55,1020.45,4.19,224.28,10.15,0.25,0.25
2023-02-16 06:00:00,12,10.35,1020.43,3.93,222.19,9.72,0.74,0.74
2023-02-16 07:00:00,12,10.25,1020.45,3.96,224.9,9.37,1.35,1.35
2023-02-16 08:00:00,12,10.09,1020.27,3.84,225.18,9.13,1.95,1.95
2023-02-16 09:00:00,12,10.0,1020.08,4.03,232.45,9.02,2.4,2.4
2023-02-16 10:00:00,12,9.98,1020.12,3.58,232.29,7.79,2.62,2.61
2023-02-16 11:00:00,12,9.86,1020.12,3.21,235.04,7.1,2.55,2.54
2023-02-15 18:00:00,18,13.17,1019.56,6.18,225.92,10.91,0.83,1.37
2023-02-15 19:00:00,18,13.28,1018.89,6.45,230.87,11.51,1.28,1.77
2023-02-15 20:00:00,18,12.22,1018.56,6.46,234.36,11.37,1.66,2.02
2023-02-15 21:00:00,18,12.05,1018.44,6.28,238.15,11.68,1.87,2.21
2023-02-15 22:00:00,18,11.96,1018.63,6.37,235.55,11.83,1.85,2.16
2023-02-15 23:00:00,18,11.59,1019.27,5.55,231.27,11.92,1.6,1.9
2023-02-16 00:00:00,18,11.4,1019.86,4.8,229.63,11.25,1.19,1.47
2023-02-16 01:00:00,18,11.09,1019.96,4.57,231.85,11.33,0.71,0.97
2023-02-16 02:00:00,18,11.05,1020.36,4.97,228.5,11.78,0.28,0.52
2023-02-16 03:00:00,18,10.96,1020.23,5.04,226.5,11.92,0.01,0.13
2023-02-16 04:00:00,18,10.85,1020.36,4.53,226.67,10.9,-0.01,0.1
2023-02-16 05:00:00,18,10.77,1020.29,4.19,225.8,10.36,0.25,0.34
2023-02-16 06:00:00,18,10.39,1020.26,3.96,224.65,9.66,0.74,0.81
2023-02-16 07:00:00,18,10.32,1020.24,4.28,230.39,9.8,1.35,1.4
2023-02-16 08:00:00,18,10.25,1020.09,4.19,225.84,9.58,1.95,1.99
2023-02-16 09:00:00,18,10.21,1020.01,4.28,232.95,9.65,2.4,2.42
2023-02-16 10:00:00,18,10.02,1019.8,4.05,234.76,8.66,2.62,2.61
2023-02-16 11:00:00,18,9.98,1019.83,3.89,236.61,8.31,2.55,2.54
2023-02-16 12:00:00,18,10.04,1020.04,4.07,241.99,8.91,2.22,2.21
2023-02-16 13:00:00,18,10.45,1020.75,3.78,230.94,8.6,1.7,1.69
2023-02-16 14:00:00,18,11.15,1020.72,4.18,236.97,9.31,1.1,1.09
2023-02-16 15:00:00,18,11.87,1020.16,4.96,238.28,10.06,0.55,0.55
2023-02-16 16:00:00,18,12.75,1019.82,5.82,234.09,10.82,0.19,0.19
2023-02-16 17:00:00,18,13.35,1019.35,6.51,229.58,11.5,0.11,0.1
2023-02-16 01:00:00,00,11.48,1019.32,4.84,233.29,11.94,0.71,1.2
2023-02-16 02:00:00,00,11.58,1019.59,5.53,228.72,12.42,0.28,0.82
2023-02-16 03:00:00,00,11.45,1019.37,5.31,225.49,12.46,0.01,0.56
2023-02-16 04:00:00,00,11.23,1019.53,4.71,225.38,11.11,-0.01,0.52
2023-02-16 05:00:00,00,11.05,1019.62,4.37,223.55,10.66,0.25,0.74
2023-02-16 06:00:00,00,10.85,1019.56,4.27,224.37,10.42,0.74,1.2
2023-02-16 07:00:00,00,10.75,1019.65,4.31,224.33,10.21,1.35,1.77
2023-02-16 08:00:00,00,10.57,1019.62,4.03,222.69,9.62,1.95,2.34
2023-02-16 09:00:00,00,10.51,1019.57,4.07,230.08,9.3,2.4,2.75
2023-02-16 10:00:00,00,10.34,1019.64,3.55,227.46,8.11,2.62,2.83
2023-02-16 11:00:00,00,10.3,1019.75,3.46,233.05,7.8,2.55,2.83
2023-02-16 12:00:00,00,10.38,1019.91,3.75,240.55,8.16,2.22,2.46
2023-02-16 13:00:00,00,10.6,1020.56,3.75,232.14,8.72,1.7,1.91
2023-02-16 14:00:00,00,11.27,1020.79,4.04,236.49,9.11,1.1,1.27
2023-02-16 15:00:00,00,12.07,1020.23,4.69,234.94,9.51,0.55,0.69
2023-02-16 16:00:00,00,12.86,1019.64,5.57,234.29,10.22,0.19,0.2
2023-02-16 17:00:00,00,13.55,1018.83,6.18,232.43,10.81,0.11,0.12
2023-02-16 18:00:00,00,14.33,1017.69,7.18,230.31,11.33,0.31,0.32
2023-02-16 19:00:00,00,14.35,1016.95,7.04,232.26,11.56,0.73,0.74
2023-02-16 20:00:00,00,14.22,1016.46,6.95,236.2,11.69,1.24,1.25
2023-02-16 21:00:00,00,13.95,1015.88,6.43,239.25,11.52,1.69,1.7
2023-02-16 22:00:00,00,13.27,1015.99,5.94,236.81,11.01,1.97,1.98
2023-02-16 23:00:00,00,12.77,1016.0,5.71,242.01,10.81,1.99,2.0
2023-02-16 06:00:00,06,10.92,1019.4,4.37,225.05,10.51,0.74,1.33
2023-02-16 07:00:00,06,10.75,1019.52,4.32,223.33,10.35,1.35,1.91
2023-02-16 08:00:00,06,10.65,1019.48,4.05,222.37,9.92,1.95,2.45
2023-02-16 09:00:00,06,10.45,1019.37,4.03,228.63,9.02,2.4,2.79
2023-02-16 10:00:00,06,10.38,1019.48,3.33,223.62,8.06,2.62,2.9
2023-02-16 11:00:00,06,10.25,1019.64,3.25,231.02,7.86,2.55,2.83
2023-02-16 12:00:00,06,10.25,1019.82,3.58,239.96,8.03,2.22,2.49
2023-02-16 13:00:00,06,10.59,1020.21,3.65,235.31,8.6,1.7,1.97
2023-02-16 14:00:00,06,11.15,1020.44,3.77,232.88,8.5,1.1,1.36
2023-02-16 15:00:00,06,11.97,1020.09,4.62,232.19,9.12,0.55,0.81
2023-02-16 16:00:00,06,12.67,1019.45,5.3,234.16,10.0,0.19,0.45
2023-02-16 17:00:00,06,13.05,1018.71,5.54,233.48,10.31,0.11,0.26
2023-02-16 18:00:00,06,14.19,1017.76,6.73,227.01,11.05,0.31,0.46
2023-02-16 19:00:00,06,14.27,1016.74,6.95,231.92,11.56,0.73,0.87
2023-02-16 20:00:00,06,14.34,1016.52,6.46,231.63,11.1,1.24,1.38
2023-02-16 21:00:00,06,13.95,1016.34,5.92,231.51,10.81,1.69,1.83
2023-02-16 22:00:00,06,13.27,1016.09,5.8,236.58,10.77,1.97,2.19
2023-02-16 23:00:00,06,12.75,1015.97,5.31,240.45,10.75,1.99,2.21
2023-02-17 00:00:00,06,12.35,1016.42,4.95,239.46,10.85,1.75,1.88
2023-02-17 01:00:00,06,12.55,1015.97,5.13,250.87,11.31,1.31,1.44
2023-02-17 02:00:00,06,12.47,1015.47,5.95,257.04,12.32,0.77,0.9
2023-02-17 03:00:00,06,12.36,1014.81,6.82,254.41,13.7,0.26,0.39
2023-02-17 04:00:00,06,12.05,1014.53,6.6,246.86,13.92,-0.08,-0.05
2023-02-17 05:00:00,06,11.95,1013.73,6.78,248.27,14.39,-0.15,-0.12
2023-02-16 12:00:00,12,10.14,1019.6,3.65,241.11,8.16,2.22,2.47
2023-02-16 13:00:00,12,10.53,1019.91,3.72,237.36,8.6,1.7,1.96
2023-02-16 14:00:00,12,11.15,1020.03,3.95,235.84,8.63,1.1,1.35
2023-02-16 15:00:00,12,11.96,1019.4,4.66,236.92,9.4,0.55,0.81
2023-02-16 16:00:00,12,12.68,1019.01,5.27,233.61,10.1,0.19,0.47
2023-02-16 17:00:00,12,12.97,1018.26,5.37,233.05,10.22,0.11,0.38
2023-02-16 18:00:00,12,13.97,1017.5,6.53,226.5,11.02,0.31,0.58
2023-02-16 19:00:00,12,14.13,1016.13,7.09,234.7,11.92,0.73,0.99
2023-02-16 20:00:00,12,14.21,1015.9,6.86,233.02,12.03,1.24,1.4
2023-02-16 21:00:00,12,13.81,1015.89,6.47,230.35,11.73,1.69,1.85
2023-02-16 22:00:00,12,13.16,1015.69,6.13,235.44,11.55,1.97,2.22
2023-02-16 23:00:00,12,12.65,1015.48,5.88,240.75,11.69,1.99,2.23
2023-02-17 00:00:00,12,12.37,1015.48,5.92,246.63,12.19,1.75,2.0
2023-02-17 01:00:00,12,12.27,1015.34,5.87,248.42,12.35,1.31,1.55
2023-02-17 02:00:00,12,12.28,1015.07,6.09,255.02,12.62,0.77,1.01
2023-02-17 03:00:00,12,12.05,1014.8,6.53,249.01,13.21,0.26,0.39
2023-02-17 04:00:00,12,11.86,1014.25,6.7,250.58,13.92,-0.08,0.05
2023-02-17 05:00:00,12,11.95,1013.71,6.85,250.76,13.95,-0.15,-0.12
2023-02-17 06:00:00,12,11.71,1012.89,6.88,245.93,13.86,0.1,0.12
2023-02-17 07:00:00,12,11.69,1012.25,7.03,247.02,14.14,0.61,0.64
2023-02-17 08:00:00,12,11.66,1011.35,7.04,247.8,14.35,1.28,1.31
2023-02-17 09:00:00,12,11.55,1010.34,7.05,251.89,14.44,1.96,1.99
2023-02-17 10:00:00,12,11.49,1010.24,6.92,245.88,14.39,2.49,2.52
2023-02-17 11:00:00,12,11.6,1009.63,7.15,246.82,14.91,2.76,2.79
2023-02-16 18:00:00,18,14.12,1017.43,6.24,225.78,10.9,0.31,0.56
2023-02-16 19:00:00,18,14.35,1016.16,6.98,232.4,11.71,0.73,0.9
2023-02-16 20:00:00,18,14.4,1015.92,6.64,231.7,11.7,1.24,1.36
2023-02-16 21:00:00,18,14.05,1015.65,6.3,231.14,11.42,1.69,1.76
2023-02-16 22:00:00,18,13.46,1015.55,5.88,239.53,11.06,1.97,2.01
2023-02-16 23:00:00,18,12.87,1015.32,6.04,247.42,11.71,1.99,2.04
2023-02-17 00:00:00,18,12.57,1015.25,6.07,247.39,12.3,1.75,1.81
2023-02-17 01:00:00,18,12.58,1015.38,5.9,242.74,12.42,1.31,1.38
2023-02-17 02:00:00,18,12.39,1015.07,6.02,250.02,12.51,0.77,0.84
2023-02-17 03:00:00,18,12.17,1014.79,6.4,248.02,13.47,0.26,0.34
2023-02-17 04:00:00,18,12.06,1014.12,6.93,250.83,14.27,-0.08,-0.1
2023-02-17 05:00:00,18,12.16,1013.22,7.5,252.73,14.66,-0.15,-0.16
2023-02-17 06:00:00,18,12.07,1013.27,7.27,240.41,14.04,0.1,0.09
2023-02-17 07:00:00,18,11.79,1012.63,6.58,240.64,13.53,0.61,0.61
2023-02-17 08:00:00,18,11.77,1011.55,6.78,243.57,14.01,1.28,1.3
2023-02-17 09:00:00,18,11.69,1010.49,6.94,250.35,14.06,1.96,1.98
2023-02-17 10:00:00,18,11.72,1010.0,7.17,248.26,14.44,2.49,2.52
2023-02-17 11:00:00,18,11.75,1009.68,7.22,243.74,14.71,2.76,2.78
2023-02-17 12:00:00,18,11.75,1008.74,8.02,246.0,16.17,2.71,2.74
2023-02-17 13:00:00,18,12.14,1007.99,8.92,239.35,17.48,2.36,2.38
2023-02-17 14:00:00,18,12.53,1007.94,9.08,220.7,17.51,1.77,1.7
2023-02-17 15:00:00,18,11.95,1008.81,7.3,205.65,14.73,1.09,1.01
2023-02-17 16:00:00,18,11.77,1008.55,5.0,204.72,11.61,0.46,0.38
2023-02-17 17:00:00,18,11.59,1007.86,6.42,229.86,11.54,0.04,-0.04
2023-02-17 01:00:00,00,12.88,1015.32,5.72,242.18,11.83,1.31,1.49
2023-02-17 02:00:00,00,12.78,1015.03,5.8,251.84,11.92,0.77,0.9
2023-02-17 03:00:00,00,12.56,1014.72,6.29,250.64,12.6,0.26,0.36
2023-02-17 04:00:00,00,12.46,1014.21,6.02,250.4,12.56,-0.08,0.02
2023-02-17 05:00:00,00,12.16,1013.47,6.25,253.49,12.94,-0.15,-0.06
2023-02-17 06:00:00,00,12.25,1012.76,6.16,246.99,12.54,0.1,0.18
2023-02-17 07:00:00,00,12.17,1012.28,6.64,242.62,13.07,0.61,0.69
2023-02-17 08:00:00,00,11.97,1011.31,6.58,244.85,13.94,1.28,1.36
2023-02-17 09:00:00,00,11.89,1010.53,6.41,246.85,13.79,1.96,2.03
2023-02-17 10:00:00,00,11.76,1010.04,6.95,248.65,14.07,2.49,2.56
2023-02-17 11:00:00,00,11.95,1009.2,7.06,245.84,14.34,2.76,2.72
2023-02-17 12:00:00,00,11.95,1008.52,7.44,244.51,15.35,2.71,2.66
2023-02-17 13:00:00,00,12.25,1007.85,7.97,241.83,16.05,2.36,2.3
2023-02-17 14:00:00,00,12.59,1007.27,8.79,237.83,17.17,1.77,1.71
2023-02-17 15:00:00,00,12.46,1006.96,9.53,229.13,18.49,1.09,1.02
2023-02-17 16:00:00,00,11.95,1007.55,9.67,218.49,18.58,0.46,0.38
2023-02-17 17:00:00,00,11.95,1007.36,8.53,219.45,15.86,0.04,-0.13
2023-02-17 18:00:00,00,11.9,1006.62,6.54,215.02,13.07,-0.06,-0.33
2023-02-17 19:00:00,00,11.8,1005.44,4.64,215.23,10.13,0.17,-0.1
2023-02-17 20:00:00,00,11.39,1007.14,7.44,145.13,11.73,0.66,0.49
2023-02-17 21:00:00,00,10.31,1008.5,7.24,140.51,12.01,1.26,1.19
2023-02-17 22:00:00,00,10.29,1010.02,5.44,120.31,10.2,1.8,1.93
2023-02-17 23:00:00,00,9.96,1012.06,5.97,108.25,10.71,2.13,2.46
2023-02-17 06:00:00,06,12.16,1013.0,5.81,249.12,12.08,0.1,0.33
2023-02-17 07:00:00,06,12.15,1012.51,5.93,246.46,12.4,0.61,0.83
2023-02-17 08:00:00,06,11.92,1011.45,6.19,250.71,13.34,1.28,1.44
2023-02-17 09:00:00,06,11.8,1010.71,5.81,251.21,13.11,1.96,2.0
2023-02-17 10:00:00,06,11.65,1009.99,6.31,252.58,14.02,2.49,2.53
2023-02-17 11:00:00,06,11.65,1009.0,6.64,250.11,14.12,2.76,2.79
2023-02-17 12:00:00,06,11.85,1008.49,6.81,246.71,14.84,2.71,2.73
2023-02-17 13:00:00,06,12.15,1008.01,7.75,241.5,15.99,2.36,2.37
2023-02-17 14:00:00,06,12.57,1007.69,7.93,232.18,16.66,1.77,1.78
2023-02-17 15:00:00,06,12.26,1007.26,9.12,229.51,18.09,1.09,1.08
2023-02-17 16:00:00,06,12.27,1006.91,9.55,222.72,17.81,0.46,0.45
2023-02-17 17:00:00,06,11.87,1007.37,8.28,215.52,16.94,0.04,-0.08
2023-02-17 18:00:00,06,11.94,1006.08,6.32,214.89,13.85,-0.06,-0.29
2023-02-17 19:00:00,06,11.88,1004.95,6.3,221.38,13.02,0.17,-0.07
2023-02-17 20:00:00,06,11.97,1005.44,7.89,182.95,13.64,0.66,0.52
2023-02-17 21:00:00,06,10.44,1008.47,7.41,150.42,12.0,1.26,1.21
2023-02-17 22:00:00,06,10.27,1009.7,6.6,102.14,10.71,1.8,1.94
2023-02-17 23:00:00,06,9.87,1011.3,6.57,103.61,11.92,2.13,2.48
2023-02-18 00:00:00,06,9.63,1013.52,6.55,112.6,10.63,2.18,2.63
2023-02-18 01:00:00,06,8.95,1015.8,9.01,114.92,11.65,1.93,2.27
2023-02-18 02:00:00,06,8.47,1017.41,8.8,114.06,12.66,1.43,1.88
2023-02-18 03:00:00,06,8.04,1019.0,9.2,116.91,13.29,0.81,1.05
2023-02-18 04:00:00,06,7.49,1020.28,9.45,112.22,13.82,0.21,0.45
2023-02-18 05:00:00,06,7.18,1021.55,9.21,113.33,13.96,-0.21,0.04
2023-02-17 12:00:00,12,11.9,1008.85,6.58,246.18,14.46,2.71,2.71
2023-02-17 13:00:00,12,12.16,1008.49,7.3,241.71,15.55,2.36,2.42
2023-02-17 14:00:00,12,12.55,1008.06,7.49,235.74,16.04,1.77,1.87
2023-02-17 15:00:00,12,12.35,1007.34,8.14,231.97,16.87,1.09,1.21
2023-02-17 16:00:00,12,12.25,1007.04,8.97,225.09,17.04,0.46,0.59
2023-02-17 17:00:00,12,12.05,1007.04,8.04,219.11,15.9,0.04,0.07
2023-02-17 18:00:00,12,12.01,1005.6,6.48,217.57,13.89,-0.06,-0.04
2023-02-17 19:00:00,12,11.98,1004.59,6.52,213.48,13.73,0.17,0.18
2023-02-17 20:00:00,12,12.47,1004.56,6.43,192.86,12.52,0.66,0.66
2023-02-17 21:00:00,12,10.47,1007.21,7.83,153.85,12.61,1.26,1.36
2023-02-17 22:00:00,12,10.45,1009.33,8.44,120.96,12.65,1.8,1.89
2023-02-17 23:00:00,12,9.96,1011.99,7.25,123.35,12.27,2.13,2.42
2023-02-18 00:00:00,12,9.47,1013.77,8.5,106.88,12.12,2.18,2.66
2023-02-18 01:00:00,12,8.75,1015.89,9.1,118.65,12.4,1.93,2.5
2023-02-18 02:00:00,12,8.39,1017.76,9.31,116.99,13.31,1.43,2.0
2023-02-18 03:00:00,12,7.96,1019.16,9.29,117.83,13.73,0.81,1.06
2023-02-18 04:00:00,12,7.46,1020.35,8.99,114.45,13.82,0.21,0.46
2023-02-18 05:00:00,12,7.28,1021.7,8.9,115.33,13.62,-0.21,0.04
2023-02-18 06:00:00,12,7.0,1022.79,8.53,116.28,13.33,-0.31,0.04
2023-02-18 07:00:00,12,6.9,1023.49,8.24,117.55,12.64,-0.06,0.39
2023-02-18 08:00:00,12,6.49,1024.63,8.08,120.64,11.74,0.5,0.85
2023-02-18 09:00:00,12,6.28,1025.6,8.0,119.96,11.27,1.25,1.5
2023-02-18 10:00:00,12,6.05,1026.86,7.75,117.82,10.93,2.01,2.26
2023-02-18 11:00:00,12,5.88,1028.18,6.98,115.8,10.25,2.6,2.95
2023-02-17 18:00:00,18,12.17,1005.53,6.84,224.49,14.71,-0.06,0.09
2023-02-17 19:00:00,18,12.28,1004.31,7.57,222.37,15.0,0.17,0.22
2023-02-17 20:00:00,18,12.67,1003.54,8.3,227.71,15.74,0.66,0.67
2023-02-17 21:00:00,18,11.96,1005.08,8.75,141.04,13.8,1.26,1.17
2023-02-17 22:00:00,18,11.15,1007.45,8.09,125.79,13.71,1.8,1.77
2023-02-17 23:00:00,18,10.37,1010.36,9.93,108.3,14.53,2.13,2.31
2023-02-18 00:00:00,18,9.35,1013.31,9.71,114.22,13.92,2.18,2.57
2023-02-18 01:00:00,18,8.86,1015.63,9.5,112.23,13.61,1.93,2.52
2023-02-18 02:00:00,18,8.45,1017.38,9.73,115.1,14.22,1.43,2.03
2023-02-18 03:00:00,18,8.05,1018.96,9.89,115.15,14.28,0.81,1.11
2023-02-18 04:00:00,18,7.56,1020.4,10.09,114.79,14.72,0.21,0.42
2023-02-18 05:00:00,18,7.28,1021.73,9.57,115.19,14.27,-0.21,0.01
2023-02-18 06:00:00,18,6.99,1022.89,9.16,115.66,13.91,-0.31,0.11
2023-02-18 07:00:00,18,6.79,1023.63,8.63,115.29,12.83,-0.06,0.47
2023-02-18 08:00:00,18,6.58,1024.78,8.14,117.33,11.88,0.5,1.04
2023-02-18 09:00:00,18,6.28,1025.79,7.81,118.33,11.02,1.25,1.69
2023-02-18 10:00:00,18,6.05,1026.95,7.7,116.2,10.74,2.01,2.36
2023-02-18 11:00:00,18,5.95,1028.21,7.08,113.98,10.18,2.6,2.96
2023-02-18 12:00:00,18,5.85,1028.96,6.5,111.86,9.44,2.91,3.36
2023-02-18 13:00:00,18,6.28,1029.89,5.66,109.35,8.05,2.85,3.4
2023-02-18 14:00:00,18,6.86,1030.82,5.28,108.69,7.37,2.44,2.89
2023-02-18 15:00:00,18,7.75,1031.44,4.69,109.55,6.76,1.77,2.12
2023-02-18 16:00:00,18,8.55,1031.15,3.8,102.22,5.68,0.99,1.34
2023-02-18 17:00:00,18,9.25,1030.56,3.05,98.1,4.77,0.29,0.64
2023-02-18 01:00:00,00,9.12,1015.0,9.68,109.92,13.82,1.93,2.79
2023-02-18 02:00:00,00,8.65,1016.65,9.96,114.1,14.31,1.43,2.28
2023-02-18 03:00:00,00,8.35,1018.34,9.86,114.37,14.11,0.81,1.6
2023-02-18 04:00:00,00,7.6,1020.04,10.15,112.8,14.72,0.21,0.99
2023-02-18 05:00:00,00,7.4,1021.32,9.7,110.6,14.44,-0.21,0.56
2023-02-18 06:00:00,00,7.08,1022.39,9.37,110.26,13.81,-0.31,0.44
2023-02-18 07:00:00,00,6.89,1023.29,8.84,110.71,12.78,-0.06,0.67
2023-02-18 08:00:00,00,6.58,1024.38,8.13,113.38,11.5,0.5,1.32
2023-02-18 09:00:00,00,6.37,1025.49,7.58,115.7,10.82,1.25,2.05
2023-02-18 10:00:00,00,6.16,1026.86,7.58,113.68,10.57,2.01,2.79
2023-02-18 11:00:00,00,5.88,1028.21,6.9,109.54,9.78,2.6,3.37
2023-02-18 12:00:00,00,5.78,1029.02,6.43,107.44,9.21,2.91,3.66
2023-02-18 13:00:00,00,6.15,1030.03,5.89,103.57,8.1,2.85,3.58
2023-02-18 14:00:00,00,6.89,1031.23,5.33,106.92,7.33,2.44,3.06
2023-02-18 15:00:00,00,7.66,1031.78,4.73,108.85,6.59,1.77,2.37
2023-02-18 16:00:00,00,8.35,1031.29,3.75,99.65,5.52,0.99,1.57
2023-02-18 17:00:00,00,9.05,1030.56,3.15,93.4,4.96,0.29,0.78
2023-02-18 18:00:00,00,9.75,1030.09,2.48,101.27,4.25,-0.15,0.33
2023-02-18 19:00:00,00,10.25,1029.93,1.54,128.59,3.03,-0.23,0.25
2023-02-18 20:00:00,00,10.25,1029.85,1.02,144.05,2.29,0.07,0.45
2023-02-18 21:00:00,00,9.85,1029.77,0.69,138.21,2.23,0.65,1.14
2023-02-18 22:00:00,00,9.05,1030.25,0.74,183.48,2.24,1.35,1.83
2023-02-18 23:00:00,00,8.35,1030.74,0.69,263.22,2.17,1.97,2.45
2023-02-18 06:00:00,06,7.1,1022.2,9.27,110.78,13.94,-0.31,0.63
2023-02-18 07:00:00,06,6.9,1023.08,8.77,111.14,12.8,-0.06,0.69
2023-02-18 08:00:00,06,6.68,1024.11,8.16,114.31,11.7,0.5,1.15
2023-02-18 09:00:00,06,6.4,1025.2,7.86,116.59,10.95,1.25,1.76
2023-02-18 10:00:00,06,6.15,1026.58,7.86,113.27,10.75,2.01,2.63
2023-02-18 11:00:00,06,6.01,1027.91,7.17,108.51,9.94,2.6,3.22
2023-02-18 12:00:00,06,5.88,1028.74,6.72,103.8,9.53,2.91,3.62
2023-02-18 13:00:00,06,6.05,1029.86,6.18,99.1,8.32,2.85,3.56
2023-02-18 14:00:00,06,6.76,1031.13,5.74,100.87,7.42,2.44,3.05
2023-02-18 15:00:00,06,7.57,1031.74,5.01,99.98,6.61,1.77,2.38
2023-02-18 16:00:00,06,8.25,1031.24,4.11,87.84,5.6,0.99,1.5
2023-02-18 17:00:00,06,8.95,1030.66,3.35,82.53,4.92,0.29,0.8
2023-02-18 18:00:00,06,9.55,1030.19,2.45,86.48,4.02,-0.15,0.35
2023-02-18 19:00:00,06,10.05,1030.03,1.07,96.55,2.52,-0.23,0.17
2023-02-18 20:00:00,06,10.15,1030.01,0.34,111.2,1.9,0.07,0.47
2023-02-18 21:00:00,06,9.65,1030.04,0.27,106.78,1.99,0.65,1.05
2023-02-18 22:00:00,06,8.78,1030.29,0.18,153.6,1.66,1.35,1.75
2023-02-18 23:00:00,06,8.04,1031.02,0.49,294.25,1.86,1.97,2.37
2023-02-19 00:00:00,06,7.88,1031.07,1.65,308.5,2.36,2.35,2.75
2023-02-19 01:00:00,06,7.81,1030.86,2.58,294.95,3.55,2.4,2.7
2023-02-19 02:00:00,06,7.59,1031.02,3.53,284.58,4.64,2.1,2.4
2023-02-19 03:00:00,06,7.36,1031.15,4.52,273.7,5.86,1.53,1.82
2023-02-19 04:00:00,06,7.31,1030.9,4.61,268.65,6.56,0.81,1.01
2023-02-19 05:00:00,06,7.15,1030.88,4.18,262.86,6.67,0.13,0.33
2023-02-18 12:00:00,12,5.7,1028.92,6.64,103.67,9.1,2.91,3.44
2023-02-18 13:00:00,12,5.99,1030.04,6.17,98.3,7.93,2.85,3.22
2023-02-18 14:00:00,12,6.69,1031.37,5.81,100.02,7.22,2.44,2.89
2023-02-18 15:00:00,12,7.35,1031.94,5.25,96.96,6.61,1.77,2.27
2023-02-18 16:00:00,12,8.05,1031.43,4.36,83.5,5.67,0.99,1.44
2023-02-18 17:00:00,12,8.65,1030.82,3.79,76.33,5.04,0.29,0.74
2023-02-18 18:00:00,12,9.25,1030.39,2.9,75.42,4.22,-0.15,0.29
2023-02-18 19:00:00,12,9.75,1030.26,1.37,69.45,2.57,-0.23,0.1
2023-02-18 20:00:00,12,9.75,1030.15,0.85,42.23,1.97,0.07,0.4
2023-02-18 21:00:00,12,9.35,1030.27,0.69,23.61,1.74,0.65,0.98
2023-02-18 22:00:00,12,8.48,1030.58,0.49,14.35,1.64,1.35,1.67
2023-02-18 23:00:00,12,7.73,1031.16,0.88,347.58,1.57,1.97,2.29
2023-02-19 00:00:00,12,7.58,1031.31,1.89,329.28,2.21,2.35,2.56
2023-02-19 01:00:00,12,7.4,1031.09,2.78,310.15,3.32,2.4,2.61
2023-02-19 02:00:00,12,7.17,1031.38,3.52,294.44,4.26,2.1,2.31
2023-02-19 03:00:00,12,6.95,1031.5,4.26,276.07,5.44,1.53,1.73
2023-02-19 04:00:00,12,6.8,1031.56,4.2,267.73,5.86,0.81,0.91
2023-02-19 05:00:00,12,6.65,1031.13,3.96,266.24,6.14,0.13,0.22
2023-02-19 06:00:00,12,6.57,1031.21,3.67,261.53,5.78,-0.34,-0.24
2023-02-19 07:00:00,12,6.65,1030.86,3.42,269.97,5.22,-0.45,-0.36
2023-02-19 08:00:00,12,6.63,1030.87,3.58,264.57,5.49,-0.17,-0.07
2023-02-19 09:00:00,12,6.49,1030.38,3.83,266.8,5.87,0.45,0.55
2023-02-19 10:00:00,12,6.39,1030.44,3.82,262.56,6.31,1.27,1.36
2023-02-19 11:00:00,12,6.39,1030.9,3.53,253.93,6.27,2.09,2.18
2023-02-18 18:00:00,18,9.25,1030.64,2.64,83.41,4.02,-0.15,0.28
2023-02-18 19:00:00,18,9.75,1030.52,1.18,103.18,2.66,-0.23,0.13
2023-02-18 20:00:00,18,9.75,1030.33,0.77,127.24,2.12,0.07,0.21
2023-02-18 21:00:00,18,9.15,1030.32,0.84,134.78,2.14,0.65,0.67
2023-02-18 22:00:00,18,8.4,1030.41,0.79,138.7,2.0,1.35,1.26
2023-02-18 23:00:00,18,7.72,1030.95,0.34,166.0,1.73,1.97,1.9
2023-02-19 00:00:00,18,7.5,1031.11,0.9,312.23,1.55,2.35,2.29
2023-02-19 01:00:00,18,7.38,1030.92,2.01,310.66,2.34,2.4,2.36
2023-02-19 02:00:00,18,7.29,1031.27,2.47,294.38,3.11,2.1,2.08
2023-02-19 03:00:00,18,7.13,1031.28,3.34,281.15,4.45,1.53,1.52
2023-02-19 04:00:00,18,6.79,1031.24,3.87,273.58,5.23,0.81,0.82
2023-02-19 05:00:00,18,6.69,1030.75,3.81,272.17,5.39,0.13,0.15
2023-02-19 06:00:00,18,6.77,1030.83,3.52,264.87,5.18,-0.34,-0.3
2023-02-19 07:00:00,18,6.63,1030.72,3.18,270.56,4.63,-0.45,-0.4
2023-02-19 08:00:00,18,6.61,1030.61,3.17,266.0,4.8,-0.17,-0.1
2023-02-19 09:00:00,18,6.59,1030.13,3.36,273.9,5.13,0.45,0.54
2023-02-19 10:00:00,18,6.5,1030.49,3.63,264.27,5.75,1.27,1.27
2023-02-19 11:00:00,18,6.37,1030.61,3.36,263.63,5.76,2.09,2.09
2023-02-19 12:00:00,18,6.42,1031.05,3.17,262.43,5.78,2.72,2.72
2023-02-19 13:00:00,18,7.02,1030.74,3.97,266.32,6.82,3.01,3.02
2023-02-19 14:00:00,18,7.79,1031.13,4.52,255.4,7.64,2.91,2.91
2023-02-19 15:00:00,18,8.46,1030.39,5.11,257.66,8.42,2.43,2.43
2023-02-19 16:00:00,18,9.16,1029.4,5.48,252.78,8.95,1.67,1.57
2023-02-19 17:00:00,18,10.57,1028.06,5.46,247.16,9.04,0.82,0.73
2023-02-19 01:00:00,00,7.45,1030.44,2.16,298.35,2.98,2.4,2.27
2023-02-19 02:00:00,00,7.26,1030.7,2.62,282.2,3.78,2.1,1.99
2023-02-19 03:00:00,00,7.06,1030.67,3.58,273.75,5.07,1.53,1.44
2023-02-19 04:00:00,00,6.87,1030.55,3.78,268.22,5.3,0.81,0.69
2023-02-19 05:00:00,00,6.76,1030.19,3.55,264.37,5.09,0.13,0.03
2023-02-19 06:00:00,00,6.75,1030.19,3.34,257.87,5.0,-0.34,-0.42
2023-02-19 07:00:00,00,6.71,1030.15,3.06,260.98,4.62,-0.45,-0.52
2023-02-19 08:00:00,00,6.69,1029.95,3.26,258.01,4.75,-0.17,-0.21
2023-02-19 09:00:00,00,6.63,1029.23,3.26,271.27,5.03,0.45,0.33
2023-02-19 10:00:00,00,6.52,1029.97,3.59,258.33,5.84,1.27,1.16
2023-02-19 11:00:00,00,6.46,1030.1,3.24,257.72,5.63,2.09,2.0
2023-02-19 12:00:00,00,6.51,1029.93,3.4,263.19,6.4,2.72,2.65
2023-02-19 13:00:00,00,7.1,1030.05,3.91,263.05,6.93,3.01,2.97
2023-02-19 14:00:00,00,7.75,1030.28,4.42,256.18,7.8,2.91,2.88
2023-02-19 15:00:00,00,8.65,1030.16,5.06,246.75,8.73,2.43,2.32
2023-02-19 16:00:00,00,9.55,1028.5,5.7,255.44,9.48,1.67,1.58
2023-02-19 17:00:00,00,10.65,1027.42,5.35,246.22,9.03,0.82,0.63
2023-02-19 18:00:00,00,11.35,1025.68,5.24,235.53,9.29,0.09,-0.1
2023-02-19 19:00:00,00,11.37,1024.15,5.5,234.22,9.82,-0.34,-0.53
2023-02-19 20:00:00,00,10.51,1023.16,4.41,236.04,8.44,-0.35,-0.44
2023-02-19 21:00:00,00,10.38,1022.36,3.6,247.88,7.82,0.04,-0.05
2023-02-19 22:00:00,00,10.14,1021.51,3.96,270.55,8.74,0.73,0.74
2023-02-19 23:00:00,00,9.96,1021.49,3.79,270.11,8.91,1.51,1.52
2023-02-19 06:00:00,06,6.65,1030.44,3.55,255.09,5.41,-0.34,-0.47
2023-02-19 07:00:00,06,6.58,1030.43,3.26,256.21,5.14,-0.45,-0.6
2023-02-19 08:00:00,06,6.56,1030.17,3.47,252.08,5.37,-0.17,-0.31
2023-02-19 09:00:00,06,6.51,1029.42,3.48,264.16,5.55,0.45,0.36
2023-02-19 10:00:00,06,6.44,1029.96,3.76,255.02,6.43,1.27,1.15
2023-02-19 11:00:00,06,6.27,1029.95,3.5,255.12,5.98,2.09,1.89
2023-02-19 12:00:00,06,6.51,1029.88,3.77,255.76,6.66,2.72,2.54
2023-02-19 13:00:00,06,6.97,1030.05,4.16,255.68,7.2,3.01,2.85
2023-02-19 14:00:00,06,7.71,1030.17,4.9,255.63,8.23,2.91,2.77
2023-02-19 15:00:00,06,8.55,1030.33,5.35,239.09,8.93,2.43,2.3
2023-02-19 16:00:00,06,9.45,1028.67,5.71,251.47,9.4,1.67,1.46
2023-02-19 17:00:00,06,10.55,1027.7,5.33,237.67,8.93,0.82,0.63
2023-02-19 18:00:00,06,11.27,1025.77,5.03,233.36,8.93,0.09,-0.08
2023-02-19 19:00:00,06,11.25,1023.87,5.02,242.17,8.94,-0.34,-0.49
2023-02-19 20:00:00,06,10.67,1023.22,4.56,244.29,8.18,-0.35,-0.49
2023-02-19 21:00:00,06,10.34,1022.5,3.77,253.56,7.78,0.04,-0.08
2023-02-19 22:00:00,06,10.03,1021.74,4.04,270.77,8.34,0.73,0.73
2023-02-19 23:00:00,06,9.79,1021.74,4.3,274.66,9.02,1.51,1.51
2023-02-20 00:00:00,06,9.67,1021.64,4.44,276.87,9.17,2.18,2.18
2023-02-20 01:00:00,06,9.64,1021.05,3.73,271.46,8.63,2.58,2.68
2023-02-20 02:00:00,06,9.62,1020.72,4.2,252.62,9.35,2.59,2.59
2023-02-20 03:00:00,06,9.56,1019.72,4.07,250.01,10.01,2.23,2.23
2023-02-20 04:00:00,06,9.22,1019.24,4.15,233.99,10.33,1.57,1.57
2023-02-20 05:00:00,06,9.02,1018.34,3.98,225.43,10.34,0.78,0.78
2023-02-19 12:00:00,12,6.47,1029.94,3.86,252.33,6.99,2.72,2.52
2023-02-19 13:00:00,12,6.94,1030.15,4.16,250.8,7.24,3.01,2.79
2023-02-19 14:00:00,12,7.65,1030.14,4.82,252.65,8.02,2.91,2.78
2023-02-19 15:00:00,12,8.55,1030.28,5.33,236.39,8.96,2.43,2.37
2023-02-19 16:00:00,12,9.65,1028.63,5.6,247.41,9.25,1.67,1.72
2023-02-19 17:00:00,12,10.65,1027.32,5.32,240.35,9.02,0.82,0.86
2023-02-19 18:00:00,12,11.25,1025.52,5.11,235.51,8.93,0.09,0.13
2023-02-19 19:00:00,12,11.44,1023.76,5.11,242.43,9.12,-0.34,-0.3
2023-02-19 20:00:00,12,10.44,1022.91,4.5,252.7,8.21,-0.35,-0.32
2023-02-19 21:00:00,12,10.16,1022.17,4.34,265.54,8.73,0.04,0.17
2023-02-19 22:00:00,12,9.91,1021.62,4.51,260.82,9.56,0.73,0.85
2023-02-19 23:00:00,12,9.72,1021.71,4.27,265.39,9.25,1.51,1.63
2023-02-20 00:00:00,12,9.59,1021.25,4.42,272.44,9.03,2.18,2.29
2023-02-20 01:00:00,12,9.42,1020.57,4.72,263.89,9.35,2.58,2.68
2023-02-20 02:00:00,12,9.41,1020.13,3.95,258.86,8.96,2.59,2.69
2023-02-20 03:00:00,12,9.41,1019.81,3.85,252.83,9.03,2.23,2.33
2023-02-20 04:00:00,12,8.94,1019.32,3.85,234.05,10.14,1.57,1.66
2023-02-20 05:00:00,12,8.9,1018.11,4.97,232.84,11.51,0.78,0.87
2023-02-20 06:00:00,12,9.02,1017.0,4.11,231.99,10.08,0.04,0.13
2023-02-20 07:00:00,12,8.85,1017.13,4.64,220.22,11.49,-0.44,-0.35
2023-02-20 08:00:00,12,8.87,1015.97,4.78,224.73,11.63,-0.54,-0.44
2023-02-20 09:00:00,12,8.7,1015.34,5.43,229.5,12.35,-0.21,-0.12
2023-02-20 10:00:00,12,8.73,1014.88,4.84,223.27,11.2,0.47,0.56
2023-02-20 11:00:00,12,8.74,1014.63,5.27,217.83,12.34,1.34,1.43
2023-02-19 18:00:00,18,11.63,1025.53,4.58,233.79,8.16,0.09,0.29
2023-02-19 19:00:00,18,11.11,1023.79,4.79,244.72,8.1,-0.34,0.03
2023-02-19 20:00:00,18,10.4,1023.01,4.02,255.34,7.45,-0.35,0.03
2023-02-19 21:00:00,18,10.29,1022.12,3.83,266.59,7.94,0.04,0.32
2023-02-19 22:00:00,18,10.15,1021.29,4.65,265.79,10.04,0.73,0.93
2023-02-19 23:00:00,18,9.97,1021.38,4.53,263.09,9.99,1.51,1.8
2023-02-20 00:00:00,18,9.87,1021.32,4.3,262.63,10.3,2.18,2.47
2023-02-20 01:00:00,18,9.82,1020.71,4.16,254.1,10.11,2.58,2.85
2023-02-20 02:00:00,18,9.72,1020.32,4.04,247.22,10.37,2.59,2.86
2023-02-20 03:00:00,18,9.71,1019.88,4.13,242.08,10.16,2.23,2.39
2023-02-20 04:00:00,18,9.31,1019.65,4.5,226.44,11.15,1.57,1.72
2023-02-20 05:00:00,18,9.17,1018.38,4.44,228.37,11.27,0.78,0.92
2023-02-20 06:00:00,18,9.16,1017.11,4.59,235.36,11.08,0.04,0.17
2023-02-20 07:00:00,18,8.99,1016.84,4.54,221.28,11.6,-0.44,-0.32
2023-02-20 08:00:00,18,9.01,1015.71,4.83,223.11,12.04,-0.54,-0.42
2023-02-20 09:00:00,18,8.92,1015.58,4.94,219.23,11.83,-0.21,-0.1
2023-02-20 10:00:00,18,9.0,1015.03,5.06,223.65,12.22,0.47,0.57
2023-02-20 11:00:00,18,8.97,1014.32,5.32,226.64,12.42,1.34,1.44
2023-02-20 12:00:00,18,8.94,1014.01,5.5,224.03,12.33,2.18,2.28
2023-02-20 13:00:00,18,9.36,1013.68,5.51,225.45,11.68,2.8,2.9
2023-02-20 14:00:00,18,9.78,1013.3,5.7,229.82,11.06,3.05,3.15
2023-02-20 15:00:00,18,10.44,1012.7,5.2,227.59,9.69,2.87,2.97
2023-02-20 16:00:00,18,11.21,1012.3,5.16,213.75,8.53,2.31,2.41
2023-02-20 17:00:00,18,11.54,1011.01,5.31,218.71,8.5,1.49,1.58
2023-02-20 01:00:00,00,9.59,1020.22,4.13,254.47,10.6,2.58,2.65
2023-02-20 02:00:00,00,9.35,1019.41,4.83,252.68,11.97,2.59,2.63
2023-02-20 03:00:00,00,9.68,1018.86,4.78,242.28,12.22,2.23,2.4
2023-02-20 04:00:00,00,9.27,1018.59,5.07,225.77,12.92,1.57,1.76
2023-02-20 05:00:00,00,9.27,1017.61,4.56,227.98,11.63,0.78,0.96
2023-02-20 06:00:00,00,9.38,1016.64,4.86,230.6,11.86,0.04,0.31
2023-02-20 07:00:00,00,9.27,1016.08,5.28,228.56,12.52,-0.44,-0.17
2023-02-20 08:00:00,00,9.26,1015.48,4.68,218.63,11.85,-0.54,-0.38
2023-02-20 09:00:00,00,9.16,1014.76,4.76,225.5,11.75,-0.21,-0.06
2023-02-20 10:00:00,00,9.04,1014.53,5.03,223.04,12.1,0.47,0.62
2023-02-20 11:00:00,00,9.06,1014.36,5.56,223.34,13.15,1.34,1.57
2023-02-20 12:00:00,00,9.12,1013.48,4.96,222.22,11.72,2.18,2.31
2023-02-20 13:00:00,00,9.42,1013.02,5.18,228.46,11.24,2.8,2.92
2023-02-20 14:00:00,00,9.86,1012.64,5.74,228.8,11.01,3.05,3.16
2023-02-20 15:00:00,00,10.38,1012.18,5.72,225.5,10.34,2.87,2.98
2023-02-20 16:00:00,00,10.67,1011.59,5.19,223.53,9.65,2.31,2.41
2023-02-20 17:00:00,00,11.09,1010.8,5.18,220.57,9.49,1.49,1.59
2023-02-20 18:00:00,00,11.89,1009.59,5.93,202.39,9.65,0.6,0.71
2023-02-20 19:00:00,00,12.19,1009.41,5.8,193.64,10.42,-0.11,-0.01
2023-02-20 20:00:00,00,11.78,1008.6,5.25,210.86,10.39,-0.48,-0.37
2023-02-20 21:00:00,00,11.42,1008.76,5.25,187.03,10.67,-0.39,-0.19
2023-02-20 22:00:00,00,11.1,1008.85,4.71,195.21,11.09,0.11,0.31
2023-02-20 23:00:00,00,10.77,1008.36,4.64,216.48,8.74,0.88,1.08
2023-02-20 06:00:00,06,9.54,1016.52,5.31,234.02,12.32,0.04,0.26
2023-02-20 07:00:00,06,9.48,1016.07,5.5,228.18,12.85,-0.44,-0.19
2023-02-20 08:00:00,06,9.42,1015.21,4.95,220.67,12.34,-0.54,-0.26
2023-02-20 09:00:00,06,9.39,1014.27,5.15,230.13,12.34,-0.21,0.07
2023-02-20 10:00:00,06,9.41,1014.17,5.46,221.95,13.02,0.47,0.77
2023-02-20 11:00:00,06,9.27,1014.13,6.08,221.34,13.59,1.34,1.63
2023-02-20 12:00:00,06,9.34,1013.3,5.6,218.7,12.24,2.18,2.36
2023-02-20 13:00:00,06,9.66,1012.95,5.08,223.51,10.77,2.8,2.97
2023-02-20 14:00:00,06,10.14,1012.58,5.78,227.86,10.92,3.05,3.21
2023-02-20 15:00:00,06,10.91,1011.9,5.61,222.69,9.84,2.87,3.03
2023-02-20 16:00:00,06,11.28,1011.42,5.39,220.62,9.4,2.31,2.46
2023-02-20 17:00:00,06,11.58,1011.1,5.47,211.9,9.55,1.49,1.63
2023-02-20 18:00:00,06,12.2,1010.11,6.28,207.92,9.68,0.6,0.74
2023-02-20 19:00:00,06,11.93,1009.28,5.29,199.67,10.01,-0.11,0.02
2023-02-20 20:00:00,06,11.85,1008.93,6.56,205.12,12.83,-0.48,-0.26
2023-02-20 21:00:00,06,11.46,1008.78,5.74,192.68,11.42,-0.39,-0.18
2023-02-20 22:00:00,06,11.19,1008.87,5.05,187.11,10.31,0.11,0.31
2023-02-20 23:00:00,06,10.73,1008.9,4.07,203.78,8.8,0.88,1.08
2023-02-21 00:00:00,06,10.61,1009.47,4.65,210.72,9.6,1.72,1.92
2023-02-21 01:00:00,06,10.55,1008.99,5.04,217.36,10.23,2.4,2.61
2023-02-21 02:00:00,06,10.47,1008.62,3.98,208.13,9.34,2.76,3.07
2023-02-21 03:00:00,06,10.37,1008.22,3.24,211.61,7.57,2.72,3.02
2023-02-21 04:00:00,06,10.26,1008.09,2.7,212.09,6.32,2.28,2.59
2023-02-21 05:00:00,06,10.18,1006.99,3.11,254.63,6.23,1.56,1.86
2023-02-20 12:00:00,12,9.52,1013.13,5.77,221.09,12.33,2.18,2.44
2023-02-20 13:00:00,12,9.86,1012.79,5.03,223.35,10.52,2.8,3.05
2023-02-20 14:00:00,12,10.28,1012.32,5.61,228.48,10.39,3.05,3.27
2023-02-20 15:00:00,12,11.11,1011.54,5.53,223.15,9.26,2.87,3.12
2023-02-20 16:00:00,12,11.53,1011.29,5.59,219.98,9.5,2.31,2.66
2023-02-20 17:00:00,12,12.08,1010.7,5.36,213.59,9.08,1.49,1.82
2023-02-20 18:00:00,12,12.5,1010.06,6.1,201.58,9.93,0.6,0.92
2023-02-20 19:00:00,12,12.6,1009.39,5.63,190.25,10.52,-0.11,0.18
2023-02-20 20:00:00,12,11.97,1008.72,5.79,203.3,12.92,-0.48,-0.1
2023-02-20 21:00:00,12,11.87,1008.57,6.06,199.83,12.12,-0.39,-0.04
2023-02-20 22:00:00,12,11.39,1008.45,4.28,194.94,8.7,0.11,0.44
2023-02-20 23:00:00,12,11.09,1008.57,3.25,206.94,6.81,0.88,1.19
2023-02-21 00:00:00,12,10.9,1009.36,4.55,213.6,8.88,1.72,2.11
2023-02-21 01:00:00,12,10.75,1008.31,3.86,236.84,7.76,2.4,2.77
2023-02-21 02:00:00,12,10.55,1008.32,3.48,220.58,7.41,2.76,3.22
2023-02-21 03:00:00,12,10.55,1007.65,3.22,231.44,6.94,2.72,3.05
2023-02-21 04:00:00,12,10.48,1006.57,2.7,241.47,6.04,2.28,2.7
2023-02-21 05:00:00,12,10.45,1005.68,2.99,253.44,7.71,1.56,1.97
2023-02-21 06:00:00,12,10.37,1005.25,2.99,235.63,7.71,0.72,1.13
2023-02-21 07:00:00,12,10.37,1004.95,3.12,202.84,8.94,-0.03,0.48
2023-02-21 08:00:00,12,10.37,1004.18,3.3,215.92,8.76,-0.49,0.02
2023-02-21 09:00:00,12,10.3,1003.96,3.91,215.79,9.35,-0.54,-0.03
2023-02-21 10:00:00,12,10.25,1003.98,3.98,207.14,9.15,-0.16,0.35
2023-02-21 11:00:00,12,9.95,1003.85,3.88,206.88,8.46,0.56,1.07
2023-02-20 18:00:00,18,12.59,1010.19,6.39,204.27,10.38,0.6,1.09
2023-02-20 19:00:00,18,12.36,1009.29,5.91,200.83,10.89,-0.11,0.4
2023-02-20 20:00:00,18,11.78,1008.35,5.68,217.32,12.72,-0.48,0.01
2023-02-20 21:00:00,18,11.7,1008.07,6.27,214.92,12.16,-0.39,-0.09
2023-02-20 22:00:00,18,11.38,1008.38,4.44,201.09,9.17,0.11,0.33
2023-02-20 23:00:00,18,11.11,1008.33,4.13,222.65,8.26,0.88,1.11
2023-02-21 00:00:00,18,10.94,1009.2,5.46,221.76,11.14,1.72,2.06
2023-02-21 01:00:00,18,10.7,1008.33,4.62,230.25,9.81,2.4,2.75
2023-02-21 02:00:00,18,10.67,1007.95,3.84,229.1,7.85,2.76,3.12
2023-02-21 03:00:00,18,10.6,1007.51,3.18,222.59,7.07,2.72,3.08
2023-02-21 04:00:00,18,10.46,1006.48,2.91,224.38,6.32,2.28,2.66
2023-02-21 05:00:00,18,10.47,1005.56,3.11,235.36,8.69,1.56,1.94
2023-02-21 06:00:00,18,10.38,1004.35,4.45,249.55,10.9,0.72,1.21
2023-02-21 07:00:00,18,10.48,1004.1,5.52,221.45,12.58,-0.03,0.57
2023-02-21 08:00:00,18,10.48,1003.56,5.65,220.02,12.9,-0.49,0.12
2023-02-21 09:00:00,18,10.43,1003.35,5.23,214.21,11.77,-0.54,0.07
2023-02-21 10:00:00,18,10.17,1003.37,5.1,206.85,10.64,-0.16,0.36
2023-02-21 11:00:00,18,10.25,1003.35,4.68,207.25,9.92,0.56,1.18
2023-02-21 12:00:00,18,9.95,1003.79,4.13,205.39,9.21,1.44,2.06
2023-02-21 13:00:00,18,10.48,1004.51,4.19,204.83,8.86,2.25,2.88
2023-02-21 14:00:00,18,11.36,1005.31,4.73,188.33,9.16,2.82,3.44
2023-02-21 15:00:00,18,11.49,1005.25,4.61,196.16,9.05,2.99,3.61
2023-02-21 16:00:00,18,12.95,1005.3,6.51,180.86,11.28,2.73,3.45
2023-02-21 17:00:00,18,13.54,1005.14,7.17,181.36,12.61,2.1,2.72
2025-01-04 01:00:00,00,6.22,1013.84,9.75,142.79,13.21,0.39,-0.42
2025-01-04 02:00:00,00,5.84,1014.41,10.2,135.68,13.41,1.0,0.03
2025-01-04 03:00:00,00,5.44,1015.21,10.38,138.87,14.04,1.57,1.17
2025-01-04 04:00:00,00,4.94,1015.97,10.37,138.3,14.13,1.96,1.56
2025-01-04 05:00:00,00,4.63,1016.46,10.06,142.24,14.81,2.03,1.69
2025-01-04 06:00:00,00,4.45,1016.71,9.83,142.32,14.91,1.85,1.43
2025-01-04 07:00:00,00,4.25,1017.3,9.44,143.31,14.67,1.42,1.03
2025-01-04 08:00:00,00,4.25,1017.86,9.29,143.21,14.08,0.85,0.48
2025-01-04 09:00:00,00,4.15,1018.3,9.0,145.59,13.22,0.27,0.03
2025-01-04 10:00:00,00,4.15,1018.84,8.89,149.59,12.4,-0.13,-0.25
2025-01-04 11:00:00,00,4.05,1019.76,8.14,158.01,11.43,-0.25,-0.34
2025-01-04 12:00:00,00,3.95,1020.44,7.82,159.77,10.95,-0.06,-0.03
2025-01-04 13:00:00,00,4.05,1021.0,8.13,158.92,10.81,0.39,0.35
2025-01-04 14:00:00,00,4.44,1021.65,8.19,158.92,10.7,1.02,1.0
2025-01-04 15:00:00,00,4.94,1021.78,8.3,156.96,10.09,1.66,1.66
2025-01-04 16:00:00,00,5.43,1021.64,8.05,156.32,9.81,2.15,2.18
2025-01-04 17:00:00,00,5.72,1020.86,7.89,156.65,9.91,2.37,2.42
2025-01-04 18:00:00,00,5.92,1020.26,7.96,155.6,10.29,2.25,2.21
2025-01-04 19:00:00,00,5.92,1019.97,8.05,157.31,10.32,1.85,1.8
2025-01-04 20:00:00,00,5.8,1020.3,7.88,159.26,10.51,1.25,1.3
2025-01-04 21:00:00,00,5.47,1020.65,7.19,162.83,10.92,0.58,0.63
2025-01-04 22:00:00,00,4.87,1020.84,6.71,174.02,11.31,0.01,0.06
2025-01-04 23:00:00,00,4.76,1021.33,6.35,175.92,11.27,-0.31,-0.26
2025-01-04 06:00:00,06,4.44,1016.83,9.83,140.81,14.81,1.85,1.54
2025-01-04 07:00:00,06,4.26,1017.43,9.44,141.59,14.64,1.42,1.04
2025-01-04 08:00:00,06,4.15,1017.97,9.31,141.5,13.91,0.85,0.37
2025-01-04 09:00:00,06,4.05,1018.43,9.12,143.42,13.25,0.27,-0.27
2025-01-04 10:00:00,06,4.05,1018.87,9.07,144.7,12.65,-0.13,-0.71
2025-01-04 11:00:00,06,3.95,1019.76,8.4,151.27,11.81,-0.25,-0.69
2025-01-04 12:00:00,06,3.85,1020.47,7.74,156.0,11.12,-0.06,-0.46
2025-01-04 13:00:00,06,3.95,1021.13,8.24,157.73,11.05,0.39,0.14
2025-01-04 14:00:00,06,4.34,1021.64,8.14,157.19,10.65,1.02,0.8
2025-01-04 15:00:00,06,4.85,1021.9,8.26,155.93,10.11,1.66,1.39
2025-01-04 16:00:00,06,5.25,1021.72,8.02,156.61,9.79,2.15,1.92
2025-01-04 17:00:00,06,5.53,1020.85,7.85,155.74,9.73,2.37,2.18
2025-01-04 18:00:00,06,5.82,1020.34,7.83,155.95,9.95,2.25,2.11
2025-01-04 19:00:00,06,5.92,1020.03,7.77,157.64,9.99,1.85,1.75
2025-01-04 20:00:00,06,5.72,1020.38,7.9,159.62,10.24,1.25,1.19
2025-01-04 21:00:00,06,5.36,1020.75,7.28,160.9,10.82,0.58,0.56
2025-01-04 22:00:00,06,4.85,1020.96,6.58,170.67,10.91,0.01,0.03
2025-01-04 23:00:00,06,4.65,1021.51,6.15,175.36,10.98,-0.31,-0.29
2025-01-05 00:00:00,06,4.54,1021.89,6.56,172.25,10.74,-0.32,-0.4
2025-01-05 01:00:00,06,4.44,1022.38,7.83,159.2,10.67,-0.02,-0.0
2025-01-05 02:00:00,06,4.23,1022.68,7.76,150.6,10.38,0.51,0.53
2025-01-05 03:00:00,06,4.07,1022.96,7.25,151.88,10.33,1.14,1.26
2025-01-05 04:00:00,06,3.97,1023.39,6.95,156.81,10.25,1.71,1.83
2025-01-05 05:00:00,06,3.85,1023.5,6.72,156.78,10.06,2.06,2.18
2025-01-04 12:00:00,12,3.55,1020.53,7.67,158.36,11.21,-0.06,-0.63
2025-01-04 13:00:00,12,3.75,1021.18,8.19,159.07,11.11,0.39,-0.18
2025-01-04 14:00:00,12,4.07,1021.69,8.12,157.01,10.93,1.02,0.3
2025-01-04 15:00:00,12,4.64,1021.95,8.17,154.9,10.41,1.66,0.94
2025-01-04 16:00:00,12,5.05,1021.82,8.12,154.86,9.93,2.15,1.51
2025-01-04 17:00:00,12,5.34,1020.93,7.93,155.6,9.82,2.37,1.78
2025-01-04 18:00:00,12,5.62,1020.43,7.91,156.1,10.01,2.25,1.71
2025-01-04 19:00:00,12,5.62,1020.04,7.96,156.12,10.1,1.85,1.36
2025-01-04 20:00:00,12,5.39,1020.35,8.01,156.68,10.31,1.25,0.82
2025-01-04 21:00:00,12,5.14,1020.75,7.37,154.95,10.46,0.58,0.19
2025-01-04 22:00:00,12,4.56,1020.95,6.55,159.83,10.44,0.01,-0.32
2025-01-04 23:00:00,12,4.35,1021.64,6.03,163.31,10.28,-0.31,-0.59
2025-01-05 00:00:00,12,4.14,1021.99,5.86,168.96,10.21,-0.32,-0.55
2025-01-05 01:00:00,12,4.09,1022.45,6.92,164.88,10.21,-0.02,-0.2
2025-01-05 02:00:00,12,4.0,1022.79,7.64,154.14,10.1,0.51,0.39
2025-01-05 03:00:00,12,3.85,1023.06,7.07,149.64,9.97,1.14,1.17
2025-01-05 04:00:00,12,3.65,1023.37,6.68,156.49,9.8,1.71,1.78
2025-01-05 05:00:00,12,3.65,1023.44,6.76,155.57,10.16,2.06,2.14
2025-01-05 06:00:00,12,3.52,1023.29,6.73,154.84,10.25,2.11,2.19
2025-01-05 07:00:00,12,3.41,1023.73,6.11,152.74,9.83,1.87,1.95
2025-01-05 08:00:00,12,3.41,1023.93,5.77,155.35,9.44,1.41,1.49
2025-01-05 09:00:00,12,3.35,1023.8,5.58,157.97,9.24,0.85,0.93
2025-01-05 10:00:00,12,3.4,1023.81,5.51,157.89,9.2,0.31,0.39
2025-01-05 11:00:00,12,3.35,1024.23,5.53,159.94,9.23,-0.06,0.02
2025-01-04 18:00:00,18,5.83,1020.2,7.91,156.47,9.92,2.25,1.91
2025-01-04 19:00:00,18,5.83,1019.77,8.06,156.39,10.01,1.85,1.63
2025-01-04 20:00:00,18,5.66,1020.03,7.99,156.23,10.21,1.25,0.96
2025-01-04 21:00:00,18,5.35,1020.41,7.32,154.06,10.52,0.58,0.22
2025-01-04 22:00:00,18,4.76,1020.62,6.67,156.11,10.33,0.01,-0.4
2025-01-04 23:00:00,18,4.55,1021.35,6.42,152.46,10.21,-0.31,-0.69
2025-01-05 00:00:00,18,4.34,1021.8,6.13,153.85,9.71,-0.32,-0.67
2025-01-05 01:00:00,18,4.22,1022.26,6.21,155.34,9.5,-0.02,-0.35
2025-01-05 02:00:00,18,4.11,1022.54,6.65,147.78,9.31,0.51,0.32
2025-01-05 03:00:00,18,3.95,1022.85,6.22,141.6,9.13,1.14,1.08
2025-01-05 04:00:00,18,3.89,1023.15,6.12,147.41,8.94,1.71,1.67
2025-01-05 05:00:00,18,3.79,1023.11,6.28,150.88,9.3,2.06,2.05
2025-01-05 06:00:00,18,3.69,1023.13,6.46,152.32,9.4,2.11,2.13
2025-01-05 07:00:00,18,3.67,1023.58,6.1,149.57,9.24,1.87,1.92
2025-01-05 08:00:00,18,3.61,1023.95,5.96,152.05,9.14,1.41,1.5
2025-01-05 09:00:00,18,3.61,1023.9,5.82,155.71,9.22,0.85,0.86
2025-01-05 10:00:00,18,3.6,1023.83,5.69,153.34,9.07,0.31,0.35
2025-01-05 11:00:00,18,3.55,1024.3,5.69,155.65,9.11,-0.06,-0.02
2025-01-05 12:00:00,18,3.55,1024.76,5.35,157.26,8.67,-0.17,-0.13
2025-01-05 13:00:00,18,3.5,1024.69,4.86,160.86,7.95,0.0,0.04
2025-01-05 14:00:00,18,4.15,1024.98,4.81,166.69,7.93,0.45,0.49
2025-01-05 15:00:00,18,4.8,1025.04,4.64,168.93,6.78,1.04,1.08
2025-01-05 16:00:00,18,5.5,1024.55,4.67,164.02,6.72,1.63,1.68
2025-01-05 17:00:00,18,5.82,1023.42,5.0,156.82,6.8,2.08,2.22
2025-01-05 01:00:00,00,4.12,1021.82,6.24,161.41,10.03,-0.02,-0.64
2025-01-05 02:00:00,00,4.02,1022.05,6.98,150.28,9.93,0.51,-0.14
2025-01-05 03:00:00,00,3.92,1022.42,6.44,135.66,9.67,1.14,0.54
2025-01-05 04:00:00,00,3.79,1022.91,6.1,134.04,9.32,1.71,1.16
2025-01-05 05:00:00,00,3.62,1023.1,6.03,134.96,9.15,1.88,1.38
2025-01-05 06:00:00,00,3.54,1023.12,5.76,137.62,8.84,2.11,1.67
2025-01-05 07:00:00,00,3.55,1023.66,5.59,138.59,8.64,1.87,1.48
2025-01-05 08:00:00,00,3.54,1023.9,5.51,137.97,8.52,1.41,1.09
2025-01-05 09:00:00,00,3.48,1023.92,5.34,141.61,8.52,0.85,0.48
2025-01-05 10:00:00,00,3.48,1023.79,5.01,147.03,8.02,0.31,-0.0
2025-01-05 11:00:00,00,3.39,1024.3,5.16,154.9,8.45,-0.06,-0.32
2025-01-05 12:00:00,00,3.35,1024.87,5.12,156.35,8.35,-0.17,-0.37
2025-01-05 13:00:00,00,3.55,1024.75,4.76,156.68,7.86,0.0,-0.14
2025-01-05 14:00:00,00,4.1,1024.93,4.63,164.17,7.63,0.45,0.36
2025-01-05 15:00:00,00,4.8,1025.27,4.52,167.32,6.64,1.04,1.01
2025-01-05 16:00:00,00,5.37,1024.59,4.42,163.52,6.4,1.63,1.67
2025-01-05 17:00:00,00,5.8,1023.31,4.51,157.88,6.28,2.08,2.17
2025-01-05 18:00:00,00,6.1,1022.36,4.82,150.34,6.67,2.23,2.32
2025-01-05 19:00:00,00,6.22,1021.41,4.3,151.61,6.29,2.07,2.16
2025-01-05 20:00:00,00,6.15,1021.49,4.56,146.88,6.41,1.64,1.73
2025-01-05 21:00:00,00,5.77,1021.54,4.12,146.62,6.05,1.05,1.24
2025-01-05 22:00:00,00,5.23,1021.43,3.28,128.62,4.4,0.43,0.62
2025-01-05 23:00:00,00,5.32,1022.08,2.24,140.01,3.4,-0.07,0.11
2025-01-05 06:00:00,06,3.69,1022.85,5.44,134.42,8.68,2.11,1.85
2025-01-05 07:00:00,06,3.66,1023.26,5.23,136.19,8.3,1.87,1.75
2025-01-05 08:00:00,06,3.67,1023.43,5.04,134.75,8.16,1.41,1.31
2025-01-05 09:00:00,06,3.61,1023.43,4.77,138.58,7.76,0.85,0.69
2025-01-05 10:00:00,06,3.52,1023.45,4.6,145.93,7.45,0.31,0.14
2025-01-05 11:00:00,06,3.56,1024.0,4.72,152.93,7.88,-0.06,-0.2
2025-01-05 12:00:00,06,3.53,1024.65,4.95,153.49,8.13,-0.17,-0.29
2025-01-05 13:00:00,06,3.65,1024.55,4.81,151.92,7.84,0.0,-0.08
2025-01-05 14:00:00,06,4.15,1024.75,4.72,159.4,7.66,0.45,0.39
2025-01-05 15:00:00,06,4.9,1025.15,4.55,164.95,6.69,1.04,1.01
2025-01-05 16:00:00,06,5.45,1024.42,4.33,162.0,6.22,1.63,1.53
2025-01-05 17:00:00,06,5.84,1023.32,4.6,156.47,6.32,2.08,2.0
2025-01-05 18:00:00,06,6.25,1022.26,4.94,145.52,6.81,2.23,2.28
2025-01-05 19:00:00,06,6.42,1021.67,4.6,144.61,6.62,2.07,2.14
2025-01-05 20:00:00,06,6.4,1021.31,4.47,141.28,6.17,1.64,1.74
2025-01-05 21:00:00,06,5.95,1021.46,4.27,140.59,5.8,1.05,1.18
2025-01-05 22:00:00,06,5.42,1021.88,3.81,135.39,5.02,0.43,0.58
2025-01-05 23:00:00,06,5.46,1022.2,2.78,140.15,3.83,-0.07,0.08
2025-01-06 00:00:00,06,5.27,1021.9,1.66,154.1,2.4,-0.34,-0.18
2025-01-06 01:00:00,06,5.09,1021.78,1.61,173.99,2.44,-0.3,-0.14
2025-01-06 02:00:00,06,4.93,1020.87,1.62,207.86,2.1,0.05,0.21
2025-01-06 03:00:00,06,4.55,1021.67,3.0,197.86,2.67,0.62,0.78
2025-01-06 04:00:00,06,4.47,1021.95,1.7,189.27,1.8,1.26,1.42
2025-01-06 05:00:00,06,4.3,1019.39,2.37,357.86,2.55,1.82,2.07
2025-01-05 12:00:00,12,3.33,1024.42,4.5,161.2,7.46,-0.17,-0.44
2025-01-05 13:00:00,12,3.5,1024.25,4.45,160.72,7.23,0.0,-0.34
2025-01-05 14:00:00,12,4.05,1024.37,4.53,168.65,7.41,0.45,0.11
2025-01-05 15:00:00,12,4.75,1024.46,4.7,174.01,7.11,1.04,0.73
2025-01-05 16:00:00,12,5.46,1023.64,4.61,167.21,6.73,1.63,1.23
2025-01-05 17:00:00,12,5.92,1022.58,4.93,157.37,6.76,2.08,1.71
2025-01-05 18:00:00,12,6.27,1021.87,5.25,147.47,7.14,2.23,1.92
2025-01-05 19:00:00,12,6.47,1020.83,4.41,143.95,6.14,2.07,1.79
2025-01-05 20:00:00,12,6.32,1020.8,4.5,137.65,6.1,1.64,1.41
2025-01-05 21:00:00,12,5.87,1021.09,4.11,135.84,5.95,1.05,0.87
2025-01-05 22:00:00,12,5.57,1021.38,3.7,131.64,5.35,0.43,0.29
2025-01-05 23:00:00,12,5.33,1021.79,2.63,136.37,3.75,-0.07,-0.08
2025-01-06 00:00:00,12,5.17,1021.75,1.99,169.82,2.93,-0.34,-0.3
2025-01-06 01:00:00,12,4.93,1021.77,2.2,176.54,2.85,-0.3,-0.21
2025-01-06 02:00:00,12,4.79,1021.11,2.11,189.09,2.53,0.05,0.18
2025-01-06 03:00:00,12,4.59,1021.15,1.6,155.63,1.52,0.62,0.79
2025-01-06 04:00:00,12,4.59,1020.86,0.62,121.36,0.62,1.26,1.48
2025-01-06 05:00:00,12,4.6,1019.68,1.14,4.46,1.4,1.82,2.03
2025-01-06 06:00:00,12,4.57,1018.55,1.83,320.46,2.6,2.15,2.46
2025-01-06 07:00:00,12,4.47,1018.28,2.41,338.88,2.96,2.16,2.47
2025-01-06 08:00:00,12,4.38,1017.3,3.34,318.8,4.27,1.9,2.21
2025-01-06 09:00:00,12,4.05,1015.47,3.99,314.97,5.52,1.46,1.77
2025-01-06 10:00:00,12,4.07,1014.39,3.74,326.48,5.58,0.91,1.33
2025-01-06 11:00:00,12,4.08,1012.92,4.35,325.33,6.82,0.39,0.81
2025-01-05 18:00:00,18,6.45,1021.88,5.45,148.45,7.31,2.23,1.92
2025-01-05 19:00:00,18,6.6,1020.78,4.64,144.11,6.34,2.07,1.86
2025-01-05 20:00:00,18,6.52,1020.66,4.72,141.04,6.38,1.64,1.5
2025-01-05 21:00:00,18,6.02,1020.95,4.32,139.97,6.3,1.05,0.9
2025-01-05 22:00:00,18,5.65,1021.39,3.97,142.54,5.95,0.43,0.31
2025-01-05 23:00:00,18,5.33,1021.61,2.92,144.75,4.35,0.21,0.09
2025-01-06 00:00:00,18,5.21,1021.66,2.42,165.79,3.42,-0.34,-0.33
2025-01-06 01:00:00,18,5.03,1021.43,2.29,170.86,3.09,-0.3,-0.27
2025-01-06 02:00:00,18,4.93,1021.64,3.39,160.33,3.49,0.05,0.11
2025-01-06 03:00:00,18,4.59,1021.24,1.61,155.43,1.51,0.62,0.7
2025-01-06 04:00:00,18,4.57,1021.6,1.16,157.86,1.33,1.26,1.36
2025-01-06 05:00:00,18,4.67,1020.44,0.57,54.43,0.87,1.82,1.95
2025-01-06 06:00:00,18,4.67,1018.74,2.17,333.11,2.57,2.15,2.4
2025-01-06 07:00:00,18,4.7,1018.75,2.2,324.47,2.7,2.16,2.43
2025-01-06 08:00:00,18,4.6,1017.35,3.29,322.65,4.26,1.9,2.2
2025-01-06 09:00:00,18,4.38,1015.89,3.57,313.26,5.13,1.46,1.78
2025-01-06 10:00:00,18,4.27,1014.32,3.51,329.65,5.35,0.91,1.36
2025-01-06 11:00:00,18,4.32,1013.21,3.47,335.4,5.74,0.39,0.86
2025-01-06 12:00:00,18,4.41,1012.04,3.87,334.89,7.03,0.02,0.49
2025-01-06 13:00:00,18,4.51,1010.79,3.77,344.11,7.42,-0.11,0.46
2025-01-06 14:00:00,18,4.79,1010.33,3.35,355.28,6.23,0.04,0.61
2025-01-06 15:00:00,18,4.95,1008.58,3.72,353.79,7.34,0.45,1.12
2025-01-06 16:00:00,18,5.15,1006.27,5.55,333.79,8.56,1.0,1.67
2025-01-06 17:00:00,18,5.41,1004.18,4.7,315.58,7.46,1.56,2.23
2025-01-06 01:00:00,00,5.03,1021.35,2.76,178.61,3.68,-0.28,-0.43
2025-01-06 02:00:00,00,4.77,1021.61,3.52,154.89,3.7,0.09,-0.19
2025-01-06 03:00:00,00,4.59,1021.19,1.84,171.27,2.14,0.68,0.33
2025-01-06 04:00:00,00,4.47,1021.62,2.26,196.32,2.53,1.32,1.03
2025-01-06 05:00:00,00,4.44,1020.27,0.9,196.82,1.09,1.87,1.62
2025-01-06 06:00:00,00,4.49,1019.1,1.13,280.02,1.49,2.18,2.07
2025-01-06 07:00:00,00,4.5,1019.61,1.14,240.19,1.54,2.17,2.1
2025-01-06 08:00:00,00,4.4,1017.59,2.55,299.25,3.43,1.88,1.86
2025-01-06 09:00:00,00,4.25,1016.22,3.36,296.35,4.73,1.42,1.55
2025-01-06 10:00:00,00,4.19,1014.33,3.72,316.93,5.65,0.87,1.04
2025-01-06 11:00:00,00,4.29,1013.67,3.37,321.21,5.65,0.35,0.57
2025-01-06 12:00:00,00,4.38,1012.2,4.18,321.58,6.87,-0.0,0.25
2025-01-06 13:00:00,00,4.52,1010.45,4.04,323.38,8.31,-0.11,0.28
2025-01-06 14:00:00,00,4.72,1009.88,2.93,345.03,5.9,0.06,0.5
2025-01-06 15:00:00,00,4.77,1007.81,4.13,345.52,6.73,0.48,1.07
2025-01-06 16:00:00,00,4.99,1006.66,4.23,66.4,5.43,1.04,1.77
2025-01-06 17:00:00,00,5.25,1005.38,3.66,54.34,5.74,1.58,2.32
2025-01-06 18:00:00,00,5.35,1002.51,3.22,349.01,5.23,1.97,2.8
2025-01-06 19:00:00,00,5.43,1000.45,2.93,326.46,3.71,2.06,2.79
2025-01-06 20:00:00,00,5.51,1000.49,1.27,138.11,1.94,1.84,2.58
2025-01-06 21:00:00,00,5.51,999.76,4.22,106.99,5.71,1.42,2.35
2025-01-06 22:00:00,00,5.31,999.61,5.11,96.69,7.82,0.86,1.9
2025-01-06 23:00:00,00,5.32,999.79,4.76,94.79,7.66,0.29,1.52
2025-01-06 06:00:00,06,4.53,1019.25,1.01,299.36,1.33,2.18,2.09
2025-01-06 07:00:00,06,4.5,1019.76,0.84,254.65,1.2,2.17,2.14
2025-01-06 08:00:00,06,4.47,1017.88,2.41,314.81,3.2,1.88,1.94
2025-01-06 09:00:00,06,4.38,1016.6,3.13,308.09,4.31,1.42,1.57
2025-01-06 10:00:00,06,4.29,1014.68,4.03,315.29,5.7,0.87,1.18
2025-01-06 11:00:00,06,4.39,1013.92,3.48,317.3,5.66,0.35,0.67
2025-01-06 12:00:00,06,4.52,1012.25,4.04,328.93,6.75,-0.0,0.32
2025-01-06 13:00:00,06,4.71,1010.69,4.2,326.91,7.94,-0.11,0.31
2025-01-06 14:00:00,06,5.04,1010.48,2.33,355.5,4.94,0.06,0.59
2025-01-06 15:00:00,06,4.99,1008.81,2.91,347.56,5.21,0.48,1.12
2025-01-06 16:00:00,06,5.22,1006.02,3.38,13.26,6.6,1.04,1.69
2025-01-06 17:00:00,06,5.46,1005.51,5.78,84.36,7.1,1.58,2.24
2025-01-06 18:00:00,06,5.55,1002.79,3.87,12.31,6.19,1.97,2.73
2025-01-06 19:00:00,06,5.57,1001.01,2.88,341.0,3.76,2.06,2.83
2025-01-06 20:00:00,06,5.73,1000.15,1.2,66.06,1.66,1.84,2.62
2025-01-06 21:00:00,06,5.87,1000.24,2.86,118.88,4.24,1.42,2.31
2025-01-06 22:00:00,06,5.69,999.87,5.76,93.86,8.38,0.86,1.86
2025-01-06 23:00:00,06,5.57,999.99,5.7,88.62,8.45,0.29,1.49
2025-01-07 00:00:00,06,5.46,1000.96,6.6,107.97,9.0,-0.15,1.14
2025-01-07 01:00:00,06,5.02,1003.12,8.06,116.77,11.78,-0.35,1.04
2025-01-07 02:00:00,06,4.66,1004.45,8.23,102.89,12.0,-0.24,1.26
2025-01-07 03:00:00,06,4.47,1005.93,8.13,110.47,12.39,0.16,1.76
2025-01-07 04:00:00,06,4.27,1007.01,8.37,114.72,12.52,0.76,2.26
2025-01-07 05:00:00,06,4.09,1008.2,9.34,116.17,13.32,1.41,2.8
2025-01-06 12:00:00,12,4.62,1012.08,4.2,333.56,6.93,-0.0,0.25
2025-01-06 13:00:00,12,4.81,1010.48,4.56,329.28,8.41,-0.11,0.21
2025-01-06 14:00:00,12,5.21,1010.15,2.7,2.57,5.74,0.06,0.42
2025-01-06 15:00:00,12,5.19,1008.25,3.41,354.39,6.09,0.48,1.01
2025-01-06 16:00:00,12,5.41,1005.85,3.11,20.4,5.92,1.04,1.55
2025-01-06 17:00:00,12,5.64,1005.17,3.78,80.99,6.02,1.27,1.83
2025-01-06 18:00:00,12,5.78,1002.0,3.02,1.42,4.6,1.97,2.55
2025-01-06 19:00:00,12,5.88,1000.49,1.59,41.08,1.56,2.06,2.65
2025-01-06 20:00:00,12,5.93,1000.41,3.23,135.34,6.06,1.84,2.46
2025-01-06 21:00:00,12,5.93,999.44,5.93,95.05,8.7,1.42,2.15
2025-01-06 22:00:00,12,5.57,999.81,6.8,92.12,9.33,0.86,1.81
2025-01-06 23:00:00,12,5.37,1000.62,7.07,95.11,9.69,0.29,1.35
2025-01-07 00:00:00,12,5.21,1002.5,7.7,112.09,10.07,-0.15,1.02
2025-01-07 01:00:00,12,4.86,1004.25,7.68,115.54,11.09,-0.35,1.04
2025-01-07 02:00:00,12,4.66,1005.55,7.65,110.15,11.4,-0.24,1.17
2025-01-07 03:00:00,12,4.48,1006.83,8.47,117.76,12.25,0.16,1.59
2025-01-07 04:00:00,12,4.22,1007.74,8.48,118.81,13.01,0.76,2.1
2025-01-07 05:00:00,12,4.04,1008.78,9.66,117.16,13.9,1.41,2.67
2025-01-07 06:00:00,12,4.07,1009.4,9.67,111.09,14.51,1.95,3.1
2025-01-07 07:00:00,12,3.96,1010.63,9.33,118.19,14.7,2.23,3.48
2025-01-07 08:00:00,12,3.9,1012.19,9.73,116.39,14.74,2.2,3.56
2025-01-07 09:00:00,12,3.5,1013.37,10.0,119.4,14.5,1.94,3.49
2025-01-07 10:00:00,12,3.4,1014.19,9.36,121.56,14.14,1.51,3.07
2025-01-07 11:00:00,12,3.05,1015.57,9.22,119.93,15.26,0.98,2.33
2025-01-06 18:00:00,18,5.75,1002.05,1.97,347.84,2.59,1.97,2.52
2025-01-06 19:00:00,18,5.89,1000.1,2.64,84.86,2.53,2.06,2.67
2025-01-06 20:00:00,18,5.93,1000.55,4.75,107.03,7.56,1.84,2.52
2025-01-06 21:00:00,18,5.71,999.99,7.17,85.16,9.4,1.42,2.43
2025-01-06 22:00:00,18,5.34,1000.56,7.44,88.9,9.88,0.86,1.96
2025-01-06 23:00:00,18,5.17,1001.46,7.82,93.86,10.27,0.29,1.49
2025-01-07 00:00:00,18,4.96,1003.04,7.82,109.88,10.32,-0.15,1.14
2025-01-07 01:00:00,18,4.69,1004.68,7.67,117.69,11.15,-0.35,1.05
2025-01-07 02:00:00,18,4.45,1005.97,7.82,113.8,11.91,-0.24,1.16
2025-01-07 03:00:00,18,4.25,1007.38,8.45,116.28,12.42,0.16,1.47
2025-01-07 04:00:00,18,4.1,1008.38,8.71,118.78,13.1,0.76,2.07
2025-01-07 05:00:00,18,4.0,1009.39,9.46,116.56,13.64,1.41,2.62
2025-01-07 06:00:00,18,4.04,1010.02,9.59,109.06,14.44,1.95,3.15
2025-01-07 07:00:00,18,4.01,1011.1,8.82,118.48,14.5,2.23,3.44
2025-01-07 08:00:00,18,3.86,1012.62,9.85,117.37,14.82,2.2,3.61
2025-01-07 09:00:00,18,3.4,1013.78,10.25,117.34,14.73,1.94,3.45
2025-01-07 10:00:00,18,3.26,1014.64,9.37,121.15,14.64,1.51,2.93
2025-01-07 11:00:00,18,2.9,1016.1,9.31,119.39,15.62,0.98,2.29
2025-01-07 12:00:00,18,2.9,1017.48,9.08,123.59,15.65,0.46,1.57
2025-01-07 13:00:00,18,3.0,1018.13,8.97,124.63,16.04,0.08,1.09
2025-01-07 14:00:00,18,3.4,1018.74,8.93,125.82,16.14,-0.06,0.95
2025-01-07 15:00:00,18,3.9,1019.38,8.96,125.43,15.64,0.07,1.08
2025-01-07 16:00:00,18,4.31,1019.75,8.78,128.42,14.18,0.44,1.46
2025-01-07 17:00:00,18,4.66,1019.09,8.71,128.39,13.52,0.96,1.88
2025-01-07 01:00:00,00,4.81,1004.94,7.79,120.92,11.22,-0.35,1.05
2025-01-07 02:00:00,00,4.56,1006.28,8.01,118.71,11.92,-0.24,1.06
2025-01-07 03:00:00,00,4.38,1007.64,8.52,118.22,12.83,0.16,1.2
2025-01-07 04:00:00,00,4.16,1008.6,8.99,121.02,13.48,0.76,1.56
2025-01-07 05:00:00,00,4.14,1009.54,9.58,118.73,13.92,1.02,1.74
2025-01-07 06:00:00,00,4.15,1010.13,9.63,113.59,14.53,1.95,2.6
2025-01-07 07:00:00,00,4.1,1011.14,9.6,115.21,14.48,2.23,2.92
2025-01-07 08:00:00,00,3.95,1012.7,9.92,115.93,14.54,2.2,3.13
2025-01-07 09:00:00,00,3.66,1013.92,10.12,115.27,14.27,1.94,3.1
2025-01-07 10:00:00,00,3.4,1014.96,9.27,119.86,14.3,1.51,2.71
2025-01-07 11:00:00,00,3.05,1016.45,9.16,118.94,15.41,0.98,2.02
2025-01-07 12:00:00,00,3.05,1017.77,8.95,123.13,15.12,0.46,1.33
2025-01-07 13:00:00,00,3.2,1018.36,8.88,125.72,15.06,0.08,0.99
2025-01-07 14:00:00,00,3.64,1018.97,8.86,127.02,14.81,-0.06,0.89
2025-01-07 15:00:00,00,4.21,1019.62,8.83,125.68,14.12,0.07,1.06
2025-01-07 16:00:00,00,4.66,1019.87,8.73,126.65,13.14,0.44,1.37
2025-01-07 17:00:00,00,4.96,1019.13,8.63,127.81,12.32,0.96,1.82
2025-01-07 18:00:00,00,5.31,1018.86,8.33,131.82,11.81,1.47,2.34
2025-01-07 19:00:00,00,5.35,1018.79,8.0,132.61,12.11,1.82,2.68
2025-01-07 20:00:00,00,5.16,1019.37,7.56,132.73,12.06,1.88,2.75
2025-01-07 21:00:00,00,4.76,1020.13,7.27,139.56,12.81,1.69,2.56
2025-01-07 22:00:00,00,4.22,1020.54,6.9,142.76,11.12,1.31,2.17
2025-01-07 23:00:00,00,4.05,1021.22,6.11,147.47,10.53,0.8,1.56
2025-01-07 06:00:00,06,4.16,1010.28,9.44,115.15,14.48,1.95,2.81
2025-01-07 07:00:00,06,4.16,1011.25,9.71,116.84,14.51,2.23,3.3
2025-01-07 08:00:00,06,4.14,1012.72,9.89,115.5,14.1,2.2,3.4
2025-01-07 09:00:00,06,3.9,1014.05,10.35,114.14,13.72,1.94,3.12
2025-01-07 10:00:00,06,3.65,1015.19,9.43,118.18,13.6,1.51,2.76
2025-01-07 11:00:00,06,3.05,1016.85,9.17,119.21,14.71,1.3,2.58
2025-01-07 12:00:00,06,3.05,1018.31,9.04,120.8,14.63,0.46,1.63
2025-01-07 13:00:00,06,3.2,1018.76,9.03,123.72,14.67,0.08,1.14
2025-01-07 14:00:00,06,3.66,1019.21,9.06,124.94,14.68,-0.06,1.0
2025-01-07 15:00:00,06,4.15,1019.82,9.03,124.57,14.52,0.07,1.02
2025-01-07 16:00:00,06,4.59,1020.08,8.78,125.36,12.74,0.44,1.29
2025-01-07 17:00:00,06,4.95,1019.47,8.73,126.19,12.41,0.96,1.81
2025-01-07 18:00:00,06,5.25,1019.17,8.32,129.94,12.07,1.47,2.31
2025-01-07 19:00:00,06,5.35,1019.12,8.07,130.21,11.88,1.82,2.65
2025-01-07 20:00:00,06,5.16,1019.65,7.78,129.43,12.72,1.88,2.72
2025-01-07 21:00:00,06,4.76,1020.51,7.51,134.82,12.81,1.69,2.52
2025-01-07 22:00:00,06,4.3,1020.75,7.05,135.5,11.61,1.31,2.13
2025-01-07 23:00:00,06,4.13,1021.54,6.05,140.32,11.21,0.8,1.51
2025-01-08 00:00:00,06,4.1,1022.08,5.57,141.52,10.93,0.25,0.97
2025-01-08 01:00:00,06,3.93,1022.86,5.21,134.31,10.33,-0.17,0.45
2025-01-08 02:00:00,06,3.89,1022.98,5.38,125.83,9.81,-0.34,0.18
2025-01-08 03:00:00,06,3.94,1023.37,5.92,124.51,10.18,-0.21,0.31
2025-01-08 04:00:00,06,3.88,1023.59,6.05,120.28,10.68,0.2,0.72
2025-01-08 05:00:00,06,3.84,1023.42,6.22,117.78,10.98,0.8,1.32
2025-01-07 12:00:00,12,2.86,1018.01,9.01,120.72,14.47,0.46,1.53
2025-01-07 13:00:00,12,3.06,1018.51,8.96,123.4,14.44,0.08,1.14
2025-01-07 14:00:00,12,3.65,1018.98,9.18,123.62,14.51,-0.06,0.9
2025-01-07 15:00:00,12,4.04,1019.63,9.33,122.27,14.1,0.07,0.9
2025-01-07 16:00:00,12,4.47,1019.86,9.15,122.38,13.43,0.44,1.08
2025-01-07 17:00:00,12,4.96,1019.23,9.09,122.1,13.31,0.96,1.61
2025-01-07 18:00:00,12,5.15,1018.97,8.63,124.44,12.4,1.47,2.13
2025-01-07 19:00:00,12,5.09,1018.9,8.22,127.5,12.7,1.82,2.49
2025-01-07 20:00:00,12,4.96,1019.33,8.03,127.3,12.71,1.88,2.47
2025-01-07 21:00:00,12,4.66,1020.33,7.86,130.9,12.7,1.69,2.29
2025-01-07 22:00:00,12,4.19,1020.74,7.65,129.26,12.2,1.31,1.92
2025-01-07 23:00:00,12,4.09,1021.66,6.57,129.55,11.81,0.8,1.42
2025-01-08 00:00:00,12,3.94,1022.29,6.04,129.61,11.2,0.25,0.79
2025-01-08 01:00:00,12,3.79,1022.99,6.12,127.16,10.85,-0.17,0.39
2025-01-08 02:00:00,12,3.74,1023.14,6.26,123.48,10.71,-0.34,0.13
2025-01-08 03:00:00,12,3.68,1023.39,6.31,124.9,11.14,-0.21,0.17
2025-01-08 04:00:00,12,3.62,1023.67,6.78,122.67,12.15,0.2,0.59
2025-01-08 05:00:00,12,3.67,1023.45,7.42,119.5,12.81,0.8,1.2
2025-01-08 06:00:00,12,3.56,1023.27,7.39,118.58,12.77,1.45,1.84
2025-01-08 07:00:00,12,3.46,1023.36,7.15,116.41,12.32,1.98,2.37
2025-01-08 08:00:00,12,3.37,1023.3,6.58,118.12,11.33,2.25,2.65
2025-01-08 09:00:00,12,3.27,1023.24,5.8,122.01,10.05,2.25,2.65
2025-01-08 10:00:00,12,3.31,1023.11,5.35,121.17,8.48,2.03,2.42
2025-01-08 11:00:00,12,3.3,1023.16,4.99,116.68,7.17,1.63,2.02
2025-01-07 18:00:00,18,4.66,1018.92,8.54,126.33,12.53,1.47,1.85
2025-01-07 19:00:00,18,4.67,1018.88,8.15,130.1,12.45,1.82,2.08
2025-01-07 20:00:00,18,4.66,1019.27,8.05,129.7,12.83,1.88,2.12
2025-01-07 21:00:00,18,4.25,1020.25,7.83,133.35,12.66,1.69,2.02
2025-01-07 22:00:00,18,3.78,1020.78,7.76,130.37,12.0,1.31,1.63
2025-01-07 23:00:00,18,3.63,1021.84,7.13,127.14,12.01,0.8,1.14
2025-01-08 00:00:00,18,3.54,1022.47,7.6,122.53,12.51,0.25,0.51
2025-01-08 01:00:00,18,3.44,1023.16,7.88,122.94,12.89,-0.17,0.11
2025-01-08 02:00:00,18,3.34,1023.35,7.73,122.0,13.0,-0.34,-0.14
2025-01-08 03:00:00,18,3.24,1023.73,7.91,122.5,13.21,-0.21,0.01
2025-01-08 04:00:00,18,3.14,1023.76,7.81,119.73,13.24,0.2,0.44
2025-01-08 05:00:00,18,3.12,1023.49,7.51,116.71,13.61,0.8,1.06
2025-01-08 06:00:00,18,3.02,1023.36,7.56,115.65,13.7,1.45,1.73
2025-01-08 07:00:00,18,3.02,1023.47,7.46,114.68,13.12,1.98,2.27
2025-01-08 08:00:00,18,2.97,1023.48,7.06,115.61,12.41,2.25,2.57
2025-01-08 09:00:00,18,2.91,1023.45,6.32,120.06,11.23,2.25,2.59
2025-01-08 10:00:00,18,2.84,1023.34,5.83,121.02,9.73,2.03,2.28
2025-01-08 11:00:00,18,2.78,1023.33,5.27,118.05,8.01,1.63,1.88
2025-01-08 12:00:00,18,2.78,1023.66,4.3,121.97,6.1,1.09,1.35
2025-01-08 13:00:00,18,2.88,1023.6,3.62,125.02,4.79,0.55,0.71
2025-01-08 14:00:00,18,3.38,1023.47,3.02,133.04,4.18,0.14,0.3
2025-01-08 15:00:00,18,3.95,1023.55,2.81,148.75,4.01,-0.04,0.11
2025-01-08 16:00:00,18,4.42,1023.05,2.96,152.87,4.07,0.04,0.19
2025-01-08 17:00:00,18,4.74,1021.66,2.97,156.39,4.16,0.37,0.53
2025-01-08 01:00:00,00,3.34,1022.61,7.21,124.71,11.97,-0.17,-0.11
2025-01-08 02:00:00,00,3.24,1022.84,7.61,124.15,12.43,-0.34,-0.34
2025-01-08 03:00:00,00,3.23,1023.34,8.02,126.14,12.61,-0.21,-0.29
2025-01-08 04:00:00,00,3.02,1023.56,7.47,120.53,12.95,0.2,0.09
2025-01-08 05:00:00,00,2.9,1023.41,7.57,117.28,13.53,0.8,0.72
2025-01-08 06:00:00,00,2.8,1023.28,7.79,115.21,13.81,1.45,1.4
2025-01-08 07:00:00,00,2.8,1023.42,7.73,114.52,13.85,1.98,1.95
2025-01-08 08:00:00,00,2.7,1023.43,7.81,113.57,13.81,2.25,2.25
2025-01-08 09:00:00,00,2.7,1023.44,7.83,114.22,13.73,2.25,2.28
2025-01-08 10:00:00,00,2.69,1023.25,7.85,110.55,13.51,2.03,2.09
2025-01-08 11:00:00,00,2.68,1023.28,7.61,107.37,12.74,1.63,1.71
2025-01-08 12:00:00,00,2.64,1023.62,6.59,109.7,11.33,1.09,1.21
2025-01-08 13:00:00,00,2.71,1023.69,5.6,113.96,9.74,0.55,0.59
2025-01-08 14:00:00,00,3.17,1023.74,4.55,122.93,7.62,0.14,0.21
2025-01-08 15:00:00,00,3.74,1023.92,3.5,142.13,5.32,-0.04,0.05
2025-01-08 16:00:00,00,4.25,1023.35,3.29,152.42,4.55,0.04,0.06
2025-01-08 17:00:00,00,4.56,1021.78,3.46,152.7,4.78,0.37,0.4
2025-01-08 18:00:00,00,4.76,1020.05,3.79,147.06,5.53,0.86,0.89
2025-01-08 19:00:00,00,4.59,1018.78,3.77,152.51,5.67,1.35,1.37
2025-01-08 20:00:00,00,4.54,1018.41,4.34,150.88,6.03,1.68,1.7
2025-01-08 21:00:00,00,4.06,1018.16,4.87,141.2,6.21,1.76,1.79
2025-01-08 22:00:00,00,3.55,1018.03,5.95,129.22,6.85,1.61,1.74
2025-01-08 23:00:00,00,3.21,1018.63,6.45,124.32,8.58,1.27,1.39
2025-01-08 06:00:00,06,2.69,1023.16,7.54,115.95,13.5,1.45,1.35
2025-01-08 07:00:00,06,2.7,1023.34,7.53,115.6,13.74,1.98,1.94
2025-01-08 08:00:00,06,2.65,1023.35,7.66,115.26,13.81,2.25,2.25
2025-01-08 09:00:00,06,2.65,1023.29,7.77,116.51,13.8,2.25,2.31
2025-01-08 10:00:00,06,2.54,1023.26,8.01,113.35,13.93,2.03,2.13
2025-01-08 11:00:00,06,2.62,1023.3,8.32,110.38,13.88,1.89,2.04
2025-01-08 12:00:00,06,2.57,1023.61,8.06,110.41,13.66,1.09,1.24
2025-01-08 13:00:00,06,2.67,1023.76,7.74,110.93,13.02,0.55,0.7
2025-01-08 14:00:00,06,3.14,1023.76,7.4,112.57,12.16,0.14,0.28
2025-01-08 15:00:00,06,3.64,1023.87,7.01,114.3,10.62,-0.04,0.09
2025-01-08 16:00:00,06,4.15,1023.29,6.11,116.22,8.22,0.04,0.07
2025-01-08 17:00:00,06,4.42,1021.76,4.65,127.61,6.31,0.37,0.4
2025-01-08 18:00:00,06,4.55,1020.23,3.56,155.78,5.42,0.86,0.89
2025-01-08 19:00:00,06,4.62,1018.97,3.97,161.94,6.08,1.35,1.37
2025-01-08 20:00:00,06,4.45,1018.72,5.19,155.85,6.76,1.68,1.7
2025-01-08 21:00:00,06,4.05,1018.3,5.62,146.52,6.73,1.76,1.78
2025-01-08 22:00:00,06,3.37,1018.2,5.55,130.31,6.65,1.61,1.62
2025-01-08 23:00:00,06,3.15,1018.45,6.11,115.43,8.11,1.27,1.27
2025-01-09 00:00:00,06,3.01,1018.85,5.84,127.44,9.25,0.77,0.78
2025-01-09 01:00:00,06,2.85,1018.43,5.0,135.31,8.57,0.24,0.14
2025-01-09 02:00:00,06,2.85,1018.11,5.33,139.32,8.72,-0.17,-0.26
2025-01-09 03:00:00,06,2.89,1017.78,5.59,121.14,8.32,-0.34,-0.43
2025-01-09 04:00:00,06,2.8,1017.98,5.88,110.21,8.73,-0.22,-0.31
2025-01-09 05:00:00,06,2.75,1017.91,6.4,123.93,9.58,0.2,0.2
2025-01-08 12:00:00,12,2.59,1023.53,7.91,110.73,13.23,1.09,1.19
2025-01-08 13:00:00,12,2.78,1023.74,7.73,112.24,12.71,0.55,0.6
2025-01-08 14:00:00,12,3.24,1023.68,7.68,113.83,12.26,0.14,0.19
2025-01-08 15:00:00,12,3.74,1023.66,7.47,115.25,11.03,-0.04,-0.01
2025-01-08 16:00:00,12,4.19,1023.1,7.09,114.2,9.5,0.04,-0.08
2025-01-08 17:00:00,12,4.42,1021.51,6.2,116.72,7.92,0.37,0.27
2025-01-08 18:00:00,12,4.57,1020.03,4.98,130.22,6.61,0.86,0.86
2025-01-08 19:00:00,12,4.59,1018.75,3.92,156.19,5.87,1.35,1.36
2025-01-08 20:00:00,12,4.4,1018.49,5.04,158.9,6.42,1.68,1.6
2025-01-08 21:00:00,12,3.97,1018.34,5.99,149.06,6.69,1.76,1.79
2025-01-08 22:00:00,12,3.33,1018.47,5.88,140.85,7.56,1.61,1.66
2025-01-08 23:00:00,12,3.09,1018.69,6.1,132.08,8.55,1.27,1.32
2025-01-09 00:00:00,12,2.92,1018.84,5.49,131.89,9.11,0.77,0.73
2025-01-09 01:00:00,12,3.04,1018.51,5.4,142.85,9.06,0.24,0.21
2025-01-09 02:00:00,12,2.95,1018.16,5.6,146.6,9.14,-0.17,-0.29
2025-01-09 03:00:00,12,2.98,1017.88,5.93,126.55,9.22,-0.34,-0.45
2025-01-09 04:00:00,12,2.95,1017.9,6.16,119.69,9.93,-0.22,-0.32
2025-01-09 05:00:00,12,2.75,1017.86,6.43,123.7,10.54,0.2,0.2
2025-01-09 06:00:00,12,2.67,1017.71,6.87,126.39,11.84,0.81,0.81
2025-01-09 07:00:00,12,2.56,1018.05,7.75,129.13,12.58,1.45,1.45
2025-01-09 08:00:00,12,2.48,1018.25,8.16,131.64,13.5,1.98,1.98
2025-01-09 09:00:00,12,2.35,1018.3,8.52,132.19,14.97,2.28,2.18
2025-01-09 10:00:00,12,2.35,1018.35,8.45,133.09,15.57,2.33,2.23
2025-01-09 11:00:00,12,2.3,1018.85,8.17,138.8,15.48,2.14,1.94
2025-01-08 18:00:00,18,4.36,1019.82,5.34,132.07,6.94,0.86,0.77
2025-01-08 19:00:00,18,4.29,1018.48,4.33,154.58,6.26,1.35,1.2
2025-01-08 20:00:00,18,4.11,1018.19,5.47,156.95,6.77,1.68,1.56
2025-01-08 21:00:00,18,3.64,1018.12,6.38,148.57,7.14,1.76,1.69
2025-01-08 22:00:00,18,3.03,1018.38,6.3,143.99,8.08,1.61,1.62
2025-01-08 23:00:00,18,2.77,1018.53,6.05,141.1,8.92,1.27,1.28
2025-01-09 00:00:00,18,2.78,1018.44,5.34,137.03,8.81,0.77,0.69
2025-01-09 01:00:00,18,2.75,1018.17,5.54,142.22,8.93,0.24,0.17
2025-01-09 02:00:00,18,2.75,1017.95,5.95,130.9,9.21,-0.17,-0.23
2025-01-09 03:00:00,18,2.77,1017.83,6.47,114.64,9.62,-0.34,-0.4
2025-01-09 04:00:00,18,2.65,1018.0,6.9,110.94,10.46,-0.22,-0.27
2025-01-09 05:00:00,18,2.47,1017.93,7.05,118.84,12.56,0.2,0.26
2025-01-09 06:00:00,18,2.35,1017.79,7.6,123.67,13.24,0.81,0.97
2025-01-09 07:00:00,18,2.24,1018.0,7.5,128.59,13.3,1.45,1.52
2025-01-09 08:00:00,18,2.11,1018.21,7.72,133.93,13.81,1.98,1.96
2025-01-09 09:00:00,18,2.15,1018.45,8.29,134.87,15.07,2.28,2.17
2025-01-09 10:00:00,18,2.15,1018.36,8.48,133.98,15.55,2.33,2.22
2025-01-09 11:00:00,18,2.1,1018.87,8.27,136.43,15.61,2.14,1.93
2025-01-09 12:00:00,18,2.02,1019.31,7.7,141.72,15.22,1.74,1.53
2025-01-09 13:00:00,18,1.98,1019.93,7.9,148.22,15.03,1.19,0.98
2025-01-09 14:00:00,18,2.45,1020.22,8.33,144.24,15.49,0.62,0.32
2025-01-09 15:00:00,18,2.99,1020.31,9.05,137.27,14.59,0.17,-0.14
2025-01-09 16:00:00,18,3.41,1020.32,9.35,134.68,12.9,-0.06,-0.37
2025-01-09 17:00:00,18,3.75,1019.51,9.05,134.81,12.22,-0.02,-0.32
2025-01-09 01:00:00,00,2.75,1017.72,5.74,147.38,9.11,0.24,0.07
2025-01-09 02:00:00,00,2.76,1017.32,6.17,140.75,9.61,-0.17,-0.42
2025-01-09 03:00:00,00,2.8,1017.1,6.78,117.22,10.02,-0.34,-0.63
2025-01-09 04:00:00,00,2.65,1017.45,7.95,115.02,10.72,-0.22,-0.46
2025-01-09 05:00:00,00,2.57,1017.63,8.48,119.84,12.51,-0.08,-0.3
2025-01-09 06:00:00,00,2.32,1017.55,8.34,122.29,13.31,0.81,0.71
2025-01-09 07:00:00,00,2.16,1017.84,8.46,124.8,13.71,1.45,1.28
2025-01-09 08:00:00,00,2.1,1018.01,8.73,127.52,14.13,1.98,1.74
2025-01-09 09:00:00,00,1.99,1018.21,8.73,131.32,14.82,2.28,2.06
2025-01-09 10:00:00,00,2.05,1018.3,8.45,135.1,14.95,2.33,2.13
2025-01-09 11:00:00,00,1.95,1018.8,8.46,138.09,15.28,2.14,1.87
2025-01-09 12:00:00,00,1.95,1019.15,8.04,145.34,15.14,1.74,1.5
2025-01-09 13:00:00,00,2.08,1019.92,8.38,153.2,15.22,1.19,0.87
2025-01-09 14:00:00,00,2.49,1019.99,8.43,146.95,15.41,0.62,0.23
2025-01-09 15:00:00,00,2.99,1020.01,9.04,139.9,14.37,0.17,-0.2
2025-01-09 16:00:00,00,3.45,1019.93,9.3,135.06,12.86,-0.06,-0.41
2025-01-09 17:00:00,00,3.75,1019.21,9.12,135.97,12.42,-0.02,-0.34
2025-01-09 18:00:00,00,3.95,1018.7,8.93,140.46,12.31,0.29,-0.03
2025-01-09 19:00:00,00,3.82,1018.4,8.66,139.1,12.42,0.76,0.44
2025-01-09 20:00:00,00,3.65,1018.59,8.44,139.03,12.9,1.24,0.92
2025-01-09 21:00:00,00,3.25,1018.73,8.15,137.16,13.2,1.59,1.27
2025-01-09 22:00:00,00,2.69,1018.67,7.9,135.38,12.88,1.72,1.4
2025-01-09 23:00:00,00,2.59,1019.49,7.38,138.79,12.8,1.61,1.28
2025-01-09 06:00:00,06,2.05,1017.43,8.18,121.06,12.6,0.81,0.74
2025-01-09 07:00:00,06,1.96,1017.66,8.28,123.44,13.11,1.45,1.41
2025-01-09 08:00:00,06,1.95,1017.84,8.52,126.08,13.63,1.98,1.93
2025-01-09 09:00:00,06,1.85,1017.99,8.69,129.87,14.57,2.28,2.22
2025-01-09 10:00:00,06,1.88,1018.2,8.66,133.42,14.83,2.33,2.2
2025-01-09 11:00:00,06,1.87,1018.77,8.84,134.05,15.38,2.14,1.92
2025-01-09 12:00:00,06,1.75,1019.15,8.32,142.07,15.34,1.74,1.43
2025-01-09 13:00:00,06,1.88,1019.91,8.51,149.17,15.54,1.19,0.89
2025-01-09 14:00:00,06,2.25,1020.08,8.67,144.92,15.62,0.62,0.23
2025-01-09 15:00:00,06,2.75,1020.05,9.17,138.97,14.48,0.17,-0.21
2025-01-09 16:00:00,06,3.25,1019.93,9.26,133.41,12.72,-0.06,-0.44
2025-01-09 17:00:00,06,3.45,1019.27,8.98,136.2,12.11,-0.02,-0.38
2025-01-09 18:00:00,06,3.65,1018.83,8.85,139.5,12.0,0.29,-0.06
2025-01-09 19:00:00,06,3.65,1018.52,8.59,137.29,12.12,0.76,0.41
2025-01-09 20:00:00,06,3.52,1018.77,8.24,139.57,12.1,1.24,0.9
2025-01-09 21:00:00,06,3.11,1018.91,7.97,138.9,13.11,1.59,1.26
2025-01-09 22:00:00,06,2.47,1018.8,7.76,133.14,12.71,1.72,1.4
2025-01-09 23:00:00,06,2.42,1019.64,7.47,133.95,12.75,1.61,1.28
2025-01-10 00:00:00,06,2.35,1019.98,7.62,125.57,13.42,1.28,0.95
2025-01-10 01:00:00,06,2.17,1020.53,7.81,125.84,13.58,0.78,0.46
2025-01-10 02:00:00,06,2.1,1020.75,7.46,129.03,13.3,0.24,-0.08
2025-01-10 03:00:00,06,2.07,1021.36,7.39,134.65,13.22,-0.18,-0.4
2025-01-10 04:00:00,06,1.98,1021.32,7.27,126.13,13.74,-0.36,-0.59
2025-01-10 05:00:00,06,1.96,1021.16,7.31,118.54,14.26,-0.25,-0.47
2025-01-09 12:00:00,12,1.98,1018.73,8.13,145.44,15.02,1.74,1.34
2025-01-09 13:00:00,12,1.95,1019.35,8.36,152.35,15.12,1.19,0.8
2025-01-09 14:00:00,12,2.35,1019.46,8.38,145.8,15.13,0.62,0.26
2025-01-09 15:00:00,12,2.94,1019.45,8.98,139.77,13.96,0.17,-0.21
2025-01-09 16:00:00,12,3.35,1019.59,9.19,133.08,12.63,-0.06,-0.4
2025-01-09 17:00:00,12,3.55,1018.91,9.18,135.25,12.1,-0.02,-0.35
2025-01-09 18:00:00,12,3.75,1018.41,9.03,135.98,12.14,0.29,-0.04
2025-01-09 19:00:00,12,3.75,1018.05,8.69,134.71,12.11,0.76,0.42
2025-01-09 20:00:00,12,3.58,1018.29,8.31,136.06,12.34,1.24,1.01
2025-01-09 21:00:00,12,3.17,1018.47,7.97,135.35,12.62,1.59,1.26
2025-01-09 22:00:00,12,2.6,1018.45,7.71,131.27,12.3,1.72,1.38
2025-01-09 23:00:00,12,2.38,1019.09,7.27,131.75,12.51,1.61,1.27
2025-01-10 00:00:00,12,2.35,1019.69,7.26,129.13,12.83,1.28,0.94
2025-01-10 01:00:00,12,2.35,1020.44,7.61,128.88,13.46,0.78,0.44
2025-01-10 02:00:00,12,2.28,1020.9,7.85,131.23,13.76,0.24,-0.1
2025-01-10 03:00:00,12,2.27,1020.51,7.38,125.25,13.95,-0.18,-0.42
2025-01-10 04:00:00,12,2.15,1021.23,7.19,121.8,14.09,-0.36,-0.6
2025-01-10 05:00:00,12,2.09,1021.16,6.98,120.56,13.91,-0.25,-0.48
2025-01-10 06:00:00,12,2.09,1020.48,6.76,115.76,13.45,0.17,-0.07
2025-01-10 07:00:00,12,1.95,1020.9,6.5,122.54,12.1,0.78,0.54
2025-01-10 08:00:00,12,1.96,1021.22,6.52,131.85,11.5,1.43,1.29
2025-01-10 09:00:00,12,1.89,1021.3,7.18,125.46,13.04,1.99,1.85
2025-01-10 10:00:00,12,1.95,1021.46,7.01,121.3,13.42,2.33,2.19
2025-01-10 11:00:00,12,1.97,1021.81,6.57,125.58,13.24,2.41,2.27
2025-01-09 18:00:00,18,3.65,1017.92,9.0,137.09,11.9,0.29,-0.22
2025-01-09 19:00:00,18,3.65,1017.46,8.66,135.81,12.0,0.76,0.19
2025-01-09 20:00:00,18,3.45,1017.71,8.44,135.82,12.33,1.24,0.57
2025-01-09 21:00:00,18,3.04,1017.96,8.14,134.64,12.62,1.59,0.97
2025-01-09 22:00:00,18,2.47,1018.18,8.06,128.49,12.44,1.72,1.12
2025-01-09 23:00:00,18,2.37,1018.81,7.92,124.36,13.02,1.61,1.03
2025-01-10 00:00:00,18,2.27,1019.58,8.2,121.56,13.79,1.28,0.72
2025-01-10 01:00:00,18,2.18,1020.36,7.74,123.11,13.87,0.78,0.25
2025-01-10 02:00:00,18,2.05,1020.76,7.7,125.87,13.98,0.24,-0.27
2025-01-10 03:00:00,18,1.95,1020.78,7.5,123.43,14.13,-0.18,-0.56
2025-01-10 04:00:00,18,1.87,1020.94,7.37,116.99,14.2,-0.36,-0.73
2025-01-10 05:00:00,18,1.85,1020.8,6.87,119.56,13.47,-0.25,-0.48
2025-01-10 06:00:00,18,1.8,1020.11,6.58,116.95,13.15,0.17,-0.05
2025-01-10 07:00:00,18,1.75,1021.37,7.02,123.7,13.11,0.78,0.58
2025-01-10 08:00:00,18,1.76,1021.3,6.76,128.21,11.93,1.43,1.26
2025-01-10 09:00:00,18,1.65,1020.71,6.75,131.68,11.77,1.99,1.84
2025-01-10 10:00:00,18,1.68,1021.61,7.3,131.37,13.42,2.33,2.19
2025-01-10 11:00:00,18,1.75,1021.57,6.86,122.2,13.75,2.41,2.26
2025-01-10 12:00:00,18,1.85,1021.93,6.29,123.07,12.38,2.23,2.09
2025-01-10 13:00:00,18,1.95,1021.36,5.96,109.3,11.37,1.83,1.68
2025-01-10 14:00:00,18,2.35,1021.5,5.39,120.86,9.04,1.25,1.11
2025-01-10 15:00:00,18,2.93,1021.18,5.29,115.92,8.15,0.65,0.5
2025-01-10 16:00:00,18,3.17,1021.86,4.37,131.28,6.12,0.15,0.1
2025-01-10 17:00:00,18,3.46,1020.09,3.74,135.82,5.04,-0.12,-0.16
2025-01-10 01:00:00,00,2.25,1019.64,7.64,126.66,13.26,0.78,0.1
2025-01-10 02:00:00,00,2.16,1019.94,7.58,128.7,13.6,0.24,-0.38
2025-01-10 03:00:00,00,2.06,1019.88,7.39,123.34,13.56,-0.18,-0.79
2025-01-10 04:00:00,00,1.96,1020.27,7.44,115.71,14.1,-0.36,-1.01
2025-01-10 05:00:00,00,1.85,1020.14,6.8,116.14,13.09,-0.25,-0.77
2025-01-10 06:00:00,00,1.7,1019.61,6.43,115.19,12.36,0.17,-0.33
2025-01-10 07:00:00,00,1.69,1020.76,6.84,121.27,12.72,0.78,0.4
2025-01-10 08:00:00,00,1.66,1020.84,6.56,126.38,11.69,1.43,1.08
2025-01-10 09:00:00,00,1.61,1020.42,6.95,125.45,11.82,1.99,1.66
2025-01-10 10:00:00,00,1.66,1020.82,6.8,125.14,12.33,2.33,2.02
2025-01-10 11:00:00,00,1.6,1021.71,6.99,120.87,13.5,2.41,2.12
2025-01-10 12:00:00,00,1.68,1021.19,6.1,117.57,11.85,2.23,1.97
2025-01-10 13:00:00,00,1.86,1021.01,5.91,110.45,11.71,1.83,1.59
2025-01-10 14:00:00,00,2.26,1020.76,6.02,104.66,10.14,1.25,1.04
2025-01-10 15:00:00,00,3.06,1020.77,4.62,110.39,7.18,0.65,0.55
2025-01-10 16:00:00,00,3.35,1021.01,4.32,118.02,6.42,0.15,0.08
2025-01-10 17:00:00,00,3.83,1020.2,3.87,132.02,5.6,-0.12,-0.19
2025-01-10 18:00:00,00,3.67,1019.32,4.13,150.08,5.43,-0.09,-0.16
2025-01-10 19:00:00,00,3.37,1018.01,3.2,162.52,4.65,0.21,0.14
2025-01-10 20:00:00,00,3.24,1017.79,2.35,160.71,4.48,0.69,0.52
2025-01-10 21:00:00,00,3.16,1016.84,1.91,204.25,3.8,1.2,1.03
2025-01-10 22:00:00,00,2.93,1015.87,1.97,228.7,2.8,1.59,1.42
2025-01-10 23:00:00,00,2.65,1015.88,2.64,230.92,4.11,1.75,1.67
2025-01-10 06:00:00,06,1.95,1019.25,6.3,118.15,12.33,0.17,-0.53
2025-01-10 07:00:00,06,1.86,1020.34,6.85,124.2,12.72,0.78,0.2
2025-01-10 08:00:00,06,1.86,1020.46,6.62,127.92,11.92,1.43,0.93
2025-01-10 09:00:00,06,1.76,1019.81,6.64,126.61,11.42,1.99,1.59
2025-01-10 10:00:00,06,1.85,1020.19,6.39,124.35,11.62,2.33,1.99
2025-01-10 11:00:00,06,1.84,1021.47,6.85,116.94,13.16,2.39,2.07
2025-01-10 12:00:00,06,1.83,1020.87,5.73,114.01,11.27,2.23,1.91
2025-01-10 13:00:00,06,2.05,1020.86,5.51,109.98,10.29,1.83,1.51
2025-01-10 14:00:00,06,2.37,1020.56,5.61,97.3,9.14,1.25,1.04
2025-01-10 15:00:00,06,2.96,1020.97,4.37,109.08,6.78,0.65,0.44
2025-01-10 16:00:00,06,3.32,1020.72,3.59,111.6,5.34,0.15,-0.06
2025-01-10 17:00:00,06,3.65,1020.36,3.33,134.19,4.81,-0.12,-0.22
2025-01-10 18:00:00,06,3.85,1019.68,3.73,156.76,4.88,-0.09,-0.18
2025-01-10 19:00:00,06,3.56,1017.27,2.43,146.1,3.3,0.21,0.02
2025-01-10 20:00:00,06,3.66,1017.67,2.4,162.23,3.88,0.69,0.4
2025-01-10 21:00:00,06,3.43,1016.71,1.32,153.29,2.72,1.2,1.01
2025-01-10 22:00:00,06,3.06,1016.4,1.55,212.36,2.4,1.59,1.41
2025-01-10 23:00:00,06,2.97,1016.1,2.16,211.51,3.39,1.75,1.57
2025-01-11 00:00:00,06,3.05,1014.08,3.0,257.62,5.02,1.65,1.47
2025-01-11 01:00:00,06,2.85,1014.78,3.45,240.49,7.11,1.31,1.13
2025-01-11 02:00:00,06,3.0,1013.36,4.5,246.23,9.73,0.8,0.62
2025-01-11 03:00:00,06,3.05,1011.09,5.06,264.87,10.9,0.23,0.05
2025-01-11 04:00:00,06,3.0,1011.76,4.16,245.6,10.6,-0.21,-0.39
2025-01-11 05:00:00,06,2.61,1010.95,5.34,231.6,8.31,-0.41,-0.59
2025-01-10 12:00:00,12,2.36,1020.72,5.73,115.0,10.94,2.23,1.95
2025-01-10 13:00:00,12,2.55,1020.68,5.46,113.41,9.66,1.83,1.63
2025-01-10 14:00:00,12,2.99,1020.33,5.6,99.67,8.93,1.25,1.18
2025-01-10 15:00:00,12,3.58,1020.73,4.59,108.36,7.11,0.65,0.64
2025-01-10 16:00:00,12,3.88,1020.52,3.81,109.95,5.58,0.15,0.21
2025-01-10 17:00:00,12,4.17,1019.98,3.52,126.09,4.81,-0.12,0.02
2025-01-10 18:00:00,12,4.45,1019.12,3.05,145.83,4.21,-0.09,0.03
2025-01-10 19:00:00,12,4.26,1017.58,2.72,161.23,3.62,0.21,0.21
2025-01-10 20:00:00,12,4.21,1016.29,1.18,175.0,2.01,0.69,0.67
2025-01-10 21:00:00,12,3.96,1017.09,2.18,148.0,3.5,1.2,1.15
2025-01-10 22:00:00,12,3.69,1015.35,0.25,173.65,1.31,1.59,1.52
2025-01-10 23:00:00,12,3.58,1013.67,1.4,337.18,1.11,1.75,1.76
2025-01-11 00:00:00,12,3.55,1013.95,2.48,275.49,3.15,1.65,1.54
2025-01-11 01:00:00,12,3.55,1013.97,2.68,259.04,4.76,1.31,1.29
2025-01-11 02:00:00,12,3.58,1012.52,4.18,263.97,7.98,0.8,0.65
2025-01-11 03:00:00,12,3.65,1012.25,3.96,242.1,9.24,0.23,0.07
2025-01-11 04:00:00,12,3.35,1011.6,3.92,240.79,9.68,-0.21,-0.4
2025-01-11 05:00:00,12,3.02,1011.0,5.02,234.78,8.08,-0.41,-0.6
2025-01-11 06:00:00,12,2.92,1009.05,1.83,245.99,4.13,-0.29,-0.48
2025-01-11 07:00:00,12,2.85,1007.68,0.18,228.55,1.13,0.12,-0.06
2025-01-11 08:00:00,12,2.86,1006.18,0.53,344.34,1.41,0.74,0.56
2025-01-11 09:00:00,12,2.95,1004.39,0.67,289.0,1.81,1.43,1.24
2025-01-11 10:00:00,12,3.01,1003.12,1.36,177.34,3.22,2.02,1.84
2025-01-11 11:00:00,12,2.99,1001.81,2.11,160.36,6.03,2.39,2.31
2025-01-10 18:00:00,18,4.56,1019.08,3.1,147.66,4.24,-0.09,-0.03
2025-01-10 19:00:00,18,4.26,1017.5,2.83,163.04,3.79,0.21,0.28
2025-01-10 20:00:00,18,4.26,1016.17,1.47,183.97,2.4,0.69,0.71
2025-01-10 21:00:00,18,3.96,1016.81,2.43,163.01,3.9,1.2,1.18
2025-01-10 22:00:00,18,3.71,1015.08,0.88,204.16,1.71,1.59,1.62
2025-01-10 23:00:00,18,3.65,1014.46,1.45,219.56,1.72,1.75,1.78
2025-01-11 00:00:00,18,3.55,1014.12,2.22,239.33,3.34,1.65,1.67
2025-01-11 01:00:00,18,3.55,1013.57,3.16,243.18,5.51,1.31,1.34
2025-01-11 02:00:00,18,3.62,1012.22,3.8,255.2,7.64,0.8,0.82
2025-01-11 03:00:00,18,3.59,1012.26,3.3,220.34,7.71,0.23,0.26
2025-01-11 04:00:00,18,3.45,1011.52,3.49,242.92,8.41,-0.21,-0.19
2025-01-11 05:00:00,18,3.08,1010.55,5.51,232.09,8.22,-0.41,-0.39
2025-01-11 06:00:00,18,2.95,1008.98,2.91,243.64,6.11,-0.29,-0.27
2025-01-11 07:00:00,18,2.89,1007.59,1.4,220.72,3.32,0.12,0.04
2025-01-11 08:00:00,18,2.88,1005.77,1.41,264.7,2.42,0.74,0.66
2025-01-11 09:00:00,18,2.95,1004.14,2.48,249.92,3.39,1.43,1.35
2025-01-11 10:00:00,18,3.05,1002.9,2.06,206.52,5.32,2.02,2.04
2025-01-11 11:00:00,18,3.06,1001.87,3.67,163.36,9.5,2.39,2.51
2025-01-11 12:00:00,18,3.15,1001.43,4.45,169.67,10.45,2.48,2.6
2025-01-11 13:00:00,18,3.15,1002.01,5.67,157.97,10.47,2.3,2.52
2025-01-11 14:00:00,18,3.07,1002.53,5.95,148.72,10.6,1.86,2.08
2025-01-11 15:00:00,18,3.15,1003.13,5.95,142.24,10.45,1.25,1.36
2025-01-11 16:00:00,18,3.23,1003.62,5.5,139.3,9.11,0.6,0.72
2025-01-11 17:00:00,18,3.36,1003.94,4.96,142.76,8.39,0.08,0.2
2025-01-11 01:00:00,00,3.75,1013.93,3.13,236.68,4.83,1.31,1.65
2025-01-11 02:00:00,00,3.82,1012.1,3.61,258.2,6.58,0.8,1.16
2025-01-11 03:00:00,00,3.81,1011.45,3.39,232.8,7.65,0.23,0.6
2025-01-11 04:00:00,00,3.58,1011.08,3.58,225.59,8.26,-0.21,0.11
2025-01-11 05:00:00,00,3.05,1010.26,5.7,231.15,8.2,-0.41,-0.01
2025-01-11 06:00:00,00,3.05,1008.35,2.46,228.66,5.13,-0.29,-0.0
2025-01-11 07:00:00,00,3.05,1007.1,1.92,183.69,4.02,0.12,0.49
2025-01-11 08:00:00,00,2.97,1005.19,1.56,220.43,3.14,0.74,1.0
2025-01-11 09:00:00,00,3.05,1004.16,2.7,228.63,4.44,1.43,1.67
2025-01-11 10:00:00,00,3.05,1001.96,2.54,195.86,6.14,2.02,2.34
2025-01-11 11:00:00,00,3.15,1001.38,4.59,164.04,11.15,2.39,2.79
2025-01-11 12:00:00,00,3.15,1001.68,5.32,177.15,10.77,2.48,2.86
2025-01-11 13:00:00,00,3.05,1001.88,5.71,160.69,10.65,2.3,2.67
2025-01-11 14:00:00,00,3.1,1002.69,6.05,150.79,11.31,1.86,2.21
2025-01-11 15:00:00,00,3.35,1003.39,5.9,146.73,10.37,1.25,1.58
2025-01-11 16:00:00,00,3.45,1003.94,5.25,149.44,8.47,0.6,0.92
2025-01-11 17:00:00,00,3.65,1003.81,5.26,146.87,8.5,0.08,0.4
2025-01-11 18:00:00,00,3.75,1004.14,5.39,151.38,8.79,-0.19,0.13
2025-01-11 19:00:00,00,3.85,1004.54,6.53,150.88,10.1,-0.16,0.16
2025-01-11 20:00:00,00,3.85,1005.17,6.99,145.03,11.02,0.16,0.48
2025-01-11 21:00:00,00,3.75,1006.34,7.15,147.87,11.22,0.67,0.99
2025-01-11 22:00:00,00,3.35,1007.65,6.4,150.82,11.21,1.23,1.65
2025-01-11 23:00:00,00,3.18,1009.1,6.14,157.37,11.2,1.65,1.96
2025-01-11 06:00:00,06,2.88,1008.34,2.52,239.43,5.13,-0.29,0.07
2025-01-11 07:00:00,06,2.83,1007.22,1.91,196.08,3.95,0.12,0.51
2025-01-11 08:00:00,06,2.78,1005.59,2.35,228.08,4.26,0.74,1.2
2025-01-11 09:00:00,06,2.85,1003.83,2.45,240.55,4.23,1.43,1.88
2025-01-11 10:00:00,06,2.85,1002.53,2.99,211.77,6.75,2.02,2.64
2025-01-11 11:00:00,06,2.85,1001.53,4.35,169.18,11.46,2.39,3.08
2025-01-11 12:00:00,06,2.95,1001.01,4.76,166.16,10.36,2.48,3.25
2025-01-11 13:00:00,06,2.76,1001.78,5.84,158.45,10.98,2.3,3.04
2025-01-11 14:00:00,06,2.85,1002.68,6.09,150.8,11.25,1.86,2.58
2025-01-11 15:00:00,06,3.15,1003.33,6.0,145.2,10.91,1.25,1.84
2025-01-11 16:00:00,06,3.18,1003.81,5.51,145.28,8.89,0.6,1.17
2025-01-11 17:00:00,06,3.35,1003.73,5.33,145.87,8.51,0.08,0.73
2025-01-11 18:00:00,06,3.45,1004.09,5.37,149.55,8.62,-0.19,0.43
2025-01-11 19:00:00,06,3.55,1004.66,6.54,151.36,9.92,-0.16,0.44
2025-01-11 20:00:00,06,3.55,1005.21,6.9,141.63,11.12,0.16,0.73
2025-01-11 21:00:00,06,3.45,1006.47,6.92,147.11,11.08,0.67,1.22
2025-01-11 22:00:00,06,3.14,1007.8,6.23,152.05,10.9,1.23,1.75
2025-01-11 23:00:00,06,2.95,1009.2,5.51,157.26,10.7,1.65,2.07
2025-01-12 00:00:00,06,2.75,1010.46,5.82,152.7,11.0,1.81,2.23
2025-01-12 01:00:00,06,2.66,1012.09,5.87,143.0,11.24,1.7,2.13
2025-01-12 02:00:00,06,2.65,1012.99,5.76,135.5,11.29,1.35,1.77
2025-01-12 03:00:00,06,2.55,1013.94,6.61,132.33,11.71,0.79,1.22
2025-01-12 04:00:00,06,2.5,1014.65,6.85,124.63,11.74,0.2,0.62
2025-01-12 05:00:00,06,2.45,1015.27,6.76,126.04,11.46,-0.26,0.16
2025-01-11 12:00:00,12,3.06,1000.86,4.78,162.96,10.28,2.48,3.26
2025-01-11 13:00:00,12,2.75,1001.67,5.83,153.73,10.89,2.3,3.05
2025-01-11 14:00:00,12,2.98,1002.8,6.23,143.54,11.42,1.86,2.6
2025-01-11 15:00:00,12,3.15,1003.49,6.03,138.37,10.28,1.25,2.06
2025-01-11 16:00:00,12,3.27,1003.98,5.11,139.74,8.46,0.6,1.53
2025-01-11 17:00:00,12,3.35,1004.06,4.89,142.79,8.05,0.08,0.98
2025-01-11 18:00:00,12,3.45,1004.24,5.31,150.49,8.83,-0.19,0.69
2025-01-11 19:00:00,12,3.55,1004.63,7.16,150.08,10.61,-0.16,0.69
2025-01-11 20:00:00,12,3.56,1005.27,7.27,143.85,11.86,0.16,0.99
2025-01-11 21:00:00,12,3.45,1006.48,7.63,147.42,12.13,0.67,1.48
2025-01-11 22:00:00,12,3.16,1007.7,6.85,148.11,11.83,1.23,2.01
2025-01-11 23:00:00,12,2.95,1009.24,6.83,149.91,11.95,1.65,2.3
2025-01-12 00:00:00,12,2.84,1010.76,6.27,149.53,11.74,1.81,2.34
2025-01-12 01:00:00,12,2.75,1012.44,5.66,143.25,11.55,1.7,2.21
2025-01-12 02:00:00,12,2.64,1013.23,5.34,139.91,11.01,1.35,1.82
2025-01-12 03:00:00,12,2.52,1014.19,5.59,141.58,10.7,0.79,1.35
2025-01-12 04:00:00,12,2.45,1014.97,6.09,134.08,11.31,0.2,0.73
2025-01-12 05:00:00,12,2.45,1015.49,6.3,132.3,11.14,-0.26,0.27
2025-01-12 06:00:00,12,2.46,1015.94,6.26,131.28,10.82,-0.46,0.07
2025-01-12 07:00:00,12,2.29,1016.43,6.19,123.45,10.85,-0.33,0.2
2025-01-12 08:00:00,12,2.27,1016.76,6.02,117.23,11.14,0.1,0.63
2025-01-12 09:00:00,12,2.28,1016.71,5.56,113.63,10.48,0.75,1.38
2025-01-12 10:00:00,12,2.35,1017.55,4.98,116.63,9.3,1.47,2.1
2025-01-12 11:00:00,12,2.22,1018.4,4.32,123.86,7.51,2.09,2.72
2025-01-11 18:00:00,18,3.65,1004.14,5.34,151.65,8.71,-0.19,0.74
2025-01-11 19:00:00,18,3.77,1004.55,7.14,151.02,10.71,-0.16,0.93
2025-01-11 20:00:00,18,3.75,1005.21,7.31,146.07,11.92,0.16,1.25
2025-01-11 21:00:00,18,3.65,1006.45,7.79,147.03,12.53,0.67,1.69
2025-01-11 22:00:00,18,3.43,1007.68,7.35,145.57,12.32,1.23,2.15
2025-01-11 23:00:00,18,3.25,1009.24,7.43,145.56,12.4,1.65,2.53
2025-01-12 00:00:00,18,3.15,1010.86,6.86,143.23,12.32,1.81,2.56
2025-01-12 01:00:00,18,3.05,1012.47,6.28,138.35,12.11,1.7,2.43
2025-01-12 02:00:00,18,2.85,1013.11,6.42,131.86,11.63,1.35,2.04
2025-01-12 03:00:00,18,2.75,1014.04,6.28,132.01,11.26,0.79,1.56
2025-01-12 04:00:00,18,2.65,1014.84,6.37,129.86,11.31,0.2,0.93
2025-01-12 05:00:00,18,2.68,1015.4,6.49,130.98,11.28,-0.26,0.44
2025-01-12 06:00:00,18,2.65,1015.8,6.49,129.72,11.2,-0.46,0.21
2025-01-12 07:00:00,18,2.55,1016.27,6.25,123.49,11.05,-0.33,0.3
2025-01-12 08:00:00,18,2.54,1016.42,6.0,116.34,11.2,0.1,0.81
2025-01-12 09:00:00,18,2.65,1016.68,5.43,117.12,10.22,0.75,1.43
2025-01-12 10:00:00,18,2.55,1017.54,4.77,120.29,9.04,1.47,2.12
2025-01-12 11:00:00,18,2.39,1018.58,4.16,133.18,7.16,2.09,2.73
2025-01-12 12:00:00,18,2.35,1019.01,3.79,135.13,6.16,2.45,3.09
2025-01-12 13:00:00,18,2.45,1019.74,3.77,132.73,5.87,2.52,3.17
2025-01-12 14:00:00,18,3.06,1020.71,4.02,129.1,6.03,2.31,2.96
2025-01-12 15:00:00,18,3.5,1021.23,3.81,124.67,5.45,1.83,2.47
2025-01-12 16:00:00,18,3.83,1021.76,3.5,126.29,4.7,1.17,1.81
2025-01-12 17:00:00,18,4.24,1020.69,2.81,120.06,3.83,0.5,1.05
2025-01-12 01:00:00,00,3.25,1012.28,6.16,134.13,11.85,1.7,2.7
2025-01-12 02:00:00,00,3.2,1013.02,6.63,124.47,11.44,1.35,2.45
2025-01-12 03:00:00,00,3.15,1013.91,6.55,122.45,10.95,0.79,1.92
2025-01-12 04:00:00,00,3.05,1014.74,6.62,121.3,11.03,0.2,1.39
2025-01-12 05:00:00,00,2.88,1015.37,6.77,123.54,11.21,-0.26,0.98
2025-01-12 06:00:00,00,2.85,1015.68,6.72,122.13,11.2,-0.46,0.73
2025-01-12 07:00:00,00,2.75,1016.12,6.5,116.76,11.32,-0.33,0.8
2025-01-12 08:00:00,00,2.72,1016.24,6.39,110.94,11.55,0.1,1.18
2025-01-12 09:00:00,00,2.58,1016.79,5.71,114.13,10.55,0.75,1.78
2025-01-12 10:00:00,00,2.57,1017.51,5.0,116.8,9.54,1.47,2.45
2025-01-12 11:00:00,00,2.45,1018.64,4.33,127.42,7.63,2.09,3.01
2025-01-12 12:00:00,00,2.45,1019.12,4.05,129.05,6.46,2.45,3.42
2025-01-12 13:00:00,00,2.56,1019.71,4.17,125.23,6.63,2.52,3.44
2025-01-12 14:00:00,00,3.16,1020.47,4.35,119.47,6.42,2.31,3.08
2025-01-12 15:00:00,00,3.71,1021.19,3.96,122.28,5.47,1.83,2.54
2025-01-12 16:00:00,00,4.25,1021.52,3.7,118.62,5.02,1.17,1.83
2025-01-12 17:00:00,00,4.57,1020.61,2.97,116.47,4.04,0.5,1.06
2025-01-12 18:00:00,00,4.93,1020.13,2.43,123.19,3.39,-0.02,0.54
2025-01-12 19:00:00,00,4.96,1019.83,1.8,140.22,2.61,-0.28,0.28
2025-01-12 20:00:00,00,4.75,1020.25,1.88,166.26,2.62,-0.21,0.35
2025-01-12 21:00:00,00,4.19,1020.21,1.46,180.6,2.06,0.17,0.73
2025-01-12 22:00:00,00,3.3,1020.34,1.18,198.12,1.54,0.73,1.3
2025-01-12 23:00:00,00,3.13,1020.71,1.82,222.38,2.12,1.32,1.88
2025-01-12 06:00:00,06,2.75,1015.69,6.47,120.98,10.71,-0.46,0.66
2025-01-12 07:00:00,06,2.75,1016.1,6.26,115.65,10.6,-0.33,0.73
2025-01-12 08:00:00,06,2.75,1016.07,6.24,108.77,10.91,0.1,1.08
2025-01-12 09:00:00,06,2.65,1016.48,5.55,109.59,10.1,0.75,1.71
2025-01-12 10:00:00,06,2.56,1017.05,4.99,111.79,9.32,1.47,2.42
2025-01-12 11:00:00,06,2.45,1018.12,4.2,125.72,7.43,2.09,3.01
2025-01-12 12:00:00,06,2.34,1018.69,3.84,131.4,6.35,2.45,3.45
2025-01-12 13:00:00,06,2.45,1019.27,3.89,126.15,6.3,2.52,3.5
2025-01-12 14:00:00,06,3.16,1020.0,4.17,118.95,6.16,2.31,3.17
2025-01-12 15:00:00,06,3.68,1020.81,3.82,122.56,5.31,1.83,2.66
2025-01-12 16:00:00,06,4.19,1021.21,3.68,118.91,4.83,1.17,1.98
2025-01-12 17:00:00,06,4.59,1020.34,3.07,114.93,4.12,0.5,1.19
2025-01-12 18:00:00,06,4.88,1019.84,2.48,124.1,3.35,-0.02,0.65
2025-01-12 19:00:00,06,4.9,1019.65,1.89,140.54,2.64,-0.28,0.37
2025-01-12 20:00:00,06,4.7,1019.75,1.74,165.63,2.31,-0.21,0.41
2025-01-12 21:00:00,06,4.25,1019.75,1.48,179.88,1.95,0.17,0.76
2025-01-12 22:00:00,06,3.4,1020.24,1.52,188.97,1.83,0.73,1.31
2025-01-12 23:00:00,06,3.18,1020.72,1.83,211.28,2.22,1.32,1.9
2025-01-13 00:00:00,06,3.18,1020.99,2.03,220.62,2.3,1.74,2.31
2025-01-13 01:00:00,06,3.06,1021.73,2.26,218.78,2.74,1.89,2.46
2025-01-13 02:00:00,06,2.97,1021.76,2.29,230.98,2.78,1.76,2.23
2025-01-13 03:00:00,06,2.86,1021.17,2.23,241.62,2.88,1.35,1.83
2025-01-13 04:00:00,06,2.75,1021.12,3.0,235.58,4.21,0.76,1.23
2025-01-13 05:00:00,06,2.72,1020.56,3.19,234.86,5.21,0.14,0.62
2025-01-12 12:00:00,12,2.16,1018.54,3.61,136.54,5.79,2.45,3.3
2025-01-12 13:00:00,12,2.35,1019.03,3.49,135.85,5.7,2.52,3.35
2025-01-12 14:00:00,12,3.06,1019.74,3.72,127.35,5.61,2.31,3.2
2025-01-12 15:00:00,12,3.72,1020.65,3.58,129.86,5.2,1.83,2.76
2025-01-12 16:00:00,12,4.26,1021.04,3.65,123.37,5.02,1.17,2.15
2025-01-12 17:00:00,12,4.55,1020.33,3.37,120.72,4.61,0.5,1.45
2025-01-12 18:00:00,12,4.79,1019.72,2.95,125.37,4.03,-0.02,0.9
2025-01-12 19:00:00,12,4.89,1019.54,2.36,138.75,3.3,-0.28,0.61
2025-01-12 20:00:00,12,4.58,1019.74,2.11,158.35,2.83,-0.21,0.54
2025-01-12 21:00:00,12,4.14,1019.67,1.74,170.38,2.22,0.17,0.98
2025-01-12 22:00:00,12,3.31,1019.99,1.68,180.3,1.86,0.73,1.52
2025-01-12 23:00:00,12,3.15,1020.63,1.9,201.66,2.23,1.32,2.07
2025-01-13 00:00:00,12,3.08,1021.02,2.03,211.43,2.41,1.74,2.46
2025-01-13 01:00:00,12,2.98,1021.68,2.42,216.39,2.74,1.89,2.57
2025-01-13 02:00:00,12,2.9,1021.68,2.35,225.95,2.73,1.76,2.31
2025-01-13 03:00:00,12,2.85,1021.25,2.35,236.65,2.91,1.35,1.87
2025-01-13 04:00:00,12,2.75,1021.14,2.9,231.29,4.16,0.76,1.24
2025-01-13 05:00:00,12,2.68,1020.61,3.18,230.18,5.2,0.14,0.63
2025-01-13 06:00:00,12,2.59,1020.47,3.34,232.2,5.65,-0.31,0.07
2025-01-13 07:00:00,12,2.45,1020.05,3.64,245.96,6.2,-0.5,-0.12
2025-01-13 08:00:00,12,2.48,1020.78,4.06,228.29,7.62,-0.35,0.04
2025-01-13 09:00:00,12,2.36,1019.75,3.76,233.01,7.25,0.13,0.51
2025-01-13 10:00:00,12,2.45,1020.0,4.15,225.33,7.94,0.82,1.2
2025-01-13 11:00:00,12,2.37,1020.2,4.14,216.83,8.21,1.56,1.84
2025-01-12 18:00:00,18,4.8,1019.68,2.98,127.11,4.1,-0.02,0.88
2025-01-12 19:00:00,18,4.85,1019.45,2.49,141.29,3.34,-0.28,0.64
2025-01-12 20:00:00,18,4.61,1019.62,2.37,161.01,3.0,-0.21,0.68
2025-01-12 21:00:00,18,4.24,1019.61,2.04,172.5,2.6,0.17,1.04
2025-01-12 22:00:00,18,3.49,1019.86,2.06,183.97,2.4,0.73,1.6
2025-01-12 23:00:00,18,3.31,1020.51,2.19,199.74,2.79,0.98,1.87
2025-01-13 00:00:00,18,3.15,1020.94,2.37,205.9,2.96,1.74,2.6
2025-01-13 01:00:00,18,2.98,1021.6,2.63,207.62,3.15,1.89,2.63
2025-01-13 02:00:00,18,2.89,1021.66,2.62,214.49,3.14,1.76,2.47
2025-01-13 03:00:00,18,2.82,1021.18,2.41,220.4,3.07,1.35,2.04
2025-01-13 04:00:00,18,2.7,1020.92,2.9,225.58,4.1,0.76,1.42
2025-01-13 05:00:00,18,2.65,1020.28,3.14,227.84,4.83,0.14,0.69
2025-01-13 06:00:00,18,2.55,1020.26,3.4,228.28,5.47,-0.31,0.21
2025-01-13 07:00:00,18,2.55,1020.16,3.54,234.42,6.1,-0.5,-0.0
2025-01-13 08:00:00,18,2.48,1020.72,3.91,224.43,7.03,-0.35,0.12
2025-01-13 09:00:00,18,2.45,1020.13,4.03,224.56,7.53,0.13,0.57
2025-01-13 10:00:00,18,2.45,1019.92,3.95,222.05,7.74,0.82,1.24
2025-01-13 11:00:00,18,2.46,1019.4,3.8,226.02,7.31,1.56,1.86
2025-01-13 12:00:00,18,2.45,1019.68,4.16,221.46,8.65,2.16,2.45
2025-01-13 13:00:00,18,2.76,1020.14,4.47,213.51,9.05,2.48,2.78
2025-01-13 14:00:00,18,3.26,1020.62,4.86,209.87,8.32,2.52,2.81
2025-01-13 15:00:00,18,3.95,1020.33,4.43,208.61,6.8,2.25,2.44
2025-01-13 16:00:00,18,4.76,1020.27,4.52,206.56,6.82,1.7,1.9
2025-01-13 17:00:00,18,5.26,1018.98,4.68,204.86,7.21,1.01,1.21
2025-01-13 01:00:00,00,3.27,1021.53,2.67,203.19,3.33,1.89,2.79
2025-01-13 02:00:00,00,3.15,1021.5,2.57,211.27,3.25,1.76,2.58
2025-01-13 03:00:00,00,3.05,1020.97,2.3,225.16,2.94,1.35,2.14
2025-01-13 04:00:00,00,2.95,1020.53,2.71,234.03,3.78,0.76,1.42
2025-01-13 05:00:00,00,2.85,1019.85,2.98,233.57,4.69,0.14,0.79
2025-01-13 06:00:00,00,2.85,1019.82,3.28,233.27,5.61,-0.31,0.31
2025-01-13 07:00:00,00,2.83,1019.92,3.54,232.93,6.34,-0.5,0.1
2025-01-13 08:00:00,00,2.75,1020.2,4.0,228.0,7.72,-0.35,0.24
2025-01-13 09:00:00,00,2.75,1019.93,3.89,224.44,7.82,0.13,0.69
2025-01-13 10:00:00,00,2.85,1019.83,3.78,215.03,7.73,0.82,1.36
2025-01-13 11:00:00,00,2.75,1019.91,4.04,218.06,8.05,1.56,1.98
2025-01-13 12:00:00,00,2.76,1019.74,3.77,212.37,7.84,2.16,2.56
2025-01-13 13:00:00,00,2.95,1019.53,3.92,216.45,7.73,2.48,2.87
2025-01-13 14:00:00,00,3.65,1020.07,4.38,204.81,7.11,2.52,2.88
2025-01-13 15:00:00,00,4.35,1020.46,4.41,203.14,6.43,2.25,2.59
2025-01-13 16:00:00,00,5.16,1020.32,4.31,202.8,6.44,1.7,2.03
2025-01-13 17:00:00,00,5.96,1019.01,4.27,197.57,6.74,1.01,1.24
2025-01-13 18:00:00,00,6.47,1018.15,4.69,186.62,7.35,0.35,0.57
2025-01-13 19:00:00,00,6.45,1017.84,4.69,190.97,7.32,-0.14,0.08
2025-01-13 20:00:00,00,6.25,1017.84,4.68,185.05,7.61,-0.35,-0.12
2025-01-13 21:00:00,00,5.88,1017.75,4.36,180.42,8.01,-0.2,0.02
2025-01-13 22:00:00,00,5.05,1018.38,4.31,181.06,7.91,0.24,0.47
2025-01-13 23:00:00,00,4.67,1019.06,3.72,190.21,7.41,0.86,1.08
2025-01-13 06:00:00,06,2.65,1019.74,3.31,237.21,6.22,-0.31,0.39
2025-01-13 07:00:00,06,2.61,1019.78,3.63,237.04,7.03,-0.5,0.22
2025-01-13 08:00:00,06,2.65,1019.87,4.07,231.2,8.5,-0.35,0.33
2025-01-13 09:00:00,06,2.67,1019.56,3.99,228.94,9.03,0.13,0.82
2025-01-13 10:00:00,06,2.68,1019.36,3.98,220.39,9.02,0.82,1.6
2025-01-13 11:00:00,06,2.58,1019.37,3.97,220.37,8.97,1.56,2.3
2025-01-13 12:00:00,06,2.65,1019.47,4.08,213.1,9.19,2.16,2.86
2025-01-13 13:00:00,06,2.76,1019.25,4.12,212.99,8.6,2.48,3.06
2025-01-13 14:00:00,06,3.55,1020.11,4.49,198.94,7.72,2.52,3.05
2025-01-13 15:00:00,06,4.35,1020.45,4.3,196.93,6.51,2.25,2.75
2025-01-13 16:00:00,06,5.37,1020.17,4.12,195.54,6.32,1.7,2.17
2025-01-13 17:00:00,06,6.1,1018.91,4.03,188.13,6.51,1.01,1.44
2025-01-13 18:00:00,06,6.52,1018.04,4.66,181.67,7.1,0.35,0.74
2025-01-13 19:00:00,06,6.64,1017.5,4.73,180.91,7.5,-0.14,0.22
2025-01-13 20:00:00,06,6.37,1017.53,4.83,183.71,7.74,-0.35,-0.02
2025-01-13 21:00:00,06,5.95,1017.68,4.52,182.1,8.29,-0.2,0.08
2025-01-13 22:00:00,06,5.15,1018.3,4.46,179.52,8.35,0.24,0.5
2025-01-13 23:00:00,06,4.75,1018.93,3.73,191.75,7.62,0.86,1.21
2025-01-14 00:00:00,06,4.43,1019.48,3.62,201.24,7.62,1.45,1.7
2025-01-14 01:00:00,06,4.19,1019.65,3.83,202.51,8.11,1.84,2.09
2025-01-14 02:00:00,06,4.05,1019.56,4.25,193.04,10.29,1.96,2.11
2025-01-14 03:00:00,06,3.88,1019.83,5.08,169.39,12.04,1.77,1.93
2025-01-14 04:00:00,06,3.65,1020.02,5.02,169.73,12.14,1.31,1.47
2025-01-14 05:00:00,06,3.45,1019.97,5.02,166.66,11.63,0.69,0.84
2025-01-13 12:00:00,12,2.65,1019.43,3.83,214.72,8.79,2.16,2.9
2025-01-13 13:00:00,12,2.84,1019.18,3.78,214.29,8.14,2.48,3.18
2025-01-13 14:00:00,12,3.56,1020.18,4.29,199.03,7.48,2.52,3.24
2025-01-13 15:00:00,12,4.33,1020.24,3.94,196.66,5.81,2.25,2.95
2025-01-13 16:00:00,12,5.45,1020.05,3.92,194.51,5.88,1.7,2.42
2025-01-13 17:00:00,12,6.15,1018.73,3.66,183.82,5.81,1.44,2.18
2025-01-13 18:00:00,12,6.55,1017.87,3.8,183.55,6.01,0.35,1.05
2025-01-13 19:00:00,12,6.76,1017.31,4.38,180.82,6.73,-0.14,0.53
2025-01-13 20:00:00,12,6.55,1017.33,4.61,173.79,7.38,-0.35,0.28
2025-01-13 21:00:00,12,6.05,1017.54,4.47,185.47,7.91,-0.2,0.39
2025-01-13 22:00:00,12,5.25,1018.27,4.64,183.57,8.65,0.24,0.9
2025-01-13 23:00:00,12,4.67,1018.85,3.77,189.28,7.91,0.86,1.47
2025-01-14 00:00:00,12,4.46,1019.4,3.76,196.25,8.43,1.45,1.92
2025-01-14 01:00:00,12,4.31,1019.52,4.09,193.68,9.87,1.84,2.28
2025-01-14 02:00:00,12,4.15,1019.4,4.66,178.33,11.27,1.96,2.25
2025-01-14 03:00:00,12,3.94,1019.7,5.25,167.06,12.54,1.77,2.03
2025-01-14 04:00:00,12,3.81,1019.81,5.27,164.76,11.76,1.31,1.54
2025-01-14 05:00:00,12,3.56,1019.94,5.13,162.8,11.2,0.69,0.87
2025-01-14 06:00:00,12,3.44,1020.05,5.46,157.23,10.81,0.08,0.26
2025-01-14 07:00:00,12,3.18,1020.78,5.21,150.46,10.32,-0.36,-0.17
2025-01-14 08:00:00,12,2.97,1021.27,4.65,146.36,9.9,-0.5,-0.22
2025-01-14 09:00:00,12,2.75,1021.57,4.83,136.56,9.01,-0.29,-0.01
2025-01-14 10:00:00,12,2.65,1021.99,4.61,133.95,7.71,0.24,0.52
2025-01-14 11:00:00,12,2.45,1022.47,3.74,129.69,5.84,0.95,1.24
2025-01-13 18:00:00,18,6.68,1017.75,3.43,182.02,5.34,0.35,1.1
2025-01-13 19:00:00,18,6.78,1017.08,3.64,185.36,5.69,-0.14,0.61
2025-01-13 20:00:00,18,6.65,1016.99,3.95,177.97,6.21,-0.35,0.44
2025-01-13 21:00:00,18,6.19,1017.07,3.99,194.67,6.75,-0.2,0.69
2025-01-13 22:00:00,18,5.35,1017.77,4.07,202.09,7.55,0.24,1.08
2025-01-13 23:00:00,18,4.76,1018.34,3.64,200.18,7.33,0.86,1.75
2025-01-14 00:00:00,18,4.55,1018.86,3.72,198.9,8.12,1.45,2.3
2025-01-14 01:00:00,18,4.38,1018.96,4.1,193.3,9.44,1.84,2.65
2025-01-14 02:00:00,18,4.29,1018.84,4.48,176.79,10.72,1.96,2.62
2025-01-14 03:00:00,18,4.09,1019.21,4.89,169.21,12.27,1.77,2.29
2025-01-14 04:00:00,18,3.85,1019.29,5.17,161.1,11.96,1.31,1.79
2025-01-14 05:00:00,18,3.75,1019.5,4.99,154.12,11.02,0.69,1.12
2025-01-14 06:00:00,18,3.55,1019.77,4.86,155.36,10.55,0.08,0.56
2025-01-14 07:00:00,18,3.29,1020.54,4.77,154.65,10.16,-0.36,0.09
2025-01-14 08:00:00,18,3.11,1021.05,4.67,151.23,9.45,-0.5,-0.1
2025-01-14 09:00:00,18,2.85,1021.31,4.8,135.45,8.63,-0.29,0.07
2025-01-14 10:00:00,18,2.75,1021.78,4.55,132.4,7.57,0.24,0.55
2025-01-14 11:00:00,18,2.55,1022.22,3.61,126.09,5.61,0.95,1.36
2025-01-14 12:00:00,18,2.48,1022.75,3.06,117.53,4.55,1.67,2.08
2025-01-14 13:00:00,18,2.56,1023.17,2.86,113.76,4.13,2.22,2.73
2025-01-14 14:00:00,18,3.15,1024.0,3.03,114.61,3.86,2.48,3.0
2025-01-14 15:00:00,18,3.72,1024.31,2.74,120.53,3.59,2.44,2.85
2025-01-14 16:00:00,18,4.21,1024.27,2.65,132.89,3.79,2.1,2.51
2025-01-14 17:00:00,18,4.75,1023.48,3.21,142.28,4.29,1.5,1.92
2025-01-14 01:00:00,00,4.34,1018.54,3.49,205.25,7.07,1.84,2.74
2025-01-14 02:00:00,00,4.14,1018.27,3.62,187.97,8.62,1.96,2.83
2025-01-14 03:00:00,00,4.15,1018.62,4.64,168.22,11.64,1.77,2.56
2025-01-14 04:00:00,00,4.01,1018.77,5.32,152.08,12.22,1.31,2.07
2025-01-14 05:00:00,00,3.81,1018.98,5.31,144.42,12.13,0.69,1.41
2025-01-14 06:00:00,00,3.59,1019.25,5.39,146.48,11.78,0.08,0.76
2025-01-14 07:00:00,00,3.47,1019.98,5.92,151.7,11.41,-0.36,0.2
2025-01-14 08:00:00,00,3.25,1020.57,5.54,146.43,11.11,-0.5,0.02
2025-01-14 09:00:00,00,3.06,1020.91,5.07,133.67,9.93,-0.29,0.2
2025-01-14 10:00:00,00,2.85,1021.43,4.81,127.29,8.52,0.24,0.69
2025-01-14 11:00:00,00,2.65,1022.14,4.01,113.11,6.42,0.95,1.47
2025-01-14 12:00:00,00,2.57,1022.77,3.74,96.61,5.36,1.67,2.25
2025-01-14 13:00:00,00,2.65,1023.39,3.55,96.05,4.85,2.22,2.87
2025-01-14 14:00:00,00,3.27,1024.35,3.98,99.88,4.76,2.48,3.1
2025-01-14 15:00:00,00,3.8,1024.75,3.52,101.88,4.05,2.44,3.03
2025-01-14 16:00:00,00,4.35,1024.7,2.6,110.27,3.23,2.1,2.65
2025-01-14 17:00:00,00,4.92,1023.66,2.37,132.74,3.42,1.5,2.05
2025-01-14 18:00:00,00,5.25,1022.72,2.72,143.04,4.12,0.81,1.25
2025-01-14 19:00:00,00,5.14,1021.87,2.65,146.98,4.45,0.17,0.52
2025-01-14 20:00:00,00,4.95,1022.03,2.97,159.02,5.15,-0.26,0.09
2025-01-14 21:00:00,00,4.45,1021.77,4.3,173.97,6.43,-0.37,-0.02
2025-01-14 22:00:00,00,3.76,1021.69,4.18,191.35,7.32,-0.13,0.22
2025-01-14 23:00:00,00,3.55,1021.77,4.59,206.41,8.51,0.38,0.73
2025-01-14 06:00:00,06,3.54,1018.72,4.55,155.57,11.11,0.08,0.83
2025-01-14 07:00:00,06,3.43,1019.3,5.07,160.33,11.05,-0.36,0.42
2025-01-14 08:00:00,06,3.25,1019.6,5.48,160.25,11.22,-0.5,0.25
2025-01-14 09:00:00,06,3.06,1019.75,5.24,153.48,11.07,-0.29,0.39
2025-01-14 10:00:00,06,2.95,1020.51,5.47,138.92,10.85,0.24,1.02
2025-01-14 11:00:00,06,2.75,1021.47,5.23,124.56,8.97,0.51,1.35
2025-01-14 12:00:00,06,2.66,1022.39,4.72,104.03,7.34,1.67,2.47
2025-01-14 13:00:00,06,2.75,1023.01,4.48,99.09,6.44,2.22,3.08
2025-01-14 14:00:00,06,3.19,1024.05,4.77,100.91,5.84,2.48,3.41
2025-01-14 15:00:00,06,3.75,1024.58,4.08,101.56,5.07,2.44,3.33
2025-01-14 16:00:00,06,4.2,1024.77,3.19,109.76,4.27,2.1,2.95
2025-01-14 17:00:00,06,4.75,1023.83,2.95,128.24,4.32,1.5,2.32
2025-01-14 18:00:00,06,5.05,1022.79,3.24,139.67,4.67,0.81,1.58
2025-01-14 19:00:00,06,5.15,1022.08,3.22,141.8,5.02,0.17,0.81
2025-01-14 20:00:00,06,4.95,1021.94,3.47,152.54,5.5,-0.26,0.25
2025-01-14 21:00:00,06,4.49,1021.75,4.51,169.7,6.43,-0.37,0.1
2025-01-14 22:00:00,06,3.9,1021.74,4.2,185.2,7.13,-0.13,0.3
2025-01-14 23:00:00,06,3.55,1021.85,4.52,202.07,8.22,0.38,0.78
2025-01-15 00:00:00,06,3.35,1021.77,4.76,209.65,9.96,1.01,1.41
2025-01-15 01:00:00,06,3.1,1021.62,4.62,206.45,11.17,1.58,1.88
2025-01-15 02:00:00,06,3.0,1021.36,4.52,201.83,11.12,1.93,2.12
2025-01-15 03:00:00,06,2.85,1021.71,4.96,195.51,12.61,1.99,2.08
2025-01-15 04:00:00,06,2.85,1021.55,6.45,181.09,13.61,1.74,1.83
2025-01-15 05:00:00,06,2.87,1021.61,6.92,167.93,13.12,1.23,1.33
2025-01-14 12:00:00,12,2.67,1021.92,4.26,114.48,7.34,1.67,2.51
2025-01-14 13:00:00,12,2.75,1022.46,3.96,106.52,6.65,2.22,3.11
2025-01-14 14:00:00,12,3.36,1023.36,4.5,102.35,6.05,2.48,3.39
2025-01-14 15:00:00,12,4.05,1023.95,4.36,96.6,5.35,2.44,3.43
2025-01-14 16:00:00,12,4.55,1024.25,3.62,97.22,4.42,2.1,3.13
2025-01-14 17:00:00,12,5.06,1023.35,2.82,108.72,3.96,1.5,2.5
2025-01-14 18:00:00,12,5.35,1022.42,2.65,125.1,4.06,0.81,1.77
2025-01-14 19:00:00,12,5.45,1021.75,2.62,132.39,4.31,0.17,1.0
2025-01-14 20:00:00,12,5.15,1021.63,2.88,144.53,4.5,-0.26,0.54
2025-01-14 21:00:00,12,4.65,1021.49,3.63,164.2,5.44,-0.37,0.29
2025-01-14 22:00:00,12,3.95,1021.57,3.83,183.66,6.38,-0.13,0.6
2025-01-14 23:00:00,12,3.66,1021.76,3.86,199.41,7.26,0.38,1.08
2025-01-15 00:00:00,12,3.45,1021.64,4.4,211.69,8.99,1.01,1.57
2025-01-15 01:00:00,12,3.2,1021.69,4.54,203.64,10.57,1.58,2.11
2025-01-15 02:00:00,12,3.15,1021.47,4.64,204.48,11.36,1.93,2.32
2025-01-15 03:00:00,12,2.95,1021.55,4.93,191.71,12.62,1.99,2.24
2025-01-15 04:00:00,12,3.05,1021.6,6.42,181.3,13.62,1.74,1.96
2025-01-15 05:00:00,12,3.01,1021.61,7.04,166.7,13.7,1.23,1.36
2025-01-15 06:00:00,12,2.96,1021.54,7.48,158.69,13.3,0.6,0.72
2025-01-15 07:00:00,12,2.83,1022.61,8.49,143.74,13.32,0.01,0.03
2025-01-15 08:00:00,12,2.35,1024.05,7.91,112.15,11.73,-0.37,-0.35
2025-01-15 09:00:00,12,2.37,1025.29,8.6,106.56,11.02,-0.44,-0.32
2025-01-15 10:00:00,12,2.17,1026.14,8.64,118.67,11.74,-0.15,0.17
2025-01-15 11:00:00,12,1.82,1027.17,8.38,114.5,12.06,0.41,0.93
2025-01-14 18:00:00,18,5.45,1022.21,2.59,125.99,4.03,0.81,1.83
2025-01-14 19:00:00,18,5.55,1021.46,2.59,135.18,4.23,0.17,1.09
2025-01-14 20:00:00,18,5.35,1021.25,2.83,147.89,4.52,-0.26,0.56
2025-01-14 21:00:00,18,4.85,1020.93,3.65,167.91,5.55,-0.37,0.41
2025-01-14 22:00:00,18,4.15,1021.01,3.8,187.24,6.55,-0.13,0.59
2025-01-14 23:00:00,18,3.77,1021.25,3.85,201.5,7.41,0.38,1.08
2025-01-15 00:00:00,18,3.55,1021.13,4.53,212.37,9.39,1.01,1.69
2025-01-15 01:00:00,18,3.35,1021.36,4.62,201.09,10.91,1.58,2.24
2025-01-15 02:00:00,18,3.21,1021.47,4.82,203.57,11.81,1.93,2.46
2025-01-15 03:00:00,18,3.05,1021.29,4.98,189.2,13.0,1.99,2.39
2025-01-15 04:00:00,18,3.18,1021.17,6.48,178.01,13.81,1.74,2.02
2025-01-15 05:00:00,18,3.15,1021.46,7.09,159.01,13.52,1.23,1.5
2025-01-15 06:00:00,18,3.07,1021.52,6.96,149.83,12.58,0.6,0.84
2025-01-15 07:00:00,18,2.85,1022.59,7.86,127.19,11.94,0.01,0.23
2025-01-15 08:00:00,18,2.4,1024.27,7.6,103.98,10.44,-0.37,-0.07
2025-01-15 09:00:00,18,2.41,1025.41,8.98,107.38,11.28,-0.44,-0.06
2025-01-15 10:00:00,18,2.24,1026.11,8.6,116.84,12.37,-0.15,0.4
2025-01-15 11:00:00,18,1.94,1027.12,8.67,114.54,12.26,0.41,0.97
2025-01-15 12:00:00,18,1.77,1027.84,8.54,114.28,12.32,1.11,1.57
2025-01-15 13:00:00,18,1.83,1028.45,7.64,114.73,11.8,1.78,2.14
2025-01-15 14:00:00,18,2.15,1028.86,7.66,115.33,11.53,2.25,2.61
2025-01-15 15:00:00,18,2.75,1029.21,7.19,116.23,10.72,2.43,2.79
2025-01-15 16:00:00,18,3.23,1029.19,6.83,117.6,9.57,2.29,2.65
2025-01-15 17:00:00,18,3.6,1028.03,6.18,121.17,8.53,1.88,2.23
2025-01-15 01:00:00,00,3.55,1020.61,4.48,206.03,10.37,1.58,2.17
2025-01-15 02:00:00,00,3.41,1020.63,4.63,204.02,11.1,1.93,2.38
2025-01-15 03:00:00,00,3.35,1020.46,4.96,190.28,14.56,1.99,2.3
2025-01-15 04:00:00,00,3.59,1020.56,7.37,171.18,15.02,1.74,2.01
2025-01-15 05:00:00,00,3.48,1021.3,8.07,141.92,13.61,1.23,1.41
2025-01-15 06:00:00,00,3.15,1021.83,6.66,121.64,10.99,0.6,0.77
2025-01-15 07:00:00,00,2.63,1023.27,7.73,104.51,10.22,0.01,0.18
2025-01-15 08:00:00,00,2.43,1024.91,8.66,109.1,11.51,-0.37,0.0
2025-01-15 09:00:00,00,2.38,1025.97,9.24,115.81,13.13,-0.44,0.04
2025-01-15 10:00:00,00,1.98,1026.77,9.04,113.92,12.91,-0.15,0.43
2025-01-15 11:00:00,00,1.84,1027.63,8.57,116.09,12.0,0.41,0.89
2025-01-15 12:00:00,00,1.75,1028.08,8.29,114.45,12.16,1.11,1.59
2025-01-15 13:00:00,00,1.85,1028.8,7.68,114.41,11.42,1.78,2.26
2025-01-15 14:00:00,00,2.25,1029.12,7.29,115.3,11.12,2.25,2.64
2025-01-15 15:00:00,00,2.86,1029.46,6.77,117.54,10.19,2.43,2.81
2025-01-15 16:00:00,00,3.28,1029.25,6.62,117.99,9.38,2.29,2.68
2025-01-15 17:00:00,00,3.72,1028.25,6.11,122.57,8.43,1.88,2.36
2025-01-15 18:00:00,00,3.95,1027.15,5.66,126.78,7.83,1.25,1.73
2025-01-15 19:00:00,00,3.88,1026.77,5.28,135.82,7.04,0.56,0.95
2025-01-15 20:00:00,00,3.65,1026.82,5.01,139.58,6.63,-0.0,0.28
2025-01-15 21:00:00,00,3.32,1026.42,4.7,134.96,6.66,-0.32,-0.04
2025-01-15 22:00:00,00,2.63,1026.49,4.31,134.49,6.38,-0.31,-0.03
2025-01-15 23:00:00,00,2.4,1026.65,3.63,135.68,5.43,0.02,0.4
2025-01-15 06:00:00,06,3.15,1021.78,6.6,109.93,9.82,0.6,1.17
2025-01-15 07:00:00,06,2.65,1023.34,7.85,99.62,10.52,0.01,0.86
2025-01-15 08:00:00,06,2.47,1024.88,8.59,103.61,11.81,-0.37,0.63
2025-01-15 09:00:00,06,2.47,1025.86,9.41,110.47,13.23,-0.44,0.66
2025-01-15 10:00:00,06,2.06,1026.68,8.69,109.88,13.04,-0.15,0.68
2025-01-15 11:00:00,06,1.99,1027.67,8.7,112.34,12.21,0.05,0.79
2025-01-15 12:00:00,06,1.87,1028.01,8.52,110.44,12.42,1.11,1.85
2025-01-15 13:00:00,06,1.9,1028.7,7.62,109.61,11.82,1.78,2.42
2025-01-15 14:00:00,06,2.35,1029.0,7.28,111.01,11.24,2.25,2.79
2025-01-15 15:00:00,06,2.85,1029.36,6.92,113.04,10.51,2.43,2.87
2025-01-15 16:00:00,06,3.4,1029.16,7.0,112.53,9.91,2.29,2.83
2025-01-15 17:00:00,06,3.75,1028.06,6.32,116.6,8.62,1.88,2.41
2025-01-15 18:00:00,06,3.95,1027.38,5.78,127.43,7.87,1.25,1.78
2025-01-15 19:00:00,06,3.95,1026.83,5.45,135.66,7.21,0.56,1.0
2025-01-15 20:00:00,06,3.78,1026.91,5.29,136.09,7.13,-0.0,0.43
2025-01-15 21:00:00,06,3.36,1026.55,4.87,132.02,6.99,-0.32,0.11
2025-01-15 22:00:00,06,2.72,1026.35,4.34,128.0,6.51,-0.31,0.12
2025-01-15 23:00:00,06,2.43,1026.65,3.78,125.65,5.52,0.02,0.45
2025-01-16 00:00:00,06,2.36,1027.18,2.9,125.91,4.3,0.56,0.99
2025-01-16 01:00:00,06,2.37,1027.29,2.7,117.96,3.93,1.19,1.52
2025-01-16 02:00:00,06,2.24,1027.3,2.18,125.37,3.05,1.71,2.04
2025-01-16 03:00:00,06,2.21,1026.88,1.85,106.93,2.27,1.99,2.32
2025-01-16 04:00:00,06,2.25,1026.52,2.0,91.13,2.1,1.96,2.39
2025-01-16 05:00:00,06,2.18,1026.03,1.84,88.29,1.83,1.66,2.08
2025-01-15 12:00:00,12,1.63,1027.82,8.43,111.54,12.18,1.11,1.63
2025-01-15 13:00:00,12,1.75,1028.53,7.8,109.56,11.84,1.78,2.23
2025-01-15 14:00:00,12,2.11,1028.81,7.51,109.84,11.63,2.25,2.71
2025-01-15 15:00:00,12,2.64,1029.15,7.21,110.58,10.82,2.43,2.91
2025-01-15 16:00:00,12,3.1,1029.04,7.43,109.75,10.1,2.29,2.78
2025-01-15 17:00:00,12,3.45,1027.93,6.66,112.26,8.91,1.88,2.46
2025-01-15 18:00:00,12,3.65,1026.99,5.9,120.04,8.01,1.25,1.83
2025-01-15 19:00:00,12,3.6,1026.53,5.44,130.44,7.25,0.56,1.14
2025-01-15 20:00:00,12,3.44,1026.54,5.25,131.99,6.97,-0.0,0.47
2025-01-15 21:00:00,12,3.07,1026.43,4.81,130.97,6.83,-0.32,0.15
2025-01-15 22:00:00,12,2.54,1026.33,4.43,126.28,6.4,-0.31,0.16
2025-01-15 23:00:00,12,2.2,1026.76,3.68,123.71,5.12,0.02,0.48
2025-01-16 00:00:00,12,2.05,1027.15,2.89,120.31,4.08,0.56,1.03
2025-01-16 01:00:00,12,2.05,1027.27,2.78,107.93,3.72,1.19,1.65
2025-01-16 02:00:00,12,1.96,1027.17,2.3,100.45,2.86,1.71,2.07
2025-01-16 03:00:00,12,2.01,1026.71,2.2,82.82,2.37,1.99,2.34
2025-01-16 04:00:00,12,1.99,1026.4,2.22,77.83,2.11,1.96,2.42
2025-01-16 05:00:00,12,1.97,1026.03,1.99,78.97,1.8,1.66,2.11
2025-01-16 06:00:00,12,1.85,1025.3,1.46,74.06,1.29,1.12,1.57
2025-01-16 07:00:00,12,1.9,1025.16,0.7,76.41,0.89,0.49,0.94
2025-01-16 08:00:00,12,1.88,1024.66,0.27,93.02,0.91,-0.04,0.41
2025-01-16 09:00:00,12,1.77,1023.75,0.59,271.3,1.25,-0.33,0.12
2025-01-16 10:00:00,12,1.75,1023.07,1.55,252.42,2.13,-0.3,0.15
2025-01-16 11:00:00,12,1.68,1022.9,2.36,236.03,3.17,0.04,0.49
2025-01-15 18:00:00,18,3.57,1027.08,5.89,123.05,7.93,1.25,1.74
2025-01-15 19:00:00,18,3.55,1026.56,5.5,134.39,7.13,0.56,1.03
2025-01-15 20:00:00,18,3.39,1026.47,5.37,135.65,7.07,-0.0,0.36
2025-01-15 21:00:00,18,3.06,1026.37,4.9,136.03,6.83,-0.32,-0.1
2025-01-15 22:00:00,18,2.46,1026.32,4.58,131.88,6.77,-0.31,-0.12
2025-01-15 23:00:00,18,2.23,1026.63,3.81,129.71,5.71,-0.21,-0.02
2025-01-16 00:00:00,18,2.02,1027.01,2.99,127.81,4.77,0.56,0.87
2025-01-16 01:00:00,18,2.01,1027.06,2.88,114.55,4.42,1.19,1.41
2025-01-16 02:00:00,18,1.98,1027.02,2.38,121.02,3.5,1.71,1.95
2025-01-16 03:00:00,18,1.95,1026.59,2.05,111.14,2.7,1.99,2.24
2025-01-16 04:00:00,18,1.93,1026.31,2.18,94.14,2.41,1.96,2.33
2025-01-16 05:00:00,18,1.91,1025.97,1.82,94.47,2.05,1.66,2.03
2025-01-16 06:00:00,18,1.85,1025.31,1.42,92.71,1.55,1.12,1.51
2025-01-16 07:00:00,18,1.78,1025.01,0.84,95.13,1.05,0.49,0.9
2025-01-16 08:00:00,18,1.74,1024.33,0.3,85.29,0.79,-0.04,0.38
2025-01-16 09:00:00,18,1.79,1023.63,0.54,262.51,1.15,-0.33,0.1
2025-01-16 10:00:00,18,1.65,1022.97,1.63,250.87,2.17,-0.3,0.14
2025-01-16 11:00:00,18,1.66,1022.77,2.54,235.63,3.45,0.04,0.5
2025-01-16 12:00:00,18,1.67,1022.52,3.23,228.78,4.55,0.61,1.07
2025-01-16 13:00:00,18,1.84,1021.86,3.76,224.7,5.77,1.27,1.73
2025-01-16 14:00:00,18,2.47,1021.42,4.13,219.82,6.57,1.87,2.33
2025-01-16 15:00:00,18,3.25,1020.66,4.39,222.23,7.51,2.24,2.7
2025-01-16 16:00:00,18,4.02,1019.26,5.29,228.57,8.35,2.3,2.67
2025-01-16 17:00:00,18,4.35,1017.11,5.65,226.37,8.86,2.08,2.44
2025-01-16 01:00:00,00,1.75,1026.84,2.77,123.29,4.72,1.19,1.27
2025-01-16 02:00:00,00,1.67,1026.72,2.46,135.97,4.31,1.71,1.71
2025-01-16 03:00:00,00,1.65,1026.25,2.24,155.86,3.77,1.99,2.02
2025-01-16 04:00:00,00,1.57,1025.94,2.06,152.19,3.19,1.96,2.01
2025-01-16 05:00:00,00,1.59,1025.65,2.18,121.91,2.75,1.66,1.83
2025-01-16 06:00:00,00,1.55,1025.03,1.72,107.58,2.17,1.12,1.32
2025-01-16 07:00:00,00,1.56,1024.69,1.15,105.43,1.5,0.49,0.72
2025-01-16 08:00:00,00,1.56,1024.04,0.74,97.55,0.99,-0.04,0.21
2025-01-16 09:00:00,00,1.46,1023.45,0.22,171.32,0.87,-0.33,-0.06
2025-01-16 10:00:00,00,1.4,1022.94,1.07,236.74,1.51,-0.3,0.0
2025-01-16 11:00:00,00,1.36,1022.88,2.09,232.76,2.63,0.04,0.37
2025-01-16 12:00:00,00,1.34,1022.66,2.81,232.41,3.63,0.61,0.97
2025-01-16 13:00:00,00,1.5,1022.13,3.43,228.61,5.12,1.27,1.66
2025-01-16 14:00:00,00,2.19,1021.52,3.8,229.85,6.05,1.87,2.28
2025-01-16 15:00:00,00,2.99,1020.64,4.11,230.76,6.53,2.24,2.68
2025-01-16 16:00:00,00,3.79,1019.53,4.81,232.5,7.79,2.3,2.77
2025-01-16 17:00:00,00,4.19,1017.44,5.54,228.3,8.6,2.08,2.44
2025-01-16 18:00:00,00,4.27,1015.71,5.16,222.51,8.71,1.6,1.97
2025-01-16 19:00:00,00,4.57,1014.07,4.98,224.1,8.82,0.96,1.33
2025-01-16 20:00:00,00,4.55,1013.38,5.09,221.35,9.6,0.33,0.7
2025-01-16 21:00:00,00,4.39,1012.84,5.37,225.17,10.18,-0.13,0.24
2025-01-16 22:00:00,00,3.88,1012.3,5.13,228.5,10.64,-0.31,0.05
2025-01-16 23:00:00,00,3.36,1012.19,4.35,234.11,10.12,-0.19,0.18
2025-01-16 06:00:00,06,1.85,1025.09,1.66,137.74,2.2,1.12,1.33
2025-01-16 07:00:00,06,1.75,1024.81,1.39,155.47,1.86,0.49,0.74
2025-01-16 08:00:00,06,1.72,1024.15,1.27,175.84,1.66,-0.04,0.21
2025-01-16 09:00:00,06,1.71,1023.5,1.67,198.87,2.08,-0.33,-0.11
2025-01-16 10:00:00,06,1.67,1022.94,2.16,206.14,2.72,-0.3,0.01
2025-01-16 11:00:00,06,1.65,1022.76,2.81,209.43,3.64,0.04,0.36
2025-01-16 12:00:00,06,1.66,1022.49,3.05,217.71,4.31,0.61,0.95
2025-01-16 13:00:00,06,1.74,1022.04,3.55,217.58,5.55,1.27,1.62
2025-01-16 14:00:00,06,2.46,1021.38,3.96,228.61,6.34,1.87,2.24
2025-01-16 15:00:00,06,3.25,1020.58,4.22,226.99,6.87,2.24,2.62
2025-01-16 16:00:00,06,4.05,1019.41,5.04,232.27,7.98,2.3,2.6
2025-01-16 17:00:00,06,4.37,1017.39,5.62,224.58,8.6,2.08,2.38
2025-01-16 18:00:00,06,4.65,1015.55,5.34,221.62,9.04,1.6,1.92
2025-01-16 19:00:00,06,4.81,1014.0,5.51,220.54,9.37,0.96,1.29
2025-01-16 20:00:00,06,4.77,1013.45,5.12,214.87,9.89,0.33,0.68
2025-01-16 21:00:00,06,4.55,1012.89,5.43,224.45,10.47,-0.13,0.23
2025-01-16 22:00:00,06,4.05,1012.38,5.61,228.91,11.25,-0.31,0.06
2025-01-16 23:00:00,06,3.65,1012.19,4.86,236.37,10.9,-0.19,0.18
2025-01-17 00:00:00,06,3.43,1012.15,5.11,230.96,11.81,0.2,0.57
2025-01-17 01:00:00,06,3.43,1012.07,5.16,223.38,12.41,0.77,1.14
2025-01-17 02:00:00,06,3.35,1012.2,5.63,212.09,14.32,1.36,1.63
2025-01-17 03:00:00,06,3.41,1012.64,6.33,198.37,15.37,1.82,2.09
2025-01-17 04:00:00,06,3.25,1013.37,6.77,181.12,15.47,2.0,2.17
2025-01-17 05:00:00,06,3.15,1013.96,6.42,177.43,14.64,1.9,2.07
2025-01-16 12:00:00,12,1.56,1022.59,3.02,218.83,4.12,0.61,1.03
2025-01-16 13:00:00,12,1.63,1022.19,3.56,218.54,5.37,1.27,1.65
2025-01-16 14:00:00,12,2.36,1021.52,3.93,227.42,6.26,1.87,2.23
2025-01-16 15:00:00,12,3.2,1020.7,4.17,225.95,6.82,2.24,2.62
2025-01-16 16:00:00,12,3.92,1019.41,5.06,232.66,8.1,2.3,2.73
2025-01-16 17:00:00,12,4.32,1017.3,5.55,225.76,8.83,2.08,2.41
2025-01-16 18:00:00,12,4.35,1015.35,5.19,225.85,9.23,1.6,1.94
2025-01-16 19:00:00,12,4.75,1013.79,5.55,219.11,9.92,0.96,1.3
2025-01-16 20:00:00,12,4.69,1013.36,5.48,212.39,10.5,0.33,0.68
2025-01-16 21:00:00,12,4.57,1012.74,6.03,227.77,11.32,-0.13,0.22
2025-01-16 22:00:00,12,3.98,1012.1,5.85,231.04,11.41,-0.31,0.04
2025-01-16 23:00:00,12,3.55,1011.85,4.99,238.96,11.41,-0.19,0.17
2025-01-17 00:00:00,12,3.52,1011.77,5.05,233.11,12.16,0.2,0.56
2025-01-17 01:00:00,12,3.35,1011.77,5.26,223.69,13.24,0.77,1.03
2025-01-17 02:00:00,12,3.35,1012.03,5.68,209.24,14.84,1.36,1.64
2025-01-17 03:00:00,12,3.35,1012.53,6.78,199.99,15.91,1.82,2.09
2025-01-17 04:00:00,12,3.26,1013.03,6.48,182.65,15.51,2.0,2.18
2025-01-17 05:00:00,12,3.23,1013.64,6.31,176.92,14.39,1.9,2.08
2025-01-17 06:00:00,12,3.12,1013.96,6.18,171.96,13.25,1.54,1.62
2025-01-17 07:00:00,12,2.97,1014.98,5.89,170.45,12.91,0.99,1.07
2025-01-17 08:00:00,12,2.86,1015.93,5.94,160.98,12.21,0.4,0.48
2025-01-17 09:00:00,12,2.74,1016.78,5.41,144.23,10.5,-0.05,0.04
2025-01-17 10:00:00,12,2.55,1017.87,4.52,138.15,8.52,-0.23,-0.05
2025-01-17 11:00:00,12,2.38,1019.17,4.01,137.1,7.54,-0.13,0.26
2025-01-16 18:00:00,18,4.71,1015.32,5.12,225.81,8.95,1.6,2.06
2025-01-16 19:00:00,18,5.07,1013.82,5.23,216.93,9.86,0.96,1.42
2025-01-16 20:00:00,18,4.77,1013.44,5.13,211.35,10.25,0.33,0.72
2025-01-16 21:00:00,18,4.68,1012.79,5.71,231.16,11.0,-0.13,0.26
2025-01-16 22:00:00,18,4.15,1012.25,5.59,229.45,11.09,-0.31,0.13
2025-01-16 23:00:00,18,3.75,1012.0,4.72,238.62,11.2,-0.3,0.2
2025-01-17 00:00:00,18,3.7,1011.76,5.07,232.06,12.27,0.2,0.69
2025-01-17 01:00:00,18,3.57,1011.79,5.23,220.5,13.75,0.77,1.25
2025-01-17 02:00:00,18,3.57,1012.08,5.74,207.31,15.42,1.36,1.74
2025-01-17 03:00:00,18,3.69,1012.65,6.93,195.92,15.94,1.82,2.18
2025-01-17 04:00:00,18,3.57,1013.25,6.62,180.32,15.62,2.0,2.26
2025-01-17 05:00:00,18,3.46,1013.81,6.47,174.8,14.15,1.9,2.15
2025-01-17 06:00:00,18,3.31,1014.21,6.28,171.38,13.17,1.54,1.78
2025-01-17 07:00:00,18,3.27,1015.19,6.0,166.61,12.21,0.99,1.11
2025-01-17 08:00:00,18,3.06,1016.28,5.94,155.41,11.58,0.4,0.52
2025-01-17 09:00:00,18,2.96,1017.26,5.66,138.47,10.61,-0.05,0.06
2025-01-17 10:00:00,18,2.79,1018.31,4.66,127.43,8.95,-0.23,0.07
2025-01-17 11:00:00,18,2.61,1019.49,4.08,130.39,7.8,-0.13,0.36
2025-01-17 12:00:00,18,2.45,1020.53,3.54,139.62,6.61,0.25,0.84
2025-01-17 13:00:00,18,2.68,1021.32,3.15,143.12,5.78,0.8,1.29
2025-01-17 14:00:00,18,3.4,1022.28,3.02,143.45,5.08,1.41,1.8
2025-01-17 15:00:00,18,4.16,1023.12,2.7,149.83,4.53,1.91,2.3
2025-01-17 16:00:00,18,4.98,1022.9,2.33,136.05,4.07,2.16,2.65
2025-01-17 17:00:00,18,5.67,1022.19,2.07,128.68,3.09,2.12,2.61
2025-01-17 01:00:00,00,3.35,1011.87,4.79,226.88,12.54,0.77,1.27
2025-01-17 02:00:00,00,3.35,1012.04,5.03,213.56,14.43,1.36,1.91
2025-01-17 03:00:00,00,3.96,1012.93,7.06,192.36,16.31,1.82,2.3
2025-01-17 04:00:00,00,3.77,1013.41,6.85,182.54,15.21,2.0,2.5
2025-01-17 05:00:00,00,3.56,1014.09,6.38,170.04,13.94,1.9,2.29
2025-01-17 06:00:00,00,3.41,1014.55,5.97,156.76,12.54,1.54,1.92
2025-01-17 07:00:00,00,3.29,1015.69,5.4,143.18,11.31,0.99,1.36
2025-01-17 08:00:00,00,3.13,1016.85,5.11,132.41,10.26,0.4,0.76
2025-01-17 09:00:00,00,2.85,1017.67,5.0,119.65,9.68,-0.05,0.31
2025-01-17 10:00:00,00,2.75,1018.86,4.74,114.29,8.77,-0.23,0.21
2025-01-17 11:00:00,00,2.59,1020.06,4.49,115.62,8.21,-0.13,0.51
2025-01-17 12:00:00,00,2.4,1021.07,3.88,123.7,7.14,0.25,0.98
2025-01-17 13:00:00,00,2.59,1021.67,3.24,129.09,5.94,0.8,1.42
2025-01-17 14:00:00,00,3.18,1022.6,2.95,137.06,5.03,1.41,1.92
2025-01-17 15:00:00,00,4.06,1023.48,2.43,141.18,4.31,1.91,2.42
2025-01-17 16:00:00,00,4.91,1023.16,2.07,117.81,3.6,2.16,2.66
2025-01-17 17:00:00,00,5.57,1022.48,1.82,115.99,2.75,2.12,2.72
2025-01-17 18:00:00,00,6.25,1021.56,0.56,111.75,1.3,1.82,2.41
2025-01-17 19:00:00,00,6.54,1021.37,0.63,269.37,1.72,1.3,1.9
2025-01-17 20:00:00,00,6.46,1021.21,0.96,323.86,2.01,0.68,1.28
2025-01-17 21:00:00,00,6.13,1021.46,1.31,313.65,2.76,0.15,0.75
2025-01-17 22:00:00,00,4.47,1021.73,1.49,329.22,2.75,-0.17,0.52
2025-01-17 23:00:00,00,4.01,1022.17,2.65,316.58,4.21,-0.23,0.46
2025-01-17 06:00:00,06,3.29,1014.25,5.54,161.7,12.34,1.54,2.16
2025-01-17 07:00:00,06,3.31,1015.33,4.91,143.68,10.92,0.99,1.58
2025-01-17 08:00:00,06,3.17,1016.49,4.81,131.25,10.45,0.4,0.95
2025-01-17 09:00:00,06,3.04,1017.37,4.78,111.3,9.9,-0.05,0.55
2025-01-17 10:00:00,06,2.85,1018.66,4.91,103.35,9.33,-0.23,0.44
2025-01-17 11:00:00,06,2.8,1019.94,4.93,101.28,9.01,-0.13,0.64
2025-01-17 12:00:00,06,2.69,1021.06,4.79,106.17,8.6,0.25,1.01
2025-01-17 13:00:00,06,2.79,1021.66,4.24,109.62,8.03,0.8,1.55
2025-01-17 14:00:00,06,3.47,1022.66,3.83,112.5,7.46,1.41,2.16
2025-01-17 15:00:00,06,4.29,1023.59,3.47,109.01,6.53,1.91,2.55
2025-01-17 16:00:00,06,4.95,1023.23,3.52,94.55,5.35,2.16,2.79
2025-01-17 17:00:00,06,5.59,1022.5,2.19,96.64,3.49,2.12,2.75
2025-01-17 18:00:00,06,6.28,1021.54,0.7,70.24,1.51,1.82,2.44
2025-01-17 19:00:00,06,6.45,1021.45,0.63,302.16,1.79,1.3,2.02
2025-01-17 20:00:00,06,6.26,1021.28,1.32,341.01,2.12,0.68,1.29
2025-01-17 21:00:00,06,5.51,1021.6,1.6,329.05,2.74,0.15,0.85
2025-01-17 22:00:00,06,4.49,1021.7,2.16,345.11,2.96,-0.17,0.53
2025-01-17 23:00:00,06,4.11,1022.3,2.63,325.15,4.25,-0.23,0.47
2025-01-18 00:00:00,06,3.72,1022.46,4.01,297.41,6.43,-0.02,0.68
2025-01-18 01:00:00,06,3.55,1022.4,4.18,291.7,7.37,0.41,1.01
2025-01-18 02:00:00,06,3.35,1022.52,4.32,283.16,8.53,0.98,1.57
2025-01-18 03:00:00,06,3.25,1022.5,4.53,281.87,9.61,1.52,2.12
2025-01-18 04:00:00,06,3.19,1021.74,4.81,284.89,10.37,1.88,2.48
2025-01-18 05:00:00,06,3.08,1021.67,4.73,274.8,10.76,1.97,2.47
2025-01-17 12:00:00,12,2.53,1021.19,3.25,103.24,6.05,0.25,1.26
2025-01-17 13:00:00,12,2.71,1021.84,2.63,112.43,4.97,0.8,1.75
2025-01-17 14:00:00,12,3.47,1022.78,2.22,121.42,4.28,1.41,2.31
2025-01-17 15:00:00,12,4.49,1023.59,1.47,125.28,3.04,1.91,2.79
2025-01-17 16:00:00,12,5.39,1023.19,1.5,95.29,2.66,2.16,3.02
2025-01-17 17:00:00,12,6.16,1022.36,0.97,104.07,1.82,2.18,3.08
2025-01-17 18:00:00,12,6.69,1021.27,0.36,316.72,1.33,1.82,2.7
2025-01-17 19:00:00,12,7.01,1020.95,1.02,313.36,2.21,1.3,2.15
2025-01-17 20:00:00,12,7.67,1020.8,1.59,332.0,2.63,0.68,1.52
2025-01-17 21:00:00,12,5.71,1021.29,1.58,313.75,3.29,0.15,1.06
2025-01-17 22:00:00,12,4.69,1021.65,1.69,324.48,3.37,-0.17,0.71
2025-01-17 23:00:00,12,4.18,1022.28,3.27,306.62,5.26,-0.23,0.63
2025-01-18 00:00:00,12,3.79,1022.48,4.36,296.12,7.11,-0.02,0.82
2025-01-18 01:00:00,12,3.6,1022.41,4.14,294.41,8.11,0.41,1.13
2025-01-18 02:00:00,12,3.51,1022.29,4.59,285.75,9.61,0.98,1.67
2025-01-18 03:00:00,12,3.41,1022.39,4.65,283.85,10.5,1.52,2.19
2025-01-18 04:00:00,12,3.35,1021.51,4.83,288.8,10.71,1.88,2.52
2025-01-18 05:00:00,12,3.26,1021.48,4.74,279.38,11.2,1.97,2.59
2025-01-18 06:00:00,12,3.2,1021.01,4.53,278.28,11.08,1.8,2.32
2025-01-18 07:00:00,12,3.27,1020.52,4.12,283.65,10.7,1.4,1.92
2025-01-18 08:00:00,12,3.32,1019.32,3.51,294.39,9.72,0.86,1.38
2025-01-18 09:00:00,12,3.35,1018.58,3.07,282.14,8.62,0.34,0.86
2025-01-18 10:00:00,12,3.41,1018.56,3.23,274.08,8.29,0.0,0.52
2025-01-18 11:00:00,12,3.55,1017.73,2.62,286.15,6.2,-0.1,0.42
2025-01-17 18:00:00,18,6.89,1021.36,0.83,1.58,1.35,1.82,2.74
2025-01-17 19:00:00,18,7.23,1021.21,1.35,335.4,2.09,1.3,2.28
2025-01-17 20:00:00,18,6.43,1021.09,2.19,347.06,2.81,0.68,1.62
2025-01-17 21:00:00,18,5.66,1021.6,2.39,337.21,3.42,0.15,1.02
2025-01-17 22:00:00,18,4.8,1021.9,2.56,335.59,4.11,-0.17,0.66
2025-01-17 23:00:00,18,4.34,1022.5,3.67,308.76,6.03,-0.23,0.6
2025-01-18 00:00:00,18,3.93,1022.69,4.25,295.57,7.2,-0.02,0.8
2025-01-18 01:00:00,18,3.85,1022.58,4.15,296.31,7.89,0.41,1.13
2025-01-18 02:00:00,18,3.68,1022.48,4.81,286.5,9.5,0.98,1.68
2025-01-18 03:00:00,18,3.57,1022.61,4.86,282.68,10.53,1.52,2.12
2025-01-18 04:00:00,18,3.6,1021.71,5.04,286.19,10.86,1.88,2.47
2025-01-18 05:00:00,18,3.5,1021.43,4.88,281.03,11.3,1.97,2.56
2025-01-18 06:00:00,18,3.41,1020.9,4.57,279.57,11.2,1.8,2.38
2025-01-18 07:00:00,18,3.45,1020.58,4.35,282.83,11.15,1.4,1.97
2025-01-18 08:00:00,18,3.59,1019.7,3.74,287.67,10.37,0.86,1.42
2025-01-18 09:00:00,18,3.67,1018.23,3.31,291.65,9.53,0.34,0.89
2025-01-18 10:00:00,18,3.65,1017.99,2.85,289.73,7.58,0.0,0.55
2025-01-18 11:00:00,18,3.85,1017.63,2.94,290.73,7.4,-0.1,0.44
2025-01-18 12:00:00,18,4.28,1017.56,2.82,278.57,7.24,0.06,0.6
2025-01-18 13:00:00,18,4.36,1016.59,2.57,286.59,6.48,0.44,0.98
2025-01-18 14:00:00,18,4.87,1016.71,3.35,262.4,9.31,0.96,1.6
2025-01-18 15:00:00,18,5.4,1016.83,4.12,246.35,10.54,1.5,2.04
2025-01-18 16:00:00,18,5.69,1015.17,3.21,244.43,9.13,1.89,2.43
2025-01-18 17:00:00,18,6.38,1013.05,3.45,238.03,10.32,2.02,2.46
2025-01-18 01:00:00,00,3.76,1022.25,4.04,299.51,7.71,0.41,1.31
2025-01-18 02:00:00,00,3.67,1022.11,4.56,289.9,9.2,0.98,1.84
2025-01-18 03:00:00,00,3.57,1022.22,4.57,285.15,10.11,1.52,2.36
2025-01-18 04:00:00,00,3.6,1021.3,4.81,288.68,10.67,1.88,2.73
2025-01-18 05:00:00,00,3.5,1020.98,4.85,281.78,11.37,1.97,2.8
2025-01-18 06:00:00,00,3.5,1020.53,4.57,276.5,11.18,1.8,2.6
2025-01-18 07:00:00,00,3.44,1020.19,4.39,277.45,11.28,1.4,2.18
2025-01-18 08:00:00,00,3.55,1019.24,4.0,281.82,10.79,0.86,1.61
2025-01-18 09:00:00,00,3.68,1017.81,3.47,293.1,9.77,0.34,1.06
2025-01-18 10:00:00,00,3.77,1017.32,3.11,297.35,8.5,0.0,0.7
2025-01-18 11:00:00,00,3.89,1017.24,2.81,290.79,7.62,-0.1,0.58
2025-01-18 12:00:00,00,4.25,1017.17,2.7,284.43,7.17,0.06,0.71
2025-01-18 13:00:00,00,4.48,1016.69,2.58,282.86,6.46,0.44,1.07
2025-01-18 14:00:00,00,4.75,1016.34,3.2,265.45,8.9,0.96,1.67
2025-01-18 15:00:00,00,5.35,1015.42,3.45,267.71,8.84,1.5,2.08
2025-01-18 16:00:00,00,5.97,1014.49,4.28,250.79,11.52,1.89,2.44
2025-01-18 17:00:00,00,7.15,1011.85,4.02,232.26,10.1,2.02,2.58
2025-01-18 18:00:00,00,6.72,1010.7,3.65,222.87,10.04,1.89,2.45
2025-01-18 19:00:00,00,6.72,1010.23,3.61,240.46,9.51,1.53,2.09
2025-01-18 20:00:00,00,6.82,1010.47,4.26,246.54,9.06,1.01,1.56
2025-01-18 21:00:00,00,6.65,1010.01,3.54,248.67,7.86,0.46,1.02
2025-01-18 22:00:00,00,5.95,1010.07,3.01,223.59,4.73,0.05,0.6
2025-01-18 23:00:00,00,5.35,1010.81,2.57,229.92,4.16,-0.15,0.41
2025-01-18 06:00:00,06,3.35,1020.54,4.21,277.33,10.01,1.8,2.6
2025-01-18 07:00:00,06,3.39,1020.26,4.08,277.31,9.7,1.4,2.19
2025-01-18 08:00:00,06,3.35,1019.46,3.9,279.42,9.3,0.86,1.64
2025-01-18 09:00:00,06,3.43,1018.19,3.48,291.17,8.37,0.34,1.1
2025-01-18 10:00:00,06,3.55,1017.77,3.19,298.35,8.22,0.0,0.74
2025-01-18 11:00:00,06,3.69,1017.78,2.57,293.03,6.7,-0.1,0.63
2025-01-18 12:00:00,06,4.05,1017.85,2.3,284.32,6.14,0.06,0.77
2025-01-18 13:00:00,06,4.28,1017.01,2.1,288.01,5.79,0.44,1.14
2025-01-18 14:00:00,06,4.76,1016.74,2.35,272.22,7.02,0.96,1.65
2025-01-18 15:00:00,06,5.08,1015.51,3.14,272.9,7.99,1.5,2.17
2025-01-18 16:00:00,06,6.26,1014.55,4.41,264.03,10.08,1.89,2.55
2025-01-18 17:00:00,06,5.96,1012.32,2.99,246.45,7.63,2.02,2.67
2025-01-18 18:00:00,06,6.92,1011.32,3.67,228.47,8.69,1.89,2.52
2025-01-18 19:00:00,06,6.78,1010.13,3.3,232.44,8.4,1.53,2.15
2025-01-18 20:00:00,06,6.85,1010.16,3.81,245.33,8.16,1.01,1.61
2025-01-18 21:00:00,06,6.65,1010.07,3.41,242.58,7.36,0.46,1.05
2025-01-18 22:00:00,06,5.85,1010.28,2.98,228.28,5.3,0.05,0.72
2025-01-18 23:00:00,06,5.4,1010.82,2.69,222.96,4.83,-0.15,0.53
2025-01-19 00:00:00,06,5.15,1011.04,2.48,223.22,4.12,-0.11,0.47
2025-01-19 01:00:00,06,5.05,1011.06,2.68,223.04,4.61,0.17,0.75
2025-01-19 02:00:00,06,4.95,1011.09,2.98,224.02,5.62,0.64,1.21
2025-01-19 03:00:00,06,4.85,1011.41,3.16,224.79,6.16,1.17,1.75
2025-01-19 04:00:00,06,4.65,1011.25,2.76,216.0,5.42,1.64,2.21
2025-01-19 05:00:00,06,4.55,1010.89,2.45,215.21,4.17,1.91,2.48
2025-01-18 12:00:00,12,4.05,1017.63,2.27,285.38,5.79,0.06,0.9
2025-01-18 13:00:00,12,4.25,1016.64,2.11,295.34,5.3,0.44,1.35
2025-01-18 14:00:00,12,4.73,1016.25,2.7,283.04,6.94,0.96,1.89
2025-01-18 15:00:00,12,5.28,1014.71,3.37,281.97,8.45,1.5,2.48
2025-01-18 16:00:00,12,6.46,1013.96,4.07,256.2,9.49,1.89,2.85
2025-01-18 17:00:00,12,6.55,1011.18,3.53,261.62,8.22,1.98,2.97
2025-01-18 18:00:00,12,7.18,1010.4,3.47,223.65,8.22,1.89,2.85
2025-01-18 19:00:00,12,6.88,1008.94,3.93,255.77,9.11,1.53,2.46
2025-01-18 20:00:00,12,6.85,1009.92,4.91,249.1,9.86,1.01,1.9
2025-01-18 21:00:00,12,6.65,1009.41,4.36,247.02,8.82,0.46,1.32
2025-01-18 22:00:00,12,6.33,1009.76,3.99,233.24,7.74,0.05,0.88
2025-01-18 23:00:00,12,5.62,1010.16,3.13,224.82,6.27,-0.15,0.65
2025-01-19 00:00:00,12,5.35,1010.73,3.04,222.69,6.44,-0.11,0.56
2025-01-19 01:00:00,12,5.15,1010.85,2.91,217.08,5.66,0.17,0.8
2025-01-19 02:00:00,12,4.95,1010.93,2.76,216.04,5.47,0.64,1.23
2025-01-19 03:00:00,12,4.85,1011.14,2.61,218.72,4.81,1.17,1.84
2025-01-19 04:00:00,12,4.75,1011.07,2.44,214.86,4.3,1.64,2.27
2025-01-19 05:00:00,12,4.65,1011.08,2.93,205.16,5.78,1.91,2.51
2025-01-19 06:00:00,12,4.55,1011.13,2.68,200.12,5.26,1.92,2.42
2025-01-19 07:00:00,12,4.45,1010.66,1.89,189.33,1.95,1.68,2.18
2025-01-19 08:00:00,12,4.35,1010.64,2.0,197.45,2.03,1.26,1.86
2025-01-19 09:00:00,12,4.25,1010.63,1.73,195.52,1.6,0.76,1.36
2025-01-19 10:00:00,12,4.85,1009.68,2.19,68.54,2.36,0.33,1.03
2025-01-19 11:00:00,12,4.65,1009.85,2.45,59.43,3.7,0.08,0.78
2025-01-18 18:00:00,18,7.15,1010.52,3.24,224.02,7.82,1.89,2.84
2025-01-18 19:00:00,18,6.85,1009.14,4.06,255.65,9.25,1.53,2.51
2025-01-18 20:00:00,18,6.75,1010.31,5.12,245.66,10.32,1.01,1.93
2025-01-18 21:00:00,18,6.55,1009.47,4.17,255.5,8.25,0.46,1.39
2025-01-18 22:00:00,18,6.19,1009.73,3.78,243.01,7.42,0.05,0.95
2025-01-18 23:00:00,18,5.45,1009.83,2.55,227.47,4.42,-0.06,0.86
2025-01-19 00:00:00,18,5.25,1010.32,2.79,219.76,6.02,-0.11,0.69
2025-01-19 01:00:00,18,5.05,1010.44,2.82,209.08,6.02,0.17,1.04
2025-01-19 02:00:00,18,4.85,1010.6,2.58,209.17,5.09,0.64,1.48
2025-01-19 03:00:00,18,4.75,1010.89,2.45,218.15,4.27,1.17,1.99
2025-01-19 04:00:00,18,4.65,1010.81,2.39,214.93,3.92,1.64,2.43
2025-01-19 05:00:00,18,4.55,1010.95,2.67,208.14,4.92,1.91,2.67
2025-01-19 06:00:00,18,4.45,1011.09,2.44,204.67,5.03,1.92,2.66
2025-01-19 07:00:00,18,4.25,1010.38,1.45,190.77,1.57,1.68,2.4
2025-01-19 08:00:00,18,4.25,1010.23,1.56,169.35,1.75,1.26,1.95
2025-01-19 09:00:00,18,4.15,1010.02,1.53,128.66,1.74,0.76,1.42
2025-01-19 10:00:00,18,4.15,1010.9,1.1,95.59,1.54,0.33,1.07
2025-01-19 11:00:00,18,4.35,1010.41,2.35,64.85,3.41,0.08,0.79
2025-01-19 12:00:00,18,4.25,1011.13,1.68,52.51,2.55,0.04,0.75
2025-01-19 13:00:00,18,4.65,1010.09,2.62,40.54,4.02,0.23,0.94
2025-01-19 14:00:00,18,4.85,1009.86,2.58,11.0,5.12,0.6,1.42
2025-01-19 15:00:00,18,5.15,1009.2,2.87,10.76,4.88,1.08,1.89
2025-01-19 16:00:00,18,5.35,1007.59,2.24,26.58,4.05,1.53,2.34
2025-01-19 17:00:00,18,5.25,1005.36,1.85,52.91,2.92,1.81,2.63
2025-01-19 01:00:00,00,5.05,1010.46,2.81,214.1,5.96,0.17,1.23
2025-01-19 02:00:00,00,4.85,1010.6,2.74,214.12,5.32,0.64,1.66
2025-01-19 03:00:00,00,4.75,1010.75,2.69,217.53,4.9,1.17,2.18
2025-01-19 04:00:00,00,4.55,1010.55,2.54,214.79,4.41,1.64,2.65
2025-01-19 05:00:00,00,4.55,1010.81,3.1,208.43,6.28,1.91,2.89
2025-01-19 06:00:00,00,4.35,1010.79,2.53,200.4,5.31,1.92,2.86
2025-01-19 07:00:00,00,4.25,1009.77,1.43,171.14,1.63,1.68,2.6
2025-01-19 08:00:00,00,4.15,1010.16,1.86,196.66,1.81,1.26,2.14
2025-01-19 09:00:00,00,4.05,1009.87,1.3,180.3,1.26,0.76,1.61
2025-01-19 10:00:00,00,4.25,1009.32,0.36,43.74,0.85,0.33,1.15
2025-01-19 11:00:00,00,4.15,1010.0,1.94,66.07,1.82,0.08,0.96
2025-01-19 12:00:00,00,4.15,1009.72,1.62,11.45,1.86,0.04,0.89
2025-01-19 13:00:00,00,4.65,1009.66,2.49,17.06,2.94,0.23,1.05
2025-01-19 14:00:00,00,4.85,1009.05,1.87,27.55,3.0,0.6,1.5
2025-01-19 15:00:00,00,5.35,1008.47,2.93,10.73,4.74,1.08,1.94
2025-01-19 16:00:00,00,4.95,1007.69,2.2,358.9,3.19,1.53,2.35
2025-01-19 17:00:00,00,5.25,1004.93,2.9,13.4,4.11,1.81,2.64
2025-01-19 18:00:00,00,6.85,1003.71,1.12,335.68,2.61,1.85,2.78
2025-01-19 19:00:00,00,5.65,1002.24,1.52,339.98,2.51,1.65,2.57
2025-01-19 20:00:00,00,5.75,1000.98,2.49,306.27,5.94,1.25,2.18
2025-01-19 21:00:00,00,6.15,1000.91,4.72,243.15,11.61,0.77,1.69
2025-01-19 22:00:00,00,6.25,1001.51,5.22,197.2,12.34,0.32,1.34
2025-01-19 23:00:00,00,4.85,1005.44,9.29,128.47,13.8,0.01,1.04
2025-01-19 06:00:00,06,4.35,1010.65,2.51,203.22,5.27,1.92,3.02
2025-01-19 07:00:00,06,4.25,1009.63,1.42,184.52,1.6,1.68,2.65
2025-01-19 08:00:00,06,4.15,1010.08,2.09,201.98,2.02,1.26,2.3
2025-01-19 09:00:00,06,4.15,1010.11,2.06,196.97,1.97,0.76,1.77
2025-01-19 10:00:00,06,4.25,1009.37,0.36,220.47,0.64,0.33,1.36
2025-01-19 11:00:00,06,4.05,1010.11,1.03,101.57,1.08,0.08,1.18
2025-01-19 12:00:00,06,3.95,1010.23,0.25,345.75,0.61,0.04,1.1
2025-01-19 13:00:00,06,4.65,1008.92,2.7,29.16,2.54,0.23,1.26
2025-01-19 14:00:00,06,5.05,1009.16,2.87,54.39,3.11,0.6,1.71
2025-01-19 15:00:00,06,5.25,1009.09,2.44,15.9,3.31,1.08,2.15
2025-01-19 16:00:00,06,5.15,1007.75,2.53,28.53,3.59,1.53,2.46
2025-01-19 17:00:00,06,5.25,1005.84,2.01,8.37,2.92,1.81,2.82
2025-01-19 18:00:00,06,5.05,1003.98,2.29,344.02,3.47,1.85,2.82
2025-01-19 19:00:00,06,5.15,1002.6,2.02,307.96,4.13,1.65,2.69
2025-01-19 20:00:00,06,5.45,1002.15,2.37,245.14,6.62,1.25,2.26
2025-01-19 21:00:00,06,5.85,1001.73,3.36,223.67,9.43,0.77,1.74
2025-01-19 22:00:00,06,5.95,1002.77,5.47,169.16,11.81,0.32,1.36
2025-01-19 23:00:00,06,4.75,1006.44,9.37,126.47,13.36,0.01,1.06
2025-01-20 00:00:00,06,4.05,1008.58,7.32,115.85,11.72,-0.08,1.06
2025-01-20 01:00:00,06,3.55,1010.63,7.75,122.77,12.72,0.04,1.09
2025-01-20 02:00:00,06,3.35,1012.16,7.68,127.59,12.8,0.38,1.42
2025-01-20 03:00:00,06,3.25,1013.5,6.98,126.45,12.51,0.84,1.78
2025-01-20 04:00:00,06,2.85,1014.97,7.46,129.84,12.72,1.33,2.18
2025-01-20 05:00:00,06,2.65,1016.28,7.71,135.03,12.92,1.73,2.47
2025-01-19 12:00:00,12,3.95,1010.14,0.93,286.65,0.94,0.04,1.09
2025-01-19 13:00:00,12,4.55,1009.44,1.21,359.07,1.21,0.23,1.33
2025-01-19 14:00:00,12,5.15,1009.17,1.23,29.39,1.33,0.6,1.77
2025-01-19 15:00:00,12,5.15,1009.02,1.71,332.47,2.76,1.08,2.22
2025-01-19 16:00:00,12,6.05,1007.84,1.85,327.85,3.33,1.53,2.72
2025-01-19 17:00:00,12,5.55,1005.5,1.54,3.76,2.51,1.81,3.07
2025-01-19 18:00:00,12,5.75,1003.89,1.17,340.57,2.3,1.85,3.07
2025-01-19 19:00:00,12,5.45,1003.05,1.61,265.34,3.53,1.65,2.83
2025-01-19 20:00:00,12,5.45,1002.01,2.04,284.04,5.36,1.25,2.4
2025-01-19 21:00:00,12,5.95,1002.04,3.97,230.05,9.91,0.77,1.98
2025-01-19 22:00:00,12,6.01,1002.95,5.69,204.65,12.83,0.32,1.49
2025-01-19 23:00:00,12,5.35,1005.56,10.79,131.92,14.02,0.01,1.15
2025-01-20 00:00:00,12,4.35,1008.2,7.71,119.43,12.81,-0.08,1.02
2025-01-20 01:00:00,12,3.95,1010.15,8.03,120.07,12.8,0.04,1.21
2025-01-20 02:00:00,12,3.65,1012.16,7.75,124.62,12.31,0.38,1.5
2025-01-20 03:00:00,12,3.55,1013.63,6.75,128.96,12.1,0.84,1.83
2025-01-20 04:00:00,12,3.05,1015.09,7.13,134.01,12.12,1.33,2.19
2025-01-20 05:00:00,12,2.85,1016.26,7.81,135.05,12.54,1.73,2.48
2025-01-20 06:00:00,12,2.65,1017.26,7.79,136.41,12.28,1.91,2.66
2025-01-20 07:00:00,12,2.45,1018.66,7.61,136.14,11.87,1.84,2.59
2025-01-20 08:00:00,12,2.45,1020.02,7.05,139.01,11.35,1.56,2.32
2025-01-20 09:00:00,12,2.45,1021.23,6.62,138.6,10.74,1.16,1.91
2025-01-20 10:00:00,12,2.25,1022.1,5.49,142.49,9.34,0.71,1.27
2025-01-20 11:00:00,12,2.25,1022.83,5.02,133.22,7.54,0.35,0.81
2025-01-19 18:00:00,18,5.45,1004.14,1.28,5.76,1.91,1.85,3.09
2025-01-19 19:00:00,18,5.35,1003.41,0.26,284.54,1.88,1.65,2.87
2025-01-19 20:00:00,18,5.35,1002.79,0.57,349.51,2.86,1.25,2.51
2025-01-19 21:00:00,18,5.55,1002.9,1.85,197.26,5.28,0.77,1.98
2025-01-19 22:00:00,18,5.55,1003.91,3.38,190.71,9.49,0.32,1.5
2025-01-19 23:00:00,18,5.55,1005.77,7.53,137.32,12.24,0.01,1.18
2025-01-20 00:00:00,18,4.55,1008.52,7.56,120.55,12.27,-0.08,1.17
2025-01-20 01:00:00,18,4.15,1010.44,7.72,119.71,12.12,0.04,1.27
2025-01-20 02:00:00,18,3.75,1012.25,7.59,121.25,12.11,0.38,1.59
2025-01-20 03:00:00,18,3.55,1013.71,7.02,122.44,12.41,0.84,2.04
2025-01-20 04:00:00,18,2.95,1015.43,7.22,128.67,12.54,1.33,2.41
2025-01-20 05:00:00,18,2.65,1016.65,7.64,134.01,12.94,1.73,2.68
2025-01-20 06:00:00,18,2.45,1017.68,7.62,134.63,12.58,1.91,2.85
2025-01-20 07:00:00,18,2.45,1019.13,7.34,132.34,12.0,1.84,2.66
2025-01-20 08:00:00,18,2.45,1020.33,6.89,135.71,11.63,1.56,2.37
2025-01-20 09:00:00,18,2.35,1021.25,6.72,131.08,10.67,1.16,1.94
2025-01-20 10:00:00,18,2.25,1022.1,5.46,136.75,8.66,0.71,1.38
2025-01-20 11:00:00,18,2.25,1022.91,4.99,131.27,7.39,0.35,0.92
2025-01-20 12:00:00,18,2.15,1024.75,5.12,132.25,7.23,0.16,0.72
2025-01-20 13:00:00,18,2.21,1026.03,5.2,129.28,7.2,0.16,0.82
2025-01-20 14:00:00,18,2.78,1027.2,5.07,127.43,6.61,0.36,1.03
2025-01-20 15:00:00,18,3.26,1028.44,4.81,130.83,6.16,0.72,1.39
2025-01-20 16:00:00,18,3.69,1029.1,4.5,126.66,5.52,1.14,1.7
2025-01-20 17:00:00,18,4.01,1028.79,4.1,128.1,5.53,1.51,2.07
2025-01-20 01:00:00,00,4.15,1010.52,7.61,124.48,12.02,0.04,1.33
2025-01-20 02:00:00,00,3.95,1012.24,7.78,120.28,12.13,0.38,1.71
2025-01-20 03:00:00,00,3.75,1013.67,7.62,117.74,12.28,0.84,2.07
2025-01-20 04:00:00,00,3.15,1015.5,7.6,124.38,12.61,1.33,2.38
2025-01-20 05:00:00,00,2.85,1016.72,7.8,127.88,13.03,1.73,2.66
2025-01-20 06:00:00,00,2.55,1017.95,7.78,127.64,12.93,1.91,2.84
2025-01-20 07:00:00,00,2.45,1019.36,7.42,124.98,12.29,1.84,2.66
2025-01-20 08:00:00,00,2.45,1020.57,7.23,129.18,12.11,1.56,2.48
2025-01-20 09:00:00,00,2.35,1021.61,7.02,126.48,11.06,1.16,2.07
2025-01-20 10:00:00,00,2.25,1022.33,5.74,132.71,9.1,0.71,1.52
2025-01-20 11:00:00,00,2.25,1023.08,5.31,131.27,8.11,0.35,1.06
2025-01-20 12:00:00,00,2.15,1025.11,5.79,126.03,8.22,0.16,0.86
2025-01-20 13:00:00,00,2.25,1026.27,6.23,121.94,8.49,0.16,0.85
2025-01-20 14:00:00,00,2.65,1027.28,6.19,119.55,7.77,0.36,1.05
2025-01-20 15:00:00,00,3.25,1028.33,5.66,119.78,6.71,0.72,1.4
2025-01-20 16:00:00,00,3.65,1028.91,5.03,118.89,5.8,1.14,1.81
2025-01-20 17:00:00,00,3.95,1028.7,4.19,118.83,5.5,1.51,2.18
2025-01-20 18:00:00,00,4.05,1028.36,3.73,126.49,5.22,1.7,2.28
2025-01-20 19:00:00,00,3.95,1028.27,4.13,128.87,5.36,1.66,2.23
2025-01-20 20:00:00,00,3.75,1029.11,4.14,131.92,5.1,1.41,1.99
2025-01-20 21:00:00,00,3.35,1029.81,4.68,138.18,5.02,1.03,1.61
2025-01-20 22:00:00,00,2.75,1030.65,5.23,134.74,5.11,0.61,1.18
2025-01-20 23:00:00,00,2.45,1031.75,6.29,105.07,6.42,0.24,0.91
2025-01-20 06:00:00,06,2.75,1018.03,7.86,126.02,12.78,1.91,3.04
2025-01-20 07:00:00,06,2.45,1019.46,7.63,122.47,12.33,1.84,3.2
2025-01-20 08:00:00,06,2.45,1020.61,7.44,125.74,12.27,1.56,2.74
2025-01-20 09:00:00,06,2.45,1021.65,7.13,122.36,11.36,1.16,2.12
2025-01-20 10:00:00,06,2.35,1022.47,5.81,127.32,9.41,0.71,1.59
2025-01-20 11:00:00,06,2.35,1023.24,5.44,123.78,8.43,0.35,1.22
2025-01-20 12:00:00,06,2.35,1025.25,6.03,119.79,8.52,0.16,1.01
2025-01-20 13:00:00,06,2.35,1026.47,6.3,119.39,8.57,0.16,0.99
2025-01-20 14:00:00,06,2.75,1027.33,6.34,117.9,7.85,0.36,1.18
2025-01-20 15:00:00,06,3.25,1028.41,5.64,116.14,6.81,0.72,1.52
2025-01-20 16:00:00,06,3.65,1028.98,4.99,116.37,5.9,1.14,1.93
2025-01-20 17:00:00,06,3.9,1028.82,4.3,117.45,5.39,1.51,2.28
2025-01-20 18:00:00,06,4.07,1028.4,3.79,117.52,5.33,1.7,2.36
2025-01-20 19:00:00,06,4.14,1028.42,3.68,118.23,5.01,1.66,2.3
2025-01-20 20:00:00,06,3.96,1029.07,3.66,119.42,4.64,1.41,2.04
2025-01-20 21:00:00,06,3.58,1029.75,3.82,127.78,4.62,1.03,1.65
2025-01-20 22:00:00,06,2.95,1030.13,4.35,134.51,4.61,0.61,1.21
2025-01-20 23:00:00,06,2.63,1031.49,6.11,110.96,5.85,0.24,0.94
2025-01-21 00:00:00,06,2.32,1032.81,6.23,94.44,6.62,0.03,0.73
2025-01-21 01:00:00,06,2.13,1033.64,6.04,89.26,6.42,0.01,0.71
2025-01-21 02:00:00,06,1.96,1034.17,5.55,84.73,5.72,0.2,0.8
2025-01-21 03:00:00,06,2.0,1034.7,5.2,82.44,5.33,0.56,1.16
2025-01-21 04:00:00,06,1.93,1035.06,4.86,79.33,5.0,1.01,1.61
2025-01-21 05:00:00,06,1.88,1035.0,4.47,78.35,4.55,1.46,1.96
2025-01-20 12:00:00,12,2.05,1025.01,5.67,120.33,8.35,0.16,1.01
2025-01-20 13:00:00,12,2.15,1026.22,5.95,118.18,8.33,0.16,1.07
2025-01-20 14:00:00,12,2.55,1027.01,6.0,115.9,7.73,0.36,1.34
2025-01-20 15:00:00,12,3.15,1028.0,5.34,111.54,6.6,0.72,1.7
2025-01-20 16:00:00,12,3.55,1028.62,4.71,112.2,5.73,1.14,1.98
2025-01-20 17:00:00,12,3.85,1028.49,3.91,113.7,5.25,1.51,2.34
2025-01-20 18:00:00,12,4.05,1028.12,3.28,111.81,5.01,1.7,2.52
2025-01-20 19:00:00,12,4.15,1028.14,2.99,109.46,4.73,1.66,2.47
2025-01-20 20:00:00,12,3.95,1028.67,3.17,108.88,4.37,1.41,2.11
2025-01-20 21:00:00,12,3.55,1029.44,3.65,116.01,4.42,1.03,1.72
2025-01-20 22:00:00,12,2.97,1029.74,3.93,112.82,4.42,0.61,1.38
2025-01-20 23:00:00,12,2.71,1031.01,5.96,94.23,6.11,0.24,1.01
2025-01-21 00:00:00,12,2.23,1032.39,6.4,84.25,6.61,0.03,0.88
2025-01-21 01:00:00,12,1.98,1033.47,6.12,83.01,6.42,0.01,0.85
2025-01-21 02:00:00,12,1.92,1033.9,5.8,75.77,5.93,0.2,0.94
2025-01-21 03:00:00,12,1.83,1034.52,5.6,76.81,5.71,0.56,1.29
2025-01-21 04:00:00,12,1.75,1034.85,5.36,73.94,5.34,1.01,1.73
2025-01-21 05:00:00,12,1.63,1034.77,4.9,71.02,4.7,1.46,2.07
2025-01-21 06:00:00,12,1.58,1034.64,4.74,69.94,4.62,1.78,2.39
2025-01-21 07:00:00,12,1.55,1034.88,4.87,70.93,4.71,1.88,2.39
2025-01-21 08:00:00,12,1.45,1035.35,4.51,68.45,4.5,1.76,2.27
2025-01-21 09:00:00,12,1.35,1035.43,4.44,68.54,4.5,1.48,1.99
2025-01-21 10:00:00,12,1.35,1035.42,4.47,68.65,4.49,1.1,1.62
2025-01-21 11:00:00,12,1.27,1035.24,4.37,61.39,4.56,0.7,1.22
2025-01-20 18:00:00,18,3.95,1028.27,3.13,112.22,4.93,1.7,2.41
2025-01-20 19:00:00,18,4.15,1028.28,2.83,109.52,4.63,1.66,2.27
2025-01-20 20:00:00,18,3.95,1028.72,2.84,105.52,4.41,1.41,2.03
2025-01-20 21:00:00,18,3.45,1029.36,2.96,108.37,4.23,1.03,1.56
2025-01-20 22:00:00,18,2.95,1029.61,3.1,100.42,3.9,0.61,1.15
2025-01-20 23:00:00,18,2.8,1030.76,5.5,84.31,5.71,0.24,0.8
2025-01-21 00:00:00,18,2.27,1032.15,6.6,80.91,6.84,0.03,0.7
2025-01-21 01:00:00,18,1.95,1033.23,6.33,78.85,6.6,0.01,0.7
2025-01-21 02:00:00,18,1.75,1033.83,6.25,74.87,6.37,0.2,0.91
2025-01-21 03:00:00,18,1.65,1034.47,6.13,76.29,6.12,0.56,1.28
2025-01-21 04:00:00,18,1.55,1034.84,5.83,75.01,5.92,1.01,1.65
2025-01-21 05:00:00,18,1.55,1034.91,5.48,76.23,5.58,1.46,2.11
2025-01-21 06:00:00,18,1.45,1035.1,5.13,74.91,5.22,1.78,2.35
2025-01-21 07:00:00,18,1.35,1034.56,5.38,68.68,5.4,1.88,2.46
2025-01-21 08:00:00,18,1.25,1035.41,5.14,69.17,5.11,1.76,2.35
2025-01-21 09:00:00,18,1.25,1035.05,5.14,65.2,5.12,1.48,2.09
2025-01-21 10:00:00,18,1.15,1035.41,4.93,65.41,5.01,1.1,1.73
2025-01-21 11:00:00,18,1.15,1035.3,4.7,51.71,4.8,0.7,1.33
2025-01-21 12:00:00,18,1.05,1035.35,5.24,51.6,5.25,0.39,1.01
2025-01-21 13:00:00,18,1.15,1035.47,5.36,52.77,5.22,0.23,0.75
2025-01-21 14:00:00,18,1.45,1036.44,4.97,60.67,4.73,0.25,0.78
2025-01-21 15:00:00,18,1.75,1035.88,5.06,54.74,4.72,0.46,0.98
2025-01-21 16:00:00,18,2.14,1035.37,4.93,48.7,4.31,0.78,1.31
2025-01-21 17:00:00,18,2.18,1034.36,4.73,44.24,3.92,1.15,1.68
2025-02-01 01:00:00,00,8.85,1008.57,5.59,250.04,12.09,1.18,1.43
2025-02-01 02:00:00,00,8.75,1007.62,5.77,255.47,12.54,1.82,2.07
2025-02-01 03:00:00,00,8.85,1006.61,6.97,251.53,14.41,2.22,2.47
2025-02-01 04:00:00,00,8.75,1007.27,5.96,207.42,12.1,2.26,2.58
2025-02-01 05:00:00,00,8.25,1006.23,5.33,207.32,7.97,1.98,2.37
2025-02-01 06:00:00,00,7.85,1006.4,6.71,170.23,11.04,1.43,1.8
2025-02-01 07:00:00,00,7.65,1005.87,5.3,168.06,11.23,0.73,1.07
2025-02-01 08:00:00,00,7.35,1007.66,6.82,165.4,12.11,0.03,0.26
2025-02-01 09:00:00,00,7.15,1007.52,4.51,155.52,10.61,-0.43,-0.23
2025-02-01 10:00:00,00,7.05,1008.39,4.9,154.37,11.12,-0.55,-0.26
2025-02-01 11:00:00,00,6.69,1010.46,6.35,158.18,13.1,-0.28,-0.02
2025-02-01 12:00:00,00,6.49,1012.78,5.61,165.17,12.59,0.29,0.53
2025-02-01 13:00:00,00,6.59,1014.92,5.89,150.94,12.14,1.02,1.24
2025-02-01 14:00:00,00,7.07,1016.54,5.57,134.53,10.8,1.75,2.04
2025-02-01 15:00:00,00,7.27,1018.66,7.34,91.2,11.73,2.28,2.56
2025-02-01 16:00:00,00,7.06,1020.52,8.15,69.66,11.29,2.48,3.02
2025-02-01 17:00:00,00,6.15,1022.19,7.37,73.39,10.24,2.3,2.95
2025-02-01 18:00:00,00,6.1,1022.95,6.62,73.11,9.53,1.81,2.46
2025-02-01 19:00:00,00,7.06,1023.84,6.37,70.8,8.97,1.1,1.75
2025-02-01 20:00:00,00,6.65,1024.87,6.61,68.54,8.84,0.32,0.97
2025-02-01 21:00:00,00,5.95,1025.84,7.16,64.04,9.21,-0.29,0.46
2025-02-01 22:00:00,00,5.15,1026.39,7.85,63.4,10.15,-0.57,0.18
2025-02-01 23:00:00,00,4.55,1027.58,7.48,63.59,9.98,-0.47,0.18
2025-02-01 06:00:00,06,8.05,1006.54,4.21,152.44,7.23,1.43,1.83
2025-02-01 07:00:00,06,7.85,1006.12,3.62,173.63,9.15,0.73,1.1
2025-02-01 08:00:00,06,7.55,1006.8,6.55,165.51,12.42,0.03,0.35
2025-02-01 09:00:00,06,7.35,1006.29,3.73,174.36,9.55,-0.43,-0.07
2025-02-01 10:00:00,06,7.29,1008.8,4.89,174.07,11.37,-0.55,-0.15
2025-02-01 11:00:00,06,7.0,1010.04,7.17,157.71,14.27,-0.28,0.1
2025-02-01 12:00:00,06,6.79,1012.41,6.77,153.05,13.81,0.29,0.56
2025-02-01 13:00:00,06,6.76,1014.71,6.52,145.67,12.84,1.02,1.28
2025-02-01 14:00:00,06,7.26,1016.54,6.05,127.19,11.34,1.75,2.1
2025-02-01 15:00:00,06,7.46,1018.64,7.64,93.73,11.63,2.28,2.72
2025-02-01 16:00:00,06,7.05,1020.5,7.53,73.45,10.84,2.48,3.1
2025-02-01 17:00:00,06,6.25,1022.18,7.29,72.72,10.17,2.3,3.01
2025-02-01 18:00:00,06,6.13,1023.05,6.63,77.49,9.41,1.81,2.51
2025-02-01 19:00:00,06,7.06,1023.84,6.38,74.84,8.95,1.1,1.89
2025-02-01 20:00:00,06,6.75,1024.88,6.65,69.74,8.77,0.32,1.1
2025-02-01 21:00:00,06,6.05,1025.72,7.36,63.4,9.31,-0.29,0.48
2025-02-01 22:00:00,06,5.25,1026.38,7.81,63.67,10.15,-0.57,0.19
2025-02-01 23:00:00,06,4.65,1027.64,7.57,64.47,10.05,-0.47,0.29
2025-02-02 00:00:00,06,4.45,1029.13,6.94,64.77,9.57,-0.02,0.74
2025-02-02 01:00:00,06,4.35,1030.26,6.7,65.0,9.35,0.66,1.42
2025-02-02 02:00:00,06,4.15,1030.9,6.66,57.9,8.93,1.4,2.26
2025-02-02 03:00:00,06,3.95,1031.45,6.66,53.51,8.66,2.01,2.87
2025-02-02 04:00:00,06,3.85,1031.53,6.27,47.96,8.25,2.34,3.2
2025-02-02 05:00:00,06,3.6,1031.96,5.28,46.38,7.03,2.31,3.07
2025-02-01 12:00:00,12,6.9,1011.99,6.27,155.0,13.56,0.29,0.68
2025-02-01 13:00:00,12,6.96,1014.05,6.01,146.02,12.62,1.02,1.43
2025-02-01 14:00:00,12,7.47,1015.65,5.23,128.48,10.6,1.75,2.18
2025-02-01 15:00:00,12,7.66,1017.62,6.79,87.29,11.83,2.28,2.83
2025-02-01 16:00:00,12,7.26,1019.92,8.92,64.84,12.61,2.48,3.01
2025-02-01 17:00:00,12,6.15,1021.78,8.34,71.18,12.41,2.44,3.12
2025-02-01 18:00:00,12,5.83,1022.62,7.75,70.27,11.02,1.81,2.68
2025-02-01 19:00:00,12,6.46,1023.4,7.45,64.79,10.01,1.1,1.97
2025-02-01 20:00:00,12,6.75,1024.3,7.39,64.85,9.75,0.32,1.2
2025-02-01 21:00:00,12,6.05,1025.09,7.81,61.98,9.93,-0.29,0.48
2025-02-01 22:00:00,12,5.15,1025.85,8.37,61.83,10.62,-0.57,0.2
2025-02-01 23:00:00,12,4.75,1027.13,7.71,63.1,10.6,-0.47,0.3
2025-02-02 00:00:00,12,4.55,1028.83,7.22,62.67,10.07,-0.02,0.75
2025-02-02 01:00:00,12,4.45,1029.98,6.88,60.63,9.66,0.66,1.53
2025-02-02 02:00:00,12,4.25,1030.6,6.77,54.94,9.14,1.4,2.27
2025-02-02 03:00:00,12,4.05,1031.19,6.7,52.33,8.85,2.01,2.88
2025-02-02 04:00:00,12,3.85,1031.3,6.26,49.05,8.33,2.34,3.21
2025-02-02 05:00:00,12,3.65,1031.5,5.58,47.08,7.54,2.31,3.08
2025-02-02 06:00:00,12,3.51,1031.79,4.73,44.9,6.36,1.96,2.73
2025-02-02 07:00:00,12,3.42,1031.93,4.76,46.72,6.31,1.37,2.14
2025-02-02 08:00:00,12,3.41,1031.66,4.73,44.84,6.3,0.66,1.33
2025-02-02 09:00:00,12,3.31,1031.62,4.78,44.82,6.37,0.01,0.68
2025-02-02 10:00:00,12,3.36,1031.7,4.67,45.82,6.36,-0.38,0.29
2025-02-02 11:00:00,12,3.37,1031.71,4.48,41.42,6.16,-0.44,0.23
2025-02-01 18:00:00,18,6.05,1022.21,7.38,69.56,10.92,1.81,2.55
2025-02-01 19:00:00,18,6.56,1022.83,7.23,60.28,9.52,1.1,1.74
2025-02-01 20:00:00,18,6.85,1023.51,7.2,55.69,9.46,0.32,1.02
2025-02-01 21:00:00,18,6.25,1024.09,7.52,55.06,10.0,-0.29,0.42
2025-02-01 22:00:00,18,5.65,1024.87,7.56,60.37,11.45,-0.57,0.15
2025-02-01 23:00:00,18,5.35,1026.2,6.68,58.02,11.64,-0.47,0.34
2025-02-02 00:00:00,18,5.15,1027.88,6.33,55.41,11.04,-0.02,0.78
2025-02-02 01:00:00,18,4.95,1029.08,6.25,54.82,10.4,0.66,1.45
2025-02-02 02:00:00,18,4.85,1029.59,6.14,48.42,9.71,1.4,2.17
2025-02-02 03:00:00,18,4.66,1030.25,6.11,45.28,9.11,2.01,2.88
2025-02-02 04:00:00,18,4.49,1030.54,6.05,45.06,8.67,2.34,3.19
2025-02-02 05:00:00,18,4.35,1030.88,5.74,41.46,7.95,2.31,3.15
2025-02-02 06:00:00,18,4.19,1031.18,5.4,38.64,7.35,1.96,2.79
2025-02-02 07:00:00,18,4.11,1031.36,5.6,39.08,7.33,1.37,2.19
2025-02-02 08:00:00,18,3.92,1031.22,5.52,42.28,7.46,0.66,1.47
2025-02-02 09:00:00,18,3.87,1031.17,5.28,44.67,7.29,0.01,0.81
2025-02-02 10:00:00,18,3.89,1031.31,5.13,41.37,7.21,-0.38,0.4
2025-02-02 11:00:00,18,3.84,1031.4,5.03,33.21,7.07,-0.44,0.24
2025-02-02 12:00:00,18,3.86,1031.69,4.67,26.83,6.6,-0.16,0.53
2025-02-02 13:00:00,18,4.27,1032.24,4.01,28.01,5.95,0.41,1.09
2025-02-02 14:00:00,18,5.02,1032.45,3.88,25.23,5.06,1.11,1.8
2025-02-02 15:00:00,18,5.9,1031.99,3.57,21.29,4.44,1.78,2.46
2025-02-02 16:00:00,18,6.75,1031.33,3.26,11.79,3.95,2.22,2.81
2025-02-02 17:00:00,18,7.08,1029.68,3.87,8.85,4.48,2.33,2.91
2025-02-02 01:00:00,00,5.15,1028.7,5.65,51.54,10.12,0.66,1.33
2025-02-02 02:00:00,00,5.05,1029.03,5.42,43.77,9.72,1.4,2.02
2025-02-02 03:00:00,00,4.92,1029.59,5.33,35.99,9.02,2.01,2.63
2025-02-02 04:00:00,00,4.77,1029.92,5.58,35.52,8.67,2.34,3.01
2025-02-02 05:00:00,00,4.6,1030.38,5.68,31.88,8.28,2.31,3.08
2025-02-02 06:00:00,00,4.53,1030.69,5.78,30.9,8.06,1.96,2.73
2025-02-02 07:00:00,00,4.41,1030.84,5.78,34.44,8.13,1.37,2.14
2025-02-02 08:00:00,00,4.34,1030.66,5.29,37.0,7.91,0.66,1.43
2025-02-02 09:00:00,00,4.3,1030.63,5.03,38.52,7.7,0.01,0.79
2025-02-02 10:00:00,00,4.23,1030.74,5.13,32.32,7.51,-0.38,0.39
2025-02-02 11:00:00,00,4.25,1030.75,5.12,23.3,7.66,-0.44,0.34
2025-02-02 12:00:00,00,4.3,1031.16,4.53,20.87,7.13,-0.16,0.62
2025-02-02 13:00:00,00,4.6,1031.78,3.9,22.87,6.7,0.41,1.19
2025-02-02 14:00:00,00,5.37,1032.02,3.93,17.15,5.7,1.11,1.79
2025-02-02 15:00:00,00,6.27,1031.61,3.65,7.2,4.86,1.78,2.46
2025-02-02 16:00:00,00,7.13,1030.62,4.51,359.09,5.53,2.22,2.81
2025-02-02 17:00:00,00,6.58,1028.9,5.0,351.31,6.64,2.33,2.91
2025-02-02 18:00:00,00,6.73,1028.1,3.35,359.05,4.68,2.08,2.66
2025-02-02 19:00:00,00,6.6,1026.84,3.41,348.89,4.31,1.55,2.13
2025-02-02 20:00:00,00,6.68,1026.3,3.07,330.71,4.16,0.84,1.42
2025-02-02 21:00:00,00,6.55,1026.27,2.3,304.48,3.38,0.13,0.71
2025-02-02 22:00:00,00,6.36,1025.3,2.56,303.42,3.91,-0.37,0.31
2025-02-02 23:00:00,00,6.29,1025.96,1.98,285.94,3.14,-0.55,0.14
2025-02-02 06:00:00,06,4.37,1030.91,5.71,32.71,8.05,1.96,2.85
2025-02-02 07:00:00,06,4.31,1031.12,5.84,37.14,8.16,1.37,2.31
2025-02-02 08:00:00,06,4.21,1031.0,5.35,41.21,7.95,0.66,1.67
2025-02-02 09:00:00,06,4.16,1031.03,5.13,43.37,7.76,0.01,1.0
2025-02-02 10:00:00,06,4.21,1031.12,5.16,37.56,7.78,-0.38,0.49
2025-02-02 11:00:00,06,4.21,1031.05,5.2,28.59,7.94,-0.44,0.42
2025-02-02 12:00:00,06,4.18,1031.36,4.69,25.93,7.4,-0.16,0.7
2025-02-02 13:00:00,06,4.45,1031.99,3.87,30.91,6.63,0.41,1.16
2025-02-02 14:00:00,06,5.34,1032.12,3.87,26.72,5.71,1.11,1.86
2025-02-02 15:00:00,06,6.14,1031.62,3.56,18.11,4.86,1.78,2.52
2025-02-02 16:00:00,06,7.03,1031.14,3.39,10.46,4.31,2.22,2.85
2025-02-02 17:00:00,06,7.64,1029.29,4.77,351.99,5.92,2.33,2.95
2025-02-02 18:00:00,06,7.0,1028.06,4.03,0.77,5.31,2.08,2.7
2025-02-02 19:00:00,06,6.78,1026.9,3.8,1.61,4.96,1.55,2.16
2025-02-02 20:00:00,06,7.13,1026.41,3.32,336.74,4.76,0.84,1.44
2025-02-02 21:00:00,06,6.75,1026.18,2.91,310.07,4.31,0.13,0.73
2025-02-02 22:00:00,06,6.43,1025.47,3.25,303.32,5.02,-0.37,0.22
2025-02-02 23:00:00,06,6.37,1025.77,2.66,294.91,3.7,-0.55,0.04
2025-02-03 00:00:00,06,6.3,1025.57,2.77,289.25,4.42,-0.36,0.23
2025-02-03 01:00:00,06,6.15,1025.41,1.97,266.34,3.41,0.14,0.73
2025-02-03 02:00:00,06,6.18,1025.38,1.85,248.12,2.82,0.84,1.44
2025-02-03 03:00:00,06,6.22,1025.12,1.74,223.52,2.41,1.57,2.06
2025-02-03 04:00:00,06,6.2,1024.68,1.65,195.57,2.62,2.13,2.62
2025-02-03 05:00:00,06,6.15,1024.36,1.46,205.24,2.58,2.4,2.89
2025-02-02 12:00:00,12,4.07,1031.69,4.73,33.05,7.05,-0.16,0.69
2025-02-02 13:00:00,12,4.38,1032.39,4.13,41.42,6.37,0.41,1.23
2025-02-02 14:00:00,12,5.02,1032.57,4.29,38.28,5.77,1.11,1.93
2025-02-02 15:00:00,12,5.81,1032.04,4.24,33.73,5.33,1.78,2.59
2025-02-02 16:00:00,12,6.58,1031.43,4.13,27.44,4.97,2.22,3.02
2025-02-02 17:00:00,12,7.25,1029.64,4.85,4.32,5.63,2.33,3.01
2025-02-02 18:00:00,12,7.2,1028.46,4.47,14.68,5.01,2.08,2.75
2025-02-02 19:00:00,12,6.79,1026.94,4.73,17.81,5.2,1.55,2.22
2025-02-02 20:00:00,12,7.45,1026.58,3.48,2.43,4.15,0.84,1.5
2025-02-02 21:00:00,12,6.85,1026.47,2.86,351.03,3.58,0.13,0.88
2025-02-02 22:00:00,12,6.45,1025.71,3.2,321.1,4.56,-0.37,0.37
2025-02-02 23:00:00,12,6.04,1025.73,2.91,307.51,3.77,-0.55,0.18
2025-02-03 00:00:00,12,6.07,1025.6,2.99,291.8,4.61,-0.36,0.36
2025-02-03 01:00:00,12,6.25,1025.42,2.1,285.34,3.62,0.14,0.76
2025-02-03 02:00:00,12,5.99,1025.5,1.71,256.27,2.51,0.84,1.45
2025-02-03 03:00:00,12,5.89,1025.07,2.09,238.68,2.98,1.57,2.17
2025-02-03 04:00:00,12,5.92,1025.01,2.11,191.59,2.68,2.13,2.62
2025-02-03 05:00:00,12,6.08,1024.61,1.75,169.91,2.27,2.4,2.99
2025-02-03 06:00:00,12,6.07,1023.75,1.51,202.48,2.17,2.31,2.8
2025-02-03 07:00:00,12,5.76,1023.15,1.99,192.12,2.63,1.92,2.42
2025-02-03 08:00:00,12,5.7,1022.79,2.36,187.36,3.62,1.33,1.82
2025-02-03 09:00:00,12,5.45,1022.56,2.34,197.08,3.51,0.66,1.15
2025-02-03 10:00:00,12,5.31,1022.43,2.4,197.57,3.69,0.07,0.57
2025-02-03 11:00:00,12,5.35,1022.28,2.72,208.67,4.82,-0.27,0.22
2025-02-02 18:00:00,18,7.09,1028.68,4.44,13.18,4.95,2.08,2.92
2025-02-02 19:00:00,18,6.85,1027.1,4.82,14.02,5.34,1.55,2.44
2025-02-02 20:00:00,18,7.24,1026.68,3.8,358.2,4.55,0.84,1.7
2025-02-02 21:00:00,18,6.69,1026.71,2.94,348.58,3.62,0.13,0.99
2025-02-02 22:00:00,18,6.25,1025.85,3.37,327.22,4.52,-0.37,0.46
2025-02-02 23:00:00,18,5.93,1026.03,2.86,316.71,3.64,-0.55,0.27
2025-02-03 00:00:00,18,6.12,1025.79,2.48,306.73,3.57,-0.36,0.45
2025-02-03 01:00:00,18,6.05,1025.87,1.8,279.05,2.89,0.14,0.94
2025-02-03 02:00:00,18,5.95,1025.65,2.1,272.09,3.22,0.84,1.53
2025-02-03 03:00:00,18,6.01,1025.25,1.98,253.5,3.13,1.57,2.24
2025-02-03 04:00:00,18,6.05,1025.04,2.2,196.75,3.5,2.13,2.7
2025-02-03 05:00:00,18,6.02,1024.77,1.58,198.73,2.7,2.4,3.05
2025-02-03 06:00:00,18,6.01,1023.77,1.65,215.96,2.48,2.31,2.95
2025-02-03 07:00:00,18,5.8,1023.23,2.17,209.0,3.12,1.92,2.45
2025-02-03 08:00:00,18,5.75,1022.84,2.38,211.87,3.56,1.33,1.85
2025-02-03 09:00:00,18,5.56,1022.66,2.54,205.76,3.96,0.66,1.16
2025-02-03 10:00:00,18,5.29,1022.7,2.78,197.9,4.02,0.07,0.57
2025-02-03 11:00:00,18,5.22,1022.42,2.91,213.12,4.51,-0.27,0.23
2025-02-03 12:00:00,18,5.25,1022.71,2.72,201.94,4.54,-0.31,0.19
2025-02-03 13:00:00,18,5.49,1022.95,2.52,200.9,4.74,-0.03,0.46
2025-02-03 14:00:00,18,6.44,1022.91,2.77,207.8,4.31,0.5,0.99
2025-02-03 15:00:00,18,7.55,1023.14,3.21,208.41,4.76,1.15,1.64
2025-02-03 16:00:00,18,8.75,1022.57,3.33,214.62,5.05,1.73,2.13
2025-02-03 17:00:00,18,9.58,1021.11,3.95,228.98,5.92,2.1,2.5
2025-02-03 01:00:00,00,6.04,1025.81,1.75,307.85,2.63,0.14,0.92
2025-02-03 02:00:00,00,5.65,1025.57,1.68,298.21,2.7,0.84,1.61
2025-02-03 03:00:00,00,5.95,1025.01,1.85,289.35,2.61,1.57,2.32
2025-02-03 04:00:00,00,5.77,1024.9,1.76,183.33,2.29,2.13,2.87
2025-02-03 05:00:00,00,5.97,1024.86,2.09,158.94,2.83,2.4,3.12
2025-02-03 06:00:00,00,5.94,1023.98,1.18,202.15,1.93,2.31,3.02
2025-02-03 07:00:00,00,5.71,1023.3,1.74,201.46,2.65,1.92,2.62
2025-02-03 08:00:00,00,5.61,1022.81,2.15,209.57,3.26,1.33,2.02
2025-02-03 09:00:00,00,5.45,1022.54,2.17,197.86,3.52,0.66,1.23
2025-02-03 10:00:00,00,5.25,1022.39,2.6,192.94,3.67,0.07,0.64
2025-02-03 11:00:00,00,5.17,1022.14,2.79,210.72,4.33,-0.27,0.29
2025-02-03 12:00:00,00,5.16,1022.57,2.77,202.67,4.55,-0.31,0.23
2025-02-03 13:00:00,00,5.48,1022.94,2.44,200.03,4.48,-0.03,0.5
2025-02-03 14:00:00,00,6.39,1023.01,2.77,206.47,4.27,0.5,1.12
2025-02-03 15:00:00,00,7.59,1023.32,2.94,201.35,4.25,1.15,1.66
2025-02-03 16:00:00,00,8.82,1022.47,3.03,220.83,4.57,1.73,2.23
2025-02-03 17:00:00,00,9.7,1021.47,3.42,222.8,5.11,2.1,2.6
2025-02-03 18:00:00,00,10.25,1019.9,3.88,227.22,5.58,2.13,2.63
2025-02-03 19:00:00,00,10.55,1018.46,4.52,229.51,6.34,1.84,2.34
2025-02-03 20:00:00,00,10.37,1017.81,4.98,227.53,7.24,1.31,1.81
2025-02-03 21:00:00,00,9.85,1017.63,4.7,228.21,7.84,0.65,1.15
2025-02-03 22:00:00,00,9.01,1017.54,4.48,230.56,8.06,0.04,0.53
2025-02-03 23:00:00,00,8.38,1017.4,4.6,236.89,9.18,-0.37,0.13
2025-02-03 06:00:00,06,5.89,1024.02,1.02,183.61,1.74,2.31,3.12
2025-02-03 07:00:00,06,5.79,1023.39,1.81,188.06,2.56,1.92,2.77
2025-02-03 08:00:00,06,5.55,1022.86,1.91,201.8,2.76,1.33,2.18
2025-02-03 09:00:00,06,5.36,1022.59,1.99,190.85,2.86,0.66,1.4
2025-02-03 10:00:00,06,5.15,1022.36,2.38,188.88,3.39,0.07,0.83
2025-02-03 11:00:00,06,5.05,1022.08,2.66,211.15,4.15,-0.27,0.47
2025-02-03 12:00:00,06,5.05,1022.65,2.62,201.71,4.51,-0.31,0.42
2025-02-03 13:00:00,06,5.33,1023.08,2.19,196.43,4.19,-0.03,0.68
2025-02-03 14:00:00,06,6.19,1023.23,2.52,198.18,3.9,0.5,1.21
2025-02-03 15:00:00,06,7.47,1023.42,2.55,197.23,3.87,1.15,1.84
2025-02-03 16:00:00,06,8.65,1022.58,2.74,219.26,4.13,1.73,2.32
2025-02-03 17:00:00,06,9.57,1021.52,3.15,222.17,4.66,2.1,2.67
2025-02-03 18:00:00,06,10.21,1020.06,3.37,223.61,4.96,2.13,2.69
2025-02-03 19:00:00,06,10.47,1018.55,4.21,231.78,5.94,1.84,2.39
2025-02-03 20:00:00,06,10.39,1017.93,4.63,226.48,6.62,1.31,1.84
2025-02-03 21:00:00,06,9.73,1017.74,4.36,225.61,7.26,0.65,1.18
2025-02-03 22:00:00,06,9.06,1017.61,4.3,230.12,7.77,0.04,0.55
2025-02-03 23:00:00,06,8.27,1017.48,4.38,237.65,9.05,-0.37,0.14
2025-02-04 00:00:00,06,7.95,1017.73,4.8,240.25,10.48,-0.47,0.04
2025-02-04 01:00:00,06,7.79,1017.46,5.35,236.81,11.94,-0.24,0.17
2025-02-04 02:00:00,06,7.64,1016.95,5.95,234.87,13.63,0.29,0.7
2025-02-04 03:00:00,06,7.52,1016.41,6.14,231.21,14.12,0.98,1.29
2025-02-04 04:00:00,06,7.51,1015.91,6.22,228.85,14.38,1.67,1.88
2025-02-04 05:00:00,06,7.41,1015.25,6.35,226.62,14.84,2.18,2.39
2025-02-03 12:00:00,12,5.06,1022.68,2.45,206.13,3.86,-0.31,0.46
2025-02-03 13:00:00,12,5.29,1023.14,1.97,197.92,3.51,-0.03,0.77
2025-02-03 14:00:00,12,6.21,1023.32,2.3,201.29,3.38,0.5,1.34
2025-02-03 15:00:00,12,7.3,1023.5,2.29,198.48,3.4,1.15,1.97
2025-02-03 16:00:00,12,8.46,1022.64,2.51,221.13,3.71,1.73,2.54
2025-02-03 17:00:00,12,9.4,1021.55,2.85,223.52,4.32,2.1,2.88
2025-02-03 18:00:00,12,10.09,1020.13,3.01,222.9,4.61,2.13,2.89
2025-02-03 19:00:00,12,10.37,1018.59,3.84,231.42,5.57,1.84,2.58
2025-02-03 20:00:00,12,10.35,1017.87,4.44,227.6,6.3,1.31,2.02
2025-02-03 21:00:00,12,9.77,1017.66,4.17,224.89,7.09,0.65,1.34
2025-02-03 22:00:00,12,9.01,1017.52,4.15,228.66,7.63,0.04,0.7
2025-02-03 23:00:00,12,8.18,1017.36,4.34,236.95,8.75,-0.37,0.28
2025-02-04 00:00:00,12,7.95,1017.58,5.02,238.12,10.85,-0.47,0.15
2025-02-04 01:00:00,12,7.67,1017.47,5.3,232.78,11.96,-0.24,0.26
2025-02-04 02:00:00,12,7.63,1017.08,5.88,232.53,13.53,0.29,0.77
2025-02-04 03:00:00,12,7.57,1016.49,6.4,231.04,14.26,0.98,1.34
2025-02-04 04:00:00,12,7.54,1015.91,6.55,228.36,14.66,1.67,1.9
2025-02-04 05:00:00,12,7.44,1015.23,6.61,225.95,15.26,2.18,2.42
2025-02-04 06:00:00,12,7.27,1014.63,6.47,221.62,14.9,2.39,2.63
2025-02-04 07:00:00,12,7.27,1014.25,6.51,220.64,14.55,2.27,2.41
2025-02-04 08:00:00,12,7.17,1013.91,6.26,216.95,14.07,1.89,2.02
2025-02-04 09:00:00,12,7.01,1013.53,5.95,214.17,13.04,1.33,1.47
2025-02-04 10:00:00,12,6.98,1013.7,5.4,206.01,12.19,0.72,0.86
2025-02-04 11:00:00,12,6.81,1013.49,5.06,210.59,11.21,0.2,0.23
2025-02-03 18:00:00,18,9.95,1020.32,2.59,232.43,4.13,2.13,2.85
2025-02-03 19:00:00,18,10.25,1018.87,3.36,240.98,4.9,1.84,2.57
2025-02-03 20:00:00,18,10.16,1018.17,4.01,237.99,5.82,1.31,2.0
2025-02-03 21:00:00,18,9.51,1018.02,4.0,238.17,6.59,0.65,1.3
2025-02-03 22:00:00,18,8.79,1017.77,4.34,240.42,7.66,0.04,0.68
2025-02-03 23:00:00,18,8.02,1017.55,4.54,244.13,9.18,-0.37,0.26
2025-02-04 00:00:00,18,7.79,1017.73,5.24,241.3,11.15,-0.47,0.14
2025-02-04 01:00:00,18,7.6,1017.44,5.58,237.02,12.63,-0.24,0.35
2025-02-04 02:00:00,18,7.55,1016.98,6.03,233.51,13.82,0.29,0.77
2025-02-04 03:00:00,18,7.41,1016.37,6.45,231.58,14.41,0.98,1.34
2025-02-04 04:00:00,18,7.34,1015.74,6.63,230.71,14.77,1.67,1.91
2025-02-04 05:00:00,18,7.29,1015.15,6.66,226.52,15.25,2.18,2.41
2025-02-04 06:00:00,18,7.12,1014.57,6.57,223.82,15.02,2.39,2.6
2025-02-04 07:00:00,18,7.09,1014.34,6.5,220.28,14.76,2.27,2.47
2025-02-04 08:00:00,18,7.05,1013.98,6.22,217.56,14.1,1.89,2.07
2025-02-04 09:00:00,18,6.88,1013.57,6.18,216.72,13.54,1.33,1.4
2025-02-04 10:00:00,18,6.78,1013.66,5.5,208.3,12.58,0.72,0.77
2025-02-04 11:00:00,18,6.72,1013.3,5.2,213.51,11.71,0.2,0.24
2025-02-04 12:00:00,18,6.59,1013.53,4.87,209.39,10.95,-0.12,-0.08
2025-02-04 13:00:00,18,7.04,1014.2,4.83,198.29,11.64,-0.17,-0.13
2025-02-04 14:00:00,18,7.91,1014.82,4.86,187.92,10.62,0.07,0.12
2025-02-04 15:00:00,18,8.88,1015.24,5.08,171.87,9.67,0.55,0.59
2025-02-04 16:00:00,18,9.92,1015.76,5.09,156.88,8.92,1.12,1.17
2025-02-04 17:00:00,18,10.43,1016.73,6.0,102.35,9.61,1.64,1.78
2025-02-04 01:00:00,00,7.76,1016.97,5.69,240.97,12.63,-0.24,0.32
2025-02-04 02:00:00,00,7.66,1016.39,6.17,238.39,13.82,0.29,0.78
2025-02-04 03:00:00,00,7.62,1015.74,6.52,235.3,14.32,0.98,1.38
2025-02-04 04:00:00,00,7.52,1015.28,6.64,231.61,14.86,1.67,2.02
2025-02-04 05:00:00,00,7.48,1014.81,6.6,225.57,15.0,2.18,2.52
2025-02-04 06:00:00,00,7.38,1014.32,6.66,222.87,15.1,2.39,2.71
2025-02-04 07:00:00,00,7.32,1014.14,6.51,218.22,14.98,2.27,2.48
2025-02-04 08:00:00,00,7.21,1013.71,6.4,217.24,14.45,1.89,2.08
2025-02-04 09:00:00,00,7.11,1013.21,6.26,214.84,13.91,1.33,1.51
2025-02-04 10:00:00,00,7.04,1013.15,5.64,209.67,12.85,0.72,0.88
2025-02-04 11:00:00,00,6.86,1012.7,5.31,213.97,12.22,0.2,0.34
2025-02-04 12:00:00,00,6.85,1013.01,5.06,209.53,11.86,-0.12,0.0
2025-02-04 13:00:00,00,7.22,1013.6,4.98,202.58,11.86,-0.17,-0.06
2025-02-04 14:00:00,00,8.06,1014.44,4.97,187.66,11.18,0.07,0.16
2025-02-04 15:00:00,00,9.12,1014.83,5.17,176.62,10.12,0.55,0.62
2025-02-04 16:00:00,00,10.14,1015.76,5.74,138.01,9.72,1.12,1.18
2025-02-04 17:00:00,00,10.43,1016.52,6.03,99.45,9.5,1.64,1.8
2025-02-04 18:00:00,00,10.15,1017.2,6.29,88.1,9.24,1.94,2.3
2025-02-04 19:00:00,00,9.26,1018.18,6.27,90.25,9.61,1.93,2.29
2025-02-04 20:00:00,00,8.55,1019.09,6.99,75.97,10.11,1.63,2.09
2025-02-04 21:00:00,00,8.18,1020.37,7.42,72.11,11.0,1.14,1.6
2025-02-04 22:00:00,00,7.15,1021.67,7.05,67.44,11.88,0.56,1.22
2025-02-04 23:00:00,00,6.4,1023.02,6.64,63.69,12.41,0.03,0.79
2025-02-04 06:00:00,06,7.32,1014.32,6.48,223.89,14.91,2.39,2.69
2025-02-04 07:00:00,06,7.33,1014.12,6.51,219.37,14.98,2.27,2.57
2025-02-04 08:00:00,06,7.22,1013.72,6.49,217.56,14.71,1.89,2.27
2025-02-04 09:00:00,06,7.16,1013.31,6.37,214.58,14.27,1.33,1.71
2025-02-04 10:00:00,06,7.07,1013.39,5.86,209.11,13.29,0.72,1.09
2025-02-04 11:00:00,06,7.0,1013.08,5.4,212.19,12.4,0.2,0.54
2025-02-04 12:00:00,06,6.88,1013.27,5.2,210.5,12.37,-0.12,0.19
2025-02-04 13:00:00,06,7.22,1013.8,5.15,203.41,12.3,-0.17,0.12
2025-02-04 14:00:00,06,8.16,1014.56,5.22,188.38,11.89,0.07,0.34
2025-02-04 15:00:00,06,9.2,1014.91,5.26,177.7,10.86,0.55,0.79
2025-02-04 16:00:00,06,10.18,1015.39,5.57,158.16,9.7,1.12,1.34
2025-02-04 17:00:00,06,10.7,1016.04,6.07,115.54,9.24,1.64,1.83
2025-02-04 18:00:00,06,10.6,1016.89,6.24,86.83,9.43,1.94,2.31
2025-02-04 19:00:00,06,9.6,1017.73,6.48,84.9,9.74,1.93,2.37
2025-02-04 20:00:00,06,9.2,1018.74,7.29,74.43,10.42,1.63,2.05
2025-02-04 21:00:00,06,8.46,1020.1,7.64,69.85,11.26,1.14,1.64
2025-02-04 22:00:00,06,7.36,1021.55,6.89,66.29,11.95,0.56,1.23
2025-02-04 23:00:00,06,6.66,1022.86,6.32,64.9,12.13,0.03,0.8
2025-02-05 00:00:00,06,6.25,1024.67,5.77,64.72,11.08,-0.32,0.46
2025-02-05 01:00:00,06,5.99,1026.03,5.75,61.1,9.94,-0.38,0.49
2025-02-05 02:00:00,06,5.68,1026.79,5.58,56.14,9.71,-0.13,0.75
2025-02-05 03:00:00,06,5.45,1027.59,4.84,53.14,8.7,0.39,1.26
2025-02-05 04:00:00,06,5.28,1027.9,4.85,55.5,8.26,1.05,1.82
2025-02-05 05:00:00,06,5.07,1027.95,5.39,60.58,8.33,1.69,2.37
2025-02-04 12:00:00,12,7.0,1013.0,5.12,211.28,11.8,-0.12,0.26
2025-02-04 13:00:00,12,7.35,1013.44,5.07,204.41,11.93,-0.17,0.24
2025-02-04 14:00:00,12,8.32,1014.12,5.23,187.75,11.9,0.07,0.56
2025-02-04 15:00:00,12,9.37,1014.38,5.4,178.85,11.38,0.55,1.01
2025-02-04 16:00:00,12,10.33,1014.82,5.69,162.52,10.3,1.12,1.63
2025-02-04 17:00:00,12,10.93,1015.43,6.18,132.92,9.65,1.34,1.82
2025-02-04 18:00:00,12,11.1,1015.89,5.96,94.35,9.15,1.94,2.48
2025-02-04 19:00:00,12,10.46,1016.69,6.0,85.16,9.27,1.93,2.64
2025-02-04 20:00:00,12,9.0,1018.13,6.66,66.78,11.24,1.63,2.31
2025-02-04 21:00:00,12,8.53,1019.67,7.22,71.75,11.84,1.14,1.99
2025-02-04 22:00:00,12,7.63,1021.15,7.78,66.07,13.03,0.56,1.58
2025-02-04 23:00:00,12,6.76,1022.45,7.61,66.15,13.22,0.03,1.11
2025-02-05 00:00:00,12,6.57,1024.15,6.38,65.76,11.9,-0.32,0.84
2025-02-05 01:00:00,12,6.27,1025.59,6.13,60.35,10.87,-0.38,0.65
2025-02-05 02:00:00,12,5.86,1026.47,5.68,57.83,9.95,-0.13,0.87
2025-02-05 03:00:00,12,5.58,1027.22,5.01,54.36,8.91,0.39,1.35
2025-02-05 04:00:00,12,5.48,1027.42,4.98,56.78,8.69,1.05,1.88
2025-02-05 05:00:00,12,5.27,1027.47,5.28,61.86,8.44,1.69,2.49
2025-02-05 06:00:00,12,5.1,1027.72,5.14,66.42,7.55,2.16,2.96
2025-02-05 07:00:00,12,4.91,1027.74,4.53,56.12,6.3,2.34,3.14
2025-02-05 08:00:00,12,4.79,1027.85,4.45,52.8,5.72,2.22,2.92
2025-02-05 09:00:00,12,4.58,1028.07,4.15,53.95,5.14,1.88,2.58
2025-02-05 10:00:00,12,4.54,1028.48,4.36,55.64,5.43,1.4,2.1
2025-02-05 11:00:00,12,4.39,1028.75,4.38,56.84,5.42,0.84,1.54
2025-02-04 18:00:00,18,11.5,1014.99,5.31,109.45,8.38,1.94,2.54
2025-02-04 19:00:00,18,11.5,1015.42,5.3,75.38,8.72,1.93,2.51
2025-02-04 20:00:00,18,9.54,1016.7,7.19,50.29,11.84,1.63,2.25
2025-02-04 21:00:00,18,8.7,1018.2,8.11,59.09,13.88,1.14,1.78
2025-02-04 22:00:00,18,7.99,1020.16,10.06,59.36,15.48,0.56,1.15
2025-02-04 23:00:00,18,7.39,1021.85,9.51,59.99,15.03,0.33,0.96
2025-02-05 00:00:00,18,6.87,1023.75,8.47,60.05,13.73,-0.32,0.43
2025-02-05 01:00:00,18,6.5,1025.14,7.57,59.88,12.57,-0.38,0.4
2025-02-05 02:00:00,18,6.17,1026.04,6.05,55.39,11.0,-0.13,0.57
2025-02-05 03:00:00,18,5.96,1026.67,5.27,53.65,9.66,0.39,1.11
2025-02-05 04:00:00,18,5.77,1026.97,4.76,55.51,8.75,1.05,1.59
2025-02-05 05:00:00,18,5.58,1026.96,4.65,59.66,8.03,1.69,2.26
2025-02-05 06:00:00,18,5.42,1027.11,4.27,62.28,6.71,2.16,2.76
2025-02-05 07:00:00,18,5.28,1027.21,4.06,51.84,5.92,2.34,2.96
2025-02-05 08:00:00,18,5.08,1027.21,4.27,46.05,5.64,2.22,2.86
2025-02-05 09:00:00,18,5.01,1027.53,4.15,50.28,5.32,1.88,2.54
2025-02-05 10:00:00,18,4.8,1027.95,4.21,53.1,5.33,1.4,1.98
2025-02-05 11:00:00,18,4.8,1028.27,4.46,55.33,5.63,0.84,1.55
2025-02-05 12:00:00,18,5.0,1028.8,4.83,57.03,5.54,0.35,1.06
2025-02-05 13:00:00,18,5.1,1029.35,4.83,55.65,5.32,0.02,0.73
2025-02-05 14:00:00,18,5.11,1029.87,4.43,53.72,4.93,-0.05,0.66
2025-02-05 15:00:00,18,5.04,1030.23,4.65,52.21,4.95,0.14,0.75
2025-02-05 16:00:00,18,5.02,1030.46,4.65,48.09,4.94,0.55,1.16
2025-02-05 17:00:00,18,5.0,1030.1,4.48,44.84,4.74,1.06,1.67
2025-02-05 01:00:00,00,6.85,1024.25,6.92,57.51,11.93,-0.38,0.56
2025-02-05 02:00:00,00,6.67,1024.88,5.32,52.47,10.03,-0.13,0.8
2025-02-05 03:00:00,00,6.5,1025.29,3.85,41.5,7.8,0.39,1.21
2025-02-05 04:00:00,00,6.28,1025.65,3.54,41.77,7.52,1.05,1.79
2025-02-05 05:00:00,00,6.18,1025.73,4.12,52.89,8.14,1.32,2.01
2025-02-05 06:00:00,00,5.94,1025.96,4.48,66.04,7.71,2.16,2.85
2025-02-05 07:00:00,00,5.79,1026.19,4.12,64.14,6.81,2.34,3.02
2025-02-05 08:00:00,00,5.66,1026.22,4.26,56.02,6.75,2.22,2.9
2025-02-05 09:00:00,00,5.51,1026.44,4.19,56.95,6.32,1.88,2.56
2025-02-05 10:00:00,00,5.35,1026.77,3.96,58.44,5.73,1.4,2.17
2025-02-05 11:00:00,00,5.47,1027.09,4.52,58.35,5.94,0.84,1.51
2025-02-05 12:00:00,00,5.55,1027.8,5.4,60.2,6.27,0.35,1.11
2025-02-05 13:00:00,00,5.47,1028.36,5.65,56.74,6.25,0.02,0.78
2025-02-05 14:00:00,00,5.49,1028.73,5.16,51.96,5.75,-0.05,0.7
2025-02-05 15:00:00,00,5.63,1029.08,5.38,53.37,5.75,0.14,0.88
2025-02-05 16:00:00,00,5.48,1029.23,5.35,49.31,5.9,0.55,1.29
2025-02-05 17:00:00,00,5.32,1029.0,5.37,44.91,6.21,1.06,1.79
2025-02-05 18:00:00,00,5.18,1028.23,5.23,39.76,6.06,1.52,2.25
2025-02-05 19:00:00,00,5.05,1027.59,5.44,40.64,6.45,1.77,2.5
2025-02-05 20:00:00,00,4.8,1027.37,5.33,40.48,6.57,1.75,2.48
2025-02-05 21:00:00,00,4.7,1027.41,5.44,44.05,6.92,1.49,2.22
2025-02-05 22:00:00,00,4.6,1027.41,5.35,41.3,7.11,1.07,1.8
2025-02-05 23:00:00,00,4.56,1027.53,5.2,33.97,7.32,0.56,1.29
2025-02-05 06:00:00,06,5.84,1025.86,4.12,68.08,7.24,2.16,2.82
2025-02-05 07:00:00,06,5.64,1026.03,3.84,67.21,6.2,2.34,2.98
2025-02-05 08:00:00,06,5.55,1025.98,3.91,58.79,6.28,2.22,2.82
2025-02-05 09:00:00,06,5.45,1026.23,3.83,59.09,5.91,1.88,2.49
2025-02-05 10:00:00,06,5.3,1026.53,3.61,59.74,5.32,1.4,1.91
2025-02-05 11:00:00,06,5.61,1026.89,4.07,57.71,5.55,0.84,1.37
2025-02-05 12:00:00,06,5.69,1027.61,5.04,61.25,6.34,0.35,0.98
2025-02-05 13:00:00,06,5.62,1028.06,5.6,57.37,6.64,0.02,0.67
2025-02-05 14:00:00,06,5.6,1028.49,5.29,50.94,6.24,-0.05,0.6
2025-02-05 15:00:00,06,5.8,1028.76,5.44,51.17,6.05,0.14,0.81
2025-02-05 16:00:00,06,5.66,1028.95,5.39,49.0,6.03,0.55,1.23
2025-02-05 17:00:00,06,5.54,1028.71,5.46,46.69,6.29,1.06,1.75
2025-02-05 18:00:00,06,5.4,1028.07,5.25,41.06,6.05,1.52,2.22
2025-02-05 19:00:00,06,5.28,1027.49,5.47,40.43,6.22,1.77,2.48
2025-02-05 20:00:00,06,5.11,1027.3,5.38,37.06,6.37,1.75,2.47
2025-02-05 21:00:00,06,5.01,1027.16,5.46,38.16,6.72,1.49,2.23
2025-02-05 22:00:00,06,4.91,1027.12,5.49,35.21,7.18,1.07,1.82
2025-02-05 23:00:00,06,4.97,1027.36,5.64,33.83,7.53,0.56,1.3
2025-02-06 00:00:00,06,4.97,1027.24,5.38,27.1,7.61,0.07,0.82
2025-02-06 01:00:00,06,5.06,1026.97,4.93,28.48,7.73,-0.24,0.51
2025-02-06 02:00:00,06,5.09,1026.49,4.99,35.8,8.02,-0.29,0.46
2025-02-06 03:00:00,06,5.08,1025.88,5.17,36.58,8.52,-0.06,0.69
2025-02-06 04:00:00,06,5.13,1024.99,5.04,40.52,8.81,0.42,1.17
2025-02-06 05:00:00,06,5.24,1024.02,5.79,46.91,9.72,1.04,1.79
2025-02-05 12:00:00,12,5.65,1027.56,4.62,59.69,6.08,0.35,0.89
2025-02-05 13:00:00,12,5.58,1028.02,4.98,56.13,6.36,0.02,0.59
2025-02-05 14:00:00,12,5.77,1028.42,4.7,50.8,5.84,-0.05,0.56
2025-02-05 15:00:00,12,5.98,1028.67,4.9,50.85,5.62,0.14,0.75
2025-02-05 16:00:00,12,5.95,1028.91,5.06,48.19,5.75,0.55,1.18
2025-02-05 17:00:00,12,5.8,1028.72,5.26,46.26,5.91,1.06,1.7
2025-02-05 18:00:00,12,5.61,1028.13,5.24,41.42,5.94,1.52,2.17
2025-02-05 19:00:00,12,5.59,1027.44,5.31,39.06,5.98,1.77,2.43
2025-02-05 20:00:00,12,5.35,1027.11,5.34,32.68,6.06,1.75,2.42
2025-02-05 21:00:00,12,5.22,1027.06,5.24,31.61,6.26,1.49,2.17
2025-02-05 22:00:00,12,5.13,1027.11,5.37,29.48,6.58,1.07,1.76
2025-02-05 23:00:00,12,5.18,1027.42,5.39,27.61,6.83,0.56,1.26
2025-02-06 00:00:00,12,5.15,1027.47,5.11,22.41,6.9,0.07,0.79
2025-02-06 01:00:00,12,5.22,1027.29,4.69,23.6,6.8,-0.24,0.48
2025-02-06 02:00:00,12,5.26,1026.84,4.6,31.24,6.96,-0.29,0.44
2025-02-06 03:00:00,12,5.26,1026.19,4.57,30.33,7.42,-0.06,0.69
2025-02-06 04:00:00,12,5.33,1025.52,4.8,42.65,7.43,0.42,1.08
2025-02-06 05:00:00,12,5.36,1024.76,5.25,51.55,8.45,1.04,1.8
2025-02-06 06:00:00,12,5.39,1023.43,4.9,39.73,9.4,1.65,2.4
2025-02-06 07:00:00,12,5.51,1022.63,4.43,39.38,8.82,2.09,2.84
2025-02-06 08:00:00,12,5.56,1021.64,4.06,57.27,7.24,2.26,3.12
2025-02-06 09:00:00,12,5.59,1020.57,4.15,82.38,6.24,2.19,3.04
2025-02-06 10:00:00,12,5.55,1019.96,4.3,69.98,7.52,1.92,2.78
2025-02-06 11:00:00,12,5.6,1018.84,2.04,89.5,3.33,1.5,2.45
2025-02-05 18:00:00,18,5.73,1028.07,5.27,41.0,5.84,1.52,2.18
2025-02-05 19:00:00,18,5.65,1027.38,5.39,37.68,6.05,1.77,2.45
2025-02-05 20:00:00,18,5.53,1027.03,5.44,32.17,6.36,1.75,2.41
2025-02-05 21:00:00,18,5.38,1026.96,5.33,29.65,6.49,1.49,2.17
2025-02-05 22:00:00,18,5.23,1027.01,5.41,26.97,6.84,1.07,1.68
2025-02-05 23:00:00,18,5.18,1027.4,5.44,26.03,7.31,0.56,1.28
2025-02-06 00:00:00,18,5.15,1027.41,5.15,20.42,7.72,0.07,0.81
2025-02-06 01:00:00,18,5.25,1026.96,4.75,22.96,7.94,-0.24,0.51
2025-02-06 02:00:00,18,5.28,1026.54,4.66,30.52,7.94,-0.29,0.36
2025-02-06 03:00:00,18,5.25,1026.03,4.84,42.47,8.22,-0.06,0.61
2025-02-06 04:00:00,18,5.26,1025.01,5.17,40.67,9.0,0.42,1.11
2025-02-06 05:00:00,18,5.45,1023.98,5.3,40.19,9.64,1.04,1.74
2025-02-06 06:00:00,18,5.47,1022.41,5.71,27.91,10.66,1.65,2.46
2025-02-06 07:00:00,18,5.58,1021.88,5.48,41.3,10.17,2.09,2.91
2025-02-06 08:00:00,18,5.56,1021.22,4.86,64.04,8.61,2.26,3.19
2025-02-06 09:00:00,18,5.62,1020.1,4.59,78.53,8.19,2.19,3.13
2025-02-06 10:00:00,18,5.52,1018.85,4.32,54.97,9.03,1.92,2.98
2025-02-06 11:00:00,18,5.61,1018.54,2.03,105.67,2.94,1.5,2.55
2025-02-06 12:00:00,18,5.67,1017.88,1.94,156.04,2.24,0.98,2.03
2025-02-06 13:00:00,18,5.78,1018.39,3.79,180.45,6.24,0.49,1.45
2025-02-06 14:00:00,18,5.79,1018.9,3.85,168.43,6.16,0.15,1.0
2025-02-06 15:00:00,18,5.74,1018.32,4.45,221.06,9.94,0.03,0.78
2025-02-06 16:00:00,18,6.2,1017.68,5.15,223.88,12.63,0.16,0.71
2025-02-06 17:00:00,18,6.81,1016.88,5.91,214.32,13.55,0.51,0.97
2025-02-06 01:00:00,00,5.09,1026.86,5.02,20.06,7.76,-0.24,0.52
2025-02-06 02:00:00,00,5.08,1026.38,4.82,23.05,8.21,-0.29,0.55
2025-02-06 03:00:00,00,5.17,1025.86,5.03,38.38,8.71,-0.06,0.8
2025-02-06 04:00:00,00,5.2,1024.82,4.98,36.47,9.35,0.42,1.28
2025-02-06 05:00:00,00,5.38,1023.68,5.19,35.06,9.98,1.04,1.9
2025-02-06 06:00:00,00,5.39,1022.32,5.48,27.47,10.65,1.65,2.51
2025-02-06 07:00:00,00,5.51,1021.87,5.25,52.86,9.65,2.09,2.95
2025-02-06 08:00:00,00,5.45,1021.11,4.95,69.42,8.57,2.26,3.22
2025-02-06 09:00:00,00,5.49,1019.99,4.44,81.46,7.97,2.19,3.14
2025-02-06 10:00:00,00,5.47,1019.31,4.01,82.68,7.05,1.92,2.98
2025-02-06 11:00:00,00,5.54,1018.63,2.29,94.49,3.44,1.5,2.56
2025-02-06 12:00:00,00,5.53,1018.35,1.42,180.3,1.84,0.98,2.04
2025-02-06 13:00:00,00,5.61,1018.68,3.41,189.69,5.69,0.49,1.45
2025-02-06 14:00:00,00,5.77,1019.71,3.63,155.78,6.49,0.15,1.01
2025-02-06 15:00:00,00,5.92,1018.99,3.78,207.66,8.14,0.03,0.79
2025-02-06 16:00:00,00,6.45,1017.85,4.97,235.69,11.1,0.16,0.82
2025-02-06 17:00:00,00,7.65,1017.3,5.77,216.02,11.75,0.51,1.07
2025-02-06 18:00:00,00,8.62,1015.14,6.44,223.71,12.93,0.98,1.44
2025-02-06 19:00:00,00,9.28,1014.3,6.96,219.95,13.37,1.4,1.86
2025-02-06 20:00:00,00,9.37,1013.7,6.38,221.29,12.96,1.64,2.1
2025-02-06 21:00:00,00,9.1,1013.78,5.75,216.84,11.75,1.64,2.1
2025-02-06 22:00:00,00,8.83,1013.98,5.86,218.5,11.4,1.45,2.01
2025-02-06 23:00:00,00,8.5,1014.23,5.58,223.1,11.51,1.09,1.65
2025-02-06 06:00:00,06,5.17,1022.88,5.32,33.17,9.91,1.65,2.56
2025-02-06 07:00:00,06,5.21,1022.73,4.99,55.35,9.03,2.09,2.96
2025-02-06 08:00:00,06,5.17,1022.17,4.73,66.27,8.81,2.26,3.12
2025-02-06 09:00:00,06,5.17,1021.15,4.52,63.49,8.63,2.19,3.04
2025-02-06 10:00:00,06,5.15,1020.82,4.21,66.43,7.04,1.92,2.83
2025-02-06 11:00:00,06,5.2,1019.0,2.74,6.9,6.43,1.5,2.42
2025-02-06 12:00:00,06,5.35,1018.95,0.44,45.18,1.15,0.98,1.91
2025-02-06 13:00:00,06,5.43,1019.24,1.78,174.94,2.46,0.49,1.34
2025-02-06 14:00:00,06,5.49,1020.41,3.24,152.17,5.36,0.15,1.0
2025-02-06 15:00:00,06,5.55,1019.84,3.74,209.82,7.35,0.03,0.7
2025-02-06 16:00:00,06,5.79,1018.79,4.34,230.47,9.44,0.16,0.74
2025-02-06 17:00:00,06,7.27,1017.92,5.56,215.6,10.9,0.51,1.11
2025-02-06 18:00:00,06,7.65,1016.14,6.23,224.44,12.12,0.98,1.48
2025-02-06 19:00:00,06,8.55,1014.78,6.79,224.69,13.71,1.4,1.82
2025-02-06 20:00:00,06,8.96,1013.8,6.62,223.76,13.56,1.64,2.07
2025-02-06 21:00:00,06,8.68,1013.9,6.27,222.32,12.23,1.64,2.09
2025-02-06 22:00:00,06,8.55,1014.03,5.95,217.13,11.82,1.45,1.91
2025-02-06 23:00:00,06,8.24,1014.36,5.78,221.53,11.81,1.09,1.65
2025-02-07 00:00:00,06,8.19,1014.37,5.71,226.65,11.85,0.61,1.17
2025-02-07 01:00:00,06,8.17,1014.22,5.73,224.72,12.36,0.15,0.6
2025-02-07 02:00:00,06,8.1,1014.27,5.11,222.89,11.57,-0.16,0.29
2025-02-07 03:00:00,06,7.99,1014.52,4.4,221.67,9.85,-0.24,0.22
2025-02-07 04:00:00,06,7.93,1014.68,3.81,218.16,8.91,-0.04,0.41
2025-02-07 05:00:00,06,7.81,1014.46,3.96,230.97,8.41,0.4,0.86
2025-02-06 12:00:00,12,5.16,1019.13,0.82,35.32,1.56,0.98,1.72
2025-02-06 13:00:00,12,5.32,1019.38,1.7,172.2,2.3,0.49,1.22
2025-02-06 14:00:00,12,5.35,1020.34,2.69,142.08,4.03,0.15,0.92
2025-02-06 15:00:00,12,5.36,1019.75,3.62,190.78,6.36,0.03,0.9
2025-02-06 16:00:00,12,5.75,1017.99,4.29,217.39,8.22,0.16,0.97
2025-02-06 17:00:00,12,6.0,1018.53,4.15,210.28,10.04,0.51,1.32
2025-02-06 18:00:00,12,7.56,1016.57,6.02,221.99,11.11,0.98,1.68
2025-02-06 19:00:00,12,8.02,1014.95,6.83,220.29,13.47,1.4,2.0
2025-02-06 20:00:00,12,8.68,1014.17,6.32,220.9,13.03,1.64,2.13
2025-02-06 21:00:00,12,8.42,1013.74,6.07,221.56,12.39,1.64,2.13
2025-02-06 22:00:00,12,8.22,1013.91,5.83,221.34,11.72,1.45,2.03
2025-02-06 23:00:00,12,7.82,1014.2,5.69,223.48,11.83,1.09,1.67
2025-02-07 00:00:00,12,7.85,1014.39,5.81,224.48,12.63,0.61,1.19
2025-02-07 01:00:00,12,7.82,1014.31,5.25,225.92,11.88,0.15,0.62
2025-02-07 02:00:00,12,7.57,1013.95,5.4,234.05,11.94,-0.16,0.3
2025-02-07 03:00:00,12,7.62,1014.07,4.78,226.61,11.34,-0.24,0.22
2025-02-07 04:00:00,12,7.65,1014.15,4.17,221.34,9.42,-0.04,0.41
2025-02-07 05:00:00,12,7.57,1014.13,3.44,217.66,8.06,0.4,0.86
2025-02-07 06:00:00,12,7.45,1013.68,2.67,219.35,6.31,0.99,1.54
2025-02-07 07:00:00,12,7.45,1013.74,2.72,205.47,6.35,1.57,2.12
2025-02-07 08:00:00,12,7.45,1013.13,2.92,225.79,6.45,2.0,2.56
2025-02-07 09:00:00,12,7.37,1013.36,3.17,192.44,7.58,2.21,2.76
2025-02-07 10:00:00,12,7.43,1013.76,2.23,163.7,5.37,2.2,2.76
2025-02-07 11:00:00,12,7.36,1015.13,3.18,134.46,8.07,2.0,2.65
2025-02-06 18:00:00,18,7.19,1016.67,6.13,221.5,11.47,0.98,1.6
2025-02-06 19:00:00,18,7.15,1015.15,7.14,222.17,13.57,1.4,2.17
2025-02-06 20:00:00,18,8.0,1014.34,6.99,222.52,13.41,1.64,2.34
2025-02-06 21:00:00,18,7.65,1014.04,6.43,224.92,13.15,1.64,2.39
2025-02-06 22:00:00,18,7.5,1014.17,5.88,219.64,12.11,1.45,2.11
2025-02-06 23:00:00,18,7.25,1014.46,5.51,221.69,12.02,1.09,1.73
2025-02-07 00:00:00,18,7.15,1014.66,5.81,224.11,12.51,0.61,1.24
2025-02-07 01:00:00,18,7.13,1014.52,5.62,225.42,12.55,0.15,0.76
2025-02-07 02:00:00,18,7.14,1013.94,5.78,231.56,12.82,-0.16,0.43
2025-02-07 03:00:00,18,7.15,1013.92,5.19,218.65,12.12,-0.24,0.34
2025-02-07 04:00:00,18,7.27,1013.97,4.54,213.71,11.05,-0.04,0.42
2025-02-07 05:00:00,18,7.25,1013.62,4.04,223.55,9.3,0.4,0.95
2025-02-07 06:00:00,18,7.24,1013.12,3.72,222.74,8.75,0.99,1.51
2025-02-07 07:00:00,18,7.26,1013.36,3.26,207.81,8.75,1.57,2.18
2025-02-07 08:00:00,18,7.35,1012.93,3.32,219.39,8.38,2.0,2.59
2025-02-07 09:00:00,18,7.35,1012.83,3.26,196.71,7.56,2.21,2.79
2025-02-07 10:00:00,18,7.38,1014.07,3.88,176.52,9.37,2.2,2.76
2025-02-07 11:00:00,18,7.19,1015.08,3.74,152.72,9.02,2.0,2.56
2025-02-07 12:00:00,18,6.92,1016.4,3.78,123.84,7.85,1.6,2.27
2025-02-07 13:00:00,18,6.98,1018.04,2.64,104.67,6.12,1.09,1.75
2025-02-07 14:00:00,18,7.46,1019.03,2.34,92.29,4.76,0.59,1.25
2025-02-07 15:00:00,18,8.25,1019.75,2.45,103.56,4.73,0.21,0.88
2025-02-07 16:00:00,18,8.95,1020.47,2.52,95.1,4.51,0.04,0.6
2025-02-07 17:00:00,18,9.47,1020.27,2.81,76.4,4.53,0.14,0.7
2025-02-07 01:00:00,00,7.05,1014.11,5.5,228.78,12.4,0.15,0.71
2025-02-07 02:00:00,00,6.95,1013.49,5.72,233.23,12.73,-0.16,0.45
2025-02-07 03:00:00,00,7.07,1013.37,5.08,220.72,11.9,-0.24,0.42
2025-02-07 04:00:00,00,7.12,1013.48,4.43,214.07,11.21,-0.04,0.57
2025-02-07 05:00:00,00,7.15,1013.0,4.37,228.71,10.57,0.4,1.0
2025-02-07 06:00:00,00,7.25,1012.48,4.55,231.12,10.71,0.99,1.58
2025-02-07 07:00:00,00,7.45,1012.32,4.33,224.8,10.13,1.57,2.14
2025-02-07 08:00:00,00,7.64,1012.02,4.95,209.95,11.37,2.0,2.56
2025-02-07 09:00:00,00,7.72,1012.32,4.25,196.52,9.46,2.21,2.76
2025-02-07 10:00:00,00,7.66,1013.38,4.29,186.24,10.35,2.2,2.74
2025-02-07 11:00:00,00,7.42,1014.63,4.29,167.16,9.91,2.0,2.53
2025-02-07 12:00:00,00,7.37,1016.11,4.09,152.99,8.62,1.6,2.22
2025-02-07 13:00:00,00,7.29,1017.56,3.51,138.47,7.63,1.09,1.7
2025-02-07 14:00:00,00,7.75,1018.78,3.38,127.2,6.72,0.59,1.19
2025-02-07 15:00:00,00,8.22,1019.64,3.88,126.09,6.35,0.21,0.8
2025-02-07 16:00:00,00,8.75,1020.49,3.13,119.53,5.05,0.04,0.61
2025-02-07 17:00:00,00,9.05,1020.39,2.75,87.69,4.25,0.14,0.81
2025-02-07 18:00:00,00,9.35,1020.31,3.27,62.68,4.48,0.46,1.13
2025-02-07 19:00:00,00,9.16,1020.28,4.0,40.35,4.44,0.89,1.57
2025-02-07 20:00:00,00,8.67,1020.93,4.18,33.34,4.55,1.31,1.98
2025-02-07 21:00:00,00,7.98,1021.59,4.36,33.85,5.28,1.57,2.24
2025-02-07 22:00:00,00,7.06,1022.54,4.75,38.95,6.46,1.63,2.31
2025-02-07 23:00:00,00,6.36,1023.43,4.41,28.49,6.71,1.49,2.17
2025-02-07 06:00:00,06,7.27,1012.26,4.51,233.21,10.77,0.99,1.66
2025-02-07 07:00:00,06,7.53,1012.18,4.61,219.52,10.8,1.57,2.19
2025-02-07 08:00:00,06,7.76,1011.36,5.4,219.42,12.18,2.0,2.72
2025-02-07 09:00:00,06,8.02,1012.09,5.48,191.5,12.0,2.21,2.86
2025-02-07 10:00:00,06,7.85,1012.44,4.97,207.03,11.23,2.2,2.81
2025-02-07 11:00:00,06,7.85,1013.87,5.3,177.8,11.16,2.0,2.59
2025-02-07 12:00:00,06,7.88,1015.31,4.65,160.92,9.34,1.6,2.19
2025-02-07 13:00:00,06,7.66,1016.83,3.98,146.51,8.41,1.09,1.77
2025-02-07 14:00:00,06,8.08,1018.09,3.79,135.81,7.65,0.59,1.16
2025-02-07 15:00:00,06,8.42,1019.16,4.75,133.13,7.3,0.21,0.87
2025-02-07 16:00:00,06,8.87,1020.13,3.55,118.35,5.67,0.04,0.69
2025-02-07 17:00:00,06,9.29,1020.07,2.59,78.83,4.45,0.14,0.88
2025-02-07 18:00:00,06,9.46,1020.1,3.15,58.07,4.73,0.46,1.19
2025-02-07 19:00:00,06,9.25,1020.23,3.89,37.08,4.75,0.89,1.61
2025-02-07 20:00:00,06,8.79,1020.76,4.2,28.65,4.99,1.31,2.02
2025-02-07 21:00:00,06,7.96,1021.52,4.56,35.31,5.74,1.57,2.27
2025-02-07 22:00:00,06,7.05,1022.4,4.85,36.23,6.8,1.63,2.33
2025-02-07 23:00:00,06,6.25,1023.34,4.6,30.33,7.1,1.49,2.19
2025-02-08 00:00:00,06,6.15,1024.35,4.21,23.7,6.79,1.16,1.85
2025-02-08 01:00:00,06,5.96,1025.15,3.91,22.82,6.67,0.69,1.38
2025-02-08 02:00:00,06,5.78,1025.91,3.86,28.04,6.92,0.22,0.81
2025-02-08 03:00:00,06,5.55,1026.07,4.07,23.51,7.27,-0.12,0.47
2025-02-08 04:00:00,06,5.47,1026.13,4.36,28.1,7.41,-0.24,0.46
2025-02-08 05:00:00,06,5.45,1026.12,5.07,25.77,7.82,-0.07,0.62
2025-02-07 12:00:00,12,8.15,1014.77,4.98,171.82,10.1,1.6,2.12
2025-02-07 13:00:00,12,7.95,1015.95,4.21,163.91,9.54,1.09,1.56
2025-02-07 14:00:00,12,8.49,1017.07,4.27,154.75,9.36,0.59,1.13
2025-02-07 15:00:00,12,8.93,1017.81,4.97,148.37,9.22,0.21,0.75
2025-02-07 16:00:00,12,9.35,1018.81,4.96,139.09,8.0,0.04,0.76
2025-02-07 17:00:00,12,9.75,1018.95,4.06,113.62,6.54,0.14,0.84
2025-02-07 18:00:00,12,9.97,1019.25,3.41,77.54,5.97,0.46,1.15
2025-02-07 19:00:00,12,9.79,1019.33,3.51,46.94,5.6,0.89,1.68
2025-02-07 20:00:00,12,9.36,1020.02,4.62,31.78,5.69,1.31,2.08
2025-02-07 21:00:00,12,8.35,1020.92,4.94,29.24,6.13,1.57,2.34
2025-02-07 22:00:00,12,7.25,1021.91,5.29,31.43,7.27,1.63,2.49
2025-02-07 23:00:00,12,6.55,1022.98,5.07,29.78,7.53,1.49,2.34
2025-02-08 00:00:00,12,6.36,1024.36,4.41,27.09,7.03,1.16,2.0
2025-02-08 01:00:00,12,6.2,1025.16,4.1,24.81,6.92,0.69,1.42
2025-02-08 02:00:00,12,5.95,1025.81,4.08,27.94,7.36,0.22,0.94
2025-02-08 03:00:00,12,5.87,1026.02,4.19,31.14,7.81,-0.12,0.49
2025-02-08 04:00:00,12,5.65,1026.0,4.54,34.78,7.77,-0.24,0.36
2025-02-08 05:00:00,12,5.49,1026.18,5.11,33.85,7.87,-0.07,0.62
2025-02-08 06:00:00,12,5.36,1025.97,5.06,27.13,7.9,0.34,1.04
2025-02-08 07:00:00,12,5.35,1026.11,5.45,20.01,7.61,0.91,1.6
2025-02-08 08:00:00,12,5.15,1025.93,5.11,18.35,7.11,1.48,2.18
2025-02-08 09:00:00,12,5.43,1026.47,5.22,25.61,6.49,1.94,2.64
2025-02-08 10:00:00,12,5.35,1026.35,5.24,19.24,6.45,2.2,2.9
2025-02-08 11:00:00,12,5.35,1027.36,3.96,31.22,4.77,2.25,2.95
2025-02-07 18:00:00,18,10.45,1018.54,3.02,84.77,6.24,0.46,1.39
2025-02-07 19:00:00,18,10.15,1018.61,3.55,40.25,5.91,0.89,1.81
2025-02-07 20:00:00,18,9.88,1019.16,4.89,28.43,6.04,1.31,2.12
2025-02-07 21:00:00,18,8.77,1019.89,5.09,31.06,6.82,1.57,2.36
2025-02-07 22:00:00,18,7.85,1021.05,5.16,35.43,7.62,1.63,2.41
2025-02-07 23:00:00,18,6.96,1022.37,4.92,37.28,7.94,1.49,2.36
2025-02-08 00:00:00,18,6.85,1023.8,4.6,40.33,7.61,1.16,2.02
2025-02-08 01:00:00,18,6.65,1024.66,4.69,40.48,8.07,0.69,1.45
2025-02-08 02:00:00,18,6.37,1025.13,4.52,40.89,8.6,0.22,0.97
2025-02-08 03:00:00,18,6.28,1025.47,4.73,42.26,8.9,-0.12,0.53
2025-02-08 04:00:00,18,6.08,1025.47,4.9,41.87,8.44,-0.24,0.41
2025-02-08 05:00:00,18,5.85,1025.62,5.21,42.71,8.75,-0.07,0.66
2025-02-08 06:00:00,18,5.55,1025.81,5.25,29.22,8.01,0.34,1.07
2025-02-08 07:00:00,18,5.47,1026.24,5.18,28.06,7.43,0.91,1.63
2025-02-08 08:00:00,18,5.35,1026.13,5.46,32.38,7.43,1.48,2.2
2025-02-08 09:00:00,18,5.35,1026.11,4.92,29.76,6.56,1.94,2.65
2025-02-08 10:00:00,18,5.48,1026.29,5.36,26.19,6.85,2.2,2.91
2025-02-08 11:00:00,18,5.35,1026.81,5.1,35.53,6.5,2.25,2.96
2025-02-08 12:00:00,18,5.28,1027.27,5.36,32.56,6.8,2.07,2.78
2025-02-08 13:00:00,18,5.32,1027.5,5.04,25.89,6.33,1.68,2.39
2025-02-08 14:00:00,18,5.46,1027.5,5.01,26.19,6.22,1.16,1.77
2025-02-08 15:00:00,18,5.55,1026.78,5.18,18.34,6.33,0.62,1.24
2025-02-08 16:00:00,18,5.49,1026.41,5.58,14.82,6.82,0.2,0.81
2025-02-08 17:00:00,18,5.82,1025.77,5.69,7.53,6.57,0.01,0.62
2025-02-08 01:00:00,00,6.85,1023.37,3.56,30.26,6.78,0.69,1.2
2025-02-08 02:00:00,00,6.69,1023.53,3.68,28.7,7.01,0.22,0.65
2025-02-08 03:00:00,00,6.55,1023.61,3.79,30.48,7.21,-0.12,0.29
2025-02-08 04:00:00,00,6.45,1023.75,4.4,35.31,8.02,-0.24,0.13
2025-02-08 05:00:00,00,6.25,1024.18,4.6,39.13,8.3,-0.07,0.31
2025-02-08 06:00:00,00,6.05,1024.33,5.17,33.76,9.21,0.34,0.85
2025-02-08 07:00:00,00,5.91,1024.75,5.55,27.19,9.25,0.91,1.43
2025-02-08 08:00:00,00,5.75,1024.99,5.47,35.04,9.11,1.48,2.03
2025-02-08 09:00:00,00,5.95,1024.59,5.39,27.35,8.64,1.94,2.51
2025-02-08 10:00:00,00,6.02,1025.49,5.11,39.59,7.91,2.2,2.79
2025-02-08 11:00:00,00,5.65,1025.45,5.99,39.16,8.72,2.25,2.86
2025-02-08 12:00:00,00,5.65,1025.81,5.66,31.44,8.53,2.07,2.7
2025-02-08 13:00:00,00,5.72,1026.04,6.53,23.8,8.91,1.68,2.33
2025-02-08 14:00:00,00,5.65,1026.16,6.7,22.34,8.61,1.16,1.82
2025-02-08 15:00:00,00,5.58,1025.89,6.31,28.57,8.31,0.62,1.31
2025-02-08 16:00:00,00,5.38,1025.91,6.81,28.37,8.86,0.2,0.91
2025-02-08 17:00:00,00,5.25,1025.52,6.11,35.49,8.31,0.01,0.81
2025-02-08 18:00:00,00,5.25,1023.57,5.98,22.5,9.25,0.08,0.79
2025-02-08 19:00:00,00,5.46,1022.08,6.11,15.05,9.87,0.39,1.2
2025-02-08 20:00:00,00,5.54,1021.48,5.48,22.05,9.41,0.84,1.65
2025-02-08 21:00:00,00,5.68,1020.63,5.15,20.81,9.34,1.29,1.99
2025-02-08 22:00:00,00,5.68,1019.74,4.6,32.04,8.57,1.6,2.31
2025-02-08 23:00:00,00,5.72,1018.91,3.82,38.28,7.55,1.71,2.51
2025-02-08 06:00:00,06,5.95,1024.28,4.79,33.42,8.56,0.34,0.85
2025-02-08 07:00:00,06,5.85,1024.64,5.13,26.27,8.74,0.91,1.48
2025-02-08 08:00:00,06,5.75,1024.78,5.1,35.75,8.63,1.48,2.08
2025-02-08 09:00:00,06,5.9,1024.45,5.02,25.01,8.33,1.94,2.52
2025-02-08 10:00:00,06,6.0,1025.15,4.87,38.8,7.64,2.2,2.73
2025-02-08 11:00:00,06,5.76,1025.31,5.64,30.59,8.34,2.25,2.79
2025-02-08 12:00:00,06,5.68,1025.63,5.3,22.16,7.93,2.07,2.63
2025-02-08 13:00:00,06,5.77,1025.51,6.6,17.37,9.02,1.68,2.25
2025-02-08 14:00:00,06,5.75,1025.83,6.64,22.86,8.62,1.16,1.74
2025-02-08 15:00:00,06,6.25,1025.64,6.4,28.2,7.87,0.62,1.22
2025-02-08 16:00:00,06,5.45,1025.35,6.35,23.58,8.84,0.2,0.82
2025-02-08 17:00:00,06,5.52,1024.85,6.21,20.92,8.38,0.01,0.73
2025-02-08 18:00:00,06,5.37,1023.68,5.99,22.21,8.62,0.08,0.83
2025-02-08 19:00:00,06,5.35,1022.27,5.63,21.48,8.89,0.39,1.05
2025-02-08 20:00:00,06,5.46,1021.19,5.48,22.77,9.44,0.84,1.51
2025-02-08 21:00:00,06,5.58,1020.35,4.97,31.68,8.63,1.29,1.98
2025-02-08 22:00:00,06,5.61,1019.72,4.33,41.82,7.8,1.6,2.31
2025-02-08 23:00:00,06,5.6,1019.0,3.72,46.48,6.81,1.71,2.51
2025-02-09 00:00:00,06,5.68,1018.02,1.97,57.17,3.05,1.59,2.39
2025-02-09 01:00:00,06,5.82,1017.25,0.79,145.28,1.33,1.25,2.05
2025-02-09 02:00:00,06,5.87,1015.9,1.15,217.18,2.37,0.76,1.46
2025-02-09 03:00:00,06,5.97,1014.35,2.55,248.71,5.92,0.26,0.96
2025-02-09 04:00:00,06,6.13,1013.13,3.62,237.21,10.58,-0.12,0.48
2025-02-09 05:00:00,06,6.13,1012.41,3.99,222.29,12.8,-0.27,0.23
2025-02-08 12:00:00,12,5.76,1025.6,5.37,26.99,7.73,2.07,2.39
2025-02-08 13:00:00,12,5.76,1025.42,6.57,18.07,8.88,1.68,1.94
2025-02-08 14:00:00,12,5.76,1025.91,6.67,29.32,8.23,1.16,1.47
2025-02-08 15:00:00,12,6.25,1025.61,6.54,30.87,7.69,0.62,1.01
2025-02-08 16:00:00,12,5.41,1025.45,6.57,26.25,8.36,0.2,0.65
2025-02-08 17:00:00,12,5.36,1025.08,6.45,23.45,7.96,0.09,0.54
2025-02-08 18:00:00,12,5.25,1024.1,6.05,24.59,7.82,0.08,0.46
2025-02-08 19:00:00,12,5.16,1022.74,5.9,20.5,8.12,0.39,0.8
2025-02-08 20:00:00,12,5.36,1021.69,5.75,21.06,8.84,0.84,1.27
2025-02-08 21:00:00,12,5.46,1020.87,4.96,24.4,8.46,1.29,1.75
2025-02-08 22:00:00,12,5.5,1019.72,4.63,21.89,8.53,1.6,2.09
2025-02-08 23:00:00,12,5.55,1019.33,3.82,44.18,7.03,1.71,2.32
2025-02-09 00:00:00,12,5.57,1018.36,3.03,50.28,5.51,1.59,2.23
2025-02-09 01:00:00,12,5.63,1017.49,1.37,75.29,1.71,1.25,1.92
2025-02-09 02:00:00,12,5.73,1016.3,0.54,199.62,1.6,0.76,1.46
2025-02-09 03:00:00,12,5.83,1014.79,2.3,239.72,5.48,0.26,0.88
2025-02-09 04:00:00,12,5.93,1013.9,2.89,222.53,9.05,-0.12,0.43
2025-02-09 05:00:00,12,5.89,1012.95,3.66,226.94,11.7,-0.27,0.32
2025-02-09 06:00:00,12,6.3,1011.0,5.51,252.39,16.28,-0.12,0.46
2025-02-09 07:00:00,12,7.12,1010.03,7.17,235.04,19.26,0.28,0.76
2025-02-09 08:00:00,12,7.82,1010.0,7.54,216.16,18.07,0.84,1.23
2025-02-09 09:00:00,12,8.15,1010.06,6.65,204.33,16.04,1.45,1.73
2025-02-09 10:00:00,12,8.08,1010.94,5.17,183.69,13.59,1.95,2.13
2025-02-09 11:00:00,12,8.01,1011.49,4.0,199.07,11.81,2.25,2.43
2025-02-08 18:00:00,18,5.15,1024.15,5.75,24.18,7.22,0.08,0.63
2025-02-08 19:00:00,18,5.16,1022.91,5.48,18.99,7.18,0.39,1.03
2025-02-08 20:00:00,18,5.32,1022.01,5.28,18.93,7.54,0.84,1.47
2025-02-08 21:00:00,18,5.38,1021.15,4.58,18.98,7.21,1.29,1.92
2025-02-08 22:00:00,18,5.35,1020.17,4.28,15.37,7.36,1.6,2.17
2025-02-08 23:00:00,18,5.45,1019.96,3.67,33.09,5.92,1.71,2.28
2025-02-09 00:00:00,18,5.49,1018.99,3.17,29.24,5.23,1.59,2.17
2025-02-09 01:00:00,18,5.55,1018.22,1.05,53.71,1.7,1.25,1.84
2025-02-09 02:00:00,18,5.58,1016.93,0.93,273.46,1.69,0.76,1.36
2025-02-09 03:00:00,18,5.77,1015.45,2.1,246.93,4.82,0.26,0.87
2025-02-09 04:00:00,18,5.5,1014.45,2.82,224.1,8.75,-0.12,0.4
2025-02-09 05:00:00,18,5.95,1013.19,4.42,243.89,13.1,-0.27,0.26
2025-02-09 06:00:00,18,6.23,1011.35,6.35,249.75,17.64,-0.12,0.32
2025-02-09 07:00:00,18,6.72,1010.32,7.13,236.27,18.66,0.28,0.72
2025-02-09 08:00:00,18,7.47,1010.3,6.43,215.84,16.79,0.84,1.1
2025-02-09 09:00:00,18,7.83,1010.18,6.31,208.26,15.46,1.45,1.71
2025-02-09 10:00:00,18,7.93,1010.95,5.54,192.54,14.05,1.95,2.13
2025-02-09 11:00:00,18,7.77,1011.82,4.77,192.36,12.16,2.25,2.52
2025-02-09 12:00:00,18,7.93,1013.06,4.67,181.83,10.91,2.31,2.69
2025-02-09 13:00:00,18,8.07,1014.73,5.6,154.88,11.2,2.12,2.5
2025-02-09 14:00:00,18,8.42,1016.48,5.92,144.68,10.56,1.7,2.18
2025-02-09 15:00:00,18,8.74,1017.86,6.23,122.1,10.26,1.14,1.61
2025-02-09 16:00:00,18,9.0,1019.08,5.88,112.43,9.03,0.56,1.14
2025-02-09 17:00:00,18,9.27,1019.52,5.06,93.65,8.23,0.12,0.7
2025-02-09 01:00:00,00,5.58,1018.4,0.83,53.0,1.37,1.25,1.93
2025-02-09 02:00:00,00,5.55,1017.19,0.88,250.99,1.78,0.76,1.4
2025-02-09 03:00:00,00,5.67,1016.17,2.36,216.69,4.93,0.26,0.84
2025-02-09 04:00:00,00,5.65,1014.96,3.39,227.14,9.41,-0.12,0.4
2025-02-09 05:00:00,00,5.88,1013.6,5.15,242.02,14.12,-0.21,0.31
2025-02-09 06:00:00,00,6.21,1011.93,6.34,244.58,17.53,-0.12,0.4
2025-02-09 07:00:00,00,6.61,1011.23,7.09,236.15,18.26,0.28,0.71
2025-02-09 08:00:00,00,7.27,1010.71,7.1,222.05,17.59,0.84,1.18
2025-02-09 09:00:00,00,7.67,1010.87,6.78,211.39,16.41,1.45,1.68
2025-02-09 10:00:00,00,7.86,1011.65,5.42,197.48,13.91,1.95,2.19
2025-02-09 11:00:00,00,7.95,1012.34,4.58,186.83,11.79,2.25,2.59
2025-02-09 12:00:00,00,7.89,1013.93,4.06,176.53,10.28,2.31,2.76
2025-02-09 13:00:00,00,7.94,1015.66,5.49,152.95,11.11,2.12,2.58
2025-02-09 14:00:00,00,7.6,1017.1,5.13,127.23,10.01,1.7,2.16
2025-02-09 15:00:00,00,8.32,1018.63,5.38,110.46,8.91,1.14,1.7
2025-02-09 16:00:00,00,8.25,1019.62,5.24,87.08,8.35,0.56,1.13
2025-02-09 17:00:00,00,8.95,1020.14,5.67,89.28,8.22,0.12,0.79
2025-02-09 18:00:00,00,8.95,1020.51,5.48,97.5,8.1,-0.07,0.69
2025-02-09 19:00:00,00,8.86,1020.6,5.05,94.47,7.65,0.01,0.78
2025-02-09 20:00:00,00,8.61,1021.17,5.23,86.64,7.61,0.35,1.02
2025-02-09 21:00:00,00,8.0,1022.08,5.55,79.17,7.82,0.85,1.62
2025-02-09 22:00:00,00,7.1,1023.02,5.71,74.41,8.0,1.36,2.12
2025-02-09 23:00:00,00,6.44,1024.3,5.21,71.64,8.28,1.71,2.48
2025-02-09 06:00:00,06,6.02,1011.65,6.37,246.16,17.75,-0.12,0.31
2025-02-09 07:00:00,06,6.49,1011.12,6.76,232.74,18.06,0.28,0.76
2025-02-09 08:00:00,06,7.15,1010.71,6.48,216.2,16.63,0.84,1.44
2025-02-09 09:00:00,06,7.64,1011.01,6.48,205.35,15.67,1.45,2.13
2025-02-09 10:00:00,06,7.7,1011.9,5.54,194.31,13.81,1.95,2.5
2025-02-09 11:00:00,06,7.62,1012.79,4.28,177.2,11.31,2.25,2.79
2025-02-09 12:00:00,06,7.62,1014.37,3.9,174.59,9.83,2.31,2.94
2025-02-09 13:00:00,06,7.72,1016.1,5.01,137.59,10.34,2.12,2.75
2025-02-09 14:00:00,06,7.48,1017.64,4.92,115.03,9.5,1.7,2.32
2025-02-09 15:00:00,06,8.08,1018.96,4.98,101.59,8.82,1.14,1.85
2025-02-09 16:00:00,06,8.46,1020.01,5.17,91.35,8.29,0.56,1.27
2025-02-09 17:00:00,06,8.85,1020.4,5.37,90.75,8.1,0.12,0.82
2025-02-09 18:00:00,06,8.95,1020.64,5.49,94.01,8.2,-0.07,0.72
2025-02-09 19:00:00,06,8.85,1020.76,5.37,90.41,7.81,0.01,0.9
2025-02-09 20:00:00,06,8.45,1021.28,5.24,84.08,7.41,0.35,1.13
2025-02-09 21:00:00,06,7.86,1022.17,5.4,76.33,7.54,0.85,1.62
2025-02-09 22:00:00,06,6.96,1023.13,5.53,70.56,7.8,1.36,2.12
2025-02-09 23:00:00,06,6.38,1024.21,5.13,63.47,8.09,1.71,2.47
2025-02-10 00:00:00,06,6.08,1025.13,4.79,64.13,8.28,1.83,2.59
2025-02-10 01:00:00,06,5.88,1025.74,4.32,50.48,7.82,1.7,2.46
2025-02-10 02:00:00,06,5.7,1026.38,4.27,41.22,7.63,1.33,2.09
2025-02-10 03:00:00,06,5.54,1026.68,4.56,45.64,7.92,0.79,1.55
2025-02-10 04:00:00,06,5.39,1026.64,5.48,56.88,8.81,0.24,1.01
2025-02-10 05:00:00,06,5.36,1026.67,5.52,53.96,8.6,-0.16,0.6
2025-02-09 12:00:00,12,7.69,1014.0,3.58,180.67,9.32,2.31,2.82
2025-02-09 13:00:00,12,7.84,1015.69,4.28,138.6,9.46,2.12,2.65
2025-02-09 14:00:00,12,8.14,1017.22,4.78,114.6,9.37,1.7,2.33
2025-02-09 15:00:00,12,8.44,1018.53,4.92,97.41,8.91,1.14,1.71
2025-02-09 16:00:00,12,8.62,1019.77,5.45,87.71,8.7,0.56,1.22
2025-02-09 17:00:00,12,9.05,1020.23,5.74,85.92,8.63,0.12,0.69
2025-02-09 18:00:00,12,9.15,1020.47,6.02,89.19,8.49,-0.07,0.7
2025-02-09 19:00:00,12,9.03,1020.62,5.37,89.58,7.89,0.01,0.79
2025-02-09 20:00:00,12,8.69,1020.97,5.31,79.45,7.5,0.35,1.14
2025-02-09 21:00:00,12,8.04,1021.82,5.37,68.36,7.46,0.85,1.65
2025-02-09 22:00:00,12,7.08,1022.83,5.85,62.81,7.85,1.36,2.16
2025-02-09 23:00:00,12,6.46,1024.22,5.44,59.66,8.31,1.71,2.52
2025-02-10 00:00:00,12,6.16,1025.08,5.02,55.04,8.43,1.83,2.65
2025-02-10 01:00:00,12,5.92,1026.05,4.51,46.18,7.95,1.7,2.42
2025-02-10 02:00:00,12,5.8,1026.02,4.88,41.36,8.45,1.33,2.06
2025-02-10 03:00:00,12,5.78,1026.05,4.9,41.8,8.31,0.79,1.53
2025-02-10 04:00:00,12,5.77,1025.87,5.04,42.74,8.1,0.24,0.99
2025-02-10 05:00:00,12,5.8,1026.13,3.9,39.33,6.39,-0.16,0.69
2025-02-10 06:00:00,12,5.43,1026.91,4.52,56.73,5.84,-0.32,0.43
2025-02-10 07:00:00,12,4.84,1026.96,5.21,48.12,6.66,-0.17,0.58
2025-02-10 08:00:00,12,4.77,1027.1,4.03,45.85,5.24,0.25,1.1
2025-02-10 09:00:00,12,4.72,1027.62,3.69,53.37,5.65,0.85,1.6
2025-02-10 10:00:00,12,4.69,1028.56,3.22,48.83,5.75,1.5,2.25
2025-02-10 11:00:00,12,4.8,1029.03,3.79,54.93,5.92,2.02,2.77
2025-02-09 18:00:00,18,9.54,1020.19,5.52,76.43,7.66,-0.07,0.67
2025-02-09 19:00:00,18,9.49,1020.27,5.26,74.64,7.4,0.01,0.89
2025-02-09 20:00:00,18,9.01,1020.63,5.63,63.4,7.4,0.35,1.4
2025-02-09 21:00:00,18,8.36,1021.53,6.45,54.61,8.13,0.85,1.94
2025-02-09 22:00:00,18,7.24,1022.66,6.92,51.75,9.22,1.36,2.43
2025-02-09 23:00:00,18,6.48,1023.7,6.39,45.51,9.97,1.71,2.76
2025-02-10 00:00:00,18,6.18,1024.59,6.52,41.12,10.12,1.83,2.86
2025-02-10 01:00:00,18,6.12,1025.39,6.28,46.64,10.01,1.7,2.71
2025-02-10 02:00:00,18,5.98,1025.87,4.95,36.08,8.91,1.33,2.32
2025-02-10 03:00:00,18,5.85,1025.86,5.24,29.51,8.32,0.79,1.77
2025-02-10 04:00:00,18,5.77,1026.18,4.94,36.64,7.82,0.24,1.2
2025-02-10 05:00:00,18,5.8,1026.92,5.09,57.96,6.88,-0.16,0.78
2025-02-10 06:00:00,18,5.4,1027.04,5.15,52.78,6.08,-0.32,0.6
2025-02-10 07:00:00,18,5.09,1026.75,5.72,48.2,7.27,-0.17,0.73
2025-02-10 08:00:00,18,4.86,1027.36,4.35,53.94,6.12,0.25,1.13
2025-02-10 09:00:00,18,4.68,1028.2,3.31,55.79,4.67,0.85,1.71
2025-02-10 10:00:00,18,4.65,1028.51,3.59,48.1,5.8,1.5,2.24
2025-02-10 11:00:00,18,4.59,1028.37,4.47,42.01,7.58,2.02,2.77
2025-02-10 12:00:00,18,4.65,1029.58,4.5,59.06,6.63,2.32,3.16
2025-02-10 13:00:00,18,4.48,1030.17,5.22,61.8,7.13,2.35,3.2
2025-02-10 14:00:00,18,4.54,1030.16,4.68,61.95,6.94,2.12,2.96
2025-02-10 15:00:00,18,4.63,1030.38,4.51,67.24,6.55,1.64,2.38
2025-02-10 16:00:00,18,5.14,1030.63,5.5,68.42,6.7,1.02,1.86
2025-02-10 17:00:00,18,5.25,1030.55,5.35,70.87,6.6,0.42,1.17
2025-02-10 01:00:00,00,6.34,1025.06,6.04,42.8,10.12,1.7,2.69
2025-02-10 02:00:00,00,6.14,1025.47,4.98,31.08,9.21,1.33,2.31
2025-02-10 03:00:00,00,6.09,1025.38,5.32,25.86,8.81,0.79,1.75
2025-02-10 04:00:00,00,6.07,1025.28,5.37,30.13,8.5,0.24,1.28
2025-02-10 05:00:00,00,6.14,1026.21,4.66,36.56,6.2,-0.16,0.86
2025-02-10 06:00:00,00,5.78,1026.56,5.48,45.49,6.28,-0.32,0.79
2025-02-10 07:00:00,00,5.43,1026.14,6.14,48.75,7.45,-0.17,0.92
2025-02-10 08:00:00,00,5.1,1026.25,5.64,47.0,7.14,0.25,1.32
2025-02-10 09:00:00,00,4.97,1027.59,4.38,48.43,5.96,0.85,1.91
2025-02-10 10:00:00,00,4.86,1027.69,5.33,48.48,7.5,1.5,2.44
2025-02-10 11:00:00,00,4.74,1028.61,5.24,63.94,7.85,2.02,2.85
2025-02-10 12:00:00,00,4.67,1028.93,5.83,54.8,8.05,2.32,3.23
2025-02-10 13:00:00,00,4.72,1029.65,5.61,62.22,7.69,2.35,3.25
2025-02-10 14:00:00,00,4.53,1029.68,5.57,59.19,7.43,2.12,3.0
2025-02-10 15:00:00,00,4.55,1029.71,5.4,64.09,7.72,1.64,2.5
2025-02-10 16:00:00,00,4.88,1030.1,5.12,70.4,7.09,1.02,1.87
2025-02-10 17:00:00,00,5.04,1029.98,5.25,71.64,6.73,0.42,1.18
2025-02-10 18:00:00,00,5.63,1029.14,5.12,68.56,6.34,-0.01,0.85
2025-02-10 19:00:00,00,5.66,1028.9,4.6,66.14,5.9,-0.17,0.68
2025-02-10 20:00:00,00,5.9,1029.03,4.32,57.22,5.38,-0.03,0.72
2025-02-10 21:00:00,00,5.62,1029.5,3.81,54.29,5.03,0.38,1.14
2025-02-10 22:00:00,00,5.05,1029.6,3.49,43.68,4.46,0.95,1.71
2025-02-10 23:00:00,00,4.76,1030.12,3.05,35.85,4.19,1.5,2.25
2025-02-10 06:00:00,06,5.78,1026.11,5.48,35.28,6.15,-0.32,0.67
2025-02-10 07:00:00,06,5.53,1026.03,6.15,42.25,7.19,-0.17,0.79
2025-02-10 08:00:00,06,5.14,1026.4,5.17,37.84,6.35,0.25,1.28
2025-02-10 09:00:00,06,5.17,1027.5,3.81,50.85,5.31,0.85,1.86
2025-02-10 10:00:00,06,5.0,1027.28,4.82,45.31,6.8,1.5,2.44
2025-02-10 11:00:00,06,4.87,1028.24,4.66,60.96,6.98,2.02,2.95
2025-02-10 12:00:00,06,4.87,1028.78,5.04,57.32,7.65,2.32,3.33
2025-02-10 13:00:00,06,4.84,1029.56,5.34,62.59,7.43,2.35,3.35
2025-02-10 14:00:00,06,4.72,1029.37,4.9,56.38,7.21,2.12,3.0
2025-02-10 15:00:00,06,4.81,1029.45,4.98,63.36,7.3,1.64,2.5
2025-02-10 16:00:00,06,4.95,1029.81,4.79,73.66,6.95,1.02,1.87
2025-02-10 17:00:00,06,5.17,1029.45,5.16,73.48,6.75,0.42,1.26
2025-02-10 18:00:00,06,5.86,1028.9,5.21,72.8,6.57,-0.01,0.91
2025-02-10 19:00:00,06,6.0,1028.5,4.83,68.83,6.31,-0.17,0.73
2025-02-10 20:00:00,06,6.08,1028.94,4.66,63.01,5.93,-0.03,0.76
2025-02-10 21:00:00,06,5.75,1029.26,4.35,59.61,5.74,0.38,1.15
2025-02-10 22:00:00,06,5.3,1029.51,3.97,48.88,5.16,0.95,1.71
2025-02-10 23:00:00,06,4.88,1030.03,3.56,40.93,4.92,1.5,2.25
2025-02-11 00:00:00,06,4.67,1030.07,3.47,35.51,5.07,1.85,2.61
2025-02-11 01:00:00,06,4.6,1030.74,2.99,32.11,4.2,1.95,2.71
2025-02-11 02:00:00,06,4.57,1030.82,2.8,22.84,4.0,1.78,2.44
2025-02-11 03:00:00,06,4.41,1031.17,2.27,26.31,3.13,1.35,2.0
2025-02-11 04:00:00,06,4.31,1030.52,2.26,18.66,2.88,0.76,1.41
2025-02-11 05:00:00,06,4.31,1030.61,1.99,30.75,2.47,0.18,0.84
2025-02-10 12:00:00,12,4.67,1028.64,5.02,59.49,7.79,2.32,3.29
2025-02-10 13:00:00,12,4.68,1029.37,5.38,64.19,7.62,2.35,3.23
2025-02-10 14:00:00,12,4.67,1029.17,5.08,59.51,7.41,2.12,2.96
2025-02-10 15:00:00,12,4.81,1029.15,5.02,65.39,7.51,1.64,2.54
2025-02-10 16:00:00,12,4.88,1029.45,5.02,74.39,7.33,1.02,1.91
2025-02-10 17:00:00,12,5.06,1029.07,5.23,73.24,7.07,0.42,1.3
2025-02-10 18:00:00,12,5.91,1028.47,5.25,70.89,6.59,-0.01,0.96
2025-02-10 19:00:00,12,6.15,1028.03,4.82,65.7,6.31,-0.17,0.79
2025-02-10 20:00:00,12,6.15,1028.53,4.55,60.25,5.95,-0.03,0.82
2025-02-10 21:00:00,12,5.76,1028.93,4.37,55.9,5.79,0.38,1.22
2025-02-10 22:00:00,12,5.22,1029.14,4.06,46.22,5.41,0.95,1.78
2025-02-10 23:00:00,12,4.79,1029.84,3.74,43.88,5.51,1.5,2.32
2025-02-11 00:00:00,12,4.71,1029.79,3.5,34.71,5.36,1.85,2.66
2025-02-11 01:00:00,12,4.6,1030.35,3.29,35.44,4.83,1.95,2.75
2025-02-11 02:00:00,12,4.55,1030.76,2.91,27.76,4.38,1.78,2.47
2025-02-11 03:00:00,12,4.39,1030.92,2.68,26.84,3.82,1.35,2.02
2025-02-11 04:00:00,12,4.32,1030.43,2.63,22.05,3.64,0.76,1.42
2025-02-11 05:00:00,12,4.28,1030.16,2.64,24.16,3.4,0.18,0.85
2025-02-11 06:00:00,12,4.25,1030.48,2.46,43.5,2.96,-0.23,0.44
2025-02-11 07:00:00,12,4.37,1030.28,2.64,39.52,3.52,-0.36,0.3
2025-02-11 08:00:00,12,4.34,1029.89,2.78,42.2,3.59,-0.18,0.48
2025-02-11 09:00:00,12,4.22,1029.94,2.55,43.33,3.26,0.29,0.96
2025-02-11 10:00:00,12,4.33,1029.67,3.02,33.41,4.14,0.95,1.61
2025-02-11 11:00:00,12,4.38,1029.87,2.89,16.67,3.76,1.62,2.28
2025-02-10 18:00:00,18,5.95,1028.58,4.96,72.43,6.36,-0.01,0.92
2025-02-10 19:00:00,18,6.15,1028.15,4.5,67.69,5.95,-0.17,0.8
2025-02-10 20:00:00,18,6.3,1028.59,4.21,62.05,5.6,-0.03,0.92
2025-02-10 21:00:00,18,5.91,1029.0,4.06,57.53,5.54,0.38,1.25
2025-02-10 22:00:00,18,5.38,1029.19,3.86,47.97,5.12,0.95,1.7
2025-02-10 23:00:00,18,5.01,1029.75,3.58,41.28,5.32,1.5,2.25
2025-02-11 00:00:00,18,4.89,1029.89,3.63,41.55,5.8,1.85,2.6
2025-02-11 01:00:00,18,4.73,1030.41,3.45,45.91,5.43,1.95,2.71
2025-02-11 02:00:00,18,4.6,1030.86,3.13,42.68,4.82,1.78,2.54
2025-02-11 03:00:00,18,4.6,1031.04,3.12,43.59,4.75,1.35,2.01
2025-02-11 04:00:00,18,4.51,1030.62,3.03,36.5,4.53,0.76,1.42
2025-02-11 05:00:00,18,4.58,1030.32,2.84,33.83,4.2,0.18,0.85
2025-02-11 06:00:00,18,4.55,1030.64,2.79,49.19,4.04,-0.23,0.44
2025-02-11 07:00:00,18,4.54,1030.29,3.43,48.94,5.1,-0.36,0.31
2025-02-11 08:00:00,18,4.52,1030.13,3.23,50.18,4.62,-0.18,0.59
2025-02-11 09:00:00,18,4.37,1030.3,2.89,51.97,3.79,0.29,1.07
2025-02-11 10:00:00,18,4.57,1030.01,3.44,38.67,4.8,0.95,1.73
2025-02-11 11:00:00,18,4.51,1030.14,3.29,29.59,4.38,1.62,2.4
2025-02-11 12:00:00,18,4.75,1030.26,3.59,22.57,5.02,2.12,2.9
2025-02-11 13:00:00,18,5.14,1030.31,3.68,8.05,5.57,2.38,3.15
2025-02-11 14:00:00,18,5.05,1030.31,3.66,8.32,5.57,2.35,3.13
2025-02-11 15:00:00,18,4.85,1029.9,4.06,20.4,5.36,2.03,2.81
2025-02-11 16:00:00,18,5.15,1029.8,3.39,359.23,4.51,1.47,2.25
2025-02-11 17:00:00,18,5.05,1028.42,3.87,358.79,5.21,0.82,1.5
2025-02-11 01:00:00,00,4.73,1030.29,3.31,44.64,5.01,1.95,2.75
2025-02-11 02:00:00,00,4.7,1030.68,2.91,40.33,4.53,1.78,2.49
2025-02-11 03:00:00,00,4.55,1030.87,2.84,41.18,4.35,1.35,1.96
2025-02-11 04:00:00,00,4.53,1030.42,2.91,36.01,4.59,0.76,1.34
2025-02-11 05:00:00,00,4.55,1030.22,2.59,31.87,3.93,0.18,0.77
2025-02-11 06:00:00,00,4.5,1030.46,2.64,45.29,3.83,-0.23,0.37
2025-02-11 07:00:00,00,4.65,1030.16,3.29,47.32,5.03,-0.36,0.24
2025-02-11 08:00:00,00,4.55,1029.92,3.22,48.08,4.64,-0.18,0.43
2025-02-11 09:00:00,00,4.4,1029.89,2.99,47.83,4.11,0.29,1.02
2025-02-11 10:00:00,00,4.61,1029.82,3.3,34.66,4.71,0.95,1.68
2025-02-11 11:00:00,00,4.44,1029.88,3.21,29.55,4.41,1.62,2.36
2025-02-11 12:00:00,00,4.89,1030.13,3.45,17.26,5.23,2.12,2.87
2025-02-11 13:00:00,00,5.11,1030.08,3.98,0.56,5.6,2.38,3.13
2025-02-11 14:00:00,00,5.15,1030.05,4.5,2.27,5.96,2.35,3.12
2025-02-11 15:00:00,00,4.85,1029.64,4.49,4.02,6.11,2.03,2.81
2025-02-11 16:00:00,00,5.15,1029.54,3.43,341.5,4.75,1.47,2.26
2025-02-11 17:00:00,00,5.15,1027.9,4.07,348.18,5.62,0.82,1.5
2025-02-11 18:00:00,00,5.15,1026.92,3.88,348.56,5.34,0.23,0.92
2025-02-11 19:00:00,00,4.95,1025.35,4.74,358.43,6.38,-0.16,0.53
2025-02-11 20:00:00,00,4.85,1024.78,4.88,16.55,6.89,-0.25,0.54
2025-02-11 21:00:00,00,4.75,1023.96,5.87,26.24,8.18,-0.0,0.78
2025-02-11 22:00:00,00,4.75,1023.0,6.26,29.8,9.5,0.51,1.29
2025-02-11 23:00:00,00,4.45,1021.97,7.3,34.47,11.13,1.13,2.02
2025-02-11 06:00:00,06,4.4,1030.55,2.47,45.76,3.33,-0.23,0.46
2025-02-11 07:00:00,06,4.49,1030.27,3.08,47.99,4.5,-0.36,0.36
2025-02-11 08:00:00,06,4.48,1030.07,3.04,47.72,4.36,-0.18,0.61
2025-02-11 09:00:00,06,4.25,1029.93,2.91,47.4,4.05,0.29,1.12
2025-02-11 10:00:00,06,4.41,1029.72,3.37,34.84,4.82,0.95,1.9
2025-02-11 11:00:00,06,4.35,1029.8,3.12,26.96,4.25,1.62,2.55
2025-02-11 12:00:00,06,4.64,1029.75,3.86,18.36,5.91,2.12,3.13
2025-02-11 13:00:00,06,4.91,1029.89,4.03,359.44,5.8,2.38,3.36
2025-02-11 14:00:00,06,4.65,1030.15,4.59,10.51,6.25,2.35,3.31
2025-02-11 15:00:00,06,4.65,1029.75,4.48,7.1,6.38,2.03,2.97
2025-02-11 16:00:00,06,4.75,1029.14,4.25,347.6,5.91,1.47,2.39
2025-02-11 17:00:00,06,4.95,1027.98,4.65,347.92,5.8,0.82,1.72
2025-02-11 18:00:00,06,4.85,1026.98,4.25,350.49,5.7,0.23,1.11
2025-02-11 19:00:00,06,4.75,1025.67,4.52,8.47,6.41,-0.16,0.7
2025-02-11 20:00:00,06,4.65,1024.48,5.65,26.1,7.49,-0.25,0.59
2025-02-11 21:00:00,06,4.55,1024.31,6.02,40.02,8.37,-0.0,0.81
2025-02-11 22:00:00,06,4.45,1023.22,6.41,42.83,9.63,0.51,1.29
2025-02-11 23:00:00,06,4.27,1022.38,7.03,35.42,10.93,1.13,2.02
2025-02-12 00:00:00,06,4.15,1022.1,7.4,46.24,11.58,1.68,2.77
2025-02-12 01:00:00,06,3.85,1022.07,6.7,48.59,11.95,2.01,3.19
2025-02-12 02:00:00,06,3.85,1021.99,5.97,62.28,10.86,2.06,3.24
2025-02-12 03:00:00,06,3.85,1021.03,6.24,59.2,11.77,1.81,3.0
2025-02-12 04:00:00,06,3.95,1020.02,6.88,71.09,11.46,1.3,2.49
2025-02-12 05:00:00,06,4.05,1019.89,6.57,64.86,11.84,0.67,1.86
2025-02-11 12:00:00,12,4.61,1029.97,3.9,21.87,6.05,2.12,2.91
2025-02-11 13:00:00,12,4.89,1030.11,4.06,9.22,5.81,2.38,3.19
2025-02-11 14:00:00,12,4.59,1030.5,4.73,18.91,6.51,2.35,3.15
2025-02-11 15:00:00,12,4.59,1030.46,4.59,19.91,6.34,2.03,2.86
2025-02-11 16:00:00,12,4.69,1029.14,4.68,358.84,6.03,1.47,2.29
2025-02-11 17:00:00,12,4.65,1028.6,4.06,354.65,5.56,0.82,1.63
2025-02-11 18:00:00,12,4.75,1027.11,4.49,11.97,5.95,0.23,1.05
2025-02-11 19:00:00,12,4.75,1025.52,5.19,21.56,6.88,-0.16,0.66
2025-02-11 20:00:00,12,4.55,1023.92,6.59,20.18,8.43,-0.25,0.56
2025-02-11 21:00:00,12,4.35,1023.72,6.5,32.87,8.5,-0.0,0.91
2025-02-11 22:00:00,12,4.25,1022.51,7.03,36.26,10.25,0.51,1.41
2025-02-11 23:00:00,12,4.18,1022.63,6.85,51.02,10.14,1.13,2.14
2025-02-12 00:00:00,12,3.95,1022.99,6.39,55.06,10.97,1.68,2.79
2025-02-12 01:00:00,12,3.75,1022.01,6.29,50.97,11.44,2.01,3.11
2025-02-12 02:00:00,12,3.85,1021.42,6.52,60.05,11.65,2.06,3.26
2025-02-12 03:00:00,12,3.85,1020.11,7.32,52.43,12.31,1.81,3.01
2025-02-12 04:00:00,12,3.95,1020.37,5.92,68.74,10.44,1.3,2.5
2025-02-12 05:00:00,12,4.05,1019.81,6.23,56.44,10.82,0.67,1.86
2025-02-12 06:00:00,12,4.15,1019.33,6.23,55.55,10.87,0.09,1.29
2025-02-12 07:00:00,12,4.25,1019.48,6.11,57.48,10.13,-0.29,1.01
2025-02-12 08:00:00,12,4.25,1019.7,5.81,68.35,9.64,-0.37,1.03
2025-02-12 09:00:00,12,4.25,1019.43,5.77,55.63,10.1,-0.11,1.29
2025-02-12 10:00:00,12,4.35,1019.58,5.4,51.94,9.12,0.43,1.83
2025-02-12 11:00:00,12,4.45,1020.35,4.09,46.89,7.53,1.12,2.52
2025-02-11 18:00:00,18,4.75,1027.03,4.6,11.29,5.81,0.23,0.95
2025-02-11 19:00:00,18,4.75,1025.52,5.13,25.2,6.51,-0.16,0.59
2025-02-11 20:00:00,18,4.55,1024.23,6.1,26.2,7.21,-0.25,0.53
2025-02-11 21:00:00,18,4.45,1023.91,5.79,30.68,7.49,-0.0,0.89
2025-02-11 22:00:00,18,4.15,1022.88,6.17,23.78,9.11,0.51,1.4
2025-02-11 23:00:00,18,3.94,1023.73,5.31,62.96,8.38,1.13,2.12
2025-02-12 00:00:00,18,3.75,1023.15,5.84,55.9,9.75,1.68,2.76
2025-02-12 01:00:00,18,3.65,1022.6,5.58,52.66,9.76,2.01,3.18
2025-02-12 02:00:00,18,3.65,1021.76,5.44,54.54,10.14,2.06,3.22
2025-02-12 03:00:00,18,3.65,1020.83,5.72,59.11,10.37,1.81,2.97
2025-02-12 04:00:00,18,3.75,1020.86,5.38,86.68,8.97,1.3,2.45
2025-02-12 05:00:00,18,3.85,1020.25,5.63,66.32,9.58,0.67,1.81
2025-02-12 06:00:00,18,3.95,1019.4,5.38,49.1,9.15,0.09,1.33
2025-02-12 07:00:00,18,3.95,1020.07,4.7,65.15,8.05,-0.29,1.04
2025-02-12 08:00:00,18,4.05,1019.75,5.6,68.74,9.11,-0.37,0.85
2025-02-12 09:00:00,18,4.05,1019.9,5.15,62.88,8.6,-0.11,1.2
2025-02-12 10:00:00,18,4.15,1019.11,5.62,49.63,9.54,0.43,1.74
2025-02-12 11:00:00,18,4.15,1019.83,3.9,46.05,7.53,1.12,2.43
2025-02-12 12:00:00,18,4.25,1020.45,4.0,58.08,7.07,1.77,3.08
2025-02-12 13:00:00,18,4.35,1020.91,4.69,66.92,7.68,2.22,3.53
2025-02-12 14:00:00,18,4.45,1020.96,4.94,50.46,8.55,2.4,3.7
2025-02-12 15:00:00,18,4.55,1021.52,4.71,60.93,7.6,2.27,3.58
2025-02-12 16:00:00,18,4.65,1021.97,3.84,68.43,6.15,1.85,3.06
2025-02-12 17:00:00,18,4.75,1021.87,3.08,71.44,4.97,1.23,2.33
2025-02-12 01:00:00,00,3.55,1022.59,5.31,52.02,9.45,2.01,3.17
2025-02-12 02:00:00,00,3.55,1021.93,4.98,50.15,9.77,2.06,3.17
2025-02-12 03:00:00,00,3.75,1020.51,6.14,51.91,9.71,1.81,2.91
2025-02-12 04:00:00,00,3.85,1020.83,5.06,83.73,8.4,1.3,2.36
2025-02-12 05:00:00,00,3.85,1019.84,5.08,65.94,8.8,0.67,1.82
2025-02-12 06:00:00,00,3.95,1019.62,4.53,60.5,8.1,0.09,1.24
2025-02-12 07:00:00,00,3.95,1020.16,4.77,79.46,8.0,-0.29,0.86
2025-02-12 08:00:00,00,3.85,1019.54,5.86,73.12,9.35,-0.37,0.87
2025-02-12 09:00:00,00,3.95,1020.0,5.32,73.63,8.84,-0.11,1.23
2025-02-12 10:00:00,00,3.95,1019.0,6.03,47.27,9.27,0.43,1.77
2025-02-12 11:00:00,00,4.05,1020.51,3.99,55.63,6.54,1.12,2.45
2025-02-12 12:00:00,00,4.05,1020.61,3.92,54.8,6.98,1.77,3.0
2025-02-12 13:00:00,00,4.25,1021.42,3.73,64.17,6.44,2.22,3.44
2025-02-12 14:00:00,00,4.25,1020.65,5.39,50.25,8.96,2.4,3.61
2025-02-12 15:00:00,00,4.35,1022.25,4.52,66.2,6.95,2.27,3.58
2025-02-12 16:00:00,00,4.55,1022.02,3.46,53.1,6.04,1.85,3.06
2025-02-12 17:00:00,00,4.65,1021.93,2.6,66.83,4.44,1.23,2.44
2025-02-12 18:00:00,00,4.65,1020.2,3.09,53.66,6.22,0.56,1.67
2025-02-12 19:00:00,00,4.85,1019.19,3.21,62.32,6.25,0.02,1.13
2025-02-12 20:00:00,00,4.85,1018.84,3.62,53.85,6.68,-0.28,0.83
2025-02-12 21:00:00,00,4.95,1019.8,3.71,83.6,5.4,-0.24,0.87
2025-02-12 22:00:00,00,4.95,1019.62,4.2,76.09,6.76,0.12,1.23
2025-02-12 23:00:00,00,5.05,1021.0,2.98,94.26,5.42,0.71,1.92
2025-02-12 06:00:00,06,3.85,1019.49,4.71,68.93,7.9,0.09,1.3
2025-02-12 07:00:00,06,3.95,1020.17,4.99,87.16,8.17,-0.29,0.94
2025-02-12 08:00:00,06,3.85,1019.64,5.57,79.18,9.2,-0.37,1.0
2025-02-12 09:00:00,06,3.85,1019.8,5.47,76.5,8.98,-0.11,1.36
2025-02-12 10:00:00,06,3.95,1018.87,5.62,53.6,8.94,0.43,1.95
2025-02-12 11:00:00,06,4.05,1020.1,4.61,67.08,7.45,1.12,2.61
2025-02-12 12:00:00,06,4.05,1019.85,5.16,52.88,8.21,1.77,3.24
2025-02-12 13:00:00,06,4.15,1021.36,4.09,69.6,6.73,2.22,3.66
2025-02-12 14:00:00,06,4.25,1020.96,5.16,57.19,8.54,2.4,3.81
2025-02-12 15:00:00,06,4.45,1022.02,4.49,72.82,7.26,2.27,3.66
2025-02-12 16:00:00,06,4.55,1022.26,3.76,67.84,6.63,1.85,3.21
2025-02-12 17:00:00,06,4.75,1022.32,3.16,72.86,5.57,1.23,2.56
2025-02-12 18:00:00,06,4.75,1020.29,3.41,53.35,7.02,0.56,1.78
2025-02-12 19:00:00,06,4.85,1019.51,2.83,61.73,5.54,0.02,1.21
2025-02-12 20:00:00,06,4.85,1019.14,2.95,45.93,5.74,-0.28,0.89
2025-02-12 21:00:00,06,5.05,1020.17,3.67,82.5,5.53,-0.24,0.9
2025-02-12 22:00:00,06,4.95,1020.0,3.9,63.38,6.93,0.12,1.23
2025-02-12 23:00:00,06,4.95,1020.56,3.73,68.18,6.7,0.71,1.92
2025-02-13 00:00:00,06,5.02,1020.01,3.39,43.44,7.08,1.35,2.57
2025-02-13 01:00:00,06,5.12,1020.5,1.44,14.91,2.45,1.87,2.98
2025-02-13 02:00:00,06,5.27,1020.11,2.06,16.18,2.3,2.13,3.15
2025-02-13 03:00:00,06,5.37,1019.89,2.85,305.84,4.22,2.1,3.11
2025-02-13 04:00:00,06,5.41,1018.91,2.61,278.49,4.91,1.76,2.77
2025-02-13 05:00:00,06,5.47,1018.11,2.02,270.8,3.23,1.18,2.3
2025-02-12 12:00:00,12,4.15,1019.79,5.44,54.29,8.66,1.77,3.22
2025-02-12 13:00:00,12,4.15,1021.26,4.24,69.44,7.14,2.22,3.71
2025-02-12 14:00:00,12,4.25,1020.98,5.21,59.5,8.72,2.4,3.93
2025-02-12 15:00:00,12,4.35,1022.02,4.39,70.81,7.1,2.27,3.75
2025-02-12 16:00:00,12,4.55,1022.36,3.69,74.35,6.18,1.85,3.32
2025-02-12 17:00:00,12,4.55,1022.1,3.73,71.57,6.37,1.23,2.57
2025-02-12 18:00:00,12,4.65,1019.86,4.15,44.68,8.05,0.56,1.89
2025-02-12 19:00:00,12,4.85,1019.24,3.59,59.44,6.36,0.02,1.33
2025-02-12 20:00:00,12,4.95,1019.19,3.33,60.45,6.44,-0.28,0.91
2025-02-12 21:00:00,12,4.95,1019.93,3.37,77.7,6.03,-0.24,1.02
2025-02-12 22:00:00,12,4.95,1020.29,4.84,82.03,7.52,0.12,1.37
2025-02-12 23:00:00,12,4.97,1019.68,4.59,47.56,8.41,0.71,1.93
2025-02-13 00:00:00,12,4.97,1020.64,2.72,54.67,6.21,1.35,2.56
2025-02-13 01:00:00,12,5.05,1020.8,2.0,25.96,4.81,1.87,3.05
2025-02-13 02:00:00,12,5.22,1020.42,2.0,7.83,3.63,2.13,3.19
2025-02-13 03:00:00,12,5.32,1019.37,4.51,323.44,7.06,2.1,3.14
2025-02-13 04:00:00,12,5.45,1018.51,3.59,303.73,7.22,1.76,2.78
2025-02-13 05:00:00,12,5.52,1017.22,3.39,298.03,6.61,1.18,2.2
2025-02-13 06:00:00,12,5.5,1017.16,2.41,252.17,4.46,0.54,1.56
2025-02-13 07:00:00,12,5.57,1016.75,1.74,234.97,2.22,-0.01,1.01
2025-02-13 08:00:00,12,5.57,1016.03,1.85,247.02,2.07,-0.32,0.7
2025-02-13 09:00:00,12,5.69,1015.16,2.1,271.35,2.36,-0.31,0.71
2025-02-13 10:00:00,12,5.69,1014.3,1.83,286.46,2.52,0.05,1.17
2025-02-13 11:00:00,12,5.95,1014.31,2.22,232.42,3.68,0.65,1.67
2025-02-12 18:00:00,18,4.75,1019.91,4.26,46.02,7.85,0.56,1.95
2025-02-12 19:00:00,18,4.95,1019.5,3.76,65.28,6.22,0.02,1.34
2025-02-12 20:00:00,18,4.95,1019.7,3.85,67.41,6.21,-0.28,1.02
2025-02-12 21:00:00,18,4.95,1020.43,4.47,80.19,7.03,-0.24,1.11
2025-02-12 22:00:00,18,4.95,1020.82,5.31,77.67,8.02,0.12,1.51
2025-02-12 23:00:00,18,4.84,1020.49,4.62,50.35,8.3,0.71,2.08
2025-02-13 00:00:00,18,4.97,1020.89,3.88,54.73,7.22,1.35,2.8
2025-02-13 01:00:00,18,5.05,1021.14,1.68,60.5,3.61,1.87,3.19
2025-02-13 02:00:00,18,5.12,1021.04,0.77,5.67,2.25,2.13,3.33
2025-02-13 03:00:00,18,5.22,1019.64,4.01,310.48,7.16,2.1,3.27
2025-02-13 04:00:00,18,5.42,1018.94,3.17,284.79,5.97,1.76,2.92
2025-02-13 05:00:00,18,5.45,1017.72,2.4,280.8,4.33,1.18,2.32
2025-02-13 06:00:00,18,5.45,1017.06,2.52,269.04,4.86,0.54,1.65
2025-02-13 07:00:00,18,5.45,1016.6,1.95,250.4,3.54,-0.01,1.08
2025-02-13 08:00:00,18,5.64,1016.04,2.05,253.54,4.57,-0.32,0.75
2025-02-13 09:00:00,18,5.69,1015.24,1.95,271.92,3.36,-0.31,0.74
2025-02-13 10:00:00,18,5.75,1014.93,2.13,250.38,5.36,0.05,1.08
2025-02-13 11:00:00,18,5.89,1014.38,2.2,280.44,6.35,0.65,1.68
2025-02-13 12:00:00,18,6.29,1013.75,2.49,252.37,7.86,1.33,2.36
2025-02-13 13:00:00,18,6.41,1013.93,2.31,214.39,6.89,1.93,2.96
2025-02-13 14:00:00,18,6.63,1013.15,3.32,251.31,9.64,2.29,3.31
2025-02-13 15:00:00,18,7.26,1013.25,5.89,246.46,15.42,2.34,3.27
2025-02-13 16:00:00,18,8.41,1014.09,7.28,215.82,16.67,2.1,3.03
2025-02-13 17:00:00,18,8.09,1013.7,6.05,185.66,14.31,1.59,2.42
2025-02-13 01:00:00,00,5.12,1020.83,2.45,58.0,5.48,1.87,3.16
2025-02-13 02:00:00,00,5.22,1020.87,1.33,53.75,3.08,2.13,3.47
2025-02-13 03:00:00,00,5.35,1019.17,4.0,327.44,7.01,2.1,3.47
2025-02-13 04:00:00,00,5.42,1018.79,2.84,281.13,5.51,1.76,3.16
2025-02-13 05:00:00,00,5.45,1017.61,1.83,273.98,3.71,1.18,2.56
2025-02-13 06:00:00,00,5.55,1016.76,2.24,266.06,4.28,0.54,1.88
2025-02-13 07:00:00,00,5.67,1016.67,2.42,245.71,5.38,-0.01,1.3
2025-02-13 08:00:00,00,5.72,1016.06,1.78,232.32,3.38,-0.32,0.96
2025-02-13 09:00:00,00,5.74,1015.3,1.45,192.46,1.64,-0.31,0.94
2025-02-13 10:00:00,00,5.8,1014.86,1.49,252.31,1.79,0.05,1.27
2025-02-13 11:00:00,00,5.85,1014.57,1.53,265.74,2.39,0.65,1.83
2025-02-13 12:00:00,00,6.21,1013.5,3.96,279.91,12.1,1.33,2.49
2025-02-13 13:00:00,00,7.31,1013.51,6.38,246.98,16.53,1.93,2.96
2025-02-13 14:00:00,00,8.1,1012.78,8.3,244.4,18.28,2.29,3.29
2025-02-13 15:00:00,00,8.76,1013.13,9.98,231.38,19.3,2.34,3.31
2025-02-13 16:00:00,00,8.93,1013.79,9.01,218.24,18.62,2.1,2.84
2025-02-13 17:00:00,00,9.35,1013.19,6.75,199.44,14.83,1.59,2.23
2025-02-13 18:00:00,00,8.4,1013.58,6.77,182.41,14.74,0.93,1.57
2025-02-13 19:00:00,00,8.18,1014.15,7.03,189.36,13.93,0.3,0.94
2025-02-13 20:00:00,00,8.03,1015.35,5.54,179.6,11.81,-0.15,0.39
2025-02-13 21:00:00,00,8.57,1016.84,5.57,164.41,11.56,-0.31,0.23
2025-02-13 22:00:00,00,8.0,1018.57,6.49,160.57,12.63,-0.13,0.41
2025-02-13 23:00:00,00,7.38,1020.43,6.29,159.82,12.31,0.33,0.97
2025-02-13 06:00:00,06,5.65,1016.79,1.58,245.32,2.29,0.54,1.94
2025-02-13 07:00:00,06,5.7,1016.77,2.0,215.98,3.45,-0.01,1.31
2025-02-13 08:00:00,06,5.72,1016.04,1.66,180.81,2.3,-0.32,1.06
2025-02-13 09:00:00,06,5.64,1015.4,1.77,173.0,2.56,-0.31,1.11
2025-02-13 10:00:00,06,5.67,1015.16,1.36,200.18,2.28,0.05,1.52
2025-02-13 11:00:00,06,5.67,1014.8,1.66,248.41,4.4,0.27,1.76
2025-02-13 12:00:00,06,5.79,1014.41,3.12,264.94,10.11,1.33,2.79
2025-02-13 13:00:00,06,6.29,1014.65,4.55,237.31,12.9,1.93,3.35
2025-02-13 14:00:00,06,6.82,1014.01,5.55,249.12,15.01,2.29,3.57
2025-02-13 15:00:00,06,7.87,1013.33,6.7,232.49,16.81,2.34,3.59
2025-02-13 16:00:00,06,8.3,1013.73,7.3,216.07,16.51,2.1,3.21
2025-02-13 17:00:00,06,8.44,1013.38,6.65,204.29,14.95,1.59,2.67
2025-02-13 18:00:00,06,8.01,1013.88,6.94,197.98,15.63,0.93,1.88
2025-02-13 19:00:00,06,7.86,1014.53,6.43,195.96,13.62,0.3,1.21
2025-02-13 20:00:00,06,7.67,1015.7,5.29,185.87,11.65,-0.15,0.62
2025-02-13 21:00:00,06,8.17,1017.02,5.34,164.27,11.91,-0.31,0.43
2025-02-13 22:00:00,06,7.87,1018.87,5.8,163.58,12.13,-0.13,0.57
2025-02-13 23:00:00,06,7.09,1020.7,6.34,159.46,12.24,0.33,1.0
2025-02-14 00:00:00,06,6.66,1022.43,7.11,158.44,12.74,0.96,1.53
2025-02-14 01:00:00,06,6.12,1024.26,6.58,145.94,13.0,1.59,2.16
2025-02-14 02:00:00,06,5.94,1025.98,7.27,136.84,13.21,2.04,2.61
2025-02-14 03:00:00,06,5.58,1027.72,6.78,135.98,12.6,2.2,2.77
2025-02-14 04:00:00,06,5.26,1028.58,7.39,133.72,11.92,2.06,2.62
2025-02-14 05:00:00,06,5.01,1029.75,6.26,130.96,10.44,1.63,2.2
2025-02-13 12:00:00,12,5.81,1014.23,3.84,262.5,12.21,1.33,2.77
2025-02-13 13:00:00,12,6.41,1014.29,5.04,235.18,14.45,1.93,3.33
2025-02-13 14:00:00,12,7.21,1013.45,6.74,249.57,16.39,2.29,3.7
2025-02-13 15:00:00,12,8.14,1013.33,7.93,233.26,17.72,2.34,3.74
2025-02-13 16:00:00,12,8.69,1014.01,7.86,215.01,16.58,2.1,3.41
2025-02-13 17:00:00,12,8.32,1013.47,6.62,209.78,15.26,1.92,3.26
2025-02-13 18:00:00,12,7.95,1014.18,6.94,202.07,15.66,0.93,2.23
2025-02-13 19:00:00,12,7.69,1014.54,6.77,200.79,13.98,0.3,1.45
2025-02-13 20:00:00,12,7.57,1015.88,5.95,185.95,12.2,-0.15,0.95
2025-02-13 21:00:00,12,7.6,1017.22,4.91,175.65,11.83,-0.31,0.65
2025-02-13 22:00:00,12,7.62,1018.3,4.79,156.76,10.94,-0.13,0.78
2025-02-13 23:00:00,12,7.15,1020.54,5.16,156.85,10.56,0.33,1.21
2025-02-14 00:00:00,12,6.82,1022.64,5.78,156.04,10.5,0.96,1.79
2025-02-14 01:00:00,12,6.16,1024.42,5.59,157.69,10.7,1.59,2.37
2025-02-14 02:00:00,12,5.88,1025.89,6.57,136.55,11.7,2.04,2.77
2025-02-14 03:00:00,12,5.67,1027.31,7.36,132.74,11.55,2.2,2.99
2025-02-14 04:00:00,12,5.16,1028.45,6.81,127.41,10.03,2.06,2.9
2025-02-14 05:00:00,12,4.9,1028.93,6.24,119.43,9.83,1.63,2.43
2025-02-14 06:00:00,12,4.7,1030.51,4.59,130.79,9.71,1.02,1.62
2025-02-14 07:00:00,12,4.47,1031.18,4.84,137.93,10.12,0.38,0.89
2025-02-14 08:00:00,12,4.27,1031.79,5.77,132.73,11.01,-0.1,0.41
2025-02-14 09:00:00,12,4.09,1032.65,5.83,124.42,10.83,-0.3,0.3
2025-02-14 10:00:00,12,3.99,1033.66,5.64,117.27,10.58,-0.16,0.44
2025-02-14 11:00:00,12,3.89,1034.49,5.76,106.3,10.48,0.27,0.77
2025-02-13 18:00:00,18,8.03,1013.93,7.14,205.22,16.15,0.93,2.34
2025-02-13 19:00:00,18,7.85,1014.09,7.12,204.41,14.71,0.3,1.61
2025-02-13 20:00:00,18,7.73,1015.29,6.29,192.17,12.54,-0.15,1.04
2025-02-13 21:00:00,18,8.07,1016.46,5.06,181.81,12.01,-0.31,0.78
2025-02-13 22:00:00,18,8.0,1018.11,5.32,160.27,11.93,-0.13,0.9
2025-02-13 23:00:00,18,7.55,1020.38,5.98,159.24,12.1,0.03,1.13
2025-02-14 00:00:00,18,7.06,1022.46,6.31,157.79,11.6,0.96,2.03
2025-02-14 01:00:00,18,6.46,1024.4,6.04,158.91,11.21,1.59,2.61
2025-02-14 02:00:00,18,6.19,1026.24,6.56,139.41,11.41,2.04,3.02
2025-02-14 03:00:00,18,5.91,1027.7,6.87,132.1,10.51,2.2,3.25
2025-02-14 04:00:00,18,5.37,1028.72,6.27,121.64,9.31,2.06,3.17
2025-02-14 05:00:00,18,5.09,1029.33,5.81,112.75,9.42,1.63,2.71
2025-02-14 06:00:00,18,4.76,1030.55,5.29,114.66,9.51,1.02,1.85
2025-02-14 07:00:00,18,4.57,1031.47,4.52,122.93,9.26,0.38,1.08
2025-02-14 08:00:00,18,4.37,1032.25,4.25,134.92,8.94,-0.1,0.57
2025-02-14 09:00:00,18,4.19,1032.91,5.04,126.81,8.67,-0.3,0.42
2025-02-14 10:00:00,18,4.09,1033.82,5.23,110.36,9.39,-0.16,0.52
2025-02-14 11:00:00,18,3.99,1034.94,5.79,100.58,10.33,0.27,0.82
2025-02-14 12:00:00,18,3.79,1036.03,6.54,96.84,11.32,0.88,1.43
2025-02-14 13:00:00,18,4.1,1037.18,6.96,95.54,12.21,1.53,2.18
2025-02-14 14:00:00,18,4.69,1038.04,7.14,92.02,10.81,2.04,2.79
2025-02-14 15:00:00,18,5.29,1038.82,6.82,91.23,9.93,2.27,3.02
2025-02-14 16:00:00,18,5.88,1038.46,6.47,85.52,8.87,2.2,2.95
2025-02-14 17:00:00,18,6.39,1038.13,5.95,83.58,7.93,1.85,2.5
2025-02-14 01:00:00,00,7.02,1022.89,5.38,163.87,10.73,1.59,2.8
2025-02-14 02:00:00,00,6.82,1024.5,5.84,132.78,11.31,2.04,3.39
2025-02-14 03:00:00,00,6.57,1025.96,6.66,124.57,11.1,2.2,3.56
2025-02-14 04:00:00,00,6.07,1027.35,5.99,113.04,10.56,2.06,3.52
2025-02-14 05:00:00,00,5.66,1028.5,6.52,107.46,10.33,1.63,3.15
2025-02-14 06:00:00,00,5.27,1029.86,6.47,108.56,10.82,1.02,2.38
2025-02-14 07:00:00,00,4.97,1031.17,6.04,111.44,10.31,0.38,1.7
2025-02-14 08:00:00,00,4.78,1031.89,5.32,118.0,9.7,-0.1,1.07
2025-02-14 09:00:00,00,4.59,1032.83,5.14,119.27,9.42,-0.3,0.72
2025-02-14 10:00:00,00,4.39,1033.55,5.57,109.37,9.96,-0.16,0.81
2025-02-14 11:00:00,00,4.19,1034.81,6.08,102.9,10.87,0.27,1.19
2025-02-14 12:00:00,00,3.99,1036.02,6.08,96.73,10.62,0.88,1.76
2025-02-14 13:00:00,00,4.2,1037.16,6.45,96.14,11.15,1.53,2.46
2025-02-14 14:00:00,00,4.79,1037.92,6.55,90.7,9.9,2.04,2.92
2025-02-14 15:00:00,00,5.38,1038.64,6.74,89.43,9.32,2.27,3.2
2025-02-14 16:00:00,00,5.98,1038.78,6.06,85.56,8.15,2.2,3.08
2025-02-14 17:00:00,00,6.48,1038.06,5.54,76.64,7.36,1.85,2.63
2025-02-14 18:00:00,00,6.82,1037.34,4.93,68.01,6.32,1.28,1.96
2025-02-14 19:00:00,00,6.85,1036.57,4.68,50.85,5.36,0.63,1.31
2025-02-14 20:00:00,00,6.56,1036.93,4.32,36.83,4.11,0.08,0.76
2025-02-14 21:00:00,00,5.84,1037.16,4.56,31.07,4.04,-0.24,0.44
2025-02-14 22:00:00,00,5.15,1037.75,3.6,28.07,3.82,-0.24,0.34
2025-02-14 23:00:00,00,4.75,1037.79,3.63,30.01,4.38,0.07,0.65
2025-02-14 06:00:00,06,5.35,1029.66,6.27,106.86,10.62,1.02,2.43
2025-02-14 07:00:00,06,5.07,1030.87,6.06,109.19,10.32,0.38,1.91
2025-02-14 08:00:00,06,4.87,1031.54,5.32,116.77,9.72,-0.1,1.45
2025-02-14 09:00:00,06,4.69,1032.37,5.15,123.77,9.44,-0.3,1.13
2025-02-14 10:00:00,06,4.58,1033.2,5.72,117.12,9.91,-0.16,1.24
2025-02-14 11:00:00,06,4.38,1034.53,6.44,109.62,10.52,0.27,1.61
2025-02-14 12:00:00,06,4.18,1035.77,5.82,96.57,10.6,0.88,2.25
2025-02-14 13:00:00,06,4.48,1037.0,6.64,97.92,10.8,1.53,2.84
2025-02-14 14:00:00,06,4.98,1037.59,6.38,90.63,9.5,2.04,3.38
2025-02-14 15:00:00,06,5.58,1038.26,6.71,88.92,9.12,2.27,3.56
2025-02-14 16:00:00,06,6.18,1038.32,6.29,83.68,8.35,2.2,3.42
2025-02-14 17:00:00,06,6.58,1037.73,5.6,75.85,7.23,1.85,3.0
2025-02-14 18:00:00,06,6.89,1037.15,5.2,70.05,6.65,1.28,2.27
2025-02-14 19:00:00,06,6.92,1036.44,4.87,54.18,5.62,0.63,1.55
2025-02-14 20:00:00,06,6.58,1036.8,4.39,39.22,4.4,0.08,0.93
2025-02-14 21:00:00,06,5.98,1037.08,4.5,32.5,4.04,-0.24,0.56
2025-02-14 22:00:00,06,5.15,1037.98,3.56,32.03,3.7,-0.24,0.39
2025-02-14 23:00:00,06,4.77,1037.8,3.66,32.96,4.31,0.07,0.7
2025-02-15 00:00:00,06,4.75,1037.82,3.53,24.32,4.31,0.6,1.23
2025-02-15 01:00:00,06,4.68,1037.62,3.33,10.13,4.1,1.24,1.76
2025-02-15 02:00:00,06,4.57,1037.61,3.29,5.87,4.1,1.8,2.33
2025-02-15 03:00:00,06,4.55,1036.85,3.44,2.29,4.29,2.15,2.58
2025-02-15 04:00:00,06,4.38,1036.5,2.98,357.94,3.66,2.19,2.62
2025-02-15 05:00:00,06,4.35,1036.13,2.82,348.81,3.65,1.94,2.37
2025-02-14 12:00:00,12,4.18,1035.5,4.99,100.45,9.81,0.88,1.96
2025-02-14 13:00:00,12,4.58,1036.65,5.86,99.13,9.81,1.53,2.46
2025-02-14 14:00:00,12,5.18,1037.15,6.03,94.21,8.82,2.04,3.03
2025-02-14 15:00:00,12,5.88,1037.73,6.14,89.68,8.33,2.27,3.23
2025-02-14 16:00:00,12,6.48,1037.83,5.85,83.58,7.61,2.28,3.15
2025-02-14 17:00:00,12,6.88,1037.3,5.42,73.99,6.81,1.85,2.71
2025-02-14 18:00:00,12,7.22,1036.71,5.34,65.5,6.42,1.28,2.13
2025-02-14 19:00:00,12,7.08,1035.92,5.35,48.75,5.74,0.63,1.47
2025-02-14 20:00:00,12,6.66,1036.41,4.88,40.18,4.81,0.08,0.91
2025-02-14 21:00:00,12,5.97,1036.55,4.68,36.85,4.51,-0.24,0.58
2025-02-14 22:00:00,12,5.32,1037.37,3.78,38.82,4.1,-0.24,0.57
2025-02-14 23:00:00,12,4.97,1037.35,3.87,39.91,4.52,0.07,0.87
2025-02-15 00:00:00,12,4.95,1037.57,3.6,27.95,4.44,0.6,1.3
2025-02-15 01:00:00,12,4.77,1037.48,3.45,16.57,4.2,1.24,1.92
2025-02-15 02:00:00,12,4.5,1037.39,3.51,12.09,4.48,1.8,2.38
2025-02-15 03:00:00,12,4.57,1036.96,3.41,8.15,4.52,2.15,2.71
2025-02-15 04:00:00,12,4.52,1037.35,2.54,11.0,3.25,2.19,2.64
2025-02-15 05:00:00,12,4.36,1036.58,2.87,344.86,3.64,1.94,2.4
2025-02-15 06:00:00,12,4.16,1035.92,2.79,310.99,3.71,1.45,1.91
2025-02-15 07:00:00,12,4.15,1035.54,2.7,296.06,4.04,0.83,1.28
2025-02-15 08:00:00,12,4.13,1034.57,3.06,294.5,5.06,0.25,0.7
2025-02-15 09:00:00,12,4.04,1033.98,2.89,290.92,5.28,-0.12,0.33
2025-02-15 10:00:00,12,3.96,1033.93,2.55,294.84,4.59,-0.2,0.26
2025-02-15 11:00:00,12,3.91,1033.49,2.61,314.72,4.55,0.04,0.49
2025-02-14 18:00:00,18,7.28,1036.71,4.87,69.43,6.13,1.28,2.07
2025-02-14 19:00:00,18,7.26,1035.85,4.61,50.28,5.26,0.63,1.41
2025-02-14 20:00:00,18,6.97,1036.15,4.13,37.73,4.06,0.08,0.79
2025-02-14 21:00:00,18,6.32,1036.15,4.02,30.57,3.53,-0.24,0.41
2025-02-14 22:00:00,18,5.56,1036.9,3.16,30.96,3.32,-0.24,0.28
2025-02-14 23:00:00,18,5.06,1036.95,3.27,33.32,3.93,0.07,0.6
2025-02-15 00:00:00,18,5.05,1037.12,3.46,24.8,4.14,0.6,1.15
2025-02-15 01:00:00,18,4.85,1037.04,3.38,13.27,4.2,1.24,1.69
2025-02-15 02:00:00,18,4.64,1037.12,3.34,11.67,4.39,1.8,2.27
2025-02-15 03:00:00,18,4.63,1036.31,3.53,6.54,4.72,2.15,2.53
2025-02-15 04:00:00,18,4.5,1037.21,2.47,32.07,3.01,2.19,2.58
2025-02-15 05:00:00,18,4.46,1036.16,2.92,4.67,3.86,1.94,2.35
2025-02-15 06:00:00,18,4.37,1035.22,3.03,323.27,4.15,1.45,1.87
2025-02-15 07:00:00,18,4.17,1035.45,2.69,296.5,3.71,0.83,1.26
2025-02-15 08:00:00,18,4.28,1034.19,3.38,299.66,5.25,0.25,0.69
2025-02-15 09:00:00,18,4.04,1034.07,2.6,289.95,4.73,-0.12,0.33
2025-02-15 10:00:00,18,3.96,1033.75,2.61,293.26,4.48,-0.2,0.27
2025-02-15 11:00:00,18,3.95,1033.51,2.24,298.14,3.77,0.04,0.51
2025-02-15 12:00:00,18,4.01,1032.41,3.06,317.69,5.27,0.51,0.98
2025-02-15 13:00:00,18,4.66,1032.15,2.99,312.23,5.81,1.1,1.57
2025-02-15 14:00:00,18,5.7,1032.05,3.16,295.02,5.41,1.69,2.15
2025-02-15 15:00:00,18,5.8,1030.91,3.37,292.92,6.3,2.08,2.55
2025-02-15 16:00:00,18,7.37,1029.7,3.54,296.93,5.97,2.18,2.65
2025-02-15 17:00:00,18,7.9,1028.15,3.14,292.43,5.52,1.99,2.46
2025-02-15 01:00:00,00,5.05,1036.65,3.03,0.29,3.8,1.24,1.55
2025-02-15 02:00:00,00,4.73,1036.67,3.1,0.22,3.81,1.8,2.05
2025-02-15 03:00:00,00,4.79,1035.84,3.32,355.06,4.47,2.15,2.32
2025-02-15 04:00:00,00,4.62,1036.56,2.06,12.7,2.76,2.19,2.25
2025-02-15 05:00:00,00,4.56,1035.34,2.86,345.26,4.0,1.94,2.04
2025-02-15 06:00:00,00,4.51,1034.89,2.66,313.99,3.95,1.45,1.58
2025-02-15 07:00:00,00,4.26,1035.12,2.61,287.13,3.72,0.83,0.99
2025-02-15 08:00:00,00,4.37,1033.75,3.65,293.04,5.62,0.25,0.44
2025-02-15 09:00:00,00,4.31,1033.37,2.92,283.62,5.68,-0.12,0.11
2025-02-15 10:00:00,00,4.1,1032.84,2.93,287.29,5.36,-0.2,0.07
2025-02-15 11:00:00,00,4.11,1032.66,2.38,298.08,4.45,0.04,0.33
2025-02-15 12:00:00,00,4.08,1031.66,3.15,312.9,5.52,0.51,0.84
2025-02-15 13:00:00,00,4.66,1031.34,3.38,304.85,6.72,1.1,1.47
2025-02-15 14:00:00,00,5.78,1031.15,3.49,300.18,6.15,1.69,2.08
2025-02-15 15:00:00,00,6.83,1030.05,3.6,302.13,6.26,2.08,2.51
2025-02-15 16:00:00,00,8.08,1028.77,3.67,302.42,6.32,2.18,2.64
2025-02-15 17:00:00,00,8.81,1026.68,3.81,304.95,6.77,1.99,2.46
2025-02-15 18:00:00,00,9.24,1025.28,3.26,300.67,6.29,1.56,2.02
2025-02-15 19:00:00,00,9.15,1023.3,4.5,302.81,8.14,0.96,1.43
2025-02-15 20:00:00,00,8.8,1021.95,3.2,280.78,6.92,0.37,0.83
2025-02-15 21:00:00,00,8.1,1020.26,2.34,312.38,5.8,-0.06,0.51
2025-02-15 22:00:00,00,8.26,1019.42,3.99,295.74,9.25,-0.21,0.35
2025-02-15 23:00:00,00,8.05,1018.66,5.44,275.13,11.8,-0.06,0.5
2025-02-15 06:00:00,06,4.4,1034.73,2.47,314.0,3.63,1.45,1.49
2025-02-15 07:00:00,06,4.19,1034.97,2.44,283.84,3.29,0.83,0.83
2025-02-15 08:00:00,06,4.35,1033.52,3.61,289.78,5.26,0.25,0.21
2025-02-15 09:00:00,06,4.29,1033.12,2.96,279.26,5.5,-0.12,-0.2
2025-02-15 10:00:00,06,4.05,1032.59,3.17,279.61,5.67,-0.2,-0.34
2025-02-15 11:00:00,06,4.04,1032.29,2.86,285.6,5.38,0.04,-0.06
2025-02-15 12:00:00,06,3.97,1031.53,3.11,301.96,5.72,0.51,0.46
2025-02-15 13:00:00,06,4.48,1031.34,3.05,299.76,5.9,1.1,1.11
2025-02-15 14:00:00,06,5.61,1030.97,3.34,292.24,5.65,1.69,1.74
2025-02-15 15:00:00,06,6.76,1030.25,3.22,288.34,5.55,2.08,2.18
2025-02-15 16:00:00,06,7.83,1028.86,3.07,291.94,5.26,2.18,2.33
2025-02-15 17:00:00,06,8.87,1027.08,2.99,297.41,5.43,1.99,2.19
2025-02-15 18:00:00,06,9.25,1025.02,3.13,298.64,5.97,1.56,1.81
2025-02-15 19:00:00,06,8.69,1023.26,3.85,312.33,7.35,0.96,1.26
2025-02-15 20:00:00,06,8.25,1022.13,1.82,298.39,5.43,0.37,0.71
2025-02-15 21:00:00,06,7.66,1020.83,1.9,337.39,4.67,-0.06,0.44
2025-02-15 22:00:00,06,7.47,1020.25,2.72,327.15,6.35,-0.21,0.34
2025-02-15 23:00:00,06,7.55,1018.78,3.05,314.53,8.72,-0.06,0.48
2025-02-16 00:00:00,06,7.85,1017.96,4.22,275.11,11.61,0.33,0.98
2025-02-16 01:00:00,06,8.07,1016.54,6.8,266.61,14.61,0.89,1.54
2025-02-16 02:00:00,06,8.25,1016.12,6.89,242.56,14.27,1.49,2.14
2025-02-16 03:00:00,06,8.35,1014.85,6.93,245.32,13.97,1.97,2.52
2025-02-16 04:00:00,06,8.46,1013.72,6.36,245.15,13.41,2.19,2.73
2025-02-16 05:00:00,06,8.64,1012.49,6.45,250.39,13.75,2.11,2.66
2025-02-15 12:00:00,12,3.95,1031.36,3.21,313.44,5.82,0.51,0.42
2025-02-15 13:00:00,12,4.55,1031.04,3.18,311.84,6.32,1.1,1.13
2025-02-15 14:00:00,12,5.65,1030.69,3.53,304.18,6.11,1.69,1.73
2025-02-15 15:00:00,12,6.75,1029.46,3.78,305.63,6.38,2.08,2.1
2025-02-15 16:00:00,12,7.04,1028.56,3.46,301.76,6.01,2.18,2.24
2025-02-15 17:00:00,12,7.07,1027.13,2.82,309.2,5.53,1.99,2.08
2025-02-15 18:00:00,12,7.55,1024.75,3.87,311.25,6.54,1.56,1.68
2025-02-15 19:00:00,12,7.75,1023.11,3.69,298.12,8.15,0.96,1.12
2025-02-15 20:00:00,12,7.2,1020.59,3.54,306.88,8.05,0.37,0.55
2025-02-15 21:00:00,12,7.09,1019.82,1.99,310.6,5.17,-0.06,0.26
2025-02-15 22:00:00,12,7.45,1018.46,3.73,299.08,9.46,-0.21,0.14
2025-02-15 23:00:00,12,7.46,1018.04,4.81,262.14,11.33,-0.06,0.41
2025-02-16 00:00:00,12,7.64,1017.0,5.38,270.44,11.71,0.33,0.84
2025-02-16 01:00:00,12,7.8,1016.49,4.32,244.92,9.34,0.89,1.43
2025-02-16 02:00:00,12,7.95,1015.79,4.17,231.08,8.62,1.49,2.16
2025-02-16 03:00:00,12,7.95,1014.92,3.84,196.75,7.88,1.97,2.57
2025-02-16 04:00:00,12,7.46,1013.87,2.13,182.07,5.6,2.19,2.82
2025-02-16 05:00:00,12,7.51,1012.46,1.64,196.79,5.8,2.11,2.64
2025-02-16 06:00:00,12,7.59,1011.44,1.68,191.2,6.02,1.78,2.31
2025-02-16 07:00:00,12,8.47,1009.71,3.64,263.51,8.43,1.25,1.78
2025-02-16 08:00:00,12,8.77,1007.71,5.71,262.84,13.25,0.65,1.18
2025-02-16 09:00:00,12,9.05,1006.22,6.84,258.6,15.8,0.16,0.69
2025-02-16 10:00:00,12,9.46,1005.23,9.22,254.0,18.28,-0.08,0.45
2025-02-16 11:00:00,12,9.55,1003.72,9.45,252.08,18.62,-0.04,0.39
2025-02-15 18:00:00,18,7.26,1024.81,3.86,321.13,6.4,1.56,1.64
2025-02-15 19:00:00,18,7.56,1023.1,3.72,311.45,7.7,0.96,0.99
2025-02-15 20:00:00,18,7.1,1020.42,3.59,337.95,6.92,0.37,0.4
2025-02-15 21:00:00,18,6.99,1019.61,2.07,335.83,6.71,-0.06,-0.03
2025-02-15 22:00:00,18,7.25,1018.37,2.43,337.11,7.23,-0.21,-0.11
2025-02-15 23:00:00,18,7.56,1018.36,2.1,224.63,6.23,-0.06,0.18
2025-02-16 00:00:00,18,7.66,1016.97,3.82,284.23,8.14,0.33,0.62
2025-02-16 01:00:00,18,7.82,1016.52,3.64,238.02,8.21,0.89,1.22
2025-02-16 02:00:00,18,7.6,1016.19,2.82,181.6,5.96,1.49,1.86
2025-02-16 03:00:00,18,6.95,1015.89,4.68,142.5,7.82,1.97,2.38
2025-02-16 04:00:00,18,6.63,1014.76,2.09,167.78,2.81,2.19,2.54
2025-02-16 05:00:00,18,6.71,1013.32,1.64,247.37,2.17,2.11,2.51
2025-02-16 06:00:00,18,6.62,1012.21,1.39,200.1,2.95,1.78,2.12
2025-02-16 07:00:00,18,6.64,1010.58,1.77,275.79,5.26,1.25,1.63
2025-02-16 08:00:00,18,7.15,1008.28,3.06,293.03,9.34,0.65,1.07
2025-02-16 09:00:00,18,8.66,1006.47,5.83,260.81,13.74,0.16,0.74
2025-02-16 10:00:00,18,8.87,1005.53,7.77,253.09,16.77,-0.08,0.54
2025-02-16 11:00:00,18,9.26,1004.12,9.93,250.1,19.15,-0.04,0.47
2025-02-16 12:00:00,18,9.35,1002.5,9.46,254.61,18.84,0.25,0.77
2025-02-16 13:00:00,18,9.59,1001.38,10.18,254.24,19.65,0.73,1.15
2025-02-16 14:00:00,18,10.08,1000.56,10.73,251.43,21.3,1.29,1.71
2025-02-16 15:00:00,18,10.57,999.54,11.1,248.58,22.63,1.78,2.09
2025-02-16 16:00:00,18,10.43,997.87,11.61,245.81,23.14,2.04,2.25
2025-02-16 17:00:00,18,9.88,996.54,12.69,245.61,25.43,2.02,2.13
2025-02-16 01:00:00,00,7.54,1015.9,3.82,287.78,8.23,0.89,1.17
2025-02-16 02:00:00,00,7.5,1015.93,2.39,195.66,5.4,1.49,1.66
2025-02-16 03:00:00,00,6.85,1016.03,5.29,148.29,8.39,1.97,2.19
2025-02-16 04:00:00,00,6.64,1014.58,2.32,193.02,3.21,2.19,2.4
2025-02-16 05:00:00,00,6.72,1013.71,2.52,203.73,3.78,2.11,2.36
2025-02-16 06:00:00,00,6.44,1012.2,1.98,218.33,3.51,1.78,1.97
2025-02-16 07:00:00,00,6.45,1010.73,2.28,241.42,5.58,1.25,1.38
2025-02-16 08:00:00,00,6.55,1008.56,2.39,286.4,7.22,0.65,0.82
2025-02-16 09:00:00,00,7.87,1006.52,3.42,277.22,9.85,0.16,0.48
2025-02-16 10:00:00,00,8.97,1005.14,6.32,246.0,14.96,-0.08,0.38
2025-02-16 11:00:00,00,9.26,1003.75,10.27,247.05,19.34,-0.04,0.46
2025-02-16 12:00:00,00,9.33,1002.21,9.36,253.84,18.5,0.25,0.69
2025-02-16 13:00:00,00,9.56,1001.41,10.26,252.76,19.94,0.73,1.11
2025-02-16 14:00:00,00,9.99,1000.15,10.57,253.03,20.93,1.29,1.61
2025-02-16 15:00:00,00,10.29,998.88,11.02,253.94,21.42,1.78,2.13
2025-02-16 16:00:00,00,10.55,996.71,13.07,253.01,25.32,2.04,2.34
2025-02-16 17:00:00,00,9.85,994.99,12.26,249.92,24.3,2.02,2.12
2025-02-16 18:00:00,00,9.92,993.43,16.0,243.46,27.31,1.74,1.74
2025-02-16 19:00:00,00,9.55,993.99,12.49,221.97,24.14,1.26,1.06
2025-02-16 20:00:00,00,8.95,994.72,11.28,217.19,20.14,0.68,0.28
2025-02-16 21:00:00,00,9.33,995.66,11.01,211.3,19.7,0.19,-0.31
2025-02-16 22:00:00,00,9.06,997.42,10.39,185.64,18.14,-0.08,-0.88
2025-02-16 23:00:00,00,8.0,1000.42,10.33,183.77,17.09,-0.09,-0.79
2025-02-16 06:00:00,06,6.63,1012.41,2.07,216.05,3.56,1.78,1.98
2025-02-16 07:00:00,06,6.63,1010.88,2.67,244.23,6.56,1.25,1.45
2025-02-16 08:00:00,06,6.76,1008.77,2.47,281.12,7.4,0.65,0.88
2025-02-16 09:00:00,06,7.86,1006.87,3.95,273.4,10.34,0.16,0.42
2025-02-16 10:00:00,06,8.87,1005.57,6.76,254.6,15.04,-0.08,0.27
2025-02-16 11:00:00,06,9.17,1004.25,8.78,251.15,17.46,-0.04,0.33
2025-02-16 12:00:00,06,9.25,1002.97,8.45,256.64,17.29,0.25,0.66
2025-02-16 13:00:00,06,9.53,1001.79,9.25,256.54,18.25,0.73,1.17
2025-02-16 14:00:00,06,9.85,1000.6,9.99,256.13,19.43,1.29,1.65
2025-02-16 15:00:00,06,10.17,998.75,11.03,256.01,21.12,1.78,2.06
2025-02-16 16:00:00,06,10.62,997.09,12.45,256.4,24.72,2.04,2.26
2025-02-16 17:00:00,06,10.32,994.92,13.59,249.49,25.83,2.02,2.16
2025-02-16 18:00:00,06,10.22,993.74,15.8,234.82,25.85,1.74,1.71
2025-02-16 19:00:00,06,9.18,993.64,12.34,226.64,23.72,1.26,0.96
2025-02-16 20:00:00,06,9.22,994.67,12.15,217.69,20.86,0.68,0.21
2025-02-16 21:00:00,06,9.55,995.76,11.37,209.74,19.98,0.19,-0.45
2025-02-16 22:00:00,06,9.16,997.48,11.09,178.92,19.06,-0.08,-0.79
2025-02-16 23:00:00,06,7.86,1000.4,9.93,182.52,17.25,-0.09,-0.7
2025-02-17 00:00:00,06,7.21,1003.04,10.65,182.43,18.31,0.16,-0.55
2025-02-17 01:00:00,06,6.89,1004.54,10.86,182.78,18.14,0.61,0.0
2025-02-17 02:00:00,06,6.31,1005.98,10.5,179.52,18.23,1.17,0.66
2025-02-17 03:00:00,06,5.85,1007.42,10.66,172.9,19.0,1.7,1.29
2025-02-17 04:00:00,06,5.58,1008.8,10.45,170.06,18.85,2.06,1.55
2025-02-17 05:00:00,06,5.37,1009.98,9.77,170.25,17.92,2.15,1.44
2025-02-16 12:00:00,12,9.45,1002.95,8.58,255.03,17.49,0.25,0.45
2025-02-16 13:00:00,12,9.74,1002.09,9.42,252.31,18.68,0.73,1.01
2025-02-16 14:00:00,12,10.05,1001.14,10.36,251.77,20.48,1.29,1.48
2025-02-16 15:00:00,12,10.17,999.59,11.79,250.93,22.47,1.78,1.85
2025-02-16 16:00:00,12,10.7,998.43,12.74,251.11,25.1,2.04,2.07
2025-02-16 17:00:00,12,10.25,996.98,13.28,237.99,24.86,2.02,1.88
2025-02-16 18:00:00,12,10.06,994.85,13.27,240.66,25.56,1.74,1.43
2025-02-16 19:00:00,12,10.09,993.31,14.15,230.13,24.45,1.26,0.57
2025-02-16 20:00:00,12,9.99,995.3,13.14,215.17,22.85,0.68,-0.07
2025-02-16 21:00:00,12,9.76,996.42,12.75,203.23,20.96,0.19,-0.74
2025-02-16 22:00:00,12,9.07,998.74,11.72,177.22,19.8,-0.08,-1.08
2025-02-16 23:00:00,12,7.63,1001.51,10.21,184.16,17.6,-0.09,-1.05
2025-02-17 00:00:00,12,7.2,1004.05,10.46,183.61,18.2,0.16,-0.78
2025-02-17 01:00:00,12,6.78,1005.3,10.67,181.56,17.95,0.61,-0.2
2025-02-17 02:00:00,12,6.3,1006.51,10.39,176.46,18.0,1.17,0.49
2025-02-17 03:00:00,12,5.87,1007.99,10.22,172.8,18.26,1.7,1.15
2025-02-17 04:00:00,12,5.53,1009.19,9.9,170.84,17.75,2.06,1.44
2025-02-17 05:00:00,12,5.38,1010.28,9.85,169.64,17.21,2.15,1.53
2025-02-17 06:00:00,12,5.16,1011.34,9.68,167.32,16.85,1.98,1.36
2025-02-17 07:00:00,12,4.98,1012.03,9.34,164.83,16.23,1.58,1.06
2025-02-17 08:00:00,12,4.85,1013.01,9.66,167.07,17.14,1.05,0.63
2025-02-17 09:00:00,12,4.65,1013.93,10.1,163.53,17.06,0.52,0.1
2025-02-17 10:00:00,12,4.47,1015.0,10.45,157.62,16.18,0.15,-0.27
2025-02-17 11:00:00,12,4.27,1016.79,9.79,158.67,15.61,0.03,-0.4
2025-02-16 18:00:00,18,10.35,994.13,12.76,248.44,24.66,1.74,1.87
2025-02-16 19:00:00,18,10.34,993.1,13.41,237.04,23.69,1.26,1.41
2025-02-16 20:00:00,18,10.35,994.73,13.08,219.23,22.81,0.68,0.62
2025-02-16 21:00:00,18,10.02,995.52,12.9,204.88,21.41,0.19,-0.01
2025-02-16 22:00:00,18,9.31,998.34,12.08,177.0,20.09,-0.08,-0.44
2025-02-16 23:00:00,18,8.13,1001.31,10.47,179.59,18.15,-0.09,-0.57
2025-02-17 00:00:00,18,7.59,1003.76,10.15,179.29,17.86,0.16,-0.35
2025-02-17 01:00:00,18,7.11,1005.33,9.96,178.09,17.28,0.61,0.17
2025-02-17 02:00:00,18,6.63,1006.71,10.23,173.79,17.5,1.17,0.8
2025-02-17 03:00:00,18,6.12,1008.17,10.77,168.64,18.24,1.7,1.4
2025-02-17 04:00:00,18,5.88,1009.27,10.38,165.28,17.91,2.06,1.63
2025-02-17 05:00:00,18,5.59,1010.35,9.7,166.47,16.93,2.15,1.79
2025-02-17 06:00:00,18,5.33,1011.42,9.76,164.24,16.81,1.98,1.59
2025-02-17 07:00:00,18,5.21,1012.34,9.54,163.91,16.81,1.58,1.17
2025-02-17 08:00:00,18,4.98,1013.35,9.63,164.95,17.16,1.05,0.7
2025-02-17 09:00:00,18,4.78,1014.14,9.47,164.3,17.21,0.52,0.14
2025-02-17 10:00:00,18,4.69,1014.96,9.74,157.1,16.19,0.15,-0.25
2025-02-17 11:00:00,18,4.47,1016.48,9.86,153.81,15.75,0.03,-0.38
2025-02-17 12:00:00,18,4.39,1018.14,9.08,152.36,14.94,0.14,-0.27
2025-02-17 13:00:00,18,4.72,1019.07,8.54,145.72,14.52,0.46,0.06
2025-02-17 14:00:00,18,5.38,1020.2,7.63,151.66,11.66,0.93,0.53
2025-02-17 15:00:00,18,5.98,1020.71,7.06,155.73,9.86,1.42,1.01
2025-02-17 16:00:00,18,6.58,1020.76,6.92,156.85,9.42,1.79,1.39
2025-02-17 17:00:00,18,6.85,1020.56,6.82,159.93,9.21,1.94,1.63
2025-02-17 01:00:00,00,7.82,1004.27,9.81,175.54,17.16,0.61,0.32
2025-02-17 02:00:00,00,7.33,1005.77,10.37,169.36,17.83,1.17,0.76
2025-02-17 03:00:00,00,6.97,1007.17,10.71,164.39,18.07,1.7,1.47
2025-02-17 04:00:00,00,6.55,1008.58,10.55,160.53,17.73,2.06,1.76
2025-02-17 05:00:00,00,6.15,1010.01,10.13,162.16,16.76,2.15,1.76
2025-02-17 06:00:00,00,5.78,1011.26,10.2,160.07,16.83,1.98,1.7
2025-02-17 07:00:00,00,5.52,1012.26,9.89,159.01,16.63,1.58,1.41
2025-02-17 08:00:00,00,5.33,1013.22,9.64,161.18,16.8,1.05,0.88
2025-02-17 09:00:00,00,5.05,1013.96,9.5,160.46,16.95,0.52,0.46
2025-02-17 10:00:00,00,4.96,1015.04,9.8,156.21,16.08,0.15,0.11
2025-02-17 11:00:00,00,4.72,1016.71,10.22,152.53,15.78,0.03,-0.01
2025-02-17 12:00:00,00,4.52,1017.94,9.42,148.47,14.71,0.14,0.01
2025-02-17 13:00:00,00,4.88,1018.93,8.25,146.3,13.97,0.46,0.34
2025-02-17 14:00:00,00,5.38,1020.24,7.42,158.25,10.66,0.93,0.82
2025-02-17 15:00:00,00,6.08,1020.53,7.07,156.0,9.73,1.42,1.31
2025-02-17 16:00:00,00,6.57,1020.65,7.2,155.6,9.64,1.79,1.7
2025-02-17 17:00:00,00,7.03,1020.74,7.2,159.44,9.7,1.94,1.84
2025-02-17 18:00:00,00,7.45,1020.03,6.9,159.9,9.31,1.81,1.82
2025-02-17 19:00:00,00,7.76,1019.58,6.55,164.28,9.28,1.47,1.48
2025-02-17 20:00:00,00,7.55,1019.61,6.35,168.89,9.1,0.98,1.09
2025-02-17 21:00:00,00,7.25,1019.74,6.23,166.39,8.7,0.48,0.48
2025-02-17 22:00:00,00,6.73,1020.3,6.12,169.25,8.29,0.11,0.12
2025-02-17 23:00:00,00,6.15,1020.93,5.82,172.53,8.02,-0.02,-0.02
2025-02-17 06:00:00,06,5.84,1010.92,10.18,161.56,16.82,1.98,1.67
2025-02-17 07:00:00,06,5.54,1011.76,10.01,159.88,16.58,1.58,1.28
2025-02-17 08:00:00,06,5.31,1012.63,9.96,160.31,16.86,1.05,0.83
2025-02-17 09:00:00,06,5.15,1013.38,9.71,160.06,16.9,0.52,0.37
2025-02-17 10:00:00,06,4.97,1014.84,10.28,155.74,16.24,0.15,0.13
2025-02-17 11:00:00,06,4.75,1016.59,10.45,152.2,15.75,0.03,-0.01
2025-02-17 12:00:00,06,4.55,1017.91,9.29,148.3,14.64,0.14,0.1
2025-02-17 13:00:00,06,4.83,1018.94,7.83,145.89,13.4,0.46,0.42
2025-02-17 14:00:00,06,5.37,1020.15,7.16,158.02,10.23,0.93,0.78
2025-02-17 15:00:00,06,5.97,1020.5,7.11,156.22,9.65,1.42,1.26
2025-02-17 16:00:00,06,6.55,1020.63,7.3,154.09,9.81,1.79,1.63
2025-02-17 17:00:00,06,7.05,1020.58,7.17,156.61,9.57,1.94,1.87
2025-02-17 18:00:00,06,7.47,1019.86,6.92,156.55,9.34,1.81,1.84
2025-02-17 19:00:00,06,7.56,1019.35,6.58,160.04,9.15,1.47,1.59
2025-02-17 20:00:00,06,7.35,1019.56,6.34,168.79,9.1,0.98,1.1
2025-02-17 21:00:00,06,7.05,1019.68,6.23,167.97,8.9,0.48,0.59
2025-02-17 22:00:00,06,6.51,1020.19,6.25,171.5,8.42,0.11,0.12
2025-02-17 23:00:00,06,5.96,1020.85,6.26,174.45,8.43,-0.02,-0.02
2025-02-18 00:00:00,06,5.75,1021.48,6.35,177.44,8.93,0.08,0.08
2025-02-18 01:00:00,06,5.65,1022.06,5.99,174.82,9.17,0.4,0.4
2025-02-18 02:00:00,06,5.46,1022.41,5.91,175.89,9.51,0.88,0.88
2025-02-18 03:00:00,06,5.28,1022.64,5.9,167.66,10.05,1.39,1.29
2025-02-18 04:00:00,06,5.09,1022.84,5.58,162.54,10.07,1.83,1.73
2025-02-18 05:00:00,06,4.84,1023.01,5.33,158.56,9.73,2.08,1.98
2025-02-17 12:00:00,12,4.65,1017.67,9.07,150.73,14.67,0.14,-0.13
2025-02-17 13:00:00,12,4.92,1018.63,7.91,148.92,13.72,0.46,0.12
2025-02-17 14:00:00,12,5.48,1019.86,7.16,159.47,11.18,0.93,0.45
2025-02-17 15:00:00,12,6.18,1020.16,7.3,155.01,9.85,1.42,0.98
2025-02-17 16:00:00,12,6.65,1020.41,7.48,151.68,10.15,1.79,1.46
2025-02-17 17:00:00,12,7.15,1020.51,7.23,153.24,9.57,1.94,1.62
2025-02-17 18:00:00,12,7.47,1019.92,6.91,156.27,9.33,1.81,1.62
2025-02-17 19:00:00,12,7.58,1019.43,6.87,156.43,9.34,1.47,1.39
2025-02-17 20:00:00,12,7.46,1019.54,6.44,163.58,9.22,0.98,0.93
2025-02-17 21:00:00,12,7.05,1019.45,5.9,168.21,8.64,0.48,0.44
2025-02-17 22:00:00,12,6.56,1019.88,5.87,171.03,8.22,0.11,-0.01
2025-02-17 23:00:00,12,5.95,1020.77,6.22,173.2,8.51,-0.02,-0.12
2025-02-18 00:00:00,12,5.75,1021.46,6.01,174.56,8.63,0.08,-0.0
2025-02-18 01:00:00,12,5.59,1022.15,5.78,173.21,8.86,0.4,0.34
2025-02-18 02:00:00,12,5.36,1022.48,5.78,174.98,9.38,0.88,0.83
2025-02-18 03:00:00,12,5.17,1022.79,5.73,167.72,10.01,1.39,1.36
2025-02-18 04:00:00,12,4.96,1022.96,5.48,163.47,9.97,1.83,1.72
2025-02-18 05:00:00,12,4.75,1023.07,5.18,159.11,9.62,2.08,1.97
2025-02-18 06:00:00,12,4.65,1023.39,4.73,156.76,8.5,2.07,1.96
2025-02-18 07:00:00,12,4.56,1023.26,4.21,152.81,7.0,1.82,1.81
2025-02-18 08:00:00,12,4.42,1023.03,4.15,149.48,6.51,1.4,1.39
2025-02-18 09:00:00,12,4.33,1023.29,4.12,141.62,6.31,0.91,0.9
2025-02-18 10:00:00,12,4.27,1024.04,3.84,130.43,5.82,0.47,0.56
2025-02-18 11:00:00,12,4.23,1024.9,3.68,117.91,5.7,0.21,0.3
2025-02-17 18:00:00,18,7.46,1019.58,7.01,157.72,9.59,1.81,1.51
2025-02-17 19:00:00,18,7.55,1019.04,6.96,158.3,9.51,1.47,1.18
2025-02-17 20:00:00,18,7.46,1019.15,6.28,165.44,9.27,0.98,0.57
2025-02-17 21:00:00,18,7.13,1019.07,5.88,165.86,8.82,0.48,-0.02
2025-02-17 22:00:00,18,6.47,1019.55,5.69,170.31,8.54,0.11,-0.45
2025-02-17 23:00:00,18,5.86,1020.55,6.27,173.94,9.09,-0.02,-0.54
2025-02-18 00:00:00,18,5.65,1021.3,6.41,174.58,9.41,0.08,-0.39
2025-02-18 01:00:00,18,5.48,1021.99,6.07,173.62,9.4,0.4,-0.03
2025-02-18 02:00:00,18,5.18,1022.3,5.7,173.71,9.4,0.88,0.49
2025-02-18 03:00:00,18,4.95,1022.62,5.43,167.48,9.71,1.39,0.95
2025-02-18 04:00:00,18,4.75,1022.96,5.32,159.77,9.71,1.83,1.43
2025-02-18 05:00:00,18,4.57,1023.06,4.98,152.76,8.82,2.08,1.73
2025-02-18 06:00:00,18,4.45,1023.43,4.56,149.07,7.42,2.07,1.76
2025-02-18 07:00:00,18,4.35,1023.39,4.01,142.51,5.97,1.82,1.65
2025-02-18 08:00:00,18,4.11,1023.28,3.64,138.42,5.4,1.4,1.28
2025-02-18 09:00:00,18,4.04,1023.55,3.76,125.99,6.05,0.91,0.93
2025-02-18 10:00:00,18,3.98,1024.21,3.87,121.26,5.54,0.47,0.54
2025-02-18 11:00:00,18,3.98,1024.96,3.7,115.45,5.14,0.21,0.28
2025-02-18 12:00:00,18,3.98,1025.75,3.6,100.31,5.21,0.15,0.22
2025-02-18 13:00:00,18,4.54,1026.48,3.75,86.2,4.81,0.31,0.48
2025-02-18 14:00:00,18,5.13,1027.07,3.3,79.35,3.92,0.65,0.81
2025-02-18 15:00:00,18,5.76,1027.54,3.24,73.46,3.38,1.07,1.14
2025-02-18 16:00:00,18,6.45,1027.19,2.81,54.2,2.44,1.48,1.54
2025-02-18 17:00:00,18,6.95,1027.7,3.41,61.71,3.11,1.75,1.82
2025-02-18 01:00:00,00,5.65,1021.11,5.57,176.62,8.92,0.4,-0.35
2025-02-18 02:00:00,00,5.45,1021.25,5.64,182.64,9.48,0.88,0.04
2025-02-18 03:00:00,00,5.25,1021.48,5.85,176.31,10.21,1.39,0.46
2025-02-18 04:00:00,00,4.95,1021.92,5.84,165.73,10.61,1.83,0.87
2025-02-18 05:00:00,00,4.85,1022.22,5.41,156.42,9.83,2.08,1.18
2025-02-18 06:00:00,00,4.57,1022.74,4.95,148.63,8.42,2.07,1.32
2025-02-18 07:00:00,00,4.46,1022.88,4.49,136.53,7.51,1.82,1.13
2025-02-18 08:00:00,00,4.29,1022.93,4.23,128.9,6.92,1.4,0.77
2025-02-18 09:00:00,00,4.23,1023.2,4.51,121.12,7.1,0.91,0.43
2025-02-18 10:00:00,00,4.16,1023.89,4.24,112.6,6.3,0.47,0.06
2025-02-18 11:00:00,00,4.08,1024.71,3.6,97.57,5.35,0.21,-0.05
2025-02-18 12:00:00,00,4.06,1025.48,3.55,88.48,5.12,0.15,-0.05
2025-02-18 13:00:00,00,4.49,1026.33,4.07,83.06,5.0,0.31,0.27
2025-02-18 14:00:00,00,5.05,1026.98,3.66,74.79,4.12,0.65,0.66
2025-02-18 15:00:00,00,5.74,1027.53,3.52,68.46,3.64,1.07,1.04
2025-02-18 16:00:00,00,6.4,1027.45,3.38,55.55,2.9,1.48,1.51
2025-02-18 17:00:00,00,6.75,1027.54,3.18,50.16,2.72,1.75,1.88
2025-02-18 18:00:00,00,7.25,1026.93,2.56,38.98,2.27,1.79,1.82
2025-02-18 19:00:00,00,7.45,1025.88,2.46,31.98,2.12,1.59,1.63
2025-02-18 20:00:00,00,7.12,1025.95,2.62,43.39,2.44,1.23,1.26
2025-02-18 21:00:00,00,6.52,1025.83,2.55,38.3,1.92,0.78,0.81
2025-02-18 22:00:00,00,5.82,1025.94,2.8,26.87,2.37,0.37,0.4
2025-02-18 23:00:00,00,5.3,1026.76,3.33,16.72,3.11,0.12,0.15
2025-02-18 06:00:00,06,4.55,1022.39,4.93,157.66,8.8,2.07,1.11
2025-02-18 07:00:00,06,4.41,1022.42,4.55,151.85,7.98,1.82,0.92
2025-02-18 08:00:00,06,4.33,1022.37,4.31,150.56,7.61,1.4,0.55
2025-02-18 09:00:00,06,4.21,1022.56,4.47,142.04,8.61,0.91,0.12
2025-02-18 10:00:00,06,4.16,1023.4,5.08,130.62,8.33,0.47,-0.28
2025-02-18 11:00:00,06,4.21,1024.33,4.94,122.43,7.45,0.21,-0.4
2025-02-18 12:00:00,06,4.18,1025.03,4.2,108.62,6.32,0.15,-0.41
2025-02-18 13:00:00,06,4.66,1025.63,4.02,83.64,5.53,0.31,-0.1
2025-02-18 14:00:00,06,5.28,1026.25,3.95,75.58,4.45,0.65,0.28
2025-02-18 15:00:00,06,5.86,1026.89,3.93,73.59,3.97,1.07,0.74
2025-02-18 16:00:00,06,6.35,1026.95,3.76,62.82,3.58,1.48,1.2
2025-02-18 17:00:00,06,6.76,1027.07,3.52,53.72,3.21,1.75,1.51
2025-02-18 18:00:00,06,7.32,1026.61,2.99,44.64,2.77,1.79,1.7
2025-02-18 19:00:00,06,7.27,1025.73,2.85,30.01,2.24,1.59,1.45
2025-02-18 20:00:00,06,6.91,1025.92,3.04,36.98,2.56,1.23,1.13
2025-02-18 21:00:00,06,6.37,1025.83,3.15,33.42,2.41,0.78,0.62
2025-02-18 22:00:00,06,5.65,1025.92,3.14,26.02,2.82,0.37,0.26
2025-02-18 23:00:00,06,5.15,1026.39,3.74,22.48,3.65,0.12,0.11
2025-02-19 00:00:00,06,5.01,1027.24,4.06,3.72,4.23,0.08,0.07
2025-02-19 01:00:00,06,4.91,1027.43,4.11,350.14,4.62,0.26,0.25
2025-02-19 02:00:00,06,4.65,1027.61,3.66,352.64,4.18,0.62,0.61
2025-02-19 03:00:00,06,4.65,1027.88,3.0,348.44,3.56,1.08,1.07
2025-02-19 04:00:00,06,4.48,1027.99,3.42,26.92,3.75,1.54,1.53
2025-02-19 05:00:00,06,4.52,1028.0,4.18,45.51,4.92,1.9,1.89
2025-02-18 12:00:00,12,4.22,1024.73,4.4,120.79,6.65,0.15,-0.55
2025-02-18 13:00:00,12,4.62,1025.26,3.88,105.55,5.82,0.31,-0.53
2025-02-18 14:00:00,12,5.35,1025.79,3.38,95.05,4.78,0.65,-0.1
2025-02-18 15:00:00,12,6.05,1026.27,3.48,96.0,4.82,1.07,0.32
2025-02-18 16:00:00,12,6.85,1026.41,3.5,84.86,4.37,1.48,0.78
2025-02-18 17:00:00,12,7.21,1026.73,3.57,71.74,4.21,1.75,1.11
2025-02-18 18:00:00,12,7.69,1026.32,3.41,57.69,3.82,1.79,1.2
2025-02-18 19:00:00,12,7.52,1025.65,3.44,40.86,3.31,1.59,1.06
2025-02-18 20:00:00,12,7.05,1025.88,4.03,37.4,3.49,1.23,0.74
2025-02-18 21:00:00,12,6.37,1025.86,4.2,27.81,3.21,0.78,0.25
2025-02-18 22:00:00,12,5.68,1025.91,4.07,23.79,3.73,0.37,-0.1
2025-02-18 23:00:00,12,5.18,1026.29,4.42,23.66,4.47,0.12,-0.2
2025-02-19 00:00:00,12,5.12,1027.07,4.65,15.52,5.01,0.08,-0.19
2025-02-19 01:00:00,12,4.91,1027.69,4.51,6.94,4.93,0.26,0.04
2025-02-19 02:00:00,12,4.65,1027.96,3.9,2.44,4.51,0.62,0.45
2025-02-19 03:00:00,12,4.57,1028.43,3.46,15.17,3.91,1.08,0.97
2025-02-19 04:00:00,12,4.55,1028.06,3.77,28.77,4.45,1.54,1.48
2025-02-19 05:00:00,12,4.38,1028.22,4.4,45.02,5.12,1.9,1.84
2025-02-19 06:00:00,12,4.34,1028.57,5.99,44.27,6.5,2.05,2.09
2025-02-19 07:00:00,12,4.17,1028.76,6.32,50.6,7.13,1.96,2.0
2025-02-19 08:00:00,12,4.1,1028.64,6.64,53.68,7.61,1.67,1.81
2025-02-19 09:00:00,12,3.88,1028.83,6.92,57.37,8.0,1.27,1.41
2025-02-19 10:00:00,12,3.81,1028.61,6.93,55.7,8.04,0.84,0.98
2025-02-19 11:00:00,12,3.78,1028.64,6.91,52.0,7.91,0.49,0.73
2025-02-18 18:00:00,18,7.88,1025.74,2.82,68.54,3.79,1.79,1.1
2025-02-18 19:00:00,18,7.69,1024.89,2.91,53.83,3.45,1.59,0.87
2025-02-18 20:00:00,18,7.47,1024.99,3.82,52.8,3.84,1.23,0.4
2025-02-18 21:00:00,18,6.75,1024.88,4.33,40.67,3.84,0.78,-0.07
2025-02-18 22:00:00,18,6.02,1025.22,4.33,34.51,4.11,0.37,-0.51
2025-02-18 23:00:00,18,5.42,1025.96,4.7,33.22,5.0,0.12,-0.7
2025-02-19 00:00:00,18,5.27,1026.93,5.15,30.26,5.42,0.08,-0.67
2025-02-19 01:00:00,18,4.98,1027.55,4.93,24.45,5.62,0.26,-0.33
2025-02-19 02:00:00,18,4.79,1027.99,4.62,27.69,5.53,0.62,0.09
2025-02-19 03:00:00,18,4.67,1028.34,4.97,42.02,5.94,1.08,0.52
2025-02-19 04:00:00,18,4.52,1028.16,6.05,46.14,6.71,1.54,1.14
2025-02-19 05:00:00,18,4.25,1028.5,6.46,49.65,7.23,1.9,1.56
2025-02-19 06:00:00,18,4.05,1028.98,6.65,52.52,7.73,2.05,1.88
2025-02-19 07:00:00,18,3.84,1028.99,7.03,54.36,7.91,1.96,1.85
2025-02-19 08:00:00,18,3.81,1029.02,6.97,61.4,8.08,1.67,1.62
2025-02-19 09:00:00,18,3.63,1029.06,6.86,63.35,8.14,1.27,1.29
2025-02-19 10:00:00,18,3.61,1028.9,6.89,59.97,8.11,0.84,0.93
2025-02-19 11:00:00,18,3.55,1028.95,6.79,59.86,7.91,0.49,0.57
2025-02-19 12:00:00,18,3.63,1029.32,6.59,59.16,7.62,0.29,0.47
2025-02-19 13:00:00,18,3.91,1029.47,6.59,55.87,7.27,0.28,0.47
2025-02-19 14:00:00,18,4.32,1029.97,6.34,55.83,6.44,0.46,0.64
2025-02-19 15:00:00,18,4.5,1030.31,6.17,61.41,6.2,0.78,0.96
2025-02-19 16:00:00,18,4.5,1029.14,6.38,60.22,6.43,1.15,1.23
2025-02-19 17:00:00,18,4.2,1028.5,5.44,53.46,5.31,1.48,1.57
2025-02-19 01:00:00,00,5.31,1026.52,4.11,12.2,4.45,0.26,-0.6
2025-02-19 02:00:00,00,5.19,1026.61,3.63,11.75,4.28,0.62,-0.33
2025-02-19 03:00:00,00,5.14,1026.75,4.12,30.86,4.61,1.08,0.11
2025-02-19 04:00:00,00,5.05,1026.72,5.12,43.56,6.2,1.54,0.6
2025-02-19 05:00:00,00,4.89,1027.15,6.85,50.08,7.82,1.7,0.78
2025-02-19 06:00:00,00,4.45,1027.86,7.33,52.89,8.43,2.05,1.3
2025-02-19 07:00:00,00,4.31,1028.14,7.68,56.51,8.81,1.96,1.37
2025-02-19 08:00:00,00,4.07,1028.44,7.58,63.83,9.01,1.67,1.15
2025-02-19 09:00:00,00,3.92,1028.49,7.59,59.58,9.07,1.27,0.82
2025-02-19 10:00:00,00,3.78,1028.45,7.67,60.75,9.08,0.84,0.47
2025-02-19 11:00:00,00,3.66,1028.89,6.94,59.63,8.32,0.49,0.18
2025-02-19 12:00:00,00,3.73,1028.71,7.09,56.83,8.33,0.29,0.05
2025-02-19 13:00:00,00,3.9,1029.4,6.86,59.18,7.9,0.28,0.12
2025-02-19 14:00:00,00,4.13,1030.0,6.37,56.24,6.9,0.46,0.36
2025-02-19 15:00:00,00,4.28,1029.65,6.67,58.79,6.91,0.78,0.75
2025-02-19 16:00:00,00,4.4,1029.0,5.8,49.98,5.86,1.15,1.19
2025-02-19 17:00:00,00,4.08,1028.19,4.89,47.18,5.04,1.48,1.49
2025-02-19 18:00:00,00,3.81,1026.44,5.73,50.17,6.13,1.67,1.68
2025-02-19 19:00:00,00,3.65,1024.82,6.6,57.6,7.33,1.64,1.65
2025-02-19 20:00:00,00,3.25,1024.71,6.68,62.38,7.82,1.4,1.41
2025-02-19 21:00:00,00,3.12,1023.78,6.57,51.96,8.11,1.05,1.16
2025-02-19 22:00:00,00,3.1,1023.81,6.1,51.92,7.81,0.67,0.78
2025-02-19 23:00:00,00,2.99,1023.22,6.31,46.75,8.35,0.34,0.45
2025-02-19 06:00:00,06,4.45,1027.66,7.4,53.41,8.65,2.05,1.31
2025-02-19 07:00:00,06,4.25,1027.95,7.91,57.48,9.14,1.96,1.42
2025-02-19 08:00:00,06,3.99,1028.42,7.88,65.09,9.43,1.67,1.35
2025-02-19 09:00:00,06,3.77,1028.56,7.82,60.96,9.2,1.27,1.06
2025-02-19 10:00:00,06,3.65,1028.23,8.06,61.67,9.58,0.84,0.71
2025-02-19 11:00:00,06,3.57,1028.85,7.48,61.82,9.01,0.49,0.37
2025-02-19 12:00:00,06,3.54,1029.01,7.46,62.03,8.79,0.29,0.19
2025-02-19 13:00:00,06,3.75,1029.76,6.65,62.95,7.71,0.28,0.2
2025-02-19 14:00:00,06,3.98,1030.15,6.58,61.14,7.21,0.46,0.39
2025-02-19 15:00:00,06,4.16,1030.18,6.47,66.56,6.73,0.78,0.62
2025-02-19 16:00:00,06,4.25,1028.67,6.33,53.6,6.63,1.15,1.01
2025-02-19 17:00:00,06,4.05,1028.47,5.29,55.94,5.12,1.48,1.36
2025-02-19 18:00:00,06,3.82,1026.84,5.89,51.88,5.93,1.67,1.46
2025-02-19 19:00:00,06,3.41,1025.29,7.21,59.62,7.88,1.64,1.44
2025-02-19 20:00:00,06,3.18,1024.82,7.15,64.91,8.44,1.4,1.22
2025-02-19 21:00:00,06,3.0,1024.07,6.87,62.93,8.39,1.05,0.99
2025-02-19 22:00:00,06,2.82,1024.03,5.53,49.52,7.14,0.67,0.73
2025-02-19 23:00:00,06,2.78,1023.91,5.81,46.73,7.42,0.34,0.4
2025-02-20 00:00:00,06,2.81,1023.44,5.86,53.23,7.93,0.16,0.22
2025-02-20 01:00:00,06,2.95,1023.04,5.84,58.04,8.01,0.19,0.24
2025-02-20 02:00:00,06,3.02,1022.21,6.37,62.97,8.87,0.41,0.46
2025-02-20 03:00:00,06,3.04,1020.98,6.95,66.75,9.64,0.78,0.83
2025-02-20 04:00:00,06,3.15,1020.28,6.56,71.4,9.11,1.21,1.27
2025-02-20 05:00:00,06,3.05,1019.7,6.23,65.27,8.76,1.62,1.78
2025-02-19 12:00:00,12,3.48,1029.18,7.24,63.95,8.62,0.29,0.03
2025-02-19 13:00:00,12,3.55,1030.01,6.66,66.0,7.61,0.28,-0.1
2025-02-19 14:00:00,12,3.83,1030.26,6.66,67.41,7.35,0.46,-0.09
2025-02-19 15:00:00,12,4.05,1030.23,6.27,68.0,6.54,0.78,0.17
2025-02-19 16:00:00,12,3.78,1028.8,6.14,59.7,6.47,1.15,0.55
2025-02-19 17:00:00,12,3.87,1028.92,5.09,61.95,5.1,1.48,0.92
2025-02-19 18:00:00,12,3.66,1027.28,5.19,54.11,5.41,1.67,1.14
2025-02-19 19:00:00,12,3.23,1025.62,6.82,61.62,7.42,1.64,1.03
2025-02-19 20:00:00,12,3.04,1024.51,7.01,62.9,8.3,1.4,0.93
2025-02-19 21:00:00,12,2.78,1023.74,6.35,59.07,7.8,1.05,0.71
2025-02-19 22:00:00,12,2.68,1024.18,5.23,51.98,6.67,0.67,0.36
2025-02-19 23:00:00,12,2.6,1024.3,5.39,48.04,6.8,0.34,0.17
2025-02-20 00:00:00,12,2.71,1023.9,5.56,52.72,7.43,0.16,0.02
2025-02-20 01:00:00,12,2.75,1023.06,6.09,54.59,8.19,0.19,-0.02
2025-02-20 02:00:00,12,2.72,1022.48,6.01,59.89,8.23,0.41,0.23
2025-02-20 03:00:00,12,2.83,1021.5,6.41,63.9,8.84,0.78,0.63
2025-02-20 04:00:00,12,2.82,1020.58,6.34,68.91,8.77,1.21,1.2
2025-02-20 05:00:00,12,2.91,1019.71,6.48,74.51,8.91,1.62,1.61
2025-02-20 06:00:00,12,2.86,1018.98,6.5,74.4,8.84,1.91,1.9
2025-02-20 07:00:00,12,2.95,1018.25,6.38,70.62,8.6,1.99,2.08
2025-02-20 08:00:00,12,2.87,1017.43,6.5,73.05,8.82,1.85,2.04
2025-02-20 09:00:00,12,2.61,1017.23,6.29,78.51,8.71,1.58,1.66
2025-02-20 10:00:00,12,2.43,1016.6,5.83,81.85,8.44,1.22,1.31
2025-02-20 11:00:00,12,2.06,1016.18,5.21,91.5,8.05,0.84,1.03
2025-02-19 18:00:00,18,3.33,1027.55,5.11,54.76,5.31,1.67,1.0
2025-02-19 19:00:00,18,3.02,1025.96,6.7,64.48,7.33,1.64,1.09
2025-02-19 20:00:00,18,2.82,1024.9,6.71,65.54,7.84,1.4,0.87
2025-02-19 21:00:00,18,2.68,1024.26,5.84,62.38,7.13,1.05,0.52
2025-02-19 22:00:00,18,2.62,1024.66,4.63,54.09,5.82,0.67,0.1
2025-02-19 23:00:00,18,2.56,1024.59,5.02,52.37,6.22,0.34,-0.2
2025-02-20 00:00:00,18,2.53,1024.05,5.66,55.14,7.25,0.16,-0.24
2025-02-20 01:00:00,18,2.56,1023.55,5.72,61.46,7.74,0.19,-0.28
2025-02-20 02:00:00,18,2.68,1022.55,6.28,64.17,8.48,0.41,-0.03
2025-02-20 03:00:00,18,2.66,1021.7,6.39,68.09,8.81,0.78,0.37
2025-02-20 04:00:00,18,2.74,1020.97,6.33,68.31,8.71,1.21,0.94
2025-02-20 05:00:00,18,2.65,1019.98,6.64,69.73,8.98,1.62,1.39
2025-02-20 06:00:00,18,2.64,1018.95,7.01,72.92,9.65,1.91,1.71
2025-02-20 07:00:00,18,2.65,1017.96,7.21,73.26,9.58,1.99,1.93
2025-02-20 08:00:00,18,2.45,1017.2,7.62,81.46,9.99,1.85,1.92
2025-02-20 09:00:00,18,2.38,1016.92,6.84,83.79,9.9,1.58,1.68
2025-02-20 10:00:00,18,2.02,1016.48,5.98,88.93,9.26,1.22,1.36
2025-02-20 11:00:00,18,1.8,1016.29,5.44,90.77,8.62,0.84,1.08
2025-02-20 12:00:00,18,1.52,1016.27,4.96,96.12,7.62,0.53,0.77
2025-02-20 13:00:00,18,2.25,1016.8,5.15,107.23,7.74,0.37,0.71
2025-02-20 14:00:00,18,2.56,1017.73,5.19,119.25,7.32,0.39,0.62
2025-02-20 15:00:00,18,3.05,1017.83,5.55,119.51,7.33,0.56,0.7
2025-02-20 16:00:00,18,3.33,1018.17,5.72,125.12,7.2,0.85,0.99
2025-02-20 17:00:00,18,3.46,1017.97,5.57,127.73,6.83,1.18,1.32
2025-02-20 01:00:00,00,2.4,1023.57,5.52,66.12,7.39,0.19,-0.24
2025-02-20 02:00:00,00,2.37,1022.64,5.9,70.13,8.0,0.41,-0.03
2025-02-20 03:00:00,00,2.45,1021.91,5.99,73.14,8.12,0.78,0.32
2025-02-20 04:00:00,00,2.45,1021.2,6.01,74.67,8.3,1.21,0.85
2025-02-20 05:00:00,00,2.35,1020.08,6.68,78.2,9.15,1.62,1.28
2025-02-20 06:00:00,00,2.31,1019.29,6.74,80.75,9.63,1.91,1.59
2025-02-20 07:00:00,00,2.3,1018.38,7.17,83.62,9.7,1.99,1.79
2025-02-20 08:00:00,00,2.34,1018.1,6.67,83.18,9.2,1.85,1.78
2025-02-20 09:00:00,00,2.26,1017.53,6.38,85.61,9.24,1.58,1.52
2025-02-20 10:00:00,00,1.97,1017.03,6.0,90.24,9.06,1.22,1.29
2025-02-20 11:00:00,00,1.47,1016.68,5.61,95.07,8.6,0.84,0.83
2025-02-20 12:00:00,00,1.28,1017.06,5.15,103.81,7.72,0.53,0.64
2025-02-20 13:00:00,00,1.81,1017.3,5.11,107.29,7.97,0.37,0.5
2025-02-20 14:00:00,00,2.32,1017.95,5.11,114.7,7.32,0.39,0.54
2025-02-20 15:00:00,00,2.82,1018.29,5.74,121.32,7.22,0.56,0.73
2025-02-20 16:00:00,00,3.05,1018.49,5.85,126.92,7.22,0.85,1.05
2025-02-20 17:00:00,00,3.2,1018.06,5.84,125.65,6.78,1.18,1.28
2025-02-20 18:00:00,00,3.27,1017.62,5.7,130.66,7.16,1.46,1.55
2025-02-20 19:00:00,00,3.24,1017.4,5.95,133.71,7.86,1.58,1.68
2025-02-20 20:00:00,00,3.24,1017.95,6.36,137.57,8.74,1.5,1.5
2025-02-20 21:00:00,00,3.09,1018.27,5.8,140.94,9.24,1.27,1.27
2025-02-20 22:00:00,00,2.55,1018.58,5.24,144.6,9.13,0.97,0.96
2025-02-20 23:00:00,00,2.04,1019.82,6.71,143.03,10.12,0.63,0.63
2025-02-20 06:00:00,06,2.25,1019.39,6.87,84.56,9.81,1.91,1.79
2025-02-20 07:00:00,06,2.21,1018.56,7.18,87.18,10.02,1.99,2.01
2025-02-20 08:00:00,06,2.09,1018.15,6.83,88.77,9.71,1.85,2.0
2025-02-20 09:00:00,06,2.06,1017.61,6.58,92.47,9.72,1.58,1.82
2025-02-20 10:00:00,06,1.86,1017.12,6.17,92.62,9.49,1.22,1.57
2025-02-20 11:00:00,06,1.37,1016.87,5.81,94.82,9.29,0.84,1.19
2025-02-20 12:00:00,06,1.2,1017.32,5.39,99.45,8.43,0.53,0.97
2025-02-20 13:00:00,06,1.63,1017.59,5.43,99.54,8.49,0.37,0.8
2025-02-20 14:00:00,06,2.33,1018.2,5.41,108.48,7.76,0.39,0.81
2025-02-20 15:00:00,06,2.63,1018.74,5.95,121.49,7.54,0.56,0.98
2025-02-20 16:00:00,06,2.83,1018.87,5.89,127.74,7.23,0.85,1.16
2025-02-20 17:00:00,06,3.07,1018.41,6.08,123.26,7.02,1.18,1.49
2025-02-20 18:00:00,06,3.06,1018.0,6.28,129.3,7.65,1.46,1.66
2025-02-20 19:00:00,06,2.97,1017.72,6.34,132.2,8.36,1.58,1.78
2025-02-20 20:00:00,06,2.86,1018.2,6.56,138.69,9.36,1.5,1.59
2025-02-20 21:00:00,06,2.79,1018.72,6.65,142.06,10.1,1.27,1.36
2025-02-20 22:00:00,06,2.34,1019.04,5.69,145.75,9.91,0.97,1.05
2025-02-20 23:00:00,06,1.76,1020.02,6.66,147.32,10.32,0.63,0.71
2025-02-21 00:00:00,06,1.96,1021.17,7.6,132.01,11.84,0.34,0.32
2025-02-21 01:00:00,06,1.63,1022.12,8.14,135.57,12.42,0.21,0.08
2025-02-21 02:00:00,06,1.29,1022.87,8.11,139.01,12.91,0.26,0.14
2025-02-21 03:00:00,06,1.08,1023.47,7.71,144.01,13.11,0.49,0.37
2025-02-21 04:00:00,06,0.77,1023.79,7.61,151.08,13.0,0.86,0.74
2025-02-21 05:00:00,06,0.57,1023.99,7.55,152.72,13.11,1.28,1.15
2025-02-20 12:00:00,12,1.3,1017.46,5.44,97.96,8.45,0.53,1.1
2025-02-20 13:00:00,12,1.82,1017.66,5.44,95.99,8.47,0.37,1.11
2025-02-20 14:00:00,12,2.32,1018.3,5.36,105.92,7.54,0.39,1.08
2025-02-20 15:00:00,12,2.82,1018.9,5.71,119.68,7.22,0.56,1.28
2025-02-20 16:00:00,12,2.96,1019.02,5.77,128.42,7.11,0.85,1.5
2025-02-20 17:00:00,12,3.07,1018.49,5.93,126.64,6.97,1.18,1.81
2025-02-20 18:00:00,12,3.17,1017.97,6.07,132.95,7.6,1.46,1.98
2025-02-20 19:00:00,12,3.07,1017.61,6.24,137.53,8.43,1.58,1.99
2025-02-20 20:00:00,12,2.97,1017.94,6.66,142.18,9.36,1.5,1.79
2025-02-20 21:00:00,12,2.79,1018.49,6.79,143.86,10.41,1.27,1.55
2025-02-20 22:00:00,12,2.35,1018.92,5.93,146.0,10.24,0.97,1.23
2025-02-20 23:00:00,12,2.03,1020.18,6.91,143.93,10.62,0.63,0.88
2025-02-21 00:00:00,12,2.05,1021.28,7.64,130.32,12.01,0.34,0.58
2025-02-21 01:00:00,12,1.62,1022.23,7.88,134.76,12.43,0.21,0.33
2025-02-21 02:00:00,12,1.24,1022.92,7.75,139.31,12.91,0.26,0.37
2025-02-21 03:00:00,12,0.94,1023.49,7.53,145.43,13.01,0.49,0.49
2025-02-21 04:00:00,12,0.73,1023.64,7.94,149.67,12.96,0.86,0.84
2025-02-21 05:00:00,12,0.42,1023.76,7.73,149.14,13.13,1.28,1.16
2025-02-21 06:00:00,12,0.46,1024.35,7.47,149.62,13.01,1.66,1.54
2025-02-21 07:00:00,12,0.45,1025.04,7.2,152.5,12.85,1.9,1.78
2025-02-21 08:00:00,12,0.35,1025.33,6.88,153.52,12.61,1.94,1.83
2025-02-21 09:00:00,12,0.27,1026.19,6.84,152.01,12.73,1.81,1.69
2025-02-21 10:00:00,12,0.28,1026.8,6.73,146.58,12.24,1.57,1.45
2025-02-21 11:00:00,12,0.17,1027.52,6.33,144.59,11.64,1.24,1.22
2025-02-20 18:00:00,18,2.97,1018.14,6.22,132.62,7.73,1.46,1.89
2025-02-20 19:00:00,18,2.97,1017.81,6.53,137.45,8.81,1.58,1.93
2025-02-20 20:00:00,18,2.94,1018.14,6.92,142.53,9.76,1.5,1.87
2025-02-20 21:00:00,18,2.65,1018.68,6.97,146.28,10.63,1.27,1.64
2025-02-20 22:00:00,18,2.19,1019.17,6.27,147.94,10.22,0.97,1.39
2025-02-20 23:00:00,18,2.07,1020.46,6.85,143.5,10.72,0.63,1.04
2025-02-21 00:00:00,18,2.12,1021.68,7.75,128.0,11.83,0.34,0.64
2025-02-21 01:00:00,18,1.45,1022.62,7.77,133.19,12.32,0.21,0.49
2025-02-21 02:00:00,18,1.15,1023.43,7.77,138.66,12.71,0.26,0.53
2025-02-21 03:00:00,18,0.89,1023.91,7.59,144.95,12.81,0.49,0.76
2025-02-21 04:00:00,18,0.55,1024.06,7.93,149.89,12.84,0.86,1.01
2025-02-21 05:00:00,18,0.32,1024.1,7.79,148.94,13.08,1.28,1.31
2025-02-21 06:00:00,18,0.16,1024.72,7.29,152.49,13.0,1.66,1.68
2025-02-21 07:00:00,18,0.05,1025.4,6.83,156.54,12.45,1.9,1.91
2025-02-21 08:00:00,18,-0.04,1025.64,6.59,156.62,12.41,1.94,1.95
2025-02-21 09:00:00,18,-0.02,1026.47,6.53,154.83,12.36,1.81,1.8
2025-02-21 10:00:00,18,-0.12,1026.97,6.4,149.9,11.91,1.57,1.64
2025-02-21 11:00:00,18,-0.13,1027.66,6.38,144.85,11.95,1.24,1.22
2025-02-21 12:00:00,18,-0.02,1028.4,6.56,137.64,12.14,0.88,0.85
2025-02-21 13:00:00,18,1.04,1029.32,6.59,133.09,12.76,0.58,0.66
2025-02-21 14:00:00,18,1.89,1029.75,6.57,130.37,12.7,0.43,0.5
2025-02-21 15:00:00,18,2.69,1029.81,6.62,127.82,11.31,0.43,0.51
2025-02-21 16:00:00,18,3.18,1029.71,6.45,128.66,10.22,0.6,0.77
2025-02-21 17:00:00,18,3.51,1029.57,6.07,135.27,9.46,0.87,1.05
